#ClusterIdx	#Filename	#SpecIdx	#Scan	#ParentMass	#Charge	#RetTime	#PrecIntensity
1	input_spectra/5-B2R09.mzML	0	0	110.008469899495	1	6331.2	0.0
1	input_spectra/5-B2R09.mzML	1	0	110.008469899495	1	6342.72	0.0
1	input_spectra/5-B2R09.mzML	2	0	110.008469899495	1	6382.08	0.0
1	input_spectra/5-B2R09.mzML	3	0	110.008469899495	1	6393.54	0.0
11	input_spectra/5-B2R09.mzML	4	0	125.985860188802	1	6405.06	0.0
11	input_spectra/5-B2R09.mzML	5	0	125.985860188802	1	6416.5199999999995	0.0
43	input_spectra/5-B2R09.mzML	6	0	151.034818013509	1	6427.98	0.0
43	input_spectra/5-B2R09.mzML	7	0	151.034818013509	1	6439.44	0.0
1	input_spectra/5-B2R09.mzML	8	0	110.008469899495	1	6478.86	0.0
1	input_spectra/5-B2R09.mzML	9	0	110.008469899495	1	6490.32	0.0
11	input_spectra/5-B2R09.mzML	10	0	125.985860188802	1	6501.78	0.0
11	input_spectra/5-B2R09.mzML	11	0	125.985860188802	1	6513.3	0.0
43	input_spectra/5-B2R09.mzML	12	0	151.034818013509	1	6524.759999999999	0.0
43	input_spectra/5-B2R09.mzML	13	0	151.034818013509	1	6536.22	0.0
90	input_spectra/5-B2R09.mzML	14	0	223.988220214844	1	6547.740000000001	0.0
90	input_spectra/5-B2R09.mzML	15	0	223.988220214844	1	6559.2	0.0
76	input_spectra/5-B2R09.mzML	16	0	198.939437866211	1	6570.66	0.0
76	input_spectra/5-B2R09.mzML	17	0	198.939437866211	1	6582.18	0.0
11	input_spectra/5-B2R09.mzML	18	0	125.985860188802	1	6621.54	0.0
11	input_spectra/5-B2R09.mzML	19	0	125.985860188802	1	6633.0	0.0
76	input_spectra/5-B2R09.mzML	20	0	198.939437866211	1	6644.52	0.0
76	input_spectra/5-B2R09.mzML	21	0	198.939437866211	1	6655.9800000000005	0.0
43	input_spectra/5-B2R09.mzML	22	0	151.034818013509	1	6667.44	0.0
43	input_spectra/5-B2R09.mzML	23	0	151.034818013509	1	6678.96	0.0
90	input_spectra/5-B2R09.mzML	24	0	223.988220214844	1	6690.42	0.0
90	input_spectra/5-B2R09.mzML	25	0	223.988220214844	1	6701.94	0.0
63	input_spectra/5-B2R09.mzML	26	0	182.962041219076	1	6713.4	0.0
64	input_spectra/5-B2R09.mzML	27	0	182.962041219076	1	6724.860000000001	0.0
76	input_spectra/5-B2R09.mzML	28	0	198.939437866211	1	6764.28	0.0
76	input_spectra/5-B2R09.mzML	29	0	198.939437866211	1	6775.8	0.0
90	input_spectra/5-B2R09.mzML	30	0	223.988220214844	1	6787.259999999999	0.0
90	input_spectra/5-B2R09.mzML	31	0	223.988220214844	1	6798.78	0.0
63	input_spectra/5-B2R09.mzML	32	0	182.962041219076	1	6810.240000000001	0.0
64	input_spectra/5-B2R09.mzML	33	0	182.962041219076	1	6821.7	0.0
103	input_spectra/5-B2R09.mzML	34	0	239.96576944987	1	6833.22	0.0
103	input_spectra/5-B2R09.mzML	35	0	239.96576944987	1	6844.68	0.0
85	input_spectra/5-B2R09.mzML	36	0	214.91677347819	1	6856.2	0.0
85	input_spectra/5-B2R09.mzML	37	0	214.91677347819	1	6867.66	0.0
63	input_spectra/5-B2R09.mzML	38	0	182.962041219076	1	6907.02	0.0
64	input_spectra/5-B2R09.mzML	39	0	182.962041219076	1	6918.54	0.0
103	input_spectra/5-B2R09.mzML	40	0	239.96576944987	1	6930.0	0.0
103	input_spectra/5-B2R09.mzML	41	0	239.96576944987	1	6941.5199999999995	0.0
85	input_spectra/5-B2R09.mzML	42	0	214.91677347819	1	6952.98	0.0
85	input_spectra/5-B2R09.mzML	43	0	214.91677347819	1	6964.44	0.0
114	input_spectra/5-B2R09.mzML	44	0	265.014465332031	1	6975.96	0.0
114	input_spectra/5-B2R09.mzML	45	0	265.014465332031	1	6987.42	0.0
103	input_spectra/5-B2R09.mzML	46	0	239.96576944987	1	7026.84	0.0
103	input_spectra/5-B2R09.mzML	47	0	239.96576944987	1	7038.3	0.0
85	input_spectra/5-B2R09.mzML	48	0	214.91677347819	1	7049.759999999999	0.0
85	input_spectra/5-B2R09.mzML	49	0	214.91677347819	1	7061.28	0.0
114	input_spectra/5-B2R09.mzML	50	0	265.014465332031	1	7072.740000000001	0.0
114	input_spectra/5-B2R09.mzML	51	0	265.014465332031	1	7084.26	0.0
114	input_spectra/5-B2R09.mzML	52	0	265.014465332031	1	7123.62	0.0
114	input_spectra/5-B2R09.mzML	53	0	265.014465332031	1	7135.08	0.0
1	input_spectra/5-B2R09.mzML	54	0	110.008469899495	1	7487.099999999999	0.0
1	input_spectra/5-B2R09.mzML	55	0	110.008469899495	1	7498.5599999999995	0.0
1	input_spectra/5-B2R09.mzML	56	0	110.008469899495	1	7537.98	0.0
1	input_spectra/5-B2R09.mzML	57	0	110.008469899495	1	7549.44	0.0
1	input_spectra/5-B2R09.mzML	58	0	110.008469899495	1	7588.8	0.0
1	input_spectra/5-B2R09.mzML	59	0	110.008469899495	1	7600.26	0.0
11	input_spectra/5-B2R09.mzML	60	0	125.985860188802	1	7611.78	0.0
11	input_spectra/5-B2R09.mzML	61	0	125.985860188802	1	7623.24	0.0
43	input_spectra/5-B2R09.mzML	62	0	151.034818013509	1	7634.700000000001	0.0
43	input_spectra/5-B2R09.mzML	63	0	151.034818013509	1	7646.22	0.0
11	input_spectra/5-B2R09.mzML	64	0	125.985860188802	1	7685.579999999999	0.0
11	input_spectra/5-B2R09.mzML	65	0	125.985860188802	1	7697.039999999999	0.0
43	input_spectra/5-B2R09.mzML	66	0	151.034818013509	1	7708.5599999999995	0.0
43	input_spectra/5-B2R09.mzML	67	0	151.034818013509	1	7720.02	0.0
76	input_spectra/5-B2R09.mzML	68	0	198.939437866211	1	7759.38	0.0
76	input_spectra/5-B2R09.mzML	69	0	198.939437866211	1	7770.9	0.0
90	input_spectra/5-B2R09.mzML	70	0	223.988220214844	1	7782.36	0.0
90	input_spectra/5-B2R09.mzML	71	0	223.988220214844	1	7793.88	0.0
11	input_spectra/5-B2R09.mzML	72	0	125.985860188802	1	7805.34	0.0
11	input_spectra/5-B2R09.mzML	73	0	125.985860188802	1	7816.8	0.0
43	input_spectra/5-B2R09.mzML	74	0	151.034818013509	1	7828.26	0.0
43	input_spectra/5-B2R09.mzML	75	0	151.034818013509	1	7839.780000000001	0.0
76	input_spectra/5-B2R09.mzML	76	0	198.939437866211	1	7879.139999999999	0.0
76	input_spectra/5-B2R09.mzML	77	0	198.939437866211	1	7890.599999999999	0.0
20	input_spectra/5-B2R09.mzML	78	0	130.085698445638	1	9000.12	0.0
20	input_spectra/5-B2R09.mzML	79	0	130.085698445638	1	9011.58	0.0
20	input_spectra/5-B2R09.mzML	80	0	130.085698445638	1	9050.939999999999	0.0
20	input_spectra/5-B2R09.mzML	81	0	130.085698445638	1	9062.4	0.0
20	input_spectra/5-B2R09.mzML	82	0	130.085698445638	1	9101.82	0.0
20	input_spectra/5-B2R09.mzML	83	0	130.085698445638	1	9113.28	0.0
77	input_spectra/5-B2R09.mzML	84	0	202.179311116536	1	9176.699999999999	0.0
77	input_spectra/5-B2R09.mzML	85	0	202.179311116536	1	9227.58	0.0
78	input_spectra/5-B2R09.mzML	86	0	202.179311116536	1	9239.04	0.0
77	input_spectra/5-B2R09.mzML	87	0	202.179311116536	1	9278.4	0.0
78	input_spectra/5-B2R09.mzML	88	0	202.179311116536	1	9289.859999999999	0.0
98	input_spectra/5-B2R09.mzML	89	0	235.11833190918	1	9301.38	0.0
98	input_spectra/5-B2R09.mzML	90	0	235.11833190918	1	9312.84	0.0
98	input_spectra/5-B2R09.mzML	91	0	235.11833190918	1	9352.2	0.0
98	input_spectra/5-B2R09.mzML	92	0	235.11833190918	1	9363.66	0.0
98	input_spectra/5-B2R09.mzML	93	0	235.11833190918	1	9403.02	0.0
98	input_spectra/5-B2R09.mzML	94	0	235.11833190918	1	9414.539999999999	0.0
91	input_spectra/5-B2R09.mzML	95	0	226.154067993164	1	9453.9	0.0
91	input_spectra/5-B2R09.mzML	96	0	226.154067993164	1	9465.36	0.0
14	input_spectra/5-B2R09.mzML	97	0	129.065322875977	1	9476.880000000001	0.0
14	input_spectra/5-B2R09.mzML	98	0	129.065322875977	1	9488.34	0.0
48	input_spectra/5-B2R09.mzML	99	0	158.091883341471	1	9527.640000000001	0.0
48	input_spectra/5-B2R09.mzML	100	0	158.091883341471	1	9539.16	0.0
14	input_spectra/5-B2R09.mzML	101	0	129.065322875977	1	9550.619999999999	0.0
14	input_spectra/5-B2R09.mzML	102	0	129.065322875977	1	9562.08	0.0
91	input_spectra/5-B2R09.mzML	103	0	226.154067993164	1	9573.6	0.0
91	input_spectra/5-B2R09.mzML	104	0	226.154067993164	1	9585.06	0.0
48	input_spectra/5-B2R09.mzML	105	0	158.091883341471	1	9624.42	0.0
48	input_spectra/5-B2R09.mzML	106	0	158.091883341471	1	9635.939999999999	0.0
48	input_spectra/5-B2R09.mzML	107	0	158.091883341471	1	9675.3	0.0
48	input_spectra/5-B2R09.mzML	108	0	158.091883341471	1	9686.82	0.0
15	input_spectra/5-B2R09.mzML	109	0	130.049447631836	1	10147.019999999999	0.0
16	input_spectra/5-B2R09.mzML	110	0	130.049447631836	1	10158.48	0.0
15	input_spectra/5-B2R09.mzML	111	0	130.049447631836	1	10209.84	0.0
16	input_spectra/5-B2R09.mzML	112	0	130.049447631836	1	10221.3	0.0
15	input_spectra/5-B2R09.mzML	113	0	130.049447631836	1	10260.66	0.0
16	input_spectra/5-B2R09.mzML	114	0	130.049447631836	1	10272.18	0.0
48	input_spectra/5-B2R09.mzML	115	0	158.091883341471	1	10732.38	0.0
48	input_spectra/5-B2R09.mzML	116	0	158.091883341471	1	10743.84	0.0
48	input_spectra/5-B2R09.mzML	117	0	158.091883341471	1	10783.2	0.0
48	input_spectra/5-B2R09.mzML	118	0	158.091883341471	1	10794.66	0.0
48	input_spectra/5-B2R09.mzML	119	0	158.091883341471	1	10834.02	0.0
48	input_spectra/5-B2R09.mzML	120	0	158.091883341471	1	10845.539999999999	0.0
91	input_spectra/5-B2R09.mzML	121	0	226.154067993164	1	11450.04	0.0
91	input_spectra/5-B2R09.mzML	122	0	226.154067993164	1	11461.5	0.0
216	input_spectra/5-B2R09.mzML	123	0	526.260437011719	1	11500.86	0.0
216	input_spectra/5-B2R09.mzML	124	0	526.260437011719	1	11512.38	0.0
216	input_spectra/5-B2R09.mzML	125	0	526.260437011719	1	11551.74	0.0
216	input_spectra/5-B2R09.mzML	126	0	526.260437011719	1	11563.26	0.0
15	input_spectra/5-B2R09.mzML	127	0	130.049447631836	1	11574.78	0.0
17	input_spectra/5-B2R09.mzML	128	0	130.049447631836	1	11586.240000000002	0.0
115	input_spectra/5-B2R09.mzML	129	0	268.103719075521	1	11625.66	0.0
115	input_spectra/5-B2R09.mzML	130	0	268.103719075521	1	11637.119999999999	0.0
15	input_spectra/5-B2R09.mzML	131	0	130.049447631836	1	11648.58	0.0
17	input_spectra/5-B2R09.mzML	132	0	130.049447631836	1	11660.1	0.0
25	input_spectra/5-B2R09.mzML	133	0	132.101603190104	1	11694.720000000001	0.0
26	input_spectra/5-B2R09.mzML	134	0	132.101603190104	1	11706.240000000002	0.0
216	input_spectra/5-B2R09.mzML	135	0	526.260437011719	1	11717.76	0.0
216	input_spectra/5-B2R09.mzML	136	0	526.260437011719	1	11729.28	0.0
115	input_spectra/5-B2R09.mzML	137	0	268.103719075521	1	11768.64	0.0
115	input_spectra/5-B2R09.mzML	138	0	268.103719075521	1	11780.16	0.0
29	input_spectra/5-B2R09.mzML	139	0	136.061431884766	1	11791.619999999999	0.0
29	input_spectra/5-B2R09.mzML	140	0	136.061431884766	1	11803.14	0.0
25	input_spectra/5-B2R09.mzML	141	0	132.101603190104	1	11814.6	0.0
27	input_spectra/5-B2R09.mzML	142	0	132.101603190104	1	11826.06	0.0
66	input_spectra/5-B2R09.mzML	143	0	185.091293334961	1	11837.52	0.0
66	input_spectra/5-B2R09.mzML	144	0	185.091293334961	1	11849.04	0.0
115	input_spectra/5-B2R09.mzML	145	0	268.103719075521	1	11911.5	0.0
115	input_spectra/5-B2R09.mzML	146	0	268.103719075521	1	11922.960000000001	0.0
25	input_spectra/5-B2R09.mzML	147	0	132.101603190104	1	11934.48	0.0
27	input_spectra/5-B2R09.mzML	148	0	132.101603190104	1	11945.939999999999	0.0
45	input_spectra/5-B2R09.mzML	149	0	155.080993652344	1	11957.4	0.0
45	input_spectra/5-B2R09.mzML	150	0	155.080993652344	1	11968.86	0.0
106	input_spectra/5-B2R09.mzML	151	0	254.160316467285	1	11980.380000000001	0.0
107	input_spectra/5-B2R09.mzML	152	0	254.160316467285	1	11991.84	0.0
9	input_spectra/5-B2R09.mzML	153	0	121.064407348633	1	12003.36	0.0
9	input_spectra/5-B2R09.mzML	154	0	121.064407348633	1	12014.820000000002	0.0
45	input_spectra/5-B2R09.mzML	155	0	155.080993652344	1	12054.18	0.0
45	input_spectra/5-B2R09.mzML	156	0	155.080993652344	1	12065.7	0.0
9	input_spectra/5-B2R09.mzML	157	0	121.064407348633	1	12077.16	0.0
9	input_spectra/5-B2R09.mzML	158	0	121.064407348633	1	12088.62	0.0
33	input_spectra/5-B2R09.mzML	159	0	138.090744018555	1	12100.08	0.0
34	input_spectra/5-B2R09.mzML	160	0	138.090744018555	1	12111.6	0.0
62	input_spectra/5-B2R09.mzML	161	0	182.080642700195	1	12123.06	0.0
62	input_spectra/5-B2R09.mzML	162	0	182.080642700195	1	12134.519999999999	0.0
106	input_spectra/5-B2R09.mzML	163	0	254.160316467285	1	12146.039999999999	0.0
107	input_spectra/5-B2R09.mzML	164	0	254.160316467285	1	12157.5	0.0
45	input_spectra/5-B2R09.mzML	165	0	155.080993652344	1	12196.92	0.0
45	input_spectra/5-B2R09.mzML	166	0	155.080993652344	1	12208.380000000001	0.0
9	input_spectra/5-B2R09.mzML	167	0	121.064407348633	1	12219.84	0.0
9	input_spectra/5-B2R09.mzML	168	0	121.064407348633	1	12231.3	0.0
62	input_spectra/5-B2R09.mzML	169	0	182.080642700195	1	12242.82	0.0
62	input_spectra/5-B2R09.mzML	170	0	182.080642700195	1	12254.28	0.0
33	input_spectra/5-B2R09.mzML	171	0	138.090744018555	1	12265.74	0.0
34	input_spectra/5-B2R09.mzML	172	0	138.090744018555	1	12277.26	0.0
30	input_spectra/5-B2R09.mzML	173	0	136.075134277344	1	12288.720000000001	0.0
30	input_spectra/5-B2R09.mzML	174	0	136.075134277344	1	12300.179999999998	0.0
62	input_spectra/5-B2R09.mzML	175	0	182.080642700195	1	12339.6	0.0
62	input_spectra/5-B2R09.mzML	176	0	182.080642700195	1	12351.06	0.0
30	input_spectra/5-B2R09.mzML	177	0	136.075134277344	1	12362.52	0.0
30	input_spectra/5-B2R09.mzML	178	0	136.075134277344	1	12373.98	0.0
50	input_spectra/5-B2R09.mzML	179	0	165.054011027018	1	12385.5	0.0
51	input_spectra/5-B2R09.mzML	180	0	165.054011027018	1	12396.960000000001	0.0
33	input_spectra/5-B2R09.mzML	181	0	138.090744018555	1	12408.42	0.0
34	input_spectra/5-B2R09.mzML	182	0	138.090744018555	1	12419.94	0.0
30	input_spectra/5-B2R09.mzML	183	0	136.075134277344	1	12459.3	0.0
30	input_spectra/5-B2R09.mzML	184	0	136.075134277344	1	12470.76	0.0
50	input_spectra/5-B2R09.mzML	185	0	165.054011027018	1	12482.28	0.0
51	input_spectra/5-B2R09.mzML	186	0	165.054011027018	1	12493.740000000002	0.0
59	input_spectra/5-B2R09.mzML	187	0	174.054270426432	1	12505.199999999999	0.0
60	input_spectra/5-B2R09.mzML	188	0	174.054270426432	1	12516.72	0.0
44	input_spectra/5-B2R09.mzML	189	0	152.056086222331	1	12528.18	0.0
44	input_spectra/5-B2R09.mzML	190	0	152.056086222331	1	12539.64	0.0
10	input_spectra/5-B2R09.mzML	191	0	123.043571472168	1	12551.1	0.0
10	input_spectra/5-B2R09.mzML	192	0	123.043571472168	1	12562.62	0.0
50	input_spectra/5-B2R09.mzML	193	0	165.054011027018	1	12601.98	0.0
51	input_spectra/5-B2R09.mzML	194	0	165.054011027018	1	12613.439999999999	0.0
59	input_spectra/5-B2R09.mzML	195	0	174.054270426432	1	12624.9	0.0
60	input_spectra/5-B2R09.mzML	196	0	174.054270426432	1	12636.42	0.0
99	input_spectra/5-B2R09.mzML	197	0	237.086161295573	1	12647.880000000001	0.0
100	input_spectra/5-B2R09.mzML	198	0	237.086161295573	1	12659.400000000001	0.0
10	input_spectra/5-B2R09.mzML	199	0	123.043571472168	1	12670.86	0.0
10	input_spectra/5-B2R09.mzML	200	0	123.043571472168	1	12682.320000000002	0.0
59	input_spectra/5-B2R09.mzML	201	0	174.054270426432	1	12721.68	0.0
99	input_spectra/5-B2R09.mzML	202	0	237.086161295573	1	12744.66	0.0
100	input_spectra/5-B2R09.mzML	203	0	237.086161295573	1	12756.18	0.0
31	input_spectra/5-B2R09.mzML	204	0	137.045277913411	1	12767.640000000001	0.0
32	input_spectra/5-B2R09.mzML	205	0	137.045277913411	1	12779.1	0.0
31	input_spectra/5-B2R09.mzML	206	0	137.045277913411	1	12818.52	0.0
32	input_spectra/5-B2R09.mzML	207	0	137.045277913411	1	12829.98	0.0
99	input_spectra/5-B2R09.mzML	208	0	237.086161295573	1	12841.5	0.0
116	input_spectra/5-B2R09.mzML	209	0	269.087168375651	1	12864.48	0.0
116	input_spectra/5-B2R09.mzML	210	0	269.087168375651	1	12875.939999999999	0.0
31	input_spectra/5-B2R09.mzML	211	0	137.045277913411	1	12915.36	0.0
32	input_spectra/5-B2R09.mzML	212	0	137.045277913411	1	12926.82	0.0
36	input_spectra/5-B2R09.mzML	213	0	144.065007527669	1	12938.28	0.0
37	input_spectra/5-B2R09.mzML	214	0	144.065007527669	1	12949.800000000001	0.0
116	input_spectra/5-B2R09.mzML	215	0	269.087168375651	1	12961.259999999998	0.0
116	input_spectra/5-B2R09.mzML	216	0	269.087168375651	1	12972.779999999999	0.0
36	input_spectra/5-B2R09.mzML	217	0	144.065007527669	1	13012.14	0.0
37	input_spectra/5-B2R09.mzML	218	0	144.065007527669	1	13023.6	0.0
44	input_spectra/5-B2R09.mzML	219	0	152.056086222331	1	13035.12	0.0
44	input_spectra/5-B2R09.mzML	220	0	152.056086222331	1	13046.58	0.0
121	input_spectra/5-B2R09.mzML	221	0	284.098114013672	1	13058.099999999999	0.0
122	input_spectra/5-B2R09.mzML	222	0	284.098114013672	1	13069.56	0.0
116	input_spectra/5-B2R09.mzML	223	0	269.087168375651	1	13081.08	0.0
116	input_spectra/5-B2R09.mzML	224	0	269.087168375651	1	13092.54	0.0
44	input_spectra/5-B2R09.mzML	225	0	152.056086222331	1	13131.900000000001	0.0
44	input_spectra/5-B2R09.mzML	226	0	152.056086222331	1	13143.36	0.0
121	input_spectra/5-B2R09.mzML	227	0	284.098114013672	1	13154.88	0.0
122	input_spectra/5-B2R09.mzML	228	0	284.098114013672	1	13166.4	0.0
36	input_spectra/5-B2R09.mzML	229	0	144.065007527669	1	13177.86	0.0
37	input_spectra/5-B2R09.mzML	230	0	144.065007527669	1	13189.32	0.0
121	input_spectra/5-B2R09.mzML	231	0	284.098114013672	1	13228.740000000002	0.0
122	input_spectra/5-B2R09.mzML	232	0	284.098114013672	1	13240.199999999999	0.0
45	input_spectra/5-B2R09.mzML	233	0	155.080993652344	1	13251.72	0.0
45	input_spectra/5-B2R09.mzML	234	0	155.080993652344	1	13263.18	0.0
45	input_spectra/5-B2R09.mzML	235	0	155.080993652344	1	13302.54	0.0
45	input_spectra/5-B2R09.mzML	236	0	155.080993652344	1	13314.060000000001	0.0
45	input_spectra/5-B2R09.mzML	237	0	155.080993652344	1	13353.42	0.0
45	input_spectra/5-B2R09.mzML	238	0	155.080993652344	1	13364.88	0.0
88	input_spectra/5-B2R09.mzML	239	0	221.091318766276	1	13404.24	0.0
89	input_spectra/5-B2R09.mzML	240	0	221.091318766276	1	13415.7	0.0
88	input_spectra/5-B2R09.mzML	241	0	221.091318766276	1	13455.06	0.0
89	input_spectra/5-B2R09.mzML	242	0	221.091318766276	1	13466.58	0.0
88	input_spectra/5-B2R09.mzML	243	0	221.091318766276	1	13505.939999999999	0.0
89	input_spectra/5-B2R09.mzML	244	0	221.091318766276	1	13517.4	0.0
128	input_spectra/5-B2R09.mzML	245	0	287.122741699219	1	13528.92	0.0
128	input_spectra/5-B2R09.mzML	246	0	287.122741699219	1	13540.44	0.0
128	input_spectra/5-B2R09.mzML	247	0	287.122741699219	1	13579.800000000001	0.0
128	input_spectra/5-B2R09.mzML	248	0	287.122741699219	1	13591.259999999998	0.0
128	input_spectra/5-B2R09.mzML	249	0	287.122741699219	1	13630.619999999999	0.0
128	input_spectra/5-B2R09.mzML	250	0	287.122741699219	1	13642.14	0.0
129	input_spectra/5-B2R09.mzML	251	0	290.133819580078	1	13665.12	0.0
129	input_spectra/5-B2R09.mzML	252	0	290.133819580078	1	13704.48	0.0
129	input_spectra/5-B2R09.mzML	253	0	290.133819580078	1	13715.939999999999	0.0
129	input_spectra/5-B2R09.mzML	254	0	290.133819580078	1	13755.3	0.0
129	input_spectra/5-B2R09.mzML	255	0	290.133819580078	1	13766.82	0.0
24	input_spectra/5-B2R09.mzML	256	0	131.929298400879	1	13842.24	0.0
24	input_spectra/5-B2R09.mzML	257	0	131.929298400879	1	13853.7	0.0
24	input_spectra/5-B2R09.mzML	258	0	131.929298400879	1	14097.48	0.0
24	input_spectra/5-B2R09.mzML	259	0	131.929298400879	1	14109.0	0.0
36	input_spectra/5-B2R09.mzML	260	0	144.065007527669	1	14148.300000000001	0.0
37	input_spectra/5-B2R09.mzML	261	0	144.065007527669	1	14159.820000000002	0.0
44	input_spectra/5-B2R09.mzML	262	0	152.056086222331	1	14171.279999999999	0.0
44	input_spectra/5-B2R09.mzML	263	0	152.056086222331	1	14182.74	0.0
36	input_spectra/5-B2R09.mzML	264	0	144.065007527669	1	14222.16	0.0
37	input_spectra/5-B2R09.mzML	265	0	144.065007527669	1	14233.62	0.0
44	input_spectra/5-B2R09.mzML	266	0	152.056086222331	1	14245.08	0.0
44	input_spectra/5-B2R09.mzML	267	0	152.056086222331	1	14256.6	0.0
36	input_spectra/5-B2R09.mzML	268	0	144.065007527669	1	14295.96	0.0
37	input_spectra/5-B2R09.mzML	269	0	144.065007527669	1	14307.42	0.0
44	input_spectra/5-B2R09.mzML	270	0	152.056086222331	1	14318.88	0.0
44	input_spectra/5-B2R09.mzML	271	0	152.056086222331	1	14330.4	0.0
24	input_spectra/5-B2R09.mzML	272	0	131.929298400879	1	14341.86	0.0
24	input_spectra/5-B2R09.mzML	273	0	131.929298400879	1	14353.32	0.0
45	input_spectra/5-B2R09.mzML	274	0	155.080993652344	1	14416.74	0.0
45	input_spectra/5-B2R09.mzML	275	0	155.080993652344	1	14428.2	0.0
45	input_spectra/5-B2R09.mzML	276	0	155.080993652344	1	14491.68	0.0
45	input_spectra/5-B2R09.mzML	277	0	155.080993652344	1	14503.14	0.0
45	input_spectra/5-B2R09.mzML	278	0	155.080993652344	1	14578.62	0.0
45	input_spectra/5-B2R09.mzML	279	0	155.080993652344	1	14590.08	0.0
82	input_spectra/5-B2R09.mzML	280	0	211.107126871745	1	14725.68	0.0
82	input_spectra/5-B2R09.mzML	281	0	211.107126871745	1	14776.5	0.0
83	input_spectra/5-B2R09.mzML	282	0	211.107126871745	1	14787.960000000001	0.0
82	input_spectra/5-B2R09.mzML	283	0	211.107126871745	1	14827.320000000002	0.0
83	input_spectra/5-B2R09.mzML	284	0	211.107126871745	1	14838.84	0.0
160	input_spectra/5-B2R09.mzML	285	0	359.191253662109	1	14901.12	0.0
160	input_spectra/5-B2R09.mzML	286	0	359.191253662109	1	14912.640000000001	0.0
160	input_spectra/5-B2R09.mzML	287	0	359.191253662109	1	14974.92	0.0
160	input_spectra/5-B2R09.mzML	288	0	359.191253662109	1	14986.44	0.0
138	input_spectra/5-B2R09.mzML	289	0	317.180745442708	1	15048.779999999999	0.0
138	input_spectra/5-B2R09.mzML	290	0	317.180745442708	1	15060.3	0.0
160	input_spectra/5-B2R09.mzML	291	0	359.191253662109	1	15071.76	0.0
160	input_spectra/5-B2R09.mzML	292	0	359.191253662109	1	15083.28	0.0
138	input_spectra/5-B2R09.mzML	293	0	317.180745442708	1	15122.640000000001	0.0
138	input_spectra/5-B2R09.mzML	294	0	317.180745442708	1	15173.52	0.0
138	input_spectra/5-B2R09.mzML	295	0	317.180745442708	1	15185.04	0.0
46	input_spectra/5-B2R09.mzML	296	0	157.096557617188	1	15196.5	0.0
47	input_spectra/5-B2R09.mzML	297	0	157.096557617188	1	15208.02	0.0
46	input_spectra/5-B2R09.mzML	298	0	157.096557617188	1	15247.320000000002	0.0
47	input_spectra/5-B2R09.mzML	299	0	157.096557617188	1	15258.84	0.0
46	input_spectra/5-B2R09.mzML	300	0	157.096557617188	1	15298.2	0.0
47	input_spectra/5-B2R09.mzML	301	0	157.096557617188	1	15309.720000000001	0.0
58	input_spectra/5-B2R09.mzML	302	0	169.09646097819	1	15421.199999999999	0.0
58	input_spectra/5-B2R09.mzML	303	0	169.09646097819	1	15432.66	0.0
58	input_spectra/5-B2R09.mzML	304	0	169.09646097819	1	15484.02	0.0
58	input_spectra/5-B2R09.mzML	305	0	169.09646097819	1	15495.54	0.0
58	input_spectra/5-B2R09.mzML	306	0	169.09646097819	1	15534.900000000001	0.0
58	input_spectra/5-B2R09.mzML	307	0	169.09646097819	1	15546.36	0.0
71	input_spectra/5-B2R09.mzML	308	0	189.086462402344	1	15597.78	0.0
72	input_spectra/5-B2R09.mzML	309	0	189.086462402344	1	15609.24	0.0
71	input_spectra/5-B2R09.mzML	310	0	189.086462402344	1	15648.659999999998	0.0
72	input_spectra/5-B2R09.mzML	311	0	189.086462402344	1	15660.12	0.0
71	input_spectra/5-B2R09.mzML	312	0	189.086462402344	1	15699.480000000001	0.0
72	input_spectra/5-B2R09.mzML	313	0	189.086462402344	1	15710.939999999999	0.0
160	input_spectra/5-B2R09.mzML	314	0	359.191253662109	1	16062.960000000001	0.0
160	input_spectra/5-B2R09.mzML	315	0	359.191253662109	1	16074.419999999998	0.0
160	input_spectra/5-B2R09.mzML	316	0	359.191253662109	1	16113.779999999999	0.0
160	input_spectra/5-B2R09.mzML	317	0	359.191253662109	1	16125.3	0.0
160	input_spectra/5-B2R09.mzML	318	0	359.191253662109	1	16164.72	0.0
160	input_spectra/5-B2R09.mzML	319	0	359.191253662109	1	16176.18	0.0
53	input_spectra/5-B2R09.mzML	320	0	166.086139678955	1	16275.72	0.0
53	input_spectra/5-B2R09.mzML	321	0	166.086139678955	1	16326.539999999999	0.0
54	input_spectra/5-B2R09.mzML	322	0	166.086139678955	1	16338.0	0.0
5	input_spectra/5-B2R09.mzML	323	0	120.080568949382	1	16349.52	0.0
6	input_spectra/5-B2R09.mzML	324	0	120.080568949382	1	16360.98	0.0
53	input_spectra/5-B2R09.mzML	325	0	166.086139678955	1	16400.34	0.0
54	input_spectra/5-B2R09.mzML	326	0	166.086139678955	1	16411.8	0.0
5	input_spectra/5-B2R09.mzML	327	0	120.080568949382	1	16423.32	0.0
6	input_spectra/5-B2R09.mzML	328	0	120.080568949382	1	16434.78	0.0
35	input_spectra/5-B2R09.mzML	329	0	141.95806312561	1	16446.239999999998	0.0
35	input_spectra/5-B2R09.mzML	330	0	141.95806312561	1	16457.7	0.0
5	input_spectra/5-B2R09.mzML	331	0	120.080568949382	1	16497.12	0.0
6	input_spectra/5-B2R09.mzML	332	0	120.080568949382	1	16508.579999999998	0.0
166	input_spectra/5-B2R09.mzML	333	0	392.180318196615	1	16520.1	0.0
166	input_spectra/5-B2R09.mzML	334	0	392.180318196615	1	16531.56	0.0
237	input_spectra/5-B2R09.mzML	335	0	570.285766601563	1	16543.14	0.0
238	input_spectra/5-B2R09.mzML	336	0	570.285766601563	1	16554.66	0.0
92	input_spectra/5-B2R09.mzML	337	0	227.101888020833	1	16566.18	0.0
92	input_spectra/5-B2R09.mzML	338	0	227.101888020833	1	16577.64	0.0
153	input_spectra/5-B2R09.mzML	339	0	343.196228027344	1	16589.16	0.0
153	input_spectra/5-B2R09.mzML	340	0	343.196228027344	1	16600.620000000003	0.0
7	input_spectra/5-B2R09.mzML	341	0	120.084552764893	1	16640.04	0.0
8	input_spectra/5-B2R09.mzML	342	0	120.084552764893	1	16651.5	0.0
166	input_spectra/5-B2R09.mzML	343	0	392.180318196615	1	16663.02	0.0
166	input_spectra/5-B2R09.mzML	344	0	392.180318196615	1	16674.54	0.0
22	input_spectra/5-B2R09.mzML	345	0	131.048711140951	1	16686.0	0.0
23	input_spectra/5-B2R09.mzML	346	0	131.048711140951	1	16697.46	0.0
92	input_spectra/5-B2R09.mzML	347	0	227.101888020833	1	16708.98	0.0
92	input_spectra/5-B2R09.mzML	348	0	227.101888020833	1	16720.44	0.0
237	input_spectra/5-B2R09.mzML	349	0	570.285766601563	1	16732.02	0.0
238	input_spectra/5-B2R09.mzML	350	0	570.285766601563	1	16743.54	0.0
166	input_spectra/5-B2R09.mzML	351	0	392.180318196615	1	16782.899999999998	0.0
166	input_spectra/5-B2R09.mzML	352	0	392.180318196615	1	16794.42	0.0
22	input_spectra/5-B2R09.mzML	353	0	131.048711140951	1	16805.88	0.0
23	input_spectra/5-B2R09.mzML	354	0	131.048711140951	1	16817.4	0.0
92	input_spectra/5-B2R09.mzML	355	0	227.101888020833	1	16828.86	0.0
92	input_spectra/5-B2R09.mzML	356	0	227.101888020833	1	16840.38	0.0
40	input_spectra/5-B2R09.mzML	357	0	149.059260050456	1	16851.84	0.0
41	input_spectra/5-B2R09.mzML	358	0	149.059260050456	1	16863.3	0.0
71	input_spectra/5-B2R09.mzML	359	0	189.086462402344	1	16874.82	0.0
72	input_spectra/5-B2R09.mzML	360	0	189.086462402344	1	16886.28	0.0
22	input_spectra/5-B2R09.mzML	361	0	131.048711140951	1	16925.64	0.0
23	input_spectra/5-B2R09.mzML	362	0	131.048711140951	1	16937.100000000002	0.0
40	input_spectra/5-B2R09.mzML	363	0	149.059260050456	1	16948.56	0.0
41	input_spectra/5-B2R09.mzML	364	0	149.059260050456	1	16960.08	0.0
150	input_spectra/5-B2R09.mzML	365	0	331.196400960286	1	16971.600000000002	0.0
150	input_spectra/5-B2R09.mzML	366	0	331.196400960286	1	16983.059999999998	0.0
71	input_spectra/5-B2R09.mzML	367	0	189.086462402344	1	17017.5	0.0
72	input_spectra/5-B2R09.mzML	368	0	189.086462402344	1	17029.02	0.0
7	input_spectra/5-B2R09.mzML	369	0	120.084552764893	1	17068.38	0.0
8	input_spectra/5-B2R09.mzML	370	0	120.084552764893	1	17079.84	0.0
150	input_spectra/5-B2R09.mzML	371	0	331.196400960286	1	17091.36	0.0
150	input_spectra/5-B2R09.mzML	372	0	331.196400960286	1	17102.88	0.0
40	input_spectra/5-B2R09.mzML	373	0	149.059260050456	1	17114.34	0.0
41	input_spectra/5-B2R09.mzML	374	0	149.059260050456	1	17125.86	0.0
55	input_spectra/5-B2R09.mzML	375	0	166.092071533203	1	17165.22	0.0
56	input_spectra/5-B2R09.mzML	376	0	166.092071533203	1	17176.68	0.0
150	input_spectra/5-B2R09.mzML	377	0	331.196400960286	1	17188.2	0.0
150	input_spectra/5-B2R09.mzML	378	0	331.196400960286	1	17199.66	0.0
35	input_spectra/5-B2R09.mzML	379	0	141.95806312561	1	17239.079999999998	0.0
35	input_spectra/5-B2R09.mzML	380	0	141.95806312561	1	17250.54	0.0
35	input_spectra/5-B2R09.mzML	381	0	141.95806312561	1	17289.96	0.0
35	input_spectra/5-B2R09.mzML	382	0	141.95806312561	1	17301.420000000002	0.0
53	input_spectra/5-B2R09.mzML	383	0	166.086139678955	1	17412.96	0.0
54	input_spectra/5-B2R09.mzML	384	0	166.086139678955	1	17424.42	0.0
53	input_spectra/5-B2R09.mzML	385	0	166.086139678955	1	17463.78	0.0
54	input_spectra/5-B2R09.mzML	386	0	166.086139678955	1	17475.3	0.0
53	input_spectra/5-B2R09.mzML	387	0	166.086139678955	1	17514.66	0.0
54	input_spectra/5-B2R09.mzML	388	0	166.086139678955	1	17526.12	0.0
5	input_spectra/5-B2R09.mzML	389	0	120.080568949382	1	17537.58	0.0
6	input_spectra/5-B2R09.mzML	390	0	120.080568949382	1	17549.039999999997	0.0
5	input_spectra/5-B2R09.mzML	391	0	120.080568949382	1	17588.460000000003	0.0
6	input_spectra/5-B2R09.mzML	392	0	120.080568949382	1	17599.92	0.0
5	input_spectra/5-B2R09.mzML	393	0	120.080568949382	1	17639.28	0.0
6	input_spectra/5-B2R09.mzML	394	0	120.080568949382	1	17650.739999999998	0.0
24	input_spectra/5-B2R09.mzML	395	0	131.929298400879	1	17690.1	0.0
24	input_spectra/5-B2R09.mzML	396	0	131.929298400879	1	17701.56	0.0
24	input_spectra/5-B2R09.mzML	397	0	131.929298400879	1	18221.940000000002	0.0
24	input_spectra/5-B2R09.mzML	398	0	131.929298400879	1	18233.399999999998	0.0
35	input_spectra/5-B2R09.mzML	399	0	141.95806312561	1	18356.940000000002	0.0
35	input_spectra/5-B2R09.mzML	400	0	141.95806312561	1	18368.399999999998	0.0
35	input_spectra/5-B2R09.mzML	401	0	141.95806312561	1	18407.76	0.0
35	input_spectra/5-B2R09.mzML	402	0	141.95806312561	1	18419.22	0.0
35	input_spectra/5-B2R09.mzML	403	0	141.95806312561	1	18458.579999999998	0.0
35	input_spectra/5-B2R09.mzML	404	0	141.95806312561	1	18470.04	0.0
24	input_spectra/5-B2R09.mzML	405	0	131.929298400879	1	18545.52	0.0
24	input_spectra/5-B2R09.mzML	406	0	131.929298400879	1	18556.98	0.0
53	input_spectra/5-B2R09.mzML	407	0	166.086139678955	1	18596.34	0.0
54	input_spectra/5-B2R09.mzML	408	0	166.086139678955	1	18607.859999999997	0.0
53	input_spectra/5-B2R09.mzML	409	0	166.086139678955	1	18647.219999999998	0.0
54	input_spectra/5-B2R09.mzML	410	0	166.086139678955	1	18658.739999999998	0.0
53	input_spectra/5-B2R09.mzML	411	0	166.086139678955	1	18698.1	0.0
54	input_spectra/5-B2R09.mzML	412	0	166.086139678955	1	18709.56	0.0
5	input_spectra/5-B2R09.mzML	413	0	120.080568949382	1	18721.02	0.0
6	input_spectra/5-B2R09.mzML	414	0	120.080568949382	1	18732.480000000003	0.0
5	input_spectra/5-B2R09.mzML	415	0	120.080568949382	1	18771.84	0.0
6	input_spectra/5-B2R09.mzML	416	0	120.080568949382	1	18783.3	0.0
5	input_spectra/5-B2R09.mzML	417	0	120.080568949382	1	18822.66	0.0
6	input_spectra/5-B2R09.mzML	418	0	120.080568949382	1	18834.18	0.0
187	input_spectra/5-B2R09.mzML	419	0	446.222920735677	1	19162.140000000003	0.0
187	input_spectra/5-B2R09.mzML	420	0	446.222920735677	1	19173.6	0.0
187	input_spectra/5-B2R09.mzML	421	0	446.222920735677	1	19212.96	0.0
187	input_spectra/5-B2R09.mzML	422	0	446.222920735677	1	19224.48	0.0
12	input_spectra/5-B2R09.mzML	423	0	127.049916585286	1	19247.46	0.0
187	input_spectra/5-B2R09.mzML	424	0	446.222920735677	1	19286.82	0.0
187	input_spectra/5-B2R09.mzML	425	0	446.222920735677	1	19298.34	0.0
13	input_spectra/5-B2R09.mzML	426	0	127.049916585286	1	19309.86	0.0
12	input_spectra/5-B2R09.mzML	427	0	127.049916585286	1	19321.32	0.0
13	input_spectra/5-B2R09.mzML	428	0	127.049916585286	1	19360.739999999998	0.0
35	input_spectra/5-B2R09.mzML	429	0	141.95806312561	1	19531.8	0.0
35	input_spectra/5-B2R09.mzML	430	0	141.95806312561	1	19543.260000000002	0.0
35	input_spectra/5-B2R09.mzML	431	0	141.95806312561	1	19606.68	0.0
35	input_spectra/5-B2R09.mzML	432	0	141.95806312561	1	19618.14	0.0
35	input_spectra/5-B2R09.mzML	433	0	141.95806312561	1	19729.68	0.0
35	input_spectra/5-B2R09.mzML	434	0	141.95806312561	1	19741.14	0.0
53	input_spectra/5-B2R09.mzML	435	0	166.086139678955	1	19780.5	0.0
54	input_spectra/5-B2R09.mzML	436	0	166.086139678955	1	19792.02	0.0
53	input_spectra/5-B2R09.mzML	437	0	166.086139678955	1	19831.38	0.0
54	input_spectra/5-B2R09.mzML	438	0	166.086139678955	1	19842.84	0.0
53	input_spectra/5-B2R09.mzML	439	0	166.086139678955	1	19882.2	0.0
54	input_spectra/5-B2R09.mzML	440	0	166.086139678955	1	19893.66	0.0
5	input_spectra/5-B2R09.mzML	441	0	120.080568949382	1	19905.12	0.0
6	input_spectra/5-B2R09.mzML	442	0	120.080568949382	1	19916.64	0.0
5	input_spectra/5-B2R09.mzML	443	0	120.080568949382	1	19955.94	0.0
6	input_spectra/5-B2R09.mzML	444	0	120.080568949382	1	19967.46	0.0
5	input_spectra/5-B2R09.mzML	445	0	120.080568949382	1	20006.82	0.0
6	input_spectra/5-B2R09.mzML	446	0	120.080568949382	1	20018.28	0.0
35	input_spectra/5-B2R09.mzML	447	0	141.95806312561	1	20835.66	0.0
35	input_spectra/5-B2R09.mzML	448	0	141.95806312561	1	20847.12	0.0
35	input_spectra/5-B2R09.mzML	449	0	141.95806312561	1	20886.48	0.0
35	input_spectra/5-B2R09.mzML	450	0	141.95806312561	1	20897.94	0.0
35	input_spectra/5-B2R09.mzML	451	0	141.95806312561	1	20937.3	0.0
35	input_spectra/5-B2R09.mzML	452	0	141.95806312561	1	20948.82	0.0
209	input_spectra/5-B2R09.mzML	453	0	499.212636311849	1	21000.18	0.0
209	input_spectra/5-B2R09.mzML	454	0	499.212636311849	1	21011.7	0.0
209	input_spectra/5-B2R09.mzML	455	0	499.212636311849	1	21051.06	0.0
209	input_spectra/5-B2R09.mzML	456	0	499.212636311849	1	21062.58	0.0
209	input_spectra/5-B2R09.mzML	457	0	499.212636311849	1	21101.940000000002	0.0
209	input_spectra/5-B2R09.mzML	458	0	499.212636311849	1	21113.460000000003	0.0
169	input_spectra/5-B2R09.mzML	459	0	407.212371826172	1	21248.52	0.0
169	input_spectra/5-B2R09.mzML	460	0	407.212371826172	1	21311.4	0.0
169	input_spectra/5-B2R09.mzML	461	0	407.212371826172	1	21362.28	0.0
117	input_spectra/5-B2R09.mzML	462	0	274.175445556641	1	21401.7	0.0
117	input_spectra/5-B2R09.mzML	463	0	274.175445556641	1	21413.16	0.0
117	input_spectra/5-B2R09.mzML	464	0	274.175445556641	1	21452.519999999997	0.0
117	input_spectra/5-B2R09.mzML	465	0	274.175445556641	1	21464.039999999997	0.0
117	input_spectra/5-B2R09.mzML	466	0	274.175445556641	1	21503.399999999998	0.0
117	input_spectra/5-B2R09.mzML	467	0	274.175445556641	1	21514.86	0.0
35	input_spectra/5-B2R09.mzML	468	0	141.95806312561	1	22039.68	0.0
35	input_spectra/5-B2R09.mzML	469	0	141.95806312561	1	22051.14	0.0
35	input_spectra/5-B2R09.mzML	470	0	141.95806312561	1	22114.56	0.0
35	input_spectra/5-B2R09.mzML	471	0	141.95806312561	1	22126.079999999998	0.0
209	input_spectra/5-B2R09.mzML	472	0	499.212636311849	1	22165.44	0.0
209	input_spectra/5-B2R09.mzML	473	0	499.212636311849	1	22176.9	0.0
35	input_spectra/5-B2R09.mzML	474	0	141.95806312561	1	22188.420000000002	0.0
35	input_spectra/5-B2R09.mzML	475	0	141.95806312561	1	22199.940000000002	0.0
209	input_spectra/5-B2R09.mzML	476	0	499.212636311849	1	22239.239999999998	0.0
209	input_spectra/5-B2R09.mzML	477	0	499.212636311849	1	22250.760000000002	0.0
209	input_spectra/5-B2R09.mzML	478	0	499.212636311849	1	22290.12	0.0
209	input_spectra/5-B2R09.mzML	479	0	499.212636311849	1	22301.64	0.0
170	input_spectra/5-B2R09.mzML	480	0	414.233408610026	1	22809.96	0.0
170	input_spectra/5-B2R09.mzML	481	0	414.233408610026	1	22821.48	0.0
170	input_spectra/5-B2R09.mzML	482	0	414.233408610026	1	22860.84	0.0
170	input_spectra/5-B2R09.mzML	483	0	414.233408610026	1	22872.3	0.0
170	input_spectra/5-B2R09.mzML	484	0	414.233408610026	1	22911.72	0.0
170	input_spectra/5-B2R09.mzML	485	0	414.233408610026	1	22923.18	0.0
188	input_spectra/5-B2R09.mzML	486	0	446.222920735677	1	22934.7	0.0
189	input_spectra/5-B2R09.mzML	487	0	446.222920735677	1	22946.22	0.0
188	input_spectra/5-B2R09.mzML	488	0	446.222920735677	1	22985.58	0.0
189	input_spectra/5-B2R09.mzML	489	0	446.222920735677	1	22997.100000000002	0.0
188	input_spectra/5-B2R09.mzML	490	0	446.222920735677	1	23036.46	0.0
189	input_spectra/5-B2R09.mzML	491	0	446.222920735677	1	23047.98	0.0
75	input_spectra/5-B2R09.mzML	492	0	195.112218221029	1	23159.46	0.0
75	input_spectra/5-B2R09.mzML	493	0	195.112218221029	1	23170.98	0.0
75	input_spectra/5-B2R09.mzML	494	0	195.112218221029	1	23210.34	0.0
75	input_spectra/5-B2R09.mzML	495	0	195.112218221029	1	23221.8	0.0
75	input_spectra/5-B2R09.mzML	496	0	195.112218221029	1	23261.16	0.0
75	input_spectra/5-B2R09.mzML	497	0	195.112218221029	1	23272.68	0.0
35	input_spectra/5-B2R09.mzML	498	0	141.95806312561	1	23312.04	0.0
35	input_spectra/5-B2R09.mzML	499	0	141.95806312561	1	23323.5	0.0
123	input_spectra/5-B2R09.mzML	500	0	286.174987792969	1	23362.859999999997	0.0
124	input_spectra/5-B2R09.mzML	501	0	286.174987792969	1	23374.379999999997	0.0
123	input_spectra/5-B2R09.mzML	502	0	286.174987792969	1	23413.739999999998	0.0
124	input_spectra/5-B2R09.mzML	503	0	286.174987792969	1	23425.2	0.0
123	input_spectra/5-B2R09.mzML	504	0	286.174987792969	1	23464.62	0.0
123	input_spectra/5-B2R09.mzML	505	0	286.174987792969	1	23476.14	0.0
222	input_spectra/5-B2R09.mzML	506	0	529.259765625	1	23635.739999999998	0.0
222	input_spectra/5-B2R09.mzML	507	0	529.259765625	1	23647.26	0.0
219	input_spectra/5-B2R09.mzML	508	0	527.280924479167	1	23686.56	0.0
219	input_spectra/5-B2R09.mzML	509	0	527.280924479167	1	23698.08	0.0
219	input_spectra/5-B2R09.mzML	510	0	527.280924479167	1	23737.440000000002	0.0
219	input_spectra/5-B2R09.mzML	511	0	527.280924479167	1	23748.96	0.0
219	input_spectra/5-B2R09.mzML	512	0	527.280924479167	1	23788.32	0.0
219	input_spectra/5-B2R09.mzML	513	0	527.280924479167	1	23799.84	0.0
268	input_spectra/5-B2R09.mzML	514	0	669.317993164063	1	23862.3	0.0
268	input_spectra/5-B2R09.mzML	515	0	669.317993164063	1	23873.82	0.0
293	input_spectra/5-B2R09.mzML	516	0	922.423217773438	1	23936.760000000002	0.0
268	input_spectra/5-B2R09.mzML	517	0	669.317993164063	1	23999.28	0.0
268	input_spectra/5-B2R09.mzML	518	0	669.317993164063	1	24010.8	0.0
293	input_spectra/5-B2R09.mzML	519	0	922.423217773438	1	24061.68	0.0
281	input_spectra/5-B2R09.mzML	520	0	756.349975585938	1	24073.260000000002	0.0
282	input_spectra/5-B2R09.mzML	521	0	756.349975585938	1	24084.78	0.0
291	input_spectra/5-B2R09.mzML	522	0	906.428365071615	1	24107.88	0.0
292	input_spectra/5-B2R09.mzML	523	0	906.428365071615	1	24147.3	0.0
291	input_spectra/5-B2R09.mzML	524	0	906.428365071615	1	24158.82	0.0
293	input_spectra/5-B2R09.mzML	525	0	922.423217773438	1	24181.92	0.0
267	input_spectra/5-B2R09.mzML	526	0	667.324340820313	1	24193.44	0.0
267	input_spectra/5-B2R09.mzML	527	0	667.324340820313	1	24205.019999999997	0.0
292	input_spectra/5-B2R09.mzML	528	0	906.428365071615	1	24244.379999999997	0.0
291	input_spectra/5-B2R09.mzML	529	0	906.428365071615	1	24255.899999999998	0.0
283	input_spectra/5-B2R09.mzML	530	0	783.433166503906	1	24267.480000000003	0.0
284	input_spectra/5-B2R09.mzML	531	0	783.433166503906	1	24279.0	0.0
260	input_spectra/5-B2R09.mzML	532	0	618.322692871094	1	24290.52	0.0
261	input_spectra/5-B2R09.mzML	533	0	618.322692871094	1	24302.04	0.0
286	input_spectra/5-B2R09.mzML	534	0	811.391479492188	1	24325.14	0.0
302	input_spectra/5-B2R09.mzML	535	0	1105.571044921875	1	24336.72	0.0
260	input_spectra/5-B2R09.mzML	536	0	618.322692871094	1	24387.66	0.0
261	input_spectra/5-B2R09.mzML	537	0	618.322692871094	1	24399.18	0.0
283	input_spectra/5-B2R09.mzML	538	0	783.433166503906	1	24410.760000000002	0.0
284	input_spectra/5-B2R09.mzML	539	0	783.433166503906	1	24422.28	0.0
302	input_spectra/5-B2R09.mzML	540	0	1105.571044921875	1	24433.86	0.0
303	input_spectra/5-B2R09.mzML	541	0	1105.571044921875	1	24445.44	0.0
295	input_spectra/5-B2R09.mzML	542	0	938.418701171875	1	24457.02	0.0
296	input_spectra/5-B2R09.mzML	543	0	938.418701171875	1	24468.6	0.0
286	input_spectra/5-B2R09.mzML	544	0	811.391479492188	1	24491.64	0.0
304	input_spectra/5-B2R09.mzML	545	0	1106.556762695313	1	24531.06	0.0
305	input_spectra/5-B2R09.mzML	546	0	1106.556762695313	1	24542.64	0.0
260	input_spectra/5-B2R09.mzML	547	0	618.322692871094	1	24554.16	0.0
261	input_spectra/5-B2R09.mzML	548	0	618.322692871094	1	24565.68	0.0
288	input_spectra/5-B2R09.mzML	549	0	853.448913574219	1	24588.84	0.0
175	input_spectra/5-B2R09.mzML	550	0	427.228668212891	1	24600.359999999997	0.0
175	input_spectra/5-B2R09.mzML	551	0	427.228668212891	1	24611.879999999997	0.0
244	input_spectra/5-B2R09.mzML	552	0	584.302185058594	1	24634.92	0.0
203	input_spectra/5-B2R09.mzML	553	0	488.234497070313	1	24674.28	0.0
203	input_spectra/5-B2R09.mzML	554	0	488.234497070313	1	24685.8	0.0
257	input_spectra/5-B2R09.mzML	555	0	615.307281494141	1	24697.32	0.0
258	input_spectra/5-B2R09.mzML	556	0	615.307281494141	1	24708.84	0.0
298	input_spectra/5-B2R09.mzML	557	0	997.453552246094	1	24732.0	0.0
139	input_spectra/5-B2R09.mzML	558	0	318.128799438477	1	24766.62	0.0
139	input_spectra/5-B2R09.mzML	559	0	318.128799438477	1	24778.08	0.0
203	input_spectra/5-B2R09.mzML	560	0	488.234497070313	1	24817.440000000002	0.0
203	input_spectra/5-B2R09.mzML	561	0	488.234497070313	1	24828.96	0.0
178	input_spectra/5-B2R09.mzML	562	0	430.228424072266	1	24840.48	0.0
178	input_spectra/5-B2R09.mzML	563	0	430.228424072266	1	24851.940000000002	0.0
139	input_spectra/5-B2R09.mzML	564	0	318.128799438477	1	24863.460000000003	0.0
139	input_spectra/5-B2R09.mzML	565	0	318.128799438477	1	24874.980000000003	0.0
109	input_spectra/5-B2R09.mzML	566	0	260.1240234375	1	24886.44	0.0
109	input_spectra/5-B2R09.mzML	567	0	260.1240234375	1	24897.96	0.0
203	input_spectra/5-B2R09.mzML	568	0	488.234497070313	1	24960.359999999997	0.0
203	input_spectra/5-B2R09.mzML	569	0	488.234497070313	1	24971.879999999997	0.0
245	input_spectra/5-B2R09.mzML	570	0	584.302185058594	1	24983.399999999998	0.0
244	input_spectra/5-B2R09.mzML	571	0	584.302185058594	1	24994.92	0.0
178	input_spectra/5-B2R09.mzML	572	0	430.228424072266	1	25006.44	0.0
178	input_spectra/5-B2R09.mzML	573	0	430.228424072266	1	25017.96	0.0
193	input_spectra/5-B2R09.mzML	574	0	460.240051269531	1	25029.48	0.0
193	input_spectra/5-B2R09.mzML	575	0	460.240051269531	1	25040.94	0.0
245	input_spectra/5-B2R09.mzML	576	0	584.302185058594	1	25103.460000000003	0.0
244	input_spectra/5-B2R09.mzML	577	0	584.302185058594	1	25114.980000000003	0.0
279	input_spectra/5-B2R09.mzML	578	0	755.354370117188	1	25172.88	0.0
280	input_spectra/5-B2R09.mzML	579	0	755.354370117188	1	25184.4	0.0
263	input_spectra/5-B2R09.mzML	580	0	655.338907877604	1	25235.280000000002	0.0
279	input_spectra/5-B2R09.mzML	581	0	755.354370117188	1	25246.86	0.0
280	input_spectra/5-B2R09.mzML	582	0	755.354370117188	1	25258.38	0.0
120	input_spectra/5-B2R09.mzML	583	0	283.174530029297	1	25293.120000000003	0.0
120	input_spectra/5-B2R09.mzML	584	0	283.174530029297	1	25304.579999999998	0.0
132	input_spectra/5-B2R09.mzML	585	0	300.200622558594	1	25316.1	0.0
132	input_spectra/5-B2R09.mzML	586	0	300.200622558594	1	25327.559999999998	0.0
176	input_spectra/5-B2R09.mzML	587	0	428.249328613281	1	25366.98	0.0
176	input_spectra/5-B2R09.mzML	588	0	428.249328613281	1	25378.5	0.0
263	input_spectra/5-B2R09.mzML	589	0	655.338907877604	1	25401.539999999997	0.0
301	input_spectra/5-B2R09.mzML	590	0	1064.534057617188	1	25424.7	0.0
299	input_spectra/5-B2R09.mzML	591	0	1007.512858072917	1	25459.379999999997	0.0
300	input_spectra/5-B2R09.mzML	592	0	1007.512858072917	1	25470.960000000003	0.0
299	input_spectra/5-B2R09.mzML	593	0	1007.512858072917	1	25510.32	0.0
300	input_spectra/5-B2R09.mzML	594	0	1007.512858072917	1	25521.9	0.0
192	input_spectra/5-B2R09.mzML	595	0	458.260192871094	1	25533.420000000002	0.0
192	input_spectra/5-B2R09.mzML	596	0	458.260192871094	1	25544.940000000002	0.0
263	input_spectra/5-B2R09.mzML	597	0	655.338907877604	1	25591.199999999997	0.0
177	input_spectra/5-B2R09.mzML	598	0	428.249328613281	1	25602.72	0.0
177	input_spectra/5-B2R09.mzML	599	0	428.249328613281	1	25614.239999999998	0.0
181	input_spectra/5-B2R09.mzML	600	0	440.249282836914	1	25653.6	0.0
181	input_spectra/5-B2R09.mzML	601	0	440.249282836914	1	25665.12	0.0
250	input_spectra/5-B2R09.mzML	602	0	612.33349609375	1	25676.7	0.0
251	input_spectra/5-B2R09.mzML	603	0	612.33349609375	1	25688.22	0.0
215	input_spectra/5-B2R09.mzML	604	0	522.217895507813	1	25722.84	0.0
215	input_spectra/5-B2R09.mzML	605	0	522.217895507813	1	25734.36	0.0
181	input_spectra/5-B2R09.mzML	606	0	440.249282836914	1	25796.879999999997	0.0
181	input_spectra/5-B2R09.mzML	607	0	440.249282836914	1	25808.399999999998	0.0
250	input_spectra/5-B2R09.mzML	608	0	612.33349609375	1	25819.92	0.0
251	input_spectra/5-B2R09.mzML	609	0	612.33349609375	1	25831.44	0.0
211	input_spectra/5-B2R09.mzML	610	0	511.2861328125	1	25842.96	0.0
211	input_spectra/5-B2R09.mzML	611	0	511.2861328125	1	25854.48	0.0
246	input_spectra/5-B2R09.mzML	612	0	586.318054199219	1	25866.0	0.0
246	input_spectra/5-B2R09.mzML	613	0	586.318054199219	1	25877.519999999997	0.0
154	input_spectra/5-B2R09.mzML	614	0	344.227142333984	1	25889.039999999997	0.0
154	input_spectra/5-B2R09.mzML	615	0	344.227142333984	1	25900.559999999998	0.0
246	input_spectra/5-B2R09.mzML	616	0	586.318054199219	1	25939.92	0.0
246	input_spectra/5-B2R09.mzML	617	0	586.318054199219	1	25951.44	0.0
154	input_spectra/5-B2R09.mzML	618	0	344.227142333984	1	25962.96	0.0
154	input_spectra/5-B2R09.mzML	619	0	344.227142333984	1	25974.42	0.0
273	input_spectra/5-B2R09.mzML	620	0	705.3193359375	1	25986.0	0.0
80	input_spectra/5-B2R09.mzML	621	0	205.096862792969	1	26083.02	0.0
81	input_spectra/5-B2R09.mzML	622	0	205.096862792969	1	26094.48	0.0
69	input_spectra/5-B2R09.mzML	623	0	188.070190429688	1	26105.94	0.0
70	input_spectra/5-B2R09.mzML	624	0	188.070190429688	1	26117.46	0.0
252	input_spectra/5-B2R09.mzML	625	0	612.33349609375	1	26128.98	0.0
252	input_spectra/5-B2R09.mzML	626	0	612.33349609375	1	26140.5	0.0
289	input_spectra/5-B2R09.mzML	627	0	871.449066162109	1	26152.079999999998	0.0
290	input_spectra/5-B2R09.mzML	628	0	871.449066162109	1	26163.6	0.0
229	input_spectra/5-B2R09.mzML	629	0	537.301574707031	1	26175.18	0.0
229	input_spectra/5-B2R09.mzML	630	0	537.301574707031	1	26186.7	0.0
165	input_spectra/5-B2R09.mzML	631	0	388.253265380859	1	26226.06	0.0
165	input_spectra/5-B2R09.mzML	632	0	388.253265380859	1	26237.58	0.0
289	input_spectra/5-B2R09.mzML	633	0	871.449066162109	1	26249.16	0.0
290	input_spectra/5-B2R09.mzML	634	0	871.449066162109	1	26260.68	0.0
69	input_spectra/5-B2R09.mzML	635	0	188.070190429688	1	26295.24	0.0
80	input_spectra/5-B2R09.mzML	636	0	205.096862792969	1	26318.22	0.0
165	input_spectra/5-B2R09.mzML	637	0	388.253265380859	1	26369.039999999997	0.0
165	input_spectra/5-B2R09.mzML	638	0	388.253265380859	1	26380.559999999998	0.0
254	input_spectra/5-B2R09.mzML	639	0	614.348876953125	1	26415.12	0.0
254	input_spectra/5-B2R09.mzML	640	0	614.348876953125	1	26426.64	0.0
247	input_spectra/5-B2R09.mzML	641	0	596.337951660156	1	26461.32	0.0
247	input_spectra/5-B2R09.mzML	642	0	596.337951660156	1	26472.84	0.0
254	input_spectra/5-B2R09.mzML	643	0	614.348876953125	1	26512.2	0.0
254	input_spectra/5-B2R09.mzML	644	0	614.348876953125	1	26523.72	0.0
275	input_spectra/5-B2R09.mzML	645	0	743.391784667969	1	26535.3	0.0
276	input_spectra/5-B2R09.mzML	646	0	743.391784667969	1	26546.82	0.0
180	input_spectra/5-B2R09.mzML	647	0	432.279388427734	1	26558.34	0.0
180	input_spectra/5-B2R09.mzML	648	0	432.279388427734	1	26569.86	0.0
164	input_spectra/5-B2R09.mzML	649	0	385.243469238281	1	26604.54	0.0
164	input_spectra/5-B2R09.mzML	650	0	385.243469238281	1	26616.06	0.0
180	input_spectra/5-B2R09.mzML	651	0	432.279388427734	1	26655.48	0.0
180	input_spectra/5-B2R09.mzML	652	0	432.279388427734	1	26666.940000000002	0.0
275	input_spectra/5-B2R09.mzML	653	0	743.391784667969	1	26701.56	0.0
276	input_spectra/5-B2R09.mzML	654	0	743.391784667969	1	26713.08	0.0
171	input_spectra/5-B2R09.mzML	655	0	415.252655029297	1	26724.600000000002	0.0
201	input_spectra/5-B2R09.mzML	656	0	483.290618896484	1	26747.58	0.0
201	input_spectra/5-B2R09.mzML	657	0	483.290618896484	1	26759.100000000002	0.0
197	input_spectra/5-B2R09.mzML	658	0	476.30610148112	1	26798.52	0.0
197	input_spectra/5-B2R09.mzML	659	0	476.30610148112	1	26810.04	0.0
180	input_spectra/5-B2R09.mzML	660	0	432.279388427734	1	26821.56	0.0
310	input_spectra/5-B2R09.mzML	661	0	1216.543579101563	1	26867.7	0.0
311	input_spectra/5-B2R09.mzML	662	0	1216.543579101563	1	26879.28	0.0
197	input_spectra/5-B2R09.mzML	663	0	476.30610148112	1	26941.68	0.0
197	input_spectra/5-B2R09.mzML	664	0	476.30610148112	1	26953.2	0.0
93	input_spectra/5-B2R09.mzML	665	0	227.138717651367	1	26964.719999999998	0.0
93	input_spectra/5-B2R09.mzML	666	0	227.138717651367	1	26976.18	0.0
220	input_spectra/5-B2R09.mzML	667	0	527.315307617188	1	27033.78	0.0
220	input_spectra/5-B2R09.mzML	668	0	527.315307617188	1	27045.3	0.0
214	input_spectra/5-B2R09.mzML	669	0	520.332946777344	1	27084.66	0.0
214	input_spectra/5-B2R09.mzML	670	0	520.332946777344	1	27096.18	0.0
93	input_spectra/5-B2R09.mzML	671	0	227.138717651367	1	27107.7	0.0
93	input_spectra/5-B2R09.mzML	672	0	227.138717651367	1	27119.16	0.0
197	input_spectra/5-B2R09.mzML	673	0	476.30610148112	1	27130.68	0.0
308	input_spectra/5-B2R09.mzML	674	0	1200.548095703125	1	27153.84	0.0
309	input_spectra/5-B2R09.mzML	675	0	1200.548095703125	1	27165.420000000002	0.0
234	input_spectra/5-B2R09.mzML	676	0	564.35801188151	1	27227.88	0.0
234	input_spectra/5-B2R09.mzML	677	0	564.35801188151	1	27239.4	0.0
214	input_spectra/5-B2R09.mzML	678	0	520.332946777344	1	27250.920000000002	0.0
214	input_spectra/5-B2R09.mzML	679	0	520.332946777344	1	27262.440000000002	0.0
93	input_spectra/5-B2R09.mzML	680	0	227.138717651367	1	27273.96	0.0
93	input_spectra/5-B2R09.mzML	681	0	227.138717651367	1	27285.420000000002	0.0
57	input_spectra/5-B2R09.mzML	682	0	169.075531005859	1	27296.940000000002	0.0
57	input_spectra/5-B2R09.mzML	683	0	169.075531005859	1	27308.399999999998	0.0
235	input_spectra/5-B2R09.mzML	684	0	569.314178466797	1	27319.980000000003	0.0
235	input_spectra/5-B2R09.mzML	685	0	569.314178466797	1	27331.44	0.0
234	input_spectra/5-B2R09.mzML	686	0	564.35801188151	1	27370.86	0.0
234	input_spectra/5-B2R09.mzML	687	0	564.35801188151	1	27382.38	0.0
249	input_spectra/5-B2R09.mzML	688	0	608.383605957031	1	27393.9	0.0
249	input_spectra/5-B2R09.mzML	689	0	608.383605957031	1	27405.420000000002	0.0
111	input_spectra/5-B2R09.mzML	690	0	261.122873942057	1	27416.940000000002	0.0
111	input_spectra/5-B2R09.mzML	691	0	261.122873942057	1	27428.399999999998	0.0
236	input_spectra/5-B2R09.mzML	692	0	569.314178466797	1	27451.44	0.0
172	input_spectra/5-B2R09.mzML	693	0	419.227996826172	1	27462.96	0.0
172	input_spectra/5-B2R09.mzML	694	0	419.227996826172	1	27474.48	0.0
249	input_spectra/5-B2R09.mzML	695	0	608.383605957031	1	27513.84	0.0
249	input_spectra/5-B2R09.mzML	696	0	608.383605957031	1	27525.359999999997	0.0
262	input_spectra/5-B2R09.mzML	697	0	652.40976969401	1	27536.879999999997	0.0
262	input_spectra/5-B2R09.mzML	698	0	652.40976969401	1	27548.399999999998	0.0
111	input_spectra/5-B2R09.mzML	699	0	261.122873942057	1	27559.980000000003	0.0
111	input_spectra/5-B2R09.mzML	700	0	261.122873942057	1	27571.44	0.0
234	input_spectra/5-B2R09.mzML	701	0	564.35801188151	1	27606.06	0.0
262	input_spectra/5-B2R09.mzML	702	0	652.40976969401	1	27656.940000000002	0.0
262	input_spectra/5-B2R09.mzML	703	0	652.40976969401	1	27668.460000000003	0.0
270	input_spectra/5-B2R09.mzML	704	0	696.435302734375	1	27679.980000000003	0.0
270	input_spectra/5-B2R09.mzML	705	0	696.435302734375	1	27691.5	0.0
2	input_spectra/5-B2R09.mzML	706	0	117.07268451509	1	27703.02	0.0
2	input_spectra/5-B2R09.mzML	707	0	117.07268451509	1	27714.48	0.0
249	input_spectra/5-B2R09.mzML	708	0	608.383605957031	1	27726.06	0.0
65	input_spectra/5-B2R09.mzML	709	0	183.091125488281	1	27749.100000000002	0.0
65	input_spectra/5-B2R09.mzML	710	0	183.091125488281	1	27760.559999999998	0.0
270	input_spectra/5-B2R09.mzML	711	0	696.435302734375	1	27799.980000000003	0.0
270	input_spectra/5-B2R09.mzML	712	0	696.435302734375	1	27811.5	0.0
274	input_spectra/5-B2R09.mzML	713	0	740.461151123047	1	27823.02	0.0
274	input_spectra/5-B2R09.mzML	714	0	740.461151123047	1	27834.600000000002	0.0
2	input_spectra/5-B2R09.mzML	715	0	117.07268451509	1	27846.12	0.0
2	input_spectra/5-B2R09.mzML	716	0	117.07268451509	1	27857.58	0.0
104	input_spectra/5-B2R09.mzML	717	0	243.133346557617	1	27943.02	0.0
104	input_spectra/5-B2R09.mzML	718	0	243.133346557617	1	27954.48	0.0
274	input_spectra/5-B2R09.mzML	719	0	740.461151123047	1	27966.06	0.0
274	input_spectra/5-B2R09.mzML	720	0	740.461151123047	1	27977.58	0.0
2	input_spectra/5-B2R09.mzML	721	0	117.07268451509	1	27989.100000000002	0.0
2	input_spectra/5-B2R09.mzML	722	0	117.07268451509	1	28000.559999999998	0.0
285	input_spectra/5-B2R09.mzML	723	0	784.487670898438	1	28012.140000000003	0.0
285	input_spectra/5-B2R09.mzML	724	0	784.487670898438	1	28023.72	0.0
84	input_spectra/5-B2R09.mzML	725	0	211.143559773763	1	28035.24	0.0
84	input_spectra/5-B2R09.mzML	726	0	211.143559773763	1	28046.7	0.0
111	input_spectra/5-B2R09.mzML	727	0	261.122873942057	1	28086.12	0.0
111	input_spectra/5-B2R09.mzML	728	0	261.122873942057	1	28097.58	0.0
104	input_spectra/5-B2R09.mzML	729	0	243.133346557617	1	28109.039999999997	0.0
104	input_spectra/5-B2R09.mzML	730	0	243.133346557617	1	28120.559999999998	0.0
285	input_spectra/5-B2R09.mzML	731	0	784.487670898438	1	28155.24	0.0
179	input_spectra/5-B2R09.mzML	732	0	430.242441813151	1	28257.0	0.0
84	input_spectra/5-B2R09.mzML	733	0	211.143559773763	1	28307.88	0.0
84	input_spectra/5-B2R09.mzML	734	0	211.143559773763	1	28319.34	0.0
179	input_spectra/5-B2R09.mzML	735	0	430.242441813151	1	28330.86	0.0
84	input_spectra/5-B2R09.mzML	736	0	211.143559773763	1	28381.739999999998	0.0
84	input_spectra/5-B2R09.mzML	737	0	211.143559773763	1	28393.2	0.0
269	input_spectra/5-B2R09.mzML	738	0	680.422973632813	1	28432.559999999998	0.0
269	input_spectra/5-B2R09.mzML	739	0	680.422973632813	1	28444.079999999998	0.0
105	input_spectra/5-B2R09.mzML	740	0	245.127787272135	1	28796.1	0.0
105	input_spectra/5-B2R09.mzML	741	0	245.127787272135	1	28807.62	0.0
105	input_spectra/5-B2R09.mzML	742	0	245.127787272135	1	28846.98	0.0
105	input_spectra/5-B2R09.mzML	743	0	245.127787272135	1	28858.44	0.0
105	input_spectra/5-B2R09.mzML	744	0	245.127787272135	1	28897.859999999997	0.0
105	input_spectra/5-B2R09.mzML	745	0	245.127787272135	1	28909.32	0.0
38	input_spectra/5-B2R09.mzML	746	0	145.075622558594	1	29417.100000000002	0.0
38	input_spectra/5-B2R09.mzML	747	0	145.075622558594	1	29518.739999999998	0.0
137	input_spectra/5-B2R09.mzML	748	0	311.175018310547	1	29882.76	0.0
137	input_spectra/5-B2R09.mzML	749	0	311.175018310547	1	29894.28	0.0
137	input_spectra/5-B2R09.mzML	750	0	311.175018310547	1	29933.64	0.0
137	input_spectra/5-B2R09.mzML	751	0	311.175018310547	1	29945.1	0.0
137	input_spectra/5-B2R09.mzML	752	0	311.175018310547	1	29984.52	0.0
137	input_spectra/5-B2R09.mzML	753	0	311.175018310547	1	29995.98	0.0
140	input_spectra/5-B2R09.mzML	754	0	328.268145525897	1	30564.42	0.0
140	input_spectra/5-B2R09.mzML	755	0	328.268145525897	1	30575.94	0.0
141	input_spectra/5-B2R09.mzML	756	0	328.268145525897	1	30615.24	0.0
142	input_spectra/5-B2R09.mzML	757	0	328.268145525897	1	30626.760000000002	0.0
143	input_spectra/5-B2R09.mzML	758	0	328.268145525897	1	30666.12	0.0
142	input_spectra/5-B2R09.mzML	759	0	328.268145525897	1	30677.58	0.0
68	input_spectra/5-B2R09.mzML	760	0	186.221481323242	1	30933.420000000002	0.0
68	input_spectra/5-B2R09.mzML	761	0	186.221481323242	1	31116.479999999996	0.0
68	input_spectra/5-B2R09.mzML	762	0	186.221481323242	1	31167.36	0.0
144	input_spectra/5-B2R09.mzML	763	0	328.268145525897	1	31723.2	0.0
140	input_spectra/5-B2R09.mzML	764	0	328.268145525897	1	31734.72	0.0
145	input_spectra/5-B2R09.mzML	765	0	328.268145525897	1	31774.02	0.0
144	input_spectra/5-B2R09.mzML	766	0	328.268145525897	1	31785.54	0.0
141	input_spectra/5-B2R09.mzML	767	0	328.268145525897	1	31824.899999999998	0.0
146	input_spectra/5-B2R09.mzML	768	0	328.268145525897	1	31836.42	0.0
68	input_spectra/5-B2R09.mzML	769	0	186.221481323242	1	32204.880000000005	0.0
68	input_spectra/5-B2R09.mzML	770	0	186.221481323242	1	32216.4	0.0
68	input_spectra/5-B2R09.mzML	771	0	186.221481323242	1	32255.760000000002	0.0
68	input_spectra/5-B2R09.mzML	772	0	186.221481323242	1	32306.579999999998	0.0
118	input_spectra/5-B2R09.mzML	773	0	274.273956298828	1	32357.399999999998	0.0
118	input_spectra/5-B2R09.mzML	774	0	274.273956298828	1	32368.92	0.0
118	input_spectra/5-B2R09.mzML	775	0	274.273956298828	1	32408.280000000002	0.0
119	input_spectra/5-B2R09.mzML	776	0	274.273956298828	1	32419.739999999998	0.0
118	input_spectra/5-B2R09.mzML	777	0	274.273956298828	1	32459.100000000002	0.0
118	input_spectra/5-B2R09.mzML	778	0	274.273956298828	1	32470.620000000003	0.0
194	input_spectra/5-B2R09.mzML	779	0	466.316274007161	1	32897.520000000004	0.0
195	input_spectra/5-B2R09.mzML	780	0	466.316274007161	1	32908.979999999996	0.0
141	input_spectra/5-B2R09.mzML	781	0	328.268145525897	1	32920.5	0.0
147	input_spectra/5-B2R09.mzML	782	0	328.268145525897	1	32932.02	0.0
194	input_spectra/5-B2R09.mzML	783	0	466.316274007161	1	32994.420000000006	0.0
195	input_spectra/5-B2R09.mzML	784	0	466.316274007161	1	33005.94	0.0
227	input_spectra/5-B2R09.mzML	785	0	534.35361735026	1	33017.46000000001	0.0
140	input_spectra/5-B2R09.mzML	786	0	328.268145525897	1	33063.479999999996	0.0
142	input_spectra/5-B2R09.mzML	787	0	328.268145525897	1	33074.94	0.0
227	input_spectra/5-B2R09.mzML	788	0	534.35361735026	1	33171.9	0.0
294	input_spectra/5-B2R09.mzML	789	0	931.622985839844	1	33183.479999999996	0.0
144	input_spectra/5-B2R09.mzML	790	0	328.268145525897	1	33229.56	0.0
146	input_spectra/5-B2R09.mzML	791	0	328.268145525897	1	33241.08	0.0
227	input_spectra/5-B2R09.mzML	792	0	534.35361735026	1	33280.44	0.0
227	input_spectra/5-B2R09.mzML	793	0	534.35361735026	1	33291.96	0.0
294	input_spectra/5-B2R09.mzML	794	0	931.622985839844	1	33326.58	0.0
145	input_spectra/5-B2R09.mzML	795	0	328.268145525897	1	34116.780000000006	0.0
140	input_spectra/5-B2R09.mzML	796	0	328.268145525897	1	34179.12	0.0
140	input_spectra/5-B2R09.mzML	797	0	328.268145525897	1	34190.64	0.0
140	input_spectra/5-B2R09.mzML	798	0	328.268145525897	1	34230.0	0.0
142	input_spectra/5-B2R09.mzML	799	0	328.268145525897	1	34241.520000000004	0.0
96	input_spectra/5-B2R09.mzML	800	0	230.248057047526	1	34353.0	0.0
96	input_spectra/5-B2R09.mzML	801	0	230.248057047526	1	34364.52	0.0
96	input_spectra/5-B2R09.mzML	802	0	230.248057047526	1	34403.880000000005	0.0
96	input_spectra/5-B2R09.mzML	803	0	230.248057047526	1	34415.340000000004	0.0
96	input_spectra/5-B2R09.mzML	804	0	230.248057047526	1	34454.7	0.0
96	input_spectra/5-B2R09.mzML	805	0	230.248057047526	1	34466.22	0.0
142	input_spectra/5-B2R09.mzML	806	0	328.268145525897	1	35299.200000000004	0.0
147	input_spectra/5-B2R09.mzML	807	0	328.268145525897	1	35310.659999999996	0.0
140	input_spectra/5-B2R09.mzML	808	0	328.268145525897	1	35350.020000000004	0.0
147	input_spectra/5-B2R09.mzML	809	0	328.268145525897	1	35361.54	0.0
144	input_spectra/5-B2R09.mzML	810	0	328.268145525897	1	35400.9	0.0
140	input_spectra/5-B2R09.mzML	811	0	328.268145525897	1	35412.42	0.0
185	input_spectra/5-B2R09.mzML	812	0	444.287982177734	1	35932.74	0.0
185	input_spectra/5-B2R09.mzML	813	0	444.287982177734	1	35944.26	0.0
225	input_spectra/5-B2R09.mzML	814	0	533.325317382813	1	35983.619999999995	0.0
226	input_spectra/5-B2R09.mzML	815	0	533.325317382813	1	35995.14	0.0
207	input_spectra/5-B2R09.mzML	816	0	498.28818766276	1	36006.659999999996	0.0
208	input_spectra/5-B2R09.mzML	817	0	498.28818766276	1	36018.18	0.0
185	input_spectra/5-B2R09.mzML	818	0	444.287982177734	1	36029.7	0.0
185	input_spectra/5-B2R09.mzML	819	0	444.287982177734	1	36041.16	0.0
159	input_spectra/5-B2R09.mzML	820	0	358.240966796875	1	36052.68	0.0
159	input_spectra/5-B2R09.mzML	821	0	358.240966796875	1	36064.200000000004	0.0
207	input_spectra/5-B2R09.mzML	822	0	498.28818766276	1	36103.56	0.0
208	input_spectra/5-B2R09.mzML	823	0	498.28818766276	1	36115.08	0.0
225	input_spectra/5-B2R09.mzML	824	0	533.325317382813	1	36126.6	0.0
226	input_spectra/5-B2R09.mzML	825	0	533.325317382813	1	36138.12	0.0
159	input_spectra/5-B2R09.mzML	826	0	358.240966796875	1	36172.619999999995	0.0
159	input_spectra/5-B2R09.mzML	827	0	358.240966796875	1	36184.14	0.0
207	input_spectra/5-B2R09.mzML	828	0	498.28818766276	1	36246.54	0.0
208	input_spectra/5-B2R09.mzML	829	0	498.28818766276	1	36258.060000000005	0.0
225	input_spectra/5-B2R09.mzML	830	0	533.325317382813	1	36269.58	0.0
226	input_spectra/5-B2R09.mzML	831	0	533.325317382813	1	36281.04	0.0
159	input_spectra/5-B2R09.mzML	832	0	358.240966796875	1	36338.64	0.0
159	input_spectra/5-B2R09.mzML	833	0	358.240966796875	1	36350.100000000006	0.0
185	input_spectra/5-B2R09.mzML	834	0	444.287982177734	1	36412.5	0.0
185	input_spectra/5-B2R09.mzML	835	0	444.287982177734	1	36424.020000000004	0.0
230	input_spectra/5-B2R09.mzML	836	0	538.280303955078	1	36481.74	0.0
230	input_spectra/5-B2R09.mzML	837	0	538.280303955078	1	36493.26	0.0
143	input_spectra/5-B2R09.mzML	838	0	328.268145525897	1	36532.68	0.0
147	input_spectra/5-B2R09.mzML	839	0	328.268145525897	1	36544.14	0.0
230	input_spectra/5-B2R09.mzML	840	0	538.280303955078	1	36555.659999999996	0.0
230	input_spectra/5-B2R09.mzML	841	0	538.280303955078	1	36567.18	0.0
143	input_spectra/5-B2R09.mzML	842	0	328.268145525897	1	36629.64	0.0
142	input_spectra/5-B2R09.mzML	843	0	328.268145525897	1	36641.1	0.0
143	input_spectra/5-B2R09.mzML	844	0	328.268145525897	1	36680.46	0.0
147	input_spectra/5-B2R09.mzML	845	0	328.268145525897	1	36691.98	0.0
198	input_spectra/5-B2R09.mzML	846	0	477.331858317057	1	36925.44	0.0
198	input_spectra/5-B2R09.mzML	847	0	477.331858317057	1	36936.96	0.0
174	input_spectra/5-B2R09.mzML	848	0	426.320678710938	1	36948.479999999996	0.0
158	input_spectra/5-B2R09.mzML	849	0	355.263000488281	1	36971.46	0.0
158	input_spectra/5-B2R09.mzML	850	0	355.263000488281	1	36982.98	0.0
162	input_spectra/5-B2R09.mzML	851	0	373.273722330729	1	37033.86	0.0
287	input_spectra/5-B2R09.mzML	852	0	817.581756591797	1	37045.44	0.0
287	input_spectra/5-B2R09.mzML	853	0	817.581756591797	1	37056.96	0.0
174	input_spectra/5-B2R09.mzML	854	0	426.320678710938	1	37068.54	0.0
198	input_spectra/5-B2R09.mzML	855	0	477.331858317057	1	37103.04	0.0
158	input_spectra/5-B2R09.mzML	856	0	355.263000488281	1	37114.56	0.0
158	input_spectra/5-B2R09.mzML	857	0	355.263000488281	1	37126.020000000004	0.0
198	input_spectra/5-B2R09.mzML	858	0	477.331858317057	1	37188.42	0.0
198	input_spectra/5-B2R09.mzML	859	0	477.331858317057	1	37199.94	0.0
287	input_spectra/5-B2R09.mzML	860	0	817.581756591797	1	37211.520000000004	0.0
287	input_spectra/5-B2R09.mzML	861	0	817.581756591797	1	37223.04	0.0
158	input_spectra/5-B2R09.mzML	862	0	355.263000488281	1	37246.08	0.0
159	input_spectra/5-B2R09.mzML	863	0	358.240966796875	1	37285.5	0.0
159	input_spectra/5-B2R09.mzML	864	0	358.240966796875	1	37296.96	0.0
185	input_spectra/5-B2R09.mzML	865	0	444.287982177734	1	37336.380000000005	0.0
185	input_spectra/5-B2R09.mzML	866	0	444.287982177734	1	37347.9	0.0
159	input_spectra/5-B2R09.mzML	867	0	358.240966796875	1	37359.36	0.0
159	input_spectra/5-B2R09.mzML	868	0	358.240966796875	1	37370.88	0.0
159	input_spectra/5-B2R09.mzML	869	0	358.240966796875	1	37410.24	0.0
159	input_spectra/5-B2R09.mzML	870	0	358.240966796875	1	37421.700000000004	0.0
185	input_spectra/5-B2R09.mzML	871	0	444.287982177734	1	37433.219999999994	0.0
185	input_spectra/5-B2R09.mzML	872	0	444.287982177734	1	37444.74	0.0
143	input_spectra/5-B2R09.mzML	873	0	328.268145525897	1	37754.22	0.0
147	input_spectra/5-B2R09.mzML	874	0	328.268145525897	1	37765.68	0.0
140	input_spectra/5-B2R09.mzML	875	0	328.268145525897	1	37851.06	0.0
144	input_spectra/5-B2R09.mzML	876	0	328.268145525897	1	37862.58	0.0
143	input_spectra/5-B2R09.mzML	877	0	328.268145525897	1	37901.939999999995	0.0
144	input_spectra/5-B2R09.mzML	878	0	328.268145525897	1	37913.4	0.0
108	input_spectra/5-B2R09.mzML	879	0	258.278900146484	1	38037.0	0.0
108	input_spectra/5-B2R09.mzML	880	0	258.278900146484	1	38048.46	0.0
108	input_spectra/5-B2R09.mzML	881	0	258.278900146484	1	38087.82	0.0
108	input_spectra/5-B2R09.mzML	882	0	258.278900146484	1	38099.340000000004	0.0
108	input_spectra/5-B2R09.mzML	883	0	258.278900146484	1	38138.7	0.0
108	input_spectra/5-B2R09.mzML	884	0	258.278900146484	1	38150.16	0.0
213	input_spectra/5-B2R09.mzML	885	0	518.358276367188	1	38377.26	0.0
213	input_spectra/5-B2R09.mzML	886	0	518.358276367188	1	38388.78	0.0
213	input_spectra/5-B2R09.mzML	887	0	518.358276367188	1	38451.119999999995	0.0
213	input_spectra/5-B2R09.mzML	888	0	518.358276367188	1	38462.64	0.0
213	input_spectra/5-B2R09.mzML	889	0	518.358276367188	1	38502.0	0.0
213	input_spectra/5-B2R09.mzML	890	0	518.358276367188	1	38513.520000000004	0.0
135	input_spectra/5-B2R09.mzML	891	0	304.299733479818	1	38661.06	0.0
135	input_spectra/5-B2R09.mzML	892	0	304.299733479818	1	38672.58	0.0
135	input_spectra/5-B2R09.mzML	893	0	304.299733479818	1	38711.88	0.0
135	input_spectra/5-B2R09.mzML	894	0	304.299733479818	1	38723.4	0.0
135	input_spectra/5-B2R09.mzML	895	0	304.299733479818	1	38762.76	0.0
135	input_spectra/5-B2R09.mzML	896	0	304.299733479818	1	38774.280000000006	0.0
233	input_spectra/5-B2R09.mzML	897	0	558.383605957031	1	38837.7	0.0
233	input_spectra/5-B2R09.mzML	898	0	558.383605957031	1	38849.159999999996	0.0
233	input_spectra/5-B2R09.mzML	899	0	558.383605957031	1	38888.520000000004	0.0
233	input_spectra/5-B2R09.mzML	900	0	558.383605957031	1	38900.03999999999	0.0
233	input_spectra/5-B2R09.mzML	901	0	558.383605957031	1	38939.46	0.0
233	input_spectra/5-B2R09.mzML	902	0	558.383605957031	1	38950.92	0.0
143	input_spectra/5-B2R09.mzML	903	0	328.268145525897	1	38990.28	0.0
140	input_spectra/5-B2R09.mzML	904	0	328.268145525897	1	39001.799999999996	0.0
143	input_spectra/5-B2R09.mzML	905	0	328.268145525897	1	39041.16	0.0
147	input_spectra/5-B2R09.mzML	906	0	328.268145525897	1	39052.68	0.0
212	input_spectra/5-B2R09.mzML	907	0	514.357340494792	1	39064.200000000004	0.0
212	input_spectra/5-B2R09.mzML	908	0	514.357340494792	1	39075.719999999994	0.0
143	input_spectra/5-B2R09.mzML	909	0	328.268145525897	1	39115.08	0.0
140	input_spectra/5-B2R09.mzML	910	0	328.268145525897	1	39126.6	0.0
212	input_spectra/5-B2R09.mzML	911	0	514.357340494792	1	39138.12	0.0
212	input_spectra/5-B2R09.mzML	912	0	514.357340494792	1	39149.64	0.0
212	input_spectra/5-B2R09.mzML	913	0	514.357340494792	1	39189.0	0.0
212	input_spectra/5-B2R09.mzML	914	0	514.357340494792	1	39200.52	0.0
125	input_spectra/5-B2R09.mzML	915	0	286.219482421875	1	39988.200000000004	0.0
143	input_spectra/5-B2R09.mzML	916	0	328.268145525897	1	40147.26	0.0
140	input_spectra/5-B2R09.mzML	917	0	328.268145525897	1	40158.72	0.0
143	input_spectra/5-B2R09.mzML	918	0	328.268145525897	1	40198.079999999994	0.0
140	input_spectra/5-B2R09.mzML	919	0	328.268145525897	1	40209.54	0.0
143	input_spectra/5-B2R09.mzML	920	0	328.268145525897	1	40248.96	0.0
146	input_spectra/5-B2R09.mzML	921	0	328.268145525897	1	40260.42	0.0
126	input_spectra/5-B2R09.mzML	922	0	286.219482421875	1	40395.96	0.0
126	input_spectra/5-B2R09.mzML	923	0	286.219482421875	1	40506.96	0.0
125	input_spectra/5-B2R09.mzML	924	0	286.219482421875	1	40518.479999999996	0.0
143	input_spectra/5-B2R09.mzML	925	0	328.268145525897	1	41291.28	0.0
146	input_spectra/5-B2R09.mzML	926	0	328.268145525897	1	41302.8	0.0
143	input_spectra/5-B2R09.mzML	927	0	328.268145525897	1	41342.159999999996	0.0
146	input_spectra/5-B2R09.mzML	928	0	328.268145525897	1	41353.68	0.0
143	input_spectra/5-B2R09.mzML	929	0	328.268145525897	1	41393.04	0.0
146	input_spectra/5-B2R09.mzML	930	0	328.268145525897	1	41404.5	0.0
126	input_spectra/5-B2R09.mzML	931	0	286.219482421875	1	41588.159999999996	0.0
126	input_spectra/5-B2R09.mzML	932	0	286.219482421875	1	41599.68	0.0
127	input_spectra/5-B2R09.mzML	933	0	286.219482421875	1	41639.04	0.0
126	input_spectra/5-B2R09.mzML	934	0	286.219482421875	1	41689.92	0.0
126	input_spectra/5-B2R09.mzML	935	0	286.219482421875	1	41701.44	0.0
144	input_spectra/5-B2R09.mzML	936	0	328.268145525897	1	42438.18	0.0
147	input_spectra/5-B2R09.mzML	937	0	328.268145525897	1	42449.7	0.0
143	input_spectra/5-B2R09.mzML	938	0	328.268145525897	1	42489.0	0.0
147	input_spectra/5-B2R09.mzML	939	0	328.268145525897	1	42500.52	0.0
143	input_spectra/5-B2R09.mzML	940	0	328.268145525897	1	42539.880000000005	0.0
146	input_spectra/5-B2R09.mzML	941	0	328.268145525897	1	42551.4	0.0
125	input_spectra/5-B2R09.mzML	942	0	286.219482421875	1	42735.06	0.0
125	input_spectra/5-B2R09.mzML	943	0	286.219482421875	1	42746.520000000004	0.0
125	input_spectra/5-B2R09.mzML	944	0	286.219482421875	1	42785.94	0.0
126	input_spectra/5-B2R09.mzML	945	0	286.219482421875	1	42797.399999999994	0.0
151	input_spectra/5-B2R09.mzML	946	0	332.331197102865	1	42808.92	0.0
151	input_spectra/5-B2R09.mzML	947	0	332.331197102865	1	42820.44	0.0
151	input_spectra/5-B2R09.mzML	948	0	332.331197102865	1	42859.74	0.0
151	input_spectra/5-B2R09.mzML	949	0	332.331197102865	1	42871.259999999995	0.0
125	input_spectra/5-B2R09.mzML	950	0	286.219482421875	1	42882.72	0.0
125	input_spectra/5-B2R09.mzML	951	0	286.219482421875	1	42894.24	0.0
151	input_spectra/5-B2R09.mzML	952	0	332.331197102865	1	42933.6	0.0
151	input_spectra/5-B2R09.mzML	953	0	332.331197102865	1	42945.119999999995	0.0
143	input_spectra/5-B2R09.mzML	954	0	328.268145525897	1	43597.74	0.0
146	input_spectra/5-B2R09.mzML	955	0	328.268145525897	1	43609.200000000004	0.0
143	input_spectra/5-B2R09.mzML	956	0	328.268145525897	1	43648.56	0.0
147	input_spectra/5-B2R09.mzML	957	0	328.268145525897	1	43660.020000000004	0.0
200	input_spectra/5-B2R09.mzML	958	0	483.248596191406	1	43671.54	0.0
200	input_spectra/5-B2R09.mzML	959	0	483.248596191406	1	43683.060000000005	0.0
183	input_spectra/5-B2R09.mzML	960	0	440.409647623698	1	43694.58	0.0
184	input_spectra/5-B2R09.mzML	961	0	440.409647623698	1	43706.1	0.0
143	input_spectra/5-B2R09.mzML	962	0	328.268145525897	1	43745.46	0.0
147	input_spectra/5-B2R09.mzML	963	0	328.268145525897	1	43756.98	0.0
200	input_spectra/5-B2R09.mzML	964	0	483.248596191406	1	43768.5	0.0
200	input_spectra/5-B2R09.mzML	965	0	483.248596191406	1	43780.020000000004	0.0
183	input_spectra/5-B2R09.mzML	966	0	440.409647623698	1	43791.54	0.0
184	input_spectra/5-B2R09.mzML	967	0	440.409647623698	1	43803.0	0.0
183	input_spectra/5-B2R09.mzML	968	0	440.409647623698	1	43842.42	0.0
184	input_spectra/5-B2R09.mzML	969	0	440.409647623698	1	43853.94	0.0
200	input_spectra/5-B2R09.mzML	970	0	483.248596191406	1	43865.4	0.0
200	input_spectra/5-B2R09.mzML	971	0	483.248596191406	1	43876.920000000006	0.0
125	input_spectra/5-B2R09.mzML	972	0	286.219482421875	1	43916.28	0.0
125	input_spectra/5-B2R09.mzML	973	0	286.219482421875	1	43927.8	0.0
127	input_spectra/5-B2R09.mzML	974	0	286.219482421875	1	43967.159999999996	0.0
127	input_spectra/5-B2R09.mzML	975	0	286.219482421875	1	43978.68	0.0
125	input_spectra/5-B2R09.mzML	976	0	286.219482421875	1	44018.04	0.0
126	input_spectra/5-B2R09.mzML	977	0	286.219482421875	1	44029.56	0.0
186	input_spectra/5-B2R09.mzML	978	0	444.297098795573	1	44092.98	0.0
186	input_spectra/5-B2R09.mzML	979	0	444.297098795573	1	44104.439999999995	0.0
186	input_spectra/5-B2R09.mzML	980	0	444.297098795573	1	44245.62	0.0
186	input_spectra/5-B2R09.mzML	981	0	444.297098795573	1	44257.14	0.0
210	input_spectra/5-B2R09.mzML	982	0	500.30317179362	1	44280.119999999995	0.0
186	input_spectra/5-B2R09.mzML	983	0	444.297098795573	1	44367.600000000006	0.0
186	input_spectra/5-B2R09.mzML	984	0	444.297098795573	1	44379.12	0.0
143	input_spectra/5-B2R09.mzML	985	0	328.268145525897	1	44743.14	0.0
147	input_spectra/5-B2R09.mzML	986	0	328.268145525897	1	44754.6	0.0
143	input_spectra/5-B2R09.mzML	987	0	328.268145525897	1	44793.96	0.0
147	input_spectra/5-B2R09.mzML	988	0	328.268145525897	1	44805.42	0.0
143	input_spectra/5-B2R09.mzML	989	0	328.268145525897	1	44844.78	0.0
146	input_spectra/5-B2R09.mzML	990	0	328.268145525897	1	44856.3	0.0
127	input_spectra/5-B2R09.mzML	991	0	286.219482421875	1	45076.020000000004	0.0
125	input_spectra/5-B2R09.mzML	992	0	286.219482421875	1	45087.53999999999	0.0
125	input_spectra/5-B2R09.mzML	993	0	286.219482421875	1	45126.9	0.0
126	input_spectra/5-B2R09.mzML	994	0	286.219482421875	1	45177.72	0.0
126	input_spectra/5-B2R09.mzML	995	0	286.219482421875	1	45189.24	0.0
155	input_spectra/5-B2R09.mzML	996	0	346.276640648935	1	45649.439999999995	0.0
155	input_spectra/5-B2R09.mzML	997	0	346.276640648935	1	45660.96	0.0
155	input_spectra/5-B2R09.mzML	998	0	346.276640648935	1	45808.5	0.0
156	input_spectra/5-B2R09.mzML	999	0	346.276640648935	1	45820.020000000004	0.0
143	input_spectra/5-B2R09.mzML	1000	0	328.268145525897	1	45883.44	0.0
147	input_spectra/5-B2R09.mzML	1001	0	328.268145525897	1	45894.899999999994	0.0
143	input_spectra/5-B2R09.mzML	1002	0	328.268145525897	1	45934.26	0.0
146	input_spectra/5-B2R09.mzML	1003	0	328.268145525897	1	45945.78	0.0
143	input_spectra/5-B2R09.mzML	1004	0	328.268145525897	1	45985.14	0.0
146	input_spectra/5-B2R09.mzML	1005	0	328.268145525897	1	45996.659999999996	0.0
155	input_spectra/5-B2R09.mzML	1006	0	346.276640648935	1	46110.96	0.0
156	input_spectra/5-B2R09.mzML	1007	0	346.276640648935	1	46122.479999999996	0.0
125	input_spectra/5-B2R09.mzML	1008	0	286.219482421875	1	46247.76	0.0
125	input_spectra/5-B2R09.mzML	1009	0	286.219482421875	1	46259.22	0.0
125	input_spectra/5-B2R09.mzML	1010	0	286.219482421875	1	46298.58	0.0
126	input_spectra/5-B2R09.mzML	1011	0	286.219482421875	1	46310.03999999999	0.0
125	input_spectra/5-B2R09.mzML	1012	0	286.219482421875	1	46349.46	0.0
126	input_spectra/5-B2R09.mzML	1013	0	286.219482421875	1	46360.92	0.0
278	input_spectra/5-B2R09.mzML	1014	0	748.539855957031	1	46372.5	0.0
278	input_spectra/5-B2R09.mzML	1015	0	748.539855957031	1	46384.020000000004	0.0
272	input_spectra/5-B2R09.mzML	1016	0	704.514383951823	1	46471.5	0.0
272	input_spectra/5-B2R09.mzML	1017	0	704.514383951823	1	46483.02	0.0
272	input_spectra/5-B2R09.mzML	1018	0	704.514383951823	1	46522.44	0.0
272	input_spectra/5-B2R09.mzML	1019	0	704.514383951823	1	46533.96	0.0
272	input_spectra/5-B2R09.mzML	1020	0	704.514383951823	1	46573.32	0.0
272	input_spectra/5-B2R09.mzML	1021	0	704.514383951823	1	46584.84	0.0
266	input_spectra/5-B2R09.mzML	1022	0	660.48779296875	1	46732.44	0.0
266	input_spectra/5-B2R09.mzML	1023	0	660.48779296875	1	46743.96	0.0
266	input_spectra/5-B2R09.mzML	1024	0	660.48779296875	1	46783.38	0.0
266	input_spectra/5-B2R09.mzML	1025	0	660.48779296875	1	46794.899999999994	0.0
266	input_spectra/5-B2R09.mzML	1026	0	660.48779296875	1	46834.26	0.0
266	input_spectra/5-B2R09.mzML	1027	0	660.48779296875	1	46845.78	0.0
143	input_spectra/5-B2R09.mzML	1028	0	328.268145525897	1	47017.44	0.0
147	input_spectra/5-B2R09.mzML	1029	0	328.268145525897	1	47028.9	0.0
259	input_spectra/5-B2R09.mzML	1030	0	616.462219238281	1	47040.48	0.0
259	input_spectra/5-B2R09.mzML	1031	0	616.462219238281	1	47052.0	0.0
143	input_spectra/5-B2R09.mzML	1032	0	328.268145525897	1	47091.36	0.0
146	input_spectra/5-B2R09.mzML	1033	0	328.268145525897	1	47102.82	0.0
259	input_spectra/5-B2R09.mzML	1034	0	616.462219238281	1	47114.4	0.0
259	input_spectra/5-B2R09.mzML	1035	0	616.462219238281	1	47125.92	0.0
143	input_spectra/5-B2R09.mzML	1036	0	328.268145525897	1	47165.28	0.0
146	input_spectra/5-B2R09.mzML	1037	0	328.268145525897	1	47176.799999999996	0.0
259	input_spectra/5-B2R09.mzML	1038	0	616.462219238281	1	47188.32	0.0
259	input_spectra/5-B2R09.mzML	1039	0	616.462219238281	1	47199.84	0.0
155	input_spectra/5-B2R09.mzML	1040	0	346.276640648935	1	47239.200000000004	0.0
155	input_spectra/5-B2R09.mzML	1041	0	346.276640648935	1	47250.659999999996	0.0
155	input_spectra/5-B2R09.mzML	1042	0	346.276640648935	1	47290.08	0.0
156	input_spectra/5-B2R09.mzML	1043	0	346.276640648935	1	47301.6	0.0
241	input_spectra/5-B2R09.mzML	1044	0	572.435872395833	1	47340.96	0.0
241	input_spectra/5-B2R09.mzML	1045	0	572.435872395833	1	47352.479999999996	0.0
241	input_spectra/5-B2R09.mzML	1046	0	572.435872395833	1	47391.840000000004	0.0
241	input_spectra/5-B2R09.mzML	1047	0	572.435872395833	1	47403.36	0.0
155	input_spectra/5-B2R09.mzML	1048	0	346.276640648935	1	47414.880000000005	0.0
156	input_spectra/5-B2R09.mzML	1049	0	346.276640648935	1	47426.34	0.0
241	input_spectra/5-B2R09.mzML	1050	0	572.435872395833	1	47465.76	0.0
241	input_spectra/5-B2R09.mzML	1051	0	572.435872395833	1	47477.22	0.0
126	input_spectra/5-B2R09.mzML	1052	0	286.219482421875	1	47488.740000000005	0.0
125	input_spectra/5-B2R09.mzML	1053	0	286.219482421875	1	47500.26	0.0
125	input_spectra/5-B2R09.mzML	1054	0	286.219482421875	1	47539.56	0.0
125	input_spectra/5-B2R09.mzML	1055	0	286.219482421875	1	47551.08	0.0
125	input_spectra/5-B2R09.mzML	1056	0	286.219482421875	1	47613.54	0.0
126	input_spectra/5-B2R09.mzML	1057	0	286.219482421875	1	47625.0	0.0
221	input_spectra/5-B2R09.mzML	1058	0	528.410217285156	1	47687.399999999994	0.0
221	input_spectra/5-B2R09.mzML	1059	0	528.410217285156	1	47698.92	0.0
242	input_spectra/5-B2R09.mzML	1060	0	577.39121500651	1	47710.44	0.0
242	input_spectra/5-B2R09.mzML	1061	0	577.39121500651	1	47721.96	0.0
221	input_spectra/5-B2R09.mzML	1062	0	528.410217285156	1	47761.32	0.0
221	input_spectra/5-B2R09.mzML	1063	0	528.410217285156	1	47772.840000000004	0.0
221	input_spectra/5-B2R09.mzML	1064	0	528.410217285156	1	47812.26	0.0
221	input_spectra/5-B2R09.mzML	1065	0	528.410217285156	1	47823.78	0.0
243	input_spectra/5-B2R09.mzML	1066	0	579.420450846354	1	47909.159999999996	0.0
243	input_spectra/5-B2R09.mzML	1067	0	579.420450846354	1	47920.68	0.0
243	input_spectra/5-B2R09.mzML	1068	0	579.420450846354	1	47983.079999999994	0.0
243	input_spectra/5-B2R09.mzML	1069	0	579.420450846354	1	47994.6	0.0
243	input_spectra/5-B2R09.mzML	1070	0	579.420450846354	1	48033.96	0.0
243	input_spectra/5-B2R09.mzML	1071	0	579.420450846354	1	48045.48	0.0
202	input_spectra/5-B2R09.mzML	1072	0	484.383941650391	1	48057.0	0.0
202	input_spectra/5-B2R09.mzML	1073	0	484.383941650391	1	48068.520000000004	0.0
202	input_spectra/5-B2R09.mzML	1074	0	484.383941650391	1	48107.82	0.0
202	input_spectra/5-B2R09.mzML	1075	0	484.383941650391	1	48119.340000000004	0.0
202	input_spectra/5-B2R09.mzML	1076	0	484.383941650391	1	48158.759999999995	0.0
202	input_spectra/5-B2R09.mzML	1077	0	484.383941650391	1	48170.22	0.0
143	input_spectra/5-B2R09.mzML	1078	0	328.268145525897	1	48232.619999999995	0.0
147	input_spectra/5-B2R09.mzML	1079	0	328.268145525897	1	48244.14	0.0
228	input_spectra/5-B2R09.mzML	1080	0	535.39404296875	1	48278.64	0.0
228	input_spectra/5-B2R09.mzML	1081	0	535.39404296875	1	48290.16	0.0
143	input_spectra/5-B2R09.mzML	1082	0	328.268145525897	1	48329.58	0.0
147	input_spectra/5-B2R09.mzML	1083	0	328.268145525897	1	48341.04	0.0
228	input_spectra/5-B2R09.mzML	1084	0	535.39404296875	1	48375.6	0.0
228	input_spectra/5-B2R09.mzML	1085	0	535.39404296875	1	48387.12	0.0
196	input_spectra/5-B2R09.mzML	1086	0	467.356597900391	1	48398.64	0.0
143	input_spectra/5-B2R09.mzML	1087	0	328.268145525897	1	48449.52	0.0
147	input_spectra/5-B2R09.mzML	1088	0	328.268145525897	1	48460.979999999996	0.0
228	input_spectra/5-B2R09.mzML	1089	0	535.39404296875	1	48472.56	0.0
228	input_spectra/5-B2R09.mzML	1090	0	535.39404296875	1	48484.020000000004	0.0
196	input_spectra/5-B2R09.mzML	1091	0	467.356597900391	1	48495.54	0.0
182	input_spectra/5-B2R09.mzML	1092	0	440.359008789063	1	48518.58	0.0
182	input_spectra/5-B2R09.mzML	1093	0	440.359008789063	1	48530.03999999999	0.0
182	input_spectra/5-B2R09.mzML	1094	0	440.359008789063	1	48569.46	0.0
182	input_spectra/5-B2R09.mzML	1095	0	440.359008789063	1	48580.979999999996	0.0
155	input_spectra/5-B2R09.mzML	1096	0	346.276640648935	1	48615.48	0.0
156	input_spectra/5-B2R09.mzML	1097	0	346.276640648935	1	48626.939999999995	0.0
204	input_spectra/5-B2R09.mzML	1098	0	491.368509928385	1	48638.520000000004	0.0
182	input_spectra/5-B2R09.mzML	1099	0	440.359008789063	1	48689.4	0.0
182	input_spectra/5-B2R09.mzML	1100	0	440.359008789063	1	48700.92	0.0
204	input_spectra/5-B2R09.mzML	1101	0	491.368509928385	1	48735.42	0.0
173	input_spectra/5-B2R09.mzML	1102	0	423.331075032552	1	48758.46	0.0
173	input_spectra/5-B2R09.mzML	1103	0	423.331075032552	1	48769.92	0.0
125	input_spectra/5-B2R09.mzML	1104	0	286.219482421875	1	48781.44	0.0
125	input_spectra/5-B2R09.mzML	1105	0	286.219482421875	1	48792.96	0.0
204	input_spectra/5-B2R09.mzML	1106	0	491.368509928385	1	48855.36	0.0
173	input_spectra/5-B2R09.mzML	1107	0	423.331075032552	1	48878.340000000004	0.0
173	input_spectra/5-B2R09.mzML	1108	0	423.331075032552	1	48889.86	0.0
125	input_spectra/5-B2R09.mzML	1109	0	286.219482421875	1	48901.32	0.0
126	input_spectra/5-B2R09.mzML	1110	0	286.219482421875	1	48912.840000000004	0.0
155	input_spectra/5-B2R09.mzML	1111	0	346.276640648935	1	48924.36	0.0
156	input_spectra/5-B2R09.mzML	1112	0	346.276640648935	1	48935.82	0.0
167	input_spectra/5-B2R09.mzML	1113	0	396.333831787109	1	48975.24	0.0
167	input_spectra/5-B2R09.mzML	1114	0	396.333831787109	1	48986.700000000004	0.0
125	input_spectra/5-B2R09.mzML	1115	0	286.219482421875	1	49021.2	0.0
125	input_spectra/5-B2R09.mzML	1116	0	286.219482421875	1	49032.72	0.0
173	input_spectra/5-B2R09.mzML	1117	0	423.331075032552	1	49044.24	0.0
173	input_spectra/5-B2R09.mzML	1118	0	423.331075032552	1	49055.700000000004	0.0
167	input_spectra/5-B2R09.mzML	1119	0	396.333831787109	1	49118.1	0.0
167	input_spectra/5-B2R09.mzML	1120	0	396.333831787109	1	49129.62	0.0
168	input_spectra/5-B2R09.mzML	1121	0	401.288024902344	1	49141.14	0.0
163	input_spectra/5-B2R09.mzML	1122	0	379.305104573568	1	49187.159999999996	0.0
163	input_spectra/5-B2R09.mzML	1123	0	379.305104573568	1	49198.619999999995	0.0
155	input_spectra/5-B2R09.mzML	1124	0	346.276640648935	1	49210.14	0.0
156	input_spectra/5-B2R09.mzML	1125	0	346.276640648935	1	49221.6	0.0
167	input_spectra/5-B2R09.mzML	1126	0	396.333831787109	1	49261.020000000004	0.0
167	input_spectra/5-B2R09.mzML	1127	0	396.333831787109	1	49272.479999999996	0.0
163	input_spectra/5-B2R09.mzML	1128	0	379.305104573568	1	49330.020000000004	0.0
163	input_spectra/5-B2R09.mzML	1129	0	379.305104573568	1	49341.54	0.0
163	input_spectra/5-B2R09.mzML	1130	0	379.305104573568	1	49380.9	0.0
163	input_spectra/5-B2R09.mzML	1131	0	379.305104573568	1	49392.42	0.0
143	input_spectra/5-B2R09.mzML	1132	0	328.268145525897	1	49431.780000000006	0.0
147	input_spectra/5-B2R09.mzML	1133	0	328.268145525897	1	49443.24	0.0
143	input_spectra/5-B2R09.mzML	1134	0	328.268145525897	1	49482.600000000006	0.0
147	input_spectra/5-B2R09.mzML	1135	0	328.268145525897	1	49494.12	0.0
157	input_spectra/5-B2R09.mzML	1136	0	352.306437174479	1	49505.579999999994	0.0
157	input_spectra/5-B2R09.mzML	1137	0	352.306437174479	1	49517.1	0.0
152	input_spectra/5-B2R09.mzML	1138	0	335.279103597005	1	49574.58	0.0
152	input_spectra/5-B2R09.mzML	1139	0	335.279103597005	1	49586.1	0.0
143	input_spectra/5-B2R09.mzML	1140	0	328.268145525897	1	49625.46	0.0
147	input_spectra/5-B2R09.mzML	1141	0	328.268145525897	1	49636.98	0.0
157	input_spectra/5-B2R09.mzML	1142	0	352.306437174479	1	49671.42	0.0
157	input_spectra/5-B2R09.mzML	1143	0	352.306437174479	1	49682.94	0.0
152	input_spectra/5-B2R09.mzML	1144	0	335.279103597005	1	49717.44	0.0
152	input_spectra/5-B2R09.mzML	1145	0	335.279103597005	1	49728.96	0.0
157	input_spectra/5-B2R09.mzML	1146	0	352.306437174479	1	49768.32	0.0
157	input_spectra/5-B2R09.mzML	1147	0	352.306437174479	1	49779.78	0.0
152	input_spectra/5-B2R09.mzML	1148	0	335.279103597005	1	49837.32	0.0
152	input_spectra/5-B2R09.mzML	1149	0	335.279103597005	1	49848.78	0.0
125	input_spectra/5-B2R09.mzML	1150	0	286.219482421875	1	49936.259999999995	0.0
125	input_spectra/5-B2R09.mzML	1151	0	286.219482421875	1	49947.72	0.0
125	input_spectra/5-B2R09.mzML	1152	0	286.219482421875	1	49987.08	0.0
125	input_spectra/5-B2R09.mzML	1153	0	286.219482421875	1	49998.6	0.0
136	input_spectra/5-B2R09.mzML	1154	0	308.279103597005	1	50010.06	0.0
136	input_spectra/5-B2R09.mzML	1155	0	308.279103597005	1	50021.58	0.0
125	input_spectra/5-B2R09.mzML	1156	0	286.219482421875	1	50060.94	0.0
125	input_spectra/5-B2R09.mzML	1157	0	286.219482421875	1	50072.399999999994	0.0
130	input_spectra/5-B2R09.mzML	1158	0	291.252899169922	1	50083.92	0.0
130	input_spectra/5-B2R09.mzML	1159	0	291.252899169922	1	50095.38	0.0
136	input_spectra/5-B2R09.mzML	1160	0	308.279103597005	1	50106.9	0.0
136	input_spectra/5-B2R09.mzML	1161	0	308.279103597005	1	50118.36	0.0
130	input_spectra/5-B2R09.mzML	1162	0	291.252899169922	1	50180.76	0.0
130	input_spectra/5-B2R09.mzML	1163	0	291.252899169922	1	50192.22	0.0
136	input_spectra/5-B2R09.mzML	1164	0	308.279103597005	1	50203.740000000005	0.0
136	input_spectra/5-B2R09.mzML	1165	0	308.279103597005	1	50215.26	0.0
155	input_spectra/5-B2R09.mzML	1166	0	346.276640648935	1	50249.7	0.0
156	input_spectra/5-B2R09.mzML	1167	0	346.276640648935	1	50261.22	0.0
161	input_spectra/5-B2R09.mzML	1168	0	359.289672851563	1	50272.74	0.0
161	input_spectra/5-B2R09.mzML	1169	0	359.289672851563	1	50284.200000000004	0.0
130	input_spectra/5-B2R09.mzML	1170	0	291.252899169922	1	50323.619999999995	0.0
130	input_spectra/5-B2R09.mzML	1171	0	291.252899169922	1	50335.08	0.0
155	input_spectra/5-B2R09.mzML	1172	0	346.276640648935	1	50369.58	0.0
155	input_spectra/5-B2R09.mzML	1173	0	346.276640648935	1	50381.1	0.0
155	input_spectra/5-B2R09.mzML	1174	0	346.276640648935	1	50420.46	0.0
156	input_spectra/5-B2R09.mzML	1175	0	346.276640648935	1	50431.920000000006	0.0
134	input_spectra/5-B2R09.mzML	1176	0	304.229795183454	1	50443.44	0.0
134	input_spectra/5-B2R09.mzML	1177	0	304.229795183454	1	50454.899999999994	0.0
134	input_spectra/5-B2R09.mzML	1178	0	304.229795183454	1	50494.32	0.0
134	input_spectra/5-B2R09.mzML	1179	0	304.229795183454	1	50505.78	0.0
134	input_spectra/5-B2R09.mzML	1180	0	304.229795183454	1	50581.259999999995	0.0
134	input_spectra/5-B2R09.mzML	1181	0	304.229795183454	1	50592.78	0.0
143	input_spectra/5-B2R09.mzML	1182	0	328.268145525897	1	50632.14	0.0
147	input_spectra/5-B2R09.mzML	1183	0	328.268145525897	1	50643.6	0.0
143	input_spectra/5-B2R09.mzML	1184	0	328.268145525897	1	50682.96	0.0
146	input_spectra/5-B2R09.mzML	1185	0	328.268145525897	1	50694.48	0.0
143	input_spectra/5-B2R09.mzML	1186	0	328.268145525897	1	50733.84	0.0
147	input_spectra/5-B2R09.mzML	1187	0	328.268145525897	1	50745.36	0.0
277	input_spectra/5-B2R09.mzML	1188	0	746.52294921875	1	50904.96000000001	0.0
277	input_spectra/5-B2R09.mzML	1189	0	746.52294921875	1	50916.479999999996	0.0
125	input_spectra/5-B2R09.mzML	1190	0	286.219482421875	1	51100.14	0.0
126	input_spectra/5-B2R09.mzML	1191	0	286.219482421875	1	51111.6	0.0
125	input_spectra/5-B2R09.mzML	1192	0	286.219482421875	1	51151.020000000004	0.0
125	input_spectra/5-B2R09.mzML	1193	0	286.219482421875	1	51162.479999999996	0.0
271	input_spectra/5-B2R09.mzML	1194	0	702.497253417969	1	51174.06	0.0
271	input_spectra/5-B2R09.mzML	1195	0	702.497253417969	1	51185.579999999994	0.0
126	input_spectra/5-B2R09.mzML	1196	0	286.219482421875	1	51224.94	0.0
125	input_spectra/5-B2R09.mzML	1197	0	286.219482421875	1	51236.4	0.0
271	input_spectra/5-B2R09.mzML	1198	0	702.497253417969	1	51247.98	0.0
271	input_spectra/5-B2R09.mzML	1199	0	702.497253417969	1	51259.5	0.0
271	input_spectra/5-B2R09.mzML	1200	0	702.497253417969	1	51298.86	0.0
271	input_spectra/5-B2R09.mzML	1201	0	702.497253417969	1	51310.38	0.0
156	input_spectra/5-B2R09.mzML	1202	0	346.276640648935	1	51433.979999999996	0.0
156	input_spectra/5-B2R09.mzML	1203	0	346.276640648935	1	51445.44	0.0
156	input_spectra/5-B2R09.mzML	1204	0	346.276640648935	1	51484.8	0.0
156	input_spectra/5-B2R09.mzML	1205	0	346.276640648935	1	51496.32	0.0
264	input_spectra/5-B2R09.mzML	1206	0	658.472391764323	1	51507.840000000004	0.0
264	input_spectra/5-B2R09.mzML	1207	0	658.472391764323	1	51519.420000000006	0.0
265	input_spectra/5-B2R09.mzML	1208	0	658.472391764323	1	51558.72	0.0
265	input_spectra/5-B2R09.mzML	1209	0	658.472391764323	1	51570.24	0.0
155	input_spectra/5-B2R09.mzML	1210	0	346.276640648935	1	51581.76	0.0
156	input_spectra/5-B2R09.mzML	1211	0	346.276640648935	1	51593.28	0.0
264	input_spectra/5-B2R09.mzML	1212	0	658.472391764323	1	51632.64	0.0
265	input_spectra/5-B2R09.mzML	1213	0	658.472391764323	1	51644.159999999996	0.0
134	input_spectra/5-B2R09.mzML	1214	0	304.229795183454	1	51695.579999999994	0.0
134	input_spectra/5-B2R09.mzML	1215	0	304.229795183454	1	51707.04	0.0
134	input_spectra/5-B2R09.mzML	1216	0	304.229795183454	1	51746.4	0.0
134	input_spectra/5-B2R09.mzML	1217	0	304.229795183454	1	51757.92	0.0
143	input_spectra/5-B2R09.mzML	1218	0	328.268145525897	1	51797.28	0.0
146	input_spectra/5-B2R09.mzML	1219	0	328.268145525897	1	51808.8	0.0
143	input_spectra/5-B2R09.mzML	1220	0	328.268145525897	1	51848.159999999996	0.0
147	input_spectra/5-B2R09.mzML	1221	0	328.268145525897	1	51859.62	0.0
255	input_spectra/5-B2R09.mzML	1222	0	614.446797688802	1	51871.2	0.0
255	input_spectra/5-B2R09.mzML	1223	0	614.446797688802	1	51882.72	0.0
134	input_spectra/5-B2R09.mzML	1224	0	304.229795183454	1	51894.24	0.0
134	input_spectra/5-B2R09.mzML	1225	0	304.229795183454	1	51905.700000000004	0.0
143	input_spectra/5-B2R09.mzML	1226	0	328.268145525897	1	51945.06	0.0
147	input_spectra/5-B2R09.mzML	1227	0	328.268145525897	1	51956.58	0.0
256	input_spectra/5-B2R09.mzML	1228	0	614.446797688802	1	51968.1	0.0
256	input_spectra/5-B2R09.mzML	1229	0	614.446797688802	1	51979.62	0.0
255	input_spectra/5-B2R09.mzML	1230	0	614.446797688802	1	52019.04	0.0
255	input_spectra/5-B2R09.mzML	1231	0	614.446797688802	1	52030.560000000005	0.0
127	input_spectra/5-B2R09.mzML	1232	0	286.219482421875	1	52238.28	0.0
125	input_spectra/5-B2R09.mzML	1233	0	286.219482421875	1	52249.74	0.0
125	input_spectra/5-B2R09.mzML	1234	0	286.219482421875	1	52289.1	0.0
125	input_spectra/5-B2R09.mzML	1235	0	286.219482421875	1	52300.62	0.0
239	input_spectra/5-B2R09.mzML	1236	0	570.420572916667	1	52312.14	0.0
240	input_spectra/5-B2R09.mzML	1237	0	570.420572916667	1	52323.66	0.0
240	input_spectra/5-B2R09.mzML	1238	0	570.420572916667	1	52363.02	0.0
240	input_spectra/5-B2R09.mzML	1239	0	570.420572916667	1	52374.54	0.0
125	input_spectra/5-B2R09.mzML	1240	0	286.219482421875	1	52386.06	0.0
125	input_spectra/5-B2R09.mzML	1241	0	286.219482421875	1	52397.58	0.0
240	input_spectra/5-B2R09.mzML	1242	0	570.420572916667	1	52436.88	0.0
239	input_spectra/5-B2R09.mzML	1243	0	570.420572916667	1	52448.4	0.0
155	input_spectra/5-B2R09.mzML	1244	0	346.276640648935	1	52612.619999999995	0.0
156	input_spectra/5-B2R09.mzML	1245	0	346.276640648935	1	52624.08	0.0
156	input_spectra/5-B2R09.mzML	1246	0	346.276640648935	1	52663.44	0.0
156	input_spectra/5-B2R09.mzML	1247	0	346.276640648935	1	52674.96000000001	0.0
155	input_spectra/5-B2R09.mzML	1248	0	346.276640648935	1	52714.32	0.0
156	input_spectra/5-B2R09.mzML	1249	0	346.276640648935	1	52725.78	0.0
217	input_spectra/5-B2R09.mzML	1250	0	526.394205729167	1	52737.3	0.0
217	input_spectra/5-B2R09.mzML	1251	0	526.394205729167	1	52748.82	0.0
217	input_spectra/5-B2R09.mzML	1252	0	526.394205729167	1	52788.18	0.0
218	input_spectra/5-B2R09.mzML	1253	0	526.394205729167	1	52799.7	0.0
217	input_spectra/5-B2R09.mzML	1254	0	526.394205729167	1	52839.0	0.0
218	input_spectra/5-B2R09.mzML	1255	0	526.394205729167	1	52850.52	0.0
224	input_spectra/5-B2R09.mzML	1256	0	531.350504557292	1	52862.04	0.0
134	input_spectra/5-B2R09.mzML	1257	0	304.229795183454	1	52935.9	0.0
134	input_spectra/5-B2R09.mzML	1258	0	304.229795183454	1	52947.42	0.0
143	input_spectra/5-B2R09.mzML	1259	0	328.268145525897	1	52986.780000000006	0.0
147	input_spectra/5-B2R09.mzML	1260	0	328.268145525897	1	52998.299999999996	0.0
134	input_spectra/5-B2R09.mzML	1261	0	304.229795183454	1	53032.86	0.0
134	input_spectra/5-B2R09.mzML	1262	0	304.229795183454	1	53044.32	0.0
143	input_spectra/5-B2R09.mzML	1263	0	328.268145525897	1	53083.740000000005	0.0
146	input_spectra/5-B2R09.mzML	1264	0	328.268145525897	1	53095.2	0.0
134	input_spectra/5-B2R09.mzML	1265	0	304.229795183454	1	53106.72	0.0
134	input_spectra/5-B2R09.mzML	1266	0	304.229795183454	1	53118.18	0.0
143	input_spectra/5-B2R09.mzML	1267	0	328.268145525897	1	53157.53999999999	0.0
147	input_spectra/5-B2R09.mzML	1268	0	328.268145525897	1	53169.06	0.0
131	input_spectra/5-B2R09.mzML	1269	0	298.255427042643	1	53208.42	0.0
131	input_spectra/5-B2R09.mzML	1270	0	298.255427042643	1	53219.94	0.0
199	input_spectra/5-B2R09.mzML	1271	0	482.367797851563	1	53283.36	0.0
199	input_spectra/5-B2R09.mzML	1272	0	482.367797851563	1	53294.880000000005	0.0
199	input_spectra/5-B2R09.mzML	1273	0	482.367797851563	1	53334.24	0.0
126	input_spectra/5-B2R09.mzML	1274	0	286.219482421875	1	53408.1	0.0
125	input_spectra/5-B2R09.mzML	1275	0	286.219482421875	1	53419.62	0.0
199	input_spectra/5-B2R09.mzML	1276	0	482.367797851563	1	53442.66	0.0
125	input_spectra/5-B2R09.mzML	1277	0	286.219482421875	1	53505.06	0.0
125	input_spectra/5-B2R09.mzML	1278	0	286.219482421875	1	53516.520000000004	0.0
125	input_spectra/5-B2R09.mzML	1279	0	286.219482421875	1	53578.92	0.0
125	input_spectra/5-B2R09.mzML	1280	0	286.219482421875	1	53590.44	0.0
155	input_spectra/5-B2R09.mzML	1281	0	346.276640648935	1	53800.92	0.0
156	input_spectra/5-B2R09.mzML	1282	0	346.276640648935	1	53812.380000000005	0.0
156	input_spectra/5-B2R09.mzML	1283	0	346.276640648935	1	53874.78	0.0
156	input_spectra/5-B2R09.mzML	1284	0	346.276640648935	1	53886.240000000005	0.0
155	input_spectra/5-B2R09.mzML	1285	0	346.276640648935	1	53948.7	0.0
156	input_spectra/5-B2R09.mzML	1286	0	346.276640648935	1	53960.16	0.0
149	input_spectra/5-B2R09.mzML	1287	0	329.270475445372	1	54011.520000000004	0.0
149	input_spectra/5-B2R09.mzML	1288	0	329.270475445372	1	54023.04	0.0
149	input_spectra/5-B2R09.mzML	1289	0	329.270475445372	1	54074.46	0.0
149	input_spectra/5-B2R09.mzML	1290	0	329.270475445372	1	54085.92	0.0
134	input_spectra/5-B2R09.mzML	1291	0	304.229795183454	1	54148.26	0.0
134	input_spectra/5-B2R09.mzML	1292	0	304.229795183454	1	54159.78	0.0
143	input_spectra/5-B2R09.mzML	1293	0	328.268145525897	1	54199.14	0.0
146	input_spectra/5-B2R09.mzML	1294	0	328.268145525897	1	54210.6	0.0
134	input_spectra/5-B2R09.mzML	1295	0	304.229795183454	1	54222.12	0.0
134	input_spectra/5-B2R09.mzML	1296	0	304.229795183454	1	54233.58	0.0
149	input_spectra/5-B2R09.mzML	1297	0	329.270475445372	1	54272.94	0.0
149	input_spectra/5-B2R09.mzML	1298	0	329.270475445372	1	54284.46	0.0
134	input_spectra/5-B2R09.mzML	1299	0	304.229795183454	1	54295.92	0.0
134	input_spectra/5-B2R09.mzML	1300	0	304.229795183454	1	54307.44	0.0
143	input_spectra/5-B2R09.mzML	1301	0	328.268145525897	1	54397.68	0.0
146	input_spectra/5-B2R09.mzML	1302	0	328.268145525897	1	54409.14	0.0
143	input_spectra/5-B2R09.mzML	1303	0	328.268145525897	1	54496.62	0.0
146	input_spectra/5-B2R09.mzML	1304	0	328.268145525897	1	54508.14	0.0
125	input_spectra/5-B2R09.mzML	1305	0	286.219482421875	1	54607.619999999995	0.0
125	input_spectra/5-B2R09.mzML	1306	0	286.219482421875	1	54619.08	0.0
125	input_spectra/5-B2R09.mzML	1307	0	286.219482421875	1	54658.5	0.0
125	input_spectra/5-B2R09.mzML	1308	0	286.219482421875	1	54669.96000000001	0.0
125	input_spectra/5-B2R09.mzML	1309	0	286.219482421875	1	54709.32	0.0
126	input_spectra/5-B2R09.mzML	1310	0	286.219482421875	1	54720.840000000004	0.0
156	input_spectra/5-B2R09.mzML	1311	0	346.276640648935	1	54964.62	0.0
156	input_spectra/5-B2R09.mzML	1312	0	346.276640648935	1	54976.08	0.0
155	input_spectra/5-B2R09.mzML	1313	0	346.276640648935	1	55015.5	0.0
156	input_spectra/5-B2R09.mzML	1314	0	346.276640648935	1	55026.96	0.0
131	input_spectra/5-B2R09.mzML	1315	0	298.255427042643	1	55038.479999999996	0.0
131	input_spectra/5-B2R09.mzML	1316	0	298.255427042643	1	55049.94	0.0
155	input_spectra/5-B2R09.mzML	1317	0	346.276640648935	1	55089.36	0.0
156	input_spectra/5-B2R09.mzML	1318	0	346.276640648935	1	55100.82	0.0
149	input_spectra/5-B2R09.mzML	1319	0	329.270475445372	1	55298.28	0.0
149	input_spectra/5-B2R09.mzML	1320	0	329.270475445372	1	55309.74	0.0
134	input_spectra/5-B2R09.mzML	1321	0	304.229795183454	1	55321.259999999995	0.0
134	input_spectra/5-B2R09.mzML	1322	0	304.229795183454	1	55333.02	0.0
149	input_spectra/5-B2R09.mzML	1323	0	329.270475445372	1	55372.380000000005	0.0
149	input_spectra/5-B2R09.mzML	1324	0	329.270475445372	1	55383.84	0.0
134	input_spectra/5-B2R09.mzML	1325	0	304.229795183454	1	55395.36	0.0
134	input_spectra/5-B2R09.mzML	1326	0	304.229795183454	1	55406.82	0.0
149	input_spectra/5-B2R09.mzML	1327	0	329.270475445372	1	55446.240000000005	0.0
149	input_spectra/5-B2R09.mzML	1328	0	329.270475445372	1	55457.7	0.0
134	input_spectra/5-B2R09.mzML	1329	0	304.229795183454	1	55469.22	0.0
134	input_spectra/5-B2R09.mzML	1330	0	304.229795183454	1	55480.68	0.0
125	input_spectra/5-B2R09.mzML	1331	0	286.219482421875	1	55748.520000000004	0.0
125	input_spectra/5-B2R09.mzML	1332	0	286.219482421875	1	55760.03999999999	0.0
125	input_spectra/5-B2R09.mzML	1333	0	286.219482421875	1	55799.4	0.0
126	input_spectra/5-B2R09.mzML	1334	0	286.219482421875	1	55810.92	0.0
125	input_spectra/5-B2R09.mzML	1335	0	286.219482421875	1	55850.28	0.0
126	input_spectra/5-B2R09.mzML	1336	0	286.219482421875	1	55861.799999999996	0.0
155	input_spectra/5-B2R09.mzML	1337	0	346.276640648935	1	56105.579999999994	0.0
156	input_spectra/5-B2R09.mzML	1338	0	346.276640648935	1	56117.04	0.0
155	input_spectra/5-B2R09.mzML	1339	0	346.276640648935	1	56156.4	0.0
156	input_spectra/5-B2R09.mzML	1340	0	346.276640648935	1	56167.86	0.0
155	input_spectra/5-B2R09.mzML	1341	0	346.276640648935	1	56207.28	0.0
156	input_spectra/5-B2R09.mzML	1342	0	346.276640648935	1	56218.740000000005	0.0
131	input_spectra/5-B2R09.mzML	1343	0	298.255427042643	1	56230.26	0.0
131	input_spectra/5-B2R09.mzML	1344	0	298.255427042643	1	56241.72	0.0
149	input_spectra/5-B2R09.mzML	1345	0	329.270475445372	1	56479.020000000004	0.0
149	input_spectra/5-B2R09.mzML	1346	0	329.270475445372	1	56490.48	0.0
134	input_spectra/5-B2R09.mzML	1347	0	304.229795183454	1	56502.0	0.0
134	input_spectra/5-B2R09.mzML	1348	0	304.229795183454	1	56513.46	0.0
149	input_spectra/5-B2R09.mzML	1349	0	329.270475445372	1	56552.88	0.0
149	input_spectra/5-B2R09.mzML	1350	0	329.270475445372	1	56564.340000000004	0.0
134	input_spectra/5-B2R09.mzML	1351	0	304.229795183454	1	56575.86	0.0
134	input_spectra/5-B2R09.mzML	1352	0	304.229795183454	1	56587.32	0.0
149	input_spectra/5-B2R09.mzML	1353	0	329.270475445372	1	56626.74	0.0
149	input_spectra/5-B2R09.mzML	1354	0	329.270475445372	1	56638.200000000004	0.0
134	input_spectra/5-B2R09.mzML	1355	0	304.229795183454	1	56649.72	0.0
134	input_spectra/5-B2R09.mzML	1356	0	304.229795183454	1	56661.18	0.0
126	input_spectra/5-B2R09.mzML	1357	0	286.219482421875	1	56895.719999999994	0.0
125	input_spectra/5-B2R09.mzML	1358	0	286.219482421875	1	56907.24	0.0
125	input_spectra/5-B2R09.mzML	1359	0	286.219482421875	1	56946.6	0.0
125	input_spectra/5-B2R09.mzML	1360	0	286.219482421875	1	56958.060000000005	0.0
125	input_spectra/5-B2R09.mzML	1361	0	286.219482421875	1	56997.42	0.0
126	input_spectra/5-B2R09.mzML	1362	0	286.219482421875	1	57008.94	0.0
155	input_spectra/5-B2R09.mzML	1363	0	346.276640648935	1	57252.72	0.0
156	input_spectra/5-B2R09.mzML	1364	0	346.276640648935	1	57264.18	0.0
155	input_spectra/5-B2R09.mzML	1365	0	346.276640648935	1	57303.6	0.0
156	input_spectra/5-B2R09.mzML	1366	0	346.276640648935	1	57315.06	0.0
131	input_spectra/5-B2R09.mzML	1367	0	298.255427042643	1	57326.58	0.0
131	input_spectra/5-B2R09.mzML	1368	0	298.255427042643	1	57338.04	0.0
155	input_spectra/5-B2R09.mzML	1369	0	346.276640648935	1	57377.399999999994	0.0
156	input_spectra/5-B2R09.mzML	1370	0	346.276640648935	1	57388.92	0.0
131	input_spectra/5-B2R09.mzML	1371	0	298.255427042643	1	57400.38	0.0
131	input_spectra/5-B2R09.mzML	1372	0	298.255427042643	1	57411.9	0.0
131	input_spectra/5-B2R09.mzML	1373	0	298.255427042643	1	57451.2	0.0
131	input_spectra/5-B2R09.mzML	1374	0	298.255427042643	1	57462.72	0.0
149	input_spectra/5-B2R09.mzML	1375	0	329.270475445372	1	57634.38	0.0
149	input_spectra/5-B2R09.mzML	1376	0	329.270475445372	1	57645.840000000004	0.0
134	input_spectra/5-B2R09.mzML	1377	0	304.229795183454	1	57657.36	0.0
134	input_spectra/5-B2R09.mzML	1378	0	304.229795183454	1	57668.82	0.0
149	input_spectra/5-B2R09.mzML	1379	0	329.270475445372	1	57708.24	0.0
149	input_spectra/5-B2R09.mzML	1380	0	329.270475445372	1	57719.7	0.0
134	input_spectra/5-B2R09.mzML	1381	0	304.229795183454	1	57731.22	0.0
134	input_spectra/5-B2R09.mzML	1382	0	304.229795183454	1	57742.68	0.0
149	input_spectra/5-B2R09.mzML	1383	0	329.270475445372	1	57782.1	0.0
149	input_spectra/5-B2R09.mzML	1384	0	329.270475445372	1	57793.619999999995	0.0
134	input_spectra/5-B2R09.mzML	1385	0	304.229795183454	1	57805.08	0.0
134	input_spectra/5-B2R09.mzML	1386	0	304.229795183454	1	57816.6	0.0
125	input_spectra/5-B2R09.mzML	1387	0	286.219482421875	1	58064.82	0.0
125	input_spectra/5-B2R09.mzML	1388	0	286.219482421875	1	58076.34	0.0
125	input_spectra/5-B2R09.mzML	1389	0	286.219482421875	1	58115.700000000004	0.0
125	input_spectra/5-B2R09.mzML	1390	0	286.219482421875	1	58127.159999999996	0.0
125	input_spectra/5-B2R09.mzML	1391	0	286.219482421875	1	58166.58	0.0
125	input_spectra/5-B2R09.mzML	1392	0	286.219482421875	1	58178.1	0.0
155	input_spectra/5-B2R09.mzML	1393	0	346.276640648935	1	58385.82	0.0
156	input_spectra/5-B2R09.mzML	1394	0	346.276640648935	1	58397.34	0.0
155	input_spectra/5-B2R09.mzML	1395	0	346.276640648935	1	58436.64	0.0
156	input_spectra/5-B2R09.mzML	1396	0	346.276640648935	1	58448.159999999996	0.0
155	input_spectra/5-B2R09.mzML	1397	0	346.276640648935	1	58487.520000000004	0.0
156	input_spectra/5-B2R09.mzML	1398	0	346.276640648935	1	58498.979999999996	0.0
2	input_spectra/5-B2R09.mzML	1399	0	117.07268451509	1	58694.7	0.0
2	input_spectra/5-B2R09.mzML	1400	0	117.07268451509	1	58706.16	0.0
2	input_spectra/5-B2R09.mzML	1401	0	117.07268451509	1	58793.58	0.0
2	input_spectra/5-B2R09.mzML	1402	0	117.07268451509	1	58805.100000000006	0.0
134	input_spectra/5-B2R09.mzML	1403	0	304.229795183454	1	58844.4	0.0
134	input_spectra/5-B2R09.mzML	1404	0	304.229795183454	1	58855.92	0.0
149	input_spectra/5-B2R09.mzML	1405	0	329.270475445372	1	58895.28	0.0
149	input_spectra/5-B2R09.mzML	1406	0	329.270475445372	1	58906.799999999996	0.0
134	input_spectra/5-B2R09.mzML	1407	0	304.229795183454	1	58918.26	0.0
134	input_spectra/5-B2R09.mzML	1408	0	304.229795183454	1	58929.78	0.0
149	input_spectra/5-B2R09.mzML	1409	0	329.270475445372	1	58969.14	0.0
149	input_spectra/5-B2R09.mzML	1410	0	329.270475445372	1	58980.659999999996	0.0
134	input_spectra/5-B2R09.mzML	1411	0	304.229795183454	1	58992.12	0.0
134	input_spectra/5-B2R09.mzML	1412	0	304.229795183454	1	59003.64	0.0
149	input_spectra/5-B2R09.mzML	1413	0	329.270475445372	1	59042.94	0.0
149	input_spectra/5-B2R09.mzML	1414	0	329.270475445372	1	59054.46	0.0
125	input_spectra/5-B2R09.mzML	1415	0	286.219482421875	1	59230.5	0.0
125	input_spectra/5-B2R09.mzML	1416	0	286.219482421875	1	59242.02	0.0
125	input_spectra/5-B2R09.mzML	1417	0	286.219482421875	1	59281.380000000005	0.0
125	input_spectra/5-B2R09.mzML	1418	0	286.219482421875	1	59292.840000000004	0.0
125	input_spectra/5-B2R09.mzML	1419	0	286.219482421875	1	59332.2	0.0
126	input_spectra/5-B2R09.mzML	1420	0	286.219482421875	1	59343.72	0.0
2	input_spectra/5-B2R09.mzML	1421	0	117.07268451509	1	59407.14	0.0
2	input_spectra/5-B2R09.mzML	1422	0	117.07268451509	1	59418.6	0.0
155	input_spectra/5-B2R09.mzML	1423	0	346.276640648935	1	59530.14	0.0
156	input_spectra/5-B2R09.mzML	1424	0	346.276640648935	1	59541.6	0.0
155	input_spectra/5-B2R09.mzML	1425	0	346.276640648935	1	59580.96	0.0
156	input_spectra/5-B2R09.mzML	1426	0	346.276640648935	1	59592.479999999996	0.0
155	input_spectra/5-B2R09.mzML	1427	0	346.276640648935	1	59631.840000000004	0.0
156	input_spectra/5-B2R09.mzML	1428	0	346.276640648935	1	59643.36	0.0
248	input_spectra/5-B2R09.mzML	1429	0	598.451253255208	1	59887.14	0.0
248	input_spectra/5-B2R09.mzML	1430	0	598.451253255208	1	59898.66	0.0
248	input_spectra/5-B2R09.mzML	1431	0	598.451253255208	1	59938.02	0.0
248	input_spectra/5-B2R09.mzML	1432	0	598.451253255208	1	59949.54	0.0
248	input_spectra/5-B2R09.mzML	1433	0	598.451253255208	1	59988.9	0.0
248	input_spectra/5-B2R09.mzML	1434	0	598.451253255208	1	1000.01	0.0
134	input_spectra/5-B2R09.mzML	1435	0	304.229795183454	1	1000.66	0.0
134	input_spectra/5-B2R09.mzML	1436	0	304.229795183454	1	1000.86	0.0
149	input_spectra/5-B2R09.mzML	1437	0	329.270475445372	1	1001.51	0.0
149	input_spectra/5-B2R09.mzML	1438	0	329.270475445372	1	1001.7	0.0
134	input_spectra/5-B2R09.mzML	1439	0	304.229795183454	1	1001.89	0.0
134	input_spectra/5-B2R09.mzML	1440	0	304.229795183454	1	1002.09	0.0
149	input_spectra/5-B2R09.mzML	1441	0	329.270475445372	1	1002.74	0.0
149	input_spectra/5-B2R09.mzML	1442	0	329.270475445372	1	1002.93	0.0
134	input_spectra/5-B2R09.mzML	1443	0	304.229795183454	1	1003.13	0.0
134	input_spectra/5-B2R09.mzML	1444	0	304.229795183454	1	1003.32	0.0
149	input_spectra/5-B2R09.mzML	1445	0	329.270475445372	1	1003.97	0.0
149	input_spectra/5-B2R09.mzML	1446	0	329.270475445372	1	1004.16	0.0
125	input_spectra/5-B2R09.mzML	1447	0	286.219482421875	1	1006.9	0.0
125	input_spectra/5-B2R09.mzML	1448	0	286.219482421875	1	1007.09	0.0
125	input_spectra/5-B2R09.mzML	1449	0	286.219482421875	1	1007.75	0.0
126	input_spectra/5-B2R09.mzML	1450	0	286.219482421875	1	1007.94	0.0
232	input_spectra/5-B2R09.mzML	1451	0	554.424987792969	1	1008.13	0.0
232	input_spectra/5-B2R09.mzML	1452	0	554.424987792969	1	1008.32	0.0
126	input_spectra/5-B2R09.mzML	1453	0	286.219482421875	1	1008.98	0.0
126	input_spectra/5-B2R09.mzML	1454	0	286.219482421875	1	1009.17	0.0
2	input_spectra/5-B2R09.mzML	1455	0	117.07268451509	1	1009.36	0.0
2	input_spectra/5-B2R09.mzML	1456	0	117.07268451509	1	1009.55	0.0
2	input_spectra/5-B2R09.mzML	1457	0	117.07268451509	1	1010.41	0.0
2	input_spectra/5-B2R09.mzML	1458	0	117.07268451509	1	1010.6	0.0
155	input_spectra/5-B2R09.mzML	1459	0	346.276640648935	1	1011.26	0.0
156	input_spectra/5-B2R09.mzML	1460	0	346.276640648935	1	1011.45	0.0
2	input_spectra/5-B2R09.mzML	1461	0	117.07268451509	1	1011.64	0.0
2	input_spectra/5-B2R09.mzML	1462	0	117.07268451509	1	1011.83	0.0
155	input_spectra/5-B2R09.mzML	1463	0	346.276640648935	1	1012.49	0.0
156	input_spectra/5-B2R09.mzML	1464	0	346.276640648935	1	1012.68	0.0
155	input_spectra/5-B2R09.mzML	1465	0	346.276640648935	1	1013.34	0.0
156	input_spectra/5-B2R09.mzML	1466	0	346.276640648935	1	1013.53	0.0
67	input_spectra/5-B2R09.mzML	1467	0	185.110196940104	1	1015.59	0.0
67	input_spectra/5-B2R09.mzML	1468	0	185.110196940104	1	1015.78	0.0
67	input_spectra/5-B2R09.mzML	1469	0	185.110196940104	1	1017.84	0.0
67	input_spectra/5-B2R09.mzML	1470	0	185.110196940104	1	1018.03	0.0
134	input_spectra/5-B2R09.mzML	1471	0	304.229795183454	1	1019.69	0.0
134	input_spectra/5-B2R09.mzML	1472	0	304.229795183454	1	1019.88	0.0
134	input_spectra/5-B2R09.mzML	1473	0	304.229795183454	1	1020.53	0.0
134	input_spectra/5-B2R09.mzML	1474	0	304.229795183454	1	1020.72	0.0
67	input_spectra/5-B2R09.mzML	1475	0	185.110196940104	1	1020.92	0.0
67	input_spectra/5-B2R09.mzML	1476	0	185.110196940104	1	1021.11	0.0
149	input_spectra/5-B2R09.mzML	1477	0	329.270475445372	1	1021.77	0.0
149	input_spectra/5-B2R09.mzML	1478	0	329.270475445372	1	1021.96	0.0
134	input_spectra/5-B2R09.mzML	1479	0	304.229795183454	1	1022.15	0.0
134	input_spectra/5-B2R09.mzML	1480	0	304.229795183454	1	1022.34	0.0
149	input_spectra/5-B2R09.mzML	1481	0	329.270475445372	1	1023.0	0.0
149	input_spectra/5-B2R09.mzML	1482	0	329.270475445372	1	1023.19	0.0
149	input_spectra/5-B2R09.mzML	1483	0	329.270475445372	1	1023.84	0.0
149	input_spectra/5-B2R09.mzML	1484	0	329.270475445372	1	1024.03	0.0
126	input_spectra/5-B2R09.mzML	1485	0	286.219482421875	1	1026.77	0.0
125	input_spectra/5-B2R09.mzML	1486	0	286.219482421875	1	1026.96	0.0
125	input_spectra/5-B2R09.mzML	1487	0	286.219482421875	1	1027.62	0.0
125	input_spectra/5-B2R09.mzML	1488	0	286.219482421875	1	1027.81	0.0
125	input_spectra/5-B2R09.mzML	1489	0	286.219482421875	1	1028.46	0.0
125	input_spectra/5-B2R09.mzML	1490	0	286.219482421875	1	1028.66	0.0
2	input_spectra/5-B2R09.mzML	1491	0	117.07268451509	1	1029.31	0.0
2	input_spectra/5-B2R09.mzML	1492	0	117.07268451509	1	1029.5	0.0
2	input_spectra/5-B2R09.mzML	1493	0	117.07268451509	1	1030.16	0.0
2	input_spectra/5-B2R09.mzML	1494	0	117.07268451509	1	1030.35	0.0
155	input_spectra/5-B2R09.mzML	1495	0	346.276640648935	1	1031.39	0.0
156	input_spectra/5-B2R09.mzML	1496	0	346.276640648935	1	1031.58	0.0
2	input_spectra/5-B2R09.mzML	1497	0	117.07268451509	1	1031.77	0.0
2	input_spectra/5-B2R09.mzML	1498	0	117.07268451509	1	1031.96	0.0
156	input_spectra/5-B2R09.mzML	1499	0	346.276640648935	1	1032.62	0.0
156	input_spectra/5-B2R09.mzML	1500	0	346.276640648935	1	1032.81	0.0
155	input_spectra/5-B2R09.mzML	1501	0	346.276640648935	1	1033.47	0.0
156	input_spectra/5-B2R09.mzML	1502	0	346.276640648935	1	1033.66	0.0
134	input_spectra/5-B2R09.mzML	1503	0	304.229795183454	1	1038.62	0.0
134	input_spectra/5-B2R09.mzML	1504	0	304.229795183454	1	1038.81	0.0
134	input_spectra/5-B2R09.mzML	1505	0	304.229795183454	1	1039.46	0.0
134	input_spectra/5-B2R09.mzML	1506	0	304.229795183454	1	1039.66	0.0
67	input_spectra/5-B2R09.mzML	1507	0	185.110196940104	1	1039.85	0.0
67	input_spectra/5-B2R09.mzML	1508	0	185.110196940104	1	1040.04	0.0
134	input_spectra/5-B2R09.mzML	1509	0	304.229795183454	1	1040.69	0.0
134	input_spectra/5-B2R09.mzML	1510	0	304.229795183454	1	1040.89	0.0
149	input_spectra/5-B2R09.mzML	1511	0	329.270475445372	1	1041.54	0.0
149	input_spectra/5-B2R09.mzML	1512	0	329.270475445372	1	1041.73	0.0
149	input_spectra/5-B2R09.mzML	1513	0	329.270475445372	1	1042.39	0.0
149	input_spectra/5-B2R09.mzML	1514	0	329.270475445372	1	1042.58	0.0
149	input_spectra/5-B2R09.mzML	1515	0	329.270475445372	1	1043.24	0.0
149	input_spectra/5-B2R09.mzML	1516	0	329.270475445372	1	1043.43	0.0
67	input_spectra/5-B2R09.mzML	1517	0	185.110196940104	1	1043.62	0.0
67	input_spectra/5-B2R09.mzML	1518	0	185.110196940104	1	1043.81	0.0
67	input_spectra/5-B2R09.mzML	1519	0	185.110196940104	1	1044.85	0.0
67	input_spectra/5-B2R09.mzML	1520	0	185.110196940104	1	1045.04	0.0
125	input_spectra/5-B2R09.mzML	1521	0	286.219482421875	1	1046.55	0.0
125	input_spectra/5-B2R09.mzML	1522	0	286.219482421875	1	1046.74	0.0
125	input_spectra/5-B2R09.mzML	1523	0	286.219482421875	1	1047.78	0.0
125	input_spectra/5-B2R09.mzML	1524	0	286.219482421875	1	1047.97	0.0
126	input_spectra/5-B2R09.mzML	1525	0	286.219482421875	1	1048.63	0.0
125	input_spectra/5-B2R09.mzML	1526	0	286.219482421875	1	1048.82	0.0
2	input_spectra/5-B2R09.mzML	1527	0	117.07268451509	1	1049.47	0.0
2	input_spectra/5-B2R09.mzML	1528	0	117.07268451509	1	1049.67	0.0
2	input_spectra/5-B2R09.mzML	1529	0	117.07268451509	1	1050.32	0.0
2	input_spectra/5-B2R09.mzML	1530	0	117.07268451509	1	1050.51	0.0
155	input_spectra/5-B2R09.mzML	1531	0	346.276640648935	1	1051.17	0.0
156	input_spectra/5-B2R09.mzML	1532	0	346.276640648935	1	1051.36	0.0
155	input_spectra/5-B2R09.mzML	1533	0	346.276640648935	1	1052.02	0.0
156	input_spectra/5-B2R09.mzML	1534	0	346.276640648935	1	1052.21	0.0
2	input_spectra/5-B2R09.mzML	1535	0	117.07268451509	1	1052.4	0.0
2	input_spectra/5-B2R09.mzML	1536	0	117.07268451509	1	1052.59	0.0
155	input_spectra/5-B2R09.mzML	1537	0	346.276640648935	1	1053.25	0.0
156	input_spectra/5-B2R09.mzML	1538	0	346.276640648935	1	1053.44	0.0
134	input_spectra/5-B2R09.mzML	1539	0	304.229795183454	1	1057.64	0.0
134	input_spectra/5-B2R09.mzML	1540	0	304.229795183454	1	1057.83	0.0
134	input_spectra/5-B2R09.mzML	1541	0	304.229795183454	1	1058.49	0.0
134	input_spectra/5-B2R09.mzML	1542	0	304.229795183454	1	1058.68	0.0
134	input_spectra/5-B2R09.mzML	1543	0	304.229795183454	1	1059.34	0.0
134	input_spectra/5-B2R09.mzML	1544	0	304.229795183454	1	1059.53	0.0
149	input_spectra/5-B2R09.mzML	1545	0	329.270475445372	1	1060.59	0.0
149	input_spectra/5-B2R09.mzML	1546	0	329.270475445372	1	1060.78	0.0
149	input_spectra/5-B2R09.mzML	1547	0	329.270475445372	1	1061.43	0.0
149	input_spectra/5-B2R09.mzML	1548	0	329.270475445372	1	1061.62	0.0
149	input_spectra/5-B2R09.mzML	1549	0	329.270475445372	1	1062.28	0.0
149	input_spectra/5-B2R09.mzML	1550	0	329.270475445372	1	1062.47	0.0
67	input_spectra/5-B2R09.mzML	1551	0	185.110196940104	1	1063.13	0.0
67	input_spectra/5-B2R09.mzML	1552	0	185.110196940104	1	1063.32	0.0
67	input_spectra/5-B2R09.mzML	1553	0	185.110196940104	1	1063.98	0.0
67	input_spectra/5-B2R09.mzML	1554	0	185.110196940104	1	1064.17	0.0
67	input_spectra/5-B2R09.mzML	1555	0	185.110196940104	1	1065.21	0.0
67	input_spectra/5-B2R09.mzML	1556	0	185.110196940104	1	1065.4	0.0
125	input_spectra/5-B2R09.mzML	1557	0	286.219482421875	1	1066.05	0.0
125	input_spectra/5-B2R09.mzML	1558	0	286.219482421875	1	1066.24	0.0
125	input_spectra/5-B2R09.mzML	1559	0	286.219482421875	1	1067.28	0.0
125	input_spectra/5-B2R09.mzML	1560	0	286.219482421875	1	1067.48	0.0
125	input_spectra/5-B2R09.mzML	1561	0	286.219482421875	1	1068.51	0.0
125	input_spectra/5-B2R09.mzML	1562	0	286.219482421875	1	1068.71	0.0
2	input_spectra/5-B2R09.mzML	1563	0	117.07268451509	1	1069.96	0.0
2	input_spectra/5-B2R09.mzML	1564	0	117.07268451509	1	1070.16	0.0
155	input_spectra/5-B2R09.mzML	1565	0	346.276640648935	1	1070.81	0.0
156	input_spectra/5-B2R09.mzML	1566	0	346.276640648935	1	1071.0	0.0
2	input_spectra/5-B2R09.mzML	1567	0	117.07268451509	1	1071.19	0.0
2	input_spectra/5-B2R09.mzML	1568	0	117.07268451509	1	1071.39	0.0
155	input_spectra/5-B2R09.mzML	1569	0	346.276640648935	1	1072.04	0.0
156	input_spectra/5-B2R09.mzML	1570	0	346.276640648935	1	1072.23	0.0
2	input_spectra/5-B2R09.mzML	1571	0	117.07268451509	1	1072.43	0.0
2	input_spectra/5-B2R09.mzML	1572	0	117.07268451509	1	1072.62	0.0
155	input_spectra/5-B2R09.mzML	1573	0	346.276640648935	1	1073.27	0.0
156	input_spectra/5-B2R09.mzML	1574	0	346.276640648935	1	1073.46	0.0
134	input_spectra/5-B2R09.mzML	1575	0	304.229795183454	1	1076.6	0.0
134	input_spectra/5-B2R09.mzML	1576	0	304.229795183454	1	1076.79	0.0
134	input_spectra/5-B2R09.mzML	1577	0	304.229795183454	1	1077.45	0.0
134	input_spectra/5-B2R09.mzML	1578	0	304.229795183454	1	1077.64	0.0
134	input_spectra/5-B2R09.mzML	1579	0	304.229795183454	1	1078.3	0.0
134	input_spectra/5-B2R09.mzML	1580	0	304.229795183454	1	1078.49	0.0
149	input_spectra/5-B2R09.mzML	1581	0	329.270475445372	1	1079.75	0.0
149	input_spectra/5-B2R09.mzML	1582	0	329.270475445372	1	1079.94	0.0
149	input_spectra/5-B2R09.mzML	1583	0	329.270475445372	1	1080.59	0.0
149	input_spectra/5-B2R09.mzML	1584	0	329.270475445372	1	1080.78	0.0
149	input_spectra/5-B2R09.mzML	1585	0	329.270475445372	1	1081.44	0.0
149	input_spectra/5-B2R09.mzML	1586	0	329.270475445372	1	1081.63	0.0
67	input_spectra/5-B2R09.mzML	1587	0	185.110196940104	1	1082.29	0.0
67	input_spectra/5-B2R09.mzML	1588	0	185.110196940104	1	1082.48	0.0
67	input_spectra/5-B2R09.mzML	1589	0	185.110196940104	1	1083.14	0.0
67	input_spectra/5-B2R09.mzML	1590	0	185.110196940104	1	1083.33	0.0
67	input_spectra/5-B2R09.mzML	1591	0	185.110196940104	1	1083.98	0.0
67	input_spectra/5-B2R09.mzML	1592	0	185.110196940104	1	1084.17	0.0
125	input_spectra/5-B2R09.mzML	1593	0	286.219482421875	1	1085.68	0.0
125	input_spectra/5-B2R09.mzML	1594	0	286.219482421875	1	1085.87	0.0
125	input_spectra/5-B2R09.mzML	1595	0	286.219482421875	1	1086.91	0.0
125	input_spectra/5-B2R09.mzML	1596	0	286.219482421875	1	1087.1	0.0
125	input_spectra/5-B2R09.mzML	1597	0	286.219482421875	1	1088.14	0.0
125	input_spectra/5-B2R09.mzML	1598	0	286.219482421875	1	1088.33	0.0
2	input_spectra/5-B2R09.mzML	1599	0	117.07268451509	1	1089.19	0.0
2	input_spectra/5-B2R09.mzML	1600	0	117.07268451509	1	1089.38	0.0
2	input_spectra/5-B2R09.mzML	1601	0	117.07268451509	1	1090.04	0.0
2	input_spectra/5-B2R09.mzML	1602	0	117.07268451509	1	1090.23	0.0
155	input_spectra/5-B2R09.mzML	1603	0	346.276640648935	1	1090.88	0.0
156	input_spectra/5-B2R09.mzML	1604	0	346.276640648935	1	1091.07	0.0
2	input_spectra/5-B2R09.mzML	1605	0	117.07268451509	1	1091.27	0.0
2	input_spectra/5-B2R09.mzML	1606	0	117.07268451509	1	1091.46	0.0
155	input_spectra/5-B2R09.mzML	1607	0	346.276640648935	1	1092.11	0.0
156	input_spectra/5-B2R09.mzML	1608	0	346.276640648935	1	1092.3	0.0
155	input_spectra/5-B2R09.mzML	1609	0	346.276640648935	1	1092.96	0.0
156	input_spectra/5-B2R09.mzML	1610	0	346.276640648935	1	1093.15	0.0
134	input_spectra/5-B2R09.mzML	1611	0	304.229795183454	1	1095.89	0.0
134	input_spectra/5-B2R09.mzML	1612	0	304.229795183454	1	1096.08	0.0
134	input_spectra/5-B2R09.mzML	1613	0	304.229795183454	1	1096.74	0.0
134	input_spectra/5-B2R09.mzML	1614	0	304.229795183454	1	1096.93	0.0
134	input_spectra/5-B2R09.mzML	1615	0	304.229795183454	1	1097.58	0.0
134	input_spectra/5-B2R09.mzML	1616	0	304.229795183454	1	1097.78	0.0
149	input_spectra/5-B2R09.mzML	1617	0	329.270475445372	1	1099.23	0.0
149	input_spectra/5-B2R09.mzML	1618	0	329.270475445372	1	1099.43	0.0
149	input_spectra/5-B2R09.mzML	1619	0	329.270475445372	1	1100.08	0.0
149	input_spectra/5-B2R09.mzML	1620	0	329.270475445372	1	1100.27	0.0
149	input_spectra/5-B2R09.mzML	1621	0	329.270475445372	1	1100.93	0.0
149	input_spectra/5-B2R09.mzML	1622	0	329.270475445372	1	1101.12	0.0
67	input_spectra/5-B2R09.mzML	1623	0	185.110196940104	1	1101.78	0.0
67	input_spectra/5-B2R09.mzML	1624	0	185.110196940104	1	1101.97	0.0
143	input_spectra/5-B2R09.mzML	1625	0	328.268145525897	1	1102.62	0.0
146	input_spectra/5-B2R09.mzML	1626	0	328.268145525897	1	1102.82	0.0
67	input_spectra/5-B2R09.mzML	1627	0	185.110196940104	1	1103.01	0.0
67	input_spectra/5-B2R09.mzML	1628	0	185.110196940104	1	1103.2	0.0
143	input_spectra/5-B2R09.mzML	1629	0	328.268145525897	1	1103.86	0.0
147	input_spectra/5-B2R09.mzML	1630	0	328.268145525897	1	1104.05	0.0
67	input_spectra/5-B2R09.mzML	1631	0	185.110196940104	1	1104.24	0.0
67	input_spectra/5-B2R09.mzML	1632	0	185.110196940104	1	1104.43	0.0
143	input_spectra/5-B2R09.mzML	1633	0	328.268145525897	1	1105.09	0.0
147	input_spectra/5-B2R09.mzML	1634	0	328.268145525897	1	1105.28	0.0
125	input_spectra/5-B2R09.mzML	1635	0	286.219482421875	1	1105.47	0.0
126	input_spectra/5-B2R09.mzML	1636	0	286.219482421875	1	1105.66	0.0
125	input_spectra/5-B2R09.mzML	1637	0	286.219482421875	1	1106.32	0.0
125	input_spectra/5-B2R09.mzML	1638	0	286.219482421875	1	1106.51	0.0
125	input_spectra/5-B2R09.mzML	1639	0	286.219482421875	1	1107.17	0.0
126	input_spectra/5-B2R09.mzML	1640	0	286.219482421875	1	1107.36	0.0
143	input_spectra/5-B2R09.mzML	1641	0	328.268145525897	1	1115.37	0.0
140	input_spectra/5-B2R09.mzML	1642	0	328.268145525897	1	1115.56	0.0
143	input_spectra/5-B2R09.mzML	1643	0	328.268145525897	1	1117.06	0.0
140	input_spectra/5-B2R09.mzML	1644	0	328.268145525897	1	1117.25	0.0
140	input_spectra/5-B2R09.mzML	1645	0	328.268145525897	1	1118.11	0.0
147	input_spectra/5-B2R09.mzML	1646	0	328.268145525897	1	1118.3	0.0
67	input_spectra/5-B2R09.mzML	1647	0	185.110196940104	1	1121.16	0.0
67	input_spectra/5-B2R09.mzML	1648	0	185.110196940104	1	1121.35	0.0
67	input_spectra/5-B2R09.mzML	1649	0	185.110196940104	1	1122.01	0.0
67	input_spectra/5-B2R09.mzML	1650	0	185.110196940104	1	1122.2	0.0
67	input_spectra/5-B2R09.mzML	1651	0	185.110196940104	1	1122.86	0.0
67	input_spectra/5-B2R09.mzML	1652	0	185.110196940104	1	1123.05	0.0
140	input_spectra/5-B2R09.mzML	1653	0	328.268145525897	1	1136.07	0.0
146	input_spectra/5-B2R09.mzML	1654	0	328.268145525897	1	1136.26	0.0
143	input_spectra/5-B2R09.mzML	1655	0	328.268145525897	1	1136.92	0.0
140	input_spectra/5-B2R09.mzML	1656	0	328.268145525897	1	1137.11	0.0
140	input_spectra/5-B2R09.mzML	1657	0	328.268145525897	1	1137.76	0.0
140	input_spectra/5-B2R09.mzML	1658	0	328.268145525897	1	1137.96	0.0
67	input_spectra/5-B2R09.mzML	1659	0	185.110196940104	1	1140.21	0.0
67	input_spectra/5-B2R09.mzML	1660	0	185.110196940104	1	1140.41	0.0
67	input_spectra/5-B2R09.mzML	1661	0	185.110196940104	1	1141.06	0.0
67	input_spectra/5-B2R09.mzML	1662	0	185.110196940104	1	1141.25	0.0
67	input_spectra/5-B2R09.mzML	1663	0	185.110196940104	1	1141.91	0.0
67	input_spectra/5-B2R09.mzML	1664	0	185.110196940104	1	1142.1	0.0
143	input_spectra/5-B2R09.mzML	1665	0	328.268145525897	1	1155.12	0.0
146	input_spectra/5-B2R09.mzML	1666	0	328.268145525897	1	1155.31	0.0
142	input_spectra/5-B2R09.mzML	1667	0	328.268145525897	1	1155.97	0.0
140	input_spectra/5-B2R09.mzML	1668	0	328.268145525897	1	1156.16	0.0
143	input_spectra/5-B2R09.mzML	1669	0	328.268145525897	1	1156.82	0.0
146	input_spectra/5-B2R09.mzML	1670	0	328.268145525897	1	1157.01	0.0
67	input_spectra/5-B2R09.mzML	1671	0	185.110196940104	1	1159.67	0.0
67	input_spectra/5-B2R09.mzML	1672	0	185.110196940104	1	1159.86	0.0
67	input_spectra/5-B2R09.mzML	1673	0	185.110196940104	1	1160.52	0.0
67	input_spectra/5-B2R09.mzML	1674	0	185.110196940104	1	1160.71	0.0
67	input_spectra/5-B2R09.mzML	1675	0	185.110196940104	1	1161.36	0.0
67	input_spectra/5-B2R09.mzML	1676	0	185.110196940104	1	1161.55	0.0
231	input_spectra/5-B2R09.mzML	1677	0	542.350138346354	1	1163.81	0.0
231	input_spectra/5-B2R09.mzML	1678	0	542.350138346354	1	1164.0	0.0
231	input_spectra/5-B2R09.mzML	1679	0	542.350138346354	1	1164.66	0.0
231	input_spectra/5-B2R09.mzML	1680	0	542.350138346354	1	1164.85	0.0
231	input_spectra/5-B2R09.mzML	1681	0	542.350138346354	1	1165.51	0.0
231	input_spectra/5-B2R09.mzML	1682	0	542.350138346354	1	1165.7	0.0
142	input_spectra/5-B2R09.mzML	1683	0	328.268145525897	1	1174.11	0.0
147	input_spectra/5-B2R09.mzML	1684	0	328.268145525897	1	1174.3	0.0
147	input_spectra/5-B2R09.mzML	1685	0	328.268145525897	1	1174.96	0.0
140	input_spectra/5-B2R09.mzML	1686	0	328.268145525897	1	1175.15	0.0
143	input_spectra/5-B2R09.mzML	1687	0	328.268145525897	1	1175.81	0.0
146	input_spectra/5-B2R09.mzML	1688	0	328.268145525897	1	1176.0	0.0
67	input_spectra/5-B2R09.mzML	1689	0	185.110196940104	1	1178.66	0.0
67	input_spectra/5-B2R09.mzML	1690	0	185.110196940104	1	1178.85	0.0
67	input_spectra/5-B2R09.mzML	1691	0	185.110196940104	1	1179.51	0.0
67	input_spectra/5-B2R09.mzML	1692	0	185.110196940104	1	1179.7	0.0
67	input_spectra/5-B2R09.mzML	1693	0	185.110196940104	1	1180.35	0.0
67	input_spectra/5-B2R09.mzML	1694	0	185.110196940104	1	1180.54	0.0
133	input_spectra/5-B2R09.mzML	1695	0	302.286895751953	1	1186.41	0.0
133	input_spectra/5-B2R09.mzML	1696	0	302.286895751953	1	1186.6	0.0
223	input_spectra/5-B2R09.mzML	1697	0	530.378987630208	1	1188.46	0.0
223	input_spectra/5-B2R09.mzML	1698	0	530.378987630208	1	1188.65	0.0
223	input_spectra/5-B2R09.mzML	1699	0	530.378987630208	1	1190.54	0.0
223	input_spectra/5-B2R09.mzML	1700	0	530.378987630208	1	1190.73	0.0
223	input_spectra/5-B2R09.mzML	1701	0	530.378987630208	1	1191.77	0.0
223	input_spectra/5-B2R09.mzML	1702	0	530.378987630208	1	1191.96	0.0
133	input_spectra/5-B2R09.mzML	1703	0	302.286895751953	1	1192.82	0.0
133	input_spectra/5-B2R09.mzML	1704	0	302.286895751953	1	1193.01	0.0
143	input_spectra/5-B2R09.mzML	1705	0	328.268145525897	1	1193.67	0.0
147	input_spectra/5-B2R09.mzML	1706	0	328.268145525897	1	1193.86	0.0
133	input_spectra/5-B2R09.mzML	1707	0	302.286895751953	1	1194.05	0.0
133	input_spectra/5-B2R09.mzML	1708	0	302.286895751953	1	1194.24	0.0
143	input_spectra/5-B2R09.mzML	1709	0	328.268145525897	1	1194.9	0.0
146	input_spectra/5-B2R09.mzML	1710	0	328.268145525897	1	1195.09	0.0
140	input_spectra/5-B2R09.mzML	1711	0	328.268145525897	1	1195.75	0.0
140	input_spectra/5-B2R09.mzML	1712	0	328.268145525897	1	1195.94	0.0
67	input_spectra/5-B2R09.mzML	1713	0	185.110196940104	1	1197.6	0.0
67	input_spectra/5-B2R09.mzML	1714	0	185.110196940104	1	1197.79	0.0
67	input_spectra/5-B2R09.mzML	1715	0	185.110196940104	1	1198.44	0.0
67	input_spectra/5-B2R09.mzML	1716	0	185.110196940104	1	1198.64	0.0
67	input_spectra/5-B2R09.mzML	1717	0	185.110196940104	1	1199.29	0.0
67	input_spectra/5-B2R09.mzML	1718	0	185.110196940104	1	1199.48	0.0
1	input_spectra/bkgrnd-marine-broth.mzML	1719	0	110.009817759196	1	6384.900000000001	0.0
1	input_spectra/bkgrnd-marine-broth.mzML	1720	0	110.009817759196	1	6396.36	0.0
1	input_spectra/bkgrnd-marine-broth.mzML	1721	0	110.009817759196	1	6435.66	0.0
1	input_spectra/bkgrnd-marine-broth.mzML	1722	0	110.009817759196	1	6447.18	0.0
39	input_spectra/bkgrnd-marine-broth.mzML	1723	0	146.166600545247	1	6458.64	0.0
39	input_spectra/bkgrnd-marine-broth.mzML	1724	0	146.166600545247	1	6470.099999999999	0.0
11	input_spectra/bkgrnd-marine-broth.mzML	1725	0	125.987463378906	1	6481.5599999999995	0.0
11	input_spectra/bkgrnd-marine-broth.mzML	1726	0	125.987463378906	1	6493.08	0.0
43	input_spectra/bkgrnd-marine-broth.mzML	1727	0	151.036672973633	1	6504.54	0.0
43	input_spectra/bkgrnd-marine-broth.mzML	1728	0	151.036672973633	1	6516.0	0.0
1	input_spectra/bkgrnd-marine-broth.mzML	1729	0	110.009817759196	1	6555.36	0.0
1	input_spectra/bkgrnd-marine-broth.mzML	1730	0	110.009817759196	1	6566.879999999999	0.0
11	input_spectra/bkgrnd-marine-broth.mzML	1731	0	125.987463378906	1	6578.34	0.0
11	input_spectra/bkgrnd-marine-broth.mzML	1732	0	125.987463378906	1	6589.8	0.0
39	input_spectra/bkgrnd-marine-broth.mzML	1733	0	146.166600545247	1	6601.26	0.0
39	input_spectra/bkgrnd-marine-broth.mzML	1734	0	146.166600545247	1	6612.78	0.0
43	input_spectra/bkgrnd-marine-broth.mzML	1735	0	151.036672973633	1	6624.24	0.0
43	input_spectra/bkgrnd-marine-broth.mzML	1736	0	151.036672973633	1	6635.7	0.0
90	input_spectra/bkgrnd-marine-broth.mzML	1737	0	223.991306304932	1	6647.22	0.0
90	input_spectra/bkgrnd-marine-broth.mzML	1738	0	223.991306304932	1	6658.679999999999	0.0
11	input_spectra/bkgrnd-marine-broth.mzML	1739	0	125.987463378906	1	6698.1	0.0
11	input_spectra/bkgrnd-marine-broth.mzML	1740	0	125.987463378906	1	6709.5599999999995	0.0
39	input_spectra/bkgrnd-marine-broth.mzML	1741	0	146.166600545247	1	6721.08	0.0
39	input_spectra/bkgrnd-marine-broth.mzML	1742	0	146.166600545247	1	6732.54	0.0
76	input_spectra/bkgrnd-marine-broth.mzML	1743	0	198.94199625651	1	6744.0	0.0
76	input_spectra/bkgrnd-marine-broth.mzML	1744	0	198.94199625651	1	6755.5199999999995	0.0
90	input_spectra/bkgrnd-marine-broth.mzML	1745	0	223.991306304932	1	6766.9800000000005	0.0
90	input_spectra/bkgrnd-marine-broth.mzML	1746	0	223.991306304932	1	6778.4400000000005	0.0
43	input_spectra/bkgrnd-marine-broth.mzML	1747	0	151.036672973633	1	6789.96	0.0
43	input_spectra/bkgrnd-marine-broth.mzML	1748	0	151.036672973633	1	6801.42	0.0
76	input_spectra/bkgrnd-marine-broth.mzML	1749	0	198.94199625651	1	6840.780000000001	0.0
76	input_spectra/bkgrnd-marine-broth.mzML	1750	0	198.94199625651	1	6852.3	0.0
90	input_spectra/bkgrnd-marine-broth.mzML	1751	0	223.991306304932	1	6863.76	0.0
90	input_spectra/bkgrnd-marine-broth.mzML	1752	0	223.991306304932	1	6875.22	0.0
63	input_spectra/bkgrnd-marine-broth.mzML	1753	0	182.964279174805	1	6886.74	0.0
64	input_spectra/bkgrnd-marine-broth.mzML	1754	0	182.964279174805	1	6898.2	0.0
103	input_spectra/bkgrnd-marine-broth.mzML	1755	0	239.968907674154	1	6909.72	0.0
103	input_spectra/bkgrnd-marine-broth.mzML	1756	0	239.968907674154	1	6921.179999999999	0.0
79	input_spectra/bkgrnd-marine-broth.mzML	1757	0	203.224990844727	1	6932.639999999999	0.0
79	input_spectra/bkgrnd-marine-broth.mzML	1758	0	203.224990844727	1	6944.16	0.0
76	input_spectra/bkgrnd-marine-broth.mzML	1759	0	198.94199625651	1	6983.5199999999995	0.0
76	input_spectra/bkgrnd-marine-broth.mzML	1760	0	198.94199625651	1	6994.98	0.0
63	input_spectra/bkgrnd-marine-broth.mzML	1761	0	182.964279174805	1	7006.5	0.0
64	input_spectra/bkgrnd-marine-broth.mzML	1762	0	182.964279174805	1	7017.96	0.0
103	input_spectra/bkgrnd-marine-broth.mzML	1763	0	239.968907674154	1	7029.42	0.0
103	input_spectra/bkgrnd-marine-broth.mzML	1764	0	239.968907674154	1	7040.9400000000005	0.0
79	input_spectra/bkgrnd-marine-broth.mzML	1765	0	203.224990844727	1	7052.400000000001	0.0
79	input_spectra/bkgrnd-marine-broth.mzML	1766	0	203.224990844727	1	7063.92	0.0
114	input_spectra/bkgrnd-marine-broth.mzML	1767	0	265.018218994141	1	7075.38	0.0
114	input_spectra/bkgrnd-marine-broth.mzML	1768	0	265.018218994141	1	7086.9	0.0
63	input_spectra/bkgrnd-marine-broth.mzML	1769	0	182.964279174805	1	7126.26	0.0
64	input_spectra/bkgrnd-marine-broth.mzML	1770	0	182.964279174805	1	7137.72	0.0
103	input_spectra/bkgrnd-marine-broth.mzML	1771	0	239.968907674154	1	7149.24	0.0
103	input_spectra/bkgrnd-marine-broth.mzML	1772	0	239.968907674154	1	7160.7	0.0
85	input_spectra/bkgrnd-marine-broth.mzML	1773	0	214.91953531901	1	7172.16	0.0
85	input_spectra/bkgrnd-marine-broth.mzML	1774	0	214.91953531901	1	7183.679999999999	0.0
79	input_spectra/bkgrnd-marine-broth.mzML	1775	0	203.224990844727	1	7195.139999999999	0.0
79	input_spectra/bkgrnd-marine-broth.mzML	1776	0	203.224990844727	1	7206.6	0.0
114	input_spectra/bkgrnd-marine-broth.mzML	1777	0	265.018218994141	1	7218.120000000001	0.0
114	input_spectra/bkgrnd-marine-broth.mzML	1778	0	265.018218994141	1	7229.58	0.0
85	input_spectra/bkgrnd-marine-broth.mzML	1779	0	214.91953531901	1	7269.0	0.0
85	input_spectra/bkgrnd-marine-broth.mzML	1780	0	214.91953531901	1	7280.46	0.0
114	input_spectra/bkgrnd-marine-broth.mzML	1781	0	265.018218994141	1	7291.9800000000005	0.0
114	input_spectra/bkgrnd-marine-broth.mzML	1782	0	265.018218994141	1	7303.4400000000005	0.0
85	input_spectra/bkgrnd-marine-broth.mzML	1783	0	214.91953531901	1	7342.799999999999	0.0
85	input_spectra/bkgrnd-marine-broth.mzML	1784	0	214.91953531901	1	7354.32	0.0
1	input_spectra/bkgrnd-marine-broth.mzML	1785	0	110.009817759196	1	7549.98	0.0
1	input_spectra/bkgrnd-marine-broth.mzML	1786	0	110.009817759196	1	7561.5	0.0
1	input_spectra/bkgrnd-marine-broth.mzML	1787	0	110.009817759196	1	7600.8	0.0
1	input_spectra/bkgrnd-marine-broth.mzML	1788	0	110.009817759196	1	7612.259999999999	0.0
1	input_spectra/bkgrnd-marine-broth.mzML	1789	0	110.009817759196	1	7651.62	0.0
1	input_spectra/bkgrnd-marine-broth.mzML	1790	0	110.009817759196	1	7663.139999999999	0.0
39	input_spectra/bkgrnd-marine-broth.mzML	1791	0	146.166600545247	1	7702.5	0.0
39	input_spectra/bkgrnd-marine-broth.mzML	1792	0	146.166600545247	1	7713.96	0.0
11	input_spectra/bkgrnd-marine-broth.mzML	1793	0	125.987463378906	1	7725.42	0.0
11	input_spectra/bkgrnd-marine-broth.mzML	1794	0	125.987463378906	1	7736.88	0.0
43	input_spectra/bkgrnd-marine-broth.mzML	1795	0	151.036672973633	1	7748.4	0.0
43	input_spectra/bkgrnd-marine-broth.mzML	1796	0	151.036672973633	1	7759.86	0.0
39	input_spectra/bkgrnd-marine-broth.mzML	1797	0	146.166600545247	1	7799.219999999999	0.0
39	input_spectra/bkgrnd-marine-broth.mzML	1798	0	146.166600545247	1	7810.74	0.0
90	input_spectra/bkgrnd-marine-broth.mzML	1799	0	223.991306304932	1	7822.200000000001	0.0
90	input_spectra/bkgrnd-marine-broth.mzML	1800	0	223.991306304932	1	7833.720000000001	0.0
11	input_spectra/bkgrnd-marine-broth.mzML	1801	0	125.987463378906	1	7845.179999999999	0.0
11	input_spectra/bkgrnd-marine-broth.mzML	1802	0	125.987463378906	1	7856.639999999999	0.0
43	input_spectra/bkgrnd-marine-broth.mzML	1803	0	151.036672973633	1	7868.099999999999	0.0
43	input_spectra/bkgrnd-marine-broth.mzML	1804	0	151.036672973633	1	7879.62	0.0
39	input_spectra/bkgrnd-marine-broth.mzML	1805	0	146.166600545247	1	7918.9800000000005	0.0
39	input_spectra/bkgrnd-marine-broth.mzML	1806	0	146.166600545247	1	7930.4400000000005	0.0
3	input_spectra/bkgrnd-marine-broth.mzML	1807	0	118.087252298991	1	8847.6	0.0
4	input_spectra/bkgrnd-marine-broth.mzML	1808	0	118.087252298991	1	8859.060000000001	0.0
3	input_spectra/bkgrnd-marine-broth.mzML	1809	0	118.087252298991	1	8898.42	0.0
4	input_spectra/bkgrnd-marine-broth.mzML	1810	0	118.087252298991	1	8909.94	0.0
3	input_spectra/bkgrnd-marine-broth.mzML	1811	0	118.087252298991	1	8949.24	0.0
4	input_spectra/bkgrnd-marine-broth.mzML	1812	0	118.087252298991	1	8960.76	0.0
21	input_spectra/bkgrnd-marine-broth.mzML	1813	0	130.098500569661	1	9000.12	0.0
21	input_spectra/bkgrnd-marine-broth.mzML	1814	0	130.098500569661	1	9011.58	0.0
21	input_spectra/bkgrnd-marine-broth.mzML	1815	0	130.098500569661	1	9050.939999999999	0.0
21	input_spectra/bkgrnd-marine-broth.mzML	1816	0	130.098500569661	1	9062.4	0.0
21	input_spectra/bkgrnd-marine-broth.mzML	1817	0	130.098500569661	1	9101.76	0.0
21	input_spectra/bkgrnd-marine-broth.mzML	1818	0	130.098500569661	1	9113.22	0.0
48	input_spectra/bkgrnd-marine-broth.mzML	1819	0	158.093879699707	1	9645.599999999999	0.0
48	input_spectra/bkgrnd-marine-broth.mzML	1820	0	158.093879699707	1	9657.06	0.0
48	input_spectra/bkgrnd-marine-broth.mzML	1821	0	158.093879699707	1	9696.48	0.0
48	input_spectra/bkgrnd-marine-broth.mzML	1822	0	158.093879699707	1	9707.94	0.0
48	input_spectra/bkgrnd-marine-broth.mzML	1823	0	158.093879699707	1	9747.359999999999	0.0
48	input_spectra/bkgrnd-marine-broth.mzML	1824	0	158.093879699707	1	9758.82	0.0
42	input_spectra/bkgrnd-marine-broth.mzML	1825	0	150.059661865234	1	9770.279999999999	0.0
42	input_spectra/bkgrnd-marine-broth.mzML	1826	0	150.059661865234	1	9821.16	0.0
42	input_spectra/bkgrnd-marine-broth.mzML	1827	0	150.059661865234	1	9832.62	0.0
42	input_spectra/bkgrnd-marine-broth.mzML	1828	0	150.059661865234	1	9872.039999999999	0.0
42	input_spectra/bkgrnd-marine-broth.mzML	1829	0	150.059661865234	1	9883.5	0.0
15	input_spectra/bkgrnd-marine-broth.mzML	1830	0	130.05116780599	1	9982.980000000001	0.0
4	input_spectra/bkgrnd-marine-broth.mzML	1831	0	118.087252298991	1	10033.8	0.0
4	input_spectra/bkgrnd-marine-broth.mzML	1832	0	118.087252298991	1	10045.26	0.0
15	input_spectra/bkgrnd-marine-broth.mzML	1833	0	130.05116780599	1	10056.72	0.0
18	input_spectra/bkgrnd-marine-broth.mzML	1834	0	130.05116780599	1	10068.18	0.0
4	input_spectra/bkgrnd-marine-broth.mzML	1835	0	118.087252298991	1	10107.54	0.0
4	input_spectra/bkgrnd-marine-broth.mzML	1836	0	118.087252298991	1	10119.0	0.0
15	input_spectra/bkgrnd-marine-broth.mzML	1837	0	130.05116780599	1	10130.460000000001	0.0
18	input_spectra/bkgrnd-marine-broth.mzML	1838	0	130.05116780599	1	10141.92	0.0
4	input_spectra/bkgrnd-marine-broth.mzML	1839	0	118.087252298991	1	10181.279999999999	0.0
4	input_spectra/bkgrnd-marine-broth.mzML	1840	0	118.087252298991	1	10192.74	0.0
25	input_spectra/bkgrnd-marine-broth.mzML	1841	0	132.103280318411	1	10424.519999999999	0.0
26	input_spectra/bkgrnd-marine-broth.mzML	1842	0	132.103280318411	1	10435.98	0.0
25	input_spectra/bkgrnd-marine-broth.mzML	1843	0	132.103280318411	1	10475.34	0.0
26	input_spectra/bkgrnd-marine-broth.mzML	1844	0	132.103280318411	1	10486.86	0.0
25	input_spectra/bkgrnd-marine-broth.mzML	1845	0	132.103280318411	1	10526.220000000001	0.0
26	input_spectra/bkgrnd-marine-broth.mzML	1846	0	132.103280318411	1	10537.679999999998	0.0
48	input_spectra/bkgrnd-marine-broth.mzML	1847	0	158.093879699707	1	10781.460000000001	0.0
48	input_spectra/bkgrnd-marine-broth.mzML	1848	0	158.093879699707	1	10792.92	0.0
48	input_spectra/bkgrnd-marine-broth.mzML	1849	0	158.093879699707	1	10832.34	0.0
48	input_spectra/bkgrnd-marine-broth.mzML	1850	0	158.093879699707	1	10843.8	0.0
48	input_spectra/bkgrnd-marine-broth.mzML	1851	0	158.093879699707	1	10883.16	0.0
48	input_spectra/bkgrnd-marine-broth.mzML	1852	0	158.093879699707	1	10894.619999999999	0.0
4	input_spectra/bkgrnd-marine-broth.mzML	1853	0	118.087252298991	1	11198.58	0.0
4	input_spectra/bkgrnd-marine-broth.mzML	1854	0	118.087252298991	1	11210.04	0.0
4	input_spectra/bkgrnd-marine-broth.mzML	1855	0	118.087252298991	1	11249.400000000001	0.0
4	input_spectra/bkgrnd-marine-broth.mzML	1856	0	118.087252298991	1	11260.86	0.0
4	input_spectra/bkgrnd-marine-broth.mzML	1857	0	118.087252298991	1	11323.2	0.0
4	input_spectra/bkgrnd-marine-broth.mzML	1858	0	118.087252298991	1	11334.66	0.0
19	input_spectra/bkgrnd-marine-broth.mzML	1859	0	130.05116780599	1	11505.24	0.0
17	input_spectra/bkgrnd-marine-broth.mzML	1860	0	130.05116780599	1	11516.699999999999	0.0
19	input_spectra/bkgrnd-marine-broth.mzML	1861	0	130.05116780599	1	11556.12	0.0
110	input_spectra/bkgrnd-marine-broth.mzML	1862	0	260.199279785156	1	11579.1	0.0
110	input_spectra/bkgrnd-marine-broth.mzML	1863	0	260.199279785156	1	11590.56	0.0
61	input_spectra/bkgrnd-marine-broth.mzML	1864	0	175.109786987305	1	11602.08	0.0
61	input_spectra/bkgrnd-marine-broth.mzML	1865	0	175.109786987305	1	11613.539999999999	0.0
28	input_spectra/bkgrnd-marine-broth.mzML	1866	0	132.107032775879	1	11675.939999999999	0.0
115	input_spectra/bkgrnd-marine-broth.mzML	1867	0	268.106628417969	1	11698.86	0.0
115	input_spectra/bkgrnd-marine-broth.mzML	1868	0	268.106628417969	1	11710.380000000001	0.0
61	input_spectra/bkgrnd-marine-broth.mzML	1869	0	175.109786987305	1	11721.84	0.0
61	input_spectra/bkgrnd-marine-broth.mzML	1870	0	175.109786987305	1	11733.36	0.0
31	input_spectra/bkgrnd-marine-broth.mzML	1871	0	137.04709370931	1	11744.820000000002	0.0
32	input_spectra/bkgrnd-marine-broth.mzML	1872	0	137.04709370931	1	11756.279999999999	0.0
28	input_spectra/bkgrnd-marine-broth.mzML	1873	0	132.109466552734	1	11830.26	0.0
115	input_spectra/bkgrnd-marine-broth.mzML	1874	0	268.106628417969	1	11841.78	0.0
115	input_spectra/bkgrnd-marine-broth.mzML	1875	0	268.106628417969	1	11853.24	0.0
28	input_spectra/bkgrnd-marine-broth.mzML	1876	0	132.107032775879	1	11961.66	0.0
106	input_spectra/bkgrnd-marine-broth.mzML	1877	0	254.163650512695	1	11984.64	0.0
107	input_spectra/bkgrnd-marine-broth.mzML	1878	0	254.163650512695	1	11996.1	0.0
115	input_spectra/bkgrnd-marine-broth.mzML	1879	0	268.106628417969	1	12007.62	0.0
115	input_spectra/bkgrnd-marine-broth.mzML	1880	0	268.106628417969	1	12019.08	0.0
45	input_spectra/bkgrnd-marine-broth.mzML	1881	0	155.082990010579	1	12030.599999999999	0.0
45	input_spectra/bkgrnd-marine-broth.mzML	1882	0	155.082990010579	1	12042.06	0.0
9	input_spectra/bkgrnd-marine-broth.mzML	1883	0	121.065930684408	1	12053.52	0.0
9	input_spectra/bkgrnd-marine-broth.mzML	1884	0	121.065930684408	1	12065.04	0.0
25	input_spectra/bkgrnd-marine-broth.mzML	1885	0	132.103280318411	1	12104.400000000001	0.0
25	input_spectra/bkgrnd-marine-broth.mzML	1886	0	132.103280318411	1	12115.86	0.0
9	input_spectra/bkgrnd-marine-broth.mzML	1887	0	121.065930684408	1	12127.320000000002	0.0
9	input_spectra/bkgrnd-marine-broth.mzML	1888	0	121.065930684408	1	12138.779999999999	0.0
45	input_spectra/bkgrnd-marine-broth.mzML	1889	0	155.082990010579	1	12150.24	0.0
45	input_spectra/bkgrnd-marine-broth.mzML	1890	0	155.082990010579	1	12161.76	0.0
86	input_spectra/bkgrnd-marine-broth.mzML	1891	0	215.141209920247	1	12173.22	0.0
86	input_spectra/bkgrnd-marine-broth.mzML	1892	0	215.141209920247	1	12184.74	0.0
62	input_spectra/bkgrnd-marine-broth.mzML	1893	0	182.083048502604	1	12196.2	0.0
62	input_spectra/bkgrnd-marine-broth.mzML	1894	0	182.083048502604	1	12207.66	0.0
25	input_spectra/bkgrnd-marine-broth.mzML	1895	0	132.103280318411	1	12247.019999999999	0.0
45	input_spectra/bkgrnd-marine-broth.mzML	1896	0	155.082990010579	1	12270.0	0.0
45	input_spectra/bkgrnd-marine-broth.mzML	1897	0	155.082990010579	1	12281.460000000001	0.0
62	input_spectra/bkgrnd-marine-broth.mzML	1898	0	182.083048502604	1	12292.980000000001	0.0
62	input_spectra/bkgrnd-marine-broth.mzML	1899	0	182.083048502604	1	12304.44	0.0
9	input_spectra/bkgrnd-marine-broth.mzML	1900	0	121.065930684408	1	12315.9	0.0
9	input_spectra/bkgrnd-marine-broth.mzML	1901	0	121.065930684408	1	12327.359999999999	0.0
86	input_spectra/bkgrnd-marine-broth.mzML	1902	0	215.141209920247	1	12338.88	0.0
86	input_spectra/bkgrnd-marine-broth.mzML	1903	0	215.141209920247	1	12350.34	0.0
62	input_spectra/bkgrnd-marine-broth.mzML	1904	0	182.083048502604	1	12401.220000000001	0.0
25	input_spectra/bkgrnd-marine-broth.mzML	1905	0	132.103280318411	1	12412.679999999998	0.0
25	input_spectra/bkgrnd-marine-broth.mzML	1906	0	132.103280318411	1	12424.199999999999	0.0
30	input_spectra/bkgrnd-marine-broth.mzML	1907	0	136.077031453451	1	12435.66	0.0
30	input_spectra/bkgrnd-marine-broth.mzML	1908	0	136.077031453451	1	12447.119999999999	0.0
50	input_spectra/bkgrnd-marine-broth.mzML	1909	0	165.056243896484	1	12458.64	0.0
52	input_spectra/bkgrnd-marine-broth.mzML	1910	0	165.056243896484	1	12470.1	0.0
86	input_spectra/bkgrnd-marine-broth.mzML	1911	0	215.141209920247	1	12481.560000000001	0.0
86	input_spectra/bkgrnd-marine-broth.mzML	1912	0	215.141209920247	1	12493.08	0.0
25	input_spectra/bkgrnd-marine-broth.mzML	1913	0	132.103280318411	1	12532.44	0.0
25	input_spectra/bkgrnd-marine-broth.mzML	1914	0	132.103280318411	1	12543.9	0.0
30	input_spectra/bkgrnd-marine-broth.mzML	1915	0	136.077031453451	1	12555.42	0.0
30	input_spectra/bkgrnd-marine-broth.mzML	1916	0	136.077031453451	1	12566.880000000001	0.0
50	input_spectra/bkgrnd-marine-broth.mzML	1917	0	165.056243896484	1	12578.34	0.0
52	input_spectra/bkgrnd-marine-broth.mzML	1918	0	165.056243896484	1	12589.859999999999	0.0
10	input_spectra/bkgrnd-marine-broth.mzML	1919	0	123.045349121094	1	12601.32	0.0
10	input_spectra/bkgrnd-marine-broth.mzML	1920	0	123.045349121094	1	12612.779999999999	0.0
52	input_spectra/bkgrnd-marine-broth.mzML	1921	0	165.056243896484	1	12663.66	0.0
30	input_spectra/bkgrnd-marine-broth.mzML	1922	0	136.077031453451	1	12675.12	0.0
101	input_spectra/bkgrnd-marine-broth.mzML	1923	0	237.088798522949	1	12698.099999999999	0.0
102	input_spectra/bkgrnd-marine-broth.mzML	1924	0	237.088798522949	1	12709.56	0.0
10	input_spectra/bkgrnd-marine-broth.mzML	1925	0	123.045349121094	1	12732.54	0.0
31	input_spectra/bkgrnd-marine-broth.mzML	1926	0	137.04709370931	1	12771.900000000001	0.0
32	input_spectra/bkgrnd-marine-broth.mzML	1927	0	137.04709370931	1	12783.36	0.0
101	input_spectra/bkgrnd-marine-broth.mzML	1928	0	237.088798522949	1	12794.88	0.0
102	input_spectra/bkgrnd-marine-broth.mzML	1929	0	237.088798522949	1	12806.34	0.0
116	input_spectra/bkgrnd-marine-broth.mzML	1930	0	269.090545654297	1	12929.94	0.0
116	input_spectra/bkgrnd-marine-broth.mzML	1931	0	269.090545654297	1	12941.4	0.0
44	input_spectra/bkgrnd-marine-broth.mzML	1932	0	152.058049519857	1	13016.82	0.0
44	input_spectra/bkgrnd-marine-broth.mzML	1933	0	152.058049519857	1	13028.28	0.0
44	input_spectra/bkgrnd-marine-broth.mzML	1934	0	152.058049519857	1	13067.640000000001	0.0
44	input_spectra/bkgrnd-marine-broth.mzML	1935	0	152.058049519857	1	13079.16	0.0
121	input_spectra/bkgrnd-marine-broth.mzML	1936	0	284.101715087891	1	13090.619999999999	0.0
122	input_spectra/bkgrnd-marine-broth.mzML	1937	0	284.101715087891	1	13102.14	0.0
44	input_spectra/bkgrnd-marine-broth.mzML	1938	0	152.058049519857	1	13141.5	0.0
44	input_spectra/bkgrnd-marine-broth.mzML	1939	0	152.058049519857	1	13152.960000000001	0.0
121	input_spectra/bkgrnd-marine-broth.mzML	1940	0	284.101715087891	1	13164.48	0.0
122	input_spectra/bkgrnd-marine-broth.mzML	1941	0	284.101715087891	1	13175.939999999999	0.0
121	input_spectra/bkgrnd-marine-broth.mzML	1942	0	284.101715087891	1	13215.3	0.0
122	input_spectra/bkgrnd-marine-broth.mzML	1943	0	284.101715087891	1	13226.82	0.0
45	input_spectra/bkgrnd-marine-broth.mzML	1944	0	155.082990010579	1	13238.28	0.0
45	input_spectra/bkgrnd-marine-broth.mzML	1945	0	155.082990010579	1	13249.800000000001	0.0
45	input_spectra/bkgrnd-marine-broth.mzML	1946	0	155.082990010579	1	13289.1	0.0
45	input_spectra/bkgrnd-marine-broth.mzML	1947	0	155.082990010579	1	13300.619999999999	0.0
45	input_spectra/bkgrnd-marine-broth.mzML	1948	0	155.082990010579	1	13339.98	0.0
45	input_spectra/bkgrnd-marine-broth.mzML	1949	0	155.082990010579	1	13351.44	0.0
25	input_spectra/bkgrnd-marine-broth.mzML	1950	0	132.103280318411	1	13487.039999999999	0.0
25	input_spectra/bkgrnd-marine-broth.mzML	1951	0	132.103280318411	1	13498.5	0.0
25	input_spectra/bkgrnd-marine-broth.mzML	1952	0	132.103280318411	1	13537.8	0.0
25	input_spectra/bkgrnd-marine-broth.mzML	1953	0	132.103280318411	1	13549.26	0.0
25	input_spectra/bkgrnd-marine-broth.mzML	1954	0	132.103280318411	1	13588.68	0.0
25	input_spectra/bkgrnd-marine-broth.mzML	1955	0	132.103280318411	1	13600.140000000001	0.0
87	input_spectra/bkgrnd-marine-broth.mzML	1956	0	217.156880696615	1	14240.76	0.0
87	input_spectra/bkgrnd-marine-broth.mzML	1957	0	217.156880696615	1	14252.220000000001	0.0
87	input_spectra/bkgrnd-marine-broth.mzML	1958	0	217.156880696615	1	14291.64	0.0
87	input_spectra/bkgrnd-marine-broth.mzML	1959	0	217.156880696615	1	14303.099999999999	0.0
87	input_spectra/bkgrnd-marine-broth.mzML	1960	0	217.156880696615	1	14342.46	0.0
87	input_spectra/bkgrnd-marine-broth.mzML	1961	0	217.156880696615	1	14353.98	0.0
25	input_spectra/bkgrnd-marine-broth.mzML	1962	0	132.103280318411	1	14657.880000000001	0.0
25	input_spectra/bkgrnd-marine-broth.mzML	1963	0	132.103280318411	1	14669.34	0.0
25	input_spectra/bkgrnd-marine-broth.mzML	1964	0	132.103280318411	1	14708.7	0.0
25	input_spectra/bkgrnd-marine-broth.mzML	1965	0	132.103280318411	1	14720.16	0.0
25	input_spectra/bkgrnd-marine-broth.mzML	1966	0	132.103280318411	1	14759.58	0.0
25	input_spectra/bkgrnd-marine-broth.mzML	1967	0	132.103280318411	1	14771.039999999999	0.0
35	input_spectra/bkgrnd-marine-broth.mzML	1968	0	141.95991734096	1	14810.4	0.0
35	input_spectra/bkgrnd-marine-broth.mzML	1969	0	141.95991734096	1	14821.92	0.0
82	input_spectra/bkgrnd-marine-broth.mzML	1970	0	211.109888712565	1	14909.400000000001	0.0
82	input_spectra/bkgrnd-marine-broth.mzML	1971	0	211.109888712565	1	14972.28	0.0
83	input_spectra/bkgrnd-marine-broth.mzML	1972	0	211.109888712565	1	14983.740000000002	0.0
82	input_spectra/bkgrnd-marine-broth.mzML	1973	0	211.109888712565	1	15023.099999999999	0.0
83	input_spectra/bkgrnd-marine-broth.mzML	1974	0	211.109888712565	1	15034.619999999999	0.0
35	input_spectra/bkgrnd-marine-broth.mzML	1975	0	141.95991734096	1	15158.099999999999	0.0
35	input_spectra/bkgrnd-marine-broth.mzML	1976	0	141.95991734096	1	15169.619999999999	0.0
160	input_spectra/bkgrnd-marine-broth.mzML	1977	0	359.196111043294	1	15245.04	0.0
160	input_spectra/bkgrnd-marine-broth.mzML	1978	0	359.196111043294	1	15256.560000000001	0.0
160	input_spectra/bkgrnd-marine-broth.mzML	1979	0	359.196111043294	1	15392.100000000002	0.0
160	input_spectra/bkgrnd-marine-broth.mzML	1980	0	359.196111043294	1	15403.619999999999	0.0
160	input_spectra/bkgrnd-marine-broth.mzML	1981	0	359.196111043294	1	15442.98	0.0
160	input_spectra/bkgrnd-marine-broth.mzML	1982	0	359.196111043294	1	15454.44	0.0
24	input_spectra/bkgrnd-marine-broth.mzML	1983	0	131.930934906006	1	15493.800000000001	0.0
24	input_spectra/bkgrnd-marine-broth.mzML	1984	0	131.930934906006	1	15505.320000000002	0.0
35	input_spectra/bkgrnd-marine-broth.mzML	1985	0	141.95991734096	1	15556.68	0.0
35	input_spectra/bkgrnd-marine-broth.mzML	1986	0	141.95991734096	1	15568.14	0.0
24	input_spectra/bkgrnd-marine-broth.mzML	1987	0	131.930934906006	1	15703.74	0.0
24	input_spectra/bkgrnd-marine-broth.mzML	1988	0	131.930934906006	1	15715.2	0.0
24	input_spectra/bkgrnd-marine-broth.mzML	1989	0	131.930934906006	1	15778.619999999999	0.0
24	input_spectra/bkgrnd-marine-broth.mzML	1990	0	131.930934906006	1	15790.08	0.0
25	input_spectra/bkgrnd-marine-broth.mzML	1991	0	132.103280318411	1	15829.38	0.0
25	input_spectra/bkgrnd-marine-broth.mzML	1992	0	132.103280318411	1	15840.9	0.0
25	input_spectra/bkgrnd-marine-broth.mzML	1993	0	132.103280318411	1	15880.26	0.0
25	input_spectra/bkgrnd-marine-broth.mzML	1994	0	132.103280318411	1	15891.720000000001	0.0
25	input_spectra/bkgrnd-marine-broth.mzML	1995	0	132.103280318411	1	15943.14	0.0
25	input_spectra/bkgrnd-marine-broth.mzML	1996	0	132.103280318411	1	15954.600000000002	0.0
71	input_spectra/bkgrnd-marine-broth.mzML	1997	0	189.088806152344	1	16030.08	0.0
73	input_spectra/bkgrnd-marine-broth.mzML	1998	0	189.088806152344	1	16041.539999999999	0.0
71	input_spectra/bkgrnd-marine-broth.mzML	1999	0	189.088806152344	1	16080.9	0.0
73	input_spectra/bkgrnd-marine-broth.mzML	2000	0	189.088806152344	1	16092.36	0.0
71	input_spectra/bkgrnd-marine-broth.mzML	2001	0	189.088806152344	1	16131.720000000001	0.0
72	input_spectra/bkgrnd-marine-broth.mzML	2002	0	189.088806152344	1	16143.239999999998	0.0
53	input_spectra/bkgrnd-marine-broth.mzML	2003	0	166.088059743245	1	16350.9	0.0
54	input_spectra/bkgrnd-marine-broth.mzML	2004	0	166.088059743245	1	16362.42	0.0
53	input_spectra/bkgrnd-marine-broth.mzML	2005	0	166.088059743245	1	16401.72	0.0
54	input_spectra/bkgrnd-marine-broth.mzML	2006	0	166.088059743245	1	16413.239999999998	0.0
5	input_spectra/bkgrnd-marine-broth.mzML	2007	0	120.082079569499	1	16424.7	0.0
6	input_spectra/bkgrnd-marine-broth.mzML	2008	0	120.082079569499	1	16436.16	0.0
53	input_spectra/bkgrnd-marine-broth.mzML	2009	0	166.088059743245	1	16475.52	0.0
54	input_spectra/bkgrnd-marine-broth.mzML	2010	0	166.088059743245	1	16486.98	0.0
5	input_spectra/bkgrnd-marine-broth.mzML	2011	0	120.082079569499	1	16498.44	0.0
6	input_spectra/bkgrnd-marine-broth.mzML	2012	0	120.082079569499	1	16509.96	0.0
74	input_spectra/bkgrnd-marine-broth.mzML	2013	0	189.125183105469	1	16521.420000000002	0.0
74	input_spectra/bkgrnd-marine-broth.mzML	2014	0	189.125183105469	1	16532.88	0.0
5	input_spectra/bkgrnd-marine-broth.mzML	2015	0	120.082079569499	1	16572.24	0.0
6	input_spectra/bkgrnd-marine-broth.mzML	2016	0	120.082079569499	1	16583.699999999997	0.0
160	input_spectra/bkgrnd-marine-broth.mzML	2017	0	359.196111043294	1	16595.280000000002	0.0
160	input_spectra/bkgrnd-marine-broth.mzML	2018	0	359.196111043294	1	16606.739999999998	0.0
74	input_spectra/bkgrnd-marine-broth.mzML	2019	0	189.125183105469	1	16618.260000000002	0.0
74	input_spectra/bkgrnd-marine-broth.mzML	2020	0	189.125183105469	1	16629.719999999998	0.0
22	input_spectra/bkgrnd-marine-broth.mzML	2021	0	131.05034383138	1	16641.18	0.0
23	input_spectra/bkgrnd-marine-broth.mzML	2022	0	131.05034383138	1	16652.64	0.0
55	input_spectra/bkgrnd-marine-broth.mzML	2023	0	166.093887329102	1	16692.06	0.0
56	input_spectra/bkgrnd-marine-broth.mzML	2024	0	166.093887329102	1	16703.52	0.0
7	input_spectra/bkgrnd-marine-broth.mzML	2025	0	120.084854125977	1	16714.980000000003	0.0
8	input_spectra/bkgrnd-marine-broth.mzML	2026	0	120.084854125977	1	16726.44	0.0
74	input_spectra/bkgrnd-marine-broth.mzML	2027	0	189.125183105469	1	16737.96	0.0
74	input_spectra/bkgrnd-marine-broth.mzML	2028	0	189.125183105469	1	16749.42	0.0
160	input_spectra/bkgrnd-marine-broth.mzML	2029	0	359.196111043294	1	16760.94	0.0
160	input_spectra/bkgrnd-marine-broth.mzML	2030	0	359.196111043294	1	16772.46	0.0
22	input_spectra/bkgrnd-marine-broth.mzML	2031	0	131.05034383138	1	16783.920000000002	0.0
23	input_spectra/bkgrnd-marine-broth.mzML	2032	0	131.05034383138	1	16795.38	0.0
7	input_spectra/bkgrnd-marine-broth.mzML	2033	0	120.086292266846	1	16834.8	0.0
8	input_spectra/bkgrnd-marine-broth.mzML	2034	0	120.086292266846	1	16846.260000000002	0.0
160	input_spectra/bkgrnd-marine-broth.mzML	2035	0	359.196111043294	1	16857.780000000002	0.0
160	input_spectra/bkgrnd-marine-broth.mzML	2036	0	359.196111043294	1	16869.239999999998	0.0
22	input_spectra/bkgrnd-marine-broth.mzML	2037	0	131.05034383138	1	16880.760000000002	0.0
23	input_spectra/bkgrnd-marine-broth.mzML	2038	0	131.05034383138	1	16892.219999999998	0.0
40	input_spectra/bkgrnd-marine-broth.mzML	2039	0	149.061024983724	1	16903.68	0.0
41	input_spectra/bkgrnd-marine-broth.mzML	2040	0	149.061024983724	1	16915.2	0.0
7	input_spectra/bkgrnd-marine-broth.mzML	2041	0	120.086292266846	1	16977.54	0.0
8	input_spectra/bkgrnd-marine-broth.mzML	2042	0	120.086292266846	1	16989.0	0.0
40	input_spectra/bkgrnd-marine-broth.mzML	2043	0	149.061024983724	1	17000.46	0.0
41	input_spectra/bkgrnd-marine-broth.mzML	2044	0	149.061024983724	1	17011.92	0.0
40	input_spectra/bkgrnd-marine-broth.mzML	2045	0	149.061024983724	1	17051.34	0.0
41	input_spectra/bkgrnd-marine-broth.mzML	2046	0	149.061024983724	1	17062.8	0.0
55	input_spectra/bkgrnd-marine-broth.mzML	2047	0	166.093887329102	1	17102.16	0.0
56	input_spectra/bkgrnd-marine-broth.mzML	2048	0	166.093887329102	1	17113.68	0.0
150	input_spectra/bkgrnd-marine-broth.mzML	2049	0	331.200653076172	1	17125.14	0.0
150	input_spectra/bkgrnd-marine-broth.mzML	2050	0	331.200653076172	1	17136.66	0.0
55	input_spectra/bkgrnd-marine-broth.mzML	2051	0	166.093887329102	1	17176.02	0.0
56	input_spectra/bkgrnd-marine-broth.mzML	2052	0	166.093887329102	1	17187.480000000003	0.0
150	input_spectra/bkgrnd-marine-broth.mzML	2053	0	331.200653076172	1	17199.0	0.0
150	input_spectra/bkgrnd-marine-broth.mzML	2054	0	331.200653076172	1	17210.52	0.0
150	input_spectra/bkgrnd-marine-broth.mzML	2055	0	331.200653076172	1	17249.88	0.0
150	input_spectra/bkgrnd-marine-broth.mzML	2056	0	331.200653076172	1	17261.34	0.0
35	input_spectra/bkgrnd-marine-broth.mzML	2057	0	141.95991734096	1	17272.859999999997	0.0
35	input_spectra/bkgrnd-marine-broth.mzML	2058	0	141.95991734096	1	17284.32	0.0
35	input_spectra/bkgrnd-marine-broth.mzML	2059	0	141.95991734096	1	17323.68	0.0
35	input_spectra/bkgrnd-marine-broth.mzML	2060	0	141.95991734096	1	17335.2	0.0
35	input_spectra/bkgrnd-marine-broth.mzML	2061	0	141.95991734096	1	17374.56	0.0
35	input_spectra/bkgrnd-marine-broth.mzML	2062	0	141.95991734096	1	17386.02	0.0
53	input_spectra/bkgrnd-marine-broth.mzML	2063	0	166.088059743245	1	17497.559999999998	0.0
54	input_spectra/bkgrnd-marine-broth.mzML	2064	0	166.088059743245	1	17509.02	0.0
53	input_spectra/bkgrnd-marine-broth.mzML	2065	0	166.088059743245	1	17548.38	0.0
54	input_spectra/bkgrnd-marine-broth.mzML	2066	0	166.088059743245	1	17559.84	0.0
53	input_spectra/bkgrnd-marine-broth.mzML	2067	0	166.088059743245	1	17599.2	0.0
54	input_spectra/bkgrnd-marine-broth.mzML	2068	0	166.088059743245	1	17610.72	0.0
5	input_spectra/bkgrnd-marine-broth.mzML	2069	0	120.082079569499	1	17622.18	0.0
6	input_spectra/bkgrnd-marine-broth.mzML	2070	0	120.082079569499	1	17633.64	0.0
5	input_spectra/bkgrnd-marine-broth.mzML	2071	0	120.082079569499	1	17673.0	0.0
6	input_spectra/bkgrnd-marine-broth.mzML	2072	0	120.082079569499	1	17684.52	0.0
5	input_spectra/bkgrnd-marine-broth.mzML	2073	0	120.082079569499	1	17723.82	0.0
6	input_spectra/bkgrnd-marine-broth.mzML	2074	0	120.082079569499	1	17735.34	0.0
49	input_spectra/bkgrnd-marine-broth.mzML	2075	0	158.962689717611	1	17822.76	0.0
49	input_spectra/bkgrnd-marine-broth.mzML	2076	0	158.962689717611	1	17834.22	0.0
49	input_spectra/bkgrnd-marine-broth.mzML	2077	0	158.962689717611	1	18234.36	0.0
49	input_spectra/bkgrnd-marine-broth.mzML	2078	0	158.962689717611	1	18245.82	0.0
49	input_spectra/bkgrnd-marine-broth.mzML	2079	0	158.962689717611	1	18297.24	0.0
49	input_spectra/bkgrnd-marine-broth.mzML	2080	0	158.962689717611	1	18308.699999999997	0.0
24	input_spectra/bkgrnd-marine-broth.mzML	2081	0	131.930934906006	1	18396.18	0.0
24	input_spectra/bkgrnd-marine-broth.mzML	2082	0	131.930934906006	1	18407.64	0.0
35	input_spectra/bkgrnd-marine-broth.mzML	2083	0	141.95991734096	1	18447.0	0.0
35	input_spectra/bkgrnd-marine-broth.mzML	2084	0	141.95991734096	1	18458.460000000003	0.0
35	input_spectra/bkgrnd-marine-broth.mzML	2085	0	141.95991734096	1	18497.88	0.0
35	input_spectra/bkgrnd-marine-broth.mzML	2086	0	141.95991734096	1	18509.34	0.0
35	input_spectra/bkgrnd-marine-broth.mzML	2087	0	141.95991734096	1	18548.699999999997	0.0
35	input_spectra/bkgrnd-marine-broth.mzML	2088	0	141.95991734096	1	18560.16	0.0
74	input_spectra/bkgrnd-marine-broth.mzML	2089	0	189.125183105469	1	18599.579999999998	0.0
53	input_spectra/bkgrnd-marine-broth.mzML	2090	0	166.088059743245	1	18650.399999999998	0.0
54	input_spectra/bkgrnd-marine-broth.mzML	2091	0	166.088059743245	1	18661.92	0.0
74	input_spectra/bkgrnd-marine-broth.mzML	2092	0	189.125183105469	1	18673.38	0.0
74	input_spectra/bkgrnd-marine-broth.mzML	2093	0	189.125183105469	1	18684.84	0.0
53	input_spectra/bkgrnd-marine-broth.mzML	2094	0	166.088059743245	1	18724.2	0.0
54	input_spectra/bkgrnd-marine-broth.mzML	2095	0	166.088059743245	1	18735.72	0.0
74	input_spectra/bkgrnd-marine-broth.mzML	2096	0	189.125183105469	1	18747.18	0.0
74	input_spectra/bkgrnd-marine-broth.mzML	2097	0	189.125183105469	1	18758.64	0.0
53	input_spectra/bkgrnd-marine-broth.mzML	2098	0	166.088059743245	1	18798.0	0.0
54	input_spectra/bkgrnd-marine-broth.mzML	2099	0	166.088059743245	1	18809.46	0.0
5	input_spectra/bkgrnd-marine-broth.mzML	2100	0	120.082079569499	1	18820.920000000002	0.0
6	input_spectra/bkgrnd-marine-broth.mzML	2101	0	120.082079569499	1	18832.440000000002	0.0
5	input_spectra/bkgrnd-marine-broth.mzML	2102	0	120.082079569499	1	18871.739999999998	0.0
6	input_spectra/bkgrnd-marine-broth.mzML	2103	0	120.082079569499	1	18883.2	0.0
25	input_spectra/bkgrnd-marine-broth.mzML	2104	0	132.103280318411	1	18894.719999999998	0.0
25	input_spectra/bkgrnd-marine-broth.mzML	2105	0	132.103280318411	1	18906.18	0.0
5	input_spectra/bkgrnd-marine-broth.mzML	2106	0	120.082079569499	1	18945.54	0.0
6	input_spectra/bkgrnd-marine-broth.mzML	2107	0	120.082079569499	1	18957.0	0.0
25	input_spectra/bkgrnd-marine-broth.mzML	2108	0	132.103280318411	1	18968.460000000003	0.0
25	input_spectra/bkgrnd-marine-broth.mzML	2109	0	132.103280318411	1	18979.980000000003	0.0
25	input_spectra/bkgrnd-marine-broth.mzML	2110	0	132.103280318411	1	19019.34	0.0
25	input_spectra/bkgrnd-marine-broth.mzML	2111	0	132.103280318411	1	19030.8	0.0
49	input_spectra/bkgrnd-marine-broth.mzML	2112	0	158.962689717611	1	19467.0	0.0
49	input_spectra/bkgrnd-marine-broth.mzML	2113	0	158.962689717611	1	19478.460000000003	0.0
49	input_spectra/bkgrnd-marine-broth.mzML	2114	0	158.962689717611	1	19541.879999999997	0.0
49	input_spectra/bkgrnd-marine-broth.mzML	2115	0	158.962689717611	1	19553.34	0.0
35	input_spectra/bkgrnd-marine-broth.mzML	2116	0	141.95991734096	1	19604.7	0.0
35	input_spectra/bkgrnd-marine-broth.mzML	2117	0	141.95991734096	1	19616.22	0.0
35	input_spectra/bkgrnd-marine-broth.mzML	2118	0	141.95991734096	1	19655.58	0.0
35	input_spectra/bkgrnd-marine-broth.mzML	2119	0	141.95991734096	1	19667.04	0.0
35	input_spectra/bkgrnd-marine-broth.mzML	2120	0	141.95991734096	1	19706.4	0.0
35	input_spectra/bkgrnd-marine-broth.mzML	2121	0	141.95991734096	1	19717.859999999997	0.0
95	input_spectra/bkgrnd-marine-broth.mzML	2122	0	229.157028198242	1	19769.28	0.0
95	input_spectra/bkgrnd-marine-broth.mzML	2123	0	229.157028198242	1	19780.739999999998	0.0
53	input_spectra/bkgrnd-marine-broth.mzML	2124	0	166.088059743245	1	19820.1	0.0
54	input_spectra/bkgrnd-marine-broth.mzML	2125	0	166.088059743245	1	19831.62	0.0
95	input_spectra/bkgrnd-marine-broth.mzML	2126	0	229.157028198242	1	19843.08	0.0
95	input_spectra/bkgrnd-marine-broth.mzML	2127	0	229.157028198242	1	19854.600000000002	0.0
95	input_spectra/bkgrnd-marine-broth.mzML	2128	0	229.157028198242	1	19893.96	0.0
95	input_spectra/bkgrnd-marine-broth.mzML	2129	0	229.157028198242	1	19905.420000000002	0.0
53	input_spectra/bkgrnd-marine-broth.mzML	2130	0	166.088059743245	1	19916.940000000002	0.0
54	input_spectra/bkgrnd-marine-broth.mzML	2131	0	166.088059743245	1	19928.399999999998	0.0
53	input_spectra/bkgrnd-marine-broth.mzML	2132	0	166.088059743245	1	19967.76	0.0
54	input_spectra/bkgrnd-marine-broth.mzML	2133	0	166.088059743245	1	19979.28	0.0
5	input_spectra/bkgrnd-marine-broth.mzML	2134	0	120.082079569499	1	19990.739999999998	0.0
6	input_spectra/bkgrnd-marine-broth.mzML	2135	0	120.082079569499	1	20002.2	0.0
5	input_spectra/bkgrnd-marine-broth.mzML	2136	0	120.082079569499	1	20053.56	0.0
6	input_spectra/bkgrnd-marine-broth.mzML	2137	0	120.082079569499	1	20065.019999999997	0.0
49	input_spectra/bkgrnd-marine-broth.mzML	2138	0	158.962689717611	1	20104.379999999997	0.0
49	input_spectra/bkgrnd-marine-broth.mzML	2139	0	158.962689717611	1	20115.84	0.0
5	input_spectra/bkgrnd-marine-broth.mzML	2140	0	120.082079569499	1	20127.3	0.0
6	input_spectra/bkgrnd-marine-broth.mzML	2141	0	120.082079569499	1	20138.760000000002	0.0
35	input_spectra/bkgrnd-marine-broth.mzML	2142	0	141.95991734096	1	20743.260000000002	0.0
35	input_spectra/bkgrnd-marine-broth.mzML	2143	0	141.95991734096	1	20754.719999999998	0.0
35	input_spectra/bkgrnd-marine-broth.mzML	2144	0	141.95991734096	1	20794.079999999998	0.0
35	input_spectra/bkgrnd-marine-broth.mzML	2145	0	141.95991734096	1	20805.6	0.0
35	input_spectra/bkgrnd-marine-broth.mzML	2146	0	141.95991734096	1	20844.96	0.0
35	input_spectra/bkgrnd-marine-broth.mzML	2147	0	141.95991734096	1	20856.420000000002	0.0
117	input_spectra/bkgrnd-marine-broth.mzML	2148	0	274.178975423177	1	21641.28	0.0
117	input_spectra/bkgrnd-marine-broth.mzML	2149	0	274.178975423177	1	21652.8	0.0
117	input_spectra/bkgrnd-marine-broth.mzML	2150	0	274.178975423177	1	21692.16	0.0
117	input_spectra/bkgrnd-marine-broth.mzML	2151	0	274.178975423177	1	21703.62	0.0
117	input_spectra/bkgrnd-marine-broth.mzML	2152	0	274.178975423177	1	21743.04	0.0
117	input_spectra/bkgrnd-marine-broth.mzML	2153	0	274.178975423177	1	21754.5	0.0
35	input_spectra/bkgrnd-marine-broth.mzML	2154	0	141.95991734096	1	21918.54	0.0
35	input_spectra/bkgrnd-marine-broth.mzML	2155	0	141.95991734096	1	21930.0	0.0
97	input_spectra/bkgrnd-marine-broth.mzML	2156	0	231.172617594401	1	21941.52	0.0
97	input_spectra/bkgrnd-marine-broth.mzML	2157	0	231.172617594401	1	21992.34	0.0
35	input_spectra/bkgrnd-marine-broth.mzML	2158	0	141.95991734096	1	22015.32	0.0
35	input_spectra/bkgrnd-marine-broth.mzML	2159	0	141.95991734096	1	22026.78	0.0
97	input_spectra/bkgrnd-marine-broth.mzML	2160	0	231.172617594401	1	22066.079999999998	0.0
97	input_spectra/bkgrnd-marine-broth.mzML	2161	0	231.172617594401	1	22077.6	0.0
35	input_spectra/bkgrnd-marine-broth.mzML	2162	0	141.95991734096	1	22089.06	0.0
35	input_spectra/bkgrnd-marine-broth.mzML	2163	0	141.95991734096	1	22100.52	0.0
95	input_spectra/bkgrnd-marine-broth.mzML	2164	0	229.157028198242	1	22717.079999999998	0.0
95	input_spectra/bkgrnd-marine-broth.mzML	2165	0	229.157028198242	1	22728.54	0.0
95	input_spectra/bkgrnd-marine-broth.mzML	2166	0	229.157028198242	1	22767.899999999998	0.0
95	input_spectra/bkgrnd-marine-broth.mzML	2167	0	229.157028198242	1	22779.36	0.0
95	input_spectra/bkgrnd-marine-broth.mzML	2168	0	229.157028198242	1	22818.78	0.0
95	input_spectra/bkgrnd-marine-broth.mzML	2169	0	229.157028198242	1	22830.24	0.0
35	input_spectra/bkgrnd-marine-broth.mzML	2170	0	141.95991734096	1	23098.08	0.0
35	input_spectra/bkgrnd-marine-broth.mzML	2171	0	141.95991734096	1	23109.54	0.0
35	input_spectra/bkgrnd-marine-broth.mzML	2172	0	141.95991734096	1	23148.96	0.0
35	input_spectra/bkgrnd-marine-broth.mzML	2173	0	141.95991734096	1	23160.420000000002	0.0
35	input_spectra/bkgrnd-marine-broth.mzML	2174	0	141.95991734096	1	23199.78	0.0
35	input_spectra/bkgrnd-marine-broth.mzML	2175	0	141.95991734096	1	23211.239999999998	0.0
95	input_spectra/bkgrnd-marine-broth.mzML	2176	0	229.157028198242	1	23863.86	0.0
95	input_spectra/bkgrnd-marine-broth.mzML	2177	0	229.157028198242	1	23875.38	0.0
219	input_spectra/bkgrnd-marine-broth.mzML	2178	0	527.287231445313	1	23886.9	0.0
219	input_spectra/bkgrnd-marine-broth.mzML	2179	0	527.287231445313	1	23898.420000000002	0.0
95	input_spectra/bkgrnd-marine-broth.mzML	2180	0	229.157028198242	1	23937.780000000002	0.0
95	input_spectra/bkgrnd-marine-broth.mzML	2181	0	229.157028198242	1	23949.3	0.0
95	input_spectra/bkgrnd-marine-broth.mzML	2182	0	229.157028198242	1	23988.6	0.0
95	input_spectra/bkgrnd-marine-broth.mzML	2183	0	229.157028198242	1	24000.12	0.0
293	input_spectra/bkgrnd-marine-broth.mzML	2184	0	922.434387207031	1	24063.059999999998	0.0
282	input_spectra/bkgrnd-marine-broth.mzML	2185	0	756.358744303385	1	24114.0	0.0
281	input_spectra/bkgrnd-marine-broth.mzML	2186	0	756.358744303385	1	24153.36	0.0
282	input_spectra/bkgrnd-marine-broth.mzML	2187	0	756.358744303385	1	24164.88	0.0
282	input_spectra/bkgrnd-marine-broth.mzML	2188	0	756.358744303385	1	24215.760000000002	0.0
260	input_spectra/bkgrnd-marine-broth.mzML	2189	0	618.330220540365	1	24250.44	0.0
261	input_spectra/bkgrnd-marine-broth.mzML	2190	0	618.330220540365	1	24261.96	0.0
283	input_spectra/bkgrnd-marine-broth.mzML	2191	0	783.443644205729	1	24273.48	0.0
284	input_spectra/bkgrnd-marine-broth.mzML	2192	0	783.443644205729	1	24285.059999999998	0.0
283	input_spectra/bkgrnd-marine-broth.mzML	2193	0	783.443644205729	1	24324.42	0.0
284	input_spectra/bkgrnd-marine-broth.mzML	2194	0	783.443644205729	1	24335.94	0.0
260	input_spectra/bkgrnd-marine-broth.mzML	2195	0	618.330220540365	1	24347.519999999997	0.0
261	input_spectra/bkgrnd-marine-broth.mzML	2196	0	618.330220540365	1	24359.039999999997	0.0
302	input_spectra/bkgrnd-marine-broth.mzML	2197	0	1105.584289550781	1	24370.620000000003	0.0
286	input_spectra/bkgrnd-marine-broth.mzML	2198	0	811.401672363281	1	24405.3	0.0
260	input_spectra/bkgrnd-marine-broth.mzML	2199	0	618.330220540365	1	24444.66	0.0
261	input_spectra/bkgrnd-marine-broth.mzML	2200	0	618.330220540365	1	24456.18	0.0
283	input_spectra/bkgrnd-marine-broth.mzML	2201	0	783.443644205729	1	24467.76	0.0
284	input_spectra/bkgrnd-marine-broth.mzML	2202	0	783.443644205729	1	24479.28	0.0
302	input_spectra/bkgrnd-marine-broth.mzML	2203	0	1105.584289550781	1	24490.86	0.0
303	input_spectra/bkgrnd-marine-broth.mzML	2204	0	1105.584289550781	1	24502.440000000002	0.0
295	input_spectra/bkgrnd-marine-broth.mzML	2205	0	938.430145263672	1	24514.02	0.0
296	input_spectra/bkgrnd-marine-broth.mzML	2206	0	938.430145263672	1	24525.54	0.0
304	input_spectra/bkgrnd-marine-broth.mzML	2207	0	1106.570190429688	1	24564.96	0.0
305	input_spectra/bkgrnd-marine-broth.mzML	2208	0	1106.570190429688	1	24576.539999999997	0.0
288	input_spectra/bkgrnd-marine-broth.mzML	2209	0	853.460418701172	1	24599.640000000003	0.0
244	input_spectra/bkgrnd-marine-broth.mzML	2210	0	584.30995686849	1	24622.68	0.0
203	input_spectra/bkgrnd-marine-broth.mzML	2211	0	488.240407307943	1	24685.2	0.0
203	input_spectra/bkgrnd-marine-broth.mzML	2212	0	488.240407307943	1	24696.72	0.0
257	input_spectra/bkgrnd-marine-broth.mzML	2213	0	615.315612792969	1	24708.239999999998	0.0
258	input_spectra/bkgrnd-marine-broth.mzML	2214	0	615.315612792969	1	24719.76	0.0
298	input_spectra/bkgrnd-marine-broth.mzML	2215	0	997.467468261719	1	24742.920000000002	0.0
203	input_spectra/bkgrnd-marine-broth.mzML	2216	0	488.240407307943	1	24828.54	0.0
203	input_spectra/bkgrnd-marine-broth.mzML	2217	0	488.240407307943	1	24840.059999999998	0.0
178	input_spectra/bkgrnd-marine-broth.mzML	2218	0	430.233734130859	1	24851.579999999998	0.0
178	input_spectra/bkgrnd-marine-broth.mzML	2219	0	430.233734130859	1	24863.04	0.0
139	input_spectra/bkgrnd-marine-broth.mzML	2220	0	318.133056640625	1	24874.56	0.0
203	input_spectra/bkgrnd-marine-broth.mzML	2221	0	488.240407307943	1	24925.44	0.0
203	input_spectra/bkgrnd-marine-broth.mzML	2222	0	488.240407307943	1	24936.96	0.0
178	input_spectra/bkgrnd-marine-broth.mzML	2223	0	430.233734130859	1	24948.48	0.0
178	input_spectra/bkgrnd-marine-broth.mzML	2224	0	430.233734130859	1	24959.940000000002	0.0
245	input_spectra/bkgrnd-marine-broth.mzML	2225	0	584.30995686849	1	24999.36	0.0
244	input_spectra/bkgrnd-marine-broth.mzML	2226	0	584.30995686849	1	25010.88	0.0
178	input_spectra/bkgrnd-marine-broth.mzML	2227	0	430.233734130859	1	25022.4	0.0
178	input_spectra/bkgrnd-marine-broth.mzML	2228	0	430.233734130859	1	25033.86	0.0
193	input_spectra/bkgrnd-marine-broth.mzML	2229	0	460.244934082031	1	25045.38	0.0
193	input_spectra/bkgrnd-marine-broth.mzML	2230	0	460.244934082031	1	25056.9	0.0
245	input_spectra/bkgrnd-marine-broth.mzML	2231	0	584.30995686849	1	25096.260000000002	0.0
244	input_spectra/bkgrnd-marine-broth.mzML	2232	0	584.30995686849	1	25107.780000000002	0.0
306	input_spectra/bkgrnd-marine-broth.mzML	2233	0	1149.564208984375	1	25147.140000000003	0.0
307	input_spectra/bkgrnd-marine-broth.mzML	2234	0	1149.564208984375	1	25158.72	0.0
306	input_spectra/bkgrnd-marine-broth.mzML	2235	0	1149.564208984375	1	25198.08	0.0
307	input_spectra/bkgrnd-marine-broth.mzML	2236	0	1149.564208984375	1	25209.66	0.0
132	input_spectra/bkgrnd-marine-broth.mzML	2237	0	300.20458984375	1	25255.68	0.0
120	input_spectra/bkgrnd-marine-broth.mzML	2238	0	283.178985595703	1	25278.66	0.0
301	input_spectra/bkgrnd-marine-broth.mzML	2239	0	1064.546752929688	1	25352.58	0.0
176	input_spectra/bkgrnd-marine-broth.mzML	2240	0	428.254776000977	1	25364.16	0.0
176	input_spectra/bkgrnd-marine-broth.mzML	2241	0	428.254776000977	1	25375.68	0.0
191	input_spectra/bkgrnd-marine-broth.mzML	2242	0	456.249816894531	1	25410.420000000002	0.0
191	input_spectra/bkgrnd-marine-broth.mzML	2243	0	456.249816894531	1	25421.940000000002	0.0
176	input_spectra/bkgrnd-marine-broth.mzML	2244	0	428.254776000977	1	25484.4	0.0
176	input_spectra/bkgrnd-marine-broth.mzML	2245	0	428.254776000977	1	25495.920000000002	0.0
300	input_spectra/bkgrnd-marine-broth.mzML	2246	0	1007.525634765625	1	25542.06	0.0
192	input_spectra/bkgrnd-marine-broth.mzML	2247	0	458.265899658203	1	25553.64	0.0
192	input_spectra/bkgrnd-marine-broth.mzML	2248	0	458.265899658203	1	25565.16	0.0
181	input_spectra/bkgrnd-marine-broth.mzML	2249	0	440.25493367513	1	25627.68	0.0
181	input_spectra/bkgrnd-marine-broth.mzML	2250	0	440.25493367513	1	25639.2	0.0
300	input_spectra/bkgrnd-marine-broth.mzML	2251	0	1007.525634765625	1	25662.36	0.0
215	input_spectra/bkgrnd-marine-broth.mzML	2252	0	522.224914550781	1	25673.94	0.0
215	input_spectra/bkgrnd-marine-broth.mzML	2253	0	522.224914550781	1	25685.46	0.0
192	input_spectra/bkgrnd-marine-broth.mzML	2254	0	458.265899658203	1	25696.92	0.0
181	input_spectra/bkgrnd-marine-broth.mzML	2255	0	440.25493367513	1	25747.859999999997	0.0
181	input_spectra/bkgrnd-marine-broth.mzML	2256	0	440.25493367513	1	25759.379999999997	0.0
250	input_spectra/bkgrnd-marine-broth.mzML	2257	0	612.341369628906	1	25770.899999999998	0.0
251	input_spectra/bkgrnd-marine-broth.mzML	2258	0	612.341369628906	1	25782.42	0.0
211	input_spectra/bkgrnd-marine-broth.mzML	2259	0	511.292541503906	1	25817.100000000002	0.0
211	input_spectra/bkgrnd-marine-broth.mzML	2260	0	511.292541503906	1	25828.56	0.0
215	input_spectra/bkgrnd-marine-broth.mzML	2261	0	522.224914550781	1	25840.08	0.0
215	input_spectra/bkgrnd-marine-broth.mzML	2262	0	522.224914550781	1	25851.600000000002	0.0
246	input_spectra/bkgrnd-marine-broth.mzML	2263	0	586.325286865234	1	25891.02	0.0
246	input_spectra/bkgrnd-marine-broth.mzML	2264	0	586.325286865234	1	25902.480000000003	0.0
154	input_spectra/bkgrnd-marine-broth.mzML	2265	0	344.231323242188	1	25914.0	0.0
154	input_spectra/bkgrnd-marine-broth.mzML	2266	0	344.231323242188	1	25925.52	0.0
181	input_spectra/bkgrnd-marine-broth.mzML	2267	0	440.25493367513	1	25937.04	0.0
181	input_spectra/bkgrnd-marine-broth.mzML	2268	0	440.25493367513	1	25948.56	0.0
211	input_spectra/bkgrnd-marine-broth.mzML	2269	0	511.292541503906	1	25960.019999999997	0.0
211	input_spectra/bkgrnd-marine-broth.mzML	2270	0	511.292541503906	1	25971.539999999997	0.0
80	input_spectra/bkgrnd-marine-broth.mzML	2271	0	205.099311828613	1	26033.94	0.0
81	input_spectra/bkgrnd-marine-broth.mzML	2272	0	205.099311828613	1	26045.399999999998	0.0
69	input_spectra/bkgrnd-marine-broth.mzML	2273	0	188.072463989258	1	26056.86	0.0
70	input_spectra/bkgrnd-marine-broth.mzML	2274	0	188.072463989258	1	26068.38	0.0
246	input_spectra/bkgrnd-marine-broth.mzML	2275	0	586.325286865234	1	26079.9	0.0
246	input_spectra/bkgrnd-marine-broth.mzML	2276	0	586.325286865234	1	26091.420000000002	0.0
273	input_spectra/bkgrnd-marine-broth.mzML	2277	0	705.329528808594	1	26102.94	0.0
80	input_spectra/bkgrnd-marine-broth.mzML	2278	0	205.099311828613	1	26176.92	0.0
81	input_spectra/bkgrnd-marine-broth.mzML	2279	0	205.099311828613	1	26188.38	0.0
69	input_spectra/bkgrnd-marine-broth.mzML	2280	0	188.072463989258	1	26199.9	0.0
70	input_spectra/bkgrnd-marine-broth.mzML	2281	0	188.072463989258	1	26211.36	0.0
252	input_spectra/bkgrnd-marine-broth.mzML	2282	0	612.341369628906	1	26222.94	0.0
252	input_spectra/bkgrnd-marine-broth.mzML	2283	0	612.341369628906	1	26234.46	0.0
290	input_spectra/bkgrnd-marine-broth.mzML	2284	0	871.461029052734	1	26257.559999999998	0.0
113	input_spectra/bkgrnd-marine-broth.mzML	2285	0	263.141876220703	1	26269.079999999998	0.0
113	input_spectra/bkgrnd-marine-broth.mzML	2286	0	263.141876220703	1	26280.6	0.0
165	input_spectra/bkgrnd-marine-broth.mzML	2287	0	388.258239746094	1	26319.96	0.0
165	input_spectra/bkgrnd-marine-broth.mzML	2288	0	388.258239746094	1	26331.48	0.0
253	input_spectra/bkgrnd-marine-broth.mzML	2289	0	612.341369628906	1	26365.98	0.0
253	input_spectra/bkgrnd-marine-broth.mzML	2290	0	612.341369628906	1	26377.5	0.0
297	input_spectra/bkgrnd-marine-broth.mzML	2291	0	947.457214355469	1	26400.66	0.0
254	input_spectra/bkgrnd-marine-broth.mzML	2292	0	614.357238769531	1	26463.120000000003	0.0
254	input_spectra/bkgrnd-marine-broth.mzML	2293	0	614.357238769531	1	26474.640000000003	0.0
165	input_spectra/bkgrnd-marine-broth.mzML	2294	0	388.258239746094	1	26486.16	0.0
297	input_spectra/bkgrnd-marine-broth.mzML	2295	0	947.457214355469	1	26520.84	0.0
164	input_spectra/bkgrnd-marine-broth.mzML	2296	0	385.249328613281	1	26532.36	0.0
164	input_spectra/bkgrnd-marine-broth.mzML	2297	0	385.249328613281	1	26543.88	0.0
180	input_spectra/bkgrnd-marine-broth.mzML	2298	0	432.285171508789	1	26606.22	0.0
180	input_spectra/bkgrnd-marine-broth.mzML	2299	0	432.285171508789	1	26617.74	0.0
275	input_spectra/bkgrnd-marine-broth.mzML	2300	0	743.401062011719	1	26629.260000000002	0.0
276	input_spectra/bkgrnd-marine-broth.mzML	2301	0	743.401062011719	1	26640.84	0.0
254	input_spectra/bkgrnd-marine-broth.mzML	2302	0	614.357238769531	1	26675.399999999998	0.0
254	input_spectra/bkgrnd-marine-broth.mzML	2303	0	614.357238769531	1	26686.92	0.0
171	input_spectra/bkgrnd-marine-broth.mzML	2304	0	415.257965087891	1	26698.44	0.0
180	input_spectra/bkgrnd-marine-broth.mzML	2305	0	432.285171508789	1	26749.32	0.0
180	input_spectra/bkgrnd-marine-broth.mzML	2306	0	432.285171508789	1	26760.78	0.0
197	input_spectra/bkgrnd-marine-broth.mzML	2307	0	476.311747233073	1	26795.34	0.0
197	input_spectra/bkgrnd-marine-broth.mzML	2308	0	476.311747233073	1	26806.86	0.0
310	input_spectra/bkgrnd-marine-broth.mzML	2309	0	1216.558837890625	1	26841.48	0.0
311	input_spectra/bkgrnd-marine-broth.mzML	2310	0	1216.558837890625	1	26853.059999999998	0.0
197	input_spectra/bkgrnd-marine-broth.mzML	2311	0	476.311747233073	1	26892.42	0.0
197	input_spectra/bkgrnd-marine-broth.mzML	2312	0	476.311747233073	1	26903.94	0.0
94	input_spectra/bkgrnd-marine-broth.mzML	2313	0	227.141393025716	1	26938.44	0.0
94	input_spectra/bkgrnd-marine-broth.mzML	2314	0	227.141393025716	1	26949.96	0.0
308	input_spectra/bkgrnd-marine-broth.mzML	2315	0	1200.565185546875	1	26961.600000000002	0.0
309	input_spectra/bkgrnd-marine-broth.mzML	2316	0	1200.565185546875	1	26973.120000000003	0.0
310	input_spectra/bkgrnd-marine-broth.mzML	2317	0	1216.558837890625	1	26984.7	0.0
214	input_spectra/bkgrnd-marine-broth.mzML	2318	0	520.338562011719	1	27035.64	0.0
214	input_spectra/bkgrnd-marine-broth.mzML	2319	0	520.338562011719	1	27047.16	0.0
197	input_spectra/bkgrnd-marine-broth.mzML	2320	0	476.311747233073	1	27058.68	0.0
197	input_spectra/bkgrnd-marine-broth.mzML	2321	0	476.311747233073	1	27070.2	0.0
94	input_spectra/bkgrnd-marine-broth.mzML	2322	0	227.141393025716	1	27081.72	0.0
94	input_spectra/bkgrnd-marine-broth.mzML	2323	0	227.141393025716	1	27093.18	0.0
308	input_spectra/bkgrnd-marine-broth.mzML	2324	0	1200.565185546875	1	27127.859999999997	0.0
214	input_spectra/bkgrnd-marine-broth.mzML	2325	0	520.338562011719	1	27178.800000000003	0.0
214	input_spectra/bkgrnd-marine-broth.mzML	2326	0	520.338562011719	1	27190.32	0.0
234	input_spectra/bkgrnd-marine-broth.mzML	2327	0	564.364949544271	1	27224.88	0.0
234	input_spectra/bkgrnd-marine-broth.mzML	2328	0	564.364949544271	1	27236.4	0.0
93	input_spectra/bkgrnd-marine-broth.mzML	2329	0	227.141393025716	1	27247.920000000002	0.0
94	input_spectra/bkgrnd-marine-broth.mzML	2330	0	227.141393025716	1	27259.379999999997	0.0
235	input_spectra/bkgrnd-marine-broth.mzML	2331	0	569.3232421875	1	27282.480000000003	0.0
234	input_spectra/bkgrnd-marine-broth.mzML	2332	0	564.364949544271	1	27321.84	0.0
234	input_spectra/bkgrnd-marine-broth.mzML	2333	0	564.364949544271	1	27333.36	0.0
236	input_spectra/bkgrnd-marine-broth.mzML	2334	0	569.3232421875	1	27356.34	0.0
214	input_spectra/bkgrnd-marine-broth.mzML	2335	0	520.338562011719	1	27390.899999999998	0.0
249	input_spectra/bkgrnd-marine-broth.mzML	2336	0	608.391581217448	1	27413.94	0.0
249	input_spectra/bkgrnd-marine-broth.mzML	2337	0	608.391581217448	1	27425.46	0.0
249	input_spectra/bkgrnd-marine-broth.mzML	2338	0	608.391581217448	1	27464.82	0.0
249	input_spectra/bkgrnd-marine-broth.mzML	2339	0	608.391581217448	1	27476.34	0.0
112	input_spectra/bkgrnd-marine-broth.mzML	2340	0	261.126291910807	1	27487.859999999997	0.0
112	input_spectra/bkgrnd-marine-broth.mzML	2341	0	261.126291910807	1	27499.379999999997	0.0
234	input_spectra/bkgrnd-marine-broth.mzML	2342	0	564.364949544271	1	27533.94	0.0
234	input_spectra/bkgrnd-marine-broth.mzML	2343	0	564.364949544271	1	27545.46	0.0
172	input_spectra/bkgrnd-marine-broth.mzML	2344	0	419.233673095703	1	27556.98	0.0
172	input_spectra/bkgrnd-marine-broth.mzML	2345	0	419.233673095703	1	27568.5	0.0
249	input_spectra/bkgrnd-marine-broth.mzML	2346	0	608.391581217448	1	27607.859999999997	0.0
249	input_spectra/bkgrnd-marine-broth.mzML	2347	0	608.391581217448	1	27619.379999999997	0.0
2	input_spectra/bkgrnd-marine-broth.mzML	2348	0	117.074203491211	1	27653.94	0.0
2	input_spectra/bkgrnd-marine-broth.mzML	2349	0	117.074203491211	1	27665.399999999998	0.0
270	input_spectra/bkgrnd-marine-broth.mzML	2350	0	696.444763183594	1	27750.899999999998	0.0
270	input_spectra/bkgrnd-marine-broth.mzML	2351	0	696.444763183594	1	27762.42	0.0
262	input_spectra/bkgrnd-marine-broth.mzML	2352	0	652.41796875	1	27773.94	0.0
262	input_spectra/bkgrnd-marine-broth.mzML	2353	0	652.41796875	1	27785.46	0.0
2	input_spectra/bkgrnd-marine-broth.mzML	2354	0	117.074203491211	1	27796.98	0.0
2	input_spectra/bkgrnd-marine-broth.mzML	2355	0	117.074203491211	1	27808.44	0.0
65	input_spectra/bkgrnd-marine-broth.mzML	2356	0	183.09358215332	1	27831.420000000002	0.0
274	input_spectra/bkgrnd-marine-broth.mzML	2357	0	740.471008300781	1	27893.88	0.0
274	input_spectra/bkgrnd-marine-broth.mzML	2358	0	740.471008300781	1	27905.399999999998	0.0
2	input_spectra/bkgrnd-marine-broth.mzML	2359	0	117.074203491211	1	27916.98	0.0
2	input_spectra/bkgrnd-marine-broth.mzML	2360	0	117.074203491211	1	27928.44	0.0
270	input_spectra/bkgrnd-marine-broth.mzML	2361	0	696.444763183594	1	27940.019999999997	0.0
104	input_spectra/bkgrnd-marine-broth.mzML	2362	0	243.13648223877	1	27963.059999999998	0.0
111	input_spectra/bkgrnd-marine-broth.mzML	2363	0	261.126291910807	1	28013.94	0.0
104	input_spectra/bkgrnd-marine-broth.mzML	2364	0	243.13648223877	1	28036.92	0.0
285	input_spectra/bkgrnd-marine-broth.mzML	2365	0	784.497497558594	1	28059.96	0.0
84	input_spectra/bkgrnd-marine-broth.mzML	2366	0	211.146428426107	1	28315.26	0.0
84	input_spectra/bkgrnd-marine-broth.mzML	2367	0	211.146428426107	1	28326.78	0.0
84	input_spectra/bkgrnd-marine-broth.mzML	2368	0	211.146428426107	1	28366.14	0.0
84	input_spectra/bkgrnd-marine-broth.mzML	2369	0	211.146428426107	1	28377.6	0.0
84	input_spectra/bkgrnd-marine-broth.mzML	2370	0	211.146428426107	1	28417.02	0.0
84	input_spectra/bkgrnd-marine-broth.mzML	2371	0	211.146428426107	1	28428.48	0.0
105	input_spectra/bkgrnd-marine-broth.mzML	2372	0	245.130767822266	1	28876.68	0.0
105	input_spectra/bkgrnd-marine-broth.mzML	2373	0	245.130767822266	1	28888.14	0.0
141	input_spectra/bkgrnd-marine-broth.mzML	2374	0	328.273207122204	1	32234.280000000002	0.0
145	input_spectra/bkgrnd-marine-broth.mzML	2375	0	328.273207122204	1	32245.739999999998	0.0
141	input_spectra/bkgrnd-marine-broth.mzML	2376	0	328.273207122204	1	32465.52	0.0
142	input_spectra/bkgrnd-marine-broth.mzML	2377	0	328.273207122204	1	32476.98	0.0
140	input_spectra/bkgrnd-marine-broth.mzML	2378	0	328.273207122204	1	32528.399999999998	0.0
145	input_spectra/bkgrnd-marine-broth.mzML	2379	0	328.273207122204	1	32539.92	0.0
118	input_spectra/bkgrnd-marine-broth.mzML	2380	0	274.277679443359	1	32551.38	0.0
118	input_spectra/bkgrnd-marine-broth.mzML	2381	0	274.277679443359	1	32562.9	0.0
118	input_spectra/bkgrnd-marine-broth.mzML	2382	0	274.277679443359	1	32602.26	0.0
119	input_spectra/bkgrnd-marine-broth.mzML	2383	0	274.277679443359	1	32613.72	0.0
118	input_spectra/bkgrnd-marine-broth.mzML	2384	0	274.277679443359	1	32653.079999999998	0.0
195	input_spectra/bkgrnd-marine-broth.mzML	2385	0	466.323577880859	1	32958.78	0.0
194	input_spectra/bkgrnd-marine-broth.mzML	2386	0	466.323577880859	1	33021.18	0.0
195	input_spectra/bkgrnd-marine-broth.mzML	2387	0	466.323577880859	1	33032.64	0.0
227	input_spectra/bkgrnd-marine-broth.mzML	2388	0	534.361673990885	1	33044.159999999996	0.0
227	input_spectra/bkgrnd-marine-broth.mzML	2389	0	534.361673990885	1	33055.68	0.0
227	input_spectra/bkgrnd-marine-broth.mzML	2390	0	534.361673990885	1	33164.1	0.0
227	input_spectra/bkgrnd-marine-broth.mzML	2391	0	534.361673990885	1	33175.62	0.0
294	input_spectra/bkgrnd-marine-broth.mzML	2392	0	931.638000488281	1	33210.24	0.0
227	input_spectra/bkgrnd-marine-broth.mzML	2393	0	534.361673990885	1	33261.18	0.0
227	input_spectra/bkgrnd-marine-broth.mzML	2394	0	534.361673990885	1	33272.7	0.0
140	input_spectra/bkgrnd-marine-broth.mzML	2395	0	328.273207122204	1	33611.64	0.0
140	input_spectra/bkgrnd-marine-broth.mzML	2396	0	328.273207122204	1	33623.159999999996	0.0
141	input_spectra/bkgrnd-marine-broth.mzML	2397	0	328.273207122204	1	33662.46000000001	0.0
145	input_spectra/bkgrnd-marine-broth.mzML	2398	0	328.273207122204	1	33673.979999999996	0.0
144	input_spectra/bkgrnd-marine-broth.mzML	2399	0	328.273207122204	1	33713.340000000004	0.0
140	input_spectra/bkgrnd-marine-broth.mzML	2400	0	328.273207122204	1	33724.86	0.0
96	input_spectra/bkgrnd-marine-broth.mzML	2401	0	230.25151570638	1	34557.840000000004	0.0
96	input_spectra/bkgrnd-marine-broth.mzML	2402	0	230.25151570638	1	34569.299999999996	0.0
96	input_spectra/bkgrnd-marine-broth.mzML	2403	0	230.25151570638	1	34608.72	0.0
96	input_spectra/bkgrnd-marine-broth.mzML	2404	0	230.25151570638	1	34620.18	0.0
96	input_spectra/bkgrnd-marine-broth.mzML	2405	0	230.25151570638	1	34659.54	0.0
96	input_spectra/bkgrnd-marine-broth.mzML	2406	0	230.25151570638	1	34671.06	0.0
142	input_spectra/bkgrnd-marine-broth.mzML	2407	0	328.273207122204	1	34757.94	0.0
144	input_spectra/bkgrnd-marine-broth.mzML	2408	0	328.273207122204	1	34797.36	0.0
146	input_spectra/bkgrnd-marine-broth.mzML	2409	0	328.273207122204	1	34808.82	0.0
140	input_spectra/bkgrnd-marine-broth.mzML	2410	0	328.273207122204	1	34848.18	0.0
142	input_spectra/bkgrnd-marine-broth.mzML	2411	0	328.273207122204	1	34859.7	0.0
225	input_spectra/bkgrnd-marine-broth.mzML	2412	0	533.332600911458	1	35680.62	0.0
226	input_spectra/bkgrnd-marine-broth.mzML	2413	0	533.332600911458	1	35692.14	0.0
225	input_spectra/bkgrnd-marine-broth.mzML	2414	0	533.332600911458	1	35731.56	0.0
207	input_spectra/bkgrnd-marine-broth.mzML	2415	0	498.295522054036	1	35754.54	0.0
225	input_spectra/bkgrnd-marine-broth.mzML	2416	0	533.332600911458	1	35805.36	0.0
226	input_spectra/bkgrnd-marine-broth.mzML	2417	0	533.332600911458	1	35816.88	0.0
207	input_spectra/bkgrnd-marine-broth.mzML	2418	0	498.295522054036	1	35828.4	0.0
208	input_spectra/bkgrnd-marine-broth.mzML	2419	0	498.295522054036	1	35839.92	0.0
207	input_spectra/bkgrnd-marine-broth.mzML	2420	0	498.295522054036	1	35879.280000000006	0.0
141	input_spectra/bkgrnd-marine-broth.mzML	2421	0	328.273207122204	1	35930.16	0.0
142	input_spectra/bkgrnd-marine-broth.mzML	2422	0	328.273207122204	1	35941.68	0.0
141	input_spectra/bkgrnd-marine-broth.mzML	2423	0	328.273207122204	1	35980.979999999996	0.0
147	input_spectra/bkgrnd-marine-broth.mzML	2424	0	328.273207122204	1	35992.5	0.0
141	input_spectra/bkgrnd-marine-broth.mzML	2425	0	328.273207122204	1	36031.86	0.0
147	input_spectra/bkgrnd-marine-broth.mzML	2426	0	328.273207122204	1	36043.32	0.0
162	input_spectra/bkgrnd-marine-broth.mzML	2427	0	373.279357910156	1	36974.76	0.0
158	input_spectra/bkgrnd-marine-broth.mzML	2428	0	355.268636067708	1	37009.26	0.0
162	input_spectra/bkgrnd-marine-broth.mzML	2429	0	373.279357910156	1	37071.6	0.0
287	input_spectra/bkgrnd-marine-broth.mzML	2430	0	817.595153808594	1	37106.22	0.0
198	input_spectra/bkgrnd-marine-broth.mzML	2431	0	477.339263916016	1	37152.3	0.0
198	input_spectra/bkgrnd-marine-broth.mzML	2432	0	477.339263916016	1	37163.82	0.0
141	input_spectra/bkgrnd-marine-broth.mzML	2433	0	328.273207122204	1	37203.18	0.0
147	input_spectra/bkgrnd-marine-broth.mzML	2434	0	328.273207122204	1	37214.7	0.0
158	input_spectra/bkgrnd-marine-broth.mzML	2435	0	355.268636067708	1	37260.659999999996	0.0
148	input_spectra/bkgrnd-marine-broth.mzML	2436	0	328.273207122204	1	37300.08	0.0
146	input_spectra/bkgrnd-marine-broth.mzML	2437	0	328.273207122204	1	37311.54	0.0
145	input_spectra/bkgrnd-marine-broth.mzML	2438	0	328.273207122204	1	37350.9	0.0
144	input_spectra/bkgrnd-marine-broth.mzML	2439	0	328.273207122204	1	37362.42	0.0
108	input_spectra/bkgrnd-marine-broth.mzML	2440	0	258.283406575521	1	38353.44	0.0
108	input_spectra/bkgrnd-marine-broth.mzML	2441	0	258.283406575521	1	38364.899999999994	0.0
142	input_spectra/bkgrnd-marine-broth.mzML	2442	0	328.273207122204	1	38404.26	0.0
140	input_spectra/bkgrnd-marine-broth.mzML	2443	0	328.273207122204	1	38415.78	0.0
108	input_spectra/bkgrnd-marine-broth.mzML	2444	0	258.283406575521	1	38450.28	0.0
108	input_spectra/bkgrnd-marine-broth.mzML	2445	0	258.283406575521	1	38461.799999999996	0.0
143	input_spectra/bkgrnd-marine-broth.mzML	2446	0	328.273207122204	1	38501.16	0.0
146	input_spectra/bkgrnd-marine-broth.mzML	2447	0	328.273207122204	1	38512.68	0.0
108	input_spectra/bkgrnd-marine-broth.mzML	2448	0	258.283406575521	1	38524.14	0.0
108	input_spectra/bkgrnd-marine-broth.mzML	2449	0	258.283406575521	1	38535.6	0.0
140	input_spectra/bkgrnd-marine-broth.mzML	2450	0	328.273207122204	1	38575.020000000004	0.0
144	input_spectra/bkgrnd-marine-broth.mzML	2451	0	328.273207122204	1	38586.479999999996	0.0
135	input_spectra/bkgrnd-marine-broth.mzML	2452	0	304.304504394531	1	38962.56	0.0
135	input_spectra/bkgrnd-marine-broth.mzML	2453	0	304.304504394531	1	38974.020000000004	0.0
135	input_spectra/bkgrnd-marine-broth.mzML	2454	0	304.304504394531	1	39013.38	0.0
135	input_spectra/bkgrnd-marine-broth.mzML	2455	0	304.304504394531	1	39024.84	0.0
135	input_spectra/bkgrnd-marine-broth.mzML	2456	0	304.304504394531	1	39064.200000000004	0.0
135	input_spectra/bkgrnd-marine-broth.mzML	2457	0	304.304504394531	1	39075.719999999994	0.0
142	input_spectra/bkgrnd-marine-broth.mzML	2458	0	328.273207122204	1	39608.1	0.0
142	input_spectra/bkgrnd-marine-broth.mzML	2459	0	328.273207122204	1	39619.56	0.0
143	input_spectra/bkgrnd-marine-broth.mzML	2460	0	328.273207122204	1	39658.92	0.0
140	input_spectra/bkgrnd-marine-broth.mzML	2461	0	328.273207122204	1	39670.44	0.0
144	input_spectra/bkgrnd-marine-broth.mzML	2462	0	328.273207122204	1	39709.8	0.0
140	input_spectra/bkgrnd-marine-broth.mzML	2463	0	328.273207122204	1	39721.32	0.0
143	input_spectra/bkgrnd-marine-broth.mzML	2464	0	328.273207122204	1	40746.659999999996	0.0
147	input_spectra/bkgrnd-marine-broth.mzML	2465	0	328.273207122204	1	40758.18	0.0
140	input_spectra/bkgrnd-marine-broth.mzML	2466	0	328.273207122204	1	40797.479999999996	0.0
142	input_spectra/bkgrnd-marine-broth.mzML	2467	0	328.273207122204	1	40809.0	0.0
142	input_spectra/bkgrnd-marine-broth.mzML	2468	0	328.273207122204	1	40848.36	0.0
147	input_spectra/bkgrnd-marine-broth.mzML	2469	0	328.273207122204	1	40859.82	0.0
140	input_spectra/bkgrnd-marine-broth.mzML	2470	0	328.273207122204	1	41885.28	0.0
146	input_spectra/bkgrnd-marine-broth.mzML	2471	0	328.273207122204	1	41896.74	0.0
143	input_spectra/bkgrnd-marine-broth.mzML	2472	0	328.273207122204	1	41936.1	0.0
146	input_spectra/bkgrnd-marine-broth.mzML	2473	0	328.273207122204	1	41947.619999999995	0.0
140	input_spectra/bkgrnd-marine-broth.mzML	2474	0	328.273207122204	1	41986.98	0.0
147	input_spectra/bkgrnd-marine-broth.mzML	2475	0	328.273207122204	1	41998.44	0.0
143	input_spectra/bkgrnd-marine-broth.mzML	2476	0	328.273207122204	1	43023.84	0.0
146	input_spectra/bkgrnd-marine-broth.mzML	2477	0	328.273207122204	1	43035.3	0.0
143	input_spectra/bkgrnd-marine-broth.mzML	2478	0	328.273207122204	1	43074.72	0.0
140	input_spectra/bkgrnd-marine-broth.mzML	2479	0	328.273207122204	1	43086.18	0.0
143	input_spectra/bkgrnd-marine-broth.mzML	2480	0	328.273207122204	1	43125.54	0.0
146	input_spectra/bkgrnd-marine-broth.mzML	2481	0	328.273207122204	1	43137.06	0.0
151	input_spectra/bkgrnd-marine-broth.mzML	2482	0	332.336435953776	1	43176.42	0.0
151	input_spectra/bkgrnd-marine-broth.mzML	2483	0	332.336435953776	1	43187.94	0.0
151	input_spectra/bkgrnd-marine-broth.mzML	2484	0	332.336435953776	1	43227.3	0.0
151	input_spectra/bkgrnd-marine-broth.mzML	2485	0	332.336435953776	1	43238.759999999995	0.0
151	input_spectra/bkgrnd-marine-broth.mzML	2486	0	332.336435953776	1	43278.12	0.0
151	input_spectra/bkgrnd-marine-broth.mzML	2487	0	332.336435953776	1	43289.64	0.0
210	input_spectra/bkgrnd-marine-broth.mzML	2488	0	500.310668945313	1	43595.82	0.0
200	input_spectra/bkgrnd-marine-broth.mzML	2489	0	483.256673177083	1	43635.18	0.0
200	input_spectra/bkgrnd-marine-broth.mzML	2490	0	483.256673177083	1	43646.700000000004	0.0
200	input_spectra/bkgrnd-marine-broth.mzML	2491	0	483.256673177083	1	43686.06	0.0
200	input_spectra/bkgrnd-marine-broth.mzML	2492	0	483.256673177083	1	43697.520000000004	0.0
200	input_spectra/bkgrnd-marine-broth.mzML	2493	0	483.256673177083	1	43759.92	0.0
200	input_spectra/bkgrnd-marine-broth.mzML	2494	0	483.256673177083	1	43771.44	0.0
183	input_spectra/bkgrnd-marine-broth.mzML	2495	0	440.416982014974	1	43955.100000000006	0.0
184	input_spectra/bkgrnd-marine-broth.mzML	2496	0	440.416982014974	1	43966.62	0.0
183	input_spectra/bkgrnd-marine-broth.mzML	2497	0	440.416982014974	1	44005.92	0.0
184	input_spectra/bkgrnd-marine-broth.mzML	2498	0	440.416982014974	1	44017.44	0.0
183	input_spectra/bkgrnd-marine-broth.mzML	2499	0	440.416982014974	1	44056.799999999996	0.0
184	input_spectra/bkgrnd-marine-broth.mzML	2500	0	440.416982014974	1	44068.32	0.0
186	input_spectra/bkgrnd-marine-broth.mzML	2501	0	444.304077148438	1	44143.740000000005	0.0
186	input_spectra/bkgrnd-marine-broth.mzML	2502	0	444.304077148438	1	44155.26	0.0
143	input_spectra/bkgrnd-marine-broth.mzML	2503	0	328.273207122204	1	44194.62	0.0
146	input_spectra/bkgrnd-marine-broth.mzML	2504	0	328.273207122204	1	44206.14	0.0
186	input_spectra/bkgrnd-marine-broth.mzML	2505	0	444.304077148438	1	44217.66	0.0
186	input_spectra/bkgrnd-marine-broth.mzML	2506	0	444.304077148438	1	44229.18	0.0
143	input_spectra/bkgrnd-marine-broth.mzML	2507	0	328.273207122204	1	44268.479999999996	0.0
146	input_spectra/bkgrnd-marine-broth.mzML	2508	0	328.273207122204	1	44280.0	0.0
143	input_spectra/bkgrnd-marine-broth.mzML	2509	0	328.273207122204	1	44319.36	0.0
147	input_spectra/bkgrnd-marine-broth.mzML	2510	0	328.273207122204	1	44330.82	0.0
143	input_spectra/bkgrnd-marine-broth.mzML	2511	0	328.273207122204	1	45368.219999999994	0.0
146	input_spectra/bkgrnd-marine-broth.mzML	2512	0	328.273207122204	1	45379.74	0.0
143	input_spectra/bkgrnd-marine-broth.mzML	2513	0	328.273207122204	1	45419.1	0.0
140	input_spectra/bkgrnd-marine-broth.mzML	2514	0	328.273207122204	1	45430.62	0.0
143	input_spectra/bkgrnd-marine-broth.mzML	2515	0	328.273207122204	1	45469.979999999996	0.0
140	input_spectra/bkgrnd-marine-broth.mzML	2516	0	328.273207122204	1	45481.5	0.0
126	input_spectra/bkgrnd-marine-broth.mzML	2517	0	286.223715888129	1	45713.219999999994	0.0
126	input_spectra/bkgrnd-marine-broth.mzML	2518	0	286.223715888129	1	45724.74	0.0
127	input_spectra/bkgrnd-marine-broth.mzML	2519	0	286.223715888129	1	46076.700000000004	0.0
126	input_spectra/bkgrnd-marine-broth.mzML	2520	0	286.223715888129	1	46088.219999999994	0.0
125	input_spectra/bkgrnd-marine-broth.mzML	2521	0	286.223715888129	1	46380.06	0.0
125	input_spectra/bkgrnd-marine-broth.mzML	2522	0	286.223715888129	1	46391.58	0.0
143	input_spectra/bkgrnd-marine-broth.mzML	2523	0	328.273207122204	1	46503.060000000005	0.0
147	input_spectra/bkgrnd-marine-broth.mzML	2524	0	328.273207122204	1	46514.58	0.0
143	input_spectra/bkgrnd-marine-broth.mzML	2525	0	328.273207122204	1	46553.94	0.0
140	input_spectra/bkgrnd-marine-broth.mzML	2526	0	328.273207122204	1	46565.4	0.0
143	input_spectra/bkgrnd-marine-broth.mzML	2527	0	328.273207122204	1	46604.82	0.0
146	input_spectra/bkgrnd-marine-broth.mzML	2528	0	328.273207122204	1	46616.28	0.0
266	input_spectra/bkgrnd-marine-broth.mzML	2529	0	660.498321533203	1	46920.18	0.0
266	input_spectra/bkgrnd-marine-broth.mzML	2530	0	660.498321533203	1	46931.700000000004	0.0
266	input_spectra/bkgrnd-marine-broth.mzML	2531	0	660.498321533203	1	46971.119999999995	0.0
266	input_spectra/bkgrnd-marine-broth.mzML	2532	0	660.498321533203	1	46982.64	0.0
259	input_spectra/bkgrnd-marine-broth.mzML	2533	0	616.471638997396	1	47094.12	0.0
259	input_spectra/bkgrnd-marine-broth.mzML	2534	0	616.471638997396	1	47105.64	0.0
259	input_spectra/bkgrnd-marine-broth.mzML	2535	0	616.471638997396	1	47145.0	0.0
259	input_spectra/bkgrnd-marine-broth.mzML	2536	0	616.471638997396	1	47156.520000000004	0.0
259	input_spectra/bkgrnd-marine-broth.mzML	2537	0	616.471638997396	1	47195.88	0.0
259	input_spectra/bkgrnd-marine-broth.mzML	2538	0	616.471638997396	1	47207.399999999994	0.0
241	input_spectra/bkgrnd-marine-broth.mzML	2539	0	572.445821126302	1	47391.06	0.0
241	input_spectra/bkgrnd-marine-broth.mzML	2540	0	572.445821126302	1	47402.58	0.0
241	input_spectra/bkgrnd-marine-broth.mzML	2541	0	572.445821126302	1	47441.939999999995	0.0
241	input_spectra/bkgrnd-marine-broth.mzML	2542	0	572.445821126302	1	47453.46	0.0
241	input_spectra/bkgrnd-marine-broth.mzML	2543	0	572.445821126302	1	47492.82	0.0
241	input_spectra/bkgrnd-marine-broth.mzML	2544	0	572.445821126302	1	47504.340000000004	0.0
126	input_spectra/bkgrnd-marine-broth.mzML	2545	0	286.223715888129	1	47543.7	0.0
126	input_spectra/bkgrnd-marine-broth.mzML	2546	0	286.223715888129	1	47555.22	0.0
126	input_spectra/bkgrnd-marine-broth.mzML	2547	0	286.223715888129	1	47594.58	0.0
126	input_spectra/bkgrnd-marine-broth.mzML	2548	0	286.223715888129	1	47606.1	0.0
143	input_spectra/bkgrnd-marine-broth.mzML	2549	0	328.273207122204	1	47645.46	0.0
146	input_spectra/bkgrnd-marine-broth.mzML	2550	0	328.273207122204	1	47656.920000000006	0.0
127	input_spectra/bkgrnd-marine-broth.mzML	2551	0	286.223715888129	1	47668.44	0.0
127	input_spectra/bkgrnd-marine-broth.mzML	2552	0	286.223715888129	1	47679.899999999994	0.0
143	input_spectra/bkgrnd-marine-broth.mzML	2553	0	328.273207122204	1	47719.26	0.0
147	input_spectra/bkgrnd-marine-broth.mzML	2554	0	328.273207122204	1	47730.719999999994	0.0
221	input_spectra/bkgrnd-marine-broth.mzML	2555	0	528.418233235677	1	47742.24	0.0
221	input_spectra/bkgrnd-marine-broth.mzML	2556	0	528.418233235677	1	47753.759999999995	0.0
143	input_spectra/bkgrnd-marine-broth.mzML	2557	0	328.273207122204	1	47793.12	0.0
147	input_spectra/bkgrnd-marine-broth.mzML	2558	0	328.273207122204	1	47804.64	0.0
221	input_spectra/bkgrnd-marine-broth.mzML	2559	0	528.418233235677	1	47816.16	0.0
221	input_spectra/bkgrnd-marine-broth.mzML	2560	0	528.418233235677	1	47827.68	0.0
221	input_spectra/bkgrnd-marine-broth.mzML	2561	0	528.418233235677	1	47867.04	0.0
221	input_spectra/bkgrnd-marine-broth.mzML	2562	0	528.418233235677	1	47878.56	0.0
202	input_spectra/bkgrnd-marine-broth.mzML	2563	0	484.391591389974	1	48070.560000000005	0.0
202	input_spectra/bkgrnd-marine-broth.mzML	2564	0	484.391591389974	1	48082.08	0.0
202	input_spectra/bkgrnd-marine-broth.mzML	2565	0	484.391591389974	1	48121.44	0.0
202	input_spectra/bkgrnd-marine-broth.mzML	2566	0	484.391591389974	1	48132.9	0.0
202	input_spectra/bkgrnd-marine-broth.mzML	2567	0	484.391591389974	1	48172.32	0.0
202	input_spectra/bkgrnd-marine-broth.mzML	2568	0	484.391591389974	1	48183.78	0.0
228	input_spectra/bkgrnd-marine-broth.mzML	2569	0	535.402770996094	1	48375.78	0.0
228	input_spectra/bkgrnd-marine-broth.mzML	2570	0	535.402770996094	1	48387.3	0.0
228	input_spectra/bkgrnd-marine-broth.mzML	2571	0	535.402770996094	1	48426.659999999996	0.0
228	input_spectra/bkgrnd-marine-broth.mzML	2572	0	535.402770996094	1	48438.18	0.0
182	input_spectra/bkgrnd-marine-broth.mzML	2573	0	440.364939371745	1	48477.53999999999	0.0
182	input_spectra/bkgrnd-marine-broth.mzML	2574	0	440.364939371745	1	48528.42	0.0
182	input_spectra/bkgrnd-marine-broth.mzML	2575	0	440.364939371745	1	48539.94	0.0
182	input_spectra/bkgrnd-marine-broth.mzML	2576	0	440.364939371745	1	48602.28	0.0
182	input_spectra/bkgrnd-marine-broth.mzML	2577	0	440.364939371745	1	48613.8	0.0
204	input_spectra/bkgrnd-marine-broth.mzML	2578	0	491.376139322917	1	48648.36	0.0
204	input_spectra/bkgrnd-marine-broth.mzML	2579	0	491.376139322917	1	48659.82	0.0
204	input_spectra/bkgrnd-marine-broth.mzML	2580	0	491.376139322917	1	48722.28	0.0
204	input_spectra/bkgrnd-marine-broth.mzML	2581	0	491.376139322917	1	48733.740000000005	0.0
173	input_spectra/bkgrnd-marine-broth.mzML	2582	0	423.338185628255	1	48745.26	0.0
173	input_spectra/bkgrnd-marine-broth.mzML	2583	0	423.338185628255	1	48756.780000000006	0.0
126	input_spectra/bkgrnd-marine-broth.mzML	2584	0	286.223715888129	1	48768.24	0.0
127	input_spectra/bkgrnd-marine-broth.mzML	2585	0	286.223715888129	1	48779.76	0.0
143	input_spectra/bkgrnd-marine-broth.mzML	2586	0	328.273207122204	1	48819.12	0.0
147	input_spectra/bkgrnd-marine-broth.mzML	2587	0	328.273207122204	1	48830.64	0.0
204	input_spectra/bkgrnd-marine-broth.mzML	2588	0	491.376139322917	1	48842.159999999996	0.0
204	input_spectra/bkgrnd-marine-broth.mzML	2589	0	491.376139322917	1	48853.68	0.0
173	input_spectra/bkgrnd-marine-broth.mzML	2590	0	423.338185628255	1	48865.14	0.0
173	input_spectra/bkgrnd-marine-broth.mzML	2591	0	423.338185628255	1	48876.659999999996	0.0
125	input_spectra/bkgrnd-marine-broth.mzML	2592	0	286.223715888129	1	48888.18	0.0
126	input_spectra/bkgrnd-marine-broth.mzML	2593	0	286.223715888129	1	48899.64	0.0
143	input_spectra/bkgrnd-marine-broth.mzML	2594	0	328.273207122204	1	48939.0	0.0
146	input_spectra/bkgrnd-marine-broth.mzML	2595	0	328.273207122204	1	48950.52	0.0
167	input_spectra/bkgrnd-marine-broth.mzML	2596	0	396.338185628255	1	48985.020000000004	0.0
167	input_spectra/bkgrnd-marine-broth.mzML	2597	0	396.338185628255	1	48996.54	0.0
173	input_spectra/bkgrnd-marine-broth.mzML	2598	0	423.338185628255	1	49008.0	0.0
173	input_spectra/bkgrnd-marine-broth.mzML	2599	0	423.338185628255	1	49019.52	0.0
126	input_spectra/bkgrnd-marine-broth.mzML	2600	0	286.223715888129	1	49031.04	0.0
126	input_spectra/bkgrnd-marine-broth.mzML	2601	0	286.223715888129	1	49042.5	0.0
143	input_spectra/bkgrnd-marine-broth.mzML	2602	0	328.273207122204	1	49081.920000000006	0.0
147	input_spectra/bkgrnd-marine-broth.mzML	2603	0	328.273207122204	1	49093.38	0.0
167	input_spectra/bkgrnd-marine-broth.mzML	2604	0	396.338185628255	1	49127.88	0.0
167	input_spectra/bkgrnd-marine-broth.mzML	2605	0	396.338185628255	1	49139.4	0.0
190	input_spectra/bkgrnd-marine-broth.mzML	2606	0	447.349294026693	1	49162.380000000005	0.0
163	input_spectra/bkgrnd-marine-broth.mzML	2607	0	379.310892740885	1	49173.9	0.0
163	input_spectra/bkgrnd-marine-broth.mzML	2608	0	379.310892740885	1	49185.42	0.0
168	input_spectra/bkgrnd-marine-broth.mzML	2609	0	401.293874104818	1	49224.78	0.0
167	input_spectra/bkgrnd-marine-broth.mzML	2610	0	396.338185628255	1	49247.76	0.0
167	input_spectra/bkgrnd-marine-broth.mzML	2611	0	396.338185628255	1	49259.280000000006	0.0
190	input_spectra/bkgrnd-marine-broth.mzML	2612	0	447.349294026693	1	49270.799999999996	0.0
163	input_spectra/bkgrnd-marine-broth.mzML	2613	0	379.310892740885	1	49293.78	0.0
163	input_spectra/bkgrnd-marine-broth.mzML	2614	0	379.310892740885	1	49305.3	0.0
190	input_spectra/bkgrnd-marine-broth.mzML	2615	0	447.349294026693	1	49344.659999999996	0.0
163	input_spectra/bkgrnd-marine-broth.mzML	2616	0	379.310892740885	1	49367.7	0.0
163	input_spectra/bkgrnd-marine-broth.mzML	2617	0	379.310892740885	1	49379.159999999996	0.0
157	input_spectra/bkgrnd-marine-broth.mzML	2618	0	352.311096191406	1	49516.44	0.0
157	input_spectra/bkgrnd-marine-broth.mzML	2619	0	352.311096191406	1	49527.96	0.0
152	input_spectra/bkgrnd-marine-broth.mzML	2620	0	335.284332275391	1	49562.46000000001	0.0
152	input_spectra/bkgrnd-marine-broth.mzML	2621	0	335.284332275391	1	49573.92	0.0
157	input_spectra/bkgrnd-marine-broth.mzML	2622	0	352.311096191406	1	49636.259999999995	0.0
157	input_spectra/bkgrnd-marine-broth.mzML	2623	0	352.311096191406	1	49647.78	0.0
152	input_spectra/bkgrnd-marine-broth.mzML	2624	0	335.284332275391	1	49682.28	0.0
152	input_spectra/bkgrnd-marine-broth.mzML	2625	0	335.284332275391	1	49693.8	0.0
157	input_spectra/bkgrnd-marine-broth.mzML	2626	0	352.311096191406	1	49733.159999999996	0.0
157	input_spectra/bkgrnd-marine-broth.mzML	2627	0	352.311096191406	1	49744.68	0.0
152	input_spectra/bkgrnd-marine-broth.mzML	2628	0	335.284332275391	1	49779.18	0.0
152	input_spectra/bkgrnd-marine-broth.mzML	2629	0	335.284332275391	1	49790.64	0.0
127	input_spectra/bkgrnd-marine-broth.mzML	2630	0	286.223715888129	1	49926.240000000005	0.0
126	input_spectra/bkgrnd-marine-broth.mzML	2631	0	286.223715888129	1	49937.76	0.0
125	input_spectra/bkgrnd-marine-broth.mzML	2632	0	286.223715888129	1	49977.12	0.0
126	input_spectra/bkgrnd-marine-broth.mzML	2633	0	286.223715888129	1	49988.58	0.0
125	input_spectra/bkgrnd-marine-broth.mzML	2634	0	286.223715888129	1	50028.0	0.0
125	input_spectra/bkgrnd-marine-broth.mzML	2635	0	286.223715888129	1	50039.52	0.0
143	input_spectra/bkgrnd-marine-broth.mzML	2636	0	328.273207122204	1	50078.880000000005	0.0
147	input_spectra/bkgrnd-marine-broth.mzML	2637	0	328.273207122204	1	50090.340000000004	0.0
130	input_spectra/bkgrnd-marine-broth.mzML	2638	0	291.257059733073	1	50124.78	0.0
130	input_spectra/bkgrnd-marine-broth.mzML	2639	0	291.257059733073	1	50136.3	0.0
136	input_spectra/bkgrnd-marine-broth.mzML	2640	0	308.283996582031	1	50147.82	0.0
136	input_spectra/bkgrnd-marine-broth.mzML	2641	0	308.283996582031	1	50159.280000000006	0.0
143	input_spectra/bkgrnd-marine-broth.mzML	2642	0	328.273207122204	1	50198.64	0.0
147	input_spectra/bkgrnd-marine-broth.mzML	2643	0	328.273207122204	1	50210.16	0.0
130	input_spectra/bkgrnd-marine-broth.mzML	2644	0	291.257059733073	1	50244.6	0.0
130	input_spectra/bkgrnd-marine-broth.mzML	2645	0	291.257059733073	1	50256.119999999995	0.0
136	input_spectra/bkgrnd-marine-broth.mzML	2646	0	308.283996582031	1	50267.58	0.0
136	input_spectra/bkgrnd-marine-broth.mzML	2647	0	308.283996582031	1	50279.1	0.0
143	input_spectra/bkgrnd-marine-broth.mzML	2648	0	328.273207122204	1	50318.46	0.0
147	input_spectra/bkgrnd-marine-broth.mzML	2649	0	328.273207122204	1	50329.979999999996	0.0
136	input_spectra/bkgrnd-marine-broth.mzML	2650	0	308.283996582031	1	50387.399999999994	0.0
136	input_spectra/bkgrnd-marine-broth.mzML	2651	0	308.283996582031	1	50398.92	0.0
125	input_spectra/bkgrnd-marine-broth.mzML	2652	0	286.223715888129	1	51063.54	0.0
125	input_spectra/bkgrnd-marine-broth.mzML	2653	0	286.223715888129	1	51075.06	0.0
127	input_spectra/bkgrnd-marine-broth.mzML	2654	0	286.223715888129	1	51114.420000000006	0.0
126	input_spectra/bkgrnd-marine-broth.mzML	2655	0	286.223715888129	1	51125.88	0.0
126	input_spectra/bkgrnd-marine-broth.mzML	2656	0	286.223715888129	1	51165.3	0.0
125	input_spectra/bkgrnd-marine-broth.mzML	2657	0	286.223715888129	1	51176.76	0.0
143	input_spectra/bkgrnd-marine-broth.mzML	2658	0	328.273207122204	1	51312.3	0.0
147	input_spectra/bkgrnd-marine-broth.mzML	2659	0	328.273207122204	1	51323.82	0.0
143	input_spectra/bkgrnd-marine-broth.mzML	2660	0	328.273207122204	1	51363.12	0.0
147	input_spectra/bkgrnd-marine-broth.mzML	2661	0	328.273207122204	1	51374.64	0.0
143	input_spectra/bkgrnd-marine-broth.mzML	2662	0	328.273207122204	1	51414.0	0.0
146	input_spectra/bkgrnd-marine-broth.mzML	2663	0	328.273207122204	1	51425.46	0.0
264	input_spectra/bkgrnd-marine-broth.mzML	2664	0	658.48252360026	1	51549.0	0.0
264	input_spectra/bkgrnd-marine-broth.mzML	2665	0	658.48252360026	1	51560.52	0.0
264	input_spectra/bkgrnd-marine-broth.mzML	2666	0	658.48252360026	1	51599.880000000005	0.0
264	input_spectra/bkgrnd-marine-broth.mzML	2667	0	658.48252360026	1	51611.4	0.0
264	input_spectra/bkgrnd-marine-broth.mzML	2668	0	658.48252360026	1	51650.76	0.0
264	input_spectra/bkgrnd-marine-broth.mzML	2669	0	658.48252360026	1	51662.28	0.0
255	input_spectra/bkgrnd-marine-broth.mzML	2670	0	614.45615641276	1	51906.119999999995	0.0
255	input_spectra/bkgrnd-marine-broth.mzML	2671	0	614.45615641276	1	51917.64	0.0
255	input_spectra/bkgrnd-marine-broth.mzML	2672	0	614.45615641276	1	51957.0	0.0
255	input_spectra/bkgrnd-marine-broth.mzML	2673	0	614.45615641276	1	51968.520000000004	0.0
255	input_spectra/bkgrnd-marine-broth.mzML	2674	0	614.45615641276	1	52007.88	0.0
255	input_spectra/bkgrnd-marine-broth.mzML	2675	0	614.45615641276	1	52019.4	0.0
125	input_spectra/bkgrnd-marine-broth.mzML	2676	0	286.223715888129	1	52203.0	0.0
125	input_spectra/bkgrnd-marine-broth.mzML	2677	0	286.223715888129	1	52214.52	0.0
126	input_spectra/bkgrnd-marine-broth.mzML	2678	0	286.223715888129	1	52253.880000000005	0.0
125	input_spectra/bkgrnd-marine-broth.mzML	2679	0	286.223715888129	1	52265.340000000004	0.0
125	input_spectra/bkgrnd-marine-broth.mzML	2680	0	286.223715888129	1	52304.880000000005	0.0
126	input_spectra/bkgrnd-marine-broth.mzML	2681	0	286.223715888129	1	52316.4	0.0
240	input_spectra/bkgrnd-marine-broth.mzML	2682	0	570.428792317708	1	52327.92	0.0
240	input_spectra/bkgrnd-marine-broth.mzML	2683	0	570.428792317708	1	52339.439999999995	0.0
240	input_spectra/bkgrnd-marine-broth.mzML	2684	0	570.428792317708	1	52378.740000000005	0.0
240	input_spectra/bkgrnd-marine-broth.mzML	2685	0	570.428792317708	1	52390.26	0.0
240	input_spectra/bkgrnd-marine-broth.mzML	2686	0	570.428792317708	1	52429.62	0.0
240	input_spectra/bkgrnd-marine-broth.mzML	2687	0	570.428792317708	1	52441.14	0.0
143	input_spectra/bkgrnd-marine-broth.mzML	2688	0	328.273207122204	1	52480.5	0.0
147	input_spectra/bkgrnd-marine-broth.mzML	2689	0	328.273207122204	1	52492.02	0.0
143	input_spectra/bkgrnd-marine-broth.mzML	2690	0	328.273207122204	1	52531.380000000005	0.0
146	input_spectra/bkgrnd-marine-broth.mzML	2691	0	328.273207122204	1	52542.840000000004	0.0
143	input_spectra/bkgrnd-marine-broth.mzML	2692	0	328.273207122204	1	52582.26	0.0
146	input_spectra/bkgrnd-marine-broth.mzML	2693	0	328.273207122204	1	52593.72	0.0
217	input_spectra/bkgrnd-marine-broth.mzML	2694	0	526.40185546875	1	52789.38	0.0
217	input_spectra/bkgrnd-marine-broth.mzML	2695	0	526.40185546875	1	52800.9	0.0
217	input_spectra/bkgrnd-marine-broth.mzML	2696	0	526.40185546875	1	52840.26	0.0
217	input_spectra/bkgrnd-marine-broth.mzML	2697	0	526.40185546875	1	52851.780000000006	0.0
217	input_spectra/bkgrnd-marine-broth.mzML	2698	0	526.40185546875	1	52891.14	0.0
217	input_spectra/bkgrnd-marine-broth.mzML	2699	0	526.40185546875	1	52902.66	0.0
224	input_spectra/bkgrnd-marine-broth.mzML	2700	0	531.358133951823	1	52965.0	0.0
127	input_spectra/bkgrnd-marine-broth.mzML	2701	0	286.223715888129	1	53343.36	0.0
125	input_spectra/bkgrnd-marine-broth.mzML	2702	0	286.223715888129	1	53354.880000000005	0.0
125	input_spectra/bkgrnd-marine-broth.mzML	2703	0	286.223715888129	1	53394.24	0.0
126	input_spectra/bkgrnd-marine-broth.mzML	2704	0	286.223715888129	1	53405.700000000004	0.0
126	input_spectra/bkgrnd-marine-broth.mzML	2705	0	286.223715888129	1	53468.1	0.0
125	input_spectra/bkgrnd-marine-broth.mzML	2706	0	286.223715888129	1	53479.56	0.0
143	input_spectra/bkgrnd-marine-broth.mzML	2707	0	328.273207122204	1	53650.14	0.0
147	input_spectra/bkgrnd-marine-broth.mzML	2708	0	328.273207122204	1	53661.659999999996	0.0
143	input_spectra/bkgrnd-marine-broth.mzML	2709	0	328.273207122204	1	53701.020000000004	0.0
147	input_spectra/bkgrnd-marine-broth.mzML	2710	0	328.273207122204	1	53712.479999999996	0.0
143	input_spectra/bkgrnd-marine-broth.mzML	2711	0	328.273207122204	1	53751.840000000004	0.0
147	input_spectra/bkgrnd-marine-broth.mzML	2712	0	328.273207122204	1	53763.36	0.0
125	input_spectra/bkgrnd-marine-broth.mzML	2713	0	286.223715888129	1	54484.439999999995	0.0
125	input_spectra/bkgrnd-marine-broth.mzML	2714	0	286.223715888129	1	54495.9	0.0
125	input_spectra/bkgrnd-marine-broth.mzML	2715	0	286.223715888129	1	54535.26	0.0
126	input_spectra/bkgrnd-marine-broth.mzML	2716	0	286.223715888129	1	54546.780000000006	0.0
126	input_spectra/bkgrnd-marine-broth.mzML	2717	0	286.223715888129	1	54586.14	0.0
125	input_spectra/bkgrnd-marine-broth.mzML	2718	0	286.223715888129	1	54597.600000000006	0.0
143	input_spectra/bkgrnd-marine-broth.mzML	2719	0	328.273207122204	1	54817.380000000005	0.0
146	input_spectra/bkgrnd-marine-broth.mzML	2720	0	328.273207122204	1	54828.84	0.0
143	input_spectra/bkgrnd-marine-broth.mzML	2721	0	328.273207122204	1	54868.200000000004	0.0
147	input_spectra/bkgrnd-marine-broth.mzML	2722	0	328.273207122204	1	54879.72	0.0
143	input_spectra/bkgrnd-marine-broth.mzML	2723	0	328.273207122204	1	54919.08	0.0
147	input_spectra/bkgrnd-marine-broth.mzML	2724	0	328.273207122204	1	54930.54	0.0
155	input_spectra/bkgrnd-marine-broth.mzML	2725	0	346.281604003906	1	55294.56	0.0
156	input_spectra/bkgrnd-marine-broth.mzML	2726	0	346.281604003906	1	55306.08	0.0
155	input_spectra/bkgrnd-marine-broth.mzML	2727	0	346.281604003906	1	55477.74	0.0
156	input_spectra/bkgrnd-marine-broth.mzML	2728	0	346.281604003906	1	55489.200000000004	0.0
125	input_spectra/bkgrnd-marine-broth.mzML	2729	0	286.223715888129	1	55624.74	0.0
125	input_spectra/bkgrnd-marine-broth.mzML	2730	0	286.223715888129	1	55636.259999999995	0.0
126	input_spectra/bkgrnd-marine-broth.mzML	2731	0	286.223715888129	1	55675.62	0.0
125	input_spectra/bkgrnd-marine-broth.mzML	2732	0	286.223715888129	1	55687.08	0.0
125	input_spectra/bkgrnd-marine-broth.mzML	2733	0	286.223715888129	1	55726.44	0.0
126	input_spectra/bkgrnd-marine-broth.mzML	2734	0	286.223715888129	1	55737.96	0.0
143	input_spectra/bkgrnd-marine-broth.mzML	2735	0	328.273207122204	1	55957.74	0.0
147	input_spectra/bkgrnd-marine-broth.mzML	2736	0	328.273207122204	1	55969.200000000004	0.0
143	input_spectra/bkgrnd-marine-broth.mzML	2737	0	328.273207122204	1	56008.619999999995	0.0
147	input_spectra/bkgrnd-marine-broth.mzML	2738	0	328.273207122204	1	56020.08	0.0
143	input_spectra/bkgrnd-marine-broth.mzML	2739	0	328.273207122204	1	56059.5	0.0
147	input_spectra/bkgrnd-marine-broth.mzML	2740	0	328.273207122204	1	56070.96	0.0
155	input_spectra/bkgrnd-marine-broth.mzML	2741	0	346.281604003906	1	56374.86	0.0
156	input_spectra/bkgrnd-marine-broth.mzML	2742	0	346.281604003906	1	56386.380000000005	0.0
125	input_spectra/bkgrnd-marine-broth.mzML	2743	0	286.223715888129	1	56762.399999999994	0.0
126	input_spectra/bkgrnd-marine-broth.mzML	2744	0	286.223715888129	1	56773.92	0.0
126	input_spectra/bkgrnd-marine-broth.mzML	2745	0	286.223715888129	1	56813.28	0.0
125	input_spectra/bkgrnd-marine-broth.mzML	2746	0	286.223715888129	1	56824.8	0.0
125	input_spectra/bkgrnd-marine-broth.mzML	2747	0	286.223715888129	1	56864.159999999996	0.0
125	input_spectra/bkgrnd-marine-broth.mzML	2748	0	286.223715888129	1	56875.68	0.0
143	input_spectra/bkgrnd-marine-broth.mzML	2749	0	328.273207122204	1	57095.4	0.0
147	input_spectra/bkgrnd-marine-broth.mzML	2750	0	328.273207122204	1	57106.86	0.0
143	input_spectra/bkgrnd-marine-broth.mzML	2751	0	328.273207122204	1	57146.22	0.0
147	input_spectra/bkgrnd-marine-broth.mzML	2752	0	328.273207122204	1	57157.68	0.0
143	input_spectra/bkgrnd-marine-broth.mzML	2753	0	328.273207122204	1	57197.1	0.0
146	input_spectra/bkgrnd-marine-broth.mzML	2754	0	328.273207122204	1	57208.56	0.0
155	input_spectra/bkgrnd-marine-broth.mzML	2755	0	346.281604003906	1	57897.3	0.0
156	input_spectra/bkgrnd-marine-broth.mzML	2756	0	346.281604003906	1	57908.759999999995	0.0
125	input_spectra/bkgrnd-marine-broth.mzML	2757	0	286.223715888129	1	57948.12	0.0
125	input_spectra/bkgrnd-marine-broth.mzML	2758	0	286.223715888129	1	57959.64	0.0
125	input_spectra/bkgrnd-marine-broth.mzML	2759	0	286.223715888129	1	57999.0	0.0
125	input_spectra/bkgrnd-marine-broth.mzML	2760	0	286.223715888129	1	58010.46	0.0
126	input_spectra/bkgrnd-marine-broth.mzML	2761	0	286.223715888129	1	58049.82	0.0
125	input_spectra/bkgrnd-marine-broth.mzML	2762	0	286.223715888129	1	58061.34	0.0
155	input_spectra/bkgrnd-marine-broth.mzML	2763	0	346.281604003906	1	58148.759999999995	0.0
155	input_spectra/bkgrnd-marine-broth.mzML	2764	0	346.281604003906	1	58160.28	0.0
143	input_spectra/bkgrnd-marine-broth.mzML	2765	0	328.273207122204	1	58235.700000000004	0.0
146	input_spectra/bkgrnd-marine-broth.mzML	2766	0	328.273207122204	1	58247.22	0.0
143	input_spectra/bkgrnd-marine-broth.mzML	2767	0	328.273207122204	1	58286.520000000004	0.0
147	input_spectra/bkgrnd-marine-broth.mzML	2768	0	328.273207122204	1	58298.04	0.0
143	input_spectra/bkgrnd-marine-broth.mzML	2769	0	328.273207122204	1	58337.399999999994	0.0
147	input_spectra/bkgrnd-marine-broth.mzML	2770	0	328.273207122204	1	58348.86	0.0
155	input_spectra/bkgrnd-marine-broth.mzML	2771	0	346.281604003906	1	58360.38	0.0
156	input_spectra/bkgrnd-marine-broth.mzML	2772	0	346.281604003906	1	58371.9	0.0
126	input_spectra/bkgrnd-marine-broth.mzML	2773	0	286.223715888129	1	59108.7	0.0
126	input_spectra/bkgrnd-marine-broth.mzML	2774	0	286.223715888129	1	59120.16	0.0
125	input_spectra/bkgrnd-marine-broth.mzML	2775	0	286.223715888129	1	59159.52	0.0
126	input_spectra/bkgrnd-marine-broth.mzML	2776	0	286.223715888129	1	59171.04	0.0
126	input_spectra/bkgrnd-marine-broth.mzML	2777	0	286.223715888129	1	59210.4	0.0
125	input_spectra/bkgrnd-marine-broth.mzML	2778	0	286.223715888129	1	59221.920000000006	0.0
143	input_spectra/bkgrnd-marine-broth.mzML	2779	0	328.273207122204	1	59381.520000000004	0.0
147	input_spectra/bkgrnd-marine-broth.mzML	2780	0	328.273207122204	1	59393.04	0.0
155	input_spectra/bkgrnd-marine-broth.mzML	2781	0	346.281604003906	1	59404.5	0.0
156	input_spectra/bkgrnd-marine-broth.mzML	2782	0	346.281604003906	1	59416.020000000004	0.0
143	input_spectra/bkgrnd-marine-broth.mzML	2783	0	328.273207122204	1	59455.38	0.0
146	input_spectra/bkgrnd-marine-broth.mzML	2784	0	328.273207122204	1	59466.840000000004	0.0
143	input_spectra/bkgrnd-marine-broth.mzML	2785	0	328.273207122204	1	59506.259999999995	0.0
147	input_spectra/bkgrnd-marine-broth.mzML	2786	0	328.273207122204	1	59517.72	0.0
155	input_spectra/bkgrnd-marine-broth.mzML	2787	0	346.281604003906	1	59581.2	0.0
156	input_spectra/bkgrnd-marine-broth.mzML	2788	0	346.281604003906	1	59592.66	0.0
155	input_spectra/bkgrnd-marine-broth.mzML	2789	0	346.281604003906	1	59740.26	0.0
156	input_spectra/bkgrnd-marine-broth.mzML	2790	0	346.281604003906	1	59751.72	0.0
125	input_spectra/bkgrnd-marine-broth.mzML	2791	0	286.223715888129	1	1004.13	0.0
125	input_spectra/bkgrnd-marine-broth.mzML	2792	0	286.223715888129	1	1004.32	0.0
126	input_spectra/bkgrnd-marine-broth.mzML	2793	0	286.223715888129	1	1004.98	0.0
125	input_spectra/bkgrnd-marine-broth.mzML	2794	0	286.223715888129	1	1005.17	0.0
126	input_spectra/bkgrnd-marine-broth.mzML	2795	0	286.223715888129	1	1005.83	0.0
126	input_spectra/bkgrnd-marine-broth.mzML	2796	0	286.223715888129	1	1006.02	0.0
143	input_spectra/bkgrnd-marine-broth.mzML	2797	0	328.273207122204	1	1009.08	0.0
147	input_spectra/bkgrnd-marine-broth.mzML	2798	0	328.273207122204	1	1009.27	0.0
143	input_spectra/bkgrnd-marine-broth.mzML	2799	0	328.273207122204	1	1009.93	0.0
147	input_spectra/bkgrnd-marine-broth.mzML	2800	0	328.273207122204	1	1010.12	0.0
143	input_spectra/bkgrnd-marine-broth.mzML	2801	0	328.273207122204	1	1010.78	0.0
147	input_spectra/bkgrnd-marine-broth.mzML	2802	0	328.273207122204	1	1010.97	0.0
155	input_spectra/bkgrnd-marine-broth.mzML	2803	0	346.281604003906	1	1014.03	0.0
156	input_spectra/bkgrnd-marine-broth.mzML	2804	0	346.281604003906	1	1014.22	0.0
155	input_spectra/bkgrnd-marine-broth.mzML	2805	0	346.281604003906	1	1014.88	0.0
155	input_spectra/bkgrnd-marine-broth.mzML	2806	0	346.281604003906	1	1015.07	0.0
155	input_spectra/bkgrnd-marine-broth.mzML	2807	0	346.281604003906	1	1020.53	0.0
156	input_spectra/bkgrnd-marine-broth.mzML	2808	0	346.281604003906	1	1020.73	0.0
125	input_spectra/bkgrnd-marine-broth.mzML	2809	0	286.223715888129	1	1023.19	0.0
125	input_spectra/bkgrnd-marine-broth.mzML	2810	0	286.223715888129	1	1023.38	0.0
126	input_spectra/bkgrnd-marine-broth.mzML	2811	0	286.223715888129	1	1024.03	0.0
125	input_spectra/bkgrnd-marine-broth.mzML	2812	0	286.223715888129	1	1024.23	0.0
125	input_spectra/bkgrnd-marine-broth.mzML	2813	0	286.223715888129	1	1024.88	0.0
125	input_spectra/bkgrnd-marine-broth.mzML	2814	0	286.223715888129	1	1025.07	0.0
143	input_spectra/bkgrnd-marine-broth.mzML	2815	0	328.273207122204	1	1028.13	0.0
147	input_spectra/bkgrnd-marine-broth.mzML	2816	0	328.273207122204	1	1028.33	0.0
134	input_spectra/bkgrnd-marine-broth.mzML	2817	0	304.233856201172	1	1028.52	0.0
134	input_spectra/bkgrnd-marine-broth.mzML	2818	0	304.233856201172	1	1028.71	0.0
143	input_spectra/bkgrnd-marine-broth.mzML	2819	0	328.273207122204	1	1029.36	0.0
147	input_spectra/bkgrnd-marine-broth.mzML	2820	0	328.273207122204	1	1029.56	0.0
143	input_spectra/bkgrnd-marine-broth.mzML	2821	0	328.273207122204	1	1030.21	0.0
147	input_spectra/bkgrnd-marine-broth.mzML	2822	0	328.273207122204	1	1030.4	0.0
134	input_spectra/bkgrnd-marine-broth.mzML	2823	0	304.233856201172	1	1031.06	0.0
134	input_spectra/bkgrnd-marine-broth.mzML	2824	0	304.233856201172	1	1031.25	0.0
134	input_spectra/bkgrnd-marine-broth.mzML	2825	0	304.233856201172	1	1041.33	0.0
134	input_spectra/bkgrnd-marine-broth.mzML	2826	0	304.233856201172	1	1041.52	0.0
126	input_spectra/bkgrnd-marine-broth.mzML	2827	0	286.223715888129	1	1042.57	0.0
126	input_spectra/bkgrnd-marine-broth.mzML	2828	0	286.223715888129	1	1042.77	0.0
126	input_spectra/bkgrnd-marine-broth.mzML	2829	0	286.223715888129	1	1043.42	0.0
125	input_spectra/bkgrnd-marine-broth.mzML	2830	0	286.223715888129	1	1043.61	0.0
125	input_spectra/bkgrnd-marine-broth.mzML	2831	0	286.223715888129	1	1044.27	0.0
125	input_spectra/bkgrnd-marine-broth.mzML	2832	0	286.223715888129	1	1044.46	0.0
155	input_spectra/bkgrnd-marine-broth.mzML	2833	0	346.281604003906	1	1046.72	0.0
156	input_spectra/bkgrnd-marine-broth.mzML	2834	0	346.281604003906	1	1046.91	0.0
143	input_spectra/bkgrnd-marine-broth.mzML	2835	0	328.273207122204	1	1047.57	0.0
147	input_spectra/bkgrnd-marine-broth.mzML	2836	0	328.273207122204	1	1047.76	0.0
143	input_spectra/bkgrnd-marine-broth.mzML	2837	0	328.273207122204	1	1048.42	0.0
146	input_spectra/bkgrnd-marine-broth.mzML	2838	0	328.273207122204	1	1048.61	0.0
143	input_spectra/bkgrnd-marine-broth.mzML	2839	0	328.273207122204	1	1049.26	0.0
147	input_spectra/bkgrnd-marine-broth.mzML	2840	0	328.273207122204	1	1049.46	0.0
155	input_spectra/bkgrnd-marine-broth.mzML	2841	0	346.281604003906	1	1055.72	0.0
156	input_spectra/bkgrnd-marine-broth.mzML	2842	0	346.281604003906	1	1055.91	0.0
126	input_spectra/bkgrnd-marine-broth.mzML	2843	0	286.223715888129	1	1061.58	0.0
125	input_spectra/bkgrnd-marine-broth.mzML	2844	0	286.223715888129	1	1061.77	0.0
127	input_spectra/bkgrnd-marine-broth.mzML	2845	0	286.223715888129	1	1062.43	0.0
125	input_spectra/bkgrnd-marine-broth.mzML	2846	0	286.223715888129	1	1062.62	0.0
125	input_spectra/bkgrnd-marine-broth.mzML	2847	0	286.223715888129	1	1063.28	0.0
125	input_spectra/bkgrnd-marine-broth.mzML	2848	0	286.223715888129	1	1063.47	0.0
143	input_spectra/bkgrnd-marine-broth.mzML	2849	0	328.273207122204	1	1066.53	0.0
146	input_spectra/bkgrnd-marine-broth.mzML	2850	0	328.273207122204	1	1066.72	0.0
143	input_spectra/bkgrnd-marine-broth.mzML	2851	0	328.273207122204	1	1067.37	0.0
147	input_spectra/bkgrnd-marine-broth.mzML	2852	0	328.273207122204	1	1067.57	0.0
143	input_spectra/bkgrnd-marine-broth.mzML	2853	0	328.273207122204	1	1068.22	0.0
146	input_spectra/bkgrnd-marine-broth.mzML	2854	0	328.273207122204	1	1068.41	0.0
155	input_spectra/bkgrnd-marine-broth.mzML	2855	0	346.281604003906	1	1069.67	0.0
156	input_spectra/bkgrnd-marine-broth.mzML	2856	0	346.281604003906	1	1069.86	0.0
134	input_spectra/bkgrnd-marine-broth.mzML	2857	0	304.233856201172	1	1074.33	0.0
134	input_spectra/bkgrnd-marine-broth.mzML	2858	0	304.233856201172	1	1074.52	0.0
134	input_spectra/bkgrnd-marine-broth.mzML	2859	0	304.233856201172	1	1076.98	0.0
134	input_spectra/bkgrnd-marine-broth.mzML	2860	0	304.233856201172	1	1077.17	0.0
134	input_spectra/bkgrnd-marine-broth.mzML	2861	0	304.233856201172	1	1078.23	0.0
134	input_spectra/bkgrnd-marine-broth.mzML	2862	0	304.233856201172	1	1078.42	0.0
126	input_spectra/bkgrnd-marine-broth.mzML	2863	0	286.223715888129	1	1080.68	0.0
125	input_spectra/bkgrnd-marine-broth.mzML	2864	0	286.223715888129	1	1080.87	0.0
125	input_spectra/bkgrnd-marine-broth.mzML	2865	0	286.223715888129	1	1081.52	0.0
126	input_spectra/bkgrnd-marine-broth.mzML	2866	0	286.223715888129	1	1081.71	0.0
125	input_spectra/bkgrnd-marine-broth.mzML	2867	0	286.223715888129	1	1082.37	0.0
125	input_spectra/bkgrnd-marine-broth.mzML	2868	0	286.223715888129	1	1082.56	0.0
143	input_spectra/bkgrnd-marine-broth.mzML	2869	0	328.273207122204	1	1085.67	0.0
147	input_spectra/bkgrnd-marine-broth.mzML	2870	0	328.273207122204	1	1085.86	0.0
143	input_spectra/bkgrnd-marine-broth.mzML	2871	0	328.273207122204	1	1086.52	0.0
146	input_spectra/bkgrnd-marine-broth.mzML	2872	0	328.273207122204	1	1086.71	0.0
143	input_spectra/bkgrnd-marine-broth.mzML	2873	0	328.273207122204	1	1087.36	0.0
146	input_spectra/bkgrnd-marine-broth.mzML	2874	0	328.273207122204	1	1087.56	0.0
67	input_spectra/bkgrnd-marine-broth.mzML	2875	0	185.112635294596	1	1094.92	0.0
67	input_spectra/bkgrnd-marine-broth.mzML	2876	0	185.112635294596	1	1095.11	0.0
67	input_spectra/bkgrnd-marine-broth.mzML	2877	0	185.112635294596	1	1096.37	0.0
67	input_spectra/bkgrnd-marine-broth.mzML	2878	0	185.112635294596	1	1096.56	0.0
67	input_spectra/bkgrnd-marine-broth.mzML	2879	0	185.112635294596	1	1097.42	0.0
67	input_spectra/bkgrnd-marine-broth.mzML	2880	0	185.112635294596	1	1097.61	0.0
134	input_spectra/bkgrnd-marine-broth.mzML	2881	0	304.233856201172	1	1099.47	0.0
134	input_spectra/bkgrnd-marine-broth.mzML	2882	0	304.233856201172	1	1099.66	0.0
125	input_spectra/bkgrnd-marine-broth.mzML	2883	0	286.223715888129	1	1100.31	0.0
126	input_spectra/bkgrnd-marine-broth.mzML	2884	0	286.223715888129	1	1100.5	0.0
125	input_spectra/bkgrnd-marine-broth.mzML	2885	0	286.223715888129	1	1101.16	0.0
125	input_spectra/bkgrnd-marine-broth.mzML	2886	0	286.223715888129	1	1101.35	0.0
134	input_spectra/bkgrnd-marine-broth.mzML	2887	0	304.233856201172	1	1101.54	0.0
134	input_spectra/bkgrnd-marine-broth.mzML	2888	0	304.233856201172	1	1101.73	0.0
125	input_spectra/bkgrnd-marine-broth.mzML	2889	0	286.223715888129	1	1102.39	0.0
125	input_spectra/bkgrnd-marine-broth.mzML	2890	0	286.223715888129	1	1102.58	0.0
134	input_spectra/bkgrnd-marine-broth.mzML	2891	0	304.233856201172	1	1103.24	0.0
134	input_spectra/bkgrnd-marine-broth.mzML	2892	0	304.233856201172	1	1103.43	0.0
142	input_spectra/bkgrnd-marine-broth.mzML	2893	0	328.273207122204	1	1105.09	0.0
140	input_spectra/bkgrnd-marine-broth.mzML	2894	0	328.273207122204	1	1105.28	0.0
143	input_spectra/bkgrnd-marine-broth.mzML	2895	0	328.273207122204	1	1105.94	0.0
140	input_spectra/bkgrnd-marine-broth.mzML	2896	0	328.273207122204	1	1106.13	0.0
143	input_spectra/bkgrnd-marine-broth.mzML	2897	0	328.273207122204	1	1106.78	0.0
140	input_spectra/bkgrnd-marine-broth.mzML	2898	0	328.273207122204	1	1106.97	0.0
146	input_spectra/bkgrnd-marine-broth.mzML	2899	0	328.273207122204	1	1124.06	0.0
142	input_spectra/bkgrnd-marine-broth.mzML	2900	0	328.273207122204	1	1124.26	0.0
140	input_spectra/bkgrnd-marine-broth.mzML	2901	0	328.273207122204	1	1124.91	0.0
140	input_spectra/bkgrnd-marine-broth.mzML	2902	0	328.273207122204	1	1125.1	0.0
140	input_spectra/bkgrnd-marine-broth.mzML	2903	0	328.273207122204	1	1125.76	0.0
142	input_spectra/bkgrnd-marine-broth.mzML	2904	0	328.273207122204	1	1125.95	0.0
205	input_spectra/bkgrnd-marine-broth.mzML	2905	0	495.476874457465	1	1135.83	0.0
206	input_spectra/bkgrnd-marine-broth.mzML	2906	0	495.476874457465	1	1136.02	0.0
205	input_spectra/bkgrnd-marine-broth.mzML	2907	0	495.476874457465	1	1141.28	0.0
206	input_spectra/bkgrnd-marine-broth.mzML	2908	0	495.476874457465	1	1141.47	0.0
144	input_spectra/bkgrnd-marine-broth.mzML	2909	0	328.273207122204	1	1143.13	0.0
142	input_spectra/bkgrnd-marine-broth.mzML	2910	0	328.273207122204	1	1143.32	0.0
144	input_spectra/bkgrnd-marine-broth.mzML	2911	0	328.273207122204	1	1143.98	0.0
140	input_spectra/bkgrnd-marine-broth.mzML	2912	0	328.273207122204	1	1144.17	0.0
141	input_spectra/bkgrnd-marine-broth.mzML	2913	0	328.273207122204	1	1144.83	0.0
142	input_spectra/bkgrnd-marine-broth.mzML	2914	0	328.273207122204	1	1145.02	0.0
205	input_spectra/bkgrnd-marine-broth.mzML	2915	0	495.476874457465	1	1145.68	0.0
206	input_spectra/bkgrnd-marine-broth.mzML	2916	0	495.476874457465	1	1145.87	0.0
67	input_spectra/bkgrnd-marine-broth.mzML	2917	0	185.112635294596	1	1162.16	0.0
67	input_spectra/bkgrnd-marine-broth.mzML	2918	0	185.112635294596	1	1162.35	0.0
140	input_spectra/bkgrnd-marine-broth.mzML	2919	0	328.273207122204	1	1163.0	0.0
146	input_spectra/bkgrnd-marine-broth.mzML	2920	0	328.273207122204	1	1163.2	0.0
205	input_spectra/bkgrnd-marine-broth.mzML	2921	0	495.476874457465	1	1163.39	0.0
206	input_spectra/bkgrnd-marine-broth.mzML	2922	0	495.476874457465	1	1163.58	0.0
140	input_spectra/bkgrnd-marine-broth.mzML	2923	0	328.273207122204	1	1164.24	0.0
146	input_spectra/bkgrnd-marine-broth.mzML	2924	0	328.273207122204	1	1164.43	0.0
205	input_spectra/bkgrnd-marine-broth.mzML	2925	0	495.476874457465	1	1164.62	0.0
206	input_spectra/bkgrnd-marine-broth.mzML	2926	0	495.476874457465	1	1164.81	0.0
148	input_spectra/bkgrnd-marine-broth.mzML	2927	0	328.273207122204	1	1165.47	0.0
142	input_spectra/bkgrnd-marine-broth.mzML	2928	0	328.273207122204	1	1165.66	0.0
205	input_spectra/bkgrnd-marine-broth.mzML	2929	0	495.476874457465	1	1165.85	0.0
206	input_spectra/bkgrnd-marine-broth.mzML	2930	0	495.476874457465	1	1166.04	0.0
67	input_spectra/bkgrnd-marine-broth.mzML	2931	0	185.112635294596	1	1167.1	0.0
67	input_spectra/bkgrnd-marine-broth.mzML	2932	0	185.112635294596	1	1167.29	0.0
67	input_spectra/bkgrnd-marine-broth.mzML	2933	0	185.112635294596	1	1170.15	0.0
67	input_spectra/bkgrnd-marine-broth.mzML	2934	0	185.112635294596	1	1170.34	0.0
143	input_spectra/bkgrnd-marine-broth.mzML	2935	0	328.273207122204	1	1182.51	0.0
140	input_spectra/bkgrnd-marine-broth.mzML	2936	0	328.273207122204	1	1182.71	0.0
205	input_spectra/bkgrnd-marine-broth.mzML	2937	0	495.476874457465	1	1182.9	0.0
206	input_spectra/bkgrnd-marine-broth.mzML	2938	0	495.476874457465	1	1183.09	0.0
143	input_spectra/bkgrnd-marine-broth.mzML	2939	0	328.273207122204	1	1183.75	0.0
146	input_spectra/bkgrnd-marine-broth.mzML	2940	0	328.273207122204	1	1183.94	0.0
205	input_spectra/bkgrnd-marine-broth.mzML	2941	0	495.476874457465	1	1184.13	0.0
206	input_spectra/bkgrnd-marine-broth.mzML	2942	0	495.476874457465	1	1184.32	0.0
144	input_spectra/bkgrnd-marine-broth.mzML	2943	0	328.273207122204	1	1184.98	0.0
140	input_spectra/bkgrnd-marine-broth.mzML	2944	0	328.273207122204	1	1185.17	0.0
205	input_spectra/bkgrnd-marine-broth.mzML	2945	0	495.476874457465	1	1185.36	0.0
206	input_spectra/bkgrnd-marine-broth.mzML	2946	0	495.476874457465	1	1185.55	0.0
67	input_spectra/bkgrnd-marine-broth.mzML	2947	0	185.112635294596	1	1188.06	0.0
67	input_spectra/bkgrnd-marine-broth.mzML	2948	0	185.112635294596	1	1188.25	0.0
67	input_spectra/bkgrnd-marine-broth.mzML	2949	0	185.112635294596	1	1188.91	0.0
67	input_spectra/bkgrnd-marine-broth.mzML	2950	0	185.112635294596	1	1189.1	0.0
67	input_spectra/bkgrnd-marine-broth.mzML	2951	0	185.112635294596	1	1189.75	0.0
67	input_spectra/bkgrnd-marine-broth.mzML	2952	0	185.112635294596	1	1189.95	0.0
