#ClusterIdx	#Filename	#SpecIdx	#Scan	#ParentMass	#Charge	#RetTime	#PrecIntensity
24	input_spectra/7-C2R07_2.mzML	0	0	130.965789794922	1	5868.660000000001	0.0
24	input_spectra/7-C2R07_2.mzML	1	0	130.965789794922	1	5880.12	0.0
24	input_spectra/7-C2R07_2.mzML	2	0	130.965789794922	1	5979.599999999999	0.0
24	input_spectra/7-C2R07_2.mzML	3	0	130.965789794922	1	5991.12	0.0
3	input_spectra/7-C2R07_2.mzML	4	0	110.008516947428	1	6343.08	0.0
3	input_spectra/7-C2R07_2.mzML	5	0	110.008516947428	1	6354.54	0.0
3	input_spectra/7-C2R07_2.mzML	6	0	110.008516947428	1	6394.5	0.0
3	input_spectra/7-C2R07_2.mzML	7	0	110.008516947428	1	6406.0199999999995	0.0
16	input_spectra/7-C2R07_2.mzML	8	0	125.985897064209	1	6417.48	0.0
16	input_spectra/7-C2R07_2.mzML	9	0	125.985897064209	1	6428.9400000000005	0.0
46	input_spectra/7-C2R07_2.mzML	10	0	151.034879048665	1	6440.400000000001	0.0
46	input_spectra/7-C2R07_2.mzML	11	0	151.034879048665	1	6451.92	0.0
3	input_spectra/7-C2R07_2.mzML	12	0	110.008516947428	1	6491.28	0.0
3	input_spectra/7-C2R07_2.mzML	13	0	110.008516947428	1	6502.799999999999	0.0
16	input_spectra/7-C2R07_2.mzML	14	0	125.985897064209	1	6514.26	0.0
16	input_spectra/7-C2R07_2.mzML	15	0	125.985897064209	1	6525.72	0.0
46	input_spectra/7-C2R07_2.mzML	16	0	151.034879048665	1	6537.18	0.0
46	input_spectra/7-C2R07_2.mzML	17	0	151.034879048665	1	6548.7	0.0
89	input_spectra/7-C2R07_2.mzML	18	0	223.988586425781	1	6560.16	0.0
89	input_spectra/7-C2R07_2.mzML	19	0	223.988586425781	1	6571.68	0.0
78	input_spectra/7-C2R07_2.mzML	20	0	198.939624786377	1	6583.139999999999	0.0
78	input_spectra/7-C2R07_2.mzML	21	0	198.939624786377	1	6594.599999999999	0.0
16	input_spectra/7-C2R07_2.mzML	22	0	125.985897064209	1	6634.0199999999995	0.0
16	input_spectra/7-C2R07_2.mzML	23	0	125.985897064209	1	6645.48	0.0
89	input_spectra/7-C2R07_2.mzML	24	0	223.988586425781	1	6656.94	0.0
89	input_spectra/7-C2R07_2.mzML	25	0	223.988586425781	1	6668.46	0.0
46	input_spectra/7-C2R07_2.mzML	26	0	151.034879048665	1	6679.92	0.0
46	input_spectra/7-C2R07_2.mzML	27	0	151.034879048665	1	6691.38	0.0
78	input_spectra/7-C2R07_2.mzML	28	0	198.939624786377	1	6702.900000000001	0.0
78	input_spectra/7-C2R07_2.mzML	29	0	198.939624786377	1	6714.360000000001	0.0
67	input_spectra/7-C2R07_2.mzML	30	0	182.962148030599	1	6725.82	0.0
68	input_spectra/7-C2R07_2.mzML	31	0	182.962148030599	1	6737.34	0.0
78	input_spectra/7-C2R07_2.mzML	32	0	198.939624786377	1	6776.7	0.0
78	input_spectra/7-C2R07_2.mzML	33	0	198.939624786377	1	6788.16	0.0
89	input_spectra/7-C2R07_2.mzML	34	0	223.988586425781	1	6799.68	0.0
89	input_spectra/7-C2R07_2.mzML	35	0	223.988586425781	1	6811.14	0.0
67	input_spectra/7-C2R07_2.mzML	36	0	182.962148030599	1	6822.599999999999	0.0
68	input_spectra/7-C2R07_2.mzML	37	0	182.962148030599	1	6834.12	0.0
103	input_spectra/7-C2R07_2.mzML	38	0	239.966049194336	1	6845.58	0.0
103	input_spectra/7-C2R07_2.mzML	39	0	239.966049194336	1	6857.099999999999	0.0
42	input_spectra/7-C2R07_2.mzML	40	0	146.164835611979	1	6868.5599999999995	0.0
42	input_spectra/7-C2R07_2.mzML	41	0	146.164835611979	1	6880.02	0.0
67	input_spectra/7-C2R07_2.mzML	42	0	182.962148030599	1	6919.379999999999	0.0
68	input_spectra/7-C2R07_2.mzML	43	0	182.962148030599	1	6930.9	0.0
103	input_spectra/7-C2R07_2.mzML	44	0	239.966049194336	1	6942.360000000001	0.0
103	input_spectra/7-C2R07_2.mzML	45	0	239.966049194336	1	6953.88	0.0
42	input_spectra/7-C2R07_2.mzML	46	0	146.164835611979	1	6965.34	0.0
42	input_spectra/7-C2R07_2.mzML	47	0	146.164835611979	1	6976.8	0.0
115	input_spectra/7-C2R07_2.mzML	48	0	265.014678955078	1	6988.32	0.0
115	input_spectra/7-C2R07_2.mzML	49	0	265.014678955078	1	6999.78	0.0
85	input_spectra/7-C2R07_2.mzML	50	0	214.917119344076	1	7011.3	0.0
85	input_spectra/7-C2R07_2.mzML	51	0	214.917119344076	1	7022.76	0.0
103	input_spectra/7-C2R07_2.mzML	52	0	239.966049194336	1	7062.18	0.0
103	input_spectra/7-C2R07_2.mzML	53	0	239.966049194336	1	7073.64	0.0
42	input_spectra/7-C2R07_2.mzML	54	0	146.164835611979	1	7085.16	0.0
42	input_spectra/7-C2R07_2.mzML	55	0	146.164835611979	1	7096.62	0.0
85	input_spectra/7-C2R07_2.mzML	56	0	214.917119344076	1	7108.08	0.0
85	input_spectra/7-C2R07_2.mzML	57	0	214.917119344076	1	7119.599999999999	0.0
115	input_spectra/7-C2R07_2.mzML	58	0	265.014678955078	1	7131.0599999999995	0.0
115	input_spectra/7-C2R07_2.mzML	59	0	265.014678955078	1	7142.58	0.0
81	input_spectra/7-C2R07_2.mzML	60	0	203.222457885742	1	7154.04	0.0
81	input_spectra/7-C2R07_2.mzML	61	0	203.222457885742	1	7165.56	0.0
85	input_spectra/7-C2R07_2.mzML	62	0	214.917119344076	1	7204.92	0.0
85	input_spectra/7-C2R07_2.mzML	63	0	214.917119344076	1	7216.38	0.0
115	input_spectra/7-C2R07_2.mzML	64	0	265.014678955078	1	7227.900000000001	0.0
115	input_spectra/7-C2R07_2.mzML	65	0	265.014678955078	1	7239.360000000001	0.0
81	input_spectra/7-C2R07_2.mzML	66	0	203.222457885742	1	7250.88	0.0
81	input_spectra/7-C2R07_2.mzML	67	0	203.222457885742	1	7262.34	0.0
81	input_spectra/7-C2R07_2.mzML	68	0	203.222457885742	1	7301.7	0.0
81	input_spectra/7-C2R07_2.mzML	69	0	203.222457885742	1	7313.16	0.0
3	input_spectra/7-C2R07_2.mzML	70	0	110.008516947428	1	7508.88	0.0
3	input_spectra/7-C2R07_2.mzML	71	0	110.008516947428	1	7520.34	0.0
3	input_spectra/7-C2R07_2.mzML	72	0	110.008516947428	1	7559.700000000001	0.0
3	input_spectra/7-C2R07_2.mzML	73	0	110.008516947428	1	7571.160000000001	0.0
3	input_spectra/7-C2R07_2.mzML	74	0	110.008516947428	1	7610.58	0.0
3	input_spectra/7-C2R07_2.mzML	75	0	110.008516947428	1	7622.04	0.0
16	input_spectra/7-C2R07_2.mzML	76	0	125.985897064209	1	7633.5	0.0
16	input_spectra/7-C2R07_2.mzML	77	0	125.985897064209	1	7645.02	0.0
46	input_spectra/7-C2R07_2.mzML	78	0	151.034879048665	1	7656.4800000000005	0.0
46	input_spectra/7-C2R07_2.mzML	79	0	151.034879048665	1	7667.9400000000005	0.0
16	input_spectra/7-C2R07_2.mzML	80	0	125.985897064209	1	7707.36	0.0
16	input_spectra/7-C2R07_2.mzML	81	0	125.985897064209	1	7718.82	0.0
46	input_spectra/7-C2R07_2.mzML	82	0	151.034879048665	1	7730.28	0.0
46	input_spectra/7-C2R07_2.mzML	83	0	151.034879048665	1	7741.8	0.0
78	input_spectra/7-C2R07_2.mzML	84	0	198.939624786377	1	7781.160000000001	0.0
78	input_spectra/7-C2R07_2.mzML	85	0	198.939624786377	1	7792.620000000001	0.0
89	input_spectra/7-C2R07_2.mzML	86	0	223.988586425781	1	7804.139999999999	0.0
89	input_spectra/7-C2R07_2.mzML	87	0	223.988586425781	1	7815.599999999999	0.0
16	input_spectra/7-C2R07_2.mzML	88	0	125.985897064209	1	7827.0599999999995	0.0
16	input_spectra/7-C2R07_2.mzML	89	0	125.985897064209	1	7838.58	0.0
46	input_spectra/7-C2R07_2.mzML	90	0	151.034879048665	1	7850.04	0.0
46	input_spectra/7-C2R07_2.mzML	91	0	151.034879048665	1	7861.5	0.0
64	input_spectra/7-C2R07_2.mzML	92	0	175.118301391602	1	8466.06	0.0
64	input_spectra/7-C2R07_2.mzML	93	0	175.118301391602	1	8477.52	0.0
5	input_spectra/7-C2R07_2.mzML	94	0	118.085848490397	1	8516.880000000001	0.0
5	input_spectra/7-C2R07_2.mzML	95	0	118.085848490397	1	8528.34	0.0
64	input_spectra/7-C2R07_2.mzML	96	0	175.118301391602	1	8539.800000000001	0.0
64	input_spectra/7-C2R07_2.mzML	97	0	175.118301391602	1	8551.32	0.0
5	input_spectra/7-C2R07_2.mzML	98	0	118.085848490397	1	8590.619999999999	0.0
5	input_spectra/7-C2R07_2.mzML	99	0	118.085848490397	1	8602.08	0.0
64	input_spectra/7-C2R07_2.mzML	100	0	175.118301391602	1	8613.6	0.0
64	input_spectra/7-C2R07_2.mzML	101	0	175.118301391602	1	8625.06	0.0
5	input_spectra/7-C2R07_2.mzML	102	0	118.085848490397	1	8664.48	0.0
5	input_spectra/7-C2R07_2.mzML	103	0	118.085848490397	1	8675.939999999999	0.0
23	input_spectra/7-C2R07_2.mzML	104	0	130.096913655599	1	8931.72	0.0
23	input_spectra/7-C2R07_2.mzML	105	0	130.096913655599	1	8943.18	0.0
23	input_spectra/7-C2R07_2.mzML	106	0	130.096913655599	1	8982.54	0.0
23	input_spectra/7-C2R07_2.mzML	107	0	130.096913655599	1	8994.0	0.0
23	input_spectra/7-C2R07_2.mzML	108	0	130.096913655599	1	9033.42	0.0
23	input_spectra/7-C2R07_2.mzML	109	0	130.096913655599	1	9044.88	0.0
79	input_spectra/7-C2R07_2.mzML	110	0	202.179514567057	1	9180.42	0.0
80	input_spectra/7-C2R07_2.mzML	111	0	202.179514567057	1	9191.94	0.0
79	input_spectra/7-C2R07_2.mzML	112	0	202.179514567057	1	9231.240000000002	0.0
80	input_spectra/7-C2R07_2.mzML	113	0	202.179514567057	1	9242.76	0.0
40	input_spectra/7-C2R07_2.mzML	114	0	146.091893513997	1	9254.22	0.0
41	input_spectra/7-C2R07_2.mzML	115	0	146.091893513997	1	9265.68	0.0
40	input_spectra/7-C2R07_2.mzML	116	0	146.091893513997	1	9305.04	0.0
41	input_spectra/7-C2R07_2.mzML	117	0	146.091893513997	1	9316.5	0.0
79	input_spectra/7-C2R07_2.mzML	118	0	202.179514567057	1	9328.02	0.0
80	input_spectra/7-C2R07_2.mzML	119	0	202.179514567057	1	9339.48	0.0
40	input_spectra/7-C2R07_2.mzML	120	0	146.091893513997	1	9378.84	0.0
41	input_spectra/7-C2R07_2.mzML	121	0	146.091893513997	1	9390.3	0.0
99	input_spectra/7-C2R07_2.mzML	122	0	235.11840057373	1	9401.82	0.0
99	input_spectra/7-C2R07_2.mzML	123	0	235.11840057373	1	9413.28	0.0
99	input_spectra/7-C2R07_2.mzML	124	0	235.11840057373	1	9452.640000000001	0.0
99	input_spectra/7-C2R07_2.mzML	125	0	235.11840057373	1	9464.1	0.0
19	input_spectra/7-C2R07_2.mzML	126	0	129.065394083659	1	9475.619999999999	0.0
19	input_spectra/7-C2R07_2.mzML	127	0	129.065394083659	1	9487.08	0.0
19	input_spectra/7-C2R07_2.mzML	128	0	129.065394083659	1	9526.38	0.0
19	input_spectra/7-C2R07_2.mzML	129	0	129.065394083659	1	9537.84	0.0
51	input_spectra/7-C2R07_2.mzML	130	0	158.091870625814	1	9549.36	0.0
51	input_spectra/7-C2R07_2.mzML	131	0	158.091870625814	1	9560.82	0.0
51	input_spectra/7-C2R07_2.mzML	132	0	158.091870625814	1	9600.179999999998	0.0
51	input_spectra/7-C2R07_2.mzML	133	0	158.091870625814	1	9611.699999999999	0.0
19	input_spectra/7-C2R07_2.mzML	134	0	129.065394083659	1	9623.16	0.0
51	input_spectra/7-C2R07_2.mzML	135	0	158.091870625814	1	9673.98	0.0
51	input_spectra/7-C2R07_2.mzML	136	0	158.091870625814	1	9685.5	0.0
5	input_spectra/7-C2R07_2.mzML	137	0	118.085848490397	1	9724.859999999999	0.0
5	input_spectra/7-C2R07_2.mzML	138	0	118.085848490397	1	9736.32	0.0
5	input_spectra/7-C2R07_2.mzML	139	0	118.085848490397	1	9775.74	0.0
5	input_spectra/7-C2R07_2.mzML	140	0	118.085848490397	1	9787.2	0.0
5	input_spectra/7-C2R07_2.mzML	141	0	118.085848490397	1	9826.560000000001	0.0
5	input_spectra/7-C2R07_2.mzML	142	0	118.085848490397	1	9838.02	0.0
28	input_spectra/7-C2R07_2.mzML	143	0	132.101791381836	1	10481.4	0.0
28	input_spectra/7-C2R07_2.mzML	144	0	132.101791381836	1	10492.86	0.0
28	input_spectra/7-C2R07_2.mzML	145	0	132.101791381836	1	10532.220000000001	0.0
28	input_spectra/7-C2R07_2.mzML	146	0	132.101791381836	1	10543.68	0.0
28	input_spectra/7-C2R07_2.mzML	147	0	132.101791381836	1	10583.039999999999	0.0
28	input_spectra/7-C2R07_2.mzML	148	0	132.101791381836	1	10594.56	0.0
51	input_spectra/7-C2R07_2.mzML	149	0	158.091870625814	1	10694.04	0.0
51	input_spectra/7-C2R07_2.mzML	150	0	158.091870625814	1	10705.5	0.0
51	input_spectra/7-C2R07_2.mzML	151	0	158.091870625814	1	10744.859999999999	0.0
51	input_spectra/7-C2R07_2.mzML	152	0	158.091870625814	1	10756.32	0.0
51	input_spectra/7-C2R07_2.mzML	153	0	158.091870625814	1	10795.74	0.0
51	input_spectra/7-C2R07_2.mzML	154	0	158.091870625814	1	10807.2	0.0
5	input_spectra/7-C2R07_2.mzML	155	0	118.085848490397	1	10870.619999999999	0.0
5	input_spectra/7-C2R07_2.mzML	156	0	118.085848490397	1	10882.08	0.0
5	input_spectra/7-C2R07_2.mzML	157	0	118.085848490397	1	10921.44	0.0
5	input_spectra/7-C2R07_2.mzML	158	0	118.085848490397	1	10932.9	0.0
5	input_spectra/7-C2R07_2.mzML	159	0	118.085848490397	1	10972.320000000002	0.0
5	input_spectra/7-C2R07_2.mzML	160	0	118.085848490397	1	10983.779999999999	0.0
90	input_spectra/7-C2R07_2.mzML	161	0	226.154014587402	1	11468.039999999999	0.0
91	input_spectra/7-C2R07_2.mzML	162	0	226.154014587402	1	11479.56	0.0
90	input_spectra/7-C2R07_2.mzML	163	0	226.154014587402	1	11518.86	0.0
91	input_spectra/7-C2R07_2.mzML	164	0	226.154014587402	1	11530.380000000001	0.0
218	input_spectra/7-C2R07_2.mzML	165	0	526.260009765625	1	11541.900000000001	0.0
218	input_spectra/7-C2R07_2.mzML	166	0	526.260009765625	1	11553.42	0.0
29	input_spectra/7-C2R07_2.mzML	167	0	132.101791381836	1	11615.82	0.0
30	input_spectra/7-C2R07_2.mzML	168	0	132.101791381836	1	11627.28	0.0
218	input_spectra/7-C2R07_2.mzML	169	0	526.260009765625	1	11685.0	0.0
218	input_spectra/7-C2R07_2.mzML	170	0	526.260009765625	1	11696.460000000001	0.0
29	input_spectra/7-C2R07_2.mzML	171	0	132.101791381836	1	11735.880000000001	0.0
30	input_spectra/7-C2R07_2.mzML	172	0	132.101791381836	1	11747.34	0.0
116	input_spectra/7-C2R07_2.mzML	173	0	268.102996826172	1	11758.86	0.0
116	input_spectra/7-C2R07_2.mzML	174	0	268.102996826172	1	11770.32	0.0
270	input_spectra/7-C2R07_2.mzML	175	0	683.344421386719	1	11793.42	0.0
107	input_spectra/7-C2R07_2.mzML	176	0	254.160303751628	1	11804.94	0.0
108	input_spectra/7-C2R07_2.mzML	177	0	254.160303751628	1	11816.460000000001	0.0
29	input_spectra/7-C2R07_2.mzML	178	0	132.101791381836	1	11878.98	0.0
28	input_spectra/7-C2R07_2.mzML	179	0	132.101791381836	1	11890.44	0.0
107	input_spectra/7-C2R07_2.mzML	180	0	254.160303751628	1	11901.960000000001	0.0
108	input_spectra/7-C2R07_2.mzML	181	0	254.160303751628	1	11913.42	0.0
48	input_spectra/7-C2R07_2.mzML	182	0	155.081047058105	1	11924.88	0.0
48	input_spectra/7-C2R07_2.mzML	183	0	155.081047058105	1	11936.4	0.0
69	input_spectra/7-C2R07_2.mzML	184	0	185.091613769531	1	11947.86	0.0
69	input_spectra/7-C2R07_2.mzML	185	0	185.091613769531	1	11959.32	0.0
48	input_spectra/7-C2R07_2.mzML	186	0	155.081047058105	1	12021.72	0.0
48	input_spectra/7-C2R07_2.mzML	187	0	155.081047058105	1	12033.18	0.0
14	input_spectra/7-C2R07_2.mzML	188	0	121.064516703288	1	12044.64	0.0
14	input_spectra/7-C2R07_2.mzML	189	0	121.064516703288	1	12056.1	0.0
107	input_spectra/7-C2R07_2.mzML	190	0	254.160303751628	1	12067.62	0.0
108	input_spectra/7-C2R07_2.mzML	191	0	254.160303751628	1	12079.08	0.0
35	input_spectra/7-C2R07_2.mzML	192	0	138.090937296549	1	12090.599999999999	0.0
36	input_spectra/7-C2R07_2.mzML	193	0	138.090937296549	1	12102.06	0.0
96	input_spectra/7-C2R07_2.mzML	194	0	230.112884521484	1	12113.58	0.0
96	input_spectra/7-C2R07_2.mzML	195	0	230.112884521484	1	12125.04	0.0
48	input_spectra/7-C2R07_2.mzML	196	0	155.081047058105	1	12164.460000000001	0.0
48	input_spectra/7-C2R07_2.mzML	197	0	155.081047058105	1	12175.92	0.0
14	input_spectra/7-C2R07_2.mzML	198	0	121.064516703288	1	12187.38	0.0
14	input_spectra/7-C2R07_2.mzML	199	0	121.064516703288	1	12198.84	0.0
35	input_spectra/7-C2R07_2.mzML	200	0	138.090937296549	1	12210.36	0.0
36	input_spectra/7-C2R07_2.mzML	201	0	138.090937296549	1	12221.82	0.0
65	input_spectra/7-C2R07_2.mzML	202	0	182.080749511719	1	12233.28	0.0
66	input_spectra/7-C2R07_2.mzML	203	0	182.080749511719	1	12244.800000000001	0.0
14	input_spectra/7-C2R07_2.mzML	204	0	121.064516703288	1	12307.14	0.0
14	input_spectra/7-C2R07_2.mzML	205	0	121.064516703288	1	12318.6	0.0
65	input_spectra/7-C2R07_2.mzML	206	0	182.080749511719	1	12330.06	0.0
66	input_spectra/7-C2R07_2.mzML	207	0	182.080749511719	1	12341.58	0.0
35	input_spectra/7-C2R07_2.mzML	208	0	138.090937296549	1	12353.039999999999	0.0
36	input_spectra/7-C2R07_2.mzML	209	0	138.090937296549	1	12364.5	0.0
32	input_spectra/7-C2R07_2.mzML	210	0	136.075332641602	1	12375.96	0.0
32	input_spectra/7-C2R07_2.mzML	211	0	136.075332641602	1	12387.48	0.0
129	input_spectra/7-C2R07_2.mzML	212	0	302.170013427734	1	12398.94	0.0
129	input_spectra/7-C2R07_2.mzML	213	0	302.170013427734	1	12410.460000000001	0.0
65	input_spectra/7-C2R07_2.mzML	214	0	182.080749511719	1	12449.820000000002	0.0
66	input_spectra/7-C2R07_2.mzML	215	0	182.080749511719	1	12461.279999999999	0.0
32	input_spectra/7-C2R07_2.mzML	216	0	136.075332641602	1	12472.8	0.0
32	input_spectra/7-C2R07_2.mzML	217	0	136.075332641602	1	12484.26	0.0
55	input_spectra/7-C2R07_2.mzML	218	0	165.054122924805	1	12495.72	0.0
56	input_spectra/7-C2R07_2.mzML	219	0	165.054122924805	1	12507.18	0.0
129	input_spectra/7-C2R07_2.mzML	220	0	302.170013427734	1	12518.7	0.0
129	input_spectra/7-C2R07_2.mzML	221	0	302.170013427734	1	12530.22	0.0
6	input_spectra/7-C2R07_2.mzML	222	0	118.085848490397	1	12553.14	0.0
49	input_spectra/7-C2R07_2.mzML	223	0	155.084320068359	1	12592.56	0.0
49	input_spectra/7-C2R07_2.mzML	224	0	155.084320068359	1	12604.02	0.0
32	input_spectra/7-C2R07_2.mzML	225	0	136.075332641602	1	12615.480000000001	0.0
32	input_spectra/7-C2R07_2.mzML	226	0	136.075332641602	1	12627.0	0.0
55	input_spectra/7-C2R07_2.mzML	227	0	165.054122924805	1	12638.46	0.0
56	input_spectra/7-C2R07_2.mzML	228	0	165.054122924805	1	12649.92	0.0
100	input_spectra/7-C2R07_2.mzML	229	0	237.086110432943	1	12661.44	0.0
101	input_spectra/7-C2R07_2.mzML	230	0	237.086110432943	1	12672.9	0.0
100	input_spectra/7-C2R07_2.mzML	231	0	237.086110432943	1	12735.24	0.0
101	input_spectra/7-C2R07_2.mzML	232	0	237.086110432943	1	12746.76	0.0
55	input_spectra/7-C2R07_2.mzML	233	0	165.054122924805	1	12758.22	0.0
56	input_spectra/7-C2R07_2.mzML	234	0	165.054122924805	1	12769.68	0.0
6	input_spectra/7-C2R07_2.mzML	235	0	118.085848490397	1	12792.66	0.0
106	input_spectra/7-C2R07_2.mzML	236	0	245.148452758789	1	12804.119999999999	0.0
106	input_spectra/7-C2R07_2.mzML	237	0	245.148452758789	1	12815.64	0.0
100	input_spectra/7-C2R07_2.mzML	238	0	237.086110432943	1	12877.980000000001	0.0
101	input_spectra/7-C2R07_2.mzML	239	0	237.086110432943	1	12889.44	0.0
28	input_spectra/7-C2R07_2.mzML	240	0	132.101791381836	1	12900.96	0.0
28	input_spectra/7-C2R07_2.mzML	241	0	132.101791381836	1	12912.42	0.0
28	input_spectra/7-C2R07_2.mzML	242	0	132.101791381836	1	12951.78	0.0
28	input_spectra/7-C2R07_2.mzML	243	0	132.101791381836	1	12963.300000000001	0.0
28	input_spectra/7-C2R07_2.mzML	244	0	132.101791381836	1	13002.66	0.0
48	input_spectra/7-C2R07_2.mzML	245	0	155.081047058105	1	13113.6	0.0
48	input_spectra/7-C2R07_2.mzML	246	0	155.081047058105	1	13125.06	0.0
48	input_spectra/7-C2R07_2.mzML	247	0	155.081047058105	1	13164.42	0.0
48	input_spectra/7-C2R07_2.mzML	248	0	155.081047058105	1	13175.880000000001	0.0
53	input_spectra/7-C2R07_2.mzML	249	0	160.075241088867	1	13383.6	0.0
54	input_spectra/7-C2R07_2.mzML	250	0	160.075241088867	1	13395.12	0.0
53	input_spectra/7-C2R07_2.mzML	251	0	160.075241088867	1	13434.42	0.0
54	input_spectra/7-C2R07_2.mzML	252	0	160.075241088867	1	13445.880000000001	0.0
88	input_spectra/7-C2R07_2.mzML	253	0	221.091186523438	1	13457.4	0.0
88	input_spectra/7-C2R07_2.mzML	254	0	221.091186523438	1	13468.86	0.0
53	input_spectra/7-C2R07_2.mzML	255	0	160.075241088867	1	13508.22	0.0
54	input_spectra/7-C2R07_2.mzML	256	0	160.075241088867	1	13519.68	0.0
88	input_spectra/7-C2R07_2.mzML	257	0	221.091186523438	1	13531.14	0.0
88	input_spectra/7-C2R07_2.mzML	258	0	221.091186523438	1	13542.66	0.0
88	input_spectra/7-C2R07_2.mzML	259	0	221.091186523438	1	13593.539999999999	0.0
17	input_spectra/7-C2R07_2.mzML	260	0	127.049713134766	1	13753.14	0.0
18	input_spectra/7-C2R07_2.mzML	261	0	127.049713134766	1	13764.6	0.0
17	input_spectra/7-C2R07_2.mzML	262	0	127.049713134766	1	13803.9	0.0
17	input_spectra/7-C2R07_2.mzML	263	0	127.049713134766	1	13854.78	0.0
18	input_spectra/7-C2R07_2.mzML	264	0	127.049713134766	1	13866.240000000002	0.0
27	input_spectra/7-C2R07_2.mzML	265	0	131.929219563802	1	13917.66	0.0
27	input_spectra/7-C2R07_2.mzML	266	0	131.929219563802	1	13929.119999999999	0.0
27	input_spectra/7-C2R07_2.mzML	267	0	131.929219563802	1	14028.6	0.0
27	input_spectra/7-C2R07_2.mzML	268	0	131.929219563802	1	14040.06	0.0
27	input_spectra/7-C2R07_2.mzML	269	0	131.929219563802	1	14103.48	0.0
27	input_spectra/7-C2R07_2.mzML	270	0	131.929219563802	1	14115.0	0.0
48	input_spectra/7-C2R07_2.mzML	271	0	155.081047058105	1	14226.54	0.0
48	input_spectra/7-C2R07_2.mzML	272	0	155.081047058105	1	14238.0	0.0
48	input_spectra/7-C2R07_2.mzML	273	0	155.081047058105	1	14277.359999999999	0.0
48	input_spectra/7-C2R07_2.mzML	274	0	155.081047058105	1	14288.82	0.0
48	input_spectra/7-C2R07_2.mzML	275	0	155.081047058105	1	14328.24	0.0
48	input_spectra/7-C2R07_2.mzML	276	0	155.081047058105	1	14339.7	0.0
83	input_spectra/7-C2R07_2.mzML	277	0	211.107126871745	1	14811.960000000001	0.0
83	input_spectra/7-C2R07_2.mzML	278	0	211.107126871745	1	14823.42	0.0
83	input_spectra/7-C2R07_2.mzML	279	0	211.107126871745	1	14862.779999999999	0.0
83	input_spectra/7-C2R07_2.mzML	280	0	211.107126871745	1	14874.3	0.0
83	input_spectra/7-C2R07_2.mzML	281	0	211.107126871745	1	14913.66	0.0
83	input_spectra/7-C2R07_2.mzML	282	0	211.107126871745	1	14925.12	0.0
154	input_spectra/7-C2R07_2.mzML	283	0	359.191233317057	1	15089.16	0.0
154	input_spectra/7-C2R07_2.mzML	284	0	359.191233317057	1	15100.619999999999	0.0
154	input_spectra/7-C2R07_2.mzML	285	0	359.191233317057	1	15139.98	0.0
154	input_spectra/7-C2R07_2.mzML	286	0	359.191233317057	1	15151.5	0.0
154	input_spectra/7-C2R07_2.mzML	287	0	359.191233317057	1	15190.86	0.0
154	input_spectra/7-C2R07_2.mzML	288	0	359.191233317057	1	15202.38	0.0
50	input_spectra/7-C2R07_2.mzML	289	0	157.096532185872	1	15241.74	0.0
50	input_spectra/7-C2R07_2.mzML	290	0	157.096532185872	1	15253.2	0.0
50	input_spectra/7-C2R07_2.mzML	291	0	157.096532185872	1	15292.56	0.0
50	input_spectra/7-C2R07_2.mzML	292	0	157.096532185872	1	15304.02	0.0
50	input_spectra/7-C2R07_2.mzML	293	0	157.096532185872	1	15343.380000000001	0.0
50	input_spectra/7-C2R07_2.mzML	294	0	157.096532185872	1	15354.9	0.0
62	input_spectra/7-C2R07_2.mzML	295	0	169.096547444661	1	15478.439999999999	0.0
62	input_spectra/7-C2R07_2.mzML	296	0	169.096547444661	1	15489.900000000001	0.0
62	input_spectra/7-C2R07_2.mzML	297	0	169.096547444661	1	15529.260000000002	0.0
62	input_spectra/7-C2R07_2.mzML	298	0	169.096547444661	1	15540.72	0.0
62	input_spectra/7-C2R07_2.mzML	299	0	169.096547444661	1	15580.08	0.0
62	input_spectra/7-C2R07_2.mzML	300	0	169.096547444661	1	15591.6	0.0
74	input_spectra/7-C2R07_2.mzML	301	0	189.086297607422	1	15693.9	0.0
74	input_spectra/7-C2R07_2.mzML	302	0	189.086297607422	1	15705.359999999999	0.0
74	input_spectra/7-C2R07_2.mzML	303	0	189.086297607422	1	15768.779999999999	0.0
74	input_spectra/7-C2R07_2.mzML	304	0	189.086297607422	1	15780.240000000002	0.0
74	input_spectra/7-C2R07_2.mzML	305	0	189.086297607422	1	15819.66	0.0
74	input_spectra/7-C2R07_2.mzML	306	0	189.086297607422	1	15831.119999999999	0.0
154	input_spectra/7-C2R07_2.mzML	307	0	359.191233317057	1	16231.26	0.0
154	input_spectra/7-C2R07_2.mzML	308	0	359.191233317057	1	16242.72	0.0
154	input_spectra/7-C2R07_2.mzML	309	0	359.191233317057	1	16282.08	0.0
154	input_spectra/7-C2R07_2.mzML	310	0	359.191233317057	1	16293.6	0.0
154	input_spectra/7-C2R07_2.mzML	311	0	359.191233317057	1	16332.960000000001	0.0
154	input_spectra/7-C2R07_2.mzML	312	0	359.191233317057	1	16344.419999999998	0.0
58	input_spectra/7-C2R07_2.mzML	313	0	166.085941314697	1	16355.939999999999	0.0
59	input_spectra/7-C2R07_2.mzML	314	0	166.085941314697	1	16367.400000000001	0.0
58	input_spectra/7-C2R07_2.mzML	315	0	166.085941314697	1	16406.760000000002	0.0
59	input_spectra/7-C2R07_2.mzML	316	0	166.085941314697	1	16418.22	0.0
8	input_spectra/7-C2R07_2.mzML	317	0	120.080488840739	1	16429.68	0.0
11	input_spectra/7-C2R07_2.mzML	318	0	120.080488840739	1	16441.14	0.0
58	input_spectra/7-C2R07_2.mzML	319	0	166.085941314697	1	16480.559999999998	0.0
59	input_spectra/7-C2R07_2.mzML	320	0	166.085941314697	1	16492.02	0.0
8	input_spectra/7-C2R07_2.mzML	321	0	120.080488840739	1	16503.48	0.0
11	input_spectra/7-C2R07_2.mzML	322	0	120.080488840739	1	16514.940000000002	0.0
8	input_spectra/7-C2R07_2.mzML	323	0	120.080488840739	1	16554.3	0.0
11	input_spectra/7-C2R07_2.mzML	324	0	120.080488840739	1	16565.82	0.0
163	input_spectra/7-C2R07_2.mzML	325	0	392.180206298828	1	16577.34	0.0
163	input_spectra/7-C2R07_2.mzML	326	0	392.180206298828	1	16588.800000000003	0.0
92	input_spectra/7-C2R07_2.mzML	327	0	227.101913452148	1	16600.32	0.0
92	input_spectra/7-C2R07_2.mzML	328	0	227.101913452148	1	16611.78	0.0
25	input_spectra/7-C2R07_2.mzML	329	0	131.048690795898	1	16623.3	0.0
26	input_spectra/7-C2R07_2.mzML	330	0	131.048690795898	1	16634.76	0.0
60	input_spectra/7-C2R07_2.mzML	331	0	166.091552734375	1	16674.12	0.0
61	input_spectra/7-C2R07_2.mzML	332	0	166.091552734375	1	16685.58	0.0
92	input_spectra/7-C2R07_2.mzML	333	0	227.101913452148	1	16697.100000000002	0.0
92	input_spectra/7-C2R07_2.mzML	334	0	227.101913452148	1	16708.56	0.0
25	input_spectra/7-C2R07_2.mzML	335	0	131.048690795898	1	16720.08	0.0
26	input_spectra/7-C2R07_2.mzML	336	0	131.048690795898	1	16731.539999999997	0.0
43	input_spectra/7-C2R07_2.mzML	337	0	149.059305826823	1	16743.0	0.0
44	input_spectra/7-C2R07_2.mzML	338	0	149.059305826823	1	16754.46	0.0
7	input_spectra/7-C2R07_2.mzML	339	0	120.0852394104	1	16793.82	0.0
10	input_spectra/7-C2R07_2.mzML	340	0	120.0852394104	1	16805.34	0.0
163	input_spectra/7-C2R07_2.mzML	341	0	392.180206298828	1	16816.86	0.0
163	input_spectra/7-C2R07_2.mzML	342	0	392.180206298828	1	16828.32	0.0
25	input_spectra/7-C2R07_2.mzML	343	0	131.048690795898	1	16839.84	0.0
26	input_spectra/7-C2R07_2.mzML	344	0	131.048690795898	1	16851.300000000003	0.0
92	input_spectra/7-C2R07_2.mzML	345	0	227.101913452148	1	16862.82	0.0
92	input_spectra/7-C2R07_2.mzML	346	0	227.101913452148	1	16874.28	0.0
43	input_spectra/7-C2R07_2.mzML	347	0	149.059305826823	1	16885.739999999998	0.0
44	input_spectra/7-C2R07_2.mzML	348	0	149.059305826823	1	16897.26	0.0
163	input_spectra/7-C2R07_2.mzML	349	0	392.180206298828	1	16936.62	0.0
163	input_spectra/7-C2R07_2.mzML	350	0	392.180206298828	1	16948.14	0.0
43	input_spectra/7-C2R07_2.mzML	351	0	149.059305826823	1	16959.600000000002	0.0
44	input_spectra/7-C2R07_2.mzML	352	0	149.059305826823	1	16971.06	0.0
1	input_spectra/7-C2R07_2.mzML	353	0	103.053997039795	1	16982.58	0.0
2	input_spectra/7-C2R07_2.mzML	354	0	103.053997039795	1	16994.039999999997	0.0
74	input_spectra/7-C2R07_2.mzML	355	0	189.086297607422	1	17005.5	0.0
74	input_spectra/7-C2R07_2.mzML	356	0	189.086297607422	1	17017.02	0.0
7	input_spectra/7-C2R07_2.mzML	357	0	120.0852394104	1	17056.38	0.0
10	input_spectra/7-C2R07_2.mzML	358	0	120.0852394104	1	17067.84	0.0
1	input_spectra/7-C2R07_2.mzML	359	0	103.053997039795	1	17079.3	0.0
2	input_spectra/7-C2R07_2.mzML	360	0	103.053997039795	1	17090.760000000002	0.0
74	input_spectra/7-C2R07_2.mzML	361	0	189.086297607422	1	17102.28	0.0
74	input_spectra/7-C2R07_2.mzML	362	0	189.086297607422	1	17113.739999999998	0.0
9	input_spectra/7-C2R07_2.mzML	363	0	120.083541870117	1	17153.1	0.0
12	input_spectra/7-C2R07_2.mzML	364	0	120.083541870117	1	17164.56	0.0
60	input_spectra/7-C2R07_2.mzML	365	0	166.091552734375	1	17203.98	0.0
61	input_spectra/7-C2R07_2.mzML	366	0	166.091552734375	1	17215.44	0.0
58	input_spectra/7-C2R07_2.mzML	367	0	166.085941314697	1	17495.280000000002	0.0
59	input_spectra/7-C2R07_2.mzML	368	0	166.085941314697	1	17506.8	0.0
58	input_spectra/7-C2R07_2.mzML	369	0	166.085941314697	1	17546.16	0.0
59	input_spectra/7-C2R07_2.mzML	370	0	166.085941314697	1	17557.62	0.0
58	input_spectra/7-C2R07_2.mzML	371	0	166.085941314697	1	17596.98	0.0
59	input_spectra/7-C2R07_2.mzML	372	0	166.085941314697	1	17608.5	0.0
8	input_spectra/7-C2R07_2.mzML	373	0	120.080488840739	1	17619.96	0.0
11	input_spectra/7-C2R07_2.mzML	374	0	120.080488840739	1	17631.420000000002	0.0
8	input_spectra/7-C2R07_2.mzML	375	0	120.080488840739	1	17670.78	0.0
11	input_spectra/7-C2R07_2.mzML	376	0	120.080488840739	1	17682.24	0.0
37	input_spectra/7-C2R07_2.mzML	377	0	141.958077324761	1	17693.760000000002	0.0
37	input_spectra/7-C2R07_2.mzML	378	0	141.958077324761	1	17705.22	0.0
8	input_spectra/7-C2R07_2.mzML	379	0	120.080488840739	1	17744.52	0.0
11	input_spectra/7-C2R07_2.mzML	380	0	120.080488840739	1	17755.98	0.0
37	input_spectra/7-C2R07_2.mzML	381	0	141.958077324761	1	17939.7	0.0
37	input_spectra/7-C2R07_2.mzML	382	0	141.958077324761	1	17951.16	0.0
37	input_spectra/7-C2R07_2.mzML	383	0	141.958077324761	1	17990.52	0.0
37	input_spectra/7-C2R07_2.mzML	384	0	141.958077324761	1	18002.04	0.0
58	input_spectra/7-C2R07_2.mzML	385	0	166.085941314697	1	18642.6	0.0
59	input_spectra/7-C2R07_2.mzML	386	0	166.085941314697	1	18654.06	0.0
58	input_spectra/7-C2R07_2.mzML	387	0	166.085941314697	1	18693.420000000002	0.0
59	input_spectra/7-C2R07_2.mzML	388	0	166.085941314697	1	18704.940000000002	0.0
58	input_spectra/7-C2R07_2.mzML	389	0	166.085941314697	1	18744.3	0.0
59	input_spectra/7-C2R07_2.mzML	390	0	166.085941314697	1	18755.760000000002	0.0
8	input_spectra/7-C2R07_2.mzML	391	0	120.080488840739	1	18795.12	0.0
11	input_spectra/7-C2R07_2.mzML	392	0	120.080488840739	1	18806.579999999998	0.0
8	input_spectra/7-C2R07_2.mzML	393	0	120.080488840739	1	18845.94	0.0
11	input_spectra/7-C2R07_2.mzML	394	0	120.080488840739	1	18857.4	0.0
8	input_spectra/7-C2R07_2.mzML	395	0	120.080488840739	1	18896.760000000002	0.0
11	input_spectra/7-C2R07_2.mzML	396	0	120.080488840739	1	18908.28	0.0
37	input_spectra/7-C2R07_2.mzML	397	0	141.958077324761	1	19512.780000000002	0.0
37	input_spectra/7-C2R07_2.mzML	398	0	141.958077324761	1	19524.239999999998	0.0
37	input_spectra/7-C2R07_2.mzML	399	0	141.958077324761	1	19587.72	0.0
37	input_spectra/7-C2R07_2.mzML	400	0	141.958077324761	1	19599.18	0.0
37	input_spectra/7-C2R07_2.mzML	401	0	141.958077324761	1	19650.6	0.0
37	input_spectra/7-C2R07_2.mzML	402	0	141.958077324761	1	19662.06	0.0
58	input_spectra/7-C2R07_2.mzML	403	0	166.085941314697	1	19809.66	0.0
59	input_spectra/7-C2R07_2.mzML	404	0	166.085941314697	1	19821.18	0.0
58	input_spectra/7-C2R07_2.mzML	405	0	166.085941314697	1	19860.54	0.0
59	input_spectra/7-C2R07_2.mzML	406	0	166.085941314697	1	19872.0	0.0
58	input_spectra/7-C2R07_2.mzML	407	0	166.085941314697	1	19911.420000000002	0.0
59	input_spectra/7-C2R07_2.mzML	408	0	166.085941314697	1	19922.88	0.0
8	input_spectra/7-C2R07_2.mzML	409	0	120.080488840739	1	19998.36	0.0
13	input_spectra/7-C2R07_2.mzML	410	0	120.080488840739	1	20009.82	0.0
8	input_spectra/7-C2R07_2.mzML	411	0	120.080488840739	1	20049.18	0.0
13	input_spectra/7-C2R07_2.mzML	412	0	120.080488840739	1	20060.64	0.0
8	input_spectra/7-C2R07_2.mzML	413	0	120.080488840739	1	20100.059999999998	0.0
13	input_spectra/7-C2R07_2.mzML	414	0	120.080488840739	1	20111.52	0.0
212	input_spectra/7-C2R07_2.mzML	415	0	499.212860107422	1	21112.859999999997	0.0
212	input_spectra/7-C2R07_2.mzML	416	0	499.212860107422	1	21124.379999999997	0.0
212	input_spectra/7-C2R07_2.mzML	417	0	499.212860107422	1	21163.739999999998	0.0
212	input_spectra/7-C2R07_2.mzML	418	0	499.212860107422	1	21175.26	0.0
212	input_spectra/7-C2R07_2.mzML	419	0	499.212860107422	1	21214.62	0.0
212	input_spectra/7-C2R07_2.mzML	420	0	499.212860107422	1	21226.14	0.0
37	input_spectra/7-C2R07_2.mzML	421	0	141.958077324761	1	21237.66	0.0
37	input_spectra/7-C2R07_2.mzML	422	0	141.958077324761	1	21249.12	0.0
37	input_spectra/7-C2R07_2.mzML	423	0	141.958077324761	1	21360.6	0.0
37	input_spectra/7-C2R07_2.mzML	424	0	141.958077324761	1	21372.06	0.0
37	input_spectra/7-C2R07_2.mzML	425	0	141.958077324761	1	21423.420000000002	0.0
37	input_spectra/7-C2R07_2.mzML	426	0	141.958077324761	1	21434.940000000002	0.0
212	input_spectra/7-C2R07_2.mzML	427	0	499.212860107422	1	22263.120000000003	0.0
212	input_spectra/7-C2R07_2.mzML	428	0	499.212860107422	1	22274.640000000003	0.0
212	input_spectra/7-C2R07_2.mzML	429	0	499.212860107422	1	22313.94	0.0
212	input_spectra/7-C2R07_2.mzML	430	0	499.212860107422	1	22325.46	0.0
212	input_spectra/7-C2R07_2.mzML	431	0	499.212860107422	1	22364.82	0.0
212	input_spectra/7-C2R07_2.mzML	432	0	499.212860107422	1	22376.34	0.0
77	input_spectra/7-C2R07_2.mzML	433	0	195.112294514974	1	23185.5	0.0
77	input_spectra/7-C2R07_2.mzML	434	0	195.112294514974	1	23196.96	0.0
77	input_spectra/7-C2R07_2.mzML	435	0	195.112294514974	1	23236.32	0.0
77	input_spectra/7-C2R07_2.mzML	436	0	195.112294514974	1	23247.780000000002	0.0
147	input_spectra/7-C2R07_2.mzML	437	0	336.154530843099	1	23287.140000000003	0.0
147	input_spectra/7-C2R07_2.mzML	438	0	336.154530843099	1	23298.66	0.0
77	input_spectra/7-C2R07_2.mzML	439	0	195.112294514974	1	23310.12	0.0
77	input_spectra/7-C2R07_2.mzML	440	0	195.112294514974	1	23321.579999999998	0.0
147	input_spectra/7-C2R07_2.mzML	441	0	336.154530843099	1	23360.94	0.0
147	input_spectra/7-C2R07_2.mzML	442	0	336.154530843099	1	23372.46	0.0
122	input_spectra/7-C2R07_2.mzML	443	0	286.17529296875	1	23383.920000000002	0.0
122	input_spectra/7-C2R07_2.mzML	444	0	286.17529296875	1	23395.44	0.0
147	input_spectra/7-C2R07_2.mzML	445	0	336.154530843099	1	23434.8	0.0
147	input_spectra/7-C2R07_2.mzML	446	0	336.154530843099	1	23446.32	0.0
122	input_spectra/7-C2R07_2.mzML	447	0	286.17529296875	1	23485.68	0.0
122	input_spectra/7-C2R07_2.mzML	448	0	286.17529296875	1	23497.2	0.0
122	input_spectra/7-C2R07_2.mzML	449	0	286.17529296875	1	23536.56	0.0
122	input_spectra/7-C2R07_2.mzML	450	0	286.17529296875	1	23548.02	0.0
278	input_spectra/7-C2R07_2.mzML	451	0	736.359680175781	1	23779.32	0.0
278	input_spectra/7-C2R07_2.mzML	452	0	736.359680175781	1	23841.72	0.0
278	input_spectra/7-C2R07_2.mzML	453	0	736.359680175781	1	23853.239999999998	0.0
278	input_spectra/7-C2R07_2.mzML	454	0	736.359680175781	1	23904.18	0.0
299	input_spectra/7-C2R07_2.mzML	455	0	922.422973632813	1	23967.12	0.0
300	input_spectra/7-C2R07_2.mzML	456	0	922.422973632813	1	24018.54	0.0
299	input_spectra/7-C2R07_2.mzML	457	0	922.422973632813	1	24030.059999999998	0.0
300	input_spectra/7-C2R07_2.mzML	458	0	922.422973632813	1	24069.42	0.0
299	input_spectra/7-C2R07_2.mzML	459	0	922.422973632813	1	24081.0	0.0
297	input_spectra/7-C2R07_2.mzML	460	0	906.428080240885	1	24092.58	0.0
298	input_spectra/7-C2R07_2.mzML	461	0	906.428080240885	1	24104.100000000002	0.0
297	input_spectra/7-C2R07_2.mzML	462	0	906.428080240885	1	24143.460000000003	0.0
298	input_spectra/7-C2R07_2.mzML	463	0	906.428080240885	1	24154.980000000003	0.0
257	input_spectra/7-C2R07_2.mzML	464	0	618.323059082031	1	24166.56	0.0
258	input_spectra/7-C2R07_2.mzML	465	0	618.323059082031	1	24178.08	0.0
235	input_spectra/7-C2R07_2.mzML	466	0	561.760681152344	1	24189.600000000002	0.0
235	input_spectra/7-C2R07_2.mzML	467	0	561.760681152344	1	24201.12	0.0
297	input_spectra/7-C2R07_2.mzML	468	0	906.428080240885	1	24240.66	0.0
298	input_spectra/7-C2R07_2.mzML	469	0	906.428080240885	1	24252.18	0.0
257	input_spectra/7-C2R07_2.mzML	470	0	618.323059082031	1	24263.760000000002	0.0
258	input_spectra/7-C2R07_2.mzML	471	0	618.323059082031	1	24275.280000000002	0.0
268	input_spectra/7-C2R07_2.mzML	472	0	667.322937011719	1	24286.8	0.0
268	input_spectra/7-C2R07_2.mzML	473	0	667.322937011719	1	24298.32	0.0
288	input_spectra/7-C2R07_2.mzML	474	0	811.392547607422	1	24321.420000000002	0.0
189	input_spectra/7-C2R07_2.mzML	475	0	453.718322753906	1	24332.94	0.0
189	input_spectra/7-C2R07_2.mzML	476	0	453.718322753906	1	24344.46	0.0
284	input_spectra/7-C2R07_2.mzML	477	0	783.433837890625	1	24383.82	0.0
285	input_spectra/7-C2R07_2.mzML	478	0	783.433837890625	1	24395.34	0.0
288	input_spectra/7-C2R07_2.mzML	479	0	811.392547607422	1	24418.44	0.0
311	input_spectra/7-C2R07_2.mzML	480	0	1105.571411132813	1	24430.019999999997	0.0
312	input_spectra/7-C2R07_2.mzML	481	0	1105.571411132813	1	24441.600000000002	0.0
303	input_spectra/7-C2R07_2.mzML	482	0	938.418762207031	1	24453.18	0.0
304	input_spectra/7-C2R07_2.mzML	483	0	938.418762207031	1	24464.7	0.0
313	input_spectra/7-C2R07_2.mzML	484	0	1106.5576171875	1	24527.16	0.0
314	input_spectra/7-C2R07_2.mzML	485	0	1106.5576171875	1	24538.739999999998	0.0
257	input_spectra/7-C2R07_2.mzML	486	0	618.323059082031	1	24550.26	0.0
258	input_spectra/7-C2R07_2.mzML	487	0	618.323059082031	1	24561.78	0.0
291	input_spectra/7-C2R07_2.mzML	488	0	853.450103759766	1	24584.940000000002	0.0
303	input_spectra/7-C2R07_2.mzML	489	0	938.418762207031	1	24596.46	0.0
304	input_spectra/7-C2R07_2.mzML	490	0	938.418762207031	1	24608.04	0.0
246	input_spectra/7-C2R07_2.mzML	491	0	602.276397705078	1	24619.56	0.0
246	input_spectra/7-C2R07_2.mzML	492	0	602.276397705078	1	24631.079999999998	0.0
254	input_spectra/7-C2R07_2.mzML	493	0	615.307769775391	1	24670.5	0.0
255	input_spectra/7-C2R07_2.mzML	494	0	615.307769775391	1	24682.02	0.0
307	input_spectra/7-C2R07_2.mzML	495	0	997.455261230469	1	24705.12	0.0
246	input_spectra/7-C2R07_2.mzML	496	0	602.276397705078	1	24716.7	0.0
246	input_spectra/7-C2R07_2.mzML	497	0	602.276397705078	1	24728.22	0.0
292	input_spectra/7-C2R07_2.mzML	498	0	853.450103759766	1	24751.32	0.0
134	input_spectra/7-C2R07_2.mzML	499	0	318.129089355469	1	24762.899999999998	0.0
134	input_spectra/7-C2R07_2.mzML	500	0	318.129089355469	1	24774.36	0.0
205	input_spectra/7-C2R07_2.mzML	501	0	488.234578450521	1	24813.78	0.0
205	input_spectra/7-C2R07_2.mzML	502	0	488.234578450521	1	24825.24	0.0
174	input_spectra/7-C2R07_2.mzML	503	0	430.228698730469	1	24836.760000000002	0.0
174	input_spectra/7-C2R07_2.mzML	504	0	430.228698730469	1	24848.28	0.0
134	input_spectra/7-C2R07_2.mzML	505	0	318.129089355469	1	24859.8	0.0
134	input_spectra/7-C2R07_2.mzML	506	0	318.129089355469	1	24871.260000000002	0.0
255	input_spectra/7-C2R07_2.mzML	507	0	615.307769775391	1	24894.36	0.0
164	input_spectra/7-C2R07_2.mzML	508	0	393.176605224609	1	24905.88	0.0
164	input_spectra/7-C2R07_2.mzML	509	0	393.176605224609	1	24917.34	0.0
205	input_spectra/7-C2R07_2.mzML	510	0	488.234578450521	1	24956.760000000002	0.0
205	input_spectra/7-C2R07_2.mzML	511	0	488.234578450521	1	24968.22	0.0
242	input_spectra/7-C2R07_2.mzML	512	0	584.302520751953	1	24979.74	0.0
243	input_spectra/7-C2R07_2.mzML	513	0	584.302520751953	1	24991.260000000002	0.0
295	input_spectra/7-C2R07_2.mzML	514	0	895.395721435547	1	25002.84	0.0
296	input_spectra/7-C2R07_2.mzML	515	0	895.395721435547	1	25014.42	0.0
242	input_spectra/7-C2R07_2.mzML	516	0	584.302520751953	1	25076.879999999997	0.0
243	input_spectra/7-C2R07_2.mzML	517	0	584.302520751953	1	25088.399999999998	0.0
295	input_spectra/7-C2R07_2.mzML	518	0	895.395721435547	1	25099.980000000003	0.0
296	input_spectra/7-C2R07_2.mzML	519	0	895.395721435547	1	25111.5	0.0
315	input_spectra/7-C2R07_2.mzML	520	0	1149.550048828125	1	25134.66	0.0
205	input_spectra/7-C2R07_2.mzML	521	0	488.234578450521	1	25146.239999999998	0.0
205	input_spectra/7-C2R07_2.mzML	522	0	488.234578450521	1	25157.76	0.0
263	input_spectra/7-C2R07_2.mzML	523	0	655.339050292969	1	25231.8	0.0
315	input_spectra/7-C2R07_2.mzML	524	0	1149.550048828125	1	25254.96	0.0
264	input_spectra/7-C2R07_2.mzML	525	0	655.339050292969	1	25363.44	0.0
263	input_spectra/7-C2R07_2.mzML	526	0	655.339050292969	1	25374.96	0.0
310	input_spectra/7-C2R07_2.mzML	527	0	1064.533325195313	1	25398.120000000003	0.0
233	input_spectra/7-C2R07_2.mzML	528	0	557.291442871094	1	25409.640000000003	0.0
233	input_spectra/7-C2R07_2.mzML	529	0	557.291442871094	1	25421.16	0.0
318	input_spectra/7-C2R07_2.mzML	530	0	1150.53759765625	1	25432.8	0.0
319	input_spectra/7-C2R07_2.mzML	531	0	1150.53759765625	1	25444.379999999997	0.0
231	input_spectra/7-C2R07_2.mzML	532	0	544.770324707031	1	25455.960000000003	0.0
231	input_spectra/7-C2R07_2.mzML	533	0	544.770324707031	1	25467.42	0.0
308	input_spectra/7-C2R07_2.mzML	534	0	1007.512115478516	1	25506.84	0.0
309	input_spectra/7-C2R07_2.mzML	535	0	1007.512115478516	1	25518.36	0.0
264	input_spectra/7-C2R07_2.mzML	536	0	655.339050292969	1	25529.940000000002	0.0
263	input_spectra/7-C2R07_2.mzML	537	0	655.339050292969	1	25541.46	0.0
233	input_spectra/7-C2R07_2.mzML	538	0	557.291442871094	1	25576.199999999997	0.0
233	input_spectra/7-C2R07_2.mzML	539	0	557.291442871094	1	25587.72	0.0
217	input_spectra/7-C2R07_2.mzML	540	0	522.21826171875	1	25650.24	0.0
217	input_spectra/7-C2R07_2.mzML	541	0	522.21826171875	1	25661.760000000002	0.0
248	input_spectra/7-C2R07_2.mzML	542	0	612.332824707031	1	25719.54	0.0
249	input_spectra/7-C2R07_2.mzML	543	0	612.332824707031	1	25731.06	0.0
248	input_spectra/7-C2R07_2.mzML	544	0	612.332824707031	1	25793.579999999998	0.0
249	input_spectra/7-C2R07_2.mzML	545	0	612.332824707031	1	25805.1	0.0
148	input_spectra/7-C2R07_2.mzML	546	0	344.226928710938	1	25885.86	0.0
148	input_spectra/7-C2R07_2.mzML	547	0	344.226928710938	1	25897.38	0.0
148	input_spectra/7-C2R07_2.mzML	548	0	344.226928710938	1	25936.739999999998	0.0
148	input_spectra/7-C2R07_2.mzML	549	0	344.226928710938	1	25948.260000000002	0.0
244	input_spectra/7-C2R07_2.mzML	550	0	586.31787109375	1	25959.78	0.0
244	input_spectra/7-C2R07_2.mzML	551	0	586.31787109375	1	25971.300000000003	0.0
276	input_spectra/7-C2R07_2.mzML	552	0	705.319458007813	1	25982.82	0.0
277	input_spectra/7-C2R07_2.mzML	553	0	705.319458007813	1	25994.34	0.0
271	input_spectra/7-C2R07_2.mzML	554	0	683.369689941406	1	26040.48	0.0
276	input_spectra/7-C2R07_2.mzML	555	0	705.319458007813	1	26079.84	0.0
277	input_spectra/7-C2R07_2.mzML	556	0	705.319458007813	1	26091.36	0.0
148	input_spectra/7-C2R07_2.mzML	557	0	344.226928710938	1	26102.88	0.0
72	input_spectra/7-C2R07_2.mzML	558	0	188.070175170898	1	26125.920000000002	0.0
73	input_spectra/7-C2R07_2.mzML	559	0	188.070175170898	1	26137.38	0.0
82	input_spectra/7-C2R07_2.mzML	560	0	205.096740722656	1	26148.84	0.0
82	input_spectra/7-C2R07_2.mzML	561	0	205.096740722656	1	26160.359999999997	0.0
250	input_spectra/7-C2R07_2.mzML	562	0	612.332824707031	1	26171.879999999997	0.0
250	input_spectra/7-C2R07_2.mzML	563	0	612.332824707031	1	26183.399999999998	0.0
162	input_spectra/7-C2R07_2.mzML	564	0	388.253590901693	1	26222.82	0.0
162	input_spectra/7-C2R07_2.mzML	565	0	388.253590901693	1	26234.28	0.0
293	input_spectra/7-C2R07_2.mzML	566	0	871.449157714844	1	26257.440000000002	0.0
162	input_spectra/7-C2R07_2.mzML	567	0	388.253590901693	1	26366.1	0.0
162	input_spectra/7-C2R07_2.mzML	568	0	388.253590901693	1	26377.559999999998	0.0
158	input_spectra/7-C2R07_2.mzML	569	0	371.227081298828	1	26412.06	0.0
158	input_spectra/7-C2R07_2.mzML	570	0	371.227081298828	1	26423.579999999998	0.0
305	input_spectra/7-C2R07_2.mzML	571	0	947.445373535156	1	26435.16	0.0
306	input_spectra/7-C2R07_2.mzML	572	0	947.445373535156	1	26446.739999999998	0.0
280	input_spectra/7-C2R07_2.mzML	573	0	743.391418457031	1	26509.2	0.0
281	input_spectra/7-C2R07_2.mzML	574	0	743.391418457031	1	26520.72	0.0
252	input_spectra/7-C2R07_2.mzML	575	0	614.34912109375	1	26532.24	0.0
252	input_spectra/7-C2R07_2.mzML	576	0	614.34912109375	1	26543.760000000002	0.0
177	input_spectra/7-C2R07_2.mzML	577	0	432.27983601888	1	26601.539999999997	0.0
177	input_spectra/7-C2R07_2.mzML	578	0	432.27983601888	1	26613.0	0.0
177	input_spectra/7-C2R07_2.mzML	579	0	432.27983601888	1	26652.42	0.0
177	input_spectra/7-C2R07_2.mzML	580	0	432.27983601888	1	26663.88	0.0
280	input_spectra/7-C2R07_2.mzML	581	0	743.391418457031	1	26698.44	0.0
281	input_spectra/7-C2R07_2.mzML	582	0	743.391418457031	1	26710.019999999997	0.0
203	input_spectra/7-C2R07_2.mzML	583	0	483.289916992188	1	26744.52	0.0
203	input_spectra/7-C2R07_2.mzML	584	0	483.289916992188	1	26756.04	0.0
198	input_spectra/7-C2R07_2.mzML	585	0	476.307006835938	1	26795.46	0.0
198	input_spectra/7-C2R07_2.mzML	586	0	476.307006835938	1	26806.92	0.0
177	input_spectra/7-C2R07_2.mzML	587	0	432.27983601888	1	26818.44	0.0
177	input_spectra/7-C2R07_2.mzML	588	0	432.27983601888	1	26829.96	0.0
322	input_spectra/7-C2R07_2.mzML	589	0	1216.546020507813	1	26841.600000000002	0.0
323	input_spectra/7-C2R07_2.mzML	590	0	1216.546020507813	1	26853.120000000003	0.0
39	input_spectra/7-C2R07_2.mzML	591	0	146.059852600098	1	26876.22	0.0
198	input_spectra/7-C2R07_2.mzML	592	0	476.307006835938	1	26938.62	0.0
198	input_spectra/7-C2R07_2.mzML	593	0	476.307006835938	1	26950.14	0.0
93	input_spectra/7-C2R07_2.mzML	594	0	227.138905843099	1	26961.600000000002	0.0
93	input_spectra/7-C2R07_2.mzML	595	0	227.138905843099	1	26973.120000000003	0.0
222	input_spectra/7-C2R07_2.mzML	596	0	527.315795898438	1	27030.66	0.0
222	input_spectra/7-C2R07_2.mzML	597	0	527.315795898438	1	27042.18	0.0
216	input_spectra/7-C2R07_2.mzML	598	0	520.332499186198	1	27081.600000000002	0.0
216	input_spectra/7-C2R07_2.mzML	599	0	520.332499186198	1	27093.120000000003	0.0
198	input_spectra/7-C2R07_2.mzML	600	0	476.307006835938	1	27104.640000000003	0.0
198	input_spectra/7-C2R07_2.mzML	601	0	476.307006835938	1	27116.1	0.0
93	input_spectra/7-C2R07_2.mzML	602	0	227.138905843099	1	27127.62	0.0
93	input_spectra/7-C2R07_2.mzML	603	0	227.138905843099	1	27139.14	0.0
320	input_spectra/7-C2R07_2.mzML	604	0	1200.548461914063	1	27150.72	0.0
321	input_spectra/7-C2R07_2.mzML	605	0	1200.548461914063	1	27162.3	0.0
216	input_spectra/7-C2R07_2.mzML	606	0	520.332499186198	1	27224.82	0.0
216	input_spectra/7-C2R07_2.mzML	607	0	520.332499186198	1	27236.34	0.0
236	input_spectra/7-C2R07_2.mzML	608	0	564.358581542969	1	27247.859999999997	0.0
236	input_spectra/7-C2R07_2.mzML	609	0	564.358581542969	1	27259.379999999997	0.0
93	input_spectra/7-C2R07_2.mzML	610	0	227.138905843099	1	27270.899999999998	0.0
93	input_spectra/7-C2R07_2.mzML	611	0	227.138905843099	1	27282.36	0.0
236	input_spectra/7-C2R07_2.mzML	612	0	564.358581542969	1	27367.8	0.0
236	input_spectra/7-C2R07_2.mzML	613	0	564.358581542969	1	27379.32	0.0
237	input_spectra/7-C2R07_2.mzML	614	0	569.313720703125	1	27402.36	0.0
247	input_spectra/7-C2R07_2.mzML	615	0	608.38427734375	1	27413.88	0.0
247	input_spectra/7-C2R07_2.mzML	616	0	608.38427734375	1	27425.399999999998	0.0
111	input_spectra/7-C2R07_2.mzML	617	0	261.122904459635	1	27436.92	0.0
111	input_spectra/7-C2R07_2.mzML	618	0	261.122904459635	1	27448.38	0.0
216	input_spectra/7-C2R07_2.mzML	619	0	520.332499186198	1	27459.9	0.0
247	input_spectra/7-C2R07_2.mzML	620	0	608.38427734375	1	27510.84	0.0
247	input_spectra/7-C2R07_2.mzML	621	0	608.38427734375	1	27522.36	0.0
111	input_spectra/7-C2R07_2.mzML	622	0	261.122904459635	1	27533.88	0.0
111	input_spectra/7-C2R07_2.mzML	623	0	261.122904459635	1	27545.34	0.0
236	input_spectra/7-C2R07_2.mzML	624	0	564.358581542969	1	27556.86	0.0
236	input_spectra/7-C2R07_2.mzML	625	0	564.358581542969	1	27568.38	0.0
4	input_spectra/7-C2R07_2.mzML	626	0	117.072798956008	1	27602.94	0.0
4	input_spectra/7-C2R07_2.mzML	627	0	117.072798956008	1	27614.46	0.0
262	input_spectra/7-C2R07_2.mzML	628	0	652.410278320313	1	27653.82	0.0
262	input_spectra/7-C2R07_2.mzML	629	0	652.410278320313	1	27665.34	0.0
247	input_spectra/7-C2R07_2.mzML	630	0	608.38427734375	1	27676.86	0.0
247	input_spectra/7-C2R07_2.mzML	631	0	608.38427734375	1	27688.38	0.0
4	input_spectra/7-C2R07_2.mzML	632	0	117.072798956008	1	27699.9	0.0
4	input_spectra/7-C2R07_2.mzML	633	0	117.072798956008	1	27711.36	0.0
272	input_spectra/7-C2R07_2.mzML	634	0	696.43544514974	1	27745.98	0.0
272	input_spectra/7-C2R07_2.mzML	635	0	696.43544514974	1	27757.5	0.0
272	input_spectra/7-C2R07_2.mzML	636	0	696.43544514974	1	27796.86	0.0
272	input_spectra/7-C2R07_2.mzML	637	0	696.43544514974	1	27808.44	0.0
262	input_spectra/7-C2R07_2.mzML	638	0	652.410278320313	1	27819.96	0.0
262	input_spectra/7-C2R07_2.mzML	639	0	652.410278320313	1	27831.48	0.0
4	input_spectra/7-C2R07_2.mzML	640	0	117.072798956008	1	27843.0	0.0
4	input_spectra/7-C2R07_2.mzML	641	0	117.072798956008	1	27854.46	0.0
279	input_spectra/7-C2R07_2.mzML	642	0	740.461995442708	1	27889.02	0.0
279	input_spectra/7-C2R07_2.mzML	643	0	740.461995442708	1	27900.54	0.0
279	input_spectra/7-C2R07_2.mzML	644	0	740.461995442708	1	27939.9	0.0
279	input_spectra/7-C2R07_2.mzML	645	0	740.461995442708	1	27951.48	0.0
272	input_spectra/7-C2R07_2.mzML	646	0	696.43544514974	1	27963.0	0.0
286	input_spectra/7-C2R07_2.mzML	647	0	784.487518310547	1	27986.04	0.0
286	input_spectra/7-C2R07_2.mzML	648	0	784.487518310547	1	27997.62	0.0
84	input_spectra/7-C2R07_2.mzML	649	0	211.143742879232	1	28009.14	0.0
84	input_spectra/7-C2R07_2.mzML	650	0	211.143742879232	1	28020.6	0.0
112	input_spectra/7-C2R07_2.mzML	651	0	261.122904459635	1	28060.019999999997	0.0
111	input_spectra/7-C2R07_2.mzML	652	0	261.122904459635	1	28071.48	0.0
286	input_spectra/7-C2R07_2.mzML	653	0	784.487518310547	1	28083.059999999998	0.0
286	input_spectra/7-C2R07_2.mzML	654	0	784.487518310547	1	28094.579999999998	0.0
84	input_spectra/7-C2R07_2.mzML	655	0	211.143742879232	1	28106.16	0.0
84	input_spectra/7-C2R07_2.mzML	656	0	211.143742879232	1	28117.62	0.0
290	input_spectra/7-C2R07_2.mzML	657	0	828.512847900391	1	28129.2	0.0
290	input_spectra/7-C2R07_2.mzML	658	0	828.512847900391	1	28140.72	0.0
294	input_spectra/7-C2R07_2.mzML	659	0	872.539184570313	1	28203.18	0.0
294	input_spectra/7-C2R07_2.mzML	660	0	872.539184570313	1	28214.76	0.0
290	input_spectra/7-C2R07_2.mzML	661	0	828.512847900391	1	28226.28	0.0
290	input_spectra/7-C2R07_2.mzML	662	0	828.512847900391	1	28237.8	0.0
175	input_spectra/7-C2R07_2.mzML	663	0	430.242614746094	1	28277.219999999998	0.0
176	input_spectra/7-C2R07_2.mzML	664	0	430.242614746094	1	28288.68	0.0
84	input_spectra/7-C2R07_2.mzML	665	0	211.143742879232	1	28328.1	0.0
84	input_spectra/7-C2R07_2.mzML	666	0	211.143742879232	1	28339.56	0.0
175	input_spectra/7-C2R07_2.mzML	667	0	430.242614746094	1	28351.079999999998	0.0
176	input_spectra/7-C2R07_2.mzML	668	0	430.242614746094	1	28362.6	0.0
105	input_spectra/7-C2R07_2.mzML	669	0	245.128021240234	1	28834.8	0.0
105	input_spectra/7-C2R07_2.mzML	670	0	245.128021240234	1	28846.32	0.0
105	input_spectra/7-C2R07_2.mzML	671	0	245.128021240234	1	28885.68	0.0
105	input_spectra/7-C2R07_2.mzML	672	0	245.128021240234	1	28897.140000000003	0.0
105	input_spectra/7-C2R07_2.mzML	673	0	245.128021240234	1	28936.5	0.0
105	input_spectra/7-C2R07_2.mzML	674	0	245.128021240234	1	28948.02	0.0
38	input_spectra/7-C2R07_2.mzML	675	0	145.075724283854	1	29407.68	0.0
38	input_spectra/7-C2R07_2.mzML	676	0	145.075724283854	1	29458.56	0.0
38	input_spectra/7-C2R07_2.mzML	677	0	145.075724283854	1	29511.300000000003	0.0
135	input_spectra/7-C2R07_2.mzML	678	0	328.268151307717	1	30404.46	0.0
136	input_spectra/7-C2R07_2.mzML	679	0	328.268151307717	1	30415.920000000002	0.0
135	input_spectra/7-C2R07_2.mzML	680	0	328.268151307717	1	30491.34	0.0
136	input_spectra/7-C2R07_2.mzML	681	0	328.268151307717	1	30502.859999999997	0.0
135	input_spectra/7-C2R07_2.mzML	682	0	328.268151307717	1	30565.2	0.0
136	input_spectra/7-C2R07_2.mzML	683	0	328.268151307717	1	30576.66	0.0
71	input_spectra/7-C2R07_2.mzML	684	0	186.221496582031	1	31123.260000000002	0.0
71	input_spectra/7-C2R07_2.mzML	685	0	186.221496582031	1	31162.680000000004	0.0
137	input_spectra/7-C2R07_2.mzML	686	0	328.268151307717	1	31598.34	0.0
138	input_spectra/7-C2R07_2.mzML	687	0	328.268151307717	1	31609.800000000003	0.0
139	input_spectra/7-C2R07_2.mzML	688	0	328.268151307717	1	31649.219999999998	0.0
137	input_spectra/7-C2R07_2.mzML	689	0	328.268151307717	1	31660.68	0.0
135	input_spectra/7-C2R07_2.mzML	690	0	328.268151307717	1	31700.039999999997	0.0
140	input_spectra/7-C2R07_2.mzML	691	0	328.268151307717	1	31711.559999999998	0.0
71	input_spectra/7-C2R07_2.mzML	692	0	186.221496582031	1	32228.159999999996	0.0
71	input_spectra/7-C2R07_2.mzML	693	0	186.221496582031	1	32239.68	0.0
71	input_spectra/7-C2R07_2.mzML	694	0	186.221496582031	1	32279.04	0.0
71	input_spectra/7-C2R07_2.mzML	695	0	186.221496582031	1	32329.92	0.0
71	input_spectra/7-C2R07_2.mzML	696	0	186.221496582031	1	32341.38	0.0
118	input_spectra/7-C2R07_2.mzML	697	0	274.274108886719	1	32380.739999999998	0.0
119	input_spectra/7-C2R07_2.mzML	698	0	274.274108886719	1	32392.26	0.0
118	input_spectra/7-C2R07_2.mzML	699	0	274.274108886719	1	32431.620000000003	0.0
118	input_spectra/7-C2R07_2.mzML	700	0	274.274108886719	1	32443.079999999998	0.0
118	input_spectra/7-C2R07_2.mzML	701	0	274.274108886719	1	32482.440000000002	0.0
118	input_spectra/7-C2R07_2.mzML	702	0	274.274108886719	1	32493.960000000003	0.0
141	input_spectra/7-C2R07_2.mzML	703	0	328.268151307717	1	32761.739999999998	0.0
141	input_spectra/7-C2R07_2.mzML	704	0	328.268151307717	1	32773.26	0.0
141	input_spectra/7-C2R07_2.mzML	705	0	328.268151307717	1	32812.619999999995	0.0
137	input_spectra/7-C2R07_2.mzML	706	0	328.268151307717	1	32824.08	0.0
140	input_spectra/7-C2R07_2.mzML	707	0	328.268151307717	1	32863.5	0.0
136	input_spectra/7-C2R07_2.mzML	708	0	328.268151307717	1	32874.96000000001	0.0
193	input_spectra/7-C2R07_2.mzML	709	0	466.31650797526	1	32914.32	0.0
194	input_spectra/7-C2R07_2.mzML	710	0	466.31650797526	1	32925.840000000004	0.0
193	input_spectra/7-C2R07_2.mzML	711	0	466.31650797526	1	32965.2	0.0
194	input_spectra/7-C2R07_2.mzML	712	0	466.31650797526	1	32976.72	0.0
226	input_spectra/7-C2R07_2.mzML	713	0	534.353210449219	1	32999.76	0.0
193	input_spectra/7-C2R07_2.mzML	714	0	466.31650797526	1	33108.18	0.0
194	input_spectra/7-C2R07_2.mzML	715	0	466.31650797526	1	33119.7	0.0
301	input_spectra/7-C2R07_2.mzML	716	0	931.623962402344	1	33177.3	0.0
302	input_spectra/7-C2R07_2.mzML	717	0	931.623962402344	1	33188.880000000005	0.0
226	input_spectra/7-C2R07_2.mzML	718	0	534.353210449219	1	33251.28	0.0
301	input_spectra/7-C2R07_2.mzML	719	0	931.623962402344	1	33297.42	0.0
302	input_spectra/7-C2R07_2.mzML	720	0	931.623962402344	1	33308.94	0.0
135	input_spectra/7-C2R07_2.mzML	721	0	328.268151307717	1	33901.2	0.0
139	input_spectra/7-C2R07_2.mzML	722	0	328.268151307717	1	33912.66	0.0
135	input_spectra/7-C2R07_2.mzML	723	0	328.268151307717	1	33952.02	0.0
137	input_spectra/7-C2R07_2.mzML	724	0	328.268151307717	1	33963.54	0.0
142	input_spectra/7-C2R07_2.mzML	725	0	328.268151307717	1	34002.9	0.0
140	input_spectra/7-C2R07_2.mzML	726	0	328.268151307717	1	34014.420000000006	0.0
97	input_spectra/7-C2R07_2.mzML	727	0	230.248082478841	1	34326.659999999996	0.0
97	input_spectra/7-C2R07_2.mzML	728	0	230.248082478841	1	34338.12	0.0
97	input_spectra/7-C2R07_2.mzML	729	0	230.248082478841	1	34377.479999999996	0.0
97	input_spectra/7-C2R07_2.mzML	730	0	230.248082478841	1	34389.0	0.0
97	input_spectra/7-C2R07_2.mzML	731	0	230.248082478841	1	34428.36	0.0
97	input_spectra/7-C2R07_2.mzML	732	0	230.248082478841	1	34439.82	0.0
139	input_spectra/7-C2R07_2.mzML	733	0	328.268151307717	1	35044.32	0.0
141	input_spectra/7-C2R07_2.mzML	734	0	328.268151307717	1	35055.840000000004	0.0
135	input_spectra/7-C2R07_2.mzML	735	0	328.268151307717	1	35095.2	0.0
137	input_spectra/7-C2R07_2.mzML	736	0	328.268151307717	1	35106.72	0.0
141	input_spectra/7-C2R07_2.mzML	737	0	328.268151307717	1	35146.08	0.0
141	input_spectra/7-C2R07_2.mzML	738	0	328.268151307717	1	35157.53999999999	0.0
153	input_spectra/7-C2R07_2.mzML	739	0	358.240895589193	1	36026.64	0.0
153	input_spectra/7-C2R07_2.mzML	740	0	358.240895589193	1	36038.1	0.0
182	input_spectra/7-C2R07_2.mzML	741	0	444.288690185547	1	36077.520000000004	0.0
182	input_spectra/7-C2R07_2.mzML	742	0	444.288690185547	1	36089.04	0.0
153	input_spectra/7-C2R07_2.mzML	743	0	358.240895589193	1	36100.5	0.0
153	input_spectra/7-C2R07_2.mzML	744	0	358.240895589193	1	36112.02	0.0
210	input_spectra/7-C2R07_2.mzML	745	0	498.288513183594	1	36162.9	0.0
224	input_spectra/7-C2R07_2.mzML	746	0	533.325276692708	1	36185.94	0.0
153	input_spectra/7-C2R07_2.mzML	747	0	358.240895589193	1	36197.399999999994	0.0
153	input_spectra/7-C2R07_2.mzML	748	0	358.240895589193	1	36208.92	0.0
182	input_spectra/7-C2R07_2.mzML	749	0	444.288690185547	1	36220.44	0.0
182	input_spectra/7-C2R07_2.mzML	750	0	444.288690185547	1	36231.96	0.0
137	input_spectra/7-C2R07_2.mzML	751	0	328.268151307717	1	36271.32	0.0
140	input_spectra/7-C2R07_2.mzML	752	0	328.268151307717	1	36282.840000000004	0.0
211	input_spectra/7-C2R07_2.mzML	753	0	498.288513183594	1	36294.36	0.0
210	input_spectra/7-C2R07_2.mzML	754	0	498.288513183594	1	36305.88	0.0
225	input_spectra/7-C2R07_2.mzML	755	0	533.325276692708	1	36317.399999999994	0.0
224	input_spectra/7-C2R07_2.mzML	756	0	533.325276692708	1	36328.86	0.0
182	input_spectra/7-C2R07_2.mzML	757	0	444.288690185547	1	36363.42	0.0
182	input_spectra/7-C2R07_2.mzML	758	0	444.288690185547	1	36374.94	0.0
142	input_spectra/7-C2R07_2.mzML	759	0	328.268151307717	1	36414.299999999996	0.0
138	input_spectra/7-C2R07_2.mzML	760	0	328.268151307717	1	36425.82	0.0
211	input_spectra/7-C2R07_2.mzML	761	0	498.288513183594	1	36437.34	0.0
210	input_spectra/7-C2R07_2.mzML	762	0	498.288513183594	1	36448.86	0.0
225	input_spectra/7-C2R07_2.mzML	763	0	533.325276692708	1	36460.38	0.0
224	input_spectra/7-C2R07_2.mzML	764	0	533.325276692708	1	36471.840000000004	0.0
142	input_spectra/7-C2R07_2.mzML	765	0	328.268151307717	1	36557.28	0.0
141	input_spectra/7-C2R07_2.mzML	766	0	328.268151307717	1	36568.8	0.0
228	input_spectra/7-C2R07_2.mzML	767	0	538.279846191406	1	36649.56	0.0
228	input_spectra/7-C2R07_2.mzML	768	0	538.279846191406	1	36661.08	0.0
228	input_spectra/7-C2R07_2.mzML	769	0	538.279846191406	1	36723.479999999996	0.0
228	input_spectra/7-C2R07_2.mzML	770	0	538.279846191406	1	36735.0	0.0
199	input_spectra/7-C2R07_2.mzML	771	0	477.331970214844	1	36967.5	0.0
199	input_spectra/7-C2R07_2.mzML	772	0	477.331970214844	1	36979.020000000004	0.0
172	input_spectra/7-C2R07_2.mzML	773	0	426.320933024089	1	36990.48	0.0
152	input_spectra/7-C2R07_2.mzML	774	0	355.263010660807	1	37013.520000000004	0.0
152	input_spectra/7-C2R07_2.mzML	775	0	355.263010660807	1	37024.979999999996	0.0
159	input_spectra/7-C2R07_2.mzML	776	0	373.27333577474	1	37075.86	0.0
289	input_spectra/7-C2R07_2.mzML	777	0	817.581939697266	1	37087.44	0.0
289	input_spectra/7-C2R07_2.mzML	778	0	817.581939697266	1	37098.96	0.0
172	input_spectra/7-C2R07_2.mzML	779	0	426.320933024089	1	37110.54	0.0
199	input_spectra/7-C2R07_2.mzML	780	0	477.331970214844	1	37133.520000000004	0.0
152	input_spectra/7-C2R07_2.mzML	781	0	355.263010660807	1	37168.02	0.0
172	input_spectra/7-C2R07_2.mzML	782	0	426.320933024089	1	37207.44	0.0
199	input_spectra/7-C2R07_2.mzML	783	0	477.331970214844	1	37230.42	0.0
199	input_spectra/7-C2R07_2.mzML	784	0	477.331970214844	1	37241.939999999995	0.0
289	input_spectra/7-C2R07_2.mzML	785	0	817.581939697266	1	37253.520000000004	0.0
289	input_spectra/7-C2R07_2.mzML	786	0	817.581939697266	1	37265.03999999999	0.0
152	input_spectra/7-C2R07_2.mzML	787	0	355.263010660807	1	37276.56	0.0
153	input_spectra/7-C2R07_2.mzML	788	0	358.240895589193	1	37299.6	0.0
153	input_spectra/7-C2R07_2.mzML	789	0	358.240895589193	1	37311.06	0.0
153	input_spectra/7-C2R07_2.mzML	790	0	358.240895589193	1	37350.48	0.0
153	input_spectra/7-C2R07_2.mzML	791	0	358.240895589193	1	37361.939999999995	0.0
182	input_spectra/7-C2R07_2.mzML	792	0	444.288690185547	1	37373.46	0.0
182	input_spectra/7-C2R07_2.mzML	793	0	444.288690185547	1	37384.979999999996	0.0
182	input_spectra/7-C2R07_2.mzML	794	0	444.288690185547	1	37424.340000000004	0.0
182	input_spectra/7-C2R07_2.mzML	795	0	444.288690185547	1	37435.86	0.0
153	input_spectra/7-C2R07_2.mzML	796	0	358.240895589193	1	37447.380000000005	0.0
153	input_spectra/7-C2R07_2.mzML	797	0	358.240895589193	1	37458.84	0.0
138	input_spectra/7-C2R07_2.mzML	798	0	328.268151307717	1	37498.200000000004	0.0
140	input_spectra/7-C2R07_2.mzML	799	0	328.268151307717	1	37509.659999999996	0.0
141	input_spectra/7-C2R07_2.mzML	800	0	328.268151307717	1	37549.020000000004	0.0
140	input_spectra/7-C2R07_2.mzML	801	0	328.268151307717	1	37560.54	0.0
138	input_spectra/7-C2R07_2.mzML	802	0	328.268151307717	1	37599.899999999994	0.0
140	input_spectra/7-C2R07_2.mzML	803	0	328.268151307717	1	37611.42	0.0
109	input_spectra/7-C2R07_2.mzML	804	0	258.279215494792	1	38031.840000000004	0.0
109	input_spectra/7-C2R07_2.mzML	805	0	258.279215494792	1	38043.36	0.0
109	input_spectra/7-C2R07_2.mzML	806	0	258.279215494792	1	38082.66	0.0
109	input_spectra/7-C2R07_2.mzML	807	0	258.279215494792	1	38094.18	0.0
109	input_spectra/7-C2R07_2.mzML	808	0	258.279215494792	1	38133.479999999996	0.0
109	input_spectra/7-C2R07_2.mzML	809	0	258.279215494792	1	38145.0	0.0
187	input_spectra/7-C2R07_2.mzML	810	0	450.321319580078	1	38295.36	0.0
188	input_spectra/7-C2R07_2.mzML	811	0	450.321319580078	1	38306.88	0.0
187	input_spectra/7-C2R07_2.mzML	812	0	450.321319580078	1	38346.240000000005	0.0
188	input_spectra/7-C2R07_2.mzML	813	0	450.321319580078	1	38357.7	0.0
215	input_spectra/7-C2R07_2.mzML	814	0	518.357950846354	1	38369.22	0.0
215	input_spectra/7-C2R07_2.mzML	815	0	518.357950846354	1	38380.74	0.0
215	input_spectra/7-C2R07_2.mzML	816	0	518.357950846354	1	38420.16	0.0
215	input_spectra/7-C2R07_2.mzML	817	0	518.357950846354	1	38431.68	0.0
215	input_spectra/7-C2R07_2.mzML	818	0	518.357950846354	1	38494.020000000004	0.0
215	input_spectra/7-C2R07_2.mzML	819	0	518.357950846354	1	38505.54	0.0
139	input_spectra/7-C2R07_2.mzML	820	0	328.268151307717	1	38642.76	0.0
141	input_spectra/7-C2R07_2.mzML	821	0	328.268151307717	1	38654.280000000006	0.0
132	input_spectra/7-C2R07_2.mzML	822	0	304.300140380859	1	38665.74	0.0
132	input_spectra/7-C2R07_2.mzML	823	0	304.300140380859	1	38677.26	0.0
141	input_spectra/7-C2R07_2.mzML	824	0	328.268151307717	1	38716.62	0.0
140	input_spectra/7-C2R07_2.mzML	825	0	328.268151307717	1	38728.14	0.0
132	input_spectra/7-C2R07_2.mzML	826	0	304.300140380859	1	38739.6	0.0
132	input_spectra/7-C2R07_2.mzML	827	0	304.300140380859	1	38751.119999999995	0.0
132	input_spectra/7-C2R07_2.mzML	828	0	304.300140380859	1	38790.48	0.0
132	input_spectra/7-C2R07_2.mzML	829	0	304.300140380859	1	38802.0	0.0
138	input_spectra/7-C2R07_2.mzML	830	0	328.268151307717	1	38813.46	0.0
140	input_spectra/7-C2R07_2.mzML	831	0	328.268151307717	1	38824.979999999996	0.0
234	input_spectra/7-C2R07_2.mzML	832	0	558.38427734375	1	38876.4	0.0
234	input_spectra/7-C2R07_2.mzML	833	0	558.38427734375	1	38887.92	0.0
234	input_spectra/7-C2R07_2.mzML	834	0	558.38427734375	1	38927.28	0.0
234	input_spectra/7-C2R07_2.mzML	835	0	558.38427734375	1	38938.8	0.0
234	input_spectra/7-C2R07_2.mzML	836	0	558.38427734375	1	38978.159999999996	0.0
234	input_spectra/7-C2R07_2.mzML	837	0	558.38427734375	1	38989.68	0.0
214	input_spectra/7-C2R07_2.mzML	838	0	514.357991536458	1	39041.1	0.0
214	input_spectra/7-C2R07_2.mzML	839	0	514.357991536458	1	39052.619999999995	0.0
214	input_spectra/7-C2R07_2.mzML	840	0	514.357991536458	1	39091.98	0.0
214	input_spectra/7-C2R07_2.mzML	841	0	514.357991536458	1	39103.5	0.0
214	input_spectra/7-C2R07_2.mzML	842	0	514.357991536458	1	39142.86	0.0
214	input_spectra/7-C2R07_2.mzML	843	0	514.357991536458	1	39154.32	0.0
196	input_spectra/7-C2R07_2.mzML	844	0	470.331756591797	1	39277.92	0.0
197	input_spectra/7-C2R07_2.mzML	845	0	470.331756591797	1	39289.38	0.0
196	input_spectra/7-C2R07_2.mzML	846	0	470.331756591797	1	39328.740000000005	0.0
197	input_spectra/7-C2R07_2.mzML	847	0	470.331756591797	1	39340.26	0.0
123	input_spectra/7-C2R07_2.mzML	848	0	286.219677469005	1	39535.979999999996	0.0
123	input_spectra/7-C2R07_2.mzML	849	0	286.219677469005	1	39547.44	0.0
141	input_spectra/7-C2R07_2.mzML	850	0	328.268151307717	1	39815.28	0.0
137	input_spectra/7-C2R07_2.mzML	851	0	328.268151307717	1	39826.799999999996	0.0
142	input_spectra/7-C2R07_2.mzML	852	0	328.268151307717	1	39866.1	0.0
140	input_spectra/7-C2R07_2.mzML	853	0	328.268151307717	1	39877.619999999995	0.0
142	input_spectra/7-C2R07_2.mzML	854	0	328.268151307717	1	39916.98	0.0
140	input_spectra/7-C2R07_2.mzML	855	0	328.268151307717	1	39928.44	0.0
124	input_spectra/7-C2R07_2.mzML	856	0	286.219677469005	1	39991.86	0.0
124	input_spectra/7-C2R07_2.mzML	857	0	286.219677469005	1	40003.38	0.0
125	input_spectra/7-C2R07_2.mzML	858	0	286.219677469005	1	40162.98	0.0
142	input_spectra/7-C2R07_2.mzML	859	0	328.268151307717	1	40959.36	0.0
140	input_spectra/7-C2R07_2.mzML	860	0	328.268151307717	1	40970.82	0.0
142	input_spectra/7-C2R07_2.mzML	861	0	328.268151307717	1	41010.18	0.0
140	input_spectra/7-C2R07_2.mzML	862	0	328.268151307717	1	41021.700000000004	0.0
142	input_spectra/7-C2R07_2.mzML	863	0	328.268151307717	1	41061.06	0.0
140	input_spectra/7-C2R07_2.mzML	864	0	328.268151307717	1	41072.58	0.0
124	input_spectra/7-C2R07_2.mzML	865	0	286.219677469005	1	41256.240000000005	0.0
123	input_spectra/7-C2R07_2.mzML	866	0	286.219677469005	1	41267.76	0.0
126	input_spectra/7-C2R07_2.mzML	867	0	286.219677469005	1	41307.12	0.0
124	input_spectra/7-C2R07_2.mzML	868	0	286.219677469005	1	41358.0	0.0
125	input_spectra/7-C2R07_2.mzML	869	0	286.219677469005	1	41369.46	0.0
142	input_spectra/7-C2R07_2.mzML	870	0	328.268151307717	1	42118.32	0.0
140	input_spectra/7-C2R07_2.mzML	871	0	328.268151307717	1	42129.78	0.0
137	input_spectra/7-C2R07_2.mzML	872	0	328.268151307717	1	42169.14	0.0
137	input_spectra/7-C2R07_2.mzML	873	0	328.268151307717	1	42180.659999999996	0.0
142	input_spectra/7-C2R07_2.mzML	874	0	328.268151307717	1	42220.020000000004	0.0
140	input_spectra/7-C2R07_2.mzML	875	0	328.268151307717	1	42231.54	0.0
124	input_spectra/7-C2R07_2.mzML	876	0	286.219677469005	1	42391.14	0.0
125	input_spectra/7-C2R07_2.mzML	877	0	286.219677469005	1	42402.600000000006	0.0
124	input_spectra/7-C2R07_2.mzML	878	0	286.219677469005	1	42441.96	0.0
123	input_spectra/7-C2R07_2.mzML	879	0	286.219677469005	1	42453.479999999996	0.0
124	input_spectra/7-C2R07_2.mzML	880	0	286.219677469005	1	42492.840000000004	0.0
123	input_spectra/7-C2R07_2.mzML	881	0	286.219677469005	1	42504.36	0.0
145	input_spectra/7-C2R07_2.mzML	882	0	332.331298828125	1	42712.08	0.0
145	input_spectra/7-C2R07_2.mzML	883	0	332.331298828125	1	42723.54	0.0
145	input_spectra/7-C2R07_2.mzML	884	0	332.331298828125	1	42762.9	0.0
145	input_spectra/7-C2R07_2.mzML	885	0	332.331298828125	1	42774.420000000006	0.0
145	input_spectra/7-C2R07_2.mzML	886	0	332.331298828125	1	42813.78	0.0
145	input_spectra/7-C2R07_2.mzML	887	0	332.331298828125	1	42825.3	0.0
142	input_spectra/7-C2R07_2.mzML	888	0	328.268151307717	1	43261.74	0.0
140	input_spectra/7-C2R07_2.mzML	889	0	328.268151307717	1	43273.200000000004	0.0
142	input_spectra/7-C2R07_2.mzML	890	0	328.268151307717	1	43312.619999999995	0.0
140	input_spectra/7-C2R07_2.mzML	891	0	328.268151307717	1	43324.08	0.0
142	input_spectra/7-C2R07_2.mzML	892	0	328.268151307717	1	43363.5	0.0
140	input_spectra/7-C2R07_2.mzML	893	0	328.268151307717	1	43374.96000000001	0.0
124	input_spectra/7-C2R07_2.mzML	894	0	286.219677469005	1	43534.56	0.0
125	input_spectra/7-C2R07_2.mzML	895	0	286.219677469005	1	43546.08	0.0
180	input_spectra/7-C2R07_2.mzML	896	0	440.409993489583	1	43585.44	0.0
181	input_spectra/7-C2R07_2.mzML	897	0	440.409993489583	1	43596.9	0.0
123	input_spectra/7-C2R07_2.mzML	898	0	286.219677469005	1	43608.42	0.0
125	input_spectra/7-C2R07_2.mzML	899	0	286.219677469005	1	43619.94	0.0
180	input_spectra/7-C2R07_2.mzML	900	0	440.409993489583	1	43659.24	0.0
181	input_spectra/7-C2R07_2.mzML	901	0	440.409993489583	1	43670.76	0.0
202	input_spectra/7-C2R07_2.mzML	902	0	483.248911539714	1	43705.26	0.0
202	input_spectra/7-C2R07_2.mzML	903	0	483.248911539714	1	43716.780000000006	0.0
180	input_spectra/7-C2R07_2.mzML	904	0	440.409993489583	1	43756.14	0.0
181	input_spectra/7-C2R07_2.mzML	905	0	440.409993489583	1	43767.66	0.0
202	input_spectra/7-C2R07_2.mzML	906	0	483.248911539714	1	43779.18	0.0
202	input_spectra/7-C2R07_2.mzML	907	0	483.248911539714	1	43790.700000000004	0.0
202	input_spectra/7-C2R07_2.mzML	908	0	483.248911539714	1	43830.06	0.0
202	input_spectra/7-C2R07_2.mzML	909	0	483.248911539714	1	43841.58	0.0
168	input_spectra/7-C2R07_2.mzML	910	0	415.211059570313	1	43881.0	0.0
168	input_spectra/7-C2R07_2.mzML	911	0	415.211059570313	1	43892.520000000004	0.0
183	input_spectra/7-C2R07_2.mzML	912	0	444.297088623047	1	44088.18	0.0
183	input_spectra/7-C2R07_2.mzML	913	0	444.297088623047	1	44099.7	0.0
183	input_spectra/7-C2R07_2.mzML	914	0	444.297088623047	1	44355.48	0.0
183	input_spectra/7-C2R07_2.mzML	915	0	444.297088623047	1	44367.0	0.0
142	input_spectra/7-C2R07_2.mzML	916	0	328.268151307717	1	44406.36	0.0
140	input_spectra/7-C2R07_2.mzML	917	0	328.268151307717	1	44417.82	0.0
142	input_spectra/7-C2R07_2.mzML	918	0	328.268151307717	1	44457.24	0.0
140	input_spectra/7-C2R07_2.mzML	919	0	328.268151307717	1	44468.7	0.0
142	input_spectra/7-C2R07_2.mzML	920	0	328.268151307717	1	44531.1	0.0
140	input_spectra/7-C2R07_2.mzML	921	0	328.268151307717	1	44542.56	0.0
123	input_spectra/7-C2R07_2.mzML	922	0	286.219677469005	1	44667.9	0.0
123	input_spectra/7-C2R07_2.mzML	923	0	286.219677469005	1	44679.420000000006	0.0
125	input_spectra/7-C2R07_2.mzML	924	0	286.219677469005	1	44718.78	0.0
123	input_spectra/7-C2R07_2.mzML	925	0	286.219677469005	1	44730.24	0.0
124	input_spectra/7-C2R07_2.mzML	926	0	286.219677469005	1	44769.659999999996	0.0
149	input_spectra/7-C2R07_2.mzML	927	0	346.27694941502	1	45217.32	0.0
150	input_spectra/7-C2R07_2.mzML	928	0	346.27694941502	1	45228.78	0.0
230	input_spectra/7-C2R07_2.mzML	929	0	542.388671875	1	45304.200000000004	0.0
230	input_spectra/7-C2R07_2.mzML	930	0	542.388671875	1	45315.719999999994	0.0
149	input_spectra/7-C2R07_2.mzML	931	0	346.27694941502	1	45511.380000000005	0.0
150	input_spectra/7-C2R07_2.mzML	932	0	346.27694941502	1	45522.9	0.0
142	input_spectra/7-C2R07_2.mzML	933	0	328.268151307717	1	45574.26	0.0
140	input_spectra/7-C2R07_2.mzML	934	0	328.268151307717	1	45585.78	0.0
149	input_spectra/7-C2R07_2.mzML	935	0	346.27694941502	1	45597.24	0.0
150	input_spectra/7-C2R07_2.mzML	936	0	346.27694941502	1	45608.759999999995	0.0
142	input_spectra/7-C2R07_2.mzML	937	0	328.268151307717	1	45648.12	0.0
140	input_spectra/7-C2R07_2.mzML	938	0	328.268151307717	1	45659.64	0.0
142	input_spectra/7-C2R07_2.mzML	939	0	328.268151307717	1	45699.0	0.0
137	input_spectra/7-C2R07_2.mzML	940	0	328.268151307717	1	45710.46	0.0
124	input_spectra/7-C2R07_2.mzML	941	0	286.219677469005	1	45810.0	0.0
125	input_spectra/7-C2R07_2.mzML	942	0	286.219677469005	1	45821.46	0.0
125	input_spectra/7-C2R07_2.mzML	943	0	286.219677469005	1	45860.82	0.0
125	input_spectra/7-C2R07_2.mzML	944	0	286.219677469005	1	45872.28	0.0
124	input_spectra/7-C2R07_2.mzML	945	0	286.219677469005	1	45911.700000000004	0.0
125	input_spectra/7-C2R07_2.mzML	946	0	286.219677469005	1	45923.159999999996	0.0
287	input_spectra/7-C2R07_2.mzML	947	0	792.566772460938	1	45934.74	0.0
287	input_spectra/7-C2R07_2.mzML	948	0	792.566772460938	1	45946.32	0.0
287	input_spectra/7-C2R07_2.mzML	949	0	792.566772460938	1	45985.62	0.0
287	input_spectra/7-C2R07_2.mzML	950	0	792.566772460938	1	45997.2	0.0
287	input_spectra/7-C2R07_2.mzML	951	0	792.566772460938	1	46036.56	0.0
287	input_spectra/7-C2R07_2.mzML	952	0	792.566772460938	1	46048.079999999994	0.0
282	input_spectra/7-C2R07_2.mzML	953	0	748.540832519531	1	46138.32	0.0
282	input_spectra/7-C2R07_2.mzML	954	0	748.540832519531	1	46149.84	0.0
282	input_spectra/7-C2R07_2.mzML	955	0	748.540832519531	1	46212.18	0.0
282	input_spectra/7-C2R07_2.mzML	956	0	748.540832519531	1	46223.7	0.0
282	input_spectra/7-C2R07_2.mzML	957	0	748.540832519531	1	46263.060000000005	0.0
282	input_spectra/7-C2R07_2.mzML	958	0	748.540832519531	1	46274.64	0.0
275	input_spectra/7-C2R07_2.mzML	959	0	704.515197753906	1	46386.119999999995	0.0
275	input_spectra/7-C2R07_2.mzML	960	0	704.515197753906	1	46397.64	0.0
275	input_spectra/7-C2R07_2.mzML	961	0	704.515197753906	1	46437.0	0.0
275	input_spectra/7-C2R07_2.mzML	962	0	704.515197753906	1	46448.520000000004	0.0
275	input_spectra/7-C2R07_2.mzML	963	0	704.515197753906	1	46487.94	0.0
275	input_spectra/7-C2R07_2.mzML	964	0	704.515197753906	1	46499.46	0.0
149	input_spectra/7-C2R07_2.mzML	965	0	346.27694941502	1	46647.06	0.0
150	input_spectra/7-C2R07_2.mzML	966	0	346.27694941502	1	46658.58	0.0
267	input_spectra/7-C2R07_2.mzML	967	0	660.488627115885	1	46697.94	0.0
267	input_spectra/7-C2R07_2.mzML	968	0	660.488627115885	1	46709.46	0.0
142	input_spectra/7-C2R07_2.mzML	969	0	328.268151307717	1	46748.880000000005	0.0
140	input_spectra/7-C2R07_2.mzML	970	0	328.268151307717	1	46760.340000000004	0.0
267	input_spectra/7-C2R07_2.mzML	971	0	660.488627115885	1	46771.920000000006	0.0
267	input_spectra/7-C2R07_2.mzML	972	0	660.488627115885	1	46783.44	0.0
149	input_spectra/7-C2R07_2.mzML	973	0	346.27694941502	1	46794.96000000001	0.0
150	input_spectra/7-C2R07_2.mzML	974	0	346.27694941502	1	46806.42	0.0
142	input_spectra/7-C2R07_2.mzML	975	0	328.268151307717	1	46845.840000000004	0.0
140	input_spectra/7-C2R07_2.mzML	976	0	328.268151307717	1	46857.3	0.0
267	input_spectra/7-C2R07_2.mzML	977	0	660.488627115885	1	46868.880000000005	0.0
267	input_spectra/7-C2R07_2.mzML	978	0	660.488627115885	1	46880.4	0.0
149	input_spectra/7-C2R07_2.mzML	979	0	346.27694941502	1	46891.920000000006	0.0
150	input_spectra/7-C2R07_2.mzML	980	0	346.27694941502	1	46903.44	0.0
142	input_spectra/7-C2R07_2.mzML	981	0	328.268151307717	1	46942.8	0.0
140	input_spectra/7-C2R07_2.mzML	982	0	328.268151307717	1	46954.32	0.0
124	input_spectra/7-C2R07_2.mzML	983	0	286.219677469005	1	46993.68	0.0
125	input_spectra/7-C2R07_2.mzML	984	0	286.219677469005	1	47005.14	0.0
256	input_spectra/7-C2R07_2.mzML	985	0	616.462768554688	1	47016.72	0.0
256	input_spectra/7-C2R07_2.mzML	986	0	616.462768554688	1	47028.24	0.0
256	input_spectra/7-C2R07_2.mzML	987	0	616.462768554688	1	47067.600000000006	0.0
256	input_spectra/7-C2R07_2.mzML	988	0	616.462768554688	1	47079.12	0.0
124	input_spectra/7-C2R07_2.mzML	989	0	286.219677469005	1	47090.64	0.0
125	input_spectra/7-C2R07_2.mzML	990	0	286.219677469005	1	47102.1	0.0
256	input_spectra/7-C2R07_2.mzML	991	0	616.462768554688	1	47141.4	0.0
256	input_spectra/7-C2R07_2.mzML	992	0	616.462768554688	1	47152.92	0.0
123	input_spectra/7-C2R07_2.mzML	993	0	286.219677469005	1	47164.5	0.0
125	input_spectra/7-C2R07_2.mzML	994	0	286.219677469005	1	47175.96	0.0
156	input_spectra/7-C2R07_2.mzML	995	0	360.361846923828	1	47187.479999999996	0.0
156	input_spectra/7-C2R07_2.mzML	996	0	360.361846923828	1	47199.0	0.0
269	input_spectra/7-C2R07_2.mzML	997	0	667.472351074219	1	47261.4	0.0
269	input_spectra/7-C2R07_2.mzML	998	0	667.472351074219	1	47272.92	0.0
240	input_spectra/7-C2R07_2.mzML	999	0	572.436503092448	1	47312.22	0.0
240	input_spectra/7-C2R07_2.mzML	1000	0	572.436503092448	1	47323.740000000005	0.0
259	input_spectra/7-C2R07_2.mzML	1001	0	621.417694091797	1	47335.26	0.0
259	input_spectra/7-C2R07_2.mzML	1002	0	621.417694091797	1	47346.780000000006	0.0
240	input_spectra/7-C2R07_2.mzML	1003	0	572.436503092448	1	47386.14	0.0
240	input_spectra/7-C2R07_2.mzML	1004	0	572.436503092448	1	47397.66	0.0
240	input_spectra/7-C2R07_2.mzML	1005	0	572.436503092448	1	47437.08	0.0
240	input_spectra/7-C2R07_2.mzML	1006	0	572.436503092448	1	47448.6	0.0
260	input_spectra/7-C2R07_2.mzML	1007	0	623.446553548177	1	47561.88	0.0
260	input_spectra/7-C2R07_2.mzML	1008	0	623.446553548177	1	47573.4	0.0
260	input_spectra/7-C2R07_2.mzML	1009	0	623.446553548177	1	47635.799999999996	0.0
260	input_spectra/7-C2R07_2.mzML	1010	0	623.446553548177	1	47647.32	0.0
223	input_spectra/7-C2R07_2.mzML	1011	0	528.410970052083	1	47686.74	0.0
223	input_spectra/7-C2R07_2.mzML	1012	0	528.410970052083	1	47698.26	0.0
260	input_spectra/7-C2R07_2.mzML	1013	0	623.446553548177	1	47709.78	0.0
260	input_spectra/7-C2R07_2.mzML	1014	0	623.446553548177	1	47721.3	0.0
223	input_spectra/7-C2R07_2.mzML	1015	0	528.410970052083	1	47760.659999999996	0.0
223	input_spectra/7-C2R07_2.mzML	1016	0	528.410970052083	1	47772.18	0.0
223	input_spectra/7-C2R07_2.mzML	1017	0	528.410970052083	1	47811.54	0.0
223	input_spectra/7-C2R07_2.mzML	1018	0	528.410970052083	1	47823.060000000005	0.0
241	input_spectra/7-C2R07_2.mzML	1019	0	579.420857747396	1	47908.44	0.0
241	input_spectra/7-C2R07_2.mzML	1020	0	579.420857747396	1	47919.96000000001	0.0
149	input_spectra/7-C2R07_2.mzML	1021	0	346.27694941502	1	47931.479999999996	0.0
150	input_spectra/7-C2R07_2.mzML	1022	0	346.27694941502	1	47943.0	0.0
142	input_spectra/7-C2R07_2.mzML	1023	0	328.268151307717	1	47982.36	0.0
140	input_spectra/7-C2R07_2.mzML	1024	0	328.268151307717	1	47993.880000000005	0.0
241	input_spectra/7-C2R07_2.mzML	1025	0	579.420857747396	1	48028.44	0.0
241	input_spectra/7-C2R07_2.mzML	1026	0	579.420857747396	1	48039.96000000001	0.0
149	input_spectra/7-C2R07_2.mzML	1027	0	346.27694941502	1	48051.479999999996	0.0
150	input_spectra/7-C2R07_2.mzML	1028	0	346.27694941502	1	48062.94	0.0
142	input_spectra/7-C2R07_2.mzML	1029	0	328.268151307717	1	48125.340000000004	0.0
140	input_spectra/7-C2R07_2.mzML	1030	0	328.268151307717	1	48136.86	0.0
204	input_spectra/7-C2R07_2.mzML	1031	0	484.384094238281	1	48148.38	0.0
204	input_spectra/7-C2R07_2.mzML	1032	0	484.384094238281	1	48159.899999999994	0.0
241	input_spectra/7-C2R07_2.mzML	1033	0	579.420857747396	1	48171.42	0.0
241	input_spectra/7-C2R07_2.mzML	1034	0	579.420857747396	1	48182.94	0.0
204	input_spectra/7-C2R07_2.mzML	1035	0	484.390975952148	1	48245.340000000004	0.0
204	input_spectra/7-C2R07_2.mzML	1036	0	484.390975952148	1	48256.86	0.0
142	input_spectra/7-C2R07_2.mzML	1037	0	328.268151307717	1	48268.38	0.0
140	input_spectra/7-C2R07_2.mzML	1038	0	328.268151307717	1	48279.84	0.0
124	input_spectra/7-C2R07_2.mzML	1039	0	286.219677469005	1	48314.4	0.0
125	input_spectra/7-C2R07_2.mzML	1040	0	286.219677469005	1	48325.86	0.0
227	input_spectra/7-C2R07_2.mzML	1041	0	535.395141601563	1	48337.380000000005	0.0
227	input_spectra/7-C2R07_2.mzML	1042	0	535.395141601563	1	48348.9	0.0
204	input_spectra/7-C2R07_2.mzML	1043	0	484.390975952148	1	48388.32	0.0
204	input_spectra/7-C2R07_2.mzML	1044	0	484.390975952148	1	48399.84	0.0
206	input_spectra/7-C2R07_2.mzML	1045	0	489.339589436849	1	48411.3	0.0
206	input_spectra/7-C2R07_2.mzML	1046	0	489.339589436849	1	48422.82	0.0
227	input_spectra/7-C2R07_2.mzML	1047	0	535.395141601563	1	48434.340000000004	0.0
227	input_spectra/7-C2R07_2.mzML	1048	0	535.395141601563	1	48445.86	0.0
124	input_spectra/7-C2R07_2.mzML	1049	0	286.219677469005	1	48457.380000000005	0.0
125	input_spectra/7-C2R07_2.mzML	1050	0	286.219677469005	1	48468.84	0.0
195	input_spectra/7-C2R07_2.mzML	1051	0	467.357238769531	1	48480.36	0.0
195	input_spectra/7-C2R07_2.mzML	1052	0	467.357238769531	1	48491.88	0.0
179	input_spectra/7-C2R07_2.mzML	1053	0	440.3583984375	1	48531.3	0.0
179	input_spectra/7-C2R07_2.mzML	1054	0	440.3583984375	1	48542.76	0.0
123	input_spectra/7-C2R07_2.mzML	1055	0	286.219677469005	1	48554.280000000006	0.0
125	input_spectra/7-C2R07_2.mzML	1056	0	286.219677469005	1	48565.799999999996	0.0
227	input_spectra/7-C2R07_2.mzML	1057	0	535.395141601563	1	48577.32	0.0
227	input_spectra/7-C2R07_2.mzML	1058	0	535.395141601563	1	48588.84	0.0
184	input_spectra/7-C2R07_2.mzML	1059	0	445.313975016276	1	48600.36	0.0
195	input_spectra/7-C2R07_2.mzML	1060	0	467.357238769531	1	48623.340000000004	0.0
179	input_spectra/7-C2R07_2.mzML	1061	0	440.365010579427	1	48674.280000000006	0.0
179	input_spectra/7-C2R07_2.mzML	1062	0	440.365010579427	1	48685.74	0.0
184	input_spectra/7-C2R07_2.mzML	1063	0	445.313975016276	1	48697.26	0.0
171	input_spectra/7-C2R07_2.mzML	1064	0	423.33149210612	1	48743.28	0.0
171	input_spectra/7-C2R07_2.mzML	1065	0	423.33149210612	1	48754.8	0.0
149	input_spectra/7-C2R07_2.mzML	1066	0	346.27694941502	1	48766.32	0.0
150	input_spectra/7-C2R07_2.mzML	1067	0	346.27694941502	1	48777.78	0.0
179	input_spectra/7-C2R07_2.mzML	1068	0	440.365010579427	1	48817.14	0.0
179	input_spectra/7-C2R07_2.mzML	1069	0	440.365010579427	1	48828.66	0.0
185	input_spectra/7-C2R07_2.mzML	1070	0	445.313975016276	1	48840.18	0.0
185	input_spectra/7-C2R07_2.mzML	1071	0	445.313975016276	1	48851.700000000004	0.0
171	input_spectra/7-C2R07_2.mzML	1072	0	423.33149210612	1	48886.2	0.0
171	input_spectra/7-C2R07_2.mzML	1073	0	423.33149210612	1	48897.72	0.0
179	input_spectra/7-C2R07_2.mzML	1074	0	440.365010579427	1	48937.08	0.0
179	input_spectra/7-C2R07_2.mzML	1075	0	440.365010579427	1	48948.6	0.0
207	input_spectra/7-C2R07_2.mzML	1076	0	491.36924235026	1	48960.119999999995	0.0
207	input_spectra/7-C2R07_2.mzML	1077	0	491.36924235026	1	48971.64	0.0
171	input_spectra/7-C2R07_2.mzML	1078	0	423.33149210612	1	48983.159999999996	0.0
171	input_spectra/7-C2R07_2.mzML	1079	0	423.33149210612	1	48994.62	0.0
165	input_spectra/7-C2R07_2.mzML	1080	0	396.333068847656	1	49006.14	0.0
165	input_spectra/7-C2R07_2.mzML	1081	0	396.333068847656	1	49017.66	0.0
165	input_spectra/7-C2R07_2.mzML	1082	0	396.333068847656	1	49080.0	0.0
165	input_spectra/7-C2R07_2.mzML	1083	0	396.333068847656	1	49091.520000000004	0.0
160	input_spectra/7-C2R07_2.mzML	1084	0	379.305603027344	1	49149.06	0.0
160	input_spectra/7-C2R07_2.mzML	1085	0	379.305603027344	1	49160.52	0.0
165	input_spectra/7-C2R07_2.mzML	1086	0	396.338470458984	1	49199.94	0.0
165	input_spectra/7-C2R07_2.mzML	1087	0	396.338470458984	1	49211.46	0.0
167	input_spectra/7-C2R07_2.mzML	1088	0	401.288798014323	1	49222.92	0.0
160	input_spectra/7-C2R07_2.mzML	1089	0	379.305603027344	1	49268.94	0.0
160	input_spectra/7-C2R07_2.mzML	1090	0	379.305603027344	1	49280.46	0.0
142	input_spectra/7-C2R07_2.mzML	1091	0	328.268151307717	1	49319.82	0.0
140	input_spectra/7-C2R07_2.mzML	1092	0	328.268151307717	1	49331.34	0.0
160	input_spectra/7-C2R07_2.mzML	1093	0	379.305603027344	1	49365.840000000004	0.0
160	input_spectra/7-C2R07_2.mzML	1094	0	379.305603027344	1	49377.36	0.0
142	input_spectra/7-C2R07_2.mzML	1095	0	328.268151307717	1	49416.72	0.0
140	input_spectra/7-C2R07_2.mzML	1096	0	328.268151307717	1	49428.24	0.0
142	input_spectra/7-C2R07_2.mzML	1097	0	328.268151307717	1	49467.600000000006	0.0
140	input_spectra/7-C2R07_2.mzML	1098	0	328.268151307717	1	49479.12	0.0
151	input_spectra/7-C2R07_2.mzML	1099	0	352.306945800781	1	49490.579999999994	0.0
151	input_spectra/7-C2R07_2.mzML	1100	0	352.306945800781	1	49502.1	0.0
146	input_spectra/7-C2R07_2.mzML	1101	0	335.279897054036	1	49536.6	0.0
146	input_spectra/7-C2R07_2.mzML	1102	0	335.279897054036	1	49548.060000000005	0.0
151	input_spectra/7-C2R07_2.mzML	1103	0	352.306945800781	1	49610.46	0.0
151	input_spectra/7-C2R07_2.mzML	1104	0	352.306945800781	1	49621.98	0.0
146	input_spectra/7-C2R07_2.mzML	1105	0	335.279897054036	1	49679.46	0.0
146	input_spectra/7-C2R07_2.mzML	1106	0	335.279897054036	1	49690.979999999996	0.0
125	input_spectra/7-C2R07_2.mzML	1107	0	286.219677469005	1	49702.44	0.0
125	input_spectra/7-C2R07_2.mzML	1108	0	286.219677469005	1	49713.96	0.0
151	input_spectra/7-C2R07_2.mzML	1109	0	352.306945800781	1	49753.32	0.0
151	input_spectra/7-C2R07_2.mzML	1110	0	352.306945800781	1	49764.84	0.0
146	input_spectra/7-C2R07_2.mzML	1111	0	335.279897054036	1	49822.32	0.0
146	input_spectra/7-C2R07_2.mzML	1112	0	335.279897054036	1	49833.78	0.0
125	input_spectra/7-C2R07_2.mzML	1113	0	286.219677469005	1	49845.3	0.0
123	input_spectra/7-C2R07_2.mzML	1114	0	286.219677469005	1	49856.76	0.0
124	input_spectra/7-C2R07_2.mzML	1115	0	286.219677469005	1	49896.18	0.0
125	input_spectra/7-C2R07_2.mzML	1116	0	286.219677469005	1	49907.64	0.0
149	input_spectra/7-C2R07_2.mzML	1117	0	346.27694941502	1	49919.159999999996	0.0
150	input_spectra/7-C2R07_2.mzML	1118	0	346.27694941502	1	49930.68	0.0
149	input_spectra/7-C2R07_2.mzML	1119	0	346.27694941502	1	49970.03999999999	0.0
150	input_spectra/7-C2R07_2.mzML	1120	0	346.27694941502	1	49981.5	0.0
127	input_spectra/7-C2R07_2.mzML	1121	0	291.252777099609	1	50020.92	0.0
127	input_spectra/7-C2R07_2.mzML	1122	0	291.252777099609	1	50032.380000000005	0.0
133	input_spectra/7-C2R07_2.mzML	1123	0	308.279764811198	1	50043.9	0.0
133	input_spectra/7-C2R07_2.mzML	1124	0	308.279764811198	1	50055.36	0.0
149	input_spectra/7-C2R07_2.mzML	1125	0	346.27694941502	1	50066.88	0.0
150	input_spectra/7-C2R07_2.mzML	1126	0	346.27694941502	1	50078.4	0.0
127	input_spectra/7-C2R07_2.mzML	1127	0	291.252777099609	1	50140.74	0.0
127	input_spectra/7-C2R07_2.mzML	1128	0	291.252777099609	1	50152.26	0.0
133	input_spectra/7-C2R07_2.mzML	1129	0	308.279764811198	1	50163.72	0.0
133	input_spectra/7-C2R07_2.mzML	1130	0	308.279764811198	1	50175.24	0.0
127	input_spectra/7-C2R07_2.mzML	1131	0	291.252777099609	1	50237.58	0.0
127	input_spectra/7-C2R07_2.mzML	1132	0	291.252777099609	1	50249.1	0.0
133	input_spectra/7-C2R07_2.mzML	1133	0	308.279764811198	1	50260.560000000005	0.0
133	input_spectra/7-C2R07_2.mzML	1134	0	308.279764811198	1	50272.08	0.0
155	input_spectra/7-C2R07_2.mzML	1135	0	359.290069580078	1	50306.58	0.0
155	input_spectra/7-C2R07_2.mzML	1136	0	359.290069580078	1	50318.04	0.0
131	input_spectra/7-C2R07_2.mzML	1137	0	304.23003859747	1	50405.579999999994	0.0
131	input_spectra/7-C2R07_2.mzML	1138	0	304.23003859747	1	50417.04	0.0
131	input_spectra/7-C2R07_2.mzML	1139	0	304.23003859747	1	50456.4	0.0
131	input_spectra/7-C2R07_2.mzML	1140	0	304.23003859747	1	50467.92	0.0
131	input_spectra/7-C2R07_2.mzML	1141	0	304.23003859747	1	50507.28	0.0
131	input_spectra/7-C2R07_2.mzML	1142	0	304.23003859747	1	50518.8	0.0
142	input_spectra/7-C2R07_2.mzML	1143	0	328.268151307717	1	50558.159999999996	0.0
140	input_spectra/7-C2R07_2.mzML	1144	0	328.268151307717	1	50569.62	0.0
142	input_spectra/7-C2R07_2.mzML	1145	0	328.268151307717	1	50609.04	0.0
140	input_spectra/7-C2R07_2.mzML	1146	0	328.268151307717	1	50620.5	0.0
142	input_spectra/7-C2R07_2.mzML	1147	0	328.268151307717	1	50659.86	0.0
140	input_spectra/7-C2R07_2.mzML	1148	0	328.268151307717	1	50671.380000000005	0.0
124	input_spectra/7-C2R07_2.mzML	1149	0	286.219677469005	1	50855.03999999999	0.0
125	input_spectra/7-C2R07_2.mzML	1150	0	286.219677469005	1	50866.5	0.0
124	input_spectra/7-C2R07_2.mzML	1151	0	286.219677469005	1	50905.86	0.0
125	input_spectra/7-C2R07_2.mzML	1152	0	286.219677469005	1	50917.32	0.0
125	input_spectra/7-C2R07_2.mzML	1153	0	286.219677469005	1	50979.78	0.0
125	input_spectra/7-C2R07_2.mzML	1154	0	286.219677469005	1	50991.240000000005	0.0
150	input_spectra/7-C2R07_2.mzML	1155	0	346.27694941502	1	51066.72	0.0
150	input_spectra/7-C2R07_2.mzML	1156	0	346.27694941502	1	51078.18	0.0
149	input_spectra/7-C2R07_2.mzML	1157	0	346.27694941502	1	51117.53999999999	0.0
150	input_spectra/7-C2R07_2.mzML	1158	0	346.27694941502	1	51129.0	0.0
273	input_spectra/7-C2R07_2.mzML	1159	0	702.498189290365	1	51140.579999999994	0.0
274	input_spectra/7-C2R07_2.mzML	1160	0	702.498189290365	1	51152.1	0.0
274	input_spectra/7-C2R07_2.mzML	1161	0	702.498189290365	1	51191.46	0.0
274	input_spectra/7-C2R07_2.mzML	1162	0	702.498189290365	1	51203.04	0.0
149	input_spectra/7-C2R07_2.mzML	1163	0	346.27694941502	1	51214.56	0.0
150	input_spectra/7-C2R07_2.mzML	1164	0	346.27694941502	1	51226.020000000004	0.0
273	input_spectra/7-C2R07_2.mzML	1165	0	702.498189290365	1	51265.38	0.0
274	input_spectra/7-C2R07_2.mzML	1166	0	702.498189290365	1	51276.9	0.0
265	input_spectra/7-C2R07_2.mzML	1167	0	658.472941080729	1	51424.5	0.0
265	input_spectra/7-C2R07_2.mzML	1168	0	658.472941080729	1	51436.020000000004	0.0
266	input_spectra/7-C2R07_2.mzML	1169	0	658.472941080729	1	51475.44	0.0
266	input_spectra/7-C2R07_2.mzML	1170	0	658.472941080729	1	51486.96	0.0
265	input_spectra/7-C2R07_2.mzML	1171	0	658.472941080729	1	51526.32	0.0
265	input_spectra/7-C2R07_2.mzML	1172	0	658.472941080729	1	51537.840000000004	0.0
131	input_spectra/7-C2R07_2.mzML	1173	0	304.23003859747	1	51577.2	0.0
131	input_spectra/7-C2R07_2.mzML	1174	0	304.23003859747	1	51588.72	0.0
131	input_spectra/7-C2R07_2.mzML	1175	0	304.23003859747	1	51628.079999999994	0.0
131	input_spectra/7-C2R07_2.mzML	1176	0	304.23003859747	1	51639.54	0.0
131	input_spectra/7-C2R07_2.mzML	1177	0	304.23003859747	1	51678.96	0.0
131	input_spectra/7-C2R07_2.mzML	1178	0	304.23003859747	1	51690.42	0.0
142	input_spectra/7-C2R07_2.mzML	1179	0	328.268151307717	1	51729.78	0.0
140	input_spectra/7-C2R07_2.mzML	1180	0	328.268151307717	1	51741.3	0.0
142	input_spectra/7-C2R07_2.mzML	1181	0	328.268151307717	1	51780.659999999996	0.0
140	input_spectra/7-C2R07_2.mzML	1182	0	328.268151307717	1	51792.18	0.0
142	input_spectra/7-C2R07_2.mzML	1183	0	328.268151307717	1	51831.54	0.0
140	input_spectra/7-C2R07_2.mzML	1184	0	328.268151307717	1	51843.0	0.0
253	input_spectra/7-C2R07_2.mzML	1185	0	614.446166992188	1	51854.58	0.0
253	input_spectra/7-C2R07_2.mzML	1186	0	614.446166992188	1	51866.1	0.0
253	input_spectra/7-C2R07_2.mzML	1187	0	614.446166992188	1	51916.920000000006	0.0
253	input_spectra/7-C2R07_2.mzML	1188	0	614.446166992188	1	51956.34	0.0
253	input_spectra/7-C2R07_2.mzML	1189	0	614.446166992188	1	51967.86	0.0
124	input_spectra/7-C2R07_2.mzML	1190	0	286.219677469005	1	52007.22	0.0
125	input_spectra/7-C2R07_2.mzML	1191	0	286.219677469005	1	52018.68	0.0
123	input_spectra/7-C2R07_2.mzML	1192	0	286.219677469005	1	52058.04	0.0
125	input_spectra/7-C2R07_2.mzML	1193	0	286.219677469005	1	52069.56	0.0
123	input_spectra/7-C2R07_2.mzML	1194	0	286.219677469005	1	52108.92	0.0
123	input_spectra/7-C2R07_2.mzML	1195	0	286.219677469005	1	52120.38	0.0
238	input_spectra/7-C2R07_2.mzML	1196	0	570.420084635417	1	52219.92	0.0
238	input_spectra/7-C2R07_2.mzML	1197	0	570.420084635417	1	52231.380000000005	0.0
239	input_spectra/7-C2R07_2.mzML	1198	0	570.420084635417	1	52270.799999999996	0.0
239	input_spectra/7-C2R07_2.mzML	1199	0	570.420084635417	1	52282.32	0.0
149	input_spectra/7-C2R07_2.mzML	1200	0	346.27694941502	1	52293.84	0.0
150	input_spectra/7-C2R07_2.mzML	1201	0	346.27694941502	1	52305.36	0.0
239	input_spectra/7-C2R07_2.mzML	1202	0	570.420084635417	1	52344.659999999996	0.0
239	input_spectra/7-C2R07_2.mzML	1203	0	570.420084635417	1	52356.18	0.0
149	input_spectra/7-C2R07_2.mzML	1204	0	346.27694941502	1	52367.7	0.0
150	input_spectra/7-C2R07_2.mzML	1205	0	346.27694941502	1	52379.22	0.0
149	input_spectra/7-C2R07_2.mzML	1206	0	346.27694941502	1	52418.520000000004	0.0
150	input_spectra/7-C2R07_2.mzML	1207	0	346.27694941502	1	52430.03999999999	0.0
219	input_spectra/7-C2R07_2.mzML	1208	0	526.394287109375	1	52702.380000000005	0.0
220	input_spectra/7-C2R07_2.mzML	1209	0	526.394287109375	1	52713.9	0.0
220	input_spectra/7-C2R07_2.mzML	1210	0	526.394287109375	1	52753.32	0.0
220	input_spectra/7-C2R07_2.mzML	1211	0	526.394287109375	1	52764.78	0.0
131	input_spectra/7-C2R07_2.mzML	1212	0	304.23003859747	1	52776.3	0.0
131	input_spectra/7-C2R07_2.mzML	1213	0	304.23003859747	1	52787.82	0.0
220	input_spectra/7-C2R07_2.mzML	1214	0	526.394287109375	1	52827.12	0.0
219	input_spectra/7-C2R07_2.mzML	1215	0	526.394287109375	1	52838.64	0.0
131	input_spectra/7-C2R07_2.mzML	1216	0	304.23003859747	1	52873.200000000004	0.0
131	input_spectra/7-C2R07_2.mzML	1217	0	304.23003859747	1	52884.659999999996	0.0
142	input_spectra/7-C2R07_2.mzML	1218	0	328.268151307717	1	52924.08	0.0
140	input_spectra/7-C2R07_2.mzML	1219	0	328.268151307717	1	52935.54	0.0
131	input_spectra/7-C2R07_2.mzML	1220	0	304.23003859747	1	52970.100000000006	0.0
131	input_spectra/7-C2R07_2.mzML	1221	0	304.23003859747	1	52981.62	0.0
142	input_spectra/7-C2R07_2.mzML	1222	0	328.268151307717	1	53020.979999999996	0.0
140	input_spectra/7-C2R07_2.mzML	1223	0	328.268151307717	1	53032.5	0.0
142	input_spectra/7-C2R07_2.mzML	1224	0	328.268151307717	1	53094.96000000001	0.0
140	input_spectra/7-C2R07_2.mzML	1225	0	328.268151307717	1	53106.42	0.0
125	input_spectra/7-C2R07_2.mzML	1226	0	286.219677469005	1	53157.840000000004	0.0
125	input_spectra/7-C2R07_2.mzML	1227	0	286.219677469005	1	53169.299999999996	0.0
123	input_spectra/7-C2R07_2.mzML	1228	0	286.219677469005	1	53208.66	0.0
125	input_spectra/7-C2R07_2.mzML	1229	0	286.219677469005	1	53220.18	0.0
124	input_spectra/7-C2R07_2.mzML	1230	0	286.219677469005	1	53259.54	0.0
125	input_spectra/7-C2R07_2.mzML	1231	0	286.219677469005	1	53271.0	0.0
200	input_spectra/7-C2R07_2.mzML	1232	0	482.368998209635	1	53282.58	0.0
201	input_spectra/7-C2R07_2.mzML	1233	0	482.368998209635	1	53294.04	0.0
200	input_spectra/7-C2R07_2.mzML	1234	0	482.368998209635	1	53333.46	0.0
201	input_spectra/7-C2R07_2.mzML	1235	0	482.368998209635	1	53344.979999999996	0.0
200	input_spectra/7-C2R07_2.mzML	1236	0	482.368998209635	1	53407.32	0.0
149	input_spectra/7-C2R07_2.mzML	1237	0	346.27694941502	1	53481.18	0.0
150	input_spectra/7-C2R07_2.mzML	1238	0	346.27694941502	1	53492.64	0.0
149	input_spectra/7-C2R07_2.mzML	1239	0	346.27694941502	1	53555.03999999999	0.0
150	input_spectra/7-C2R07_2.mzML	1240	0	346.27694941502	1	53566.5	0.0
150	input_spectra/7-C2R07_2.mzML	1241	0	346.27694941502	1	53605.86	0.0
150	input_spectra/7-C2R07_2.mzML	1242	0	346.27694941502	1	53617.380000000005	0.0
128	input_spectra/7-C2R07_2.mzML	1243	0	298.255493164063	1	53680.799999999996	0.0
128	input_spectra/7-C2R07_2.mzML	1244	0	298.255493164063	1	53692.32	0.0
143	input_spectra/7-C2R07_2.mzML	1245	0	329.270663174716	1	53833.44	0.0
143	input_spectra/7-C2R07_2.mzML	1246	0	329.270663174716	1	53844.96000000001	0.0
143	input_spectra/7-C2R07_2.mzML	1247	0	329.270663174716	1	53907.3	0.0
143	input_spectra/7-C2R07_2.mzML	1248	0	329.270663174716	1	53918.82	0.0
143	input_spectra/7-C2R07_2.mzML	1249	0	329.270663174716	1	53958.18	0.0
143	input_spectra/7-C2R07_2.mzML	1250	0	329.270663174716	1	53969.7	0.0
131	input_spectra/7-C2R07_2.mzML	1251	0	304.23003859747	1	53981.16	0.0
131	input_spectra/7-C2R07_2.mzML	1252	0	304.23003859747	1	53992.68	0.0
131	input_spectra/7-C2R07_2.mzML	1253	0	304.23003859747	1	54032.04	0.0
131	input_spectra/7-C2R07_2.mzML	1254	0	304.23003859747	1	54043.56	0.0
131	input_spectra/7-C2R07_2.mzML	1255	0	304.23003859747	1	54082.92	0.0
131	input_spectra/7-C2R07_2.mzML	1256	0	304.23003859747	1	54094.439999999995	0.0
137	input_spectra/7-C2R07_2.mzML	1257	0	328.268151307717	1	54220.74	0.0
140	input_spectra/7-C2R07_2.mzML	1258	0	328.268151307717	1	54232.2	0.0
124	input_spectra/7-C2R07_2.mzML	1259	0	286.219677469005	1	54334.5	0.0
125	input_spectra/7-C2R07_2.mzML	1260	0	286.219677469005	1	54346.020000000004	0.0
123	input_spectra/7-C2R07_2.mzML	1261	0	286.219677469005	1	54408.36	0.0
125	input_spectra/7-C2R07_2.mzML	1262	0	286.219677469005	1	54419.880000000005	0.0
124	input_spectra/7-C2R07_2.mzML	1263	0	286.219677469005	1	54482.22	0.0
125	input_spectra/7-C2R07_2.mzML	1264	0	286.219677469005	1	54493.740000000005	0.0
150	input_spectra/7-C2R07_2.mzML	1265	0	346.27694941502	1	54665.4	0.0
150	input_spectra/7-C2R07_2.mzML	1266	0	346.27694941502	1	54676.86	0.0
149	input_spectra/7-C2R07_2.mzML	1267	0	346.27694941502	1	54716.22	0.0
150	input_spectra/7-C2R07_2.mzML	1268	0	346.27694941502	1	54727.74	0.0
150	input_spectra/7-C2R07_2.mzML	1269	0	346.27694941502	1	54767.1	0.0
150	input_spectra/7-C2R07_2.mzML	1270	0	346.27694941502	1	54778.56	0.0
143	input_spectra/7-C2R07_2.mzML	1271	0	329.270663174716	1	55015.92	0.0
143	input_spectra/7-C2R07_2.mzML	1272	0	329.270663174716	1	55027.44	0.0
143	input_spectra/7-C2R07_2.mzML	1273	0	329.270663174716	1	55066.74	0.0
143	input_spectra/7-C2R07_2.mzML	1274	0	329.270663174716	1	55078.26	0.0
143	input_spectra/7-C2R07_2.mzML	1275	0	329.270663174716	1	55117.619999999995	0.0
143	input_spectra/7-C2R07_2.mzML	1276	0	329.270663174716	1	55129.08	0.0
131	input_spectra/7-C2R07_2.mzML	1277	0	304.23003859747	1	55168.44	0.0
131	input_spectra/7-C2R07_2.mzML	1278	0	304.23003859747	1	55179.96000000001	0.0
131	input_spectra/7-C2R07_2.mzML	1279	0	304.23003859747	1	55219.32	0.0
131	input_spectra/7-C2R07_2.mzML	1280	0	304.23003859747	1	55230.840000000004	0.0
131	input_spectra/7-C2R07_2.mzML	1281	0	304.23003859747	1	55270.2	0.0
131	input_spectra/7-C2R07_2.mzML	1282	0	304.23003859747	1	55281.659999999996	0.0
128	input_spectra/7-C2R07_2.mzML	1283	0	298.255493164063	1	55429.26	0.0
128	input_spectra/7-C2R07_2.mzML	1284	0	298.255493164063	1	55440.719999999994	0.0
124	input_spectra/7-C2R07_2.mzML	1285	0	286.219677469005	1	55504.14	0.0
125	input_spectra/7-C2R07_2.mzML	1286	0	286.219677469005	1	55515.659999999996	0.0
124	input_spectra/7-C2R07_2.mzML	1287	0	286.219677469005	1	55555.020000000004	0.0
123	input_spectra/7-C2R07_2.mzML	1288	0	286.219677469005	1	55566.479999999996	0.0
124	input_spectra/7-C2R07_2.mzML	1289	0	286.219677469005	1	55605.9	0.0
125	input_spectra/7-C2R07_2.mzML	1290	0	286.219677469005	1	55617.36	0.0
149	input_spectra/7-C2R07_2.mzML	1291	0	346.27694941502	1	55837.14	0.0
150	input_spectra/7-C2R07_2.mzML	1292	0	346.27694941502	1	55848.6	0.0
149	input_spectra/7-C2R07_2.mzML	1293	0	346.27694941502	1	55887.96	0.0
150	input_spectra/7-C2R07_2.mzML	1294	0	346.27694941502	1	55899.48	0.0
149	input_spectra/7-C2R07_2.mzML	1295	0	346.27694941502	1	55938.84	0.0
150	input_spectra/7-C2R07_2.mzML	1296	0	346.27694941502	1	55950.3	0.0
143	input_spectra/7-C2R07_2.mzML	1297	0	329.270663174716	1	56166.3	0.0
143	input_spectra/7-C2R07_2.mzML	1298	0	329.270663174716	1	56177.82	0.0
143	input_spectra/7-C2R07_2.mzML	1299	0	329.270663174716	1	56217.18	0.0
143	input_spectra/7-C2R07_2.mzML	1300	0	329.270663174716	1	56228.64	0.0
143	input_spectra/7-C2R07_2.mzML	1301	0	329.270663174716	1	56268.060000000005	0.0
143	input_spectra/7-C2R07_2.mzML	1302	0	329.270663174716	1	56279.52	0.0
131	input_spectra/7-C2R07_2.mzML	1303	0	304.23003859747	1	56318.880000000005	0.0
131	input_spectra/7-C2R07_2.mzML	1304	0	304.23003859747	1	56330.4	0.0
131	input_spectra/7-C2R07_2.mzML	1305	0	304.23003859747	1	56369.76	0.0
131	input_spectra/7-C2R07_2.mzML	1306	0	304.23003859747	1	56381.28	0.0
131	input_spectra/7-C2R07_2.mzML	1307	0	304.23003859747	1	56420.64	0.0
131	input_spectra/7-C2R07_2.mzML	1308	0	304.23003859747	1	56432.1	0.0
128	input_spectra/7-C2R07_2.mzML	1309	0	298.255493164063	1	56627.76	0.0
128	input_spectra/7-C2R07_2.mzML	1310	0	298.255493164063	1	56639.280000000006	0.0
124	input_spectra/7-C2R07_2.mzML	1311	0	286.219677469005	1	56678.7	0.0
125	input_spectra/7-C2R07_2.mzML	1312	0	286.219677469005	1	56690.16	0.0
124	input_spectra/7-C2R07_2.mzML	1313	0	286.219677469005	1	56729.52	0.0
125	input_spectra/7-C2R07_2.mzML	1314	0	286.219677469005	1	56741.04	0.0
124	input_spectra/7-C2R07_2.mzML	1315	0	286.219677469005	1	56780.4	0.0
125	input_spectra/7-C2R07_2.mzML	1316	0	286.219677469005	1	56791.920000000006	0.0
149	input_spectra/7-C2R07_2.mzML	1317	0	346.27694941502	1	56999.58	0.0
150	input_spectra/7-C2R07_2.mzML	1318	0	346.27694941502	1	57011.1	0.0
149	input_spectra/7-C2R07_2.mzML	1319	0	346.27694941502	1	57050.46	0.0
150	input_spectra/7-C2R07_2.mzML	1320	0	346.27694941502	1	57061.98	0.0
149	input_spectra/7-C2R07_2.mzML	1321	0	346.27694941502	1	57101.34	0.0
150	input_spectra/7-C2R07_2.mzML	1322	0	346.27694941502	1	57112.86	0.0
143	input_spectra/7-C2R07_2.mzML	1323	0	329.270663174716	1	57328.92	0.0
143	input_spectra/7-C2R07_2.mzML	1324	0	329.270663174716	1	57340.38	0.0
143	input_spectra/7-C2R07_2.mzML	1325	0	329.270663174716	1	57379.74	0.0
143	input_spectra/7-C2R07_2.mzML	1326	0	329.270663174716	1	57391.259999999995	0.0
143	input_spectra/7-C2R07_2.mzML	1327	0	329.270663174716	1	57430.62	0.0
143	input_spectra/7-C2R07_2.mzML	1328	0	329.270663174716	1	57442.14	0.0
131	input_spectra/7-C2R07_2.mzML	1329	0	304.23003859747	1	57481.5	0.0
131	input_spectra/7-C2R07_2.mzML	1330	0	304.23003859747	1	57492.96	0.0
131	input_spectra/7-C2R07_2.mzML	1331	0	304.23003859747	1	57532.32	0.0
131	input_spectra/7-C2R07_2.mzML	1332	0	304.23003859747	1	57543.84	0.0
131	input_spectra/7-C2R07_2.mzML	1333	0	304.23003859747	1	57583.200000000004	0.0
131	input_spectra/7-C2R07_2.mzML	1334	0	304.23003859747	1	57594.72	0.0
157	input_spectra/7-C2R07_2.mzML	1335	0	370.295084635417	1	57646.08	0.0
157	input_spectra/7-C2R07_2.mzML	1336	0	370.295084635417	1	57697.02	0.0
157	input_spectra/7-C2R07_2.mzML	1337	0	370.295084635417	1	57708.479999999996	0.0
157	input_spectra/7-C2R07_2.mzML	1338	0	370.295084635417	1	57747.9	0.0
157	input_spectra/7-C2R07_2.mzML	1339	0	370.295084635417	1	57759.36	0.0
125	input_spectra/7-C2R07_2.mzML	1340	0	286.219677469005	1	57846.840000000004	0.0
125	input_spectra/7-C2R07_2.mzML	1341	0	286.219677469005	1	57858.299999999996	0.0
124	input_spectra/7-C2R07_2.mzML	1342	0	286.219677469005	1	57897.72	0.0
125	input_spectra/7-C2R07_2.mzML	1343	0	286.219677469005	1	57909.18	0.0
124	input_spectra/7-C2R07_2.mzML	1344	0	286.219677469005	1	57948.54	0.0
125	input_spectra/7-C2R07_2.mzML	1345	0	286.219677469005	1	57960.06	0.0
4	input_spectra/7-C2R07_2.mzML	1346	0	117.072798956008	1	57971.520000000004	0.0
4	input_spectra/7-C2R07_2.mzML	1347	0	117.072798956008	1	57982.98	0.0
150	input_spectra/7-C2R07_2.mzML	1348	0	346.27694941502	1	58142.58	0.0
150	input_spectra/7-C2R07_2.mzML	1349	0	346.27694941502	1	58154.1	0.0
149	input_spectra/7-C2R07_2.mzML	1350	0	346.27694941502	1	58193.46	0.0
150	input_spectra/7-C2R07_2.mzML	1351	0	346.27694941502	1	58204.92	0.0
149	input_spectra/7-C2R07_2.mzML	1352	0	346.27694941502	1	58244.340000000004	0.0
150	input_spectra/7-C2R07_2.mzML	1353	0	346.27694941502	1	58255.86	0.0
143	input_spectra/7-C2R07_2.mzML	1354	0	329.270663174716	1	58471.86	0.0
143	input_spectra/7-C2R07_2.mzML	1355	0	329.270663174716	1	58483.38	0.0
143	input_spectra/7-C2R07_2.mzML	1356	0	329.270663174716	1	58522.74	0.0
143	input_spectra/7-C2R07_2.mzML	1357	0	329.270663174716	1	58534.26	0.0
143	input_spectra/7-C2R07_2.mzML	1358	0	329.270663174716	1	58573.619999999995	0.0
143	input_spectra/7-C2R07_2.mzML	1359	0	329.270663174716	1	58585.08	0.0
131	input_spectra/7-C2R07_2.mzML	1360	0	304.23003859747	1	58624.5	0.0
131	input_spectra/7-C2R07_2.mzML	1361	0	304.23003859747	1	58635.96	0.0
131	input_spectra/7-C2R07_2.mzML	1362	0	304.23003859747	1	58675.32	0.0
131	input_spectra/7-C2R07_2.mzML	1363	0	304.23003859747	1	58686.840000000004	0.0
131	input_spectra/7-C2R07_2.mzML	1364	0	304.23003859747	1	58726.2	0.0
131	input_spectra/7-C2R07_2.mzML	1365	0	304.23003859747	1	58737.72	0.0
4	input_spectra/7-C2R07_2.mzML	1366	0	117.072798956008	1	58749.18	0.0
4	input_spectra/7-C2R07_2.mzML	1367	0	117.072798956008	1	58760.64	0.0
124	input_spectra/7-C2R07_2.mzML	1368	0	286.219677469005	1	59016.42	0.0
125	input_spectra/7-C2R07_2.mzML	1369	0	286.219677469005	1	59027.94	0.0
124	input_spectra/7-C2R07_2.mzML	1370	0	286.219677469005	1	59067.24	0.0
125	input_spectra/7-C2R07_2.mzML	1371	0	286.219677469005	1	59078.759999999995	0.0
125	input_spectra/7-C2R07_2.mzML	1372	0	286.219677469005	1	59118.12	0.0
125	input_spectra/7-C2R07_2.mzML	1373	0	286.219677469005	1	59129.64	0.0
4	input_spectra/7-C2R07_2.mzML	1374	0	117.072798956008	1	59181.06	0.0
4	input_spectra/7-C2R07_2.mzML	1375	0	117.072798956008	1	59192.520000000004	0.0
149	input_spectra/7-C2R07_2.mzML	1376	0	346.27694941502	1	59280.0	0.0
150	input_spectra/7-C2R07_2.mzML	1377	0	346.27694941502	1	59291.46	0.0
149	input_spectra/7-C2R07_2.mzML	1378	0	346.27694941502	1	59330.82	0.0
150	input_spectra/7-C2R07_2.mzML	1379	0	346.27694941502	1	59342.34	0.0
150	input_spectra/7-C2R07_2.mzML	1380	0	346.27694941502	1	59381.700000000004	0.0
150	input_spectra/7-C2R07_2.mzML	1381	0	346.27694941502	1	59393.219999999994	0.0
261	input_spectra/7-C2R07_2.mzML	1382	0	642.47705078125	1	59444.58	0.0
261	input_spectra/7-C2R07_2.mzML	1383	0	642.47705078125	1	59456.1	0.0
143	input_spectra/7-C2R07_2.mzML	1384	0	329.270663174716	1	59648.159999999996	0.0
143	input_spectra/7-C2R07_2.mzML	1385	0	329.270663174716	1	59659.62	0.0
143	input_spectra/7-C2R07_2.mzML	1386	0	329.270663174716	1	59698.979999999996	0.0
143	input_spectra/7-C2R07_2.mzML	1387	0	329.270663174716	1	59710.5	0.0
143	input_spectra/7-C2R07_2.mzML	1388	0	329.270663174716	1	59749.86	0.0
143	input_spectra/7-C2R07_2.mzML	1389	0	329.270663174716	1	59761.380000000005	0.0
131	input_spectra/7-C2R07_2.mzML	1390	0	304.23003859747	1	59800.74	0.0
131	input_spectra/7-C2R07_2.mzML	1391	0	304.23003859747	1	59812.2	0.0
131	input_spectra/7-C2R07_2.mzML	1392	0	304.23003859747	1	59851.56	0.0
131	input_spectra/7-C2R07_2.mzML	1393	0	304.23003859747	1	59863.079999999994	0.0
131	input_spectra/7-C2R07_2.mzML	1394	0	304.23003859747	1	59902.44	0.0
131	input_spectra/7-C2R07_2.mzML	1395	0	304.23003859747	1	59913.9	0.0
245	input_spectra/7-C2R07_2.mzML	1396	0	598.451395670573	1	59925.48	0.0
245	input_spectra/7-C2R07_2.mzML	1397	0	598.451395670573	1	59937.0	0.0
245	input_spectra/7-C2R07_2.mzML	1398	0	598.451395670573	1	59976.36	0.0
245	input_spectra/7-C2R07_2.mzML	1399	0	598.451395670573	1	59987.88	0.0
245	input_spectra/7-C2R07_2.mzML	1400	0	598.451395670573	1	1000.46	0.0
245	input_spectra/7-C2R07_2.mzML	1401	0	598.451395670573	1	1000.65	0.0
70	input_spectra/7-C2R07_2.mzML	1402	0	185.110291544596	1	1002.71	0.0
70	input_spectra/7-C2R07_2.mzML	1403	0	185.110291544596	1	1002.9	0.0
125	input_spectra/7-C2R07_2.mzML	1404	0	286.219677469005	1	1003.55	0.0
125	input_spectra/7-C2R07_2.mzML	1405	0	286.219677469005	1	1003.74	0.0
124	input_spectra/7-C2R07_2.mzML	1406	0	286.219677469005	1	1004.4	0.0
125	input_spectra/7-C2R07_2.mzML	1407	0	286.219677469005	1	1004.59	0.0
125	input_spectra/7-C2R07_2.mzML	1408	0	286.219677469005	1	1005.25	0.0
123	input_spectra/7-C2R07_2.mzML	1409	0	286.219677469005	1	1005.44	0.0
4	input_spectra/7-C2R07_2.mzML	1410	0	117.072798956008	1	1005.63	0.0
4	input_spectra/7-C2R07_2.mzML	1411	0	117.072798956008	1	1005.82	0.0
232	input_spectra/7-C2R07_2.mzML	1412	0	554.425262451172	1	1006.68	0.0
232	input_spectra/7-C2R07_2.mzML	1413	0	554.425262451172	1	1006.87	0.0
149	input_spectra/7-C2R07_2.mzML	1414	0	346.27694941502	1	1007.53	0.0
150	input_spectra/7-C2R07_2.mzML	1415	0	346.27694941502	1	1007.72	0.0
232	input_spectra/7-C2R07_2.mzML	1416	0	554.425262451172	1	1007.91	0.0
232	input_spectra/7-C2R07_2.mzML	1417	0	554.425262451172	1	1008.1	0.0
4	input_spectra/7-C2R07_2.mzML	1418	0	117.072798956008	1	1008.3	0.0
4	input_spectra/7-C2R07_2.mzML	1419	0	117.072798956008	1	1008.49	0.0
149	input_spectra/7-C2R07_2.mzML	1420	0	346.27694941502	1	1009.14	0.0
150	input_spectra/7-C2R07_2.mzML	1421	0	346.27694941502	1	1009.33	0.0
149	input_spectra/7-C2R07_2.mzML	1422	0	346.27694941502	1	1009.99	0.0
150	input_spectra/7-C2R07_2.mzML	1423	0	346.27694941502	1	1010.18	0.0
4	input_spectra/7-C2R07_2.mzML	1424	0	117.072798956008	1	1010.37	0.0
4	input_spectra/7-C2R07_2.mzML	1425	0	117.072798956008	1	1010.56	0.0
143	input_spectra/7-C2R07_2.mzML	1426	0	329.270663174716	1	1013.97	0.0
143	input_spectra/7-C2R07_2.mzML	1427	0	329.270663174716	1	1014.16	0.0
143	input_spectra/7-C2R07_2.mzML	1428	0	329.270663174716	1	1014.81	0.0
143	input_spectra/7-C2R07_2.mzML	1429	0	329.270663174716	1	1015.01	0.0
143	input_spectra/7-C2R07_2.mzML	1430	0	329.270663174716	1	1015.66	0.0
143	input_spectra/7-C2R07_2.mzML	1431	0	329.270663174716	1	1015.85	0.0
131	input_spectra/7-C2R07_2.mzML	1432	0	304.23003859747	1	1016.51	0.0
131	input_spectra/7-C2R07_2.mzML	1433	0	304.23003859747	1	1016.7	0.0
131	input_spectra/7-C2R07_2.mzML	1434	0	304.23003859747	1	1017.36	0.0
131	input_spectra/7-C2R07_2.mzML	1435	0	304.23003859747	1	1017.55	0.0
131	input_spectra/7-C2R07_2.mzML	1436	0	304.23003859747	1	1018.2	0.0
131	input_spectra/7-C2R07_2.mzML	1437	0	304.23003859747	1	1018.4	0.0
70	input_spectra/7-C2R07_2.mzML	1438	0	185.110291544596	1	1021.26	0.0
70	input_spectra/7-C2R07_2.mzML	1439	0	185.110291544596	1	1021.45	0.0
70	input_spectra/7-C2R07_2.mzML	1440	0	185.110291544596	1	1022.1	0.0
70	input_spectra/7-C2R07_2.mzML	1441	0	185.110291544596	1	1022.3	0.0
124	input_spectra/7-C2R07_2.mzML	1442	0	286.219677469005	1	1022.95	0.0
125	input_spectra/7-C2R07_2.mzML	1443	0	286.219677469005	1	1023.14	0.0
125	input_spectra/7-C2R07_2.mzML	1444	0	286.219677469005	1	1023.8	0.0
125	input_spectra/7-C2R07_2.mzML	1445	0	286.219677469005	1	1023.99	0.0
124	input_spectra/7-C2R07_2.mzML	1446	0	286.219677469005	1	1024.65	0.0
125	input_spectra/7-C2R07_2.mzML	1447	0	286.219677469005	1	1024.84	0.0
149	input_spectra/7-C2R07_2.mzML	1448	0	346.27694941502	1	1027.5	0.0
150	input_spectra/7-C2R07_2.mzML	1449	0	346.27694941502	1	1027.69	0.0
4	input_spectra/7-C2R07_2.mzML	1450	0	117.072798956008	1	1027.88	0.0
4	input_spectra/7-C2R07_2.mzML	1451	0	117.072798956008	1	1028.07	0.0
149	input_spectra/7-C2R07_2.mzML	1452	0	346.27694941502	1	1028.73	0.0
150	input_spectra/7-C2R07_2.mzML	1453	0	346.27694941502	1	1028.92	0.0
4	input_spectra/7-C2R07_2.mzML	1454	0	117.072798956008	1	1029.11	0.0
4	input_spectra/7-C2R07_2.mzML	1455	0	117.072798956008	1	1029.3	0.0
149	input_spectra/7-C2R07_2.mzML	1456	0	346.27694941502	1	1029.96	0.0
150	input_spectra/7-C2R07_2.mzML	1457	0	346.27694941502	1	1030.15	0.0
4	input_spectra/7-C2R07_2.mzML	1458	0	117.072798956008	1	1030.34	0.0
4	input_spectra/7-C2R07_2.mzML	1459	0	117.072798956008	1	1030.53	0.0
169	input_spectra/7-C2R07_2.mzML	1460	0	416.336588541667	1	1031.57	0.0
169	input_spectra/7-C2R07_2.mzML	1461	0	416.336588541667	1	1031.76	0.0
169	input_spectra/7-C2R07_2.mzML	1462	0	416.336588541667	1	1032.81	0.0
169	input_spectra/7-C2R07_2.mzML	1463	0	416.336588541667	1	1033.0	0.0
143	input_spectra/7-C2R07_2.mzML	1464	0	329.270663174716	1	1034.04	0.0
143	input_spectra/7-C2R07_2.mzML	1465	0	329.270663174716	1	1034.23	0.0
169	input_spectra/7-C2R07_2.mzML	1466	0	416.336588541667	1	1034.81	0.0
169	input_spectra/7-C2R07_2.mzML	1467	0	416.336588541667	1	1035.0	0.0
143	input_spectra/7-C2R07_2.mzML	1468	0	329.270663174716	1	1035.65	0.0
143	input_spectra/7-C2R07_2.mzML	1469	0	329.270663174716	1	1035.84	0.0
131	input_spectra/7-C2R07_2.mzML	1470	0	304.23003859747	1	1036.04	0.0
131	input_spectra/7-C2R07_2.mzML	1471	0	304.23003859747	1	1036.23	0.0
143	input_spectra/7-C2R07_2.mzML	1472	0	329.270663174716	1	1036.88	0.0
143	input_spectra/7-C2R07_2.mzML	1473	0	329.270663174716	1	1037.08	0.0
131	input_spectra/7-C2R07_2.mzML	1474	0	304.23003859747	1	1037.27	0.0
131	input_spectra/7-C2R07_2.mzML	1475	0	304.23003859747	1	1037.46	0.0
131	input_spectra/7-C2R07_2.mzML	1476	0	304.23003859747	1	1038.12	0.0
131	input_spectra/7-C2R07_2.mzML	1477	0	304.23003859747	1	1038.31	0.0
70	input_spectra/7-C2R07_2.mzML	1478	0	185.110291544596	1	1041.86	0.0
70	input_spectra/7-C2R07_2.mzML	1479	0	185.110291544596	1	1042.05	0.0
124	input_spectra/7-C2R07_2.mzML	1480	0	286.219677469005	1	1042.71	0.0
125	input_spectra/7-C2R07_2.mzML	1481	0	286.219677469005	1	1042.9	0.0
70	input_spectra/7-C2R07_2.mzML	1482	0	185.110291544596	1	1043.09	0.0
70	input_spectra/7-C2R07_2.mzML	1483	0	185.110291544596	1	1043.28	0.0
124	input_spectra/7-C2R07_2.mzML	1484	0	286.219677469005	1	1043.94	0.0
125	input_spectra/7-C2R07_2.mzML	1485	0	286.219677469005	1	1044.13	0.0
70	input_spectra/7-C2R07_2.mzML	1486	0	185.110291544596	1	1044.32	0.0
70	input_spectra/7-C2R07_2.mzML	1487	0	185.110291544596	1	1044.51	0.0
124	input_spectra/7-C2R07_2.mzML	1488	0	286.219677469005	1	1045.17	0.0
125	input_spectra/7-C2R07_2.mzML	1489	0	286.219677469005	1	1045.36	0.0
149	input_spectra/7-C2R07_2.mzML	1490	0	346.27694941502	1	1047.02	0.0
150	input_spectra/7-C2R07_2.mzML	1491	0	346.27694941502	1	1047.21	0.0
4	input_spectra/7-C2R07_2.mzML	1492	0	117.072798956008	1	1047.4	0.0
4	input_spectra/7-C2R07_2.mzML	1493	0	117.072798956008	1	1047.59	0.0
150	input_spectra/7-C2R07_2.mzML	1494	0	346.27694941502	1	1048.25	0.0
150	input_spectra/7-C2R07_2.mzML	1495	0	346.27694941502	1	1048.44	0.0
4	input_spectra/7-C2R07_2.mzML	1496	0	117.072798956008	1	1048.63	0.0
4	input_spectra/7-C2R07_2.mzML	1497	0	117.072798956008	1	1048.82	0.0
149	input_spectra/7-C2R07_2.mzML	1498	0	346.27694941502	1	1049.48	0.0
150	input_spectra/7-C2R07_2.mzML	1499	0	346.27694941502	1	1049.67	0.0
4	input_spectra/7-C2R07_2.mzML	1500	0	117.072798956008	1	1049.86	0.0
4	input_spectra/7-C2R07_2.mzML	1501	0	117.072798956008	1	1050.05	0.0
143	input_spectra/7-C2R07_2.mzML	1502	0	329.270663174716	1	1054.46	0.0
143	input_spectra/7-C2R07_2.mzML	1503	0	329.270663174716	1	1054.65	0.0
143	input_spectra/7-C2R07_2.mzML	1504	0	329.270663174716	1	1055.31	0.0
143	input_spectra/7-C2R07_2.mzML	1505	0	329.270663174716	1	1055.5	0.0
131	input_spectra/7-C2R07_2.mzML	1506	0	304.23003859747	1	1055.69	0.0
131	input_spectra/7-C2R07_2.mzML	1507	0	304.23003859747	1	1055.88	0.0
143	input_spectra/7-C2R07_2.mzML	1508	0	329.270663174716	1	1056.54	0.0
143	input_spectra/7-C2R07_2.mzML	1509	0	329.270663174716	1	1056.73	0.0
131	input_spectra/7-C2R07_2.mzML	1510	0	304.23003859747	1	1056.92	0.0
131	input_spectra/7-C2R07_2.mzML	1511	0	304.23003859747	1	1057.11	0.0
131	input_spectra/7-C2R07_2.mzML	1512	0	304.23003859747	1	1057.77	0.0
131	input_spectra/7-C2R07_2.mzML	1513	0	304.23003859747	1	1057.96	0.0
70	input_spectra/7-C2R07_2.mzML	1514	0	185.110291544596	1	1061.76	0.0
70	input_spectra/7-C2R07_2.mzML	1515	0	185.110291544596	1	1061.95	0.0
124	input_spectra/7-C2R07_2.mzML	1516	0	286.219677469005	1	1062.61	0.0
125	input_spectra/7-C2R07_2.mzML	1517	0	286.219677469005	1	1062.8	0.0
70	input_spectra/7-C2R07_2.mzML	1518	0	185.110291544596	1	1062.99	0.0
70	input_spectra/7-C2R07_2.mzML	1519	0	185.110291544596	1	1063.18	0.0
124	input_spectra/7-C2R07_2.mzML	1520	0	286.219677469005	1	1063.84	0.0
125	input_spectra/7-C2R07_2.mzML	1521	0	286.219677469005	1	1064.03	0.0
70	input_spectra/7-C2R07_2.mzML	1522	0	185.110291544596	1	1064.22	0.0
70	input_spectra/7-C2R07_2.mzML	1523	0	185.110291544596	1	1064.41	0.0
125	input_spectra/7-C2R07_2.mzML	1524	0	286.219677469005	1	1065.07	0.0
125	input_spectra/7-C2R07_2.mzML	1525	0	286.219677469005	1	1065.26	0.0
150	input_spectra/7-C2R07_2.mzML	1526	0	346.27694941502	1	1066.51	0.0
150	input_spectra/7-C2R07_2.mzML	1527	0	346.27694941502	1	1066.71	0.0
4	input_spectra/7-C2R07_2.mzML	1528	0	117.072798956008	1	1066.9	0.0
4	input_spectra/7-C2R07_2.mzML	1529	0	117.072798956008	1	1067.09	0.0
149	input_spectra/7-C2R07_2.mzML	1530	0	346.27694941502	1	1067.75	0.0
150	input_spectra/7-C2R07_2.mzML	1531	0	346.27694941502	1	1067.94	0.0
4	input_spectra/7-C2R07_2.mzML	1532	0	117.072798956008	1	1068.13	0.0
4	input_spectra/7-C2R07_2.mzML	1533	0	117.072798956008	1	1068.32	0.0
149	input_spectra/7-C2R07_2.mzML	1534	0	346.27694941502	1	1068.98	0.0
150	input_spectra/7-C2R07_2.mzML	1535	0	346.27694941502	1	1069.17	0.0
4	input_spectra/7-C2R07_2.mzML	1536	0	117.072798956008	1	1069.36	0.0
4	input_spectra/7-C2R07_2.mzML	1537	0	117.072798956008	1	1069.55	0.0
143	input_spectra/7-C2R07_2.mzML	1538	0	329.270663174716	1	1073.55	0.0
143	input_spectra/7-C2R07_2.mzML	1539	0	329.270663174716	1	1073.74	0.0
166	input_spectra/7-C2R07_2.mzML	1540	0	398.326232910156	1	1074.6	0.0
166	input_spectra/7-C2R07_2.mzML	1541	0	398.326232910156	1	1074.79	0.0
143	input_spectra/7-C2R07_2.mzML	1542	0	329.270663174716	1	1075.45	0.0
143	input_spectra/7-C2R07_2.mzML	1543	0	329.270663174716	1	1075.64	0.0
166	input_spectra/7-C2R07_2.mzML	1544	0	398.326232910156	1	1075.83	0.0
166	input_spectra/7-C2R07_2.mzML	1545	0	398.326232910156	1	1076.02	0.0
131	input_spectra/7-C2R07_2.mzML	1546	0	304.23003859747	1	1076.21	0.0
131	input_spectra/7-C2R07_2.mzML	1547	0	304.23003859747	1	1076.4	0.0
143	input_spectra/7-C2R07_2.mzML	1548	0	329.270663174716	1	1077.06	0.0
143	input_spectra/7-C2R07_2.mzML	1549	0	329.270663174716	1	1077.25	0.0
166	input_spectra/7-C2R07_2.mzML	1550	0	398.326232910156	1	1077.45	0.0
166	input_spectra/7-C2R07_2.mzML	1551	0	398.326232910156	1	1077.64	0.0
131	input_spectra/7-C2R07_2.mzML	1552	0	304.23003859747	1	1077.83	0.0
131	input_spectra/7-C2R07_2.mzML	1553	0	304.23003859747	1	1078.02	0.0
131	input_spectra/7-C2R07_2.mzML	1554	0	304.23003859747	1	1078.68	0.0
131	input_spectra/7-C2R07_2.mzML	1555	0	304.23003859747	1	1078.87	0.0
70	input_spectra/7-C2R07_2.mzML	1556	0	185.110291544596	1	1081.61	0.0
70	input_spectra/7-C2R07_2.mzML	1557	0	185.110291544596	1	1081.8	0.0
124	input_spectra/7-C2R07_2.mzML	1558	0	286.219677469005	1	1082.45	0.0
125	input_spectra/7-C2R07_2.mzML	1559	0	286.219677469005	1	1082.64	0.0
70	input_spectra/7-C2R07_2.mzML	1560	0	185.110291544596	1	1082.83	0.0
70	input_spectra/7-C2R07_2.mzML	1561	0	185.110291544596	1	1083.03	0.0
125	input_spectra/7-C2R07_2.mzML	1562	0	286.219677469005	1	1083.68	0.0
125	input_spectra/7-C2R07_2.mzML	1563	0	286.219677469005	1	1083.87	0.0
70	input_spectra/7-C2R07_2.mzML	1564	0	185.110291544596	1	1084.07	0.0
70	input_spectra/7-C2R07_2.mzML	1565	0	185.110291544596	1	1084.26	0.0
124	input_spectra/7-C2R07_2.mzML	1566	0	286.219677469005	1	1084.91	0.0
125	input_spectra/7-C2R07_2.mzML	1567	0	286.219677469005	1	1085.1	0.0
149	input_spectra/7-C2R07_2.mzML	1568	0	346.27694941502	1	1085.96	0.0
150	input_spectra/7-C2R07_2.mzML	1569	0	346.27694941502	1	1086.15	0.0
4	input_spectra/7-C2R07_2.mzML	1570	0	117.072798956008	1	1086.34	0.0
4	input_spectra/7-C2R07_2.mzML	1571	0	117.072798956008	1	1086.54	0.0
149	input_spectra/7-C2R07_2.mzML	1572	0	346.27694941502	1	1087.19	0.0
150	input_spectra/7-C2R07_2.mzML	1573	0	346.27694941502	1	1087.38	0.0
4	input_spectra/7-C2R07_2.mzML	1574	0	117.072798956008	1	1087.57	0.0
4	input_spectra/7-C2R07_2.mzML	1575	0	117.072798956008	1	1087.77	0.0
149	input_spectra/7-C2R07_2.mzML	1576	0	346.27694941502	1	1088.42	0.0
150	input_spectra/7-C2R07_2.mzML	1577	0	346.27694941502	1	1088.61	0.0
4	input_spectra/7-C2R07_2.mzML	1578	0	117.072798956008	1	1088.81	0.0
4	input_spectra/7-C2R07_2.mzML	1579	0	117.072798956008	1	1089.0	0.0
143	input_spectra/7-C2R07_2.mzML	1580	0	329.270663174716	1	1094.0	0.0
143	input_spectra/7-C2R07_2.mzML	1581	0	329.270663174716	1	1094.19	0.0
143	input_spectra/7-C2R07_2.mzML	1582	0	329.270663174716	1	1094.85	0.0
143	input_spectra/7-C2R07_2.mzML	1583	0	329.270663174716	1	1095.04	0.0
143	input_spectra/7-C2R07_2.mzML	1584	0	329.270663174716	1	1095.69	0.0
143	input_spectra/7-C2R07_2.mzML	1585	0	329.270663174716	1	1095.89	0.0
131	input_spectra/7-C2R07_2.mzML	1586	0	304.23003859747	1	1096.08	0.0
131	input_spectra/7-C2R07_2.mzML	1587	0	304.23003859747	1	1096.27	0.0
131	input_spectra/7-C2R07_2.mzML	1588	0	304.23003859747	1	1096.93	0.0
131	input_spectra/7-C2R07_2.mzML	1589	0	304.23003859747	1	1097.12	0.0
131	input_spectra/7-C2R07_2.mzML	1590	0	304.23003859747	1	1097.77	0.0
131	input_spectra/7-C2R07_2.mzML	1591	0	304.23003859747	1	1097.97	0.0
70	input_spectra/7-C2R07_2.mzML	1592	0	185.110291544596	1	1101.17	0.0
70	input_spectra/7-C2R07_2.mzML	1593	0	185.110291544596	1	1101.36	0.0
124	input_spectra/7-C2R07_2.mzML	1594	0	286.219677469005	1	1102.01	0.0
125	input_spectra/7-C2R07_2.mzML	1595	0	286.219677469005	1	1102.2	0.0
70	input_spectra/7-C2R07_2.mzML	1596	0	185.110291544596	1	1102.4	0.0
70	input_spectra/7-C2R07_2.mzML	1597	0	185.110291544596	1	1102.59	0.0
142	input_spectra/7-C2R07_2.mzML	1598	0	328.268151307717	1	1103.24	0.0
140	input_spectra/7-C2R07_2.mzML	1599	0	328.268151307717	1	1103.43	0.0
124	input_spectra/7-C2R07_2.mzML	1600	0	286.219677469005	1	1103.63	0.0
125	input_spectra/7-C2R07_2.mzML	1601	0	286.219677469005	1	1103.82	0.0
70	input_spectra/7-C2R07_2.mzML	1602	0	185.110291544596	1	1104.01	0.0
70	input_spectra/7-C2R07_2.mzML	1603	0	185.110291544596	1	1104.2	0.0
142	input_spectra/7-C2R07_2.mzML	1604	0	328.268151307717	1	1104.86	0.0
140	input_spectra/7-C2R07_2.mzML	1605	0	328.268151307717	1	1105.05	0.0
125	input_spectra/7-C2R07_2.mzML	1606	0	286.219677469005	1	1105.24	0.0
125	input_spectra/7-C2R07_2.mzML	1607	0	286.219677469005	1	1105.43	0.0
142	input_spectra/7-C2R07_2.mzML	1608	0	328.268151307717	1	1111.5	0.0
140	input_spectra/7-C2R07_2.mzML	1609	0	328.268151307717	1	1111.69	0.0
142	input_spectra/7-C2R07_2.mzML	1610	0	328.268151307717	1	1112.95	0.0
140	input_spectra/7-C2R07_2.mzML	1611	0	328.268151307717	1	1113.14	0.0
141	input_spectra/7-C2R07_2.mzML	1612	0	328.268151307717	1	1113.8	0.0
140	input_spectra/7-C2R07_2.mzML	1613	0	328.268151307717	1	1113.99	0.0
70	input_spectra/7-C2R07_2.mzML	1614	0	185.110291544596	1	1120.59	0.0
70	input_spectra/7-C2R07_2.mzML	1615	0	185.110291544596	1	1120.78	0.0
70	input_spectra/7-C2R07_2.mzML	1616	0	185.110291544596	1	1121.44	0.0
70	input_spectra/7-C2R07_2.mzML	1617	0	185.110291544596	1	1121.63	0.0
70	input_spectra/7-C2R07_2.mzML	1618	0	185.110291544596	1	1122.29	0.0
70	input_spectra/7-C2R07_2.mzML	1619	0	185.110291544596	1	1122.48	0.0
142	input_spectra/7-C2R07_2.mzML	1620	0	328.268151307717	1	1131.55	0.0
141	input_spectra/7-C2R07_2.mzML	1621	0	328.268151307717	1	1131.75	0.0
141	input_spectra/7-C2R07_2.mzML	1622	0	328.268151307717	1	1132.4	0.0
141	input_spectra/7-C2R07_2.mzML	1623	0	328.268151307717	1	1132.59	0.0
142	input_spectra/7-C2R07_2.mzML	1624	0	328.268151307717	1	1133.25	0.0
141	input_spectra/7-C2R07_2.mzML	1625	0	328.268151307717	1	1133.44	0.0
70	input_spectra/7-C2R07_2.mzML	1626	0	185.110291544596	1	1140.05	0.0
70	input_spectra/7-C2R07_2.mzML	1627	0	185.110291544596	1	1140.24	0.0
70	input_spectra/7-C2R07_2.mzML	1628	0	185.110291544596	1	1140.89	0.0
70	input_spectra/7-C2R07_2.mzML	1629	0	185.110291544596	1	1141.08	0.0
70	input_spectra/7-C2R07_2.mzML	1630	0	185.110291544596	1	1141.74	0.0
70	input_spectra/7-C2R07_2.mzML	1631	0	185.110291544596	1	1141.93	0.0
142	input_spectra/7-C2R07_2.mzML	1632	0	328.268151307717	1	1151.01	0.0
140	input_spectra/7-C2R07_2.mzML	1633	0	328.268151307717	1	1151.2	0.0
139	input_spectra/7-C2R07_2.mzML	1634	0	328.268151307717	1	1151.85	0.0
140	input_spectra/7-C2R07_2.mzML	1635	0	328.268151307717	1	1152.04	0.0
142	input_spectra/7-C2R07_2.mzML	1636	0	328.268151307717	1	1152.7	0.0
140	input_spectra/7-C2R07_2.mzML	1637	0	328.268151307717	1	1152.89	0.0
70	input_spectra/7-C2R07_2.mzML	1638	0	185.110291544596	1	1159.5	0.0
70	input_spectra/7-C2R07_2.mzML	1639	0	185.110291544596	1	1159.69	0.0
70	input_spectra/7-C2R07_2.mzML	1640	0	185.110291544596	1	1160.35	0.0
70	input_spectra/7-C2R07_2.mzML	1641	0	185.110291544596	1	1160.54	0.0
70	input_spectra/7-C2R07_2.mzML	1642	0	185.110291544596	1	1161.19	0.0
70	input_spectra/7-C2R07_2.mzML	1643	0	185.110291544596	1	1161.39	0.0
229	input_spectra/7-C2R07_2.mzML	1644	0	542.349975585938	1	1164.85	0.0
229	input_spectra/7-C2R07_2.mzML	1645	0	542.349975585938	1	1165.04	0.0
229	input_spectra/7-C2R07_2.mzML	1646	0	542.349975585938	1	1166.08	0.0
229	input_spectra/7-C2R07_2.mzML	1647	0	542.349975585938	1	1166.27	0.0
142	input_spectra/7-C2R07_2.mzML	1648	0	328.268151307717	1	1169.93	0.0
137	input_spectra/7-C2R07_2.mzML	1649	0	328.268151307717	1	1170.12	0.0
135	input_spectra/7-C2R07_2.mzML	1650	0	328.268151307717	1	1170.78	0.0
137	input_spectra/7-C2R07_2.mzML	1651	0	328.268151307717	1	1170.97	0.0
142	input_spectra/7-C2R07_2.mzML	1652	0	328.268151307717	1	1171.63	0.0
141	input_spectra/7-C2R07_2.mzML	1653	0	328.268151307717	1	1171.82	0.0
70	input_spectra/7-C2R07_2.mzML	1654	0	185.110291544596	1	1178.43	0.0
70	input_spectra/7-C2R07_2.mzML	1655	0	185.110291544596	1	1178.62	0.0
70	input_spectra/7-C2R07_2.mzML	1656	0	185.110291544596	1	1179.27	0.0
70	input_spectra/7-C2R07_2.mzML	1657	0	185.110291544596	1	1179.46	0.0
70	input_spectra/7-C2R07_2.mzML	1658	0	185.110291544596	1	1180.12	0.0
70	input_spectra/7-C2R07_2.mzML	1659	0	185.110291544596	1	1180.31	0.0
130	input_spectra/7-C2R07_2.mzML	1660	0	302.287089029948	1	1183.37	0.0
130	input_spectra/7-C2R07_2.mzML	1661	0	302.287089029948	1	1183.56	0.0
137	input_spectra/7-C2R07_2.mzML	1662	0	328.268151307717	1	1189.03	0.0
140	input_spectra/7-C2R07_2.mzML	1663	0	328.268151307717	1	1189.22	0.0
142	input_spectra/7-C2R07_2.mzML	1664	0	328.268151307717	1	1189.88	0.0
140	input_spectra/7-C2R07_2.mzML	1665	0	328.268151307717	1	1190.07	0.0
139	input_spectra/7-C2R07_2.mzML	1666	0	328.268151307717	1	1190.72	0.0
140	input_spectra/7-C2R07_2.mzML	1667	0	328.268151307717	1	1190.92	0.0
130	input_spectra/7-C2R07_2.mzML	1668	0	302.287089029948	1	1191.57	0.0
130	input_spectra/7-C2R07_2.mzML	1669	0	302.287089029948	1	1191.76	0.0
130	input_spectra/7-C2R07_2.mzML	1670	0	302.287089029948	1	1192.62	0.0
130	input_spectra/7-C2R07_2.mzML	1671	0	302.287089029948	1	1192.81	0.0
70	input_spectra/7-C2R07_2.mzML	1672	0	185.110291544596	1	1197.62	0.0
70	input_spectra/7-C2R07_2.mzML	1673	0	185.110291544596	1	1197.81	0.0
70	input_spectra/7-C2R07_2.mzML	1674	0	185.110291544596	1	1198.46	0.0
70	input_spectra/7-C2R07_2.mzML	1675	0	185.110291544596	1	1198.65	0.0
70	input_spectra/7-C2R07_2.mzML	1676	0	185.110291544596	1	1199.31	0.0
70	input_spectra/7-C2R07_2.mzML	1677	0	185.110291544596	1	1199.5	0.0
3	input_spectra/bkgrnd-marine-broth.mzML	1678	0	110.009817759196	1	6384.900000000001	0.0
3	input_spectra/bkgrnd-marine-broth.mzML	1679	0	110.009817759196	1	6396.36	0.0
3	input_spectra/bkgrnd-marine-broth.mzML	1680	0	110.009817759196	1	6435.66	0.0
3	input_spectra/bkgrnd-marine-broth.mzML	1681	0	110.009817759196	1	6447.18	0.0
42	input_spectra/bkgrnd-marine-broth.mzML	1682	0	146.166600545247	1	6458.64	0.0
42	input_spectra/bkgrnd-marine-broth.mzML	1683	0	146.166600545247	1	6470.099999999999	0.0
16	input_spectra/bkgrnd-marine-broth.mzML	1684	0	125.987463378906	1	6481.5599999999995	0.0
16	input_spectra/bkgrnd-marine-broth.mzML	1685	0	125.987463378906	1	6493.08	0.0
46	input_spectra/bkgrnd-marine-broth.mzML	1686	0	151.036672973633	1	6504.54	0.0
46	input_spectra/bkgrnd-marine-broth.mzML	1687	0	151.036672973633	1	6516.0	0.0
3	input_spectra/bkgrnd-marine-broth.mzML	1688	0	110.009817759196	1	6555.36	0.0
3	input_spectra/bkgrnd-marine-broth.mzML	1689	0	110.009817759196	1	6566.879999999999	0.0
16	input_spectra/bkgrnd-marine-broth.mzML	1690	0	125.987463378906	1	6578.34	0.0
16	input_spectra/bkgrnd-marine-broth.mzML	1691	0	125.987463378906	1	6589.8	0.0
42	input_spectra/bkgrnd-marine-broth.mzML	1692	0	146.166600545247	1	6601.26	0.0
42	input_spectra/bkgrnd-marine-broth.mzML	1693	0	146.166600545247	1	6612.78	0.0
46	input_spectra/bkgrnd-marine-broth.mzML	1694	0	151.036672973633	1	6624.24	0.0
46	input_spectra/bkgrnd-marine-broth.mzML	1695	0	151.036672973633	1	6635.7	0.0
89	input_spectra/bkgrnd-marine-broth.mzML	1696	0	223.991306304932	1	6647.22	0.0
89	input_spectra/bkgrnd-marine-broth.mzML	1697	0	223.991306304932	1	6658.679999999999	0.0
16	input_spectra/bkgrnd-marine-broth.mzML	1698	0	125.987463378906	1	6698.1	0.0
16	input_spectra/bkgrnd-marine-broth.mzML	1699	0	125.987463378906	1	6709.5599999999995	0.0
42	input_spectra/bkgrnd-marine-broth.mzML	1700	0	146.166600545247	1	6721.08	0.0
42	input_spectra/bkgrnd-marine-broth.mzML	1701	0	146.166600545247	1	6732.54	0.0
78	input_spectra/bkgrnd-marine-broth.mzML	1702	0	198.94199625651	1	6744.0	0.0
78	input_spectra/bkgrnd-marine-broth.mzML	1703	0	198.94199625651	1	6755.5199999999995	0.0
89	input_spectra/bkgrnd-marine-broth.mzML	1704	0	223.991306304932	1	6766.9800000000005	0.0
89	input_spectra/bkgrnd-marine-broth.mzML	1705	0	223.991306304932	1	6778.4400000000005	0.0
46	input_spectra/bkgrnd-marine-broth.mzML	1706	0	151.036672973633	1	6789.96	0.0
46	input_spectra/bkgrnd-marine-broth.mzML	1707	0	151.036672973633	1	6801.42	0.0
78	input_spectra/bkgrnd-marine-broth.mzML	1708	0	198.94199625651	1	6840.780000000001	0.0
78	input_spectra/bkgrnd-marine-broth.mzML	1709	0	198.94199625651	1	6852.3	0.0
89	input_spectra/bkgrnd-marine-broth.mzML	1710	0	223.991306304932	1	6863.76	0.0
89	input_spectra/bkgrnd-marine-broth.mzML	1711	0	223.991306304932	1	6875.22	0.0
67	input_spectra/bkgrnd-marine-broth.mzML	1712	0	182.964279174805	1	6886.74	0.0
68	input_spectra/bkgrnd-marine-broth.mzML	1713	0	182.964279174805	1	6898.2	0.0
103	input_spectra/bkgrnd-marine-broth.mzML	1714	0	239.968907674154	1	6909.72	0.0
103	input_spectra/bkgrnd-marine-broth.mzML	1715	0	239.968907674154	1	6921.179999999999	0.0
81	input_spectra/bkgrnd-marine-broth.mzML	1716	0	203.224990844727	1	6932.639999999999	0.0
81	input_spectra/bkgrnd-marine-broth.mzML	1717	0	203.224990844727	1	6944.16	0.0
78	input_spectra/bkgrnd-marine-broth.mzML	1718	0	198.94199625651	1	6983.5199999999995	0.0
78	input_spectra/bkgrnd-marine-broth.mzML	1719	0	198.94199625651	1	6994.98	0.0
67	input_spectra/bkgrnd-marine-broth.mzML	1720	0	182.964279174805	1	7006.5	0.0
68	input_spectra/bkgrnd-marine-broth.mzML	1721	0	182.964279174805	1	7017.96	0.0
103	input_spectra/bkgrnd-marine-broth.mzML	1722	0	239.968907674154	1	7029.42	0.0
103	input_spectra/bkgrnd-marine-broth.mzML	1723	0	239.968907674154	1	7040.9400000000005	0.0
81	input_spectra/bkgrnd-marine-broth.mzML	1724	0	203.224990844727	1	7052.400000000001	0.0
81	input_spectra/bkgrnd-marine-broth.mzML	1725	0	203.224990844727	1	7063.92	0.0
115	input_spectra/bkgrnd-marine-broth.mzML	1726	0	265.018218994141	1	7075.38	0.0
115	input_spectra/bkgrnd-marine-broth.mzML	1727	0	265.018218994141	1	7086.9	0.0
67	input_spectra/bkgrnd-marine-broth.mzML	1728	0	182.964279174805	1	7126.26	0.0
68	input_spectra/bkgrnd-marine-broth.mzML	1729	0	182.964279174805	1	7137.72	0.0
103	input_spectra/bkgrnd-marine-broth.mzML	1730	0	239.968907674154	1	7149.24	0.0
103	input_spectra/bkgrnd-marine-broth.mzML	1731	0	239.968907674154	1	7160.7	0.0
85	input_spectra/bkgrnd-marine-broth.mzML	1732	0	214.91953531901	1	7172.16	0.0
85	input_spectra/bkgrnd-marine-broth.mzML	1733	0	214.91953531901	1	7183.679999999999	0.0
81	input_spectra/bkgrnd-marine-broth.mzML	1734	0	203.224990844727	1	7195.139999999999	0.0
81	input_spectra/bkgrnd-marine-broth.mzML	1735	0	203.224990844727	1	7206.6	0.0
115	input_spectra/bkgrnd-marine-broth.mzML	1736	0	265.018218994141	1	7218.120000000001	0.0
115	input_spectra/bkgrnd-marine-broth.mzML	1737	0	265.018218994141	1	7229.58	0.0
85	input_spectra/bkgrnd-marine-broth.mzML	1738	0	214.91953531901	1	7269.0	0.0
85	input_spectra/bkgrnd-marine-broth.mzML	1739	0	214.91953531901	1	7280.46	0.0
115	input_spectra/bkgrnd-marine-broth.mzML	1740	0	265.018218994141	1	7291.9800000000005	0.0
115	input_spectra/bkgrnd-marine-broth.mzML	1741	0	265.018218994141	1	7303.4400000000005	0.0
85	input_spectra/bkgrnd-marine-broth.mzML	1742	0	214.91953531901	1	7342.799999999999	0.0
85	input_spectra/bkgrnd-marine-broth.mzML	1743	0	214.91953531901	1	7354.32	0.0
3	input_spectra/bkgrnd-marine-broth.mzML	1744	0	110.009817759196	1	7549.98	0.0
3	input_spectra/bkgrnd-marine-broth.mzML	1745	0	110.009817759196	1	7561.5	0.0
3	input_spectra/bkgrnd-marine-broth.mzML	1746	0	110.009817759196	1	7600.8	0.0
3	input_spectra/bkgrnd-marine-broth.mzML	1747	0	110.009817759196	1	7612.259999999999	0.0
3	input_spectra/bkgrnd-marine-broth.mzML	1748	0	110.009817759196	1	7651.62	0.0
3	input_spectra/bkgrnd-marine-broth.mzML	1749	0	110.009817759196	1	7663.139999999999	0.0
42	input_spectra/bkgrnd-marine-broth.mzML	1750	0	146.166600545247	1	7702.5	0.0
42	input_spectra/bkgrnd-marine-broth.mzML	1751	0	146.166600545247	1	7713.96	0.0
16	input_spectra/bkgrnd-marine-broth.mzML	1752	0	125.987463378906	1	7725.42	0.0
16	input_spectra/bkgrnd-marine-broth.mzML	1753	0	125.987463378906	1	7736.88	0.0
46	input_spectra/bkgrnd-marine-broth.mzML	1754	0	151.036672973633	1	7748.4	0.0
46	input_spectra/bkgrnd-marine-broth.mzML	1755	0	151.036672973633	1	7759.86	0.0
42	input_spectra/bkgrnd-marine-broth.mzML	1756	0	146.166600545247	1	7799.219999999999	0.0
42	input_spectra/bkgrnd-marine-broth.mzML	1757	0	146.166600545247	1	7810.74	0.0
89	input_spectra/bkgrnd-marine-broth.mzML	1758	0	223.991306304932	1	7822.200000000001	0.0
89	input_spectra/bkgrnd-marine-broth.mzML	1759	0	223.991306304932	1	7833.720000000001	0.0
16	input_spectra/bkgrnd-marine-broth.mzML	1760	0	125.987463378906	1	7845.179999999999	0.0
16	input_spectra/bkgrnd-marine-broth.mzML	1761	0	125.987463378906	1	7856.639999999999	0.0
46	input_spectra/bkgrnd-marine-broth.mzML	1762	0	151.036672973633	1	7868.099999999999	0.0
46	input_spectra/bkgrnd-marine-broth.mzML	1763	0	151.036672973633	1	7879.62	0.0
42	input_spectra/bkgrnd-marine-broth.mzML	1764	0	146.166600545247	1	7918.9800000000005	0.0
42	input_spectra/bkgrnd-marine-broth.mzML	1765	0	146.166600545247	1	7930.4400000000005	0.0
5	input_spectra/bkgrnd-marine-broth.mzML	1766	0	118.087252298991	1	8847.6	0.0
5	input_spectra/bkgrnd-marine-broth.mzML	1767	0	118.087252298991	1	8859.060000000001	0.0
5	input_spectra/bkgrnd-marine-broth.mzML	1768	0	118.087252298991	1	8898.42	0.0
5	input_spectra/bkgrnd-marine-broth.mzML	1769	0	118.087252298991	1	8909.94	0.0
5	input_spectra/bkgrnd-marine-broth.mzML	1770	0	118.087252298991	1	8949.24	0.0
5	input_spectra/bkgrnd-marine-broth.mzML	1771	0	118.087252298991	1	8960.76	0.0
23	input_spectra/bkgrnd-marine-broth.mzML	1772	0	130.098500569661	1	9000.12	0.0
23	input_spectra/bkgrnd-marine-broth.mzML	1773	0	130.098500569661	1	9011.58	0.0
23	input_spectra/bkgrnd-marine-broth.mzML	1774	0	130.098500569661	1	9050.939999999999	0.0
23	input_spectra/bkgrnd-marine-broth.mzML	1775	0	130.098500569661	1	9062.4	0.0
23	input_spectra/bkgrnd-marine-broth.mzML	1776	0	130.098500569661	1	9101.76	0.0
23	input_spectra/bkgrnd-marine-broth.mzML	1777	0	130.098500569661	1	9113.22	0.0
51	input_spectra/bkgrnd-marine-broth.mzML	1778	0	158.093879699707	1	9645.599999999999	0.0
51	input_spectra/bkgrnd-marine-broth.mzML	1779	0	158.093879699707	1	9657.06	0.0
51	input_spectra/bkgrnd-marine-broth.mzML	1780	0	158.093879699707	1	9696.48	0.0
51	input_spectra/bkgrnd-marine-broth.mzML	1781	0	158.093879699707	1	9707.94	0.0
51	input_spectra/bkgrnd-marine-broth.mzML	1782	0	158.093879699707	1	9747.359999999999	0.0
51	input_spectra/bkgrnd-marine-broth.mzML	1783	0	158.093879699707	1	9758.82	0.0
45	input_spectra/bkgrnd-marine-broth.mzML	1784	0	150.059661865234	1	9770.279999999999	0.0
45	input_spectra/bkgrnd-marine-broth.mzML	1785	0	150.059661865234	1	9821.16	0.0
45	input_spectra/bkgrnd-marine-broth.mzML	1786	0	150.059661865234	1	9832.62	0.0
45	input_spectra/bkgrnd-marine-broth.mzML	1787	0	150.059661865234	1	9872.039999999999	0.0
45	input_spectra/bkgrnd-marine-broth.mzML	1788	0	150.059661865234	1	9883.5	0.0
20	input_spectra/bkgrnd-marine-broth.mzML	1789	0	130.05116780599	1	9982.980000000001	0.0
5	input_spectra/bkgrnd-marine-broth.mzML	1790	0	118.087252298991	1	10033.8	0.0
5	input_spectra/bkgrnd-marine-broth.mzML	1791	0	118.087252298991	1	10045.26	0.0
20	input_spectra/bkgrnd-marine-broth.mzML	1792	0	130.05116780599	1	10056.72	0.0
21	input_spectra/bkgrnd-marine-broth.mzML	1793	0	130.05116780599	1	10068.18	0.0
5	input_spectra/bkgrnd-marine-broth.mzML	1794	0	118.087252298991	1	10107.54	0.0
5	input_spectra/bkgrnd-marine-broth.mzML	1795	0	118.087252298991	1	10119.0	0.0
20	input_spectra/bkgrnd-marine-broth.mzML	1796	0	130.05116780599	1	10130.460000000001	0.0
21	input_spectra/bkgrnd-marine-broth.mzML	1797	0	130.05116780599	1	10141.92	0.0
5	input_spectra/bkgrnd-marine-broth.mzML	1798	0	118.087252298991	1	10181.279999999999	0.0
5	input_spectra/bkgrnd-marine-broth.mzML	1799	0	118.087252298991	1	10192.74	0.0
28	input_spectra/bkgrnd-marine-broth.mzML	1800	0	132.103280318411	1	10424.519999999999	0.0
28	input_spectra/bkgrnd-marine-broth.mzML	1801	0	132.103280318411	1	10435.98	0.0
28	input_spectra/bkgrnd-marine-broth.mzML	1802	0	132.103280318411	1	10475.34	0.0
28	input_spectra/bkgrnd-marine-broth.mzML	1803	0	132.103280318411	1	10486.86	0.0
28	input_spectra/bkgrnd-marine-broth.mzML	1804	0	132.103280318411	1	10526.220000000001	0.0
28	input_spectra/bkgrnd-marine-broth.mzML	1805	0	132.103280318411	1	10537.679999999998	0.0
51	input_spectra/bkgrnd-marine-broth.mzML	1806	0	158.093879699707	1	10781.460000000001	0.0
51	input_spectra/bkgrnd-marine-broth.mzML	1807	0	158.093879699707	1	10792.92	0.0
51	input_spectra/bkgrnd-marine-broth.mzML	1808	0	158.093879699707	1	10832.34	0.0
51	input_spectra/bkgrnd-marine-broth.mzML	1809	0	158.093879699707	1	10843.8	0.0
51	input_spectra/bkgrnd-marine-broth.mzML	1810	0	158.093879699707	1	10883.16	0.0
51	input_spectra/bkgrnd-marine-broth.mzML	1811	0	158.093879699707	1	10894.619999999999	0.0
5	input_spectra/bkgrnd-marine-broth.mzML	1812	0	118.087252298991	1	11198.58	0.0
5	input_spectra/bkgrnd-marine-broth.mzML	1813	0	118.087252298991	1	11210.04	0.0
5	input_spectra/bkgrnd-marine-broth.mzML	1814	0	118.087252298991	1	11249.400000000001	0.0
5	input_spectra/bkgrnd-marine-broth.mzML	1815	0	118.087252298991	1	11260.86	0.0
5	input_spectra/bkgrnd-marine-broth.mzML	1816	0	118.087252298991	1	11323.2	0.0
5	input_spectra/bkgrnd-marine-broth.mzML	1817	0	118.087252298991	1	11334.66	0.0
22	input_spectra/bkgrnd-marine-broth.mzML	1818	0	130.05116780599	1	11505.24	0.0
22	input_spectra/bkgrnd-marine-broth.mzML	1819	0	130.05116780599	1	11556.12	0.0
110	input_spectra/bkgrnd-marine-broth.mzML	1820	0	260.199279785156	1	11579.1	0.0
110	input_spectra/bkgrnd-marine-broth.mzML	1821	0	260.199279785156	1	11590.56	0.0
63	input_spectra/bkgrnd-marine-broth.mzML	1822	0	175.109786987305	1	11602.08	0.0
63	input_spectra/bkgrnd-marine-broth.mzML	1823	0	175.109786987305	1	11613.539999999999	0.0
31	input_spectra/bkgrnd-marine-broth.mzML	1824	0	132.107032775879	1	11675.939999999999	0.0
116	input_spectra/bkgrnd-marine-broth.mzML	1825	0	268.106628417969	1	11698.86	0.0
116	input_spectra/bkgrnd-marine-broth.mzML	1826	0	268.106628417969	1	11710.380000000001	0.0
63	input_spectra/bkgrnd-marine-broth.mzML	1827	0	175.109786987305	1	11721.84	0.0
63	input_spectra/bkgrnd-marine-broth.mzML	1828	0	175.109786987305	1	11733.36	0.0
33	input_spectra/bkgrnd-marine-broth.mzML	1829	0	137.04709370931	1	11744.820000000002	0.0
34	input_spectra/bkgrnd-marine-broth.mzML	1830	0	137.04709370931	1	11756.279999999999	0.0
31	input_spectra/bkgrnd-marine-broth.mzML	1831	0	132.109466552734	1	11830.26	0.0
116	input_spectra/bkgrnd-marine-broth.mzML	1832	0	268.106628417969	1	11841.78	0.0
116	input_spectra/bkgrnd-marine-broth.mzML	1833	0	268.106628417969	1	11853.24	0.0
270	input_spectra/bkgrnd-marine-broth.mzML	1834	0	683.354614257813	1	11876.34	0.0
31	input_spectra/bkgrnd-marine-broth.mzML	1835	0	132.107032775879	1	11961.66	0.0
107	input_spectra/bkgrnd-marine-broth.mzML	1836	0	254.163650512695	1	11984.64	0.0
108	input_spectra/bkgrnd-marine-broth.mzML	1837	0	254.163650512695	1	11996.1	0.0
116	input_spectra/bkgrnd-marine-broth.mzML	1838	0	268.106628417969	1	12007.62	0.0
116	input_spectra/bkgrnd-marine-broth.mzML	1839	0	268.106628417969	1	12019.08	0.0
49	input_spectra/bkgrnd-marine-broth.mzML	1840	0	155.082990010579	1	12030.599999999999	0.0
49	input_spectra/bkgrnd-marine-broth.mzML	1841	0	155.082990010579	1	12042.06	0.0
14	input_spectra/bkgrnd-marine-broth.mzML	1842	0	121.065930684408	1	12053.52	0.0
14	input_spectra/bkgrnd-marine-broth.mzML	1843	0	121.065930684408	1	12065.04	0.0
29	input_spectra/bkgrnd-marine-broth.mzML	1844	0	132.103280318411	1	12104.400000000001	0.0
28	input_spectra/bkgrnd-marine-broth.mzML	1845	0	132.103280318411	1	12115.86	0.0
14	input_spectra/bkgrnd-marine-broth.mzML	1846	0	121.065930684408	1	12127.320000000002	0.0
14	input_spectra/bkgrnd-marine-broth.mzML	1847	0	121.065930684408	1	12138.779999999999	0.0
49	input_spectra/bkgrnd-marine-broth.mzML	1848	0	155.082990010579	1	12150.24	0.0
49	input_spectra/bkgrnd-marine-broth.mzML	1849	0	155.082990010579	1	12161.76	0.0
86	input_spectra/bkgrnd-marine-broth.mzML	1850	0	215.141209920247	1	12173.22	0.0
86	input_spectra/bkgrnd-marine-broth.mzML	1851	0	215.141209920247	1	12184.74	0.0
65	input_spectra/bkgrnd-marine-broth.mzML	1852	0	182.083048502604	1	12196.2	0.0
66	input_spectra/bkgrnd-marine-broth.mzML	1853	0	182.083048502604	1	12207.66	0.0
29	input_spectra/bkgrnd-marine-broth.mzML	1854	0	132.103280318411	1	12247.019999999999	0.0
28	input_spectra/bkgrnd-marine-broth.mzML	1855	0	132.103280318411	1	12258.539999999999	0.0
49	input_spectra/bkgrnd-marine-broth.mzML	1856	0	155.082990010579	1	12270.0	0.0
49	input_spectra/bkgrnd-marine-broth.mzML	1857	0	155.082990010579	1	12281.460000000001	0.0
65	input_spectra/bkgrnd-marine-broth.mzML	1858	0	182.083048502604	1	12292.980000000001	0.0
66	input_spectra/bkgrnd-marine-broth.mzML	1859	0	182.083048502604	1	12304.44	0.0
14	input_spectra/bkgrnd-marine-broth.mzML	1860	0	121.065930684408	1	12315.9	0.0
14	input_spectra/bkgrnd-marine-broth.mzML	1861	0	121.065930684408	1	12327.359999999999	0.0
86	input_spectra/bkgrnd-marine-broth.mzML	1862	0	215.141209920247	1	12338.88	0.0
86	input_spectra/bkgrnd-marine-broth.mzML	1863	0	215.141209920247	1	12350.34	0.0
66	input_spectra/bkgrnd-marine-broth.mzML	1864	0	182.083048502604	1	12401.220000000001	0.0
29	input_spectra/bkgrnd-marine-broth.mzML	1865	0	132.103280318411	1	12412.679999999998	0.0
28	input_spectra/bkgrnd-marine-broth.mzML	1866	0	132.103280318411	1	12424.199999999999	0.0
32	input_spectra/bkgrnd-marine-broth.mzML	1867	0	136.077031453451	1	12435.66	0.0
32	input_spectra/bkgrnd-marine-broth.mzML	1868	0	136.077031453451	1	12447.119999999999	0.0
55	input_spectra/bkgrnd-marine-broth.mzML	1869	0	165.056243896484	1	12458.64	0.0
57	input_spectra/bkgrnd-marine-broth.mzML	1870	0	165.056243896484	1	12470.1	0.0
86	input_spectra/bkgrnd-marine-broth.mzML	1871	0	215.141209920247	1	12481.560000000001	0.0
86	input_spectra/bkgrnd-marine-broth.mzML	1872	0	215.141209920247	1	12493.08	0.0
29	input_spectra/bkgrnd-marine-broth.mzML	1873	0	132.103280318411	1	12532.44	0.0
28	input_spectra/bkgrnd-marine-broth.mzML	1874	0	132.103280318411	1	12543.9	0.0
32	input_spectra/bkgrnd-marine-broth.mzML	1875	0	136.077031453451	1	12555.42	0.0
32	input_spectra/bkgrnd-marine-broth.mzML	1876	0	136.077031453451	1	12566.880000000001	0.0
55	input_spectra/bkgrnd-marine-broth.mzML	1877	0	165.056243896484	1	12578.34	0.0
57	input_spectra/bkgrnd-marine-broth.mzML	1878	0	165.056243896484	1	12589.859999999999	0.0
15	input_spectra/bkgrnd-marine-broth.mzML	1879	0	123.045349121094	1	12612.779999999999	0.0
57	input_spectra/bkgrnd-marine-broth.mzML	1880	0	165.056243896484	1	12663.66	0.0
32	input_spectra/bkgrnd-marine-broth.mzML	1881	0	136.077031453451	1	12675.12	0.0
100	input_spectra/bkgrnd-marine-broth.mzML	1882	0	237.088798522949	1	12698.099999999999	0.0
102	input_spectra/bkgrnd-marine-broth.mzML	1883	0	237.088798522949	1	12709.56	0.0
15	input_spectra/bkgrnd-marine-broth.mzML	1884	0	123.045349121094	1	12732.54	0.0
33	input_spectra/bkgrnd-marine-broth.mzML	1885	0	137.04709370931	1	12771.900000000001	0.0
34	input_spectra/bkgrnd-marine-broth.mzML	1886	0	137.04709370931	1	12783.36	0.0
100	input_spectra/bkgrnd-marine-broth.mzML	1887	0	237.088798522949	1	12794.88	0.0
102	input_spectra/bkgrnd-marine-broth.mzML	1888	0	237.088798522949	1	12806.34	0.0
47	input_spectra/bkgrnd-marine-broth.mzML	1889	0	152.058049519857	1	13016.82	0.0
47	input_spectra/bkgrnd-marine-broth.mzML	1890	0	152.058049519857	1	13028.28	0.0
47	input_spectra/bkgrnd-marine-broth.mzML	1891	0	152.058049519857	1	13067.640000000001	0.0
47	input_spectra/bkgrnd-marine-broth.mzML	1892	0	152.058049519857	1	13079.16	0.0
120	input_spectra/bkgrnd-marine-broth.mzML	1893	0	284.101715087891	1	13090.619999999999	0.0
121	input_spectra/bkgrnd-marine-broth.mzML	1894	0	284.101715087891	1	13102.14	0.0
47	input_spectra/bkgrnd-marine-broth.mzML	1895	0	152.058049519857	1	13141.5	0.0
47	input_spectra/bkgrnd-marine-broth.mzML	1896	0	152.058049519857	1	13152.960000000001	0.0
120	input_spectra/bkgrnd-marine-broth.mzML	1897	0	284.101715087891	1	13164.48	0.0
121	input_spectra/bkgrnd-marine-broth.mzML	1898	0	284.101715087891	1	13175.939999999999	0.0
120	input_spectra/bkgrnd-marine-broth.mzML	1899	0	284.101715087891	1	13215.3	0.0
121	input_spectra/bkgrnd-marine-broth.mzML	1900	0	284.101715087891	1	13226.82	0.0
49	input_spectra/bkgrnd-marine-broth.mzML	1901	0	155.082990010579	1	13238.28	0.0
49	input_spectra/bkgrnd-marine-broth.mzML	1902	0	155.082990010579	1	13249.800000000001	0.0
49	input_spectra/bkgrnd-marine-broth.mzML	1903	0	155.082990010579	1	13289.1	0.0
49	input_spectra/bkgrnd-marine-broth.mzML	1904	0	155.082990010579	1	13300.619999999999	0.0
49	input_spectra/bkgrnd-marine-broth.mzML	1905	0	155.082990010579	1	13339.98	0.0
49	input_spectra/bkgrnd-marine-broth.mzML	1906	0	155.082990010579	1	13351.44	0.0
28	input_spectra/bkgrnd-marine-broth.mzML	1907	0	132.103280318411	1	13487.039999999999	0.0
28	input_spectra/bkgrnd-marine-broth.mzML	1908	0	132.103280318411	1	13498.5	0.0
28	input_spectra/bkgrnd-marine-broth.mzML	1909	0	132.103280318411	1	13537.8	0.0
28	input_spectra/bkgrnd-marine-broth.mzML	1910	0	132.103280318411	1	13549.26	0.0
28	input_spectra/bkgrnd-marine-broth.mzML	1911	0	132.103280318411	1	13588.68	0.0
28	input_spectra/bkgrnd-marine-broth.mzML	1912	0	132.103280318411	1	13600.140000000001	0.0
87	input_spectra/bkgrnd-marine-broth.mzML	1913	0	217.156880696615	1	14240.76	0.0
87	input_spectra/bkgrnd-marine-broth.mzML	1914	0	217.156880696615	1	14252.220000000001	0.0
87	input_spectra/bkgrnd-marine-broth.mzML	1915	0	217.156880696615	1	14291.64	0.0
87	input_spectra/bkgrnd-marine-broth.mzML	1916	0	217.156880696615	1	14303.099999999999	0.0
87	input_spectra/bkgrnd-marine-broth.mzML	1917	0	217.156880696615	1	14342.46	0.0
87	input_spectra/bkgrnd-marine-broth.mzML	1918	0	217.156880696615	1	14353.98	0.0
28	input_spectra/bkgrnd-marine-broth.mzML	1919	0	132.103280318411	1	14657.880000000001	0.0
28	input_spectra/bkgrnd-marine-broth.mzML	1920	0	132.103280318411	1	14669.34	0.0
28	input_spectra/bkgrnd-marine-broth.mzML	1921	0	132.103280318411	1	14708.7	0.0
28	input_spectra/bkgrnd-marine-broth.mzML	1922	0	132.103280318411	1	14720.16	0.0
28	input_spectra/bkgrnd-marine-broth.mzML	1923	0	132.103280318411	1	14759.58	0.0
28	input_spectra/bkgrnd-marine-broth.mzML	1924	0	132.103280318411	1	14771.039999999999	0.0
37	input_spectra/bkgrnd-marine-broth.mzML	1925	0	141.95991734096	1	14810.4	0.0
37	input_spectra/bkgrnd-marine-broth.mzML	1926	0	141.95991734096	1	14821.92	0.0
83	input_spectra/bkgrnd-marine-broth.mzML	1927	0	211.109888712565	1	14909.400000000001	0.0
83	input_spectra/bkgrnd-marine-broth.mzML	1928	0	211.109888712565	1	14972.28	0.0
83	input_spectra/bkgrnd-marine-broth.mzML	1929	0	211.109888712565	1	14983.740000000002	0.0
83	input_spectra/bkgrnd-marine-broth.mzML	1930	0	211.109888712565	1	15023.099999999999	0.0
83	input_spectra/bkgrnd-marine-broth.mzML	1931	0	211.109888712565	1	15034.619999999999	0.0
37	input_spectra/bkgrnd-marine-broth.mzML	1932	0	141.95991734096	1	15158.099999999999	0.0
37	input_spectra/bkgrnd-marine-broth.mzML	1933	0	141.95991734096	1	15169.619999999999	0.0
154	input_spectra/bkgrnd-marine-broth.mzML	1934	0	359.196111043294	1	15245.04	0.0
154	input_spectra/bkgrnd-marine-broth.mzML	1935	0	359.196111043294	1	15256.560000000001	0.0
154	input_spectra/bkgrnd-marine-broth.mzML	1936	0	359.196111043294	1	15392.100000000002	0.0
154	input_spectra/bkgrnd-marine-broth.mzML	1937	0	359.196111043294	1	15403.619999999999	0.0
154	input_spectra/bkgrnd-marine-broth.mzML	1938	0	359.196111043294	1	15442.98	0.0
154	input_spectra/bkgrnd-marine-broth.mzML	1939	0	359.196111043294	1	15454.44	0.0
27	input_spectra/bkgrnd-marine-broth.mzML	1940	0	131.930934906006	1	15493.800000000001	0.0
27	input_spectra/bkgrnd-marine-broth.mzML	1941	0	131.930934906006	1	15505.320000000002	0.0
37	input_spectra/bkgrnd-marine-broth.mzML	1942	0	141.95991734096	1	15556.68	0.0
37	input_spectra/bkgrnd-marine-broth.mzML	1943	0	141.95991734096	1	15568.14	0.0
27	input_spectra/bkgrnd-marine-broth.mzML	1944	0	131.930934906006	1	15703.74	0.0
27	input_spectra/bkgrnd-marine-broth.mzML	1945	0	131.930934906006	1	15715.2	0.0
27	input_spectra/bkgrnd-marine-broth.mzML	1946	0	131.930934906006	1	15778.619999999999	0.0
27	input_spectra/bkgrnd-marine-broth.mzML	1947	0	131.930934906006	1	15790.08	0.0
28	input_spectra/bkgrnd-marine-broth.mzML	1948	0	132.103280318411	1	15829.38	0.0
28	input_spectra/bkgrnd-marine-broth.mzML	1949	0	132.103280318411	1	15840.9	0.0
28	input_spectra/bkgrnd-marine-broth.mzML	1950	0	132.103280318411	1	15880.26	0.0
28	input_spectra/bkgrnd-marine-broth.mzML	1951	0	132.103280318411	1	15891.720000000001	0.0
28	input_spectra/bkgrnd-marine-broth.mzML	1952	0	132.103280318411	1	15943.14	0.0
28	input_spectra/bkgrnd-marine-broth.mzML	1953	0	132.103280318411	1	15954.600000000002	0.0
74	input_spectra/bkgrnd-marine-broth.mzML	1954	0	189.088806152344	1	16030.08	0.0
75	input_spectra/bkgrnd-marine-broth.mzML	1955	0	189.088806152344	1	16041.539999999999	0.0
74	input_spectra/bkgrnd-marine-broth.mzML	1956	0	189.088806152344	1	16080.9	0.0
75	input_spectra/bkgrnd-marine-broth.mzML	1957	0	189.088806152344	1	16092.36	0.0
74	input_spectra/bkgrnd-marine-broth.mzML	1958	0	189.088806152344	1	16131.720000000001	0.0
74	input_spectra/bkgrnd-marine-broth.mzML	1959	0	189.088806152344	1	16143.239999999998	0.0
58	input_spectra/bkgrnd-marine-broth.mzML	1960	0	166.088059743245	1	16350.9	0.0
59	input_spectra/bkgrnd-marine-broth.mzML	1961	0	166.088059743245	1	16362.42	0.0
58	input_spectra/bkgrnd-marine-broth.mzML	1962	0	166.088059743245	1	16401.72	0.0
59	input_spectra/bkgrnd-marine-broth.mzML	1963	0	166.088059743245	1	16413.239999999998	0.0
9	input_spectra/bkgrnd-marine-broth.mzML	1964	0	120.082079569499	1	16424.7	0.0
12	input_spectra/bkgrnd-marine-broth.mzML	1965	0	120.082079569499	1	16436.16	0.0
58	input_spectra/bkgrnd-marine-broth.mzML	1966	0	166.088059743245	1	16475.52	0.0
59	input_spectra/bkgrnd-marine-broth.mzML	1967	0	166.088059743245	1	16486.98	0.0
9	input_spectra/bkgrnd-marine-broth.mzML	1968	0	120.082079569499	1	16498.44	0.0
12	input_spectra/bkgrnd-marine-broth.mzML	1969	0	120.082079569499	1	16509.96	0.0
76	input_spectra/bkgrnd-marine-broth.mzML	1970	0	189.125183105469	1	16521.420000000002	0.0
76	input_spectra/bkgrnd-marine-broth.mzML	1971	0	189.125183105469	1	16532.88	0.0
9	input_spectra/bkgrnd-marine-broth.mzML	1972	0	120.082079569499	1	16572.24	0.0
12	input_spectra/bkgrnd-marine-broth.mzML	1973	0	120.082079569499	1	16583.699999999997	0.0
154	input_spectra/bkgrnd-marine-broth.mzML	1974	0	359.196111043294	1	16595.280000000002	0.0
154	input_spectra/bkgrnd-marine-broth.mzML	1975	0	359.196111043294	1	16606.739999999998	0.0
76	input_spectra/bkgrnd-marine-broth.mzML	1976	0	189.125183105469	1	16618.260000000002	0.0
76	input_spectra/bkgrnd-marine-broth.mzML	1977	0	189.125183105469	1	16629.719999999998	0.0
25	input_spectra/bkgrnd-marine-broth.mzML	1978	0	131.05034383138	1	16641.18	0.0
26	input_spectra/bkgrnd-marine-broth.mzML	1979	0	131.05034383138	1	16652.64	0.0
60	input_spectra/bkgrnd-marine-broth.mzML	1980	0	166.093887329102	1	16692.06	0.0
61	input_spectra/bkgrnd-marine-broth.mzML	1981	0	166.093887329102	1	16703.52	0.0
7	input_spectra/bkgrnd-marine-broth.mzML	1982	0	120.084854125977	1	16714.980000000003	0.0
10	input_spectra/bkgrnd-marine-broth.mzML	1983	0	120.084854125977	1	16726.44	0.0
76	input_spectra/bkgrnd-marine-broth.mzML	1984	0	189.125183105469	1	16737.96	0.0
76	input_spectra/bkgrnd-marine-broth.mzML	1985	0	189.125183105469	1	16749.42	0.0
154	input_spectra/bkgrnd-marine-broth.mzML	1986	0	359.196111043294	1	16760.94	0.0
154	input_spectra/bkgrnd-marine-broth.mzML	1987	0	359.196111043294	1	16772.46	0.0
25	input_spectra/bkgrnd-marine-broth.mzML	1988	0	131.05034383138	1	16783.920000000002	0.0
26	input_spectra/bkgrnd-marine-broth.mzML	1989	0	131.05034383138	1	16795.38	0.0
7	input_spectra/bkgrnd-marine-broth.mzML	1990	0	120.086292266846	1	16834.8	0.0
10	input_spectra/bkgrnd-marine-broth.mzML	1991	0	120.086292266846	1	16846.260000000002	0.0
154	input_spectra/bkgrnd-marine-broth.mzML	1992	0	359.196111043294	1	16857.780000000002	0.0
154	input_spectra/bkgrnd-marine-broth.mzML	1993	0	359.196111043294	1	16869.239999999998	0.0
25	input_spectra/bkgrnd-marine-broth.mzML	1994	0	131.05034383138	1	16880.760000000002	0.0
26	input_spectra/bkgrnd-marine-broth.mzML	1995	0	131.05034383138	1	16892.219999999998	0.0
43	input_spectra/bkgrnd-marine-broth.mzML	1996	0	149.061024983724	1	16903.68	0.0
44	input_spectra/bkgrnd-marine-broth.mzML	1997	0	149.061024983724	1	16915.2	0.0
7	input_spectra/bkgrnd-marine-broth.mzML	1998	0	120.086292266846	1	16977.54	0.0
10	input_spectra/bkgrnd-marine-broth.mzML	1999	0	120.086292266846	1	16989.0	0.0
43	input_spectra/bkgrnd-marine-broth.mzML	2000	0	149.061024983724	1	17000.46	0.0
44	input_spectra/bkgrnd-marine-broth.mzML	2001	0	149.061024983724	1	17011.92	0.0
43	input_spectra/bkgrnd-marine-broth.mzML	2002	0	149.061024983724	1	17051.34	0.0
44	input_spectra/bkgrnd-marine-broth.mzML	2003	0	149.061024983724	1	17062.8	0.0
60	input_spectra/bkgrnd-marine-broth.mzML	2004	0	166.093887329102	1	17102.16	0.0
61	input_spectra/bkgrnd-marine-broth.mzML	2005	0	166.093887329102	1	17113.68	0.0
144	input_spectra/bkgrnd-marine-broth.mzML	2006	0	331.200653076172	1	17125.14	0.0
144	input_spectra/bkgrnd-marine-broth.mzML	2007	0	331.200653076172	1	17136.66	0.0
60	input_spectra/bkgrnd-marine-broth.mzML	2008	0	166.093887329102	1	17176.02	0.0
61	input_spectra/bkgrnd-marine-broth.mzML	2009	0	166.093887329102	1	17187.480000000003	0.0
144	input_spectra/bkgrnd-marine-broth.mzML	2010	0	331.200653076172	1	17199.0	0.0
144	input_spectra/bkgrnd-marine-broth.mzML	2011	0	331.200653076172	1	17210.52	0.0
144	input_spectra/bkgrnd-marine-broth.mzML	2012	0	331.200653076172	1	17249.88	0.0
144	input_spectra/bkgrnd-marine-broth.mzML	2013	0	331.200653076172	1	17261.34	0.0
37	input_spectra/bkgrnd-marine-broth.mzML	2014	0	141.95991734096	1	17272.859999999997	0.0
37	input_spectra/bkgrnd-marine-broth.mzML	2015	0	141.95991734096	1	17284.32	0.0
37	input_spectra/bkgrnd-marine-broth.mzML	2016	0	141.95991734096	1	17323.68	0.0
37	input_spectra/bkgrnd-marine-broth.mzML	2017	0	141.95991734096	1	17335.2	0.0
37	input_spectra/bkgrnd-marine-broth.mzML	2018	0	141.95991734096	1	17374.56	0.0
37	input_spectra/bkgrnd-marine-broth.mzML	2019	0	141.95991734096	1	17386.02	0.0
58	input_spectra/bkgrnd-marine-broth.mzML	2020	0	166.088059743245	1	17497.559999999998	0.0
59	input_spectra/bkgrnd-marine-broth.mzML	2021	0	166.088059743245	1	17509.02	0.0
58	input_spectra/bkgrnd-marine-broth.mzML	2022	0	166.088059743245	1	17548.38	0.0
59	input_spectra/bkgrnd-marine-broth.mzML	2023	0	166.088059743245	1	17559.84	0.0
58	input_spectra/bkgrnd-marine-broth.mzML	2024	0	166.088059743245	1	17599.2	0.0
59	input_spectra/bkgrnd-marine-broth.mzML	2025	0	166.088059743245	1	17610.72	0.0
9	input_spectra/bkgrnd-marine-broth.mzML	2026	0	120.082079569499	1	17622.18	0.0
12	input_spectra/bkgrnd-marine-broth.mzML	2027	0	120.082079569499	1	17633.64	0.0
9	input_spectra/bkgrnd-marine-broth.mzML	2028	0	120.082079569499	1	17673.0	0.0
12	input_spectra/bkgrnd-marine-broth.mzML	2029	0	120.082079569499	1	17684.52	0.0
9	input_spectra/bkgrnd-marine-broth.mzML	2030	0	120.082079569499	1	17723.82	0.0
12	input_spectra/bkgrnd-marine-broth.mzML	2031	0	120.082079569499	1	17735.34	0.0
52	input_spectra/bkgrnd-marine-broth.mzML	2032	0	158.962689717611	1	17822.76	0.0
52	input_spectra/bkgrnd-marine-broth.mzML	2033	0	158.962689717611	1	17834.22	0.0
52	input_spectra/bkgrnd-marine-broth.mzML	2034	0	158.962689717611	1	18234.36	0.0
52	input_spectra/bkgrnd-marine-broth.mzML	2035	0	158.962689717611	1	18245.82	0.0
52	input_spectra/bkgrnd-marine-broth.mzML	2036	0	158.962689717611	1	18297.24	0.0
52	input_spectra/bkgrnd-marine-broth.mzML	2037	0	158.962689717611	1	18308.699999999997	0.0
27	input_spectra/bkgrnd-marine-broth.mzML	2038	0	131.930934906006	1	18396.18	0.0
27	input_spectra/bkgrnd-marine-broth.mzML	2039	0	131.930934906006	1	18407.64	0.0
37	input_spectra/bkgrnd-marine-broth.mzML	2040	0	141.95991734096	1	18447.0	0.0
37	input_spectra/bkgrnd-marine-broth.mzML	2041	0	141.95991734096	1	18458.460000000003	0.0
37	input_spectra/bkgrnd-marine-broth.mzML	2042	0	141.95991734096	1	18497.88	0.0
37	input_spectra/bkgrnd-marine-broth.mzML	2043	0	141.95991734096	1	18509.34	0.0
37	input_spectra/bkgrnd-marine-broth.mzML	2044	0	141.95991734096	1	18548.699999999997	0.0
37	input_spectra/bkgrnd-marine-broth.mzML	2045	0	141.95991734096	1	18560.16	0.0
76	input_spectra/bkgrnd-marine-broth.mzML	2046	0	189.125183105469	1	18599.579999999998	0.0
58	input_spectra/bkgrnd-marine-broth.mzML	2047	0	166.088059743245	1	18650.399999999998	0.0
59	input_spectra/bkgrnd-marine-broth.mzML	2048	0	166.088059743245	1	18661.92	0.0
76	input_spectra/bkgrnd-marine-broth.mzML	2049	0	189.125183105469	1	18673.38	0.0
76	input_spectra/bkgrnd-marine-broth.mzML	2050	0	189.125183105469	1	18684.84	0.0
58	input_spectra/bkgrnd-marine-broth.mzML	2051	0	166.088059743245	1	18724.2	0.0
59	input_spectra/bkgrnd-marine-broth.mzML	2052	0	166.088059743245	1	18735.72	0.0
76	input_spectra/bkgrnd-marine-broth.mzML	2053	0	189.125183105469	1	18747.18	0.0
76	input_spectra/bkgrnd-marine-broth.mzML	2054	0	189.125183105469	1	18758.64	0.0
58	input_spectra/bkgrnd-marine-broth.mzML	2055	0	166.088059743245	1	18798.0	0.0
59	input_spectra/bkgrnd-marine-broth.mzML	2056	0	166.088059743245	1	18809.46	0.0
9	input_spectra/bkgrnd-marine-broth.mzML	2057	0	120.082079569499	1	18820.920000000002	0.0
12	input_spectra/bkgrnd-marine-broth.mzML	2058	0	120.082079569499	1	18832.440000000002	0.0
9	input_spectra/bkgrnd-marine-broth.mzML	2059	0	120.082079569499	1	18871.739999999998	0.0
12	input_spectra/bkgrnd-marine-broth.mzML	2060	0	120.082079569499	1	18883.2	0.0
28	input_spectra/bkgrnd-marine-broth.mzML	2061	0	132.103280318411	1	18894.719999999998	0.0
28	input_spectra/bkgrnd-marine-broth.mzML	2062	0	132.103280318411	1	18906.18	0.0
9	input_spectra/bkgrnd-marine-broth.mzML	2063	0	120.082079569499	1	18945.54	0.0
12	input_spectra/bkgrnd-marine-broth.mzML	2064	0	120.082079569499	1	18957.0	0.0
28	input_spectra/bkgrnd-marine-broth.mzML	2065	0	132.103280318411	1	18968.460000000003	0.0
28	input_spectra/bkgrnd-marine-broth.mzML	2066	0	132.103280318411	1	18979.980000000003	0.0
28	input_spectra/bkgrnd-marine-broth.mzML	2067	0	132.103280318411	1	19019.34	0.0
28	input_spectra/bkgrnd-marine-broth.mzML	2068	0	132.103280318411	1	19030.8	0.0
52	input_spectra/bkgrnd-marine-broth.mzML	2069	0	158.962689717611	1	19467.0	0.0
52	input_spectra/bkgrnd-marine-broth.mzML	2070	0	158.962689717611	1	19478.460000000003	0.0
52	input_spectra/bkgrnd-marine-broth.mzML	2071	0	158.962689717611	1	19541.879999999997	0.0
52	input_spectra/bkgrnd-marine-broth.mzML	2072	0	158.962689717611	1	19553.34	0.0
37	input_spectra/bkgrnd-marine-broth.mzML	2073	0	141.95991734096	1	19604.7	0.0
37	input_spectra/bkgrnd-marine-broth.mzML	2074	0	141.95991734096	1	19616.22	0.0
37	input_spectra/bkgrnd-marine-broth.mzML	2075	0	141.95991734096	1	19655.58	0.0
37	input_spectra/bkgrnd-marine-broth.mzML	2076	0	141.95991734096	1	19667.04	0.0
37	input_spectra/bkgrnd-marine-broth.mzML	2077	0	141.95991734096	1	19706.4	0.0
37	input_spectra/bkgrnd-marine-broth.mzML	2078	0	141.95991734096	1	19717.859999999997	0.0
95	input_spectra/bkgrnd-marine-broth.mzML	2079	0	229.157028198242	1	19769.28	0.0
95	input_spectra/bkgrnd-marine-broth.mzML	2080	0	229.157028198242	1	19780.739999999998	0.0
58	input_spectra/bkgrnd-marine-broth.mzML	2081	0	166.088059743245	1	19820.1	0.0
59	input_spectra/bkgrnd-marine-broth.mzML	2082	0	166.088059743245	1	19831.62	0.0
95	input_spectra/bkgrnd-marine-broth.mzML	2083	0	229.157028198242	1	19843.08	0.0
95	input_spectra/bkgrnd-marine-broth.mzML	2084	0	229.157028198242	1	19854.600000000002	0.0
95	input_spectra/bkgrnd-marine-broth.mzML	2085	0	229.157028198242	1	19893.96	0.0
95	input_spectra/bkgrnd-marine-broth.mzML	2086	0	229.157028198242	1	19905.420000000002	0.0
58	input_spectra/bkgrnd-marine-broth.mzML	2087	0	166.088059743245	1	19916.940000000002	0.0
59	input_spectra/bkgrnd-marine-broth.mzML	2088	0	166.088059743245	1	19928.399999999998	0.0
58	input_spectra/bkgrnd-marine-broth.mzML	2089	0	166.088059743245	1	19967.76	0.0
59	input_spectra/bkgrnd-marine-broth.mzML	2090	0	166.088059743245	1	19979.28	0.0
9	input_spectra/bkgrnd-marine-broth.mzML	2091	0	120.082079569499	1	19990.739999999998	0.0
12	input_spectra/bkgrnd-marine-broth.mzML	2092	0	120.082079569499	1	20002.2	0.0
9	input_spectra/bkgrnd-marine-broth.mzML	2093	0	120.082079569499	1	20053.56	0.0
12	input_spectra/bkgrnd-marine-broth.mzML	2094	0	120.082079569499	1	20065.019999999997	0.0
52	input_spectra/bkgrnd-marine-broth.mzML	2095	0	158.962689717611	1	20104.379999999997	0.0
52	input_spectra/bkgrnd-marine-broth.mzML	2096	0	158.962689717611	1	20115.84	0.0
9	input_spectra/bkgrnd-marine-broth.mzML	2097	0	120.082079569499	1	20127.3	0.0
12	input_spectra/bkgrnd-marine-broth.mzML	2098	0	120.082079569499	1	20138.760000000002	0.0
37	input_spectra/bkgrnd-marine-broth.mzML	2099	0	141.95991734096	1	20743.260000000002	0.0
37	input_spectra/bkgrnd-marine-broth.mzML	2100	0	141.95991734096	1	20754.719999999998	0.0
37	input_spectra/bkgrnd-marine-broth.mzML	2101	0	141.95991734096	1	20794.079999999998	0.0
37	input_spectra/bkgrnd-marine-broth.mzML	2102	0	141.95991734096	1	20805.6	0.0
37	input_spectra/bkgrnd-marine-broth.mzML	2103	0	141.95991734096	1	20844.96	0.0
37	input_spectra/bkgrnd-marine-broth.mzML	2104	0	141.95991734096	1	20856.420000000002	0.0
117	input_spectra/bkgrnd-marine-broth.mzML	2105	0	274.178975423177	1	21641.28	0.0
117	input_spectra/bkgrnd-marine-broth.mzML	2106	0	274.178975423177	1	21652.8	0.0
117	input_spectra/bkgrnd-marine-broth.mzML	2107	0	274.178975423177	1	21692.16	0.0
117	input_spectra/bkgrnd-marine-broth.mzML	2108	0	274.178975423177	1	21703.62	0.0
117	input_spectra/bkgrnd-marine-broth.mzML	2109	0	274.178975423177	1	21743.04	0.0
117	input_spectra/bkgrnd-marine-broth.mzML	2110	0	274.178975423177	1	21754.5	0.0
37	input_spectra/bkgrnd-marine-broth.mzML	2111	0	141.95991734096	1	21918.54	0.0
37	input_spectra/bkgrnd-marine-broth.mzML	2112	0	141.95991734096	1	21930.0	0.0
98	input_spectra/bkgrnd-marine-broth.mzML	2113	0	231.172617594401	1	21941.52	0.0
98	input_spectra/bkgrnd-marine-broth.mzML	2114	0	231.172617594401	1	21992.34	0.0
37	input_spectra/bkgrnd-marine-broth.mzML	2115	0	141.95991734096	1	22015.32	0.0
37	input_spectra/bkgrnd-marine-broth.mzML	2116	0	141.95991734096	1	22026.78	0.0
98	input_spectra/bkgrnd-marine-broth.mzML	2117	0	231.172617594401	1	22066.079999999998	0.0
98	input_spectra/bkgrnd-marine-broth.mzML	2118	0	231.172617594401	1	22077.6	0.0
37	input_spectra/bkgrnd-marine-broth.mzML	2119	0	141.95991734096	1	22089.06	0.0
37	input_spectra/bkgrnd-marine-broth.mzML	2120	0	141.95991734096	1	22100.52	0.0
95	input_spectra/bkgrnd-marine-broth.mzML	2121	0	229.157028198242	1	22717.079999999998	0.0
95	input_spectra/bkgrnd-marine-broth.mzML	2122	0	229.157028198242	1	22728.54	0.0
95	input_spectra/bkgrnd-marine-broth.mzML	2123	0	229.157028198242	1	22767.899999999998	0.0
95	input_spectra/bkgrnd-marine-broth.mzML	2124	0	229.157028198242	1	22779.36	0.0
95	input_spectra/bkgrnd-marine-broth.mzML	2125	0	229.157028198242	1	22818.78	0.0
95	input_spectra/bkgrnd-marine-broth.mzML	2126	0	229.157028198242	1	22830.24	0.0
37	input_spectra/bkgrnd-marine-broth.mzML	2127	0	141.95991734096	1	23098.08	0.0
37	input_spectra/bkgrnd-marine-broth.mzML	2128	0	141.95991734096	1	23109.54	0.0
37	input_spectra/bkgrnd-marine-broth.mzML	2129	0	141.95991734096	1	23148.96	0.0
37	input_spectra/bkgrnd-marine-broth.mzML	2130	0	141.95991734096	1	23160.420000000002	0.0
37	input_spectra/bkgrnd-marine-broth.mzML	2131	0	141.95991734096	1	23199.78	0.0
37	input_spectra/bkgrnd-marine-broth.mzML	2132	0	141.95991734096	1	23211.239999999998	0.0
95	input_spectra/bkgrnd-marine-broth.mzML	2133	0	229.157028198242	1	23863.86	0.0
95	input_spectra/bkgrnd-marine-broth.mzML	2134	0	229.157028198242	1	23875.38	0.0
221	input_spectra/bkgrnd-marine-broth.mzML	2135	0	527.287231445313	1	23886.9	0.0
221	input_spectra/bkgrnd-marine-broth.mzML	2136	0	527.287231445313	1	23898.420000000002	0.0
95	input_spectra/bkgrnd-marine-broth.mzML	2137	0	229.157028198242	1	23937.780000000002	0.0
95	input_spectra/bkgrnd-marine-broth.mzML	2138	0	229.157028198242	1	23949.3	0.0
95	input_spectra/bkgrnd-marine-broth.mzML	2139	0	229.157028198242	1	23988.6	0.0
95	input_spectra/bkgrnd-marine-broth.mzML	2140	0	229.157028198242	1	24000.12	0.0
299	input_spectra/bkgrnd-marine-broth.mzML	2141	0	922.434387207031	1	24063.059999999998	0.0
283	input_spectra/bkgrnd-marine-broth.mzML	2142	0	756.358744303385	1	24114.0	0.0
283	input_spectra/bkgrnd-marine-broth.mzML	2143	0	756.358744303385	1	24164.88	0.0
283	input_spectra/bkgrnd-marine-broth.mzML	2144	0	756.358744303385	1	24215.760000000002	0.0
297	input_spectra/bkgrnd-marine-broth.mzML	2145	0	906.440307617188	1	24227.34	0.0
298	input_spectra/bkgrnd-marine-broth.mzML	2146	0	906.440307617188	1	24238.86	0.0
257	input_spectra/bkgrnd-marine-broth.mzML	2147	0	618.330220540365	1	24250.44	0.0
258	input_spectra/bkgrnd-marine-broth.mzML	2148	0	618.330220540365	1	24261.96	0.0
284	input_spectra/bkgrnd-marine-broth.mzML	2149	0	783.443644205729	1	24273.48	0.0
285	input_spectra/bkgrnd-marine-broth.mzML	2150	0	783.443644205729	1	24285.059999999998	0.0
284	input_spectra/bkgrnd-marine-broth.mzML	2151	0	783.443644205729	1	24324.42	0.0
285	input_spectra/bkgrnd-marine-broth.mzML	2152	0	783.443644205729	1	24335.94	0.0
257	input_spectra/bkgrnd-marine-broth.mzML	2153	0	618.330220540365	1	24347.519999999997	0.0
258	input_spectra/bkgrnd-marine-broth.mzML	2154	0	618.330220540365	1	24359.039999999997	0.0
311	input_spectra/bkgrnd-marine-broth.mzML	2155	0	1105.584289550781	1	24370.620000000003	0.0
288	input_spectra/bkgrnd-marine-broth.mzML	2156	0	811.401672363281	1	24405.3	0.0
257	input_spectra/bkgrnd-marine-broth.mzML	2157	0	618.330220540365	1	24444.66	0.0
258	input_spectra/bkgrnd-marine-broth.mzML	2158	0	618.330220540365	1	24456.18	0.0
284	input_spectra/bkgrnd-marine-broth.mzML	2159	0	783.443644205729	1	24467.76	0.0
285	input_spectra/bkgrnd-marine-broth.mzML	2160	0	783.443644205729	1	24479.28	0.0
311	input_spectra/bkgrnd-marine-broth.mzML	2161	0	1105.584289550781	1	24490.86	0.0
312	input_spectra/bkgrnd-marine-broth.mzML	2162	0	1105.584289550781	1	24502.440000000002	0.0
303	input_spectra/bkgrnd-marine-broth.mzML	2163	0	938.430145263672	1	24514.02	0.0
304	input_spectra/bkgrnd-marine-broth.mzML	2164	0	938.430145263672	1	24525.54	0.0
313	input_spectra/bkgrnd-marine-broth.mzML	2165	0	1106.570190429688	1	24564.96	0.0
314	input_spectra/bkgrnd-marine-broth.mzML	2166	0	1106.570190429688	1	24576.539999999997	0.0
291	input_spectra/bkgrnd-marine-broth.mzML	2167	0	853.460418701172	1	24599.640000000003	0.0
243	input_spectra/bkgrnd-marine-broth.mzML	2168	0	584.30995686849	1	24622.68	0.0
205	input_spectra/bkgrnd-marine-broth.mzML	2169	0	488.240407307943	1	24685.2	0.0
205	input_spectra/bkgrnd-marine-broth.mzML	2170	0	488.240407307943	1	24696.72	0.0
254	input_spectra/bkgrnd-marine-broth.mzML	2171	0	615.315612792969	1	24708.239999999998	0.0
255	input_spectra/bkgrnd-marine-broth.mzML	2172	0	615.315612792969	1	24719.76	0.0
307	input_spectra/bkgrnd-marine-broth.mzML	2173	0	997.467468261719	1	24742.920000000002	0.0
292	input_spectra/bkgrnd-marine-broth.mzML	2174	0	853.460418701172	1	24789.18	0.0
205	input_spectra/bkgrnd-marine-broth.mzML	2175	0	488.240407307943	1	24828.54	0.0
205	input_spectra/bkgrnd-marine-broth.mzML	2176	0	488.240407307943	1	24840.059999999998	0.0
174	input_spectra/bkgrnd-marine-broth.mzML	2177	0	430.233734130859	1	24851.579999999998	0.0
174	input_spectra/bkgrnd-marine-broth.mzML	2178	0	430.233734130859	1	24863.04	0.0
134	input_spectra/bkgrnd-marine-broth.mzML	2179	0	318.133056640625	1	24874.56	0.0
205	input_spectra/bkgrnd-marine-broth.mzML	2180	0	488.240407307943	1	24925.44	0.0
205	input_spectra/bkgrnd-marine-broth.mzML	2181	0	488.240407307943	1	24936.96	0.0
174	input_spectra/bkgrnd-marine-broth.mzML	2182	0	430.233734130859	1	24948.48	0.0
174	input_spectra/bkgrnd-marine-broth.mzML	2183	0	430.233734130859	1	24959.940000000002	0.0
242	input_spectra/bkgrnd-marine-broth.mzML	2184	0	584.30995686849	1	24999.36	0.0
243	input_spectra/bkgrnd-marine-broth.mzML	2185	0	584.30995686849	1	25010.88	0.0
174	input_spectra/bkgrnd-marine-broth.mzML	2186	0	430.233734130859	1	25022.4	0.0
174	input_spectra/bkgrnd-marine-broth.mzML	2187	0	430.233734130859	1	25033.86	0.0
192	input_spectra/bkgrnd-marine-broth.mzML	2188	0	460.244934082031	1	25045.38	0.0
192	input_spectra/bkgrnd-marine-broth.mzML	2189	0	460.244934082031	1	25056.9	0.0
242	input_spectra/bkgrnd-marine-broth.mzML	2190	0	584.30995686849	1	25096.260000000002	0.0
243	input_spectra/bkgrnd-marine-broth.mzML	2191	0	584.30995686849	1	25107.780000000002	0.0
316	input_spectra/bkgrnd-marine-broth.mzML	2192	0	1149.564208984375	1	25147.140000000003	0.0
317	input_spectra/bkgrnd-marine-broth.mzML	2193	0	1149.564208984375	1	25158.72	0.0
316	input_spectra/bkgrnd-marine-broth.mzML	2194	0	1149.564208984375	1	25198.08	0.0
317	input_spectra/bkgrnd-marine-broth.mzML	2195	0	1149.564208984375	1	25209.66	0.0
310	input_spectra/bkgrnd-marine-broth.mzML	2196	0	1064.546752929688	1	25352.58	0.0
173	input_spectra/bkgrnd-marine-broth.mzML	2197	0	428.254776000977	1	25364.16	0.0
173	input_spectra/bkgrnd-marine-broth.mzML	2198	0	428.254776000977	1	25375.68	0.0
318	input_spectra/bkgrnd-marine-broth.mzML	2199	0	1150.556030273438	1	25387.26	0.0
319	input_spectra/bkgrnd-marine-broth.mzML	2200	0	1150.556030273438	1	25398.84	0.0
190	input_spectra/bkgrnd-marine-broth.mzML	2201	0	456.249816894531	1	25410.420000000002	0.0
190	input_spectra/bkgrnd-marine-broth.mzML	2202	0	456.249816894531	1	25421.940000000002	0.0
173	input_spectra/bkgrnd-marine-broth.mzML	2203	0	428.254776000977	1	25484.4	0.0
173	input_spectra/bkgrnd-marine-broth.mzML	2204	0	428.254776000977	1	25495.920000000002	0.0
233	input_spectra/bkgrnd-marine-broth.mzML	2205	0	557.298522949219	1	25507.440000000002	0.0
233	input_spectra/bkgrnd-marine-broth.mzML	2206	0	557.298522949219	1	25518.96	0.0
309	input_spectra/bkgrnd-marine-broth.mzML	2207	0	1007.525634765625	1	25542.06	0.0
191	input_spectra/bkgrnd-marine-broth.mzML	2208	0	458.265899658203	1	25553.64	0.0
191	input_spectra/bkgrnd-marine-broth.mzML	2209	0	458.265899658203	1	25565.16	0.0
178	input_spectra/bkgrnd-marine-broth.mzML	2210	0	440.25493367513	1	25627.68	0.0
178	input_spectra/bkgrnd-marine-broth.mzML	2211	0	440.25493367513	1	25639.2	0.0
308	input_spectra/bkgrnd-marine-broth.mzML	2212	0	1007.525634765625	1	25650.84	0.0
309	input_spectra/bkgrnd-marine-broth.mzML	2213	0	1007.525634765625	1	25662.36	0.0
217	input_spectra/bkgrnd-marine-broth.mzML	2214	0	522.224914550781	1	25673.94	0.0
217	input_spectra/bkgrnd-marine-broth.mzML	2215	0	522.224914550781	1	25685.46	0.0
191	input_spectra/bkgrnd-marine-broth.mzML	2216	0	458.265899658203	1	25696.92	0.0
178	input_spectra/bkgrnd-marine-broth.mzML	2217	0	440.25493367513	1	25747.859999999997	0.0
178	input_spectra/bkgrnd-marine-broth.mzML	2218	0	440.25493367513	1	25759.379999999997	0.0
248	input_spectra/bkgrnd-marine-broth.mzML	2219	0	612.341369628906	1	25770.899999999998	0.0
249	input_spectra/bkgrnd-marine-broth.mzML	2220	0	612.341369628906	1	25782.42	0.0
213	input_spectra/bkgrnd-marine-broth.mzML	2221	0	511.292541503906	1	25817.100000000002	0.0
213	input_spectra/bkgrnd-marine-broth.mzML	2222	0	511.292541503906	1	25828.56	0.0
217	input_spectra/bkgrnd-marine-broth.mzML	2223	0	522.224914550781	1	25840.08	0.0
244	input_spectra/bkgrnd-marine-broth.mzML	2224	0	586.325286865234	1	25891.02	0.0
244	input_spectra/bkgrnd-marine-broth.mzML	2225	0	586.325286865234	1	25902.480000000003	0.0
148	input_spectra/bkgrnd-marine-broth.mzML	2226	0	344.231323242188	1	25914.0	0.0
148	input_spectra/bkgrnd-marine-broth.mzML	2227	0	344.231323242188	1	25925.52	0.0
178	input_spectra/bkgrnd-marine-broth.mzML	2228	0	440.25493367513	1	25937.04	0.0
178	input_spectra/bkgrnd-marine-broth.mzML	2229	0	440.25493367513	1	25948.56	0.0
213	input_spectra/bkgrnd-marine-broth.mzML	2230	0	511.292541503906	1	25960.019999999997	0.0
213	input_spectra/bkgrnd-marine-broth.mzML	2231	0	511.292541503906	1	25971.539999999997	0.0
82	input_spectra/bkgrnd-marine-broth.mzML	2232	0	205.099311828613	1	26033.94	0.0
82	input_spectra/bkgrnd-marine-broth.mzML	2233	0	205.099311828613	1	26045.399999999998	0.0
72	input_spectra/bkgrnd-marine-broth.mzML	2234	0	188.072463989258	1	26056.86	0.0
73	input_spectra/bkgrnd-marine-broth.mzML	2235	0	188.072463989258	1	26068.38	0.0
244	input_spectra/bkgrnd-marine-broth.mzML	2236	0	586.325286865234	1	26079.9	0.0
244	input_spectra/bkgrnd-marine-broth.mzML	2237	0	586.325286865234	1	26091.420000000002	0.0
276	input_spectra/bkgrnd-marine-broth.mzML	2238	0	705.329528808594	1	26102.94	0.0
271	input_spectra/bkgrnd-marine-broth.mzML	2239	0	683.379455566406	1	26137.559999999998	0.0
82	input_spectra/bkgrnd-marine-broth.mzML	2240	0	205.099311828613	1	26176.92	0.0
82	input_spectra/bkgrnd-marine-broth.mzML	2241	0	205.099311828613	1	26188.38	0.0
72	input_spectra/bkgrnd-marine-broth.mzML	2242	0	188.072463989258	1	26199.9	0.0
73	input_spectra/bkgrnd-marine-broth.mzML	2243	0	188.072463989258	1	26211.36	0.0
250	input_spectra/bkgrnd-marine-broth.mzML	2244	0	612.341369628906	1	26222.94	0.0
250	input_spectra/bkgrnd-marine-broth.mzML	2245	0	612.341369628906	1	26234.46	0.0
293	input_spectra/bkgrnd-marine-broth.mzML	2246	0	871.461029052734	1	26257.559999999998	0.0
114	input_spectra/bkgrnd-marine-broth.mzML	2247	0	263.141876220703	1	26269.079999999998	0.0
114	input_spectra/bkgrnd-marine-broth.mzML	2248	0	263.141876220703	1	26280.6	0.0
162	input_spectra/bkgrnd-marine-broth.mzML	2249	0	388.258239746094	1	26319.96	0.0
162	input_spectra/bkgrnd-marine-broth.mzML	2250	0	388.258239746094	1	26331.48	0.0
251	input_spectra/bkgrnd-marine-broth.mzML	2251	0	612.341369628906	1	26365.98	0.0
251	input_spectra/bkgrnd-marine-broth.mzML	2252	0	612.341369628906	1	26377.5	0.0
305	input_spectra/bkgrnd-marine-broth.mzML	2253	0	947.457214355469	1	26389.079999999998	0.0
306	input_spectra/bkgrnd-marine-broth.mzML	2254	0	947.457214355469	1	26400.66	0.0
252	input_spectra/bkgrnd-marine-broth.mzML	2255	0	614.357238769531	1	26463.120000000003	0.0
252	input_spectra/bkgrnd-marine-broth.mzML	2256	0	614.357238769531	1	26474.640000000003	0.0
162	input_spectra/bkgrnd-marine-broth.mzML	2257	0	388.258239746094	1	26486.16	0.0
306	input_spectra/bkgrnd-marine-broth.mzML	2258	0	947.457214355469	1	26520.84	0.0
161	input_spectra/bkgrnd-marine-broth.mzML	2259	0	385.249328613281	1	26532.36	0.0
161	input_spectra/bkgrnd-marine-broth.mzML	2260	0	385.249328613281	1	26543.88	0.0
177	input_spectra/bkgrnd-marine-broth.mzML	2261	0	432.285171508789	1	26606.22	0.0
177	input_spectra/bkgrnd-marine-broth.mzML	2262	0	432.285171508789	1	26617.74	0.0
280	input_spectra/bkgrnd-marine-broth.mzML	2263	0	743.401062011719	1	26629.260000000002	0.0
281	input_spectra/bkgrnd-marine-broth.mzML	2264	0	743.401062011719	1	26640.84	0.0
252	input_spectra/bkgrnd-marine-broth.mzML	2265	0	614.357238769531	1	26675.399999999998	0.0
252	input_spectra/bkgrnd-marine-broth.mzML	2266	0	614.357238769531	1	26686.92	0.0
177	input_spectra/bkgrnd-marine-broth.mzML	2267	0	432.285171508789	1	26749.32	0.0
177	input_spectra/bkgrnd-marine-broth.mzML	2268	0	432.285171508789	1	26760.78	0.0
198	input_spectra/bkgrnd-marine-broth.mzML	2269	0	476.311747233073	1	26795.34	0.0
198	input_spectra/bkgrnd-marine-broth.mzML	2270	0	476.311747233073	1	26806.86	0.0
39	input_spectra/bkgrnd-marine-broth.mzML	2271	0	146.061645507813	1	26829.84	0.0
322	input_spectra/bkgrnd-marine-broth.mzML	2272	0	1216.558837890625	1	26841.48	0.0
323	input_spectra/bkgrnd-marine-broth.mzML	2273	0	1216.558837890625	1	26853.059999999998	0.0
198	input_spectra/bkgrnd-marine-broth.mzML	2274	0	476.311747233073	1	26892.42	0.0
198	input_spectra/bkgrnd-marine-broth.mzML	2275	0	476.311747233073	1	26903.94	0.0
94	input_spectra/bkgrnd-marine-broth.mzML	2276	0	227.141393025716	1	26938.44	0.0
94	input_spectra/bkgrnd-marine-broth.mzML	2277	0	227.141393025716	1	26949.96	0.0
320	input_spectra/bkgrnd-marine-broth.mzML	2278	0	1200.565185546875	1	26961.600000000002	0.0
321	input_spectra/bkgrnd-marine-broth.mzML	2279	0	1200.565185546875	1	26973.120000000003	0.0
322	input_spectra/bkgrnd-marine-broth.mzML	2280	0	1216.558837890625	1	26984.7	0.0
216	input_spectra/bkgrnd-marine-broth.mzML	2281	0	520.338562011719	1	27035.64	0.0
216	input_spectra/bkgrnd-marine-broth.mzML	2282	0	520.338562011719	1	27047.16	0.0
198	input_spectra/bkgrnd-marine-broth.mzML	2283	0	476.311747233073	1	27058.68	0.0
198	input_spectra/bkgrnd-marine-broth.mzML	2284	0	476.311747233073	1	27070.2	0.0
94	input_spectra/bkgrnd-marine-broth.mzML	2285	0	227.141393025716	1	27081.72	0.0
94	input_spectra/bkgrnd-marine-broth.mzML	2286	0	227.141393025716	1	27093.18	0.0
320	input_spectra/bkgrnd-marine-broth.mzML	2287	0	1200.565185546875	1	27127.859999999997	0.0
216	input_spectra/bkgrnd-marine-broth.mzML	2288	0	520.338562011719	1	27178.800000000003	0.0
216	input_spectra/bkgrnd-marine-broth.mzML	2289	0	520.338562011719	1	27190.32	0.0
236	input_spectra/bkgrnd-marine-broth.mzML	2290	0	564.364949544271	1	27224.88	0.0
236	input_spectra/bkgrnd-marine-broth.mzML	2291	0	564.364949544271	1	27236.4	0.0
93	input_spectra/bkgrnd-marine-broth.mzML	2292	0	227.141393025716	1	27247.920000000002	0.0
94	input_spectra/bkgrnd-marine-broth.mzML	2293	0	227.141393025716	1	27259.379999999997	0.0
236	input_spectra/bkgrnd-marine-broth.mzML	2294	0	564.364949544271	1	27321.84	0.0
236	input_spectra/bkgrnd-marine-broth.mzML	2295	0	564.364949544271	1	27333.36	0.0
237	input_spectra/bkgrnd-marine-broth.mzML	2296	0	569.3232421875	1	27356.34	0.0
216	input_spectra/bkgrnd-marine-broth.mzML	2297	0	520.338562011719	1	27390.899999999998	0.0
247	input_spectra/bkgrnd-marine-broth.mzML	2298	0	608.391581217448	1	27413.94	0.0
247	input_spectra/bkgrnd-marine-broth.mzML	2299	0	608.391581217448	1	27425.46	0.0
247	input_spectra/bkgrnd-marine-broth.mzML	2300	0	608.391581217448	1	27464.82	0.0
247	input_spectra/bkgrnd-marine-broth.mzML	2301	0	608.391581217448	1	27476.34	0.0
113	input_spectra/bkgrnd-marine-broth.mzML	2302	0	261.126291910807	1	27487.859999999997	0.0
113	input_spectra/bkgrnd-marine-broth.mzML	2303	0	261.126291910807	1	27499.379999999997	0.0
236	input_spectra/bkgrnd-marine-broth.mzML	2304	0	564.364949544271	1	27533.94	0.0
236	input_spectra/bkgrnd-marine-broth.mzML	2305	0	564.364949544271	1	27545.46	0.0
170	input_spectra/bkgrnd-marine-broth.mzML	2306	0	419.233673095703	1	27556.98	0.0
170	input_spectra/bkgrnd-marine-broth.mzML	2307	0	419.233673095703	1	27568.5	0.0
247	input_spectra/bkgrnd-marine-broth.mzML	2308	0	608.391581217448	1	27607.859999999997	0.0
247	input_spectra/bkgrnd-marine-broth.mzML	2309	0	608.391581217448	1	27619.379999999997	0.0
4	input_spectra/bkgrnd-marine-broth.mzML	2310	0	117.074203491211	1	27653.94	0.0
4	input_spectra/bkgrnd-marine-broth.mzML	2311	0	117.074203491211	1	27665.399999999998	0.0
272	input_spectra/bkgrnd-marine-broth.mzML	2312	0	696.444763183594	1	27750.899999999998	0.0
272	input_spectra/bkgrnd-marine-broth.mzML	2313	0	696.444763183594	1	27762.42	0.0
262	input_spectra/bkgrnd-marine-broth.mzML	2314	0	652.41796875	1	27773.94	0.0
262	input_spectra/bkgrnd-marine-broth.mzML	2315	0	652.41796875	1	27785.46	0.0
4	input_spectra/bkgrnd-marine-broth.mzML	2316	0	117.074203491211	1	27796.98	0.0
4	input_spectra/bkgrnd-marine-broth.mzML	2317	0	117.074203491211	1	27808.44	0.0
279	input_spectra/bkgrnd-marine-broth.mzML	2318	0	740.471008300781	1	27893.88	0.0
279	input_spectra/bkgrnd-marine-broth.mzML	2319	0	740.471008300781	1	27905.399999999998	0.0
4	input_spectra/bkgrnd-marine-broth.mzML	2320	0	117.074203491211	1	27916.98	0.0
4	input_spectra/bkgrnd-marine-broth.mzML	2321	0	117.074203491211	1	27928.44	0.0
272	input_spectra/bkgrnd-marine-broth.mzML	2322	0	696.444763183594	1	27940.019999999997	0.0
104	input_spectra/bkgrnd-marine-broth.mzML	2323	0	243.13648223877	1	27963.059999999998	0.0
112	input_spectra/bkgrnd-marine-broth.mzML	2324	0	261.126291910807	1	28013.94	0.0
104	input_spectra/bkgrnd-marine-broth.mzML	2325	0	243.13648223877	1	28036.92	0.0
286	input_spectra/bkgrnd-marine-broth.mzML	2326	0	784.497497558594	1	28059.96	0.0
286	input_spectra/bkgrnd-marine-broth.mzML	2327	0	784.497497558594	1	28071.48	0.0
84	input_spectra/bkgrnd-marine-broth.mzML	2328	0	211.146428426107	1	28315.26	0.0
84	input_spectra/bkgrnd-marine-broth.mzML	2329	0	211.146428426107	1	28326.78	0.0
84	input_spectra/bkgrnd-marine-broth.mzML	2330	0	211.146428426107	1	28366.14	0.0
84	input_spectra/bkgrnd-marine-broth.mzML	2331	0	211.146428426107	1	28377.6	0.0
84	input_spectra/bkgrnd-marine-broth.mzML	2332	0	211.146428426107	1	28417.02	0.0
84	input_spectra/bkgrnd-marine-broth.mzML	2333	0	211.146428426107	1	28428.48	0.0
105	input_spectra/bkgrnd-marine-broth.mzML	2334	0	245.130767822266	1	28876.68	0.0
105	input_spectra/bkgrnd-marine-broth.mzML	2335	0	245.130767822266	1	28888.14	0.0
138	input_spectra/bkgrnd-marine-broth.mzML	2336	0	328.273207122204	1	32234.280000000002	0.0
136	input_spectra/bkgrnd-marine-broth.mzML	2337	0	328.273207122204	1	32245.739999999998	0.0
136	input_spectra/bkgrnd-marine-broth.mzML	2338	0	328.273207122204	1	32465.52	0.0
138	input_spectra/bkgrnd-marine-broth.mzML	2339	0	328.273207122204	1	32476.98	0.0
139	input_spectra/bkgrnd-marine-broth.mzML	2340	0	328.273207122204	1	32528.399999999998	0.0
137	input_spectra/bkgrnd-marine-broth.mzML	2341	0	328.273207122204	1	32539.92	0.0
118	input_spectra/bkgrnd-marine-broth.mzML	2342	0	274.277679443359	1	32551.38	0.0
119	input_spectra/bkgrnd-marine-broth.mzML	2343	0	274.277679443359	1	32562.9	0.0
118	input_spectra/bkgrnd-marine-broth.mzML	2344	0	274.277679443359	1	32602.26	0.0
118	input_spectra/bkgrnd-marine-broth.mzML	2345	0	274.277679443359	1	32613.72	0.0
118	input_spectra/bkgrnd-marine-broth.mzML	2346	0	274.277679443359	1	32653.079999999998	0.0
119	input_spectra/bkgrnd-marine-broth.mzML	2347	0	274.277679443359	1	32664.6	0.0
194	input_spectra/bkgrnd-marine-broth.mzML	2348	0	466.323577880859	1	32958.78	0.0
194	input_spectra/bkgrnd-marine-broth.mzML	2349	0	466.323577880859	1	33032.64	0.0
226	input_spectra/bkgrnd-marine-broth.mzML	2350	0	534.361673990885	1	33044.159999999996	0.0
226	input_spectra/bkgrnd-marine-broth.mzML	2351	0	534.361673990885	1	33055.68	0.0
226	input_spectra/bkgrnd-marine-broth.mzML	2352	0	534.361673990885	1	33164.1	0.0
226	input_spectra/bkgrnd-marine-broth.mzML	2353	0	534.361673990885	1	33175.62	0.0
301	input_spectra/bkgrnd-marine-broth.mzML	2354	0	931.638000488281	1	33210.24	0.0
226	input_spectra/bkgrnd-marine-broth.mzML	2355	0	534.361673990885	1	33261.18	0.0
226	input_spectra/bkgrnd-marine-broth.mzML	2356	0	534.361673990885	1	33272.7	0.0
141	input_spectra/bkgrnd-marine-broth.mzML	2357	0	328.273207122204	1	33611.64	0.0
141	input_spectra/bkgrnd-marine-broth.mzML	2358	0	328.273207122204	1	33623.159999999996	0.0
136	input_spectra/bkgrnd-marine-broth.mzML	2359	0	328.273207122204	1	33662.46000000001	0.0
139	input_spectra/bkgrnd-marine-broth.mzML	2360	0	328.273207122204	1	33673.979999999996	0.0
137	input_spectra/bkgrnd-marine-broth.mzML	2361	0	328.273207122204	1	33713.340000000004	0.0
141	input_spectra/bkgrnd-marine-broth.mzML	2362	0	328.273207122204	1	33724.86	0.0
97	input_spectra/bkgrnd-marine-broth.mzML	2363	0	230.25151570638	1	34557.840000000004	0.0
97	input_spectra/bkgrnd-marine-broth.mzML	2364	0	230.25151570638	1	34569.299999999996	0.0
97	input_spectra/bkgrnd-marine-broth.mzML	2365	0	230.25151570638	1	34608.72	0.0
97	input_spectra/bkgrnd-marine-broth.mzML	2366	0	230.25151570638	1	34620.18	0.0
97	input_spectra/bkgrnd-marine-broth.mzML	2367	0	230.25151570638	1	34659.54	0.0
97	input_spectra/bkgrnd-marine-broth.mzML	2368	0	230.25151570638	1	34671.06	0.0
139	input_spectra/bkgrnd-marine-broth.mzML	2369	0	328.273207122204	1	34746.479999999996	0.0
141	input_spectra/bkgrnd-marine-broth.mzML	2370	0	328.273207122204	1	34757.94	0.0
135	input_spectra/bkgrnd-marine-broth.mzML	2371	0	328.273207122204	1	34797.36	0.0
138	input_spectra/bkgrnd-marine-broth.mzML	2372	0	328.273207122204	1	34808.82	0.0
141	input_spectra/bkgrnd-marine-broth.mzML	2373	0	328.273207122204	1	34848.18	0.0
141	input_spectra/bkgrnd-marine-broth.mzML	2374	0	328.273207122204	1	34859.7	0.0
225	input_spectra/bkgrnd-marine-broth.mzML	2375	0	533.332600911458	1	35680.62	0.0
224	input_spectra/bkgrnd-marine-broth.mzML	2376	0	533.332600911458	1	35692.14	0.0
225	input_spectra/bkgrnd-marine-broth.mzML	2377	0	533.332600911458	1	35731.56	0.0
225	input_spectra/bkgrnd-marine-broth.mzML	2378	0	533.332600911458	1	35805.36	0.0
211	input_spectra/bkgrnd-marine-broth.mzML	2379	0	498.295522054036	1	35828.4	0.0
210	input_spectra/bkgrnd-marine-broth.mzML	2380	0	498.295522054036	1	35839.92	0.0
211	input_spectra/bkgrnd-marine-broth.mzML	2381	0	498.295522054036	1	35879.280000000006	0.0
138	input_spectra/bkgrnd-marine-broth.mzML	2382	0	328.273207122204	1	35941.68	0.0
138	input_spectra/bkgrnd-marine-broth.mzML	2383	0	328.273207122204	1	35980.979999999996	0.0
140	input_spectra/bkgrnd-marine-broth.mzML	2384	0	328.273207122204	1	35992.5	0.0
138	input_spectra/bkgrnd-marine-broth.mzML	2385	0	328.273207122204	1	36031.86	0.0
140	input_spectra/bkgrnd-marine-broth.mzML	2386	0	328.273207122204	1	36043.32	0.0
159	input_spectra/bkgrnd-marine-broth.mzML	2387	0	373.279357910156	1	36974.76	0.0
152	input_spectra/bkgrnd-marine-broth.mzML	2388	0	355.268636067708	1	37009.26	0.0
152	input_spectra/bkgrnd-marine-broth.mzML	2389	0	355.268636067708	1	37020.719999999994	0.0
159	input_spectra/bkgrnd-marine-broth.mzML	2390	0	373.279357910156	1	37071.6	0.0
289	input_spectra/bkgrnd-marine-broth.mzML	2391	0	817.595153808594	1	37106.22	0.0
289	input_spectra/bkgrnd-marine-broth.mzML	2392	0	817.595153808594	1	37117.74	0.0
199	input_spectra/bkgrnd-marine-broth.mzML	2393	0	477.339263916016	1	37152.3	0.0
199	input_spectra/bkgrnd-marine-broth.mzML	2394	0	477.339263916016	1	37163.82	0.0
136	input_spectra/bkgrnd-marine-broth.mzML	2395	0	328.273207122204	1	37203.18	0.0
140	input_spectra/bkgrnd-marine-broth.mzML	2396	0	328.273207122204	1	37214.7	0.0
152	input_spectra/bkgrnd-marine-broth.mzML	2397	0	355.268636067708	1	37260.659999999996	0.0
135	input_spectra/bkgrnd-marine-broth.mzML	2398	0	328.273207122204	1	37300.08	0.0
140	input_spectra/bkgrnd-marine-broth.mzML	2399	0	328.273207122204	1	37311.54	0.0
141	input_spectra/bkgrnd-marine-broth.mzML	2400	0	328.273207122204	1	37350.9	0.0
137	input_spectra/bkgrnd-marine-broth.mzML	2401	0	328.273207122204	1	37362.42	0.0
188	input_spectra/bkgrnd-marine-broth.mzML	2402	0	450.327799479167	1	38291.1	0.0
109	input_spectra/bkgrnd-marine-broth.mzML	2403	0	258.283406575521	1	38353.44	0.0
109	input_spectra/bkgrnd-marine-broth.mzML	2404	0	258.283406575521	1	38364.899999999994	0.0
138	input_spectra/bkgrnd-marine-broth.mzML	2405	0	328.273207122204	1	38404.26	0.0
141	input_spectra/bkgrnd-marine-broth.mzML	2406	0	328.273207122204	1	38415.78	0.0
109	input_spectra/bkgrnd-marine-broth.mzML	2407	0	258.283406575521	1	38450.28	0.0
109	input_spectra/bkgrnd-marine-broth.mzML	2408	0	258.283406575521	1	38461.799999999996	0.0
142	input_spectra/bkgrnd-marine-broth.mzML	2409	0	328.273207122204	1	38501.16	0.0
138	input_spectra/bkgrnd-marine-broth.mzML	2410	0	328.273207122204	1	38512.68	0.0
109	input_spectra/bkgrnd-marine-broth.mzML	2411	0	258.283406575521	1	38524.14	0.0
109	input_spectra/bkgrnd-marine-broth.mzML	2412	0	258.283406575521	1	38535.6	0.0
141	input_spectra/bkgrnd-marine-broth.mzML	2413	0	328.273207122204	1	38575.020000000004	0.0
137	input_spectra/bkgrnd-marine-broth.mzML	2414	0	328.273207122204	1	38586.479999999996	0.0
132	input_spectra/bkgrnd-marine-broth.mzML	2415	0	304.304504394531	1	38962.56	0.0
132	input_spectra/bkgrnd-marine-broth.mzML	2416	0	304.304504394531	1	38974.020000000004	0.0
132	input_spectra/bkgrnd-marine-broth.mzML	2417	0	304.304504394531	1	39013.38	0.0
132	input_spectra/bkgrnd-marine-broth.mzML	2418	0	304.304504394531	1	39024.84	0.0
132	input_spectra/bkgrnd-marine-broth.mzML	2419	0	304.304504394531	1	39064.200000000004	0.0
132	input_spectra/bkgrnd-marine-broth.mzML	2420	0	304.304504394531	1	39075.719999999994	0.0
136	input_spectra/bkgrnd-marine-broth.mzML	2421	0	328.273207122204	1	39608.1	0.0
138	input_spectra/bkgrnd-marine-broth.mzML	2422	0	328.273207122204	1	39619.56	0.0
142	input_spectra/bkgrnd-marine-broth.mzML	2423	0	328.273207122204	1	39658.92	0.0
141	input_spectra/bkgrnd-marine-broth.mzML	2424	0	328.273207122204	1	39670.44	0.0
137	input_spectra/bkgrnd-marine-broth.mzML	2425	0	328.273207122204	1	39709.8	0.0
141	input_spectra/bkgrnd-marine-broth.mzML	2426	0	328.273207122204	1	39721.32	0.0
137	input_spectra/bkgrnd-marine-broth.mzML	2427	0	328.273207122204	1	40746.659999999996	0.0
140	input_spectra/bkgrnd-marine-broth.mzML	2428	0	328.273207122204	1	40758.18	0.0
141	input_spectra/bkgrnd-marine-broth.mzML	2429	0	328.273207122204	1	40797.479999999996	0.0
138	input_spectra/bkgrnd-marine-broth.mzML	2430	0	328.273207122204	1	40809.0	0.0
136	input_spectra/bkgrnd-marine-broth.mzML	2431	0	328.273207122204	1	40848.36	0.0
140	input_spectra/bkgrnd-marine-broth.mzML	2432	0	328.273207122204	1	40859.82	0.0
141	input_spectra/bkgrnd-marine-broth.mzML	2433	0	328.273207122204	1	41885.28	0.0
140	input_spectra/bkgrnd-marine-broth.mzML	2434	0	328.273207122204	1	41896.74	0.0
137	input_spectra/bkgrnd-marine-broth.mzML	2435	0	328.273207122204	1	41936.1	0.0
140	input_spectra/bkgrnd-marine-broth.mzML	2436	0	328.273207122204	1	41947.619999999995	0.0
141	input_spectra/bkgrnd-marine-broth.mzML	2437	0	328.273207122204	1	41986.98	0.0
137	input_spectra/bkgrnd-marine-broth.mzML	2438	0	328.273207122204	1	41998.44	0.0
142	input_spectra/bkgrnd-marine-broth.mzML	2439	0	328.273207122204	1	43023.84	0.0
140	input_spectra/bkgrnd-marine-broth.mzML	2440	0	328.273207122204	1	43035.3	0.0
142	input_spectra/bkgrnd-marine-broth.mzML	2441	0	328.273207122204	1	43074.72	0.0
141	input_spectra/bkgrnd-marine-broth.mzML	2442	0	328.273207122204	1	43086.18	0.0
142	input_spectra/bkgrnd-marine-broth.mzML	2443	0	328.273207122204	1	43125.54	0.0
138	input_spectra/bkgrnd-marine-broth.mzML	2444	0	328.273207122204	1	43137.06	0.0
145	input_spectra/bkgrnd-marine-broth.mzML	2445	0	332.336435953776	1	43176.42	0.0
145	input_spectra/bkgrnd-marine-broth.mzML	2446	0	332.336435953776	1	43187.94	0.0
145	input_spectra/bkgrnd-marine-broth.mzML	2447	0	332.336435953776	1	43227.3	0.0
145	input_spectra/bkgrnd-marine-broth.mzML	2448	0	332.336435953776	1	43238.759999999995	0.0
145	input_spectra/bkgrnd-marine-broth.mzML	2449	0	332.336435953776	1	43278.12	0.0
145	input_spectra/bkgrnd-marine-broth.mzML	2450	0	332.336435953776	1	43289.64	0.0
202	input_spectra/bkgrnd-marine-broth.mzML	2451	0	483.256673177083	1	43635.18	0.0
202	input_spectra/bkgrnd-marine-broth.mzML	2452	0	483.256673177083	1	43646.700000000004	0.0
202	input_spectra/bkgrnd-marine-broth.mzML	2453	0	483.256673177083	1	43686.06	0.0
202	input_spectra/bkgrnd-marine-broth.mzML	2454	0	483.256673177083	1	43697.520000000004	0.0
202	input_spectra/bkgrnd-marine-broth.mzML	2455	0	483.256673177083	1	43759.92	0.0
202	input_spectra/bkgrnd-marine-broth.mzML	2456	0	483.256673177083	1	43771.44	0.0
180	input_spectra/bkgrnd-marine-broth.mzML	2457	0	440.416982014974	1	43955.100000000006	0.0
181	input_spectra/bkgrnd-marine-broth.mzML	2458	0	440.416982014974	1	43966.62	0.0
180	input_spectra/bkgrnd-marine-broth.mzML	2459	0	440.416982014974	1	44005.92	0.0
181	input_spectra/bkgrnd-marine-broth.mzML	2460	0	440.416982014974	1	44017.44	0.0
180	input_spectra/bkgrnd-marine-broth.mzML	2461	0	440.416982014974	1	44056.799999999996	0.0
181	input_spectra/bkgrnd-marine-broth.mzML	2462	0	440.416982014974	1	44068.32	0.0
183	input_spectra/bkgrnd-marine-broth.mzML	2463	0	444.304077148438	1	44143.740000000005	0.0
183	input_spectra/bkgrnd-marine-broth.mzML	2464	0	444.304077148438	1	44155.26	0.0
142	input_spectra/bkgrnd-marine-broth.mzML	2465	0	328.273207122204	1	44194.62	0.0
140	input_spectra/bkgrnd-marine-broth.mzML	2466	0	328.273207122204	1	44206.14	0.0
183	input_spectra/bkgrnd-marine-broth.mzML	2467	0	444.304077148438	1	44217.66	0.0
183	input_spectra/bkgrnd-marine-broth.mzML	2468	0	444.304077148438	1	44229.18	0.0
142	input_spectra/bkgrnd-marine-broth.mzML	2469	0	328.273207122204	1	44268.479999999996	0.0
140	input_spectra/bkgrnd-marine-broth.mzML	2470	0	328.273207122204	1	44280.0	0.0
142	input_spectra/bkgrnd-marine-broth.mzML	2471	0	328.273207122204	1	44319.36	0.0
137	input_spectra/bkgrnd-marine-broth.mzML	2472	0	328.273207122204	1	44330.82	0.0
142	input_spectra/bkgrnd-marine-broth.mzML	2473	0	328.273207122204	1	45368.219999999994	0.0
138	input_spectra/bkgrnd-marine-broth.mzML	2474	0	328.273207122204	1	45379.74	0.0
142	input_spectra/bkgrnd-marine-broth.mzML	2475	0	328.273207122204	1	45419.1	0.0
137	input_spectra/bkgrnd-marine-broth.mzML	2476	0	328.273207122204	1	45430.62	0.0
142	input_spectra/bkgrnd-marine-broth.mzML	2477	0	328.273207122204	1	45469.979999999996	0.0
141	input_spectra/bkgrnd-marine-broth.mzML	2478	0	328.273207122204	1	45481.5	0.0
124	input_spectra/bkgrnd-marine-broth.mzML	2479	0	286.223715888129	1	45713.219999999994	0.0
123	input_spectra/bkgrnd-marine-broth.mzML	2480	0	286.223715888129	1	45724.74	0.0
123	input_spectra/bkgrnd-marine-broth.mzML	2481	0	286.223715888129	1	46076.700000000004	0.0
123	input_spectra/bkgrnd-marine-broth.mzML	2482	0	286.223715888129	1	46088.219999999994	0.0
124	input_spectra/bkgrnd-marine-broth.mzML	2483	0	286.223715888129	1	46380.06	0.0
125	input_spectra/bkgrnd-marine-broth.mzML	2484	0	286.223715888129	1	46391.58	0.0
142	input_spectra/bkgrnd-marine-broth.mzML	2485	0	328.273207122204	1	46503.060000000005	0.0
140	input_spectra/bkgrnd-marine-broth.mzML	2486	0	328.273207122204	1	46514.58	0.0
142	input_spectra/bkgrnd-marine-broth.mzML	2487	0	328.273207122204	1	46553.94	0.0
141	input_spectra/bkgrnd-marine-broth.mzML	2488	0	328.273207122204	1	46565.4	0.0
142	input_spectra/bkgrnd-marine-broth.mzML	2489	0	328.273207122204	1	46604.82	0.0
140	input_spectra/bkgrnd-marine-broth.mzML	2490	0	328.273207122204	1	46616.28	0.0
267	input_spectra/bkgrnd-marine-broth.mzML	2491	0	660.498321533203	1	46920.18	0.0
267	input_spectra/bkgrnd-marine-broth.mzML	2492	0	660.498321533203	1	46931.700000000004	0.0
267	input_spectra/bkgrnd-marine-broth.mzML	2493	0	660.498321533203	1	46971.119999999995	0.0
267	input_spectra/bkgrnd-marine-broth.mzML	2494	0	660.498321533203	1	46982.64	0.0
256	input_spectra/bkgrnd-marine-broth.mzML	2495	0	616.471638997396	1	47094.12	0.0
256	input_spectra/bkgrnd-marine-broth.mzML	2496	0	616.471638997396	1	47105.64	0.0
256	input_spectra/bkgrnd-marine-broth.mzML	2497	0	616.471638997396	1	47145.0	0.0
256	input_spectra/bkgrnd-marine-broth.mzML	2498	0	616.471638997396	1	47156.520000000004	0.0
256	input_spectra/bkgrnd-marine-broth.mzML	2499	0	616.471638997396	1	47195.88	0.0
256	input_spectra/bkgrnd-marine-broth.mzML	2500	0	616.471638997396	1	47207.399999999994	0.0
240	input_spectra/bkgrnd-marine-broth.mzML	2501	0	572.445821126302	1	47391.06	0.0
240	input_spectra/bkgrnd-marine-broth.mzML	2502	0	572.445821126302	1	47402.58	0.0
240	input_spectra/bkgrnd-marine-broth.mzML	2503	0	572.445821126302	1	47441.939999999995	0.0
240	input_spectra/bkgrnd-marine-broth.mzML	2504	0	572.445821126302	1	47453.46	0.0
240	input_spectra/bkgrnd-marine-broth.mzML	2505	0	572.445821126302	1	47492.82	0.0
240	input_spectra/bkgrnd-marine-broth.mzML	2506	0	572.445821126302	1	47504.340000000004	0.0
126	input_spectra/bkgrnd-marine-broth.mzML	2507	0	286.223715888129	1	47543.7	0.0
125	input_spectra/bkgrnd-marine-broth.mzML	2508	0	286.223715888129	1	47555.22	0.0
123	input_spectra/bkgrnd-marine-broth.mzML	2509	0	286.223715888129	1	47594.58	0.0
125	input_spectra/bkgrnd-marine-broth.mzML	2510	0	286.223715888129	1	47606.1	0.0
142	input_spectra/bkgrnd-marine-broth.mzML	2511	0	328.273207122204	1	47645.46	0.0
140	input_spectra/bkgrnd-marine-broth.mzML	2512	0	328.273207122204	1	47656.920000000006	0.0
124	input_spectra/bkgrnd-marine-broth.mzML	2513	0	286.223715888129	1	47668.44	0.0
123	input_spectra/bkgrnd-marine-broth.mzML	2514	0	286.223715888129	1	47679.899999999994	0.0
142	input_spectra/bkgrnd-marine-broth.mzML	2515	0	328.273207122204	1	47719.26	0.0
140	input_spectra/bkgrnd-marine-broth.mzML	2516	0	328.273207122204	1	47730.719999999994	0.0
223	input_spectra/bkgrnd-marine-broth.mzML	2517	0	528.418233235677	1	47742.24	0.0
223	input_spectra/bkgrnd-marine-broth.mzML	2518	0	528.418233235677	1	47753.759999999995	0.0
142	input_spectra/bkgrnd-marine-broth.mzML	2519	0	328.273207122204	1	47793.12	0.0
140	input_spectra/bkgrnd-marine-broth.mzML	2520	0	328.273207122204	1	47804.64	0.0
223	input_spectra/bkgrnd-marine-broth.mzML	2521	0	528.418233235677	1	47816.16	0.0
223	input_spectra/bkgrnd-marine-broth.mzML	2522	0	528.418233235677	1	47827.68	0.0
223	input_spectra/bkgrnd-marine-broth.mzML	2523	0	528.418233235677	1	47867.04	0.0
223	input_spectra/bkgrnd-marine-broth.mzML	2524	0	528.418233235677	1	47878.56	0.0
204	input_spectra/bkgrnd-marine-broth.mzML	2525	0	484.391591389974	1	48070.560000000005	0.0
204	input_spectra/bkgrnd-marine-broth.mzML	2526	0	484.391591389974	1	48082.08	0.0
204	input_spectra/bkgrnd-marine-broth.mzML	2527	0	484.391591389974	1	48121.44	0.0
204	input_spectra/bkgrnd-marine-broth.mzML	2528	0	484.391591389974	1	48132.9	0.0
204	input_spectra/bkgrnd-marine-broth.mzML	2529	0	484.391591389974	1	48172.32	0.0
204	input_spectra/bkgrnd-marine-broth.mzML	2530	0	484.391591389974	1	48183.78	0.0
227	input_spectra/bkgrnd-marine-broth.mzML	2531	0	535.402770996094	1	48375.78	0.0
227	input_spectra/bkgrnd-marine-broth.mzML	2532	0	535.402770996094	1	48387.3	0.0
227	input_spectra/bkgrnd-marine-broth.mzML	2533	0	535.402770996094	1	48426.659999999996	0.0
227	input_spectra/bkgrnd-marine-broth.mzML	2534	0	535.402770996094	1	48438.18	0.0
179	input_spectra/bkgrnd-marine-broth.mzML	2535	0	440.364939371745	1	48477.53999999999	0.0
179	input_spectra/bkgrnd-marine-broth.mzML	2536	0	440.364939371745	1	48528.42	0.0
179	input_spectra/bkgrnd-marine-broth.mzML	2537	0	440.364939371745	1	48539.94	0.0
179	input_spectra/bkgrnd-marine-broth.mzML	2538	0	440.364939371745	1	48602.28	0.0
179	input_spectra/bkgrnd-marine-broth.mzML	2539	0	440.364939371745	1	48613.8	0.0
207	input_spectra/bkgrnd-marine-broth.mzML	2540	0	491.376139322917	1	48648.36	0.0
207	input_spectra/bkgrnd-marine-broth.mzML	2541	0	491.376139322917	1	48659.82	0.0
207	input_spectra/bkgrnd-marine-broth.mzML	2542	0	491.376139322917	1	48722.28	0.0
207	input_spectra/bkgrnd-marine-broth.mzML	2543	0	491.376139322917	1	48733.740000000005	0.0
171	input_spectra/bkgrnd-marine-broth.mzML	2544	0	423.338185628255	1	48745.26	0.0
171	input_spectra/bkgrnd-marine-broth.mzML	2545	0	423.338185628255	1	48756.780000000006	0.0
124	input_spectra/bkgrnd-marine-broth.mzML	2546	0	286.223715888129	1	48768.24	0.0
124	input_spectra/bkgrnd-marine-broth.mzML	2547	0	286.223715888129	1	48779.76	0.0
142	input_spectra/bkgrnd-marine-broth.mzML	2548	0	328.273207122204	1	48819.12	0.0
140	input_spectra/bkgrnd-marine-broth.mzML	2549	0	328.273207122204	1	48830.64	0.0
207	input_spectra/bkgrnd-marine-broth.mzML	2550	0	491.376139322917	1	48842.159999999996	0.0
207	input_spectra/bkgrnd-marine-broth.mzML	2551	0	491.376139322917	1	48853.68	0.0
171	input_spectra/bkgrnd-marine-broth.mzML	2552	0	423.338185628255	1	48865.14	0.0
171	input_spectra/bkgrnd-marine-broth.mzML	2553	0	423.338185628255	1	48876.659999999996	0.0
125	input_spectra/bkgrnd-marine-broth.mzML	2554	0	286.223715888129	1	48888.18	0.0
123	input_spectra/bkgrnd-marine-broth.mzML	2555	0	286.223715888129	1	48899.64	0.0
142	input_spectra/bkgrnd-marine-broth.mzML	2556	0	328.273207122204	1	48939.0	0.0
140	input_spectra/bkgrnd-marine-broth.mzML	2557	0	328.273207122204	1	48950.52	0.0
165	input_spectra/bkgrnd-marine-broth.mzML	2558	0	396.338185628255	1	48985.020000000004	0.0
165	input_spectra/bkgrnd-marine-broth.mzML	2559	0	396.338185628255	1	48996.54	0.0
171	input_spectra/bkgrnd-marine-broth.mzML	2560	0	423.338185628255	1	49008.0	0.0
171	input_spectra/bkgrnd-marine-broth.mzML	2561	0	423.338185628255	1	49019.52	0.0
123	input_spectra/bkgrnd-marine-broth.mzML	2562	0	286.223715888129	1	49031.04	0.0
125	input_spectra/bkgrnd-marine-broth.mzML	2563	0	286.223715888129	1	49042.5	0.0
142	input_spectra/bkgrnd-marine-broth.mzML	2564	0	328.273207122204	1	49081.920000000006	0.0
140	input_spectra/bkgrnd-marine-broth.mzML	2565	0	328.273207122204	1	49093.38	0.0
167	input_spectra/bkgrnd-marine-broth.mzML	2566	0	401.293874104818	1	49104.899999999994	0.0
165	input_spectra/bkgrnd-marine-broth.mzML	2567	0	396.338185628255	1	49127.88	0.0
165	input_spectra/bkgrnd-marine-broth.mzML	2568	0	396.338185628255	1	49139.4	0.0
186	input_spectra/bkgrnd-marine-broth.mzML	2569	0	447.349294026693	1	49162.380000000005	0.0
160	input_spectra/bkgrnd-marine-broth.mzML	2570	0	379.310892740885	1	49173.9	0.0
160	input_spectra/bkgrnd-marine-broth.mzML	2571	0	379.310892740885	1	49185.42	0.0
167	input_spectra/bkgrnd-marine-broth.mzML	2572	0	401.293874104818	1	49224.78	0.0
165	input_spectra/bkgrnd-marine-broth.mzML	2573	0	396.338185628255	1	49247.76	0.0
165	input_spectra/bkgrnd-marine-broth.mzML	2574	0	396.338185628255	1	49259.280000000006	0.0
186	input_spectra/bkgrnd-marine-broth.mzML	2575	0	447.349294026693	1	49270.799999999996	0.0
160	input_spectra/bkgrnd-marine-broth.mzML	2576	0	379.310892740885	1	49293.78	0.0
160	input_spectra/bkgrnd-marine-broth.mzML	2577	0	379.310892740885	1	49305.3	0.0
186	input_spectra/bkgrnd-marine-broth.mzML	2578	0	447.349294026693	1	49344.659999999996	0.0
160	input_spectra/bkgrnd-marine-broth.mzML	2579	0	379.310892740885	1	49367.7	0.0
160	input_spectra/bkgrnd-marine-broth.mzML	2580	0	379.310892740885	1	49379.159999999996	0.0
151	input_spectra/bkgrnd-marine-broth.mzML	2581	0	352.311096191406	1	49516.44	0.0
151	input_spectra/bkgrnd-marine-broth.mzML	2582	0	352.311096191406	1	49527.96	0.0
146	input_spectra/bkgrnd-marine-broth.mzML	2583	0	335.284332275391	1	49562.46000000001	0.0
146	input_spectra/bkgrnd-marine-broth.mzML	2584	0	335.284332275391	1	49573.92	0.0
151	input_spectra/bkgrnd-marine-broth.mzML	2585	0	352.311096191406	1	49636.259999999995	0.0
151	input_spectra/bkgrnd-marine-broth.mzML	2586	0	352.311096191406	1	49647.78	0.0
146	input_spectra/bkgrnd-marine-broth.mzML	2587	0	335.284332275391	1	49682.28	0.0
146	input_spectra/bkgrnd-marine-broth.mzML	2588	0	335.284332275391	1	49693.8	0.0
151	input_spectra/bkgrnd-marine-broth.mzML	2589	0	352.311096191406	1	49733.159999999996	0.0
151	input_spectra/bkgrnd-marine-broth.mzML	2590	0	352.311096191406	1	49744.68	0.0
146	input_spectra/bkgrnd-marine-broth.mzML	2591	0	335.284332275391	1	49779.18	0.0
146	input_spectra/bkgrnd-marine-broth.mzML	2592	0	335.284332275391	1	49790.64	0.0
123	input_spectra/bkgrnd-marine-broth.mzML	2593	0	286.223715888129	1	49926.240000000005	0.0
125	input_spectra/bkgrnd-marine-broth.mzML	2594	0	286.223715888129	1	49937.76	0.0
123	input_spectra/bkgrnd-marine-broth.mzML	2595	0	286.223715888129	1	49977.12	0.0
123	input_spectra/bkgrnd-marine-broth.mzML	2596	0	286.223715888129	1	49988.58	0.0
125	input_spectra/bkgrnd-marine-broth.mzML	2597	0	286.223715888129	1	50028.0	0.0
125	input_spectra/bkgrnd-marine-broth.mzML	2598	0	286.223715888129	1	50039.52	0.0
142	input_spectra/bkgrnd-marine-broth.mzML	2599	0	328.273207122204	1	50078.880000000005	0.0
140	input_spectra/bkgrnd-marine-broth.mzML	2600	0	328.273207122204	1	50090.340000000004	0.0
127	input_spectra/bkgrnd-marine-broth.mzML	2601	0	291.257059733073	1	50124.78	0.0
127	input_spectra/bkgrnd-marine-broth.mzML	2602	0	291.257059733073	1	50136.3	0.0
133	input_spectra/bkgrnd-marine-broth.mzML	2603	0	308.283996582031	1	50147.82	0.0
133	input_spectra/bkgrnd-marine-broth.mzML	2604	0	308.283996582031	1	50159.280000000006	0.0
142	input_spectra/bkgrnd-marine-broth.mzML	2605	0	328.273207122204	1	50198.64	0.0
140	input_spectra/bkgrnd-marine-broth.mzML	2606	0	328.273207122204	1	50210.16	0.0
127	input_spectra/bkgrnd-marine-broth.mzML	2607	0	291.257059733073	1	50244.6	0.0
127	input_spectra/bkgrnd-marine-broth.mzML	2608	0	291.257059733073	1	50256.119999999995	0.0
133	input_spectra/bkgrnd-marine-broth.mzML	2609	0	308.283996582031	1	50267.58	0.0
133	input_spectra/bkgrnd-marine-broth.mzML	2610	0	308.283996582031	1	50279.1	0.0
142	input_spectra/bkgrnd-marine-broth.mzML	2611	0	328.273207122204	1	50318.46	0.0
137	input_spectra/bkgrnd-marine-broth.mzML	2612	0	328.273207122204	1	50329.979999999996	0.0
133	input_spectra/bkgrnd-marine-broth.mzML	2613	0	308.283996582031	1	50387.399999999994	0.0
133	input_spectra/bkgrnd-marine-broth.mzML	2614	0	308.283996582031	1	50398.92	0.0
125	input_spectra/bkgrnd-marine-broth.mzML	2615	0	286.223715888129	1	51063.54	0.0
125	input_spectra/bkgrnd-marine-broth.mzML	2616	0	286.223715888129	1	51075.06	0.0
123	input_spectra/bkgrnd-marine-broth.mzML	2617	0	286.223715888129	1	51114.420000000006	0.0
123	input_spectra/bkgrnd-marine-broth.mzML	2618	0	286.223715888129	1	51125.88	0.0
124	input_spectra/bkgrnd-marine-broth.mzML	2619	0	286.223715888129	1	51165.3	0.0
125	input_spectra/bkgrnd-marine-broth.mzML	2620	0	286.223715888129	1	51176.76	0.0
142	input_spectra/bkgrnd-marine-broth.mzML	2621	0	328.273207122204	1	51312.3	0.0
140	input_spectra/bkgrnd-marine-broth.mzML	2622	0	328.273207122204	1	51323.82	0.0
142	input_spectra/bkgrnd-marine-broth.mzML	2623	0	328.273207122204	1	51363.12	0.0
140	input_spectra/bkgrnd-marine-broth.mzML	2624	0	328.273207122204	1	51374.64	0.0
142	input_spectra/bkgrnd-marine-broth.mzML	2625	0	328.273207122204	1	51414.0	0.0
140	input_spectra/bkgrnd-marine-broth.mzML	2626	0	328.273207122204	1	51425.46	0.0
265	input_spectra/bkgrnd-marine-broth.mzML	2627	0	658.48252360026	1	51549.0	0.0
265	input_spectra/bkgrnd-marine-broth.mzML	2628	0	658.48252360026	1	51560.52	0.0
265	input_spectra/bkgrnd-marine-broth.mzML	2629	0	658.48252360026	1	51599.880000000005	0.0
265	input_spectra/bkgrnd-marine-broth.mzML	2630	0	658.48252360026	1	51611.4	0.0
265	input_spectra/bkgrnd-marine-broth.mzML	2631	0	658.48252360026	1	51650.76	0.0
265	input_spectra/bkgrnd-marine-broth.mzML	2632	0	658.48252360026	1	51662.28	0.0
253	input_spectra/bkgrnd-marine-broth.mzML	2633	0	614.45615641276	1	51906.119999999995	0.0
253	input_spectra/bkgrnd-marine-broth.mzML	2634	0	614.45615641276	1	51917.64	0.0
253	input_spectra/bkgrnd-marine-broth.mzML	2635	0	614.45615641276	1	51957.0	0.0
253	input_spectra/bkgrnd-marine-broth.mzML	2636	0	614.45615641276	1	51968.520000000004	0.0
253	input_spectra/bkgrnd-marine-broth.mzML	2637	0	614.45615641276	1	52007.88	0.0
253	input_spectra/bkgrnd-marine-broth.mzML	2638	0	614.45615641276	1	52019.4	0.0
124	input_spectra/bkgrnd-marine-broth.mzML	2639	0	286.223715888129	1	52203.0	0.0
125	input_spectra/bkgrnd-marine-broth.mzML	2640	0	286.223715888129	1	52214.52	0.0
124	input_spectra/bkgrnd-marine-broth.mzML	2641	0	286.223715888129	1	52253.880000000005	0.0
125	input_spectra/bkgrnd-marine-broth.mzML	2642	0	286.223715888129	1	52265.340000000004	0.0
124	input_spectra/bkgrnd-marine-broth.mzML	2643	0	286.223715888129	1	52304.880000000005	0.0
125	input_spectra/bkgrnd-marine-broth.mzML	2644	0	286.223715888129	1	52316.4	0.0
239	input_spectra/bkgrnd-marine-broth.mzML	2645	0	570.428792317708	1	52327.92	0.0
239	input_spectra/bkgrnd-marine-broth.mzML	2646	0	570.428792317708	1	52339.439999999995	0.0
239	input_spectra/bkgrnd-marine-broth.mzML	2647	0	570.428792317708	1	52378.740000000005	0.0
239	input_spectra/bkgrnd-marine-broth.mzML	2648	0	570.428792317708	1	52390.26	0.0
239	input_spectra/bkgrnd-marine-broth.mzML	2649	0	570.428792317708	1	52429.62	0.0
239	input_spectra/bkgrnd-marine-broth.mzML	2650	0	570.428792317708	1	52441.14	0.0
142	input_spectra/bkgrnd-marine-broth.mzML	2651	0	328.273207122204	1	52480.5	0.0
140	input_spectra/bkgrnd-marine-broth.mzML	2652	0	328.273207122204	1	52492.02	0.0
142	input_spectra/bkgrnd-marine-broth.mzML	2653	0	328.273207122204	1	52531.380000000005	0.0
140	input_spectra/bkgrnd-marine-broth.mzML	2654	0	328.273207122204	1	52542.840000000004	0.0
142	input_spectra/bkgrnd-marine-broth.mzML	2655	0	328.273207122204	1	52582.26	0.0
140	input_spectra/bkgrnd-marine-broth.mzML	2656	0	328.273207122204	1	52593.72	0.0
220	input_spectra/bkgrnd-marine-broth.mzML	2657	0	526.40185546875	1	52789.38	0.0
220	input_spectra/bkgrnd-marine-broth.mzML	2658	0	526.40185546875	1	52800.9	0.0
220	input_spectra/bkgrnd-marine-broth.mzML	2659	0	526.40185546875	1	52840.26	0.0
220	input_spectra/bkgrnd-marine-broth.mzML	2660	0	526.40185546875	1	52851.780000000006	0.0
220	input_spectra/bkgrnd-marine-broth.mzML	2661	0	526.40185546875	1	52891.14	0.0
220	input_spectra/bkgrnd-marine-broth.mzML	2662	0	526.40185546875	1	52902.66	0.0
123	input_spectra/bkgrnd-marine-broth.mzML	2663	0	286.223715888129	1	53343.36	0.0
125	input_spectra/bkgrnd-marine-broth.mzML	2664	0	286.223715888129	1	53354.880000000005	0.0
125	input_spectra/bkgrnd-marine-broth.mzML	2665	0	286.223715888129	1	53394.24	0.0
125	input_spectra/bkgrnd-marine-broth.mzML	2666	0	286.223715888129	1	53405.700000000004	0.0
125	input_spectra/bkgrnd-marine-broth.mzML	2667	0	286.223715888129	1	53468.1	0.0
125	input_spectra/bkgrnd-marine-broth.mzML	2668	0	286.223715888129	1	53479.56	0.0
142	input_spectra/bkgrnd-marine-broth.mzML	2669	0	328.273207122204	1	53650.14	0.0
140	input_spectra/bkgrnd-marine-broth.mzML	2670	0	328.273207122204	1	53661.659999999996	0.0
142	input_spectra/bkgrnd-marine-broth.mzML	2671	0	328.273207122204	1	53701.020000000004	0.0
140	input_spectra/bkgrnd-marine-broth.mzML	2672	0	328.273207122204	1	53712.479999999996	0.0
142	input_spectra/bkgrnd-marine-broth.mzML	2673	0	328.273207122204	1	53751.840000000004	0.0
140	input_spectra/bkgrnd-marine-broth.mzML	2674	0	328.273207122204	1	53763.36	0.0
125	input_spectra/bkgrnd-marine-broth.mzML	2675	0	286.223715888129	1	54484.439999999995	0.0
125	input_spectra/bkgrnd-marine-broth.mzML	2676	0	286.223715888129	1	54495.9	0.0
124	input_spectra/bkgrnd-marine-broth.mzML	2677	0	286.223715888129	1	54535.26	0.0
123	input_spectra/bkgrnd-marine-broth.mzML	2678	0	286.223715888129	1	54546.780000000006	0.0
124	input_spectra/bkgrnd-marine-broth.mzML	2679	0	286.223715888129	1	54586.14	0.0
124	input_spectra/bkgrnd-marine-broth.mzML	2680	0	286.223715888129	1	54597.600000000006	0.0
142	input_spectra/bkgrnd-marine-broth.mzML	2681	0	328.273207122204	1	54817.380000000005	0.0
140	input_spectra/bkgrnd-marine-broth.mzML	2682	0	328.273207122204	1	54828.84	0.0
142	input_spectra/bkgrnd-marine-broth.mzML	2683	0	328.273207122204	1	54868.200000000004	0.0
137	input_spectra/bkgrnd-marine-broth.mzML	2684	0	328.273207122204	1	54879.72	0.0
142	input_spectra/bkgrnd-marine-broth.mzML	2685	0	328.273207122204	1	54919.08	0.0
140	input_spectra/bkgrnd-marine-broth.mzML	2686	0	328.273207122204	1	54930.54	0.0
150	input_spectra/bkgrnd-marine-broth.mzML	2687	0	346.281604003906	1	55294.56	0.0
150	input_spectra/bkgrnd-marine-broth.mzML	2688	0	346.281604003906	1	55306.08	0.0
149	input_spectra/bkgrnd-marine-broth.mzML	2689	0	346.281604003906	1	55477.74	0.0
150	input_spectra/bkgrnd-marine-broth.mzML	2690	0	346.281604003906	1	55489.200000000004	0.0
124	input_spectra/bkgrnd-marine-broth.mzML	2691	0	286.223715888129	1	55624.74	0.0
125	input_spectra/bkgrnd-marine-broth.mzML	2692	0	286.223715888129	1	55636.259999999995	0.0
123	input_spectra/bkgrnd-marine-broth.mzML	2693	0	286.223715888129	1	55675.62	0.0
124	input_spectra/bkgrnd-marine-broth.mzML	2694	0	286.223715888129	1	55687.08	0.0
124	input_spectra/bkgrnd-marine-broth.mzML	2695	0	286.223715888129	1	55726.44	0.0
123	input_spectra/bkgrnd-marine-broth.mzML	2696	0	286.223715888129	1	55737.96	0.0
142	input_spectra/bkgrnd-marine-broth.mzML	2697	0	328.273207122204	1	55957.74	0.0
140	input_spectra/bkgrnd-marine-broth.mzML	2698	0	328.273207122204	1	55969.200000000004	0.0
142	input_spectra/bkgrnd-marine-broth.mzML	2699	0	328.273207122204	1	56008.619999999995	0.0
140	input_spectra/bkgrnd-marine-broth.mzML	2700	0	328.273207122204	1	56020.08	0.0
142	input_spectra/bkgrnd-marine-broth.mzML	2701	0	328.273207122204	1	56059.5	0.0
140	input_spectra/bkgrnd-marine-broth.mzML	2702	0	328.273207122204	1	56070.96	0.0
149	input_spectra/bkgrnd-marine-broth.mzML	2703	0	346.281604003906	1	56374.86	0.0
150	input_spectra/bkgrnd-marine-broth.mzML	2704	0	346.281604003906	1	56386.380000000005	0.0
124	input_spectra/bkgrnd-marine-broth.mzML	2705	0	286.223715888129	1	56762.399999999994	0.0
125	input_spectra/bkgrnd-marine-broth.mzML	2706	0	286.223715888129	1	56773.92	0.0
123	input_spectra/bkgrnd-marine-broth.mzML	2707	0	286.223715888129	1	56813.28	0.0
125	input_spectra/bkgrnd-marine-broth.mzML	2708	0	286.223715888129	1	56824.8	0.0
124	input_spectra/bkgrnd-marine-broth.mzML	2709	0	286.223715888129	1	56864.159999999996	0.0
125	input_spectra/bkgrnd-marine-broth.mzML	2710	0	286.223715888129	1	56875.68	0.0
142	input_spectra/bkgrnd-marine-broth.mzML	2711	0	328.273207122204	1	57095.4	0.0
140	input_spectra/bkgrnd-marine-broth.mzML	2712	0	328.273207122204	1	57106.86	0.0
142	input_spectra/bkgrnd-marine-broth.mzML	2713	0	328.273207122204	1	57146.22	0.0
140	input_spectra/bkgrnd-marine-broth.mzML	2714	0	328.273207122204	1	57157.68	0.0
142	input_spectra/bkgrnd-marine-broth.mzML	2715	0	328.273207122204	1	57197.1	0.0
140	input_spectra/bkgrnd-marine-broth.mzML	2716	0	328.273207122204	1	57208.56	0.0
149	input_spectra/bkgrnd-marine-broth.mzML	2717	0	346.281604003906	1	57897.3	0.0
150	input_spectra/bkgrnd-marine-broth.mzML	2718	0	346.281604003906	1	57908.759999999995	0.0
124	input_spectra/bkgrnd-marine-broth.mzML	2719	0	286.223715888129	1	57948.12	0.0
125	input_spectra/bkgrnd-marine-broth.mzML	2720	0	286.223715888129	1	57959.64	0.0
124	input_spectra/bkgrnd-marine-broth.mzML	2721	0	286.223715888129	1	57999.0	0.0
125	input_spectra/bkgrnd-marine-broth.mzML	2722	0	286.223715888129	1	58010.46	0.0
123	input_spectra/bkgrnd-marine-broth.mzML	2723	0	286.223715888129	1	58049.82	0.0
125	input_spectra/bkgrnd-marine-broth.mzML	2724	0	286.223715888129	1	58061.34	0.0
149	input_spectra/bkgrnd-marine-broth.mzML	2725	0	346.281604003906	1	58148.759999999995	0.0
149	input_spectra/bkgrnd-marine-broth.mzML	2726	0	346.281604003906	1	58160.28	0.0
142	input_spectra/bkgrnd-marine-broth.mzML	2727	0	328.273207122204	1	58235.700000000004	0.0
140	input_spectra/bkgrnd-marine-broth.mzML	2728	0	328.273207122204	1	58247.22	0.0
142	input_spectra/bkgrnd-marine-broth.mzML	2729	0	328.273207122204	1	58286.520000000004	0.0
140	input_spectra/bkgrnd-marine-broth.mzML	2730	0	328.273207122204	1	58298.04	0.0
142	input_spectra/bkgrnd-marine-broth.mzML	2731	0	328.273207122204	1	58337.399999999994	0.0
140	input_spectra/bkgrnd-marine-broth.mzML	2732	0	328.273207122204	1	58348.86	0.0
149	input_spectra/bkgrnd-marine-broth.mzML	2733	0	346.281604003906	1	58360.38	0.0
150	input_spectra/bkgrnd-marine-broth.mzML	2734	0	346.281604003906	1	58371.9	0.0
124	input_spectra/bkgrnd-marine-broth.mzML	2735	0	286.223715888129	1	59108.7	0.0
125	input_spectra/bkgrnd-marine-broth.mzML	2736	0	286.223715888129	1	59120.16	0.0
124	input_spectra/bkgrnd-marine-broth.mzML	2737	0	286.223715888129	1	59159.52	0.0
123	input_spectra/bkgrnd-marine-broth.mzML	2738	0	286.223715888129	1	59171.04	0.0
124	input_spectra/bkgrnd-marine-broth.mzML	2739	0	286.223715888129	1	59210.4	0.0
125	input_spectra/bkgrnd-marine-broth.mzML	2740	0	286.223715888129	1	59221.920000000006	0.0
142	input_spectra/bkgrnd-marine-broth.mzML	2741	0	328.273207122204	1	59381.520000000004	0.0
140	input_spectra/bkgrnd-marine-broth.mzML	2742	0	328.273207122204	1	59393.04	0.0
149	input_spectra/bkgrnd-marine-broth.mzML	2743	0	346.281604003906	1	59404.5	0.0
150	input_spectra/bkgrnd-marine-broth.mzML	2744	0	346.281604003906	1	59416.020000000004	0.0
142	input_spectra/bkgrnd-marine-broth.mzML	2745	0	328.273207122204	1	59455.38	0.0
140	input_spectra/bkgrnd-marine-broth.mzML	2746	0	328.273207122204	1	59466.840000000004	0.0
142	input_spectra/bkgrnd-marine-broth.mzML	2747	0	328.273207122204	1	59506.259999999995	0.0
140	input_spectra/bkgrnd-marine-broth.mzML	2748	0	328.273207122204	1	59517.72	0.0
149	input_spectra/bkgrnd-marine-broth.mzML	2749	0	346.281604003906	1	59581.2	0.0
150	input_spectra/bkgrnd-marine-broth.mzML	2750	0	346.281604003906	1	59592.66	0.0
149	input_spectra/bkgrnd-marine-broth.mzML	2751	0	346.281604003906	1	59740.26	0.0
150	input_spectra/bkgrnd-marine-broth.mzML	2752	0	346.281604003906	1	59751.72	0.0
125	input_spectra/bkgrnd-marine-broth.mzML	2753	0	286.223715888129	1	1004.13	0.0
125	input_spectra/bkgrnd-marine-broth.mzML	2754	0	286.223715888129	1	1004.32	0.0
124	input_spectra/bkgrnd-marine-broth.mzML	2755	0	286.223715888129	1	1004.98	0.0
125	input_spectra/bkgrnd-marine-broth.mzML	2756	0	286.223715888129	1	1005.17	0.0
124	input_spectra/bkgrnd-marine-broth.mzML	2757	0	286.223715888129	1	1005.83	0.0
125	input_spectra/bkgrnd-marine-broth.mzML	2758	0	286.223715888129	1	1006.02	0.0
142	input_spectra/bkgrnd-marine-broth.mzML	2759	0	328.273207122204	1	1009.08	0.0
140	input_spectra/bkgrnd-marine-broth.mzML	2760	0	328.273207122204	1	1009.27	0.0
142	input_spectra/bkgrnd-marine-broth.mzML	2761	0	328.273207122204	1	1009.93	0.0
140	input_spectra/bkgrnd-marine-broth.mzML	2762	0	328.273207122204	1	1010.12	0.0
142	input_spectra/bkgrnd-marine-broth.mzML	2763	0	328.273207122204	1	1010.78	0.0
140	input_spectra/bkgrnd-marine-broth.mzML	2764	0	328.273207122204	1	1010.97	0.0
149	input_spectra/bkgrnd-marine-broth.mzML	2765	0	346.281604003906	1	1014.03	0.0
150	input_spectra/bkgrnd-marine-broth.mzML	2766	0	346.281604003906	1	1014.22	0.0
149	input_spectra/bkgrnd-marine-broth.mzML	2767	0	346.281604003906	1	1014.88	0.0
149	input_spectra/bkgrnd-marine-broth.mzML	2768	0	346.281604003906	1	1015.07	0.0
149	input_spectra/bkgrnd-marine-broth.mzML	2769	0	346.281604003906	1	1020.53	0.0
150	input_spectra/bkgrnd-marine-broth.mzML	2770	0	346.281604003906	1	1020.73	0.0
124	input_spectra/bkgrnd-marine-broth.mzML	2771	0	286.223715888129	1	1023.19	0.0
125	input_spectra/bkgrnd-marine-broth.mzML	2772	0	286.223715888129	1	1023.38	0.0
125	input_spectra/bkgrnd-marine-broth.mzML	2773	0	286.223715888129	1	1024.03	0.0
125	input_spectra/bkgrnd-marine-broth.mzML	2774	0	286.223715888129	1	1024.23	0.0
124	input_spectra/bkgrnd-marine-broth.mzML	2775	0	286.223715888129	1	1024.88	0.0
125	input_spectra/bkgrnd-marine-broth.mzML	2776	0	286.223715888129	1	1025.07	0.0
142	input_spectra/bkgrnd-marine-broth.mzML	2777	0	328.273207122204	1	1028.13	0.0
140	input_spectra/bkgrnd-marine-broth.mzML	2778	0	328.273207122204	1	1028.33	0.0
131	input_spectra/bkgrnd-marine-broth.mzML	2779	0	304.233856201172	1	1028.52	0.0
131	input_spectra/bkgrnd-marine-broth.mzML	2780	0	304.233856201172	1	1028.71	0.0
142	input_spectra/bkgrnd-marine-broth.mzML	2781	0	328.273207122204	1	1029.36	0.0
140	input_spectra/bkgrnd-marine-broth.mzML	2782	0	328.273207122204	1	1029.56	0.0
142	input_spectra/bkgrnd-marine-broth.mzML	2783	0	328.273207122204	1	1030.21	0.0
140	input_spectra/bkgrnd-marine-broth.mzML	2784	0	328.273207122204	1	1030.4	0.0
131	input_spectra/bkgrnd-marine-broth.mzML	2785	0	304.233856201172	1	1031.06	0.0
131	input_spectra/bkgrnd-marine-broth.mzML	2786	0	304.233856201172	1	1031.25	0.0
131	input_spectra/bkgrnd-marine-broth.mzML	2787	0	304.233856201172	1	1041.33	0.0
131	input_spectra/bkgrnd-marine-broth.mzML	2788	0	304.233856201172	1	1041.52	0.0
123	input_spectra/bkgrnd-marine-broth.mzML	2789	0	286.223715888129	1	1042.57	0.0
123	input_spectra/bkgrnd-marine-broth.mzML	2790	0	286.223715888129	1	1042.77	0.0
123	input_spectra/bkgrnd-marine-broth.mzML	2791	0	286.223715888129	1	1043.42	0.0
125	input_spectra/bkgrnd-marine-broth.mzML	2792	0	286.223715888129	1	1043.61	0.0
125	input_spectra/bkgrnd-marine-broth.mzML	2793	0	286.223715888129	1	1044.27	0.0
125	input_spectra/bkgrnd-marine-broth.mzML	2794	0	286.223715888129	1	1044.46	0.0
149	input_spectra/bkgrnd-marine-broth.mzML	2795	0	346.281604003906	1	1046.72	0.0
150	input_spectra/bkgrnd-marine-broth.mzML	2796	0	346.281604003906	1	1046.91	0.0
142	input_spectra/bkgrnd-marine-broth.mzML	2797	0	328.273207122204	1	1047.57	0.0
140	input_spectra/bkgrnd-marine-broth.mzML	2798	0	328.273207122204	1	1047.76	0.0
142	input_spectra/bkgrnd-marine-broth.mzML	2799	0	328.273207122204	1	1048.42	0.0
140	input_spectra/bkgrnd-marine-broth.mzML	2800	0	328.273207122204	1	1048.61	0.0
142	input_spectra/bkgrnd-marine-broth.mzML	2801	0	328.273207122204	1	1049.26	0.0
140	input_spectra/bkgrnd-marine-broth.mzML	2802	0	328.273207122204	1	1049.46	0.0
149	input_spectra/bkgrnd-marine-broth.mzML	2803	0	346.281604003906	1	1055.72	0.0
150	input_spectra/bkgrnd-marine-broth.mzML	2804	0	346.281604003906	1	1055.91	0.0
125	input_spectra/bkgrnd-marine-broth.mzML	2805	0	286.223715888129	1	1061.58	0.0
125	input_spectra/bkgrnd-marine-broth.mzML	2806	0	286.223715888129	1	1061.77	0.0
123	input_spectra/bkgrnd-marine-broth.mzML	2807	0	286.223715888129	1	1062.43	0.0
125	input_spectra/bkgrnd-marine-broth.mzML	2808	0	286.223715888129	1	1062.62	0.0
124	input_spectra/bkgrnd-marine-broth.mzML	2809	0	286.223715888129	1	1063.28	0.0
125	input_spectra/bkgrnd-marine-broth.mzML	2810	0	286.223715888129	1	1063.47	0.0
142	input_spectra/bkgrnd-marine-broth.mzML	2811	0	328.273207122204	1	1066.53	0.0
140	input_spectra/bkgrnd-marine-broth.mzML	2812	0	328.273207122204	1	1066.72	0.0
142	input_spectra/bkgrnd-marine-broth.mzML	2813	0	328.273207122204	1	1067.37	0.0
140	input_spectra/bkgrnd-marine-broth.mzML	2814	0	328.273207122204	1	1067.57	0.0
142	input_spectra/bkgrnd-marine-broth.mzML	2815	0	328.273207122204	1	1068.22	0.0
140	input_spectra/bkgrnd-marine-broth.mzML	2816	0	328.273207122204	1	1068.41	0.0
149	input_spectra/bkgrnd-marine-broth.mzML	2817	0	346.281604003906	1	1069.67	0.0
150	input_spectra/bkgrnd-marine-broth.mzML	2818	0	346.281604003906	1	1069.86	0.0
131	input_spectra/bkgrnd-marine-broth.mzML	2819	0	304.233856201172	1	1074.33	0.0
131	input_spectra/bkgrnd-marine-broth.mzML	2820	0	304.233856201172	1	1074.52	0.0
131	input_spectra/bkgrnd-marine-broth.mzML	2821	0	304.233856201172	1	1076.98	0.0
131	input_spectra/bkgrnd-marine-broth.mzML	2822	0	304.233856201172	1	1077.17	0.0
131	input_spectra/bkgrnd-marine-broth.mzML	2823	0	304.233856201172	1	1078.23	0.0
131	input_spectra/bkgrnd-marine-broth.mzML	2824	0	304.233856201172	1	1078.42	0.0
124	input_spectra/bkgrnd-marine-broth.mzML	2825	0	286.223715888129	1	1080.68	0.0
125	input_spectra/bkgrnd-marine-broth.mzML	2826	0	286.223715888129	1	1080.87	0.0
124	input_spectra/bkgrnd-marine-broth.mzML	2827	0	286.223715888129	1	1081.52	0.0
123	input_spectra/bkgrnd-marine-broth.mzML	2828	0	286.223715888129	1	1081.71	0.0
124	input_spectra/bkgrnd-marine-broth.mzML	2829	0	286.223715888129	1	1082.37	0.0
124	input_spectra/bkgrnd-marine-broth.mzML	2830	0	286.223715888129	1	1082.56	0.0
142	input_spectra/bkgrnd-marine-broth.mzML	2831	0	328.273207122204	1	1085.67	0.0
140	input_spectra/bkgrnd-marine-broth.mzML	2832	0	328.273207122204	1	1085.86	0.0
142	input_spectra/bkgrnd-marine-broth.mzML	2833	0	328.273207122204	1	1086.52	0.0
140	input_spectra/bkgrnd-marine-broth.mzML	2834	0	328.273207122204	1	1086.71	0.0
142	input_spectra/bkgrnd-marine-broth.mzML	2835	0	328.273207122204	1	1087.36	0.0
140	input_spectra/bkgrnd-marine-broth.mzML	2836	0	328.273207122204	1	1087.56	0.0
70	input_spectra/bkgrnd-marine-broth.mzML	2837	0	185.112635294596	1	1094.92	0.0
70	input_spectra/bkgrnd-marine-broth.mzML	2838	0	185.112635294596	1	1095.11	0.0
70	input_spectra/bkgrnd-marine-broth.mzML	2839	0	185.112635294596	1	1096.37	0.0
70	input_spectra/bkgrnd-marine-broth.mzML	2840	0	185.112635294596	1	1096.56	0.0
70	input_spectra/bkgrnd-marine-broth.mzML	2841	0	185.112635294596	1	1097.42	0.0
70	input_spectra/bkgrnd-marine-broth.mzML	2842	0	185.112635294596	1	1097.61	0.0
131	input_spectra/bkgrnd-marine-broth.mzML	2843	0	304.233856201172	1	1099.47	0.0
131	input_spectra/bkgrnd-marine-broth.mzML	2844	0	304.233856201172	1	1099.66	0.0
124	input_spectra/bkgrnd-marine-broth.mzML	2845	0	286.223715888129	1	1100.31	0.0
123	input_spectra/bkgrnd-marine-broth.mzML	2846	0	286.223715888129	1	1100.5	0.0
124	input_spectra/bkgrnd-marine-broth.mzML	2847	0	286.223715888129	1	1101.16	0.0
125	input_spectra/bkgrnd-marine-broth.mzML	2848	0	286.223715888129	1	1101.35	0.0
131	input_spectra/bkgrnd-marine-broth.mzML	2849	0	304.233856201172	1	1101.54	0.0
131	input_spectra/bkgrnd-marine-broth.mzML	2850	0	304.233856201172	1	1101.73	0.0
125	input_spectra/bkgrnd-marine-broth.mzML	2851	0	286.223715888129	1	1102.39	0.0
125	input_spectra/bkgrnd-marine-broth.mzML	2852	0	286.223715888129	1	1102.58	0.0
131	input_spectra/bkgrnd-marine-broth.mzML	2853	0	304.233856201172	1	1103.24	0.0
131	input_spectra/bkgrnd-marine-broth.mzML	2854	0	304.233856201172	1	1103.43	0.0
141	input_spectra/bkgrnd-marine-broth.mzML	2855	0	328.273207122204	1	1105.09	0.0
141	input_spectra/bkgrnd-marine-broth.mzML	2856	0	328.273207122204	1	1105.28	0.0
142	input_spectra/bkgrnd-marine-broth.mzML	2857	0	328.273207122204	1	1105.94	0.0
141	input_spectra/bkgrnd-marine-broth.mzML	2858	0	328.273207122204	1	1106.13	0.0
142	input_spectra/bkgrnd-marine-broth.mzML	2859	0	328.273207122204	1	1106.78	0.0
141	input_spectra/bkgrnd-marine-broth.mzML	2860	0	328.273207122204	1	1106.97	0.0
138	input_spectra/bkgrnd-marine-broth.mzML	2861	0	328.273207122204	1	1124.06	0.0
141	input_spectra/bkgrnd-marine-broth.mzML	2862	0	328.273207122204	1	1124.26	0.0
139	input_spectra/bkgrnd-marine-broth.mzML	2863	0	328.273207122204	1	1124.91	0.0
137	input_spectra/bkgrnd-marine-broth.mzML	2864	0	328.273207122204	1	1125.1	0.0
141	input_spectra/bkgrnd-marine-broth.mzML	2865	0	328.273207122204	1	1125.76	0.0
138	input_spectra/bkgrnd-marine-broth.mzML	2866	0	328.273207122204	1	1125.95	0.0
208	input_spectra/bkgrnd-marine-broth.mzML	2867	0	495.476874457465	1	1135.83	0.0
209	input_spectra/bkgrnd-marine-broth.mzML	2868	0	495.476874457465	1	1136.02	0.0
208	input_spectra/bkgrnd-marine-broth.mzML	2869	0	495.476874457465	1	1141.28	0.0
209	input_spectra/bkgrnd-marine-broth.mzML	2870	0	495.476874457465	1	1141.47	0.0
136	input_spectra/bkgrnd-marine-broth.mzML	2871	0	328.273207122204	1	1143.13	0.0
136	input_spectra/bkgrnd-marine-broth.mzML	2872	0	328.273207122204	1	1143.32	0.0
137	input_spectra/bkgrnd-marine-broth.mzML	2873	0	328.273207122204	1	1143.98	0.0
141	input_spectra/bkgrnd-marine-broth.mzML	2874	0	328.273207122204	1	1144.17	0.0
138	input_spectra/bkgrnd-marine-broth.mzML	2875	0	328.273207122204	1	1144.83	0.0
141	input_spectra/bkgrnd-marine-broth.mzML	2876	0	328.273207122204	1	1145.02	0.0
208	input_spectra/bkgrnd-marine-broth.mzML	2877	0	495.476874457465	1	1145.68	0.0
209	input_spectra/bkgrnd-marine-broth.mzML	2878	0	495.476874457465	1	1145.87	0.0
70	input_spectra/bkgrnd-marine-broth.mzML	2879	0	185.112635294596	1	1162.16	0.0
70	input_spectra/bkgrnd-marine-broth.mzML	2880	0	185.112635294596	1	1162.35	0.0
137	input_spectra/bkgrnd-marine-broth.mzML	2881	0	328.273207122204	1	1163.0	0.0
138	input_spectra/bkgrnd-marine-broth.mzML	2882	0	328.273207122204	1	1163.2	0.0
208	input_spectra/bkgrnd-marine-broth.mzML	2883	0	495.476874457465	1	1163.39	0.0
209	input_spectra/bkgrnd-marine-broth.mzML	2884	0	495.476874457465	1	1163.58	0.0
141	input_spectra/bkgrnd-marine-broth.mzML	2885	0	328.273207122204	1	1164.24	0.0
140	input_spectra/bkgrnd-marine-broth.mzML	2886	0	328.273207122204	1	1164.43	0.0
208	input_spectra/bkgrnd-marine-broth.mzML	2887	0	495.476874457465	1	1164.62	0.0
209	input_spectra/bkgrnd-marine-broth.mzML	2888	0	495.476874457465	1	1164.81	0.0
135	input_spectra/bkgrnd-marine-broth.mzML	2889	0	328.273207122204	1	1165.47	0.0
141	input_spectra/bkgrnd-marine-broth.mzML	2890	0	328.273207122204	1	1165.66	0.0
208	input_spectra/bkgrnd-marine-broth.mzML	2891	0	495.476874457465	1	1165.85	0.0
209	input_spectra/bkgrnd-marine-broth.mzML	2892	0	495.476874457465	1	1166.04	0.0
70	input_spectra/bkgrnd-marine-broth.mzML	2893	0	185.112635294596	1	1167.1	0.0
70	input_spectra/bkgrnd-marine-broth.mzML	2894	0	185.112635294596	1	1167.29	0.0
70	input_spectra/bkgrnd-marine-broth.mzML	2895	0	185.112635294596	1	1170.15	0.0
70	input_spectra/bkgrnd-marine-broth.mzML	2896	0	185.112635294596	1	1170.34	0.0
142	input_spectra/bkgrnd-marine-broth.mzML	2897	0	328.273207122204	1	1182.51	0.0
141	input_spectra/bkgrnd-marine-broth.mzML	2898	0	328.273207122204	1	1182.71	0.0
208	input_spectra/bkgrnd-marine-broth.mzML	2899	0	495.476874457465	1	1182.9	0.0
209	input_spectra/bkgrnd-marine-broth.mzML	2900	0	495.476874457465	1	1183.09	0.0
139	input_spectra/bkgrnd-marine-broth.mzML	2901	0	328.273207122204	1	1183.75	0.0
137	input_spectra/bkgrnd-marine-broth.mzML	2902	0	328.273207122204	1	1183.94	0.0
208	input_spectra/bkgrnd-marine-broth.mzML	2903	0	495.476874457465	1	1184.13	0.0
209	input_spectra/bkgrnd-marine-broth.mzML	2904	0	495.476874457465	1	1184.32	0.0
135	input_spectra/bkgrnd-marine-broth.mzML	2905	0	328.273207122204	1	1184.98	0.0
141	input_spectra/bkgrnd-marine-broth.mzML	2906	0	328.273207122204	1	1185.17	0.0
208	input_spectra/bkgrnd-marine-broth.mzML	2907	0	495.476874457465	1	1185.36	0.0
209	input_spectra/bkgrnd-marine-broth.mzML	2908	0	495.476874457465	1	1185.55	0.0
70	input_spectra/bkgrnd-marine-broth.mzML	2909	0	185.112635294596	1	1188.06	0.0
70	input_spectra/bkgrnd-marine-broth.mzML	2910	0	185.112635294596	1	1188.25	0.0
70	input_spectra/bkgrnd-marine-broth.mzML	2911	0	185.112635294596	1	1188.91	0.0
70	input_spectra/bkgrnd-marine-broth.mzML	2912	0	185.112635294596	1	1189.1	0.0
70	input_spectra/bkgrnd-marine-broth.mzML	2913	0	185.112635294596	1	1189.75	0.0
70	input_spectra/bkgrnd-marine-broth.mzML	2914	0	185.112635294596	1	1189.95	0.0
