#ClusterIdx	#Filename	#SpecIdx	#Scan	#ParentMass	#Charge	#RetTime	#PrecIntensity
35	input_spectra/10-D3M17.mzML	0	0	130.965957641602	1	6057.84	0.0
35	input_spectra/10-D3M17.mzML	1	0	130.965957641602	1	6069.3	0.0
4	input_spectra/10-D3M17.mzML	2	0	110.008536020915	1	6313.0199999999995	0.0
5	input_spectra/10-D3M17.mzML	3	0	110.008536020915	1	6324.54	0.0
4	input_spectra/10-D3M17.mzML	4	0	110.008536020915	1	6363.9	0.0
4	input_spectra/10-D3M17.mzML	5	0	110.008536020915	1	6375.36	0.0
23	input_spectra/10-D3M17.mzML	6	0	125.985977172852	1	6386.82	0.0
23	input_spectra/10-D3M17.mzML	7	0	125.985977172852	1	6398.280000000001	0.0
57	input_spectra/10-D3M17.mzML	8	0	151.034866333008	1	6409.8	0.0
57	input_spectra/10-D3M17.mzML	9	0	151.034866333008	1	6421.26	0.0
4	input_spectra/10-D3M17.mzML	10	0	110.008536020915	1	6460.620000000001	0.0
4	input_spectra/10-D3M17.mzML	11	0	110.008536020915	1	6472.08	0.0
23	input_spectra/10-D3M17.mzML	12	0	125.985977172852	1	6483.6	0.0
23	input_spectra/10-D3M17.mzML	13	0	125.985977172852	1	6495.06	0.0
57	input_spectra/10-D3M17.mzML	14	0	151.034866333008	1	6506.5199999999995	0.0
57	input_spectra/10-D3M17.mzML	15	0	151.034866333008	1	6518.04	0.0
104	input_spectra/10-D3M17.mzML	16	0	223.988521575928	1	6529.5	0.0
104	input_spectra/10-D3M17.mzML	17	0	223.988521575928	1	6541.0199999999995	0.0
92	input_spectra/10-D3M17.mzML	18	0	198.939529418945	1	6552.48	0.0
92	input_spectra/10-D3M17.mzML	19	0	198.939529418945	1	6563.9400000000005	0.0
23	input_spectra/10-D3M17.mzML	20	0	125.985977172852	1	6603.36	0.0
23	input_spectra/10-D3M17.mzML	21	0	125.985977172852	1	6614.82	0.0
57	input_spectra/10-D3M17.mzML	22	0	151.034866333008	1	6626.28	0.0
57	input_spectra/10-D3M17.mzML	23	0	151.034866333008	1	6637.799999999999	0.0
104	input_spectra/10-D3M17.mzML	24	0	223.988521575928	1	6649.26	0.0
104	input_spectra/10-D3M17.mzML	25	0	223.988521575928	1	6660.72	0.0
92	input_spectra/10-D3M17.mzML	26	0	198.939529418945	1	6672.24	0.0
92	input_spectra/10-D3M17.mzML	27	0	198.939529418945	1	6683.7	0.0
53	input_spectra/10-D3M17.mzML	28	0	146.164788818359	1	6695.16	0.0
53	input_spectra/10-D3M17.mzML	29	0	146.164788818359	1	6706.68	0.0
92	input_spectra/10-D3M17.mzML	30	0	198.939529418945	1	6746.04	0.0
92	input_spectra/10-D3M17.mzML	31	0	198.939529418945	1	6757.5	0.0
104	input_spectra/10-D3M17.mzML	32	0	223.988521575928	1	6769.0199999999995	0.0
104	input_spectra/10-D3M17.mzML	33	0	223.988521575928	1	6780.48	0.0
53	input_spectra/10-D3M17.mzML	34	0	146.164788818359	1	6791.94	0.0
53	input_spectra/10-D3M17.mzML	35	0	146.164788818359	1	6803.46	0.0
81	input_spectra/10-D3M17.mzML	36	0	182.962173461914	1	6814.92	0.0
82	input_spectra/10-D3M17.mzML	37	0	182.962173461914	1	6826.38	0.0
120	input_spectra/10-D3M17.mzML	38	0	239.965911865234	1	6837.900000000001	0.0
120	input_spectra/10-D3M17.mzML	39	0	239.965911865234	1	6849.360000000001	0.0
81	input_spectra/10-D3M17.mzML	40	0	182.962173461914	1	6888.78	0.0
82	input_spectra/10-D3M17.mzML	41	0	182.962173461914	1	6900.240000000001	0.0
53	input_spectra/10-D3M17.mzML	42	0	146.164788818359	1	6911.7	0.0
53	input_spectra/10-D3M17.mzML	43	0	146.164788818359	1	6923.22	0.0
120	input_spectra/10-D3M17.mzML	44	0	239.965911865234	1	6934.68	0.0
120	input_spectra/10-D3M17.mzML	45	0	239.965911865234	1	6946.2	0.0
66	input_spectra/10-D3M17.mzML	46	0	160.180470784505	1	6957.66	0.0
66	input_spectra/10-D3M17.mzML	47	0	160.180470784505	1	6969.12	0.0
93	input_spectra/10-D3M17.mzML	48	0	203.222401936849	1	6980.639999999999	0.0
93	input_spectra/10-D3M17.mzML	49	0	203.222401936849	1	6992.099999999999	0.0
81	input_spectra/10-D3M17.mzML	50	0	182.962173461914	1	7031.5199999999995	0.0
82	input_spectra/10-D3M17.mzML	51	0	182.962173461914	1	7042.98	0.0
120	input_spectra/10-D3M17.mzML	52	0	239.965911865234	1	7054.44	0.0
120	input_spectra/10-D3M17.mzML	53	0	239.965911865234	1	7065.96	0.0
66	input_spectra/10-D3M17.mzML	54	0	160.180470784505	1	7077.42	0.0
66	input_spectra/10-D3M17.mzML	55	0	160.180470784505	1	7088.9400000000005	0.0
98	input_spectra/10-D3M17.mzML	56	0	214.917012532552	1	7100.400000000001	0.0
98	input_spectra/10-D3M17.mzML	57	0	214.917012532552	1	7111.860000000001	0.0
131	input_spectra/10-D3M17.mzML	58	0	265.014678955078	1	7123.38	0.0
131	input_spectra/10-D3M17.mzML	59	0	265.014678955078	1	7134.84	0.0
66	input_spectra/10-D3M17.mzML	60	0	160.180470784505	1	7174.26	0.0
66	input_spectra/10-D3M17.mzML	61	0	160.180470784505	1	7185.72	0.0
98	input_spectra/10-D3M17.mzML	62	0	214.917012532552	1	7197.18	0.0
98	input_spectra/10-D3M17.mzML	63	0	214.917012532552	1	7208.7	0.0
131	input_spectra/10-D3M17.mzML	64	0	265.014678955078	1	7220.16	0.0
131	input_spectra/10-D3M17.mzML	65	0	265.014678955078	1	7231.68	0.0
93	input_spectra/10-D3M17.mzML	66	0	203.222401936849	1	7243.139999999999	0.0
93	input_spectra/10-D3M17.mzML	67	0	203.222401936849	1	7254.66	0.0
27	input_spectra/10-D3M17.mzML	68	0	129.138371785482	1	7277.58	0.0
98	input_spectra/10-D3M17.mzML	69	0	214.917012532552	1	7316.94	0.0
98	input_spectra/10-D3M17.mzML	70	0	214.917012532552	1	7328.46	0.0
131	input_spectra/10-D3M17.mzML	71	0	265.014678955078	1	7339.92	0.0
131	input_spectra/10-D3M17.mzML	72	0	265.014678955078	1	7351.38	0.0
93	input_spectra/10-D3M17.mzML	73	0	203.222401936849	1	7362.900000000001	0.0
93	input_spectra/10-D3M17.mzML	74	0	203.222401936849	1	7374.360000000001	0.0
27	input_spectra/10-D3M17.mzML	75	0	129.138371785482	1	7385.88	0.0
27	input_spectra/10-D3M17.mzML	76	0	129.138371785482	1	7397.34	0.0
27	input_spectra/10-D3M17.mzML	77	0	129.138371785482	1	7436.7	0.0
27	input_spectra/10-D3M17.mzML	78	0	129.138371785482	1	7448.16	0.0
4	input_spectra/10-D3M17.mzML	79	0	110.008536020915	1	7487.52	0.0
4	input_spectra/10-D3M17.mzML	80	0	110.008536020915	1	7499.04	0.0
4	input_spectra/10-D3M17.mzML	81	0	110.008536020915	1	7538.4	0.0
4	input_spectra/10-D3M17.mzML	82	0	110.008536020915	1	7549.860000000001	0.0
4	input_spectra/10-D3M17.mzML	83	0	110.008536020915	1	7589.219999999999	0.0
4	input_spectra/10-D3M17.mzML	84	0	110.008536020915	1	7600.68	0.0
23	input_spectra/10-D3M17.mzML	85	0	125.985977172852	1	7612.14	0.0
23	input_spectra/10-D3M17.mzML	86	0	125.985977172852	1	7623.660000000001	0.0
57	input_spectra/10-D3M17.mzML	87	0	151.034866333008	1	7635.12	0.0
57	input_spectra/10-D3M17.mzML	88	0	151.034866333008	1	7646.58	0.0
23	input_spectra/10-D3M17.mzML	89	0	125.985977172852	1	7686.0	0.0
23	input_spectra/10-D3M17.mzML	90	0	125.985977172852	1	7697.46	0.0
57	input_spectra/10-D3M17.mzML	91	0	151.034866333008	1	7708.92	0.0
57	input_spectra/10-D3M17.mzML	92	0	151.034866333008	1	7720.38	0.0
92	input_spectra/10-D3M17.mzML	93	0	198.939529418945	1	7759.800000000001	0.0
92	input_spectra/10-D3M17.mzML	94	0	198.939529418945	1	7771.259999999999	0.0
104	input_spectra/10-D3M17.mzML	95	0	223.988521575928	1	7782.78	0.0
104	input_spectra/10-D3M17.mzML	96	0	223.988521575928	1	7794.24	0.0
23	input_spectra/10-D3M17.mzML	97	0	125.985977172852	1	7805.76	0.0
23	input_spectra/10-D3M17.mzML	98	0	125.985977172852	1	7817.22	0.0
57	input_spectra/10-D3M17.mzML	99	0	151.034866333008	1	7828.68	0.0
57	input_spectra/10-D3M17.mzML	100	0	151.034866333008	1	7840.14	0.0
53	input_spectra/10-D3M17.mzML	101	0	146.164788818359	1	7879.499999999999	0.0
53	input_spectra/10-D3M17.mzML	102	0	146.164788818359	1	7891.0199999999995	0.0
53	input_spectra/10-D3M17.mzML	103	0	146.164788818359	1	7942.379999999999	0.0
53	input_spectra/10-D3M17.mzML	104	0	146.164788818359	1	7953.9	0.0
77	input_spectra/10-D3M17.mzML	105	0	175.118342081706	1	8462.16	0.0
77	input_spectra/10-D3M17.mzML	106	0	175.118342081706	1	8473.68	0.0
77	input_spectra/10-D3M17.mzML	107	0	175.118342081706	1	8513.039999999999	0.0
77	input_spectra/10-D3M17.mzML	108	0	175.118342081706	1	8524.5	0.0
7	input_spectra/10-D3M17.mzML	109	0	116.070229424371	1	8563.86	0.0
7	input_spectra/10-D3M17.mzML	110	0	116.070229424371	1	8575.32	0.0
77	input_spectra/10-D3M17.mzML	111	0	175.118342081706	1	8586.84	0.0
77	input_spectra/10-D3M17.mzML	112	0	175.118342081706	1	8598.300000000001	0.0
7	input_spectra/10-D3M17.mzML	113	0	116.070229424371	1	8637.66	0.0
7	input_spectra/10-D3M17.mzML	114	0	116.070229424371	1	8649.119999999999	0.0
7	input_spectra/10-D3M17.mzML	115	0	116.070229424371	1	8688.48	0.0
7	input_spectra/10-D3M17.mzML	116	0	116.070229424371	1	8699.94	0.0
110	input_spectra/10-D3M17.mzML	117	0	229.117669677734	1	8711.460000000001	0.0
110	input_spectra/10-D3M17.mzML	118	0	229.117669677734	1	8722.92	0.0
110	input_spectra/10-D3M17.mzML	119	0	229.117669677734	1	8762.34	0.0
110	input_spectra/10-D3M17.mzML	120	0	229.117669677734	1	8773.8	0.0
110	input_spectra/10-D3M17.mzML	121	0	229.117669677734	1	8813.16	0.0
110	input_spectra/10-D3M17.mzML	122	0	229.117669677734	1	8824.68	0.0
11	input_spectra/10-D3M17.mzML	123	0	118.085822423299	1	8864.04	0.0
11	input_spectra/10-D3M17.mzML	124	0	118.085822423299	1	8875.5	0.0
11	input_spectra/10-D3M17.mzML	125	0	118.085822423299	1	8914.859999999999	0.0
11	input_spectra/10-D3M17.mzML	126	0	118.085822423299	1	8926.32	0.0
11	input_spectra/10-D3M17.mzML	127	0	118.085822423299	1	8965.68	0.0
11	input_spectra/10-D3M17.mzML	128	0	118.085822423299	1	8977.2	0.0
75	input_spectra/10-D3M17.mzML	129	0	173.091557820638	1	9016.560000000001	0.0
75	input_spectra/10-D3M17.mzML	130	0	173.091557820638	1	9028.02	0.0
75	input_spectra/10-D3M17.mzML	131	0	173.091557820638	1	9067.38	0.0
75	input_spectra/10-D3M17.mzML	132	0	173.091557820638	1	9078.84	0.0
75	input_spectra/10-D3M17.mzML	133	0	173.091557820638	1	9118.2	0.0
75	input_spectra/10-D3M17.mzML	134	0	173.091557820638	1	9129.720000000001	0.0
52	input_spectra/10-D3M17.mzML	135	0	146.091888427734	1	9229.199999999999	0.0
52	input_spectra/10-D3M17.mzML	136	0	146.091888427734	1	9280.02	0.0
115	input_spectra/10-D3M17.mzML	137	0	235.118446350098	1	9353.82	0.0
115	input_spectra/10-D3M17.mzML	138	0	235.118446350098	1	9365.34	0.0
115	input_spectra/10-D3M17.mzML	139	0	235.118446350098	1	9404.7	0.0
115	input_spectra/10-D3M17.mzML	140	0	235.118446350098	1	9416.16	0.0
25	input_spectra/10-D3M17.mzML	141	0	129.065424601237	1	9455.52	0.0
26	input_spectra/10-D3M17.mzML	142	0	129.065424601237	1	9466.98	0.0
25	input_spectra/10-D3M17.mzML	143	0	129.065424601237	1	9506.4	0.0
26	input_spectra/10-D3M17.mzML	144	0	129.065424601237	1	9517.86	0.0
62	input_spectra/10-D3M17.mzML	145	0	158.091908772786	1	9557.220000000001	0.0
62	input_spectra/10-D3M17.mzML	146	0	158.091908772786	1	9568.68	0.0
25	input_spectra/10-D3M17.mzML	147	0	129.065424601237	1	9580.140000000001	0.0
62	input_spectra/10-D3M17.mzML	148	0	158.091908772786	1	9630.96	0.0
62	input_spectra/10-D3M17.mzML	149	0	158.091908772786	1	9642.42	0.0
62	input_spectra/10-D3M17.mzML	150	0	158.091908772786	1	9681.84	0.0
62	input_spectra/10-D3M17.mzML	151	0	158.091908772786	1	9693.300000000001	0.0
55	input_spectra/10-D3M17.mzML	152	0	150.057851155599	1	9704.76	0.0
55	input_spectra/10-D3M17.mzML	153	0	150.057851155599	1	9716.220000000001	0.0
8	input_spectra/10-D3M17.mzML	154	0	116.070229424371	1	9755.58	0.0
9	input_spectra/10-D3M17.mzML	155	0	116.070229424371	1	9767.039999999999	0.0
55	input_spectra/10-D3M17.mzML	156	0	150.057851155599	1	9778.5	0.0
55	input_spectra/10-D3M17.mzML	157	0	150.057851155599	1	9790.02	0.0
55	input_spectra/10-D3M17.mzML	158	0	150.057851155599	1	9829.380000000001	0.0
55	input_spectra/10-D3M17.mzML	159	0	150.057851155599	1	9840.84	0.0
8	input_spectra/10-D3M17.mzML	160	0	116.070229424371	1	9852.300000000001	0.0
9	input_spectra/10-D3M17.mzML	161	0	116.070229424371	1	9863.759999999998	0.0
8	input_spectra/10-D3M17.mzML	162	0	116.070229424371	1	9903.18	0.0
9	input_spectra/10-D3M17.mzML	163	0	116.070229424371	1	9914.64	0.0
28	input_spectra/10-D3M17.mzML	164	0	130.049436569214	1	9926.1	0.0
29	input_spectra/10-D3M17.mzML	165	0	130.049436569214	1	9937.56	0.0
28	input_spectra/10-D3M17.mzML	166	0	130.049436569214	1	9976.92	0.0
29	input_spectra/10-D3M17.mzML	167	0	130.049436569214	1	9988.439999999999	0.0
11	input_spectra/10-D3M17.mzML	168	0	118.085822423299	1	10027.74	0.0
11	input_spectra/10-D3M17.mzML	169	0	118.085822423299	1	10039.26	0.0
28	input_spectra/10-D3M17.mzML	170	0	130.049436569214	1	10050.72	0.0
29	input_spectra/10-D3M17.mzML	171	0	130.049436569214	1	10062.18	0.0
11	input_spectra/10-D3M17.mzML	172	0	118.085822423299	1	10101.54	0.0
11	input_spectra/10-D3M17.mzML	173	0	118.085822423299	1	10113.0	0.0
11	input_spectra/10-D3M17.mzML	174	0	118.085822423299	1	10152.359999999999	0.0
11	input_spectra/10-D3M17.mzML	175	0	118.085822423299	1	10163.82	0.0
40	input_spectra/10-D3M17.mzML	176	0	132.10153503418	1	10203.18	0.0
40	input_spectra/10-D3M17.mzML	177	0	132.10153503418	1	10214.7	0.0
40	input_spectra/10-D3M17.mzML	178	0	132.10153503418	1	10254.060000000001	0.0
40	input_spectra/10-D3M17.mzML	179	0	132.10153503418	1	10265.52	0.0
40	input_spectra/10-D3M17.mzML	180	0	132.10153503418	1	10304.94	0.0
62	input_spectra/10-D3M17.mzML	181	0	158.091908772786	1	10728.539999999999	0.0
62	input_spectra/10-D3M17.mzML	182	0	158.091908772786	1	10740.0	0.0
62	input_spectra/10-D3M17.mzML	183	0	158.091908772786	1	10779.36	0.0
62	input_spectra/10-D3M17.mzML	184	0	158.091908772786	1	10790.82	0.0
62	input_spectra/10-D3M17.mzML	185	0	158.091908772786	1	10830.24	0.0
62	input_spectra/10-D3M17.mzML	186	0	158.091908772786	1	10841.699999999999	0.0
8	input_spectra/10-D3M17.mzML	187	0	116.070229424371	1	10941.18	0.0
9	input_spectra/10-D3M17.mzML	188	0	116.070229424371	1	10952.640000000001	0.0
8	input_spectra/10-D3M17.mzML	189	0	116.070229424371	1	10992.0	0.0
9	input_spectra/10-D3M17.mzML	190	0	116.070229424371	1	11003.46	0.0
8	input_spectra/10-D3M17.mzML	191	0	116.070229424371	1	11042.880000000001	0.0
9	input_spectra/10-D3M17.mzML	192	0	116.070229424371	1	11054.34	0.0
30	input_spectra/10-D3M17.mzML	193	0	130.049436569214	1	11093.7	0.0
31	input_spectra/10-D3M17.mzML	194	0	130.049436569214	1	11105.16	0.0
30	input_spectra/10-D3M17.mzML	195	0	130.049436569214	1	11144.58	0.0
31	input_spectra/10-D3M17.mzML	196	0	130.049436569214	1	11156.039999999999	0.0
30	input_spectra/10-D3M17.mzML	197	0	130.049436569214	1	11195.4	0.0
31	input_spectra/10-D3M17.mzML	198	0	130.049436569214	1	11206.86	0.0
11	input_spectra/10-D3M17.mzML	199	0	118.085822423299	1	11246.220000000001	0.0
11	input_spectra/10-D3M17.mzML	200	0	118.085822423299	1	11257.74	0.0
11	input_spectra/10-D3M17.mzML	201	0	118.085822423299	1	11297.1	0.0
11	input_spectra/10-D3M17.mzML	202	0	118.085822423299	1	11308.56	0.0
11	input_spectra/10-D3M17.mzML	203	0	118.085822423299	1	11347.92	0.0
11	input_spectra/10-D3M17.mzML	204	0	118.085822423299	1	11359.380000000001	0.0
40	input_spectra/10-D3M17.mzML	205	0	132.10153503418	1	11398.740000000002	0.0
40	input_spectra/10-D3M17.mzML	206	0	132.10153503418	1	11410.199999999999	0.0
40	input_spectra/10-D3M17.mzML	207	0	132.10153503418	1	11449.619999999999	0.0
40	input_spectra/10-D3M17.mzML	208	0	132.10153503418	1	11461.08	0.0
105	input_spectra/10-D3M17.mzML	209	0	226.154426574707	1	11472.54	0.0
105	input_spectra/10-D3M17.mzML	210	0	226.154426574707	1	11484.060000000001	0.0
40	input_spectra/10-D3M17.mzML	211	0	132.10153503418	1	11523.42	0.0
105	input_spectra/10-D3M17.mzML	212	0	226.154426574707	1	11546.34	0.0
105	input_spectra/10-D3M17.mzML	213	0	226.154426574707	1	11557.86	0.0
100	input_spectra/10-D3M17.mzML	214	0	216.097198486328	1	11569.32	0.0
100	input_spectra/10-D3M17.mzML	215	0	216.097198486328	1	11580.78	0.0
39	input_spectra/10-D3M17.mzML	216	0	132.106567382813	1	11620.199999999999	0.0
43	input_spectra/10-D3M17.mzML	217	0	132.106567382813	1	11631.66	0.0
132	input_spectra/10-D3M17.mzML	218	0	268.103688557943	1	11643.18	0.0
132	input_spectra/10-D3M17.mzML	219	0	268.103688557943	1	11654.64	0.0
45	input_spectra/10-D3M17.mzML	220	0	137.045298258464	1	11666.16	0.0
46	input_spectra/10-D3M17.mzML	221	0	137.045298258464	1	11677.62	0.0
124	input_spectra/10-D3M17.mzML	222	0	254.160415649414	1	11689.14	0.0
132	input_spectra/10-D3M17.mzML	223	0	268.103688557943	1	11739.96	0.0
132	input_spectra/10-D3M17.mzML	224	0	268.103688557943	1	11751.48	0.0
45	input_spectra/10-D3M17.mzML	225	0	137.045298258464	1	11762.94	0.0
46	input_spectra/10-D3M17.mzML	226	0	137.045298258464	1	11774.400000000001	0.0
123	input_spectra/10-D3M17.mzML	227	0	245.14879099528	1	11785.92	0.0
123	input_spectra/10-D3M17.mzML	228	0	245.14879099528	1	11797.38	0.0
124	input_spectra/10-D3M17.mzML	229	0	254.160415649414	1	11808.9	0.0
125	input_spectra/10-D3M17.mzML	230	0	254.160415649414	1	11820.36	0.0
132	input_spectra/10-D3M17.mzML	231	0	268.103688557943	1	11859.720000000001	0.0
132	input_spectra/10-D3M17.mzML	232	0	268.103688557943	1	11871.240000000002	0.0
124	input_spectra/10-D3M17.mzML	233	0	254.160415649414	1	11882.699999999999	0.0
125	input_spectra/10-D3M17.mzML	234	0	254.160415649414	1	11894.22	0.0
123	input_spectra/10-D3M17.mzML	235	0	245.14879099528	1	11928.720000000001	0.0
123	input_spectra/10-D3M17.mzML	236	0	245.14879099528	1	11940.179999999998	0.0
41	input_spectra/10-D3M17.mzML	237	0	132.104873657227	1	12002.52	0.0
41	input_spectra/10-D3M17.mzML	238	0	132.104873657227	1	12013.98	0.0
19	input_spectra/10-D3M17.mzML	239	0	121.064493815104	1	12025.44	0.0
19	input_spectra/10-D3M17.mzML	240	0	121.064493815104	1	12036.960000000001	0.0
59	input_spectra/10-D3M17.mzML	241	0	155.081091986762	1	12048.42	0.0
59	input_spectra/10-D3M17.mzML	242	0	155.081091986762	1	12059.88	0.0
123	input_spectra/10-D3M17.mzML	243	0	245.14879099528	1	12071.4	0.0
123	input_spectra/10-D3M17.mzML	244	0	245.14879099528	1	12082.86	0.0
79	input_spectra/10-D3M17.mzML	245	0	182.080657958984	1	12094.380000000001	0.0
80	input_spectra/10-D3M17.mzML	246	0	182.080657958984	1	12105.84	0.0
19	input_spectra/10-D3M17.mzML	247	0	121.064493815104	1	12145.199999999999	0.0
19	input_spectra/10-D3M17.mzML	248	0	121.064493815104	1	12156.66	0.0
59	input_spectra/10-D3M17.mzML	249	0	155.081091986762	1	12168.18	0.0
59	input_spectra/10-D3M17.mzML	250	0	155.081091986762	1	12179.64	0.0
79	input_spectra/10-D3M17.mzML	251	0	182.080657958984	1	12191.16	0.0
80	input_spectra/10-D3M17.mzML	252	0	182.080657958984	1	12202.62	0.0
67	input_spectra/10-D3M17.mzML	253	0	165.054117838542	1	12237.06	0.0
68	input_spectra/10-D3M17.mzML	254	0	165.054117838542	1	12248.52	0.0
79	input_spectra/10-D3M17.mzML	255	0	182.080657958984	1	12287.880000000001	0.0
80	input_spectra/10-D3M17.mzML	256	0	182.080657958984	1	12299.400000000001	0.0
59	input_spectra/10-D3M17.mzML	257	0	155.081091986762	1	12310.86	0.0
59	input_spectra/10-D3M17.mzML	258	0	155.081091986762	1	12322.320000000002	0.0
19	input_spectra/10-D3M17.mzML	259	0	121.064493815104	1	12333.779999999999	0.0
19	input_spectra/10-D3M17.mzML	260	0	121.064493815104	1	12345.3	0.0
44	input_spectra/10-D3M17.mzML	261	0	136.075322469076	1	12356.76	0.0
44	input_spectra/10-D3M17.mzML	262	0	136.075322469076	1	12368.22	0.0
67	input_spectra/10-D3M17.mzML	263	0	165.054117838542	1	12379.74	0.0
68	input_spectra/10-D3M17.mzML	264	0	165.054117838542	1	12391.2	0.0
44	input_spectra/10-D3M17.mzML	265	0	136.075322469076	1	12430.56	0.0
44	input_spectra/10-D3M17.mzML	266	0	136.075322469076	1	12442.019999999999	0.0
67	input_spectra/10-D3M17.mzML	267	0	165.054117838542	1	12453.539999999999	0.0
68	input_spectra/10-D3M17.mzML	268	0	165.054117838542	1	12465.0	0.0
22	input_spectra/10-D3M17.mzML	269	0	123.04369354248	1	12476.460000000001	0.0
22	input_spectra/10-D3M17.mzML	270	0	123.04369354248	1	12487.92	0.0
12	input_spectra/10-D3M17.mzML	271	0	118.085822423299	1	12522.359999999999	0.0
40	input_spectra/10-D3M17.mzML	272	0	132.10153503418	1	12573.24	0.0
44	input_spectra/10-D3M17.mzML	273	0	136.075322469076	1	12596.16	0.0
44	input_spectra/10-D3M17.mzML	274	0	136.075322469076	1	12607.62	0.0
116	input_spectra/10-D3M17.mzML	275	0	237.086359659831	1	12619.14	0.0
117	input_spectra/10-D3M17.mzML	276	0	237.086359659831	1	12630.599999999999	0.0
22	input_spectra/10-D3M17.mzML	277	0	123.04369354248	1	12642.119999999999	0.0
22	input_spectra/10-D3M17.mzML	278	0	123.04369354248	1	12653.58	0.0
40	input_spectra/10-D3M17.mzML	279	0	132.10153503418	1	12715.92	0.0
42	input_spectra/10-D3M17.mzML	280	0	132.10153503418	1	12727.38	0.0
116	input_spectra/10-D3M17.mzML	281	0	237.086359659831	1	12738.9	0.0
117	input_spectra/10-D3M17.mzML	282	0	237.086359659831	1	12750.36	0.0
12	input_spectra/10-D3M17.mzML	283	0	118.085822423299	1	12784.800000000001	0.0
40	input_spectra/10-D3M17.mzML	284	0	132.10153503418	1	12835.619999999999	0.0
42	input_spectra/10-D3M17.mzML	285	0	132.10153503418	1	12847.14	0.0
116	input_spectra/10-D3M17.mzML	286	0	237.086359659831	1	12858.6	0.0
117	input_spectra/10-D3M17.mzML	287	0	237.086359659831	1	12870.12	0.0
45	input_spectra/10-D3M17.mzML	288	0	137.045298258464	1	12881.58	0.0
46	input_spectra/10-D3M17.mzML	289	0	137.045298258464	1	12893.039999999999	0.0
123	input_spectra/10-D3M17.mzML	290	0	245.14879099528	1	12955.380000000001	0.0
123	input_spectra/10-D3M17.mzML	291	0	245.14879099528	1	12966.84	0.0
123	input_spectra/10-D3M17.mzML	292	0	245.14879099528	1	13006.2	0.0
123	input_spectra/10-D3M17.mzML	293	0	245.14879099528	1	13017.72	0.0
30	input_spectra/10-D3M17.mzML	294	0	130.049436569214	1	13029.18	0.0
32	input_spectra/10-D3M17.mzML	295	0	130.049436569214	1	13040.64	0.0
123	input_spectra/10-D3M17.mzML	296	0	245.14879099528	1	13080.0	0.0
123	input_spectra/10-D3M17.mzML	297	0	245.14879099528	1	13091.52	0.0
30	input_spectra/10-D3M17.mzML	298	0	130.049436569214	1	13102.980000000001	0.0
32	input_spectra/10-D3M17.mzML	299	0	130.049436569214	1	13114.44	0.0
58	input_spectra/10-D3M17.mzML	300	0	152.056065877279	1	13153.86	0.0
58	input_spectra/10-D3M17.mzML	301	0	152.056065877279	1	13165.32	0.0
175	input_spectra/10-D3M17.mzML	302	0	371.154459635417	1	13176.84	0.0
175	input_spectra/10-D3M17.mzML	303	0	371.154459635417	1	13188.36	0.0
140	input_spectra/10-D3M17.mzML	304	0	284.097930908203	1	13227.72	0.0
140	input_spectra/10-D3M17.mzML	305	0	284.097930908203	1	13239.18	0.0
58	input_spectra/10-D3M17.mzML	306	0	152.056065877279	1	13250.7	0.0
58	input_spectra/10-D3M17.mzML	307	0	152.056065877279	1	13262.16	0.0
175	input_spectra/10-D3M17.mzML	308	0	371.154459635417	1	13273.68	0.0
175	input_spectra/10-D3M17.mzML	309	0	371.154459635417	1	13285.199999999999	0.0
58	input_spectra/10-D3M17.mzML	310	0	152.056065877279	1	13324.56	0.0
58	input_spectra/10-D3M17.mzML	311	0	152.056065877279	1	13336.02	0.0
140	input_spectra/10-D3M17.mzML	312	0	284.097930908203	1	13347.54	0.0
140	input_spectra/10-D3M17.mzML	313	0	284.097930908203	1	13359.18	0.0
59	input_spectra/10-D3M17.mzML	314	0	155.081091986762	1	13370.7	0.0
59	input_spectra/10-D3M17.mzML	315	0	155.081091986762	1	13382.16	0.0
175	input_spectra/10-D3M17.mzML	316	0	371.154459635417	1	13393.68	0.0
175	input_spectra/10-D3M17.mzML	317	0	371.154459635417	1	13405.199999999999	0.0
140	input_spectra/10-D3M17.mzML	318	0	284.097930908203	1	13467.54	0.0
140	input_spectra/10-D3M17.mzML	319	0	284.097930908203	1	13479.0	0.0
59	input_spectra/10-D3M17.mzML	320	0	155.081091986762	1	13490.52	0.0
59	input_spectra/10-D3M17.mzML	321	0	155.081091986762	1	13501.98	0.0
64	input_spectra/10-D3M17.mzML	322	0	160.075052897135	1	13513.5	0.0
65	input_spectra/10-D3M17.mzML	323	0	160.075052897135	1	13524.96	0.0
102	input_spectra/10-D3M17.mzML	324	0	221.09162902832	1	13536.42	0.0
103	input_spectra/10-D3M17.mzML	325	0	221.09162902832	1	13547.94	0.0
64	input_spectra/10-D3M17.mzML	326	0	160.075052897135	1	13610.22	0.0
65	input_spectra/10-D3M17.mzML	327	0	160.075052897135	1	13621.74	0.0
59	input_spectra/10-D3M17.mzML	328	0	155.081091986762	1	13633.2	0.0
59	input_spectra/10-D3M17.mzML	329	0	155.081091986762	1	13644.66	0.0
145	input_spectra/10-D3M17.mzML	330	0	290.133697509766	1	13656.18	0.0
145	input_spectra/10-D3M17.mzML	331	0	290.133697509766	1	13667.640000000001	0.0
102	input_spectra/10-D3M17.mzML	332	0	221.09162902832	1	13679.16	0.0
103	input_spectra/10-D3M17.mzML	333	0	221.09162902832	1	13690.619999999999	0.0
64	input_spectra/10-D3M17.mzML	334	0	160.075052897135	1	13730.04	0.0
65	input_spectra/10-D3M17.mzML	335	0	160.075052897135	1	13741.5	0.0
145	input_spectra/10-D3M17.mzML	336	0	290.133697509766	1	13753.02	0.0
145	input_spectra/10-D3M17.mzML	337	0	290.133697509766	1	13764.48	0.0
145	input_spectra/10-D3M17.mzML	338	0	290.133697509766	1	13803.84	0.0
145	input_spectra/10-D3M17.mzML	339	0	290.133697509766	1	13815.36	0.0
24	input_spectra/10-D3M17.mzML	340	0	127.049728393555	1	13826.82	0.0
40	input_spectra/10-D3M17.mzML	341	0	132.10153503418	1	13877.640000000001	0.0
40	input_spectra/10-D3M17.mzML	342	0	132.10153503418	1	13889.1	0.0
24	input_spectra/10-D3M17.mzML	343	0	127.049728393555	1	13900.56	0.0
40	input_spectra/10-D3M17.mzML	344	0	132.10153503418	1	13951.44	0.0
40	input_spectra/10-D3M17.mzML	345	0	132.10153503418	1	13962.9	0.0
40	input_spectra/10-D3M17.mzML	346	0	132.10153503418	1	14002.26	0.0
40	input_spectra/10-D3M17.mzML	347	0	132.10153503418	1	14013.720000000001	0.0
136	input_spectra/10-D3M17.mzML	348	0	282.118576049805	1	14025.24	0.0
137	input_spectra/10-D3M17.mzML	349	0	282.118576049805	1	14036.699999999999	0.0
136	input_spectra/10-D3M17.mzML	350	0	282.118576049805	1	14076.06	0.0
137	input_spectra/10-D3M17.mzML	351	0	282.118576049805	1	14087.52	0.0
136	input_spectra/10-D3M17.mzML	352	0	282.118576049805	1	14126.94	0.0
137	input_spectra/10-D3M17.mzML	353	0	282.118576049805	1	14138.4	0.0
59	input_spectra/10-D3M17.mzML	354	0	155.081091986762	1	14574.6	0.0
59	input_spectra/10-D3M17.mzML	355	0	155.081091986762	1	14586.06	0.0
59	input_spectra/10-D3M17.mzML	356	0	155.081091986762	1	14637.42	0.0
59	input_spectra/10-D3M17.mzML	357	0	155.081091986762	1	14648.88	0.0
96	input_spectra/10-D3M17.mzML	358	0	211.107050577799	1	14688.24	0.0
96	input_spectra/10-D3M17.mzML	359	0	211.107050577799	1	14699.76	0.0
96	input_spectra/10-D3M17.mzML	360	0	211.107050577799	1	14739.119999999999	0.0
96	input_spectra/10-D3M17.mzML	361	0	211.107050577799	1	14750.64	0.0
96	input_spectra/10-D3M17.mzML	362	0	211.107050577799	1	14790.0	0.0
96	input_spectra/10-D3M17.mzML	363	0	211.107050577799	1	14801.460000000001	0.0
59	input_spectra/10-D3M17.mzML	364	0	155.081091986762	1	14812.980000000001	0.0
40	input_spectra/10-D3M17.mzML	365	0	132.10153503418	1	15052.38	0.0
40	input_spectra/10-D3M17.mzML	366	0	132.10153503418	1	15063.84	0.0
40	input_spectra/10-D3M17.mzML	367	0	132.10153503418	1	15103.26	0.0
40	input_spectra/10-D3M17.mzML	368	0	132.10153503418	1	15114.720000000001	0.0
40	input_spectra/10-D3M17.mzML	369	0	132.10153503418	1	15154.14	0.0
40	input_spectra/10-D3M17.mzML	370	0	132.10153503418	1	15165.599999999999	0.0
60	input_spectra/10-D3M17.mzML	371	0	157.096649169922	1	15177.06	0.0
61	input_spectra/10-D3M17.mzML	372	0	157.096649169922	1	15188.58	0.0
60	input_spectra/10-D3M17.mzML	373	0	157.096649169922	1	15227.94	0.0
61	input_spectra/10-D3M17.mzML	374	0	157.096649169922	1	15239.400000000001	0.0
60	input_spectra/10-D3M17.mzML	375	0	157.096649169922	1	15278.759999999998	0.0
61	input_spectra/10-D3M17.mzML	376	0	157.096649169922	1	15290.279999999999	0.0
74	input_spectra/10-D3M17.mzML	377	0	169.096761067708	1	15389.759999999998	0.0
74	input_spectra/10-D3M17.mzML	378	0	169.096761067708	1	15401.220000000001	0.0
74	input_spectra/10-D3M17.mzML	379	0	169.096761067708	1	15440.519999999999	0.0
74	input_spectra/10-D3M17.mzML	380	0	169.096761067708	1	15452.039999999999	0.0
74	input_spectra/10-D3M17.mzML	381	0	169.096761067708	1	15491.4	0.0
74	input_spectra/10-D3M17.mzML	382	0	169.096761067708	1	15502.859999999999	0.0
138	input_spectra/10-D3M17.mzML	383	0	282.118576049805	1	15566.279999999999	0.0
138	input_spectra/10-D3M17.mzML	384	0	282.118576049805	1	15577.740000000002	0.0
138	input_spectra/10-D3M17.mzML	385	0	282.118576049805	1	15617.100000000002	0.0
138	input_spectra/10-D3M17.mzML	386	0	282.118576049805	1	15628.619999999999	0.0
138	input_spectra/10-D3M17.mzML	387	0	282.118576049805	1	15667.98	0.0
138	input_spectra/10-D3M17.mzML	388	0	282.118576049805	1	15679.44	0.0
6	input_spectra/10-D3M17.mzML	389	0	113.963152567546	1	15863.160000000002	0.0
6	input_spectra/10-D3M17.mzML	390	0	113.963152567546	1	15874.619999999999	0.0
6	input_spectra/10-D3M17.mzML	391	0	113.963152567546	1	16178.52	0.0
6	input_spectra/10-D3M17.mzML	392	0	113.963152567546	1	16189.980000000001	0.0
70	input_spectra/10-D3M17.mzML	393	0	166.086144002279	1	16304.28	0.0
72	input_spectra/10-D3M17.mzML	394	0	166.086144002279	1	16315.739999999998	0.0
15	input_spectra/10-D3M17.mzML	395	0	120.080516521747	1	16327.2	0.0
17	input_spectra/10-D3M17.mzML	396	0	120.080516521747	1	16338.659999999998	0.0
70	input_spectra/10-D3M17.mzML	397	0	166.086144002279	1	16378.019999999999	0.0
72	input_spectra/10-D3M17.mzML	398	0	166.086144002279	1	16389.54	0.0
15	input_spectra/10-D3M17.mzML	399	0	120.080516521747	1	16401.0	0.0
17	input_spectra/10-D3M17.mzML	400	0	120.080516521747	1	16412.46	0.0
15	input_spectra/10-D3M17.mzML	401	0	120.080516521747	1	16451.879999999997	0.0
17	input_spectra/10-D3M17.mzML	402	0	120.080516521747	1	16463.34	0.0
106	input_spectra/10-D3M17.mzML	403	0	227.101806640625	1	16474.8	0.0
106	input_spectra/10-D3M17.mzML	404	0	227.101806640625	1	16486.32	0.0
36	input_spectra/10-D3M17.mzML	405	0	131.048670450846	1	16497.780000000002	0.0
37	input_spectra/10-D3M17.mzML	406	0	131.048670450846	1	16509.239999999998	0.0
16	input_spectra/10-D3M17.mzML	407	0	120.084154764811	1	16548.66	0.0
18	input_spectra/10-D3M17.mzML	408	0	120.084154764811	1	16560.12	0.0
71	input_spectra/10-D3M17.mzML	409	0	166.091379801432	1	16571.579999999998	0.0
73	input_spectra/10-D3M17.mzML	410	0	166.091379801432	1	16583.1	0.0
181	input_spectra/10-D3M17.mzML	411	0	392.180206298828	1	16594.62	0.0
181	input_spectra/10-D3M17.mzML	412	0	392.180206298828	1	16606.079999999998	0.0
36	input_spectra/10-D3M17.mzML	413	0	131.048670450846	1	16617.6	0.0
37	input_spectra/10-D3M17.mzML	414	0	131.048670450846	1	16629.06	0.0
205	input_spectra/10-D3M17.mzML	415	0	449.201395670573	1	16640.58	0.0
205	input_spectra/10-D3M17.mzML	416	0	449.201395670573	1	16652.100000000002	0.0
36	input_spectra/10-D3M17.mzML	417	0	131.048670450846	1	16691.46	0.0
37	input_spectra/10-D3M17.mzML	418	0	131.048670450846	1	16702.98	0.0
181	input_spectra/10-D3M17.mzML	419	0	392.180206298828	1	16714.5	0.0
181	input_spectra/10-D3M17.mzML	420	0	392.180206298828	1	16725.960000000003	0.0
205	input_spectra/10-D3M17.mzML	421	0	449.201395670573	1	16737.480000000003	0.0
205	input_spectra/10-D3M17.mzML	422	0	449.201395670573	1	16749.0	0.0
54	input_spectra/10-D3M17.mzML	423	0	149.059122721354	1	16760.52	0.0
54	input_spectra/10-D3M17.mzML	424	0	149.059122721354	1	16771.98	0.0
106	input_spectra/10-D3M17.mzML	425	0	227.101806640625	1	16783.44	0.0
106	input_spectra/10-D3M17.mzML	426	0	227.101806640625	1	16794.96	0.0
181	input_spectra/10-D3M17.mzML	427	0	392.180206298828	1	16834.32	0.0
181	input_spectra/10-D3M17.mzML	428	0	392.180206298828	1	16845.84	0.0
205	input_spectra/10-D3M17.mzML	429	0	449.201395670573	1	16857.36	0.0
205	input_spectra/10-D3M17.mzML	430	0	449.201395670573	1	16868.82	0.0
54	input_spectra/10-D3M17.mzML	431	0	149.059122721354	1	16880.34	0.0
54	input_spectra/10-D3M17.mzML	432	0	149.059122721354	1	16891.8	0.0
106	input_spectra/10-D3M17.mzML	433	0	227.101806640625	1	16903.32	0.0
106	input_spectra/10-D3M17.mzML	434	0	227.101806640625	1	16914.78	0.0
1	input_spectra/10-D3M17.mzML	435	0	103.053822835286	1	16926.300000000003	0.0
2	input_spectra/10-D3M17.mzML	436	0	103.053822835286	1	16937.76	0.0
54	input_spectra/10-D3M17.mzML	437	0	149.059122721354	1	16977.12	0.0
54	input_spectra/10-D3M17.mzML	438	0	149.059122721354	1	16988.64	0.0
1	input_spectra/10-D3M17.mzML	439	0	103.053822835286	1	17000.1	0.0
2	input_spectra/10-D3M17.mzML	440	0	103.053822835286	1	17011.56	0.0
1	input_spectra/10-D3M17.mzML	441	0	103.053822835286	1	17073.96	0.0
2	input_spectra/10-D3M17.mzML	442	0	103.053822835286	1	17085.420000000002	0.0
16	input_spectra/10-D3M17.mzML	443	0	120.084154764811	1	17124.78	0.0
18	input_spectra/10-D3M17.mzML	444	0	120.084154764811	1	17136.300000000003	0.0
16	input_spectra/10-D3M17.mzML	445	0	120.084154764811	1	17175.66	0.0
18	input_spectra/10-D3M17.mzML	446	0	120.084154764811	1	17187.12	0.0
71	input_spectra/10-D3M17.mzML	447	0	166.091379801432	1	17226.48	0.0
73	input_spectra/10-D3M17.mzML	448	0	166.091379801432	1	17237.94	0.0
71	input_spectra/10-D3M17.mzML	449	0	166.091379801432	1	17277.3	0.0
73	input_spectra/10-D3M17.mzML	450	0	166.091379801432	1	17288.82	0.0
70	input_spectra/10-D3M17.mzML	451	0	166.086144002279	1	17388.3	0.0
72	input_spectra/10-D3M17.mzML	452	0	166.086144002279	1	17399.76	0.0
70	input_spectra/10-D3M17.mzML	453	0	166.086144002279	1	17439.12	0.0
72	input_spectra/10-D3M17.mzML	454	0	166.086144002279	1	17450.58	0.0
70	input_spectra/10-D3M17.mzML	455	0	166.086144002279	1	17489.940000000002	0.0
72	input_spectra/10-D3M17.mzML	456	0	166.086144002279	1	17501.4	0.0
15	input_spectra/10-D3M17.mzML	457	0	120.080516521747	1	17512.859999999997	0.0
17	input_spectra/10-D3M17.mzML	458	0	120.080516521747	1	17524.379999999997	0.0
15	input_spectra/10-D3M17.mzML	459	0	120.080516521747	1	17563.68	0.0
17	input_spectra/10-D3M17.mzML	460	0	120.080516521747	1	17575.14	0.0
15	input_spectra/10-D3M17.mzML	461	0	120.080516521747	1	17637.54	0.0
17	input_spectra/10-D3M17.mzML	462	0	120.080516521747	1	17649.0	0.0
49	input_spectra/10-D3M17.mzML	463	0	141.957979838053	1	18183.239999999998	0.0
49	input_spectra/10-D3M17.mzML	464	0	141.957979838053	1	18194.7	0.0
6	input_spectra/10-D3M17.mzML	465	0	113.963152567546	1	18234.06	0.0
6	input_spectra/10-D3M17.mzML	466	0	113.963152567546	1	18245.52	0.0
49	input_spectra/10-D3M17.mzML	467	0	141.957979838053	1	18308.94	0.0
49	input_spectra/10-D3M17.mzML	468	0	141.957979838053	1	18320.46	0.0
70	input_spectra/10-D3M17.mzML	469	0	166.086144002279	1	18528.18	0.0
72	input_spectra/10-D3M17.mzML	470	0	166.086144002279	1	18539.640000000003	0.0
70	input_spectra/10-D3M17.mzML	471	0	166.086144002279	1	18579.0	0.0
72	input_spectra/10-D3M17.mzML	472	0	166.086144002279	1	18590.46	0.0
70	input_spectra/10-D3M17.mzML	473	0	166.086144002279	1	18629.82	0.0
72	input_spectra/10-D3M17.mzML	474	0	166.086144002279	1	18641.34	0.0
15	input_spectra/10-D3M17.mzML	475	0	120.080516521747	1	18680.7	0.0
17	input_spectra/10-D3M17.mzML	476	0	120.080516521747	1	18692.16	0.0
15	input_spectra/10-D3M17.mzML	477	0	120.080516521747	1	18731.52	0.0
17	input_spectra/10-D3M17.mzML	478	0	120.080516521747	1	18743.04	0.0
135	input_spectra/10-D3M17.mzML	479	0	279.133188883464	1	18754.5	0.0
135	input_spectra/10-D3M17.mzML	480	0	279.133188883464	1	18766.02	0.0
20	input_spectra/10-D3M17.mzML	481	0	122.096059163411	1	18777.480000000003	0.0
21	input_spectra/10-D3M17.mzML	482	0	122.096059163411	1	18788.94	0.0
49	input_spectra/10-D3M17.mzML	483	0	141.957979838053	1	18800.46	0.0
49	input_spectra/10-D3M17.mzML	484	0	141.957979838053	1	18811.92	0.0
20	input_spectra/10-D3M17.mzML	485	0	122.096059163411	1	18851.34	0.0
21	input_spectra/10-D3M17.mzML	486	0	122.096059163411	1	18862.8	0.0
17	input_spectra/10-D3M17.mzML	487	0	120.080516521747	1	18885.72	0.0
135	input_spectra/10-D3M17.mzML	488	0	279.133188883464	1	18897.24	0.0
135	input_spectra/10-D3M17.mzML	489	0	279.133188883464	1	18908.699999999997	0.0
3	input_spectra/10-D3M17.mzML	490	0	105.069564819336	1	18920.22	0.0
3	input_spectra/10-D3M17.mzML	491	0	105.069564819336	1	18931.68	0.0
20	input_spectra/10-D3M17.mzML	492	0	122.096059163411	1	18971.1	0.0
21	input_spectra/10-D3M17.mzML	493	0	122.096059163411	1	18982.559999999998	0.0
3	input_spectra/10-D3M17.mzML	494	0	105.069564819336	1	18994.02	0.0
3	input_spectra/10-D3M17.mzML	495	0	105.069564819336	1	19005.48	0.0
135	input_spectra/10-D3M17.mzML	496	0	279.133188883464	1	19017.0	0.0
135	input_spectra/10-D3M17.mzML	497	0	279.133188883464	1	19028.460000000003	0.0
3	input_spectra/10-D3M17.mzML	498	0	105.069564819336	1	19067.88	0.0
3	input_spectra/10-D3M17.mzML	499	0	105.069564819336	1	19079.34	0.0
70	input_spectra/10-D3M17.mzML	500	0	166.086144002279	1	19671.84	0.0
72	input_spectra/10-D3M17.mzML	501	0	166.086144002279	1	19683.36	0.0
70	input_spectra/10-D3M17.mzML	502	0	166.086144002279	1	19722.72	0.0
72	input_spectra/10-D3M17.mzML	503	0	166.086144002279	1	19734.18	0.0
70	input_spectra/10-D3M17.mzML	504	0	166.086144002279	1	19773.54	0.0
72	input_spectra/10-D3M17.mzML	505	0	166.086144002279	1	19785.0	0.0
15	input_spectra/10-D3M17.mzML	506	0	120.080516521747	1	19824.42	0.0
17	input_spectra/10-D3M17.mzML	507	0	120.080516521747	1	19835.88	0.0
49	input_spectra/10-D3M17.mzML	508	0	141.957979838053	1	19847.34	0.0
49	input_spectra/10-D3M17.mzML	509	0	141.957979838053	1	19858.800000000003	0.0
15	input_spectra/10-D3M17.mzML	510	0	120.080516521747	1	19898.22	0.0
17	input_spectra/10-D3M17.mzML	511	0	120.080516521747	1	19909.68	0.0
49	input_spectra/10-D3M17.mzML	512	0	141.957979838053	1	19921.14	0.0
49	input_spectra/10-D3M17.mzML	513	0	141.957979838053	1	19932.66	0.0
15	input_spectra/10-D3M17.mzML	514	0	120.080516521747	1	19972.02	0.0
17	input_spectra/10-D3M17.mzML	515	0	120.080516521747	1	19983.48	0.0
135	input_spectra/10-D3M17.mzML	516	0	279.133188883464	1	20034.9	0.0
135	input_spectra/10-D3M17.mzML	517	0	279.133188883464	1	20046.36	0.0
135	input_spectra/10-D3M17.mzML	518	0	279.133188883464	1	20085.72	0.0
135	input_spectra/10-D3M17.mzML	519	0	279.133188883464	1	20097.18	0.0
135	input_spectra/10-D3M17.mzML	520	0	279.133188883464	1	20136.600000000002	0.0
135	input_spectra/10-D3M17.mzML	521	0	279.133188883464	1	20148.059999999998	0.0
49	input_spectra/10-D3M17.mzML	522	0	141.957979838053	1	20441.579999999998	0.0
49	input_spectra/10-D3M17.mzML	523	0	141.957979838053	1	20453.1	0.0
70	input_spectra/10-D3M17.mzML	524	0	166.086144002279	1	20807.88	0.0
72	input_spectra/10-D3M17.mzML	525	0	166.086144002279	1	20819.34	0.0
70	input_spectra/10-D3M17.mzML	526	0	166.086144002279	1	20858.64	0.0
72	input_spectra/10-D3M17.mzML	527	0	166.086144002279	1	20870.16	0.0
70	input_spectra/10-D3M17.mzML	528	0	166.086144002279	1	20909.52	0.0
72	input_spectra/10-D3M17.mzML	529	0	166.086144002279	1	20920.98	0.0
15	input_spectra/10-D3M17.mzML	530	0	120.080516521747	1	21008.460000000003	0.0
17	input_spectra/10-D3M17.mzML	531	0	120.080516521747	1	21019.92	0.0
135	input_spectra/10-D3M17.mzML	532	0	279.133188883464	1	21203.579999999998	0.0
135	input_spectra/10-D3M17.mzML	533	0	279.133188883464	1	21215.1	0.0
135	input_spectra/10-D3M17.mzML	534	0	279.133188883464	1	21254.46	0.0
135	input_spectra/10-D3M17.mzML	535	0	279.133188883464	1	21265.920000000002	0.0
135	input_spectra/10-D3M17.mzML	536	0	279.133188883464	1	21305.34	0.0
135	input_spectra/10-D3M17.mzML	537	0	279.133188883464	1	21316.8	0.0
135	input_spectra/10-D3M17.mzML	538	0	279.133188883464	1	22370.7	0.0
135	input_spectra/10-D3M17.mzML	539	0	279.133188883464	1	22382.219999999998	0.0
135	input_spectra/10-D3M17.mzML	540	0	279.133188883464	1	22421.52	0.0
135	input_spectra/10-D3M17.mzML	541	0	279.133188883464	1	22433.04	0.0
135	input_spectra/10-D3M17.mzML	542	0	279.133188883464	1	22472.4	0.0
135	input_spectra/10-D3M17.mzML	543	0	279.133188883464	1	22483.86	0.0
91	input_spectra/10-D3M17.mzML	544	0	195.112294514974	1	23136.48	0.0
91	input_spectra/10-D3M17.mzML	545	0	195.112294514974	1	23147.94	0.0
91	input_spectra/10-D3M17.mzML	546	0	195.112294514974	1	23187.3	0.0
91	input_spectra/10-D3M17.mzML	547	0	195.112294514974	1	23198.82	0.0
91	input_spectra/10-D3M17.mzML	548	0	195.112294514974	1	23238.120000000003	0.0
91	input_spectra/10-D3M17.mzML	549	0	195.112294514974	1	23249.640000000003	0.0
135	input_spectra/10-D3M17.mzML	550	0	279.133188883464	1	23505.420000000002	0.0
135	input_spectra/10-D3M17.mzML	551	0	279.133188883464	1	23516.940000000002	0.0
135	input_spectra/10-D3M17.mzML	552	0	279.133188883464	1	23556.239999999998	0.0
135	input_spectra/10-D3M17.mzML	553	0	279.133188883464	1	23567.7	0.0
135	input_spectra/10-D3M17.mzML	554	0	279.133188883464	1	23607.06	0.0
135	input_spectra/10-D3M17.mzML	555	0	279.133188883464	1	23618.579999999998	0.0
288	input_spectra/10-D3M17.mzML	556	0	922.423360188802	1	24008.04	0.0
288	input_spectra/10-D3M17.mzML	557	0	922.423360188802	1	24070.98	0.0
288	input_spectra/10-D3M17.mzML	558	0	922.423360188802	1	24144.9	0.0
286	input_spectra/10-D3M17.mzML	559	0	906.428304036458	1	24184.260000000002	0.0
287	input_spectra/10-D3M17.mzML	560	0	906.428304036458	1	24195.84	0.0
287	input_spectra/10-D3M17.mzML	561	0	906.428304036458	1	24258.78	0.0
286	input_spectra/10-D3M17.mzML	562	0	906.428304036458	1	24298.14	0.0
287	input_spectra/10-D3M17.mzML	563	0	906.428304036458	1	24309.66	0.0
297	input_spectra/10-D3M17.mzML	564	0	1105.570434570313	1	24349.02	0.0
285	input_spectra/10-D3M17.mzML	565	0	895.395345052083	1	24383.699999999997	0.0
298	input_spectra/10-D3M17.mzML	566	0	1106.559733072917	1	24423.059999999998	0.0
299	input_spectra/10-D3M17.mzML	567	0	1106.559733072917	1	24434.640000000003	0.0
285	input_spectra/10-D3M17.mzML	568	0	895.395345052083	1	24457.74	0.0
298	input_spectra/10-D3M17.mzML	569	0	1106.559733072917	1	24497.100000000002	0.0
299	input_spectra/10-D3M17.mzML	570	0	1106.559733072917	1	24508.68	0.0
291	input_spectra/10-D3M17.mzML	571	0	938.418029785156	1	24531.84	0.0
298	input_spectra/10-D3M17.mzML	572	0	1106.559733072917	1	24571.14	0.0
299	input_spectra/10-D3M17.mzML	573	0	1106.559733072917	1	24582.72	0.0
269	input_spectra/10-D3M17.mzML	574	0	679.302876790365	1	24646.079999999998	0.0
270	input_spectra/10-D3M17.mzML	575	0	679.302876790365	1	24657.66	0.0
269	input_spectra/10-D3M17.mzML	576	0	679.302876790365	1	24721.02	0.0
270	input_spectra/10-D3M17.mzML	577	0	679.302876790365	1	24732.54	0.0
227	input_spectra/10-D3M17.mzML	578	0	513.265482584635	1	24767.219999999998	0.0
228	input_spectra/10-D3M17.mzML	579	0	513.265482584635	1	24778.739999999998	0.0
227	input_spectra/10-D3M17.mzML	580	0	513.265482584635	1	24818.1	0.0
228	input_spectra/10-D3M17.mzML	581	0	513.265482584635	1	24829.62	0.0
78	input_spectra/10-D3M17.mzML	582	0	176.127792358398	1	24841.14	0.0
78	input_spectra/10-D3M17.mzML	583	0	176.127792358398	1	24852.6	0.0
190	input_spectra/10-D3M17.mzML	584	0	430.22802734375	1	24864.18	0.0
190	input_spectra/10-D3M17.mzML	585	0	430.22802734375	1	24875.64	0.0
270	input_spectra/10-D3M17.mzML	586	0	679.302876790365	1	24898.739999999998	0.0
227	input_spectra/10-D3M17.mzML	587	0	513.265482584635	1	24961.14	0.0
228	input_spectra/10-D3M17.mzML	588	0	513.265482584635	1	24972.66	0.0
78	input_spectra/10-D3M17.mzML	589	0	176.127792358398	1	24984.18	0.0
78	input_spectra/10-D3M17.mzML	590	0	176.127792358398	1	24995.64	0.0
300	input_spectra/10-D3M17.mzML	591	0	1149.548767089844	1	25104.42	0.0
301	input_spectra/10-D3M17.mzML	592	0	1149.548767089844	1	25116.0	0.0
285	input_spectra/10-D3M17.mzML	593	0	895.395345052083	1	25139.100000000002	0.0
253	input_spectra/10-D3M17.mzML	594	0	584.30126953125	1	25150.68	0.0
253	input_spectra/10-D3M17.mzML	595	0	584.30126953125	1	25162.2	0.0
300	input_spectra/10-D3M17.mzML	596	0	1149.548767089844	1	25201.56	0.0
301	input_spectra/10-D3M17.mzML	597	0	1149.548767089844	1	25213.14	0.0
277	input_spectra/10-D3M17.mzML	598	0	755.355804443359	1	25282.26	0.0
304	input_spectra/10-D3M17.mzML	599	0	1150.536783854167	1	25344.66	0.0
305	input_spectra/10-D3M17.mzML	600	0	1150.536783854167	1	25356.239999999998	0.0
296	input_spectra/10-D3M17.mzML	601	0	1064.532592773438	1	25379.4	0.0
277	input_spectra/10-D3M17.mzML	602	0	755.355804443359	1	25402.5	0.0
139	input_spectra/10-D3M17.mzML	603	0	283.174713134766	1	25414.02	0.0
111	input_spectra/10-D3M17.mzML	604	0	229.117669677734	1	25437.0	0.0
111	input_spectra/10-D3M17.mzML	605	0	229.117669677734	1	25448.460000000003	0.0
296	input_spectra/10-D3M17.mzML	606	0	1064.532592773438	1	25499.4	0.0
305	input_spectra/10-D3M17.mzML	607	0	1150.536783854167	1	25522.559999999998	0.0
111	input_spectra/10-D3M17.mzML	608	0	229.117669677734	1	25557.18	0.0
195	input_spectra/10-D3M17.mzML	609	0	440.212697347005	1	25631.1	0.0
195	input_spectra/10-D3M17.mzML	610	0	440.212697347005	1	25642.62	0.0
195	input_spectra/10-D3M17.mzML	611	0	440.212697347005	1	25681.98	0.0
195	input_spectra/10-D3M17.mzML	612	0	440.212697347005	1	25693.5	0.0
195	input_spectra/10-D3M17.mzML	613	0	440.212697347005	1	25756.02	0.0
195	input_spectra/10-D3M17.mzML	614	0	440.212697347005	1	25767.480000000003	0.0
153	input_spectra/10-D3M17.mzML	615	0	316.211273193359	1	25779.0	0.0
167	input_spectra/10-D3M17.mzML	616	0	344.227249145508	1	25853.1	0.0
167	input_spectra/10-D3M17.mzML	617	0	344.227249145508	1	25864.56	0.0
153	input_spectra/10-D3M17.mzML	618	0	316.211273193359	1	25922.04	0.0
167	input_spectra/10-D3M17.mzML	619	0	344.227249145508	1	25996.14	0.0
167	input_spectra/10-D3M17.mzML	620	0	344.227249145508	1	26007.6	0.0
94	input_spectra/10-D3M17.mzML	621	0	205.096923828125	1	26065.08	0.0
95	input_spectra/10-D3M17.mzML	622	0	205.096923828125	1	26076.539999999997	0.0
86	input_spectra/10-D3M17.mzML	623	0	188.070566813151	1	26088.059999999998	0.0
87	input_spectra/10-D3M17.mzML	624	0	188.070566813151	1	26099.52	0.0
94	input_spectra/10-D3M17.mzML	625	0	205.096923828125	1	26138.88	0.0
95	input_spectra/10-D3M17.mzML	626	0	205.096923828125	1	26150.399999999998	0.0
86	input_spectra/10-D3M17.mzML	627	0	188.070566813151	1	26161.86	0.0
87	input_spectra/10-D3M17.mzML	628	0	188.070566813151	1	26173.32	0.0
284	input_spectra/10-D3M17.mzML	629	0	871.449157714844	1	26196.48	0.0
180	input_spectra/10-D3M17.mzML	630	0	388.253763834635	1	26281.98	0.0
180	input_spectra/10-D3M17.mzML	631	0	388.253763834635	1	26293.44	0.0
86	input_spectra/10-D3M17.mzML	632	0	188.070566813151	1	26327.94	0.0
87	input_spectra/10-D3M17.mzML	633	0	188.070566813151	1	26339.46	0.0
94	input_spectra/10-D3M17.mzML	634	0	205.096923828125	1	26350.920000000002	0.0
95	input_spectra/10-D3M17.mzML	635	0	205.096923828125	1	26362.38	0.0
176	input_spectra/10-D3M17.mzML	636	0	371.226806640625	1	26385.420000000002	0.0
180	input_spectra/10-D3M17.mzML	637	0	388.253763834635	1	26424.78	0.0
180	input_spectra/10-D3M17.mzML	638	0	388.253763834635	1	26436.300000000003	0.0
292	input_spectra/10-D3M17.mzML	639	0	947.446350097656	1	26482.440000000002	0.0
176	input_spectra/10-D3M17.mzML	640	0	371.226806640625	1	26494.02	0.0
193	input_spectra/10-D3M17.mzML	641	0	432.280253092448	1	26568.059999999998	0.0
193	input_spectra/10-D3M17.mzML	642	0	432.280253092448	1	26579.52	0.0
194	input_spectra/10-D3M17.mzML	643	0	437.234954833984	1	26591.04	0.0
154	input_spectra/10-D3M17.mzML	644	0	320.159744262695	1	26614.02	0.0
154	input_spectra/10-D3M17.mzML	645	0	320.159744262695	1	26625.54	0.0
184	input_spectra/10-D3M17.mzML	646	0	415.253112792969	1	26637.06	0.0
185	input_spectra/10-D3M17.mzML	647	0	415.253112792969	1	26648.579999999998	0.0
180	input_spectra/10-D3M17.mzML	648	0	388.253763834635	1	26660.04	0.0
193	input_spectra/10-D3M17.mzML	649	0	432.280253092448	1	26710.920000000002	0.0
193	input_spectra/10-D3M17.mzML	650	0	432.280253092448	1	26722.440000000002	0.0
194	input_spectra/10-D3M17.mzML	651	0	437.234954833984	1	26733.96	0.0
184	input_spectra/10-D3M17.mzML	652	0	415.253112792969	1	26756.940000000002	0.0
185	input_spectra/10-D3M17.mzML	653	0	415.253112792969	1	26768.460000000003	0.0
218	input_spectra/10-D3M17.mzML	654	0	483.290130615234	1	26779.980000000003	0.0
218	input_spectra/10-D3M17.mzML	655	0	483.290130615234	1	26791.44	0.0
154	input_spectra/10-D3M17.mzML	656	0	320.159744262695	1	26802.96	0.0
154	input_spectra/10-D3M17.mzML	657	0	320.159744262695	1	26814.48	0.0
214	input_spectra/10-D3M17.mzML	658	0	476.307169596354	1	26853.84	0.0
214	input_spectra/10-D3M17.mzML	659	0	476.307169596354	1	26865.359999999997	0.0
193	input_spectra/10-D3M17.mzML	660	0	432.280253092448	1	26899.86	0.0
51	input_spectra/10-D3M17.mzML	661	0	146.059768676758	1	26934.36	0.0
237	input_spectra/10-D3M17.mzML	662	0	527.316040039063	1	26945.88	0.0
237	input_spectra/10-D3M17.mzML	663	0	527.316040039063	1	26957.4	0.0
214	input_spectra/10-D3M17.mzML	664	0	476.307169596354	1	26996.760000000002	0.0
214	input_spectra/10-D3M17.mzML	665	0	476.307169596354	1	27008.28	0.0
107	input_spectra/10-D3M17.mzML	666	0	227.139073689779	1	27019.8	0.0
107	input_spectra/10-D3M17.mzML	667	0	227.139073689779	1	27031.260000000002	0.0
231	input_spectra/10-D3M17.mzML	668	0	520.333414713542	1	27065.82	0.0
231	input_spectra/10-D3M17.mzML	669	0	520.333414713542	1	27077.34	0.0
231	input_spectra/10-D3M17.mzML	670	0	520.333414713542	1	27139.74	0.0
231	input_spectra/10-D3M17.mzML	671	0	520.333414713542	1	27151.260000000002	0.0
233	input_spectra/10-D3M17.mzML	672	0	525.286804199219	1	27162.780000000002	0.0
108	input_spectra/10-D3M17.mzML	673	0	227.139073689779	1	27185.82	0.0
107	input_spectra/10-D3M17.mzML	674	0	227.139073689779	1	27197.28	0.0
214	input_spectra/10-D3M17.mzML	675	0	476.307169596354	1	27208.800000000003	0.0
214	input_spectra/10-D3M17.mzML	676	0	476.307169596354	1	27220.32	0.0
271	input_spectra/10-D3M17.mzML	677	0	693.354309082031	1	27231.9	0.0
271	input_spectra/10-D3M17.mzML	678	0	693.354309082031	1	27243.420000000002	0.0
247	input_spectra/10-D3M17.mzML	679	0	564.359049479167	1	27282.780000000002	0.0
247	input_spectra/10-D3M17.mzML	680	0	564.359049479167	1	27294.3	0.0
231	input_spectra/10-D3M17.mzML	681	0	520.333414713542	1	27305.82	0.0
231	input_spectra/10-D3M17.mzML	682	0	520.333414713542	1	27317.34	0.0
108	input_spectra/10-D3M17.mzML	683	0	227.139073689779	1	27328.86	0.0
107	input_spectra/10-D3M17.mzML	684	0	227.139073689779	1	27340.32	0.0
248	input_spectra/10-D3M17.mzML	685	0	569.3125	1	27351.9	0.0
249	input_spectra/10-D3M17.mzML	686	0	569.3125	1	27363.420000000002	0.0
247	input_spectra/10-D3M17.mzML	687	0	564.359049479167	1	27425.760000000002	0.0
247	input_spectra/10-D3M17.mzML	688	0	564.359049479167	1	27437.28	0.0
255	input_spectra/10-D3M17.mzML	689	0	608.384541829427	1	27448.800000000003	0.0
255	input_spectra/10-D3M17.mzML	690	0	608.384541829427	1	27460.32	0.0
128	input_spectra/10-D3M17.mzML	691	0	261.122985839844	1	27471.84	0.0
128	input_spectra/10-D3M17.mzML	692	0	261.122985839844	1	27483.3	0.0
249	input_spectra/10-D3M17.mzML	693	0	569.3125	1	27506.4	0.0
258	input_spectra/10-D3M17.mzML	694	0	613.339080810547	1	27517.920000000002	0.0
258	input_spectra/10-D3M17.mzML	695	0	613.339080810547	1	27529.440000000002	0.0
255	input_spectra/10-D3M17.mzML	696	0	608.384541829427	1	27568.800000000003	0.0
255	input_spectra/10-D3M17.mzML	697	0	608.384541829427	1	27580.32	0.0
265	input_spectra/10-D3M17.mzML	698	0	652.409912109375	1	27591.84	0.0
265	input_spectra/10-D3M17.mzML	699	0	652.409912109375	1	27603.36	0.0
128	input_spectra/10-D3M17.mzML	700	0	261.122985839844	1	27614.88	0.0
128	input_spectra/10-D3M17.mzML	701	0	261.122985839844	1	27626.4	0.0
247	input_spectra/10-D3M17.mzML	702	0	564.359049479167	1	27660.960000000003	0.0
265	input_spectra/10-D3M17.mzML	703	0	652.409912109375	1	27711.84	0.0
265	input_spectra/10-D3M17.mzML	704	0	652.409912109375	1	27723.36	0.0
272	input_spectra/10-D3M17.mzML	705	0	696.436096191406	1	27734.88	0.0
272	input_spectra/10-D3M17.mzML	706	0	696.436096191406	1	27746.46	0.0
83	input_spectra/10-D3M17.mzML	707	0	183.091552734375	1	27769.440000000002	0.0
255	input_spectra/10-D3M17.mzML	708	0	608.384541829427	1	27792.54	0.0
10	input_spectra/10-D3M17.mzML	709	0	117.072879609608	1	27804.06	0.0
10	input_spectra/10-D3M17.mzML	710	0	117.072879609608	1	27815.52	0.0
272	input_spectra/10-D3M17.mzML	711	0	696.436096191406	1	27854.88	0.0
272	input_spectra/10-D3M17.mzML	712	0	696.436096191406	1	27866.4	0.0
276	input_spectra/10-D3M17.mzML	713	0	740.462646484375	1	27877.920000000002	0.0
276	input_spectra/10-D3M17.mzML	714	0	740.462646484375	1	27889.5	0.0
10	input_spectra/10-D3M17.mzML	715	0	117.072879609608	1	27901.02	0.0
10	input_spectra/10-D3M17.mzML	716	0	117.072879609608	1	27912.480000000003	0.0
265	input_spectra/10-D3M17.mzML	717	0	652.409912109375	1	27924.06	0.0
121	input_spectra/10-D3M17.mzML	718	0	243.133605957031	1	27997.98	0.0
121	input_spectra/10-D3M17.mzML	719	0	243.133605957031	1	28009.440000000002	0.0
276	input_spectra/10-D3M17.mzML	720	0	740.462646484375	1	28021.02	0.0
276	input_spectra/10-D3M17.mzML	721	0	740.462646484375	1	28032.54	0.0
281	input_spectra/10-D3M17.mzML	722	0	784.487731933594	1	28044.06	0.0
281	input_spectra/10-D3M17.mzML	723	0	784.487731933594	1	28055.64	0.0
10	input_spectra/10-D3M17.mzML	724	0	117.072879609608	1	28067.16	0.0
10	input_spectra/10-D3M17.mzML	725	0	117.072879609608	1	28078.62	0.0
97	input_spectra/10-D3M17.mzML	726	0	211.143870035807	1	28101.600000000002	0.0
128	input_spectra/10-D3M17.mzML	727	0	261.122985839844	1	28141.02	0.0
128	input_spectra/10-D3M17.mzML	728	0	261.122985839844	1	28152.480000000003	0.0
121	input_spectra/10-D3M17.mzML	729	0	243.133605957031	1	28163.94	0.0
121	input_spectra/10-D3M17.mzML	730	0	243.133605957031	1	28175.46	0.0
283	input_spectra/10-D3M17.mzML	731	0	828.513488769531	1	28187.04	0.0
283	input_spectra/10-D3M17.mzML	732	0	828.513488769531	1	28198.56	0.0
191	input_spectra/10-D3M17.mzML	733	0	430.243240356445	1	28261.02	0.0
192	input_spectra/10-D3M17.mzML	734	0	430.243240356445	1	28272.54	0.0
191	input_spectra/10-D3M17.mzML	735	0	430.243240356445	1	28311.9	0.0
192	input_spectra/10-D3M17.mzML	736	0	430.243240356445	1	28323.420000000002	0.0
97	input_spectra/10-D3M17.mzML	737	0	211.143870035807	1	28334.88	0.0
97	input_spectra/10-D3M17.mzML	738	0	211.143870035807	1	28346.4	0.0
97	input_spectra/10-D3M17.mzML	739	0	211.143870035807	1	28385.760000000002	0.0
97	input_spectra/10-D3M17.mzML	740	0	211.143870035807	1	28397.219999999998	0.0
264	input_spectra/10-D3M17.mzML	741	0	636.397277832031	1	28460.7	0.0
264	input_spectra/10-D3M17.mzML	742	0	636.397277832031	1	28472.219999999998	0.0
122	input_spectra/10-D3M17.mzML	743	0	245.128214518229	1	28836.18	0.0
122	input_spectra/10-D3M17.mzML	744	0	245.128214518229	1	28847.7	0.0
122	input_spectra/10-D3M17.mzML	745	0	245.128214518229	1	28887.06	0.0
122	input_spectra/10-D3M17.mzML	746	0	245.128214518229	1	28898.52	0.0
122	input_spectra/10-D3M17.mzML	747	0	245.128214518229	1	28937.88	0.0
122	input_spectra/10-D3M17.mzML	748	0	245.128214518229	1	28949.4	0.0
50	input_spectra/10-D3M17.mzML	749	0	145.075876871745	1	29409.06	0.0
50	input_spectra/10-D3M17.mzML	750	0	145.075876871745	1	29448.420000000002	0.0
50	input_spectra/10-D3M17.mzML	751	0	145.075876871745	1	29459.940000000002	0.0
50	input_spectra/10-D3M17.mzML	752	0	145.075876871745	1	29510.760000000002	0.0
152	input_spectra/10-D3M17.mzML	753	0	311.175120035807	1	29862.780000000002	0.0
152	input_spectra/10-D3M17.mzML	754	0	311.175120035807	1	29874.3	0.0
152	input_spectra/10-D3M17.mzML	755	0	311.175120035807	1	29913.66	0.0
152	input_spectra/10-D3M17.mzML	756	0	311.175120035807	1	29925.12	0.0
152	input_spectra/10-D3M17.mzML	757	0	311.175120035807	1	29964.48	0.0
152	input_spectra/10-D3M17.mzML	758	0	311.175120035807	1	29976.0	0.0
155	input_spectra/10-D3M17.mzML	759	0	328.268003463745	1	30511.32	0.0
156	input_spectra/10-D3M17.mzML	760	0	328.268003463745	1	30522.84	0.0
157	input_spectra/10-D3M17.mzML	761	0	328.268003463745	1	30574.260000000002	0.0
157	input_spectra/10-D3M17.mzML	762	0	328.268003463745	1	30585.72	0.0
158	input_spectra/10-D3M17.mzML	763	0	328.268003463745	1	30625.08	0.0
159	input_spectra/10-D3M17.mzML	764	0	328.268003463745	1	30636.600000000002	0.0
85	input_spectra/10-D3M17.mzML	765	0	186.221692403158	1	31054.200000000004	0.0
13	input_spectra/10-D3M17.mzML	766	0	120.044278462728	1	31393.679999999997	0.0
13	input_spectra/10-D3M17.mzML	767	0	120.044278462728	1	31405.14	0.0
14	input_spectra/10-D3M17.mzML	768	0	120.044278462728	1	31444.44	0.0
13	input_spectra/10-D3M17.mzML	769	0	120.044278462728	1	31455.96	0.0
14	input_spectra/10-D3M17.mzML	770	0	120.044278462728	1	31495.32	0.0
13	input_spectra/10-D3M17.mzML	771	0	120.044278462728	1	31506.780000000002	0.0
47	input_spectra/10-D3M17.mzML	772	0	138.054718017578	1	31546.14	0.0
48	input_spectra/10-D3M17.mzML	773	0	138.054718017578	1	31557.66	0.0
47	input_spectra/10-D3M17.mzML	774	0	138.054718017578	1	31597.019999999997	0.0
48	input_spectra/10-D3M17.mzML	775	0	138.054718017578	1	31608.48	0.0
157	input_spectra/10-D3M17.mzML	776	0	328.268003463745	1	31647.840000000004	0.0
160	input_spectra/10-D3M17.mzML	777	0	328.268003463745	1	31659.359999999997	0.0
161	input_spectra/10-D3M17.mzML	778	0	328.268003463745	1	31698.72	0.0
159	input_spectra/10-D3M17.mzML	779	0	328.268003463745	1	31710.24	0.0
159	input_spectra/10-D3M17.mzML	780	0	328.268003463745	1	31749.6	0.0
159	input_spectra/10-D3M17.mzML	781	0	328.268003463745	1	31761.06	0.0
159	input_spectra/10-D3M17.mzML	782	0	328.268003463745	1	31812.48	0.0
160	input_spectra/10-D3M17.mzML	783	0	328.268003463745	1	31823.94	0.0
157	input_spectra/10-D3M17.mzML	784	0	328.268003463745	1	31965.059999999998	0.0
159	input_spectra/10-D3M17.mzML	785	0	328.268003463745	1	31976.579999999998	0.0
155	input_spectra/10-D3M17.mzML	786	0	328.268003463745	1	32050.98	0.0
159	input_spectra/10-D3M17.mzML	787	0	328.268003463745	1	32062.5	0.0
85	input_spectra/10-D3M17.mzML	788	0	186.221692403158	1	32149.98	0.0
85	input_spectra/10-D3M17.mzML	789	0	186.221692403158	1	32200.799999999996	0.0
85	input_spectra/10-D3M17.mzML	790	0	186.221692403158	1	32251.68	0.0
85	input_spectra/10-D3M17.mzML	791	0	186.221692403158	1	32263.140000000003	0.0
134	input_spectra/10-D3M17.mzML	792	0	274.274261474609	1	32302.5	0.0
134	input_spectra/10-D3M17.mzML	793	0	274.274261474609	1	32314.02	0.0
134	input_spectra/10-D3M17.mzML	794	0	274.274261474609	1	32353.379999999997	0.0
134	input_spectra/10-D3M17.mzML	795	0	274.274261474609	1	32364.84	0.0
134	input_spectra/10-D3M17.mzML	796	0	274.274261474609	1	32404.200000000004	0.0
134	input_spectra/10-D3M17.mzML	797	0	274.274261474609	1	32415.719999999998	0.0
210	input_spectra/10-D3M17.mzML	798	0	466.315821329753	1	32914.8	0.0
211	input_spectra/10-D3M17.mzML	799	0	466.315821329753	1	32926.32	0.0
210	input_spectra/10-D3M17.mzML	800	0	466.315821329753	1	32988.72	0.0
211	input_spectra/10-D3M17.mzML	801	0	466.315821329753	1	33000.18	0.0
242	input_spectra/10-D3M17.mzML	802	0	534.353495279948	1	33011.700000000004	0.0
204	input_spectra/10-D3M17.mzML	803	0	448.306020100911	1	33046.259999999995	0.0
204	input_spectra/10-D3M17.mzML	804	0	448.306020100911	1	33143.159999999996	0.0
242	input_spectra/10-D3M17.mzML	805	0	534.353495279948	1	33166.2	0.0
289	input_spectra/10-D3M17.mzML	806	0	931.624053955078	1	33177.78	0.0
290	input_spectra/10-D3M17.mzML	807	0	931.624053955078	1	33189.36	0.0
293	input_spectra/10-D3M17.mzML	808	0	953.606079101563	1	33223.979999999996	0.0
293	input_spectra/10-D3M17.mzML	809	0	953.606079101563	1	33235.560000000005	0.0
156	input_spectra/10-D3M17.mzML	810	0	328.268003463745	1	33320.94	0.0
159	input_spectra/10-D3M17.mzML	811	0	328.268003463745	1	33332.399999999994	0.0
289	input_spectra/10-D3M17.mzML	812	0	931.624053955078	1	33344.04	0.0
290	input_spectra/10-D3M17.mzML	813	0	931.624053955078	1	33355.560000000005	0.0
156	input_spectra/10-D3M17.mzML	814	0	328.268003463745	1	33418.02	0.0
160	input_spectra/10-D3M17.mzML	815	0	328.268003463745	1	33429.48	0.0
161	input_spectra/10-D3M17.mzML	816	0	328.268003463745	1	33491.88	0.0
159	input_spectra/10-D3M17.mzML	817	0	328.268003463745	1	33503.4	0.0
113	input_spectra/10-D3M17.mzML	818	0	230.248026529948	1	34236.479999999996	0.0
113	input_spectra/10-D3M17.mzML	819	0	230.248026529948	1	34247.94	0.0
113	input_spectra/10-D3M17.mzML	820	0	230.248026529948	1	34287.36	0.0
113	input_spectra/10-D3M17.mzML	821	0	230.248026529948	1	34298.82	0.0
113	input_spectra/10-D3M17.mzML	822	0	230.248026529948	1	34338.18	0.0
113	input_spectra/10-D3M17.mzML	823	0	230.248026529948	1	34349.7	0.0
157	input_spectra/10-D3M17.mzML	824	0	328.268003463745	1	34521.3	0.0
159	input_spectra/10-D3M17.mzML	825	0	328.268003463745	1	34532.82	0.0
161	input_spectra/10-D3M17.mzML	826	0	328.268003463745	1	34572.18	0.0
160	input_spectra/10-D3M17.mzML	827	0	328.268003463745	1	34583.7	0.0
162	input_spectra/10-D3M17.mzML	828	0	328.268003463745	1	34623.060000000005	0.0
159	input_spectra/10-D3M17.mzML	829	0	328.268003463745	1	34634.52	0.0
158	input_spectra/10-D3M17.mzML	830	0	328.268003463745	1	35659.92	0.0
159	input_spectra/10-D3M17.mzML	831	0	328.268003463745	1	35671.44	0.0
155	input_spectra/10-D3M17.mzML	832	0	328.268003463745	1	35710.74	0.0
157	input_spectra/10-D3M17.mzML	833	0	328.268003463745	1	35722.26	0.0
161	input_spectra/10-D3M17.mzML	834	0	328.268003463745	1	35761.62	0.0
156	input_spectra/10-D3M17.mzML	835	0	328.268003463745	1	35773.14	0.0
172	input_spectra/10-D3M17.mzML	836	0	358.240777587891	1	36197.28	0.0
172	input_spectra/10-D3M17.mzML	837	0	358.240777587891	1	36208.740000000005	0.0
172	input_spectra/10-D3M17.mzML	838	0	358.240777587891	1	36248.1	0.0
172	input_spectra/10-D3M17.mzML	839	0	358.240777587891	1	36259.62	0.0
200	input_spectra/10-D3M17.mzML	840	0	444.288475036621	1	36271.14	0.0
200	input_spectra/10-D3M17.mzML	841	0	444.288475036621	1	36282.600000000006	0.0
172	input_spectra/10-D3M17.mzML	842	0	358.240777587891	1	36321.96	0.0
172	input_spectra/10-D3M17.mzML	843	0	358.240777587891	1	36333.479999999996	0.0
200	input_spectra/10-D3M17.mzML	844	0	444.288475036621	1	36345.0	0.0
200	input_spectra/10-D3M17.mzML	845	0	444.288475036621	1	36356.520000000004	0.0
224	input_spectra/10-D3M17.mzML	846	0	498.287902832031	1	36379.5	0.0
240	input_spectra/10-D3M17.mzML	847	0	533.325439453125	1	36391.020000000004	0.0
241	input_spectra/10-D3M17.mzML	848	0	533.325439453125	1	36402.53999999999	0.0
225	input_spectra/10-D3M17.mzML	849	0	498.287902832031	1	36441.96	0.0
224	input_spectra/10-D3M17.mzML	850	0	498.287902832031	1	36453.42	0.0
240	input_spectra/10-D3M17.mzML	851	0	533.325439453125	1	36464.94	0.0
241	input_spectra/10-D3M17.mzML	852	0	533.325439453125	1	36476.46	0.0
200	input_spectra/10-D3M17.mzML	853	0	444.288475036621	1	36487.98	0.0
200	input_spectra/10-D3M17.mzML	854	0	444.288475036621	1	36499.5	0.0
244	input_spectra/10-D3M17.mzML	855	0	538.279724121094	1	36534.0	0.0
244	input_spectra/10-D3M17.mzML	856	0	538.279724121094	1	36545.52	0.0
224	input_spectra/10-D3M17.mzML	857	0	498.287902832031	1	36596.46	0.0
240	input_spectra/10-D3M17.mzML	858	0	533.325439453125	1	36607.92	0.0
241	input_spectra/10-D3M17.mzML	859	0	533.325439453125	1	36619.439999999995	0.0
294	input_spectra/10-D3M17.mzML	860	0	1031.588500976563	1	36654.06	0.0
295	input_spectra/10-D3M17.mzML	861	0	1031.588500976563	1	36665.64	0.0
294	input_spectra/10-D3M17.mzML	862	0	1031.588500976563	1	36774.24	0.0
295	input_spectra/10-D3M17.mzML	863	0	1031.588500976563	1	36785.76	0.0
244	input_spectra/10-D3M17.mzML	864	0	538.279724121094	1	36820.38	0.0
244	input_spectra/10-D3M17.mzML	865	0	538.279724121094	1	36831.9	0.0
158	input_spectra/10-D3M17.mzML	866	0	328.268003463745	1	36871.259999999995	0.0
160	input_spectra/10-D3M17.mzML	867	0	328.268003463745	1	36882.78	0.0
215	input_spectra/10-D3M17.mzML	868	0	477.33241780599	1	36894.299999999996	0.0
215	input_spectra/10-D3M17.mzML	869	0	477.33241780599	1	36905.76	0.0
244	input_spectra/10-D3M17.mzML	870	0	538.279724121094	1	36940.32	0.0
244	input_spectra/10-D3M17.mzML	871	0	538.279724121094	1	36951.840000000004	0.0
162	input_spectra/10-D3M17.mzML	872	0	328.268003463745	1	36991.2	0.0
156	input_spectra/10-D3M17.mzML	873	0	328.268003463745	1	37002.72	0.0
177	input_spectra/10-D3M17.mzML	874	0	373.27397664388	1	37025.700000000004	0.0
282	input_spectra/10-D3M17.mzML	875	0	817.581827799479	1	37037.28	0.0
282	input_spectra/10-D3M17.mzML	876	0	817.581827799479	1	37048.8	0.0
215	input_spectra/10-D3M17.mzML	877	0	477.33241780599	1	37060.38	0.0
215	input_spectra/10-D3M17.mzML	878	0	477.33241780599	1	37071.9	0.0
188	input_spectra/10-D3M17.mzML	879	0	426.321095784505	1	37083.36	0.0
158	input_spectra/10-D3M17.mzML	880	0	328.268003463745	1	37134.24	0.0
160	input_spectra/10-D3M17.mzML	881	0	328.268003463745	1	37145.76	0.0
282	input_spectra/10-D3M17.mzML	882	0	817.581827799479	1	37157.34	0.0
282	input_spectra/10-D3M17.mzML	883	0	817.581827799479	1	37168.86	0.0
177	input_spectra/10-D3M17.mzML	884	0	373.27397664388	1	37191.9	0.0
188	input_spectra/10-D3M17.mzML	885	0	426.321095784505	1	37203.42	0.0
215	input_spectra/10-D3M17.mzML	886	0	477.33241780599	1	37226.4	0.0
215	input_spectra/10-D3M17.mzML	887	0	477.33241780599	1	37237.92	0.0
171	input_spectra/10-D3M17.mzML	888	0	355.263534545898	1	37334.82	0.0
172	input_spectra/10-D3M17.mzML	889	0	358.240777587891	1	37397.34	0.0
172	input_spectra/10-D3M17.mzML	890	0	358.240777587891	1	37408.86	0.0
171	input_spectra/10-D3M17.mzML	891	0	355.263534545898	1	37431.840000000004	0.0
200	input_spectra/10-D3M17.mzML	892	0	444.288475036621	1	37471.2	0.0
200	input_spectra/10-D3M17.mzML	893	0	444.288475036621	1	37482.72	0.0
172	input_spectra/10-D3M17.mzML	894	0	358.240777587891	1	37494.24	0.0
172	input_spectra/10-D3M17.mzML	895	0	358.240777587891	1	37505.700000000004	0.0
126	input_spectra/10-D3M17.mzML	896	0	258.279276529948	1	37891.799999999996	0.0
126	input_spectra/10-D3M17.mzML	897	0	258.279276529948	1	37903.26	0.0
126	input_spectra/10-D3M17.mzML	898	0	258.279276529948	1	37942.619999999995	0.0
126	input_spectra/10-D3M17.mzML	899	0	258.279276529948	1	37954.14	0.0
126	input_spectra/10-D3M17.mzML	900	0	258.279276529948	1	37993.5	0.0
126	input_spectra/10-D3M17.mzML	901	0	258.279276529948	1	38005.020000000004	0.0
158	input_spectra/10-D3M17.mzML	902	0	328.268003463745	1	38092.44	0.0
159	input_spectra/10-D3M17.mzML	903	0	328.268003463745	1	38103.96	0.0
162	input_spectra/10-D3M17.mzML	904	0	328.268003463745	1	38143.32	0.0
159	input_spectra/10-D3M17.mzML	905	0	328.268003463745	1	38154.78	0.0
155	input_spectra/10-D3M17.mzML	906	0	328.268003463745	1	38194.14	0.0
159	input_spectra/10-D3M17.mzML	907	0	328.268003463745	1	38205.659999999996	0.0
206	input_spectra/10-D3M17.mzML	908	0	450.321695963542	1	38307.42	0.0
206	input_spectra/10-D3M17.mzML	909	0	450.321695963542	1	38358.299999999996	0.0
230	input_spectra/10-D3M17.mzML	910	0	518.358194986979	1	38381.28	0.0
230	input_spectra/10-D3M17.mzML	911	0	518.358194986979	1	38443.68	0.0
230	input_spectra/10-D3M17.mzML	912	0	518.358194986979	1	38455.2	0.0
230	input_spectra/10-D3M17.mzML	913	0	518.358194986979	1	38494.56	0.0
230	input_spectra/10-D3M17.mzML	914	0	518.358194986979	1	38506.08	0.0
150	input_spectra/10-D3M17.mzML	915	0	304.299733479818	1	38545.44	0.0
150	input_spectra/10-D3M17.mzML	916	0	304.299733479818	1	38556.9	0.0
150	input_spectra/10-D3M17.mzML	917	0	304.299733479818	1	38596.259999999995	0.0
150	input_spectra/10-D3M17.mzML	918	0	304.299733479818	1	38607.78	0.0
150	input_spectra/10-D3M17.mzML	919	0	304.299733479818	1	38647.14	0.0
150	input_spectra/10-D3M17.mzML	920	0	304.299733479818	1	38658.66	0.0
246	input_spectra/10-D3M17.mzML	921	0	558.383504231771	1	38878.38	0.0
246	input_spectra/10-D3M17.mzML	922	0	558.383504231771	1	38889.899999999994	0.0
246	input_spectra/10-D3M17.mzML	923	0	558.383504231771	1	38941.259999999995	0.0
246	input_spectra/10-D3M17.mzML	924	0	558.383504231771	1	38952.78	0.0
246	input_spectra/10-D3M17.mzML	925	0	558.383504231771	1	38992.14	0.0
246	input_spectra/10-D3M17.mzML	926	0	558.383504231771	1	39003.66	0.0
229	input_spectra/10-D3M17.mzML	927	0	514.358459472656	1	39043.02	0.0
229	input_spectra/10-D3M17.mzML	928	0	514.358459472656	1	39054.54	0.0
229	input_spectra/10-D3M17.mzML	929	0	514.358459472656	1	39093.9	0.0
229	input_spectra/10-D3M17.mzML	930	0	514.358459472656	1	39105.42	0.0
229	input_spectra/10-D3M17.mzML	931	0	514.358459472656	1	39144.78	0.0
229	input_spectra/10-D3M17.mzML	932	0	514.358459472656	1	39156.3	0.0
155	input_spectra/10-D3M17.mzML	933	0	328.268003463745	1	39255.78	0.0
156	input_spectra/10-D3M17.mzML	934	0	328.268003463745	1	39267.3	0.0
161	input_spectra/10-D3M17.mzML	935	0	328.268003463745	1	39306.659999999996	0.0
156	input_spectra/10-D3M17.mzML	936	0	328.268003463745	1	39318.12	0.0
161	input_spectra/10-D3M17.mzML	937	0	328.268003463745	1	39357.479999999996	0.0
156	input_spectra/10-D3M17.mzML	938	0	328.268003463745	1	39369.0	0.0
141	input_spectra/10-D3M17.mzML	939	0	286.219638990319	1	39540.6	0.0
142	input_spectra/10-D3M17.mzML	940	0	286.219638990319	1	39552.12	0.0
141	input_spectra/10-D3M17.mzML	941	0	286.219638990319	1	39711.72	0.0
143	input_spectra/10-D3M17.mzML	942	0	286.219638990319	1	39723.18	0.0
142	input_spectra/10-D3M17.mzML	943	0	286.219638990319	1	39991.020000000004	0.0
141	input_spectra/10-D3M17.mzML	944	0	286.219638990319	1	40002.479999999996	0.0
155	input_spectra/10-D3M17.mzML	945	0	328.268003463745	1	40402.56	0.0
156	input_spectra/10-D3M17.mzML	946	0	328.268003463745	1	40414.08	0.0
158	input_spectra/10-D3M17.mzML	947	0	328.268003463745	1	40453.44	0.0
159	input_spectra/10-D3M17.mzML	948	0	328.268003463745	1	40464.96000000001	0.0
162	input_spectra/10-D3M17.mzML	949	0	328.268003463745	1	40504.32	0.0
156	input_spectra/10-D3M17.mzML	950	0	328.268003463745	1	40515.78	0.0
142	input_spectra/10-D3M17.mzML	951	0	286.219638990319	1	41096.28	0.0
142	input_spectra/10-D3M17.mzML	952	0	286.219638990319	1	41107.8	0.0
142	input_spectra/10-D3M17.mzML	953	0	286.219638990319	1	41147.1	0.0
144	input_spectra/10-D3M17.mzML	954	0	286.219638990319	1	41158.56	0.0
144	input_spectra/10-D3M17.mzML	955	0	286.219638990319	1	41197.98	0.0
144	input_spectra/10-D3M17.mzML	956	0	286.219638990319	1	41209.439999999995	0.0
158	input_spectra/10-D3M17.mzML	957	0	328.268003463745	1	41561.46	0.0
156	input_spectra/10-D3M17.mzML	958	0	328.268003463745	1	41572.92	0.0
158	input_spectra/10-D3M17.mzML	959	0	328.268003463745	1	41612.28	0.0
156	input_spectra/10-D3M17.mzML	960	0	328.268003463745	1	41623.8	0.0
161	input_spectra/10-D3M17.mzML	961	0	328.268003463745	1	41663.159999999996	0.0
156	input_spectra/10-D3M17.mzML	962	0	328.268003463745	1	41674.62	0.0
144	input_spectra/10-D3M17.mzML	963	0	286.219638990319	1	42255.119999999995	0.0
141	input_spectra/10-D3M17.mzML	964	0	286.219638990319	1	42266.64	0.0
142	input_spectra/10-D3M17.mzML	965	0	286.219638990319	1	42306.0	0.0
142	input_spectra/10-D3M17.mzML	966	0	286.219638990319	1	42317.46000000001	0.0
143	input_spectra/10-D3M17.mzML	967	0	286.219638990319	1	42356.88	0.0
143	input_spectra/10-D3M17.mzML	968	0	286.219638990319	1	42368.340000000004	0.0
165	input_spectra/10-D3M17.mzML	969	0	332.331197102865	1	42588.060000000005	0.0
165	input_spectra/10-D3M17.mzML	970	0	332.331197102865	1	42599.58	0.0
165	input_spectra/10-D3M17.mzML	971	0	332.331197102865	1	42638.94	0.0
165	input_spectra/10-D3M17.mzML	972	0	332.331197102865	1	42650.46	0.0
165	input_spectra/10-D3M17.mzML	973	0	332.331197102865	1	42689.82	0.0
165	input_spectra/10-D3M17.mzML	974	0	332.331197102865	1	42701.34	0.0
158	input_spectra/10-D3M17.mzML	975	0	328.268003463745	1	42740.700000000004	0.0
160	input_spectra/10-D3M17.mzML	976	0	328.268003463745	1	42752.159999999996	0.0
161	input_spectra/10-D3M17.mzML	977	0	328.268003463745	1	42791.58	0.0
156	input_spectra/10-D3M17.mzML	978	0	328.268003463745	1	42803.04	0.0
161	input_spectra/10-D3M17.mzML	979	0	328.268003463745	1	42842.399999999994	0.0
156	input_spectra/10-D3M17.mzML	980	0	328.268003463745	1	42853.92	0.0
142	input_spectra/10-D3M17.mzML	981	0	286.219638990319	1	43398.299999999996	0.0
141	input_spectra/10-D3M17.mzML	982	0	286.219638990319	1	43409.76	0.0
198	input_spectra/10-D3M17.mzML	983	0	440.409637451172	1	43421.28	0.0
199	input_spectra/10-D3M17.mzML	984	0	440.409637451172	1	43432.8	0.0
198	input_spectra/10-D3M17.mzML	985	0	440.409637451172	1	43472.159999999996	0.0
199	input_spectra/10-D3M17.mzML	986	0	440.409637451172	1	43483.68	0.0
141	input_spectra/10-D3M17.mzML	987	0	286.219638990319	1	43495.2	0.0
141	input_spectra/10-D3M17.mzML	988	0	286.219638990319	1	43506.659999999996	0.0
198	input_spectra/10-D3M17.mzML	989	0	440.409637451172	1	43546.020000000004	0.0
199	input_spectra/10-D3M17.mzML	990	0	440.409637451172	1	43557.53999999999	0.0
142	input_spectra/10-D3M17.mzML	991	0	286.219638990319	1	43569.0	0.0
141	input_spectra/10-D3M17.mzML	992	0	286.219638990319	1	43580.52	0.0
217	input_spectra/10-D3M17.mzML	993	0	483.248443603516	1	43655.88	0.0
217	input_spectra/10-D3M17.mzML	994	0	483.248443603516	1	43667.399999999994	0.0
217	input_spectra/10-D3M17.mzML	995	0	483.248443603516	1	43706.76	0.0
217	input_spectra/10-D3M17.mzML	996	0	483.248443603516	1	43718.28	0.0
217	input_spectra/10-D3M17.mzML	997	0	483.248443603516	1	43757.64	0.0
217	input_spectra/10-D3M17.mzML	998	0	483.248443603516	1	43769.159999999996	0.0
183	input_spectra/10-D3M17.mzML	999	0	415.210723876953	1	43892.7	0.0
183	input_spectra/10-D3M17.mzML	1000	0	415.210723876953	1	43904.22	0.0
158	input_spectra/10-D3M17.mzML	1001	0	328.268003463745	1	43943.58	0.0
156	input_spectra/10-D3M17.mzML	1002	0	328.268003463745	1	43955.03999999999	0.0
158	input_spectra/10-D3M17.mzML	1003	0	328.268003463745	1	43994.4	0.0
156	input_spectra/10-D3M17.mzML	1004	0	328.268003463745	1	44005.92	0.0
156	input_spectra/10-D3M17.mzML	1005	0	328.268003463745	1	44045.28	0.0
156	input_spectra/10-D3M17.mzML	1006	0	328.268003463745	1	44056.74	0.0
201	input_spectra/10-D3M17.mzML	1007	0	444.296545410156	1	44096.16	0.0
201	input_spectra/10-D3M17.mzML	1008	0	444.296545410156	1	44107.619999999995	0.0
201	input_spectra/10-D3M17.mzML	1009	0	444.296545410156	1	44147.04	0.0
201	input_spectra/10-D3M17.mzML	1010	0	444.296545410156	1	44158.5	0.0
201	input_spectra/10-D3M17.mzML	1011	0	444.296545410156	1	44233.979999999996	0.0
201	input_spectra/10-D3M17.mzML	1012	0	444.296545410156	1	44245.44	0.0
201	input_spectra/10-D3M17.mzML	1013	0	444.296545410156	1	44284.86	0.0
201	input_spectra/10-D3M17.mzML	1014	0	444.296545410156	1	44296.32	0.0
201	input_spectra/10-D3M17.mzML	1015	0	444.296545410156	1	44335.68	0.0
201	input_spectra/10-D3M17.mzML	1016	0	444.296545410156	1	44347.2	0.0
168	input_spectra/10-D3M17.mzML	1017	0	346.27697358308	1	44358.72	0.0
168	input_spectra/10-D3M17.mzML	1018	0	346.27697358308	1	44370.18	0.0
142	input_spectra/10-D3M17.mzML	1019	0	286.219638990319	1	44565.9	0.0
144	input_spectra/10-D3M17.mzML	1020	0	286.219638990319	1	44577.36	0.0
141	input_spectra/10-D3M17.mzML	1021	0	286.219638990319	1	44616.72	0.0
144	input_spectra/10-D3M17.mzML	1022	0	286.219638990319	1	44628.24	0.0
142	input_spectra/10-D3M17.mzML	1023	0	286.219638990319	1	44667.600000000006	0.0
143	input_spectra/10-D3M17.mzML	1024	0	286.219638990319	1	44679.12	0.0
158	input_spectra/10-D3M17.mzML	1025	0	328.268003463745	1	45111.6	0.0
156	input_spectra/10-D3M17.mzML	1026	0	328.268003463745	1	45123.060000000005	0.0
158	input_spectra/10-D3M17.mzML	1027	0	328.268003463745	1	45162.42	0.0
156	input_spectra/10-D3M17.mzML	1028	0	328.268003463745	1	45173.94	0.0
162	input_spectra/10-D3M17.mzML	1029	0	328.268003463745	1	45213.299999999996	0.0
156	input_spectra/10-D3M17.mzML	1030	0	328.268003463745	1	45224.82	0.0
169	input_spectra/10-D3M17.mzML	1031	0	346.27697358308	1	45300.3	0.0
169	input_spectra/10-D3M17.mzML	1032	0	346.27697358308	1	45311.76	0.0
169	input_spectra/10-D3M17.mzML	1033	0	346.27697358308	1	45483.36	0.0
168	input_spectra/10-D3M17.mzML	1034	0	346.27697358308	1	45494.880000000005	0.0
142	input_spectra/10-D3M17.mzML	1035	0	286.219638990319	1	45702.53999999999	0.0
143	input_spectra/10-D3M17.mzML	1036	0	286.219638990319	1	45714.06	0.0
142	input_spectra/10-D3M17.mzML	1037	0	286.219638990319	1	45753.42	0.0
143	input_spectra/10-D3M17.mzML	1038	0	286.219638990319	1	45764.880000000005	0.0
143	input_spectra/10-D3M17.mzML	1039	0	286.219638990319	1	45804.24	0.0
141	input_spectra/10-D3M17.mzML	1040	0	286.219638990319	1	45815.76	0.0
158	input_spectra/10-D3M17.mzML	1041	0	328.268003463745	1	46281.479999999996	0.0
160	input_spectra/10-D3M17.mzML	1042	0	328.268003463745	1	46292.94	0.0
158	input_spectra/10-D3M17.mzML	1043	0	328.268003463745	1	46332.36	0.0
156	input_spectra/10-D3M17.mzML	1044	0	328.268003463745	1	46343.82	0.0
158	input_spectra/10-D3M17.mzML	1045	0	328.268003463745	1	46383.24	0.0
156	input_spectra/10-D3M17.mzML	1046	0	328.268003463745	1	46394.7	0.0
275	input_spectra/10-D3M17.mzML	1047	0	704.514282226563	1	46482.18	0.0
275	input_spectra/10-D3M17.mzML	1048	0	704.514282226563	1	46493.7	0.0
275	input_spectra/10-D3M17.mzML	1049	0	704.514282226563	1	46533.060000000005	0.0
275	input_spectra/10-D3M17.mzML	1050	0	704.514282226563	1	46544.58	0.0
275	input_spectra/10-D3M17.mzML	1051	0	704.514282226563	1	46583.94	0.0
275	input_spectra/10-D3M17.mzML	1052	0	704.514282226563	1	46595.46	0.0
168	input_spectra/10-D3M17.mzML	1053	0	346.27697358308	1	46606.98	0.0
168	input_spectra/10-D3M17.mzML	1054	0	346.27697358308	1	46618.5	0.0
268	input_spectra/10-D3M17.mzML	1055	0	660.488301595052	1	46705.979999999996	0.0
268	input_spectra/10-D3M17.mzML	1056	0	660.488301595052	1	46717.5	0.0
268	input_spectra/10-D3M17.mzML	1057	0	660.488301595052	1	46756.86	0.0
268	input_spectra/10-D3M17.mzML	1058	0	660.488301595052	1	46768.38	0.0
168	input_spectra/10-D3M17.mzML	1059	0	346.27697358308	1	46779.899999999994	0.0
168	input_spectra/10-D3M17.mzML	1060	0	346.27697358308	1	46791.36	0.0
268	input_spectra/10-D3M17.mzML	1061	0	660.488301595052	1	46830.78	0.0
268	input_spectra/10-D3M17.mzML	1062	0	660.488301595052	1	46842.3	0.0
169	input_spectra/10-D3M17.mzML	1063	0	346.27697358308	1	46853.82	0.0
168	input_spectra/10-D3M17.mzML	1064	0	346.27697358308	1	46865.28	0.0
141	input_spectra/10-D3M17.mzML	1065	0	286.219638990319	1	46904.64	0.0
142	input_spectra/10-D3M17.mzML	1066	0	286.219638990319	1	46916.16	0.0
142	input_spectra/10-D3M17.mzML	1067	0	286.219638990319	1	46955.52	0.0
143	input_spectra/10-D3M17.mzML	1068	0	286.219638990319	1	46966.98	0.0
174	input_spectra/10-D3M17.mzML	1069	0	360.361938476563	1	46978.5	0.0
174	input_spectra/10-D3M17.mzML	1070	0	360.361938476563	1	46990.020000000004	0.0
142	input_spectra/10-D3M17.mzML	1071	0	286.219638990319	1	47029.38	0.0
143	input_spectra/10-D3M17.mzML	1072	0	286.219638990319	1	47040.840000000004	0.0
261	input_spectra/10-D3M17.mzML	1073	0	616.46240234375	1	47052.42	0.0
261	input_spectra/10-D3M17.mzML	1074	0	616.46240234375	1	47063.94	0.0
174	input_spectra/10-D3M17.mzML	1075	0	360.361938476563	1	47075.46	0.0
174	input_spectra/10-D3M17.mzML	1076	0	360.361938476563	1	47086.920000000006	0.0
261	input_spectra/10-D3M17.mzML	1077	0	616.46240234375	1	47126.34	0.0
261	input_spectra/10-D3M17.mzML	1078	0	616.46240234375	1	47137.86	0.0
261	input_spectra/10-D3M17.mzML	1079	0	616.46240234375	1	47177.22	0.0
261	input_spectra/10-D3M17.mzML	1080	0	616.46240234375	1	47188.740000000005	0.0
252	input_spectra/10-D3M17.mzML	1081	0	572.436340332031	1	47312.28	0.0
252	input_spectra/10-D3M17.mzML	1082	0	572.436340332031	1	47323.8	0.0
252	input_spectra/10-D3M17.mzML	1083	0	572.436340332031	1	47363.159999999996	0.0
252	input_spectra/10-D3M17.mzML	1084	0	572.436340332031	1	47374.68	0.0
252	input_spectra/10-D3M17.mzML	1085	0	572.436340332031	1	47414.04	0.0
252	input_spectra/10-D3M17.mzML	1086	0	572.436340332031	1	47425.560000000005	0.0
158	input_spectra/10-D3M17.mzML	1087	0	328.268003463745	1	47464.92	0.0
156	input_spectra/10-D3M17.mzML	1088	0	328.268003463745	1	47476.380000000005	0.0
158	input_spectra/10-D3M17.mzML	1089	0	328.268003463745	1	47515.74	0.0
156	input_spectra/10-D3M17.mzML	1090	0	328.268003463745	1	47527.26	0.0
158	input_spectra/10-D3M17.mzML	1091	0	328.268003463745	1	47566.62	0.0
156	input_spectra/10-D3M17.mzML	1092	0	328.268003463745	1	47578.079999999994	0.0
238	input_spectra/10-D3M17.mzML	1093	0	528.410237630208	1	47668.32	0.0
238	input_spectra/10-D3M17.mzML	1094	0	528.410237630208	1	47679.84	0.0
238	input_spectra/10-D3M17.mzML	1095	0	528.410237630208	1	47719.26	0.0
238	input_spectra/10-D3M17.mzML	1096	0	528.410237630208	1	47730.719999999994	0.0
238	input_spectra/10-D3M17.mzML	1097	0	528.410237630208	1	47770.14	0.0
238	input_spectra/10-D3M17.mzML	1098	0	528.410237630208	1	47781.6	0.0
169	input_spectra/10-D3M17.mzML	1099	0	346.27697358308	1	47894.880000000005	0.0
168	input_spectra/10-D3M17.mzML	1100	0	346.27697358308	1	47906.4	0.0
169	input_spectra/10-D3M17.mzML	1101	0	346.27697358308	1	47968.740000000005	0.0
168	input_spectra/10-D3M17.mzML	1102	0	346.27697358308	1	47980.26	0.0
219	input_spectra/10-D3M17.mzML	1103	0	484.383656819661	1	48019.62	0.0
219	input_spectra/10-D3M17.mzML	1104	0	484.383656819661	1	48031.14	0.0
169	input_spectra/10-D3M17.mzML	1105	0	346.27697358308	1	48042.600000000006	0.0
168	input_spectra/10-D3M17.mzML	1106	0	346.27697358308	1	48054.12	0.0
219	input_spectra/10-D3M17.mzML	1107	0	484.383656819661	1	48093.42	0.0
219	input_spectra/10-D3M17.mzML	1108	0	484.383656819661	1	48104.94	0.0
143	input_spectra/10-D3M17.mzML	1109	0	286.219638990319	1	48116.46	0.0
143	input_spectra/10-D3M17.mzML	1110	0	286.219638990319	1	48127.98	0.0
219	input_spectra/10-D3M17.mzML	1111	0	484.383656819661	1	48167.34	0.0
219	input_spectra/10-D3M17.mzML	1112	0	484.383656819661	1	48178.86	0.0
142	input_spectra/10-D3M17.mzML	1113	0	286.219638990319	1	48190.32	0.0
143	input_spectra/10-D3M17.mzML	1114	0	286.219638990319	1	48201.840000000004	0.0
142	input_spectra/10-D3M17.mzML	1115	0	286.219638990319	1	48287.28	0.0
141	input_spectra/10-D3M17.mzML	1116	0	286.219638990319	1	48298.740000000005	0.0
243	input_spectra/10-D3M17.mzML	1117	0	535.394449869792	1	48310.26	0.0
243	input_spectra/10-D3M17.mzML	1118	0	535.394449869792	1	48321.780000000006	0.0
212	input_spectra/10-D3M17.mzML	1119	0	467.357360839844	1	48333.299999999996	0.0
213	input_spectra/10-D3M17.mzML	1120	0	467.357360839844	1	48344.82	0.0
243	input_spectra/10-D3M17.mzML	1121	0	535.394449869792	1	48407.22	0.0
243	input_spectra/10-D3M17.mzML	1122	0	535.394449869792	1	48418.740000000005	0.0
212	input_spectra/10-D3M17.mzML	1123	0	467.357360839844	1	48430.26	0.0
213	input_spectra/10-D3M17.mzML	1124	0	467.357360839844	1	48441.780000000006	0.0
197	input_spectra/10-D3M17.mzML	1125	0	440.358815511068	1	48481.14	0.0
197	input_spectra/10-D3M17.mzML	1126	0	440.358815511068	1	48492.66	0.0
243	input_spectra/10-D3M17.mzML	1127	0	535.394449869792	1	48504.18	0.0
243	input_spectra/10-D3M17.mzML	1128	0	535.394449869792	1	48515.64	0.0
197	input_spectra/10-D3M17.mzML	1129	0	440.358815511068	1	48555.06	0.0
197	input_spectra/10-D3M17.mzML	1130	0	440.358815511068	1	48566.58	0.0
221	input_spectra/10-D3M17.mzML	1131	0	491.36826578776	1	48601.08	0.0
221	input_spectra/10-D3M17.mzML	1132	0	491.36826578776	1	48612.600000000006	0.0
158	input_spectra/10-D3M17.mzML	1133	0	328.268003463745	1	48651.96	0.0
156	input_spectra/10-D3M17.mzML	1134	0	328.268003463745	1	48663.479999999996	0.0
197	input_spectra/10-D3M17.mzML	1135	0	440.358815511068	1	48675.0	0.0
197	input_spectra/10-D3M17.mzML	1136	0	440.358815511068	1	48686.520000000004	0.0
221	input_spectra/10-D3M17.mzML	1137	0	491.36826578776	1	48721.020000000004	0.0
221	input_spectra/10-D3M17.mzML	1138	0	491.36826578776	1	48732.53999999999	0.0
187	input_spectra/10-D3M17.mzML	1139	0	423.331309000651	1	48744.06	0.0
187	input_spectra/10-D3M17.mzML	1140	0	423.331309000651	1	48755.52	0.0
158	input_spectra/10-D3M17.mzML	1141	0	328.268003463745	1	48794.94	0.0
156	input_spectra/10-D3M17.mzML	1142	0	328.268003463745	1	48806.4	0.0
202	input_spectra/10-D3M17.mzML	1143	0	445.313283284505	1	48817.92	0.0
202	input_spectra/10-D3M17.mzML	1144	0	445.313283284505	1	48829.439999999995	0.0
221	input_spectra/10-D3M17.mzML	1145	0	491.36826578776	1	48840.96	0.0
187	input_spectra/10-D3M17.mzML	1146	0	423.331309000651	1	48864.0	0.0
187	input_spectra/10-D3M17.mzML	1147	0	423.331309000651	1	48875.46	0.0
161	input_spectra/10-D3M17.mzML	1148	0	328.268003463745	1	48914.880000000005	0.0
156	input_spectra/10-D3M17.mzML	1149	0	328.268003463745	1	48926.34	0.0
182	input_spectra/10-D3M17.mzML	1150	0	396.333679199219	1	48937.86	0.0
182	input_spectra/10-D3M17.mzML	1151	0	396.333679199219	1	48949.38	0.0
187	input_spectra/10-D3M17.mzML	1152	0	423.331309000651	1	48960.840000000004	0.0
187	input_spectra/10-D3M17.mzML	1153	0	423.331309000651	1	48972.36	0.0
203	input_spectra/10-D3M17.mzML	1154	0	447.342529296875	1	49006.86	0.0
182	input_spectra/10-D3M17.mzML	1155	0	396.333679199219	1	49057.74	0.0
182	input_spectra/10-D3M17.mzML	1156	0	396.333679199219	1	49069.26	0.0
178	input_spectra/10-D3M17.mzML	1157	0	379.305002848307	1	49126.799999999996	0.0
178	input_spectra/10-D3M17.mzML	1158	0	379.305002848307	1	49138.26	0.0
169	input_spectra/10-D3M17.mzML	1159	0	346.27697358308	1	49149.78	0.0
168	input_spectra/10-D3M17.mzML	1160	0	346.27697358308	1	49161.240000000005	0.0
182	input_spectra/10-D3M17.mzML	1161	0	396.333679199219	1	49200.659999999996	0.0
182	input_spectra/10-D3M17.mzML	1162	0	396.333679199219	1	49212.12	0.0
178	input_spectra/10-D3M17.mzML	1163	0	379.305002848307	1	49269.659999999996	0.0
178	input_spectra/10-D3M17.mzML	1164	0	379.305002848307	1	49281.18	0.0
168	input_spectra/10-D3M17.mzML	1165	0	346.27697358308	1	49292.64	0.0
168	input_spectra/10-D3M17.mzML	1166	0	346.27697358308	1	49304.159999999996	0.0
178	input_spectra/10-D3M17.mzML	1167	0	379.305002848307	1	49343.520000000004	0.0
178	input_spectra/10-D3M17.mzML	1168	0	379.305002848307	1	49355.03999999999	0.0
142	input_spectra/10-D3M17.mzML	1169	0	286.219638990319	1	49366.5	0.0
141	input_spectra/10-D3M17.mzML	1170	0	286.219638990319	1	49378.02	0.0
169	input_spectra/10-D3M17.mzML	1171	0	346.27697358308	1	49389.54	0.0
169	input_spectra/10-D3M17.mzML	1172	0	346.27697358308	1	49401.0	0.0
142	input_spectra/10-D3M17.mzML	1173	0	286.219638990319	1	49440.42	0.0
143	input_spectra/10-D3M17.mzML	1174	0	286.219638990319	1	49451.88	0.0
170	input_spectra/10-D3M17.mzML	1175	0	352.306264241536	1	49463.4	0.0
170	input_spectra/10-D3M17.mzML	1176	0	352.306264241536	1	49474.86	0.0
166	input_spectra/10-D3M17.mzML	1177	0	335.279205322266	1	49509.36	0.0
166	input_spectra/10-D3M17.mzML	1178	0	335.279205322266	1	49520.88	0.0
170	input_spectra/10-D3M17.mzML	1179	0	352.306264241536	1	49583.28	0.0
170	input_spectra/10-D3M17.mzML	1180	0	352.306264241536	1	49594.74	0.0
166	input_spectra/10-D3M17.mzML	1181	0	335.279205322266	1	49652.22	0.0
166	input_spectra/10-D3M17.mzML	1182	0	335.279205322266	1	49663.740000000005	0.0
143	input_spectra/10-D3M17.mzML	1183	0	286.219638990319	1	49675.2	0.0
143	input_spectra/10-D3M17.mzML	1184	0	286.219638990319	1	49686.72	0.0
170	input_spectra/10-D3M17.mzML	1185	0	352.306264241536	1	49726.08	0.0
170	input_spectra/10-D3M17.mzML	1186	0	352.306264241536	1	49737.600000000006	0.0
166	input_spectra/10-D3M17.mzML	1187	0	335.279205322266	1	49795.08	0.0
166	input_spectra/10-D3M17.mzML	1188	0	335.279205322266	1	49806.6	0.0
149	input_spectra/10-D3M17.mzML	1189	0	304.230050949823	1	49894.020000000004	0.0
149	input_spectra/10-D3M17.mzML	1190	0	304.230050949823	1	49905.54	0.0
162	input_spectra/10-D3M17.mzML	1191	0	328.268003463745	1	49944.899999999994	0.0
156	input_spectra/10-D3M17.mzML	1192	0	328.268003463745	1	49956.36	0.0
161	input_spectra/10-D3M17.mzML	1193	0	328.268003463745	1	49995.78	0.0
156	input_spectra/10-D3M17.mzML	1194	0	328.268003463745	1	50007.24	0.0
146	input_spectra/10-D3M17.mzML	1195	0	291.252716064453	1	50018.759999999995	0.0
146	input_spectra/10-D3M17.mzML	1196	0	291.252716064453	1	50030.22	0.0
151	input_spectra/10-D3M17.mzML	1197	0	308.279479980469	1	50041.74	0.0
151	input_spectra/10-D3M17.mzML	1198	0	308.279479980469	1	50053.200000000004	0.0
158	input_spectra/10-D3M17.mzML	1199	0	328.268003463745	1	50115.6	0.0
156	input_spectra/10-D3M17.mzML	1200	0	328.268003463745	1	50127.06	0.0
146	input_spectra/10-D3M17.mzML	1201	0	291.252716064453	1	50138.58	0.0
146	input_spectra/10-D3M17.mzML	1202	0	291.252716064453	1	50150.03999999999	0.0
151	input_spectra/10-D3M17.mzML	1203	0	308.279479980469	1	50161.56	0.0
151	input_spectra/10-D3M17.mzML	1204	0	308.279479980469	1	50173.02	0.0
146	input_spectra/10-D3M17.mzML	1205	0	291.252716064453	1	50235.42	0.0
146	input_spectra/10-D3M17.mzML	1206	0	291.252716064453	1	50246.88	0.0
151	input_spectra/10-D3M17.mzML	1207	0	308.279479980469	1	50258.4	0.0
151	input_spectra/10-D3M17.mzML	1208	0	308.279479980469	1	50269.86	0.0
149	input_spectra/10-D3M17.mzML	1209	0	304.230050949823	1	50304.36	0.0
149	input_spectra/10-D3M17.mzML	1210	0	304.230050949823	1	50315.82	0.0
168	input_spectra/10-D3M17.mzML	1211	0	346.27697358308	1	50355.24	0.0
168	input_spectra/10-D3M17.mzML	1212	0	346.27697358308	1	50366.76	0.0
169	input_spectra/10-D3M17.mzML	1213	0	346.27697358308	1	50406.119999999995	0.0
168	input_spectra/10-D3M17.mzML	1214	0	346.27697358308	1	50417.64	0.0
149	input_spectra/10-D3M17.mzML	1215	0	304.230050949823	1	50429.1	0.0
149	input_spectra/10-D3M17.mzML	1216	0	304.230050949823	1	50440.62	0.0
169	input_spectra/10-D3M17.mzML	1217	0	346.27697358308	1	50479.979999999996	0.0
168	input_spectra/10-D3M17.mzML	1218	0	346.27697358308	1	50491.5	0.0
143	input_spectra/10-D3M17.mzML	1219	0	286.219638990319	1	50530.86	0.0
143	input_spectra/10-D3M17.mzML	1220	0	286.219638990319	1	50542.32	0.0
141	input_spectra/10-D3M17.mzML	1221	0	286.219638990319	1	50581.68	0.0
143	input_spectra/10-D3M17.mzML	1222	0	286.219638990319	1	50593.200000000004	0.0
143	input_spectra/10-D3M17.mzML	1223	0	286.219638990319	1	50632.56	0.0
143	input_spectra/10-D3M17.mzML	1224	0	286.219638990319	1	50644.020000000004	0.0
273	input_spectra/10-D3M17.mzML	1225	0	702.49892171224	1	51068.219999999994	0.0
273	input_spectra/10-D3M17.mzML	1226	0	702.49892171224	1	51079.74	0.0
161	input_spectra/10-D3M17.mzML	1227	0	328.268003463745	1	51119.1	0.0
156	input_spectra/10-D3M17.mzML	1228	0	328.268003463745	1	51130.62	0.0
274	input_spectra/10-D3M17.mzML	1229	0	702.49892171224	1	51142.14	0.0
273	input_spectra/10-D3M17.mzML	1230	0	702.49892171224	1	51153.72	0.0
158	input_spectra/10-D3M17.mzML	1231	0	328.268003463745	1	51193.02	0.0
156	input_spectra/10-D3M17.mzML	1232	0	328.268003463745	1	51204.54	0.0
274	input_spectra/10-D3M17.mzML	1233	0	702.49892171224	1	51216.119999999995	0.0
274	input_spectra/10-D3M17.mzML	1234	0	702.49892171224	1	51227.64	0.0
161	input_spectra/10-D3M17.mzML	1235	0	328.268003463745	1	51266.939999999995	0.0
156	input_spectra/10-D3M17.mzML	1236	0	328.268003463745	1	51278.46	0.0
266	input_spectra/10-D3M17.mzML	1237	0	658.472574869792	1	51414.0	0.0
267	input_spectra/10-D3M17.mzML	1238	0	658.472574869792	1	51425.52	0.0
267	input_spectra/10-D3M17.mzML	1239	0	658.472574869792	1	51464.94	0.0
266	input_spectra/10-D3M17.mzML	1240	0	658.472574869792	1	51476.46	0.0
149	input_spectra/10-D3M17.mzML	1241	0	304.230050949823	1	51487.98	0.0
149	input_spectra/10-D3M17.mzML	1242	0	304.230050949823	1	51499.439999999995	0.0
266	input_spectra/10-D3M17.mzML	1243	0	658.472574869792	1	51538.8	0.0
266	input_spectra/10-D3M17.mzML	1244	0	658.472574869792	1	51550.32	0.0
169	input_spectra/10-D3M17.mzML	1245	0	346.27697358308	1	51561.840000000004	0.0
168	input_spectra/10-D3M17.mzML	1246	0	346.27697358308	1	51573.299999999996	0.0
169	input_spectra/10-D3M17.mzML	1247	0	346.27697358308	1	51612.66	0.0
168	input_spectra/10-D3M17.mzML	1248	0	346.27697358308	1	51624.18	0.0
149	input_spectra/10-D3M17.mzML	1249	0	304.230050949823	1	51635.64	0.0
149	input_spectra/10-D3M17.mzML	1250	0	304.230050949823	1	51647.159999999996	0.0
141	input_spectra/10-D3M17.mzML	1251	0	286.219638990319	1	51686.520000000004	0.0
143	input_spectra/10-D3M17.mzML	1252	0	286.219638990319	1	51697.98	0.0
168	input_spectra/10-D3M17.mzML	1253	0	346.27697358308	1	51709.5	0.0
168	input_spectra/10-D3M17.mzML	1254	0	346.27697358308	1	51720.96	0.0
149	input_spectra/10-D3M17.mzML	1255	0	304.230050949823	1	51732.479999999996	0.0
149	input_spectra/10-D3M17.mzML	1256	0	304.230050949823	1	51743.94	0.0
144	input_spectra/10-D3M17.mzML	1257	0	286.219638990319	1	51783.36	0.0
144	input_spectra/10-D3M17.mzML	1258	0	286.219638990319	1	51794.82	0.0
260	input_spectra/10-D3M17.mzML	1259	0	614.446919759115	1	51806.4	0.0
260	input_spectra/10-D3M17.mzML	1260	0	614.446919759115	1	51817.92	0.0
144	input_spectra/10-D3M17.mzML	1261	0	286.219638990319	1	51857.28	0.0
143	input_spectra/10-D3M17.mzML	1262	0	286.219638990319	1	51868.740000000005	0.0
260	input_spectra/10-D3M17.mzML	1263	0	614.446919759115	1	51880.32	0.0
260	input_spectra/10-D3M17.mzML	1264	0	614.446919759115	1	51931.2	0.0
260	input_spectra/10-D3M17.mzML	1265	0	614.446919759115	1	51942.72	0.0
250	input_spectra/10-D3M17.mzML	1266	0	570.420328776042	1	52210.560000000005	0.0
251	input_spectra/10-D3M17.mzML	1267	0	570.420328776042	1	52222.08	0.0
251	input_spectra/10-D3M17.mzML	1268	0	570.420328776042	1	52261.44	0.0
250	input_spectra/10-D3M17.mzML	1269	0	570.420328776042	1	52272.96	0.0
158	input_spectra/10-D3M17.mzML	1270	0	328.268003463745	1	52312.32	0.0
156	input_spectra/10-D3M17.mzML	1271	0	328.268003463745	1	52323.84	0.0
250	input_spectra/10-D3M17.mzML	1272	0	570.420328776042	1	52335.36	0.0
251	input_spectra/10-D3M17.mzML	1273	0	570.420328776042	1	52346.88	0.0
158	input_spectra/10-D3M17.mzML	1274	0	328.268003463745	1	52386.3	0.0
156	input_spectra/10-D3M17.mzML	1275	0	328.268003463745	1	52397.76	0.0
158	input_spectra/10-D3M17.mzML	1276	0	328.268003463745	1	52437.12	0.0
156	input_spectra/10-D3M17.mzML	1277	0	328.268003463745	1	52448.64	0.0
234	input_spectra/10-D3M17.mzML	1278	0	526.393900553385	1	52680.36	0.0
234	input_spectra/10-D3M17.mzML	1279	0	526.393900553385	1	52691.88	0.0
234	input_spectra/10-D3M17.mzML	1280	0	526.393900553385	1	52731.240000000005	0.0
235	input_spectra/10-D3M17.mzML	1281	0	526.393900553385	1	52742.76	0.0
169	input_spectra/10-D3M17.mzML	1282	0	346.27697358308	1	52754.22	0.0
168	input_spectra/10-D3M17.mzML	1283	0	346.27697358308	1	52765.74	0.0
149	input_spectra/10-D3M17.mzML	1284	0	304.230050949823	1	52777.26	0.0
149	input_spectra/10-D3M17.mzML	1285	0	304.230050949823	1	52788.72	0.0
235	input_spectra/10-D3M17.mzML	1286	0	526.393900553385	1	52828.14	0.0
235	input_spectra/10-D3M17.mzML	1287	0	526.393900553385	1	52839.6	0.0
168	input_spectra/10-D3M17.mzML	1288	0	346.27697358308	1	52851.119999999995	0.0
168	input_spectra/10-D3M17.mzML	1289	0	346.27697358308	1	52862.64	0.0
239	input_spectra/10-D3M17.mzML	1290	0	531.350250244141	1	52874.159999999996	0.0
239	input_spectra/10-D3M17.mzML	1291	0	531.350250244141	1	52885.68	0.0
149	input_spectra/10-D3M17.mzML	1292	0	304.230050949823	1	52897.2	0.0
149	input_spectra/10-D3M17.mzML	1293	0	304.230050949823	1	52908.66	0.0
142	input_spectra/10-D3M17.mzML	1294	0	286.219638990319	1	52948.079999999994	0.0
143	input_spectra/10-D3M17.mzML	1295	0	286.219638990319	1	52959.54	0.0
169	input_spectra/10-D3M17.mzML	1296	0	346.27697358308	1	52971.06	0.0
168	input_spectra/10-D3M17.mzML	1297	0	346.27697358308	1	52982.58	0.0
149	input_spectra/10-D3M17.mzML	1298	0	304.230050949823	1	52994.04	0.0
149	input_spectra/10-D3M17.mzML	1299	0	304.230050949823	1	53005.560000000005	0.0
239	input_spectra/10-D3M17.mzML	1300	0	531.350250244141	1	53017.08	0.0
143	input_spectra/10-D3M17.mzML	1301	0	286.219638990319	1	53067.96	0.0
143	input_spectra/10-D3M17.mzML	1302	0	286.219638990319	1	53079.48	0.0
141	input_spectra/10-D3M17.mzML	1303	0	286.219638990319	1	53118.84	0.0
143	input_spectra/10-D3M17.mzML	1304	0	286.219638990319	1	53130.3	0.0
216	input_spectra/10-D3M17.mzML	1305	0	482.368082682292	1	53315.64	0.0
216	input_spectra/10-D3M17.mzML	1306	0	482.368082682292	1	53327.159999999996	0.0
216	input_spectra/10-D3M17.mzML	1307	0	482.368082682292	1	53389.5	0.0
216	input_spectra/10-D3M17.mzML	1308	0	482.368082682292	1	53401.020000000004	0.0
161	input_spectra/10-D3M17.mzML	1309	0	328.268003463745	1	53475.42	0.0
156	input_spectra/10-D3M17.mzML	1310	0	328.268003463745	1	53486.88	0.0
161	input_spectra/10-D3M17.mzML	1311	0	328.268003463745	1	53526.240000000005	0.0
156	input_spectra/10-D3M17.mzML	1312	0	328.268003463745	1	53537.76	0.0
161	input_spectra/10-D3M17.mzML	1313	0	328.268003463745	1	53577.12	0.0
156	input_spectra/10-D3M17.mzML	1314	0	328.268003463745	1	53588.64	0.0
163	input_spectra/10-D3M17.mzML	1315	0	329.270775997277	1	53627.94	0.0
163	input_spectra/10-D3M17.mzML	1316	0	329.270775997277	1	53639.46	0.0
163	input_spectra/10-D3M17.mzML	1317	0	329.270775997277	1	53801.82	0.0
163	input_spectra/10-D3M17.mzML	1318	0	329.270775997277	1	53813.340000000004	0.0
163	input_spectra/10-D3M17.mzML	1319	0	329.270775997277	1	53949.6	0.0
163	input_spectra/10-D3M17.mzML	1320	0	329.270775997277	1	53961.06	0.0
169	input_spectra/10-D3M17.mzML	1321	0	346.27697358308	1	53972.58	0.0
168	input_spectra/10-D3M17.mzML	1322	0	346.27697358308	1	53984.04	0.0
149	input_spectra/10-D3M17.mzML	1323	0	304.230050949823	1	53995.560000000005	0.0
149	input_spectra/10-D3M17.mzML	1324	0	304.230050949823	1	54007.08	0.0
169	input_spectra/10-D3M17.mzML	1325	0	346.27697358308	1	54046.44	0.0
168	input_spectra/10-D3M17.mzML	1326	0	346.27697358308	1	54057.9	0.0
149	input_spectra/10-D3M17.mzML	1327	0	304.230050949823	1	54069.420000000006	0.0
149	input_spectra/10-D3M17.mzML	1328	0	304.230050949823	1	54080.88	0.0
169	input_spectra/10-D3M17.mzML	1329	0	346.27697358308	1	54120.3	0.0
168	input_spectra/10-D3M17.mzML	1330	0	346.27697358308	1	54131.82	0.0
149	input_spectra/10-D3M17.mzML	1331	0	304.230050949823	1	54143.28	0.0
149	input_spectra/10-D3M17.mzML	1332	0	304.230050949823	1	54154.8	0.0
142	input_spectra/10-D3M17.mzML	1333	0	286.219638990319	1	54194.159999999996	0.0
143	input_spectra/10-D3M17.mzML	1334	0	286.219638990319	1	54205.68	0.0
141	input_spectra/10-D3M17.mzML	1335	0	286.219638990319	1	54268.02	0.0
144	input_spectra/10-D3M17.mzML	1336	0	286.219638990319	1	54279.48	0.0
143	input_spectra/10-D3M17.mzML	1337	0	286.219638990319	1	54318.84	0.0
143	input_spectra/10-D3M17.mzML	1338	0	286.219638990319	1	54330.36	0.0
163	input_spectra/10-D3M17.mzML	1339	0	329.270775997277	1	55006.98	0.0
163	input_spectra/10-D3M17.mzML	1340	0	329.270775997277	1	55018.5	0.0
163	input_spectra/10-D3M17.mzML	1341	0	329.270775997277	1	55057.86	0.0
163	input_spectra/10-D3M17.mzML	1342	0	329.270775997277	1	55069.38	0.0
163	input_spectra/10-D3M17.mzML	1343	0	329.270775997277	1	55108.740000000005	0.0
163	input_spectra/10-D3M17.mzML	1344	0	329.270775997277	1	55120.26	0.0
169	input_spectra/10-D3M17.mzML	1345	0	346.27697358308	1	55159.62	0.0
168	input_spectra/10-D3M17.mzML	1346	0	346.27697358308	1	55171.14	0.0
149	input_spectra/10-D3M17.mzML	1347	0	304.230050949823	1	55182.600000000006	0.0
149	input_spectra/10-D3M17.mzML	1348	0	304.230050949823	1	55194.12	0.0
169	input_spectra/10-D3M17.mzML	1349	0	346.27697358308	1	55233.42	0.0
169	input_spectra/10-D3M17.mzML	1350	0	346.27697358308	1	55244.94	0.0
149	input_spectra/10-D3M17.mzML	1351	0	304.230050949823	1	55256.4	0.0
149	input_spectra/10-D3M17.mzML	1352	0	304.230050949823	1	55267.92	0.0
168	input_spectra/10-D3M17.mzML	1353	0	346.27697358308	1	55330.32	0.0
168	input_spectra/10-D3M17.mzML	1354	0	346.27697358308	1	55341.780000000006	0.0
149	input_spectra/10-D3M17.mzML	1355	0	304.230050949823	1	55353.299999999996	0.0
149	input_spectra/10-D3M17.mzML	1356	0	304.230050949823	1	55364.76	0.0
143	input_spectra/10-D3M17.mzML	1357	0	286.219638990319	1	55427.159999999996	0.0
143	input_spectra/10-D3M17.mzML	1358	0	286.219638990319	1	55438.68	0.0
142	input_spectra/10-D3M17.mzML	1359	0	286.219638990319	1	55501.020000000004	0.0
143	input_spectra/10-D3M17.mzML	1360	0	286.219638990319	1	55512.53999999999	0.0
143	input_spectra/10-D3M17.mzML	1361	0	286.219638990319	1	55551.9	0.0
141	input_spectra/10-D3M17.mzML	1362	0	286.219638990319	1	55563.36	0.0
163	input_spectra/10-D3M17.mzML	1363	0	329.270775997277	1	56143.86	0.0
163	input_spectra/10-D3M17.mzML	1364	0	329.270775997277	1	56155.38	0.0
163	input_spectra/10-D3M17.mzML	1365	0	329.270775997277	1	56194.74	0.0
163	input_spectra/10-D3M17.mzML	1366	0	329.270775997277	1	56206.2	0.0
163	input_spectra/10-D3M17.mzML	1367	0	329.270775997277	1	56245.560000000005	0.0
163	input_spectra/10-D3M17.mzML	1368	0	329.270775997277	1	56257.08	0.0
168	input_spectra/10-D3M17.mzML	1369	0	346.27697358308	1	56320.5	0.0
168	input_spectra/10-D3M17.mzML	1370	0	346.27697358308	1	56331.96	0.0
149	input_spectra/10-D3M17.mzML	1371	0	304.230050949823	1	56343.479999999996	0.0
149	input_spectra/10-D3M17.mzML	1372	0	304.230050949823	1	56354.94	0.0
168	input_spectra/10-D3M17.mzML	1373	0	346.27697358308	1	56394.36	0.0
168	input_spectra/10-D3M17.mzML	1374	0	346.27697358308	1	56405.82	0.0
149	input_spectra/10-D3M17.mzML	1375	0	304.230050949823	1	56417.34	0.0
149	input_spectra/10-D3M17.mzML	1376	0	304.230050949823	1	56428.8	0.0
168	input_spectra/10-D3M17.mzML	1377	0	346.27697358308	1	56468.159999999996	0.0
168	input_spectra/10-D3M17.mzML	1378	0	346.27697358308	1	56479.68	0.0
149	input_spectra/10-D3M17.mzML	1379	0	304.230050949823	1	56491.14	0.0
149	input_spectra/10-D3M17.mzML	1380	0	304.230050949823	1	56502.66	0.0
143	input_spectra/10-D3M17.mzML	1381	0	286.219638990319	1	56615.88	0.0
143	input_spectra/10-D3M17.mzML	1382	0	286.219638990319	1	56627.399999999994	0.0
141	input_spectra/10-D3M17.mzML	1383	0	286.219638990319	1	56689.74	0.0
143	input_spectra/10-D3M17.mzML	1384	0	286.219638990319	1	56701.259999999995	0.0
142	input_spectra/10-D3M17.mzML	1385	0	286.219638990319	1	56740.62	0.0
141	input_spectra/10-D3M17.mzML	1386	0	286.219638990319	1	56752.14	0.0
147	input_spectra/10-D3M17.mzML	1387	0	298.255554199219	1	57200.340000000004	0.0
147	input_spectra/10-D3M17.mzML	1388	0	298.255554199219	1	57211.799999999996	0.0
147	input_spectra/10-D3M17.mzML	1389	0	298.255554199219	1	57275.22	0.0
147	input_spectra/10-D3M17.mzML	1390	0	298.255554199219	1	57286.74	0.0
163	input_spectra/10-D3M17.mzML	1391	0	329.270775997277	1	57326.04	0.0
163	input_spectra/10-D3M17.mzML	1392	0	329.270775997277	1	57337.56	0.0
163	input_spectra/10-D3M17.mzML	1393	0	329.270775997277	1	57376.920000000006	0.0
163	input_spectra/10-D3M17.mzML	1394	0	329.270775997277	1	57388.44	0.0
163	input_spectra/10-D3M17.mzML	1395	0	329.270775997277	1	57427.8	0.0
163	input_spectra/10-D3M17.mzML	1396	0	329.270775997277	1	57439.26	0.0
169	input_spectra/10-D3M17.mzML	1397	0	346.27697358308	1	57490.68	0.0
168	input_spectra/10-D3M17.mzML	1398	0	346.27697358308	1	57502.14	0.0
149	input_spectra/10-D3M17.mzML	1399	0	304.230050949823	1	57513.66	0.0
149	input_spectra/10-D3M17.mzML	1400	0	304.230050949823	1	57525.18	0.0
147	input_spectra/10-D3M17.mzML	1401	0	298.255554199219	1	57536.64	0.0
147	input_spectra/10-D3M17.mzML	1402	0	298.255554199219	1	57548.159999999996	0.0
169	input_spectra/10-D3M17.mzML	1403	0	346.27697358308	1	57587.520000000004	0.0
168	input_spectra/10-D3M17.mzML	1404	0	346.27697358308	1	57598.979999999996	0.0
149	input_spectra/10-D3M17.mzML	1405	0	304.230050949823	1	57610.5	0.0
149	input_spectra/10-D3M17.mzML	1406	0	304.230050949823	1	57621.96	0.0
169	input_spectra/10-D3M17.mzML	1407	0	346.27697358308	1	57661.32	0.0
168	input_spectra/10-D3M17.mzML	1408	0	346.27697358308	1	57672.840000000004	0.0
149	input_spectra/10-D3M17.mzML	1409	0	304.230050949823	1	57684.36	0.0
149	input_spectra/10-D3M17.mzML	1410	0	304.230050949823	1	57695.82	0.0
143	input_spectra/10-D3M17.mzML	1411	0	286.219638990319	1	57836.939999999995	0.0
143	input_spectra/10-D3M17.mzML	1412	0	286.219638990319	1	57848.46	0.0
142	input_spectra/10-D3M17.mzML	1413	0	286.219638990319	1	57910.799999999996	0.0
143	input_spectra/10-D3M17.mzML	1414	0	286.219638990319	1	57922.32	0.0
143	input_spectra/10-D3M17.mzML	1415	0	286.219638990319	1	57961.68	0.0
143	input_spectra/10-D3M17.mzML	1416	0	286.219638990319	1	57973.14	0.0
10	input_spectra/10-D3M17.mzML	1417	0	117.072879609608	1	58469.46	0.0
10	input_spectra/10-D3M17.mzML	1418	0	117.072879609608	1	58480.92	0.0
163	input_spectra/10-D3M17.mzML	1419	0	329.270775997277	1	58532.28	0.0
163	input_spectra/10-D3M17.mzML	1420	0	329.270775997277	1	58543.8	0.0
163	input_spectra/10-D3M17.mzML	1421	0	329.270775997277	1	58583.159999999996	0.0
163	input_spectra/10-D3M17.mzML	1422	0	329.270775997277	1	58594.68	0.0
163	input_spectra/10-D3M17.mzML	1423	0	329.270775997277	1	58634.04	0.0
163	input_spectra/10-D3M17.mzML	1424	0	329.270775997277	1	58645.5	0.0
168	input_spectra/10-D3M17.mzML	1425	0	346.27697358308	1	58696.920000000006	0.0
168	input_spectra/10-D3M17.mzML	1426	0	346.27697358308	1	58708.38	0.0
149	input_spectra/10-D3M17.mzML	1427	0	304.230050949823	1	58719.899999999994	0.0
149	input_spectra/10-D3M17.mzML	1428	0	304.230050949823	1	58731.36	0.0
169	input_spectra/10-D3M17.mzML	1429	0	346.27697358308	1	58770.719999999994	0.0
168	input_spectra/10-D3M17.mzML	1430	0	346.27697358308	1	58782.24	0.0
149	input_spectra/10-D3M17.mzML	1431	0	304.230050949823	1	58793.7	0.0
149	input_spectra/10-D3M17.mzML	1432	0	304.230050949823	1	58805.22	0.0
169	input_spectra/10-D3M17.mzML	1433	0	346.27697358308	1	58844.52	0.0
168	input_spectra/10-D3M17.mzML	1434	0	346.27697358308	1	58856.04	0.0
149	input_spectra/10-D3M17.mzML	1435	0	304.230050949823	1	58867.5	0.0
149	input_spectra/10-D3M17.mzML	1436	0	304.230050949823	1	58879.020000000004	0.0
142	input_spectra/10-D3M17.mzML	1437	0	286.219638990319	1	59020.08	0.0
143	input_spectra/10-D3M17.mzML	1438	0	286.219638990319	1	59031.6	0.0
141	input_spectra/10-D3M17.mzML	1439	0	286.219638990319	1	59093.94	0.0
141	input_spectra/10-D3M17.mzML	1440	0	286.219638990319	1	59105.46	0.0
143	input_spectra/10-D3M17.mzML	1441	0	286.219638990319	1	59144.82	0.0
143	input_spectra/10-D3M17.mzML	1442	0	286.219638990319	1	59156.28	0.0
10	input_spectra/10-D3M17.mzML	1443	0	117.072879609608	1	59339.94	0.0
10	input_spectra/10-D3M17.mzML	1444	0	117.072879609608	1	59351.46	0.0
10	input_spectra/10-D3M17.mzML	1445	0	117.072879609608	1	59487.0	0.0
10	input_spectra/10-D3M17.mzML	1446	0	117.072879609608	1	59498.46	0.0
163	input_spectra/10-D3M17.mzML	1447	0	329.270775997277	1	59682.12	0.0
163	input_spectra/10-D3M17.mzML	1448	0	329.270775997277	1	59693.64	0.0
163	input_spectra/10-D3M17.mzML	1449	0	329.270775997277	1	59733.0	0.0
163	input_spectra/10-D3M17.mzML	1450	0	329.270775997277	1	59744.46	0.0
163	input_spectra/10-D3M17.mzML	1451	0	329.270775997277	1	59783.880000000005	0.0
163	input_spectra/10-D3M17.mzML	1452	0	329.270775997277	1	59795.340000000004	0.0
168	input_spectra/10-D3M17.mzML	1453	0	346.27697358308	1	59858.759999999995	0.0
168	input_spectra/10-D3M17.mzML	1454	0	346.27697358308	1	59870.28	0.0
149	input_spectra/10-D3M17.mzML	1455	0	304.230050949823	1	59881.74	0.0
149	input_spectra/10-D3M17.mzML	1456	0	304.230050949823	1	59893.26	0.0
169	input_spectra/10-D3M17.mzML	1457	0	346.27697358308	1	59932.619999999995	0.0
168	input_spectra/10-D3M17.mzML	1458	0	346.27697358308	1	59944.14	0.0
149	input_spectra/10-D3M17.mzML	1459	0	304.230050949823	1	59955.6	0.0
149	input_spectra/10-D3M17.mzML	1460	0	304.230050949823	1	59967.12	0.0
169	input_spectra/10-D3M17.mzML	1461	0	346.27697358308	1	1000.11	0.0
168	input_spectra/10-D3M17.mzML	1462	0	346.27697358308	1	1000.3	0.0
149	input_spectra/10-D3M17.mzML	1463	0	304.230050949823	1	1000.49	0.0
149	input_spectra/10-D3M17.mzML	1464	0	304.230050949823	1	1000.68	0.0
141	input_spectra/10-D3M17.mzML	1465	0	286.219638990319	1	1003.88	0.0
143	input_spectra/10-D3M17.mzML	1466	0	286.219638990319	1	1004.07	0.0
142	input_spectra/10-D3M17.mzML	1467	0	286.219638990319	1	1004.73	0.0
143	input_spectra/10-D3M17.mzML	1468	0	286.219638990319	1	1004.92	0.0
142	input_spectra/10-D3M17.mzML	1469	0	286.219638990319	1	1005.58	0.0
141	input_spectra/10-D3M17.mzML	1470	0	286.219638990319	1	1005.77	0.0
10	input_spectra/10-D3M17.mzML	1471	0	117.072879609608	1	1010.03	0.0
10	input_spectra/10-D3M17.mzML	1472	0	117.072879609608	1	1010.22	0.0
10	input_spectra/10-D3M17.mzML	1473	0	117.072879609608	1	1011.48	0.0
10	input_spectra/10-D3M17.mzML	1474	0	117.072879609608	1	1011.67	0.0
10	input_spectra/10-D3M17.mzML	1475	0	117.072879609608	1	1012.33	0.0
10	input_spectra/10-D3M17.mzML	1476	0	117.072879609608	1	1012.52	0.0
163	input_spectra/10-D3M17.mzML	1477	0	329.270775997277	1	1013.77	0.0
163	input_spectra/10-D3M17.mzML	1478	0	329.270775997277	1	1013.97	0.0
163	input_spectra/10-D3M17.mzML	1479	0	329.270775997277	1	1014.62	0.0
163	input_spectra/10-D3M17.mzML	1480	0	329.270775997277	1	1014.81	0.0
163	input_spectra/10-D3M17.mzML	1481	0	329.270775997277	1	1015.47	0.0
163	input_spectra/10-D3M17.mzML	1482	0	329.270775997277	1	1015.66	0.0
169	input_spectra/10-D3M17.mzML	1483	0	346.27697358308	1	1017.32	0.0
168	input_spectra/10-D3M17.mzML	1484	0	346.27697358308	1	1017.51	0.0
149	input_spectra/10-D3M17.mzML	1485	0	304.230050949823	1	1017.7	0.0
149	input_spectra/10-D3M17.mzML	1486	0	304.230050949823	1	1017.9	0.0
168	input_spectra/10-D3M17.mzML	1487	0	346.27697358308	1	1018.55	0.0
168	input_spectra/10-D3M17.mzML	1488	0	346.27697358308	1	1018.74	0.0
149	input_spectra/10-D3M17.mzML	1489	0	304.230050949823	1	1018.93	0.0
149	input_spectra/10-D3M17.mzML	1490	0	304.230050949823	1	1019.13	0.0
169	input_spectra/10-D3M17.mzML	1491	0	346.27697358308	1	1019.78	0.0
168	input_spectra/10-D3M17.mzML	1492	0	346.27697358308	1	1019.97	0.0
149	input_spectra/10-D3M17.mzML	1493	0	304.230050949823	1	1020.16	0.0
149	input_spectra/10-D3M17.mzML	1494	0	304.230050949823	1	1020.36	0.0
142	input_spectra/10-D3M17.mzML	1495	0	286.219638990319	1	1023.55	0.0
143	input_spectra/10-D3M17.mzML	1496	0	286.219638990319	1	1023.75	0.0
143	input_spectra/10-D3M17.mzML	1497	0	286.219638990319	1	1024.4	0.0
143	input_spectra/10-D3M17.mzML	1498	0	286.219638990319	1	1024.59	0.0
142	input_spectra/10-D3M17.mzML	1499	0	286.219638990319	1	1025.25	0.0
143	input_spectra/10-D3M17.mzML	1500	0	286.219638990319	1	1025.44	0.0
84	input_spectra/10-D3M17.mzML	1501	0	185.110345345956	1	1027.09	0.0
10	input_spectra/10-D3M17.mzML	1502	0	117.072879609608	1	1029.95	0.0
10	input_spectra/10-D3M17.mzML	1503	0	117.072879609608	1	1030.14	0.0
10	input_spectra/10-D3M17.mzML	1504	0	117.072879609608	1	1031.6	0.0
10	input_spectra/10-D3M17.mzML	1505	0	117.072879609608	1	1031.79	0.0
163	input_spectra/10-D3M17.mzML	1506	0	329.270775997277	1	1032.65	0.0
163	input_spectra/10-D3M17.mzML	1507	0	329.270775997277	1	1032.84	0.0
10	input_spectra/10-D3M17.mzML	1508	0	117.072879609608	1	1033.03	0.0
10	input_spectra/10-D3M17.mzML	1509	0	117.072879609608	1	1033.22	0.0
84	input_spectra/10-D3M17.mzML	1510	0	185.110345345956	1	1033.41	0.0
84	input_spectra/10-D3M17.mzML	1511	0	185.110345345956	1	1033.61	0.0
163	input_spectra/10-D3M17.mzML	1512	0	329.270775997277	1	1034.26	0.0
163	input_spectra/10-D3M17.mzML	1513	0	329.270775997277	1	1034.45	0.0
163	input_spectra/10-D3M17.mzML	1514	0	329.270775997277	1	1035.11	0.0
163	input_spectra/10-D3M17.mzML	1515	0	329.270775997277	1	1035.3	0.0
84	input_spectra/10-D3M17.mzML	1516	0	185.110345345956	1	1035.49	0.0
84	input_spectra/10-D3M17.mzML	1517	0	185.110345345956	1	1035.68	0.0
169	input_spectra/10-D3M17.mzML	1518	0	346.27697358308	1	1036.74	0.0
168	input_spectra/10-D3M17.mzML	1519	0	346.27697358308	1	1036.93	0.0
149	input_spectra/10-D3M17.mzML	1520	0	304.230050949823	1	1037.12	0.0
149	input_spectra/10-D3M17.mzML	1521	0	304.230050949823	1	1037.31	0.0
169	input_spectra/10-D3M17.mzML	1522	0	346.27697358308	1	1037.97	0.0
168	input_spectra/10-D3M17.mzML	1523	0	346.27697358308	1	1038.16	0.0
149	input_spectra/10-D3M17.mzML	1524	0	304.230050949823	1	1038.35	0.0
149	input_spectra/10-D3M17.mzML	1525	0	304.230050949823	1	1038.55	0.0
168	input_spectra/10-D3M17.mzML	1526	0	346.27697358308	1	1039.2	0.0
168	input_spectra/10-D3M17.mzML	1527	0	346.27697358308	1	1039.39	0.0
149	input_spectra/10-D3M17.mzML	1528	0	304.230050949823	1	1039.58	0.0
149	input_spectra/10-D3M17.mzML	1529	0	304.230050949823	1	1039.77	0.0
142	input_spectra/10-D3M17.mzML	1530	0	286.219638990319	1	1043.36	0.0
143	input_spectra/10-D3M17.mzML	1531	0	286.219638990319	1	1043.55	0.0
142	input_spectra/10-D3M17.mzML	1532	0	286.219638990319	1	1044.21	0.0
143	input_spectra/10-D3M17.mzML	1533	0	286.219638990319	1	1044.4	0.0
142	input_spectra/10-D3M17.mzML	1534	0	286.219638990319	1	1045.05	0.0
143	input_spectra/10-D3M17.mzML	1535	0	286.219638990319	1	1045.25	0.0
10	input_spectra/10-D3M17.mzML	1536	0	117.072879609608	1	1050.74	0.0
10	input_spectra/10-D3M17.mzML	1537	0	117.072879609608	1	1050.93	0.0
10	input_spectra/10-D3M17.mzML	1538	0	117.072879609608	1	1051.59	0.0
10	input_spectra/10-D3M17.mzML	1539	0	117.072879609608	1	1051.78	0.0
10	input_spectra/10-D3M17.mzML	1540	0	117.072879609608	1	1052.43	0.0
10	input_spectra/10-D3M17.mzML	1541	0	117.072879609608	1	1052.63	0.0
163	input_spectra/10-D3M17.mzML	1542	0	329.270775997277	1	1053.28	0.0
163	input_spectra/10-D3M17.mzML	1543	0	329.270775997277	1	1053.47	0.0
163	input_spectra/10-D3M17.mzML	1544	0	329.270775997277	1	1054.13	0.0
163	input_spectra/10-D3M17.mzML	1545	0	329.270775997277	1	1054.32	0.0
84	input_spectra/10-D3M17.mzML	1546	0	185.110345345956	1	1054.51	0.0
84	input_spectra/10-D3M17.mzML	1547	0	185.110345345956	1	1054.7	0.0
163	input_spectra/10-D3M17.mzML	1548	0	329.270775997277	1	1055.36	0.0
163	input_spectra/10-D3M17.mzML	1549	0	329.270775997277	1	1055.55	0.0
84	input_spectra/10-D3M17.mzML	1550	0	185.110345345956	1	1055.74	0.0
84	input_spectra/10-D3M17.mzML	1551	0	185.110345345956	1	1055.94	0.0
169	input_spectra/10-D3M17.mzML	1552	0	346.27697358308	1	1056.59	0.0
168	input_spectra/10-D3M17.mzML	1553	0	346.27697358308	1	1056.78	0.0
149	input_spectra/10-D3M17.mzML	1554	0	304.230050949823	1	1056.97	0.0
149	input_spectra/10-D3M17.mzML	1555	0	304.230050949823	1	1057.17	0.0
84	input_spectra/10-D3M17.mzML	1556	0	185.110345345956	1	1057.36	0.0
84	input_spectra/10-D3M17.mzML	1557	0	185.110345345956	1	1057.55	0.0
169	input_spectra/10-D3M17.mzML	1558	0	346.27697358308	1	1058.2	0.0
168	input_spectra/10-D3M17.mzML	1559	0	346.27697358308	1	1058.4	0.0
149	input_spectra/10-D3M17.mzML	1560	0	304.230050949823	1	1058.59	0.0
149	input_spectra/10-D3M17.mzML	1561	0	304.230050949823	1	1058.78	0.0
169	input_spectra/10-D3M17.mzML	1562	0	346.27697358308	1	1059.44	0.0
168	input_spectra/10-D3M17.mzML	1563	0	346.27697358308	1	1059.63	0.0
149	input_spectra/10-D3M17.mzML	1564	0	304.230050949823	1	1059.82	0.0
149	input_spectra/10-D3M17.mzML	1565	0	304.230050949823	1	1060.01	0.0
143	input_spectra/10-D3M17.mzML	1566	0	286.219638990319	1	1063.21	0.0
143	input_spectra/10-D3M17.mzML	1567	0	286.219638990319	1	1063.4	0.0
142	input_spectra/10-D3M17.mzML	1568	0	286.219638990319	1	1064.44	0.0
143	input_spectra/10-D3M17.mzML	1569	0	286.219638990319	1	1064.63	0.0
142	input_spectra/10-D3M17.mzML	1570	0	286.219638990319	1	1065.67	0.0
143	input_spectra/10-D3M17.mzML	1571	0	286.219638990319	1	1065.86	0.0
10	input_spectra/10-D3M17.mzML	1572	0	117.072879609608	1	1069.71	0.0
10	input_spectra/10-D3M17.mzML	1573	0	117.072879609608	1	1069.9	0.0
10	input_spectra/10-D3M17.mzML	1574	0	117.072879609608	1	1070.56	0.0
10	input_spectra/10-D3M17.mzML	1575	0	117.072879609608	1	1070.75	0.0
10	input_spectra/10-D3M17.mzML	1576	0	117.072879609608	1	1071.4	0.0
10	input_spectra/10-D3M17.mzML	1577	0	117.072879609608	1	1071.6	0.0
163	input_spectra/10-D3M17.mzML	1578	0	329.270775997277	1	1072.45	0.0
163	input_spectra/10-D3M17.mzML	1579	0	329.270775997277	1	1072.64	0.0
163	input_spectra/10-D3M17.mzML	1580	0	329.270775997277	1	1073.3	0.0
163	input_spectra/10-D3M17.mzML	1581	0	329.270775997277	1	1073.49	0.0
163	input_spectra/10-D3M17.mzML	1582	0	329.270775997277	1	1074.15	0.0
163	input_spectra/10-D3M17.mzML	1583	0	329.270775997277	1	1074.34	0.0
84	input_spectra/10-D3M17.mzML	1584	0	185.110345345956	1	1074.53	0.0
84	input_spectra/10-D3M17.mzML	1585	0	185.110345345956	1	1074.72	0.0
84	input_spectra/10-D3M17.mzML	1586	0	185.110345345956	1	1075.38	0.0
84	input_spectra/10-D3M17.mzML	1587	0	185.110345345956	1	1075.57	0.0
84	input_spectra/10-D3M17.mzML	1588	0	185.110345345956	1	1076.23	0.0
84	input_spectra/10-D3M17.mzML	1589	0	185.110345345956	1	1076.42	0.0
169	input_spectra/10-D3M17.mzML	1590	0	346.27697358308	1	1077.07	0.0
168	input_spectra/10-D3M17.mzML	1591	0	346.27697358308	1	1077.27	0.0
149	input_spectra/10-D3M17.mzML	1592	0	304.230050949823	1	1077.46	0.0
149	input_spectra/10-D3M17.mzML	1593	0	304.230050949823	1	1077.65	0.0
169	input_spectra/10-D3M17.mzML	1594	0	346.27697358308	1	1078.3	0.0
168	input_spectra/10-D3M17.mzML	1595	0	346.27697358308	1	1078.5	0.0
149	input_spectra/10-D3M17.mzML	1596	0	304.230050949823	1	1078.69	0.0
149	input_spectra/10-D3M17.mzML	1597	0	304.230050949823	1	1078.88	0.0
169	input_spectra/10-D3M17.mzML	1598	0	346.27697358308	1	1079.53	0.0
168	input_spectra/10-D3M17.mzML	1599	0	346.27697358308	1	1079.73	0.0
149	input_spectra/10-D3M17.mzML	1600	0	304.230050949823	1	1079.92	0.0
149	input_spectra/10-D3M17.mzML	1601	0	304.230050949823	1	1080.11	0.0
143	input_spectra/10-D3M17.mzML	1602	0	286.219638990319	1	1083.31	0.0
143	input_spectra/10-D3M17.mzML	1603	0	286.219638990319	1	1083.5	0.0
143	input_spectra/10-D3M17.mzML	1604	0	286.219638990319	1	1084.54	0.0
143	input_spectra/10-D3M17.mzML	1605	0	286.219638990319	1	1084.73	0.0
143	input_spectra/10-D3M17.mzML	1606	0	286.219638990319	1	1085.77	0.0
143	input_spectra/10-D3M17.mzML	1607	0	286.219638990319	1	1085.96	0.0
10	input_spectra/10-D3M17.mzML	1608	0	117.072879609608	1	1088.81	0.0
10	input_spectra/10-D3M17.mzML	1609	0	117.072879609608	1	1089.0	0.0
10	input_spectra/10-D3M17.mzML	1610	0	117.072879609608	1	1089.65	0.0
10	input_spectra/10-D3M17.mzML	1611	0	117.072879609608	1	1089.84	0.0
10	input_spectra/10-D3M17.mzML	1612	0	117.072879609608	1	1090.5	0.0
10	input_spectra/10-D3M17.mzML	1613	0	117.072879609608	1	1090.69	0.0
163	input_spectra/10-D3M17.mzML	1614	0	329.270775997277	1	1091.75	0.0
163	input_spectra/10-D3M17.mzML	1615	0	329.270775997277	1	1091.94	0.0
163	input_spectra/10-D3M17.mzML	1616	0	329.270775997277	1	1092.6	0.0
163	input_spectra/10-D3M17.mzML	1617	0	329.270775997277	1	1092.79	0.0
163	input_spectra/10-D3M17.mzML	1618	0	329.270775997277	1	1093.44	0.0
163	input_spectra/10-D3M17.mzML	1619	0	329.270775997277	1	1093.64	0.0
84	input_spectra/10-D3M17.mzML	1620	0	185.110345345956	1	1094.29	0.0
84	input_spectra/10-D3M17.mzML	1621	0	185.110345345956	1	1094.48	0.0
84	input_spectra/10-D3M17.mzML	1622	0	185.110345345956	1	1095.14	0.0
84	input_spectra/10-D3M17.mzML	1623	0	185.110345345956	1	1095.33	0.0
84	input_spectra/10-D3M17.mzML	1624	0	185.110345345956	1	1095.99	0.0
84	input_spectra/10-D3M17.mzML	1625	0	185.110345345956	1	1096.18	0.0
169	input_spectra/10-D3M17.mzML	1626	0	346.27697358308	1	1096.83	0.0
168	input_spectra/10-D3M17.mzML	1627	0	346.27697358308	1	1097.03	0.0
149	input_spectra/10-D3M17.mzML	1628	0	304.230050949823	1	1097.22	0.0
149	input_spectra/10-D3M17.mzML	1629	0	304.230050949823	1	1097.41	0.0
169	input_spectra/10-D3M17.mzML	1630	0	346.27697358308	1	1098.06	0.0
168	input_spectra/10-D3M17.mzML	1631	0	346.27697358308	1	1098.26	0.0
149	input_spectra/10-D3M17.mzML	1632	0	304.230050949823	1	1098.45	0.0
149	input_spectra/10-D3M17.mzML	1633	0	304.230050949823	1	1098.64	0.0
169	input_spectra/10-D3M17.mzML	1634	0	346.27697358308	1	1099.3	0.0
168	input_spectra/10-D3M17.mzML	1635	0	346.27697358308	1	1099.49	0.0
149	input_spectra/10-D3M17.mzML	1636	0	304.230050949823	1	1099.68	0.0
149	input_spectra/10-D3M17.mzML	1637	0	304.230050949823	1	1099.87	0.0
158	input_spectra/10-D3M17.mzML	1638	0	328.268003463745	1	1103.07	0.0
156	input_spectra/10-D3M17.mzML	1639	0	328.268003463745	1	1103.26	0.0
141	input_spectra/10-D3M17.mzML	1640	0	286.219638990319	1	1103.45	0.0
143	input_spectra/10-D3M17.mzML	1641	0	286.219638990319	1	1103.64	0.0
158	input_spectra/10-D3M17.mzML	1642	0	328.268003463745	1	1104.69	0.0
156	input_spectra/10-D3M17.mzML	1643	0	328.268003463745	1	1104.88	0.0
143	input_spectra/10-D3M17.mzML	1644	0	286.219638990319	1	1105.07	0.0
143	input_spectra/10-D3M17.mzML	1645	0	286.219638990319	1	1105.26	0.0
161	input_spectra/10-D3M17.mzML	1646	0	328.268003463745	1	1106.3	0.0
156	input_spectra/10-D3M17.mzML	1647	0	328.268003463745	1	1106.49	0.0
143	input_spectra/10-D3M17.mzML	1648	0	286.219638990319	1	1106.68	0.0
143	input_spectra/10-D3M17.mzML	1649	0	286.219638990319	1	1106.87	0.0
84	input_spectra/10-D3M17.mzML	1650	0	185.110345345956	1	1113.73	0.0
84	input_spectra/10-D3M17.mzML	1651	0	185.110345345956	1	1113.92	0.0
84	input_spectra/10-D3M17.mzML	1652	0	185.110345345956	1	1114.57	0.0
84	input_spectra/10-D3M17.mzML	1653	0	185.110345345956	1	1114.77	0.0
84	input_spectra/10-D3M17.mzML	1654	0	185.110345345956	1	1115.42	0.0
84	input_spectra/10-D3M17.mzML	1655	0	185.110345345956	1	1115.61	0.0
161	input_spectra/10-D3M17.mzML	1656	0	328.268003463745	1	1121.08	0.0
159	input_spectra/10-D3M17.mzML	1657	0	328.268003463745	1	1121.27	0.0
158	input_spectra/10-D3M17.mzML	1658	0	328.268003463745	1	1123.13	0.0
156	input_spectra/10-D3M17.mzML	1659	0	328.268003463745	1	1123.32	0.0
158	input_spectra/10-D3M17.mzML	1660	0	328.268003463745	1	1124.36	0.0
159	input_spectra/10-D3M17.mzML	1661	0	328.268003463745	1	1124.55	0.0
84	input_spectra/10-D3M17.mzML	1662	0	185.110345345956	1	1132.71	0.0
84	input_spectra/10-D3M17.mzML	1663	0	185.110345345956	1	1132.91	0.0
84	input_spectra/10-D3M17.mzML	1664	0	185.110345345956	1	1133.56	0.0
84	input_spectra/10-D3M17.mzML	1665	0	185.110345345956	1	1133.75	0.0
84	input_spectra/10-D3M17.mzML	1666	0	185.110345345956	1	1134.41	0.0
84	input_spectra/10-D3M17.mzML	1667	0	185.110345345956	1	1134.6	0.0
155	input_spectra/10-D3M17.mzML	1668	0	328.268003463745	1	1141.67	0.0
157	input_spectra/10-D3M17.mzML	1669	0	328.268003463745	1	1141.86	0.0
158	input_spectra/10-D3M17.mzML	1670	0	328.268003463745	1	1142.52	0.0
156	input_spectra/10-D3M17.mzML	1671	0	328.268003463745	1	1142.71	0.0
158	input_spectra/10-D3M17.mzML	1672	0	328.268003463745	1	1143.36	0.0
160	input_spectra/10-D3M17.mzML	1673	0	328.268003463745	1	1143.56	0.0
84	input_spectra/10-D3M17.mzML	1674	0	185.110345345956	1	1151.77	0.0
84	input_spectra/10-D3M17.mzML	1675	0	185.110345345956	1	1151.96	0.0
84	input_spectra/10-D3M17.mzML	1676	0	185.110345345956	1	1152.61	0.0
84	input_spectra/10-D3M17.mzML	1677	0	185.110345345956	1	1152.81	0.0
84	input_spectra/10-D3M17.mzML	1678	0	185.110345345956	1	1153.46	0.0
84	input_spectra/10-D3M17.mzML	1679	0	185.110345345956	1	1153.65	0.0
162	input_spectra/10-D3M17.mzML	1680	0	328.268003463745	1	1160.72	0.0
160	input_spectra/10-D3M17.mzML	1681	0	328.268003463745	1	1160.91	0.0
155	input_spectra/10-D3M17.mzML	1682	0	328.268003463745	1	1161.57	0.0
159	input_spectra/10-D3M17.mzML	1683	0	328.268003463745	1	1161.76	0.0
161	input_spectra/10-D3M17.mzML	1684	0	328.268003463745	1	1162.42	0.0
160	input_spectra/10-D3M17.mzML	1685	0	328.268003463745	1	1162.61	0.0
245	input_spectra/10-D3M17.mzML	1686	0	542.349975585938	1	1166.35	0.0
245	input_spectra/10-D3M17.mzML	1687	0	542.349975585938	1	1166.54	0.0
84	input_spectra/10-D3M17.mzML	1688	0	185.110345345956	1	1170.8	0.0
84	input_spectra/10-D3M17.mzML	1689	0	185.110345345956	1	1170.99	0.0
84	input_spectra/10-D3M17.mzML	1690	0	185.110345345956	1	1171.65	0.0
84	input_spectra/10-D3M17.mzML	1691	0	185.110345345956	1	1171.84	0.0
84	input_spectra/10-D3M17.mzML	1692	0	185.110345345956	1	1172.5	0.0
84	input_spectra/10-D3M17.mzML	1693	0	185.110345345956	1	1172.69	0.0
158	input_spectra/10-D3M17.mzML	1694	0	328.268003463745	1	1179.76	0.0
160	input_spectra/10-D3M17.mzML	1695	0	328.268003463745	1	1179.95	0.0
162	input_spectra/10-D3M17.mzML	1696	0	328.268003463745	1	1180.61	0.0
160	input_spectra/10-D3M17.mzML	1697	0	328.268003463745	1	1180.8	0.0
155	input_spectra/10-D3M17.mzML	1698	0	328.268003463745	1	1181.45	0.0
156	input_spectra/10-D3M17.mzML	1699	0	328.268003463745	1	1181.64	0.0
84	input_spectra/10-D3M17.mzML	1700	0	185.110345345956	1	1190.25	0.0
84	input_spectra/10-D3M17.mzML	1701	0	185.110345345956	1	1190.45	0.0
84	input_spectra/10-D3M17.mzML	1702	0	185.110345345956	1	1191.1	0.0
84	input_spectra/10-D3M17.mzML	1703	0	185.110345345956	1	1191.29	0.0
84	input_spectra/10-D3M17.mzML	1704	0	185.110345345956	1	1191.95	0.0
84	input_spectra/10-D3M17.mzML	1705	0	185.110345345956	1	1192.14	0.0
148	input_spectra/10-D3M17.mzML	1706	0	302.286773681641	1	1194.4	0.0
148	input_spectra/10-D3M17.mzML	1707	0	302.286773681641	1	1194.59	0.0
148	input_spectra/10-D3M17.mzML	1708	0	302.286773681641	1	1195.45	0.0
148	input_spectra/10-D3M17.mzML	1709	0	302.286773681641	1	1195.64	0.0
148	input_spectra/10-D3M17.mzML	1710	0	302.286773681641	1	1196.3	0.0
148	input_spectra/10-D3M17.mzML	1711	0	302.286773681641	1	1196.49	0.0
161	input_spectra/10-D3M17.mzML	1712	0	328.268003463745	1	1198.75	0.0
156	input_spectra/10-D3M17.mzML	1713	0	328.268003463745	1	1198.94	0.0
161	input_spectra/10-D3M17.mzML	1714	0	328.268003463745	1	1199.59	0.0
156	input_spectra/10-D3M17.mzML	1715	0	328.268003463745	1	1199.79	0.0
4	input_spectra/bkgrnd-marine-broth.mzML	1716	0	110.009817759196	1	6384.900000000001	0.0
5	input_spectra/bkgrnd-marine-broth.mzML	1717	0	110.009817759196	1	6396.36	0.0
4	input_spectra/bkgrnd-marine-broth.mzML	1718	0	110.009817759196	1	6435.66	0.0
4	input_spectra/bkgrnd-marine-broth.mzML	1719	0	110.009817759196	1	6447.18	0.0
53	input_spectra/bkgrnd-marine-broth.mzML	1720	0	146.166600545247	1	6458.64	0.0
53	input_spectra/bkgrnd-marine-broth.mzML	1721	0	146.166600545247	1	6470.099999999999	0.0
23	input_spectra/bkgrnd-marine-broth.mzML	1722	0	125.987463378906	1	6481.5599999999995	0.0
23	input_spectra/bkgrnd-marine-broth.mzML	1723	0	125.987463378906	1	6493.08	0.0
57	input_spectra/bkgrnd-marine-broth.mzML	1724	0	151.036672973633	1	6504.54	0.0
57	input_spectra/bkgrnd-marine-broth.mzML	1725	0	151.036672973633	1	6516.0	0.0
4	input_spectra/bkgrnd-marine-broth.mzML	1726	0	110.009817759196	1	6555.36	0.0
4	input_spectra/bkgrnd-marine-broth.mzML	1727	0	110.009817759196	1	6566.879999999999	0.0
23	input_spectra/bkgrnd-marine-broth.mzML	1728	0	125.987463378906	1	6578.34	0.0
23	input_spectra/bkgrnd-marine-broth.mzML	1729	0	125.987463378906	1	6589.8	0.0
53	input_spectra/bkgrnd-marine-broth.mzML	1730	0	146.166600545247	1	6601.26	0.0
53	input_spectra/bkgrnd-marine-broth.mzML	1731	0	146.166600545247	1	6612.78	0.0
57	input_spectra/bkgrnd-marine-broth.mzML	1732	0	151.036672973633	1	6624.24	0.0
57	input_spectra/bkgrnd-marine-broth.mzML	1733	0	151.036672973633	1	6635.7	0.0
104	input_spectra/bkgrnd-marine-broth.mzML	1734	0	223.991306304932	1	6647.22	0.0
104	input_spectra/bkgrnd-marine-broth.mzML	1735	0	223.991306304932	1	6658.679999999999	0.0
23	input_spectra/bkgrnd-marine-broth.mzML	1736	0	125.987463378906	1	6698.1	0.0
23	input_spectra/bkgrnd-marine-broth.mzML	1737	0	125.987463378906	1	6709.5599999999995	0.0
53	input_spectra/bkgrnd-marine-broth.mzML	1738	0	146.166600545247	1	6721.08	0.0
53	input_spectra/bkgrnd-marine-broth.mzML	1739	0	146.166600545247	1	6732.54	0.0
92	input_spectra/bkgrnd-marine-broth.mzML	1740	0	198.94199625651	1	6744.0	0.0
92	input_spectra/bkgrnd-marine-broth.mzML	1741	0	198.94199625651	1	6755.5199999999995	0.0
104	input_spectra/bkgrnd-marine-broth.mzML	1742	0	223.991306304932	1	6766.9800000000005	0.0
104	input_spectra/bkgrnd-marine-broth.mzML	1743	0	223.991306304932	1	6778.4400000000005	0.0
57	input_spectra/bkgrnd-marine-broth.mzML	1744	0	151.036672973633	1	6789.96	0.0
57	input_spectra/bkgrnd-marine-broth.mzML	1745	0	151.036672973633	1	6801.42	0.0
92	input_spectra/bkgrnd-marine-broth.mzML	1746	0	198.94199625651	1	6840.780000000001	0.0
92	input_spectra/bkgrnd-marine-broth.mzML	1747	0	198.94199625651	1	6852.3	0.0
104	input_spectra/bkgrnd-marine-broth.mzML	1748	0	223.991306304932	1	6863.76	0.0
104	input_spectra/bkgrnd-marine-broth.mzML	1749	0	223.991306304932	1	6875.22	0.0
81	input_spectra/bkgrnd-marine-broth.mzML	1750	0	182.964279174805	1	6886.74	0.0
82	input_spectra/bkgrnd-marine-broth.mzML	1751	0	182.964279174805	1	6898.2	0.0
120	input_spectra/bkgrnd-marine-broth.mzML	1752	0	239.968907674154	1	6909.72	0.0
120	input_spectra/bkgrnd-marine-broth.mzML	1753	0	239.968907674154	1	6921.179999999999	0.0
93	input_spectra/bkgrnd-marine-broth.mzML	1754	0	203.224990844727	1	6932.639999999999	0.0
93	input_spectra/bkgrnd-marine-broth.mzML	1755	0	203.224990844727	1	6944.16	0.0
92	input_spectra/bkgrnd-marine-broth.mzML	1756	0	198.94199625651	1	6983.5199999999995	0.0
92	input_spectra/bkgrnd-marine-broth.mzML	1757	0	198.94199625651	1	6994.98	0.0
81	input_spectra/bkgrnd-marine-broth.mzML	1758	0	182.964279174805	1	7006.5	0.0
82	input_spectra/bkgrnd-marine-broth.mzML	1759	0	182.964279174805	1	7017.96	0.0
120	input_spectra/bkgrnd-marine-broth.mzML	1760	0	239.968907674154	1	7029.42	0.0
120	input_spectra/bkgrnd-marine-broth.mzML	1761	0	239.968907674154	1	7040.9400000000005	0.0
93	input_spectra/bkgrnd-marine-broth.mzML	1762	0	203.224990844727	1	7052.400000000001	0.0
93	input_spectra/bkgrnd-marine-broth.mzML	1763	0	203.224990844727	1	7063.92	0.0
131	input_spectra/bkgrnd-marine-broth.mzML	1764	0	265.018218994141	1	7075.38	0.0
131	input_spectra/bkgrnd-marine-broth.mzML	1765	0	265.018218994141	1	7086.9	0.0
81	input_spectra/bkgrnd-marine-broth.mzML	1766	0	182.964279174805	1	7126.26	0.0
82	input_spectra/bkgrnd-marine-broth.mzML	1767	0	182.964279174805	1	7137.72	0.0
120	input_spectra/bkgrnd-marine-broth.mzML	1768	0	239.968907674154	1	7149.24	0.0
120	input_spectra/bkgrnd-marine-broth.mzML	1769	0	239.968907674154	1	7160.7	0.0
98	input_spectra/bkgrnd-marine-broth.mzML	1770	0	214.91953531901	1	7172.16	0.0
98	input_spectra/bkgrnd-marine-broth.mzML	1771	0	214.91953531901	1	7183.679999999999	0.0
93	input_spectra/bkgrnd-marine-broth.mzML	1772	0	203.224990844727	1	7195.139999999999	0.0
93	input_spectra/bkgrnd-marine-broth.mzML	1773	0	203.224990844727	1	7206.6	0.0
131	input_spectra/bkgrnd-marine-broth.mzML	1774	0	265.018218994141	1	7218.120000000001	0.0
131	input_spectra/bkgrnd-marine-broth.mzML	1775	0	265.018218994141	1	7229.58	0.0
98	input_spectra/bkgrnd-marine-broth.mzML	1776	0	214.91953531901	1	7269.0	0.0
98	input_spectra/bkgrnd-marine-broth.mzML	1777	0	214.91953531901	1	7280.46	0.0
131	input_spectra/bkgrnd-marine-broth.mzML	1778	0	265.018218994141	1	7291.9800000000005	0.0
131	input_spectra/bkgrnd-marine-broth.mzML	1779	0	265.018218994141	1	7303.4400000000005	0.0
98	input_spectra/bkgrnd-marine-broth.mzML	1780	0	214.91953531901	1	7342.799999999999	0.0
98	input_spectra/bkgrnd-marine-broth.mzML	1781	0	214.91953531901	1	7354.32	0.0
4	input_spectra/bkgrnd-marine-broth.mzML	1782	0	110.009817759196	1	7549.98	0.0
4	input_spectra/bkgrnd-marine-broth.mzML	1783	0	110.009817759196	1	7561.5	0.0
4	input_spectra/bkgrnd-marine-broth.mzML	1784	0	110.009817759196	1	7600.8	0.0
4	input_spectra/bkgrnd-marine-broth.mzML	1785	0	110.009817759196	1	7612.259999999999	0.0
4	input_spectra/bkgrnd-marine-broth.mzML	1786	0	110.009817759196	1	7651.62	0.0
4	input_spectra/bkgrnd-marine-broth.mzML	1787	0	110.009817759196	1	7663.139999999999	0.0
53	input_spectra/bkgrnd-marine-broth.mzML	1788	0	146.166600545247	1	7702.5	0.0
53	input_spectra/bkgrnd-marine-broth.mzML	1789	0	146.166600545247	1	7713.96	0.0
23	input_spectra/bkgrnd-marine-broth.mzML	1790	0	125.987463378906	1	7725.42	0.0
23	input_spectra/bkgrnd-marine-broth.mzML	1791	0	125.987463378906	1	7736.88	0.0
57	input_spectra/bkgrnd-marine-broth.mzML	1792	0	151.036672973633	1	7748.4	0.0
57	input_spectra/bkgrnd-marine-broth.mzML	1793	0	151.036672973633	1	7759.86	0.0
53	input_spectra/bkgrnd-marine-broth.mzML	1794	0	146.166600545247	1	7799.219999999999	0.0
53	input_spectra/bkgrnd-marine-broth.mzML	1795	0	146.166600545247	1	7810.74	0.0
104	input_spectra/bkgrnd-marine-broth.mzML	1796	0	223.991306304932	1	7822.200000000001	0.0
104	input_spectra/bkgrnd-marine-broth.mzML	1797	0	223.991306304932	1	7833.720000000001	0.0
23	input_spectra/bkgrnd-marine-broth.mzML	1798	0	125.987463378906	1	7845.179999999999	0.0
23	input_spectra/bkgrnd-marine-broth.mzML	1799	0	125.987463378906	1	7856.639999999999	0.0
57	input_spectra/bkgrnd-marine-broth.mzML	1800	0	151.036672973633	1	7868.099999999999	0.0
57	input_spectra/bkgrnd-marine-broth.mzML	1801	0	151.036672973633	1	7879.62	0.0
53	input_spectra/bkgrnd-marine-broth.mzML	1802	0	146.166600545247	1	7918.9800000000005	0.0
53	input_spectra/bkgrnd-marine-broth.mzML	1803	0	146.166600545247	1	7930.4400000000005	0.0
11	input_spectra/bkgrnd-marine-broth.mzML	1804	0	118.087252298991	1	8847.6	0.0
11	input_spectra/bkgrnd-marine-broth.mzML	1805	0	118.087252298991	1	8859.060000000001	0.0
11	input_spectra/bkgrnd-marine-broth.mzML	1806	0	118.087252298991	1	8898.42	0.0
11	input_spectra/bkgrnd-marine-broth.mzML	1807	0	118.087252298991	1	8909.94	0.0
11	input_spectra/bkgrnd-marine-broth.mzML	1808	0	118.087252298991	1	8949.24	0.0
11	input_spectra/bkgrnd-marine-broth.mzML	1809	0	118.087252298991	1	8960.76	0.0
34	input_spectra/bkgrnd-marine-broth.mzML	1810	0	130.098500569661	1	9000.12	0.0
34	input_spectra/bkgrnd-marine-broth.mzML	1811	0	130.098500569661	1	9011.58	0.0
34	input_spectra/bkgrnd-marine-broth.mzML	1812	0	130.098500569661	1	9050.939999999999	0.0
34	input_spectra/bkgrnd-marine-broth.mzML	1813	0	130.098500569661	1	9062.4	0.0
34	input_spectra/bkgrnd-marine-broth.mzML	1814	0	130.098500569661	1	9101.76	0.0
34	input_spectra/bkgrnd-marine-broth.mzML	1815	0	130.098500569661	1	9113.22	0.0
62	input_spectra/bkgrnd-marine-broth.mzML	1816	0	158.093879699707	1	9645.599999999999	0.0
62	input_spectra/bkgrnd-marine-broth.mzML	1817	0	158.093879699707	1	9657.06	0.0
62	input_spectra/bkgrnd-marine-broth.mzML	1818	0	158.093879699707	1	9696.48	0.0
62	input_spectra/bkgrnd-marine-broth.mzML	1819	0	158.093879699707	1	9707.94	0.0
62	input_spectra/bkgrnd-marine-broth.mzML	1820	0	158.093879699707	1	9747.359999999999	0.0
62	input_spectra/bkgrnd-marine-broth.mzML	1821	0	158.093879699707	1	9758.82	0.0
56	input_spectra/bkgrnd-marine-broth.mzML	1822	0	150.059661865234	1	9770.279999999999	0.0
55	input_spectra/bkgrnd-marine-broth.mzML	1823	0	150.059661865234	1	9781.8	0.0
56	input_spectra/bkgrnd-marine-broth.mzML	1824	0	150.059661865234	1	9821.16	0.0
56	input_spectra/bkgrnd-marine-broth.mzML	1825	0	150.059661865234	1	9832.62	0.0
56	input_spectra/bkgrnd-marine-broth.mzML	1826	0	150.059661865234	1	9872.039999999999	0.0
56	input_spectra/bkgrnd-marine-broth.mzML	1827	0	150.059661865234	1	9883.5	0.0
28	input_spectra/bkgrnd-marine-broth.mzML	1828	0	130.05116780599	1	9982.980000000001	0.0
29	input_spectra/bkgrnd-marine-broth.mzML	1829	0	130.05116780599	1	9994.44	0.0
11	input_spectra/bkgrnd-marine-broth.mzML	1830	0	118.087252298991	1	10033.8	0.0
11	input_spectra/bkgrnd-marine-broth.mzML	1831	0	118.087252298991	1	10045.26	0.0
28	input_spectra/bkgrnd-marine-broth.mzML	1832	0	130.05116780599	1	10056.72	0.0
33	input_spectra/bkgrnd-marine-broth.mzML	1833	0	130.05116780599	1	10068.18	0.0
11	input_spectra/bkgrnd-marine-broth.mzML	1834	0	118.087252298991	1	10107.54	0.0
11	input_spectra/bkgrnd-marine-broth.mzML	1835	0	118.087252298991	1	10119.0	0.0
28	input_spectra/bkgrnd-marine-broth.mzML	1836	0	130.05116780599	1	10130.460000000001	0.0
33	input_spectra/bkgrnd-marine-broth.mzML	1837	0	130.05116780599	1	10141.92	0.0
11	input_spectra/bkgrnd-marine-broth.mzML	1838	0	118.087252298991	1	10181.279999999999	0.0
11	input_spectra/bkgrnd-marine-broth.mzML	1839	0	118.087252298991	1	10192.74	0.0
41	input_spectra/bkgrnd-marine-broth.mzML	1840	0	132.103280318411	1	10424.519999999999	0.0
41	input_spectra/bkgrnd-marine-broth.mzML	1841	0	132.103280318411	1	10435.98	0.0
41	input_spectra/bkgrnd-marine-broth.mzML	1842	0	132.103280318411	1	10475.34	0.0
41	input_spectra/bkgrnd-marine-broth.mzML	1843	0	132.103280318411	1	10486.86	0.0
41	input_spectra/bkgrnd-marine-broth.mzML	1844	0	132.103280318411	1	10526.220000000001	0.0
41	input_spectra/bkgrnd-marine-broth.mzML	1845	0	132.103280318411	1	10537.679999999998	0.0
62	input_spectra/bkgrnd-marine-broth.mzML	1846	0	158.093879699707	1	10781.460000000001	0.0
62	input_spectra/bkgrnd-marine-broth.mzML	1847	0	158.093879699707	1	10792.92	0.0
62	input_spectra/bkgrnd-marine-broth.mzML	1848	0	158.093879699707	1	10832.34	0.0
62	input_spectra/bkgrnd-marine-broth.mzML	1849	0	158.093879699707	1	10843.8	0.0
62	input_spectra/bkgrnd-marine-broth.mzML	1850	0	158.093879699707	1	10883.16	0.0
62	input_spectra/bkgrnd-marine-broth.mzML	1851	0	158.093879699707	1	10894.619999999999	0.0
11	input_spectra/bkgrnd-marine-broth.mzML	1852	0	118.087252298991	1	11198.58	0.0
11	input_spectra/bkgrnd-marine-broth.mzML	1853	0	118.087252298991	1	11210.04	0.0
11	input_spectra/bkgrnd-marine-broth.mzML	1854	0	118.087252298991	1	11249.400000000001	0.0
11	input_spectra/bkgrnd-marine-broth.mzML	1855	0	118.087252298991	1	11260.86	0.0
30	input_spectra/bkgrnd-marine-broth.mzML	1856	0	130.05116780599	1	11272.320000000002	0.0
11	input_spectra/bkgrnd-marine-broth.mzML	1857	0	118.087252298991	1	11323.2	0.0
11	input_spectra/bkgrnd-marine-broth.mzML	1858	0	118.087252298991	1	11334.66	0.0
30	input_spectra/bkgrnd-marine-broth.mzML	1859	0	130.05116780599	1	11505.24	0.0
31	input_spectra/bkgrnd-marine-broth.mzML	1860	0	130.05116780599	1	11516.699999999999	0.0
30	input_spectra/bkgrnd-marine-broth.mzML	1861	0	130.05116780599	1	11556.12	0.0
127	input_spectra/bkgrnd-marine-broth.mzML	1862	0	260.199279785156	1	11579.1	0.0
127	input_spectra/bkgrnd-marine-broth.mzML	1863	0	260.199279785156	1	11590.56	0.0
76	input_spectra/bkgrnd-marine-broth.mzML	1864	0	175.109786987305	1	11602.08	0.0
76	input_spectra/bkgrnd-marine-broth.mzML	1865	0	175.109786987305	1	11613.539999999999	0.0
39	input_spectra/bkgrnd-marine-broth.mzML	1866	0	132.107032775879	1	11675.939999999999	0.0
43	input_spectra/bkgrnd-marine-broth.mzML	1867	0	132.107032775879	1	11687.4	0.0
132	input_spectra/bkgrnd-marine-broth.mzML	1868	0	268.106628417969	1	11698.86	0.0
132	input_spectra/bkgrnd-marine-broth.mzML	1869	0	268.106628417969	1	11710.380000000001	0.0
76	input_spectra/bkgrnd-marine-broth.mzML	1870	0	175.109786987305	1	11721.84	0.0
76	input_spectra/bkgrnd-marine-broth.mzML	1871	0	175.109786987305	1	11733.36	0.0
45	input_spectra/bkgrnd-marine-broth.mzML	1872	0	137.04709370931	1	11744.820000000002	0.0
46	input_spectra/bkgrnd-marine-broth.mzML	1873	0	137.04709370931	1	11756.279999999999	0.0
132	input_spectra/bkgrnd-marine-broth.mzML	1874	0	268.106628417969	1	11841.78	0.0
132	input_spectra/bkgrnd-marine-broth.mzML	1875	0	268.106628417969	1	11853.24	0.0
39	input_spectra/bkgrnd-marine-broth.mzML	1876	0	132.107032775879	1	11961.66	0.0
39	input_spectra/bkgrnd-marine-broth.mzML	1877	0	132.107032775879	1	11973.119999999999	0.0
124	input_spectra/bkgrnd-marine-broth.mzML	1878	0	254.163650512695	1	11984.64	0.0
125	input_spectra/bkgrnd-marine-broth.mzML	1879	0	254.163650512695	1	11996.1	0.0
132	input_spectra/bkgrnd-marine-broth.mzML	1880	0	268.106628417969	1	12007.62	0.0
132	input_spectra/bkgrnd-marine-broth.mzML	1881	0	268.106628417969	1	12019.08	0.0
59	input_spectra/bkgrnd-marine-broth.mzML	1882	0	155.082990010579	1	12030.599999999999	0.0
59	input_spectra/bkgrnd-marine-broth.mzML	1883	0	155.082990010579	1	12042.06	0.0
19	input_spectra/bkgrnd-marine-broth.mzML	1884	0	121.065930684408	1	12053.52	0.0
19	input_spectra/bkgrnd-marine-broth.mzML	1885	0	121.065930684408	1	12065.04	0.0
41	input_spectra/bkgrnd-marine-broth.mzML	1886	0	132.103280318411	1	12104.400000000001	0.0
41	input_spectra/bkgrnd-marine-broth.mzML	1887	0	132.103280318411	1	12115.86	0.0
19	input_spectra/bkgrnd-marine-broth.mzML	1888	0	121.065930684408	1	12127.320000000002	0.0
19	input_spectra/bkgrnd-marine-broth.mzML	1889	0	121.065930684408	1	12138.779999999999	0.0
59	input_spectra/bkgrnd-marine-broth.mzML	1890	0	155.082990010579	1	12150.24	0.0
59	input_spectra/bkgrnd-marine-broth.mzML	1891	0	155.082990010579	1	12161.76	0.0
99	input_spectra/bkgrnd-marine-broth.mzML	1892	0	215.141209920247	1	12173.22	0.0
99	input_spectra/bkgrnd-marine-broth.mzML	1893	0	215.141209920247	1	12184.74	0.0
79	input_spectra/bkgrnd-marine-broth.mzML	1894	0	182.083048502604	1	12196.2	0.0
80	input_spectra/bkgrnd-marine-broth.mzML	1895	0	182.083048502604	1	12207.66	0.0
41	input_spectra/bkgrnd-marine-broth.mzML	1896	0	132.103280318411	1	12247.019999999999	0.0
41	input_spectra/bkgrnd-marine-broth.mzML	1897	0	132.103280318411	1	12258.539999999999	0.0
59	input_spectra/bkgrnd-marine-broth.mzML	1898	0	155.082990010579	1	12270.0	0.0
59	input_spectra/bkgrnd-marine-broth.mzML	1899	0	155.082990010579	1	12281.460000000001	0.0
79	input_spectra/bkgrnd-marine-broth.mzML	1900	0	182.083048502604	1	12292.980000000001	0.0
80	input_spectra/bkgrnd-marine-broth.mzML	1901	0	182.083048502604	1	12304.44	0.0
19	input_spectra/bkgrnd-marine-broth.mzML	1902	0	121.065930684408	1	12315.9	0.0
19	input_spectra/bkgrnd-marine-broth.mzML	1903	0	121.065930684408	1	12327.359999999999	0.0
99	input_spectra/bkgrnd-marine-broth.mzML	1904	0	215.141209920247	1	12338.88	0.0
99	input_spectra/bkgrnd-marine-broth.mzML	1905	0	215.141209920247	1	12350.34	0.0
80	input_spectra/bkgrnd-marine-broth.mzML	1906	0	182.083048502604	1	12401.220000000001	0.0
41	input_spectra/bkgrnd-marine-broth.mzML	1907	0	132.103280318411	1	12412.679999999998	0.0
41	input_spectra/bkgrnd-marine-broth.mzML	1908	0	132.103280318411	1	12424.199999999999	0.0
44	input_spectra/bkgrnd-marine-broth.mzML	1909	0	136.077031453451	1	12435.66	0.0
44	input_spectra/bkgrnd-marine-broth.mzML	1910	0	136.077031453451	1	12447.119999999999	0.0
67	input_spectra/bkgrnd-marine-broth.mzML	1911	0	165.056243896484	1	12458.64	0.0
69	input_spectra/bkgrnd-marine-broth.mzML	1912	0	165.056243896484	1	12470.1	0.0
99	input_spectra/bkgrnd-marine-broth.mzML	1913	0	215.141209920247	1	12481.560000000001	0.0
99	input_spectra/bkgrnd-marine-broth.mzML	1914	0	215.141209920247	1	12493.08	0.0
41	input_spectra/bkgrnd-marine-broth.mzML	1915	0	132.103280318411	1	12532.44	0.0
41	input_spectra/bkgrnd-marine-broth.mzML	1916	0	132.103280318411	1	12543.9	0.0
44	input_spectra/bkgrnd-marine-broth.mzML	1917	0	136.077031453451	1	12555.42	0.0
44	input_spectra/bkgrnd-marine-broth.mzML	1918	0	136.077031453451	1	12566.880000000001	0.0
67	input_spectra/bkgrnd-marine-broth.mzML	1919	0	165.056243896484	1	12578.34	0.0
69	input_spectra/bkgrnd-marine-broth.mzML	1920	0	165.056243896484	1	12589.859999999999	0.0
22	input_spectra/bkgrnd-marine-broth.mzML	1921	0	123.045349121094	1	12601.32	0.0
22	input_spectra/bkgrnd-marine-broth.mzML	1922	0	123.045349121094	1	12612.779999999999	0.0
69	input_spectra/bkgrnd-marine-broth.mzML	1923	0	165.056243896484	1	12663.66	0.0
44	input_spectra/bkgrnd-marine-broth.mzML	1924	0	136.077031453451	1	12675.12	0.0
118	input_spectra/bkgrnd-marine-broth.mzML	1925	0	237.088798522949	1	12698.099999999999	0.0
119	input_spectra/bkgrnd-marine-broth.mzML	1926	0	237.088798522949	1	12709.56	0.0
22	input_spectra/bkgrnd-marine-broth.mzML	1927	0	123.045349121094	1	12732.54	0.0
45	input_spectra/bkgrnd-marine-broth.mzML	1928	0	137.04709370931	1	12771.900000000001	0.0
46	input_spectra/bkgrnd-marine-broth.mzML	1929	0	137.04709370931	1	12783.36	0.0
118	input_spectra/bkgrnd-marine-broth.mzML	1930	0	237.088798522949	1	12794.88	0.0
119	input_spectra/bkgrnd-marine-broth.mzML	1931	0	237.088798522949	1	12806.34	0.0
58	input_spectra/bkgrnd-marine-broth.mzML	1932	0	152.058049519857	1	13016.82	0.0
58	input_spectra/bkgrnd-marine-broth.mzML	1933	0	152.058049519857	1	13028.28	0.0
58	input_spectra/bkgrnd-marine-broth.mzML	1934	0	152.058049519857	1	13067.640000000001	0.0
58	input_spectra/bkgrnd-marine-broth.mzML	1935	0	152.058049519857	1	13079.16	0.0
140	input_spectra/bkgrnd-marine-broth.mzML	1936	0	284.101715087891	1	13090.619999999999	0.0
140	input_spectra/bkgrnd-marine-broth.mzML	1937	0	284.101715087891	1	13102.14	0.0
58	input_spectra/bkgrnd-marine-broth.mzML	1938	0	152.058049519857	1	13141.5	0.0
58	input_spectra/bkgrnd-marine-broth.mzML	1939	0	152.058049519857	1	13152.960000000001	0.0
140	input_spectra/bkgrnd-marine-broth.mzML	1940	0	284.101715087891	1	13164.48	0.0
140	input_spectra/bkgrnd-marine-broth.mzML	1941	0	284.101715087891	1	13175.939999999999	0.0
140	input_spectra/bkgrnd-marine-broth.mzML	1942	0	284.101715087891	1	13215.3	0.0
140	input_spectra/bkgrnd-marine-broth.mzML	1943	0	284.101715087891	1	13226.82	0.0
59	input_spectra/bkgrnd-marine-broth.mzML	1944	0	155.082990010579	1	13238.28	0.0
59	input_spectra/bkgrnd-marine-broth.mzML	1945	0	155.082990010579	1	13249.800000000001	0.0
59	input_spectra/bkgrnd-marine-broth.mzML	1946	0	155.082990010579	1	13289.1	0.0
59	input_spectra/bkgrnd-marine-broth.mzML	1947	0	155.082990010579	1	13300.619999999999	0.0
59	input_spectra/bkgrnd-marine-broth.mzML	1948	0	155.082990010579	1	13339.98	0.0
59	input_spectra/bkgrnd-marine-broth.mzML	1949	0	155.082990010579	1	13351.44	0.0
41	input_spectra/bkgrnd-marine-broth.mzML	1950	0	132.103280318411	1	13487.039999999999	0.0
41	input_spectra/bkgrnd-marine-broth.mzML	1951	0	132.103280318411	1	13498.5	0.0
41	input_spectra/bkgrnd-marine-broth.mzML	1952	0	132.103280318411	1	13537.8	0.0
41	input_spectra/bkgrnd-marine-broth.mzML	1953	0	132.103280318411	1	13549.26	0.0
41	input_spectra/bkgrnd-marine-broth.mzML	1954	0	132.103280318411	1	13588.68	0.0
41	input_spectra/bkgrnd-marine-broth.mzML	1955	0	132.103280318411	1	13600.140000000001	0.0
101	input_spectra/bkgrnd-marine-broth.mzML	1956	0	217.156880696615	1	14240.76	0.0
101	input_spectra/bkgrnd-marine-broth.mzML	1957	0	217.156880696615	1	14252.220000000001	0.0
101	input_spectra/bkgrnd-marine-broth.mzML	1958	0	217.156880696615	1	14291.64	0.0
101	input_spectra/bkgrnd-marine-broth.mzML	1959	0	217.156880696615	1	14303.099999999999	0.0
101	input_spectra/bkgrnd-marine-broth.mzML	1960	0	217.156880696615	1	14342.46	0.0
101	input_spectra/bkgrnd-marine-broth.mzML	1961	0	217.156880696615	1	14353.98	0.0
41	input_spectra/bkgrnd-marine-broth.mzML	1962	0	132.103280318411	1	14657.880000000001	0.0
41	input_spectra/bkgrnd-marine-broth.mzML	1963	0	132.103280318411	1	14669.34	0.0
41	input_spectra/bkgrnd-marine-broth.mzML	1964	0	132.103280318411	1	14708.7	0.0
41	input_spectra/bkgrnd-marine-broth.mzML	1965	0	132.103280318411	1	14720.16	0.0
41	input_spectra/bkgrnd-marine-broth.mzML	1966	0	132.103280318411	1	14759.58	0.0
41	input_spectra/bkgrnd-marine-broth.mzML	1967	0	132.103280318411	1	14771.039999999999	0.0
49	input_spectra/bkgrnd-marine-broth.mzML	1968	0	141.95991734096	1	14810.4	0.0
49	input_spectra/bkgrnd-marine-broth.mzML	1969	0	141.95991734096	1	14821.92	0.0
96	input_spectra/bkgrnd-marine-broth.mzML	1970	0	211.109888712565	1	14909.400000000001	0.0
96	input_spectra/bkgrnd-marine-broth.mzML	1971	0	211.109888712565	1	14972.28	0.0
96	input_spectra/bkgrnd-marine-broth.mzML	1972	0	211.109888712565	1	14983.740000000002	0.0
96	input_spectra/bkgrnd-marine-broth.mzML	1973	0	211.109888712565	1	15023.099999999999	0.0
96	input_spectra/bkgrnd-marine-broth.mzML	1974	0	211.109888712565	1	15034.619999999999	0.0
49	input_spectra/bkgrnd-marine-broth.mzML	1975	0	141.95991734096	1	15158.099999999999	0.0
49	input_spectra/bkgrnd-marine-broth.mzML	1976	0	141.95991734096	1	15169.619999999999	0.0
173	input_spectra/bkgrnd-marine-broth.mzML	1977	0	359.196111043294	1	15245.04	0.0
173	input_spectra/bkgrnd-marine-broth.mzML	1978	0	359.196111043294	1	15256.560000000001	0.0
173	input_spectra/bkgrnd-marine-broth.mzML	1979	0	359.196111043294	1	15392.100000000002	0.0
173	input_spectra/bkgrnd-marine-broth.mzML	1980	0	359.196111043294	1	15403.619999999999	0.0
173	input_spectra/bkgrnd-marine-broth.mzML	1981	0	359.196111043294	1	15442.98	0.0
173	input_spectra/bkgrnd-marine-broth.mzML	1982	0	359.196111043294	1	15454.44	0.0
38	input_spectra/bkgrnd-marine-broth.mzML	1983	0	131.930934906006	1	15493.800000000001	0.0
38	input_spectra/bkgrnd-marine-broth.mzML	1984	0	131.930934906006	1	15505.320000000002	0.0
49	input_spectra/bkgrnd-marine-broth.mzML	1985	0	141.95991734096	1	15556.68	0.0
49	input_spectra/bkgrnd-marine-broth.mzML	1986	0	141.95991734096	1	15568.14	0.0
38	input_spectra/bkgrnd-marine-broth.mzML	1987	0	131.930934906006	1	15703.74	0.0
38	input_spectra/bkgrnd-marine-broth.mzML	1988	0	131.930934906006	1	15715.2	0.0
38	input_spectra/bkgrnd-marine-broth.mzML	1989	0	131.930934906006	1	15778.619999999999	0.0
38	input_spectra/bkgrnd-marine-broth.mzML	1990	0	131.930934906006	1	15790.08	0.0
41	input_spectra/bkgrnd-marine-broth.mzML	1991	0	132.103280318411	1	15829.38	0.0
41	input_spectra/bkgrnd-marine-broth.mzML	1992	0	132.103280318411	1	15840.9	0.0
41	input_spectra/bkgrnd-marine-broth.mzML	1993	0	132.103280318411	1	15880.26	0.0
41	input_spectra/bkgrnd-marine-broth.mzML	1994	0	132.103280318411	1	15891.720000000001	0.0
41	input_spectra/bkgrnd-marine-broth.mzML	1995	0	132.103280318411	1	15943.14	0.0
41	input_spectra/bkgrnd-marine-broth.mzML	1996	0	132.103280318411	1	15954.600000000002	0.0
88	input_spectra/bkgrnd-marine-broth.mzML	1997	0	189.088806152344	1	16030.08	0.0
89	input_spectra/bkgrnd-marine-broth.mzML	1998	0	189.088806152344	1	16041.539999999999	0.0
88	input_spectra/bkgrnd-marine-broth.mzML	1999	0	189.088806152344	1	16080.9	0.0
89	input_spectra/bkgrnd-marine-broth.mzML	2000	0	189.088806152344	1	16092.36	0.0
88	input_spectra/bkgrnd-marine-broth.mzML	2001	0	189.088806152344	1	16131.720000000001	0.0
70	input_spectra/bkgrnd-marine-broth.mzML	2002	0	166.088059743245	1	16350.9	0.0
72	input_spectra/bkgrnd-marine-broth.mzML	2003	0	166.088059743245	1	16362.42	0.0
70	input_spectra/bkgrnd-marine-broth.mzML	2004	0	166.088059743245	1	16401.72	0.0
72	input_spectra/bkgrnd-marine-broth.mzML	2005	0	166.088059743245	1	16413.239999999998	0.0
15	input_spectra/bkgrnd-marine-broth.mzML	2006	0	120.082079569499	1	16424.7	0.0
17	input_spectra/bkgrnd-marine-broth.mzML	2007	0	120.082079569499	1	16436.16	0.0
70	input_spectra/bkgrnd-marine-broth.mzML	2008	0	166.088059743245	1	16475.52	0.0
72	input_spectra/bkgrnd-marine-broth.mzML	2009	0	166.088059743245	1	16486.98	0.0
15	input_spectra/bkgrnd-marine-broth.mzML	2010	0	120.082079569499	1	16498.44	0.0
17	input_spectra/bkgrnd-marine-broth.mzML	2011	0	120.082079569499	1	16509.96	0.0
90	input_spectra/bkgrnd-marine-broth.mzML	2012	0	189.125183105469	1	16521.420000000002	0.0
90	input_spectra/bkgrnd-marine-broth.mzML	2013	0	189.125183105469	1	16532.88	0.0
15	input_spectra/bkgrnd-marine-broth.mzML	2014	0	120.082079569499	1	16572.24	0.0
17	input_spectra/bkgrnd-marine-broth.mzML	2015	0	120.082079569499	1	16583.699999999997	0.0
173	input_spectra/bkgrnd-marine-broth.mzML	2016	0	359.196111043294	1	16595.280000000002	0.0
173	input_spectra/bkgrnd-marine-broth.mzML	2017	0	359.196111043294	1	16606.739999999998	0.0
90	input_spectra/bkgrnd-marine-broth.mzML	2018	0	189.125183105469	1	16618.260000000002	0.0
90	input_spectra/bkgrnd-marine-broth.mzML	2019	0	189.125183105469	1	16629.719999999998	0.0
36	input_spectra/bkgrnd-marine-broth.mzML	2020	0	131.05034383138	1	16641.18	0.0
37	input_spectra/bkgrnd-marine-broth.mzML	2021	0	131.05034383138	1	16652.64	0.0
71	input_spectra/bkgrnd-marine-broth.mzML	2022	0	166.093887329102	1	16692.06	0.0
73	input_spectra/bkgrnd-marine-broth.mzML	2023	0	166.093887329102	1	16703.52	0.0
16	input_spectra/bkgrnd-marine-broth.mzML	2024	0	120.084854125977	1	16714.980000000003	0.0
18	input_spectra/bkgrnd-marine-broth.mzML	2025	0	120.084854125977	1	16726.44	0.0
90	input_spectra/bkgrnd-marine-broth.mzML	2026	0	189.125183105469	1	16737.96	0.0
90	input_spectra/bkgrnd-marine-broth.mzML	2027	0	189.125183105469	1	16749.42	0.0
173	input_spectra/bkgrnd-marine-broth.mzML	2028	0	359.196111043294	1	16760.94	0.0
173	input_spectra/bkgrnd-marine-broth.mzML	2029	0	359.196111043294	1	16772.46	0.0
36	input_spectra/bkgrnd-marine-broth.mzML	2030	0	131.05034383138	1	16783.920000000002	0.0
37	input_spectra/bkgrnd-marine-broth.mzML	2031	0	131.05034383138	1	16795.38	0.0
16	input_spectra/bkgrnd-marine-broth.mzML	2032	0	120.086292266846	1	16834.8	0.0
18	input_spectra/bkgrnd-marine-broth.mzML	2033	0	120.086292266846	1	16846.260000000002	0.0
173	input_spectra/bkgrnd-marine-broth.mzML	2034	0	359.196111043294	1	16857.780000000002	0.0
173	input_spectra/bkgrnd-marine-broth.mzML	2035	0	359.196111043294	1	16869.239999999998	0.0
36	input_spectra/bkgrnd-marine-broth.mzML	2036	0	131.05034383138	1	16880.760000000002	0.0
37	input_spectra/bkgrnd-marine-broth.mzML	2037	0	131.05034383138	1	16892.219999999998	0.0
54	input_spectra/bkgrnd-marine-broth.mzML	2038	0	149.061024983724	1	16903.68	0.0
54	input_spectra/bkgrnd-marine-broth.mzML	2039	0	149.061024983724	1	16915.2	0.0
16	input_spectra/bkgrnd-marine-broth.mzML	2040	0	120.086292266846	1	16977.54	0.0
18	input_spectra/bkgrnd-marine-broth.mzML	2041	0	120.086292266846	1	16989.0	0.0
54	input_spectra/bkgrnd-marine-broth.mzML	2042	0	149.061024983724	1	17000.46	0.0
54	input_spectra/bkgrnd-marine-broth.mzML	2043	0	149.061024983724	1	17011.92	0.0
54	input_spectra/bkgrnd-marine-broth.mzML	2044	0	149.061024983724	1	17051.34	0.0
54	input_spectra/bkgrnd-marine-broth.mzML	2045	0	149.061024983724	1	17062.8	0.0
71	input_spectra/bkgrnd-marine-broth.mzML	2046	0	166.093887329102	1	17102.16	0.0
73	input_spectra/bkgrnd-marine-broth.mzML	2047	0	166.093887329102	1	17113.68	0.0
164	input_spectra/bkgrnd-marine-broth.mzML	2048	0	331.200653076172	1	17125.14	0.0
164	input_spectra/bkgrnd-marine-broth.mzML	2049	0	331.200653076172	1	17136.66	0.0
71	input_spectra/bkgrnd-marine-broth.mzML	2050	0	166.093887329102	1	17176.02	0.0
73	input_spectra/bkgrnd-marine-broth.mzML	2051	0	166.093887329102	1	17187.480000000003	0.0
164	input_spectra/bkgrnd-marine-broth.mzML	2052	0	331.200653076172	1	17199.0	0.0
164	input_spectra/bkgrnd-marine-broth.mzML	2053	0	331.200653076172	1	17210.52	0.0
164	input_spectra/bkgrnd-marine-broth.mzML	2054	0	331.200653076172	1	17249.88	0.0
164	input_spectra/bkgrnd-marine-broth.mzML	2055	0	331.200653076172	1	17261.34	0.0
49	input_spectra/bkgrnd-marine-broth.mzML	2056	0	141.95991734096	1	17272.859999999997	0.0
49	input_spectra/bkgrnd-marine-broth.mzML	2057	0	141.95991734096	1	17284.32	0.0
49	input_spectra/bkgrnd-marine-broth.mzML	2058	0	141.95991734096	1	17323.68	0.0
49	input_spectra/bkgrnd-marine-broth.mzML	2059	0	141.95991734096	1	17335.2	0.0
49	input_spectra/bkgrnd-marine-broth.mzML	2060	0	141.95991734096	1	17374.56	0.0
49	input_spectra/bkgrnd-marine-broth.mzML	2061	0	141.95991734096	1	17386.02	0.0
70	input_spectra/bkgrnd-marine-broth.mzML	2062	0	166.088059743245	1	17497.559999999998	0.0
72	input_spectra/bkgrnd-marine-broth.mzML	2063	0	166.088059743245	1	17509.02	0.0
70	input_spectra/bkgrnd-marine-broth.mzML	2064	0	166.088059743245	1	17548.38	0.0
72	input_spectra/bkgrnd-marine-broth.mzML	2065	0	166.088059743245	1	17559.84	0.0
70	input_spectra/bkgrnd-marine-broth.mzML	2066	0	166.088059743245	1	17599.2	0.0
72	input_spectra/bkgrnd-marine-broth.mzML	2067	0	166.088059743245	1	17610.72	0.0
15	input_spectra/bkgrnd-marine-broth.mzML	2068	0	120.082079569499	1	17622.18	0.0
17	input_spectra/bkgrnd-marine-broth.mzML	2069	0	120.082079569499	1	17633.64	0.0
15	input_spectra/bkgrnd-marine-broth.mzML	2070	0	120.082079569499	1	17673.0	0.0
17	input_spectra/bkgrnd-marine-broth.mzML	2071	0	120.082079569499	1	17684.52	0.0
15	input_spectra/bkgrnd-marine-broth.mzML	2072	0	120.082079569499	1	17723.82	0.0
17	input_spectra/bkgrnd-marine-broth.mzML	2073	0	120.082079569499	1	17735.34	0.0
63	input_spectra/bkgrnd-marine-broth.mzML	2074	0	158.962689717611	1	17822.76	0.0
63	input_spectra/bkgrnd-marine-broth.mzML	2075	0	158.962689717611	1	17834.22	0.0
63	input_spectra/bkgrnd-marine-broth.mzML	2076	0	158.962689717611	1	18234.36	0.0
63	input_spectra/bkgrnd-marine-broth.mzML	2077	0	158.962689717611	1	18245.82	0.0
63	input_spectra/bkgrnd-marine-broth.mzML	2078	0	158.962689717611	1	18297.24	0.0
63	input_spectra/bkgrnd-marine-broth.mzML	2079	0	158.962689717611	1	18308.699999999997	0.0
38	input_spectra/bkgrnd-marine-broth.mzML	2080	0	131.930934906006	1	18396.18	0.0
38	input_spectra/bkgrnd-marine-broth.mzML	2081	0	131.930934906006	1	18407.64	0.0
49	input_spectra/bkgrnd-marine-broth.mzML	2082	0	141.95991734096	1	18447.0	0.0
49	input_spectra/bkgrnd-marine-broth.mzML	2083	0	141.95991734096	1	18458.460000000003	0.0
49	input_spectra/bkgrnd-marine-broth.mzML	2084	0	141.95991734096	1	18497.88	0.0
49	input_spectra/bkgrnd-marine-broth.mzML	2085	0	141.95991734096	1	18509.34	0.0
49	input_spectra/bkgrnd-marine-broth.mzML	2086	0	141.95991734096	1	18548.699999999997	0.0
49	input_spectra/bkgrnd-marine-broth.mzML	2087	0	141.95991734096	1	18560.16	0.0
90	input_spectra/bkgrnd-marine-broth.mzML	2088	0	189.125183105469	1	18599.579999999998	0.0
70	input_spectra/bkgrnd-marine-broth.mzML	2089	0	166.088059743245	1	18650.399999999998	0.0
72	input_spectra/bkgrnd-marine-broth.mzML	2090	0	166.088059743245	1	18661.92	0.0
90	input_spectra/bkgrnd-marine-broth.mzML	2091	0	189.125183105469	1	18673.38	0.0
90	input_spectra/bkgrnd-marine-broth.mzML	2092	0	189.125183105469	1	18684.84	0.0
70	input_spectra/bkgrnd-marine-broth.mzML	2093	0	166.088059743245	1	18724.2	0.0
72	input_spectra/bkgrnd-marine-broth.mzML	2094	0	166.088059743245	1	18735.72	0.0
90	input_spectra/bkgrnd-marine-broth.mzML	2095	0	189.125183105469	1	18747.18	0.0
90	input_spectra/bkgrnd-marine-broth.mzML	2096	0	189.125183105469	1	18758.64	0.0
70	input_spectra/bkgrnd-marine-broth.mzML	2097	0	166.088059743245	1	18798.0	0.0
72	input_spectra/bkgrnd-marine-broth.mzML	2098	0	166.088059743245	1	18809.46	0.0
15	input_spectra/bkgrnd-marine-broth.mzML	2099	0	120.082079569499	1	18820.920000000002	0.0
17	input_spectra/bkgrnd-marine-broth.mzML	2100	0	120.082079569499	1	18832.440000000002	0.0
15	input_spectra/bkgrnd-marine-broth.mzML	2101	0	120.082079569499	1	18871.739999999998	0.0
17	input_spectra/bkgrnd-marine-broth.mzML	2102	0	120.082079569499	1	18883.2	0.0
41	input_spectra/bkgrnd-marine-broth.mzML	2103	0	132.103280318411	1	18894.719999999998	0.0
41	input_spectra/bkgrnd-marine-broth.mzML	2104	0	132.103280318411	1	18906.18	0.0
15	input_spectra/bkgrnd-marine-broth.mzML	2105	0	120.082079569499	1	18945.54	0.0
17	input_spectra/bkgrnd-marine-broth.mzML	2106	0	120.082079569499	1	18957.0	0.0
41	input_spectra/bkgrnd-marine-broth.mzML	2107	0	132.103280318411	1	18968.460000000003	0.0
41	input_spectra/bkgrnd-marine-broth.mzML	2108	0	132.103280318411	1	18979.980000000003	0.0
41	input_spectra/bkgrnd-marine-broth.mzML	2109	0	132.103280318411	1	19019.34	0.0
41	input_spectra/bkgrnd-marine-broth.mzML	2110	0	132.103280318411	1	19030.8	0.0
63	input_spectra/bkgrnd-marine-broth.mzML	2111	0	158.962689717611	1	19467.0	0.0
63	input_spectra/bkgrnd-marine-broth.mzML	2112	0	158.962689717611	1	19478.460000000003	0.0
63	input_spectra/bkgrnd-marine-broth.mzML	2113	0	158.962689717611	1	19541.879999999997	0.0
63	input_spectra/bkgrnd-marine-broth.mzML	2114	0	158.962689717611	1	19553.34	0.0
49	input_spectra/bkgrnd-marine-broth.mzML	2115	0	141.95991734096	1	19604.7	0.0
49	input_spectra/bkgrnd-marine-broth.mzML	2116	0	141.95991734096	1	19616.22	0.0
49	input_spectra/bkgrnd-marine-broth.mzML	2117	0	141.95991734096	1	19655.58	0.0
49	input_spectra/bkgrnd-marine-broth.mzML	2118	0	141.95991734096	1	19667.04	0.0
49	input_spectra/bkgrnd-marine-broth.mzML	2119	0	141.95991734096	1	19706.4	0.0
49	input_spectra/bkgrnd-marine-broth.mzML	2120	0	141.95991734096	1	19717.859999999997	0.0
112	input_spectra/bkgrnd-marine-broth.mzML	2121	0	229.157028198242	1	19769.28	0.0
112	input_spectra/bkgrnd-marine-broth.mzML	2122	0	229.157028198242	1	19780.739999999998	0.0
70	input_spectra/bkgrnd-marine-broth.mzML	2123	0	166.088059743245	1	19820.1	0.0
72	input_spectra/bkgrnd-marine-broth.mzML	2124	0	166.088059743245	1	19831.62	0.0
112	input_spectra/bkgrnd-marine-broth.mzML	2125	0	229.157028198242	1	19843.08	0.0
112	input_spectra/bkgrnd-marine-broth.mzML	2126	0	229.157028198242	1	19854.600000000002	0.0
112	input_spectra/bkgrnd-marine-broth.mzML	2127	0	229.157028198242	1	19893.96	0.0
112	input_spectra/bkgrnd-marine-broth.mzML	2128	0	229.157028198242	1	19905.420000000002	0.0
70	input_spectra/bkgrnd-marine-broth.mzML	2129	0	166.088059743245	1	19916.940000000002	0.0
72	input_spectra/bkgrnd-marine-broth.mzML	2130	0	166.088059743245	1	19928.399999999998	0.0
70	input_spectra/bkgrnd-marine-broth.mzML	2131	0	166.088059743245	1	19967.76	0.0
72	input_spectra/bkgrnd-marine-broth.mzML	2132	0	166.088059743245	1	19979.28	0.0
15	input_spectra/bkgrnd-marine-broth.mzML	2133	0	120.082079569499	1	19990.739999999998	0.0
17	input_spectra/bkgrnd-marine-broth.mzML	2134	0	120.082079569499	1	20002.2	0.0
15	input_spectra/bkgrnd-marine-broth.mzML	2135	0	120.082079569499	1	20053.56	0.0
17	input_spectra/bkgrnd-marine-broth.mzML	2136	0	120.082079569499	1	20065.019999999997	0.0
63	input_spectra/bkgrnd-marine-broth.mzML	2137	0	158.962689717611	1	20104.379999999997	0.0
63	input_spectra/bkgrnd-marine-broth.mzML	2138	0	158.962689717611	1	20115.84	0.0
15	input_spectra/bkgrnd-marine-broth.mzML	2139	0	120.082079569499	1	20127.3	0.0
17	input_spectra/bkgrnd-marine-broth.mzML	2140	0	120.082079569499	1	20138.760000000002	0.0
49	input_spectra/bkgrnd-marine-broth.mzML	2141	0	141.95991734096	1	20743.260000000002	0.0
49	input_spectra/bkgrnd-marine-broth.mzML	2142	0	141.95991734096	1	20754.719999999998	0.0
49	input_spectra/bkgrnd-marine-broth.mzML	2143	0	141.95991734096	1	20794.079999999998	0.0
49	input_spectra/bkgrnd-marine-broth.mzML	2144	0	141.95991734096	1	20805.6	0.0
49	input_spectra/bkgrnd-marine-broth.mzML	2145	0	141.95991734096	1	20844.96	0.0
49	input_spectra/bkgrnd-marine-broth.mzML	2146	0	141.95991734096	1	20856.420000000002	0.0
133	input_spectra/bkgrnd-marine-broth.mzML	2147	0	274.178975423177	1	21641.28	0.0
133	input_spectra/bkgrnd-marine-broth.mzML	2148	0	274.178975423177	1	21652.8	0.0
133	input_spectra/bkgrnd-marine-broth.mzML	2149	0	274.178975423177	1	21692.16	0.0
133	input_spectra/bkgrnd-marine-broth.mzML	2150	0	274.178975423177	1	21703.62	0.0
133	input_spectra/bkgrnd-marine-broth.mzML	2151	0	274.178975423177	1	21743.04	0.0
133	input_spectra/bkgrnd-marine-broth.mzML	2152	0	274.178975423177	1	21754.5	0.0
49	input_spectra/bkgrnd-marine-broth.mzML	2153	0	141.95991734096	1	21918.54	0.0
49	input_spectra/bkgrnd-marine-broth.mzML	2154	0	141.95991734096	1	21930.0	0.0
114	input_spectra/bkgrnd-marine-broth.mzML	2155	0	231.172617594401	1	21941.52	0.0
114	input_spectra/bkgrnd-marine-broth.mzML	2156	0	231.172617594401	1	21992.34	0.0
49	input_spectra/bkgrnd-marine-broth.mzML	2157	0	141.95991734096	1	22015.32	0.0
49	input_spectra/bkgrnd-marine-broth.mzML	2158	0	141.95991734096	1	22026.78	0.0
114	input_spectra/bkgrnd-marine-broth.mzML	2159	0	231.172617594401	1	22066.079999999998	0.0
114	input_spectra/bkgrnd-marine-broth.mzML	2160	0	231.172617594401	1	22077.6	0.0
49	input_spectra/bkgrnd-marine-broth.mzML	2161	0	141.95991734096	1	22089.06	0.0
49	input_spectra/bkgrnd-marine-broth.mzML	2162	0	141.95991734096	1	22100.52	0.0
112	input_spectra/bkgrnd-marine-broth.mzML	2163	0	229.157028198242	1	22717.079999999998	0.0
112	input_spectra/bkgrnd-marine-broth.mzML	2164	0	229.157028198242	1	22728.54	0.0
112	input_spectra/bkgrnd-marine-broth.mzML	2165	0	229.157028198242	1	22767.899999999998	0.0
112	input_spectra/bkgrnd-marine-broth.mzML	2166	0	229.157028198242	1	22779.36	0.0
112	input_spectra/bkgrnd-marine-broth.mzML	2167	0	229.157028198242	1	22818.78	0.0
112	input_spectra/bkgrnd-marine-broth.mzML	2168	0	229.157028198242	1	22830.24	0.0
49	input_spectra/bkgrnd-marine-broth.mzML	2169	0	141.95991734096	1	23098.08	0.0
49	input_spectra/bkgrnd-marine-broth.mzML	2170	0	141.95991734096	1	23109.54	0.0
49	input_spectra/bkgrnd-marine-broth.mzML	2171	0	141.95991734096	1	23148.96	0.0
49	input_spectra/bkgrnd-marine-broth.mzML	2172	0	141.95991734096	1	23160.420000000002	0.0
49	input_spectra/bkgrnd-marine-broth.mzML	2173	0	141.95991734096	1	23199.78	0.0
49	input_spectra/bkgrnd-marine-broth.mzML	2174	0	141.95991734096	1	23211.239999999998	0.0
112	input_spectra/bkgrnd-marine-broth.mzML	2175	0	229.157028198242	1	23863.86	0.0
112	input_spectra/bkgrnd-marine-broth.mzML	2176	0	229.157028198242	1	23875.38	0.0
236	input_spectra/bkgrnd-marine-broth.mzML	2177	0	527.287231445313	1	23886.9	0.0
236	input_spectra/bkgrnd-marine-broth.mzML	2178	0	527.287231445313	1	23898.420000000002	0.0
112	input_spectra/bkgrnd-marine-broth.mzML	2179	0	229.157028198242	1	23937.780000000002	0.0
112	input_spectra/bkgrnd-marine-broth.mzML	2180	0	229.157028198242	1	23949.3	0.0
112	input_spectra/bkgrnd-marine-broth.mzML	2181	0	229.157028198242	1	23988.6	0.0
112	input_spectra/bkgrnd-marine-broth.mzML	2182	0	229.157028198242	1	24000.12	0.0
288	input_spectra/bkgrnd-marine-broth.mzML	2183	0	922.434387207031	1	24063.059999999998	0.0
278	input_spectra/bkgrnd-marine-broth.mzML	2184	0	756.358744303385	1	24114.0	0.0
278	input_spectra/bkgrnd-marine-broth.mzML	2185	0	756.358744303385	1	24164.88	0.0
278	input_spectra/bkgrnd-marine-broth.mzML	2186	0	756.358744303385	1	24215.760000000002	0.0
287	input_spectra/bkgrnd-marine-broth.mzML	2187	0	906.440307617188	1	24238.86	0.0
262	input_spectra/bkgrnd-marine-broth.mzML	2188	0	618.330220540365	1	24250.44	0.0
263	input_spectra/bkgrnd-marine-broth.mzML	2189	0	618.330220540365	1	24261.96	0.0
279	input_spectra/bkgrnd-marine-broth.mzML	2190	0	783.443644205729	1	24273.48	0.0
280	input_spectra/bkgrnd-marine-broth.mzML	2191	0	783.443644205729	1	24285.059999999998	0.0
279	input_spectra/bkgrnd-marine-broth.mzML	2192	0	783.443644205729	1	24324.42	0.0
280	input_spectra/bkgrnd-marine-broth.mzML	2193	0	783.443644205729	1	24335.94	0.0
262	input_spectra/bkgrnd-marine-broth.mzML	2194	0	618.330220540365	1	24347.519999999997	0.0
263	input_spectra/bkgrnd-marine-broth.mzML	2195	0	618.330220540365	1	24359.039999999997	0.0
297	input_spectra/bkgrnd-marine-broth.mzML	2196	0	1105.584289550781	1	24370.620000000003	0.0
262	input_spectra/bkgrnd-marine-broth.mzML	2197	0	618.330220540365	1	24444.66	0.0
263	input_spectra/bkgrnd-marine-broth.mzML	2198	0	618.330220540365	1	24456.18	0.0
279	input_spectra/bkgrnd-marine-broth.mzML	2199	0	783.443644205729	1	24467.76	0.0
297	input_spectra/bkgrnd-marine-broth.mzML	2200	0	1105.584289550781	1	24490.86	0.0
291	input_spectra/bkgrnd-marine-broth.mzML	2201	0	938.430145263672	1	24525.54	0.0
298	input_spectra/bkgrnd-marine-broth.mzML	2202	0	1106.570190429688	1	24564.96	0.0
299	input_spectra/bkgrnd-marine-broth.mzML	2203	0	1106.570190429688	1	24576.539999999997	0.0
253	input_spectra/bkgrnd-marine-broth.mzML	2204	0	584.30995686849	1	24622.68	0.0
220	input_spectra/bkgrnd-marine-broth.mzML	2205	0	488.240407307943	1	24685.2	0.0
220	input_spectra/bkgrnd-marine-broth.mzML	2206	0	488.240407307943	1	24696.72	0.0
220	input_spectra/bkgrnd-marine-broth.mzML	2207	0	488.240407307943	1	24828.54	0.0
220	input_spectra/bkgrnd-marine-broth.mzML	2208	0	488.240407307943	1	24840.059999999998	0.0
190	input_spectra/bkgrnd-marine-broth.mzML	2209	0	430.233734130859	1	24851.579999999998	0.0
190	input_spectra/bkgrnd-marine-broth.mzML	2210	0	430.233734130859	1	24863.04	0.0
220	input_spectra/bkgrnd-marine-broth.mzML	2211	0	488.240407307943	1	24925.44	0.0
220	input_spectra/bkgrnd-marine-broth.mzML	2212	0	488.240407307943	1	24936.96	0.0
190	input_spectra/bkgrnd-marine-broth.mzML	2213	0	430.233734130859	1	24948.48	0.0
190	input_spectra/bkgrnd-marine-broth.mzML	2214	0	430.233734130859	1	24959.940000000002	0.0
253	input_spectra/bkgrnd-marine-broth.mzML	2215	0	584.30995686849	1	24999.36	0.0
253	input_spectra/bkgrnd-marine-broth.mzML	2216	0	584.30995686849	1	25010.88	0.0
190	input_spectra/bkgrnd-marine-broth.mzML	2217	0	430.233734130859	1	25022.4	0.0
190	input_spectra/bkgrnd-marine-broth.mzML	2218	0	430.233734130859	1	25033.86	0.0
209	input_spectra/bkgrnd-marine-broth.mzML	2219	0	460.244934082031	1	25045.38	0.0
209	input_spectra/bkgrnd-marine-broth.mzML	2220	0	460.244934082031	1	25056.9	0.0
253	input_spectra/bkgrnd-marine-broth.mzML	2221	0	584.30995686849	1	25096.260000000002	0.0
253	input_spectra/bkgrnd-marine-broth.mzML	2222	0	584.30995686849	1	25107.780000000002	0.0
302	input_spectra/bkgrnd-marine-broth.mzML	2223	0	1149.564208984375	1	25147.140000000003	0.0
303	input_spectra/bkgrnd-marine-broth.mzML	2224	0	1149.564208984375	1	25158.72	0.0
302	input_spectra/bkgrnd-marine-broth.mzML	2225	0	1149.564208984375	1	25198.08	0.0
303	input_spectra/bkgrnd-marine-broth.mzML	2226	0	1149.564208984375	1	25209.66	0.0
139	input_spectra/bkgrnd-marine-broth.mzML	2227	0	283.178985595703	1	25278.66	0.0
296	input_spectra/bkgrnd-marine-broth.mzML	2228	0	1064.546752929688	1	25352.58	0.0
189	input_spectra/bkgrnd-marine-broth.mzML	2229	0	428.254776000977	1	25364.16	0.0
189	input_spectra/bkgrnd-marine-broth.mzML	2230	0	428.254776000977	1	25375.68	0.0
304	input_spectra/bkgrnd-marine-broth.mzML	2231	0	1150.556030273438	1	25387.26	0.0
305	input_spectra/bkgrnd-marine-broth.mzML	2232	0	1150.556030273438	1	25398.84	0.0
207	input_spectra/bkgrnd-marine-broth.mzML	2233	0	456.249816894531	1	25410.420000000002	0.0
207	input_spectra/bkgrnd-marine-broth.mzML	2234	0	456.249816894531	1	25421.940000000002	0.0
189	input_spectra/bkgrnd-marine-broth.mzML	2235	0	428.254776000977	1	25484.4	0.0
189	input_spectra/bkgrnd-marine-broth.mzML	2236	0	428.254776000977	1	25495.920000000002	0.0
208	input_spectra/bkgrnd-marine-broth.mzML	2237	0	458.265899658203	1	25553.64	0.0
208	input_spectra/bkgrnd-marine-broth.mzML	2238	0	458.265899658203	1	25565.16	0.0
196	input_spectra/bkgrnd-marine-broth.mzML	2239	0	440.25493367513	1	25627.68	0.0
196	input_spectra/bkgrnd-marine-broth.mzML	2240	0	440.25493367513	1	25639.2	0.0
232	input_spectra/bkgrnd-marine-broth.mzML	2241	0	522.224914550781	1	25673.94	0.0
232	input_spectra/bkgrnd-marine-broth.mzML	2242	0	522.224914550781	1	25685.46	0.0
208	input_spectra/bkgrnd-marine-broth.mzML	2243	0	458.265899658203	1	25696.92	0.0
196	input_spectra/bkgrnd-marine-broth.mzML	2244	0	440.25493367513	1	25747.859999999997	0.0
196	input_spectra/bkgrnd-marine-broth.mzML	2245	0	440.25493367513	1	25759.379999999997	0.0
226	input_spectra/bkgrnd-marine-broth.mzML	2246	0	511.292541503906	1	25817.100000000002	0.0
226	input_spectra/bkgrnd-marine-broth.mzML	2247	0	511.292541503906	1	25828.56	0.0
232	input_spectra/bkgrnd-marine-broth.mzML	2248	0	522.224914550781	1	25840.08	0.0
254	input_spectra/bkgrnd-marine-broth.mzML	2249	0	586.325286865234	1	25891.02	0.0
254	input_spectra/bkgrnd-marine-broth.mzML	2250	0	586.325286865234	1	25902.480000000003	0.0
167	input_spectra/bkgrnd-marine-broth.mzML	2251	0	344.231323242188	1	25914.0	0.0
167	input_spectra/bkgrnd-marine-broth.mzML	2252	0	344.231323242188	1	25925.52	0.0
196	input_spectra/bkgrnd-marine-broth.mzML	2253	0	440.25493367513	1	25937.04	0.0
196	input_spectra/bkgrnd-marine-broth.mzML	2254	0	440.25493367513	1	25948.56	0.0
226	input_spectra/bkgrnd-marine-broth.mzML	2255	0	511.292541503906	1	25960.019999999997	0.0
226	input_spectra/bkgrnd-marine-broth.mzML	2256	0	511.292541503906	1	25971.539999999997	0.0
94	input_spectra/bkgrnd-marine-broth.mzML	2257	0	205.099311828613	1	26033.94	0.0
95	input_spectra/bkgrnd-marine-broth.mzML	2258	0	205.099311828613	1	26045.399999999998	0.0
86	input_spectra/bkgrnd-marine-broth.mzML	2259	0	188.072463989258	1	26056.86	0.0
87	input_spectra/bkgrnd-marine-broth.mzML	2260	0	188.072463989258	1	26068.38	0.0
254	input_spectra/bkgrnd-marine-broth.mzML	2261	0	586.325286865234	1	26079.9	0.0
94	input_spectra/bkgrnd-marine-broth.mzML	2262	0	205.099311828613	1	26176.92	0.0
95	input_spectra/bkgrnd-marine-broth.mzML	2263	0	205.099311828613	1	26188.38	0.0
86	input_spectra/bkgrnd-marine-broth.mzML	2264	0	188.072463989258	1	26199.9	0.0
87	input_spectra/bkgrnd-marine-broth.mzML	2265	0	188.072463989258	1	26211.36	0.0
256	input_spectra/bkgrnd-marine-broth.mzML	2266	0	612.341369628906	1	26222.94	0.0
256	input_spectra/bkgrnd-marine-broth.mzML	2267	0	612.341369628906	1	26234.46	0.0
284	input_spectra/bkgrnd-marine-broth.mzML	2268	0	871.461029052734	1	26257.559999999998	0.0
130	input_spectra/bkgrnd-marine-broth.mzML	2269	0	263.141876220703	1	26269.079999999998	0.0
130	input_spectra/bkgrnd-marine-broth.mzML	2270	0	263.141876220703	1	26280.6	0.0
180	input_spectra/bkgrnd-marine-broth.mzML	2271	0	388.258239746094	1	26319.96	0.0
180	input_spectra/bkgrnd-marine-broth.mzML	2272	0	388.258239746094	1	26331.48	0.0
257	input_spectra/bkgrnd-marine-broth.mzML	2273	0	612.341369628906	1	26365.98	0.0
257	input_spectra/bkgrnd-marine-broth.mzML	2274	0	612.341369628906	1	26377.5	0.0
292	input_spectra/bkgrnd-marine-broth.mzML	2275	0	947.457214355469	1	26400.66	0.0
259	input_spectra/bkgrnd-marine-broth.mzML	2276	0	614.357238769531	1	26463.120000000003	0.0
259	input_spectra/bkgrnd-marine-broth.mzML	2277	0	614.357238769531	1	26474.640000000003	0.0
180	input_spectra/bkgrnd-marine-broth.mzML	2278	0	388.258239746094	1	26486.16	0.0
292	input_spectra/bkgrnd-marine-broth.mzML	2279	0	947.457214355469	1	26520.84	0.0
179	input_spectra/bkgrnd-marine-broth.mzML	2280	0	385.249328613281	1	26532.36	0.0
179	input_spectra/bkgrnd-marine-broth.mzML	2281	0	385.249328613281	1	26543.88	0.0
193	input_spectra/bkgrnd-marine-broth.mzML	2282	0	432.285171508789	1	26606.22	0.0
193	input_spectra/bkgrnd-marine-broth.mzML	2283	0	432.285171508789	1	26617.74	0.0
259	input_spectra/bkgrnd-marine-broth.mzML	2284	0	614.357238769531	1	26675.399999999998	0.0
259	input_spectra/bkgrnd-marine-broth.mzML	2285	0	614.357238769531	1	26686.92	0.0
193	input_spectra/bkgrnd-marine-broth.mzML	2286	0	432.285171508789	1	26749.32	0.0
193	input_spectra/bkgrnd-marine-broth.mzML	2287	0	432.285171508789	1	26760.78	0.0
214	input_spectra/bkgrnd-marine-broth.mzML	2288	0	476.311747233073	1	26795.34	0.0
214	input_spectra/bkgrnd-marine-broth.mzML	2289	0	476.311747233073	1	26806.86	0.0
51	input_spectra/bkgrnd-marine-broth.mzML	2290	0	146.061645507813	1	26829.84	0.0
307	input_spectra/bkgrnd-marine-broth.mzML	2291	0	1216.558837890625	1	26841.48	0.0
214	input_spectra/bkgrnd-marine-broth.mzML	2292	0	476.311747233073	1	26892.42	0.0
214	input_spectra/bkgrnd-marine-broth.mzML	2293	0	476.311747233073	1	26903.94	0.0
109	input_spectra/bkgrnd-marine-broth.mzML	2294	0	227.141393025716	1	26938.44	0.0
109	input_spectra/bkgrnd-marine-broth.mzML	2295	0	227.141393025716	1	26949.96	0.0
306	input_spectra/bkgrnd-marine-broth.mzML	2296	0	1200.565185546875	1	26961.600000000002	0.0
307	input_spectra/bkgrnd-marine-broth.mzML	2297	0	1216.558837890625	1	26984.7	0.0
231	input_spectra/bkgrnd-marine-broth.mzML	2298	0	520.338562011719	1	27035.64	0.0
231	input_spectra/bkgrnd-marine-broth.mzML	2299	0	520.338562011719	1	27047.16	0.0
214	input_spectra/bkgrnd-marine-broth.mzML	2300	0	476.311747233073	1	27058.68	0.0
214	input_spectra/bkgrnd-marine-broth.mzML	2301	0	476.311747233073	1	27070.2	0.0
109	input_spectra/bkgrnd-marine-broth.mzML	2302	0	227.141393025716	1	27081.72	0.0
109	input_spectra/bkgrnd-marine-broth.mzML	2303	0	227.141393025716	1	27093.18	0.0
233	input_spectra/bkgrnd-marine-broth.mzML	2304	0	525.293518066406	1	27104.7	0.0
306	input_spectra/bkgrnd-marine-broth.mzML	2305	0	1200.565185546875	1	27127.859999999997	0.0
231	input_spectra/bkgrnd-marine-broth.mzML	2306	0	520.338562011719	1	27178.800000000003	0.0
231	input_spectra/bkgrnd-marine-broth.mzML	2307	0	520.338562011719	1	27190.32	0.0
247	input_spectra/bkgrnd-marine-broth.mzML	2308	0	564.364949544271	1	27224.88	0.0
247	input_spectra/bkgrnd-marine-broth.mzML	2309	0	564.364949544271	1	27236.4	0.0
108	input_spectra/bkgrnd-marine-broth.mzML	2310	0	227.141393025716	1	27247.920000000002	0.0
109	input_spectra/bkgrnd-marine-broth.mzML	2311	0	227.141393025716	1	27259.379999999997	0.0
248	input_spectra/bkgrnd-marine-broth.mzML	2312	0	569.3232421875	1	27270.960000000003	0.0
249	input_spectra/bkgrnd-marine-broth.mzML	2313	0	569.3232421875	1	27282.480000000003	0.0
247	input_spectra/bkgrnd-marine-broth.mzML	2314	0	564.364949544271	1	27321.84	0.0
247	input_spectra/bkgrnd-marine-broth.mzML	2315	0	564.364949544271	1	27333.36	0.0
231	input_spectra/bkgrnd-marine-broth.mzML	2316	0	520.338562011719	1	27390.899999999998	0.0
231	input_spectra/bkgrnd-marine-broth.mzML	2317	0	520.338562011719	1	27402.42	0.0
255	input_spectra/bkgrnd-marine-broth.mzML	2318	0	608.391581217448	1	27413.94	0.0
255	input_spectra/bkgrnd-marine-broth.mzML	2319	0	608.391581217448	1	27425.46	0.0
255	input_spectra/bkgrnd-marine-broth.mzML	2320	0	608.391581217448	1	27464.82	0.0
255	input_spectra/bkgrnd-marine-broth.mzML	2321	0	608.391581217448	1	27476.34	0.0
129	input_spectra/bkgrnd-marine-broth.mzML	2322	0	261.126291910807	1	27487.859999999997	0.0
129	input_spectra/bkgrnd-marine-broth.mzML	2323	0	261.126291910807	1	27499.379999999997	0.0
247	input_spectra/bkgrnd-marine-broth.mzML	2324	0	564.364949544271	1	27533.94	0.0
247	input_spectra/bkgrnd-marine-broth.mzML	2325	0	564.364949544271	1	27545.46	0.0
186	input_spectra/bkgrnd-marine-broth.mzML	2326	0	419.233673095703	1	27556.98	0.0
186	input_spectra/bkgrnd-marine-broth.mzML	2327	0	419.233673095703	1	27568.5	0.0
255	input_spectra/bkgrnd-marine-broth.mzML	2328	0	608.391581217448	1	27607.859999999997	0.0
255	input_spectra/bkgrnd-marine-broth.mzML	2329	0	608.391581217448	1	27619.379999999997	0.0
10	input_spectra/bkgrnd-marine-broth.mzML	2330	0	117.074203491211	1	27653.94	0.0
10	input_spectra/bkgrnd-marine-broth.mzML	2331	0	117.074203491211	1	27665.399999999998	0.0
272	input_spectra/bkgrnd-marine-broth.mzML	2332	0	696.444763183594	1	27750.899999999998	0.0
272	input_spectra/bkgrnd-marine-broth.mzML	2333	0	696.444763183594	1	27762.42	0.0
265	input_spectra/bkgrnd-marine-broth.mzML	2334	0	652.41796875	1	27773.94	0.0
265	input_spectra/bkgrnd-marine-broth.mzML	2335	0	652.41796875	1	27785.46	0.0
10	input_spectra/bkgrnd-marine-broth.mzML	2336	0	117.074203491211	1	27796.98	0.0
10	input_spectra/bkgrnd-marine-broth.mzML	2337	0	117.074203491211	1	27808.44	0.0
83	input_spectra/bkgrnd-marine-broth.mzML	2338	0	183.09358215332	1	27831.420000000002	0.0
276	input_spectra/bkgrnd-marine-broth.mzML	2339	0	740.471008300781	1	27893.88	0.0
276	input_spectra/bkgrnd-marine-broth.mzML	2340	0	740.471008300781	1	27905.399999999998	0.0
10	input_spectra/bkgrnd-marine-broth.mzML	2341	0	117.074203491211	1	27916.98	0.0
10	input_spectra/bkgrnd-marine-broth.mzML	2342	0	117.074203491211	1	27928.44	0.0
272	input_spectra/bkgrnd-marine-broth.mzML	2343	0	696.444763183594	1	27940.019999999997	0.0
121	input_spectra/bkgrnd-marine-broth.mzML	2344	0	243.13648223877	1	27963.059999999998	0.0
128	input_spectra/bkgrnd-marine-broth.mzML	2345	0	261.126291910807	1	28013.94	0.0
121	input_spectra/bkgrnd-marine-broth.mzML	2346	0	243.13648223877	1	28036.92	0.0
281	input_spectra/bkgrnd-marine-broth.mzML	2347	0	784.497497558594	1	28059.96	0.0
97	input_spectra/bkgrnd-marine-broth.mzML	2348	0	211.146428426107	1	28315.26	0.0
97	input_spectra/bkgrnd-marine-broth.mzML	2349	0	211.146428426107	1	28326.78	0.0
97	input_spectra/bkgrnd-marine-broth.mzML	2350	0	211.146428426107	1	28366.14	0.0
97	input_spectra/bkgrnd-marine-broth.mzML	2351	0	211.146428426107	1	28377.6	0.0
97	input_spectra/bkgrnd-marine-broth.mzML	2352	0	211.146428426107	1	28417.02	0.0
97	input_spectra/bkgrnd-marine-broth.mzML	2353	0	211.146428426107	1	28428.48	0.0
122	input_spectra/bkgrnd-marine-broth.mzML	2354	0	245.130767822266	1	28876.68	0.0
122	input_spectra/bkgrnd-marine-broth.mzML	2355	0	245.130767822266	1	28888.14	0.0
157	input_spectra/bkgrnd-marine-broth.mzML	2356	0	328.273207122204	1	32234.280000000002	0.0
159	input_spectra/bkgrnd-marine-broth.mzML	2357	0	328.273207122204	1	32245.739999999998	0.0
157	input_spectra/bkgrnd-marine-broth.mzML	2358	0	328.273207122204	1	32465.52	0.0
157	input_spectra/bkgrnd-marine-broth.mzML	2359	0	328.273207122204	1	32476.98	0.0
159	input_spectra/bkgrnd-marine-broth.mzML	2360	0	328.273207122204	1	32528.399999999998	0.0
159	input_spectra/bkgrnd-marine-broth.mzML	2361	0	328.273207122204	1	32539.92	0.0
134	input_spectra/bkgrnd-marine-broth.mzML	2362	0	274.277679443359	1	32551.38	0.0
134	input_spectra/bkgrnd-marine-broth.mzML	2363	0	274.277679443359	1	32562.9	0.0
134	input_spectra/bkgrnd-marine-broth.mzML	2364	0	274.277679443359	1	32602.26	0.0
134	input_spectra/bkgrnd-marine-broth.mzML	2365	0	274.277679443359	1	32613.72	0.0
134	input_spectra/bkgrnd-marine-broth.mzML	2366	0	274.277679443359	1	32653.079999999998	0.0
134	input_spectra/bkgrnd-marine-broth.mzML	2367	0	274.277679443359	1	32664.6	0.0
211	input_spectra/bkgrnd-marine-broth.mzML	2368	0	466.323577880859	1	32958.78	0.0
210	input_spectra/bkgrnd-marine-broth.mzML	2369	0	466.323577880859	1	33021.18	0.0
211	input_spectra/bkgrnd-marine-broth.mzML	2370	0	466.323577880859	1	33032.64	0.0
242	input_spectra/bkgrnd-marine-broth.mzML	2371	0	534.361673990885	1	33044.159999999996	0.0
242	input_spectra/bkgrnd-marine-broth.mzML	2372	0	534.361673990885	1	33055.68	0.0
242	input_spectra/bkgrnd-marine-broth.mzML	2373	0	534.361673990885	1	33164.1	0.0
242	input_spectra/bkgrnd-marine-broth.mzML	2374	0	534.361673990885	1	33175.62	0.0
289	input_spectra/bkgrnd-marine-broth.mzML	2375	0	931.638000488281	1	33210.24	0.0
242	input_spectra/bkgrnd-marine-broth.mzML	2376	0	534.361673990885	1	33261.18	0.0
242	input_spectra/bkgrnd-marine-broth.mzML	2377	0	534.361673990885	1	33272.7	0.0
155	input_spectra/bkgrnd-marine-broth.mzML	2378	0	328.273207122204	1	33611.64	0.0
159	input_spectra/bkgrnd-marine-broth.mzML	2379	0	328.273207122204	1	33623.159999999996	0.0
157	input_spectra/bkgrnd-marine-broth.mzML	2380	0	328.273207122204	1	33662.46000000001	0.0
159	input_spectra/bkgrnd-marine-broth.mzML	2381	0	328.273207122204	1	33673.979999999996	0.0
161	input_spectra/bkgrnd-marine-broth.mzML	2382	0	328.273207122204	1	33713.340000000004	0.0
159	input_spectra/bkgrnd-marine-broth.mzML	2383	0	328.273207122204	1	33724.86	0.0
113	input_spectra/bkgrnd-marine-broth.mzML	2384	0	230.25151570638	1	34557.840000000004	0.0
113	input_spectra/bkgrnd-marine-broth.mzML	2385	0	230.25151570638	1	34569.299999999996	0.0
113	input_spectra/bkgrnd-marine-broth.mzML	2386	0	230.25151570638	1	34608.72	0.0
113	input_spectra/bkgrnd-marine-broth.mzML	2387	0	230.25151570638	1	34620.18	0.0
113	input_spectra/bkgrnd-marine-broth.mzML	2388	0	230.25151570638	1	34659.54	0.0
113	input_spectra/bkgrnd-marine-broth.mzML	2389	0	230.25151570638	1	34671.06	0.0
159	input_spectra/bkgrnd-marine-broth.mzML	2390	0	328.273207122204	1	34757.94	0.0
161	input_spectra/bkgrnd-marine-broth.mzML	2391	0	328.273207122204	1	34797.36	0.0
160	input_spectra/bkgrnd-marine-broth.mzML	2392	0	328.273207122204	1	34808.82	0.0
155	input_spectra/bkgrnd-marine-broth.mzML	2393	0	328.273207122204	1	34848.18	0.0
159	input_spectra/bkgrnd-marine-broth.mzML	2394	0	328.273207122204	1	34859.7	0.0
240	input_spectra/bkgrnd-marine-broth.mzML	2395	0	533.332600911458	1	35680.62	0.0
241	input_spectra/bkgrnd-marine-broth.mzML	2396	0	533.332600911458	1	35692.14	0.0
240	input_spectra/bkgrnd-marine-broth.mzML	2397	0	533.332600911458	1	35731.56	0.0
225	input_spectra/bkgrnd-marine-broth.mzML	2398	0	498.295522054036	1	35754.54	0.0
240	input_spectra/bkgrnd-marine-broth.mzML	2399	0	533.332600911458	1	35805.36	0.0
225	input_spectra/bkgrnd-marine-broth.mzML	2400	0	498.295522054036	1	35828.4	0.0
224	input_spectra/bkgrnd-marine-broth.mzML	2401	0	498.295522054036	1	35839.92	0.0
225	input_spectra/bkgrnd-marine-broth.mzML	2402	0	498.295522054036	1	35879.280000000006	0.0
162	input_spectra/bkgrnd-marine-broth.mzML	2403	0	328.273207122204	1	35930.16	0.0
157	input_spectra/bkgrnd-marine-broth.mzML	2404	0	328.273207122204	1	35941.68	0.0
157	input_spectra/bkgrnd-marine-broth.mzML	2405	0	328.273207122204	1	35980.979999999996	0.0
156	input_spectra/bkgrnd-marine-broth.mzML	2406	0	328.273207122204	1	35992.5	0.0
157	input_spectra/bkgrnd-marine-broth.mzML	2407	0	328.273207122204	1	36031.86	0.0
156	input_spectra/bkgrnd-marine-broth.mzML	2408	0	328.273207122204	1	36043.32	0.0
177	input_spectra/bkgrnd-marine-broth.mzML	2409	0	373.279357910156	1	36974.76	0.0
177	input_spectra/bkgrnd-marine-broth.mzML	2410	0	373.279357910156	1	37071.6	0.0
282	input_spectra/bkgrnd-marine-broth.mzML	2411	0	817.595153808594	1	37106.22	0.0
282	input_spectra/bkgrnd-marine-broth.mzML	2412	0	817.595153808594	1	37117.74	0.0
215	input_spectra/bkgrnd-marine-broth.mzML	2413	0	477.339263916016	1	37152.3	0.0
215	input_spectra/bkgrnd-marine-broth.mzML	2414	0	477.339263916016	1	37163.82	0.0
157	input_spectra/bkgrnd-marine-broth.mzML	2415	0	328.273207122204	1	37203.18	0.0
156	input_spectra/bkgrnd-marine-broth.mzML	2416	0	328.273207122204	1	37214.7	0.0
155	input_spectra/bkgrnd-marine-broth.mzML	2417	0	328.273207122204	1	37300.08	0.0
160	input_spectra/bkgrnd-marine-broth.mzML	2418	0	328.273207122204	1	37311.54	0.0
159	input_spectra/bkgrnd-marine-broth.mzML	2419	0	328.273207122204	1	37350.9	0.0
160	input_spectra/bkgrnd-marine-broth.mzML	2420	0	328.273207122204	1	37362.42	0.0
126	input_spectra/bkgrnd-marine-broth.mzML	2421	0	258.283406575521	1	38353.44	0.0
126	input_spectra/bkgrnd-marine-broth.mzML	2422	0	258.283406575521	1	38364.899999999994	0.0
157	input_spectra/bkgrnd-marine-broth.mzML	2423	0	328.273207122204	1	38404.26	0.0
159	input_spectra/bkgrnd-marine-broth.mzML	2424	0	328.273207122204	1	38415.78	0.0
126	input_spectra/bkgrnd-marine-broth.mzML	2425	0	258.283406575521	1	38450.28	0.0
126	input_spectra/bkgrnd-marine-broth.mzML	2426	0	258.283406575521	1	38461.799999999996	0.0
158	input_spectra/bkgrnd-marine-broth.mzML	2427	0	328.273207122204	1	38501.16	0.0
160	input_spectra/bkgrnd-marine-broth.mzML	2428	0	328.273207122204	1	38512.68	0.0
126	input_spectra/bkgrnd-marine-broth.mzML	2429	0	258.283406575521	1	38524.14	0.0
126	input_spectra/bkgrnd-marine-broth.mzML	2430	0	258.283406575521	1	38535.6	0.0
159	input_spectra/bkgrnd-marine-broth.mzML	2431	0	328.273207122204	1	38575.020000000004	0.0
159	input_spectra/bkgrnd-marine-broth.mzML	2432	0	328.273207122204	1	38586.479999999996	0.0
150	input_spectra/bkgrnd-marine-broth.mzML	2433	0	304.304504394531	1	38962.56	0.0
150	input_spectra/bkgrnd-marine-broth.mzML	2434	0	304.304504394531	1	38974.020000000004	0.0
150	input_spectra/bkgrnd-marine-broth.mzML	2435	0	304.304504394531	1	39013.38	0.0
150	input_spectra/bkgrnd-marine-broth.mzML	2436	0	304.304504394531	1	39024.84	0.0
150	input_spectra/bkgrnd-marine-broth.mzML	2437	0	304.304504394531	1	39064.200000000004	0.0
150	input_spectra/bkgrnd-marine-broth.mzML	2438	0	304.304504394531	1	39075.719999999994	0.0
155	input_spectra/bkgrnd-marine-broth.mzML	2439	0	328.273207122204	1	39608.1	0.0
160	input_spectra/bkgrnd-marine-broth.mzML	2440	0	328.273207122204	1	39619.56	0.0
162	input_spectra/bkgrnd-marine-broth.mzML	2441	0	328.273207122204	1	39658.92	0.0
159	input_spectra/bkgrnd-marine-broth.mzML	2442	0	328.273207122204	1	39670.44	0.0
161	input_spectra/bkgrnd-marine-broth.mzML	2443	0	328.273207122204	1	39709.8	0.0
159	input_spectra/bkgrnd-marine-broth.mzML	2444	0	328.273207122204	1	39721.32	0.0
161	input_spectra/bkgrnd-marine-broth.mzML	2445	0	328.273207122204	1	40746.659999999996	0.0
156	input_spectra/bkgrnd-marine-broth.mzML	2446	0	328.273207122204	1	40758.18	0.0
155	input_spectra/bkgrnd-marine-broth.mzML	2447	0	328.273207122204	1	40797.479999999996	0.0
160	input_spectra/bkgrnd-marine-broth.mzML	2448	0	328.273207122204	1	40809.0	0.0
157	input_spectra/bkgrnd-marine-broth.mzML	2449	0	328.273207122204	1	40848.36	0.0
156	input_spectra/bkgrnd-marine-broth.mzML	2450	0	328.273207122204	1	40859.82	0.0
155	input_spectra/bkgrnd-marine-broth.mzML	2451	0	328.273207122204	1	41885.28	0.0
160	input_spectra/bkgrnd-marine-broth.mzML	2452	0	328.273207122204	1	41896.74	0.0
161	input_spectra/bkgrnd-marine-broth.mzML	2453	0	328.273207122204	1	41936.1	0.0
156	input_spectra/bkgrnd-marine-broth.mzML	2454	0	328.273207122204	1	41947.619999999995	0.0
155	input_spectra/bkgrnd-marine-broth.mzML	2455	0	328.273207122204	1	41986.98	0.0
156	input_spectra/bkgrnd-marine-broth.mzML	2456	0	328.273207122204	1	41998.44	0.0
162	input_spectra/bkgrnd-marine-broth.mzML	2457	0	328.273207122204	1	43023.84	0.0
160	input_spectra/bkgrnd-marine-broth.mzML	2458	0	328.273207122204	1	43035.3	0.0
158	input_spectra/bkgrnd-marine-broth.mzML	2459	0	328.273207122204	1	43074.72	0.0
159	input_spectra/bkgrnd-marine-broth.mzML	2460	0	328.273207122204	1	43086.18	0.0
162	input_spectra/bkgrnd-marine-broth.mzML	2461	0	328.273207122204	1	43125.54	0.0
160	input_spectra/bkgrnd-marine-broth.mzML	2462	0	328.273207122204	1	43137.06	0.0
165	input_spectra/bkgrnd-marine-broth.mzML	2463	0	332.336435953776	1	43176.42	0.0
165	input_spectra/bkgrnd-marine-broth.mzML	2464	0	332.336435953776	1	43187.94	0.0
165	input_spectra/bkgrnd-marine-broth.mzML	2465	0	332.336435953776	1	43227.3	0.0
165	input_spectra/bkgrnd-marine-broth.mzML	2466	0	332.336435953776	1	43238.759999999995	0.0
165	input_spectra/bkgrnd-marine-broth.mzML	2467	0	332.336435953776	1	43278.12	0.0
165	input_spectra/bkgrnd-marine-broth.mzML	2468	0	332.336435953776	1	43289.64	0.0
217	input_spectra/bkgrnd-marine-broth.mzML	2469	0	483.256673177083	1	43635.18	0.0
217	input_spectra/bkgrnd-marine-broth.mzML	2470	0	483.256673177083	1	43646.700000000004	0.0
217	input_spectra/bkgrnd-marine-broth.mzML	2471	0	483.256673177083	1	43686.06	0.0
217	input_spectra/bkgrnd-marine-broth.mzML	2472	0	483.256673177083	1	43697.520000000004	0.0
217	input_spectra/bkgrnd-marine-broth.mzML	2473	0	483.256673177083	1	43759.92	0.0
217	input_spectra/bkgrnd-marine-broth.mzML	2474	0	483.256673177083	1	43771.44	0.0
198	input_spectra/bkgrnd-marine-broth.mzML	2475	0	440.416982014974	1	43955.100000000006	0.0
199	input_spectra/bkgrnd-marine-broth.mzML	2476	0	440.416982014974	1	43966.62	0.0
198	input_spectra/bkgrnd-marine-broth.mzML	2477	0	440.416982014974	1	44005.92	0.0
199	input_spectra/bkgrnd-marine-broth.mzML	2478	0	440.416982014974	1	44017.44	0.0
198	input_spectra/bkgrnd-marine-broth.mzML	2479	0	440.416982014974	1	44056.799999999996	0.0
199	input_spectra/bkgrnd-marine-broth.mzML	2480	0	440.416982014974	1	44068.32	0.0
201	input_spectra/bkgrnd-marine-broth.mzML	2481	0	444.304077148438	1	44143.740000000005	0.0
201	input_spectra/bkgrnd-marine-broth.mzML	2482	0	444.304077148438	1	44155.26	0.0
158	input_spectra/bkgrnd-marine-broth.mzML	2483	0	328.273207122204	1	44194.62	0.0
160	input_spectra/bkgrnd-marine-broth.mzML	2484	0	328.273207122204	1	44206.14	0.0
201	input_spectra/bkgrnd-marine-broth.mzML	2485	0	444.304077148438	1	44217.66	0.0
201	input_spectra/bkgrnd-marine-broth.mzML	2486	0	444.304077148438	1	44229.18	0.0
158	input_spectra/bkgrnd-marine-broth.mzML	2487	0	328.273207122204	1	44268.479999999996	0.0
156	input_spectra/bkgrnd-marine-broth.mzML	2488	0	328.273207122204	1	44280.0	0.0
158	input_spectra/bkgrnd-marine-broth.mzML	2489	0	328.273207122204	1	44319.36	0.0
156	input_spectra/bkgrnd-marine-broth.mzML	2490	0	328.273207122204	1	44330.82	0.0
158	input_spectra/bkgrnd-marine-broth.mzML	2491	0	328.273207122204	1	45368.219999999994	0.0
160	input_spectra/bkgrnd-marine-broth.mzML	2492	0	328.273207122204	1	45379.74	0.0
162	input_spectra/bkgrnd-marine-broth.mzML	2493	0	328.273207122204	1	45419.1	0.0
159	input_spectra/bkgrnd-marine-broth.mzML	2494	0	328.273207122204	1	45430.62	0.0
158	input_spectra/bkgrnd-marine-broth.mzML	2495	0	328.273207122204	1	45469.979999999996	0.0
159	input_spectra/bkgrnd-marine-broth.mzML	2496	0	328.273207122204	1	45481.5	0.0
142	input_spectra/bkgrnd-marine-broth.mzML	2497	0	286.223715888129	1	45713.219999999994	0.0
141	input_spectra/bkgrnd-marine-broth.mzML	2498	0	286.223715888129	1	45724.74	0.0
144	input_spectra/bkgrnd-marine-broth.mzML	2499	0	286.223715888129	1	46076.700000000004	0.0
141	input_spectra/bkgrnd-marine-broth.mzML	2500	0	286.223715888129	1	46088.219999999994	0.0
141	input_spectra/bkgrnd-marine-broth.mzML	2501	0	286.223715888129	1	46380.06	0.0
143	input_spectra/bkgrnd-marine-broth.mzML	2502	0	286.223715888129	1	46391.58	0.0
158	input_spectra/bkgrnd-marine-broth.mzML	2503	0	328.273207122204	1	46503.060000000005	0.0
156	input_spectra/bkgrnd-marine-broth.mzML	2504	0	328.273207122204	1	46514.58	0.0
158	input_spectra/bkgrnd-marine-broth.mzML	2505	0	328.273207122204	1	46553.94	0.0
159	input_spectra/bkgrnd-marine-broth.mzML	2506	0	328.273207122204	1	46565.4	0.0
161	input_spectra/bkgrnd-marine-broth.mzML	2507	0	328.273207122204	1	46604.82	0.0
160	input_spectra/bkgrnd-marine-broth.mzML	2508	0	328.273207122204	1	46616.28	0.0
268	input_spectra/bkgrnd-marine-broth.mzML	2509	0	660.498321533203	1	46920.18	0.0
268	input_spectra/bkgrnd-marine-broth.mzML	2510	0	660.498321533203	1	46931.700000000004	0.0
268	input_spectra/bkgrnd-marine-broth.mzML	2511	0	660.498321533203	1	46971.119999999995	0.0
268	input_spectra/bkgrnd-marine-broth.mzML	2512	0	660.498321533203	1	46982.64	0.0
261	input_spectra/bkgrnd-marine-broth.mzML	2513	0	616.471638997396	1	47094.12	0.0
261	input_spectra/bkgrnd-marine-broth.mzML	2514	0	616.471638997396	1	47105.64	0.0
261	input_spectra/bkgrnd-marine-broth.mzML	2515	0	616.471638997396	1	47145.0	0.0
261	input_spectra/bkgrnd-marine-broth.mzML	2516	0	616.471638997396	1	47156.520000000004	0.0
261	input_spectra/bkgrnd-marine-broth.mzML	2517	0	616.471638997396	1	47195.88	0.0
261	input_spectra/bkgrnd-marine-broth.mzML	2518	0	616.471638997396	1	47207.399999999994	0.0
252	input_spectra/bkgrnd-marine-broth.mzML	2519	0	572.445821126302	1	47391.06	0.0
252	input_spectra/bkgrnd-marine-broth.mzML	2520	0	572.445821126302	1	47402.58	0.0
252	input_spectra/bkgrnd-marine-broth.mzML	2521	0	572.445821126302	1	47441.939999999995	0.0
252	input_spectra/bkgrnd-marine-broth.mzML	2522	0	572.445821126302	1	47453.46	0.0
252	input_spectra/bkgrnd-marine-broth.mzML	2523	0	572.445821126302	1	47492.82	0.0
252	input_spectra/bkgrnd-marine-broth.mzML	2524	0	572.445821126302	1	47504.340000000004	0.0
142	input_spectra/bkgrnd-marine-broth.mzML	2525	0	286.223715888129	1	47543.7	0.0
141	input_spectra/bkgrnd-marine-broth.mzML	2526	0	286.223715888129	1	47555.22	0.0
141	input_spectra/bkgrnd-marine-broth.mzML	2527	0	286.223715888129	1	47594.58	0.0
141	input_spectra/bkgrnd-marine-broth.mzML	2528	0	286.223715888129	1	47606.1	0.0
161	input_spectra/bkgrnd-marine-broth.mzML	2529	0	328.273207122204	1	47645.46	0.0
160	input_spectra/bkgrnd-marine-broth.mzML	2530	0	328.273207122204	1	47656.920000000006	0.0
142	input_spectra/bkgrnd-marine-broth.mzML	2531	0	286.223715888129	1	47668.44	0.0
144	input_spectra/bkgrnd-marine-broth.mzML	2532	0	286.223715888129	1	47679.899999999994	0.0
158	input_spectra/bkgrnd-marine-broth.mzML	2533	0	328.273207122204	1	47719.26	0.0
156	input_spectra/bkgrnd-marine-broth.mzML	2534	0	328.273207122204	1	47730.719999999994	0.0
238	input_spectra/bkgrnd-marine-broth.mzML	2535	0	528.418233235677	1	47742.24	0.0
238	input_spectra/bkgrnd-marine-broth.mzML	2536	0	528.418233235677	1	47753.759999999995	0.0
161	input_spectra/bkgrnd-marine-broth.mzML	2537	0	328.273207122204	1	47793.12	0.0
156	input_spectra/bkgrnd-marine-broth.mzML	2538	0	328.273207122204	1	47804.64	0.0
238	input_spectra/bkgrnd-marine-broth.mzML	2539	0	528.418233235677	1	47816.16	0.0
238	input_spectra/bkgrnd-marine-broth.mzML	2540	0	528.418233235677	1	47827.68	0.0
238	input_spectra/bkgrnd-marine-broth.mzML	2541	0	528.418233235677	1	47867.04	0.0
238	input_spectra/bkgrnd-marine-broth.mzML	2542	0	528.418233235677	1	47878.56	0.0
219	input_spectra/bkgrnd-marine-broth.mzML	2543	0	484.391591389974	1	48070.560000000005	0.0
219	input_spectra/bkgrnd-marine-broth.mzML	2544	0	484.391591389974	1	48082.08	0.0
219	input_spectra/bkgrnd-marine-broth.mzML	2545	0	484.391591389974	1	48121.44	0.0
219	input_spectra/bkgrnd-marine-broth.mzML	2546	0	484.391591389974	1	48132.9	0.0
219	input_spectra/bkgrnd-marine-broth.mzML	2547	0	484.391591389974	1	48172.32	0.0
219	input_spectra/bkgrnd-marine-broth.mzML	2548	0	484.391591389974	1	48183.78	0.0
243	input_spectra/bkgrnd-marine-broth.mzML	2549	0	535.402770996094	1	48375.78	0.0
243	input_spectra/bkgrnd-marine-broth.mzML	2550	0	535.402770996094	1	48387.3	0.0
243	input_spectra/bkgrnd-marine-broth.mzML	2551	0	535.402770996094	1	48426.659999999996	0.0
243	input_spectra/bkgrnd-marine-broth.mzML	2552	0	535.402770996094	1	48438.18	0.0
197	input_spectra/bkgrnd-marine-broth.mzML	2553	0	440.364939371745	1	48477.53999999999	0.0
197	input_spectra/bkgrnd-marine-broth.mzML	2554	0	440.364939371745	1	48528.42	0.0
197	input_spectra/bkgrnd-marine-broth.mzML	2555	0	440.364939371745	1	48539.94	0.0
197	input_spectra/bkgrnd-marine-broth.mzML	2556	0	440.364939371745	1	48602.28	0.0
197	input_spectra/bkgrnd-marine-broth.mzML	2557	0	440.364939371745	1	48613.8	0.0
221	input_spectra/bkgrnd-marine-broth.mzML	2558	0	491.376139322917	1	48648.36	0.0
221	input_spectra/bkgrnd-marine-broth.mzML	2559	0	491.376139322917	1	48659.82	0.0
221	input_spectra/bkgrnd-marine-broth.mzML	2560	0	491.376139322917	1	48722.28	0.0
221	input_spectra/bkgrnd-marine-broth.mzML	2561	0	491.376139322917	1	48733.740000000005	0.0
187	input_spectra/bkgrnd-marine-broth.mzML	2562	0	423.338185628255	1	48745.26	0.0
187	input_spectra/bkgrnd-marine-broth.mzML	2563	0	423.338185628255	1	48756.780000000006	0.0
142	input_spectra/bkgrnd-marine-broth.mzML	2564	0	286.223715888129	1	48768.24	0.0
142	input_spectra/bkgrnd-marine-broth.mzML	2565	0	286.223715888129	1	48779.76	0.0
158	input_spectra/bkgrnd-marine-broth.mzML	2566	0	328.273207122204	1	48819.12	0.0
156	input_spectra/bkgrnd-marine-broth.mzML	2567	0	328.273207122204	1	48830.64	0.0
221	input_spectra/bkgrnd-marine-broth.mzML	2568	0	491.376139322917	1	48842.159999999996	0.0
221	input_spectra/bkgrnd-marine-broth.mzML	2569	0	491.376139322917	1	48853.68	0.0
187	input_spectra/bkgrnd-marine-broth.mzML	2570	0	423.338185628255	1	48865.14	0.0
187	input_spectra/bkgrnd-marine-broth.mzML	2571	0	423.338185628255	1	48876.659999999996	0.0
143	input_spectra/bkgrnd-marine-broth.mzML	2572	0	286.223715888129	1	48888.18	0.0
144	input_spectra/bkgrnd-marine-broth.mzML	2573	0	286.223715888129	1	48899.64	0.0
158	input_spectra/bkgrnd-marine-broth.mzML	2574	0	328.273207122204	1	48939.0	0.0
160	input_spectra/bkgrnd-marine-broth.mzML	2575	0	328.273207122204	1	48950.52	0.0
182	input_spectra/bkgrnd-marine-broth.mzML	2576	0	396.338185628255	1	48985.020000000004	0.0
182	input_spectra/bkgrnd-marine-broth.mzML	2577	0	396.338185628255	1	48996.54	0.0
187	input_spectra/bkgrnd-marine-broth.mzML	2578	0	423.338185628255	1	49008.0	0.0
187	input_spectra/bkgrnd-marine-broth.mzML	2579	0	423.338185628255	1	49019.52	0.0
144	input_spectra/bkgrnd-marine-broth.mzML	2580	0	286.223715888129	1	49031.04	0.0
141	input_spectra/bkgrnd-marine-broth.mzML	2581	0	286.223715888129	1	49042.5	0.0
158	input_spectra/bkgrnd-marine-broth.mzML	2582	0	328.273207122204	1	49081.920000000006	0.0
156	input_spectra/bkgrnd-marine-broth.mzML	2583	0	328.273207122204	1	49093.38	0.0
182	input_spectra/bkgrnd-marine-broth.mzML	2584	0	396.338185628255	1	49127.88	0.0
182	input_spectra/bkgrnd-marine-broth.mzML	2585	0	396.338185628255	1	49139.4	0.0
203	input_spectra/bkgrnd-marine-broth.mzML	2586	0	447.349294026693	1	49162.380000000005	0.0
178	input_spectra/bkgrnd-marine-broth.mzML	2587	0	379.310892740885	1	49173.9	0.0
178	input_spectra/bkgrnd-marine-broth.mzML	2588	0	379.310892740885	1	49185.42	0.0
182	input_spectra/bkgrnd-marine-broth.mzML	2589	0	396.338185628255	1	49247.76	0.0
182	input_spectra/bkgrnd-marine-broth.mzML	2590	0	396.338185628255	1	49259.280000000006	0.0
203	input_spectra/bkgrnd-marine-broth.mzML	2591	0	447.349294026693	1	49270.799999999996	0.0
178	input_spectra/bkgrnd-marine-broth.mzML	2592	0	379.310892740885	1	49293.78	0.0
178	input_spectra/bkgrnd-marine-broth.mzML	2593	0	379.310892740885	1	49305.3	0.0
203	input_spectra/bkgrnd-marine-broth.mzML	2594	0	447.349294026693	1	49344.659999999996	0.0
178	input_spectra/bkgrnd-marine-broth.mzML	2595	0	379.310892740885	1	49367.7	0.0
178	input_spectra/bkgrnd-marine-broth.mzML	2596	0	379.310892740885	1	49379.159999999996	0.0
170	input_spectra/bkgrnd-marine-broth.mzML	2597	0	352.311096191406	1	49516.44	0.0
170	input_spectra/bkgrnd-marine-broth.mzML	2598	0	352.311096191406	1	49527.96	0.0
166	input_spectra/bkgrnd-marine-broth.mzML	2599	0	335.284332275391	1	49562.46000000001	0.0
166	input_spectra/bkgrnd-marine-broth.mzML	2600	0	335.284332275391	1	49573.92	0.0
170	input_spectra/bkgrnd-marine-broth.mzML	2601	0	352.311096191406	1	49636.259999999995	0.0
170	input_spectra/bkgrnd-marine-broth.mzML	2602	0	352.311096191406	1	49647.78	0.0
166	input_spectra/bkgrnd-marine-broth.mzML	2603	0	335.284332275391	1	49682.28	0.0
166	input_spectra/bkgrnd-marine-broth.mzML	2604	0	335.284332275391	1	49693.8	0.0
170	input_spectra/bkgrnd-marine-broth.mzML	2605	0	352.311096191406	1	49733.159999999996	0.0
170	input_spectra/bkgrnd-marine-broth.mzML	2606	0	352.311096191406	1	49744.68	0.0
166	input_spectra/bkgrnd-marine-broth.mzML	2607	0	335.284332275391	1	49779.18	0.0
166	input_spectra/bkgrnd-marine-broth.mzML	2608	0	335.284332275391	1	49790.64	0.0
144	input_spectra/bkgrnd-marine-broth.mzML	2609	0	286.223715888129	1	49926.240000000005	0.0
141	input_spectra/bkgrnd-marine-broth.mzML	2610	0	286.223715888129	1	49937.76	0.0
141	input_spectra/bkgrnd-marine-broth.mzML	2611	0	286.223715888129	1	49977.12	0.0
141	input_spectra/bkgrnd-marine-broth.mzML	2612	0	286.223715888129	1	49988.58	0.0
143	input_spectra/bkgrnd-marine-broth.mzML	2613	0	286.223715888129	1	50028.0	0.0
143	input_spectra/bkgrnd-marine-broth.mzML	2614	0	286.223715888129	1	50039.52	0.0
158	input_spectra/bkgrnd-marine-broth.mzML	2615	0	328.273207122204	1	50078.880000000005	0.0
156	input_spectra/bkgrnd-marine-broth.mzML	2616	0	328.273207122204	1	50090.340000000004	0.0
146	input_spectra/bkgrnd-marine-broth.mzML	2617	0	291.257059733073	1	50124.78	0.0
146	input_spectra/bkgrnd-marine-broth.mzML	2618	0	291.257059733073	1	50136.3	0.0
151	input_spectra/bkgrnd-marine-broth.mzML	2619	0	308.283996582031	1	50147.82	0.0
151	input_spectra/bkgrnd-marine-broth.mzML	2620	0	308.283996582031	1	50159.280000000006	0.0
161	input_spectra/bkgrnd-marine-broth.mzML	2621	0	328.273207122204	1	50198.64	0.0
156	input_spectra/bkgrnd-marine-broth.mzML	2622	0	328.273207122204	1	50210.16	0.0
146	input_spectra/bkgrnd-marine-broth.mzML	2623	0	291.257059733073	1	50244.6	0.0
146	input_spectra/bkgrnd-marine-broth.mzML	2624	0	291.257059733073	1	50256.119999999995	0.0
151	input_spectra/bkgrnd-marine-broth.mzML	2625	0	308.283996582031	1	50267.58	0.0
151	input_spectra/bkgrnd-marine-broth.mzML	2626	0	308.283996582031	1	50279.1	0.0
158	input_spectra/bkgrnd-marine-broth.mzML	2627	0	328.273207122204	1	50318.46	0.0
156	input_spectra/bkgrnd-marine-broth.mzML	2628	0	328.273207122204	1	50329.979999999996	0.0
151	input_spectra/bkgrnd-marine-broth.mzML	2629	0	308.283996582031	1	50387.399999999994	0.0
151	input_spectra/bkgrnd-marine-broth.mzML	2630	0	308.283996582031	1	50398.92	0.0
143	input_spectra/bkgrnd-marine-broth.mzML	2631	0	286.223715888129	1	51063.54	0.0
143	input_spectra/bkgrnd-marine-broth.mzML	2632	0	286.223715888129	1	51075.06	0.0
142	input_spectra/bkgrnd-marine-broth.mzML	2633	0	286.223715888129	1	51114.420000000006	0.0
141	input_spectra/bkgrnd-marine-broth.mzML	2634	0	286.223715888129	1	51125.88	0.0
142	input_spectra/bkgrnd-marine-broth.mzML	2635	0	286.223715888129	1	51165.3	0.0
143	input_spectra/bkgrnd-marine-broth.mzML	2636	0	286.223715888129	1	51176.76	0.0
161	input_spectra/bkgrnd-marine-broth.mzML	2637	0	328.273207122204	1	51312.3	0.0
156	input_spectra/bkgrnd-marine-broth.mzML	2638	0	328.273207122204	1	51323.82	0.0
162	input_spectra/bkgrnd-marine-broth.mzML	2639	0	328.273207122204	1	51363.12	0.0
156	input_spectra/bkgrnd-marine-broth.mzML	2640	0	328.273207122204	1	51374.64	0.0
158	input_spectra/bkgrnd-marine-broth.mzML	2641	0	328.273207122204	1	51414.0	0.0
156	input_spectra/bkgrnd-marine-broth.mzML	2642	0	328.273207122204	1	51425.46	0.0
266	input_spectra/bkgrnd-marine-broth.mzML	2643	0	658.48252360026	1	51549.0	0.0
266	input_spectra/bkgrnd-marine-broth.mzML	2644	0	658.48252360026	1	51560.52	0.0
266	input_spectra/bkgrnd-marine-broth.mzML	2645	0	658.48252360026	1	51599.880000000005	0.0
266	input_spectra/bkgrnd-marine-broth.mzML	2646	0	658.48252360026	1	51611.4	0.0
266	input_spectra/bkgrnd-marine-broth.mzML	2647	0	658.48252360026	1	51650.76	0.0
266	input_spectra/bkgrnd-marine-broth.mzML	2648	0	658.48252360026	1	51662.28	0.0
260	input_spectra/bkgrnd-marine-broth.mzML	2649	0	614.45615641276	1	51906.119999999995	0.0
260	input_spectra/bkgrnd-marine-broth.mzML	2650	0	614.45615641276	1	51917.64	0.0
260	input_spectra/bkgrnd-marine-broth.mzML	2651	0	614.45615641276	1	51957.0	0.0
260	input_spectra/bkgrnd-marine-broth.mzML	2652	0	614.45615641276	1	51968.520000000004	0.0
260	input_spectra/bkgrnd-marine-broth.mzML	2653	0	614.45615641276	1	52007.88	0.0
260	input_spectra/bkgrnd-marine-broth.mzML	2654	0	614.45615641276	1	52019.4	0.0
142	input_spectra/bkgrnd-marine-broth.mzML	2655	0	286.223715888129	1	52203.0	0.0
143	input_spectra/bkgrnd-marine-broth.mzML	2656	0	286.223715888129	1	52214.52	0.0
142	input_spectra/bkgrnd-marine-broth.mzML	2657	0	286.223715888129	1	52253.880000000005	0.0
143	input_spectra/bkgrnd-marine-broth.mzML	2658	0	286.223715888129	1	52265.340000000004	0.0
141	input_spectra/bkgrnd-marine-broth.mzML	2659	0	286.223715888129	1	52304.880000000005	0.0
141	input_spectra/bkgrnd-marine-broth.mzML	2660	0	286.223715888129	1	52316.4	0.0
250	input_spectra/bkgrnd-marine-broth.mzML	2661	0	570.428792317708	1	52327.92	0.0
250	input_spectra/bkgrnd-marine-broth.mzML	2662	0	570.428792317708	1	52339.439999999995	0.0
250	input_spectra/bkgrnd-marine-broth.mzML	2663	0	570.428792317708	1	52378.740000000005	0.0
250	input_spectra/bkgrnd-marine-broth.mzML	2664	0	570.428792317708	1	52390.26	0.0
250	input_spectra/bkgrnd-marine-broth.mzML	2665	0	570.428792317708	1	52429.62	0.0
250	input_spectra/bkgrnd-marine-broth.mzML	2666	0	570.428792317708	1	52441.14	0.0
158	input_spectra/bkgrnd-marine-broth.mzML	2667	0	328.273207122204	1	52480.5	0.0
156	input_spectra/bkgrnd-marine-broth.mzML	2668	0	328.273207122204	1	52492.02	0.0
162	input_spectra/bkgrnd-marine-broth.mzML	2669	0	328.273207122204	1	52531.380000000005	0.0
160	input_spectra/bkgrnd-marine-broth.mzML	2670	0	328.273207122204	1	52542.840000000004	0.0
161	input_spectra/bkgrnd-marine-broth.mzML	2671	0	328.273207122204	1	52582.26	0.0
156	input_spectra/bkgrnd-marine-broth.mzML	2672	0	328.273207122204	1	52593.72	0.0
235	input_spectra/bkgrnd-marine-broth.mzML	2673	0	526.40185546875	1	52789.38	0.0
235	input_spectra/bkgrnd-marine-broth.mzML	2674	0	526.40185546875	1	52800.9	0.0
235	input_spectra/bkgrnd-marine-broth.mzML	2675	0	526.40185546875	1	52840.26	0.0
235	input_spectra/bkgrnd-marine-broth.mzML	2676	0	526.40185546875	1	52851.780000000006	0.0
235	input_spectra/bkgrnd-marine-broth.mzML	2677	0	526.40185546875	1	52891.14	0.0
235	input_spectra/bkgrnd-marine-broth.mzML	2678	0	526.40185546875	1	52902.66	0.0
144	input_spectra/bkgrnd-marine-broth.mzML	2679	0	286.223715888129	1	53343.36	0.0
143	input_spectra/bkgrnd-marine-broth.mzML	2680	0	286.223715888129	1	53354.880000000005	0.0
143	input_spectra/bkgrnd-marine-broth.mzML	2681	0	286.223715888129	1	53394.24	0.0
141	input_spectra/bkgrnd-marine-broth.mzML	2682	0	286.223715888129	1	53405.700000000004	0.0
141	input_spectra/bkgrnd-marine-broth.mzML	2683	0	286.223715888129	1	53468.1	0.0
143	input_spectra/bkgrnd-marine-broth.mzML	2684	0	286.223715888129	1	53479.56	0.0
162	input_spectra/bkgrnd-marine-broth.mzML	2685	0	328.273207122204	1	53650.14	0.0
156	input_spectra/bkgrnd-marine-broth.mzML	2686	0	328.273207122204	1	53661.659999999996	0.0
158	input_spectra/bkgrnd-marine-broth.mzML	2687	0	328.273207122204	1	53701.020000000004	0.0
156	input_spectra/bkgrnd-marine-broth.mzML	2688	0	328.273207122204	1	53712.479999999996	0.0
161	input_spectra/bkgrnd-marine-broth.mzML	2689	0	328.273207122204	1	53751.840000000004	0.0
156	input_spectra/bkgrnd-marine-broth.mzML	2690	0	328.273207122204	1	53763.36	0.0
143	input_spectra/bkgrnd-marine-broth.mzML	2691	0	286.223715888129	1	54484.439999999995	0.0
143	input_spectra/bkgrnd-marine-broth.mzML	2692	0	286.223715888129	1	54495.9	0.0
142	input_spectra/bkgrnd-marine-broth.mzML	2693	0	286.223715888129	1	54535.26	0.0
141	input_spectra/bkgrnd-marine-broth.mzML	2694	0	286.223715888129	1	54546.780000000006	0.0
142	input_spectra/bkgrnd-marine-broth.mzML	2695	0	286.223715888129	1	54586.14	0.0
141	input_spectra/bkgrnd-marine-broth.mzML	2696	0	286.223715888129	1	54597.600000000006	0.0
158	input_spectra/bkgrnd-marine-broth.mzML	2697	0	328.273207122204	1	54817.380000000005	0.0
160	input_spectra/bkgrnd-marine-broth.mzML	2698	0	328.273207122204	1	54828.84	0.0
158	input_spectra/bkgrnd-marine-broth.mzML	2699	0	328.273207122204	1	54868.200000000004	0.0
156	input_spectra/bkgrnd-marine-broth.mzML	2700	0	328.273207122204	1	54879.72	0.0
161	input_spectra/bkgrnd-marine-broth.mzML	2701	0	328.273207122204	1	54919.08	0.0
156	input_spectra/bkgrnd-marine-broth.mzML	2702	0	328.273207122204	1	54930.54	0.0
168	input_spectra/bkgrnd-marine-broth.mzML	2703	0	346.281604003906	1	55294.56	0.0
168	input_spectra/bkgrnd-marine-broth.mzML	2704	0	346.281604003906	1	55306.08	0.0
169	input_spectra/bkgrnd-marine-broth.mzML	2705	0	346.281604003906	1	55477.74	0.0
168	input_spectra/bkgrnd-marine-broth.mzML	2706	0	346.281604003906	1	55489.200000000004	0.0
142	input_spectra/bkgrnd-marine-broth.mzML	2707	0	286.223715888129	1	55624.74	0.0
143	input_spectra/bkgrnd-marine-broth.mzML	2708	0	286.223715888129	1	55636.259999999995	0.0
141	input_spectra/bkgrnd-marine-broth.mzML	2709	0	286.223715888129	1	55675.62	0.0
141	input_spectra/bkgrnd-marine-broth.mzML	2710	0	286.223715888129	1	55687.08	0.0
143	input_spectra/bkgrnd-marine-broth.mzML	2711	0	286.223715888129	1	55726.44	0.0
144	input_spectra/bkgrnd-marine-broth.mzML	2712	0	286.223715888129	1	55737.96	0.0
158	input_spectra/bkgrnd-marine-broth.mzML	2713	0	328.273207122204	1	55957.74	0.0
156	input_spectra/bkgrnd-marine-broth.mzML	2714	0	328.273207122204	1	55969.200000000004	0.0
161	input_spectra/bkgrnd-marine-broth.mzML	2715	0	328.273207122204	1	56008.619999999995	0.0
156	input_spectra/bkgrnd-marine-broth.mzML	2716	0	328.273207122204	1	56020.08	0.0
158	input_spectra/bkgrnd-marine-broth.mzML	2717	0	328.273207122204	1	56059.5	0.0
156	input_spectra/bkgrnd-marine-broth.mzML	2718	0	328.273207122204	1	56070.96	0.0
169	input_spectra/bkgrnd-marine-broth.mzML	2719	0	346.281604003906	1	56374.86	0.0
168	input_spectra/bkgrnd-marine-broth.mzML	2720	0	346.281604003906	1	56386.380000000005	0.0
142	input_spectra/bkgrnd-marine-broth.mzML	2721	0	286.223715888129	1	56762.399999999994	0.0
141	input_spectra/bkgrnd-marine-broth.mzML	2722	0	286.223715888129	1	56773.92	0.0
144	input_spectra/bkgrnd-marine-broth.mzML	2723	0	286.223715888129	1	56813.28	0.0
143	input_spectra/bkgrnd-marine-broth.mzML	2724	0	286.223715888129	1	56824.8	0.0
141	input_spectra/bkgrnd-marine-broth.mzML	2725	0	286.223715888129	1	56864.159999999996	0.0
143	input_spectra/bkgrnd-marine-broth.mzML	2726	0	286.223715888129	1	56875.68	0.0
158	input_spectra/bkgrnd-marine-broth.mzML	2727	0	328.273207122204	1	57095.4	0.0
156	input_spectra/bkgrnd-marine-broth.mzML	2728	0	328.273207122204	1	57106.86	0.0
158	input_spectra/bkgrnd-marine-broth.mzML	2729	0	328.273207122204	1	57146.22	0.0
156	input_spectra/bkgrnd-marine-broth.mzML	2730	0	328.273207122204	1	57157.68	0.0
158	input_spectra/bkgrnd-marine-broth.mzML	2731	0	328.273207122204	1	57197.1	0.0
156	input_spectra/bkgrnd-marine-broth.mzML	2732	0	328.273207122204	1	57208.56	0.0
169	input_spectra/bkgrnd-marine-broth.mzML	2733	0	346.281604003906	1	57897.3	0.0
168	input_spectra/bkgrnd-marine-broth.mzML	2734	0	346.281604003906	1	57908.759999999995	0.0
143	input_spectra/bkgrnd-marine-broth.mzML	2735	0	286.223715888129	1	57948.12	0.0
143	input_spectra/bkgrnd-marine-broth.mzML	2736	0	286.223715888129	1	57959.64	0.0
142	input_spectra/bkgrnd-marine-broth.mzML	2737	0	286.223715888129	1	57999.0	0.0
141	input_spectra/bkgrnd-marine-broth.mzML	2738	0	286.223715888129	1	58010.46	0.0
142	input_spectra/bkgrnd-marine-broth.mzML	2739	0	286.223715888129	1	58049.82	0.0
143	input_spectra/bkgrnd-marine-broth.mzML	2740	0	286.223715888129	1	58061.34	0.0
169	input_spectra/bkgrnd-marine-broth.mzML	2741	0	346.281604003906	1	58148.759999999995	0.0
169	input_spectra/bkgrnd-marine-broth.mzML	2742	0	346.281604003906	1	58160.28	0.0
158	input_spectra/bkgrnd-marine-broth.mzML	2743	0	328.273207122204	1	58235.700000000004	0.0
156	input_spectra/bkgrnd-marine-broth.mzML	2744	0	328.273207122204	1	58247.22	0.0
161	input_spectra/bkgrnd-marine-broth.mzML	2745	0	328.273207122204	1	58286.520000000004	0.0
156	input_spectra/bkgrnd-marine-broth.mzML	2746	0	328.273207122204	1	58298.04	0.0
161	input_spectra/bkgrnd-marine-broth.mzML	2747	0	328.273207122204	1	58337.399999999994	0.0
156	input_spectra/bkgrnd-marine-broth.mzML	2748	0	328.273207122204	1	58348.86	0.0
169	input_spectra/bkgrnd-marine-broth.mzML	2749	0	346.281604003906	1	58360.38	0.0
168	input_spectra/bkgrnd-marine-broth.mzML	2750	0	346.281604003906	1	58371.9	0.0
142	input_spectra/bkgrnd-marine-broth.mzML	2751	0	286.223715888129	1	59108.7	0.0
141	input_spectra/bkgrnd-marine-broth.mzML	2752	0	286.223715888129	1	59120.16	0.0
142	input_spectra/bkgrnd-marine-broth.mzML	2753	0	286.223715888129	1	59159.52	0.0
141	input_spectra/bkgrnd-marine-broth.mzML	2754	0	286.223715888129	1	59171.04	0.0
141	input_spectra/bkgrnd-marine-broth.mzML	2755	0	286.223715888129	1	59210.4	0.0
141	input_spectra/bkgrnd-marine-broth.mzML	2756	0	286.223715888129	1	59221.920000000006	0.0
158	input_spectra/bkgrnd-marine-broth.mzML	2757	0	328.273207122204	1	59381.520000000004	0.0
156	input_spectra/bkgrnd-marine-broth.mzML	2758	0	328.273207122204	1	59393.04	0.0
169	input_spectra/bkgrnd-marine-broth.mzML	2759	0	346.281604003906	1	59404.5	0.0
168	input_spectra/bkgrnd-marine-broth.mzML	2760	0	346.281604003906	1	59416.020000000004	0.0
158	input_spectra/bkgrnd-marine-broth.mzML	2761	0	328.273207122204	1	59455.38	0.0
156	input_spectra/bkgrnd-marine-broth.mzML	2762	0	328.273207122204	1	59466.840000000004	0.0
158	input_spectra/bkgrnd-marine-broth.mzML	2763	0	328.273207122204	1	59506.259999999995	0.0
156	input_spectra/bkgrnd-marine-broth.mzML	2764	0	328.273207122204	1	59517.72	0.0
169	input_spectra/bkgrnd-marine-broth.mzML	2765	0	346.281604003906	1	59581.2	0.0
168	input_spectra/bkgrnd-marine-broth.mzML	2766	0	346.281604003906	1	59592.66	0.0
169	input_spectra/bkgrnd-marine-broth.mzML	2767	0	346.281604003906	1	59740.26	0.0
168	input_spectra/bkgrnd-marine-broth.mzML	2768	0	346.281604003906	1	59751.72	0.0
143	input_spectra/bkgrnd-marine-broth.mzML	2769	0	286.223715888129	1	1004.13	0.0
143	input_spectra/bkgrnd-marine-broth.mzML	2770	0	286.223715888129	1	1004.32	0.0
142	input_spectra/bkgrnd-marine-broth.mzML	2771	0	286.223715888129	1	1004.98	0.0
143	input_spectra/bkgrnd-marine-broth.mzML	2772	0	286.223715888129	1	1005.17	0.0
142	input_spectra/bkgrnd-marine-broth.mzML	2773	0	286.223715888129	1	1005.83	0.0
141	input_spectra/bkgrnd-marine-broth.mzML	2774	0	286.223715888129	1	1006.02	0.0
158	input_spectra/bkgrnd-marine-broth.mzML	2775	0	328.273207122204	1	1009.08	0.0
156	input_spectra/bkgrnd-marine-broth.mzML	2776	0	328.273207122204	1	1009.27	0.0
158	input_spectra/bkgrnd-marine-broth.mzML	2777	0	328.273207122204	1	1009.93	0.0
156	input_spectra/bkgrnd-marine-broth.mzML	2778	0	328.273207122204	1	1010.12	0.0
158	input_spectra/bkgrnd-marine-broth.mzML	2779	0	328.273207122204	1	1010.78	0.0
156	input_spectra/bkgrnd-marine-broth.mzML	2780	0	328.273207122204	1	1010.97	0.0
169	input_spectra/bkgrnd-marine-broth.mzML	2781	0	346.281604003906	1	1014.03	0.0
168	input_spectra/bkgrnd-marine-broth.mzML	2782	0	346.281604003906	1	1014.22	0.0
169	input_spectra/bkgrnd-marine-broth.mzML	2783	0	346.281604003906	1	1014.88	0.0
169	input_spectra/bkgrnd-marine-broth.mzML	2784	0	346.281604003906	1	1015.07	0.0
169	input_spectra/bkgrnd-marine-broth.mzML	2785	0	346.281604003906	1	1020.53	0.0
168	input_spectra/bkgrnd-marine-broth.mzML	2786	0	346.281604003906	1	1020.73	0.0
142	input_spectra/bkgrnd-marine-broth.mzML	2787	0	286.223715888129	1	1023.19	0.0
143	input_spectra/bkgrnd-marine-broth.mzML	2788	0	286.223715888129	1	1023.38	0.0
141	input_spectra/bkgrnd-marine-broth.mzML	2789	0	286.223715888129	1	1024.03	0.0
143	input_spectra/bkgrnd-marine-broth.mzML	2790	0	286.223715888129	1	1024.23	0.0
143	input_spectra/bkgrnd-marine-broth.mzML	2791	0	286.223715888129	1	1024.88	0.0
143	input_spectra/bkgrnd-marine-broth.mzML	2792	0	286.223715888129	1	1025.07	0.0
158	input_spectra/bkgrnd-marine-broth.mzML	2793	0	328.273207122204	1	1028.13	0.0
156	input_spectra/bkgrnd-marine-broth.mzML	2794	0	328.273207122204	1	1028.33	0.0
149	input_spectra/bkgrnd-marine-broth.mzML	2795	0	304.233856201172	1	1028.52	0.0
149	input_spectra/bkgrnd-marine-broth.mzML	2796	0	304.233856201172	1	1028.71	0.0
158	input_spectra/bkgrnd-marine-broth.mzML	2797	0	328.273207122204	1	1029.36	0.0
156	input_spectra/bkgrnd-marine-broth.mzML	2798	0	328.273207122204	1	1029.56	0.0
158	input_spectra/bkgrnd-marine-broth.mzML	2799	0	328.273207122204	1	1030.21	0.0
156	input_spectra/bkgrnd-marine-broth.mzML	2800	0	328.273207122204	1	1030.4	0.0
149	input_spectra/bkgrnd-marine-broth.mzML	2801	0	304.233856201172	1	1031.06	0.0
149	input_spectra/bkgrnd-marine-broth.mzML	2802	0	304.233856201172	1	1031.25	0.0
149	input_spectra/bkgrnd-marine-broth.mzML	2803	0	304.233856201172	1	1041.33	0.0
149	input_spectra/bkgrnd-marine-broth.mzML	2804	0	304.233856201172	1	1041.52	0.0
144	input_spectra/bkgrnd-marine-broth.mzML	2805	0	286.223715888129	1	1042.57	0.0
144	input_spectra/bkgrnd-marine-broth.mzML	2806	0	286.223715888129	1	1042.77	0.0
141	input_spectra/bkgrnd-marine-broth.mzML	2807	0	286.223715888129	1	1043.42	0.0
143	input_spectra/bkgrnd-marine-broth.mzML	2808	0	286.223715888129	1	1043.61	0.0
143	input_spectra/bkgrnd-marine-broth.mzML	2809	0	286.223715888129	1	1044.27	0.0
143	input_spectra/bkgrnd-marine-broth.mzML	2810	0	286.223715888129	1	1044.46	0.0
169	input_spectra/bkgrnd-marine-broth.mzML	2811	0	346.281604003906	1	1046.72	0.0
168	input_spectra/bkgrnd-marine-broth.mzML	2812	0	346.281604003906	1	1046.91	0.0
158	input_spectra/bkgrnd-marine-broth.mzML	2813	0	328.273207122204	1	1047.57	0.0
156	input_spectra/bkgrnd-marine-broth.mzML	2814	0	328.273207122204	1	1047.76	0.0
158	input_spectra/bkgrnd-marine-broth.mzML	2815	0	328.273207122204	1	1048.42	0.0
156	input_spectra/bkgrnd-marine-broth.mzML	2816	0	328.273207122204	1	1048.61	0.0
158	input_spectra/bkgrnd-marine-broth.mzML	2817	0	328.273207122204	1	1049.26	0.0
156	input_spectra/bkgrnd-marine-broth.mzML	2818	0	328.273207122204	1	1049.46	0.0
169	input_spectra/bkgrnd-marine-broth.mzML	2819	0	346.281604003906	1	1055.72	0.0
168	input_spectra/bkgrnd-marine-broth.mzML	2820	0	346.281604003906	1	1055.91	0.0
141	input_spectra/bkgrnd-marine-broth.mzML	2821	0	286.223715888129	1	1061.58	0.0
141	input_spectra/bkgrnd-marine-broth.mzML	2822	0	286.223715888129	1	1061.77	0.0
142	input_spectra/bkgrnd-marine-broth.mzML	2823	0	286.223715888129	1	1062.43	0.0
143	input_spectra/bkgrnd-marine-broth.mzML	2824	0	286.223715888129	1	1062.62	0.0
142	input_spectra/bkgrnd-marine-broth.mzML	2825	0	286.223715888129	1	1063.28	0.0
143	input_spectra/bkgrnd-marine-broth.mzML	2826	0	286.223715888129	1	1063.47	0.0
158	input_spectra/bkgrnd-marine-broth.mzML	2827	0	328.273207122204	1	1066.53	0.0
156	input_spectra/bkgrnd-marine-broth.mzML	2828	0	328.273207122204	1	1066.72	0.0
158	input_spectra/bkgrnd-marine-broth.mzML	2829	0	328.273207122204	1	1067.37	0.0
156	input_spectra/bkgrnd-marine-broth.mzML	2830	0	328.273207122204	1	1067.57	0.0
161	input_spectra/bkgrnd-marine-broth.mzML	2831	0	328.273207122204	1	1068.22	0.0
156	input_spectra/bkgrnd-marine-broth.mzML	2832	0	328.273207122204	1	1068.41	0.0
169	input_spectra/bkgrnd-marine-broth.mzML	2833	0	346.281604003906	1	1069.67	0.0
168	input_spectra/bkgrnd-marine-broth.mzML	2834	0	346.281604003906	1	1069.86	0.0
149	input_spectra/bkgrnd-marine-broth.mzML	2835	0	304.233856201172	1	1074.33	0.0
149	input_spectra/bkgrnd-marine-broth.mzML	2836	0	304.233856201172	1	1074.52	0.0
149	input_spectra/bkgrnd-marine-broth.mzML	2837	0	304.233856201172	1	1076.98	0.0
149	input_spectra/bkgrnd-marine-broth.mzML	2838	0	304.233856201172	1	1077.17	0.0
149	input_spectra/bkgrnd-marine-broth.mzML	2839	0	304.233856201172	1	1078.23	0.0
149	input_spectra/bkgrnd-marine-broth.mzML	2840	0	304.233856201172	1	1078.42	0.0
142	input_spectra/bkgrnd-marine-broth.mzML	2841	0	286.223715888129	1	1080.68	0.0
143	input_spectra/bkgrnd-marine-broth.mzML	2842	0	286.223715888129	1	1080.87	0.0
142	input_spectra/bkgrnd-marine-broth.mzML	2843	0	286.223715888129	1	1081.52	0.0
144	input_spectra/bkgrnd-marine-broth.mzML	2844	0	286.223715888129	1	1081.71	0.0
142	input_spectra/bkgrnd-marine-broth.mzML	2845	0	286.223715888129	1	1082.37	0.0
141	input_spectra/bkgrnd-marine-broth.mzML	2846	0	286.223715888129	1	1082.56	0.0
158	input_spectra/bkgrnd-marine-broth.mzML	2847	0	328.273207122204	1	1085.67	0.0
156	input_spectra/bkgrnd-marine-broth.mzML	2848	0	328.273207122204	1	1085.86	0.0
158	input_spectra/bkgrnd-marine-broth.mzML	2849	0	328.273207122204	1	1086.52	0.0
156	input_spectra/bkgrnd-marine-broth.mzML	2850	0	328.273207122204	1	1086.71	0.0
162	input_spectra/bkgrnd-marine-broth.mzML	2851	0	328.273207122204	1	1087.36	0.0
156	input_spectra/bkgrnd-marine-broth.mzML	2852	0	328.273207122204	1	1087.56	0.0
84	input_spectra/bkgrnd-marine-broth.mzML	2853	0	185.112635294596	1	1094.92	0.0
84	input_spectra/bkgrnd-marine-broth.mzML	2854	0	185.112635294596	1	1095.11	0.0
84	input_spectra/bkgrnd-marine-broth.mzML	2855	0	185.112635294596	1	1096.37	0.0
84	input_spectra/bkgrnd-marine-broth.mzML	2856	0	185.112635294596	1	1096.56	0.0
84	input_spectra/bkgrnd-marine-broth.mzML	2857	0	185.112635294596	1	1097.42	0.0
84	input_spectra/bkgrnd-marine-broth.mzML	2858	0	185.112635294596	1	1097.61	0.0
149	input_spectra/bkgrnd-marine-broth.mzML	2859	0	304.233856201172	1	1099.47	0.0
149	input_spectra/bkgrnd-marine-broth.mzML	2860	0	304.233856201172	1	1099.66	0.0
142	input_spectra/bkgrnd-marine-broth.mzML	2861	0	286.223715888129	1	1100.31	0.0
141	input_spectra/bkgrnd-marine-broth.mzML	2862	0	286.223715888129	1	1100.5	0.0
142	input_spectra/bkgrnd-marine-broth.mzML	2863	0	286.223715888129	1	1101.16	0.0
143	input_spectra/bkgrnd-marine-broth.mzML	2864	0	286.223715888129	1	1101.35	0.0
149	input_spectra/bkgrnd-marine-broth.mzML	2865	0	304.233856201172	1	1101.54	0.0
149	input_spectra/bkgrnd-marine-broth.mzML	2866	0	304.233856201172	1	1101.73	0.0
143	input_spectra/bkgrnd-marine-broth.mzML	2867	0	286.223715888129	1	1102.39	0.0
143	input_spectra/bkgrnd-marine-broth.mzML	2868	0	286.223715888129	1	1102.58	0.0
149	input_spectra/bkgrnd-marine-broth.mzML	2869	0	304.233856201172	1	1103.24	0.0
149	input_spectra/bkgrnd-marine-broth.mzML	2870	0	304.233856201172	1	1103.43	0.0
157	input_spectra/bkgrnd-marine-broth.mzML	2871	0	328.273207122204	1	1105.09	0.0
159	input_spectra/bkgrnd-marine-broth.mzML	2872	0	328.273207122204	1	1105.28	0.0
162	input_spectra/bkgrnd-marine-broth.mzML	2873	0	328.273207122204	1	1105.94	0.0
159	input_spectra/bkgrnd-marine-broth.mzML	2874	0	328.273207122204	1	1106.13	0.0
162	input_spectra/bkgrnd-marine-broth.mzML	2875	0	328.273207122204	1	1106.78	0.0
159	input_spectra/bkgrnd-marine-broth.mzML	2876	0	328.273207122204	1	1106.97	0.0
160	input_spectra/bkgrnd-marine-broth.mzML	2877	0	328.273207122204	1	1124.06	0.0
159	input_spectra/bkgrnd-marine-broth.mzML	2878	0	328.273207122204	1	1124.26	0.0
155	input_spectra/bkgrnd-marine-broth.mzML	2879	0	328.273207122204	1	1124.91	0.0
159	input_spectra/bkgrnd-marine-broth.mzML	2880	0	328.273207122204	1	1125.1	0.0
155	input_spectra/bkgrnd-marine-broth.mzML	2881	0	328.273207122204	1	1125.76	0.0
157	input_spectra/bkgrnd-marine-broth.mzML	2882	0	328.273207122204	1	1125.95	0.0
222	input_spectra/bkgrnd-marine-broth.mzML	2883	0	495.476874457465	1	1135.83	0.0
223	input_spectra/bkgrnd-marine-broth.mzML	2884	0	495.476874457465	1	1136.02	0.0
222	input_spectra/bkgrnd-marine-broth.mzML	2885	0	495.476874457465	1	1141.28	0.0
223	input_spectra/bkgrnd-marine-broth.mzML	2886	0	495.476874457465	1	1141.47	0.0
157	input_spectra/bkgrnd-marine-broth.mzML	2887	0	328.273207122204	1	1143.13	0.0
157	input_spectra/bkgrnd-marine-broth.mzML	2888	0	328.273207122204	1	1143.32	0.0
161	input_spectra/bkgrnd-marine-broth.mzML	2889	0	328.273207122204	1	1143.98	0.0
159	input_spectra/bkgrnd-marine-broth.mzML	2890	0	328.273207122204	1	1144.17	0.0
157	input_spectra/bkgrnd-marine-broth.mzML	2891	0	328.273207122204	1	1144.83	0.0
157	input_spectra/bkgrnd-marine-broth.mzML	2892	0	328.273207122204	1	1145.02	0.0
222	input_spectra/bkgrnd-marine-broth.mzML	2893	0	495.476874457465	1	1145.68	0.0
223	input_spectra/bkgrnd-marine-broth.mzML	2894	0	495.476874457465	1	1145.87	0.0
84	input_spectra/bkgrnd-marine-broth.mzML	2895	0	185.112635294596	1	1162.16	0.0
84	input_spectra/bkgrnd-marine-broth.mzML	2896	0	185.112635294596	1	1162.35	0.0
155	input_spectra/bkgrnd-marine-broth.mzML	2897	0	328.273207122204	1	1163.0	0.0
160	input_spectra/bkgrnd-marine-broth.mzML	2898	0	328.273207122204	1	1163.2	0.0
222	input_spectra/bkgrnd-marine-broth.mzML	2899	0	495.476874457465	1	1163.39	0.0
223	input_spectra/bkgrnd-marine-broth.mzML	2900	0	495.476874457465	1	1163.58	0.0
155	input_spectra/bkgrnd-marine-broth.mzML	2901	0	328.273207122204	1	1164.24	0.0
160	input_spectra/bkgrnd-marine-broth.mzML	2902	0	328.273207122204	1	1164.43	0.0
222	input_spectra/bkgrnd-marine-broth.mzML	2903	0	495.476874457465	1	1164.62	0.0
223	input_spectra/bkgrnd-marine-broth.mzML	2904	0	495.476874457465	1	1164.81	0.0
155	input_spectra/bkgrnd-marine-broth.mzML	2905	0	328.273207122204	1	1165.47	0.0
159	input_spectra/bkgrnd-marine-broth.mzML	2906	0	328.273207122204	1	1165.66	0.0
222	input_spectra/bkgrnd-marine-broth.mzML	2907	0	495.476874457465	1	1165.85	0.0
223	input_spectra/bkgrnd-marine-broth.mzML	2908	0	495.476874457465	1	1166.04	0.0
84	input_spectra/bkgrnd-marine-broth.mzML	2909	0	185.112635294596	1	1167.1	0.0
84	input_spectra/bkgrnd-marine-broth.mzML	2910	0	185.112635294596	1	1167.29	0.0
84	input_spectra/bkgrnd-marine-broth.mzML	2911	0	185.112635294596	1	1170.15	0.0
84	input_spectra/bkgrnd-marine-broth.mzML	2912	0	185.112635294596	1	1170.34	0.0
158	input_spectra/bkgrnd-marine-broth.mzML	2913	0	328.273207122204	1	1182.51	0.0
159	input_spectra/bkgrnd-marine-broth.mzML	2914	0	328.273207122204	1	1182.71	0.0
222	input_spectra/bkgrnd-marine-broth.mzML	2915	0	495.476874457465	1	1182.9	0.0
223	input_spectra/bkgrnd-marine-broth.mzML	2916	0	495.476874457465	1	1183.09	0.0
158	input_spectra/bkgrnd-marine-broth.mzML	2917	0	328.273207122204	1	1183.75	0.0
160	input_spectra/bkgrnd-marine-broth.mzML	2918	0	328.273207122204	1	1183.94	0.0
222	input_spectra/bkgrnd-marine-broth.mzML	2919	0	495.476874457465	1	1184.13	0.0
223	input_spectra/bkgrnd-marine-broth.mzML	2920	0	495.476874457465	1	1184.32	0.0
155	input_spectra/bkgrnd-marine-broth.mzML	2921	0	328.273207122204	1	1184.98	0.0
159	input_spectra/bkgrnd-marine-broth.mzML	2922	0	328.273207122204	1	1185.17	0.0
222	input_spectra/bkgrnd-marine-broth.mzML	2923	0	495.476874457465	1	1185.36	0.0
223	input_spectra/bkgrnd-marine-broth.mzML	2924	0	495.476874457465	1	1185.55	0.0
84	input_spectra/bkgrnd-marine-broth.mzML	2925	0	185.112635294596	1	1188.06	0.0
84	input_spectra/bkgrnd-marine-broth.mzML	2926	0	185.112635294596	1	1188.25	0.0
84	input_spectra/bkgrnd-marine-broth.mzML	2927	0	185.112635294596	1	1188.91	0.0
84	input_spectra/bkgrnd-marine-broth.mzML	2928	0	185.112635294596	1	1189.1	0.0
84	input_spectra/bkgrnd-marine-broth.mzML	2929	0	185.112635294596	1	1189.75	0.0
84	input_spectra/bkgrnd-marine-broth.mzML	2930	0	185.112635294596	1	1189.95	0.0
