#ClusterIdx	#Filename	#SpecIdx	#Scan	#ParentMass	#Charge	#RetTime	#PrecIntensity
24	input_spectra/9-D3M06.mzML	0	0	130.96614074707	1	5874.0	0.0
24	input_spectra/9-D3M06.mzML	1	0	130.96614074707	1	5885.46	0.0
24	input_spectra/9-D3M06.mzML	2	0	130.96614074707	1	5936.879999999999	0.0
24	input_spectra/9-D3M06.mzML	3	0	130.96614074707	1	5948.34	0.0
3	input_spectra/9-D3M06.mzML	4	0	110.008759816488	1	6336.42	0.0
3	input_spectra/9-D3M06.mzML	5	0	110.008759816488	1	6347.88	0.0
3	input_spectra/9-D3M06.mzML	6	0	110.008759816488	1	6387.24	0.0
3	input_spectra/9-D3M06.mzML	7	0	110.008759816488	1	6398.7	0.0
16	input_spectra/9-D3M06.mzML	8	0	125.98616027832	1	6410.22	0.0
16	input_spectra/9-D3M06.mzML	9	0	125.98616027832	1	6421.68	0.0
44	input_spectra/9-D3M06.mzML	10	0	151.035100301107	1	6433.139999999999	0.0
44	input_spectra/9-D3M06.mzML	11	0	151.035100301107	1	6444.599999999999	0.0
3	input_spectra/9-D3M06.mzML	12	0	110.008759816488	1	6484.0199999999995	0.0
3	input_spectra/9-D3M06.mzML	13	0	110.008759816488	1	6495.48	0.0
16	input_spectra/9-D3M06.mzML	14	0	125.98616027832	1	6506.94	0.0
16	input_spectra/9-D3M06.mzML	15	0	125.98616027832	1	6518.4	0.0
44	input_spectra/9-D3M06.mzML	16	0	151.035100301107	1	6529.92	0.0
44	input_spectra/9-D3M06.mzML	17	0	151.035100301107	1	6541.38	0.0
90	input_spectra/9-D3M06.mzML	18	0	223.988647460938	1	6552.84	0.0
90	input_spectra/9-D3M06.mzML	19	0	223.988647460938	1	6564.360000000001	0.0
79	input_spectra/9-D3M06.mzML	20	0	198.939777374268	1	6575.82	0.0
79	input_spectra/9-D3M06.mzML	21	0	198.939777374268	1	6587.28	0.0
16	input_spectra/9-D3M06.mzML	22	0	125.98616027832	1	6626.7	0.0
16	input_spectra/9-D3M06.mzML	23	0	125.98616027832	1	6638.16	0.0
90	input_spectra/9-D3M06.mzML	24	0	223.988647460938	1	6649.68	0.0
90	input_spectra/9-D3M06.mzML	25	0	223.988647460938	1	6661.14	0.0
44	input_spectra/9-D3M06.mzML	26	0	151.035100301107	1	6672.599999999999	0.0
44	input_spectra/9-D3M06.mzML	27	0	151.035100301107	1	6684.12	0.0
79	input_spectra/9-D3M06.mzML	28	0	198.939777374268	1	6695.58	0.0
79	input_spectra/9-D3M06.mzML	29	0	198.939777374268	1	6707.099999999999	0.0
69	input_spectra/9-D3M06.mzML	30	0	182.962285359701	1	6718.5599999999995	0.0
70	input_spectra/9-D3M06.mzML	31	0	182.962285359701	1	6730.02	0.0
90	input_spectra/9-D3M06.mzML	32	0	223.988647460938	1	6769.44	0.0
90	input_spectra/9-D3M06.mzML	33	0	223.988647460938	1	6780.9	0.0
79	input_spectra/9-D3M06.mzML	34	0	198.939777374268	1	6792.360000000001	0.0
79	input_spectra/9-D3M06.mzML	35	0	198.939777374268	1	6803.88	0.0
69	input_spectra/9-D3M06.mzML	36	0	182.962285359701	1	6815.400000000001	0.0
70	input_spectra/9-D3M06.mzML	37	0	182.962285359701	1	6826.92	0.0
104	input_spectra/9-D3M06.mzML	38	0	239.966130574544	1	6838.38	0.0
104	input_spectra/9-D3M06.mzML	39	0	239.966130574544	1	6849.84	0.0
39	input_spectra/9-D3M06.mzML	40	0	146.165018717448	1	6861.36	0.0
39	input_spectra/9-D3M06.mzML	41	0	146.165018717448	1	6872.82	0.0
69	input_spectra/9-D3M06.mzML	42	0	182.962285359701	1	6912.24	0.0
70	input_spectra/9-D3M06.mzML	43	0	182.962285359701	1	6923.7	0.0
104	input_spectra/9-D3M06.mzML	44	0	239.966130574544	1	6935.16	0.0
104	input_spectra/9-D3M06.mzML	45	0	239.966130574544	1	6946.68	0.0
39	input_spectra/9-D3M06.mzML	46	0	146.165018717448	1	6958.139999999999	0.0
39	input_spectra/9-D3M06.mzML	47	0	146.165018717448	1	6969.66	0.0
114	input_spectra/9-D3M06.mzML	48	0	265.015096028646	1	6981.12	0.0
114	input_spectra/9-D3M06.mzML	49	0	265.015096028646	1	6992.639999999999	0.0
86	input_spectra/9-D3M06.mzML	50	0	214.91709391276	1	7004.1	0.0
86	input_spectra/9-D3M06.mzML	51	0	214.91709391276	1	7015.620000000001	0.0
104	input_spectra/9-D3M06.mzML	52	0	239.966130574544	1	7054.98	0.0
104	input_spectra/9-D3M06.mzML	53	0	239.966130574544	1	7066.4400000000005	0.0
39	input_spectra/9-D3M06.mzML	54	0	146.165018717448	1	7077.96	0.0
39	input_spectra/9-D3M06.mzML	55	0	146.165018717448	1	7089.42	0.0
86	input_spectra/9-D3M06.mzML	56	0	214.91709391276	1	7100.88	0.0
86	input_spectra/9-D3M06.mzML	57	0	214.91709391276	1	7112.400000000001	0.0
114	input_spectra/9-D3M06.mzML	58	0	265.015096028646	1	7123.86	0.0
114	input_spectra/9-D3M06.mzML	59	0	265.015096028646	1	7135.38	0.0
86	input_spectra/9-D3M06.mzML	60	0	214.91709391276	1	7174.74	0.0
86	input_spectra/9-D3M06.mzML	61	0	214.91709391276	1	7186.26	0.0
114	input_spectra/9-D3M06.mzML	62	0	265.015096028646	1	7197.72	0.0
114	input_spectra/9-D3M06.mzML	63	0	265.015096028646	1	7209.18	0.0
3	input_spectra/9-D3M06.mzML	64	0	110.008759816488	1	7477.08	0.0
3	input_spectra/9-D3M06.mzML	65	0	110.008759816488	1	7488.54	0.0
3	input_spectra/9-D3M06.mzML	66	0	110.008759816488	1	7527.900000000001	0.0
3	input_spectra/9-D3M06.mzML	67	0	110.008759816488	1	7539.360000000001	0.0
3	input_spectra/9-D3M06.mzML	68	0	110.008759816488	1	7578.78	0.0
3	input_spectra/9-D3M06.mzML	69	0	110.008759816488	1	7590.240000000001	0.0
16	input_spectra/9-D3M06.mzML	70	0	125.98616027832	1	7629.599999999999	0.0
16	input_spectra/9-D3M06.mzML	71	0	125.98616027832	1	7641.0599999999995	0.0
44	input_spectra/9-D3M06.mzML	72	0	151.035100301107	1	7652.52	0.0
44	input_spectra/9-D3M06.mzML	73	0	151.035100301107	1	7664.04	0.0
16	input_spectra/9-D3M06.mzML	74	0	125.98616027832	1	7703.34	0.0
16	input_spectra/9-D3M06.mzML	75	0	125.98616027832	1	7714.86	0.0
44	input_spectra/9-D3M06.mzML	76	0	151.035100301107	1	7726.32	0.0
44	input_spectra/9-D3M06.mzML	77	0	151.035100301107	1	7737.78	0.0
79	input_spectra/9-D3M06.mzML	78	0	198.939777374268	1	7777.200000000001	0.0
79	input_spectra/9-D3M06.mzML	79	0	198.939777374268	1	7788.660000000001	0.0
90	input_spectra/9-D3M06.mzML	80	0	223.988647460938	1	7800.120000000001	0.0
90	input_spectra/9-D3M06.mzML	81	0	223.988647460938	1	7811.639999999999	0.0
16	input_spectra/9-D3M06.mzML	82	0	125.98616027832	1	7823.099999999999	0.0
16	input_spectra/9-D3M06.mzML	83	0	125.98616027832	1	7834.5599999999995	0.0
44	input_spectra/9-D3M06.mzML	84	0	151.035100301107	1	7846.08	0.0
44	input_spectra/9-D3M06.mzML	85	0	151.035100301107	1	7857.54	0.0
65	input_spectra/9-D3M06.mzML	86	0	175.118403116862	1	8462.039999999999	0.0
65	input_spectra/9-D3M06.mzML	87	0	175.118403116862	1	8473.56	0.0
5	input_spectra/9-D3M06.mzML	88	0	118.085968653361	1	8512.86	0.0
5	input_spectra/9-D3M06.mzML	89	0	118.085968653361	1	8524.32	0.0
65	input_spectra/9-D3M06.mzML	90	0	175.118403116862	1	8535.84	0.0
65	input_spectra/9-D3M06.mzML	91	0	175.118403116862	1	8547.300000000001	0.0
5	input_spectra/9-D3M06.mzML	92	0	118.085968653361	1	8586.66	0.0
5	input_spectra/9-D3M06.mzML	93	0	118.085968653361	1	8598.18	0.0
65	input_spectra/9-D3M06.mzML	94	0	175.118403116862	1	8609.64	0.0
65	input_spectra/9-D3M06.mzML	95	0	175.118403116862	1	8621.1	0.0
5	input_spectra/9-D3M06.mzML	96	0	118.085968653361	1	8660.460000000001	0.0
5	input_spectra/9-D3M06.mzML	97	0	118.085968653361	1	8671.92	0.0
23	input_spectra/9-D3M06.mzML	98	0	130.097056070964	1	8951.76	0.0
23	input_spectra/9-D3M06.mzML	99	0	130.097056070964	1	8963.28	0.0
23	input_spectra/9-D3M06.mzML	100	0	130.097056070964	1	9014.64	0.0
23	input_spectra/9-D3M06.mzML	101	0	130.097056070964	1	9026.1	0.0
23	input_spectra/9-D3M06.mzML	102	0	130.097056070964	1	9065.460000000001	0.0
23	input_spectra/9-D3M06.mzML	103	0	130.097056070964	1	9076.92	0.0
99	input_spectra/9-D3M06.mzML	104	0	235.118194580078	1	9344.76	0.0
99	input_spectra/9-D3M06.mzML	105	0	235.118194580078	1	9356.279999999999	0.0
99	input_spectra/9-D3M06.mzML	106	0	235.118194580078	1	9395.64	0.0
99	input_spectra/9-D3M06.mzML	107	0	235.118194580078	1	9407.16	0.0
19	input_spectra/9-D3M06.mzML	108	0	129.065567016602	1	9458.52	0.0
19	input_spectra/9-D3M06.mzML	109	0	129.065567016602	1	9469.98	0.0
19	input_spectra/9-D3M06.mzML	110	0	129.065567016602	1	9509.34	0.0
19	input_spectra/9-D3M06.mzML	111	0	129.065567016602	1	9520.800000000001	0.0
50	input_spectra/9-D3M06.mzML	112	0	158.092102050781	1	9560.22	0.0
50	input_spectra/9-D3M06.mzML	113	0	158.092102050781	1	9571.68	0.0
19	input_spectra/9-D3M06.mzML	114	0	129.065567016602	1	9583.14	0.0
19	input_spectra/9-D3M06.mzML	115	0	129.065567016602	1	9594.6	0.0
50	input_spectra/9-D3M06.mzML	116	0	158.092102050781	1	9633.960000000001	0.0
50	input_spectra/9-D3M06.mzML	117	0	158.092102050781	1	9645.480000000001	0.0
50	input_spectra/9-D3M06.mzML	118	0	158.092102050781	1	9684.84	0.0
50	input_spectra/9-D3M06.mzML	119	0	158.092102050781	1	9696.3	0.0
5	input_spectra/9-D3M06.mzML	120	0	118.085968653361	1	9735.66	0.0
5	input_spectra/9-D3M06.mzML	121	0	118.085968653361	1	9747.119999999999	0.0
42	input_spectra/9-D3M06.mzML	122	0	150.058049519857	1	9758.64	0.0
42	input_spectra/9-D3M06.mzML	123	0	150.058049519857	1	9770.1	0.0
5	input_spectra/9-D3M06.mzML	124	0	118.085968653361	1	9809.400000000001	0.0
5	input_spectra/9-D3M06.mzML	125	0	118.085968653361	1	9820.86	0.0
42	input_spectra/9-D3M06.mzML	126	0	150.058049519857	1	9832.38	0.0
42	input_spectra/9-D3M06.mzML	127	0	150.058049519857	1	9843.84	0.0
5	input_spectra/9-D3M06.mzML	128	0	118.085968653361	1	9883.26	0.0
5	input_spectra/9-D3M06.mzML	129	0	118.085968653361	1	9894.720000000001	0.0
42	input_spectra/9-D3M06.mzML	130	0	150.058049519857	1	9906.18	0.0
42	input_spectra/9-D3M06.mzML	131	0	150.058049519857	1	9917.640000000001	0.0
28	input_spectra/9-D3M06.mzML	132	0	132.101959955125	1	10281.66	0.0
28	input_spectra/9-D3M06.mzML	133	0	132.101959955125	1	10293.119999999999	0.0
28	input_spectra/9-D3M06.mzML	134	0	132.101959955125	1	10332.48	0.0
28	input_spectra/9-D3M06.mzML	135	0	132.101959955125	1	10343.94	0.0
28	input_spectra/9-D3M06.mzML	136	0	132.101959955125	1	10383.300000000001	0.0
28	input_spectra/9-D3M06.mzML	137	0	132.101959955125	1	10394.820000000002	0.0
50	input_spectra/9-D3M06.mzML	138	0	158.092102050781	1	10746.78	0.0
50	input_spectra/9-D3M06.mzML	139	0	158.092102050781	1	10758.300000000001	0.0
50	input_spectra/9-D3M06.mzML	140	0	158.092102050781	1	10797.66	0.0
50	input_spectra/9-D3M06.mzML	141	0	158.092102050781	1	10809.119999999999	0.0
50	input_spectra/9-D3M06.mzML	142	0	158.092102050781	1	10848.48	0.0
50	input_spectra/9-D3M06.mzML	143	0	158.092102050781	1	10859.94	0.0
5	input_spectra/9-D3M06.mzML	144	0	118.085968653361	1	10923.42	0.0
5	input_spectra/9-D3M06.mzML	145	0	118.085968653361	1	10934.88	0.0
5	input_spectra/9-D3M06.mzML	146	0	118.085968653361	1	10974.3	0.0
5	input_spectra/9-D3M06.mzML	147	0	118.085968653361	1	10985.76	0.0
5	input_spectra/9-D3M06.mzML	148	0	118.085968653361	1	11025.12	0.0
5	input_spectra/9-D3M06.mzML	149	0	118.085968653361	1	11036.58	0.0
110	input_spectra/9-D3M06.mzML	150	0	260.196212768555	1	11424.66	0.0
110	input_spectra/9-D3M06.mzML	151	0	260.196212768555	1	11436.18	0.0
91	input_spectra/9-D3M06.mzML	152	0	226.154228210449	1	11459.1	0.0
28	input_spectra/9-D3M06.mzML	153	0	132.101959955125	1	11498.46	0.0
28	input_spectra/9-D3M06.mzML	154	0	132.101959955125	1	11509.98	0.0
91	input_spectra/9-D3M06.mzML	155	0	226.154228210449	1	11532.960000000001	0.0
110	input_spectra/9-D3M06.mzML	156	0	260.196212768555	1	11544.42	0.0
110	input_spectra/9-D3M06.mzML	157	0	260.196212768555	1	11555.939999999999	0.0
28	input_spectra/9-D3M06.mzML	158	0	132.101959955125	1	11618.34	0.0
64	input_spectra/9-D3M06.mzML	159	0	175.107543945313	1	11641.32	0.0
64	input_spectra/9-D3M06.mzML	160	0	175.107543945313	1	11652.779999999999	0.0
115	input_spectra/9-D3M06.mzML	161	0	268.104644775391	1	11687.4	0.0
115	input_spectra/9-D3M06.mzML	162	0	268.104644775391	1	11698.86	0.0
115	input_spectra/9-D3M06.mzML	163	0	268.104644775391	1	11761.38	0.0
115	input_spectra/9-D3M06.mzML	164	0	268.104644775391	1	11772.84	0.0
29	input_spectra/9-D3M06.mzML	165	0	132.108947753906	1	11795.82	0.0
249	input_spectra/9-D3M06.mzML	166	0	610.280334472656	1	11830.32	0.0
249	input_spectra/9-D3M06.mzML	167	0	610.280334472656	1	11841.84	0.0
267	input_spectra/9-D3M06.mzML	168	0	683.345947265625	1	11864.94	0.0
29	input_spectra/9-D3M06.mzML	169	0	132.108947753906	1	11915.76	0.0
115	input_spectra/9-D3M06.mzML	170	0	268.104644775391	1	11927.28	0.0
115	input_spectra/9-D3M06.mzML	171	0	268.104644775391	1	11938.8	0.0
107	input_spectra/9-D3M06.mzML	172	0	254.160667419434	1	11973.24	0.0
108	input_spectra/9-D3M06.mzML	173	0	254.160667419434	1	11984.7	0.0
28	input_spectra/9-D3M06.mzML	174	0	132.101959955125	1	12047.039999999999	0.0
28	input_spectra/9-D3M06.mzML	175	0	132.101959955125	1	12058.56	0.0
14	input_spectra/9-D3M06.mzML	176	0	121.064666748047	1	12070.02	0.0
14	input_spectra/9-D3M06.mzML	177	0	121.064666748047	1	12081.48	0.0
47	input_spectra/9-D3M06.mzML	178	0	155.081266615126	1	12092.94	0.0
47	input_spectra/9-D3M06.mzML	179	0	155.081266615126	1	12104.460000000001	0.0
87	input_spectra/9-D3M06.mzML	180	0	215.138763427734	1	12115.92	0.0
87	input_spectra/9-D3M06.mzML	181	0	215.138763427734	1	12127.38	0.0
107	input_spectra/9-D3M06.mzML	182	0	254.160667419434	1	12138.9	0.0
108	input_spectra/9-D3M06.mzML	183	0	254.160667419434	1	12150.36	0.0
28	input_spectra/9-D3M06.mzML	184	0	132.101959955125	1	12189.78	0.0
28	input_spectra/9-D3M06.mzML	185	0	132.101959955125	1	12201.240000000002	0.0
47	input_spectra/9-D3M06.mzML	186	0	155.081266615126	1	12212.699999999999	0.0
47	input_spectra/9-D3M06.mzML	187	0	155.081266615126	1	12224.16	0.0
14	input_spectra/9-D3M06.mzML	188	0	121.064666748047	1	12235.68	0.0
14	input_spectra/9-D3M06.mzML	189	0	121.064666748047	1	12247.14	0.0
87	input_spectra/9-D3M06.mzML	190	0	215.138763427734	1	12258.6	0.0
87	input_spectra/9-D3M06.mzML	191	0	215.138763427734	1	12270.12	0.0
33	input_spectra/9-D3M06.mzML	192	0	138.091033935547	1	12281.58	0.0
34	input_spectra/9-D3M06.mzML	193	0	138.091033935547	1	12293.039999999999	0.0
47	input_spectra/9-D3M06.mzML	194	0	155.081266615126	1	12332.46	0.0
47	input_spectra/9-D3M06.mzML	195	0	155.081266615126	1	12343.92	0.0
14	input_spectra/9-D3M06.mzML	196	0	121.064666748047	1	12355.44	0.0
14	input_spectra/9-D3M06.mzML	197	0	121.064666748047	1	12366.900000000001	0.0
87	input_spectra/9-D3M06.mzML	198	0	215.138763427734	1	12378.36	0.0
87	input_spectra/9-D3M06.mzML	199	0	215.138763427734	1	12389.88	0.0
46	input_spectra/9-D3M06.mzML	200	0	153.04035949707	1	12401.34	0.0
46	input_spectra/9-D3M06.mzML	201	0	153.04035949707	1	12412.8	0.0
33	input_spectra/9-D3M06.mzML	202	0	138.091033935547	1	12424.32	0.0
34	input_spectra/9-D3M06.mzML	203	0	138.091033935547	1	12435.78	0.0
6	input_spectra/9-D3M06.mzML	204	0	118.085968653361	1	12486.66	0.0
146	input_spectra/9-D3M06.mzML	205	0	329.181060791016	1	12498.18	0.0
146	input_spectra/9-D3M06.mzML	206	0	329.181060791016	1	12509.64	0.0
46	input_spectra/9-D3M06.mzML	207	0	153.04035949707	1	12544.08	0.0
46	input_spectra/9-D3M06.mzML	208	0	153.04035949707	1	12555.599999999999	0.0
100	input_spectra/9-D3M06.mzML	209	0	237.086466471354	1	12594.96	0.0
101	input_spectra/9-D3M06.mzML	210	0	237.086466471354	1	12606.42	0.0
7	input_spectra/9-D3M06.mzML	211	0	118.085968653361	1	12617.94	0.0
6	input_spectra/9-D3M06.mzML	212	0	118.085968653361	1	12629.400000000001	0.0
100	input_spectra/9-D3M06.mzML	213	0	237.086466471354	1	12668.759999999998	0.0
101	input_spectra/9-D3M06.mzML	214	0	237.086466471354	1	12680.279999999999	0.0
7	input_spectra/9-D3M06.mzML	215	0	118.085968653361	1	12691.74	0.0
6	input_spectra/9-D3M06.mzML	216	0	118.085968653361	1	12703.2	0.0
100	input_spectra/9-D3M06.mzML	217	0	237.086466471354	1	12742.56	0.0
101	input_spectra/9-D3M06.mzML	218	0	237.086466471354	1	12754.02	0.0
31	input_spectra/9-D3M06.mzML	219	0	137.04546101888	1	12765.539999999999	0.0
32	input_spectra/9-D3M06.mzML	220	0	137.04546101888	1	12777.0	0.0
31	input_spectra/9-D3M06.mzML	221	0	137.04546101888	1	12816.36	0.0
32	input_spectra/9-D3M06.mzML	222	0	137.04546101888	1	12827.82	0.0
31	input_spectra/9-D3M06.mzML	223	0	137.04546101888	1	12867.18	0.0
32	input_spectra/9-D3M06.mzML	224	0	137.04546101888	1	12878.64	0.0
116	input_spectra/9-D3M06.mzML	225	0	269.087615966797	1	13038.300000000001	0.0
116	input_spectra/9-D3M06.mzML	226	0	269.087615966797	1	13049.76	0.0
45	input_spectra/9-D3M06.mzML	227	0	152.056365966797	1	13113.18	0.0
45	input_spectra/9-D3M06.mzML	228	0	152.056365966797	1	13124.64	0.0
28	input_spectra/9-D3M06.mzML	229	0	132.101959955125	1	13164.0	0.0
28	input_spectra/9-D3M06.mzML	230	0	132.101959955125	1	13175.460000000001	0.0
45	input_spectra/9-D3M06.mzML	231	0	152.056365966797	1	13186.92	0.0
45	input_spectra/9-D3M06.mzML	232	0	152.056365966797	1	13198.439999999999	0.0
121	input_spectra/9-D3M06.mzML	233	0	284.098480224609	1	13209.9	0.0
122	input_spectra/9-D3M06.mzML	234	0	284.098480224609	1	13221.42	0.0
28	input_spectra/9-D3M06.mzML	235	0	132.101959955125	1	13260.78	0.0
28	input_spectra/9-D3M06.mzML	236	0	132.101959955125	1	13272.24	0.0
45	input_spectra/9-D3M06.mzML	237	0	152.056365966797	1	13283.759999999998	0.0
45	input_spectra/9-D3M06.mzML	238	0	152.056365966797	1	13295.22	0.0
121	input_spectra/9-D3M06.mzML	239	0	284.098480224609	1	13306.74	0.0
122	input_spectra/9-D3M06.mzML	240	0	284.098480224609	1	13318.2	0.0
121	input_spectra/9-D3M06.mzML	241	0	284.098480224609	1	13357.62	0.0
122	input_spectra/9-D3M06.mzML	242	0	284.098480224609	1	13369.08	0.0
28	input_spectra/9-D3M06.mzML	243	0	132.101959955125	1	13380.599999999999	0.0
47	input_spectra/9-D3M06.mzML	244	0	155.081266615126	1	13403.52	0.0
47	input_spectra/9-D3M06.mzML	245	0	155.081266615126	1	13414.98	0.0
52	input_spectra/9-D3M06.mzML	246	0	160.075429280599	1	13426.5	0.0
53	input_spectra/9-D3M06.mzML	247	0	160.075429280599	1	13437.960000000001	0.0
52	input_spectra/9-D3M06.mzML	248	0	160.075429280599	1	13477.320000000002	0.0
53	input_spectra/9-D3M06.mzML	249	0	160.075429280599	1	13488.84	0.0
47	input_spectra/9-D3M06.mzML	250	0	155.081266615126	1	13500.3	0.0
47	input_spectra/9-D3M06.mzML	251	0	155.081266615126	1	13511.76	0.0
52	input_spectra/9-D3M06.mzML	252	0	160.075429280599	1	13574.16	0.0
53	input_spectra/9-D3M06.mzML	253	0	160.075429280599	1	13585.619999999999	0.0
28	input_spectra/9-D3M06.mzML	254	0	132.101959955125	1	13597.08	0.0
28	input_spectra/9-D3M06.mzML	255	0	132.101959955125	1	13608.6	0.0
47	input_spectra/9-D3M06.mzML	256	0	155.081266615126	1	13620.06	0.0
47	input_spectra/9-D3M06.mzML	257	0	155.081266615126	1	13631.52	0.0
127	input_spectra/9-D3M06.mzML	258	0	290.134216308594	1	13670.939999999999	0.0
127	input_spectra/9-D3M06.mzML	259	0	290.134216308594	1	13682.4	0.0
127	input_spectra/9-D3M06.mzML	260	0	290.134216308594	1	13721.82	0.0
127	input_spectra/9-D3M06.mzML	261	0	290.134216308594	1	13733.28	0.0
127	input_spectra/9-D3M06.mzML	262	0	290.134216308594	1	13772.640000000001	0.0
127	input_spectra/9-D3M06.mzML	263	0	290.134216308594	1	13784.16	0.0
28	input_spectra/9-D3M06.mzML	264	0	132.101959955125	1	13919.76	0.0
28	input_spectra/9-D3M06.mzML	265	0	132.101959955125	1	13931.220000000001	0.0
88	input_spectra/9-D3M06.mzML	266	0	217.154342651367	1	14018.64	0.0
88	input_spectra/9-D3M06.mzML	267	0	217.154342651367	1	14030.1	0.0
88	input_spectra/9-D3M06.mzML	268	0	217.154342651367	1	14069.460000000001	0.0
88	input_spectra/9-D3M06.mzML	269	0	217.154342651367	1	14080.98	0.0
88	input_spectra/9-D3M06.mzML	270	0	217.154342651367	1	14120.34	0.0
88	input_spectra/9-D3M06.mzML	271	0	217.154342651367	1	14131.8	0.0
45	input_spectra/9-D3M06.mzML	272	0	152.056365966797	1	14255.34	0.0
45	input_spectra/9-D3M06.mzML	273	0	152.056365966797	1	14266.86	0.0
28	input_spectra/9-D3M06.mzML	274	0	132.101959955125	1	14378.34	0.0
28	input_spectra/9-D3M06.mzML	275	0	132.101959955125	1	14389.859999999999	0.0
28	input_spectra/9-D3M06.mzML	276	0	132.101959955125	1	14429.16	0.0
28	input_spectra/9-D3M06.mzML	277	0	132.101959955125	1	14440.619999999999	0.0
28	input_spectra/9-D3M06.mzML	278	0	132.101959955125	1	14479.98	0.0
28	input_spectra/9-D3M06.mzML	279	0	132.101959955125	1	14491.5	0.0
47	input_spectra/9-D3M06.mzML	280	0	155.081266615126	1	14578.92	0.0
47	input_spectra/9-D3M06.mzML	281	0	155.081266615126	1	14590.380000000001	0.0
47	input_spectra/9-D3M06.mzML	282	0	155.081266615126	1	14629.74	0.0
47	input_spectra/9-D3M06.mzML	283	0	155.081266615126	1	14641.259999999998	0.0
47	input_spectra/9-D3M06.mzML	284	0	155.081266615126	1	14680.619999999999	0.0
47	input_spectra/9-D3M06.mzML	285	0	155.081266615126	1	14692.08	0.0
45	input_spectra/9-D3M06.mzML	286	0	152.056365966797	1	14803.62	0.0
45	input_spectra/9-D3M06.mzML	287	0	152.056365966797	1	14815.08	0.0
83	input_spectra/9-D3M06.mzML	288	0	211.107340494792	1	14826.6	0.0
84	input_spectra/9-D3M06.mzML	289	0	211.107340494792	1	14838.06	0.0
83	input_spectra/9-D3M06.mzML	290	0	211.107340494792	1	14877.48	0.0
84	input_spectra/9-D3M06.mzML	291	0	211.107340494792	1	14888.94	0.0
83	input_spectra/9-D3M06.mzML	292	0	211.107340494792	1	14928.36	0.0
84	input_spectra/9-D3M06.mzML	293	0	211.107340494792	1	14939.820000000002	0.0
45	input_spectra/9-D3M06.mzML	294	0	152.056365966797	1	14951.279999999999	0.0
45	input_spectra/9-D3M06.mzML	295	0	152.056365966797	1	14962.8	0.0
158	input_spectra/9-D3M06.mzML	296	0	359.191787719727	1	15025.140000000001	0.0
158	input_spectra/9-D3M06.mzML	297	0	359.191787719727	1	15036.6	0.0
158	input_spectra/9-D3M06.mzML	298	0	359.191787719727	1	15098.94	0.0
158	input_spectra/9-D3M06.mzML	299	0	359.191787719727	1	15110.460000000001	0.0
136	input_spectra/9-D3M06.mzML	300	0	317.181427001953	1	15121.92	0.0
136	input_spectra/9-D3M06.mzML	301	0	317.181427001953	1	15133.439999999999	0.0
158	input_spectra/9-D3M06.mzML	302	0	359.191787719727	1	15172.74	0.0
158	input_spectra/9-D3M06.mzML	303	0	359.191787719727	1	15184.26	0.0
276	input_spectra/9-D3M06.mzML	304	0	751.371602376302	1	15207.359999999999	0.0
136	input_spectra/9-D3M06.mzML	305	0	317.181427001953	1	15218.88	0.0
136	input_spectra/9-D3M06.mzML	306	0	317.181427001953	1	15230.4	0.0
276	input_spectra/9-D3M06.mzML	307	0	751.371602376302	1	15281.279999999999	0.0
48	input_spectra/9-D3M06.mzML	308	0	157.096817016602	1	15292.8	0.0
49	input_spectra/9-D3M06.mzML	309	0	157.096817016602	1	15304.32	0.0
136	input_spectra/9-D3M06.mzML	310	0	317.181427001953	1	15315.78	0.0
136	input_spectra/9-D3M06.mzML	311	0	317.181427001953	1	15327.300000000001	0.0
48	input_spectra/9-D3M06.mzML	312	0	157.096817016602	1	15366.66	0.0
49	input_spectra/9-D3M06.mzML	313	0	157.096817016602	1	15378.18	0.0
276	input_spectra/9-D3M06.mzML	314	0	751.371602376302	1	15401.279999999999	0.0
48	input_spectra/9-D3M06.mzML	315	0	157.096817016602	1	15440.64	0.0
49	input_spectra/9-D3M06.mzML	316	0	157.096817016602	1	15452.100000000002	0.0
76	input_spectra/9-D3M06.mzML	317	0	189.086415608724	1	15491.52	0.0
76	input_spectra/9-D3M06.mzML	318	0	189.086415608724	1	15502.98	0.0
63	input_spectra/9-D3M06.mzML	319	0	169.096761067708	1	15542.34	0.0
63	input_spectra/9-D3M06.mzML	320	0	169.096761067708	1	15553.86	0.0
28	input_spectra/9-D3M06.mzML	321	0	132.101959955125	1	15565.320000000002	0.0
28	input_spectra/9-D3M06.mzML	322	0	132.101959955125	1	15576.78	0.0
76	input_spectra/9-D3M06.mzML	323	0	189.086415608724	1	15588.239999999998	0.0
76	input_spectra/9-D3M06.mzML	324	0	189.086415608724	1	15599.759999999998	0.0
63	input_spectra/9-D3M06.mzML	325	0	169.096761067708	1	15639.119999999999	0.0
63	input_spectra/9-D3M06.mzML	326	0	169.096761067708	1	15650.580000000002	0.0
76	input_spectra/9-D3M06.mzML	327	0	189.086415608724	1	15662.100000000002	0.0
76	input_spectra/9-D3M06.mzML	328	0	189.086415608724	1	15673.56	0.0
28	input_spectra/9-D3M06.mzML	329	0	132.101959955125	1	15685.019999999999	0.0
28	input_spectra/9-D3M06.mzML	330	0	132.101959955125	1	15696.539999999999	0.0
119	input_spectra/9-D3M06.mzML	331	0	282.119232177734	1	15735.9	0.0
119	input_spectra/9-D3M06.mzML	332	0	282.119232177734	1	15747.36	0.0
63	input_spectra/9-D3M06.mzML	333	0	169.096761067708	1	15758.880000000001	0.0
63	input_spectra/9-D3M06.mzML	334	0	169.096761067708	1	15770.34	0.0
28	input_spectra/9-D3M06.mzML	335	0	132.101959955125	1	15781.8	0.0
28	input_spectra/9-D3M06.mzML	336	0	132.101959955125	1	15793.32	0.0
119	input_spectra/9-D3M06.mzML	337	0	282.119232177734	1	15832.679999999998	0.0
119	input_spectra/9-D3M06.mzML	338	0	282.119232177734	1	15844.140000000001	0.0
119	input_spectra/9-D3M06.mzML	339	0	282.119232177734	1	15883.500000000002	0.0
119	input_spectra/9-D3M06.mzML	340	0	282.119232177734	1	15895.019999999999	0.0
158	input_spectra/9-D3M06.mzML	341	0	359.191787719727	1	16198.920000000002	0.0
158	input_spectra/9-D3M06.mzML	342	0	359.191787719727	1	16210.439999999999	0.0
237	input_spectra/9-D3M06.mzML	343	0	570.286173502604	1	16221.96	0.0
237	input_spectra/9-D3M06.mzML	344	0	570.286173502604	1	16233.48	0.0
158	input_spectra/9-D3M06.mzML	345	0	359.191787719727	1	16272.84	0.0
158	input_spectra/9-D3M06.mzML	346	0	359.191787719727	1	16284.36	0.0
237	input_spectra/9-D3M06.mzML	347	0	570.286173502604	1	16295.880000000001	0.0
237	input_spectra/9-D3M06.mzML	348	0	570.286173502604	1	16307.400000000001	0.0
77	input_spectra/9-D3M06.mzML	349	0	189.123011271159	1	16318.920000000002	0.0
77	input_spectra/9-D3M06.mzML	350	0	189.123011271159	1	16330.380000000001	0.0
57	input_spectra/9-D3M06.mzML	351	0	166.085898659446	1	16341.839999999998	0.0
60	input_spectra/9-D3M06.mzML	352	0	166.085898659446	1	16353.359999999999	0.0
8	input_spectra/9-D3M06.mzML	353	0	120.080537796021	1	16364.820000000002	0.0
11	input_spectra/9-D3M06.mzML	354	0	120.080537796021	1	16376.279999999999	0.0
57	input_spectra/9-D3M06.mzML	355	0	166.085898659446	1	16415.82	0.0
60	input_spectra/9-D3M06.mzML	356	0	166.085898659446	1	16427.28	0.0
8	input_spectra/9-D3M06.mzML	357	0	120.080537796021	1	16438.800000000003	0.0
11	input_spectra/9-D3M06.mzML	358	0	120.080537796021	1	16450.26	0.0
158	input_spectra/9-D3M06.mzML	359	0	359.191787719727	1	16461.78	0.0
158	input_spectra/9-D3M06.mzML	360	0	359.191787719727	1	16473.239999999998	0.0
77	input_spectra/9-D3M06.mzML	361	0	189.123011271159	1	16484.76	0.0
77	input_spectra/9-D3M06.mzML	362	0	189.123011271159	1	16496.22	0.0
237	input_spectra/9-D3M06.mzML	363	0	570.286173502604	1	16507.8	0.0
237	input_spectra/9-D3M06.mzML	364	0	570.286173502604	1	16519.32	0.0
10	input_spectra/9-D3M06.mzML	365	0	120.083728790283	1	16558.68	0.0
13	input_spectra/9-D3M06.mzML	366	0	120.083728790283	1	16570.14	0.0
56	input_spectra/9-D3M06.mzML	367	0	166.092254638672	1	16581.66	0.0
59	input_spectra/9-D3M06.mzML	368	0	166.092254638672	1	16593.120000000003	0.0
77	input_spectra/9-D3M06.mzML	369	0	189.123011271159	1	16604.579999999998	0.0
77	input_spectra/9-D3M06.mzML	370	0	189.123011271159	1	16616.1	0.0
166	input_spectra/9-D3M06.mzML	371	0	392.180674235026	1	16627.62	0.0
166	input_spectra/9-D3M06.mzML	372	0	392.180674235026	1	16639.079999999998	0.0
92	input_spectra/9-D3M06.mzML	373	0	227.10205078125	1	16650.6	0.0
92	input_spectra/9-D3M06.mzML	374	0	227.10205078125	1	16662.06	0.0
166	input_spectra/9-D3M06.mzML	375	0	392.180674235026	1	16701.48	0.0
166	input_spectra/9-D3M06.mzML	376	0	392.180674235026	1	16712.94	0.0
25	input_spectra/9-D3M06.mzML	377	0	131.048792521159	1	16724.46	0.0
26	input_spectra/9-D3M06.mzML	378	0	131.048792521159	1	16735.920000000002	0.0
40	input_spectra/9-D3M06.mzML	379	0	149.059270222982	1	16747.38	0.0
41	input_spectra/9-D3M06.mzML	380	0	149.059270222982	1	16758.9	0.0
92	input_spectra/9-D3M06.mzML	381	0	227.10205078125	1	16770.359999999997	0.0
92	input_spectra/9-D3M06.mzML	382	0	227.10205078125	1	16781.879999999997	0.0
1	input_spectra/9-D3M06.mzML	383	0	103.054054260254	1	16793.34	0.0
2	input_spectra/9-D3M06.mzML	384	0	103.054054260254	1	16804.8	0.0
25	input_spectra/9-D3M06.mzML	385	0	131.048792521159	1	16844.22	0.0
26	input_spectra/9-D3M06.mzML	386	0	131.048792521159	1	16855.68	0.0
166	input_spectra/9-D3M06.mzML	387	0	392.180674235026	1	16867.2	0.0
166	input_spectra/9-D3M06.mzML	388	0	392.180674235026	1	16878.72	0.0
40	input_spectra/9-D3M06.mzML	389	0	149.059270222982	1	16890.18	0.0
41	input_spectra/9-D3M06.mzML	390	0	149.059270222982	1	16901.64	0.0
92	input_spectra/9-D3M06.mzML	391	0	227.10205078125	1	16913.16	0.0
92	input_spectra/9-D3M06.mzML	392	0	227.10205078125	1	16924.62	0.0
1	input_spectra/9-D3M06.mzML	393	0	103.054054260254	1	16936.14	0.0
2	input_spectra/9-D3M06.mzML	394	0	103.054054260254	1	16947.6	0.0
25	input_spectra/9-D3M06.mzML	395	0	131.048792521159	1	16986.96	0.0
26	input_spectra/9-D3M06.mzML	396	0	131.048792521159	1	16998.420000000002	0.0
40	input_spectra/9-D3M06.mzML	397	0	149.059270222982	1	17009.940000000002	0.0
41	input_spectra/9-D3M06.mzML	398	0	149.059270222982	1	17021.4	0.0
148	input_spectra/9-D3M06.mzML	399	0	331.196563720703	1	17032.920000000002	0.0
148	input_spectra/9-D3M06.mzML	400	0	331.196563720703	1	17044.379999999997	0.0
1	input_spectra/9-D3M06.mzML	401	0	103.054054260254	1	17055.899999999998	0.0
2	input_spectra/9-D3M06.mzML	402	0	103.054054260254	1	17067.36	0.0
10	input_spectra/9-D3M06.mzML	403	0	120.083728790283	1	17106.78	0.0
13	input_spectra/9-D3M06.mzML	404	0	120.083728790283	1	17118.239999999998	0.0
148	input_spectra/9-D3M06.mzML	405	0	331.196563720703	1	17129.76	0.0
148	input_spectra/9-D3M06.mzML	406	0	331.196563720703	1	17141.22	0.0
10	input_spectra/9-D3M06.mzML	407	0	120.083728790283	1	17180.64	0.0
13	input_spectra/9-D3M06.mzML	408	0	120.083728790283	1	17192.100000000002	0.0
56	input_spectra/9-D3M06.mzML	409	0	166.092254638672	1	17203.56	0.0
59	input_spectra/9-D3M06.mzML	410	0	166.092254638672	1	17215.019999999997	0.0
148	input_spectra/9-D3M06.mzML	411	0	331.196563720703	1	17226.539999999997	0.0
148	input_spectra/9-D3M06.mzML	412	0	331.196563720703	1	17238.059999999998	0.0
58	input_spectra/9-D3M06.mzML	413	0	166.08952331543	1	17277.42	0.0
61	input_spectra/9-D3M06.mzML	414	0	166.08952331543	1	17288.94	0.0
10	input_spectra/9-D3M06.mzML	415	0	120.083728790283	1	17300.399999999998	0.0
13	input_spectra/9-D3M06.mzML	416	0	120.083728790283	1	17311.86	0.0
58	input_spectra/9-D3M06.mzML	417	0	166.08952331543	1	17351.22	0.0
61	input_spectra/9-D3M06.mzML	418	0	166.08952331543	1	17362.68	0.0
8	input_spectra/9-D3M06.mzML	419	0	120.080537796021	1	18267.84	0.0
11	input_spectra/9-D3M06.mzML	420	0	120.080537796021	1	18279.3	0.0
8	input_spectra/9-D3M06.mzML	421	0	120.080537796021	1	18318.66	0.0
11	input_spectra/9-D3M06.mzML	422	0	120.080537796021	1	18330.12	0.0
77	input_spectra/9-D3M06.mzML	423	0	189.123011271159	1	18341.64	0.0
77	input_spectra/9-D3M06.mzML	424	0	189.123011271159	1	18353.1	0.0
57	input_spectra/9-D3M06.mzML	425	0	166.085898659446	1	18392.46	0.0
60	input_spectra/9-D3M06.mzML	426	0	166.085898659446	1	18403.98	0.0
8	input_spectra/9-D3M06.mzML	427	0	120.080537796021	1	18415.44	0.0
11	input_spectra/9-D3M06.mzML	428	0	120.080537796021	1	18426.9	0.0
77	input_spectra/9-D3M06.mzML	429	0	189.123011271159	1	18438.36	0.0
77	input_spectra/9-D3M06.mzML	430	0	189.123011271159	1	18449.88	0.0
35	input_spectra/9-D3M06.mzML	431	0	141.958017985026	1	18461.34	0.0
35	input_spectra/9-D3M06.mzML	432	0	141.958017985026	1	18472.8	0.0
57	input_spectra/9-D3M06.mzML	433	0	166.085898659446	1	18512.219999999998	0.0
60	input_spectra/9-D3M06.mzML	434	0	166.085898659446	1	18523.68	0.0
77	input_spectra/9-D3M06.mzML	435	0	189.123011271159	1	18535.14	0.0
77	input_spectra/9-D3M06.mzML	436	0	189.123011271159	1	18546.66	0.0
28	input_spectra/9-D3M06.mzML	437	0	132.101959955125	1	18558.120000000003	0.0
28	input_spectra/9-D3M06.mzML	438	0	132.101959955125	1	18569.579999999998	0.0
57	input_spectra/9-D3M06.mzML	439	0	166.085898659446	1	18608.94	0.0
60	input_spectra/9-D3M06.mzML	440	0	166.085898659446	1	18620.46	0.0
28	input_spectra/9-D3M06.mzML	441	0	132.101959955125	1	18631.92	0.0
28	input_spectra/9-D3M06.mzML	442	0	132.101959955125	1	18643.38	0.0
28	input_spectra/9-D3M06.mzML	443	0	132.101959955125	1	18682.74	0.0
28	input_spectra/9-D3M06.mzML	444	0	132.101959955125	1	18694.260000000002	0.0
187	input_spectra/9-D3M06.mzML	445	0	446.223073323568	1	19130.399999999998	0.0
187	input_spectra/9-D3M06.mzML	446	0	446.223073323568	1	19141.92	0.0
187	input_spectra/9-D3M06.mzML	447	0	446.223073323568	1	19217.34	0.0
187	input_spectra/9-D3M06.mzML	448	0	446.223073323568	1	19228.86	0.0
17	input_spectra/9-D3M06.mzML	449	0	127.049743652344	1	19268.22	0.0
18	input_spectra/9-D3M06.mzML	450	0	127.049743652344	1	19279.68	0.0
187	input_spectra/9-D3M06.mzML	451	0	446.223073323568	1	19319.039999999997	0.0
187	input_spectra/9-D3M06.mzML	452	0	446.223073323568	1	19330.559999999998	0.0
95	input_spectra/9-D3M06.mzML	453	0	229.154086773212	1	19342.079999999998	0.0
95	input_spectra/9-D3M06.mzML	454	0	229.154086773212	1	19353.54	0.0
17	input_spectra/9-D3M06.mzML	455	0	127.049743652344	1	19365.0	0.0
18	input_spectra/9-D3M06.mzML	456	0	127.049743652344	1	19376.52	0.0
8	input_spectra/9-D3M06.mzML	457	0	120.080537796021	1	19415.94	0.0
11	input_spectra/9-D3M06.mzML	458	0	120.080537796021	1	19427.46	0.0
95	input_spectra/9-D3M06.mzML	459	0	229.154086773212	1	19438.920000000002	0.0
95	input_spectra/9-D3M06.mzML	460	0	229.154086773212	1	19450.44	0.0
17	input_spectra/9-D3M06.mzML	461	0	127.049743652344	1	19461.9	0.0
35	input_spectra/9-D3M06.mzML	462	0	141.958017985026	1	19484.82	0.0
35	input_spectra/9-D3M06.mzML	463	0	141.958017985026	1	19496.34	0.0
95	input_spectra/9-D3M06.mzML	464	0	229.154086773212	1	19535.7	0.0
95	input_spectra/9-D3M06.mzML	465	0	229.154086773212	1	19547.16	0.0
8	input_spectra/9-D3M06.mzML	466	0	120.080537796021	1	19558.68	0.0
11	input_spectra/9-D3M06.mzML	467	0	120.080537796021	1	19570.14	0.0
8	input_spectra/9-D3M06.mzML	468	0	120.080537796021	1	19609.5	0.0
11	input_spectra/9-D3M06.mzML	469	0	120.080537796021	1	19620.960000000003	0.0
57	input_spectra/9-D3M06.mzML	470	0	166.085898659446	1	19660.32	0.0
60	input_spectra/9-D3M06.mzML	471	0	166.085898659446	1	19671.78	0.0
57	input_spectra/9-D3M06.mzML	472	0	166.085898659446	1	19711.199999999997	0.0
60	input_spectra/9-D3M06.mzML	473	0	166.085898659446	1	19722.66	0.0
57	input_spectra/9-D3M06.mzML	474	0	166.085898659446	1	19762.02	0.0
60	input_spectra/9-D3M06.mzML	475	0	166.085898659446	1	19773.54	0.0
35	input_spectra/9-D3M06.mzML	476	0	141.958017985026	1	20053.38	0.0
35	input_spectra/9-D3M06.mzML	477	0	141.958017985026	1	20064.84	0.0
95	input_spectra/9-D3M06.mzML	478	0	229.154086773212	1	20521.199999999997	0.0
95	input_spectra/9-D3M06.mzML	479	0	229.154086773212	1	20532.72	0.0
95	input_spectra/9-D3M06.mzML	480	0	229.154086773212	1	20572.079999999998	0.0
95	input_spectra/9-D3M06.mzML	481	0	229.154086773212	1	20583.6	0.0
95	input_spectra/9-D3M06.mzML	482	0	229.154086773212	1	20634.96	0.0
95	input_spectra/9-D3M06.mzML	483	0	229.154086773212	1	20646.48	0.0
57	input_spectra/9-D3M06.mzML	484	0	166.085898659446	1	20818.08	0.0
60	input_spectra/9-D3M06.mzML	485	0	166.085898659446	1	20829.600000000002	0.0
57	input_spectra/9-D3M06.mzML	486	0	166.085898659446	1	20868.96	0.0
60	input_spectra/9-D3M06.mzML	487	0	166.085898659446	1	20880.420000000002	0.0
57	input_spectra/9-D3M06.mzML	488	0	166.085898659446	1	20919.78	0.0
60	input_spectra/9-D3M06.mzML	489	0	166.085898659446	1	20931.239999999998	0.0
210	input_spectra/9-D3M06.mzML	490	0	499.213144938151	1	20970.6	0.0
210	input_spectra/9-D3M06.mzML	491	0	499.213144938151	1	20982.12	0.0
210	input_spectra/9-D3M06.mzML	492	0	499.213144938151	1	21021.48	0.0
210	input_spectra/9-D3M06.mzML	493	0	499.213144938151	1	21033.0	0.0
210	input_spectra/9-D3M06.mzML	494	0	499.213144938151	1	21072.36	0.0
210	input_spectra/9-D3M06.mzML	495	0	499.213144938151	1	21083.88	0.0
117	input_spectra/9-D3M06.mzML	496	0	274.175618489583	1	21231.48	0.0
117	input_spectra/9-D3M06.mzML	497	0	274.175618489583	1	21242.94	0.0
117	input_spectra/9-D3M06.mzML	498	0	274.175618489583	1	21282.36	0.0
117	input_spectra/9-D3M06.mzML	499	0	274.175618489583	1	21293.82	0.0
117	input_spectra/9-D3M06.mzML	500	0	274.175618489583	1	21333.18	0.0
117	input_spectra/9-D3M06.mzML	501	0	274.175618489583	1	21344.7	0.0
98	input_spectra/9-D3M06.mzML	502	0	231.169708251953	1	21456.18	0.0
98	input_spectra/9-D3M06.mzML	503	0	231.169708251953	1	21467.7	0.0
98	input_spectra/9-D3M06.mzML	504	0	231.169708251953	1	21507.06	0.0
98	input_spectra/9-D3M06.mzML	505	0	231.169708251953	1	21518.52	0.0
98	input_spectra/9-D3M06.mzML	506	0	231.169708251953	1	21557.94	0.0
98	input_spectra/9-D3M06.mzML	507	0	231.169708251953	1	21569.4	0.0
96	input_spectra/9-D3M06.mzML	508	0	229.154086773212	1	21858.120000000003	0.0
96	input_spectra/9-D3M06.mzML	509	0	229.154086773212	1	21869.579999999998	0.0
96	input_spectra/9-D3M06.mzML	510	0	229.154086773212	1	21921.0	0.0
96	input_spectra/9-D3M06.mzML	511	0	229.154086773212	1	21932.46	0.0
96	input_spectra/9-D3M06.mzML	512	0	229.154086773212	1	21971.82	0.0
96	input_spectra/9-D3M06.mzML	513	0	229.154086773212	1	21983.28	0.0
210	input_spectra/9-D3M06.mzML	514	0	499.213144938151	1	22118.88	0.0
210	input_spectra/9-D3M06.mzML	515	0	499.213144938151	1	22130.399999999998	0.0
210	input_spectra/9-D3M06.mzML	516	0	499.213144938151	1	22169.76	0.0
210	input_spectra/9-D3M06.mzML	517	0	499.213144938151	1	22181.22	0.0
210	input_spectra/9-D3M06.mzML	518	0	499.213144938151	1	22220.58	0.0
210	input_spectra/9-D3M06.mzML	519	0	499.213144938151	1	22232.100000000002	0.0
187	input_spectra/9-D3M06.mzML	520	0	446.223073323568	1	22728.0	0.0
170	input_spectra/9-D3M06.mzML	521	0	414.233378092448	1	22767.36	0.0
170	input_spectra/9-D3M06.mzML	522	0	414.233378092448	1	22778.82	0.0
188	input_spectra/9-D3M06.mzML	523	0	446.223073323568	1	22790.34	0.0
187	input_spectra/9-D3M06.mzML	524	0	446.223073323568	1	22801.86	0.0
188	input_spectra/9-D3M06.mzML	525	0	446.223073323568	1	22841.22	0.0
187	input_spectra/9-D3M06.mzML	526	0	446.223073323568	1	22852.68	0.0
170	input_spectra/9-D3M06.mzML	527	0	414.233378092448	1	22864.2	0.0
170	input_spectra/9-D3M06.mzML	528	0	414.233378092448	1	22875.72	0.0
170	input_spectra/9-D3M06.mzML	529	0	414.233378092448	1	22915.08	0.0
170	input_spectra/9-D3M06.mzML	530	0	414.233378092448	1	22926.600000000002	0.0
95	input_spectra/9-D3M06.mzML	531	0	229.154086773212	1	23014.02	0.0
95	input_spectra/9-D3M06.mzML	532	0	229.154086773212	1	23025.54	0.0
95	input_spectra/9-D3M06.mzML	533	0	229.154086773212	1	23064.9	0.0
95	input_spectra/9-D3M06.mzML	534	0	229.154086773212	1	23076.420000000002	0.0
95	input_spectra/9-D3M06.mzML	535	0	229.154086773212	1	23115.78	0.0
95	input_spectra/9-D3M06.mzML	536	0	229.154086773212	1	23127.24	0.0
78	input_spectra/9-D3M06.mzML	537	0	195.112269083659	1	23166.600000000002	0.0
78	input_spectra/9-D3M06.mzML	538	0	195.112269083659	1	23178.120000000003	0.0
78	input_spectra/9-D3M06.mzML	539	0	195.112269083659	1	23217.480000000003	0.0
78	input_spectra/9-D3M06.mzML	540	0	195.112269083659	1	23228.94	0.0
78	input_spectra/9-D3M06.mzML	541	0	195.112269083659	1	23268.3	0.0
78	input_spectra/9-D3M06.mzML	542	0	195.112269083659	1	23279.76	0.0
123	input_spectra/9-D3M06.mzML	543	0	286.174926757813	1	23379.239999999998	0.0
123	input_spectra/9-D3M06.mzML	544	0	286.174926757813	1	23390.760000000002	0.0
123	input_spectra/9-D3M06.mzML	545	0	286.174926757813	1	23490.24	0.0
123	input_spectra/9-D3M06.mzML	546	0	286.174926757813	1	23501.760000000002	0.0
123	input_spectra/9-D3M06.mzML	547	0	286.174926757813	1	23541.06	0.0
123	input_spectra/9-D3M06.mzML	548	0	286.174926757813	1	23552.58	0.0
220	input_spectra/9-D3M06.mzML	549	0	527.281107584635	1	23564.100000000002	0.0
220	input_spectra/9-D3M06.mzML	550	0	527.281107584635	1	23575.620000000003	0.0
220	input_spectra/9-D3M06.mzML	551	0	527.281107584635	1	23614.980000000003	0.0
220	input_spectra/9-D3M06.mzML	552	0	527.281107584635	1	23626.5	0.0
220	input_spectra/9-D3M06.mzML	553	0	527.281107584635	1	23665.920000000002	0.0
220	input_spectra/9-D3M06.mzML	554	0	527.281107584635	1	23677.440000000002	0.0
266	input_spectra/9-D3M06.mzML	555	0	669.318359375	1	23776.92	0.0
266	input_spectra/9-D3M06.mzML	556	0	669.318359375	1	23788.44	0.0
266	input_spectra/9-D3M06.mzML	557	0	669.318359375	1	23863.86	0.0
266	input_spectra/9-D3M06.mzML	558	0	669.318359375	1	23875.38	0.0
291	input_spectra/9-D3M06.mzML	559	0	922.423685709635	1	23962.38	0.0
291	input_spectra/9-D3M06.mzML	560	0	922.423685709635	1	24013.32	0.0
277	input_spectra/9-D3M06.mzML	561	0	756.348937988281	1	24052.68	0.0
278	input_spectra/9-D3M06.mzML	562	0	756.348937988281	1	24064.260000000002	0.0
291	input_spectra/9-D3M06.mzML	563	0	922.423685709635	1	24087.36	0.0
289	input_spectra/9-D3M06.mzML	564	0	906.427876790365	1	24126.72	0.0
290	input_spectra/9-D3M06.mzML	565	0	906.427876790365	1	24138.239999999998	0.0
260	input_spectra/9-D3M06.mzML	566	0	618.322591145833	1	24149.76	0.0
261	input_spectra/9-D3M06.mzML	567	0	618.322591145833	1	24161.28	0.0
290	input_spectra/9-D3M06.mzML	568	0	906.427876790365	1	24235.32	0.0
279	input_spectra/9-D3M06.mzML	569	0	783.433471679688	1	24246.84	0.0
280	input_spectra/9-D3M06.mzML	570	0	783.433471679688	1	24258.36	0.0
260	input_spectra/9-D3M06.mzML	571	0	618.322591145833	1	24269.940000000002	0.0
261	input_spectra/9-D3M06.mzML	572	0	618.322591145833	1	24281.46	0.0
230	input_spectra/9-D3M06.mzML	573	0	553.288696289063	1	24292.98	0.0
230	input_spectra/9-D3M06.mzML	574	0	553.288696289063	1	24304.5	0.0
279	input_spectra/9-D3M06.mzML	575	0	783.433471679688	1	24366.84	0.0
280	input_spectra/9-D3M06.mzML	576	0	783.433471679688	1	24378.420000000002	0.0
260	input_spectra/9-D3M06.mzML	577	0	618.322591145833	1	24389.940000000002	0.0
261	input_spectra/9-D3M06.mzML	578	0	618.322591145833	1	24401.46	0.0
299	input_spectra/9-D3M06.mzML	579	0	1105.5703125	1	24413.04	0.0
283	input_spectra/9-D3M06.mzML	580	0	811.393005371094	1	24447.72	0.0
290	input_spectra/9-D3M06.mzML	581	0	906.427876790365	1	24470.82	0.0
300	input_spectra/9-D3M06.mzML	582	0	1106.557922363281	1	24510.24	0.0
294	input_spectra/9-D3M06.mzML	583	0	938.418701171875	1	24544.92	0.0
246	input_spectra/9-D3M06.mzML	584	0	602.276306152344	1	24556.44	0.0
247	input_spectra/9-D3M06.mzML	585	0	602.276306152344	1	24567.96	0.0
242	input_spectra/9-D3M06.mzML	586	0	584.302775065104	1	24591.0	0.0
286	input_spectra/9-D3M06.mzML	587	0	853.450103759766	1	24614.100000000002	0.0
205	input_spectra/9-D3M06.mzML	588	0	488.234100341797	1	24653.52	0.0
205	input_spectra/9-D3M06.mzML	589	0	488.234100341797	1	24665.04	0.0
246	input_spectra/9-D3M06.mzML	590	0	602.276306152344	1	24699.78	0.0
247	input_spectra/9-D3M06.mzML	591	0	602.276306152344	1	24711.300000000003	0.0
286	input_spectra/9-D3M06.mzML	592	0	853.450103759766	1	24734.4	0.0
257	input_spectra/9-D3M06.mzML	593	0	615.307891845703	1	24745.920000000002	0.0
258	input_spectra/9-D3M06.mzML	594	0	615.307891845703	1	24757.440000000002	0.0
177	input_spectra/9-D3M06.mzML	595	0	430.228759765625	1	24796.86	0.0
177	input_spectra/9-D3M06.mzML	596	0	430.228759765625	1	24808.38	0.0
137	input_spectra/9-D3M06.mzML	597	0	318.12890625	1	24819.84	0.0
137	input_spectra/9-D3M06.mzML	598	0	318.12890625	1	24831.36	0.0
257	input_spectra/9-D3M06.mzML	599	0	615.307891845703	1	24842.88	0.0
258	input_spectra/9-D3M06.mzML	600	0	615.307891845703	1	24854.4	0.0
66	input_spectra/9-D3M06.mzML	601	0	176.127792358398	1	24889.079999999998	0.0
66	input_spectra/9-D3M06.mzML	602	0	176.127792358398	1	24900.6	0.0
177	input_spectra/9-D3M06.mzML	603	0	430.228759765625	1	24939.96	0.0
177	input_spectra/9-D3M06.mzML	604	0	430.228759765625	1	24951.48	0.0
66	input_spectra/9-D3M06.mzML	605	0	176.127792358398	1	24962.94	0.0
243	input_spectra/9-D3M06.mzML	606	0	584.302775065104	1	24985.98	0.0
242	input_spectra/9-D3M06.mzML	607	0	584.302775065104	1	24997.5	0.0
195	input_spectra/9-D3M06.mzML	608	0	460.23876953125	1	25009.02	0.0
195	input_spectra/9-D3M06.mzML	609	0	460.23876953125	1	25020.54	0.0
243	input_spectra/9-D3M06.mzML	610	0	584.302775065104	1	25082.94	0.0
242	input_spectra/9-D3M06.mzML	611	0	584.302775065104	1	25094.46	0.0
89	input_spectra/9-D3M06.mzML	612	0	223.107261657715	1	25105.98	0.0
89	input_spectra/9-D3M06.mzML	613	0	223.107261657715	1	25117.5	0.0
301	input_spectra/9-D3M06.mzML	614	0	1149.55029296875	1	25214.640000000003	0.0
89	input_spectra/9-D3M06.mzML	615	0	223.107261657715	1	25249.260000000002	0.0
89	input_spectra/9-D3M06.mzML	616	0	223.107261657715	1	25260.78	0.0
120	input_spectra/9-D3M06.mzML	617	0	283.174621582031	1	25272.24	0.0
120	input_spectra/9-D3M06.mzML	618	0	283.174621582031	1	25283.760000000002	0.0
263	input_spectra/9-D3M06.mzML	619	0	655.339233398438	1	25346.28	0.0
263	input_spectra/9-D3M06.mzML	620	0	655.339233398438	1	25357.8	0.0
176	input_spectra/9-D3M06.mzML	621	0	428.249145507813	1	25369.32	0.0
176	input_spectra/9-D3M06.mzML	622	0	428.249145507813	1	25380.84	0.0
298	input_spectra/9-D3M06.mzML	623	0	1064.533325195313	1	25404.0	0.0
303	input_spectra/9-D3M06.mzML	624	0	1150.539306640625	1	25427.16	0.0
161	input_spectra/9-D3M06.mzML	625	0	371.228637695313	1	25438.68	0.0
161	input_spectra/9-D3M06.mzML	626	0	371.228637695313	1	25450.2	0.0
297	input_spectra/9-D3M06.mzML	627	0	1007.511779785156	1	25501.14	0.0
193	input_spectra/9-D3M06.mzML	628	0	458.260025024414	1	25512.72	0.0
193	input_spectra/9-D3M06.mzML	629	0	458.260025024414	1	25524.239999999998	0.0
176	input_spectra/9-D3M06.mzML	630	0	428.249145507813	1	25535.7	0.0
176	input_spectra/9-D3M06.mzML	631	0	428.249145507813	1	25547.219999999998	0.0
263	input_spectra/9-D3M06.mzML	632	0	655.339233398438	1	25570.26	0.0
231	input_spectra/9-D3M06.mzML	633	0	557.292358398438	1	25593.3	0.0
181	input_spectra/9-D3M06.mzML	634	0	440.249465942383	1	25632.72	0.0
181	input_spectra/9-D3M06.mzML	635	0	440.249465942383	1	25644.18	0.0
215	input_spectra/9-D3M06.mzML	636	0	522.218505859375	1	25655.7	0.0
215	input_spectra/9-D3M06.mzML	637	0	522.218505859375	1	25667.219999999998	0.0
288	input_spectra/9-D3M06.mzML	638	0	883.449371337891	1	25690.38	0.0
194	input_spectra/9-D3M06.mzML	639	0	458.260025024414	1	25725.0	0.0
194	input_spectra/9-D3M06.mzML	640	0	458.260025024414	1	25736.52	0.0
181	input_spectra/9-D3M06.mzML	641	0	440.249465942383	1	25775.94	0.0
181	input_spectra/9-D3M06.mzML	642	0	440.249465942383	1	25787.46	0.0
250	input_spectra/9-D3M06.mzML	643	0	612.333679199219	1	25798.98	0.0
251	input_spectra/9-D3M06.mzML	644	0	612.333679199219	1	25810.5	0.0
211	input_spectra/9-D3M06.mzML	645	0	511.286575317383	1	25822.02	0.0
211	input_spectra/9-D3M06.mzML	646	0	511.286575317383	1	25833.54	0.0
288	input_spectra/9-D3M06.mzML	647	0	883.449371337891	1	25856.64	0.0
244	input_spectra/9-D3M06.mzML	648	0	586.318664550781	1	25919.100000000002	0.0
244	input_spectra/9-D3M06.mzML	649	0	586.318664550781	1	25930.620000000003	0.0
151	input_spectra/9-D3M06.mzML	650	0	344.227401733398	1	25942.140000000003	0.0
151	input_spectra/9-D3M06.mzML	651	0	344.227401733398	1	25953.66	0.0
211	input_spectra/9-D3M06.mzML	652	0	511.286575317383	1	25988.16	0.0
211	input_spectra/9-D3M06.mzML	653	0	511.286575317383	1	25999.68	0.0
81	input_spectra/9-D3M06.mzML	654	0	205.096946716309	1	26062.140000000003	0.0
82	input_spectra/9-D3M06.mzML	655	0	205.096946716309	1	26073.6	0.0
74	input_spectra/9-D3M06.mzML	656	0	188.070449829102	1	26085.059999999998	0.0
75	input_spectra/9-D3M06.mzML	657	0	188.070449829102	1	26096.52	0.0
113	input_spectra/9-D3M06.mzML	658	0	263.138854980469	1	26108.04	0.0
113	input_spectra/9-D3M06.mzML	659	0	263.138854980469	1	26119.5	0.0
228	input_spectra/9-D3M06.mzML	660	0	537.301574707031	1	26131.079999999998	0.0
228	input_spectra/9-D3M06.mzML	661	0	537.301574707031	1	26142.6	0.0
252	input_spectra/9-D3M06.mzML	662	0	612.333679199219	1	26204.940000000002	0.0
252	input_spectra/9-D3M06.mzML	663	0	612.333679199219	1	26216.46	0.0
287	input_spectra/9-D3M06.mzML	664	0	871.449829101563	1	26239.62	0.0
81	input_spectra/9-D3M06.mzML	665	0	205.096946716309	1	26251.14	0.0
82	input_spectra/9-D3M06.mzML	666	0	205.096946716309	1	26262.6	0.0
74	input_spectra/9-D3M06.mzML	667	0	188.070449829102	1	26274.12	0.0
74	input_spectra/9-D3M06.mzML	668	0	188.070449829102	1	26285.58	0.0
165	input_spectra/9-D3M06.mzML	669	0	388.25358581543	1	26347.920000000002	0.0
165	input_spectra/9-D3M06.mzML	670	0	388.25358581543	1	26359.440000000002	0.0
295	input_spectra/9-D3M06.mzML	671	0	947.445190429688	1	26394.0	0.0
296	input_spectra/9-D3M06.mzML	672	0	947.445190429688	1	26405.58	0.0
253	input_spectra/9-D3M06.mzML	673	0	612.333679199219	1	26440.14	0.0
253	input_spectra/9-D3M06.mzML	674	0	612.333679199219	1	26451.66	0.0
254	input_spectra/9-D3M06.mzML	675	0	614.349487304688	1	26491.079999999998	0.0
254	input_spectra/9-D3M06.mzML	676	0	614.349487304688	1	26502.6	0.0
165	input_spectra/9-D3M06.mzML	677	0	388.25358581543	1	26514.12	0.0
272	input_spectra/9-D3M06.mzML	678	0	743.39170328776	1	26583.48	0.0
273	input_spectra/9-D3M06.mzML	679	0	743.39170328776	1	26595.0	0.0
179	input_spectra/9-D3M06.mzML	680	0	432.279876708984	1	26634.42	0.0
179	input_spectra/9-D3M06.mzML	681	0	432.279876708984	1	26645.94	0.0
272	input_spectra/9-D3M06.mzML	682	0	743.39170328776	1	26657.46	0.0
273	input_spectra/9-D3M06.mzML	683	0	743.39170328776	1	26668.98	0.0
254	input_spectra/9-D3M06.mzML	684	0	614.349487304688	1	26703.6	0.0
254	input_spectra/9-D3M06.mzML	685	0	614.349487304688	1	26715.12	0.0
171	input_spectra/9-D3M06.mzML	686	0	415.253540039063	1	26726.64	0.0
179	input_spectra/9-D3M06.mzML	687	0	432.279876708984	1	26777.519999999997	0.0
179	input_spectra/9-D3M06.mzML	688	0	432.279876708984	1	26788.98	0.0
38	input_spectra/9-D3M06.mzML	689	0	146.05973815918	1	26835.0	0.0
164	input_spectra/9-D3M06.mzML	690	0	385.243682861328	1	26846.52	0.0
164	input_spectra/9-D3M06.mzML	691	0	385.243682861328	1	26858.04	0.0
200	input_spectra/9-D3M06.mzML	692	0	476.306854248047	1	26920.5	0.0
200	input_spectra/9-D3M06.mzML	693	0	476.306854248047	1	26932.02	0.0
93	input_spectra/9-D3M06.mzML	694	0	227.138824462891	1	26966.52	0.0
93	input_spectra/9-D3M06.mzML	695	0	227.138824462891	1	26978.04	0.0
305	input_spectra/9-D3M06.mzML	696	0	1216.5439453125	1	26989.68	0.0
214	input_spectra/9-D3M06.mzML	697	0	520.332377115885	1	27063.72	0.0
214	input_spectra/9-D3M06.mzML	698	0	520.332377115885	1	27075.24	0.0
200	input_spectra/9-D3M06.mzML	699	0	476.306854248047	1	27086.7	0.0
200	input_spectra/9-D3M06.mzML	700	0	476.306854248047	1	27098.22	0.0
93	input_spectra/9-D3M06.mzML	701	0	227.138824462891	1	27109.74	0.0
93	input_spectra/9-D3M06.mzML	702	0	227.138824462891	1	27121.199999999997	0.0
216	input_spectra/9-D3M06.mzML	703	0	525.287109375	1	27132.780000000002	0.0
217	input_spectra/9-D3M06.mzML	704	0	525.287109375	1	27144.3	0.0
214	input_spectra/9-D3M06.mzML	705	0	520.332377115885	1	27206.64	0.0
214	input_spectra/9-D3M06.mzML	706	0	520.332377115885	1	27218.16	0.0
216	input_spectra/9-D3M06.mzML	707	0	525.287109375	1	27229.68	0.0
217	input_spectra/9-D3M06.mzML	708	0	525.287109375	1	27241.199999999997	0.0
234	input_spectra/9-D3M06.mzML	709	0	564.3583984375	1	27252.72	0.0
234	input_spectra/9-D3M06.mzML	710	0	564.3583984375	1	27264.239999999998	0.0
62	input_spectra/9-D3M06.mzML	711	0	169.075759887695	1	27275.760000000002	0.0
62	input_spectra/9-D3M06.mzML	712	0	169.075759887695	1	27287.219999999998	0.0
93	input_spectra/9-D3M06.mzML	713	0	227.138824462891	1	27298.739999999998	0.0
93	input_spectra/9-D3M06.mzML	714	0	227.138824462891	1	27310.2	0.0
234	input_spectra/9-D3M06.mzML	715	0	564.3583984375	1	27349.62	0.0
234	input_spectra/9-D3M06.mzML	716	0	564.3583984375	1	27361.14	0.0
235	input_spectra/9-D3M06.mzML	717	0	569.314270019531	1	27372.66	0.0
236	input_spectra/9-D3M06.mzML	718	0	569.314270019531	1	27384.18	0.0
214	input_spectra/9-D3M06.mzML	719	0	520.332377115885	1	27395.7	0.0
214	input_spectra/9-D3M06.mzML	720	0	520.332377115885	1	27407.219999999998	0.0
172	input_spectra/9-D3M06.mzML	721	0	419.227905273438	1	27418.739999999998	0.0
172	input_spectra/9-D3M06.mzML	722	0	419.227905273438	1	27430.2	0.0
248	input_spectra/9-D3M06.mzML	723	0	608.384246826172	1	27492.54	0.0
248	input_spectra/9-D3M06.mzML	724	0	608.384246826172	1	27504.06	0.0
234	input_spectra/9-D3M06.mzML	725	0	564.3583984375	1	27538.62	0.0
234	input_spectra/9-D3M06.mzML	726	0	564.3583984375	1	27550.14	0.0
172	input_spectra/9-D3M06.mzML	727	0	419.227905273438	1	27584.7	0.0
172	input_spectra/9-D3M06.mzML	728	0	419.227905273438	1	27596.22	0.0
262	input_spectra/9-D3M06.mzML	729	0	652.410217285156	1	27635.58	0.0
262	input_spectra/9-D3M06.mzML	730	0	652.410217285156	1	27647.100000000002	0.0
248	input_spectra/9-D3M06.mzML	731	0	608.384246826172	1	27658.62	0.0
248	input_spectra/9-D3M06.mzML	732	0	608.384246826172	1	27670.14	0.0
4	input_spectra/9-D3M06.mzML	733	0	117.072845458984	1	27704.640000000003	0.0
4	input_spectra/9-D3M06.mzML	734	0	117.072845458984	1	27716.1	0.0
268	input_spectra/9-D3M06.mzML	735	0	696.435577392578	1	27778.56	0.0
268	input_spectra/9-D3M06.mzML	736	0	696.435577392578	1	27790.14	0.0
71	input_spectra/9-D3M06.mzML	737	0	183.091415405273	1	27813.120000000003	0.0
4	input_spectra/9-D3M06.mzML	738	0	117.072845458984	1	27824.579999999998	0.0
4	input_spectra/9-D3M06.mzML	739	0	117.072845458984	1	27836.04	0.0
271	input_spectra/9-D3M06.mzML	740	0	740.462707519531	1	27921.600000000002	0.0
271	input_spectra/9-D3M06.mzML	741	0	740.462707519531	1	27933.120000000003	0.0
268	input_spectra/9-D3M06.mzML	742	0	696.435577392578	1	27944.640000000003	0.0
4	input_spectra/9-D3M06.mzML	743	0	117.072845458984	1	27967.68	0.0
4	input_spectra/9-D3M06.mzML	744	0	117.072845458984	1	27979.2	0.0
105	input_spectra/9-D3M06.mzML	745	0	243.133392333984	1	27990.66	0.0
105	input_spectra/9-D3M06.mzML	746	0	243.133392333984	1	28002.18	0.0
180	input_spectra/9-D3M06.mzML	747	0	433.243316650391	1	28013.699999999997	0.0
180	input_spectra/9-D3M06.mzML	748	0	433.243316650391	1	28025.16	0.0
111	input_spectra/9-D3M06.mzML	749	0	261.122955322266	1	28064.579999999998	0.0
111	input_spectra/9-D3M06.mzML	750	0	261.122955322266	1	28076.04	0.0
245	input_spectra/9-D3M06.mzML	751	0	587.317016601563	1	28087.62	0.0
245	input_spectra/9-D3M06.mzML	752	0	587.317016601563	1	28099.14	0.0
105	input_spectra/9-D3M06.mzML	753	0	243.133392333984	1	28110.66	0.0
105	input_spectra/9-D3M06.mzML	754	0	243.133392333984	1	28122.12	0.0
281	input_spectra/9-D3M06.mzML	755	0	784.488647460938	1	28133.699999999997	0.0
281	input_spectra/9-D3M06.mzML	756	0	784.488647460938	1	28145.22	0.0
178	input_spectra/9-D3M06.mzML	757	0	430.243041992188	1	28231.14	0.0
178	input_spectra/9-D3M06.mzML	758	0	430.243041992188	1	28282.079999999998	0.0
178	input_spectra/9-D3M06.mzML	759	0	430.243041992188	1	28332.96	0.0
85	input_spectra/9-D3M06.mzML	760	0	211.143641153971	1	28344.42	0.0
85	input_spectra/9-D3M06.mzML	761	0	211.143641153971	1	28355.94	0.0
85	input_spectra/9-D3M06.mzML	762	0	211.143641153971	1	28395.24	0.0
85	input_spectra/9-D3M06.mzML	763	0	211.143641153971	1	28406.760000000002	0.0
106	input_spectra/9-D3M06.mzML	764	0	245.127990722656	1	28845.72	0.0
106	input_spectra/9-D3M06.mzML	765	0	245.127990722656	1	28857.18	0.0
106	input_spectra/9-D3M06.mzML	766	0	245.127990722656	1	28896.539999999997	0.0
106	input_spectra/9-D3M06.mzML	767	0	245.127990722656	1	28908.0	0.0
106	input_spectra/9-D3M06.mzML	768	0	245.127990722656	1	28947.42	0.0
106	input_spectra/9-D3M06.mzML	769	0	245.127990722656	1	28958.88	0.0
36	input_spectra/9-D3M06.mzML	770	0	145.075663248698	1	29419.14	0.0
37	input_spectra/9-D3M06.mzML	771	0	145.075663248698	1	29430.66	0.0
37	input_spectra/9-D3M06.mzML	772	0	145.075663248698	1	29481.420000000002	0.0
36	input_spectra/9-D3M06.mzML	773	0	145.075663248698	1	29520.84	0.0
37	input_spectra/9-D3M06.mzML	774	0	145.075663248698	1	29532.3	0.0
134	input_spectra/9-D3M06.mzML	775	0	311.174987792969	1	29896.32	0.0
135	input_spectra/9-D3M06.mzML	776	0	311.174987792969	1	29907.84	0.0
134	input_spectra/9-D3M06.mzML	777	0	311.174987792969	1	29947.2	0.0
135	input_spectra/9-D3M06.mzML	778	0	311.174987792969	1	29958.66	0.0
134	input_spectra/9-D3M06.mzML	779	0	311.174987792969	1	29998.08	0.0
135	input_spectra/9-D3M06.mzML	780	0	311.174987792969	1	30009.54	0.0
138	input_spectra/9-D3M06.mzML	781	0	328.268307532793	1	30517.859999999997	0.0
139	input_spectra/9-D3M06.mzML	782	0	328.268307532793	1	30529.379999999997	0.0
139	input_spectra/9-D3M06.mzML	783	0	328.268307532793	1	30568.739999999998	0.0
139	input_spectra/9-D3M06.mzML	784	0	328.268307532793	1	30580.26	0.0
138	input_spectra/9-D3M06.mzML	785	0	328.268307532793	1	30619.62	0.0
140	input_spectra/9-D3M06.mzML	786	0	328.268307532793	1	30631.14	0.0
73	input_spectra/9-D3M06.mzML	787	0	186.221776326497	1	31043.280000000002	0.0
73	input_spectra/9-D3M06.mzML	788	0	186.221776326497	1	31094.100000000002	0.0
73	input_spectra/9-D3M06.mzML	789	0	186.221776326497	1	31105.56	0.0
141	input_spectra/9-D3M06.mzML	790	0	328.268307532793	1	31676.760000000002	0.0
140	input_spectra/9-D3M06.mzML	791	0	328.268307532793	1	31688.280000000002	0.0
142	input_spectra/9-D3M06.mzML	792	0	328.268307532793	1	31727.64	0.0
140	input_spectra/9-D3M06.mzML	793	0	328.268307532793	1	31739.100000000002	0.0
138	input_spectra/9-D3M06.mzML	794	0	328.268307532793	1	31778.46	0.0
140	input_spectra/9-D3M06.mzML	795	0	328.268307532793	1	31789.98	0.0
73	input_spectra/9-D3M06.mzML	796	0	186.221776326497	1	32186.4	0.0
73	input_spectra/9-D3M06.mzML	797	0	186.221776326497	1	32197.859999999997	0.0
73	input_spectra/9-D3M06.mzML	798	0	186.221776326497	1	32237.28	0.0
73	input_spectra/9-D3M06.mzML	799	0	186.221776326497	1	32248.74	0.0
73	input_spectra/9-D3M06.mzML	800	0	186.221776326497	1	32288.1	0.0
118	input_spectra/9-D3M06.mzML	801	0	274.2744140625	1	32350.44	0.0
118	input_spectra/9-D3M06.mzML	802	0	274.2744140625	1	32389.800000000003	0.0
118	input_spectra/9-D3M06.mzML	803	0	274.2744140625	1	32401.320000000003	0.0
118	input_spectra/9-D3M06.mzML	804	0	274.2744140625	1	32440.68	0.0
118	input_spectra/9-D3M06.mzML	805	0	274.2744140625	1	32452.2	0.0
138	input_spectra/9-D3M06.mzML	806	0	328.268307532793	1	32816.22	0.0
143	input_spectra/9-D3M06.mzML	807	0	328.268307532793	1	32827.68	0.0
144	input_spectra/9-D3M06.mzML	808	0	328.268307532793	1	32867.04	0.0
141	input_spectra/9-D3M06.mzML	809	0	328.268307532793	1	32878.5	0.0
196	input_spectra/9-D3M06.mzML	810	0	466.317230224609	1	32917.86	0.0
197	input_spectra/9-D3M06.mzML	811	0	466.317230224609	1	32929.38	0.0
144	input_spectra/9-D3M06.mzML	812	0	328.268307532793	1	32940.9	0.0
140	input_spectra/9-D3M06.mzML	813	0	328.268307532793	1	32952.36	0.0
196	input_spectra/9-D3M06.mzML	814	0	466.317230224609	1	32991.780000000006	0.0
197	input_spectra/9-D3M06.mzML	815	0	466.317230224609	1	33003.299999999996	0.0
190	input_spectra/9-D3M06.mzML	816	0	448.306020100911	1	33049.32	0.0
196	input_spectra/9-D3M06.mzML	817	0	466.317230224609	1	33134.7	0.0
197	input_spectra/9-D3M06.mzML	818	0	466.317230224609	1	33146.22	0.0
190	input_spectra/9-D3M06.mzML	819	0	448.306020100911	1	33192.3	0.0
292	input_spectra/9-D3M06.mzML	820	0	931.625793457031	1	33203.880000000005	0.0
293	input_spectra/9-D3M06.mzML	821	0	931.625793457031	1	33215.4	0.0
226	input_spectra/9-D3M06.mzML	822	0	534.354085286458	1	33277.86	0.0
190	input_spectra/9-D3M06.mzML	823	0	448.306020100911	1	33312.36	0.0
292	input_spectra/9-D3M06.mzML	824	0	931.625793457031	1	33346.98	0.0
293	input_spectra/9-D3M06.mzML	825	0	931.625793457031	1	33358.5	0.0
142	input_spectra/9-D3M06.mzML	826	0	328.268307532793	1	33964.86	0.0
141	input_spectra/9-D3M06.mzML	827	0	328.268307532793	1	33976.32	0.0
138	input_spectra/9-D3M06.mzML	828	0	328.268307532793	1	34015.68	0.0
140	input_spectra/9-D3M06.mzML	829	0	328.268307532793	1	34027.2	0.0
143	input_spectra/9-D3M06.mzML	830	0	328.268307532793	1	34078.02	0.0
97	input_spectra/9-D3M06.mzML	831	0	230.248189290365	1	34264.439999999995	0.0
97	input_spectra/9-D3M06.mzML	832	0	230.248189290365	1	34275.96	0.0
97	input_spectra/9-D3M06.mzML	833	0	230.248189290365	1	34315.32	0.0
97	input_spectra/9-D3M06.mzML	834	0	230.248189290365	1	34326.780000000006	0.0
97	input_spectra/9-D3M06.mzML	835	0	230.248189290365	1	34366.2	0.0
97	input_spectra/9-D3M06.mzML	836	0	230.248189290365	1	34377.66	0.0
144	input_spectra/9-D3M06.mzML	837	0	328.268307532793	1	35126.46	0.0
141	input_spectra/9-D3M06.mzML	838	0	328.268307532793	1	35137.98	0.0
144	input_spectra/9-D3M06.mzML	839	0	328.268307532793	1	35177.34	0.0
145	input_spectra/9-D3M06.mzML	840	0	328.268307532793	1	35188.8	0.0
144	input_spectra/9-D3M06.mzML	841	0	328.268307532793	1	35228.219999999994	0.0
141	input_spectra/9-D3M06.mzML	842	0	328.268307532793	1	35239.68	0.0
145	input_spectra/9-D3M06.mzML	843	0	328.268307532793	1	36265.14	0.0
145	input_spectra/9-D3M06.mzML	844	0	328.268307532793	1	36276.659999999996	0.0
144	input_spectra/9-D3M06.mzML	845	0	328.268307532793	1	36315.96	0.0
143	input_spectra/9-D3M06.mzML	846	0	328.268307532793	1	36327.479999999996	0.0
144	input_spectra/9-D3M06.mzML	847	0	328.268307532793	1	36366.840000000004	0.0
143	input_spectra/9-D3M06.mzML	848	0	328.268307532793	1	36378.299999999996	0.0
157	input_spectra/9-D3M06.mzML	849	0	358.240783691406	1	36417.72	0.0
157	input_spectra/9-D3M06.mzML	850	0	358.240783691406	1	36429.18	0.0
157	input_spectra/9-D3M06.mzML	851	0	358.240783691406	1	36468.6	0.0
157	input_spectra/9-D3M06.mzML	852	0	358.240783691406	1	36480.06	0.0
185	input_spectra/9-D3M06.mzML	853	0	444.288584391276	1	36491.58	0.0
185	input_spectra/9-D3M06.mzML	854	0	444.288584391276	1	36503.1	0.0
157	input_spectra/9-D3M06.mzML	855	0	358.240783691406	1	36542.399999999994	0.0
157	input_spectra/9-D3M06.mzML	856	0	358.240783691406	1	36553.92	0.0
185	input_spectra/9-D3M06.mzML	857	0	444.288584391276	1	36565.44	0.0
185	input_spectra/9-D3M06.mzML	858	0	444.288584391276	1	36576.96	0.0
185	input_spectra/9-D3M06.mzML	859	0	444.288584391276	1	36616.32	0.0
185	input_spectra/9-D3M06.mzML	860	0	444.288584391276	1	36627.78	0.0
162	input_spectra/9-D3M06.mzML	861	0	373.274037679036	1	36834.96000000001	0.0
162	input_spectra/9-D3M06.mzML	862	0	373.274037679036	1	36885.78	0.0
174	input_spectra/9-D3M06.mzML	863	0	426.321584065755	1	36897.3	0.0
175	input_spectra/9-D3M06.mzML	864	0	426.321584065755	1	36908.82	0.0
155	input_spectra/9-D3M06.mzML	865	0	355.263631184896	1	36931.799999999996	0.0
284	input_spectra/9-D3M06.mzML	866	0	817.587097167969	1	36994.200000000004	0.0
284	input_spectra/9-D3M06.mzML	867	0	817.587097167969	1	37005.719999999994	0.0
162	input_spectra/9-D3M06.mzML	868	0	373.274037679036	1	37028.759999999995	0.0
174	input_spectra/9-D3M06.mzML	869	0	426.321584065755	1	37040.28	0.0
175	input_spectra/9-D3M06.mzML	870	0	426.321584065755	1	37051.799999999996	0.0
156	input_spectra/9-D3M06.mzML	871	0	355.263631184896	1	37063.32	0.0
156	input_spectra/9-D3M06.mzML	872	0	355.263631184896	1	37074.78	0.0
284	input_spectra/9-D3M06.mzML	873	0	817.587097167969	1	37137.18	0.0
284	input_spectra/9-D3M06.mzML	874	0	817.587097167969	1	37148.7	0.0
174	input_spectra/9-D3M06.mzML	875	0	426.321584065755	1	37160.28	0.0
175	input_spectra/9-D3M06.mzML	876	0	426.321584065755	1	37171.74	0.0
156	input_spectra/9-D3M06.mzML	877	0	355.263631184896	1	37183.26	0.0
156	input_spectra/9-D3M06.mzML	878	0	355.263631184896	1	37194.78	0.0
201	input_spectra/9-D3M06.mzML	879	0	477.332244873047	1	37206.3	0.0
285	input_spectra/9-D3M06.mzML	880	0	839.564025878906	1	37229.340000000004	0.0
285	input_spectra/9-D3M06.mzML	881	0	839.564025878906	1	37240.92	0.0
284	input_spectra/9-D3M06.mzML	882	0	817.587097167969	1	37280.28	0.0
284	input_spectra/9-D3M06.mzML	883	0	817.587097167969	1	37291.799999999996	0.0
285	input_spectra/9-D3M06.mzML	884	0	839.564025878906	1	37303.38	0.0
285	input_spectra/9-D3M06.mzML	885	0	839.564025878906	1	37314.899999999994	0.0
145	input_spectra/9-D3M06.mzML	886	0	328.268307532793	1	37412.399999999994	0.0
140	input_spectra/9-D3M06.mzML	887	0	328.268307532793	1	37423.92	0.0
144	input_spectra/9-D3M06.mzML	888	0	328.268307532793	1	37463.28	0.0
141	input_spectra/9-D3M06.mzML	889	0	328.268307532793	1	37474.8	0.0
144	input_spectra/9-D3M06.mzML	890	0	328.268307532793	1	37514.159999999996	0.0
143	input_spectra/9-D3M06.mzML	891	0	328.268307532793	1	37525.62	0.0
109	input_spectra/9-D3M06.mzML	892	0	258.279134114583	1	37959.78	0.0
109	input_spectra/9-D3M06.mzML	893	0	258.279134114583	1	37971.240000000005	0.0
109	input_spectra/9-D3M06.mzML	894	0	258.279134114583	1	38010.6	0.0
109	input_spectra/9-D3M06.mzML	895	0	258.279134114583	1	38022.06	0.0
109	input_spectra/9-D3M06.mzML	896	0	258.279134114583	1	38061.479999999996	0.0
109	input_spectra/9-D3M06.mzML	897	0	258.279134114583	1	38072.94	0.0
169	input_spectra/9-D3M06.mzML	898	0	413.348892211914	1	38123.82	0.0
169	input_spectra/9-D3M06.mzML	899	0	413.348892211914	1	38174.7	0.0
191	input_spectra/9-D3M06.mzML	900	0	450.321584065755	1	38301.0	0.0
191	input_spectra/9-D3M06.mzML	901	0	450.321584065755	1	38351.88	0.0
213	input_spectra/9-D3M06.mzML	902	0	518.359049479167	1	38374.92	0.0
213	input_spectra/9-D3M06.mzML	903	0	518.359049479167	1	38386.44	0.0
213	input_spectra/9-D3M06.mzML	904	0	518.359049479167	1	38425.799999999996	0.0
213	input_spectra/9-D3M06.mzML	905	0	518.359049479167	1	38437.32	0.0
213	input_spectra/9-D3M06.mzML	906	0	518.359049479167	1	38499.659999999996	0.0
213	input_spectra/9-D3M06.mzML	907	0	518.359049479167	1	38511.18	0.0
144	input_spectra/9-D3M06.mzML	908	0	328.268307532793	1	38550.54	0.0
143	input_spectra/9-D3M06.mzML	909	0	328.268307532793	1	38562.06	0.0
145	input_spectra/9-D3M06.mzML	910	0	328.268307532793	1	38601.42	0.0
143	input_spectra/9-D3M06.mzML	911	0	328.268307532793	1	38612.88	0.0
132	input_spectra/9-D3M06.mzML	912	0	304.300354003906	1	38624.4	0.0
132	input_spectra/9-D3M06.mzML	913	0	304.300354003906	1	38635.86	0.0
144	input_spectra/9-D3M06.mzML	914	0	328.268307532793	1	38675.22	0.0
143	input_spectra/9-D3M06.mzML	915	0	328.268307532793	1	38686.68	0.0
132	input_spectra/9-D3M06.mzML	916	0	304.300354003906	1	38698.200000000004	0.0
132	input_spectra/9-D3M06.mzML	917	0	304.300354003906	1	38709.659999999996	0.0
132	input_spectra/9-D3M06.mzML	918	0	304.300354003906	1	38748.96	0.0
132	input_spectra/9-D3M06.mzML	919	0	304.300354003906	1	38760.48	0.0
232	input_spectra/9-D3M06.mzML	920	0	558.383809407552	1	38884.020000000004	0.0
233	input_spectra/9-D3M06.mzML	921	0	558.383809407552	1	38895.54	0.0
232	input_spectra/9-D3M06.mzML	922	0	558.383809407552	1	38934.899999999994	0.0
233	input_spectra/9-D3M06.mzML	923	0	558.383809407552	1	38946.42	0.0
232	input_spectra/9-D3M06.mzML	924	0	558.383809407552	1	38985.78	0.0
233	input_spectra/9-D3M06.mzML	925	0	558.383809407552	1	38997.3	0.0
212	input_spectra/9-D3M06.mzML	926	0	514.358378092448	1	39048.66	0.0
212	input_spectra/9-D3M06.mzML	927	0	514.358378092448	1	39060.18	0.0
212	input_spectra/9-D3M06.mzML	928	0	514.358378092448	1	39099.54	0.0
212	input_spectra/9-D3M06.mzML	929	0	514.358378092448	1	39111.06	0.0
212	input_spectra/9-D3M06.mzML	930	0	514.358378092448	1	39150.42	0.0
212	input_spectra/9-D3M06.mzML	931	0	514.358378092448	1	39161.939999999995	0.0
199	input_spectra/9-D3M06.mzML	932	0	470.331726074219	1	39297.53999999999	0.0
199	input_spectra/9-D3M06.mzML	933	0	470.331726074219	1	39309.0	0.0
199	input_spectra/9-D3M06.mzML	934	0	470.331726074219	1	39348.36	0.0
199	input_spectra/9-D3M06.mzML	935	0	470.331726074219	1	39359.880000000005	0.0
199	input_spectra/9-D3M06.mzML	936	0	470.331726074219	1	39411.240000000005	0.0
199	input_spectra/9-D3M06.mzML	937	0	470.331726074219	1	39422.76	0.0
124	input_spectra/9-D3M06.mzML	938	0	286.219621741253	1	39654.54	0.0
125	input_spectra/9-D3M06.mzML	939	0	286.219621741253	1	39666.0	0.0
144	input_spectra/9-D3M06.mzML	940	0	328.268307532793	1	39705.36	0.0
143	input_spectra/9-D3M06.mzML	941	0	328.268307532793	1	39716.88	0.0
144	input_spectra/9-D3M06.mzML	942	0	328.268307532793	1	39756.240000000005	0.0
143	input_spectra/9-D3M06.mzML	943	0	328.268307532793	1	39767.76	0.0
144	input_spectra/9-D3M06.mzML	944	0	328.268307532793	1	39807.12	0.0
143	input_spectra/9-D3M06.mzML	945	0	328.268307532793	1	39818.58	0.0
124	input_spectra/9-D3M06.mzML	946	0	286.219621741253	1	40086.479999999996	0.0
125	input_spectra/9-D3M06.mzML	947	0	286.219621741253	1	40097.94	0.0
124	input_spectra/9-D3M06.mzML	948	0	286.219621741253	1	40377.78	0.0
125	input_spectra/9-D3M06.mzML	949	0	286.219621741253	1	40389.24	0.0
144	input_spectra/9-D3M06.mzML	950	0	328.268307532793	1	40861.56	0.0
143	input_spectra/9-D3M06.mzML	951	0	328.268307532793	1	40873.02	0.0
144	input_spectra/9-D3M06.mzML	952	0	328.268307532793	1	40912.44	0.0
141	input_spectra/9-D3M06.mzML	953	0	328.268307532793	1	40923.96	0.0
145	input_spectra/9-D3M06.mzML	954	0	328.268307532793	1	40963.32	0.0
143	input_spectra/9-D3M06.mzML	955	0	328.268307532793	1	40974.78	0.0
124	input_spectra/9-D3M06.mzML	956	0	286.219621741253	1	41459.1	0.0
126	input_spectra/9-D3M06.mzML	957	0	286.219621741253	1	41470.560000000005	0.0
124	input_spectra/9-D3M06.mzML	958	0	286.219621741253	1	41509.92	0.0
125	input_spectra/9-D3M06.mzML	959	0	286.219621741253	1	41521.380000000005	0.0
124	input_spectra/9-D3M06.mzML	960	0	286.219621741253	1	41560.74	0.0
144	input_spectra/9-D3M06.mzML	961	0	328.268307532793	1	41996.4	0.0
143	input_spectra/9-D3M06.mzML	962	0	328.268307532793	1	42007.92	0.0
144	input_spectra/9-D3M06.mzML	963	0	328.268307532793	1	42047.28	0.0
143	input_spectra/9-D3M06.mzML	964	0	328.268307532793	1	42058.8	0.0
144	input_spectra/9-D3M06.mzML	965	0	328.268307532793	1	42098.159999999996	0.0
143	input_spectra/9-D3M06.mzML	966	0	328.268307532793	1	42109.62	0.0
126	input_spectra/9-D3M06.mzML	967	0	286.219621741253	1	42605.94	0.0
125	input_spectra/9-D3M06.mzML	968	0	286.219621741253	1	42617.399999999994	0.0
149	input_spectra/9-D3M06.mzML	969	0	332.331197102865	1	42656.76	0.0
149	input_spectra/9-D3M06.mzML	970	0	332.331197102865	1	42668.28	0.0
124	input_spectra/9-D3M06.mzML	971	0	286.219621741253	1	42679.8	0.0
124	input_spectra/9-D3M06.mzML	972	0	286.219621741253	1	42691.259999999995	0.0
149	input_spectra/9-D3M06.mzML	973	0	332.331197102865	1	42730.62	0.0
149	input_spectra/9-D3M06.mzML	974	0	332.331197102865	1	42742.08	0.0
125	input_spectra/9-D3M06.mzML	975	0	286.219621741253	1	42753.6	0.0
125	input_spectra/9-D3M06.mzML	976	0	286.219621741253	1	42765.06	0.0
149	input_spectra/9-D3M06.mzML	977	0	332.331197102865	1	42804.48	0.0
149	input_spectra/9-D3M06.mzML	978	0	332.331197102865	1	42815.94	0.0
144	input_spectra/9-D3M06.mzML	979	0	328.268307532793	1	43143.96	0.0
143	input_spectra/9-D3M06.mzML	980	0	328.268307532793	1	43155.42	0.0
144	input_spectra/9-D3M06.mzML	981	0	328.268307532793	1	43194.78	0.0
143	input_spectra/9-D3M06.mzML	982	0	328.268307532793	1	43206.240000000005	0.0
144	input_spectra/9-D3M06.mzML	983	0	328.268307532793	1	43245.659999999996	0.0
143	input_spectra/9-D3M06.mzML	984	0	328.268307532793	1	43257.12	0.0
203	input_spectra/9-D3M06.mzML	985	0	483.248840332031	1	43693.32	0.0
203	input_spectra/9-D3M06.mzML	986	0	483.248840332031	1	43704.84	0.0
203	input_spectra/9-D3M06.mzML	987	0	483.248840332031	1	43744.26	0.0
203	input_spectra/9-D3M06.mzML	988	0	483.248840332031	1	43755.719999999994	0.0
203	input_spectra/9-D3M06.mzML	989	0	483.248840332031	1	43795.08	0.0
203	input_spectra/9-D3M06.mzML	990	0	483.248840332031	1	43806.6	0.0
126	input_spectra/9-D3M06.mzML	991	0	286.219621741253	1	43818.12	0.0
125	input_spectra/9-D3M06.mzML	992	0	286.219621741253	1	43829.58	0.0
126	input_spectra/9-D3M06.mzML	993	0	286.219621741253	1	43869.0	0.0
124	input_spectra/9-D3M06.mzML	994	0	286.219621741253	1	43919.880000000005	0.0
125	input_spectra/9-D3M06.mzML	995	0	286.219621741253	1	43931.34	0.0
186	input_spectra/9-D3M06.mzML	996	0	444.297068277995	1	44127.06	0.0
186	input_spectra/9-D3M06.mzML	997	0	444.297068277995	1	44138.520000000004	0.0
186	input_spectra/9-D3M06.mzML	998	0	444.297068277995	1	44177.88	0.0
186	input_spectra/9-D3M06.mzML	999	0	444.297068277995	1	44189.4	0.0
186	input_spectra/9-D3M06.mzML	1000	0	444.297068277995	1	44228.759999999995	0.0
186	input_spectra/9-D3M06.mzML	1001	0	444.297068277995	1	44240.28	0.0
144	input_spectra/9-D3M06.mzML	1002	0	328.268307532793	1	44315.76	0.0
143	input_spectra/9-D3M06.mzML	1003	0	328.268307532793	1	44327.22	0.0
144	input_spectra/9-D3M06.mzML	1004	0	328.268307532793	1	44366.58	0.0
141	input_spectra/9-D3M06.mzML	1005	0	328.268307532793	1	44378.1	0.0
144	input_spectra/9-D3M06.mzML	1006	0	328.268307532793	1	44417.46000000001	0.0
143	input_spectra/9-D3M06.mzML	1007	0	328.268307532793	1	44428.92	0.0
124	input_spectra/9-D3M06.mzML	1008	0	286.219621741253	1	44973.36	0.0
124	input_spectra/9-D3M06.mzML	1009	0	286.219621741253	1	44984.82	0.0
125	input_spectra/9-D3M06.mzML	1010	0	286.219621741253	1	45024.18	0.0
125	input_spectra/9-D3M06.mzML	1011	0	286.219621741253	1	45035.64	0.0
126	input_spectra/9-D3M06.mzML	1012	0	286.219621741253	1	45075.0	0.0
126	input_spectra/9-D3M06.mzML	1013	0	286.219621741253	1	45086.520000000004	0.0
152	input_spectra/9-D3M06.mzML	1014	0	346.276900679977	1	45366.36	0.0
152	input_spectra/9-D3M06.mzML	1015	0	346.276900679977	1	45377.88	0.0
144	input_spectra/9-D3M06.mzML	1016	0	328.268307532793	1	45518.94	0.0
143	input_spectra/9-D3M06.mzML	1017	0	328.268307532793	1	45530.46	0.0
152	input_spectra/9-D3M06.mzML	1018	0	346.276900679977	1	45564.899999999994	0.0
152	input_spectra/9-D3M06.mzML	1019	0	346.276900679977	1	45576.42	0.0
144	input_spectra/9-D3M06.mzML	1020	0	328.268307532793	1	45615.78	0.0
143	input_spectra/9-D3M06.mzML	1021	0	328.268307532793	1	45627.3	0.0
153	input_spectra/9-D3M06.mzML	1022	0	346.276900679977	1	45638.82	0.0
152	input_spectra/9-D3M06.mzML	1023	0	346.276900679977	1	45650.28	0.0
144	input_spectra/9-D3M06.mzML	1024	0	328.268307532793	1	45689.64	0.0
143	input_spectra/9-D3M06.mzML	1025	0	328.268307532793	1	45701.16	0.0
282	input_spectra/9-D3M06.mzML	1026	0	785.592224121094	1	46065.18	0.0
282	input_spectra/9-D3M06.mzML	1027	0	785.592224121094	1	46116.119999999995	0.0
126	input_spectra/9-D3M06.mzML	1028	0	286.219621741253	1	46167.0	0.0
125	input_spectra/9-D3M06.mzML	1029	0	286.219621741253	1	46178.46	0.0
282	input_spectra/9-D3M06.mzML	1030	0	785.592224121094	1	46190.03999999999	0.0
124	input_spectra/9-D3M06.mzML	1031	0	286.219621741253	1	46240.979999999996	0.0
125	input_spectra/9-D3M06.mzML	1032	0	286.219621741253	1	46252.5	0.0
126	input_spectra/9-D3M06.mzML	1033	0	286.219621741253	1	46291.86	0.0
126	input_spectra/9-D3M06.mzML	1034	0	286.219621741253	1	46303.32	0.0
274	input_spectra/9-D3M06.mzML	1035	0	748.539947509766	1	46314.899999999994	0.0
275	input_spectra/9-D3M06.mzML	1036	0	748.539947509766	1	46326.42	0.0
274	input_spectra/9-D3M06.mzML	1037	0	748.539947509766	1	46377.840000000004	0.0
275	input_spectra/9-D3M06.mzML	1038	0	748.539947509766	1	46389.36	0.0
270	input_spectra/9-D3M06.mzML	1039	0	704.515340169271	1	46501.08	0.0
270	input_spectra/9-D3M06.mzML	1040	0	704.515340169271	1	46512.600000000006	0.0
270	input_spectra/9-D3M06.mzML	1041	0	704.515340169271	1	46551.96	0.0
270	input_spectra/9-D3M06.mzML	1042	0	704.515340169271	1	46563.479999999996	0.0
270	input_spectra/9-D3M06.mzML	1043	0	704.515340169271	1	46602.840000000004	0.0
270	input_spectra/9-D3M06.mzML	1044	0	704.515340169271	1	46614.36	0.0
153	input_spectra/9-D3M06.mzML	1045	0	346.276900679977	1	46653.72	0.0
152	input_spectra/9-D3M06.mzML	1046	0	346.276900679977	1	46665.24	0.0
144	input_spectra/9-D3M06.mzML	1047	0	328.268307532793	1	46704.6	0.0
143	input_spectra/9-D3M06.mzML	1048	0	328.268307532793	1	46716.06	0.0
152	input_spectra/9-D3M06.mzML	1049	0	346.276900679977	1	46727.58	0.0
152	input_spectra/9-D3M06.mzML	1050	0	346.276900679977	1	46739.04	0.0
144	input_spectra/9-D3M06.mzML	1051	0	328.268307532793	1	46778.4	0.0
143	input_spectra/9-D3M06.mzML	1052	0	328.268307532793	1	46789.86	0.0
265	input_spectra/9-D3M06.mzML	1053	0	660.489420572917	1	46801.44	0.0
265	input_spectra/9-D3M06.mzML	1054	0	660.489420572917	1	46812.96	0.0
153	input_spectra/9-D3M06.mzML	1055	0	346.276900679977	1	46824.48	0.0
152	input_spectra/9-D3M06.mzML	1056	0	346.276900679977	1	46836.0	0.0
144	input_spectra/9-D3M06.mzML	1057	0	328.268307532793	1	46875.36	0.0
143	input_spectra/9-D3M06.mzML	1058	0	328.268307532793	1	46886.88	0.0
265	input_spectra/9-D3M06.mzML	1059	0	660.489420572917	1	46898.4	0.0
265	input_spectra/9-D3M06.mzML	1060	0	660.489420572917	1	46909.92	0.0
265	input_spectra/9-D3M06.mzML	1061	0	660.489420572917	1	46949.280000000006	0.0
265	input_spectra/9-D3M06.mzML	1062	0	660.489420572917	1	46960.86	0.0
160	input_spectra/9-D3M06.mzML	1063	0	360.362660725911	1	47000.22	0.0
160	input_spectra/9-D3M06.mzML	1064	0	360.362660725911	1	47011.68	0.0
259	input_spectra/9-D3M06.mzML	1065	0	616.463175455729	1	47051.04	0.0
259	input_spectra/9-D3M06.mzML	1066	0	616.463175455729	1	47062.56	0.0
160	input_spectra/9-D3M06.mzML	1067	0	360.362660725911	1	47074.08	0.0
160	input_spectra/9-D3M06.mzML	1068	0	360.362660725911	1	47085.6	0.0
259	input_spectra/9-D3M06.mzML	1069	0	616.463175455729	1	47124.899999999994	0.0
259	input_spectra/9-D3M06.mzML	1070	0	616.463175455729	1	47136.42	0.0
160	input_spectra/9-D3M06.mzML	1071	0	360.362660725911	1	47147.94	0.0
160	input_spectra/9-D3M06.mzML	1072	0	360.362660725911	1	47159.46	0.0
259	input_spectra/9-D3M06.mzML	1073	0	616.463175455729	1	47198.82	0.0
259	input_spectra/9-D3M06.mzML	1074	0	616.463175455729	1	47210.340000000004	0.0
126	input_spectra/9-D3M06.mzML	1075	0	286.219621741253	1	47333.82	0.0
125	input_spectra/9-D3M06.mzML	1076	0	286.219621741253	1	47345.340000000004	0.0
240	input_spectra/9-D3M06.mzML	1077	0	572.436381022135	1	47356.86	0.0
240	input_spectra/9-D3M06.mzML	1078	0	572.436381022135	1	47368.38	0.0
240	input_spectra/9-D3M06.mzML	1079	0	572.436381022135	1	47407.8	0.0
240	input_spectra/9-D3M06.mzML	1080	0	572.436381022135	1	47419.32	0.0
126	input_spectra/9-D3M06.mzML	1081	0	286.219621741253	1	47430.78	0.0
125	input_spectra/9-D3M06.mzML	1082	0	286.219621741253	1	47442.3	0.0
240	input_spectra/9-D3M06.mzML	1083	0	572.436381022135	1	47481.659999999996	0.0
240	input_spectra/9-D3M06.mzML	1084	0	572.436381022135	1	47493.18	0.0
126	input_spectra/9-D3M06.mzML	1085	0	286.219621741253	1	47504.7	0.0
125	input_spectra/9-D3M06.mzML	1086	0	286.219621741253	1	47516.22	0.0
221	input_spectra/9-D3M06.mzML	1087	0	528.410481770833	1	47708.219999999994	0.0
221	input_spectra/9-D3M06.mzML	1088	0	528.410481770833	1	47719.74	0.0
221	input_spectra/9-D3M06.mzML	1089	0	528.410481770833	1	47759.1	0.0
221	input_spectra/9-D3M06.mzML	1090	0	528.410481770833	1	47770.62	0.0
221	input_spectra/9-D3M06.mzML	1091	0	528.410481770833	1	47809.979999999996	0.0
221	input_spectra/9-D3M06.mzML	1092	0	528.410481770833	1	47821.5	0.0
144	input_spectra/9-D3M06.mzML	1093	0	328.268307532793	1	47911.799999999996	0.0
143	input_spectra/9-D3M06.mzML	1094	0	328.268307532793	1	47923.26	0.0
153	input_spectra/9-D3M06.mzML	1095	0	346.276900679977	1	47957.82	0.0
152	input_spectra/9-D3M06.mzML	1096	0	346.276900679977	1	47969.340000000004	0.0
241	input_spectra/9-D3M06.mzML	1097	0	579.420379638672	1	47980.86	0.0
241	input_spectra/9-D3M06.mzML	1098	0	579.420379638672	1	47992.380000000005	0.0
144	input_spectra/9-D3M06.mzML	1099	0	328.268307532793	1	48031.74	0.0
143	input_spectra/9-D3M06.mzML	1100	0	328.268307532793	1	48043.26	0.0
224	input_spectra/9-D3M06.mzML	1101	0	533.36533610026	1	48054.78	0.0
225	input_spectra/9-D3M06.mzML	1102	0	533.36533610026	1	48066.3	0.0
241	input_spectra/9-D3M06.mzML	1103	0	579.420379638672	1	48077.82	0.0
241	input_spectra/9-D3M06.mzML	1104	0	579.420379638672	1	48089.340000000004	0.0
144	input_spectra/9-D3M06.mzML	1105	0	328.268307532793	1	48128.7	0.0
143	input_spectra/9-D3M06.mzML	1106	0	328.268307532793	1	48140.22	0.0
204	input_spectra/9-D3M06.mzML	1107	0	484.386566162109	1	48151.74	0.0
204	input_spectra/9-D3M06.mzML	1108	0	484.386566162109	1	48163.26	0.0
153	input_spectra/9-D3M06.mzML	1109	0	346.276900679977	1	48174.78	0.0
152	input_spectra/9-D3M06.mzML	1110	0	346.276900679977	1	48186.240000000005	0.0
204	input_spectra/9-D3M06.mzML	1111	0	484.386566162109	1	48225.659999999996	0.0
204	input_spectra/9-D3M06.mzML	1112	0	484.386566162109	1	48237.12	0.0
152	input_spectra/9-D3M06.mzML	1113	0	346.276900679977	1	48271.68	0.0
152	input_spectra/9-D3M06.mzML	1114	0	346.276900679977	1	48283.14	0.0
227	input_spectra/9-D3M06.mzML	1115	0	535.394938151042	1	48294.659999999996	0.0
227	input_spectra/9-D3M06.mzML	1116	0	535.394938151042	1	48306.18	0.0
204	input_spectra/9-D3M06.mzML	1117	0	484.386566162109	1	48345.6	0.0
204	input_spectra/9-D3M06.mzML	1118	0	484.386566162109	1	48357.12	0.0
227	input_spectra/9-D3M06.mzML	1119	0	535.394938151042	1	48391.62	0.0
227	input_spectra/9-D3M06.mzML	1120	0	535.394938151042	1	48403.14	0.0
198	input_spectra/9-D3M06.mzML	1121	0	467.357406616211	1	48414.659999999996	0.0
227	input_spectra/9-D3M06.mzML	1122	0	535.394938151042	1	48488.58	0.0
227	input_spectra/9-D3M06.mzML	1123	0	535.394938151042	1	48500.100000000006	0.0
198	input_spectra/9-D3M06.mzML	1124	0	467.357406616211	1	48511.62	0.0
182	input_spectra/9-D3M06.mzML	1125	0	440.358062744141	1	48534.6	0.0
182	input_spectra/9-D3M06.mzML	1126	0	440.358062744141	1	48546.119999999995	0.0
182	input_spectra/9-D3M06.mzML	1127	0	440.358062744141	1	48585.54	0.0
182	input_spectra/9-D3M06.mzML	1128	0	440.358062744141	1	48597.0	0.0
126	input_spectra/9-D3M06.mzML	1129	0	286.219621741253	1	48631.56	0.0
126	input_spectra/9-D3M06.mzML	1130	0	286.219621741253	1	48643.02	0.0
206	input_spectra/9-D3M06.mzML	1131	0	491.368509928385	1	48654.54	0.0
182	input_spectra/9-D3M06.mzML	1132	0	440.363189697266	1	48705.42	0.0
182	input_spectra/9-D3M06.mzML	1133	0	440.363189697266	1	48716.939999999995	0.0
173	input_spectra/9-D3M06.mzML	1134	0	423.331634521484	1	48774.48	0.0
173	input_spectra/9-D3M06.mzML	1135	0	423.331634521484	1	48786.0	0.0
126	input_spectra/9-D3M06.mzML	1136	0	286.219621741253	1	48797.520000000004	0.0
125	input_spectra/9-D3M06.mzML	1137	0	286.219621741253	1	48808.979999999996	0.0
206	input_spectra/9-D3M06.mzML	1138	0	491.368509928385	1	48882.9	0.0
173	input_spectra/9-D3M06.mzML	1139	0	423.331634521484	1	48894.420000000006	0.0
173	input_spectra/9-D3M06.mzML	1140	0	423.331634521484	1	48905.94	0.0
124	input_spectra/9-D3M06.mzML	1141	0	286.219621741253	1	48917.399999999994	0.0
125	input_spectra/9-D3M06.mzML	1142	0	286.219621741253	1	48928.92	0.0
167	input_spectra/9-D3M06.mzML	1143	0	396.333974202474	1	48968.28	0.0
167	input_spectra/9-D3M06.mzML	1144	0	396.333974202474	1	48979.8	0.0
173	input_spectra/9-D3M06.mzML	1145	0	423.331634521484	1	48991.32	0.0
173	input_spectra/9-D3M06.mzML	1146	0	423.331634521484	1	49002.78	0.0
167	input_spectra/9-D3M06.mzML	1147	0	396.333974202474	1	49088.219999999994	0.0
167	input_spectra/9-D3M06.mzML	1148	0	396.333974202474	1	49099.68	0.0
168	input_spectra/9-D3M06.mzML	1149	0	401.287780761719	1	49111.2	0.0
163	input_spectra/9-D3M06.mzML	1150	0	379.305145263672	1	49157.22	0.0
163	input_spectra/9-D3M06.mzML	1151	0	379.305145263672	1	49168.68	0.0
144	input_spectra/9-D3M06.mzML	1152	0	328.268307532793	1	49208.1	0.0
143	input_spectra/9-D3M06.mzML	1153	0	328.268307532793	1	49219.62	0.0
167	input_spectra/9-D3M06.mzML	1154	0	396.333974202474	1	49231.08	0.0
167	input_spectra/9-D3M06.mzML	1155	0	396.333974202474	1	49242.600000000006	0.0
168	input_spectra/9-D3M06.mzML	1156	0	401.287780761719	1	49254.12	0.0
163	input_spectra/9-D3M06.mzML	1157	0	379.305145263672	1	49300.14	0.0
163	input_spectra/9-D3M06.mzML	1158	0	379.305145263672	1	49311.6	0.0
144	input_spectra/9-D3M06.mzML	1159	0	328.268307532793	1	49351.020000000004	0.0
141	input_spectra/9-D3M06.mzML	1160	0	328.268307532793	1	49362.479999999996	0.0
163	input_spectra/9-D3M06.mzML	1161	0	379.305145263672	1	49374.0	0.0
163	input_spectra/9-D3M06.mzML	1162	0	379.305145263672	1	49385.46	0.0
152	input_spectra/9-D3M06.mzML	1163	0	346.276900679977	1	49396.98	0.0
152	input_spectra/9-D3M06.mzML	1164	0	346.276900679977	1	49408.44	0.0
144	input_spectra/9-D3M06.mzML	1165	0	328.268307532793	1	49447.86	0.0
143	input_spectra/9-D3M06.mzML	1166	0	328.268307532793	1	49459.38	0.0
153	input_spectra/9-D3M06.mzML	1167	0	346.276900679977	1	49470.840000000004	0.0
152	input_spectra/9-D3M06.mzML	1168	0	346.276900679977	1	49482.36	0.0
154	input_spectra/9-D3M06.mzML	1169	0	352.306945800781	1	49521.72	0.0
154	input_spectra/9-D3M06.mzML	1170	0	352.306945800781	1	49533.24	0.0
150	input_spectra/9-D3M06.mzML	1171	0	335.279622395833	1	49590.719999999994	0.0
150	input_spectra/9-D3M06.mzML	1172	0	335.279622395833	1	49602.24	0.0
153	input_spectra/9-D3M06.mzML	1173	0	346.276900679977	1	49613.7	0.0
152	input_spectra/9-D3M06.mzML	1174	0	346.276900679977	1	49625.22	0.0
154	input_spectra/9-D3M06.mzML	1175	0	352.306945800781	1	49664.58	0.0
154	input_spectra/9-D3M06.mzML	1176	0	352.306945800781	1	49676.1	0.0
150	input_spectra/9-D3M06.mzML	1177	0	335.279622395833	1	49733.58	0.0
150	input_spectra/9-D3M06.mzML	1178	0	335.279622395833	1	49745.100000000006	0.0
154	input_spectra/9-D3M06.mzML	1179	0	352.306945800781	1	49784.46	0.0
154	input_spectra/9-D3M06.mzML	1180	0	352.306945800781	1	49795.979999999996	0.0
150	input_spectra/9-D3M06.mzML	1181	0	335.279622395833	1	49853.46	0.0
150	input_spectra/9-D3M06.mzML	1182	0	335.279622395833	1	49864.979999999996	0.0
126	input_spectra/9-D3M06.mzML	1183	0	286.219621741253	1	49904.340000000004	0.0
125	input_spectra/9-D3M06.mzML	1184	0	286.219621741253	1	49915.86	0.0
126	input_spectra/9-D3M06.mzML	1185	0	286.219621741253	1	49955.22	0.0
125	input_spectra/9-D3M06.mzML	1186	0	286.219621741253	1	49966.74	0.0
126	input_spectra/9-D3M06.mzML	1187	0	286.219621741253	1	50006.1	0.0
126	input_spectra/9-D3M06.mzML	1188	0	286.219621741253	1	50017.619999999995	0.0
128	input_spectra/9-D3M06.mzML	1189	0	291.252502441406	1	50029.08	0.0
128	input_spectra/9-D3M06.mzML	1190	0	291.252502441406	1	50040.6	0.0
128	input_spectra/9-D3M06.mzML	1191	0	291.252502441406	1	50079.96000000001	0.0
128	input_spectra/9-D3M06.mzML	1192	0	291.252502441406	1	50091.42	0.0
133	input_spectra/9-D3M06.mzML	1193	0	308.279418945313	1	50102.94	0.0
133	input_spectra/9-D3M06.mzML	1194	0	308.279418945313	1	50114.4	0.0
128	input_spectra/9-D3M06.mzML	1195	0	291.252502441406	1	50176.799999999996	0.0
128	input_spectra/9-D3M06.mzML	1196	0	291.252502441406	1	50188.26	0.0
133	input_spectra/9-D3M06.mzML	1197	0	308.279418945313	1	50199.78	0.0
133	input_spectra/9-D3M06.mzML	1198	0	308.279418945313	1	50211.3	0.0
133	input_spectra/9-D3M06.mzML	1199	0	308.279418945313	1	50273.64	0.0
133	input_spectra/9-D3M06.mzML	1200	0	308.279418945313	1	50285.16	0.0
159	input_spectra/9-D3M06.mzML	1201	0	359.290069580078	1	50319.6	0.0
159	input_spectra/9-D3M06.mzML	1202	0	359.290069580078	1	50331.119999999995	0.0
131	input_spectra/9-D3M06.mzML	1203	0	304.229985555013	1	50406.6	0.0
131	input_spectra/9-D3M06.mzML	1204	0	304.229985555013	1	50418.060000000005	0.0
144	input_spectra/9-D3M06.mzML	1205	0	328.268307532793	1	50457.42	0.0
143	input_spectra/9-D3M06.mzML	1206	0	328.268307532793	1	50468.94	0.0
131	input_spectra/9-D3M06.mzML	1207	0	304.229985555013	1	50480.4	0.0
131	input_spectra/9-D3M06.mzML	1208	0	304.229985555013	1	50491.920000000006	0.0
144	input_spectra/9-D3M06.mzML	1209	0	328.268307532793	1	50531.28	0.0
143	input_spectra/9-D3M06.mzML	1210	0	328.268307532793	1	50542.8	0.0
144	input_spectra/9-D3M06.mzML	1211	0	328.268307532793	1	50582.159999999996	0.0
143	input_spectra/9-D3M06.mzML	1212	0	328.268307532793	1	50593.619999999995	0.0
152	input_spectra/9-D3M06.mzML	1213	0	346.276900679977	1	50605.14	0.0
152	input_spectra/9-D3M06.mzML	1214	0	346.276900679977	1	50616.659999999996	0.0
131	input_spectra/9-D3M06.mzML	1215	0	304.229985555013	1	50628.12	0.0
131	input_spectra/9-D3M06.mzML	1216	0	304.229985555013	1	50639.64	0.0
153	input_spectra/9-D3M06.mzML	1217	0	346.276900679977	1	50679.0	0.0
152	input_spectra/9-D3M06.mzML	1218	0	346.276900679977	1	50690.46	0.0
153	input_spectra/9-D3M06.mzML	1219	0	346.276900679977	1	50729.82	0.0
152	input_spectra/9-D3M06.mzML	1220	0	346.276900679977	1	50741.34	0.0
126	input_spectra/9-D3M06.mzML	1221	0	286.219621741253	1	51057.24	0.0
125	input_spectra/9-D3M06.mzML	1222	0	286.219621741253	1	51068.759999999995	0.0
126	input_spectra/9-D3M06.mzML	1223	0	286.219621741253	1	51108.060000000005	0.0
125	input_spectra/9-D3M06.mzML	1224	0	286.219621741253	1	51119.58	0.0
126	input_spectra/9-D3M06.mzML	1225	0	286.219621741253	1	51158.94	0.0
126	input_spectra/9-D3M06.mzML	1226	0	286.219621741253	1	51170.4	0.0
269	input_spectra/9-D3M06.mzML	1227	0	702.498758951823	1	51181.98	0.0
269	input_spectra/9-D3M06.mzML	1228	0	702.498758951823	1	51193.5	0.0
269	input_spectra/9-D3M06.mzML	1229	0	702.498758951823	1	51232.86	0.0
269	input_spectra/9-D3M06.mzML	1230	0	702.498758951823	1	51244.439999999995	0.0
269	input_spectra/9-D3M06.mzML	1231	0	702.498758951823	1	51283.8	0.0
264	input_spectra/9-D3M06.mzML	1232	0	658.472819010417	1	51490.5	0.0
264	input_spectra/9-D3M06.mzML	1233	0	658.472819010417	1	51529.86	0.0
264	input_spectra/9-D3M06.mzML	1234	0	658.472819010417	1	51580.74	0.0
264	input_spectra/9-D3M06.mzML	1235	0	658.472819010417	1	51592.26	0.0
144	input_spectra/9-D3M06.mzML	1236	0	328.268307532793	1	51631.62	0.0
143	input_spectra/9-D3M06.mzML	1237	0	328.268307532793	1	51643.14	0.0
131	input_spectra/9-D3M06.mzML	1238	0	304.229985555013	1	51654.6	0.0
131	input_spectra/9-D3M06.mzML	1239	0	304.229985555013	1	51666.119999999995	0.0
144	input_spectra/9-D3M06.mzML	1240	0	328.268307532793	1	51705.42	0.0
143	input_spectra/9-D3M06.mzML	1241	0	328.268307532793	1	51716.939999999995	0.0
144	input_spectra/9-D3M06.mzML	1242	0	328.268307532793	1	51756.3	0.0
143	input_spectra/9-D3M06.mzML	1243	0	328.268307532793	1	51767.76	0.0
131	input_spectra/9-D3M06.mzML	1244	0	304.229985555013	1	51779.280000000006	0.0
131	input_spectra/9-D3M06.mzML	1245	0	304.229985555013	1	51790.74	0.0
153	input_spectra/9-D3M06.mzML	1246	0	346.276900679977	1	51830.100000000006	0.0
152	input_spectra/9-D3M06.mzML	1247	0	346.276900679977	1	51841.56	0.0
131	input_spectra/9-D3M06.mzML	1248	0	304.229985555013	1	51853.079999999994	0.0
131	input_spectra/9-D3M06.mzML	1249	0	304.229985555013	1	51864.54	0.0
255	input_spectra/9-D3M06.mzML	1250	0	614.446695963542	1	51903.9	0.0
255	input_spectra/9-D3M06.mzML	1251	0	614.446695963542	1	51915.42	0.0
152	input_spectra/9-D3M06.mzML	1252	0	346.276900679977	1	51926.939999999995	0.0
152	input_spectra/9-D3M06.mzML	1253	0	346.276900679977	1	51938.46	0.0
256	input_spectra/9-D3M06.mzML	1254	0	614.446695963542	1	51977.82	0.0
256	input_spectra/9-D3M06.mzML	1255	0	614.446695963542	1	51989.340000000004	0.0
153	input_spectra/9-D3M06.mzML	1256	0	346.276900679977	1	52000.92	0.0
152	input_spectra/9-D3M06.mzML	1257	0	346.276900679977	1	52012.380000000005	0.0
256	input_spectra/9-D3M06.mzML	1258	0	614.446695963542	1	52051.74	0.0
255	input_spectra/9-D3M06.mzML	1259	0	614.446695963542	1	52063.26	0.0
124	input_spectra/9-D3M06.mzML	1260	0	286.219621741253	1	52198.86	0.0
126	input_spectra/9-D3M06.mzML	1261	0	286.219621741253	1	52210.32	0.0
126	input_spectra/9-D3M06.mzML	1262	0	286.219621741253	1	52249.74	0.0
126	input_spectra/9-D3M06.mzML	1263	0	286.219621741253	1	52261.2	0.0
126	input_spectra/9-D3M06.mzML	1264	0	286.219621741253	1	52300.62	0.0
126	input_spectra/9-D3M06.mzML	1265	0	286.219621741253	1	52312.08	0.0
238	input_spectra/9-D3M06.mzML	1266	0	570.420674641927	1	52323.66	0.0
238	input_spectra/9-D3M06.mzML	1267	0	570.420674641927	1	52335.18	0.0
239	input_spectra/9-D3M06.mzML	1268	0	570.420674641927	1	52374.54	0.0
239	input_spectra/9-D3M06.mzML	1269	0	570.420674641927	1	52386.06	0.0
238	input_spectra/9-D3M06.mzML	1270	0	570.420674641927	1	52425.42	0.0
238	input_spectra/9-D3M06.mzML	1271	0	570.420674641927	1	52436.939999999995	0.0
218	input_spectra/9-D3M06.mzML	1272	0	526.394165039063	1	52731.6	0.0
218	input_spectra/9-D3M06.mzML	1273	0	526.394165039063	1	52743.12	0.0
219	input_spectra/9-D3M06.mzML	1274	0	526.394165039063	1	52782.479999999996	0.0
219	input_spectra/9-D3M06.mzML	1275	0	526.394165039063	1	52794.0	0.0
144	input_spectra/9-D3M06.mzML	1276	0	328.268307532793	1	52833.36	0.0
141	input_spectra/9-D3M06.mzML	1277	0	328.268307532793	1	52844.880000000005	0.0
219	input_spectra/9-D3M06.mzML	1278	0	526.394165039063	1	52856.4	0.0
219	input_spectra/9-D3M06.mzML	1279	0	526.394165039063	1	52867.92	0.0
144	input_spectra/9-D3M06.mzML	1280	0	328.268307532793	1	52907.22	0.0
141	input_spectra/9-D3M06.mzML	1281	0	328.268307532793	1	52918.740000000005	0.0
222	input_spectra/9-D3M06.mzML	1282	0	531.349792480469	1	52941.780000000006	0.0
131	input_spectra/9-D3M06.mzML	1283	0	304.229985555013	1	52953.299999999996	0.0
131	input_spectra/9-D3M06.mzML	1284	0	304.229985555013	1	52964.76	0.0
144	input_spectra/9-D3M06.mzML	1285	0	328.268307532793	1	53004.12	0.0
141	input_spectra/9-D3M06.mzML	1286	0	328.268307532793	1	53015.64	0.0
153	input_spectra/9-D3M06.mzML	1287	0	346.276900679977	1	53027.159999999996	0.0
152	input_spectra/9-D3M06.mzML	1288	0	346.276900679977	1	53038.619999999995	0.0
222	input_spectra/9-D3M06.mzML	1289	0	531.349792480469	1	53061.659999999996	0.0
131	input_spectra/9-D3M06.mzML	1290	0	304.229985555013	1	53073.18	0.0
131	input_spectra/9-D3M06.mzML	1291	0	304.229985555013	1	53084.7	0.0
153	input_spectra/9-D3M06.mzML	1292	0	346.276900679977	1	53124.06	0.0
152	input_spectra/9-D3M06.mzML	1293	0	346.276900679977	1	53135.579999999994	0.0
131	input_spectra/9-D3M06.mzML	1294	0	304.229985555013	1	53147.04	0.0
131	input_spectra/9-D3M06.mzML	1295	0	304.229985555013	1	53158.56	0.0
153	input_spectra/9-D3M06.mzML	1296	0	346.276900679977	1	53197.92	0.0
152	input_spectra/9-D3M06.mzML	1297	0	346.276900679977	1	53209.439999999995	0.0
202	input_spectra/9-D3M06.mzML	1298	0	482.367930094401	1	53308.92	0.0
202	input_spectra/9-D3M06.mzML	1299	0	482.367930094401	1	53320.44	0.0
126	input_spectra/9-D3M06.mzML	1300	0	286.219621741253	1	53359.8	0.0
126	input_spectra/9-D3M06.mzML	1301	0	286.219621741253	1	53371.259999999995	0.0
202	input_spectra/9-D3M06.mzML	1302	0	482.367930094401	1	53382.78	0.0
202	input_spectra/9-D3M06.mzML	1303	0	482.367930094401	1	53394.299999999996	0.0
124	input_spectra/9-D3M06.mzML	1304	0	286.219621741253	1	53456.700000000004	0.0
125	input_spectra/9-D3M06.mzML	1305	0	286.219621741253	1	53468.219999999994	0.0
126	input_spectra/9-D3M06.mzML	1306	0	286.219621741253	1	53553.6	0.0
125	input_spectra/9-D3M06.mzML	1307	0	286.219621741253	1	53565.119999999995	0.0
147	input_spectra/9-D3M06.mzML	1308	0	329.270706639145	1	53679.36	0.0
147	input_spectra/9-D3M06.mzML	1309	0	329.270706639145	1	53690.88	0.0
144	input_spectra/9-D3M06.mzML	1310	0	328.268307532793	1	54003.060000000005	0.0
143	input_spectra/9-D3M06.mzML	1311	0	328.268307532793	1	54014.58	0.0
144	input_spectra/9-D3M06.mzML	1312	0	328.268307532793	1	54053.880000000005	0.0
143	input_spectra/9-D3M06.mzML	1313	0	328.268307532793	1	54065.4	0.0
144	input_spectra/9-D3M06.mzML	1314	0	328.268307532793	1	54104.76	0.0
143	input_spectra/9-D3M06.mzML	1315	0	328.268307532793	1	54116.28	0.0
131	input_spectra/9-D3M06.mzML	1316	0	304.229985555013	1	54155.64	0.0
131	input_spectra/9-D3M06.mzML	1317	0	304.229985555013	1	54167.1	0.0
147	input_spectra/9-D3M06.mzML	1318	0	329.270706639145	1	54206.46	0.0
147	input_spectra/9-D3M06.mzML	1319	0	329.270706639145	1	54217.98	0.0
131	input_spectra/9-D3M06.mzML	1320	0	304.229985555013	1	54229.439999999995	0.0
131	input_spectra/9-D3M06.mzML	1321	0	304.229985555013	1	54240.96	0.0
153	input_spectra/9-D3M06.mzML	1322	0	346.276900679977	1	54280.26	0.0
152	input_spectra/9-D3M06.mzML	1323	0	346.276900679977	1	54291.780000000006	0.0
131	input_spectra/9-D3M06.mzML	1324	0	304.229985555013	1	54303.299999999996	0.0
131	input_spectra/9-D3M06.mzML	1325	0	304.229985555013	1	54314.76	0.0
147	input_spectra/9-D3M06.mzML	1326	0	329.270706639145	1	54354.12	0.0
147	input_spectra/9-D3M06.mzML	1327	0	329.270706639145	1	54365.64	0.0
153	input_spectra/9-D3M06.mzML	1328	0	346.276900679977	1	54377.159999999996	0.0
152	input_spectra/9-D3M06.mzML	1329	0	346.276900679977	1	54388.619999999995	0.0
153	input_spectra/9-D3M06.mzML	1330	0	346.276900679977	1	54427.92	0.0
152	input_spectra/9-D3M06.mzML	1331	0	346.276900679977	1	54439.439999999995	0.0
126	input_spectra/9-D3M06.mzML	1332	0	286.219621741253	1	54565.74	0.0
126	input_spectra/9-D3M06.mzML	1333	0	286.219621741253	1	54577.26	0.0
126	input_spectra/9-D3M06.mzML	1334	0	286.219621741253	1	54639.6	0.0
126	input_spectra/9-D3M06.mzML	1335	0	286.219621741253	1	54651.06	0.0
126	input_spectra/9-D3M06.mzML	1336	0	286.219621741253	1	54690.42	0.0
126	input_spectra/9-D3M06.mzML	1337	0	286.219621741253	1	54701.88	0.0
131	input_spectra/9-D3M06.mzML	1338	0	304.229985555013	1	55318.44	0.0
131	input_spectra/9-D3M06.mzML	1339	0	304.229985555013	1	55329.96000000001	0.0
131	input_spectra/9-D3M06.mzML	1340	0	304.229985555013	1	55369.26	0.0
131	input_spectra/9-D3M06.mzML	1341	0	304.229985555013	1	55380.78	0.0
147	input_spectra/9-D3M06.mzML	1342	0	329.270706639145	1	55420.14	0.0
147	input_spectra/9-D3M06.mzML	1343	0	329.270706639145	1	55431.659999999996	0.0
131	input_spectra/9-D3M06.mzML	1344	0	304.229985555013	1	55443.12	0.0
131	input_spectra/9-D3M06.mzML	1345	0	304.229985555013	1	55454.64	0.0
147	input_spectra/9-D3M06.mzML	1346	0	329.270706639145	1	55493.94	0.0
147	input_spectra/9-D3M06.mzML	1347	0	329.270706639145	1	55505.46	0.0
153	input_spectra/9-D3M06.mzML	1348	0	346.276900679977	1	55516.98	0.0
152	input_spectra/9-D3M06.mzML	1349	0	346.276900679977	1	55528.44	0.0
147	input_spectra/9-D3M06.mzML	1350	0	329.270706639145	1	55567.8	0.0
147	input_spectra/9-D3M06.mzML	1351	0	329.270706639145	1	55579.32	0.0
153	input_spectra/9-D3M06.mzML	1352	0	346.276900679977	1	55590.78	0.0
152	input_spectra/9-D3M06.mzML	1353	0	346.276900679977	1	55602.3	0.0
153	input_spectra/9-D3M06.mzML	1354	0	346.276900679977	1	55641.659999999996	0.0
152	input_spectra/9-D3M06.mzML	1355	0	346.276900679977	1	55653.18	0.0
125	input_spectra/9-D3M06.mzML	1356	0	286.219621741253	1	55766.4	0.0
126	input_spectra/9-D3M06.mzML	1357	0	286.219621741253	1	55777.92	0.0
126	input_spectra/9-D3M06.mzML	1358	0	286.219621741253	1	55817.28	0.0
126	input_spectra/9-D3M06.mzML	1359	0	286.219621741253	1	55828.740000000005	0.0
126	input_spectra/9-D3M06.mzML	1360	0	286.219621741253	1	55891.08	0.0
126	input_spectra/9-D3M06.mzML	1361	0	286.219621741253	1	55902.600000000006	0.0
131	input_spectra/9-D3M06.mzML	1362	0	304.229985555013	1	56458.979999999996	0.0
131	input_spectra/9-D3M06.mzML	1363	0	304.229985555013	1	56470.5	0.0
131	input_spectra/9-D3M06.mzML	1364	0	304.229985555013	1	56509.92	0.0
131	input_spectra/9-D3M06.mzML	1365	0	304.229985555013	1	56521.380000000005	0.0
131	input_spectra/9-D3M06.mzML	1366	0	304.229985555013	1	56560.74	0.0
131	input_spectra/9-D3M06.mzML	1367	0	304.229985555013	1	56572.26	0.0
147	input_spectra/9-D3M06.mzML	1368	0	329.270706639145	1	56611.62	0.0
147	input_spectra/9-D3M06.mzML	1369	0	329.270706639145	1	56623.079999999994	0.0
147	input_spectra/9-D3M06.mzML	1370	0	329.270706639145	1	56662.5	0.0
147	input_spectra/9-D3M06.mzML	1371	0	329.270706639145	1	56673.96	0.0
153	input_spectra/9-D3M06.mzML	1372	0	346.276900679977	1	56685.48	0.0
152	input_spectra/9-D3M06.mzML	1373	0	346.276900679977	1	56696.939999999995	0.0
147	input_spectra/9-D3M06.mzML	1374	0	329.270706639145	1	56736.3	0.0
147	input_spectra/9-D3M06.mzML	1375	0	329.270706639145	1	56747.82	0.0
152	input_spectra/9-D3M06.mzML	1376	0	346.276900679977	1	56759.280000000006	0.0
152	input_spectra/9-D3M06.mzML	1377	0	346.276900679977	1	56770.799999999996	0.0
153	input_spectra/9-D3M06.mzML	1378	0	346.276900679977	1	56810.16	0.0
152	input_spectra/9-D3M06.mzML	1379	0	346.276900679977	1	56821.62	0.0
126	input_spectra/9-D3M06.mzML	1380	0	286.219621741253	1	56923.92	0.0
126	input_spectra/9-D3M06.mzML	1381	0	286.219621741253	1	56935.38	0.0
124	input_spectra/9-D3M06.mzML	1382	0	286.219621741253	1	56997.72	0.0
126	input_spectra/9-D3M06.mzML	1383	0	286.219621741253	1	57009.24	0.0
126	input_spectra/9-D3M06.mzML	1384	0	286.219621741253	1	57071.58	0.0
126	input_spectra/9-D3M06.mzML	1385	0	286.219621741253	1	57083.1	0.0
129	input_spectra/9-D3M06.mzML	1386	0	298.255594889323	1	57094.62	0.0
129	input_spectra/9-D3M06.mzML	1387	0	298.255594889323	1	57106.08	0.0
4	input_spectra/9-D3M06.mzML	1388	0	117.072845458984	1	57217.619999999995	0.0
4	input_spectra/9-D3M06.mzML	1389	0	117.072845458984	1	57229.08	0.0
129	input_spectra/9-D3M06.mzML	1390	0	298.255594889323	1	57304.56	0.0
129	input_spectra/9-D3M06.mzML	1391	0	298.255594889323	1	57316.020000000004	0.0
129	input_spectra/9-D3M06.mzML	1392	0	298.255594889323	1	57499.68	0.0
129	input_spectra/9-D3M06.mzML	1393	0	298.255594889323	1	57511.2	0.0
131	input_spectra/9-D3M06.mzML	1394	0	304.229985555013	1	57598.619999999995	0.0
131	input_spectra/9-D3M06.mzML	1395	0	304.229985555013	1	57610.08	0.0
131	input_spectra/9-D3M06.mzML	1396	0	304.229985555013	1	57649.5	0.0
131	input_spectra/9-D3M06.mzML	1397	0	304.229985555013	1	57660.96	0.0
131	input_spectra/9-D3M06.mzML	1398	0	304.229985555013	1	57700.32	0.0
131	input_spectra/9-D3M06.mzML	1399	0	304.229985555013	1	57711.840000000004	0.0
147	input_spectra/9-D3M06.mzML	1400	0	329.270706639145	1	57775.26	0.0
147	input_spectra/9-D3M06.mzML	1401	0	329.270706639145	1	57786.72	0.0
147	input_spectra/9-D3M06.mzML	1402	0	329.270706639145	1	57826.08	0.0
147	input_spectra/9-D3M06.mzML	1403	0	329.270706639145	1	57837.600000000006	0.0
147	input_spectra/9-D3M06.mzML	1404	0	329.270706639145	1	57876.96	0.0
147	input_spectra/9-D3M06.mzML	1405	0	329.270706639145	1	57888.42	0.0
153	input_spectra/9-D3M06.mzML	1406	0	346.276900679977	1	57899.94	0.0
152	input_spectra/9-D3M06.mzML	1407	0	346.276900679977	1	57911.4	0.0
153	input_spectra/9-D3M06.mzML	1408	0	346.276900679977	1	57950.82	0.0
152	input_spectra/9-D3M06.mzML	1409	0	346.276900679977	1	57962.28	0.0
153	input_spectra/9-D3M06.mzML	1410	0	346.276900679977	1	58001.64	0.0
152	input_spectra/9-D3M06.mzML	1411	0	346.276900679977	1	58013.159999999996	0.0
126	input_spectra/9-D3M06.mzML	1412	0	286.219621741253	1	58103.4	0.0
125	input_spectra/9-D3M06.mzML	1413	0	286.219621741253	1	58114.86	0.0
126	input_spectra/9-D3M06.mzML	1414	0	286.219621741253	1	58177.26	0.0
126	input_spectra/9-D3M06.mzML	1415	0	286.219621741253	1	58188.78	0.0
126	input_spectra/9-D3M06.mzML	1416	0	286.219621741253	1	58251.119999999995	0.0
126	input_spectra/9-D3M06.mzML	1417	0	286.219621741253	1	58262.64	0.0
4	input_spectra/9-D3M06.mzML	1418	0	117.072845458984	1	58302.0	0.0
4	input_spectra/9-D3M06.mzML	1419	0	117.072845458984	1	58313.46	0.0
131	input_spectra/9-D3M06.mzML	1420	0	304.229985555013	1	58737.66	0.0
131	input_spectra/9-D3M06.mzML	1421	0	304.229985555013	1	58749.18	0.0
131	input_spectra/9-D3M06.mzML	1422	0	304.229985555013	1	58788.54	0.0
131	input_spectra/9-D3M06.mzML	1423	0	304.229985555013	1	58800.0	0.0
131	input_spectra/9-D3M06.mzML	1424	0	304.229985555013	1	58839.36	0.0
131	input_spectra/9-D3M06.mzML	1425	0	304.229985555013	1	58850.88	0.0
147	input_spectra/9-D3M06.mzML	1426	0	329.270706639145	1	58914.299999999996	0.0
147	input_spectra/9-D3M06.mzML	1427	0	329.270706639145	1	58925.76	0.0
147	input_spectra/9-D3M06.mzML	1428	0	329.270706639145	1	58965.18	0.0
147	input_spectra/9-D3M06.mzML	1429	0	329.270706639145	1	58976.64	0.0
147	input_spectra/9-D3M06.mzML	1430	0	329.270706639145	1	59016.06	0.0
147	input_spectra/9-D3M06.mzML	1431	0	329.270706639145	1	59027.520000000004	0.0
153	input_spectra/9-D3M06.mzML	1432	0	346.276900679977	1	59066.88	0.0
152	input_spectra/9-D3M06.mzML	1433	0	346.276900679977	1	59078.4	0.0
152	input_spectra/9-D3M06.mzML	1434	0	346.276900679977	1	59117.76	0.0
152	input_spectra/9-D3M06.mzML	1435	0	346.276900679977	1	59129.22	0.0
153	input_spectra/9-D3M06.mzML	1436	0	346.276900679977	1	59168.64	0.0
152	input_spectra/9-D3M06.mzML	1437	0	346.276900679977	1	59180.100000000006	0.0
4	input_spectra/9-D3M06.mzML	1438	0	117.072845458984	1	59293.32	0.0
4	input_spectra/9-D3M06.mzML	1439	0	117.072845458984	1	59304.84	0.0
124	input_spectra/9-D3M06.mzML	1440	0	286.219621741253	1	59344.14	0.0
126	input_spectra/9-D3M06.mzML	1441	0	286.219621741253	1	59355.659999999996	0.0
126	input_spectra/9-D3M06.mzML	1442	0	286.219621741253	1	59418.060000000005	0.0
126	input_spectra/9-D3M06.mzML	1443	0	286.219621741253	1	59429.52	0.0
126	input_spectra/9-D3M06.mzML	1444	0	286.219621741253	1	59468.880000000005	0.0
126	input_spectra/9-D3M06.mzML	1445	0	286.219621741253	1	59480.4	0.0
131	input_spectra/9-D3M06.mzML	1446	0	304.229985555013	1	59880.48	0.0
131	input_spectra/9-D3M06.mzML	1447	0	304.229985555013	1	59892.0	0.0
131	input_spectra/9-D3M06.mzML	1448	0	304.229985555013	1	59931.3	0.0
131	input_spectra/9-D3M06.mzML	1449	0	304.229985555013	1	59942.82	0.0
131	input_spectra/9-D3M06.mzML	1450	0	304.229985555013	1	59982.24	0.0
131	input_spectra/9-D3M06.mzML	1451	0	304.229985555013	1	59993.7	0.0
147	input_spectra/9-D3M06.mzML	1452	0	329.270706639145	1	1000.95	0.0
147	input_spectra/9-D3M06.mzML	1453	0	329.270706639145	1	1001.14	0.0
147	input_spectra/9-D3M06.mzML	1454	0	329.270706639145	1	1002.0	0.0
147	input_spectra/9-D3M06.mzML	1455	0	329.270706639145	1	1002.19	0.0
147	input_spectra/9-D3M06.mzML	1456	0	329.270706639145	1	1002.85	0.0
147	input_spectra/9-D3M06.mzML	1457	0	329.270706639145	1	1003.04	0.0
153	input_spectra/9-D3M06.mzML	1458	0	346.276900679977	1	1003.7	0.0
152	input_spectra/9-D3M06.mzML	1459	0	346.276900679977	1	1003.89	0.0
153	input_spectra/9-D3M06.mzML	1460	0	346.276900679977	1	1004.54	0.0
153	input_spectra/9-D3M06.mzML	1461	0	346.276900679977	1	1004.73	0.0
153	input_spectra/9-D3M06.mzML	1462	0	346.276900679977	1	1005.39	0.0
152	input_spectra/9-D3M06.mzML	1463	0	346.276900679977	1	1005.58	0.0
4	input_spectra/9-D3M06.mzML	1464	0	117.072845458984	1	1007.47	0.0
4	input_spectra/9-D3M06.mzML	1465	0	117.072845458984	1	1007.66	0.0
126	input_spectra/9-D3M06.mzML	1466	0	286.219621741253	1	1009.17	0.0
126	input_spectra/9-D3M06.mzML	1467	0	286.219621741253	1	1009.36	0.0
4	input_spectra/9-D3M06.mzML	1468	0	117.072845458984	1	1009.55	0.0
4	input_spectra/9-D3M06.mzML	1469	0	117.072845458984	1	1009.74	0.0
126	input_spectra/9-D3M06.mzML	1470	0	286.219621741253	1	1010.4	0.0
126	input_spectra/9-D3M06.mzML	1471	0	286.219621741253	1	1010.59	0.0
126	input_spectra/9-D3M06.mzML	1472	0	286.219621741253	1	1011.24	0.0
126	input_spectra/9-D3M06.mzML	1473	0	286.219621741253	1	1011.44	0.0
4	input_spectra/9-D3M06.mzML	1474	0	117.072845458984	1	1011.63	0.0
4	input_spectra/9-D3M06.mzML	1475	0	117.072845458984	1	1011.82	0.0
131	input_spectra/9-D3M06.mzML	1476	0	304.229985555013	1	1017.48	0.0
131	input_spectra/9-D3M06.mzML	1477	0	304.229985555013	1	1017.68	0.0
131	input_spectra/9-D3M06.mzML	1478	0	304.229985555013	1	1018.33	0.0
131	input_spectra/9-D3M06.mzML	1479	0	304.229985555013	1	1018.52	0.0
131	input_spectra/9-D3M06.mzML	1480	0	304.229985555013	1	1019.18	0.0
131	input_spectra/9-D3M06.mzML	1481	0	304.229985555013	1	1019.37	0.0
147	input_spectra/9-D3M06.mzML	1482	0	329.270706639145	1	1020.43	0.0
147	input_spectra/9-D3M06.mzML	1483	0	329.270706639145	1	1020.62	0.0
147	input_spectra/9-D3M06.mzML	1484	0	329.270706639145	1	1021.27	0.0
147	input_spectra/9-D3M06.mzML	1485	0	329.270706639145	1	1021.47	0.0
147	input_spectra/9-D3M06.mzML	1486	0	329.270706639145	1	1022.12	0.0
147	input_spectra/9-D3M06.mzML	1487	0	329.270706639145	1	1022.31	0.0
153	input_spectra/9-D3M06.mzML	1488	0	346.276900679977	1	1022.97	0.0
152	input_spectra/9-D3M06.mzML	1489	0	346.276900679977	1	1023.16	0.0
153	input_spectra/9-D3M06.mzML	1490	0	346.276900679977	1	1023.82	0.0
152	input_spectra/9-D3M06.mzML	1491	0	346.276900679977	1	1024.01	0.0
153	input_spectra/9-D3M06.mzML	1492	0	346.276900679977	1	1024.67	0.0
152	input_spectra/9-D3M06.mzML	1493	0	346.276900679977	1	1024.86	0.0
72	input_spectra/9-D3M06.mzML	1494	0	185.110248141819	1	1025.9	0.0
72	input_spectra/9-D3M06.mzML	1495	0	185.110248141819	1	1026.09	0.0
126	input_spectra/9-D3M06.mzML	1496	0	286.219621741253	1	1029.04	0.0
126	input_spectra/9-D3M06.mzML	1497	0	286.219621741253	1	1029.23	0.0
4	input_spectra/9-D3M06.mzML	1498	0	117.072845458984	1	1029.42	0.0
4	input_spectra/9-D3M06.mzML	1499	0	117.072845458984	1	1029.62	0.0
126	input_spectra/9-D3M06.mzML	1500	0	286.219621741253	1	1030.27	0.0
126	input_spectra/9-D3M06.mzML	1501	0	286.219621741253	1	1030.46	0.0
4	input_spectra/9-D3M06.mzML	1502	0	117.072845458984	1	1030.65	0.0
4	input_spectra/9-D3M06.mzML	1503	0	117.072845458984	1	1030.85	0.0
72	input_spectra/9-D3M06.mzML	1504	0	185.110248141819	1	1031.04	0.0
72	input_spectra/9-D3M06.mzML	1505	0	185.110248141819	1	1031.23	0.0
126	input_spectra/9-D3M06.mzML	1506	0	286.219621741253	1	1031.88	0.0
126	input_spectra/9-D3M06.mzML	1507	0	286.219621741253	1	1032.08	0.0
4	input_spectra/9-D3M06.mzML	1508	0	117.072845458984	1	1032.73	0.0
4	input_spectra/9-D3M06.mzML	1509	0	117.072845458984	1	1032.92	0.0
72	input_spectra/9-D3M06.mzML	1510	0	185.110248141819	1	1035.18	0.0
72	input_spectra/9-D3M06.mzML	1511	0	185.110248141819	1	1035.37	0.0
131	input_spectra/9-D3M06.mzML	1512	0	304.229985555013	1	1036.43	0.0
131	input_spectra/9-D3M06.mzML	1513	0	304.229985555013	1	1036.62	0.0
131	input_spectra/9-D3M06.mzML	1514	0	304.229985555013	1	1037.28	0.0
131	input_spectra/9-D3M06.mzML	1515	0	304.229985555013	1	1037.47	0.0
131	input_spectra/9-D3M06.mzML	1516	0	304.229985555013	1	1038.51	0.0
131	input_spectra/9-D3M06.mzML	1517	0	304.229985555013	1	1038.7	0.0
147	input_spectra/9-D3M06.mzML	1518	0	329.270706639145	1	1039.36	0.0
147	input_spectra/9-D3M06.mzML	1519	0	329.270706639145	1	1039.55	0.0
147	input_spectra/9-D3M06.mzML	1520	0	329.270706639145	1	1040.2	0.0
147	input_spectra/9-D3M06.mzML	1521	0	329.270706639145	1	1040.4	0.0
147	input_spectra/9-D3M06.mzML	1522	0	329.270706639145	1	1041.05	0.0
147	input_spectra/9-D3M06.mzML	1523	0	329.270706639145	1	1041.24	0.0
153	input_spectra/9-D3M06.mzML	1524	0	346.276900679977	1	1041.9	0.0
152	input_spectra/9-D3M06.mzML	1525	0	346.276900679977	1	1042.09	0.0
153	input_spectra/9-D3M06.mzML	1526	0	346.276900679977	1	1042.75	0.0
152	input_spectra/9-D3M06.mzML	1527	0	346.276900679977	1	1042.94	0.0
153	input_spectra/9-D3M06.mzML	1528	0	346.276900679977	1	1043.6	0.0
152	input_spectra/9-D3M06.mzML	1529	0	346.276900679977	1	1043.79	0.0
124	input_spectra/9-D3M06.mzML	1530	0	286.219621741253	1	1048.84	0.0
126	input_spectra/9-D3M06.mzML	1531	0	286.219621741253	1	1049.03	0.0
126	input_spectra/9-D3M06.mzML	1532	0	286.219621741253	1	1050.07	0.0
126	input_spectra/9-D3M06.mzML	1533	0	286.219621741253	1	1050.26	0.0
126	input_spectra/9-D3M06.mzML	1534	0	286.219621741253	1	1050.92	0.0
126	input_spectra/9-D3M06.mzML	1535	0	286.219621741253	1	1051.11	0.0
4	input_spectra/9-D3M06.mzML	1536	0	117.072845458984	1	1051.3	0.0
4	input_spectra/9-D3M06.mzML	1537	0	117.072845458984	1	1051.49	0.0
4	input_spectra/9-D3M06.mzML	1538	0	117.072845458984	1	1052.15	0.0
4	input_spectra/9-D3M06.mzML	1539	0	117.072845458984	1	1052.34	0.0
4	input_spectra/9-D3M06.mzML	1540	0	117.072845458984	1	1052.99	0.0
4	input_spectra/9-D3M06.mzML	1541	0	117.072845458984	1	1053.18	0.0
72	input_spectra/9-D3M06.mzML	1542	0	185.110248141819	1	1053.84	0.0
72	input_spectra/9-D3M06.mzML	1543	0	185.110248141819	1	1054.03	0.0
72	input_spectra/9-D3M06.mzML	1544	0	185.110248141819	1	1054.89	0.0
72	input_spectra/9-D3M06.mzML	1545	0	185.110248141819	1	1055.08	0.0
131	input_spectra/9-D3M06.mzML	1546	0	304.229985555013	1	1055.74	0.0
131	input_spectra/9-D3M06.mzML	1547	0	304.229985555013	1	1055.93	0.0
72	input_spectra/9-D3M06.mzML	1548	0	185.110248141819	1	1056.12	0.0
72	input_spectra/9-D3M06.mzML	1549	0	185.110248141819	1	1056.31	0.0
131	input_spectra/9-D3M06.mzML	1550	0	304.229985555013	1	1056.97	0.0
131	input_spectra/9-D3M06.mzML	1551	0	304.229985555013	1	1057.16	0.0
131	input_spectra/9-D3M06.mzML	1552	0	304.229985555013	1	1057.81	0.0
131	input_spectra/9-D3M06.mzML	1553	0	304.229985555013	1	1058.01	0.0
147	input_spectra/9-D3M06.mzML	1554	0	329.270706639145	1	1058.66	0.0
147	input_spectra/9-D3M06.mzML	1555	0	329.270706639145	1	1058.85	0.0
147	input_spectra/9-D3M06.mzML	1556	0	329.270706639145	1	1059.51	0.0
147	input_spectra/9-D3M06.mzML	1557	0	329.270706639145	1	1059.7	0.0
147	input_spectra/9-D3M06.mzML	1558	0	329.270706639145	1	1060.36	0.0
147	input_spectra/9-D3M06.mzML	1559	0	329.270706639145	1	1060.55	0.0
153	input_spectra/9-D3M06.mzML	1560	0	346.276900679977	1	1061.2	0.0
152	input_spectra/9-D3M06.mzML	1561	0	346.276900679977	1	1061.4	0.0
152	input_spectra/9-D3M06.mzML	1562	0	346.276900679977	1	1062.05	0.0
152	input_spectra/9-D3M06.mzML	1563	0	346.276900679977	1	1062.24	0.0
152	input_spectra/9-D3M06.mzML	1564	0	346.276900679977	1	1062.9	0.0
152	input_spectra/9-D3M06.mzML	1565	0	346.276900679977	1	1063.09	0.0
126	input_spectra/9-D3M06.mzML	1566	0	286.219621741253	1	1068.59	0.0
126	input_spectra/9-D3M06.mzML	1567	0	286.219621741253	1	1068.78	0.0
126	input_spectra/9-D3M06.mzML	1568	0	286.219621741253	1	1069.82	0.0
126	input_spectra/9-D3M06.mzML	1569	0	286.219621741253	1	1070.01	0.0
126	input_spectra/9-D3M06.mzML	1570	0	286.219621741253	1	1070.67	0.0
126	input_spectra/9-D3M06.mzML	1571	0	286.219621741253	1	1070.86	0.0
4	input_spectra/9-D3M06.mzML	1572	0	117.072845458984	1	1071.51	0.0
4	input_spectra/9-D3M06.mzML	1573	0	117.072845458984	1	1071.7	0.0
4	input_spectra/9-D3M06.mzML	1574	0	117.072845458984	1	1072.36	0.0
4	input_spectra/9-D3M06.mzML	1575	0	117.072845458984	1	1072.55	0.0
4	input_spectra/9-D3M06.mzML	1576	0	117.072845458984	1	1073.21	0.0
4	input_spectra/9-D3M06.mzML	1577	0	117.072845458984	1	1073.4	0.0
72	input_spectra/9-D3M06.mzML	1578	0	185.110248141819	1	1074.06	0.0
72	input_spectra/9-D3M06.mzML	1579	0	185.110248141819	1	1074.25	0.0
72	input_spectra/9-D3M06.mzML	1580	0	185.110248141819	1	1074.9	0.0
72	input_spectra/9-D3M06.mzML	1581	0	185.110248141819	1	1075.09	0.0
131	input_spectra/9-D3M06.mzML	1582	0	304.229985555013	1	1075.75	0.0
131	input_spectra/9-D3M06.mzML	1583	0	304.229985555013	1	1075.94	0.0
72	input_spectra/9-D3M06.mzML	1584	0	185.110248141819	1	1076.13	0.0
72	input_spectra/9-D3M06.mzML	1585	0	185.110248141819	1	1076.32	0.0
131	input_spectra/9-D3M06.mzML	1586	0	304.229985555013	1	1076.98	0.0
131	input_spectra/9-D3M06.mzML	1587	0	304.229985555013	1	1077.17	0.0
131	input_spectra/9-D3M06.mzML	1588	0	304.229985555013	1	1077.83	0.0
131	input_spectra/9-D3M06.mzML	1589	0	304.229985555013	1	1078.02	0.0
147	input_spectra/9-D3M06.mzML	1590	0	329.270706639145	1	1078.68	0.0
147	input_spectra/9-D3M06.mzML	1591	0	329.270706639145	1	1078.87	0.0
147	input_spectra/9-D3M06.mzML	1592	0	329.270706639145	1	1079.52	0.0
147	input_spectra/9-D3M06.mzML	1593	0	329.270706639145	1	1079.72	0.0
147	input_spectra/9-D3M06.mzML	1594	0	329.270706639145	1	1080.37	0.0
147	input_spectra/9-D3M06.mzML	1595	0	329.270706639145	1	1080.56	0.0
153	input_spectra/9-D3M06.mzML	1596	0	346.276900679977	1	1080.75	0.0
152	input_spectra/9-D3M06.mzML	1597	0	346.276900679977	1	1080.95	0.0
153	input_spectra/9-D3M06.mzML	1598	0	346.276900679977	1	1081.6	0.0
152	input_spectra/9-D3M06.mzML	1599	0	346.276900679977	1	1081.79	0.0
153	input_spectra/9-D3M06.mzML	1600	0	346.276900679977	1	1082.45	0.0
152	input_spectra/9-D3M06.mzML	1601	0	346.276900679977	1	1082.64	0.0
126	input_spectra/9-D3M06.mzML	1602	0	286.219621741253	1	1088.59	0.0
126	input_spectra/9-D3M06.mzML	1603	0	286.219621741253	1	1088.78	0.0
126	input_spectra/9-D3M06.mzML	1604	0	286.219621741253	1	1089.43	0.0
126	input_spectra/9-D3M06.mzML	1605	0	286.219621741253	1	1089.63	0.0
126	input_spectra/9-D3M06.mzML	1606	0	286.219621741253	1	1090.28	0.0
126	input_spectra/9-D3M06.mzML	1607	0	286.219621741253	1	1090.47	0.0
4	input_spectra/9-D3M06.mzML	1608	0	117.072845458984	1	1091.13	0.0
4	input_spectra/9-D3M06.mzML	1609	0	117.072845458984	1	1091.32	0.0
4	input_spectra/9-D3M06.mzML	1610	0	117.072845458984	1	1091.98	0.0
4	input_spectra/9-D3M06.mzML	1611	0	117.072845458984	1	1092.17	0.0
4	input_spectra/9-D3M06.mzML	1612	0	117.072845458984	1	1092.82	0.0
4	input_spectra/9-D3M06.mzML	1613	0	117.072845458984	1	1093.01	0.0
72	input_spectra/9-D3M06.mzML	1614	0	185.110248141819	1	1093.67	0.0
72	input_spectra/9-D3M06.mzML	1615	0	185.110248141819	1	1093.86	0.0
72	input_spectra/9-D3M06.mzML	1616	0	185.110248141819	1	1094.52	0.0
72	input_spectra/9-D3M06.mzML	1617	0	185.110248141819	1	1094.71	0.0
131	input_spectra/9-D3M06.mzML	1618	0	304.229985555013	1	1095.36	0.0
131	input_spectra/9-D3M06.mzML	1619	0	304.229985555013	1	1095.56	0.0
72	input_spectra/9-D3M06.mzML	1620	0	185.110248141819	1	1095.75	0.0
72	input_spectra/9-D3M06.mzML	1621	0	185.110248141819	1	1095.94	0.0
131	input_spectra/9-D3M06.mzML	1622	0	304.229985555013	1	1096.59	0.0
131	input_spectra/9-D3M06.mzML	1623	0	304.229985555013	1	1096.79	0.0
131	input_spectra/9-D3M06.mzML	1624	0	304.229985555013	1	1097.44	0.0
131	input_spectra/9-D3M06.mzML	1625	0	304.229985555013	1	1097.63	0.0
147	input_spectra/9-D3M06.mzML	1626	0	329.270706639145	1	1098.49	0.0
147	input_spectra/9-D3M06.mzML	1627	0	329.270706639145	1	1098.68	0.0
147	input_spectra/9-D3M06.mzML	1628	0	329.270706639145	1	1099.34	0.0
147	input_spectra/9-D3M06.mzML	1629	0	329.270706639145	1	1099.53	0.0
147	input_spectra/9-D3M06.mzML	1630	0	329.270706639145	1	1100.19	0.0
147	input_spectra/9-D3M06.mzML	1631	0	329.270706639145	1	1100.38	0.0
153	input_spectra/9-D3M06.mzML	1632	0	346.276900679977	1	1100.57	0.0
152	input_spectra/9-D3M06.mzML	1633	0	346.276900679977	1	1100.76	0.0
153	input_spectra/9-D3M06.mzML	1634	0	346.276900679977	1	1101.42	0.0
152	input_spectra/9-D3M06.mzML	1635	0	346.276900679977	1	1101.61	0.0
153	input_spectra/9-D3M06.mzML	1636	0	346.276900679977	1	1102.26	0.0
152	input_spectra/9-D3M06.mzML	1637	0	346.276900679977	1	1102.46	0.0
144	input_spectra/9-D3M06.mzML	1638	0	328.268307532793	1	1103.11	0.0
141	input_spectra/9-D3M06.mzML	1639	0	328.268307532793	1	1103.3	0.0
144	input_spectra/9-D3M06.mzML	1640	0	328.268307532793	1	1103.96	0.0
143	input_spectra/9-D3M06.mzML	1641	0	328.268307532793	1	1104.15	0.0
144	input_spectra/9-D3M06.mzML	1642	0	328.268307532793	1	1104.81	0.0
143	input_spectra/9-D3M06.mzML	1643	0	328.268307532793	1	1105.0	0.0
126	input_spectra/9-D3M06.mzML	1644	0	286.219621741253	1	1108.2	0.0
125	input_spectra/9-D3M06.mzML	1645	0	286.219621741253	1	1108.39	0.0
126	input_spectra/9-D3M06.mzML	1646	0	286.219621741253	1	1109.04	0.0
126	input_spectra/9-D3M06.mzML	1647	0	286.219621741253	1	1109.24	0.0
124	input_spectra/9-D3M06.mzML	1648	0	286.219621741253	1	1109.89	0.0
126	input_spectra/9-D3M06.mzML	1649	0	286.219621741253	1	1110.09	0.0
144	input_spectra/9-D3M06.mzML	1650	0	328.268307532793	1	1110.74	0.0
145	input_spectra/9-D3M06.mzML	1651	0	328.268307532793	1	1110.93	0.0
144	input_spectra/9-D3M06.mzML	1652	0	328.268307532793	1	1111.79	0.0
143	input_spectra/9-D3M06.mzML	1653	0	328.268307532793	1	1111.98	0.0
144	input_spectra/9-D3M06.mzML	1654	0	328.268307532793	1	1112.64	0.0
145	input_spectra/9-D3M06.mzML	1655	0	328.268307532793	1	1112.83	0.0
72	input_spectra/9-D3M06.mzML	1656	0	185.110248141819	1	1113.48	0.0
72	input_spectra/9-D3M06.mzML	1657	0	185.110248141819	1	1113.68	0.0
72	input_spectra/9-D3M06.mzML	1658	0	185.110248141819	1	1114.33	0.0
72	input_spectra/9-D3M06.mzML	1659	0	185.110248141819	1	1114.52	0.0
72	input_spectra/9-D3M06.mzML	1660	0	185.110248141819	1	1115.18	0.0
72	input_spectra/9-D3M06.mzML	1661	0	185.110248141819	1	1115.37	0.0
144	input_spectra/9-D3M06.mzML	1662	0	328.268307532793	1	1129.84	0.0
141	input_spectra/9-D3M06.mzML	1663	0	328.268307532793	1	1130.03	0.0
144	input_spectra/9-D3M06.mzML	1664	0	328.268307532793	1	1130.69	0.0
145	input_spectra/9-D3M06.mzML	1665	0	328.268307532793	1	1130.88	0.0
145	input_spectra/9-D3M06.mzML	1666	0	328.268307532793	1	1131.53	0.0
143	input_spectra/9-D3M06.mzML	1667	0	328.268307532793	1	1131.72	0.0
72	input_spectra/9-D3M06.mzML	1668	0	185.110248141819	1	1132.38	0.0
72	input_spectra/9-D3M06.mzML	1669	0	185.110248141819	1	1132.57	0.0
72	input_spectra/9-D3M06.mzML	1670	0	185.110248141819	1	1133.23	0.0
72	input_spectra/9-D3M06.mzML	1671	0	185.110248141819	1	1133.42	0.0
72	input_spectra/9-D3M06.mzML	1672	0	185.110248141819	1	1134.08	0.0
72	input_spectra/9-D3M06.mzML	1673	0	185.110248141819	1	1134.27	0.0
144	input_spectra/9-D3M06.mzML	1674	0	328.268307532793	1	1148.89	0.0
145	input_spectra/9-D3M06.mzML	1675	0	328.268307532793	1	1149.08	0.0
142	input_spectra/9-D3M06.mzML	1676	0	328.268307532793	1	1149.74	0.0
143	input_spectra/9-D3M06.mzML	1677	0	328.268307532793	1	1149.93	0.0
144	input_spectra/9-D3M06.mzML	1678	0	328.268307532793	1	1150.59	0.0
143	input_spectra/9-D3M06.mzML	1679	0	328.268307532793	1	1150.78	0.0
72	input_spectra/9-D3M06.mzML	1680	0	185.110248141819	1	1151.43	0.0
72	input_spectra/9-D3M06.mzML	1681	0	185.110248141819	1	1151.63	0.0
72	input_spectra/9-D3M06.mzML	1682	0	185.110248141819	1	1152.28	0.0
72	input_spectra/9-D3M06.mzML	1683	0	185.110248141819	1	1152.47	0.0
72	input_spectra/9-D3M06.mzML	1684	0	185.110248141819	1	1153.13	0.0
72	input_spectra/9-D3M06.mzML	1685	0	185.110248141819	1	1153.32	0.0
229	input_spectra/9-D3M06.mzML	1686	0	542.350646972656	1	1166.08	0.0
229	input_spectra/9-D3M06.mzML	1687	0	542.350646972656	1	1166.27	0.0
229	input_spectra/9-D3M06.mzML	1688	0	542.350646972656	1	1166.92	0.0
229	input_spectra/9-D3M06.mzML	1689	0	542.350646972656	1	1167.12	0.0
144	input_spectra/9-D3M06.mzML	1690	0	328.268307532793	1	1167.97	0.0
141	input_spectra/9-D3M06.mzML	1691	0	328.268307532793	1	1168.16	0.0
138	input_spectra/9-D3M06.mzML	1692	0	328.268307532793	1	1168.82	0.0
141	input_spectra/9-D3M06.mzML	1693	0	328.268307532793	1	1169.01	0.0
144	input_spectra/9-D3M06.mzML	1694	0	328.268307532793	1	1169.67	0.0
143	input_spectra/9-D3M06.mzML	1695	0	328.268307532793	1	1169.86	0.0
72	input_spectra/9-D3M06.mzML	1696	0	185.110248141819	1	1170.51	0.0
72	input_spectra/9-D3M06.mzML	1697	0	185.110248141819	1	1170.71	0.0
72	input_spectra/9-D3M06.mzML	1698	0	185.110248141819	1	1171.36	0.0
72	input_spectra/9-D3M06.mzML	1699	0	185.110248141819	1	1171.55	0.0
72	input_spectra/9-D3M06.mzML	1700	0	185.110248141819	1	1172.21	0.0
72	input_spectra/9-D3M06.mzML	1701	0	185.110248141819	1	1172.4	0.0
130	input_spectra/9-D3M06.mzML	1702	0	302.286834716797	1	1182.48	0.0
130	input_spectra/9-D3M06.mzML	1703	0	302.286834716797	1	1182.67	0.0
144	input_spectra/9-D3M06.mzML	1704	0	328.268307532793	1	1186.87	0.0
145	input_spectra/9-D3M06.mzML	1705	0	328.268307532793	1	1187.06	0.0
138	input_spectra/9-D3M06.mzML	1706	0	328.268307532793	1	1187.72	0.0
141	input_spectra/9-D3M06.mzML	1707	0	328.268307532793	1	1187.91	0.0
138	input_spectra/9-D3M06.mzML	1708	0	328.268307532793	1	1188.56	0.0
143	input_spectra/9-D3M06.mzML	1709	0	328.268307532793	1	1188.75	0.0
72	input_spectra/9-D3M06.mzML	1710	0	185.110248141819	1	1190.01	0.0
72	input_spectra/9-D3M06.mzML	1711	0	185.110248141819	1	1190.2	0.0
72	input_spectra/9-D3M06.mzML	1712	0	185.110248141819	1	1190.86	0.0
72	input_spectra/9-D3M06.mzML	1713	0	185.110248141819	1	1191.05	0.0
72	input_spectra/9-D3M06.mzML	1714	0	185.110248141819	1	1191.71	0.0
72	input_spectra/9-D3M06.mzML	1715	0	185.110248141819	1	1191.9	0.0
130	input_spectra/9-D3M06.mzML	1716	0	302.286834716797	1	1192.75	0.0
130	input_spectra/9-D3M06.mzML	1717	0	302.286834716797	1	1192.95	0.0
130	input_spectra/9-D3M06.mzML	1718	0	302.286834716797	1	1193.6	0.0
130	input_spectra/9-D3M06.mzML	1719	0	302.286834716797	1	1193.79	0.0
3	input_spectra/bkgrnd-marine-broth.mzML	1720	0	110.009817759196	1	6384.900000000001	0.0
3	input_spectra/bkgrnd-marine-broth.mzML	1721	0	110.009817759196	1	6396.36	0.0
3	input_spectra/bkgrnd-marine-broth.mzML	1722	0	110.009817759196	1	6435.66	0.0
3	input_spectra/bkgrnd-marine-broth.mzML	1723	0	110.009817759196	1	6447.18	0.0
39	input_spectra/bkgrnd-marine-broth.mzML	1724	0	146.166600545247	1	6458.64	0.0
39	input_spectra/bkgrnd-marine-broth.mzML	1725	0	146.166600545247	1	6470.099999999999	0.0
16	input_spectra/bkgrnd-marine-broth.mzML	1726	0	125.987463378906	1	6481.5599999999995	0.0
16	input_spectra/bkgrnd-marine-broth.mzML	1727	0	125.987463378906	1	6493.08	0.0
44	input_spectra/bkgrnd-marine-broth.mzML	1728	0	151.036672973633	1	6504.54	0.0
44	input_spectra/bkgrnd-marine-broth.mzML	1729	0	151.036672973633	1	6516.0	0.0
3	input_spectra/bkgrnd-marine-broth.mzML	1730	0	110.009817759196	1	6555.36	0.0
3	input_spectra/bkgrnd-marine-broth.mzML	1731	0	110.009817759196	1	6566.879999999999	0.0
16	input_spectra/bkgrnd-marine-broth.mzML	1732	0	125.987463378906	1	6578.34	0.0
16	input_spectra/bkgrnd-marine-broth.mzML	1733	0	125.987463378906	1	6589.8	0.0
39	input_spectra/bkgrnd-marine-broth.mzML	1734	0	146.166600545247	1	6601.26	0.0
39	input_spectra/bkgrnd-marine-broth.mzML	1735	0	146.166600545247	1	6612.78	0.0
44	input_spectra/bkgrnd-marine-broth.mzML	1736	0	151.036672973633	1	6624.24	0.0
44	input_spectra/bkgrnd-marine-broth.mzML	1737	0	151.036672973633	1	6635.7	0.0
90	input_spectra/bkgrnd-marine-broth.mzML	1738	0	223.991306304932	1	6647.22	0.0
90	input_spectra/bkgrnd-marine-broth.mzML	1739	0	223.991306304932	1	6658.679999999999	0.0
16	input_spectra/bkgrnd-marine-broth.mzML	1740	0	125.987463378906	1	6698.1	0.0
16	input_spectra/bkgrnd-marine-broth.mzML	1741	0	125.987463378906	1	6709.5599999999995	0.0
39	input_spectra/bkgrnd-marine-broth.mzML	1742	0	146.166600545247	1	6721.08	0.0
39	input_spectra/bkgrnd-marine-broth.mzML	1743	0	146.166600545247	1	6732.54	0.0
79	input_spectra/bkgrnd-marine-broth.mzML	1744	0	198.94199625651	1	6744.0	0.0
79	input_spectra/bkgrnd-marine-broth.mzML	1745	0	198.94199625651	1	6755.5199999999995	0.0
90	input_spectra/bkgrnd-marine-broth.mzML	1746	0	223.991306304932	1	6766.9800000000005	0.0
90	input_spectra/bkgrnd-marine-broth.mzML	1747	0	223.991306304932	1	6778.4400000000005	0.0
44	input_spectra/bkgrnd-marine-broth.mzML	1748	0	151.036672973633	1	6789.96	0.0
44	input_spectra/bkgrnd-marine-broth.mzML	1749	0	151.036672973633	1	6801.42	0.0
79	input_spectra/bkgrnd-marine-broth.mzML	1750	0	198.94199625651	1	6840.780000000001	0.0
79	input_spectra/bkgrnd-marine-broth.mzML	1751	0	198.94199625651	1	6852.3	0.0
90	input_spectra/bkgrnd-marine-broth.mzML	1752	0	223.991306304932	1	6863.76	0.0
90	input_spectra/bkgrnd-marine-broth.mzML	1753	0	223.991306304932	1	6875.22	0.0
69	input_spectra/bkgrnd-marine-broth.mzML	1754	0	182.964279174805	1	6886.74	0.0
70	input_spectra/bkgrnd-marine-broth.mzML	1755	0	182.964279174805	1	6898.2	0.0
104	input_spectra/bkgrnd-marine-broth.mzML	1756	0	239.968907674154	1	6909.72	0.0
104	input_spectra/bkgrnd-marine-broth.mzML	1757	0	239.968907674154	1	6921.179999999999	0.0
80	input_spectra/bkgrnd-marine-broth.mzML	1758	0	203.224990844727	1	6932.639999999999	0.0
80	input_spectra/bkgrnd-marine-broth.mzML	1759	0	203.224990844727	1	6944.16	0.0
79	input_spectra/bkgrnd-marine-broth.mzML	1760	0	198.94199625651	1	6983.5199999999995	0.0
79	input_spectra/bkgrnd-marine-broth.mzML	1761	0	198.94199625651	1	6994.98	0.0
69	input_spectra/bkgrnd-marine-broth.mzML	1762	0	182.964279174805	1	7006.5	0.0
70	input_spectra/bkgrnd-marine-broth.mzML	1763	0	182.964279174805	1	7017.96	0.0
104	input_spectra/bkgrnd-marine-broth.mzML	1764	0	239.968907674154	1	7029.42	0.0
104	input_spectra/bkgrnd-marine-broth.mzML	1765	0	239.968907674154	1	7040.9400000000005	0.0
80	input_spectra/bkgrnd-marine-broth.mzML	1766	0	203.224990844727	1	7052.400000000001	0.0
80	input_spectra/bkgrnd-marine-broth.mzML	1767	0	203.224990844727	1	7063.92	0.0
114	input_spectra/bkgrnd-marine-broth.mzML	1768	0	265.018218994141	1	7075.38	0.0
114	input_spectra/bkgrnd-marine-broth.mzML	1769	0	265.018218994141	1	7086.9	0.0
69	input_spectra/bkgrnd-marine-broth.mzML	1770	0	182.964279174805	1	7126.26	0.0
70	input_spectra/bkgrnd-marine-broth.mzML	1771	0	182.964279174805	1	7137.72	0.0
104	input_spectra/bkgrnd-marine-broth.mzML	1772	0	239.968907674154	1	7149.24	0.0
104	input_spectra/bkgrnd-marine-broth.mzML	1773	0	239.968907674154	1	7160.7	0.0
86	input_spectra/bkgrnd-marine-broth.mzML	1774	0	214.91953531901	1	7172.16	0.0
86	input_spectra/bkgrnd-marine-broth.mzML	1775	0	214.91953531901	1	7183.679999999999	0.0
80	input_spectra/bkgrnd-marine-broth.mzML	1776	0	203.224990844727	1	7195.139999999999	0.0
80	input_spectra/bkgrnd-marine-broth.mzML	1777	0	203.224990844727	1	7206.6	0.0
114	input_spectra/bkgrnd-marine-broth.mzML	1778	0	265.018218994141	1	7218.120000000001	0.0
114	input_spectra/bkgrnd-marine-broth.mzML	1779	0	265.018218994141	1	7229.58	0.0
86	input_spectra/bkgrnd-marine-broth.mzML	1780	0	214.91953531901	1	7269.0	0.0
86	input_spectra/bkgrnd-marine-broth.mzML	1781	0	214.91953531901	1	7280.46	0.0
114	input_spectra/bkgrnd-marine-broth.mzML	1782	0	265.018218994141	1	7291.9800000000005	0.0
114	input_spectra/bkgrnd-marine-broth.mzML	1783	0	265.018218994141	1	7303.4400000000005	0.0
86	input_spectra/bkgrnd-marine-broth.mzML	1784	0	214.91953531901	1	7342.799999999999	0.0
86	input_spectra/bkgrnd-marine-broth.mzML	1785	0	214.91953531901	1	7354.32	0.0
3	input_spectra/bkgrnd-marine-broth.mzML	1786	0	110.009817759196	1	7549.98	0.0
3	input_spectra/bkgrnd-marine-broth.mzML	1787	0	110.009817759196	1	7561.5	0.0
3	input_spectra/bkgrnd-marine-broth.mzML	1788	0	110.009817759196	1	7600.8	0.0
3	input_spectra/bkgrnd-marine-broth.mzML	1789	0	110.009817759196	1	7612.259999999999	0.0
3	input_spectra/bkgrnd-marine-broth.mzML	1790	0	110.009817759196	1	7651.62	0.0
3	input_spectra/bkgrnd-marine-broth.mzML	1791	0	110.009817759196	1	7663.139999999999	0.0
39	input_spectra/bkgrnd-marine-broth.mzML	1792	0	146.166600545247	1	7702.5	0.0
39	input_spectra/bkgrnd-marine-broth.mzML	1793	0	146.166600545247	1	7713.96	0.0
16	input_spectra/bkgrnd-marine-broth.mzML	1794	0	125.987463378906	1	7725.42	0.0
16	input_spectra/bkgrnd-marine-broth.mzML	1795	0	125.987463378906	1	7736.88	0.0
44	input_spectra/bkgrnd-marine-broth.mzML	1796	0	151.036672973633	1	7748.4	0.0
44	input_spectra/bkgrnd-marine-broth.mzML	1797	0	151.036672973633	1	7759.86	0.0
39	input_spectra/bkgrnd-marine-broth.mzML	1798	0	146.166600545247	1	7799.219999999999	0.0
39	input_spectra/bkgrnd-marine-broth.mzML	1799	0	146.166600545247	1	7810.74	0.0
90	input_spectra/bkgrnd-marine-broth.mzML	1800	0	223.991306304932	1	7822.200000000001	0.0
90	input_spectra/bkgrnd-marine-broth.mzML	1801	0	223.991306304932	1	7833.720000000001	0.0
16	input_spectra/bkgrnd-marine-broth.mzML	1802	0	125.987463378906	1	7845.179999999999	0.0
16	input_spectra/bkgrnd-marine-broth.mzML	1803	0	125.987463378906	1	7856.639999999999	0.0
44	input_spectra/bkgrnd-marine-broth.mzML	1804	0	151.036672973633	1	7868.099999999999	0.0
44	input_spectra/bkgrnd-marine-broth.mzML	1805	0	151.036672973633	1	7879.62	0.0
39	input_spectra/bkgrnd-marine-broth.mzML	1806	0	146.166600545247	1	7918.9800000000005	0.0
39	input_spectra/bkgrnd-marine-broth.mzML	1807	0	146.166600545247	1	7930.4400000000005	0.0
5	input_spectra/bkgrnd-marine-broth.mzML	1808	0	118.087252298991	1	8847.6	0.0
5	input_spectra/bkgrnd-marine-broth.mzML	1809	0	118.087252298991	1	8859.060000000001	0.0
5	input_spectra/bkgrnd-marine-broth.mzML	1810	0	118.087252298991	1	8898.42	0.0
5	input_spectra/bkgrnd-marine-broth.mzML	1811	0	118.087252298991	1	8909.94	0.0
5	input_spectra/bkgrnd-marine-broth.mzML	1812	0	118.087252298991	1	8949.24	0.0
5	input_spectra/bkgrnd-marine-broth.mzML	1813	0	118.087252298991	1	8960.76	0.0
23	input_spectra/bkgrnd-marine-broth.mzML	1814	0	130.098500569661	1	9000.12	0.0
23	input_spectra/bkgrnd-marine-broth.mzML	1815	0	130.098500569661	1	9011.58	0.0
23	input_spectra/bkgrnd-marine-broth.mzML	1816	0	130.098500569661	1	9050.939999999999	0.0
23	input_spectra/bkgrnd-marine-broth.mzML	1817	0	130.098500569661	1	9062.4	0.0
23	input_spectra/bkgrnd-marine-broth.mzML	1818	0	130.098500569661	1	9101.76	0.0
23	input_spectra/bkgrnd-marine-broth.mzML	1819	0	130.098500569661	1	9113.22	0.0
50	input_spectra/bkgrnd-marine-broth.mzML	1820	0	158.093879699707	1	9645.599999999999	0.0
50	input_spectra/bkgrnd-marine-broth.mzML	1821	0	158.093879699707	1	9657.06	0.0
50	input_spectra/bkgrnd-marine-broth.mzML	1822	0	158.093879699707	1	9696.48	0.0
50	input_spectra/bkgrnd-marine-broth.mzML	1823	0	158.093879699707	1	9707.94	0.0
50	input_spectra/bkgrnd-marine-broth.mzML	1824	0	158.093879699707	1	9747.359999999999	0.0
50	input_spectra/bkgrnd-marine-broth.mzML	1825	0	158.093879699707	1	9758.82	0.0
43	input_spectra/bkgrnd-marine-broth.mzML	1826	0	150.059661865234	1	9770.279999999999	0.0
42	input_spectra/bkgrnd-marine-broth.mzML	1827	0	150.059661865234	1	9781.8	0.0
43	input_spectra/bkgrnd-marine-broth.mzML	1828	0	150.059661865234	1	9821.16	0.0
43	input_spectra/bkgrnd-marine-broth.mzML	1829	0	150.059661865234	1	9832.62	0.0
43	input_spectra/bkgrnd-marine-broth.mzML	1830	0	150.059661865234	1	9872.039999999999	0.0
43	input_spectra/bkgrnd-marine-broth.mzML	1831	0	150.059661865234	1	9883.5	0.0
20	input_spectra/bkgrnd-marine-broth.mzML	1832	0	130.05116780599	1	9982.980000000001	0.0
5	input_spectra/bkgrnd-marine-broth.mzML	1833	0	118.087252298991	1	10033.8	0.0
5	input_spectra/bkgrnd-marine-broth.mzML	1834	0	118.087252298991	1	10045.26	0.0
20	input_spectra/bkgrnd-marine-broth.mzML	1835	0	130.05116780599	1	10056.72	0.0
21	input_spectra/bkgrnd-marine-broth.mzML	1836	0	130.05116780599	1	10068.18	0.0
5	input_spectra/bkgrnd-marine-broth.mzML	1837	0	118.087252298991	1	10107.54	0.0
5	input_spectra/bkgrnd-marine-broth.mzML	1838	0	118.087252298991	1	10119.0	0.0
20	input_spectra/bkgrnd-marine-broth.mzML	1839	0	130.05116780599	1	10130.460000000001	0.0
21	input_spectra/bkgrnd-marine-broth.mzML	1840	0	130.05116780599	1	10141.92	0.0
5	input_spectra/bkgrnd-marine-broth.mzML	1841	0	118.087252298991	1	10181.279999999999	0.0
5	input_spectra/bkgrnd-marine-broth.mzML	1842	0	118.087252298991	1	10192.74	0.0
28	input_spectra/bkgrnd-marine-broth.mzML	1843	0	132.103280318411	1	10424.519999999999	0.0
28	input_spectra/bkgrnd-marine-broth.mzML	1844	0	132.103280318411	1	10435.98	0.0
28	input_spectra/bkgrnd-marine-broth.mzML	1845	0	132.103280318411	1	10475.34	0.0
28	input_spectra/bkgrnd-marine-broth.mzML	1846	0	132.103280318411	1	10486.86	0.0
28	input_spectra/bkgrnd-marine-broth.mzML	1847	0	132.103280318411	1	10526.220000000001	0.0
28	input_spectra/bkgrnd-marine-broth.mzML	1848	0	132.103280318411	1	10537.679999999998	0.0
50	input_spectra/bkgrnd-marine-broth.mzML	1849	0	158.093879699707	1	10781.460000000001	0.0
50	input_spectra/bkgrnd-marine-broth.mzML	1850	0	158.093879699707	1	10792.92	0.0
50	input_spectra/bkgrnd-marine-broth.mzML	1851	0	158.093879699707	1	10832.34	0.0
50	input_spectra/bkgrnd-marine-broth.mzML	1852	0	158.093879699707	1	10843.8	0.0
50	input_spectra/bkgrnd-marine-broth.mzML	1853	0	158.093879699707	1	10883.16	0.0
50	input_spectra/bkgrnd-marine-broth.mzML	1854	0	158.093879699707	1	10894.619999999999	0.0
5	input_spectra/bkgrnd-marine-broth.mzML	1855	0	118.087252298991	1	11198.58	0.0
5	input_spectra/bkgrnd-marine-broth.mzML	1856	0	118.087252298991	1	11210.04	0.0
5	input_spectra/bkgrnd-marine-broth.mzML	1857	0	118.087252298991	1	11249.400000000001	0.0
5	input_spectra/bkgrnd-marine-broth.mzML	1858	0	118.087252298991	1	11260.86	0.0
5	input_spectra/bkgrnd-marine-broth.mzML	1859	0	118.087252298991	1	11323.2	0.0
5	input_spectra/bkgrnd-marine-broth.mzML	1860	0	118.087252298991	1	11334.66	0.0
22	input_spectra/bkgrnd-marine-broth.mzML	1861	0	130.05116780599	1	11505.24	0.0
22	input_spectra/bkgrnd-marine-broth.mzML	1862	0	130.05116780599	1	11556.12	0.0
110	input_spectra/bkgrnd-marine-broth.mzML	1863	0	260.199279785156	1	11579.1	0.0
110	input_spectra/bkgrnd-marine-broth.mzML	1864	0	260.199279785156	1	11590.56	0.0
64	input_spectra/bkgrnd-marine-broth.mzML	1865	0	175.109786987305	1	11602.08	0.0
64	input_spectra/bkgrnd-marine-broth.mzML	1866	0	175.109786987305	1	11613.539999999999	0.0
29	input_spectra/bkgrnd-marine-broth.mzML	1867	0	132.107032775879	1	11675.939999999999	0.0
115	input_spectra/bkgrnd-marine-broth.mzML	1868	0	268.106628417969	1	11698.86	0.0
115	input_spectra/bkgrnd-marine-broth.mzML	1869	0	268.106628417969	1	11710.380000000001	0.0
64	input_spectra/bkgrnd-marine-broth.mzML	1870	0	175.109786987305	1	11721.84	0.0
64	input_spectra/bkgrnd-marine-broth.mzML	1871	0	175.109786987305	1	11733.36	0.0
31	input_spectra/bkgrnd-marine-broth.mzML	1872	0	137.04709370931	1	11744.820000000002	0.0
32	input_spectra/bkgrnd-marine-broth.mzML	1873	0	137.04709370931	1	11756.279999999999	0.0
29	input_spectra/bkgrnd-marine-broth.mzML	1874	0	132.109466552734	1	11830.26	0.0
115	input_spectra/bkgrnd-marine-broth.mzML	1875	0	268.106628417969	1	11841.78	0.0
115	input_spectra/bkgrnd-marine-broth.mzML	1876	0	268.106628417969	1	11853.24	0.0
267	input_spectra/bkgrnd-marine-broth.mzML	1877	0	683.354614257813	1	11876.34	0.0
29	input_spectra/bkgrnd-marine-broth.mzML	1878	0	132.107032775879	1	11961.66	0.0
107	input_spectra/bkgrnd-marine-broth.mzML	1879	0	254.163650512695	1	11984.64	0.0
108	input_spectra/bkgrnd-marine-broth.mzML	1880	0	254.163650512695	1	11996.1	0.0
115	input_spectra/bkgrnd-marine-broth.mzML	1881	0	268.106628417969	1	12007.62	0.0
115	input_spectra/bkgrnd-marine-broth.mzML	1882	0	268.106628417969	1	12019.08	0.0
47	input_spectra/bkgrnd-marine-broth.mzML	1883	0	155.082990010579	1	12030.599999999999	0.0
47	input_spectra/bkgrnd-marine-broth.mzML	1884	0	155.082990010579	1	12042.06	0.0
14	input_spectra/bkgrnd-marine-broth.mzML	1885	0	121.065930684408	1	12053.52	0.0
14	input_spectra/bkgrnd-marine-broth.mzML	1886	0	121.065930684408	1	12065.04	0.0
28	input_spectra/bkgrnd-marine-broth.mzML	1887	0	132.103280318411	1	12104.400000000001	0.0
28	input_spectra/bkgrnd-marine-broth.mzML	1888	0	132.103280318411	1	12115.86	0.0
14	input_spectra/bkgrnd-marine-broth.mzML	1889	0	121.065930684408	1	12127.320000000002	0.0
14	input_spectra/bkgrnd-marine-broth.mzML	1890	0	121.065930684408	1	12138.779999999999	0.0
47	input_spectra/bkgrnd-marine-broth.mzML	1891	0	155.082990010579	1	12150.24	0.0
47	input_spectra/bkgrnd-marine-broth.mzML	1892	0	155.082990010579	1	12161.76	0.0
87	input_spectra/bkgrnd-marine-broth.mzML	1893	0	215.141209920247	1	12173.22	0.0
87	input_spectra/bkgrnd-marine-broth.mzML	1894	0	215.141209920247	1	12184.74	0.0
67	input_spectra/bkgrnd-marine-broth.mzML	1895	0	182.083048502604	1	12196.2	0.0
68	input_spectra/bkgrnd-marine-broth.mzML	1896	0	182.083048502604	1	12207.66	0.0
28	input_spectra/bkgrnd-marine-broth.mzML	1897	0	132.103280318411	1	12247.019999999999	0.0
28	input_spectra/bkgrnd-marine-broth.mzML	1898	0	132.103280318411	1	12258.539999999999	0.0
47	input_spectra/bkgrnd-marine-broth.mzML	1899	0	155.082990010579	1	12270.0	0.0
47	input_spectra/bkgrnd-marine-broth.mzML	1900	0	155.082990010579	1	12281.460000000001	0.0
67	input_spectra/bkgrnd-marine-broth.mzML	1901	0	182.083048502604	1	12292.980000000001	0.0
68	input_spectra/bkgrnd-marine-broth.mzML	1902	0	182.083048502604	1	12304.44	0.0
14	input_spectra/bkgrnd-marine-broth.mzML	1903	0	121.065930684408	1	12315.9	0.0
14	input_spectra/bkgrnd-marine-broth.mzML	1904	0	121.065930684408	1	12327.359999999999	0.0
87	input_spectra/bkgrnd-marine-broth.mzML	1905	0	215.141209920247	1	12338.88	0.0
87	input_spectra/bkgrnd-marine-broth.mzML	1906	0	215.141209920247	1	12350.34	0.0
68	input_spectra/bkgrnd-marine-broth.mzML	1907	0	182.083048502604	1	12401.220000000001	0.0
28	input_spectra/bkgrnd-marine-broth.mzML	1908	0	132.103280318411	1	12412.679999999998	0.0
28	input_spectra/bkgrnd-marine-broth.mzML	1909	0	132.103280318411	1	12424.199999999999	0.0
30	input_spectra/bkgrnd-marine-broth.mzML	1910	0	136.077031453451	1	12435.66	0.0
30	input_spectra/bkgrnd-marine-broth.mzML	1911	0	136.077031453451	1	12447.119999999999	0.0
54	input_spectra/bkgrnd-marine-broth.mzML	1912	0	165.056243896484	1	12458.64	0.0
55	input_spectra/bkgrnd-marine-broth.mzML	1913	0	165.056243896484	1	12470.1	0.0
87	input_spectra/bkgrnd-marine-broth.mzML	1914	0	215.141209920247	1	12481.560000000001	0.0
87	input_spectra/bkgrnd-marine-broth.mzML	1915	0	215.141209920247	1	12493.08	0.0
28	input_spectra/bkgrnd-marine-broth.mzML	1916	0	132.103280318411	1	12532.44	0.0
28	input_spectra/bkgrnd-marine-broth.mzML	1917	0	132.103280318411	1	12543.9	0.0
30	input_spectra/bkgrnd-marine-broth.mzML	1918	0	136.077031453451	1	12555.42	0.0
30	input_spectra/bkgrnd-marine-broth.mzML	1919	0	136.077031453451	1	12566.880000000001	0.0
54	input_spectra/bkgrnd-marine-broth.mzML	1920	0	165.056243896484	1	12578.34	0.0
55	input_spectra/bkgrnd-marine-broth.mzML	1921	0	165.056243896484	1	12589.859999999999	0.0
15	input_spectra/bkgrnd-marine-broth.mzML	1922	0	123.045349121094	1	12612.779999999999	0.0
55	input_spectra/bkgrnd-marine-broth.mzML	1923	0	165.056243896484	1	12663.66	0.0
30	input_spectra/bkgrnd-marine-broth.mzML	1924	0	136.077031453451	1	12675.12	0.0
102	input_spectra/bkgrnd-marine-broth.mzML	1925	0	237.088798522949	1	12698.099999999999	0.0
103	input_spectra/bkgrnd-marine-broth.mzML	1926	0	237.088798522949	1	12709.56	0.0
15	input_spectra/bkgrnd-marine-broth.mzML	1927	0	123.045349121094	1	12732.54	0.0
31	input_spectra/bkgrnd-marine-broth.mzML	1928	0	137.04709370931	1	12771.900000000001	0.0
32	input_spectra/bkgrnd-marine-broth.mzML	1929	0	137.04709370931	1	12783.36	0.0
102	input_spectra/bkgrnd-marine-broth.mzML	1930	0	237.088798522949	1	12794.88	0.0
103	input_spectra/bkgrnd-marine-broth.mzML	1931	0	237.088798522949	1	12806.34	0.0
116	input_spectra/bkgrnd-marine-broth.mzML	1932	0	269.090545654297	1	12929.94	0.0
116	input_spectra/bkgrnd-marine-broth.mzML	1933	0	269.090545654297	1	12941.4	0.0
45	input_spectra/bkgrnd-marine-broth.mzML	1934	0	152.058049519857	1	13016.82	0.0
45	input_spectra/bkgrnd-marine-broth.mzML	1935	0	152.058049519857	1	13028.28	0.0
45	input_spectra/bkgrnd-marine-broth.mzML	1936	0	152.058049519857	1	13067.640000000001	0.0
45	input_spectra/bkgrnd-marine-broth.mzML	1937	0	152.058049519857	1	13079.16	0.0
121	input_spectra/bkgrnd-marine-broth.mzML	1938	0	284.101715087891	1	13090.619999999999	0.0
122	input_spectra/bkgrnd-marine-broth.mzML	1939	0	284.101715087891	1	13102.14	0.0
45	input_spectra/bkgrnd-marine-broth.mzML	1940	0	152.058049519857	1	13141.5	0.0
45	input_spectra/bkgrnd-marine-broth.mzML	1941	0	152.058049519857	1	13152.960000000001	0.0
121	input_spectra/bkgrnd-marine-broth.mzML	1942	0	284.101715087891	1	13164.48	0.0
122	input_spectra/bkgrnd-marine-broth.mzML	1943	0	284.101715087891	1	13175.939999999999	0.0
121	input_spectra/bkgrnd-marine-broth.mzML	1944	0	284.101715087891	1	13215.3	0.0
122	input_spectra/bkgrnd-marine-broth.mzML	1945	0	284.101715087891	1	13226.82	0.0
47	input_spectra/bkgrnd-marine-broth.mzML	1946	0	155.082990010579	1	13238.28	0.0
47	input_spectra/bkgrnd-marine-broth.mzML	1947	0	155.082990010579	1	13249.800000000001	0.0
47	input_spectra/bkgrnd-marine-broth.mzML	1948	0	155.082990010579	1	13289.1	0.0
47	input_spectra/bkgrnd-marine-broth.mzML	1949	0	155.082990010579	1	13300.619999999999	0.0
47	input_spectra/bkgrnd-marine-broth.mzML	1950	0	155.082990010579	1	13339.98	0.0
47	input_spectra/bkgrnd-marine-broth.mzML	1951	0	155.082990010579	1	13351.44	0.0
28	input_spectra/bkgrnd-marine-broth.mzML	1952	0	132.103280318411	1	13487.039999999999	0.0
28	input_spectra/bkgrnd-marine-broth.mzML	1953	0	132.103280318411	1	13498.5	0.0
28	input_spectra/bkgrnd-marine-broth.mzML	1954	0	132.103280318411	1	13537.8	0.0
28	input_spectra/bkgrnd-marine-broth.mzML	1955	0	132.103280318411	1	13549.26	0.0
28	input_spectra/bkgrnd-marine-broth.mzML	1956	0	132.103280318411	1	13588.68	0.0
28	input_spectra/bkgrnd-marine-broth.mzML	1957	0	132.103280318411	1	13600.140000000001	0.0
88	input_spectra/bkgrnd-marine-broth.mzML	1958	0	217.156880696615	1	14240.76	0.0
88	input_spectra/bkgrnd-marine-broth.mzML	1959	0	217.156880696615	1	14252.220000000001	0.0
88	input_spectra/bkgrnd-marine-broth.mzML	1960	0	217.156880696615	1	14291.64	0.0
88	input_spectra/bkgrnd-marine-broth.mzML	1961	0	217.156880696615	1	14303.099999999999	0.0
88	input_spectra/bkgrnd-marine-broth.mzML	1962	0	217.156880696615	1	14342.46	0.0
88	input_spectra/bkgrnd-marine-broth.mzML	1963	0	217.156880696615	1	14353.98	0.0
28	input_spectra/bkgrnd-marine-broth.mzML	1964	0	132.103280318411	1	14657.880000000001	0.0
28	input_spectra/bkgrnd-marine-broth.mzML	1965	0	132.103280318411	1	14669.34	0.0
28	input_spectra/bkgrnd-marine-broth.mzML	1966	0	132.103280318411	1	14708.7	0.0
28	input_spectra/bkgrnd-marine-broth.mzML	1967	0	132.103280318411	1	14720.16	0.0
28	input_spectra/bkgrnd-marine-broth.mzML	1968	0	132.103280318411	1	14759.58	0.0
28	input_spectra/bkgrnd-marine-broth.mzML	1969	0	132.103280318411	1	14771.039999999999	0.0
35	input_spectra/bkgrnd-marine-broth.mzML	1970	0	141.95991734096	1	14810.4	0.0
35	input_spectra/bkgrnd-marine-broth.mzML	1971	0	141.95991734096	1	14821.92	0.0
83	input_spectra/bkgrnd-marine-broth.mzML	1972	0	211.109888712565	1	14909.400000000001	0.0
83	input_spectra/bkgrnd-marine-broth.mzML	1973	0	211.109888712565	1	14972.28	0.0
84	input_spectra/bkgrnd-marine-broth.mzML	1974	0	211.109888712565	1	14983.740000000002	0.0
83	input_spectra/bkgrnd-marine-broth.mzML	1975	0	211.109888712565	1	15023.099999999999	0.0
84	input_spectra/bkgrnd-marine-broth.mzML	1976	0	211.109888712565	1	15034.619999999999	0.0
35	input_spectra/bkgrnd-marine-broth.mzML	1977	0	141.95991734096	1	15158.099999999999	0.0
35	input_spectra/bkgrnd-marine-broth.mzML	1978	0	141.95991734096	1	15169.619999999999	0.0
158	input_spectra/bkgrnd-marine-broth.mzML	1979	0	359.196111043294	1	15245.04	0.0
158	input_spectra/bkgrnd-marine-broth.mzML	1980	0	359.196111043294	1	15256.560000000001	0.0
158	input_spectra/bkgrnd-marine-broth.mzML	1981	0	359.196111043294	1	15392.100000000002	0.0
158	input_spectra/bkgrnd-marine-broth.mzML	1982	0	359.196111043294	1	15403.619999999999	0.0
158	input_spectra/bkgrnd-marine-broth.mzML	1983	0	359.196111043294	1	15442.98	0.0
158	input_spectra/bkgrnd-marine-broth.mzML	1984	0	359.196111043294	1	15454.44	0.0
27	input_spectra/bkgrnd-marine-broth.mzML	1985	0	131.930934906006	1	15493.800000000001	0.0
27	input_spectra/bkgrnd-marine-broth.mzML	1986	0	131.930934906006	1	15505.320000000002	0.0
35	input_spectra/bkgrnd-marine-broth.mzML	1987	0	141.95991734096	1	15556.68	0.0
35	input_spectra/bkgrnd-marine-broth.mzML	1988	0	141.95991734096	1	15568.14	0.0
27	input_spectra/bkgrnd-marine-broth.mzML	1989	0	131.930934906006	1	15703.74	0.0
27	input_spectra/bkgrnd-marine-broth.mzML	1990	0	131.930934906006	1	15715.2	0.0
27	input_spectra/bkgrnd-marine-broth.mzML	1991	0	131.930934906006	1	15778.619999999999	0.0
27	input_spectra/bkgrnd-marine-broth.mzML	1992	0	131.930934906006	1	15790.08	0.0
28	input_spectra/bkgrnd-marine-broth.mzML	1993	0	132.103280318411	1	15829.38	0.0
28	input_spectra/bkgrnd-marine-broth.mzML	1994	0	132.103280318411	1	15840.9	0.0
28	input_spectra/bkgrnd-marine-broth.mzML	1995	0	132.103280318411	1	15880.26	0.0
28	input_spectra/bkgrnd-marine-broth.mzML	1996	0	132.103280318411	1	15891.720000000001	0.0
28	input_spectra/bkgrnd-marine-broth.mzML	1997	0	132.103280318411	1	15943.14	0.0
28	input_spectra/bkgrnd-marine-broth.mzML	1998	0	132.103280318411	1	15954.600000000002	0.0
76	input_spectra/bkgrnd-marine-broth.mzML	1999	0	189.088806152344	1	16030.08	0.0
76	input_spectra/bkgrnd-marine-broth.mzML	2000	0	189.088806152344	1	16041.539999999999	0.0
76	input_spectra/bkgrnd-marine-broth.mzML	2001	0	189.088806152344	1	16080.9	0.0
76	input_spectra/bkgrnd-marine-broth.mzML	2002	0	189.088806152344	1	16092.36	0.0
76	input_spectra/bkgrnd-marine-broth.mzML	2003	0	189.088806152344	1	16131.720000000001	0.0
76	input_spectra/bkgrnd-marine-broth.mzML	2004	0	189.088806152344	1	16143.239999999998	0.0
58	input_spectra/bkgrnd-marine-broth.mzML	2005	0	166.088059743245	1	16350.9	0.0
61	input_spectra/bkgrnd-marine-broth.mzML	2006	0	166.088059743245	1	16362.42	0.0
58	input_spectra/bkgrnd-marine-broth.mzML	2007	0	166.088059743245	1	16401.72	0.0
61	input_spectra/bkgrnd-marine-broth.mzML	2008	0	166.088059743245	1	16413.239999999998	0.0
8	input_spectra/bkgrnd-marine-broth.mzML	2009	0	120.082079569499	1	16424.7	0.0
11	input_spectra/bkgrnd-marine-broth.mzML	2010	0	120.082079569499	1	16436.16	0.0
58	input_spectra/bkgrnd-marine-broth.mzML	2011	0	166.088059743245	1	16475.52	0.0
61	input_spectra/bkgrnd-marine-broth.mzML	2012	0	166.088059743245	1	16486.98	0.0
8	input_spectra/bkgrnd-marine-broth.mzML	2013	0	120.082079569499	1	16498.44	0.0
11	input_spectra/bkgrnd-marine-broth.mzML	2014	0	120.082079569499	1	16509.96	0.0
77	input_spectra/bkgrnd-marine-broth.mzML	2015	0	189.125183105469	1	16521.420000000002	0.0
77	input_spectra/bkgrnd-marine-broth.mzML	2016	0	189.125183105469	1	16532.88	0.0
8	input_spectra/bkgrnd-marine-broth.mzML	2017	0	120.082079569499	1	16572.24	0.0
11	input_spectra/bkgrnd-marine-broth.mzML	2018	0	120.082079569499	1	16583.699999999997	0.0
158	input_spectra/bkgrnd-marine-broth.mzML	2019	0	359.196111043294	1	16595.280000000002	0.0
158	input_spectra/bkgrnd-marine-broth.mzML	2020	0	359.196111043294	1	16606.739999999998	0.0
77	input_spectra/bkgrnd-marine-broth.mzML	2021	0	189.125183105469	1	16618.260000000002	0.0
77	input_spectra/bkgrnd-marine-broth.mzML	2022	0	189.125183105469	1	16629.719999999998	0.0
25	input_spectra/bkgrnd-marine-broth.mzML	2023	0	131.05034383138	1	16641.18	0.0
26	input_spectra/bkgrnd-marine-broth.mzML	2024	0	131.05034383138	1	16652.64	0.0
56	input_spectra/bkgrnd-marine-broth.mzML	2025	0	166.093887329102	1	16692.06	0.0
59	input_spectra/bkgrnd-marine-broth.mzML	2026	0	166.093887329102	1	16703.52	0.0
10	input_spectra/bkgrnd-marine-broth.mzML	2027	0	120.084854125977	1	16714.980000000003	0.0
13	input_spectra/bkgrnd-marine-broth.mzML	2028	0	120.084854125977	1	16726.44	0.0
77	input_spectra/bkgrnd-marine-broth.mzML	2029	0	189.125183105469	1	16737.96	0.0
77	input_spectra/bkgrnd-marine-broth.mzML	2030	0	189.125183105469	1	16749.42	0.0
158	input_spectra/bkgrnd-marine-broth.mzML	2031	0	359.196111043294	1	16760.94	0.0
158	input_spectra/bkgrnd-marine-broth.mzML	2032	0	359.196111043294	1	16772.46	0.0
25	input_spectra/bkgrnd-marine-broth.mzML	2033	0	131.05034383138	1	16783.920000000002	0.0
26	input_spectra/bkgrnd-marine-broth.mzML	2034	0	131.05034383138	1	16795.38	0.0
9	input_spectra/bkgrnd-marine-broth.mzML	2035	0	120.086292266846	1	16834.8	0.0
12	input_spectra/bkgrnd-marine-broth.mzML	2036	0	120.086292266846	1	16846.260000000002	0.0
158	input_spectra/bkgrnd-marine-broth.mzML	2037	0	359.196111043294	1	16857.780000000002	0.0
158	input_spectra/bkgrnd-marine-broth.mzML	2038	0	359.196111043294	1	16869.239999999998	0.0
25	input_spectra/bkgrnd-marine-broth.mzML	2039	0	131.05034383138	1	16880.760000000002	0.0
26	input_spectra/bkgrnd-marine-broth.mzML	2040	0	131.05034383138	1	16892.219999999998	0.0
40	input_spectra/bkgrnd-marine-broth.mzML	2041	0	149.061024983724	1	16903.68	0.0
41	input_spectra/bkgrnd-marine-broth.mzML	2042	0	149.061024983724	1	16915.2	0.0
9	input_spectra/bkgrnd-marine-broth.mzML	2043	0	120.086292266846	1	16977.54	0.0
12	input_spectra/bkgrnd-marine-broth.mzML	2044	0	120.086292266846	1	16989.0	0.0
40	input_spectra/bkgrnd-marine-broth.mzML	2045	0	149.061024983724	1	17000.46	0.0
41	input_spectra/bkgrnd-marine-broth.mzML	2046	0	149.061024983724	1	17011.92	0.0
40	input_spectra/bkgrnd-marine-broth.mzML	2047	0	149.061024983724	1	17051.34	0.0
41	input_spectra/bkgrnd-marine-broth.mzML	2048	0	149.061024983724	1	17062.8	0.0
56	input_spectra/bkgrnd-marine-broth.mzML	2049	0	166.093887329102	1	17102.16	0.0
59	input_spectra/bkgrnd-marine-broth.mzML	2050	0	166.093887329102	1	17113.68	0.0
148	input_spectra/bkgrnd-marine-broth.mzML	2051	0	331.200653076172	1	17125.14	0.0
148	input_spectra/bkgrnd-marine-broth.mzML	2052	0	331.200653076172	1	17136.66	0.0
56	input_spectra/bkgrnd-marine-broth.mzML	2053	0	166.093887329102	1	17176.02	0.0
59	input_spectra/bkgrnd-marine-broth.mzML	2054	0	166.093887329102	1	17187.480000000003	0.0
148	input_spectra/bkgrnd-marine-broth.mzML	2055	0	331.200653076172	1	17199.0	0.0
148	input_spectra/bkgrnd-marine-broth.mzML	2056	0	331.200653076172	1	17210.52	0.0
148	input_spectra/bkgrnd-marine-broth.mzML	2057	0	331.200653076172	1	17249.88	0.0
148	input_spectra/bkgrnd-marine-broth.mzML	2058	0	331.200653076172	1	17261.34	0.0
35	input_spectra/bkgrnd-marine-broth.mzML	2059	0	141.95991734096	1	17272.859999999997	0.0
35	input_spectra/bkgrnd-marine-broth.mzML	2060	0	141.95991734096	1	17284.32	0.0
35	input_spectra/bkgrnd-marine-broth.mzML	2061	0	141.95991734096	1	17323.68	0.0
35	input_spectra/bkgrnd-marine-broth.mzML	2062	0	141.95991734096	1	17335.2	0.0
35	input_spectra/bkgrnd-marine-broth.mzML	2063	0	141.95991734096	1	17374.56	0.0
35	input_spectra/bkgrnd-marine-broth.mzML	2064	0	141.95991734096	1	17386.02	0.0
58	input_spectra/bkgrnd-marine-broth.mzML	2065	0	166.088059743245	1	17497.559999999998	0.0
61	input_spectra/bkgrnd-marine-broth.mzML	2066	0	166.088059743245	1	17509.02	0.0
58	input_spectra/bkgrnd-marine-broth.mzML	2067	0	166.088059743245	1	17548.38	0.0
61	input_spectra/bkgrnd-marine-broth.mzML	2068	0	166.088059743245	1	17559.84	0.0
58	input_spectra/bkgrnd-marine-broth.mzML	2069	0	166.088059743245	1	17599.2	0.0
61	input_spectra/bkgrnd-marine-broth.mzML	2070	0	166.088059743245	1	17610.72	0.0
8	input_spectra/bkgrnd-marine-broth.mzML	2071	0	120.082079569499	1	17622.18	0.0
11	input_spectra/bkgrnd-marine-broth.mzML	2072	0	120.082079569499	1	17633.64	0.0
8	input_spectra/bkgrnd-marine-broth.mzML	2073	0	120.082079569499	1	17673.0	0.0
11	input_spectra/bkgrnd-marine-broth.mzML	2074	0	120.082079569499	1	17684.52	0.0
8	input_spectra/bkgrnd-marine-broth.mzML	2075	0	120.082079569499	1	17723.82	0.0
11	input_spectra/bkgrnd-marine-broth.mzML	2076	0	120.082079569499	1	17735.34	0.0
51	input_spectra/bkgrnd-marine-broth.mzML	2077	0	158.962689717611	1	17822.76	0.0
51	input_spectra/bkgrnd-marine-broth.mzML	2078	0	158.962689717611	1	17834.22	0.0
51	input_spectra/bkgrnd-marine-broth.mzML	2079	0	158.962689717611	1	18234.36	0.0
51	input_spectra/bkgrnd-marine-broth.mzML	2080	0	158.962689717611	1	18245.82	0.0
51	input_spectra/bkgrnd-marine-broth.mzML	2081	0	158.962689717611	1	18297.24	0.0
51	input_spectra/bkgrnd-marine-broth.mzML	2082	0	158.962689717611	1	18308.699999999997	0.0
27	input_spectra/bkgrnd-marine-broth.mzML	2083	0	131.930934906006	1	18396.18	0.0
27	input_spectra/bkgrnd-marine-broth.mzML	2084	0	131.930934906006	1	18407.64	0.0
35	input_spectra/bkgrnd-marine-broth.mzML	2085	0	141.95991734096	1	18447.0	0.0
35	input_spectra/bkgrnd-marine-broth.mzML	2086	0	141.95991734096	1	18458.460000000003	0.0
35	input_spectra/bkgrnd-marine-broth.mzML	2087	0	141.95991734096	1	18497.88	0.0
35	input_spectra/bkgrnd-marine-broth.mzML	2088	0	141.95991734096	1	18509.34	0.0
35	input_spectra/bkgrnd-marine-broth.mzML	2089	0	141.95991734096	1	18548.699999999997	0.0
35	input_spectra/bkgrnd-marine-broth.mzML	2090	0	141.95991734096	1	18560.16	0.0
77	input_spectra/bkgrnd-marine-broth.mzML	2091	0	189.125183105469	1	18599.579999999998	0.0
58	input_spectra/bkgrnd-marine-broth.mzML	2092	0	166.088059743245	1	18650.399999999998	0.0
61	input_spectra/bkgrnd-marine-broth.mzML	2093	0	166.088059743245	1	18661.92	0.0
77	input_spectra/bkgrnd-marine-broth.mzML	2094	0	189.125183105469	1	18673.38	0.0
77	input_spectra/bkgrnd-marine-broth.mzML	2095	0	189.125183105469	1	18684.84	0.0
58	input_spectra/bkgrnd-marine-broth.mzML	2096	0	166.088059743245	1	18724.2	0.0
61	input_spectra/bkgrnd-marine-broth.mzML	2097	0	166.088059743245	1	18735.72	0.0
77	input_spectra/bkgrnd-marine-broth.mzML	2098	0	189.125183105469	1	18747.18	0.0
77	input_spectra/bkgrnd-marine-broth.mzML	2099	0	189.125183105469	1	18758.64	0.0
58	input_spectra/bkgrnd-marine-broth.mzML	2100	0	166.088059743245	1	18798.0	0.0
61	input_spectra/bkgrnd-marine-broth.mzML	2101	0	166.088059743245	1	18809.46	0.0
8	input_spectra/bkgrnd-marine-broth.mzML	2102	0	120.082079569499	1	18820.920000000002	0.0
11	input_spectra/bkgrnd-marine-broth.mzML	2103	0	120.082079569499	1	18832.440000000002	0.0
8	input_spectra/bkgrnd-marine-broth.mzML	2104	0	120.082079569499	1	18871.739999999998	0.0
11	input_spectra/bkgrnd-marine-broth.mzML	2105	0	120.082079569499	1	18883.2	0.0
28	input_spectra/bkgrnd-marine-broth.mzML	2106	0	132.103280318411	1	18894.719999999998	0.0
28	input_spectra/bkgrnd-marine-broth.mzML	2107	0	132.103280318411	1	18906.18	0.0
8	input_spectra/bkgrnd-marine-broth.mzML	2108	0	120.082079569499	1	18945.54	0.0
11	input_spectra/bkgrnd-marine-broth.mzML	2109	0	120.082079569499	1	18957.0	0.0
28	input_spectra/bkgrnd-marine-broth.mzML	2110	0	132.103280318411	1	18968.460000000003	0.0
28	input_spectra/bkgrnd-marine-broth.mzML	2111	0	132.103280318411	1	18979.980000000003	0.0
28	input_spectra/bkgrnd-marine-broth.mzML	2112	0	132.103280318411	1	19019.34	0.0
28	input_spectra/bkgrnd-marine-broth.mzML	2113	0	132.103280318411	1	19030.8	0.0
51	input_spectra/bkgrnd-marine-broth.mzML	2114	0	158.962689717611	1	19467.0	0.0
51	input_spectra/bkgrnd-marine-broth.mzML	2115	0	158.962689717611	1	19478.460000000003	0.0
51	input_spectra/bkgrnd-marine-broth.mzML	2116	0	158.962689717611	1	19541.879999999997	0.0
51	input_spectra/bkgrnd-marine-broth.mzML	2117	0	158.962689717611	1	19553.34	0.0
35	input_spectra/bkgrnd-marine-broth.mzML	2118	0	141.95991734096	1	19604.7	0.0
35	input_spectra/bkgrnd-marine-broth.mzML	2119	0	141.95991734096	1	19616.22	0.0
35	input_spectra/bkgrnd-marine-broth.mzML	2120	0	141.95991734096	1	19655.58	0.0
35	input_spectra/bkgrnd-marine-broth.mzML	2121	0	141.95991734096	1	19667.04	0.0
35	input_spectra/bkgrnd-marine-broth.mzML	2122	0	141.95991734096	1	19706.4	0.0
35	input_spectra/bkgrnd-marine-broth.mzML	2123	0	141.95991734096	1	19717.859999999997	0.0
95	input_spectra/bkgrnd-marine-broth.mzML	2124	0	229.157028198242	1	19769.28	0.0
95	input_spectra/bkgrnd-marine-broth.mzML	2125	0	229.157028198242	1	19780.739999999998	0.0
58	input_spectra/bkgrnd-marine-broth.mzML	2126	0	166.088059743245	1	19820.1	0.0
61	input_spectra/bkgrnd-marine-broth.mzML	2127	0	166.088059743245	1	19831.62	0.0
95	input_spectra/bkgrnd-marine-broth.mzML	2128	0	229.157028198242	1	19843.08	0.0
95	input_spectra/bkgrnd-marine-broth.mzML	2129	0	229.157028198242	1	19854.600000000002	0.0
95	input_spectra/bkgrnd-marine-broth.mzML	2130	0	229.157028198242	1	19893.96	0.0
95	input_spectra/bkgrnd-marine-broth.mzML	2131	0	229.157028198242	1	19905.420000000002	0.0
58	input_spectra/bkgrnd-marine-broth.mzML	2132	0	166.088059743245	1	19916.940000000002	0.0
61	input_spectra/bkgrnd-marine-broth.mzML	2133	0	166.088059743245	1	19928.399999999998	0.0
58	input_spectra/bkgrnd-marine-broth.mzML	2134	0	166.088059743245	1	19967.76	0.0
61	input_spectra/bkgrnd-marine-broth.mzML	2135	0	166.088059743245	1	19979.28	0.0
8	input_spectra/bkgrnd-marine-broth.mzML	2136	0	120.082079569499	1	19990.739999999998	0.0
11	input_spectra/bkgrnd-marine-broth.mzML	2137	0	120.082079569499	1	20002.2	0.0
8	input_spectra/bkgrnd-marine-broth.mzML	2138	0	120.082079569499	1	20053.56	0.0
11	input_spectra/bkgrnd-marine-broth.mzML	2139	0	120.082079569499	1	20065.019999999997	0.0
51	input_spectra/bkgrnd-marine-broth.mzML	2140	0	158.962689717611	1	20104.379999999997	0.0
51	input_spectra/bkgrnd-marine-broth.mzML	2141	0	158.962689717611	1	20115.84	0.0
8	input_spectra/bkgrnd-marine-broth.mzML	2142	0	120.082079569499	1	20127.3	0.0
11	input_spectra/bkgrnd-marine-broth.mzML	2143	0	120.082079569499	1	20138.760000000002	0.0
35	input_spectra/bkgrnd-marine-broth.mzML	2144	0	141.95991734096	1	20743.260000000002	0.0
35	input_spectra/bkgrnd-marine-broth.mzML	2145	0	141.95991734096	1	20754.719999999998	0.0
35	input_spectra/bkgrnd-marine-broth.mzML	2146	0	141.95991734096	1	20794.079999999998	0.0
35	input_spectra/bkgrnd-marine-broth.mzML	2147	0	141.95991734096	1	20805.6	0.0
35	input_spectra/bkgrnd-marine-broth.mzML	2148	0	141.95991734096	1	20844.96	0.0
35	input_spectra/bkgrnd-marine-broth.mzML	2149	0	141.95991734096	1	20856.420000000002	0.0
117	input_spectra/bkgrnd-marine-broth.mzML	2150	0	274.178975423177	1	21641.28	0.0
117	input_spectra/bkgrnd-marine-broth.mzML	2151	0	274.178975423177	1	21652.8	0.0
117	input_spectra/bkgrnd-marine-broth.mzML	2152	0	274.178975423177	1	21692.16	0.0
117	input_spectra/bkgrnd-marine-broth.mzML	2153	0	274.178975423177	1	21703.62	0.0
117	input_spectra/bkgrnd-marine-broth.mzML	2154	0	274.178975423177	1	21743.04	0.0
117	input_spectra/bkgrnd-marine-broth.mzML	2155	0	274.178975423177	1	21754.5	0.0
35	input_spectra/bkgrnd-marine-broth.mzML	2156	0	141.95991734096	1	21918.54	0.0
35	input_spectra/bkgrnd-marine-broth.mzML	2157	0	141.95991734096	1	21930.0	0.0
98	input_spectra/bkgrnd-marine-broth.mzML	2158	0	231.172617594401	1	21941.52	0.0
98	input_spectra/bkgrnd-marine-broth.mzML	2159	0	231.172617594401	1	21992.34	0.0
35	input_spectra/bkgrnd-marine-broth.mzML	2160	0	141.95991734096	1	22015.32	0.0
35	input_spectra/bkgrnd-marine-broth.mzML	2161	0	141.95991734096	1	22026.78	0.0
98	input_spectra/bkgrnd-marine-broth.mzML	2162	0	231.172617594401	1	22066.079999999998	0.0
98	input_spectra/bkgrnd-marine-broth.mzML	2163	0	231.172617594401	1	22077.6	0.0
35	input_spectra/bkgrnd-marine-broth.mzML	2164	0	141.95991734096	1	22089.06	0.0
35	input_spectra/bkgrnd-marine-broth.mzML	2165	0	141.95991734096	1	22100.52	0.0
95	input_spectra/bkgrnd-marine-broth.mzML	2166	0	229.157028198242	1	22717.079999999998	0.0
95	input_spectra/bkgrnd-marine-broth.mzML	2167	0	229.157028198242	1	22728.54	0.0
95	input_spectra/bkgrnd-marine-broth.mzML	2168	0	229.157028198242	1	22767.899999999998	0.0
95	input_spectra/bkgrnd-marine-broth.mzML	2169	0	229.157028198242	1	22779.36	0.0
95	input_spectra/bkgrnd-marine-broth.mzML	2170	0	229.157028198242	1	22818.78	0.0
95	input_spectra/bkgrnd-marine-broth.mzML	2171	0	229.157028198242	1	22830.24	0.0
35	input_spectra/bkgrnd-marine-broth.mzML	2172	0	141.95991734096	1	23098.08	0.0
35	input_spectra/bkgrnd-marine-broth.mzML	2173	0	141.95991734096	1	23109.54	0.0
35	input_spectra/bkgrnd-marine-broth.mzML	2174	0	141.95991734096	1	23148.96	0.0
35	input_spectra/bkgrnd-marine-broth.mzML	2175	0	141.95991734096	1	23160.420000000002	0.0
35	input_spectra/bkgrnd-marine-broth.mzML	2176	0	141.95991734096	1	23199.78	0.0
35	input_spectra/bkgrnd-marine-broth.mzML	2177	0	141.95991734096	1	23211.239999999998	0.0
95	input_spectra/bkgrnd-marine-broth.mzML	2178	0	229.157028198242	1	23863.86	0.0
95	input_spectra/bkgrnd-marine-broth.mzML	2179	0	229.157028198242	1	23875.38	0.0
220	input_spectra/bkgrnd-marine-broth.mzML	2180	0	527.287231445313	1	23886.9	0.0
220	input_spectra/bkgrnd-marine-broth.mzML	2181	0	527.287231445313	1	23898.420000000002	0.0
95	input_spectra/bkgrnd-marine-broth.mzML	2182	0	229.157028198242	1	23937.780000000002	0.0
95	input_spectra/bkgrnd-marine-broth.mzML	2183	0	229.157028198242	1	23949.3	0.0
95	input_spectra/bkgrnd-marine-broth.mzML	2184	0	229.157028198242	1	23988.6	0.0
95	input_spectra/bkgrnd-marine-broth.mzML	2185	0	229.157028198242	1	24000.12	0.0
291	input_spectra/bkgrnd-marine-broth.mzML	2186	0	922.434387207031	1	24063.059999999998	0.0
278	input_spectra/bkgrnd-marine-broth.mzML	2187	0	756.358744303385	1	24114.0	0.0
277	input_spectra/bkgrnd-marine-broth.mzML	2188	0	756.358744303385	1	24153.36	0.0
278	input_spectra/bkgrnd-marine-broth.mzML	2189	0	756.358744303385	1	24164.88	0.0
278	input_spectra/bkgrnd-marine-broth.mzML	2190	0	756.358744303385	1	24215.760000000002	0.0
289	input_spectra/bkgrnd-marine-broth.mzML	2191	0	906.440307617188	1	24227.34	0.0
290	input_spectra/bkgrnd-marine-broth.mzML	2192	0	906.440307617188	1	24238.86	0.0
260	input_spectra/bkgrnd-marine-broth.mzML	2193	0	618.330220540365	1	24250.44	0.0
261	input_spectra/bkgrnd-marine-broth.mzML	2194	0	618.330220540365	1	24261.96	0.0
279	input_spectra/bkgrnd-marine-broth.mzML	2195	0	783.443644205729	1	24273.48	0.0
280	input_spectra/bkgrnd-marine-broth.mzML	2196	0	783.443644205729	1	24285.059999999998	0.0
279	input_spectra/bkgrnd-marine-broth.mzML	2197	0	783.443644205729	1	24324.42	0.0
280	input_spectra/bkgrnd-marine-broth.mzML	2198	0	783.443644205729	1	24335.94	0.0
260	input_spectra/bkgrnd-marine-broth.mzML	2199	0	618.330220540365	1	24347.519999999997	0.0
261	input_spectra/bkgrnd-marine-broth.mzML	2200	0	618.330220540365	1	24359.039999999997	0.0
299	input_spectra/bkgrnd-marine-broth.mzML	2201	0	1105.584289550781	1	24370.620000000003	0.0
283	input_spectra/bkgrnd-marine-broth.mzML	2202	0	811.401672363281	1	24405.3	0.0
260	input_spectra/bkgrnd-marine-broth.mzML	2203	0	618.330220540365	1	24444.66	0.0
261	input_spectra/bkgrnd-marine-broth.mzML	2204	0	618.330220540365	1	24456.18	0.0
279	input_spectra/bkgrnd-marine-broth.mzML	2205	0	783.443644205729	1	24467.76	0.0
280	input_spectra/bkgrnd-marine-broth.mzML	2206	0	783.443644205729	1	24479.28	0.0
299	input_spectra/bkgrnd-marine-broth.mzML	2207	0	1105.584289550781	1	24490.86	0.0
294	input_spectra/bkgrnd-marine-broth.mzML	2208	0	938.430145263672	1	24525.54	0.0
300	input_spectra/bkgrnd-marine-broth.mzML	2209	0	1106.570190429688	1	24564.96	0.0
242	input_spectra/bkgrnd-marine-broth.mzML	2210	0	584.30995686849	1	24622.68	0.0
205	input_spectra/bkgrnd-marine-broth.mzML	2211	0	488.240407307943	1	24685.2	0.0
205	input_spectra/bkgrnd-marine-broth.mzML	2212	0	488.240407307943	1	24696.72	0.0
257	input_spectra/bkgrnd-marine-broth.mzML	2213	0	615.315612792969	1	24708.239999999998	0.0
258	input_spectra/bkgrnd-marine-broth.mzML	2214	0	615.315612792969	1	24719.76	0.0
205	input_spectra/bkgrnd-marine-broth.mzML	2215	0	488.240407307943	1	24828.54	0.0
205	input_spectra/bkgrnd-marine-broth.mzML	2216	0	488.240407307943	1	24840.059999999998	0.0
177	input_spectra/bkgrnd-marine-broth.mzML	2217	0	430.233734130859	1	24851.579999999998	0.0
177	input_spectra/bkgrnd-marine-broth.mzML	2218	0	430.233734130859	1	24863.04	0.0
137	input_spectra/bkgrnd-marine-broth.mzML	2219	0	318.133056640625	1	24874.56	0.0
205	input_spectra/bkgrnd-marine-broth.mzML	2220	0	488.240407307943	1	24925.44	0.0
205	input_spectra/bkgrnd-marine-broth.mzML	2221	0	488.240407307943	1	24936.96	0.0
177	input_spectra/bkgrnd-marine-broth.mzML	2222	0	430.233734130859	1	24948.48	0.0
177	input_spectra/bkgrnd-marine-broth.mzML	2223	0	430.233734130859	1	24959.940000000002	0.0
243	input_spectra/bkgrnd-marine-broth.mzML	2224	0	584.30995686849	1	24999.36	0.0
242	input_spectra/bkgrnd-marine-broth.mzML	2225	0	584.30995686849	1	25010.88	0.0
177	input_spectra/bkgrnd-marine-broth.mzML	2226	0	430.233734130859	1	25022.4	0.0
177	input_spectra/bkgrnd-marine-broth.mzML	2227	0	430.233734130859	1	25033.86	0.0
195	input_spectra/bkgrnd-marine-broth.mzML	2228	0	460.244934082031	1	25045.38	0.0
195	input_spectra/bkgrnd-marine-broth.mzML	2229	0	460.244934082031	1	25056.9	0.0
243	input_spectra/bkgrnd-marine-broth.mzML	2230	0	584.30995686849	1	25096.260000000002	0.0
242	input_spectra/bkgrnd-marine-broth.mzML	2231	0	584.30995686849	1	25107.780000000002	0.0
302	input_spectra/bkgrnd-marine-broth.mzML	2232	0	1149.564208984375	1	25147.140000000003	0.0
301	input_spectra/bkgrnd-marine-broth.mzML	2233	0	1149.564208984375	1	25158.72	0.0
302	input_spectra/bkgrnd-marine-broth.mzML	2234	0	1149.564208984375	1	25198.08	0.0
301	input_spectra/bkgrnd-marine-broth.mzML	2235	0	1149.564208984375	1	25209.66	0.0
89	input_spectra/bkgrnd-marine-broth.mzML	2236	0	223.110382080078	1	25221.18	0.0
89	input_spectra/bkgrnd-marine-broth.mzML	2237	0	223.110382080078	1	25232.7	0.0
120	input_spectra/bkgrnd-marine-broth.mzML	2238	0	283.178985595703	1	25278.66	0.0
298	input_spectra/bkgrnd-marine-broth.mzML	2239	0	1064.546752929688	1	25352.58	0.0
176	input_spectra/bkgrnd-marine-broth.mzML	2240	0	428.254776000977	1	25364.16	0.0
176	input_spectra/bkgrnd-marine-broth.mzML	2241	0	428.254776000977	1	25375.68	0.0
303	input_spectra/bkgrnd-marine-broth.mzML	2242	0	1150.556030273438	1	25398.84	0.0
192	input_spectra/bkgrnd-marine-broth.mzML	2243	0	456.249816894531	1	25410.420000000002	0.0
192	input_spectra/bkgrnd-marine-broth.mzML	2244	0	456.249816894531	1	25421.940000000002	0.0
176	input_spectra/bkgrnd-marine-broth.mzML	2245	0	428.254776000977	1	25484.4	0.0
176	input_spectra/bkgrnd-marine-broth.mzML	2246	0	428.254776000977	1	25495.920000000002	0.0
231	input_spectra/bkgrnd-marine-broth.mzML	2247	0	557.298522949219	1	25518.96	0.0
297	input_spectra/bkgrnd-marine-broth.mzML	2248	0	1007.525634765625	1	25542.06	0.0
193	input_spectra/bkgrnd-marine-broth.mzML	2249	0	458.265899658203	1	25553.64	0.0
193	input_spectra/bkgrnd-marine-broth.mzML	2250	0	458.265899658203	1	25565.16	0.0
181	input_spectra/bkgrnd-marine-broth.mzML	2251	0	440.25493367513	1	25627.68	0.0
181	input_spectra/bkgrnd-marine-broth.mzML	2252	0	440.25493367513	1	25639.2	0.0
297	input_spectra/bkgrnd-marine-broth.mzML	2253	0	1007.525634765625	1	25662.36	0.0
215	input_spectra/bkgrnd-marine-broth.mzML	2254	0	522.224914550781	1	25673.94	0.0
215	input_spectra/bkgrnd-marine-broth.mzML	2255	0	522.224914550781	1	25685.46	0.0
193	input_spectra/bkgrnd-marine-broth.mzML	2256	0	458.265899658203	1	25696.92	0.0
194	input_spectra/bkgrnd-marine-broth.mzML	2257	0	458.265899658203	1	25708.44	0.0
181	input_spectra/bkgrnd-marine-broth.mzML	2258	0	440.25493367513	1	25747.859999999997	0.0
181	input_spectra/bkgrnd-marine-broth.mzML	2259	0	440.25493367513	1	25759.379999999997	0.0
250	input_spectra/bkgrnd-marine-broth.mzML	2260	0	612.341369628906	1	25770.899999999998	0.0
251	input_spectra/bkgrnd-marine-broth.mzML	2261	0	612.341369628906	1	25782.42	0.0
211	input_spectra/bkgrnd-marine-broth.mzML	2262	0	511.292541503906	1	25817.100000000002	0.0
211	input_spectra/bkgrnd-marine-broth.mzML	2263	0	511.292541503906	1	25828.56	0.0
215	input_spectra/bkgrnd-marine-broth.mzML	2264	0	522.224914550781	1	25840.08	0.0
215	input_spectra/bkgrnd-marine-broth.mzML	2265	0	522.224914550781	1	25851.600000000002	0.0
244	input_spectra/bkgrnd-marine-broth.mzML	2266	0	586.325286865234	1	25891.02	0.0
244	input_spectra/bkgrnd-marine-broth.mzML	2267	0	586.325286865234	1	25902.480000000003	0.0
151	input_spectra/bkgrnd-marine-broth.mzML	2268	0	344.231323242188	1	25914.0	0.0
151	input_spectra/bkgrnd-marine-broth.mzML	2269	0	344.231323242188	1	25925.52	0.0
181	input_spectra/bkgrnd-marine-broth.mzML	2270	0	440.25493367513	1	25937.04	0.0
181	input_spectra/bkgrnd-marine-broth.mzML	2271	0	440.25493367513	1	25948.56	0.0
211	input_spectra/bkgrnd-marine-broth.mzML	2272	0	511.292541503906	1	25960.019999999997	0.0
211	input_spectra/bkgrnd-marine-broth.mzML	2273	0	511.292541503906	1	25971.539999999997	0.0
81	input_spectra/bkgrnd-marine-broth.mzML	2274	0	205.099311828613	1	26033.94	0.0
82	input_spectra/bkgrnd-marine-broth.mzML	2275	0	205.099311828613	1	26045.399999999998	0.0
74	input_spectra/bkgrnd-marine-broth.mzML	2276	0	188.072463989258	1	26056.86	0.0
75	input_spectra/bkgrnd-marine-broth.mzML	2277	0	188.072463989258	1	26068.38	0.0
244	input_spectra/bkgrnd-marine-broth.mzML	2278	0	586.325286865234	1	26079.9	0.0
81	input_spectra/bkgrnd-marine-broth.mzML	2279	0	205.099311828613	1	26176.92	0.0
82	input_spectra/bkgrnd-marine-broth.mzML	2280	0	205.099311828613	1	26188.38	0.0
74	input_spectra/bkgrnd-marine-broth.mzML	2281	0	188.072463989258	1	26199.9	0.0
75	input_spectra/bkgrnd-marine-broth.mzML	2282	0	188.072463989258	1	26211.36	0.0
252	input_spectra/bkgrnd-marine-broth.mzML	2283	0	612.341369628906	1	26222.94	0.0
252	input_spectra/bkgrnd-marine-broth.mzML	2284	0	612.341369628906	1	26234.46	0.0
287	input_spectra/bkgrnd-marine-broth.mzML	2285	0	871.461029052734	1	26257.559999999998	0.0
113	input_spectra/bkgrnd-marine-broth.mzML	2286	0	263.141876220703	1	26269.079999999998	0.0
113	input_spectra/bkgrnd-marine-broth.mzML	2287	0	263.141876220703	1	26280.6	0.0
165	input_spectra/bkgrnd-marine-broth.mzML	2288	0	388.258239746094	1	26319.96	0.0
165	input_spectra/bkgrnd-marine-broth.mzML	2289	0	388.258239746094	1	26331.48	0.0
253	input_spectra/bkgrnd-marine-broth.mzML	2290	0	612.341369628906	1	26365.98	0.0
253	input_spectra/bkgrnd-marine-broth.mzML	2291	0	612.341369628906	1	26377.5	0.0
295	input_spectra/bkgrnd-marine-broth.mzML	2292	0	947.457214355469	1	26389.079999999998	0.0
296	input_spectra/bkgrnd-marine-broth.mzML	2293	0	947.457214355469	1	26400.66	0.0
254	input_spectra/bkgrnd-marine-broth.mzML	2294	0	614.357238769531	1	26463.120000000003	0.0
254	input_spectra/bkgrnd-marine-broth.mzML	2295	0	614.357238769531	1	26474.640000000003	0.0
165	input_spectra/bkgrnd-marine-broth.mzML	2296	0	388.258239746094	1	26486.16	0.0
296	input_spectra/bkgrnd-marine-broth.mzML	2297	0	947.457214355469	1	26520.84	0.0
164	input_spectra/bkgrnd-marine-broth.mzML	2298	0	385.249328613281	1	26532.36	0.0
164	input_spectra/bkgrnd-marine-broth.mzML	2299	0	385.249328613281	1	26543.88	0.0
179	input_spectra/bkgrnd-marine-broth.mzML	2300	0	432.285171508789	1	26606.22	0.0
179	input_spectra/bkgrnd-marine-broth.mzML	2301	0	432.285171508789	1	26617.74	0.0
272	input_spectra/bkgrnd-marine-broth.mzML	2302	0	743.401062011719	1	26629.260000000002	0.0
273	input_spectra/bkgrnd-marine-broth.mzML	2303	0	743.401062011719	1	26640.84	0.0
254	input_spectra/bkgrnd-marine-broth.mzML	2304	0	614.357238769531	1	26675.399999999998	0.0
254	input_spectra/bkgrnd-marine-broth.mzML	2305	0	614.357238769531	1	26686.92	0.0
171	input_spectra/bkgrnd-marine-broth.mzML	2306	0	415.257965087891	1	26698.44	0.0
179	input_spectra/bkgrnd-marine-broth.mzML	2307	0	432.285171508789	1	26749.32	0.0
179	input_spectra/bkgrnd-marine-broth.mzML	2308	0	432.285171508789	1	26760.78	0.0
200	input_spectra/bkgrnd-marine-broth.mzML	2309	0	476.311747233073	1	26795.34	0.0
200	input_spectra/bkgrnd-marine-broth.mzML	2310	0	476.311747233073	1	26806.86	0.0
38	input_spectra/bkgrnd-marine-broth.mzML	2311	0	146.061645507813	1	26829.84	0.0
305	input_spectra/bkgrnd-marine-broth.mzML	2312	0	1216.558837890625	1	26841.48	0.0
200	input_spectra/bkgrnd-marine-broth.mzML	2313	0	476.311747233073	1	26892.42	0.0
200	input_spectra/bkgrnd-marine-broth.mzML	2314	0	476.311747233073	1	26903.94	0.0
94	input_spectra/bkgrnd-marine-broth.mzML	2315	0	227.141393025716	1	26938.44	0.0
94	input_spectra/bkgrnd-marine-broth.mzML	2316	0	227.141393025716	1	26949.96	0.0
304	input_spectra/bkgrnd-marine-broth.mzML	2317	0	1200.565185546875	1	26961.600000000002	0.0
305	input_spectra/bkgrnd-marine-broth.mzML	2318	0	1216.558837890625	1	26984.7	0.0
214	input_spectra/bkgrnd-marine-broth.mzML	2319	0	520.338562011719	1	27035.64	0.0
214	input_spectra/bkgrnd-marine-broth.mzML	2320	0	520.338562011719	1	27047.16	0.0
200	input_spectra/bkgrnd-marine-broth.mzML	2321	0	476.311747233073	1	27058.68	0.0
200	input_spectra/bkgrnd-marine-broth.mzML	2322	0	476.311747233073	1	27070.2	0.0
94	input_spectra/bkgrnd-marine-broth.mzML	2323	0	227.141393025716	1	27081.72	0.0
94	input_spectra/bkgrnd-marine-broth.mzML	2324	0	227.141393025716	1	27093.18	0.0
217	input_spectra/bkgrnd-marine-broth.mzML	2325	0	525.293518066406	1	27116.22	0.0
304	input_spectra/bkgrnd-marine-broth.mzML	2326	0	1200.565185546875	1	27127.859999999997	0.0
214	input_spectra/bkgrnd-marine-broth.mzML	2327	0	520.338562011719	1	27178.800000000003	0.0
214	input_spectra/bkgrnd-marine-broth.mzML	2328	0	520.338562011719	1	27190.32	0.0
234	input_spectra/bkgrnd-marine-broth.mzML	2329	0	564.364949544271	1	27224.88	0.0
234	input_spectra/bkgrnd-marine-broth.mzML	2330	0	564.364949544271	1	27236.4	0.0
93	input_spectra/bkgrnd-marine-broth.mzML	2331	0	227.141393025716	1	27247.920000000002	0.0
94	input_spectra/bkgrnd-marine-broth.mzML	2332	0	227.141393025716	1	27259.379999999997	0.0
235	input_spectra/bkgrnd-marine-broth.mzML	2333	0	569.3232421875	1	27282.480000000003	0.0
234	input_spectra/bkgrnd-marine-broth.mzML	2334	0	564.364949544271	1	27321.84	0.0
234	input_spectra/bkgrnd-marine-broth.mzML	2335	0	564.364949544271	1	27333.36	0.0
236	input_spectra/bkgrnd-marine-broth.mzML	2336	0	569.3232421875	1	27356.34	0.0
214	input_spectra/bkgrnd-marine-broth.mzML	2337	0	520.338562011719	1	27390.899999999998	0.0
214	input_spectra/bkgrnd-marine-broth.mzML	2338	0	520.338562011719	1	27402.42	0.0
248	input_spectra/bkgrnd-marine-broth.mzML	2339	0	608.391581217448	1	27413.94	0.0
248	input_spectra/bkgrnd-marine-broth.mzML	2340	0	608.391581217448	1	27425.46	0.0
248	input_spectra/bkgrnd-marine-broth.mzML	2341	0	608.391581217448	1	27464.82	0.0
248	input_spectra/bkgrnd-marine-broth.mzML	2342	0	608.391581217448	1	27476.34	0.0
112	input_spectra/bkgrnd-marine-broth.mzML	2343	0	261.126291910807	1	27487.859999999997	0.0
112	input_spectra/bkgrnd-marine-broth.mzML	2344	0	261.126291910807	1	27499.379999999997	0.0
234	input_spectra/bkgrnd-marine-broth.mzML	2345	0	564.364949544271	1	27533.94	0.0
234	input_spectra/bkgrnd-marine-broth.mzML	2346	0	564.364949544271	1	27545.46	0.0
172	input_spectra/bkgrnd-marine-broth.mzML	2347	0	419.233673095703	1	27556.98	0.0
172	input_spectra/bkgrnd-marine-broth.mzML	2348	0	419.233673095703	1	27568.5	0.0
248	input_spectra/bkgrnd-marine-broth.mzML	2349	0	608.391581217448	1	27607.859999999997	0.0
248	input_spectra/bkgrnd-marine-broth.mzML	2350	0	608.391581217448	1	27619.379999999997	0.0
4	input_spectra/bkgrnd-marine-broth.mzML	2351	0	117.074203491211	1	27653.94	0.0
4	input_spectra/bkgrnd-marine-broth.mzML	2352	0	117.074203491211	1	27665.399999999998	0.0
268	input_spectra/bkgrnd-marine-broth.mzML	2353	0	696.444763183594	1	27750.899999999998	0.0
268	input_spectra/bkgrnd-marine-broth.mzML	2354	0	696.444763183594	1	27762.42	0.0
262	input_spectra/bkgrnd-marine-broth.mzML	2355	0	652.41796875	1	27773.94	0.0
262	input_spectra/bkgrnd-marine-broth.mzML	2356	0	652.41796875	1	27785.46	0.0
4	input_spectra/bkgrnd-marine-broth.mzML	2357	0	117.074203491211	1	27796.98	0.0
4	input_spectra/bkgrnd-marine-broth.mzML	2358	0	117.074203491211	1	27808.44	0.0
71	input_spectra/bkgrnd-marine-broth.mzML	2359	0	183.09358215332	1	27831.420000000002	0.0
271	input_spectra/bkgrnd-marine-broth.mzML	2360	0	740.471008300781	1	27893.88	0.0
271	input_spectra/bkgrnd-marine-broth.mzML	2361	0	740.471008300781	1	27905.399999999998	0.0
4	input_spectra/bkgrnd-marine-broth.mzML	2362	0	117.074203491211	1	27916.98	0.0
4	input_spectra/bkgrnd-marine-broth.mzML	2363	0	117.074203491211	1	27928.44	0.0
268	input_spectra/bkgrnd-marine-broth.mzML	2364	0	696.444763183594	1	27940.019999999997	0.0
105	input_spectra/bkgrnd-marine-broth.mzML	2365	0	243.13648223877	1	27963.059999999998	0.0
111	input_spectra/bkgrnd-marine-broth.mzML	2366	0	261.126291910807	1	28013.94	0.0
105	input_spectra/bkgrnd-marine-broth.mzML	2367	0	243.13648223877	1	28036.92	0.0
281	input_spectra/bkgrnd-marine-broth.mzML	2368	0	784.497497558594	1	28059.96	0.0
85	input_spectra/bkgrnd-marine-broth.mzML	2369	0	211.146428426107	1	28315.26	0.0
85	input_spectra/bkgrnd-marine-broth.mzML	2370	0	211.146428426107	1	28326.78	0.0
85	input_spectra/bkgrnd-marine-broth.mzML	2371	0	211.146428426107	1	28366.14	0.0
85	input_spectra/bkgrnd-marine-broth.mzML	2372	0	211.146428426107	1	28377.6	0.0
85	input_spectra/bkgrnd-marine-broth.mzML	2373	0	211.146428426107	1	28417.02	0.0
85	input_spectra/bkgrnd-marine-broth.mzML	2374	0	211.146428426107	1	28428.48	0.0
106	input_spectra/bkgrnd-marine-broth.mzML	2375	0	245.130767822266	1	28876.68	0.0
106	input_spectra/bkgrnd-marine-broth.mzML	2376	0	245.130767822266	1	28888.14	0.0
139	input_spectra/bkgrnd-marine-broth.mzML	2377	0	328.273207122204	1	32234.280000000002	0.0
138	input_spectra/bkgrnd-marine-broth.mzML	2378	0	328.273207122204	1	32245.739999999998	0.0
138	input_spectra/bkgrnd-marine-broth.mzML	2379	0	328.273207122204	1	32465.52	0.0
139	input_spectra/bkgrnd-marine-broth.mzML	2380	0	328.273207122204	1	32476.98	0.0
145	input_spectra/bkgrnd-marine-broth.mzML	2381	0	328.273207122204	1	32528.399999999998	0.0
142	input_spectra/bkgrnd-marine-broth.mzML	2382	0	328.273207122204	1	32539.92	0.0
118	input_spectra/bkgrnd-marine-broth.mzML	2383	0	274.277679443359	1	32551.38	0.0
118	input_spectra/bkgrnd-marine-broth.mzML	2384	0	274.277679443359	1	32602.26	0.0
118	input_spectra/bkgrnd-marine-broth.mzML	2385	0	274.277679443359	1	32613.72	0.0
118	input_spectra/bkgrnd-marine-broth.mzML	2386	0	274.277679443359	1	32653.079999999998	0.0
197	input_spectra/bkgrnd-marine-broth.mzML	2387	0	466.323577880859	1	32958.78	0.0
196	input_spectra/bkgrnd-marine-broth.mzML	2388	0	466.323577880859	1	33021.18	0.0
197	input_spectra/bkgrnd-marine-broth.mzML	2389	0	466.323577880859	1	33032.64	0.0
226	input_spectra/bkgrnd-marine-broth.mzML	2390	0	534.361673990885	1	33044.159999999996	0.0
226	input_spectra/bkgrnd-marine-broth.mzML	2391	0	534.361673990885	1	33055.68	0.0
226	input_spectra/bkgrnd-marine-broth.mzML	2392	0	534.361673990885	1	33164.1	0.0
226	input_spectra/bkgrnd-marine-broth.mzML	2393	0	534.361673990885	1	33175.62	0.0
292	input_spectra/bkgrnd-marine-broth.mzML	2394	0	931.638000488281	1	33210.24	0.0
226	input_spectra/bkgrnd-marine-broth.mzML	2395	0	534.361673990885	1	33261.18	0.0
226	input_spectra/bkgrnd-marine-broth.mzML	2396	0	534.361673990885	1	33272.7	0.0
145	input_spectra/bkgrnd-marine-broth.mzML	2397	0	328.273207122204	1	33611.64	0.0
145	input_spectra/bkgrnd-marine-broth.mzML	2398	0	328.273207122204	1	33623.159999999996	0.0
139	input_spectra/bkgrnd-marine-broth.mzML	2399	0	328.273207122204	1	33662.46000000001	0.0
142	input_spectra/bkgrnd-marine-broth.mzML	2400	0	328.273207122204	1	33673.979999999996	0.0
141	input_spectra/bkgrnd-marine-broth.mzML	2401	0	328.273207122204	1	33713.340000000004	0.0
145	input_spectra/bkgrnd-marine-broth.mzML	2402	0	328.273207122204	1	33724.86	0.0
97	input_spectra/bkgrnd-marine-broth.mzML	2403	0	230.25151570638	1	34557.840000000004	0.0
97	input_spectra/bkgrnd-marine-broth.mzML	2404	0	230.25151570638	1	34569.299999999996	0.0
97	input_spectra/bkgrnd-marine-broth.mzML	2405	0	230.25151570638	1	34608.72	0.0
97	input_spectra/bkgrnd-marine-broth.mzML	2406	0	230.25151570638	1	34620.18	0.0
97	input_spectra/bkgrnd-marine-broth.mzML	2407	0	230.25151570638	1	34659.54	0.0
97	input_spectra/bkgrnd-marine-broth.mzML	2408	0	230.25151570638	1	34671.06	0.0
145	input_spectra/bkgrnd-marine-broth.mzML	2409	0	328.273207122204	1	34746.479999999996	0.0
140	input_spectra/bkgrnd-marine-broth.mzML	2410	0	328.273207122204	1	34757.94	0.0
138	input_spectra/bkgrnd-marine-broth.mzML	2411	0	328.273207122204	1	34797.36	0.0
141	input_spectra/bkgrnd-marine-broth.mzML	2412	0	328.273207122204	1	34808.82	0.0
138	input_spectra/bkgrnd-marine-broth.mzML	2413	0	328.273207122204	1	34848.18	0.0
140	input_spectra/bkgrnd-marine-broth.mzML	2414	0	328.273207122204	1	34859.7	0.0
223	input_spectra/bkgrnd-marine-broth.mzML	2415	0	533.332600911458	1	35680.62	0.0
223	input_spectra/bkgrnd-marine-broth.mzML	2416	0	533.332600911458	1	35731.56	0.0
223	input_spectra/bkgrnd-marine-broth.mzML	2417	0	533.332600911458	1	35805.36	0.0
209	input_spectra/bkgrnd-marine-broth.mzML	2418	0	498.295522054036	1	35828.4	0.0
209	input_spectra/bkgrnd-marine-broth.mzML	2419	0	498.295522054036	1	35879.280000000006	0.0
140	input_spectra/bkgrnd-marine-broth.mzML	2420	0	328.273207122204	1	35941.68	0.0
139	input_spectra/bkgrnd-marine-broth.mzML	2421	0	328.273207122204	1	35980.979999999996	0.0
143	input_spectra/bkgrnd-marine-broth.mzML	2422	0	328.273207122204	1	35992.5	0.0
139	input_spectra/bkgrnd-marine-broth.mzML	2423	0	328.273207122204	1	36031.86	0.0
143	input_spectra/bkgrnd-marine-broth.mzML	2424	0	328.273207122204	1	36043.32	0.0
162	input_spectra/bkgrnd-marine-broth.mzML	2425	0	373.279357910156	1	36974.76	0.0
155	input_spectra/bkgrnd-marine-broth.mzML	2426	0	355.268636067708	1	37020.719999999994	0.0
162	input_spectra/bkgrnd-marine-broth.mzML	2427	0	373.279357910156	1	37071.6	0.0
284	input_spectra/bkgrnd-marine-broth.mzML	2428	0	817.595153808594	1	37106.22	0.0
284	input_spectra/bkgrnd-marine-broth.mzML	2429	0	817.595153808594	1	37117.74	0.0
201	input_spectra/bkgrnd-marine-broth.mzML	2430	0	477.339263916016	1	37152.3	0.0
201	input_spectra/bkgrnd-marine-broth.mzML	2431	0	477.339263916016	1	37163.82	0.0
139	input_spectra/bkgrnd-marine-broth.mzML	2432	0	328.273207122204	1	37203.18	0.0
143	input_spectra/bkgrnd-marine-broth.mzML	2433	0	328.273207122204	1	37214.7	0.0
138	input_spectra/bkgrnd-marine-broth.mzML	2434	0	328.273207122204	1	37300.08	0.0
143	input_spectra/bkgrnd-marine-broth.mzML	2435	0	328.273207122204	1	37311.54	0.0
142	input_spectra/bkgrnd-marine-broth.mzML	2436	0	328.273207122204	1	37350.9	0.0
141	input_spectra/bkgrnd-marine-broth.mzML	2437	0	328.273207122204	1	37362.42	0.0
109	input_spectra/bkgrnd-marine-broth.mzML	2438	0	258.283406575521	1	38353.44	0.0
109	input_spectra/bkgrnd-marine-broth.mzML	2439	0	258.283406575521	1	38364.899999999994	0.0
139	input_spectra/bkgrnd-marine-broth.mzML	2440	0	328.273207122204	1	38404.26	0.0
145	input_spectra/bkgrnd-marine-broth.mzML	2441	0	328.273207122204	1	38415.78	0.0
109	input_spectra/bkgrnd-marine-broth.mzML	2442	0	258.283406575521	1	38450.28	0.0
109	input_spectra/bkgrnd-marine-broth.mzML	2443	0	258.283406575521	1	38461.799999999996	0.0
144	input_spectra/bkgrnd-marine-broth.mzML	2444	0	328.273207122204	1	38501.16	0.0
141	input_spectra/bkgrnd-marine-broth.mzML	2445	0	328.273207122204	1	38512.68	0.0
109	input_spectra/bkgrnd-marine-broth.mzML	2446	0	258.283406575521	1	38524.14	0.0
109	input_spectra/bkgrnd-marine-broth.mzML	2447	0	258.283406575521	1	38535.6	0.0
140	input_spectra/bkgrnd-marine-broth.mzML	2448	0	328.273207122204	1	38575.020000000004	0.0
141	input_spectra/bkgrnd-marine-broth.mzML	2449	0	328.273207122204	1	38586.479999999996	0.0
132	input_spectra/bkgrnd-marine-broth.mzML	2450	0	304.304504394531	1	38962.56	0.0
132	input_spectra/bkgrnd-marine-broth.mzML	2451	0	304.304504394531	1	38974.020000000004	0.0
132	input_spectra/bkgrnd-marine-broth.mzML	2452	0	304.304504394531	1	39013.38	0.0
132	input_spectra/bkgrnd-marine-broth.mzML	2453	0	304.304504394531	1	39024.84	0.0
132	input_spectra/bkgrnd-marine-broth.mzML	2454	0	304.304504394531	1	39064.200000000004	0.0
132	input_spectra/bkgrnd-marine-broth.mzML	2455	0	304.304504394531	1	39075.719999999994	0.0
138	input_spectra/bkgrnd-marine-broth.mzML	2456	0	328.273207122204	1	39608.1	0.0
141	input_spectra/bkgrnd-marine-broth.mzML	2457	0	328.273207122204	1	39619.56	0.0
144	input_spectra/bkgrnd-marine-broth.mzML	2458	0	328.273207122204	1	39658.92	0.0
145	input_spectra/bkgrnd-marine-broth.mzML	2459	0	328.273207122204	1	39670.44	0.0
141	input_spectra/bkgrnd-marine-broth.mzML	2460	0	328.273207122204	1	39709.8	0.0
145	input_spectra/bkgrnd-marine-broth.mzML	2461	0	328.273207122204	1	39721.32	0.0
144	input_spectra/bkgrnd-marine-broth.mzML	2462	0	328.273207122204	1	40746.659999999996	0.0
143	input_spectra/bkgrnd-marine-broth.mzML	2463	0	328.273207122204	1	40758.18	0.0
145	input_spectra/bkgrnd-marine-broth.mzML	2464	0	328.273207122204	1	40797.479999999996	0.0
145	input_spectra/bkgrnd-marine-broth.mzML	2465	0	328.273207122204	1	40809.0	0.0
138	input_spectra/bkgrnd-marine-broth.mzML	2466	0	328.273207122204	1	40848.36	0.0
143	input_spectra/bkgrnd-marine-broth.mzML	2467	0	328.273207122204	1	40859.82	0.0
145	input_spectra/bkgrnd-marine-broth.mzML	2468	0	328.273207122204	1	41885.28	0.0
143	input_spectra/bkgrnd-marine-broth.mzML	2469	0	328.273207122204	1	41896.74	0.0
144	input_spectra/bkgrnd-marine-broth.mzML	2470	0	328.273207122204	1	41936.1	0.0
141	input_spectra/bkgrnd-marine-broth.mzML	2471	0	328.273207122204	1	41947.619999999995	0.0
145	input_spectra/bkgrnd-marine-broth.mzML	2472	0	328.273207122204	1	41986.98	0.0
141	input_spectra/bkgrnd-marine-broth.mzML	2473	0	328.273207122204	1	41998.44	0.0
144	input_spectra/bkgrnd-marine-broth.mzML	2474	0	328.273207122204	1	43023.84	0.0
143	input_spectra/bkgrnd-marine-broth.mzML	2475	0	328.273207122204	1	43035.3	0.0
144	input_spectra/bkgrnd-marine-broth.mzML	2476	0	328.273207122204	1	43074.72	0.0
145	input_spectra/bkgrnd-marine-broth.mzML	2477	0	328.273207122204	1	43086.18	0.0
144	input_spectra/bkgrnd-marine-broth.mzML	2478	0	328.273207122204	1	43125.54	0.0
149	input_spectra/bkgrnd-marine-broth.mzML	2479	0	332.336435953776	1	43176.42	0.0
149	input_spectra/bkgrnd-marine-broth.mzML	2480	0	332.336435953776	1	43187.94	0.0
149	input_spectra/bkgrnd-marine-broth.mzML	2481	0	332.336435953776	1	43227.3	0.0
149	input_spectra/bkgrnd-marine-broth.mzML	2482	0	332.336435953776	1	43238.759999999995	0.0
149	input_spectra/bkgrnd-marine-broth.mzML	2483	0	332.336435953776	1	43278.12	0.0
149	input_spectra/bkgrnd-marine-broth.mzML	2484	0	332.336435953776	1	43289.64	0.0
203	input_spectra/bkgrnd-marine-broth.mzML	2485	0	483.256673177083	1	43635.18	0.0
203	input_spectra/bkgrnd-marine-broth.mzML	2486	0	483.256673177083	1	43646.700000000004	0.0
203	input_spectra/bkgrnd-marine-broth.mzML	2487	0	483.256673177083	1	43686.06	0.0
203	input_spectra/bkgrnd-marine-broth.mzML	2488	0	483.256673177083	1	43697.520000000004	0.0
203	input_spectra/bkgrnd-marine-broth.mzML	2489	0	483.256673177083	1	43759.92	0.0
203	input_spectra/bkgrnd-marine-broth.mzML	2490	0	483.256673177083	1	43771.44	0.0
183	input_spectra/bkgrnd-marine-broth.mzML	2491	0	440.416982014974	1	43955.100000000006	0.0
184	input_spectra/bkgrnd-marine-broth.mzML	2492	0	440.416982014974	1	43966.62	0.0
183	input_spectra/bkgrnd-marine-broth.mzML	2493	0	440.416982014974	1	44005.92	0.0
184	input_spectra/bkgrnd-marine-broth.mzML	2494	0	440.416982014974	1	44017.44	0.0
183	input_spectra/bkgrnd-marine-broth.mzML	2495	0	440.416982014974	1	44056.799999999996	0.0
184	input_spectra/bkgrnd-marine-broth.mzML	2496	0	440.416982014974	1	44068.32	0.0
186	input_spectra/bkgrnd-marine-broth.mzML	2497	0	444.304077148438	1	44143.740000000005	0.0
186	input_spectra/bkgrnd-marine-broth.mzML	2498	0	444.304077148438	1	44155.26	0.0
144	input_spectra/bkgrnd-marine-broth.mzML	2499	0	328.273207122204	1	44194.62	0.0
141	input_spectra/bkgrnd-marine-broth.mzML	2500	0	328.273207122204	1	44206.14	0.0
186	input_spectra/bkgrnd-marine-broth.mzML	2501	0	444.304077148438	1	44217.66	0.0
186	input_spectra/bkgrnd-marine-broth.mzML	2502	0	444.304077148438	1	44229.18	0.0
144	input_spectra/bkgrnd-marine-broth.mzML	2503	0	328.273207122204	1	44268.479999999996	0.0
143	input_spectra/bkgrnd-marine-broth.mzML	2504	0	328.273207122204	1	44280.0	0.0
143	input_spectra/bkgrnd-marine-broth.mzML	2505	0	328.273207122204	1	44319.36	0.0
141	input_spectra/bkgrnd-marine-broth.mzML	2506	0	328.273207122204	1	44330.82	0.0
144	input_spectra/bkgrnd-marine-broth.mzML	2507	0	328.273207122204	1	45368.219999999994	0.0
143	input_spectra/bkgrnd-marine-broth.mzML	2508	0	328.273207122204	1	45379.74	0.0
144	input_spectra/bkgrnd-marine-broth.mzML	2509	0	328.273207122204	1	45419.1	0.0
145	input_spectra/bkgrnd-marine-broth.mzML	2510	0	328.273207122204	1	45430.62	0.0
144	input_spectra/bkgrnd-marine-broth.mzML	2511	0	328.273207122204	1	45469.979999999996	0.0
145	input_spectra/bkgrnd-marine-broth.mzML	2512	0	328.273207122204	1	45481.5	0.0
124	input_spectra/bkgrnd-marine-broth.mzML	2513	0	286.223715888129	1	45713.219999999994	0.0
124	input_spectra/bkgrnd-marine-broth.mzML	2514	0	286.223715888129	1	45724.74	0.0
124	input_spectra/bkgrnd-marine-broth.mzML	2515	0	286.223715888129	1	46076.700000000004	0.0
125	input_spectra/bkgrnd-marine-broth.mzML	2516	0	286.223715888129	1	46088.219999999994	0.0
126	input_spectra/bkgrnd-marine-broth.mzML	2517	0	286.223715888129	1	46380.06	0.0
126	input_spectra/bkgrnd-marine-broth.mzML	2518	0	286.223715888129	1	46391.58	0.0
144	input_spectra/bkgrnd-marine-broth.mzML	2519	0	328.273207122204	1	46503.060000000005	0.0
143	input_spectra/bkgrnd-marine-broth.mzML	2520	0	328.273207122204	1	46514.58	0.0
144	input_spectra/bkgrnd-marine-broth.mzML	2521	0	328.273207122204	1	46553.94	0.0
145	input_spectra/bkgrnd-marine-broth.mzML	2522	0	328.273207122204	1	46565.4	0.0
144	input_spectra/bkgrnd-marine-broth.mzML	2523	0	328.273207122204	1	46604.82	0.0
143	input_spectra/bkgrnd-marine-broth.mzML	2524	0	328.273207122204	1	46616.28	0.0
265	input_spectra/bkgrnd-marine-broth.mzML	2525	0	660.498321533203	1	46920.18	0.0
265	input_spectra/bkgrnd-marine-broth.mzML	2526	0	660.498321533203	1	46931.700000000004	0.0
265	input_spectra/bkgrnd-marine-broth.mzML	2527	0	660.498321533203	1	46971.119999999995	0.0
265	input_spectra/bkgrnd-marine-broth.mzML	2528	0	660.498321533203	1	46982.64	0.0
259	input_spectra/bkgrnd-marine-broth.mzML	2529	0	616.471638997396	1	47094.12	0.0
259	input_spectra/bkgrnd-marine-broth.mzML	2530	0	616.471638997396	1	47105.64	0.0
259	input_spectra/bkgrnd-marine-broth.mzML	2531	0	616.471638997396	1	47145.0	0.0
259	input_spectra/bkgrnd-marine-broth.mzML	2532	0	616.471638997396	1	47156.520000000004	0.0
259	input_spectra/bkgrnd-marine-broth.mzML	2533	0	616.471638997396	1	47195.88	0.0
259	input_spectra/bkgrnd-marine-broth.mzML	2534	0	616.471638997396	1	47207.399999999994	0.0
240	input_spectra/bkgrnd-marine-broth.mzML	2535	0	572.445821126302	1	47391.06	0.0
240	input_spectra/bkgrnd-marine-broth.mzML	2536	0	572.445821126302	1	47402.58	0.0
240	input_spectra/bkgrnd-marine-broth.mzML	2537	0	572.445821126302	1	47441.939999999995	0.0
240	input_spectra/bkgrnd-marine-broth.mzML	2538	0	572.445821126302	1	47453.46	0.0
240	input_spectra/bkgrnd-marine-broth.mzML	2539	0	572.445821126302	1	47492.82	0.0
240	input_spectra/bkgrnd-marine-broth.mzML	2540	0	572.445821126302	1	47504.340000000004	0.0
124	input_spectra/bkgrnd-marine-broth.mzML	2541	0	286.223715888129	1	47543.7	0.0
125	input_spectra/bkgrnd-marine-broth.mzML	2542	0	286.223715888129	1	47555.22	0.0
125	input_spectra/bkgrnd-marine-broth.mzML	2543	0	286.223715888129	1	47594.58	0.0
126	input_spectra/bkgrnd-marine-broth.mzML	2544	0	286.223715888129	1	47606.1	0.0
144	input_spectra/bkgrnd-marine-broth.mzML	2545	0	328.273207122204	1	47645.46	0.0
141	input_spectra/bkgrnd-marine-broth.mzML	2546	0	328.273207122204	1	47656.920000000006	0.0
124	input_spectra/bkgrnd-marine-broth.mzML	2547	0	286.223715888129	1	47668.44	0.0
124	input_spectra/bkgrnd-marine-broth.mzML	2548	0	286.223715888129	1	47679.899999999994	0.0
144	input_spectra/bkgrnd-marine-broth.mzML	2549	0	328.273207122204	1	47719.26	0.0
143	input_spectra/bkgrnd-marine-broth.mzML	2550	0	328.273207122204	1	47730.719999999994	0.0
221	input_spectra/bkgrnd-marine-broth.mzML	2551	0	528.418233235677	1	47742.24	0.0
221	input_spectra/bkgrnd-marine-broth.mzML	2552	0	528.418233235677	1	47753.759999999995	0.0
144	input_spectra/bkgrnd-marine-broth.mzML	2553	0	328.273207122204	1	47793.12	0.0
143	input_spectra/bkgrnd-marine-broth.mzML	2554	0	328.273207122204	1	47804.64	0.0
221	input_spectra/bkgrnd-marine-broth.mzML	2555	0	528.418233235677	1	47816.16	0.0
221	input_spectra/bkgrnd-marine-broth.mzML	2556	0	528.418233235677	1	47827.68	0.0
221	input_spectra/bkgrnd-marine-broth.mzML	2557	0	528.418233235677	1	47867.04	0.0
221	input_spectra/bkgrnd-marine-broth.mzML	2558	0	528.418233235677	1	47878.56	0.0
224	input_spectra/bkgrnd-marine-broth.mzML	2559	0	533.373738606771	1	48019.68	0.0
225	input_spectra/bkgrnd-marine-broth.mzML	2560	0	533.373738606771	1	48031.2	0.0
204	input_spectra/bkgrnd-marine-broth.mzML	2561	0	484.391591389974	1	48070.560000000005	0.0
204	input_spectra/bkgrnd-marine-broth.mzML	2562	0	484.391591389974	1	48082.08	0.0
204	input_spectra/bkgrnd-marine-broth.mzML	2563	0	484.391591389974	1	48121.44	0.0
204	input_spectra/bkgrnd-marine-broth.mzML	2564	0	484.391591389974	1	48132.9	0.0
204	input_spectra/bkgrnd-marine-broth.mzML	2565	0	484.391591389974	1	48172.32	0.0
204	input_spectra/bkgrnd-marine-broth.mzML	2566	0	484.391591389974	1	48183.78	0.0
227	input_spectra/bkgrnd-marine-broth.mzML	2567	0	535.402770996094	1	48375.78	0.0
227	input_spectra/bkgrnd-marine-broth.mzML	2568	0	535.402770996094	1	48387.3	0.0
227	input_spectra/bkgrnd-marine-broth.mzML	2569	0	535.402770996094	1	48426.659999999996	0.0
227	input_spectra/bkgrnd-marine-broth.mzML	2570	0	535.402770996094	1	48438.18	0.0
182	input_spectra/bkgrnd-marine-broth.mzML	2571	0	440.364939371745	1	48477.53999999999	0.0
182	input_spectra/bkgrnd-marine-broth.mzML	2572	0	440.364939371745	1	48528.42	0.0
182	input_spectra/bkgrnd-marine-broth.mzML	2573	0	440.364939371745	1	48539.94	0.0
182	input_spectra/bkgrnd-marine-broth.mzML	2574	0	440.364939371745	1	48602.28	0.0
182	input_spectra/bkgrnd-marine-broth.mzML	2575	0	440.364939371745	1	48613.8	0.0
206	input_spectra/bkgrnd-marine-broth.mzML	2576	0	491.376139322917	1	48648.36	0.0
206	input_spectra/bkgrnd-marine-broth.mzML	2577	0	491.376139322917	1	48659.82	0.0
206	input_spectra/bkgrnd-marine-broth.mzML	2578	0	491.376139322917	1	48722.28	0.0
206	input_spectra/bkgrnd-marine-broth.mzML	2579	0	491.376139322917	1	48733.740000000005	0.0
173	input_spectra/bkgrnd-marine-broth.mzML	2580	0	423.338185628255	1	48745.26	0.0
173	input_spectra/bkgrnd-marine-broth.mzML	2581	0	423.338185628255	1	48756.780000000006	0.0
124	input_spectra/bkgrnd-marine-broth.mzML	2582	0	286.223715888129	1	48768.24	0.0
124	input_spectra/bkgrnd-marine-broth.mzML	2583	0	286.223715888129	1	48779.76	0.0
144	input_spectra/bkgrnd-marine-broth.mzML	2584	0	328.273207122204	1	48819.12	0.0
143	input_spectra/bkgrnd-marine-broth.mzML	2585	0	328.273207122204	1	48830.64	0.0
206	input_spectra/bkgrnd-marine-broth.mzML	2586	0	491.376139322917	1	48842.159999999996	0.0
206	input_spectra/bkgrnd-marine-broth.mzML	2587	0	491.376139322917	1	48853.68	0.0
173	input_spectra/bkgrnd-marine-broth.mzML	2588	0	423.338185628255	1	48865.14	0.0
173	input_spectra/bkgrnd-marine-broth.mzML	2589	0	423.338185628255	1	48876.659999999996	0.0
126	input_spectra/bkgrnd-marine-broth.mzML	2590	0	286.223715888129	1	48888.18	0.0
125	input_spectra/bkgrnd-marine-broth.mzML	2591	0	286.223715888129	1	48899.64	0.0
144	input_spectra/bkgrnd-marine-broth.mzML	2592	0	328.273207122204	1	48939.0	0.0
143	input_spectra/bkgrnd-marine-broth.mzML	2593	0	328.273207122204	1	48950.52	0.0
167	input_spectra/bkgrnd-marine-broth.mzML	2594	0	396.338185628255	1	48985.020000000004	0.0
167	input_spectra/bkgrnd-marine-broth.mzML	2595	0	396.338185628255	1	48996.54	0.0
173	input_spectra/bkgrnd-marine-broth.mzML	2596	0	423.338185628255	1	49008.0	0.0
173	input_spectra/bkgrnd-marine-broth.mzML	2597	0	423.338185628255	1	49019.52	0.0
126	input_spectra/bkgrnd-marine-broth.mzML	2598	0	286.223715888129	1	49031.04	0.0
125	input_spectra/bkgrnd-marine-broth.mzML	2599	0	286.223715888129	1	49042.5	0.0
144	input_spectra/bkgrnd-marine-broth.mzML	2600	0	328.273207122204	1	49081.920000000006	0.0
143	input_spectra/bkgrnd-marine-broth.mzML	2601	0	328.273207122204	1	49093.38	0.0
167	input_spectra/bkgrnd-marine-broth.mzML	2602	0	396.338185628255	1	49127.88	0.0
167	input_spectra/bkgrnd-marine-broth.mzML	2603	0	396.338185628255	1	49139.4	0.0
189	input_spectra/bkgrnd-marine-broth.mzML	2604	0	447.349294026693	1	49162.380000000005	0.0
163	input_spectra/bkgrnd-marine-broth.mzML	2605	0	379.310892740885	1	49173.9	0.0
163	input_spectra/bkgrnd-marine-broth.mzML	2606	0	379.310892740885	1	49185.42	0.0
168	input_spectra/bkgrnd-marine-broth.mzML	2607	0	401.293874104818	1	49224.78	0.0
167	input_spectra/bkgrnd-marine-broth.mzML	2608	0	396.338185628255	1	49247.76	0.0
167	input_spectra/bkgrnd-marine-broth.mzML	2609	0	396.338185628255	1	49259.280000000006	0.0
189	input_spectra/bkgrnd-marine-broth.mzML	2610	0	447.349294026693	1	49270.799999999996	0.0
163	input_spectra/bkgrnd-marine-broth.mzML	2611	0	379.310892740885	1	49293.78	0.0
163	input_spectra/bkgrnd-marine-broth.mzML	2612	0	379.310892740885	1	49305.3	0.0
189	input_spectra/bkgrnd-marine-broth.mzML	2613	0	447.349294026693	1	49344.659999999996	0.0
163	input_spectra/bkgrnd-marine-broth.mzML	2614	0	379.310892740885	1	49367.7	0.0
163	input_spectra/bkgrnd-marine-broth.mzML	2615	0	379.310892740885	1	49379.159999999996	0.0
154	input_spectra/bkgrnd-marine-broth.mzML	2616	0	352.311096191406	1	49516.44	0.0
154	input_spectra/bkgrnd-marine-broth.mzML	2617	0	352.311096191406	1	49527.96	0.0
150	input_spectra/bkgrnd-marine-broth.mzML	2618	0	335.284332275391	1	49562.46000000001	0.0
150	input_spectra/bkgrnd-marine-broth.mzML	2619	0	335.284332275391	1	49573.92	0.0
154	input_spectra/bkgrnd-marine-broth.mzML	2620	0	352.311096191406	1	49636.259999999995	0.0
154	input_spectra/bkgrnd-marine-broth.mzML	2621	0	352.311096191406	1	49647.78	0.0
150	input_spectra/bkgrnd-marine-broth.mzML	2622	0	335.284332275391	1	49682.28	0.0
150	input_spectra/bkgrnd-marine-broth.mzML	2623	0	335.284332275391	1	49693.8	0.0
154	input_spectra/bkgrnd-marine-broth.mzML	2624	0	352.311096191406	1	49733.159999999996	0.0
154	input_spectra/bkgrnd-marine-broth.mzML	2625	0	352.311096191406	1	49744.68	0.0
150	input_spectra/bkgrnd-marine-broth.mzML	2626	0	335.284332275391	1	49779.18	0.0
150	input_spectra/bkgrnd-marine-broth.mzML	2627	0	335.284332275391	1	49790.64	0.0
124	input_spectra/bkgrnd-marine-broth.mzML	2628	0	286.223715888129	1	49926.240000000005	0.0
126	input_spectra/bkgrnd-marine-broth.mzML	2629	0	286.223715888129	1	49937.76	0.0
125	input_spectra/bkgrnd-marine-broth.mzML	2630	0	286.223715888129	1	49977.12	0.0
125	input_spectra/bkgrnd-marine-broth.mzML	2631	0	286.223715888129	1	49988.58	0.0
126	input_spectra/bkgrnd-marine-broth.mzML	2632	0	286.223715888129	1	50028.0	0.0
126	input_spectra/bkgrnd-marine-broth.mzML	2633	0	286.223715888129	1	50039.52	0.0
144	input_spectra/bkgrnd-marine-broth.mzML	2634	0	328.273207122204	1	50078.880000000005	0.0
143	input_spectra/bkgrnd-marine-broth.mzML	2635	0	328.273207122204	1	50090.340000000004	0.0
128	input_spectra/bkgrnd-marine-broth.mzML	2636	0	291.257059733073	1	50124.78	0.0
128	input_spectra/bkgrnd-marine-broth.mzML	2637	0	291.257059733073	1	50136.3	0.0
133	input_spectra/bkgrnd-marine-broth.mzML	2638	0	308.283996582031	1	50147.82	0.0
133	input_spectra/bkgrnd-marine-broth.mzML	2639	0	308.283996582031	1	50159.280000000006	0.0
144	input_spectra/bkgrnd-marine-broth.mzML	2640	0	328.273207122204	1	50198.64	0.0
143	input_spectra/bkgrnd-marine-broth.mzML	2641	0	328.273207122204	1	50210.16	0.0
128	input_spectra/bkgrnd-marine-broth.mzML	2642	0	291.257059733073	1	50244.6	0.0
128	input_spectra/bkgrnd-marine-broth.mzML	2643	0	291.257059733073	1	50256.119999999995	0.0
133	input_spectra/bkgrnd-marine-broth.mzML	2644	0	308.283996582031	1	50267.58	0.0
133	input_spectra/bkgrnd-marine-broth.mzML	2645	0	308.283996582031	1	50279.1	0.0
144	input_spectra/bkgrnd-marine-broth.mzML	2646	0	328.273207122204	1	50318.46	0.0
141	input_spectra/bkgrnd-marine-broth.mzML	2647	0	328.273207122204	1	50329.979999999996	0.0
133	input_spectra/bkgrnd-marine-broth.mzML	2648	0	308.283996582031	1	50387.399999999994	0.0
133	input_spectra/bkgrnd-marine-broth.mzML	2649	0	308.283996582031	1	50398.92	0.0
126	input_spectra/bkgrnd-marine-broth.mzML	2650	0	286.223715888129	1	51063.54	0.0
125	input_spectra/bkgrnd-marine-broth.mzML	2651	0	286.223715888129	1	51075.06	0.0
124	input_spectra/bkgrnd-marine-broth.mzML	2652	0	286.223715888129	1	51114.420000000006	0.0
124	input_spectra/bkgrnd-marine-broth.mzML	2653	0	286.223715888129	1	51125.88	0.0
124	input_spectra/bkgrnd-marine-broth.mzML	2654	0	286.223715888129	1	51165.3	0.0
126	input_spectra/bkgrnd-marine-broth.mzML	2655	0	286.223715888129	1	51176.76	0.0
144	input_spectra/bkgrnd-marine-broth.mzML	2656	0	328.273207122204	1	51312.3	0.0
143	input_spectra/bkgrnd-marine-broth.mzML	2657	0	328.273207122204	1	51323.82	0.0
144	input_spectra/bkgrnd-marine-broth.mzML	2658	0	328.273207122204	1	51363.12	0.0
143	input_spectra/bkgrnd-marine-broth.mzML	2659	0	328.273207122204	1	51374.64	0.0
144	input_spectra/bkgrnd-marine-broth.mzML	2660	0	328.273207122204	1	51414.0	0.0
143	input_spectra/bkgrnd-marine-broth.mzML	2661	0	328.273207122204	1	51425.46	0.0
264	input_spectra/bkgrnd-marine-broth.mzML	2662	0	658.48252360026	1	51549.0	0.0
264	input_spectra/bkgrnd-marine-broth.mzML	2663	0	658.48252360026	1	51560.52	0.0
264	input_spectra/bkgrnd-marine-broth.mzML	2664	0	658.48252360026	1	51599.880000000005	0.0
264	input_spectra/bkgrnd-marine-broth.mzML	2665	0	658.48252360026	1	51611.4	0.0
264	input_spectra/bkgrnd-marine-broth.mzML	2666	0	658.48252360026	1	51650.76	0.0
264	input_spectra/bkgrnd-marine-broth.mzML	2667	0	658.48252360026	1	51662.28	0.0
256	input_spectra/bkgrnd-marine-broth.mzML	2668	0	614.45615641276	1	51906.119999999995	0.0
256	input_spectra/bkgrnd-marine-broth.mzML	2669	0	614.45615641276	1	51917.64	0.0
256	input_spectra/bkgrnd-marine-broth.mzML	2670	0	614.45615641276	1	51957.0	0.0
256	input_spectra/bkgrnd-marine-broth.mzML	2671	0	614.45615641276	1	51968.520000000004	0.0
256	input_spectra/bkgrnd-marine-broth.mzML	2672	0	614.45615641276	1	52007.88	0.0
256	input_spectra/bkgrnd-marine-broth.mzML	2673	0	614.45615641276	1	52019.4	0.0
124	input_spectra/bkgrnd-marine-broth.mzML	2674	0	286.223715888129	1	52203.0	0.0
125	input_spectra/bkgrnd-marine-broth.mzML	2675	0	286.223715888129	1	52214.52	0.0
124	input_spectra/bkgrnd-marine-broth.mzML	2676	0	286.223715888129	1	52253.880000000005	0.0
126	input_spectra/bkgrnd-marine-broth.mzML	2677	0	286.223715888129	1	52265.340000000004	0.0
126	input_spectra/bkgrnd-marine-broth.mzML	2678	0	286.223715888129	1	52304.880000000005	0.0
125	input_spectra/bkgrnd-marine-broth.mzML	2679	0	286.223715888129	1	52316.4	0.0
238	input_spectra/bkgrnd-marine-broth.mzML	2680	0	570.428792317708	1	52327.92	0.0
238	input_spectra/bkgrnd-marine-broth.mzML	2681	0	570.428792317708	1	52339.439999999995	0.0
238	input_spectra/bkgrnd-marine-broth.mzML	2682	0	570.428792317708	1	52378.740000000005	0.0
238	input_spectra/bkgrnd-marine-broth.mzML	2683	0	570.428792317708	1	52390.26	0.0
238	input_spectra/bkgrnd-marine-broth.mzML	2684	0	570.428792317708	1	52429.62	0.0
238	input_spectra/bkgrnd-marine-broth.mzML	2685	0	570.428792317708	1	52441.14	0.0
144	input_spectra/bkgrnd-marine-broth.mzML	2686	0	328.273207122204	1	52480.5	0.0
141	input_spectra/bkgrnd-marine-broth.mzML	2687	0	328.273207122204	1	52492.02	0.0
144	input_spectra/bkgrnd-marine-broth.mzML	2688	0	328.273207122204	1	52531.380000000005	0.0
143	input_spectra/bkgrnd-marine-broth.mzML	2689	0	328.273207122204	1	52542.840000000004	0.0
144	input_spectra/bkgrnd-marine-broth.mzML	2690	0	328.273207122204	1	52582.26	0.0
143	input_spectra/bkgrnd-marine-broth.mzML	2691	0	328.273207122204	1	52593.72	0.0
219	input_spectra/bkgrnd-marine-broth.mzML	2692	0	526.40185546875	1	52789.38	0.0
219	input_spectra/bkgrnd-marine-broth.mzML	2693	0	526.40185546875	1	52800.9	0.0
219	input_spectra/bkgrnd-marine-broth.mzML	2694	0	526.40185546875	1	52840.26	0.0
219	input_spectra/bkgrnd-marine-broth.mzML	2695	0	526.40185546875	1	52851.780000000006	0.0
219	input_spectra/bkgrnd-marine-broth.mzML	2696	0	526.40185546875	1	52891.14	0.0
219	input_spectra/bkgrnd-marine-broth.mzML	2697	0	526.40185546875	1	52902.66	0.0
222	input_spectra/bkgrnd-marine-broth.mzML	2698	0	531.358133951823	1	52925.700000000004	0.0
124	input_spectra/bkgrnd-marine-broth.mzML	2699	0	286.223715888129	1	53343.36	0.0
126	input_spectra/bkgrnd-marine-broth.mzML	2700	0	286.223715888129	1	53354.880000000005	0.0
126	input_spectra/bkgrnd-marine-broth.mzML	2701	0	286.223715888129	1	53394.24	0.0
125	input_spectra/bkgrnd-marine-broth.mzML	2702	0	286.223715888129	1	53405.700000000004	0.0
126	input_spectra/bkgrnd-marine-broth.mzML	2703	0	286.223715888129	1	53468.1	0.0
125	input_spectra/bkgrnd-marine-broth.mzML	2704	0	286.223715888129	1	53479.56	0.0
144	input_spectra/bkgrnd-marine-broth.mzML	2705	0	328.273207122204	1	53650.14	0.0
141	input_spectra/bkgrnd-marine-broth.mzML	2706	0	328.273207122204	1	53661.659999999996	0.0
144	input_spectra/bkgrnd-marine-broth.mzML	2707	0	328.273207122204	1	53701.020000000004	0.0
143	input_spectra/bkgrnd-marine-broth.mzML	2708	0	328.273207122204	1	53712.479999999996	0.0
144	input_spectra/bkgrnd-marine-broth.mzML	2709	0	328.273207122204	1	53751.840000000004	0.0
143	input_spectra/bkgrnd-marine-broth.mzML	2710	0	328.273207122204	1	53763.36	0.0
126	input_spectra/bkgrnd-marine-broth.mzML	2711	0	286.223715888129	1	54484.439999999995	0.0
126	input_spectra/bkgrnd-marine-broth.mzML	2712	0	286.223715888129	1	54495.9	0.0
126	input_spectra/bkgrnd-marine-broth.mzML	2713	0	286.223715888129	1	54535.26	0.0
125	input_spectra/bkgrnd-marine-broth.mzML	2714	0	286.223715888129	1	54546.780000000006	0.0
124	input_spectra/bkgrnd-marine-broth.mzML	2715	0	286.223715888129	1	54586.14	0.0
125	input_spectra/bkgrnd-marine-broth.mzML	2716	0	286.223715888129	1	54597.600000000006	0.0
144	input_spectra/bkgrnd-marine-broth.mzML	2717	0	328.273207122204	1	54817.380000000005	0.0
143	input_spectra/bkgrnd-marine-broth.mzML	2718	0	328.273207122204	1	54828.84	0.0
144	input_spectra/bkgrnd-marine-broth.mzML	2719	0	328.273207122204	1	54868.200000000004	0.0
141	input_spectra/bkgrnd-marine-broth.mzML	2720	0	328.273207122204	1	54879.72	0.0
144	input_spectra/bkgrnd-marine-broth.mzML	2721	0	328.273207122204	1	54919.08	0.0
143	input_spectra/bkgrnd-marine-broth.mzML	2722	0	328.273207122204	1	54930.54	0.0
152	input_spectra/bkgrnd-marine-broth.mzML	2723	0	346.281604003906	1	55294.56	0.0
152	input_spectra/bkgrnd-marine-broth.mzML	2724	0	346.281604003906	1	55306.08	0.0
153	input_spectra/bkgrnd-marine-broth.mzML	2725	0	346.281604003906	1	55477.74	0.0
152	input_spectra/bkgrnd-marine-broth.mzML	2726	0	346.281604003906	1	55489.200000000004	0.0
126	input_spectra/bkgrnd-marine-broth.mzML	2727	0	286.223715888129	1	55624.74	0.0
126	input_spectra/bkgrnd-marine-broth.mzML	2728	0	286.223715888129	1	55636.259999999995	0.0
124	input_spectra/bkgrnd-marine-broth.mzML	2729	0	286.223715888129	1	55675.62	0.0
126	input_spectra/bkgrnd-marine-broth.mzML	2730	0	286.223715888129	1	55687.08	0.0
126	input_spectra/bkgrnd-marine-broth.mzML	2731	0	286.223715888129	1	55726.44	0.0
125	input_spectra/bkgrnd-marine-broth.mzML	2732	0	286.223715888129	1	55737.96	0.0
144	input_spectra/bkgrnd-marine-broth.mzML	2733	0	328.273207122204	1	55957.74	0.0
143	input_spectra/bkgrnd-marine-broth.mzML	2734	0	328.273207122204	1	55969.200000000004	0.0
144	input_spectra/bkgrnd-marine-broth.mzML	2735	0	328.273207122204	1	56008.619999999995	0.0
143	input_spectra/bkgrnd-marine-broth.mzML	2736	0	328.273207122204	1	56020.08	0.0
144	input_spectra/bkgrnd-marine-broth.mzML	2737	0	328.273207122204	1	56059.5	0.0
143	input_spectra/bkgrnd-marine-broth.mzML	2738	0	328.273207122204	1	56070.96	0.0
153	input_spectra/bkgrnd-marine-broth.mzML	2739	0	346.281604003906	1	56374.86	0.0
152	input_spectra/bkgrnd-marine-broth.mzML	2740	0	346.281604003906	1	56386.380000000005	0.0
124	input_spectra/bkgrnd-marine-broth.mzML	2741	0	286.223715888129	1	56762.399999999994	0.0
125	input_spectra/bkgrnd-marine-broth.mzML	2742	0	286.223715888129	1	56773.92	0.0
124	input_spectra/bkgrnd-marine-broth.mzML	2743	0	286.223715888129	1	56813.28	0.0
126	input_spectra/bkgrnd-marine-broth.mzML	2744	0	286.223715888129	1	56824.8	0.0
126	input_spectra/bkgrnd-marine-broth.mzML	2745	0	286.223715888129	1	56864.159999999996	0.0
125	input_spectra/bkgrnd-marine-broth.mzML	2746	0	286.223715888129	1	56875.68	0.0
144	input_spectra/bkgrnd-marine-broth.mzML	2747	0	328.273207122204	1	57095.4	0.0
143	input_spectra/bkgrnd-marine-broth.mzML	2748	0	328.273207122204	1	57106.86	0.0
144	input_spectra/bkgrnd-marine-broth.mzML	2749	0	328.273207122204	1	57146.22	0.0
143	input_spectra/bkgrnd-marine-broth.mzML	2750	0	328.273207122204	1	57157.68	0.0
144	input_spectra/bkgrnd-marine-broth.mzML	2751	0	328.273207122204	1	57197.1	0.0
141	input_spectra/bkgrnd-marine-broth.mzML	2752	0	328.273207122204	1	57208.56	0.0
153	input_spectra/bkgrnd-marine-broth.mzML	2753	0	346.281604003906	1	57897.3	0.0
152	input_spectra/bkgrnd-marine-broth.mzML	2754	0	346.281604003906	1	57908.759999999995	0.0
126	input_spectra/bkgrnd-marine-broth.mzML	2755	0	286.223715888129	1	57948.12	0.0
126	input_spectra/bkgrnd-marine-broth.mzML	2756	0	286.223715888129	1	57959.64	0.0
126	input_spectra/bkgrnd-marine-broth.mzML	2757	0	286.223715888129	1	57999.0	0.0
126	input_spectra/bkgrnd-marine-broth.mzML	2758	0	286.223715888129	1	58010.46	0.0
124	input_spectra/bkgrnd-marine-broth.mzML	2759	0	286.223715888129	1	58049.82	0.0
126	input_spectra/bkgrnd-marine-broth.mzML	2760	0	286.223715888129	1	58061.34	0.0
153	input_spectra/bkgrnd-marine-broth.mzML	2761	0	346.281604003906	1	58148.759999999995	0.0
153	input_spectra/bkgrnd-marine-broth.mzML	2762	0	346.281604003906	1	58160.28	0.0
144	input_spectra/bkgrnd-marine-broth.mzML	2763	0	328.273207122204	1	58235.700000000004	0.0
141	input_spectra/bkgrnd-marine-broth.mzML	2764	0	328.273207122204	1	58247.22	0.0
144	input_spectra/bkgrnd-marine-broth.mzML	2765	0	328.273207122204	1	58286.520000000004	0.0
143	input_spectra/bkgrnd-marine-broth.mzML	2766	0	328.273207122204	1	58298.04	0.0
144	input_spectra/bkgrnd-marine-broth.mzML	2767	0	328.273207122204	1	58337.399999999994	0.0
143	input_spectra/bkgrnd-marine-broth.mzML	2768	0	328.273207122204	1	58348.86	0.0
153	input_spectra/bkgrnd-marine-broth.mzML	2769	0	346.281604003906	1	58360.38	0.0
152	input_spectra/bkgrnd-marine-broth.mzML	2770	0	346.281604003906	1	58371.9	0.0
124	input_spectra/bkgrnd-marine-broth.mzML	2771	0	286.223715888129	1	59108.7	0.0
125	input_spectra/bkgrnd-marine-broth.mzML	2772	0	286.223715888129	1	59120.16	0.0
124	input_spectra/bkgrnd-marine-broth.mzML	2773	0	286.223715888129	1	59159.52	0.0
124	input_spectra/bkgrnd-marine-broth.mzML	2774	0	286.223715888129	1	59171.04	0.0
126	input_spectra/bkgrnd-marine-broth.mzML	2775	0	286.223715888129	1	59210.4	0.0
126	input_spectra/bkgrnd-marine-broth.mzML	2776	0	286.223715888129	1	59221.920000000006	0.0
144	input_spectra/bkgrnd-marine-broth.mzML	2777	0	328.273207122204	1	59381.520000000004	0.0
143	input_spectra/bkgrnd-marine-broth.mzML	2778	0	328.273207122204	1	59393.04	0.0
153	input_spectra/bkgrnd-marine-broth.mzML	2779	0	346.281604003906	1	59404.5	0.0
152	input_spectra/bkgrnd-marine-broth.mzML	2780	0	346.281604003906	1	59416.020000000004	0.0
144	input_spectra/bkgrnd-marine-broth.mzML	2781	0	328.273207122204	1	59455.38	0.0
143	input_spectra/bkgrnd-marine-broth.mzML	2782	0	328.273207122204	1	59466.840000000004	0.0
144	input_spectra/bkgrnd-marine-broth.mzML	2783	0	328.273207122204	1	59506.259999999995	0.0
143	input_spectra/bkgrnd-marine-broth.mzML	2784	0	328.273207122204	1	59517.72	0.0
153	input_spectra/bkgrnd-marine-broth.mzML	2785	0	346.281604003906	1	59581.2	0.0
152	input_spectra/bkgrnd-marine-broth.mzML	2786	0	346.281604003906	1	59592.66	0.0
153	input_spectra/bkgrnd-marine-broth.mzML	2787	0	346.281604003906	1	59740.26	0.0
152	input_spectra/bkgrnd-marine-broth.mzML	2788	0	346.281604003906	1	59751.72	0.0
126	input_spectra/bkgrnd-marine-broth.mzML	2789	0	286.223715888129	1	1004.13	0.0
125	input_spectra/bkgrnd-marine-broth.mzML	2790	0	286.223715888129	1	1004.32	0.0
124	input_spectra/bkgrnd-marine-broth.mzML	2791	0	286.223715888129	1	1004.98	0.0
126	input_spectra/bkgrnd-marine-broth.mzML	2792	0	286.223715888129	1	1005.17	0.0
125	input_spectra/bkgrnd-marine-broth.mzML	2793	0	286.223715888129	1	1005.83	0.0
126	input_spectra/bkgrnd-marine-broth.mzML	2794	0	286.223715888129	1	1006.02	0.0
144	input_spectra/bkgrnd-marine-broth.mzML	2795	0	328.273207122204	1	1009.08	0.0
143	input_spectra/bkgrnd-marine-broth.mzML	2796	0	328.273207122204	1	1009.27	0.0
144	input_spectra/bkgrnd-marine-broth.mzML	2797	0	328.273207122204	1	1009.93	0.0
143	input_spectra/bkgrnd-marine-broth.mzML	2798	0	328.273207122204	1	1010.12	0.0
144	input_spectra/bkgrnd-marine-broth.mzML	2799	0	328.273207122204	1	1010.78	0.0
141	input_spectra/bkgrnd-marine-broth.mzML	2800	0	328.273207122204	1	1010.97	0.0
153	input_spectra/bkgrnd-marine-broth.mzML	2801	0	346.281604003906	1	1014.03	0.0
152	input_spectra/bkgrnd-marine-broth.mzML	2802	0	346.281604003906	1	1014.22	0.0
153	input_spectra/bkgrnd-marine-broth.mzML	2803	0	346.281604003906	1	1014.88	0.0
153	input_spectra/bkgrnd-marine-broth.mzML	2804	0	346.281604003906	1	1015.07	0.0
153	input_spectra/bkgrnd-marine-broth.mzML	2805	0	346.281604003906	1	1020.53	0.0
152	input_spectra/bkgrnd-marine-broth.mzML	2806	0	346.281604003906	1	1020.73	0.0
124	input_spectra/bkgrnd-marine-broth.mzML	2807	0	286.223715888129	1	1023.19	0.0
126	input_spectra/bkgrnd-marine-broth.mzML	2808	0	286.223715888129	1	1023.38	0.0
125	input_spectra/bkgrnd-marine-broth.mzML	2809	0	286.223715888129	1	1024.03	0.0
126	input_spectra/bkgrnd-marine-broth.mzML	2810	0	286.223715888129	1	1024.23	0.0
126	input_spectra/bkgrnd-marine-broth.mzML	2811	0	286.223715888129	1	1024.88	0.0
126	input_spectra/bkgrnd-marine-broth.mzML	2812	0	286.223715888129	1	1025.07	0.0
144	input_spectra/bkgrnd-marine-broth.mzML	2813	0	328.273207122204	1	1028.13	0.0
143	input_spectra/bkgrnd-marine-broth.mzML	2814	0	328.273207122204	1	1028.33	0.0
131	input_spectra/bkgrnd-marine-broth.mzML	2815	0	304.233856201172	1	1028.52	0.0
131	input_spectra/bkgrnd-marine-broth.mzML	2816	0	304.233856201172	1	1028.71	0.0
144	input_spectra/bkgrnd-marine-broth.mzML	2817	0	328.273207122204	1	1029.36	0.0
143	input_spectra/bkgrnd-marine-broth.mzML	2818	0	328.273207122204	1	1029.56	0.0
144	input_spectra/bkgrnd-marine-broth.mzML	2819	0	328.273207122204	1	1030.21	0.0
143	input_spectra/bkgrnd-marine-broth.mzML	2820	0	328.273207122204	1	1030.4	0.0
131	input_spectra/bkgrnd-marine-broth.mzML	2821	0	304.233856201172	1	1031.06	0.0
131	input_spectra/bkgrnd-marine-broth.mzML	2822	0	304.233856201172	1	1031.25	0.0
131	input_spectra/bkgrnd-marine-broth.mzML	2823	0	304.233856201172	1	1041.33	0.0
131	input_spectra/bkgrnd-marine-broth.mzML	2824	0	304.233856201172	1	1041.52	0.0
124	input_spectra/bkgrnd-marine-broth.mzML	2825	0	286.223715888129	1	1042.57	0.0
125	input_spectra/bkgrnd-marine-broth.mzML	2826	0	286.223715888129	1	1042.77	0.0
125	input_spectra/bkgrnd-marine-broth.mzML	2827	0	286.223715888129	1	1043.42	0.0
126	input_spectra/bkgrnd-marine-broth.mzML	2828	0	286.223715888129	1	1043.61	0.0
126	input_spectra/bkgrnd-marine-broth.mzML	2829	0	286.223715888129	1	1044.27	0.0
126	input_spectra/bkgrnd-marine-broth.mzML	2830	0	286.223715888129	1	1044.46	0.0
153	input_spectra/bkgrnd-marine-broth.mzML	2831	0	346.281604003906	1	1046.72	0.0
152	input_spectra/bkgrnd-marine-broth.mzML	2832	0	346.281604003906	1	1046.91	0.0
144	input_spectra/bkgrnd-marine-broth.mzML	2833	0	328.273207122204	1	1047.57	0.0
143	input_spectra/bkgrnd-marine-broth.mzML	2834	0	328.273207122204	1	1047.76	0.0
144	input_spectra/bkgrnd-marine-broth.mzML	2835	0	328.273207122204	1	1048.42	0.0
143	input_spectra/bkgrnd-marine-broth.mzML	2836	0	328.273207122204	1	1048.61	0.0
144	input_spectra/bkgrnd-marine-broth.mzML	2837	0	328.273207122204	1	1049.26	0.0
141	input_spectra/bkgrnd-marine-broth.mzML	2838	0	328.273207122204	1	1049.46	0.0
153	input_spectra/bkgrnd-marine-broth.mzML	2839	0	346.281604003906	1	1055.72	0.0
152	input_spectra/bkgrnd-marine-broth.mzML	2840	0	346.281604003906	1	1055.91	0.0
126	input_spectra/bkgrnd-marine-broth.mzML	2841	0	286.223715888129	1	1061.58	0.0
126	input_spectra/bkgrnd-marine-broth.mzML	2842	0	286.223715888129	1	1061.77	0.0
124	input_spectra/bkgrnd-marine-broth.mzML	2843	0	286.223715888129	1	1062.43	0.0
125	input_spectra/bkgrnd-marine-broth.mzML	2844	0	286.223715888129	1	1062.62	0.0
126	input_spectra/bkgrnd-marine-broth.mzML	2845	0	286.223715888129	1	1063.28	0.0
126	input_spectra/bkgrnd-marine-broth.mzML	2846	0	286.223715888129	1	1063.47	0.0
144	input_spectra/bkgrnd-marine-broth.mzML	2847	0	328.273207122204	1	1066.53	0.0
143	input_spectra/bkgrnd-marine-broth.mzML	2848	0	328.273207122204	1	1066.72	0.0
144	input_spectra/bkgrnd-marine-broth.mzML	2849	0	328.273207122204	1	1067.37	0.0
141	input_spectra/bkgrnd-marine-broth.mzML	2850	0	328.273207122204	1	1067.57	0.0
144	input_spectra/bkgrnd-marine-broth.mzML	2851	0	328.273207122204	1	1068.22	0.0
143	input_spectra/bkgrnd-marine-broth.mzML	2852	0	328.273207122204	1	1068.41	0.0
153	input_spectra/bkgrnd-marine-broth.mzML	2853	0	346.281604003906	1	1069.67	0.0
152	input_spectra/bkgrnd-marine-broth.mzML	2854	0	346.281604003906	1	1069.86	0.0
131	input_spectra/bkgrnd-marine-broth.mzML	2855	0	304.233856201172	1	1074.33	0.0
131	input_spectra/bkgrnd-marine-broth.mzML	2856	0	304.233856201172	1	1074.52	0.0
131	input_spectra/bkgrnd-marine-broth.mzML	2857	0	304.233856201172	1	1076.98	0.0
131	input_spectra/bkgrnd-marine-broth.mzML	2858	0	304.233856201172	1	1077.17	0.0
131	input_spectra/bkgrnd-marine-broth.mzML	2859	0	304.233856201172	1	1078.23	0.0
131	input_spectra/bkgrnd-marine-broth.mzML	2860	0	304.233856201172	1	1078.42	0.0
124	input_spectra/bkgrnd-marine-broth.mzML	2861	0	286.223715888129	1	1080.68	0.0
126	input_spectra/bkgrnd-marine-broth.mzML	2862	0	286.223715888129	1	1080.87	0.0
126	input_spectra/bkgrnd-marine-broth.mzML	2863	0	286.223715888129	1	1081.52	0.0
125	input_spectra/bkgrnd-marine-broth.mzML	2864	0	286.223715888129	1	1081.71	0.0
126	input_spectra/bkgrnd-marine-broth.mzML	2865	0	286.223715888129	1	1082.37	0.0
125	input_spectra/bkgrnd-marine-broth.mzML	2866	0	286.223715888129	1	1082.56	0.0
144	input_spectra/bkgrnd-marine-broth.mzML	2867	0	328.273207122204	1	1085.67	0.0
143	input_spectra/bkgrnd-marine-broth.mzML	2868	0	328.273207122204	1	1085.86	0.0
144	input_spectra/bkgrnd-marine-broth.mzML	2869	0	328.273207122204	1	1086.52	0.0
143	input_spectra/bkgrnd-marine-broth.mzML	2870	0	328.273207122204	1	1086.71	0.0
144	input_spectra/bkgrnd-marine-broth.mzML	2871	0	328.273207122204	1	1087.36	0.0
143	input_spectra/bkgrnd-marine-broth.mzML	2872	0	328.273207122204	1	1087.56	0.0
72	input_spectra/bkgrnd-marine-broth.mzML	2873	0	185.112635294596	1	1094.92	0.0
72	input_spectra/bkgrnd-marine-broth.mzML	2874	0	185.112635294596	1	1095.11	0.0
72	input_spectra/bkgrnd-marine-broth.mzML	2875	0	185.112635294596	1	1096.37	0.0
72	input_spectra/bkgrnd-marine-broth.mzML	2876	0	185.112635294596	1	1096.56	0.0
72	input_spectra/bkgrnd-marine-broth.mzML	2877	0	185.112635294596	1	1097.42	0.0
72	input_spectra/bkgrnd-marine-broth.mzML	2878	0	185.112635294596	1	1097.61	0.0
131	input_spectra/bkgrnd-marine-broth.mzML	2879	0	304.233856201172	1	1099.47	0.0
131	input_spectra/bkgrnd-marine-broth.mzML	2880	0	304.233856201172	1	1099.66	0.0
126	input_spectra/bkgrnd-marine-broth.mzML	2881	0	286.223715888129	1	1100.31	0.0
125	input_spectra/bkgrnd-marine-broth.mzML	2882	0	286.223715888129	1	1100.5	0.0
124	input_spectra/bkgrnd-marine-broth.mzML	2883	0	286.223715888129	1	1101.16	0.0
126	input_spectra/bkgrnd-marine-broth.mzML	2884	0	286.223715888129	1	1101.35	0.0
131	input_spectra/bkgrnd-marine-broth.mzML	2885	0	304.233856201172	1	1101.54	0.0
131	input_spectra/bkgrnd-marine-broth.mzML	2886	0	304.233856201172	1	1101.73	0.0
126	input_spectra/bkgrnd-marine-broth.mzML	2887	0	286.223715888129	1	1102.39	0.0
126	input_spectra/bkgrnd-marine-broth.mzML	2888	0	286.223715888129	1	1102.58	0.0
131	input_spectra/bkgrnd-marine-broth.mzML	2889	0	304.233856201172	1	1103.24	0.0
131	input_spectra/bkgrnd-marine-broth.mzML	2890	0	304.233856201172	1	1103.43	0.0
140	input_spectra/bkgrnd-marine-broth.mzML	2891	0	328.273207122204	1	1105.09	0.0
145	input_spectra/bkgrnd-marine-broth.mzML	2892	0	328.273207122204	1	1105.28	0.0
144	input_spectra/bkgrnd-marine-broth.mzML	2893	0	328.273207122204	1	1105.94	0.0
145	input_spectra/bkgrnd-marine-broth.mzML	2894	0	328.273207122204	1	1106.13	0.0
144	input_spectra/bkgrnd-marine-broth.mzML	2895	0	328.273207122204	1	1106.78	0.0
145	input_spectra/bkgrnd-marine-broth.mzML	2896	0	328.273207122204	1	1106.97	0.0
141	input_spectra/bkgrnd-marine-broth.mzML	2897	0	328.273207122204	1	1124.06	0.0
140	input_spectra/bkgrnd-marine-broth.mzML	2898	0	328.273207122204	1	1124.26	0.0
138	input_spectra/bkgrnd-marine-broth.mzML	2899	0	328.273207122204	1	1124.91	0.0
145	input_spectra/bkgrnd-marine-broth.mzML	2900	0	328.273207122204	1	1125.1	0.0
145	input_spectra/bkgrnd-marine-broth.mzML	2901	0	328.273207122204	1	1125.76	0.0
139	input_spectra/bkgrnd-marine-broth.mzML	2902	0	328.273207122204	1	1125.95	0.0
207	input_spectra/bkgrnd-marine-broth.mzML	2903	0	495.476874457465	1	1135.83	0.0
208	input_spectra/bkgrnd-marine-broth.mzML	2904	0	495.476874457465	1	1136.02	0.0
207	input_spectra/bkgrnd-marine-broth.mzML	2905	0	495.476874457465	1	1141.28	0.0
208	input_spectra/bkgrnd-marine-broth.mzML	2906	0	495.476874457465	1	1141.47	0.0
139	input_spectra/bkgrnd-marine-broth.mzML	2907	0	328.273207122204	1	1143.13	0.0
140	input_spectra/bkgrnd-marine-broth.mzML	2908	0	328.273207122204	1	1143.32	0.0
138	input_spectra/bkgrnd-marine-broth.mzML	2909	0	328.273207122204	1	1143.98	0.0
145	input_spectra/bkgrnd-marine-broth.mzML	2910	0	328.273207122204	1	1144.17	0.0
139	input_spectra/bkgrnd-marine-broth.mzML	2911	0	328.273207122204	1	1144.83	0.0
140	input_spectra/bkgrnd-marine-broth.mzML	2912	0	328.273207122204	1	1145.02	0.0
207	input_spectra/bkgrnd-marine-broth.mzML	2913	0	495.476874457465	1	1145.68	0.0
208	input_spectra/bkgrnd-marine-broth.mzML	2914	0	495.476874457465	1	1145.87	0.0
72	input_spectra/bkgrnd-marine-broth.mzML	2915	0	185.112635294596	1	1162.16	0.0
72	input_spectra/bkgrnd-marine-broth.mzML	2916	0	185.112635294596	1	1162.35	0.0
145	input_spectra/bkgrnd-marine-broth.mzML	2917	0	328.273207122204	1	1163.0	0.0
141	input_spectra/bkgrnd-marine-broth.mzML	2918	0	328.273207122204	1	1163.2	0.0
207	input_spectra/bkgrnd-marine-broth.mzML	2919	0	495.476874457465	1	1163.39	0.0
208	input_spectra/bkgrnd-marine-broth.mzML	2920	0	495.476874457465	1	1163.58	0.0
145	input_spectra/bkgrnd-marine-broth.mzML	2921	0	328.273207122204	1	1164.24	0.0
145	input_spectra/bkgrnd-marine-broth.mzML	2922	0	328.273207122204	1	1164.43	0.0
207	input_spectra/bkgrnd-marine-broth.mzML	2923	0	495.476874457465	1	1164.62	0.0
208	input_spectra/bkgrnd-marine-broth.mzML	2924	0	495.476874457465	1	1164.81	0.0
138	input_spectra/bkgrnd-marine-broth.mzML	2925	0	328.273207122204	1	1165.47	0.0
140	input_spectra/bkgrnd-marine-broth.mzML	2926	0	328.273207122204	1	1165.66	0.0
207	input_spectra/bkgrnd-marine-broth.mzML	2927	0	495.476874457465	1	1165.85	0.0
208	input_spectra/bkgrnd-marine-broth.mzML	2928	0	495.476874457465	1	1166.04	0.0
72	input_spectra/bkgrnd-marine-broth.mzML	2929	0	185.112635294596	1	1167.1	0.0
72	input_spectra/bkgrnd-marine-broth.mzML	2930	0	185.112635294596	1	1167.29	0.0
72	input_spectra/bkgrnd-marine-broth.mzML	2931	0	185.112635294596	1	1170.15	0.0
72	input_spectra/bkgrnd-marine-broth.mzML	2932	0	185.112635294596	1	1170.34	0.0
142	input_spectra/bkgrnd-marine-broth.mzML	2933	0	328.273207122204	1	1182.51	0.0
145	input_spectra/bkgrnd-marine-broth.mzML	2934	0	328.273207122204	1	1182.71	0.0
207	input_spectra/bkgrnd-marine-broth.mzML	2935	0	495.476874457465	1	1182.9	0.0
208	input_spectra/bkgrnd-marine-broth.mzML	2936	0	495.476874457465	1	1183.09	0.0
142	input_spectra/bkgrnd-marine-broth.mzML	2937	0	328.273207122204	1	1183.75	0.0
141	input_spectra/bkgrnd-marine-broth.mzML	2938	0	328.273207122204	1	1183.94	0.0
207	input_spectra/bkgrnd-marine-broth.mzML	2939	0	495.476874457465	1	1184.13	0.0
208	input_spectra/bkgrnd-marine-broth.mzML	2940	0	495.476874457465	1	1184.32	0.0
138	input_spectra/bkgrnd-marine-broth.mzML	2941	0	328.273207122204	1	1184.98	0.0
145	input_spectra/bkgrnd-marine-broth.mzML	2942	0	328.273207122204	1	1185.17	0.0
207	input_spectra/bkgrnd-marine-broth.mzML	2943	0	495.476874457465	1	1185.36	0.0
208	input_spectra/bkgrnd-marine-broth.mzML	2944	0	495.476874457465	1	1185.55	0.0
72	input_spectra/bkgrnd-marine-broth.mzML	2945	0	185.112635294596	1	1188.06	0.0
72	input_spectra/bkgrnd-marine-broth.mzML	2946	0	185.112635294596	1	1188.25	0.0
72	input_spectra/bkgrnd-marine-broth.mzML	2947	0	185.112635294596	1	1188.91	0.0
72	input_spectra/bkgrnd-marine-broth.mzML	2948	0	185.112635294596	1	1189.1	0.0
72	input_spectra/bkgrnd-marine-broth.mzML	2949	0	185.112635294596	1	1189.75	0.0
72	input_spectra/bkgrnd-marine-broth.mzML	2950	0	185.112635294596	1	1189.95	0.0
