#ClusterIdx	#Filename	#SpecIdx	#Scan	#ParentMass	#Charge	#RetTime	#PrecIntensity
16	input_spectra/1-1A01.mzML	0	0	130.967704772949	1	6238.5599999999995	0.0
16	input_spectra/1-1A01.mzML	1	0	130.967704772949	1	6250.02	0.0
16	input_spectra/1-1A01.mzML	2	0	130.967704772949	1	6301.4400000000005	0.0
16	input_spectra/1-1A01.mzML	3	0	130.967704772949	1	6312.900000000001	0.0
1	input_spectra/1-1A01.mzML	4	0	110.010064442952	1	6388.32	0.0
2	input_spectra/1-1A01.mzML	5	0	110.010064442952	1	6399.84	0.0
1	input_spectra/1-1A01.mzML	6	0	110.010064442952	1	6439.2	0.0
1	input_spectra/1-1A01.mzML	7	0	110.010064442952	1	6450.66	0.0
34	input_spectra/1-1A01.mzML	8	0	151.03714243571	1	6462.12	0.0
34	input_spectra/1-1A01.mzML	9	0	151.03714243571	1	6473.58	0.0
1	input_spectra/1-1A01.mzML	10	0	110.010064442952	1	6512.9400000000005	0.0
1	input_spectra/1-1A01.mzML	11	0	110.010064442952	1	6524.4	0.0
11	input_spectra/1-1A01.mzML	12	0	125.987838745117	1	6535.86	0.0
11	input_spectra/1-1A01.mzML	13	0	125.987838745117	1	6547.38	0.0
34	input_spectra/1-1A01.mzML	14	0	151.03714243571	1	6558.839999999999	0.0
34	input_spectra/1-1A01.mzML	15	0	151.03714243571	1	6570.299999999999	0.0
70	input_spectra/1-1A01.mzML	16	0	223.991817474365	1	6581.82	0.0
70	input_spectra/1-1A01.mzML	17	0	223.991817474365	1	6593.280000000001	0.0
60	input_spectra/1-1A01.mzML	18	0	198.942447662354	1	6604.8	0.0
60	input_spectra/1-1A01.mzML	19	0	198.942447662354	1	6616.26	0.0
70	input_spectra/1-1A01.mzML	20	0	223.991817474365	1	6655.620000000001	0.0
70	input_spectra/1-1A01.mzML	21	0	223.991817474365	1	6667.08	0.0
11	input_spectra/1-1A01.mzML	22	0	125.987838745117	1	6678.6	0.0
11	input_spectra/1-1A01.mzML	23	0	125.987838745117	1	6690.06	0.0
34	input_spectra/1-1A01.mzML	24	0	151.03714243571	1	6701.5199999999995	0.0
34	input_spectra/1-1A01.mzML	25	0	151.03714243571	1	6712.98	0.0
60	input_spectra/1-1A01.mzML	26	0	198.942447662354	1	6724.5	0.0
60	input_spectra/1-1A01.mzML	27	0	198.942447662354	1	6735.96	0.0
52	input_spectra/1-1A01.mzML	28	0	182.964797973633	1	6747.42	0.0
53	input_spectra/1-1A01.mzML	29	0	182.964797973633	1	6758.9400000000005	0.0
70	input_spectra/1-1A01.mzML	30	0	223.991817474365	1	6798.3	0.0
70	input_spectra/1-1A01.mzML	31	0	223.991817474365	1	6809.759999999999	0.0
60	input_spectra/1-1A01.mzML	32	0	198.942447662354	1	6821.28	0.0
60	input_spectra/1-1A01.mzML	33	0	198.942447662354	1	6832.740000000001	0.0
11	input_spectra/1-1A01.mzML	34	0	125.987838745117	1	6844.2	0.0
11	input_spectra/1-1A01.mzML	35	0	125.987838745117	1	6855.72	0.0
52	input_spectra/1-1A01.mzML	36	0	182.964797973633	1	6867.18	0.0
53	input_spectra/1-1A01.mzML	37	0	182.964797973633	1	6878.64	0.0
78	input_spectra/1-1A01.mzML	38	0	239.969614664714	1	6890.16	0.0
78	input_spectra/1-1A01.mzML	39	0	239.969614664714	1	6901.62	0.0
52	input_spectra/1-1A01.mzML	40	0	182.964797973633	1	6940.9800000000005	0.0
53	input_spectra/1-1A01.mzML	41	0	182.964797973633	1	6952.5	0.0
78	input_spectra/1-1A01.mzML	42	0	239.969614664714	1	6963.96	0.0
78	input_spectra/1-1A01.mzML	43	0	239.969614664714	1	6975.48	0.0
30	input_spectra/1-1A01.mzML	44	0	146.166920979818	1	6986.94	0.0
30	input_spectra/1-1A01.mzML	45	0	146.166920979818	1	6998.4	0.0
88	input_spectra/1-1A01.mzML	46	0	265.018829345703	1	7009.92	0.0
88	input_spectra/1-1A01.mzML	47	0	265.018829345703	1	7021.38	0.0
78	input_spectra/1-1A01.mzML	48	0	239.969614664714	1	7060.8	0.0
78	input_spectra/1-1A01.mzML	49	0	239.969614664714	1	7072.259999999999	0.0
30	input_spectra/1-1A01.mzML	50	0	146.166920979818	1	7083.72	0.0
30	input_spectra/1-1A01.mzML	51	0	146.166920979818	1	7095.240000000001	0.0
88	input_spectra/1-1A01.mzML	52	0	265.018829345703	1	7106.7	0.0
88	input_spectra/1-1A01.mzML	53	0	265.018829345703	1	7118.22	0.0
67	input_spectra/1-1A01.mzML	54	0	214.919987996419	1	7129.68	0.0
67	input_spectra/1-1A01.mzML	55	0	214.919987996419	1	7141.2	0.0
30	input_spectra/1-1A01.mzML	56	0	146.166920979818	1	7180.56	0.0
30	input_spectra/1-1A01.mzML	57	0	146.166920979818	1	7192.08	0.0
88	input_spectra/1-1A01.mzML	58	0	265.018829345703	1	7203.54	0.0
88	input_spectra/1-1A01.mzML	59	0	265.018829345703	1	7215.06	0.0
67	input_spectra/1-1A01.mzML	60	0	214.919987996419	1	7290.42	0.0
67	input_spectra/1-1A01.mzML	61	0	214.919987996419	1	7301.94	0.0
67	input_spectra/1-1A01.mzML	62	0	214.919987996419	1	7377.360000000001	0.0
67	input_spectra/1-1A01.mzML	63	0	214.919987996419	1	7388.820000000001	0.0
1	input_spectra/1-1A01.mzML	64	0	110.010064442952	1	7548.42	0.0
1	input_spectra/1-1A01.mzML	65	0	110.010064442952	1	7559.88	0.0
1	input_spectra/1-1A01.mzML	66	0	110.010064442952	1	7599.24	0.0
1	input_spectra/1-1A01.mzML	67	0	110.010064442952	1	7610.7	0.0
34	input_spectra/1-1A01.mzML	68	0	151.03714243571	1	7622.22	0.0
34	input_spectra/1-1A01.mzML	69	0	151.03714243571	1	7633.679999999999	0.0
1	input_spectra/1-1A01.mzML	70	0	110.010064442952	1	7673.04	0.0
1	input_spectra/1-1A01.mzML	71	0	110.010064442952	1	7684.5599999999995	0.0
34	input_spectra/1-1A01.mzML	72	0	151.03714243571	1	7696.0199999999995	0.0
34	input_spectra/1-1A01.mzML	73	0	151.03714243571	1	7707.48	0.0
60	input_spectra/1-1A01.mzML	74	0	198.942447662354	1	7746.84	0.0
60	input_spectra/1-1A01.mzML	75	0	198.942447662354	1	7758.3	0.0
70	input_spectra/1-1A01.mzML	76	0	223.991817474365	1	7769.820000000001	0.0
70	input_spectra/1-1A01.mzML	77	0	223.991817474365	1	7781.279999999999	0.0
34	input_spectra/1-1A01.mzML	78	0	151.03714243571	1	7792.74	0.0
34	input_spectra/1-1A01.mzML	79	0	151.03714243571	1	7804.26	0.0
11	input_spectra/1-1A01.mzML	80	0	125.987838745117	1	7815.72	0.0
11	input_spectra/1-1A01.mzML	81	0	125.987838745117	1	7827.18	0.0
4	input_spectra/1-1A01.mzML	82	0	118.087575276693	1	8612.16	0.0
4	input_spectra/1-1A01.mzML	83	0	118.087575276693	1	8623.62	0.0
4	input_spectra/1-1A01.mzML	84	0	118.087575276693	1	8662.980000000001	0.0
4	input_spectra/1-1A01.mzML	85	0	118.087575276693	1	8674.5	0.0
4	input_spectra/1-1A01.mzML	86	0	118.087575276693	1	8713.86	0.0
4	input_spectra/1-1A01.mzML	87	0	118.087575276693	1	8725.32	0.0
15	input_spectra/1-1A01.mzML	88	0	130.098937988281	1	9041.220000000001	0.0
15	input_spectra/1-1A01.mzML	89	0	130.098937988281	1	9052.74	0.0
15	input_spectra/1-1A01.mzML	90	0	130.098937988281	1	9092.039999999999	0.0
15	input_spectra/1-1A01.mzML	91	0	130.098937988281	1	9103.5	0.0
15	input_spectra/1-1A01.mzML	92	0	130.098937988281	1	9142.86	0.0
15	input_spectra/1-1A01.mzML	93	0	130.098937988281	1	9154.380000000001	0.0
61	input_spectra/1-1A01.mzML	94	0	202.182403564453	1	9253.86	0.0
61	input_spectra/1-1A01.mzML	95	0	202.182403564453	1	9304.68	0.0
61	input_spectra/1-1A01.mzML	96	0	202.182403564453	1	9355.5	0.0
4	input_spectra/1-1A01.mzML	97	0	118.087575276693	1	9767.1	0.0
4	input_spectra/1-1A01.mzML	98	0	118.087575276693	1	9778.56	0.0
4	input_spectra/1-1A01.mzML	99	0	118.087575276693	1	9817.92	0.0
4	input_spectra/1-1A01.mzML	100	0	118.087575276693	1	9829.380000000001	0.0
4	input_spectra/1-1A01.mzML	101	0	118.087575276693	1	9868.740000000002	0.0
4	input_spectra/1-1A01.mzML	102	0	118.087575276693	1	9880.199999999999	0.0
12	input_spectra/1-1A01.mzML	103	0	130.051445007324	1	9967.679999999998	0.0
13	input_spectra/1-1A01.mzML	104	0	130.051445007324	1	9979.14	0.0
12	input_spectra/1-1A01.mzML	105	0	130.051445007324	1	10018.5	0.0
13	input_spectra/1-1A01.mzML	106	0	130.051445007324	1	10029.96	0.0
12	input_spectra/1-1A01.mzML	107	0	130.051445007324	1	10069.32	0.0
13	input_spectra/1-1A01.mzML	108	0	130.051445007324	1	10080.84	0.0
4	input_spectra/1-1A01.mzML	109	0	118.087575276693	1	10937.82	0.0
4	input_spectra/1-1A01.mzML	110	0	118.087575276693	1	10949.28	0.0
4	input_spectra/1-1A01.mzML	111	0	118.087575276693	1	10988.64	0.0
4	input_spectra/1-1A01.mzML	112	0	118.087575276693	1	11000.16	0.0
4	input_spectra/1-1A01.mzML	113	0	118.087575276693	1	11039.519999999999	0.0
4	input_spectra/1-1A01.mzML	114	0	118.087575276693	1	11050.98	0.0
12	input_spectra/1-1A01.mzML	115	0	130.051445007324	1	11499.18	0.0
13	input_spectra/1-1A01.mzML	116	0	130.051445007324	1	11510.64	0.0
12	input_spectra/1-1A01.mzML	117	0	130.051445007324	1	11550.0	0.0
13	input_spectra/1-1A01.mzML	118	0	130.051445007324	1	11561.52	0.0
12	input_spectra/1-1A01.mzML	119	0	130.051445007324	1	11600.880000000001	0.0
13	input_spectra/1-1A01.mzML	120	0	130.051445007324	1	11612.34	0.0
21	input_spectra/1-1A01.mzML	121	0	132.103434244792	1	11623.8	0.0
20	input_spectra/1-1A01.mzML	122	0	132.103434244792	1	11635.32	0.0
21	input_spectra/1-1A01.mzML	123	0	132.103434244792	1	11674.68	0.0
20	input_spectra/1-1A01.mzML	124	0	132.103434244792	1	11686.14	0.0
182	input_spectra/1-1A01.mzML	125	0	568.279296875	1	11697.72	0.0
182	input_spectra/1-1A01.mzML	126	0	568.279296875	1	11709.24	0.0
21	input_spectra/1-1A01.mzML	127	0	132.103434244792	1	11748.6	0.0
20	input_spectra/1-1A01.mzML	128	0	132.103434244792	1	11760.06	0.0
182	input_spectra/1-1A01.mzML	129	0	568.279296875	1	11771.64	0.0
182	input_spectra/1-1A01.mzML	130	0	568.279296875	1	11783.16	0.0
89	input_spectra/1-1A01.mzML	131	0	268.107788085938	1	11794.619999999999	0.0
89	input_spectra/1-1A01.mzML	132	0	268.107788085938	1	11806.14	0.0
182	input_spectra/1-1A01.mzML	133	0	568.279296875	1	11891.58	0.0
182	input_spectra/1-1A01.mzML	134	0	568.279296875	1	11903.039999999999	0.0
36	input_spectra/1-1A01.mzML	135	0	155.083348592122	1	11914.56	0.0
36	input_spectra/1-1A01.mzML	136	0	155.083348592122	1	11926.08	0.0
163	input_spectra/1-1A01.mzML	137	0	511.257130940755	1	11937.6	0.0
163	input_spectra/1-1A01.mzML	138	0	511.257130940755	1	11949.119999999999	0.0
82	input_spectra/1-1A01.mzML	139	0	254.164169311523	1	11960.64	0.0
82	input_spectra/1-1A01.mzML	140	0	254.164169311523	1	11972.1	0.0
36	input_spectra/1-1A01.mzML	141	0	155.083348592122	1	12011.460000000001	0.0
36	input_spectra/1-1A01.mzML	142	0	155.083348592122	1	12022.92	0.0
163	input_spectra/1-1A01.mzML	143	0	511.257130940755	1	12034.5	0.0
163	input_spectra/1-1A01.mzML	144	0	511.257130940755	1	12046.02	0.0
9	input_spectra/1-1A01.mzML	145	0	121.066309611003	1	12057.48	0.0
9	input_spectra/1-1A01.mzML	146	0	121.066309611003	1	12069.0	0.0
82	input_spectra/1-1A01.mzML	147	0	254.164169311523	1	12080.460000000001	0.0
82	input_spectra/1-1A01.mzML	148	0	254.164169311523	1	12091.98	0.0
36	input_spectra/1-1A01.mzML	149	0	155.083348592122	1	12131.34	0.0
36	input_spectra/1-1A01.mzML	150	0	155.083348592122	1	12142.8	0.0
9	input_spectra/1-1A01.mzML	151	0	121.066309611003	1	12154.26	0.0
9	input_spectra/1-1A01.mzML	152	0	121.066309611003	1	12165.78	0.0
163	input_spectra/1-1A01.mzML	153	0	511.257130940755	1	12177.300000000001	0.0
163	input_spectra/1-1A01.mzML	154	0	511.257130940755	1	12188.82	0.0
26	input_spectra/1-1A01.mzML	155	0	138.092961629232	1	12200.34	0.0
27	input_spectra/1-1A01.mzML	156	0	138.092961629232	1	12211.8	0.0
9	input_spectra/1-1A01.mzML	157	0	121.066309611003	1	12251.16	0.0
9	input_spectra/1-1A01.mzML	158	0	121.066309611003	1	12262.62	0.0
26	input_spectra/1-1A01.mzML	159	0	138.092961629232	1	12274.08	0.0
27	input_spectra/1-1A01.mzML	160	0	138.092961629232	1	12285.599999999999	0.0
81	input_spectra/1-1A01.mzML	161	0	245.152587890625	1	12297.06	0.0
81	input_spectra/1-1A01.mzML	162	0	245.152587890625	1	12308.58	0.0
26	input_spectra/1-1A01.mzML	163	0	138.092961629232	1	12347.94	0.0
27	input_spectra/1-1A01.mzML	164	0	138.092961629232	1	12359.400000000001	0.0
81	input_spectra/1-1A01.mzML	165	0	245.152587890625	1	12370.92	0.0
81	input_spectra/1-1A01.mzML	166	0	245.152587890625	1	12382.38	0.0
81	input_spectra/1-1A01.mzML	167	0	245.152587890625	1	12421.8	0.0
81	input_spectra/1-1A01.mzML	168	0	245.152587890625	1	12433.26	0.0
76	input_spectra/1-1A01.mzML	169	0	237.089752197266	1	12652.980000000001	0.0
76	input_spectra/1-1A01.mzML	170	0	237.089752197266	1	12703.86	0.0
36	input_spectra/1-1A01.mzML	171	0	155.083348592122	1	13127.52	0.0
36	input_spectra/1-1A01.mzML	172	0	155.083348592122	1	13138.98	0.0
36	input_spectra/1-1A01.mzML	173	0	155.083348592122	1	13178.34	0.0
36	input_spectra/1-1A01.mzML	174	0	155.083348592122	1	13189.800000000001	0.0
36	input_spectra/1-1A01.mzML	175	0	155.083348592122	1	13229.22	0.0
36	input_spectra/1-1A01.mzML	176	0	155.083348592122	1	13240.68	0.0
40	input_spectra/1-1A01.mzML	177	0	160.077713012695	1	13436.34	0.0
40	input_spectra/1-1A01.mzML	178	0	160.077713012695	1	13447.86	0.0
40	input_spectra/1-1A01.mzML	179	0	160.077713012695	1	13487.220000000001	0.0
40	input_spectra/1-1A01.mzML	180	0	160.077713012695	1	13498.68	0.0
40	input_spectra/1-1A01.mzML	181	0	160.077713012695	1	13538.039999999999	0.0
40	input_spectra/1-1A01.mzML	182	0	160.077713012695	1	13549.5	0.0
65	input_spectra/1-1A01.mzML	183	0	211.110229492188	1	14875.5	0.0
65	input_spectra/1-1A01.mzML	184	0	211.110229492188	1	14886.960000000001	0.0
65	input_spectra/1-1A01.mzML	185	0	211.110229492188	1	14926.38	0.0
65	input_spectra/1-1A01.mzML	186	0	211.110229492188	1	14937.84	0.0
65	input_spectra/1-1A01.mzML	187	0	211.110229492188	1	14977.26	0.0
65	input_spectra/1-1A01.mzML	188	0	211.110229492188	1	14988.720000000001	0.0
43	input_spectra/1-1A01.mzML	189	0	166.088460286458	1	16690.14	0.0
44	input_spectra/1-1A01.mzML	190	0	166.088460286458	1	16701.66	0.0
43	input_spectra/1-1A01.mzML	191	0	166.088460286458	1	16741.02	0.0
44	input_spectra/1-1A01.mzML	192	0	166.088460286458	1	16752.480000000003	0.0
43	input_spectra/1-1A01.mzML	193	0	166.088460286458	1	16791.84	0.0
44	input_spectra/1-1A01.mzML	194	0	166.088460286458	1	16803.3	0.0
5	input_spectra/1-1A01.mzML	195	0	120.08211517334	1	16842.66	0.0
6	input_spectra/1-1A01.mzML	196	0	120.08211517334	1	16854.18	0.0
5	input_spectra/1-1A01.mzML	197	0	120.08211517334	1	16893.54	0.0
6	input_spectra/1-1A01.mzML	198	0	120.08211517334	1	16905.0	0.0
5	input_spectra/1-1A01.mzML	199	0	120.08211517334	1	16944.36	0.0
6	input_spectra/1-1A01.mzML	200	0	120.08211517334	1	16955.82	0.0
28	input_spectra/1-1A01.mzML	201	0	141.960077921549	1	18714.719999999998	0.0
28	input_spectra/1-1A01.mzML	202	0	141.960077921549	1	18726.18	0.0
28	input_spectra/1-1A01.mzML	203	0	141.960077921549	1	18777.54	0.0
28	input_spectra/1-1A01.mzML	204	0	141.960077921549	1	18789.06	0.0
28	input_spectra/1-1A01.mzML	205	0	141.960077921549	1	18828.420000000002	0.0
28	input_spectra/1-1A01.mzML	206	0	141.960077921549	1	18839.940000000002	0.0
28	input_spectra/1-1A01.mzML	207	0	141.960077921549	1	19937.46	0.0
28	input_spectra/1-1A01.mzML	208	0	141.960077921549	1	19948.920000000002	0.0
28	input_spectra/1-1A01.mzML	209	0	141.960077921549	1	20060.46	0.0
28	input_spectra/1-1A01.mzML	210	0	141.960077921549	1	20071.92	0.0
28	input_spectra/1-1A01.mzML	211	0	141.960077921549	1	20158.32	0.0
28	input_spectra/1-1A01.mzML	212	0	141.960077921549	1	20169.78	0.0
224	input_spectra/1-1A01.mzML	213	0	736.37021891276	1	23934.3	0.0
228	input_spectra/1-1A01.mzML	214	0	766.382446289063	1	23985.12	0.0
228	input_spectra/1-1A01.mzML	215	0	766.382446289063	1	24036.06	0.0
224	input_spectra/1-1A01.mzML	216	0	736.37021891276	1	24059.100000000002	0.0
228	input_spectra/1-1A01.mzML	217	0	766.382446289063	1	24109.980000000003	0.0
224	input_spectra/1-1A01.mzML	218	0	736.37021891276	1	24133.08	0.0
183	input_spectra/1-1A01.mzML	219	0	569.300272623698	1	24172.38	0.0
184	input_spectra/1-1A01.mzML	220	0	569.300272623698	1	24183.9	0.0
236	input_spectra/1-1A01.mzML	221	0	879.478373209635	1	24234.84	0.0
183	input_spectra/1-1A01.mzML	222	0	569.300272623698	1	24246.36	0.0
184	input_spectra/1-1A01.mzML	223	0	569.300272623698	1	24257.88	0.0
209	input_spectra/1-1A01.mzML	224	0	618.33203125	1	24269.4	0.0
210	input_spectra/1-1A01.mzML	225	0	618.33203125	1	24280.920000000002	0.0
236	input_spectra/1-1A01.mzML	226	0	879.478373209635	1	24331.8	0.0
183	input_spectra/1-1A01.mzML	227	0	569.300272623698	1	24343.38	0.0
184	input_spectra/1-1A01.mzML	228	0	569.300272623698	1	24354.9	0.0
209	input_spectra/1-1A01.mzML	229	0	618.33203125	1	24366.420000000002	0.0
210	input_spectra/1-1A01.mzML	230	0	618.33203125	1	24377.94	0.0
209	input_spectra/1-1A01.mzML	231	0	618.33203125	1	24417.3	0.0
210	input_spectra/1-1A01.mzML	232	0	618.33203125	1	24428.82	0.0
200	input_spectra/1-1A01.mzML	233	0	602.285176595052	1	24515.399999999998	0.0
201	input_spectra/1-1A01.mzML	234	0	602.285176595052	1	24526.92	0.0
139	input_spectra/1-1A01.mzML	235	0	440.242980957031	1	24538.44	0.0
139	input_spectra/1-1A01.mzML	236	0	440.242980957031	1	24549.96	0.0
200	input_spectra/1-1A01.mzML	237	0	602.285176595052	1	24589.32	0.0
201	input_spectra/1-1A01.mzML	238	0	602.285176595052	1	24600.84	0.0
200	input_spectra/1-1A01.mzML	239	0	602.285176595052	1	24640.2	0.0
201	input_spectra/1-1A01.mzML	240	0	602.285176595052	1	24651.72	0.0
190	input_spectra/1-1A01.mzML	241	0	573.294514973958	1	24799.32	0.0
191	input_spectra/1-1A01.mzML	242	0	573.294514973958	1	24810.84	0.0
190	input_spectra/1-1A01.mzML	243	0	573.294514973958	1	24862.26	0.0
191	input_spectra/1-1A01.mzML	244	0	573.294514973958	1	24873.78	0.0
190	input_spectra/1-1A01.mzML	245	0	573.294514973958	1	24913.14	0.0
191	input_spectra/1-1A01.mzML	246	0	573.294514973958	1	24924.66	0.0
188	input_spectra/1-1A01.mzML	247	0	571.262288411458	1	24988.08	0.0
188	input_spectra/1-1A01.mzML	248	0	571.262288411458	1	24999.600000000002	0.0
188	input_spectra/1-1A01.mzML	249	0	571.262288411458	1	25038.96	0.0
188	input_spectra/1-1A01.mzML	250	0	571.262288411458	1	25050.48	0.0
188	input_spectra/1-1A01.mzML	251	0	571.262288411458	1	25089.84	0.0
188	input_spectra/1-1A01.mzML	252	0	571.262288411458	1	25101.36	0.0
129	input_spectra/1-1A01.mzML	253	0	417.203094482422	1	25112.88	0.0
129	input_spectra/1-1A01.mzML	254	0	417.203094482422	1	25124.4	0.0
100	input_spectra/1-1A01.mzML	255	0	300.205535888672	1	25163.760000000002	0.0
100	input_spectra/1-1A01.mzML	256	0	300.205535888672	1	25175.22	0.0
177	input_spectra/1-1A01.mzML	257	0	553.305094401042	1	25209.719999999998	0.0
177	input_spectra/1-1A01.mzML	258	0	553.305094401042	1	25221.239999999998	0.0
129	input_spectra/1-1A01.mzML	259	0	417.203094482422	1	25255.8	0.0
129	input_spectra/1-1A01.mzML	260	0	417.203094482422	1	25267.26	0.0
177	input_spectra/1-1A01.mzML	261	0	553.305094401042	1	25306.68	0.0
177	input_spectra/1-1A01.mzML	262	0	553.305094401042	1	25318.2	0.0
100	input_spectra/1-1A01.mzML	263	0	300.205535888672	1	25329.719999999998	0.0
178	input_spectra/1-1A01.mzML	264	0	557.300262451172	1	25375.739999999998	0.0
179	input_spectra/1-1A01.mzML	265	0	557.300262451172	1	25387.26	0.0
218	input_spectra/1-1A01.mzML	266	0	654.353271484375	1	25449.66	0.0
218	input_spectra/1-1A01.mzML	267	0	654.353271484375	1	25461.18	0.0
177	input_spectra/1-1A01.mzML	268	0	553.305094401042	1	25472.7	0.0
177	input_spectra/1-1A01.mzML	269	0	553.305094401042	1	25484.22	0.0
178	input_spectra/1-1A01.mzML	270	0	557.300262451172	1	25495.68	0.0
179	input_spectra/1-1A01.mzML	271	0	557.300262451172	1	25507.2	0.0
234	input_spectra/1-1A01.mzML	272	0	835.44081624349	1	25518.78	0.0
235	input_spectra/1-1A01.mzML	273	0	835.44081624349	1	25530.359999999997	0.0
192	input_spectra/1-1A01.mzML	274	0	577.268432617188	1	25553.399999999998	0.0
234	input_spectra/1-1A01.mzML	275	0	835.44081624349	1	25592.76	0.0
235	input_spectra/1-1A01.mzML	276	0	835.44081624349	1	25604.34	0.0
238	input_spectra/1-1A01.mzML	277	0	936.488983154297	1	25615.86	0.0
239	input_spectra/1-1A01.mzML	278	0	936.488983154297	1	25627.440000000002	0.0
218	input_spectra/1-1A01.mzML	279	0	654.353271484375	1	25638.96	0.0
218	input_spectra/1-1A01.mzML	280	0	654.353271484375	1	25650.48	0.0
192	input_spectra/1-1A01.mzML	281	0	577.268432617188	1	25673.52	0.0
235	input_spectra/1-1A01.mzML	282	0	835.44081624349	1	25724.46	0.0
238	input_spectra/1-1A01.mzML	283	0	936.488983154297	1	25736.04	0.0
239	input_spectra/1-1A01.mzML	284	0	936.488983154297	1	25747.559999999998	0.0
138	input_spectra/1-1A01.mzML	285	0	440.219940185547	1	25782.24	0.0
138	input_spectra/1-1A01.mzML	286	0	440.219940185547	1	25793.699999999997	0.0
115	input_spectra/1-1A01.mzML	287	0	344.232330322266	1	25856.22	0.0
115	input_spectra/1-1A01.mzML	288	0	344.232330322266	1	25867.8	0.0
215	input_spectra/1-1A01.mzML	289	0	648.306182861328	1	25902.3	0.0
216	input_spectra/1-1A01.mzML	290	0	648.306182861328	1	25913.82	0.0
115	input_spectra/1-1A01.mzML	291	0	344.232330322266	1	25999.260000000002	0.0
215	input_spectra/1-1A01.mzML	292	0	648.306182861328	1	26022.3	0.0
216	input_spectra/1-1A01.mzML	293	0	648.306182861328	1	26033.82	0.0
198	input_spectra/1-1A01.mzML	294	0	585.295532226563	1	26091.36	0.0
198	input_spectra/1-1A01.mzML	295	0	585.295532226563	1	26102.88	0.0
198	input_spectra/1-1A01.mzML	296	0	585.295532226563	1	26142.24	0.0
198	input_spectra/1-1A01.mzML	297	0	585.295532226563	1	26153.760000000002	0.0
124	input_spectra/1-1A01.mzML	298	0	388.25932820638	1	26193.120000000003	0.0
124	input_spectra/1-1A01.mzML	299	0	388.25932820638	1	26204.640000000003	0.0
124	input_spectra/1-1A01.mzML	300	0	388.25932820638	1	26244.0	0.0
124	input_spectra/1-1A01.mzML	301	0	388.25932820638	1	26255.46	0.0
120	input_spectra/1-1A01.mzML	302	0	371.231872558594	1	26289.96	0.0
120	input_spectra/1-1A01.mzML	303	0	371.231872558594	1	26301.48	0.0
137	input_spectra/1-1A01.mzML	304	0	439.269714355469	1	26313.0	0.0
137	input_spectra/1-1A01.mzML	305	0	439.269714355469	1	26324.52	0.0
124	input_spectra/1-1A01.mzML	306	0	388.25932820638	1	26363.88	0.0
124	input_spectra/1-1A01.mzML	307	0	388.25932820638	1	26375.399999999998	0.0
120	input_spectra/1-1A01.mzML	308	0	371.231872558594	1	26409.84	0.0
137	input_spectra/1-1A01.mzML	309	0	439.269714355469	1	26432.88	0.0
137	input_spectra/1-1A01.mzML	310	0	439.269714355469	1	26444.4	0.0
136	input_spectra/1-1A01.mzML	311	0	432.286458333333	1	26506.8	0.0
136	input_spectra/1-1A01.mzML	312	0	432.286458333333	1	26518.32	0.0
136	input_spectra/1-1A01.mzML	313	0	432.286458333333	1	26580.72	0.0
136	input_spectra/1-1A01.mzML	314	0	432.286458333333	1	26592.18	0.0
128	input_spectra/1-1A01.mzML	315	0	415.258529663086	1	26626.739999999998	0.0
128	input_spectra/1-1A01.mzML	316	0	415.258529663086	1	26638.2	0.0
154	input_spectra/1-1A01.mzML	317	0	483.29736328125	1	26649.719999999998	0.0
154	input_spectra/1-1A01.mzML	318	0	483.29736328125	1	26661.239999999998	0.0
136	input_spectra/1-1A01.mzML	319	0	432.286458333333	1	26723.64	0.0
136	input_spectra/1-1A01.mzML	320	0	432.286458333333	1	26735.1	0.0
128	input_spectra/1-1A01.mzML	321	0	415.258529663086	1	26769.66	0.0
29	input_spectra/1-1A01.mzML	322	0	146.061996459961	1	26804.100000000002	0.0
154	input_spectra/1-1A01.mzML	323	0	483.29736328125	1	26815.68	0.0
154	input_spectra/1-1A01.mzML	324	0	483.29736328125	1	26827.140000000003	0.0
151	input_spectra/1-1A01.mzML	325	0	476.314315795898	1	26866.56	0.0
151	input_spectra/1-1A01.mzML	326	0	476.314315795898	1	26878.02	0.0
71	input_spectra/1-1A01.mzML	327	0	227.142293294271	1	26912.58	0.0
71	input_spectra/1-1A01.mzML	328	0	227.142293294271	1	26924.039999999997	0.0
170	input_spectra/1-1A01.mzML	329	0	527.323791503906	1	26958.6	0.0
170	input_spectra/1-1A01.mzML	330	0	527.323791503906	1	26970.12	0.0
151	input_spectra/1-1A01.mzML	331	0	476.314315795898	1	27009.48	0.0
151	input_spectra/1-1A01.mzML	332	0	476.314315795898	1	27021.0	0.0
71	input_spectra/1-1A01.mzML	333	0	227.142293294271	1	27032.519999999997	0.0
71	input_spectra/1-1A01.mzML	334	0	227.142293294271	1	27043.98	0.0
166	input_spectra/1-1A01.mzML	335	0	520.339965820313	1	27055.5	0.0
166	input_spectra/1-1A01.mzML	336	0	520.339965820313	1	27067.02	0.0
166	input_spectra/1-1A01.mzML	337	0	520.339965820313	1	27152.46	0.0
166	input_spectra/1-1A01.mzML	338	0	520.339965820313	1	27163.98	0.0
211	input_spectra/1-1A01.mzML	339	0	619.316670735677	1	27221.579999999998	0.0
211	input_spectra/1-1A01.mzML	340	0	619.316670735677	1	27233.1	0.0
72	input_spectra/1-1A01.mzML	341	0	227.142293294271	1	27244.62	0.0
71	input_spectra/1-1A01.mzML	342	0	227.142293294271	1	27256.079999999998	0.0
181	input_spectra/1-1A01.mzML	343	0	564.366516113281	1	27295.5	0.0
181	input_spectra/1-1A01.mzML	344	0	564.366516113281	1	27307.02	0.0
211	input_spectra/1-1A01.mzML	345	0	619.316670735677	1	27318.54	0.0
211	input_spectra/1-1A01.mzML	346	0	619.316670735677	1	27330.059999999998	0.0
166	input_spectra/1-1A01.mzML	347	0	520.339965820313	1	27341.579999999998	0.0
166	input_spectra/1-1A01.mzML	348	0	520.339965820313	1	27353.1	0.0
185	input_spectra/1-1A01.mzML	349	0	569.320983886719	1	27364.62	0.0
186	input_spectra/1-1A01.mzML	350	0	569.320983886719	1	27376.14	0.0
180	input_spectra/1-1A01.mzML	351	0	562.29443359375	1	27387.6	0.0
180	input_spectra/1-1A01.mzML	352	0	562.29443359375	1	27399.12	0.0
203	input_spectra/1-1A01.mzML	353	0	608.393127441406	1	27438.54	0.0
203	input_spectra/1-1A01.mzML	354	0	608.393127441406	1	27450.059999999998	0.0
181	input_spectra/1-1A01.mzML	355	0	564.366516113281	1	27461.579999999998	0.0
181	input_spectra/1-1A01.mzML	356	0	564.366516113281	1	27473.1	0.0
211	input_spectra/1-1A01.mzML	357	0	619.316670735677	1	27484.62	0.0
211	input_spectra/1-1A01.mzML	358	0	619.316670735677	1	27496.14	0.0
85	input_spectra/1-1A01.mzML	359	0	261.126708984375	1	27507.66	0.0
85	input_spectra/1-1A01.mzML	360	0	261.126708984375	1	27519.18	0.0
203	input_spectra/1-1A01.mzML	361	0	608.393127441406	1	27581.579999999998	0.0
203	input_spectra/1-1A01.mzML	362	0	608.393127441406	1	27593.1	0.0
217	input_spectra/1-1A01.mzML	363	0	652.420074462891	1	27604.62	0.0
217	input_spectra/1-1A01.mzML	364	0	652.420074462891	1	27616.14	0.0
85	input_spectra/1-1A01.mzML	365	0	261.126708984375	1	27627.66	0.0
3	input_spectra/1-1A01.mzML	366	0	117.074516296387	1	27673.739999999998	0.0
3	input_spectra/1-1A01.mzML	367	0	117.074516296387	1	27685.2	0.0
217	input_spectra/1-1A01.mzML	368	0	652.420074462891	1	27724.62	0.0
217	input_spectra/1-1A01.mzML	369	0	652.420074462891	1	27736.14	0.0
222	input_spectra/1-1A01.mzML	370	0	696.446258544922	1	27747.66	0.0
222	input_spectra/1-1A01.mzML	371	0	696.446258544922	1	27759.18	0.0
3	input_spectra/1-1A01.mzML	372	0	117.074516296387	1	27770.7	0.0
3	input_spectra/1-1A01.mzML	373	0	117.074516296387	1	27782.16	0.0
203	input_spectra/1-1A01.mzML	374	0	608.393127441406	1	27793.739999999998	0.0
203	input_spectra/1-1A01.mzML	375	0	608.393127441406	1	27805.26	0.0
222	input_spectra/1-1A01.mzML	376	0	696.446258544922	1	27867.66	0.0
222	input_spectra/1-1A01.mzML	377	0	696.446258544922	1	27879.18	0.0
225	input_spectra/1-1A01.mzML	378	0	740.472930908203	1	27890.760000000002	0.0
225	input_spectra/1-1A01.mzML	379	0	740.472930908203	1	27902.28	0.0
3	input_spectra/1-1A01.mzML	380	0	117.074516296387	1	27936.78	0.0
3	input_spectra/1-1A01.mzML	381	0	117.074516296387	1	27948.239999999998	0.0
79	input_spectra/1-1A01.mzML	382	0	243.137031555176	1	27987.6	0.0
79	input_spectra/1-1A01.mzML	383	0	243.137031555176	1	27999.06	0.0
225	input_spectra/1-1A01.mzML	384	0	740.472930908203	1	28010.64	0.0
225	input_spectra/1-1A01.mzML	385	0	740.472930908203	1	28022.16	0.0
231	input_spectra/1-1A01.mzML	386	0	784.499053955078	1	28033.739999999998	0.0
231	input_spectra/1-1A01.mzML	387	0	784.499053955078	1	28045.26	0.0
86	input_spectra/1-1A01.mzML	388	0	261.126708984375	1	28084.62	0.0
86	input_spectra/1-1A01.mzML	389	0	261.126708984375	1	28096.14	0.0
231	input_spectra/1-1A01.mzML	390	0	784.499053955078	1	28107.72	0.0
231	input_spectra/1-1A01.mzML	391	0	784.499053955078	1	28119.239999999998	0.0
79	input_spectra/1-1A01.mzML	392	0	243.137031555176	1	28130.760000000002	0.0
48	input_spectra/1-1A01.mzML	393	0	180.104133605957	1	28153.739999999998	0.0
49	input_spectra/1-1A01.mzML	394	0	180.104133605957	1	28165.2	0.0
48	input_spectra/1-1A01.mzML	395	0	180.104133605957	1	28204.56	0.0
49	input_spectra/1-1A01.mzML	396	0	180.104133605957	1	28216.079999999998	0.0
134	input_spectra/1-1A01.mzML	397	0	430.249252319336	1	28290.960000000003	0.0
134	input_spectra/1-1A01.mzML	398	0	430.249252319336	1	28341.84	0.0
66	input_spectra/1-1A01.mzML	399	0	211.146743774414	1	28353.36	0.0
66	input_spectra/1-1A01.mzML	400	0	211.146743774414	1	28364.82	0.0
66	input_spectra/1-1A01.mzML	401	0	211.146743774414	1	28404.12	0.0
66	input_spectra/1-1A01.mzML	402	0	211.146743774414	1	28415.64	0.0
66	input_spectra/1-1A01.mzML	403	0	211.146743774414	1	28455.0	0.0
66	input_spectra/1-1A01.mzML	404	0	211.146743774414	1	28466.46	0.0
80	input_spectra/1-1A01.mzML	405	0	245.131622314453	1	28926.72	0.0
80	input_spectra/1-1A01.mzML	406	0	245.131622314453	1	28938.18	0.0
80	input_spectra/1-1A01.mzML	407	0	245.131622314453	1	28977.54	0.0
80	input_spectra/1-1A01.mzML	408	0	245.131622314453	1	28989.06	0.0
135	input_spectra/1-1A01.mzML	409	0	431.210306803385	1	32106.66	0.0
135	input_spectra/1-1A01.mzML	410	0	431.210306803385	1	32118.18	0.0
135	input_spectra/1-1A01.mzML	411	0	431.210306803385	1	32157.539999999997	0.0
135	input_spectra/1-1A01.mzML	412	0	431.210306803385	1	32169.059999999998	0.0
135	input_spectra/1-1A01.mzML	413	0	431.210306803385	1	32208.420000000002	0.0
135	input_spectra/1-1A01.mzML	414	0	431.210306803385	1	32219.940000000002	0.0
106	input_spectra/1-1A01.mzML	415	0	328.273640369234	1	32259.3	0.0
105	input_spectra/1-1A01.mzML	416	0	328.273640369234	1	32270.760000000002	0.0
104	input_spectra/1-1A01.mzML	417	0	328.273640369234	1	32310.119999999995	0.0
104	input_spectra/1-1A01.mzML	418	0	328.273640369234	1	32321.64	0.0
104	input_spectra/1-1A01.mzML	419	0	328.273640369234	1	32361.0	0.0
105	input_spectra/1-1A01.mzML	420	0	328.273640369234	1	32372.52	0.0
92	input_spectra/1-1A01.mzML	421	0	274.278849283854	1	32579.7	0.0
91	input_spectra/1-1A01.mzML	422	0	274.278849283854	1	32619.0	0.0
149	input_spectra/1-1A01.mzML	423	0	466.324055989583	1	32987.58	0.0
149	input_spectra/1-1A01.mzML	424	0	466.324055989583	1	33061.44	0.0
175	input_spectra/1-1A01.mzML	425	0	534.362365722656	1	33072.96	0.0
175	input_spectra/1-1A01.mzML	426	0	534.362365722656	1	33084.48	0.0
175	input_spectra/1-1A01.mzML	427	0	534.362365722656	1	33169.86	0.0
237	input_spectra/1-1A01.mzML	428	0	931.638793945313	1	33238.979999999996	0.0
175	input_spectra/1-1A01.mzML	429	0	534.362365722656	1	33289.92	0.0
175	input_spectra/1-1A01.mzML	430	0	534.362365722656	1	33301.44	0.0
105	input_spectra/1-1A01.mzML	431	0	328.273640369234	1	33399.899999999994	0.0
106	input_spectra/1-1A01.mzML	432	0	328.273640369234	1	33411.42	0.0
107	input_spectra/1-1A01.mzML	433	0	328.273640369234	1	33450.78	0.0
104	input_spectra/1-1A01.mzML	434	0	328.273640369234	1	33462.24	0.0
109	input_spectra/1-1A01.mzML	435	0	328.273640369234	1	33501.659999999996	0.0
104	input_spectra/1-1A01.mzML	436	0	328.273640369234	1	33513.12	0.0
165	input_spectra/1-1A01.mzML	437	0	517.2470703125	1	34297.98	0.0
165	input_spectra/1-1A01.mzML	438	0	517.2470703125	1	34309.5	0.0
165	input_spectra/1-1A01.mzML	439	0	517.2470703125	1	34348.92	0.0
165	input_spectra/1-1A01.mzML	440	0	517.2470703125	1	34360.38	0.0
165	input_spectra/1-1A01.mzML	441	0	517.2470703125	1	34399.8	0.0
165	input_spectra/1-1A01.mzML	442	0	517.2470703125	1	34411.259999999995	0.0
107	input_spectra/1-1A01.mzML	443	0	328.273640369234	1	34534.86	0.0
107	input_spectra/1-1A01.mzML	444	0	328.273640369234	1	34546.32	0.0
108	input_spectra/1-1A01.mzML	445	0	328.273640369234	1	34585.68	0.0
105	input_spectra/1-1A01.mzML	446	0	328.273640369234	1	34597.14	0.0
74	input_spectra/1-1A01.mzML	447	0	230.251571655273	1	34608.66	0.0
74	input_spectra/1-1A01.mzML	448	0	230.251571655273	1	34620.119999999995	0.0
74	input_spectra/1-1A01.mzML	449	0	230.251571655273	1	34659.54	0.0
74	input_spectra/1-1A01.mzML	450	0	230.251571655273	1	34671.0	0.0
106	input_spectra/1-1A01.mzML	451	0	328.273640369234	1	34682.520000000004	0.0
109	input_spectra/1-1A01.mzML	452	0	328.273640369234	1	34693.979999999996	0.0
74	input_spectra/1-1A01.mzML	453	0	230.251571655273	1	34733.28	0.0
74	input_spectra/1-1A01.mzML	454	0	230.251571655273	1	34744.8	0.0
108	input_spectra/1-1A01.mzML	455	0	328.273640369234	1	35674.14	0.0
104	input_spectra/1-1A01.mzML	456	0	328.273640369234	1	35685.6	0.0
111	input_spectra/1-1A01.mzML	457	0	328.273640369234	1	35724.96000000001	0.0
105	input_spectra/1-1A01.mzML	458	0	328.273640369234	1	35736.479999999996	0.0
107	input_spectra/1-1A01.mzML	459	0	328.273640369234	1	35775.840000000004	0.0
107	input_spectra/1-1A01.mzML	460	0	328.273640369234	1	35787.36	0.0
172	input_spectra/1-1A01.mzML	461	0	533.333923339844	1	35798.880000000005	0.0
173	input_spectra/1-1A01.mzML	462	0	533.333923339844	1	35810.4	0.0
172	input_spectra/1-1A01.mzML	463	0	533.333923339844	1	35849.76	0.0
160	input_spectra/1-1A01.mzML	464	0	498.297037760417	1	35884.26	0.0
172	input_spectra/1-1A01.mzML	465	0	533.333923339844	1	35923.619999999995	0.0
173	input_spectra/1-1A01.mzML	466	0	533.333923339844	1	35935.14	0.0
202	input_spectra/1-1A01.mzML	467	0	603.284240722656	1	36421.14	0.0
202	input_spectra/1-1A01.mzML	468	0	603.284240722656	1	36432.66	0.0
104	input_spectra/1-1A01.mzML	469	0	328.273640369234	1	36820.74	0.0
107	input_spectra/1-1A01.mzML	470	0	328.273640369234	1	36832.26	0.0
105	input_spectra/1-1A01.mzML	471	0	328.273640369234	1	36871.56	0.0
105	input_spectra/1-1A01.mzML	472	0	328.273640369234	1	36883.079999999994	0.0
111	input_spectra/1-1A01.mzML	473	0	328.273640369234	1	36922.44	0.0
109	input_spectra/1-1A01.mzML	474	0	328.273640369234	1	36933.9	0.0
152	input_spectra/1-1A01.mzML	475	0	477.339553833008	1	37065.3	0.0
152	input_spectra/1-1A01.mzML	476	0	477.339553833008	1	37076.82	0.0
152	input_spectra/1-1A01.mzML	477	0	477.339553833008	1	37185.18	0.0
152	input_spectra/1-1A01.mzML	478	0	477.339553833008	1	37196.700000000004	0.0
233	input_spectra/1-1A01.mzML	479	0	817.594787597656	1	37208.28	0.0
233	input_spectra/1-1A01.mzML	480	0	817.594787597656	1	37219.8	0.0
106	input_spectra/1-1A01.mzML	481	0	328.273640369234	1	37959.420000000006	0.0
108	input_spectra/1-1A01.mzML	482	0	328.273640369234	1	37970.88	0.0
105	input_spectra/1-1A01.mzML	483	0	328.273640369234	1	38010.24	0.0
105	input_spectra/1-1A01.mzML	484	0	328.273640369234	1	38021.700000000004	0.0
106	input_spectra/1-1A01.mzML	485	0	328.273640369234	1	38061.06	0.0
109	input_spectra/1-1A01.mzML	486	0	328.273640369234	1	38072.58	0.0
83	input_spectra/1-1A01.mzML	487	0	258.283487955729	1	38291.28	0.0
83	input_spectra/1-1A01.mzML	488	0	258.283487955729	1	38302.74	0.0
83	input_spectra/1-1A01.mzML	489	0	258.283487955729	1	38365.14	0.0
83	input_spectra/1-1A01.mzML	490	0	258.283487955729	1	38376.6	0.0
83	input_spectra/1-1A01.mzML	491	0	258.283487955729	1	38438.94	0.0
83	input_spectra/1-1A01.mzML	492	0	258.283487955729	1	38450.4	0.0
102	input_spectra/1-1A01.mzML	493	0	304.305419921875	1	38837.520000000004	0.0
102	input_spectra/1-1A01.mzML	494	0	304.305419921875	1	38848.979999999996	0.0
102	input_spectra/1-1A01.mzML	495	0	304.305419921875	1	38888.340000000004	0.0
102	input_spectra/1-1A01.mzML	496	0	304.305419921875	1	38899.86	0.0
102	input_spectra/1-1A01.mzML	497	0	304.305419921875	1	38939.22	0.0
102	input_spectra/1-1A01.mzML	498	0	304.305419921875	1	38950.74	0.0
111	input_spectra/1-1A01.mzML	499	0	328.273640369234	1	39098.340000000004	0.0
109	input_spectra/1-1A01.mzML	500	0	328.273640369234	1	39109.8	0.0
105	input_spectra/1-1A01.mzML	501	0	328.273640369234	1	39149.159999999996	0.0
107	input_spectra/1-1A01.mzML	502	0	328.273640369234	1	39160.62	0.0
107	input_spectra/1-1A01.mzML	503	0	328.273640369234	1	39200.03999999999	0.0
109	input_spectra/1-1A01.mzML	504	0	328.273640369234	1	39211.5	0.0
105	input_spectra/1-1A01.mzML	505	0	328.273640369234	1	40236.9	0.0
109	input_spectra/1-1A01.mzML	506	0	328.273640369234	1	40248.36	0.0
111	input_spectra/1-1A01.mzML	507	0	328.273640369234	1	40287.72	0.0
105	input_spectra/1-1A01.mzML	508	0	328.273640369234	1	40299.24	0.0
105	input_spectra/1-1A01.mzML	509	0	328.273640369234	1	40338.6	0.0
109	input_spectra/1-1A01.mzML	510	0	328.273640369234	1	40350.119999999995	0.0
111	input_spectra/1-1A01.mzML	511	0	328.273640369234	1	41375.46	0.0
109	input_spectra/1-1A01.mzML	512	0	328.273640369234	1	41386.98	0.0
111	input_spectra/1-1A01.mzML	513	0	328.273640369234	1	41426.34	0.0
108	input_spectra/1-1A01.mzML	514	0	328.273640369234	1	41437.8	0.0
105	input_spectra/1-1A01.mzML	515	0	328.273640369234	1	41477.22	0.0
109	input_spectra/1-1A01.mzML	516	0	328.273640369234	1	41488.68	0.0
111	input_spectra/1-1A01.mzML	517	0	328.273640369234	1	42514.08	0.0
107	input_spectra/1-1A01.mzML	518	0	328.273640369234	1	42525.54	0.0
111	input_spectra/1-1A01.mzML	519	0	328.273640369234	1	42564.899999999994	0.0
108	input_spectra/1-1A01.mzML	520	0	328.273640369234	1	42576.42	0.0
111	input_spectra/1-1A01.mzML	521	0	328.273640369234	1	42615.78	0.0
107	input_spectra/1-1A01.mzML	522	0	328.273640369234	1	42627.24	0.0
113	input_spectra/1-1A01.mzML	523	0	332.337066650391	1	42955.2	0.0
113	input_spectra/1-1A01.mzML	524	0	332.337066650391	1	42966.72	0.0
113	input_spectra/1-1A01.mzML	525	0	332.337066650391	1	43006.020000000004	0.0
113	input_spectra/1-1A01.mzML	526	0	332.337066650391	1	43017.53999999999	0.0
113	input_spectra/1-1A01.mzML	527	0	332.337066650391	1	43056.96	0.0
113	input_spectra/1-1A01.mzML	528	0	332.337066650391	1	43068.42	0.0
153	input_spectra/1-1A01.mzML	529	0	483.257039388021	1	43588.8	0.0
153	input_spectra/1-1A01.mzML	530	0	483.257039388021	1	43600.26	0.0
153	input_spectra/1-1A01.mzML	531	0	483.257039388021	1	43639.62	0.0
153	input_spectra/1-1A01.mzML	532	0	483.257039388021	1	43651.14	0.0
162	input_spectra/1-1A01.mzML	533	0	499.236297607422	1	43662.66	0.0
162	input_spectra/1-1A01.mzML	534	0	499.236297607422	1	43674.18	0.0
111	input_spectra/1-1A01.mzML	535	0	328.273640369234	1	43713.479999999996	0.0
107	input_spectra/1-1A01.mzML	536	0	328.273640369234	1	43724.94	0.0
153	input_spectra/1-1A01.mzML	537	0	483.257039388021	1	43736.520000000004	0.0
153	input_spectra/1-1A01.mzML	538	0	483.257039388021	1	43747.98	0.0
162	input_spectra/1-1A01.mzML	539	0	499.236297607422	1	43759.5	0.0
162	input_spectra/1-1A01.mzML	540	0	499.236297607422	1	43771.020000000004	0.0
107	input_spectra/1-1A01.mzML	541	0	328.273640369234	1	43810.38	0.0
108	input_spectra/1-1A01.mzML	542	0	328.273640369234	1	43821.9	0.0
162	input_spectra/1-1A01.mzML	543	0	499.236297607422	1	43833.42	0.0
162	input_spectra/1-1A01.mzML	544	0	499.236297607422	1	43844.94	0.0
111	input_spectra/1-1A01.mzML	545	0	328.273640369234	1	43907.34	0.0
108	input_spectra/1-1A01.mzML	546	0	328.273640369234	1	43918.86	0.0
142	input_spectra/1-1A01.mzML	547	0	440.417098999023	1	43930.32	0.0
143	input_spectra/1-1A01.mzML	548	0	440.417098999023	1	43941.840000000004	0.0
142	input_spectra/1-1A01.mzML	549	0	440.417098999023	1	44004.24	0.0
143	input_spectra/1-1A01.mzML	550	0	440.417098999023	1	44015.76	0.0
144	input_spectra/1-1A01.mzML	551	0	444.303731282552	1	44078.159999999996	0.0
144	input_spectra/1-1A01.mzML	552	0	444.303731282552	1	44089.68	0.0
144	input_spectra/1-1A01.mzML	553	0	444.303731282552	1	44129.04	0.0
144	input_spectra/1-1A01.mzML	554	0	444.303731282552	1	44140.560000000005	0.0
144	input_spectra/1-1A01.mzML	555	0	444.303731282552	1	44179.92	0.0
144	input_spectra/1-1A01.mzML	556	0	444.303731282552	1	44191.380000000005	0.0
197	input_spectra/1-1A01.mzML	557	0	585.274943033854	1	44603.520000000004	0.0
197	input_spectra/1-1A01.mzML	558	0	585.274943033854	1	44615.03999999999	0.0
197	input_spectra/1-1A01.mzML	559	0	585.274943033854	1	44654.46	0.0
197	input_spectra/1-1A01.mzML	560	0	585.274943033854	1	44665.979999999996	0.0
197	input_spectra/1-1A01.mzML	561	0	585.274943033854	1	44705.28	0.0
197	input_spectra/1-1A01.mzML	562	0	585.274943033854	1	44716.799999999996	0.0
111	input_spectra/1-1A01.mzML	563	0	328.273640369234	1	44912.520000000004	0.0
110	input_spectra/1-1A01.mzML	564	0	328.273640369234	1	44923.979999999996	0.0
107	input_spectra/1-1A01.mzML	565	0	328.273640369234	1	44963.4	0.0
107	input_spectra/1-1A01.mzML	566	0	328.273640369234	1	44974.86	0.0
111	input_spectra/1-1A01.mzML	567	0	328.273640369234	1	45014.280000000006	0.0
109	input_spectra/1-1A01.mzML	568	0	328.273640369234	1	45025.74	0.0
232	input_spectra/1-1A01.mzML	569	0	792.579895019531	1	46014.54	0.0
111	input_spectra/1-1A01.mzML	570	0	328.273640369234	1	46053.9	0.0
108	input_spectra/1-1A01.mzML	571	0	328.273640369234	1	46065.36	0.0
232	input_spectra/1-1A01.mzML	572	0	792.579895019531	1	46088.46	0.0
111	input_spectra/1-1A01.mzML	573	0	328.273640369234	1	46127.82	0.0
108	input_spectra/1-1A01.mzML	574	0	328.273640369234	1	46139.280000000006	0.0
111	input_spectra/1-1A01.mzML	575	0	328.273640369234	1	46178.64	0.0
109	input_spectra/1-1A01.mzML	576	0	328.273640369234	1	46190.16	0.0
226	input_spectra/1-1A01.mzML	577	0	748.553181966146	1	46201.74	0.0
226	input_spectra/1-1A01.mzML	578	0	748.553181966146	1	46213.26	0.0
226	input_spectra/1-1A01.mzML	579	0	748.553181966146	1	46252.68	0.0
226	input_spectra/1-1A01.mzML	580	0	748.553181966146	1	46264.200000000004	0.0
226	input_spectra/1-1A01.mzML	581	0	748.553181966146	1	46303.56	0.0
226	input_spectra/1-1A01.mzML	582	0	748.553181966146	1	46315.08	0.0
97	input_spectra/1-1A01.mzML	583	0	286.224075317383	1	46354.439999999995	0.0
97	input_spectra/1-1A01.mzML	584	0	286.224075317383	1	46365.9	0.0
223	input_spectra/1-1A01.mzML	585	0	704.526346842448	1	46405.26	0.0
223	input_spectra/1-1A01.mzML	586	0	704.526346842448	1	46416.840000000004	0.0
223	input_spectra/1-1A01.mzML	587	0	704.526346842448	1	46456.2	0.0
223	input_spectra/1-1A01.mzML	588	0	704.526346842448	1	46467.72	0.0
223	input_spectra/1-1A01.mzML	589	0	704.526346842448	1	46507.08	0.0
223	input_spectra/1-1A01.mzML	590	0	704.526346842448	1	46518.6	0.0
96	input_spectra/1-1A01.mzML	591	0	286.224075317383	1	46530.119999999995	0.0
97	input_spectra/1-1A01.mzML	592	0	286.224075317383	1	46541.64	0.0
96	input_spectra/1-1A01.mzML	593	0	286.224075317383	1	46581.0	0.0
97	input_spectra/1-1A01.mzML	594	0	286.224075317383	1	46592.46000000001	0.0
220	input_spectra/1-1A01.mzML	595	0	660.499735514323	1	46667.88	0.0
220	input_spectra/1-1A01.mzML	596	0	660.499735514323	1	46679.46	0.0
220	input_spectra/1-1A01.mzML	597	0	660.499735514323	1	46718.82	0.0
220	input_spectra/1-1A01.mzML	598	0	660.499735514323	1	46730.340000000004	0.0
220	input_spectra/1-1A01.mzML	599	0	660.499735514323	1	46769.7	0.0
220	input_spectra/1-1A01.mzML	600	0	660.499735514323	1	46781.22	0.0
221	input_spectra/1-1A01.mzML	601	0	671.312072753906	1	46880.76	0.0
221	input_spectra/1-1A01.mzML	602	0	671.312072753906	1	46892.28	0.0
208	input_spectra/1-1A01.mzML	603	0	616.47265625	1	46955.64	0.0
208	input_spectra/1-1A01.mzML	604	0	616.47265625	1	46967.159999999996	0.0
208	input_spectra/1-1A01.mzML	605	0	616.47265625	1	47006.520000000004	0.0
208	input_spectra/1-1A01.mzML	606	0	616.47265625	1	47018.04	0.0
208	input_spectra/1-1A01.mzML	607	0	616.47265625	1	47057.46000000001	0.0
208	input_spectra/1-1A01.mzML	608	0	616.47265625	1	47068.979999999996	0.0
107	input_spectra/1-1A01.mzML	609	0	328.273640369234	1	47270.22	0.0
110	input_spectra/1-1A01.mzML	610	0	328.273640369234	1	47281.68	0.0
212	input_spectra/1-1A01.mzML	611	0	621.427714029948	1	47293.26	0.0
212	input_spectra/1-1A01.mzML	612	0	621.427714029948	1	47304.78	0.0
111	input_spectra/1-1A01.mzML	613	0	328.273640369234	1	47344.08	0.0
107	input_spectra/1-1A01.mzML	614	0	328.273640369234	1	47355.6	0.0
189	input_spectra/1-1A01.mzML	615	0	572.445983886719	1	47367.12	0.0
189	input_spectra/1-1A01.mzML	616	0	572.445983886719	1	47378.64	0.0
111	input_spectra/1-1A01.mzML	617	0	328.273640369234	1	47418.0	0.0
110	input_spectra/1-1A01.mzML	618	0	328.273640369234	1	47429.46	0.0
189	input_spectra/1-1A01.mzML	619	0	572.445983886719	1	47440.979999999996	0.0
189	input_spectra/1-1A01.mzML	620	0	572.445983886719	1	47452.5	0.0
119	input_spectra/1-1A01.mzML	621	0	360.367492675781	1	47464.020000000004	0.0
119	input_spectra/1-1A01.mzML	622	0	360.367492675781	1	47475.54	0.0
189	input_spectra/1-1A01.mzML	623	0	572.445983886719	1	47514.899999999994	0.0
189	input_spectra/1-1A01.mzML	624	0	572.445983886719	1	47526.42	0.0
213	input_spectra/1-1A01.mzML	625	0	623.4560546875	1	47560.979999999996	0.0
213	input_spectra/1-1A01.mzML	626	0	623.4560546875	1	47572.5	0.0
95	input_spectra/1-1A01.mzML	627	0	286.224075317383	1	47634.899999999994	0.0
97	input_spectra/1-1A01.mzML	628	0	286.224075317383	1	47646.36	0.0
171	input_spectra/1-1A01.mzML	629	0	528.419352213542	1	47685.78	0.0
171	input_spectra/1-1A01.mzML	630	0	528.419352213542	1	47697.3	0.0
98	input_spectra/1-1A01.mzML	631	0	286.224075317383	1	47708.759999999995	0.0
97	input_spectra/1-1A01.mzML	632	0	286.224075317383	1	47720.28	0.0
193	input_spectra/1-1A01.mzML	633	0	577.400797526042	1	47731.799999999996	0.0
193	input_spectra/1-1A01.mzML	634	0	577.400797526042	1	47743.32	0.0
171	input_spectra/1-1A01.mzML	635	0	528.419352213542	1	47782.74	0.0
171	input_spectra/1-1A01.mzML	636	0	528.419352213542	1	47794.200000000004	0.0
95	input_spectra/1-1A01.mzML	637	0	286.224075317383	1	47828.759999999995	0.0
97	input_spectra/1-1A01.mzML	638	0	286.224075317383	1	47840.28	0.0
171	input_spectra/1-1A01.mzML	639	0	528.419352213542	1	47879.64	0.0
171	input_spectra/1-1A01.mzML	640	0	528.419352213542	1	47891.16	0.0
174	input_spectra/1-1A01.mzML	641	0	533.373718261719	1	47902.68	0.0
194	input_spectra/1-1A01.mzML	642	0	579.429646809896	1	47925.719999999994	0.0
194	input_spectra/1-1A01.mzML	643	0	579.429646809896	1	47937.24	0.0
174	input_spectra/1-1A01.mzML	644	0	533.373718261719	1	47976.6	0.0
194	input_spectra/1-1A01.mzML	645	0	579.429646809896	1	47999.64	0.0
194	input_spectra/1-1A01.mzML	646	0	579.429646809896	1	48011.16	0.0
155	input_spectra/1-1A01.mzML	647	0	484.391906738281	1	48050.52	0.0
155	input_spectra/1-1A01.mzML	648	0	484.391906738281	1	48062.04	0.0
194	input_spectra/1-1A01.mzML	649	0	579.429646809896	1	48073.56	0.0
194	input_spectra/1-1A01.mzML	650	0	579.429646809896	1	48085.08	0.0
155	input_spectra/1-1A01.mzML	651	0	484.391906738281	1	48124.38	0.0
155	input_spectra/1-1A01.mzML	652	0	484.391906738281	1	48135.9	0.0
155	input_spectra/1-1A01.mzML	653	0	484.391906738281	1	48198.24	0.0
155	input_spectra/1-1A01.mzML	654	0	484.391906738281	1	48209.76	0.0
176	input_spectra/1-1A01.mzML	655	0	535.4033203125	1	48244.26	0.0
176	input_spectra/1-1A01.mzML	656	0	535.4033203125	1	48255.78	0.0
176	input_spectra/1-1A01.mzML	657	0	535.4033203125	1	48318.18	0.0
176	input_spectra/1-1A01.mzML	658	0	535.4033203125	1	48329.7	0.0
150	input_spectra/1-1A01.mzML	659	0	467.364624023438	1	48341.22	0.0
150	input_spectra/1-1A01.mzML	660	0	467.364624023438	1	48352.74	0.0
176	input_spectra/1-1A01.mzML	661	0	535.4033203125	1	48392.1	0.0
176	input_spectra/1-1A01.mzML	662	0	535.4033203125	1	48403.619999999995	0.0
150	input_spectra/1-1A01.mzML	663	0	467.364624023438	1	48415.14	0.0
111	input_spectra/1-1A01.mzML	664	0	328.273640369234	1	48465.96	0.0
110	input_spectra/1-1A01.mzML	665	0	328.273640369234	1	48477.479999999996	0.0
141	input_spectra/1-1A01.mzML	666	0	440.365926106771	1	48489.0	0.0
141	input_spectra/1-1A01.mzML	667	0	440.365926106771	1	48500.52	0.0
111	input_spectra/1-1A01.mzML	668	0	328.273640369234	1	48562.92	0.0
109	input_spectra/1-1A01.mzML	669	0	328.273640369234	1	48574.38	0.0
141	input_spectra/1-1A01.mzML	670	0	440.365926106771	1	48585.9	0.0
141	input_spectra/1-1A01.mzML	671	0	440.365926106771	1	48597.42	0.0
157	input_spectra/1-1A01.mzML	672	0	491.37646484375	1	48631.920000000006	0.0
157	input_spectra/1-1A01.mzML	673	0	491.37646484375	1	48643.44	0.0
131	input_spectra/1-1A01.mzML	674	0	423.337972005208	1	48654.96000000001	0.0
131	input_spectra/1-1A01.mzML	675	0	423.337972005208	1	48666.479999999996	0.0
141	input_spectra/1-1A01.mzML	676	0	440.365926106771	1	48705.840000000004	0.0
141	input_spectra/1-1A01.mzML	677	0	440.365926106771	1	48717.36	0.0
107	input_spectra/1-1A01.mzML	678	0	328.273640369234	1	48728.82	0.0
110	input_spectra/1-1A01.mzML	679	0	328.273640369234	1	48740.340000000004	0.0
157	input_spectra/1-1A01.mzML	680	0	491.37646484375	1	48774.899999999994	0.0
157	input_spectra/1-1A01.mzML	681	0	491.37646484375	1	48786.36	0.0
131	input_spectra/1-1A01.mzML	682	0	423.337972005208	1	48797.88	0.0
131	input_spectra/1-1A01.mzML	683	0	423.337972005208	1	48809.4	0.0
157	input_spectra/1-1A01.mzML	684	0	491.37646484375	1	48848.759999999995	0.0
157	input_spectra/1-1A01.mzML	685	0	491.37646484375	1	48860.28	0.0
131	input_spectra/1-1A01.mzML	686	0	423.337972005208	1	48871.799999999996	0.0
131	input_spectra/1-1A01.mzML	687	0	423.337972005208	1	48883.32	0.0
95	input_spectra/1-1A01.mzML	688	0	286.224075317383	1	48894.78	0.0
95	input_spectra/1-1A01.mzML	689	0	286.224075317383	1	48906.3	0.0
125	input_spectra/1-1A01.mzML	690	0	396.338724772135	1	48945.659999999996	0.0
125	input_spectra/1-1A01.mzML	691	0	396.338724772135	1	48957.18	0.0
145	input_spectra/1-1A01.mzML	692	0	447.349863688151	1	49003.200000000004	0.0
98	input_spectra/1-1A01.mzML	693	0	286.224075317383	1	49014.659999999996	0.0
97	input_spectra/1-1A01.mzML	694	0	286.224075317383	1	49026.18	0.0
126	input_spectra/1-1A01.mzML	695	0	401.294240315755	1	49065.54	0.0
125	input_spectra/1-1A01.mzML	696	0	396.338724772135	1	49088.58	0.0
125	input_spectra/1-1A01.mzML	697	0	396.338724772135	1	49100.03999999999	0.0
122	input_spectra/1-1A01.mzML	698	0	379.31113688151	1	49134.6	0.0
122	input_spectra/1-1A01.mzML	699	0	379.31113688151	1	49146.06	0.0
95	input_spectra/1-1A01.mzML	700	0	286.224075317383	1	49157.58	0.0
98	input_spectra/1-1A01.mzML	701	0	286.224075317383	1	49169.04	0.0
125	input_spectra/1-1A01.mzML	702	0	396.338724772135	1	49208.46	0.0
125	input_spectra/1-1A01.mzML	703	0	396.338724772135	1	49219.92	0.0
126	input_spectra/1-1A01.mzML	704	0	401.294240315755	1	49231.44	0.0
122	input_spectra/1-1A01.mzML	705	0	379.31113688151	1	49277.46000000001	0.0
122	input_spectra/1-1A01.mzML	706	0	379.31113688151	1	49288.979999999996	0.0
122	input_spectra/1-1A01.mzML	707	0	379.31113688151	1	49328.340000000004	0.0
122	input_spectra/1-1A01.mzML	708	0	379.31113688151	1	49339.86	0.0
117	input_spectra/1-1A01.mzML	709	0	352.311533610026	1	49477.08	0.0
117	input_spectra/1-1A01.mzML	710	0	352.311533610026	1	49488.54	0.0
127	input_spectra/1-1A01.mzML	711	0	403.323079427083	1	49511.58	0.0
114	input_spectra/1-1A01.mzML	712	0	335.284698486328	1	49523.1	0.0
114	input_spectra/1-1A01.mzML	713	0	335.284698486328	1	49534.56	0.0
117	input_spectra/1-1A01.mzML	714	0	352.311533610026	1	49596.9	0.0
117	input_spectra/1-1A01.mzML	715	0	352.311533610026	1	49608.42	0.0
114	input_spectra/1-1A01.mzML	716	0	335.284698486328	1	49642.92	0.0
114	input_spectra/1-1A01.mzML	717	0	335.284698486328	1	49654.439999999995	0.0
111	input_spectra/1-1A01.mzML	718	0	328.273640369234	1	49693.8	0.0
110	input_spectra/1-1A01.mzML	719	0	328.273640369234	1	49705.26	0.0
117	input_spectra/1-1A01.mzML	720	0	352.311533610026	1	49716.780000000006	0.0
117	input_spectra/1-1A01.mzML	721	0	352.311533610026	1	49728.299999999996	0.0
114	input_spectra/1-1A01.mzML	722	0	335.284698486328	1	49762.8	0.0
114	input_spectra/1-1A01.mzML	723	0	335.284698486328	1	49774.26	0.0
111	input_spectra/1-1A01.mzML	724	0	328.273640369234	1	49813.619999999995	0.0
107	input_spectra/1-1A01.mzML	725	0	328.273640369234	1	49825.14	0.0
111	input_spectra/1-1A01.mzML	726	0	328.273640369234	1	49864.5	0.0
110	input_spectra/1-1A01.mzML	727	0	328.273640369234	1	49876.020000000004	0.0
103	input_spectra/1-1A01.mzML	728	0	308.28412882487	1	49987.56	0.0
103	input_spectra/1-1A01.mzML	729	0	308.28412882487	1	49999.020000000004	0.0
99	input_spectra/1-1A01.mzML	730	0	291.257751464844	1	50022.0	0.0
99	input_spectra/1-1A01.mzML	731	0	291.257751464844	1	50084.4	0.0
99	input_spectra/1-1A01.mzML	732	0	291.257751464844	1	50095.86	0.0
103	input_spectra/1-1A01.mzML	733	0	308.28412882487	1	50107.380000000005	0.0
103	input_spectra/1-1A01.mzML	734	0	308.28412882487	1	50118.84	0.0
95	input_spectra/1-1A01.mzML	735	0	286.224075317383	1	50153.340000000004	0.0
95	input_spectra/1-1A01.mzML	736	0	286.224075317383	1	50164.8	0.0
99	input_spectra/1-1A01.mzML	737	0	291.257751464844	1	50204.22	0.0
103	input_spectra/1-1A01.mzML	738	0	308.28412882487	1	50250.18	0.0
103	input_spectra/1-1A01.mzML	739	0	308.28412882487	1	50261.700000000004	0.0
95	input_spectra/1-1A01.mzML	740	0	286.224075317383	1	50273.159999999996	0.0
98	input_spectra/1-1A01.mzML	741	0	286.224075317383	1	50284.68	0.0
97	input_spectra/1-1A01.mzML	742	0	286.224075317383	1	50335.560000000005	0.0
111	input_spectra/1-1A01.mzML	743	0	328.273640369234	1	50916.0	0.0
108	input_spectra/1-1A01.mzML	744	0	328.273640369234	1	50927.520000000004	0.0
111	input_spectra/1-1A01.mzML	745	0	328.273640369234	1	50966.88	0.0
110	input_spectra/1-1A01.mzML	746	0	328.273640369234	1	50978.340000000004	0.0
111	input_spectra/1-1A01.mzML	747	0	328.273640369234	1	51017.7	0.0
110	input_spectra/1-1A01.mzML	748	0	328.273640369234	1	51029.22	0.0
95	input_spectra/1-1A01.mzML	749	0	286.224075317383	1	51309.06	0.0
95	input_spectra/1-1A01.mzML	750	0	286.224075317383	1	51320.579999999994	0.0
96	input_spectra/1-1A01.mzML	751	0	286.224075317383	1	51359.880000000005	0.0
97	input_spectra/1-1A01.mzML	752	0	286.224075317383	1	51371.4	0.0
98	input_spectra/1-1A01.mzML	753	0	286.224075317383	1	51410.76	0.0
97	input_spectra/1-1A01.mzML	754	0	286.224075317383	1	51422.22	0.0
219	input_spectra/1-1A01.mzML	755	0	658.482564290365	1	51533.759999999995	0.0
219	input_spectra/1-1A01.mzML	756	0	658.482564290365	1	51545.28	0.0
219	input_spectra/1-1A01.mzML	757	0	658.482564290365	1	51584.58	0.0
219	input_spectra/1-1A01.mzML	758	0	658.482564290365	1	51596.1	0.0
219	input_spectra/1-1A01.mzML	759	0	658.482564290365	1	51635.52	0.0
219	input_spectra/1-1A01.mzML	760	0	658.482564290365	1	51647.04	0.0
207	input_spectra/1-1A01.mzML	761	0	614.456420898438	1	51890.82	0.0
207	input_spectra/1-1A01.mzML	762	0	614.456420898438	1	51902.34	0.0
207	input_spectra/1-1A01.mzML	763	0	614.456420898438	1	51941.700000000004	0.0
207	input_spectra/1-1A01.mzML	764	0	614.456420898438	1	51953.219999999994	0.0
207	input_spectra/1-1A01.mzML	765	0	614.456420898438	1	51992.58	0.0
207	input_spectra/1-1A01.mzML	766	0	614.456420898438	1	52004.1	0.0
111	input_spectra/1-1A01.mzML	767	0	328.273640369234	1	52055.46	0.0
110	input_spectra/1-1A01.mzML	768	0	328.273640369234	1	52066.98	0.0
111	input_spectra/1-1A01.mzML	769	0	328.273640369234	1	52106.34	0.0
109	input_spectra/1-1A01.mzML	770	0	328.273640369234	1	52117.8	0.0
111	input_spectra/1-1A01.mzML	771	0	328.273640369234	1	52157.159999999996	0.0
110	input_spectra/1-1A01.mzML	772	0	328.273640369234	1	52168.68	0.0
187	input_spectra/1-1A01.mzML	773	0	570.428894042969	1	52280.16	0.0
187	input_spectra/1-1A01.mzML	774	0	570.428894042969	1	52291.68	0.0
187	input_spectra/1-1A01.mzML	775	0	570.428894042969	1	52331.1	0.0
187	input_spectra/1-1A01.mzML	776	0	570.428894042969	1	52342.619999999995	0.0
187	input_spectra/1-1A01.mzML	777	0	570.428894042969	1	52381.98	0.0
187	input_spectra/1-1A01.mzML	778	0	570.428894042969	1	52393.5	0.0
95	input_spectra/1-1A01.mzML	779	0	286.224075317383	1	52480.979999999996	0.0
98	input_spectra/1-1A01.mzML	780	0	286.224075317383	1	52492.44	0.0
95	input_spectra/1-1A01.mzML	781	0	286.224075317383	1	52531.799999999996	0.0
98	input_spectra/1-1A01.mzML	782	0	286.224075317383	1	52543.32	0.0
98	input_spectra/1-1A01.mzML	783	0	286.224075317383	1	52582.68	0.0
95	input_spectra/1-1A01.mzML	784	0	286.224075317383	1	52594.200000000004	0.0
168	input_spectra/1-1A01.mzML	785	0	526.403544108073	1	52789.86	0.0
168	input_spectra/1-1A01.mzML	786	0	526.403544108073	1	52801.380000000005	0.0
168	input_spectra/1-1A01.mzML	787	0	526.403544108073	1	52840.74	0.0
168	input_spectra/1-1A01.mzML	788	0	526.403544108073	1	52852.26	0.0
168	input_spectra/1-1A01.mzML	789	0	526.403544108073	1	52891.62	0.0
168	input_spectra/1-1A01.mzML	790	0	526.403544108073	1	52903.14	0.0
111	input_spectra/1-1A01.mzML	791	0	328.273640369234	1	53195.03999999999	0.0
108	input_spectra/1-1A01.mzML	792	0	328.273640369234	1	53206.56	0.0
111	input_spectra/1-1A01.mzML	793	0	328.273640369234	1	53245.92	0.0
108	input_spectra/1-1A01.mzML	794	0	328.273640369234	1	53257.380000000005	0.0
111	input_spectra/1-1A01.mzML	795	0	328.273640369234	1	53296.74	0.0
110	input_spectra/1-1A01.mzML	796	0	328.273640369234	1	53308.26	0.0
98	input_spectra/1-1A01.mzML	797	0	286.224075317383	1	53648.219999999994	0.0
97	input_spectra/1-1A01.mzML	798	0	286.224075317383	1	53659.68	0.0
95	input_spectra/1-1A01.mzML	799	0	286.224075317383	1	53699.1	0.0
95	input_spectra/1-1A01.mzML	800	0	286.224075317383	1	53710.560000000005	0.0
98	input_spectra/1-1A01.mzML	801	0	286.224075317383	1	53749.979999999996	0.0
97	input_spectra/1-1A01.mzML	802	0	286.224075317383	1	53761.44	0.0
111	input_spectra/1-1A01.mzML	803	0	328.273640369234	1	54329.94	0.0
110	input_spectra/1-1A01.mzML	804	0	328.273640369234	1	54341.4	0.0
111	input_spectra/1-1A01.mzML	805	0	328.273640369234	1	54380.76	0.0
110	input_spectra/1-1A01.mzML	806	0	328.273640369234	1	54392.28	0.0
111	input_spectra/1-1A01.mzML	807	0	328.273640369234	1	54431.700000000004	0.0
110	input_spectra/1-1A01.mzML	808	0	328.273640369234	1	54443.159999999996	0.0
98	input_spectra/1-1A01.mzML	809	0	286.224075317383	1	54783.18	0.0
98	input_spectra/1-1A01.mzML	810	0	286.224075317383	1	54794.7	0.0
95	input_spectra/1-1A01.mzML	811	0	286.224075317383	1	54834.06	0.0
97	input_spectra/1-1A01.mzML	812	0	286.224075317383	1	54845.52	0.0
98	input_spectra/1-1A01.mzML	813	0	286.224075317383	1	54884.94	0.0
97	input_spectra/1-1A01.mzML	814	0	286.224075317383	1	54896.4	0.0
116	input_spectra/1-1A01.mzML	815	0	346.282169342041	1	54971.82	0.0
116	input_spectra/1-1A01.mzML	816	0	346.282169342041	1	54983.340000000004	0.0
111	input_spectra/1-1A01.mzML	817	0	328.273640369234	1	55479.659999999996	0.0
110	input_spectra/1-1A01.mzML	818	0	328.273640369234	1	55491.119999999995	0.0
111	input_spectra/1-1A01.mzML	819	0	328.273640369234	1	55530.48	0.0
110	input_spectra/1-1A01.mzML	820	0	328.273640369234	1	55542.0	0.0
111	input_spectra/1-1A01.mzML	821	0	328.273640369234	1	55581.36	0.0
110	input_spectra/1-1A01.mzML	822	0	328.273640369234	1	55592.88	0.0
98	input_spectra/1-1A01.mzML	823	0	286.224075317383	1	55920.78	0.0
97	input_spectra/1-1A01.mzML	824	0	286.224075317383	1	55932.3	0.0
96	input_spectra/1-1A01.mzML	825	0	286.224075317383	1	55971.72	0.0
97	input_spectra/1-1A01.mzML	826	0	286.224075317383	1	55983.18	0.0
95	input_spectra/1-1A01.mzML	827	0	286.224075317383	1	56022.53999999999	0.0
97	input_spectra/1-1A01.mzML	828	0	286.224075317383	1	56034.06	0.0
116	input_spectra/1-1A01.mzML	829	0	346.282169342041	1	56398.079999999994	0.0
116	input_spectra/1-1A01.mzML	830	0	346.282169342041	1	56409.6	0.0
111	input_spectra/1-1A01.mzML	831	0	328.273640369234	1	56641.32	0.0
108	input_spectra/1-1A01.mzML	832	0	328.273640369234	1	56652.840000000004	0.0
111	input_spectra/1-1A01.mzML	833	0	328.273640369234	1	56692.2	0.0
108	input_spectra/1-1A01.mzML	834	0	328.273640369234	1	56703.66	0.0
111	input_spectra/1-1A01.mzML	835	0	328.273640369234	1	56743.02	0.0
116	input_spectra/1-1A01.mzML	836	0	346.282169342041	1	56902.14	0.0
116	input_spectra/1-1A01.mzML	837	0	346.282169342041	1	56913.6	0.0
96	input_spectra/1-1A01.mzML	838	0	286.224075317383	1	57061.2	0.0
97	input_spectra/1-1A01.mzML	839	0	286.224075317383	1	57072.72	0.0
98	input_spectra/1-1A01.mzML	840	0	286.224075317383	1	57112.08	0.0
97	input_spectra/1-1A01.mzML	841	0	286.224075317383	1	57123.54	0.0
96	input_spectra/1-1A01.mzML	842	0	286.224075317383	1	57162.96	0.0
98	input_spectra/1-1A01.mzML	843	0	286.224075317383	1	57174.420000000006	0.0
111	input_spectra/1-1A01.mzML	844	0	328.273640369234	1	57778.92	0.0
110	input_spectra/1-1A01.mzML	845	0	328.273640369234	1	57790.44	0.0
111	input_spectra/1-1A01.mzML	846	0	328.273640369234	1	57829.8	0.0
108	input_spectra/1-1A01.mzML	847	0	328.273640369234	1	57841.259999999995	0.0
111	input_spectra/1-1A01.mzML	848	0	328.273640369234	1	57880.68	0.0
110	input_spectra/1-1A01.mzML	849	0	328.273640369234	1	57892.14	0.0
116	input_spectra/1-1A01.mzML	850	0	346.282169342041	1	58039.74	0.0
116	input_spectra/1-1A01.mzML	851	0	346.282169342041	1	58051.259999999995	0.0
116	input_spectra/1-1A01.mzML	852	0	346.282169342041	1	58090.62	0.0
116	input_spectra/1-1A01.mzML	853	0	346.282169342041	1	58102.14	0.0
116	input_spectra/1-1A01.mzML	854	0	346.282169342041	1	58177.56	0.0
116	input_spectra/1-1A01.mzML	855	0	346.282169342041	1	58189.020000000004	0.0
96	input_spectra/1-1A01.mzML	856	0	286.224075317383	1	58228.44	0.0
97	input_spectra/1-1A01.mzML	857	0	286.224075317383	1	58239.899999999994	0.0
98	input_spectra/1-1A01.mzML	858	0	286.224075317383	1	58279.26	0.0
98	input_spectra/1-1A01.mzML	859	0	286.224075317383	1	58290.78	0.0
95	input_spectra/1-1A01.mzML	860	0	286.224075317383	1	58330.14	0.0
97	input_spectra/1-1A01.mzML	861	0	286.224075317383	1	58341.6	0.0
111	input_spectra/1-1A01.mzML	862	0	328.273640369234	1	58922.1	0.0
110	input_spectra/1-1A01.mzML	863	0	328.273640369234	1	58933.56	0.0
111	input_spectra/1-1A01.mzML	864	0	328.273640369234	1	58972.92	0.0
110	input_spectra/1-1A01.mzML	865	0	328.273640369234	1	58984.439999999995	0.0
111	input_spectra/1-1A01.mzML	866	0	328.273640369234	1	59023.8	0.0
110	input_spectra/1-1A01.mzML	867	0	328.273640369234	1	59035.32	0.0
116	input_spectra/1-1A01.mzML	868	0	346.282169342041	1	59255.03999999999	0.0
116	input_spectra/1-1A01.mzML	869	0	346.282169342041	1	59266.5	0.0
116	input_spectra/1-1A01.mzML	870	0	346.282169342041	1	59305.86	0.0
116	input_spectra/1-1A01.mzML	871	0	346.282169342041	1	59317.380000000005	0.0
95	input_spectra/1-1A01.mzML	872	0	286.224075317383	1	59368.740000000005	0.0
97	input_spectra/1-1A01.mzML	873	0	286.224075317383	1	59380.26	0.0
98	input_spectra/1-1A01.mzML	874	0	286.224075317383	1	59419.62	0.0
97	input_spectra/1-1A01.mzML	875	0	286.224075317383	1	59431.08	0.0
95	input_spectra/1-1A01.mzML	876	0	286.224075317383	1	59470.44	0.0
97	input_spectra/1-1A01.mzML	877	0	286.224075317383	1	59481.96	0.0
116	input_spectra/1-1A01.mzML	878	0	346.282169342041	1	59493.479999999996	0.0
116	input_spectra/1-1A01.mzML	879	0	346.282169342041	1	59504.94	0.0
111	input_spectra/1-1A01.mzML	880	0	328.273640369234	1	1001.02	0.0
111	input_spectra/1-1A01.mzML	881	0	328.273640369234	1	1001.87	0.0
110	input_spectra/1-1A01.mzML	882	0	328.273640369234	1	1002.06	0.0
111	input_spectra/1-1A01.mzML	883	0	328.273640369234	1	1002.72	0.0
110	input_spectra/1-1A01.mzML	884	0	328.273640369234	1	1002.91	0.0
98	input_spectra/1-1A01.mzML	885	0	286.224075317383	1	1008.57	0.0
97	input_spectra/1-1A01.mzML	886	0	286.224075317383	1	1008.77	0.0
116	input_spectra/1-1A01.mzML	887	0	346.282169342041	1	1008.96	0.0
116	input_spectra/1-1A01.mzML	888	0	346.282169342041	1	1009.15	0.0
98	input_spectra/1-1A01.mzML	889	0	286.224075317383	1	1009.8	0.0
97	input_spectra/1-1A01.mzML	890	0	286.224075317383	1	1010.0	0.0
116	input_spectra/1-1A01.mzML	891	0	346.282169342041	1	1010.19	0.0
116	input_spectra/1-1A01.mzML	892	0	346.282169342041	1	1010.38	0.0
98	input_spectra/1-1A01.mzML	893	0	286.224075317383	1	1011.04	0.0
97	input_spectra/1-1A01.mzML	894	0	286.224075317383	1	1011.23	0.0
101	input_spectra/1-1A01.mzML	895	0	304.234486897786	1	1012.08	0.0
101	input_spectra/1-1A01.mzML	896	0	304.234486897786	1	1012.28	0.0
116	input_spectra/1-1A01.mzML	897	0	346.282169342041	1	1012.93	0.0
116	input_spectra/1-1A01.mzML	898	0	346.282169342041	1	1013.12	0.0
101	input_spectra/1-1A01.mzML	899	0	304.234486897786	1	1014.18	0.0
101	input_spectra/1-1A01.mzML	900	0	304.234486897786	1	1014.37	0.0
111	input_spectra/1-1A01.mzML	901	0	328.273640369234	1	1020.04	0.0
110	input_spectra/1-1A01.mzML	902	0	328.273640369234	1	1020.23	0.0
111	input_spectra/1-1A01.mzML	903	0	328.273640369234	1	1020.89	0.0
108	input_spectra/1-1A01.mzML	904	0	328.273640369234	1	1021.08	0.0
111	input_spectra/1-1A01.mzML	905	0	328.273640369234	1	1021.73	0.0
108	input_spectra/1-1A01.mzML	906	0	328.273640369234	1	1021.92	0.0
101	input_spectra/1-1A01.mzML	907	0	304.234486897786	1	1022.12	0.0
101	input_spectra/1-1A01.mzML	908	0	304.234486897786	1	1022.31	0.0
214	input_spectra/1-1A01.mzML	909	0	625.55995686849	1	1027.77	0.0
214	input_spectra/1-1A01.mzML	910	0	625.55995686849	1	1027.97	0.0
98	input_spectra/1-1A01.mzML	911	0	286.224075317383	1	1028.62	0.0
97	input_spectra/1-1A01.mzML	912	0	286.224075317383	1	1028.81	0.0
214	input_spectra/1-1A01.mzML	913	0	625.55995686849	1	1029.01	0.0
214	input_spectra/1-1A01.mzML	914	0	625.55995686849	1	1029.2	0.0
98	input_spectra/1-1A01.mzML	915	0	286.224075317383	1	1029.85	0.0
98	input_spectra/1-1A01.mzML	916	0	286.224075317383	1	1030.05	0.0
214	input_spectra/1-1A01.mzML	917	0	625.55995686849	1	1030.24	0.0
214	input_spectra/1-1A01.mzML	918	0	625.55995686849	1	1030.43	0.0
95	input_spectra/1-1A01.mzML	919	0	286.224075317383	1	1031.09	0.0
97	input_spectra/1-1A01.mzML	920	0	286.224075317383	1	1031.28	0.0
116	input_spectra/1-1A01.mzML	921	0	346.282169342041	1	1032.54	0.0
116	input_spectra/1-1A01.mzML	922	0	346.282169342041	1	1032.73	0.0
116	input_spectra/1-1A01.mzML	923	0	346.282169342041	1	1033.58	0.0
116	input_spectra/1-1A01.mzML	924	0	346.282169342041	1	1033.77	0.0
116	input_spectra/1-1A01.mzML	925	0	346.282169342041	1	1038.24	0.0
116	input_spectra/1-1A01.mzML	926	0	346.282169342041	1	1038.43	0.0
111	input_spectra/1-1A01.mzML	927	0	328.273640369234	1	1039.08	0.0
110	input_spectra/1-1A01.mzML	928	0	328.273640369234	1	1039.28	0.0
111	input_spectra/1-1A01.mzML	929	0	328.273640369234	1	1039.93	0.0
110	input_spectra/1-1A01.mzML	930	0	328.273640369234	1	1040.12	0.0
111	input_spectra/1-1A01.mzML	931	0	328.273640369234	1	1040.78	0.0
110	input_spectra/1-1A01.mzML	932	0	328.273640369234	1	1040.97	0.0
98	input_spectra/1-1A01.mzML	933	0	286.224075317383	1	1048.04	0.0
95	input_spectra/1-1A01.mzML	934	0	286.224075317383	1	1048.23	0.0
95	input_spectra/1-1A01.mzML	935	0	286.224075317383	1	1048.89	0.0
95	input_spectra/1-1A01.mzML	936	0	286.224075317383	1	1049.08	0.0
98	input_spectra/1-1A01.mzML	937	0	286.224075317383	1	1049.74	0.0
98	input_spectra/1-1A01.mzML	938	0	286.224075317383	1	1049.93	0.0
111	input_spectra/1-1A01.mzML	939	0	328.273640369234	1	1058.0	0.0
110	input_spectra/1-1A01.mzML	940	0	328.273640369234	1	1058.19	0.0
111	input_spectra/1-1A01.mzML	941	0	328.273640369234	1	1058.85	0.0
110	input_spectra/1-1A01.mzML	942	0	328.273640369234	1	1059.04	0.0
111	input_spectra/1-1A01.mzML	943	0	328.273640369234	1	1059.69	0.0
110	input_spectra/1-1A01.mzML	944	0	328.273640369234	1	1059.89	0.0
95	input_spectra/1-1A01.mzML	945	0	286.224075317383	1	1067.16	0.0
97	input_spectra/1-1A01.mzML	946	0	286.224075317383	1	1067.35	0.0
98	input_spectra/1-1A01.mzML	947	0	286.224075317383	1	1068.0	0.0
98	input_spectra/1-1A01.mzML	948	0	286.224075317383	1	1068.19	0.0
98	input_spectra/1-1A01.mzML	949	0	286.224075317383	1	1068.85	0.0
98	input_spectra/1-1A01.mzML	950	0	286.224075317383	1	1069.04	0.0
116	input_spectra/1-1A01.mzML	951	0	346.282169342041	1	1074.91	0.0
116	input_spectra/1-1A01.mzML	952	0	346.282169342041	1	1075.1	0.0
111	input_spectra/1-1A01.mzML	953	0	328.273640369234	1	1077.16	0.0
110	input_spectra/1-1A01.mzML	954	0	328.273640369234	1	1077.35	0.0
111	input_spectra/1-1A01.mzML	955	0	328.273640369234	1	1078.01	0.0
110	input_spectra/1-1A01.mzML	956	0	328.273640369234	1	1078.2	0.0
111	input_spectra/1-1A01.mzML	957	0	328.273640369234	1	1078.85	0.0
110	input_spectra/1-1A01.mzML	958	0	328.273640369234	1	1079.04	0.0
96	input_spectra/1-1A01.mzML	959	0	286.224075317383	1	1086.51	0.0
95	input_spectra/1-1A01.mzML	960	0	286.224075317383	1	1086.71	0.0
95	input_spectra/1-1A01.mzML	961	0	286.224075317383	1	1087.36	0.0
97	input_spectra/1-1A01.mzML	962	0	286.224075317383	1	1087.55	0.0
98	input_spectra/1-1A01.mzML	963	0	286.224075317383	1	1088.21	0.0
98	input_spectra/1-1A01.mzML	964	0	286.224075317383	1	1088.4	0.0
111	input_spectra/1-1A01.mzML	965	0	328.273640369234	1	1096.47	0.0
110	input_spectra/1-1A01.mzML	966	0	328.273640369234	1	1096.66	0.0
111	input_spectra/1-1A01.mzML	967	0	328.273640369234	1	1097.32	0.0
110	input_spectra/1-1A01.mzML	968	0	328.273640369234	1	1097.51	0.0
111	input_spectra/1-1A01.mzML	969	0	328.273640369234	1	1098.17	0.0
110	input_spectra/1-1A01.mzML	970	0	328.273640369234	1	1098.36	0.0
101	input_spectra/1-1A01.mzML	971	0	304.234486897786	1	1101.82	0.0
101	input_spectra/1-1A01.mzML	972	0	304.234486897786	1	1102.01	0.0
101	input_spectra/1-1A01.mzML	973	0	304.234486897786	1	1102.67	0.0
101	input_spectra/1-1A01.mzML	974	0	304.234486897786	1	1102.86	0.0
101	input_spectra/1-1A01.mzML	975	0	304.234486897786	1	1103.92	0.0
101	input_spectra/1-1A01.mzML	976	0	304.234486897786	1	1104.11	0.0
96	input_spectra/1-1A01.mzML	977	0	286.224075317383	1	1105.57	0.0
97	input_spectra/1-1A01.mzML	978	0	286.224075317383	1	1105.76	0.0
96	input_spectra/1-1A01.mzML	979	0	286.224075317383	1	1106.41	0.0
98	input_spectra/1-1A01.mzML	980	0	286.224075317383	1	1106.61	0.0
98	input_spectra/1-1A01.mzML	981	0	286.224075317383	1	1107.26	0.0
97	input_spectra/1-1A01.mzML	982	0	286.224075317383	1	1107.45	0.0
106	input_spectra/1-1A01.mzML	983	0	328.273640369234	1	1115.52	0.0
105	input_spectra/1-1A01.mzML	984	0	328.273640369234	1	1115.72	0.0
105	input_spectra/1-1A01.mzML	985	0	328.273640369234	1	1116.37	0.0
109	input_spectra/1-1A01.mzML	986	0	328.273640369234	1	1116.56	0.0
111	input_spectra/1-1A01.mzML	987	0	328.273640369234	1	1117.22	0.0
109	input_spectra/1-1A01.mzML	988	0	328.273640369234	1	1117.41	0.0
107	input_spectra/1-1A01.mzML	989	0	328.273640369234	1	1134.5	0.0
110	input_spectra/1-1A01.mzML	990	0	328.273640369234	1	1134.69	0.0
106	input_spectra/1-1A01.mzML	991	0	328.273640369234	1	1135.35	0.0
107	input_spectra/1-1A01.mzML	992	0	328.273640369234	1	1135.54	0.0
106	input_spectra/1-1A01.mzML	993	0	328.273640369234	1	1136.2	0.0
109	input_spectra/1-1A01.mzML	994	0	328.273640369234	1	1136.39	0.0
106	input_spectra/1-1A01.mzML	995	0	328.273640369234	1	1153.48	0.0
110	input_spectra/1-1A01.mzML	996	0	328.273640369234	1	1153.67	0.0
111	input_spectra/1-1A01.mzML	997	0	328.273640369234	1	1154.33	0.0
109	input_spectra/1-1A01.mzML	998	0	328.273640369234	1	1154.52	0.0
105	input_spectra/1-1A01.mzML	999	0	328.273640369234	1	1155.17	0.0
109	input_spectra/1-1A01.mzML	1000	0	328.273640369234	1	1155.36	0.0
105	input_spectra/1-1A01.mzML	1001	0	328.273640369234	1	1172.45	0.0
107	input_spectra/1-1A01.mzML	1002	0	328.273640369234	1	1172.64	0.0
106	input_spectra/1-1A01.mzML	1003	0	328.273640369234	1	1173.3	0.0
106	input_spectra/1-1A01.mzML	1004	0	328.273640369234	1	1173.49	0.0
108	input_spectra/1-1A01.mzML	1005	0	328.273640369234	1	1174.15	0.0
105	input_spectra/1-1A01.mzML	1006	0	328.273640369234	1	1174.34	0.0
54	input_spectra/1-1A01.mzML	1007	0	185.112940470378	1	1175.0	0.0
54	input_spectra/1-1A01.mzML	1008	0	185.112940470378	1	1175.19	0.0
54	input_spectra/1-1A01.mzML	1009	0	185.112940470378	1	1182.69	0.0
54	input_spectra/1-1A01.mzML	1010	0	185.112940470378	1	1182.88	0.0
54	input_spectra/1-1A01.mzML	1011	0	185.112940470378	1	1185.39	0.0
54	input_spectra/1-1A01.mzML	1012	0	185.112940470378	1	1185.58	0.0
111	input_spectra/1-1A01.mzML	1013	0	328.273640369234	1	1191.64	0.0
110	input_spectra/1-1A01.mzML	1014	0	328.273640369234	1	1191.84	0.0
105	input_spectra/1-1A01.mzML	1015	0	328.273640369234	1	1192.49	0.0
106	input_spectra/1-1A01.mzML	1016	0	328.273640369234	1	1192.68	0.0
106	input_spectra/1-1A01.mzML	1017	0	328.273640369234	1	1193.34	0.0
110	input_spectra/1-1A01.mzML	1018	0	328.273640369234	1	1193.53	0.0
1	input_spectra/bkgrnd-marine-broth.mzML	1019	0	110.009817759196	1	6384.900000000001	0.0
2	input_spectra/bkgrnd-marine-broth.mzML	1020	0	110.009817759196	1	6396.36	0.0
1	input_spectra/bkgrnd-marine-broth.mzML	1021	0	110.009817759196	1	6435.66	0.0
1	input_spectra/bkgrnd-marine-broth.mzML	1022	0	110.009817759196	1	6447.18	0.0
30	input_spectra/bkgrnd-marine-broth.mzML	1023	0	146.166600545247	1	6458.64	0.0
30	input_spectra/bkgrnd-marine-broth.mzML	1024	0	146.166600545247	1	6470.099999999999	0.0
11	input_spectra/bkgrnd-marine-broth.mzML	1025	0	125.987463378906	1	6481.5599999999995	0.0
11	input_spectra/bkgrnd-marine-broth.mzML	1026	0	125.987463378906	1	6493.08	0.0
34	input_spectra/bkgrnd-marine-broth.mzML	1027	0	151.036672973633	1	6504.54	0.0
34	input_spectra/bkgrnd-marine-broth.mzML	1028	0	151.036672973633	1	6516.0	0.0
1	input_spectra/bkgrnd-marine-broth.mzML	1029	0	110.009817759196	1	6555.36	0.0
1	input_spectra/bkgrnd-marine-broth.mzML	1030	0	110.009817759196	1	6566.879999999999	0.0
11	input_spectra/bkgrnd-marine-broth.mzML	1031	0	125.987463378906	1	6578.34	0.0
11	input_spectra/bkgrnd-marine-broth.mzML	1032	0	125.987463378906	1	6589.8	0.0
30	input_spectra/bkgrnd-marine-broth.mzML	1033	0	146.166600545247	1	6601.26	0.0
30	input_spectra/bkgrnd-marine-broth.mzML	1034	0	146.166600545247	1	6612.78	0.0
34	input_spectra/bkgrnd-marine-broth.mzML	1035	0	151.036672973633	1	6624.24	0.0
34	input_spectra/bkgrnd-marine-broth.mzML	1036	0	151.036672973633	1	6635.7	0.0
70	input_spectra/bkgrnd-marine-broth.mzML	1037	0	223.991306304932	1	6647.22	0.0
70	input_spectra/bkgrnd-marine-broth.mzML	1038	0	223.991306304932	1	6658.679999999999	0.0
11	input_spectra/bkgrnd-marine-broth.mzML	1039	0	125.987463378906	1	6698.1	0.0
11	input_spectra/bkgrnd-marine-broth.mzML	1040	0	125.987463378906	1	6709.5599999999995	0.0
30	input_spectra/bkgrnd-marine-broth.mzML	1041	0	146.166600545247	1	6721.08	0.0
30	input_spectra/bkgrnd-marine-broth.mzML	1042	0	146.166600545247	1	6732.54	0.0
60	input_spectra/bkgrnd-marine-broth.mzML	1043	0	198.94199625651	1	6744.0	0.0
60	input_spectra/bkgrnd-marine-broth.mzML	1044	0	198.94199625651	1	6755.5199999999995	0.0
70	input_spectra/bkgrnd-marine-broth.mzML	1045	0	223.991306304932	1	6766.9800000000005	0.0
70	input_spectra/bkgrnd-marine-broth.mzML	1046	0	223.991306304932	1	6778.4400000000005	0.0
34	input_spectra/bkgrnd-marine-broth.mzML	1047	0	151.036672973633	1	6789.96	0.0
34	input_spectra/bkgrnd-marine-broth.mzML	1048	0	151.036672973633	1	6801.42	0.0
60	input_spectra/bkgrnd-marine-broth.mzML	1049	0	198.94199625651	1	6840.780000000001	0.0
60	input_spectra/bkgrnd-marine-broth.mzML	1050	0	198.94199625651	1	6852.3	0.0
70	input_spectra/bkgrnd-marine-broth.mzML	1051	0	223.991306304932	1	6863.76	0.0
70	input_spectra/bkgrnd-marine-broth.mzML	1052	0	223.991306304932	1	6875.22	0.0
52	input_spectra/bkgrnd-marine-broth.mzML	1053	0	182.964279174805	1	6886.74	0.0
53	input_spectra/bkgrnd-marine-broth.mzML	1054	0	182.964279174805	1	6898.2	0.0
78	input_spectra/bkgrnd-marine-broth.mzML	1055	0	239.968907674154	1	6909.72	0.0
78	input_spectra/bkgrnd-marine-broth.mzML	1056	0	239.968907674154	1	6921.179999999999	0.0
62	input_spectra/bkgrnd-marine-broth.mzML	1057	0	203.224990844727	1	6932.639999999999	0.0
62	input_spectra/bkgrnd-marine-broth.mzML	1058	0	203.224990844727	1	6944.16	0.0
60	input_spectra/bkgrnd-marine-broth.mzML	1059	0	198.94199625651	1	6983.5199999999995	0.0
60	input_spectra/bkgrnd-marine-broth.mzML	1060	0	198.94199625651	1	6994.98	0.0
52	input_spectra/bkgrnd-marine-broth.mzML	1061	0	182.964279174805	1	7006.5	0.0
53	input_spectra/bkgrnd-marine-broth.mzML	1062	0	182.964279174805	1	7017.96	0.0
78	input_spectra/bkgrnd-marine-broth.mzML	1063	0	239.968907674154	1	7029.42	0.0
78	input_spectra/bkgrnd-marine-broth.mzML	1064	0	239.968907674154	1	7040.9400000000005	0.0
62	input_spectra/bkgrnd-marine-broth.mzML	1065	0	203.224990844727	1	7052.400000000001	0.0
62	input_spectra/bkgrnd-marine-broth.mzML	1066	0	203.224990844727	1	7063.92	0.0
88	input_spectra/bkgrnd-marine-broth.mzML	1067	0	265.018218994141	1	7075.38	0.0
88	input_spectra/bkgrnd-marine-broth.mzML	1068	0	265.018218994141	1	7086.9	0.0
52	input_spectra/bkgrnd-marine-broth.mzML	1069	0	182.964279174805	1	7126.26	0.0
53	input_spectra/bkgrnd-marine-broth.mzML	1070	0	182.964279174805	1	7137.72	0.0
78	input_spectra/bkgrnd-marine-broth.mzML	1071	0	239.968907674154	1	7149.24	0.0
78	input_spectra/bkgrnd-marine-broth.mzML	1072	0	239.968907674154	1	7160.7	0.0
67	input_spectra/bkgrnd-marine-broth.mzML	1073	0	214.91953531901	1	7172.16	0.0
67	input_spectra/bkgrnd-marine-broth.mzML	1074	0	214.91953531901	1	7183.679999999999	0.0
62	input_spectra/bkgrnd-marine-broth.mzML	1075	0	203.224990844727	1	7195.139999999999	0.0
62	input_spectra/bkgrnd-marine-broth.mzML	1076	0	203.224990844727	1	7206.6	0.0
88	input_spectra/bkgrnd-marine-broth.mzML	1077	0	265.018218994141	1	7218.120000000001	0.0
88	input_spectra/bkgrnd-marine-broth.mzML	1078	0	265.018218994141	1	7229.58	0.0
67	input_spectra/bkgrnd-marine-broth.mzML	1079	0	214.91953531901	1	7269.0	0.0
67	input_spectra/bkgrnd-marine-broth.mzML	1080	0	214.91953531901	1	7280.46	0.0
88	input_spectra/bkgrnd-marine-broth.mzML	1081	0	265.018218994141	1	7291.9800000000005	0.0
88	input_spectra/bkgrnd-marine-broth.mzML	1082	0	265.018218994141	1	7303.4400000000005	0.0
67	input_spectra/bkgrnd-marine-broth.mzML	1083	0	214.91953531901	1	7342.799999999999	0.0
67	input_spectra/bkgrnd-marine-broth.mzML	1084	0	214.91953531901	1	7354.32	0.0
1	input_spectra/bkgrnd-marine-broth.mzML	1085	0	110.009817759196	1	7549.98	0.0
1	input_spectra/bkgrnd-marine-broth.mzML	1086	0	110.009817759196	1	7561.5	0.0
1	input_spectra/bkgrnd-marine-broth.mzML	1087	0	110.009817759196	1	7600.8	0.0
1	input_spectra/bkgrnd-marine-broth.mzML	1088	0	110.009817759196	1	7612.259999999999	0.0
1	input_spectra/bkgrnd-marine-broth.mzML	1089	0	110.009817759196	1	7651.62	0.0
1	input_spectra/bkgrnd-marine-broth.mzML	1090	0	110.009817759196	1	7663.139999999999	0.0
30	input_spectra/bkgrnd-marine-broth.mzML	1091	0	146.166600545247	1	7702.5	0.0
30	input_spectra/bkgrnd-marine-broth.mzML	1092	0	146.166600545247	1	7713.96	0.0
11	input_spectra/bkgrnd-marine-broth.mzML	1093	0	125.987463378906	1	7725.42	0.0
11	input_spectra/bkgrnd-marine-broth.mzML	1094	0	125.987463378906	1	7736.88	0.0
34	input_spectra/bkgrnd-marine-broth.mzML	1095	0	151.036672973633	1	7748.4	0.0
34	input_spectra/bkgrnd-marine-broth.mzML	1096	0	151.036672973633	1	7759.86	0.0
30	input_spectra/bkgrnd-marine-broth.mzML	1097	0	146.166600545247	1	7799.219999999999	0.0
30	input_spectra/bkgrnd-marine-broth.mzML	1098	0	146.166600545247	1	7810.74	0.0
70	input_spectra/bkgrnd-marine-broth.mzML	1099	0	223.991306304932	1	7822.200000000001	0.0
70	input_spectra/bkgrnd-marine-broth.mzML	1100	0	223.991306304932	1	7833.720000000001	0.0
11	input_spectra/bkgrnd-marine-broth.mzML	1101	0	125.987463378906	1	7845.179999999999	0.0
11	input_spectra/bkgrnd-marine-broth.mzML	1102	0	125.987463378906	1	7856.639999999999	0.0
34	input_spectra/bkgrnd-marine-broth.mzML	1103	0	151.036672973633	1	7868.099999999999	0.0
34	input_spectra/bkgrnd-marine-broth.mzML	1104	0	151.036672973633	1	7879.62	0.0
30	input_spectra/bkgrnd-marine-broth.mzML	1105	0	146.166600545247	1	7918.9800000000005	0.0
30	input_spectra/bkgrnd-marine-broth.mzML	1106	0	146.166600545247	1	7930.4400000000005	0.0
4	input_spectra/bkgrnd-marine-broth.mzML	1107	0	118.087252298991	1	8847.6	0.0
4	input_spectra/bkgrnd-marine-broth.mzML	1108	0	118.087252298991	1	8859.060000000001	0.0
4	input_spectra/bkgrnd-marine-broth.mzML	1109	0	118.087252298991	1	8898.42	0.0
4	input_spectra/bkgrnd-marine-broth.mzML	1110	0	118.087252298991	1	8909.94	0.0
4	input_spectra/bkgrnd-marine-broth.mzML	1111	0	118.087252298991	1	8949.24	0.0
4	input_spectra/bkgrnd-marine-broth.mzML	1112	0	118.087252298991	1	8960.76	0.0
15	input_spectra/bkgrnd-marine-broth.mzML	1113	0	130.098500569661	1	9000.12	0.0
15	input_spectra/bkgrnd-marine-broth.mzML	1114	0	130.098500569661	1	9011.58	0.0
15	input_spectra/bkgrnd-marine-broth.mzML	1115	0	130.098500569661	1	9050.939999999999	0.0
15	input_spectra/bkgrnd-marine-broth.mzML	1116	0	130.098500569661	1	9062.4	0.0
15	input_spectra/bkgrnd-marine-broth.mzML	1117	0	130.098500569661	1	9101.76	0.0
15	input_spectra/bkgrnd-marine-broth.mzML	1118	0	130.098500569661	1	9113.22	0.0
37	input_spectra/bkgrnd-marine-broth.mzML	1119	0	158.093879699707	1	9645.599999999999	0.0
38	input_spectra/bkgrnd-marine-broth.mzML	1120	0	158.093879699707	1	9657.06	0.0
37	input_spectra/bkgrnd-marine-broth.mzML	1121	0	158.093879699707	1	9696.48	0.0
38	input_spectra/bkgrnd-marine-broth.mzML	1122	0	158.093879699707	1	9707.94	0.0
37	input_spectra/bkgrnd-marine-broth.mzML	1123	0	158.093879699707	1	9747.359999999999	0.0
38	input_spectra/bkgrnd-marine-broth.mzML	1124	0	158.093879699707	1	9758.82	0.0
33	input_spectra/bkgrnd-marine-broth.mzML	1125	0	150.059661865234	1	9770.279999999999	0.0
33	input_spectra/bkgrnd-marine-broth.mzML	1126	0	150.059661865234	1	9821.16	0.0
33	input_spectra/bkgrnd-marine-broth.mzML	1127	0	150.059661865234	1	9832.62	0.0
33	input_spectra/bkgrnd-marine-broth.mzML	1128	0	150.059661865234	1	9872.039999999999	0.0
33	input_spectra/bkgrnd-marine-broth.mzML	1129	0	150.059661865234	1	9883.5	0.0
12	input_spectra/bkgrnd-marine-broth.mzML	1130	0	130.05116780599	1	9982.980000000001	0.0
4	input_spectra/bkgrnd-marine-broth.mzML	1131	0	118.087252298991	1	10033.8	0.0
4	input_spectra/bkgrnd-marine-broth.mzML	1132	0	118.087252298991	1	10045.26	0.0
12	input_spectra/bkgrnd-marine-broth.mzML	1133	0	130.05116780599	1	10056.72	0.0
13	input_spectra/bkgrnd-marine-broth.mzML	1134	0	130.05116780599	1	10068.18	0.0
4	input_spectra/bkgrnd-marine-broth.mzML	1135	0	118.087252298991	1	10107.54	0.0
4	input_spectra/bkgrnd-marine-broth.mzML	1136	0	118.087252298991	1	10119.0	0.0
12	input_spectra/bkgrnd-marine-broth.mzML	1137	0	130.05116780599	1	10130.460000000001	0.0
13	input_spectra/bkgrnd-marine-broth.mzML	1138	0	130.05116780599	1	10141.92	0.0
4	input_spectra/bkgrnd-marine-broth.mzML	1139	0	118.087252298991	1	10181.279999999999	0.0
4	input_spectra/bkgrnd-marine-broth.mzML	1140	0	118.087252298991	1	10192.74	0.0
20	input_spectra/bkgrnd-marine-broth.mzML	1141	0	132.103280318411	1	10424.519999999999	0.0
20	input_spectra/bkgrnd-marine-broth.mzML	1142	0	132.103280318411	1	10435.98	0.0
20	input_spectra/bkgrnd-marine-broth.mzML	1143	0	132.103280318411	1	10475.34	0.0
20	input_spectra/bkgrnd-marine-broth.mzML	1144	0	132.103280318411	1	10486.86	0.0
20	input_spectra/bkgrnd-marine-broth.mzML	1145	0	132.103280318411	1	10526.220000000001	0.0
20	input_spectra/bkgrnd-marine-broth.mzML	1146	0	132.103280318411	1	10537.679999999998	0.0
37	input_spectra/bkgrnd-marine-broth.mzML	1147	0	158.093879699707	1	10781.460000000001	0.0
38	input_spectra/bkgrnd-marine-broth.mzML	1148	0	158.093879699707	1	10792.92	0.0
37	input_spectra/bkgrnd-marine-broth.mzML	1149	0	158.093879699707	1	10832.34	0.0
38	input_spectra/bkgrnd-marine-broth.mzML	1150	0	158.093879699707	1	10843.8	0.0
37	input_spectra/bkgrnd-marine-broth.mzML	1151	0	158.093879699707	1	10883.16	0.0
38	input_spectra/bkgrnd-marine-broth.mzML	1152	0	158.093879699707	1	10894.619999999999	0.0
4	input_spectra/bkgrnd-marine-broth.mzML	1153	0	118.087252298991	1	11198.58	0.0
4	input_spectra/bkgrnd-marine-broth.mzML	1154	0	118.087252298991	1	11210.04	0.0
4	input_spectra/bkgrnd-marine-broth.mzML	1155	0	118.087252298991	1	11249.400000000001	0.0
4	input_spectra/bkgrnd-marine-broth.mzML	1156	0	118.087252298991	1	11260.86	0.0
4	input_spectra/bkgrnd-marine-broth.mzML	1157	0	118.087252298991	1	11323.2	0.0
4	input_spectra/bkgrnd-marine-broth.mzML	1158	0	118.087252298991	1	11334.66	0.0
14	input_spectra/bkgrnd-marine-broth.mzML	1159	0	130.05116780599	1	11505.24	0.0
14	input_spectra/bkgrnd-marine-broth.mzML	1160	0	130.05116780599	1	11556.12	0.0
84	input_spectra/bkgrnd-marine-broth.mzML	1161	0	260.199279785156	1	11579.1	0.0
84	input_spectra/bkgrnd-marine-broth.mzML	1162	0	260.199279785156	1	11590.56	0.0
47	input_spectra/bkgrnd-marine-broth.mzML	1163	0	175.109786987305	1	11602.08	0.0
47	input_spectra/bkgrnd-marine-broth.mzML	1164	0	175.109786987305	1	11613.539999999999	0.0
22	input_spectra/bkgrnd-marine-broth.mzML	1165	0	132.107032775879	1	11675.939999999999	0.0
89	input_spectra/bkgrnd-marine-broth.mzML	1166	0	268.106628417969	1	11698.86	0.0
89	input_spectra/bkgrnd-marine-broth.mzML	1167	0	268.106628417969	1	11710.380000000001	0.0
47	input_spectra/bkgrnd-marine-broth.mzML	1168	0	175.109786987305	1	11721.84	0.0
47	input_spectra/bkgrnd-marine-broth.mzML	1169	0	175.109786987305	1	11733.36	0.0
24	input_spectra/bkgrnd-marine-broth.mzML	1170	0	137.04709370931	1	11744.820000000002	0.0
25	input_spectra/bkgrnd-marine-broth.mzML	1171	0	137.04709370931	1	11756.279999999999	0.0
22	input_spectra/bkgrnd-marine-broth.mzML	1172	0	132.109466552734	1	11830.26	0.0
89	input_spectra/bkgrnd-marine-broth.mzML	1173	0	268.106628417969	1	11841.78	0.0
89	input_spectra/bkgrnd-marine-broth.mzML	1174	0	268.106628417969	1	11853.24	0.0
22	input_spectra/bkgrnd-marine-broth.mzML	1175	0	132.107032775879	1	11961.66	0.0
82	input_spectra/bkgrnd-marine-broth.mzML	1176	0	254.163650512695	1	11984.64	0.0
82	input_spectra/bkgrnd-marine-broth.mzML	1177	0	254.163650512695	1	11996.1	0.0
89	input_spectra/bkgrnd-marine-broth.mzML	1178	0	268.106628417969	1	12007.62	0.0
89	input_spectra/bkgrnd-marine-broth.mzML	1179	0	268.106628417969	1	12019.08	0.0
36	input_spectra/bkgrnd-marine-broth.mzML	1180	0	155.082990010579	1	12030.599999999999	0.0
36	input_spectra/bkgrnd-marine-broth.mzML	1181	0	155.082990010579	1	12042.06	0.0
9	input_spectra/bkgrnd-marine-broth.mzML	1182	0	121.065930684408	1	12053.52	0.0
9	input_spectra/bkgrnd-marine-broth.mzML	1183	0	121.065930684408	1	12065.04	0.0
21	input_spectra/bkgrnd-marine-broth.mzML	1184	0	132.103280318411	1	12104.400000000001	0.0
20	input_spectra/bkgrnd-marine-broth.mzML	1185	0	132.103280318411	1	12115.86	0.0
9	input_spectra/bkgrnd-marine-broth.mzML	1186	0	121.065930684408	1	12127.320000000002	0.0
9	input_spectra/bkgrnd-marine-broth.mzML	1187	0	121.065930684408	1	12138.779999999999	0.0
36	input_spectra/bkgrnd-marine-broth.mzML	1188	0	155.082990010579	1	12150.24	0.0
36	input_spectra/bkgrnd-marine-broth.mzML	1189	0	155.082990010579	1	12161.76	0.0
68	input_spectra/bkgrnd-marine-broth.mzML	1190	0	215.141209920247	1	12173.22	0.0
68	input_spectra/bkgrnd-marine-broth.mzML	1191	0	215.141209920247	1	12184.74	0.0
50	input_spectra/bkgrnd-marine-broth.mzML	1192	0	182.083048502604	1	12196.2	0.0
51	input_spectra/bkgrnd-marine-broth.mzML	1193	0	182.083048502604	1	12207.66	0.0
21	input_spectra/bkgrnd-marine-broth.mzML	1194	0	132.103280318411	1	12247.019999999999	0.0
36	input_spectra/bkgrnd-marine-broth.mzML	1195	0	155.082990010579	1	12270.0	0.0
36	input_spectra/bkgrnd-marine-broth.mzML	1196	0	155.082990010579	1	12281.460000000001	0.0
50	input_spectra/bkgrnd-marine-broth.mzML	1197	0	182.083048502604	1	12292.980000000001	0.0
51	input_spectra/bkgrnd-marine-broth.mzML	1198	0	182.083048502604	1	12304.44	0.0
9	input_spectra/bkgrnd-marine-broth.mzML	1199	0	121.065930684408	1	12315.9	0.0
9	input_spectra/bkgrnd-marine-broth.mzML	1200	0	121.065930684408	1	12327.359999999999	0.0
68	input_spectra/bkgrnd-marine-broth.mzML	1201	0	215.141209920247	1	12338.88	0.0
68	input_spectra/bkgrnd-marine-broth.mzML	1202	0	215.141209920247	1	12350.34	0.0
51	input_spectra/bkgrnd-marine-broth.mzML	1203	0	182.083048502604	1	12401.220000000001	0.0
21	input_spectra/bkgrnd-marine-broth.mzML	1204	0	132.103280318411	1	12412.679999999998	0.0
20	input_spectra/bkgrnd-marine-broth.mzML	1205	0	132.103280318411	1	12424.199999999999	0.0
23	input_spectra/bkgrnd-marine-broth.mzML	1206	0	136.077031453451	1	12435.66	0.0
23	input_spectra/bkgrnd-marine-broth.mzML	1207	0	136.077031453451	1	12447.119999999999	0.0
41	input_spectra/bkgrnd-marine-broth.mzML	1208	0	165.056243896484	1	12458.64	0.0
42	input_spectra/bkgrnd-marine-broth.mzML	1209	0	165.056243896484	1	12470.1	0.0
68	input_spectra/bkgrnd-marine-broth.mzML	1210	0	215.141209920247	1	12481.560000000001	0.0
68	input_spectra/bkgrnd-marine-broth.mzML	1211	0	215.141209920247	1	12493.08	0.0
21	input_spectra/bkgrnd-marine-broth.mzML	1212	0	132.103280318411	1	12532.44	0.0
20	input_spectra/bkgrnd-marine-broth.mzML	1213	0	132.103280318411	1	12543.9	0.0
23	input_spectra/bkgrnd-marine-broth.mzML	1214	0	136.077031453451	1	12555.42	0.0
23	input_spectra/bkgrnd-marine-broth.mzML	1215	0	136.077031453451	1	12566.880000000001	0.0
41	input_spectra/bkgrnd-marine-broth.mzML	1216	0	165.056243896484	1	12578.34	0.0
42	input_spectra/bkgrnd-marine-broth.mzML	1217	0	165.056243896484	1	12589.859999999999	0.0
10	input_spectra/bkgrnd-marine-broth.mzML	1218	0	123.045349121094	1	12612.779999999999	0.0
42	input_spectra/bkgrnd-marine-broth.mzML	1219	0	165.056243896484	1	12663.66	0.0
23	input_spectra/bkgrnd-marine-broth.mzML	1220	0	136.077031453451	1	12675.12	0.0
76	input_spectra/bkgrnd-marine-broth.mzML	1221	0	237.088798522949	1	12698.099999999999	0.0
77	input_spectra/bkgrnd-marine-broth.mzML	1222	0	237.088798522949	1	12709.56	0.0
10	input_spectra/bkgrnd-marine-broth.mzML	1223	0	123.045349121094	1	12732.54	0.0
24	input_spectra/bkgrnd-marine-broth.mzML	1224	0	137.04709370931	1	12771.900000000001	0.0
25	input_spectra/bkgrnd-marine-broth.mzML	1225	0	137.04709370931	1	12783.36	0.0
76	input_spectra/bkgrnd-marine-broth.mzML	1226	0	237.088798522949	1	12794.88	0.0
77	input_spectra/bkgrnd-marine-broth.mzML	1227	0	237.088798522949	1	12806.34	0.0
35	input_spectra/bkgrnd-marine-broth.mzML	1228	0	152.058049519857	1	13016.82	0.0
35	input_spectra/bkgrnd-marine-broth.mzML	1229	0	152.058049519857	1	13028.28	0.0
35	input_spectra/bkgrnd-marine-broth.mzML	1230	0	152.058049519857	1	13067.640000000001	0.0
35	input_spectra/bkgrnd-marine-broth.mzML	1231	0	152.058049519857	1	13079.16	0.0
93	input_spectra/bkgrnd-marine-broth.mzML	1232	0	284.101715087891	1	13090.619999999999	0.0
94	input_spectra/bkgrnd-marine-broth.mzML	1233	0	284.101715087891	1	13102.14	0.0
35	input_spectra/bkgrnd-marine-broth.mzML	1234	0	152.058049519857	1	13141.5	0.0
35	input_spectra/bkgrnd-marine-broth.mzML	1235	0	152.058049519857	1	13152.960000000001	0.0
93	input_spectra/bkgrnd-marine-broth.mzML	1236	0	284.101715087891	1	13164.48	0.0
94	input_spectra/bkgrnd-marine-broth.mzML	1237	0	284.101715087891	1	13175.939999999999	0.0
93	input_spectra/bkgrnd-marine-broth.mzML	1238	0	284.101715087891	1	13215.3	0.0
94	input_spectra/bkgrnd-marine-broth.mzML	1239	0	284.101715087891	1	13226.82	0.0
36	input_spectra/bkgrnd-marine-broth.mzML	1240	0	155.082990010579	1	13238.28	0.0
36	input_spectra/bkgrnd-marine-broth.mzML	1241	0	155.082990010579	1	13249.800000000001	0.0
36	input_spectra/bkgrnd-marine-broth.mzML	1242	0	155.082990010579	1	13289.1	0.0
36	input_spectra/bkgrnd-marine-broth.mzML	1243	0	155.082990010579	1	13300.619999999999	0.0
36	input_spectra/bkgrnd-marine-broth.mzML	1244	0	155.082990010579	1	13339.98	0.0
36	input_spectra/bkgrnd-marine-broth.mzML	1245	0	155.082990010579	1	13351.44	0.0
20	input_spectra/bkgrnd-marine-broth.mzML	1246	0	132.103280318411	1	13487.039999999999	0.0
20	input_spectra/bkgrnd-marine-broth.mzML	1247	0	132.103280318411	1	13498.5	0.0
20	input_spectra/bkgrnd-marine-broth.mzML	1248	0	132.103280318411	1	13537.8	0.0
20	input_spectra/bkgrnd-marine-broth.mzML	1249	0	132.103280318411	1	13549.26	0.0
20	input_spectra/bkgrnd-marine-broth.mzML	1250	0	132.103280318411	1	13588.68	0.0
20	input_spectra/bkgrnd-marine-broth.mzML	1251	0	132.103280318411	1	13600.140000000001	0.0
69	input_spectra/bkgrnd-marine-broth.mzML	1252	0	217.156880696615	1	14240.76	0.0
69	input_spectra/bkgrnd-marine-broth.mzML	1253	0	217.156880696615	1	14252.220000000001	0.0
69	input_spectra/bkgrnd-marine-broth.mzML	1254	0	217.156880696615	1	14291.64	0.0
69	input_spectra/bkgrnd-marine-broth.mzML	1255	0	217.156880696615	1	14303.099999999999	0.0
69	input_spectra/bkgrnd-marine-broth.mzML	1256	0	217.156880696615	1	14342.46	0.0
69	input_spectra/bkgrnd-marine-broth.mzML	1257	0	217.156880696615	1	14353.98	0.0
20	input_spectra/bkgrnd-marine-broth.mzML	1258	0	132.103280318411	1	14657.880000000001	0.0
20	input_spectra/bkgrnd-marine-broth.mzML	1259	0	132.103280318411	1	14669.34	0.0
20	input_spectra/bkgrnd-marine-broth.mzML	1260	0	132.103280318411	1	14708.7	0.0
20	input_spectra/bkgrnd-marine-broth.mzML	1261	0	132.103280318411	1	14720.16	0.0
20	input_spectra/bkgrnd-marine-broth.mzML	1262	0	132.103280318411	1	14759.58	0.0
20	input_spectra/bkgrnd-marine-broth.mzML	1263	0	132.103280318411	1	14771.039999999999	0.0
28	input_spectra/bkgrnd-marine-broth.mzML	1264	0	141.95991734096	1	14810.4	0.0
28	input_spectra/bkgrnd-marine-broth.mzML	1265	0	141.95991734096	1	14821.92	0.0
65	input_spectra/bkgrnd-marine-broth.mzML	1266	0	211.109888712565	1	14909.400000000001	0.0
65	input_spectra/bkgrnd-marine-broth.mzML	1267	0	211.109888712565	1	14972.28	0.0
65	input_spectra/bkgrnd-marine-broth.mzML	1268	0	211.109888712565	1	14983.740000000002	0.0
65	input_spectra/bkgrnd-marine-broth.mzML	1269	0	211.109888712565	1	15023.099999999999	0.0
65	input_spectra/bkgrnd-marine-broth.mzML	1270	0	211.109888712565	1	15034.619999999999	0.0
28	input_spectra/bkgrnd-marine-broth.mzML	1271	0	141.95991734096	1	15158.099999999999	0.0
28	input_spectra/bkgrnd-marine-broth.mzML	1272	0	141.95991734096	1	15169.619999999999	0.0
118	input_spectra/bkgrnd-marine-broth.mzML	1273	0	359.196111043294	1	15245.04	0.0
118	input_spectra/bkgrnd-marine-broth.mzML	1274	0	359.196111043294	1	15256.560000000001	0.0
118	input_spectra/bkgrnd-marine-broth.mzML	1275	0	359.196111043294	1	15392.100000000002	0.0
118	input_spectra/bkgrnd-marine-broth.mzML	1276	0	359.196111043294	1	15403.619999999999	0.0
118	input_spectra/bkgrnd-marine-broth.mzML	1277	0	359.196111043294	1	15442.98	0.0
118	input_spectra/bkgrnd-marine-broth.mzML	1278	0	359.196111043294	1	15454.44	0.0
19	input_spectra/bkgrnd-marine-broth.mzML	1279	0	131.930934906006	1	15493.800000000001	0.0
19	input_spectra/bkgrnd-marine-broth.mzML	1280	0	131.930934906006	1	15505.320000000002	0.0
28	input_spectra/bkgrnd-marine-broth.mzML	1281	0	141.95991734096	1	15556.68	0.0
28	input_spectra/bkgrnd-marine-broth.mzML	1282	0	141.95991734096	1	15568.14	0.0
19	input_spectra/bkgrnd-marine-broth.mzML	1283	0	131.930934906006	1	15703.74	0.0
19	input_spectra/bkgrnd-marine-broth.mzML	1284	0	131.930934906006	1	15715.2	0.0
19	input_spectra/bkgrnd-marine-broth.mzML	1285	0	131.930934906006	1	15778.619999999999	0.0
19	input_spectra/bkgrnd-marine-broth.mzML	1286	0	131.930934906006	1	15790.08	0.0
20	input_spectra/bkgrnd-marine-broth.mzML	1287	0	132.103280318411	1	15829.38	0.0
20	input_spectra/bkgrnd-marine-broth.mzML	1288	0	132.103280318411	1	15840.9	0.0
20	input_spectra/bkgrnd-marine-broth.mzML	1289	0	132.103280318411	1	15880.26	0.0
20	input_spectra/bkgrnd-marine-broth.mzML	1290	0	132.103280318411	1	15891.720000000001	0.0
20	input_spectra/bkgrnd-marine-broth.mzML	1291	0	132.103280318411	1	15943.14	0.0
20	input_spectra/bkgrnd-marine-broth.mzML	1292	0	132.103280318411	1	15954.600000000002	0.0
57	input_spectra/bkgrnd-marine-broth.mzML	1293	0	189.088806152344	1	16030.08	0.0
58	input_spectra/bkgrnd-marine-broth.mzML	1294	0	189.088806152344	1	16041.539999999999	0.0
57	input_spectra/bkgrnd-marine-broth.mzML	1295	0	189.088806152344	1	16080.9	0.0
58	input_spectra/bkgrnd-marine-broth.mzML	1296	0	189.088806152344	1	16092.36	0.0
57	input_spectra/bkgrnd-marine-broth.mzML	1297	0	189.088806152344	1	16131.720000000001	0.0
43	input_spectra/bkgrnd-marine-broth.mzML	1298	0	166.088059743245	1	16350.9	0.0
44	input_spectra/bkgrnd-marine-broth.mzML	1299	0	166.088059743245	1	16362.42	0.0
43	input_spectra/bkgrnd-marine-broth.mzML	1300	0	166.088059743245	1	16401.72	0.0
44	input_spectra/bkgrnd-marine-broth.mzML	1301	0	166.088059743245	1	16413.239999999998	0.0
5	input_spectra/bkgrnd-marine-broth.mzML	1302	0	120.082079569499	1	16424.7	0.0
6	input_spectra/bkgrnd-marine-broth.mzML	1303	0	120.082079569499	1	16436.16	0.0
43	input_spectra/bkgrnd-marine-broth.mzML	1304	0	166.088059743245	1	16475.52	0.0
44	input_spectra/bkgrnd-marine-broth.mzML	1305	0	166.088059743245	1	16486.98	0.0
5	input_spectra/bkgrnd-marine-broth.mzML	1306	0	120.082079569499	1	16498.44	0.0
6	input_spectra/bkgrnd-marine-broth.mzML	1307	0	120.082079569499	1	16509.96	0.0
59	input_spectra/bkgrnd-marine-broth.mzML	1308	0	189.125183105469	1	16521.420000000002	0.0
59	input_spectra/bkgrnd-marine-broth.mzML	1309	0	189.125183105469	1	16532.88	0.0
5	input_spectra/bkgrnd-marine-broth.mzML	1310	0	120.082079569499	1	16572.24	0.0
6	input_spectra/bkgrnd-marine-broth.mzML	1311	0	120.082079569499	1	16583.699999999997	0.0
118	input_spectra/bkgrnd-marine-broth.mzML	1312	0	359.196111043294	1	16595.280000000002	0.0
118	input_spectra/bkgrnd-marine-broth.mzML	1313	0	359.196111043294	1	16606.739999999998	0.0
59	input_spectra/bkgrnd-marine-broth.mzML	1314	0	189.125183105469	1	16618.260000000002	0.0
59	input_spectra/bkgrnd-marine-broth.mzML	1315	0	189.125183105469	1	16629.719999999998	0.0
17	input_spectra/bkgrnd-marine-broth.mzML	1316	0	131.05034383138	1	16641.18	0.0
18	input_spectra/bkgrnd-marine-broth.mzML	1317	0	131.05034383138	1	16652.64	0.0
45	input_spectra/bkgrnd-marine-broth.mzML	1318	0	166.093887329102	1	16692.06	0.0
46	input_spectra/bkgrnd-marine-broth.mzML	1319	0	166.093887329102	1	16703.52	0.0
7	input_spectra/bkgrnd-marine-broth.mzML	1320	0	120.084854125977	1	16714.980000000003	0.0
8	input_spectra/bkgrnd-marine-broth.mzML	1321	0	120.084854125977	1	16726.44	0.0
59	input_spectra/bkgrnd-marine-broth.mzML	1322	0	189.125183105469	1	16737.96	0.0
59	input_spectra/bkgrnd-marine-broth.mzML	1323	0	189.125183105469	1	16749.42	0.0
118	input_spectra/bkgrnd-marine-broth.mzML	1324	0	359.196111043294	1	16760.94	0.0
118	input_spectra/bkgrnd-marine-broth.mzML	1325	0	359.196111043294	1	16772.46	0.0
17	input_spectra/bkgrnd-marine-broth.mzML	1326	0	131.05034383138	1	16783.920000000002	0.0
18	input_spectra/bkgrnd-marine-broth.mzML	1327	0	131.05034383138	1	16795.38	0.0
7	input_spectra/bkgrnd-marine-broth.mzML	1328	0	120.086292266846	1	16834.8	0.0
8	input_spectra/bkgrnd-marine-broth.mzML	1329	0	120.086292266846	1	16846.260000000002	0.0
118	input_spectra/bkgrnd-marine-broth.mzML	1330	0	359.196111043294	1	16857.780000000002	0.0
118	input_spectra/bkgrnd-marine-broth.mzML	1331	0	359.196111043294	1	16869.239999999998	0.0
17	input_spectra/bkgrnd-marine-broth.mzML	1332	0	131.05034383138	1	16880.760000000002	0.0
18	input_spectra/bkgrnd-marine-broth.mzML	1333	0	131.05034383138	1	16892.219999999998	0.0
31	input_spectra/bkgrnd-marine-broth.mzML	1334	0	149.061024983724	1	16903.68	0.0
32	input_spectra/bkgrnd-marine-broth.mzML	1335	0	149.061024983724	1	16915.2	0.0
7	input_spectra/bkgrnd-marine-broth.mzML	1336	0	120.086292266846	1	16977.54	0.0
8	input_spectra/bkgrnd-marine-broth.mzML	1337	0	120.086292266846	1	16989.0	0.0
31	input_spectra/bkgrnd-marine-broth.mzML	1338	0	149.061024983724	1	17000.46	0.0
32	input_spectra/bkgrnd-marine-broth.mzML	1339	0	149.061024983724	1	17011.92	0.0
31	input_spectra/bkgrnd-marine-broth.mzML	1340	0	149.061024983724	1	17051.34	0.0
32	input_spectra/bkgrnd-marine-broth.mzML	1341	0	149.061024983724	1	17062.8	0.0
45	input_spectra/bkgrnd-marine-broth.mzML	1342	0	166.093887329102	1	17102.16	0.0
46	input_spectra/bkgrnd-marine-broth.mzML	1343	0	166.093887329102	1	17113.68	0.0
112	input_spectra/bkgrnd-marine-broth.mzML	1344	0	331.200653076172	1	17125.14	0.0
112	input_spectra/bkgrnd-marine-broth.mzML	1345	0	331.200653076172	1	17136.66	0.0
45	input_spectra/bkgrnd-marine-broth.mzML	1346	0	166.093887329102	1	17176.02	0.0
46	input_spectra/bkgrnd-marine-broth.mzML	1347	0	166.093887329102	1	17187.480000000003	0.0
112	input_spectra/bkgrnd-marine-broth.mzML	1348	0	331.200653076172	1	17199.0	0.0
112	input_spectra/bkgrnd-marine-broth.mzML	1349	0	331.200653076172	1	17210.52	0.0
112	input_spectra/bkgrnd-marine-broth.mzML	1350	0	331.200653076172	1	17249.88	0.0
112	input_spectra/bkgrnd-marine-broth.mzML	1351	0	331.200653076172	1	17261.34	0.0
28	input_spectra/bkgrnd-marine-broth.mzML	1352	0	141.95991734096	1	17272.859999999997	0.0
28	input_spectra/bkgrnd-marine-broth.mzML	1353	0	141.95991734096	1	17284.32	0.0
28	input_spectra/bkgrnd-marine-broth.mzML	1354	0	141.95991734096	1	17323.68	0.0
28	input_spectra/bkgrnd-marine-broth.mzML	1355	0	141.95991734096	1	17335.2	0.0
28	input_spectra/bkgrnd-marine-broth.mzML	1356	0	141.95991734096	1	17374.56	0.0
28	input_spectra/bkgrnd-marine-broth.mzML	1357	0	141.95991734096	1	17386.02	0.0
43	input_spectra/bkgrnd-marine-broth.mzML	1358	0	166.088059743245	1	17497.559999999998	0.0
44	input_spectra/bkgrnd-marine-broth.mzML	1359	0	166.088059743245	1	17509.02	0.0
43	input_spectra/bkgrnd-marine-broth.mzML	1360	0	166.088059743245	1	17548.38	0.0
44	input_spectra/bkgrnd-marine-broth.mzML	1361	0	166.088059743245	1	17559.84	0.0
43	input_spectra/bkgrnd-marine-broth.mzML	1362	0	166.088059743245	1	17599.2	0.0
44	input_spectra/bkgrnd-marine-broth.mzML	1363	0	166.088059743245	1	17610.72	0.0
5	input_spectra/bkgrnd-marine-broth.mzML	1364	0	120.082079569499	1	17622.18	0.0
6	input_spectra/bkgrnd-marine-broth.mzML	1365	0	120.082079569499	1	17633.64	0.0
5	input_spectra/bkgrnd-marine-broth.mzML	1366	0	120.082079569499	1	17673.0	0.0
6	input_spectra/bkgrnd-marine-broth.mzML	1367	0	120.082079569499	1	17684.52	0.0
5	input_spectra/bkgrnd-marine-broth.mzML	1368	0	120.082079569499	1	17723.82	0.0
6	input_spectra/bkgrnd-marine-broth.mzML	1369	0	120.082079569499	1	17735.34	0.0
39	input_spectra/bkgrnd-marine-broth.mzML	1370	0	158.962689717611	1	17822.76	0.0
39	input_spectra/bkgrnd-marine-broth.mzML	1371	0	158.962689717611	1	17834.22	0.0
39	input_spectra/bkgrnd-marine-broth.mzML	1372	0	158.962689717611	1	18234.36	0.0
39	input_spectra/bkgrnd-marine-broth.mzML	1373	0	158.962689717611	1	18245.82	0.0
39	input_spectra/bkgrnd-marine-broth.mzML	1374	0	158.962689717611	1	18297.24	0.0
39	input_spectra/bkgrnd-marine-broth.mzML	1375	0	158.962689717611	1	18308.699999999997	0.0
19	input_spectra/bkgrnd-marine-broth.mzML	1376	0	131.930934906006	1	18396.18	0.0
19	input_spectra/bkgrnd-marine-broth.mzML	1377	0	131.930934906006	1	18407.64	0.0
28	input_spectra/bkgrnd-marine-broth.mzML	1378	0	141.95991734096	1	18447.0	0.0
28	input_spectra/bkgrnd-marine-broth.mzML	1379	0	141.95991734096	1	18458.460000000003	0.0
28	input_spectra/bkgrnd-marine-broth.mzML	1380	0	141.95991734096	1	18497.88	0.0
28	input_spectra/bkgrnd-marine-broth.mzML	1381	0	141.95991734096	1	18509.34	0.0
28	input_spectra/bkgrnd-marine-broth.mzML	1382	0	141.95991734096	1	18548.699999999997	0.0
28	input_spectra/bkgrnd-marine-broth.mzML	1383	0	141.95991734096	1	18560.16	0.0
59	input_spectra/bkgrnd-marine-broth.mzML	1384	0	189.125183105469	1	18599.579999999998	0.0
43	input_spectra/bkgrnd-marine-broth.mzML	1385	0	166.088059743245	1	18650.399999999998	0.0
44	input_spectra/bkgrnd-marine-broth.mzML	1386	0	166.088059743245	1	18661.92	0.0
59	input_spectra/bkgrnd-marine-broth.mzML	1387	0	189.125183105469	1	18673.38	0.0
59	input_spectra/bkgrnd-marine-broth.mzML	1388	0	189.125183105469	1	18684.84	0.0
43	input_spectra/bkgrnd-marine-broth.mzML	1389	0	166.088059743245	1	18724.2	0.0
44	input_spectra/bkgrnd-marine-broth.mzML	1390	0	166.088059743245	1	18735.72	0.0
59	input_spectra/bkgrnd-marine-broth.mzML	1391	0	189.125183105469	1	18747.18	0.0
59	input_spectra/bkgrnd-marine-broth.mzML	1392	0	189.125183105469	1	18758.64	0.0
43	input_spectra/bkgrnd-marine-broth.mzML	1393	0	166.088059743245	1	18798.0	0.0
44	input_spectra/bkgrnd-marine-broth.mzML	1394	0	166.088059743245	1	18809.46	0.0
5	input_spectra/bkgrnd-marine-broth.mzML	1395	0	120.082079569499	1	18820.920000000002	0.0
6	input_spectra/bkgrnd-marine-broth.mzML	1396	0	120.082079569499	1	18832.440000000002	0.0
5	input_spectra/bkgrnd-marine-broth.mzML	1397	0	120.082079569499	1	18871.739999999998	0.0
6	input_spectra/bkgrnd-marine-broth.mzML	1398	0	120.082079569499	1	18883.2	0.0
20	input_spectra/bkgrnd-marine-broth.mzML	1399	0	132.103280318411	1	18894.719999999998	0.0
20	input_spectra/bkgrnd-marine-broth.mzML	1400	0	132.103280318411	1	18906.18	0.0
5	input_spectra/bkgrnd-marine-broth.mzML	1401	0	120.082079569499	1	18945.54	0.0
6	input_spectra/bkgrnd-marine-broth.mzML	1402	0	120.082079569499	1	18957.0	0.0
20	input_spectra/bkgrnd-marine-broth.mzML	1403	0	132.103280318411	1	18968.460000000003	0.0
20	input_spectra/bkgrnd-marine-broth.mzML	1404	0	132.103280318411	1	18979.980000000003	0.0
20	input_spectra/bkgrnd-marine-broth.mzML	1405	0	132.103280318411	1	19019.34	0.0
20	input_spectra/bkgrnd-marine-broth.mzML	1406	0	132.103280318411	1	19030.8	0.0
39	input_spectra/bkgrnd-marine-broth.mzML	1407	0	158.962689717611	1	19467.0	0.0
39	input_spectra/bkgrnd-marine-broth.mzML	1408	0	158.962689717611	1	19478.460000000003	0.0
39	input_spectra/bkgrnd-marine-broth.mzML	1409	0	158.962689717611	1	19541.879999999997	0.0
39	input_spectra/bkgrnd-marine-broth.mzML	1410	0	158.962689717611	1	19553.34	0.0
28	input_spectra/bkgrnd-marine-broth.mzML	1411	0	141.95991734096	1	19604.7	0.0
28	input_spectra/bkgrnd-marine-broth.mzML	1412	0	141.95991734096	1	19616.22	0.0
28	input_spectra/bkgrnd-marine-broth.mzML	1413	0	141.95991734096	1	19655.58	0.0
28	input_spectra/bkgrnd-marine-broth.mzML	1414	0	141.95991734096	1	19667.04	0.0
28	input_spectra/bkgrnd-marine-broth.mzML	1415	0	141.95991734096	1	19706.4	0.0
28	input_spectra/bkgrnd-marine-broth.mzML	1416	0	141.95991734096	1	19717.859999999997	0.0
73	input_spectra/bkgrnd-marine-broth.mzML	1417	0	229.157028198242	1	19769.28	0.0
73	input_spectra/bkgrnd-marine-broth.mzML	1418	0	229.157028198242	1	19780.739999999998	0.0
43	input_spectra/bkgrnd-marine-broth.mzML	1419	0	166.088059743245	1	19820.1	0.0
44	input_spectra/bkgrnd-marine-broth.mzML	1420	0	166.088059743245	1	19831.62	0.0
73	input_spectra/bkgrnd-marine-broth.mzML	1421	0	229.157028198242	1	19843.08	0.0
73	input_spectra/bkgrnd-marine-broth.mzML	1422	0	229.157028198242	1	19854.600000000002	0.0
73	input_spectra/bkgrnd-marine-broth.mzML	1423	0	229.157028198242	1	19893.96	0.0
73	input_spectra/bkgrnd-marine-broth.mzML	1424	0	229.157028198242	1	19905.420000000002	0.0
43	input_spectra/bkgrnd-marine-broth.mzML	1425	0	166.088059743245	1	19916.940000000002	0.0
44	input_spectra/bkgrnd-marine-broth.mzML	1426	0	166.088059743245	1	19928.399999999998	0.0
43	input_spectra/bkgrnd-marine-broth.mzML	1427	0	166.088059743245	1	19967.76	0.0
44	input_spectra/bkgrnd-marine-broth.mzML	1428	0	166.088059743245	1	19979.28	0.0
5	input_spectra/bkgrnd-marine-broth.mzML	1429	0	120.082079569499	1	19990.739999999998	0.0
6	input_spectra/bkgrnd-marine-broth.mzML	1430	0	120.082079569499	1	20002.2	0.0
5	input_spectra/bkgrnd-marine-broth.mzML	1431	0	120.082079569499	1	20053.56	0.0
6	input_spectra/bkgrnd-marine-broth.mzML	1432	0	120.082079569499	1	20065.019999999997	0.0
39	input_spectra/bkgrnd-marine-broth.mzML	1433	0	158.962689717611	1	20104.379999999997	0.0
39	input_spectra/bkgrnd-marine-broth.mzML	1434	0	158.962689717611	1	20115.84	0.0
5	input_spectra/bkgrnd-marine-broth.mzML	1435	0	120.082079569499	1	20127.3	0.0
6	input_spectra/bkgrnd-marine-broth.mzML	1436	0	120.082079569499	1	20138.760000000002	0.0
28	input_spectra/bkgrnd-marine-broth.mzML	1437	0	141.95991734096	1	20743.260000000002	0.0
28	input_spectra/bkgrnd-marine-broth.mzML	1438	0	141.95991734096	1	20754.719999999998	0.0
28	input_spectra/bkgrnd-marine-broth.mzML	1439	0	141.95991734096	1	20794.079999999998	0.0
28	input_spectra/bkgrnd-marine-broth.mzML	1440	0	141.95991734096	1	20805.6	0.0
28	input_spectra/bkgrnd-marine-broth.mzML	1441	0	141.95991734096	1	20844.96	0.0
28	input_spectra/bkgrnd-marine-broth.mzML	1442	0	141.95991734096	1	20856.420000000002	0.0
90	input_spectra/bkgrnd-marine-broth.mzML	1443	0	274.178975423177	1	21641.28	0.0
90	input_spectra/bkgrnd-marine-broth.mzML	1444	0	274.178975423177	1	21652.8	0.0
90	input_spectra/bkgrnd-marine-broth.mzML	1445	0	274.178975423177	1	21692.16	0.0
90	input_spectra/bkgrnd-marine-broth.mzML	1446	0	274.178975423177	1	21703.62	0.0
90	input_spectra/bkgrnd-marine-broth.mzML	1447	0	274.178975423177	1	21743.04	0.0
90	input_spectra/bkgrnd-marine-broth.mzML	1448	0	274.178975423177	1	21754.5	0.0
28	input_spectra/bkgrnd-marine-broth.mzML	1449	0	141.95991734096	1	21918.54	0.0
28	input_spectra/bkgrnd-marine-broth.mzML	1450	0	141.95991734096	1	21930.0	0.0
75	input_spectra/bkgrnd-marine-broth.mzML	1451	0	231.172617594401	1	21941.52	0.0
75	input_spectra/bkgrnd-marine-broth.mzML	1452	0	231.172617594401	1	21992.34	0.0
28	input_spectra/bkgrnd-marine-broth.mzML	1453	0	141.95991734096	1	22015.32	0.0
28	input_spectra/bkgrnd-marine-broth.mzML	1454	0	141.95991734096	1	22026.78	0.0
75	input_spectra/bkgrnd-marine-broth.mzML	1455	0	231.172617594401	1	22066.079999999998	0.0
75	input_spectra/bkgrnd-marine-broth.mzML	1456	0	231.172617594401	1	22077.6	0.0
28	input_spectra/bkgrnd-marine-broth.mzML	1457	0	141.95991734096	1	22089.06	0.0
28	input_spectra/bkgrnd-marine-broth.mzML	1458	0	141.95991734096	1	22100.52	0.0
73	input_spectra/bkgrnd-marine-broth.mzML	1459	0	229.157028198242	1	22717.079999999998	0.0
73	input_spectra/bkgrnd-marine-broth.mzML	1460	0	229.157028198242	1	22728.54	0.0
73	input_spectra/bkgrnd-marine-broth.mzML	1461	0	229.157028198242	1	22767.899999999998	0.0
73	input_spectra/bkgrnd-marine-broth.mzML	1462	0	229.157028198242	1	22779.36	0.0
73	input_spectra/bkgrnd-marine-broth.mzML	1463	0	229.157028198242	1	22818.78	0.0
73	input_spectra/bkgrnd-marine-broth.mzML	1464	0	229.157028198242	1	22830.24	0.0
28	input_spectra/bkgrnd-marine-broth.mzML	1465	0	141.95991734096	1	23098.08	0.0
28	input_spectra/bkgrnd-marine-broth.mzML	1466	0	141.95991734096	1	23109.54	0.0
28	input_spectra/bkgrnd-marine-broth.mzML	1467	0	141.95991734096	1	23148.96	0.0
28	input_spectra/bkgrnd-marine-broth.mzML	1468	0	141.95991734096	1	23160.420000000002	0.0
28	input_spectra/bkgrnd-marine-broth.mzML	1469	0	141.95991734096	1	23199.78	0.0
28	input_spectra/bkgrnd-marine-broth.mzML	1470	0	141.95991734096	1	23211.239999999998	0.0
73	input_spectra/bkgrnd-marine-broth.mzML	1471	0	229.157028198242	1	23863.86	0.0
73	input_spectra/bkgrnd-marine-broth.mzML	1472	0	229.157028198242	1	23875.38	0.0
169	input_spectra/bkgrnd-marine-broth.mzML	1473	0	527.287231445313	1	23886.9	0.0
169	input_spectra/bkgrnd-marine-broth.mzML	1474	0	527.287231445313	1	23898.420000000002	0.0
73	input_spectra/bkgrnd-marine-broth.mzML	1475	0	229.157028198242	1	23937.780000000002	0.0
73	input_spectra/bkgrnd-marine-broth.mzML	1476	0	229.157028198242	1	23949.3	0.0
73	input_spectra/bkgrnd-marine-broth.mzML	1477	0	229.157028198242	1	23988.6	0.0
73	input_spectra/bkgrnd-marine-broth.mzML	1478	0	229.157028198242	1	24000.12	0.0
227	input_spectra/bkgrnd-marine-broth.mzML	1479	0	756.358744303385	1	24114.0	0.0
227	input_spectra/bkgrnd-marine-broth.mzML	1480	0	756.358744303385	1	24164.88	0.0
227	input_spectra/bkgrnd-marine-broth.mzML	1481	0	756.358744303385	1	24215.760000000002	0.0
209	input_spectra/bkgrnd-marine-broth.mzML	1482	0	618.330220540365	1	24250.44	0.0
210	input_spectra/bkgrnd-marine-broth.mzML	1483	0	618.330220540365	1	24261.96	0.0
229	input_spectra/bkgrnd-marine-broth.mzML	1484	0	783.443644205729	1	24273.48	0.0
230	input_spectra/bkgrnd-marine-broth.mzML	1485	0	783.443644205729	1	24285.059999999998	0.0
229	input_spectra/bkgrnd-marine-broth.mzML	1486	0	783.443644205729	1	24324.42	0.0
230	input_spectra/bkgrnd-marine-broth.mzML	1487	0	783.443644205729	1	24335.94	0.0
209	input_spectra/bkgrnd-marine-broth.mzML	1488	0	618.330220540365	1	24347.519999999997	0.0
210	input_spectra/bkgrnd-marine-broth.mzML	1489	0	618.330220540365	1	24359.039999999997	0.0
241	input_spectra/bkgrnd-marine-broth.mzML	1490	0	1105.584289550781	1	24370.620000000003	0.0
209	input_spectra/bkgrnd-marine-broth.mzML	1491	0	618.330220540365	1	24444.66	0.0
210	input_spectra/bkgrnd-marine-broth.mzML	1492	0	618.330220540365	1	24456.18	0.0
229	input_spectra/bkgrnd-marine-broth.mzML	1493	0	783.443644205729	1	24467.76	0.0
241	input_spectra/bkgrnd-marine-broth.mzML	1494	0	1105.584289550781	1	24490.86	0.0
195	input_spectra/bkgrnd-marine-broth.mzML	1495	0	584.30995686849	1	24622.68	0.0
156	input_spectra/bkgrnd-marine-broth.mzML	1496	0	488.240407307943	1	24685.2	0.0
156	input_spectra/bkgrnd-marine-broth.mzML	1497	0	488.240407307943	1	24696.72	0.0
156	input_spectra/bkgrnd-marine-broth.mzML	1498	0	488.240407307943	1	24828.54	0.0
156	input_spectra/bkgrnd-marine-broth.mzML	1499	0	488.240407307943	1	24840.059999999998	0.0
133	input_spectra/bkgrnd-marine-broth.mzML	1500	0	430.233734130859	1	24851.579999999998	0.0
133	input_spectra/bkgrnd-marine-broth.mzML	1501	0	430.233734130859	1	24863.04	0.0
156	input_spectra/bkgrnd-marine-broth.mzML	1502	0	488.240407307943	1	24925.44	0.0
156	input_spectra/bkgrnd-marine-broth.mzML	1503	0	488.240407307943	1	24936.96	0.0
133	input_spectra/bkgrnd-marine-broth.mzML	1504	0	430.233734130859	1	24948.48	0.0
133	input_spectra/bkgrnd-marine-broth.mzML	1505	0	430.233734130859	1	24959.940000000002	0.0
196	input_spectra/bkgrnd-marine-broth.mzML	1506	0	584.30995686849	1	24999.36	0.0
195	input_spectra/bkgrnd-marine-broth.mzML	1507	0	584.30995686849	1	25010.88	0.0
133	input_spectra/bkgrnd-marine-broth.mzML	1508	0	430.233734130859	1	25022.4	0.0
133	input_spectra/bkgrnd-marine-broth.mzML	1509	0	430.233734130859	1	25033.86	0.0
148	input_spectra/bkgrnd-marine-broth.mzML	1510	0	460.244934082031	1	25045.38	0.0
148	input_spectra/bkgrnd-marine-broth.mzML	1511	0	460.244934082031	1	25056.9	0.0
196	input_spectra/bkgrnd-marine-broth.mzML	1512	0	584.30995686849	1	25096.260000000002	0.0
195	input_spectra/bkgrnd-marine-broth.mzML	1513	0	584.30995686849	1	25107.780000000002	0.0
242	input_spectra/bkgrnd-marine-broth.mzML	1514	0	1149.564208984375	1	25147.140000000003	0.0
243	input_spectra/bkgrnd-marine-broth.mzML	1515	0	1149.564208984375	1	25158.72	0.0
242	input_spectra/bkgrnd-marine-broth.mzML	1516	0	1149.564208984375	1	25198.08	0.0
243	input_spectra/bkgrnd-marine-broth.mzML	1517	0	1149.564208984375	1	25209.66	0.0
132	input_spectra/bkgrnd-marine-broth.mzML	1518	0	428.254776000977	1	25364.16	0.0
132	input_spectra/bkgrnd-marine-broth.mzML	1519	0	428.254776000977	1	25375.68	0.0
146	input_spectra/bkgrnd-marine-broth.mzML	1520	0	456.249816894531	1	25410.420000000002	0.0
146	input_spectra/bkgrnd-marine-broth.mzML	1521	0	456.249816894531	1	25421.940000000002	0.0
132	input_spectra/bkgrnd-marine-broth.mzML	1522	0	428.254776000977	1	25484.4	0.0
132	input_spectra/bkgrnd-marine-broth.mzML	1523	0	428.254776000977	1	25495.920000000002	0.0
178	input_spectra/bkgrnd-marine-broth.mzML	1524	0	557.298522949219	1	25507.440000000002	0.0
179	input_spectra/bkgrnd-marine-broth.mzML	1525	0	557.298522949219	1	25518.96	0.0
147	input_spectra/bkgrnd-marine-broth.mzML	1526	0	458.265899658203	1	25553.64	0.0
147	input_spectra/bkgrnd-marine-broth.mzML	1527	0	458.265899658203	1	25565.16	0.0
140	input_spectra/bkgrnd-marine-broth.mzML	1528	0	440.25493367513	1	25627.68	0.0
140	input_spectra/bkgrnd-marine-broth.mzML	1529	0	440.25493367513	1	25639.2	0.0
167	input_spectra/bkgrnd-marine-broth.mzML	1530	0	522.224914550781	1	25673.94	0.0
167	input_spectra/bkgrnd-marine-broth.mzML	1531	0	522.224914550781	1	25685.46	0.0
147	input_spectra/bkgrnd-marine-broth.mzML	1532	0	458.265899658203	1	25696.92	0.0
140	input_spectra/bkgrnd-marine-broth.mzML	1533	0	440.25493367513	1	25747.859999999997	0.0
140	input_spectra/bkgrnd-marine-broth.mzML	1534	0	440.25493367513	1	25759.379999999997	0.0
164	input_spectra/bkgrnd-marine-broth.mzML	1535	0	511.292541503906	1	25817.100000000002	0.0
164	input_spectra/bkgrnd-marine-broth.mzML	1536	0	511.292541503906	1	25828.56	0.0
167	input_spectra/bkgrnd-marine-broth.mzML	1537	0	522.224914550781	1	25840.08	0.0
199	input_spectra/bkgrnd-marine-broth.mzML	1538	0	586.325286865234	1	25891.02	0.0
199	input_spectra/bkgrnd-marine-broth.mzML	1539	0	586.325286865234	1	25902.480000000003	0.0
115	input_spectra/bkgrnd-marine-broth.mzML	1540	0	344.231323242188	1	25914.0	0.0
115	input_spectra/bkgrnd-marine-broth.mzML	1541	0	344.231323242188	1	25925.52	0.0
140	input_spectra/bkgrnd-marine-broth.mzML	1542	0	440.25493367513	1	25937.04	0.0
140	input_spectra/bkgrnd-marine-broth.mzML	1543	0	440.25493367513	1	25948.56	0.0
164	input_spectra/bkgrnd-marine-broth.mzML	1544	0	511.292541503906	1	25960.019999999997	0.0
164	input_spectra/bkgrnd-marine-broth.mzML	1545	0	511.292541503906	1	25971.539999999997	0.0
63	input_spectra/bkgrnd-marine-broth.mzML	1546	0	205.099311828613	1	26033.94	0.0
64	input_spectra/bkgrnd-marine-broth.mzML	1547	0	205.099311828613	1	26045.399999999998	0.0
55	input_spectra/bkgrnd-marine-broth.mzML	1548	0	188.072463989258	1	26056.86	0.0
56	input_spectra/bkgrnd-marine-broth.mzML	1549	0	188.072463989258	1	26068.38	0.0
199	input_spectra/bkgrnd-marine-broth.mzML	1550	0	586.325286865234	1	26079.9	0.0
63	input_spectra/bkgrnd-marine-broth.mzML	1551	0	205.099311828613	1	26176.92	0.0
64	input_spectra/bkgrnd-marine-broth.mzML	1552	0	205.099311828613	1	26188.38	0.0
55	input_spectra/bkgrnd-marine-broth.mzML	1553	0	188.072463989258	1	26199.9	0.0
56	input_spectra/bkgrnd-marine-broth.mzML	1554	0	188.072463989258	1	26211.36	0.0
204	input_spectra/bkgrnd-marine-broth.mzML	1555	0	612.341369628906	1	26222.94	0.0
204	input_spectra/bkgrnd-marine-broth.mzML	1556	0	612.341369628906	1	26234.46	0.0
87	input_spectra/bkgrnd-marine-broth.mzML	1557	0	263.141876220703	1	26269.079999999998	0.0
87	input_spectra/bkgrnd-marine-broth.mzML	1558	0	263.141876220703	1	26280.6	0.0
124	input_spectra/bkgrnd-marine-broth.mzML	1559	0	388.258239746094	1	26319.96	0.0
124	input_spectra/bkgrnd-marine-broth.mzML	1560	0	388.258239746094	1	26331.48	0.0
205	input_spectra/bkgrnd-marine-broth.mzML	1561	0	612.341369628906	1	26365.98	0.0
205	input_spectra/bkgrnd-marine-broth.mzML	1562	0	612.341369628906	1	26377.5	0.0
240	input_spectra/bkgrnd-marine-broth.mzML	1563	0	947.457214355469	1	26400.66	0.0
206	input_spectra/bkgrnd-marine-broth.mzML	1564	0	614.357238769531	1	26463.120000000003	0.0
206	input_spectra/bkgrnd-marine-broth.mzML	1565	0	614.357238769531	1	26474.640000000003	0.0
124	input_spectra/bkgrnd-marine-broth.mzML	1566	0	388.258239746094	1	26486.16	0.0
240	input_spectra/bkgrnd-marine-broth.mzML	1567	0	947.457214355469	1	26520.84	0.0
123	input_spectra/bkgrnd-marine-broth.mzML	1568	0	385.249328613281	1	26532.36	0.0
123	input_spectra/bkgrnd-marine-broth.mzML	1569	0	385.249328613281	1	26543.88	0.0
136	input_spectra/bkgrnd-marine-broth.mzML	1570	0	432.285171508789	1	26606.22	0.0
136	input_spectra/bkgrnd-marine-broth.mzML	1571	0	432.285171508789	1	26617.74	0.0
206	input_spectra/bkgrnd-marine-broth.mzML	1572	0	614.357238769531	1	26675.399999999998	0.0
206	input_spectra/bkgrnd-marine-broth.mzML	1573	0	614.357238769531	1	26686.92	0.0
128	input_spectra/bkgrnd-marine-broth.mzML	1574	0	415.257965087891	1	26698.44	0.0
136	input_spectra/bkgrnd-marine-broth.mzML	1575	0	432.285171508789	1	26749.32	0.0
136	input_spectra/bkgrnd-marine-broth.mzML	1576	0	432.285171508789	1	26760.78	0.0
151	input_spectra/bkgrnd-marine-broth.mzML	1577	0	476.311747233073	1	26795.34	0.0
151	input_spectra/bkgrnd-marine-broth.mzML	1578	0	476.311747233073	1	26806.86	0.0
29	input_spectra/bkgrnd-marine-broth.mzML	1579	0	146.061645507813	1	26829.84	0.0
245	input_spectra/bkgrnd-marine-broth.mzML	1580	0	1216.558837890625	1	26841.48	0.0
151	input_spectra/bkgrnd-marine-broth.mzML	1581	0	476.311747233073	1	26892.42	0.0
151	input_spectra/bkgrnd-marine-broth.mzML	1582	0	476.311747233073	1	26903.94	0.0
71	input_spectra/bkgrnd-marine-broth.mzML	1583	0	227.141393025716	1	26938.44	0.0
71	input_spectra/bkgrnd-marine-broth.mzML	1584	0	227.141393025716	1	26949.96	0.0
244	input_spectra/bkgrnd-marine-broth.mzML	1585	0	1200.565185546875	1	26961.600000000002	0.0
245	input_spectra/bkgrnd-marine-broth.mzML	1586	0	1216.558837890625	1	26984.7	0.0
166	input_spectra/bkgrnd-marine-broth.mzML	1587	0	520.338562011719	1	27035.64	0.0
166	input_spectra/bkgrnd-marine-broth.mzML	1588	0	520.338562011719	1	27047.16	0.0
151	input_spectra/bkgrnd-marine-broth.mzML	1589	0	476.311747233073	1	27058.68	0.0
151	input_spectra/bkgrnd-marine-broth.mzML	1590	0	476.311747233073	1	27070.2	0.0
71	input_spectra/bkgrnd-marine-broth.mzML	1591	0	227.141393025716	1	27081.72	0.0
71	input_spectra/bkgrnd-marine-broth.mzML	1592	0	227.141393025716	1	27093.18	0.0
244	input_spectra/bkgrnd-marine-broth.mzML	1593	0	1200.565185546875	1	27127.859999999997	0.0
166	input_spectra/bkgrnd-marine-broth.mzML	1594	0	520.338562011719	1	27178.800000000003	0.0
166	input_spectra/bkgrnd-marine-broth.mzML	1595	0	520.338562011719	1	27190.32	0.0
181	input_spectra/bkgrnd-marine-broth.mzML	1596	0	564.364949544271	1	27224.88	0.0
181	input_spectra/bkgrnd-marine-broth.mzML	1597	0	564.364949544271	1	27236.4	0.0
72	input_spectra/bkgrnd-marine-broth.mzML	1598	0	227.141393025716	1	27247.920000000002	0.0
71	input_spectra/bkgrnd-marine-broth.mzML	1599	0	227.141393025716	1	27259.379999999997	0.0
185	input_spectra/bkgrnd-marine-broth.mzML	1600	0	569.3232421875	1	27270.960000000003	0.0
186	input_spectra/bkgrnd-marine-broth.mzML	1601	0	569.3232421875	1	27282.480000000003	0.0
181	input_spectra/bkgrnd-marine-broth.mzML	1602	0	564.364949544271	1	27321.84	0.0
181	input_spectra/bkgrnd-marine-broth.mzML	1603	0	564.364949544271	1	27333.36	0.0
166	input_spectra/bkgrnd-marine-broth.mzML	1604	0	520.338562011719	1	27390.899999999998	0.0
203	input_spectra/bkgrnd-marine-broth.mzML	1605	0	608.391581217448	1	27413.94	0.0
203	input_spectra/bkgrnd-marine-broth.mzML	1606	0	608.391581217448	1	27425.46	0.0
203	input_spectra/bkgrnd-marine-broth.mzML	1607	0	608.391581217448	1	27464.82	0.0
203	input_spectra/bkgrnd-marine-broth.mzML	1608	0	608.391581217448	1	27476.34	0.0
85	input_spectra/bkgrnd-marine-broth.mzML	1609	0	261.126291910807	1	27487.859999999997	0.0
85	input_spectra/bkgrnd-marine-broth.mzML	1610	0	261.126291910807	1	27499.379999999997	0.0
181	input_spectra/bkgrnd-marine-broth.mzML	1611	0	564.364949544271	1	27533.94	0.0
181	input_spectra/bkgrnd-marine-broth.mzML	1612	0	564.364949544271	1	27545.46	0.0
130	input_spectra/bkgrnd-marine-broth.mzML	1613	0	419.233673095703	1	27556.98	0.0
130	input_spectra/bkgrnd-marine-broth.mzML	1614	0	419.233673095703	1	27568.5	0.0
203	input_spectra/bkgrnd-marine-broth.mzML	1615	0	608.391581217448	1	27607.859999999997	0.0
203	input_spectra/bkgrnd-marine-broth.mzML	1616	0	608.391581217448	1	27619.379999999997	0.0
3	input_spectra/bkgrnd-marine-broth.mzML	1617	0	117.074203491211	1	27653.94	0.0
3	input_spectra/bkgrnd-marine-broth.mzML	1618	0	117.074203491211	1	27665.399999999998	0.0
222	input_spectra/bkgrnd-marine-broth.mzML	1619	0	696.444763183594	1	27750.899999999998	0.0
222	input_spectra/bkgrnd-marine-broth.mzML	1620	0	696.444763183594	1	27762.42	0.0
217	input_spectra/bkgrnd-marine-broth.mzML	1621	0	652.41796875	1	27773.94	0.0
3	input_spectra/bkgrnd-marine-broth.mzML	1622	0	117.074203491211	1	27796.98	0.0
3	input_spectra/bkgrnd-marine-broth.mzML	1623	0	117.074203491211	1	27808.44	0.0
225	input_spectra/bkgrnd-marine-broth.mzML	1624	0	740.471008300781	1	27893.88	0.0
225	input_spectra/bkgrnd-marine-broth.mzML	1625	0	740.471008300781	1	27905.399999999998	0.0
3	input_spectra/bkgrnd-marine-broth.mzML	1626	0	117.074203491211	1	27916.98	0.0
3	input_spectra/bkgrnd-marine-broth.mzML	1627	0	117.074203491211	1	27928.44	0.0
222	input_spectra/bkgrnd-marine-broth.mzML	1628	0	696.444763183594	1	27940.019999999997	0.0
79	input_spectra/bkgrnd-marine-broth.mzML	1629	0	243.13648223877	1	27963.059999999998	0.0
79	input_spectra/bkgrnd-marine-broth.mzML	1630	0	243.13648223877	1	27974.52	0.0
86	input_spectra/bkgrnd-marine-broth.mzML	1631	0	261.126291910807	1	28013.94	0.0
86	input_spectra/bkgrnd-marine-broth.mzML	1632	0	261.126291910807	1	28025.399999999998	0.0
79	input_spectra/bkgrnd-marine-broth.mzML	1633	0	243.13648223877	1	28036.92	0.0
231	input_spectra/bkgrnd-marine-broth.mzML	1634	0	784.497497558594	1	28059.96	0.0
66	input_spectra/bkgrnd-marine-broth.mzML	1635	0	211.146428426107	1	28315.26	0.0
66	input_spectra/bkgrnd-marine-broth.mzML	1636	0	211.146428426107	1	28326.78	0.0
66	input_spectra/bkgrnd-marine-broth.mzML	1637	0	211.146428426107	1	28366.14	0.0
66	input_spectra/bkgrnd-marine-broth.mzML	1638	0	211.146428426107	1	28377.6	0.0
66	input_spectra/bkgrnd-marine-broth.mzML	1639	0	211.146428426107	1	28417.02	0.0
66	input_spectra/bkgrnd-marine-broth.mzML	1640	0	211.146428426107	1	28428.48	0.0
80	input_spectra/bkgrnd-marine-broth.mzML	1641	0	245.130767822266	1	28876.68	0.0
80	input_spectra/bkgrnd-marine-broth.mzML	1642	0	245.130767822266	1	28888.14	0.0
104	input_spectra/bkgrnd-marine-broth.mzML	1643	0	328.273207122204	1	32234.280000000002	0.0
105	input_spectra/bkgrnd-marine-broth.mzML	1644	0	328.273207122204	1	32245.739999999998	0.0
104	input_spectra/bkgrnd-marine-broth.mzML	1645	0	328.273207122204	1	32465.52	0.0
106	input_spectra/bkgrnd-marine-broth.mzML	1646	0	328.273207122204	1	32476.98	0.0
107	input_spectra/bkgrnd-marine-broth.mzML	1647	0	328.273207122204	1	32528.399999999998	0.0
108	input_spectra/bkgrnd-marine-broth.mzML	1648	0	328.273207122204	1	32539.92	0.0
91	input_spectra/bkgrnd-marine-broth.mzML	1649	0	274.277679443359	1	32602.26	0.0
92	input_spectra/bkgrnd-marine-broth.mzML	1650	0	274.277679443359	1	32613.72	0.0
91	input_spectra/bkgrnd-marine-broth.mzML	1651	0	274.277679443359	1	32653.079999999998	0.0
149	input_spectra/bkgrnd-marine-broth.mzML	1652	0	466.323577880859	1	32958.78	0.0
149	input_spectra/bkgrnd-marine-broth.mzML	1653	0	466.323577880859	1	33032.64	0.0
175	input_spectra/bkgrnd-marine-broth.mzML	1654	0	534.361673990885	1	33044.159999999996	0.0
175	input_spectra/bkgrnd-marine-broth.mzML	1655	0	534.361673990885	1	33055.68	0.0
175	input_spectra/bkgrnd-marine-broth.mzML	1656	0	534.361673990885	1	33164.1	0.0
175	input_spectra/bkgrnd-marine-broth.mzML	1657	0	534.361673990885	1	33175.62	0.0
237	input_spectra/bkgrnd-marine-broth.mzML	1658	0	931.638000488281	1	33210.24	0.0
175	input_spectra/bkgrnd-marine-broth.mzML	1659	0	534.361673990885	1	33261.18	0.0
175	input_spectra/bkgrnd-marine-broth.mzML	1660	0	534.361673990885	1	33272.7	0.0
107	input_spectra/bkgrnd-marine-broth.mzML	1661	0	328.273207122204	1	33611.64	0.0
105	input_spectra/bkgrnd-marine-broth.mzML	1662	0	328.273207122204	1	33623.159999999996	0.0
104	input_spectra/bkgrnd-marine-broth.mzML	1663	0	328.273207122204	1	33662.46000000001	0.0
105	input_spectra/bkgrnd-marine-broth.mzML	1664	0	328.273207122204	1	33673.979999999996	0.0
108	input_spectra/bkgrnd-marine-broth.mzML	1665	0	328.273207122204	1	33713.340000000004	0.0
107	input_spectra/bkgrnd-marine-broth.mzML	1666	0	328.273207122204	1	33724.86	0.0
74	input_spectra/bkgrnd-marine-broth.mzML	1667	0	230.25151570638	1	34557.840000000004	0.0
74	input_spectra/bkgrnd-marine-broth.mzML	1668	0	230.25151570638	1	34569.299999999996	0.0
74	input_spectra/bkgrnd-marine-broth.mzML	1669	0	230.25151570638	1	34608.72	0.0
74	input_spectra/bkgrnd-marine-broth.mzML	1670	0	230.25151570638	1	34620.18	0.0
74	input_spectra/bkgrnd-marine-broth.mzML	1671	0	230.25151570638	1	34659.54	0.0
74	input_spectra/bkgrnd-marine-broth.mzML	1672	0	230.25151570638	1	34671.06	0.0
108	input_spectra/bkgrnd-marine-broth.mzML	1673	0	328.273207122204	1	34746.479999999996	0.0
106	input_spectra/bkgrnd-marine-broth.mzML	1674	0	328.273207122204	1	34757.94	0.0
104	input_spectra/bkgrnd-marine-broth.mzML	1675	0	328.273207122204	1	34797.36	0.0
109	input_spectra/bkgrnd-marine-broth.mzML	1676	0	328.273207122204	1	34808.82	0.0
105	input_spectra/bkgrnd-marine-broth.mzML	1677	0	328.273207122204	1	34848.18	0.0
105	input_spectra/bkgrnd-marine-broth.mzML	1678	0	328.273207122204	1	34859.7	0.0
172	input_spectra/bkgrnd-marine-broth.mzML	1679	0	533.332600911458	1	35680.62	0.0
173	input_spectra/bkgrnd-marine-broth.mzML	1680	0	533.332600911458	1	35692.14	0.0
172	input_spectra/bkgrnd-marine-broth.mzML	1681	0	533.332600911458	1	35731.56	0.0
160	input_spectra/bkgrnd-marine-broth.mzML	1682	0	498.295522054036	1	35766.06	0.0
172	input_spectra/bkgrnd-marine-broth.mzML	1683	0	533.332600911458	1	35805.36	0.0
161	input_spectra/bkgrnd-marine-broth.mzML	1684	0	498.295522054036	1	35828.4	0.0
161	input_spectra/bkgrnd-marine-broth.mzML	1685	0	498.295522054036	1	35879.280000000006	0.0
106	input_spectra/bkgrnd-marine-broth.mzML	1686	0	328.273207122204	1	35930.16	0.0
106	input_spectra/bkgrnd-marine-broth.mzML	1687	0	328.273207122204	1	35941.68	0.0
106	input_spectra/bkgrnd-marine-broth.mzML	1688	0	328.273207122204	1	35980.979999999996	0.0
110	input_spectra/bkgrnd-marine-broth.mzML	1689	0	328.273207122204	1	35992.5	0.0
106	input_spectra/bkgrnd-marine-broth.mzML	1690	0	328.273207122204	1	36031.86	0.0
107	input_spectra/bkgrnd-marine-broth.mzML	1691	0	328.273207122204	1	36043.32	0.0
121	input_spectra/bkgrnd-marine-broth.mzML	1692	0	373.279357910156	1	36974.76	0.0
121	input_spectra/bkgrnd-marine-broth.mzML	1693	0	373.279357910156	1	37071.6	0.0
233	input_spectra/bkgrnd-marine-broth.mzML	1694	0	817.595153808594	1	37106.22	0.0
152	input_spectra/bkgrnd-marine-broth.mzML	1695	0	477.339263916016	1	37152.3	0.0
152	input_spectra/bkgrnd-marine-broth.mzML	1696	0	477.339263916016	1	37163.82	0.0
104	input_spectra/bkgrnd-marine-broth.mzML	1697	0	328.273207122204	1	37203.18	0.0
110	input_spectra/bkgrnd-marine-broth.mzML	1698	0	328.273207122204	1	37214.7	0.0
106	input_spectra/bkgrnd-marine-broth.mzML	1699	0	328.273207122204	1	37300.08	0.0
110	input_spectra/bkgrnd-marine-broth.mzML	1700	0	328.273207122204	1	37311.54	0.0
105	input_spectra/bkgrnd-marine-broth.mzML	1701	0	328.273207122204	1	37350.9	0.0
109	input_spectra/bkgrnd-marine-broth.mzML	1702	0	328.273207122204	1	37362.42	0.0
83	input_spectra/bkgrnd-marine-broth.mzML	1703	0	258.283406575521	1	38353.44	0.0
83	input_spectra/bkgrnd-marine-broth.mzML	1704	0	258.283406575521	1	38364.899999999994	0.0
106	input_spectra/bkgrnd-marine-broth.mzML	1705	0	328.273207122204	1	38404.26	0.0
107	input_spectra/bkgrnd-marine-broth.mzML	1706	0	328.273207122204	1	38415.78	0.0
83	input_spectra/bkgrnd-marine-broth.mzML	1707	0	258.283406575521	1	38450.28	0.0
83	input_spectra/bkgrnd-marine-broth.mzML	1708	0	258.283406575521	1	38461.799999999996	0.0
111	input_spectra/bkgrnd-marine-broth.mzML	1709	0	328.273207122204	1	38501.16	0.0
109	input_spectra/bkgrnd-marine-broth.mzML	1710	0	328.273207122204	1	38512.68	0.0
83	input_spectra/bkgrnd-marine-broth.mzML	1711	0	258.283406575521	1	38524.14	0.0
83	input_spectra/bkgrnd-marine-broth.mzML	1712	0	258.283406575521	1	38535.6	0.0
105	input_spectra/bkgrnd-marine-broth.mzML	1713	0	328.273207122204	1	38575.020000000004	0.0
109	input_spectra/bkgrnd-marine-broth.mzML	1714	0	328.273207122204	1	38586.479999999996	0.0
102	input_spectra/bkgrnd-marine-broth.mzML	1715	0	304.304504394531	1	38962.56	0.0
102	input_spectra/bkgrnd-marine-broth.mzML	1716	0	304.304504394531	1	38974.020000000004	0.0
102	input_spectra/bkgrnd-marine-broth.mzML	1717	0	304.304504394531	1	39013.38	0.0
102	input_spectra/bkgrnd-marine-broth.mzML	1718	0	304.304504394531	1	39024.84	0.0
102	input_spectra/bkgrnd-marine-broth.mzML	1719	0	304.304504394531	1	39064.200000000004	0.0
102	input_spectra/bkgrnd-marine-broth.mzML	1720	0	304.304504394531	1	39075.719999999994	0.0
105	input_spectra/bkgrnd-marine-broth.mzML	1721	0	328.273207122204	1	39608.1	0.0
109	input_spectra/bkgrnd-marine-broth.mzML	1722	0	328.273207122204	1	39619.56	0.0
111	input_spectra/bkgrnd-marine-broth.mzML	1723	0	328.273207122204	1	39658.92	0.0
107	input_spectra/bkgrnd-marine-broth.mzML	1724	0	328.273207122204	1	39670.44	0.0
108	input_spectra/bkgrnd-marine-broth.mzML	1725	0	328.273207122204	1	39709.8	0.0
107	input_spectra/bkgrnd-marine-broth.mzML	1726	0	328.273207122204	1	39721.32	0.0
108	input_spectra/bkgrnd-marine-broth.mzML	1727	0	328.273207122204	1	40746.659999999996	0.0
110	input_spectra/bkgrnd-marine-broth.mzML	1728	0	328.273207122204	1	40758.18	0.0
107	input_spectra/bkgrnd-marine-broth.mzML	1729	0	328.273207122204	1	40797.479999999996	0.0
109	input_spectra/bkgrnd-marine-broth.mzML	1730	0	328.273207122204	1	40809.0	0.0
105	input_spectra/bkgrnd-marine-broth.mzML	1731	0	328.273207122204	1	40848.36	0.0
110	input_spectra/bkgrnd-marine-broth.mzML	1732	0	328.273207122204	1	40859.82	0.0
107	input_spectra/bkgrnd-marine-broth.mzML	1733	0	328.273207122204	1	41885.28	0.0
109	input_spectra/bkgrnd-marine-broth.mzML	1734	0	328.273207122204	1	41896.74	0.0
108	input_spectra/bkgrnd-marine-broth.mzML	1735	0	328.273207122204	1	41936.1	0.0
109	input_spectra/bkgrnd-marine-broth.mzML	1736	0	328.273207122204	1	41947.619999999995	0.0
105	input_spectra/bkgrnd-marine-broth.mzML	1737	0	328.273207122204	1	41986.98	0.0
108	input_spectra/bkgrnd-marine-broth.mzML	1738	0	328.273207122204	1	41998.44	0.0
111	input_spectra/bkgrnd-marine-broth.mzML	1739	0	328.273207122204	1	43023.84	0.0
109	input_spectra/bkgrnd-marine-broth.mzML	1740	0	328.273207122204	1	43035.3	0.0
111	input_spectra/bkgrnd-marine-broth.mzML	1741	0	328.273207122204	1	43074.72	0.0
107	input_spectra/bkgrnd-marine-broth.mzML	1742	0	328.273207122204	1	43086.18	0.0
111	input_spectra/bkgrnd-marine-broth.mzML	1743	0	328.273207122204	1	43125.54	0.0
109	input_spectra/bkgrnd-marine-broth.mzML	1744	0	328.273207122204	1	43137.06	0.0
113	input_spectra/bkgrnd-marine-broth.mzML	1745	0	332.336435953776	1	43176.42	0.0
113	input_spectra/bkgrnd-marine-broth.mzML	1746	0	332.336435953776	1	43187.94	0.0
113	input_spectra/bkgrnd-marine-broth.mzML	1747	0	332.336435953776	1	43227.3	0.0
113	input_spectra/bkgrnd-marine-broth.mzML	1748	0	332.336435953776	1	43238.759999999995	0.0
113	input_spectra/bkgrnd-marine-broth.mzML	1749	0	332.336435953776	1	43278.12	0.0
113	input_spectra/bkgrnd-marine-broth.mzML	1750	0	332.336435953776	1	43289.64	0.0
153	input_spectra/bkgrnd-marine-broth.mzML	1751	0	483.256673177083	1	43635.18	0.0
153	input_spectra/bkgrnd-marine-broth.mzML	1752	0	483.256673177083	1	43646.700000000004	0.0
153	input_spectra/bkgrnd-marine-broth.mzML	1753	0	483.256673177083	1	43686.06	0.0
153	input_spectra/bkgrnd-marine-broth.mzML	1754	0	483.256673177083	1	43697.520000000004	0.0
153	input_spectra/bkgrnd-marine-broth.mzML	1755	0	483.256673177083	1	43759.92	0.0
153	input_spectra/bkgrnd-marine-broth.mzML	1756	0	483.256673177083	1	43771.44	0.0
142	input_spectra/bkgrnd-marine-broth.mzML	1757	0	440.416982014974	1	43955.100000000006	0.0
143	input_spectra/bkgrnd-marine-broth.mzML	1758	0	440.416982014974	1	43966.62	0.0
142	input_spectra/bkgrnd-marine-broth.mzML	1759	0	440.416982014974	1	44005.92	0.0
143	input_spectra/bkgrnd-marine-broth.mzML	1760	0	440.416982014974	1	44017.44	0.0
142	input_spectra/bkgrnd-marine-broth.mzML	1761	0	440.416982014974	1	44056.799999999996	0.0
143	input_spectra/bkgrnd-marine-broth.mzML	1762	0	440.416982014974	1	44068.32	0.0
144	input_spectra/bkgrnd-marine-broth.mzML	1763	0	444.304077148438	1	44143.740000000005	0.0
144	input_spectra/bkgrnd-marine-broth.mzML	1764	0	444.304077148438	1	44155.26	0.0
111	input_spectra/bkgrnd-marine-broth.mzML	1765	0	328.273207122204	1	44194.62	0.0
109	input_spectra/bkgrnd-marine-broth.mzML	1766	0	328.273207122204	1	44206.14	0.0
144	input_spectra/bkgrnd-marine-broth.mzML	1767	0	444.304077148438	1	44217.66	0.0
144	input_spectra/bkgrnd-marine-broth.mzML	1768	0	444.304077148438	1	44229.18	0.0
111	input_spectra/bkgrnd-marine-broth.mzML	1769	0	328.273207122204	1	44268.479999999996	0.0
110	input_spectra/bkgrnd-marine-broth.mzML	1770	0	328.273207122204	1	44280.0	0.0
111	input_spectra/bkgrnd-marine-broth.mzML	1771	0	328.273207122204	1	44319.36	0.0
108	input_spectra/bkgrnd-marine-broth.mzML	1772	0	328.273207122204	1	44330.82	0.0
111	input_spectra/bkgrnd-marine-broth.mzML	1773	0	328.273207122204	1	45368.219999999994	0.0
109	input_spectra/bkgrnd-marine-broth.mzML	1774	0	328.273207122204	1	45379.74	0.0
111	input_spectra/bkgrnd-marine-broth.mzML	1775	0	328.273207122204	1	45419.1	0.0
107	input_spectra/bkgrnd-marine-broth.mzML	1776	0	328.273207122204	1	45430.62	0.0
111	input_spectra/bkgrnd-marine-broth.mzML	1777	0	328.273207122204	1	45469.979999999996	0.0
107	input_spectra/bkgrnd-marine-broth.mzML	1778	0	328.273207122204	1	45481.5	0.0
95	input_spectra/bkgrnd-marine-broth.mzML	1779	0	286.223715888129	1	45713.219999999994	0.0
95	input_spectra/bkgrnd-marine-broth.mzML	1780	0	286.223715888129	1	45724.74	0.0
96	input_spectra/bkgrnd-marine-broth.mzML	1781	0	286.223715888129	1	46076.700000000004	0.0
97	input_spectra/bkgrnd-marine-broth.mzML	1782	0	286.223715888129	1	46088.219999999994	0.0
98	input_spectra/bkgrnd-marine-broth.mzML	1783	0	286.223715888129	1	46380.06	0.0
98	input_spectra/bkgrnd-marine-broth.mzML	1784	0	286.223715888129	1	46391.58	0.0
111	input_spectra/bkgrnd-marine-broth.mzML	1785	0	328.273207122204	1	46503.060000000005	0.0
110	input_spectra/bkgrnd-marine-broth.mzML	1786	0	328.273207122204	1	46514.58	0.0
111	input_spectra/bkgrnd-marine-broth.mzML	1787	0	328.273207122204	1	46553.94	0.0
107	input_spectra/bkgrnd-marine-broth.mzML	1788	0	328.273207122204	1	46565.4	0.0
111	input_spectra/bkgrnd-marine-broth.mzML	1789	0	328.273207122204	1	46604.82	0.0
110	input_spectra/bkgrnd-marine-broth.mzML	1790	0	328.273207122204	1	46616.28	0.0
220	input_spectra/bkgrnd-marine-broth.mzML	1791	0	660.498321533203	1	46920.18	0.0
220	input_spectra/bkgrnd-marine-broth.mzML	1792	0	660.498321533203	1	46931.700000000004	0.0
220	input_spectra/bkgrnd-marine-broth.mzML	1793	0	660.498321533203	1	46971.119999999995	0.0
220	input_spectra/bkgrnd-marine-broth.mzML	1794	0	660.498321533203	1	46982.64	0.0
208	input_spectra/bkgrnd-marine-broth.mzML	1795	0	616.471638997396	1	47094.12	0.0
208	input_spectra/bkgrnd-marine-broth.mzML	1796	0	616.471638997396	1	47105.64	0.0
208	input_spectra/bkgrnd-marine-broth.mzML	1797	0	616.471638997396	1	47145.0	0.0
208	input_spectra/bkgrnd-marine-broth.mzML	1798	0	616.471638997396	1	47156.520000000004	0.0
208	input_spectra/bkgrnd-marine-broth.mzML	1799	0	616.471638997396	1	47195.88	0.0
208	input_spectra/bkgrnd-marine-broth.mzML	1800	0	616.471638997396	1	47207.399999999994	0.0
189	input_spectra/bkgrnd-marine-broth.mzML	1801	0	572.445821126302	1	47391.06	0.0
189	input_spectra/bkgrnd-marine-broth.mzML	1802	0	572.445821126302	1	47402.58	0.0
189	input_spectra/bkgrnd-marine-broth.mzML	1803	0	572.445821126302	1	47441.939999999995	0.0
189	input_spectra/bkgrnd-marine-broth.mzML	1804	0	572.445821126302	1	47453.46	0.0
189	input_spectra/bkgrnd-marine-broth.mzML	1805	0	572.445821126302	1	47492.82	0.0
189	input_spectra/bkgrnd-marine-broth.mzML	1806	0	572.445821126302	1	47504.340000000004	0.0
95	input_spectra/bkgrnd-marine-broth.mzML	1807	0	286.223715888129	1	47543.7	0.0
97	input_spectra/bkgrnd-marine-broth.mzML	1808	0	286.223715888129	1	47555.22	0.0
95	input_spectra/bkgrnd-marine-broth.mzML	1809	0	286.223715888129	1	47594.58	0.0
98	input_spectra/bkgrnd-marine-broth.mzML	1810	0	286.223715888129	1	47606.1	0.0
111	input_spectra/bkgrnd-marine-broth.mzML	1811	0	328.273207122204	1	47645.46	0.0
109	input_spectra/bkgrnd-marine-broth.mzML	1812	0	328.273207122204	1	47656.920000000006	0.0
96	input_spectra/bkgrnd-marine-broth.mzML	1813	0	286.223715888129	1	47668.44	0.0
96	input_spectra/bkgrnd-marine-broth.mzML	1814	0	286.223715888129	1	47679.899999999994	0.0
111	input_spectra/bkgrnd-marine-broth.mzML	1815	0	328.273207122204	1	47719.26	0.0
110	input_spectra/bkgrnd-marine-broth.mzML	1816	0	328.273207122204	1	47730.719999999994	0.0
171	input_spectra/bkgrnd-marine-broth.mzML	1817	0	528.418233235677	1	47742.24	0.0
171	input_spectra/bkgrnd-marine-broth.mzML	1818	0	528.418233235677	1	47753.759999999995	0.0
111	input_spectra/bkgrnd-marine-broth.mzML	1819	0	328.273207122204	1	47793.12	0.0
110	input_spectra/bkgrnd-marine-broth.mzML	1820	0	328.273207122204	1	47804.64	0.0
171	input_spectra/bkgrnd-marine-broth.mzML	1821	0	528.418233235677	1	47816.16	0.0
171	input_spectra/bkgrnd-marine-broth.mzML	1822	0	528.418233235677	1	47827.68	0.0
171	input_spectra/bkgrnd-marine-broth.mzML	1823	0	528.418233235677	1	47867.04	0.0
171	input_spectra/bkgrnd-marine-broth.mzML	1824	0	528.418233235677	1	47878.56	0.0
155	input_spectra/bkgrnd-marine-broth.mzML	1825	0	484.391591389974	1	48070.560000000005	0.0
155	input_spectra/bkgrnd-marine-broth.mzML	1826	0	484.391591389974	1	48082.08	0.0
155	input_spectra/bkgrnd-marine-broth.mzML	1827	0	484.391591389974	1	48121.44	0.0
155	input_spectra/bkgrnd-marine-broth.mzML	1828	0	484.391591389974	1	48132.9	0.0
155	input_spectra/bkgrnd-marine-broth.mzML	1829	0	484.391591389974	1	48172.32	0.0
155	input_spectra/bkgrnd-marine-broth.mzML	1830	0	484.391591389974	1	48183.78	0.0
176	input_spectra/bkgrnd-marine-broth.mzML	1831	0	535.402770996094	1	48375.78	0.0
176	input_spectra/bkgrnd-marine-broth.mzML	1832	0	535.402770996094	1	48387.3	0.0
176	input_spectra/bkgrnd-marine-broth.mzML	1833	0	535.402770996094	1	48426.659999999996	0.0
176	input_spectra/bkgrnd-marine-broth.mzML	1834	0	535.402770996094	1	48438.18	0.0
141	input_spectra/bkgrnd-marine-broth.mzML	1835	0	440.364939371745	1	48477.53999999999	0.0
141	input_spectra/bkgrnd-marine-broth.mzML	1836	0	440.364939371745	1	48528.42	0.0
141	input_spectra/bkgrnd-marine-broth.mzML	1837	0	440.364939371745	1	48539.94	0.0
141	input_spectra/bkgrnd-marine-broth.mzML	1838	0	440.364939371745	1	48602.28	0.0
141	input_spectra/bkgrnd-marine-broth.mzML	1839	0	440.364939371745	1	48613.8	0.0
157	input_spectra/bkgrnd-marine-broth.mzML	1840	0	491.376139322917	1	48648.36	0.0
157	input_spectra/bkgrnd-marine-broth.mzML	1841	0	491.376139322917	1	48659.82	0.0
157	input_spectra/bkgrnd-marine-broth.mzML	1842	0	491.376139322917	1	48722.28	0.0
157	input_spectra/bkgrnd-marine-broth.mzML	1843	0	491.376139322917	1	48733.740000000005	0.0
131	input_spectra/bkgrnd-marine-broth.mzML	1844	0	423.338185628255	1	48745.26	0.0
131	input_spectra/bkgrnd-marine-broth.mzML	1845	0	423.338185628255	1	48756.780000000006	0.0
95	input_spectra/bkgrnd-marine-broth.mzML	1846	0	286.223715888129	1	48768.24	0.0
96	input_spectra/bkgrnd-marine-broth.mzML	1847	0	286.223715888129	1	48779.76	0.0
111	input_spectra/bkgrnd-marine-broth.mzML	1848	0	328.273207122204	1	48819.12	0.0
110	input_spectra/bkgrnd-marine-broth.mzML	1849	0	328.273207122204	1	48830.64	0.0
157	input_spectra/bkgrnd-marine-broth.mzML	1850	0	491.376139322917	1	48842.159999999996	0.0
157	input_spectra/bkgrnd-marine-broth.mzML	1851	0	491.376139322917	1	48853.68	0.0
131	input_spectra/bkgrnd-marine-broth.mzML	1852	0	423.338185628255	1	48865.14	0.0
131	input_spectra/bkgrnd-marine-broth.mzML	1853	0	423.338185628255	1	48876.659999999996	0.0
98	input_spectra/bkgrnd-marine-broth.mzML	1854	0	286.223715888129	1	48888.18	0.0
95	input_spectra/bkgrnd-marine-broth.mzML	1855	0	286.223715888129	1	48899.64	0.0
111	input_spectra/bkgrnd-marine-broth.mzML	1856	0	328.273207122204	1	48939.0	0.0
109	input_spectra/bkgrnd-marine-broth.mzML	1857	0	328.273207122204	1	48950.52	0.0
125	input_spectra/bkgrnd-marine-broth.mzML	1858	0	396.338185628255	1	48985.020000000004	0.0
125	input_spectra/bkgrnd-marine-broth.mzML	1859	0	396.338185628255	1	48996.54	0.0
131	input_spectra/bkgrnd-marine-broth.mzML	1860	0	423.338185628255	1	49019.52	0.0
95	input_spectra/bkgrnd-marine-broth.mzML	1861	0	286.223715888129	1	49031.04	0.0
97	input_spectra/bkgrnd-marine-broth.mzML	1862	0	286.223715888129	1	49042.5	0.0
111	input_spectra/bkgrnd-marine-broth.mzML	1863	0	328.273207122204	1	49081.920000000006	0.0
110	input_spectra/bkgrnd-marine-broth.mzML	1864	0	328.273207122204	1	49093.38	0.0
125	input_spectra/bkgrnd-marine-broth.mzML	1865	0	396.338185628255	1	49127.88	0.0
125	input_spectra/bkgrnd-marine-broth.mzML	1866	0	396.338185628255	1	49139.4	0.0
145	input_spectra/bkgrnd-marine-broth.mzML	1867	0	447.349294026693	1	49162.380000000005	0.0
122	input_spectra/bkgrnd-marine-broth.mzML	1868	0	379.310892740885	1	49173.9	0.0
122	input_spectra/bkgrnd-marine-broth.mzML	1869	0	379.310892740885	1	49185.42	0.0
126	input_spectra/bkgrnd-marine-broth.mzML	1870	0	401.293874104818	1	49224.78	0.0
125	input_spectra/bkgrnd-marine-broth.mzML	1871	0	396.338185628255	1	49247.76	0.0
125	input_spectra/bkgrnd-marine-broth.mzML	1872	0	396.338185628255	1	49259.280000000006	0.0
145	input_spectra/bkgrnd-marine-broth.mzML	1873	0	447.349294026693	1	49270.799999999996	0.0
122	input_spectra/bkgrnd-marine-broth.mzML	1874	0	379.310892740885	1	49293.78	0.0
122	input_spectra/bkgrnd-marine-broth.mzML	1875	0	379.310892740885	1	49305.3	0.0
145	input_spectra/bkgrnd-marine-broth.mzML	1876	0	447.349294026693	1	49344.659999999996	0.0
122	input_spectra/bkgrnd-marine-broth.mzML	1877	0	379.310892740885	1	49367.7	0.0
122	input_spectra/bkgrnd-marine-broth.mzML	1878	0	379.310892740885	1	49379.159999999996	0.0
117	input_spectra/bkgrnd-marine-broth.mzML	1879	0	352.311096191406	1	49516.44	0.0
117	input_spectra/bkgrnd-marine-broth.mzML	1880	0	352.311096191406	1	49527.96	0.0
127	input_spectra/bkgrnd-marine-broth.mzML	1881	0	403.322245279948	1	49539.420000000006	0.0
114	input_spectra/bkgrnd-marine-broth.mzML	1882	0	335.284332275391	1	49562.46000000001	0.0
114	input_spectra/bkgrnd-marine-broth.mzML	1883	0	335.284332275391	1	49573.92	0.0
117	input_spectra/bkgrnd-marine-broth.mzML	1884	0	352.311096191406	1	49636.259999999995	0.0
117	input_spectra/bkgrnd-marine-broth.mzML	1885	0	352.311096191406	1	49647.78	0.0
114	input_spectra/bkgrnd-marine-broth.mzML	1886	0	335.284332275391	1	49682.28	0.0
114	input_spectra/bkgrnd-marine-broth.mzML	1887	0	335.284332275391	1	49693.8	0.0
117	input_spectra/bkgrnd-marine-broth.mzML	1888	0	352.311096191406	1	49733.159999999996	0.0
117	input_spectra/bkgrnd-marine-broth.mzML	1889	0	352.311096191406	1	49744.68	0.0
114	input_spectra/bkgrnd-marine-broth.mzML	1890	0	335.284332275391	1	49779.18	0.0
114	input_spectra/bkgrnd-marine-broth.mzML	1891	0	335.284332275391	1	49790.64	0.0
96	input_spectra/bkgrnd-marine-broth.mzML	1892	0	286.223715888129	1	49926.240000000005	0.0
98	input_spectra/bkgrnd-marine-broth.mzML	1893	0	286.223715888129	1	49937.76	0.0
98	input_spectra/bkgrnd-marine-broth.mzML	1894	0	286.223715888129	1	49977.12	0.0
95	input_spectra/bkgrnd-marine-broth.mzML	1895	0	286.223715888129	1	49988.58	0.0
98	input_spectra/bkgrnd-marine-broth.mzML	1896	0	286.223715888129	1	50028.0	0.0
97	input_spectra/bkgrnd-marine-broth.mzML	1897	0	286.223715888129	1	50039.52	0.0
111	input_spectra/bkgrnd-marine-broth.mzML	1898	0	328.273207122204	1	50078.880000000005	0.0
110	input_spectra/bkgrnd-marine-broth.mzML	1899	0	328.273207122204	1	50090.340000000004	0.0
99	input_spectra/bkgrnd-marine-broth.mzML	1900	0	291.257059733073	1	50124.78	0.0
99	input_spectra/bkgrnd-marine-broth.mzML	1901	0	291.257059733073	1	50136.3	0.0
103	input_spectra/bkgrnd-marine-broth.mzML	1902	0	308.283996582031	1	50147.82	0.0
103	input_spectra/bkgrnd-marine-broth.mzML	1903	0	308.283996582031	1	50159.280000000006	0.0
111	input_spectra/bkgrnd-marine-broth.mzML	1904	0	328.273207122204	1	50198.64	0.0
110	input_spectra/bkgrnd-marine-broth.mzML	1905	0	328.273207122204	1	50210.16	0.0
99	input_spectra/bkgrnd-marine-broth.mzML	1906	0	291.257059733073	1	50244.6	0.0
99	input_spectra/bkgrnd-marine-broth.mzML	1907	0	291.257059733073	1	50256.119999999995	0.0
103	input_spectra/bkgrnd-marine-broth.mzML	1908	0	308.283996582031	1	50267.58	0.0
103	input_spectra/bkgrnd-marine-broth.mzML	1909	0	308.283996582031	1	50279.1	0.0
111	input_spectra/bkgrnd-marine-broth.mzML	1910	0	328.273207122204	1	50318.46	0.0
108	input_spectra/bkgrnd-marine-broth.mzML	1911	0	328.273207122204	1	50329.979999999996	0.0
103	input_spectra/bkgrnd-marine-broth.mzML	1912	0	308.283996582031	1	50387.399999999994	0.0
103	input_spectra/bkgrnd-marine-broth.mzML	1913	0	308.283996582031	1	50398.92	0.0
98	input_spectra/bkgrnd-marine-broth.mzML	1914	0	286.223715888129	1	51063.54	0.0
97	input_spectra/bkgrnd-marine-broth.mzML	1915	0	286.223715888129	1	51075.06	0.0
96	input_spectra/bkgrnd-marine-broth.mzML	1916	0	286.223715888129	1	51114.420000000006	0.0
95	input_spectra/bkgrnd-marine-broth.mzML	1917	0	286.223715888129	1	51125.88	0.0
95	input_spectra/bkgrnd-marine-broth.mzML	1918	0	286.223715888129	1	51165.3	0.0
98	input_spectra/bkgrnd-marine-broth.mzML	1919	0	286.223715888129	1	51176.76	0.0
111	input_spectra/bkgrnd-marine-broth.mzML	1920	0	328.273207122204	1	51312.3	0.0
110	input_spectra/bkgrnd-marine-broth.mzML	1921	0	328.273207122204	1	51323.82	0.0
111	input_spectra/bkgrnd-marine-broth.mzML	1922	0	328.273207122204	1	51363.12	0.0
110	input_spectra/bkgrnd-marine-broth.mzML	1923	0	328.273207122204	1	51374.64	0.0
111	input_spectra/bkgrnd-marine-broth.mzML	1924	0	328.273207122204	1	51414.0	0.0
110	input_spectra/bkgrnd-marine-broth.mzML	1925	0	328.273207122204	1	51425.46	0.0
219	input_spectra/bkgrnd-marine-broth.mzML	1926	0	658.48252360026	1	51549.0	0.0
219	input_spectra/bkgrnd-marine-broth.mzML	1927	0	658.48252360026	1	51560.52	0.0
219	input_spectra/bkgrnd-marine-broth.mzML	1928	0	658.48252360026	1	51599.880000000005	0.0
219	input_spectra/bkgrnd-marine-broth.mzML	1929	0	658.48252360026	1	51611.4	0.0
219	input_spectra/bkgrnd-marine-broth.mzML	1930	0	658.48252360026	1	51650.76	0.0
219	input_spectra/bkgrnd-marine-broth.mzML	1931	0	658.48252360026	1	51662.28	0.0
207	input_spectra/bkgrnd-marine-broth.mzML	1932	0	614.45615641276	1	51906.119999999995	0.0
207	input_spectra/bkgrnd-marine-broth.mzML	1933	0	614.45615641276	1	51917.64	0.0
207	input_spectra/bkgrnd-marine-broth.mzML	1934	0	614.45615641276	1	51957.0	0.0
207	input_spectra/bkgrnd-marine-broth.mzML	1935	0	614.45615641276	1	51968.520000000004	0.0
207	input_spectra/bkgrnd-marine-broth.mzML	1936	0	614.45615641276	1	52007.88	0.0
207	input_spectra/bkgrnd-marine-broth.mzML	1937	0	614.45615641276	1	52019.4	0.0
96	input_spectra/bkgrnd-marine-broth.mzML	1938	0	286.223715888129	1	52203.0	0.0
97	input_spectra/bkgrnd-marine-broth.mzML	1939	0	286.223715888129	1	52214.52	0.0
95	input_spectra/bkgrnd-marine-broth.mzML	1940	0	286.223715888129	1	52253.880000000005	0.0
97	input_spectra/bkgrnd-marine-broth.mzML	1941	0	286.223715888129	1	52265.340000000004	0.0
98	input_spectra/bkgrnd-marine-broth.mzML	1942	0	286.223715888129	1	52304.880000000005	0.0
97	input_spectra/bkgrnd-marine-broth.mzML	1943	0	286.223715888129	1	52316.4	0.0
187	input_spectra/bkgrnd-marine-broth.mzML	1944	0	570.428792317708	1	52327.92	0.0
187	input_spectra/bkgrnd-marine-broth.mzML	1945	0	570.428792317708	1	52339.439999999995	0.0
187	input_spectra/bkgrnd-marine-broth.mzML	1946	0	570.428792317708	1	52378.740000000005	0.0
187	input_spectra/bkgrnd-marine-broth.mzML	1947	0	570.428792317708	1	52390.26	0.0
187	input_spectra/bkgrnd-marine-broth.mzML	1948	0	570.428792317708	1	52429.62	0.0
187	input_spectra/bkgrnd-marine-broth.mzML	1949	0	570.428792317708	1	52441.14	0.0
111	input_spectra/bkgrnd-marine-broth.mzML	1950	0	328.273207122204	1	52480.5	0.0
110	input_spectra/bkgrnd-marine-broth.mzML	1951	0	328.273207122204	1	52492.02	0.0
111	input_spectra/bkgrnd-marine-broth.mzML	1952	0	328.273207122204	1	52531.380000000005	0.0
110	input_spectra/bkgrnd-marine-broth.mzML	1953	0	328.273207122204	1	52542.840000000004	0.0
111	input_spectra/bkgrnd-marine-broth.mzML	1954	0	328.273207122204	1	52582.26	0.0
110	input_spectra/bkgrnd-marine-broth.mzML	1955	0	328.273207122204	1	52593.72	0.0
168	input_spectra/bkgrnd-marine-broth.mzML	1956	0	526.40185546875	1	52789.38	0.0
168	input_spectra/bkgrnd-marine-broth.mzML	1957	0	526.40185546875	1	52800.9	0.0
168	input_spectra/bkgrnd-marine-broth.mzML	1958	0	526.40185546875	1	52840.26	0.0
168	input_spectra/bkgrnd-marine-broth.mzML	1959	0	526.40185546875	1	52851.780000000006	0.0
168	input_spectra/bkgrnd-marine-broth.mzML	1960	0	526.40185546875	1	52891.14	0.0
168	input_spectra/bkgrnd-marine-broth.mzML	1961	0	526.40185546875	1	52902.66	0.0
96	input_spectra/bkgrnd-marine-broth.mzML	1962	0	286.223715888129	1	53343.36	0.0
98	input_spectra/bkgrnd-marine-broth.mzML	1963	0	286.223715888129	1	53354.880000000005	0.0
98	input_spectra/bkgrnd-marine-broth.mzML	1964	0	286.223715888129	1	53394.24	0.0
97	input_spectra/bkgrnd-marine-broth.mzML	1965	0	286.223715888129	1	53405.700000000004	0.0
95	input_spectra/bkgrnd-marine-broth.mzML	1966	0	286.223715888129	1	53468.1	0.0
97	input_spectra/bkgrnd-marine-broth.mzML	1967	0	286.223715888129	1	53479.56	0.0
111	input_spectra/bkgrnd-marine-broth.mzML	1968	0	328.273207122204	1	53650.14	0.0
108	input_spectra/bkgrnd-marine-broth.mzML	1969	0	328.273207122204	1	53661.659999999996	0.0
111	input_spectra/bkgrnd-marine-broth.mzML	1970	0	328.273207122204	1	53701.020000000004	0.0
110	input_spectra/bkgrnd-marine-broth.mzML	1971	0	328.273207122204	1	53712.479999999996	0.0
111	input_spectra/bkgrnd-marine-broth.mzML	1972	0	328.273207122204	1	53751.840000000004	0.0
110	input_spectra/bkgrnd-marine-broth.mzML	1973	0	328.273207122204	1	53763.36	0.0
98	input_spectra/bkgrnd-marine-broth.mzML	1974	0	286.223715888129	1	54484.439999999995	0.0
97	input_spectra/bkgrnd-marine-broth.mzML	1975	0	286.223715888129	1	54495.9	0.0
98	input_spectra/bkgrnd-marine-broth.mzML	1976	0	286.223715888129	1	54535.26	0.0
97	input_spectra/bkgrnd-marine-broth.mzML	1977	0	286.223715888129	1	54546.780000000006	0.0
95	input_spectra/bkgrnd-marine-broth.mzML	1978	0	286.223715888129	1	54586.14	0.0
98	input_spectra/bkgrnd-marine-broth.mzML	1979	0	286.223715888129	1	54597.600000000006	0.0
111	input_spectra/bkgrnd-marine-broth.mzML	1980	0	328.273207122204	1	54817.380000000005	0.0
110	input_spectra/bkgrnd-marine-broth.mzML	1981	0	328.273207122204	1	54828.84	0.0
111	input_spectra/bkgrnd-marine-broth.mzML	1982	0	328.273207122204	1	54868.200000000004	0.0
108	input_spectra/bkgrnd-marine-broth.mzML	1983	0	328.273207122204	1	54879.72	0.0
111	input_spectra/bkgrnd-marine-broth.mzML	1984	0	328.273207122204	1	54919.08	0.0
110	input_spectra/bkgrnd-marine-broth.mzML	1985	0	328.273207122204	1	54930.54	0.0
116	input_spectra/bkgrnd-marine-broth.mzML	1986	0	346.281604003906	1	55294.56	0.0
116	input_spectra/bkgrnd-marine-broth.mzML	1987	0	346.281604003906	1	55306.08	0.0
116	input_spectra/bkgrnd-marine-broth.mzML	1988	0	346.281604003906	1	55477.74	0.0
116	input_spectra/bkgrnd-marine-broth.mzML	1989	0	346.281604003906	1	55489.200000000004	0.0
98	input_spectra/bkgrnd-marine-broth.mzML	1990	0	286.223715888129	1	55624.74	0.0
98	input_spectra/bkgrnd-marine-broth.mzML	1991	0	286.223715888129	1	55636.259999999995	0.0
95	input_spectra/bkgrnd-marine-broth.mzML	1992	0	286.223715888129	1	55675.62	0.0
98	input_spectra/bkgrnd-marine-broth.mzML	1993	0	286.223715888129	1	55687.08	0.0
98	input_spectra/bkgrnd-marine-broth.mzML	1994	0	286.223715888129	1	55726.44	0.0
95	input_spectra/bkgrnd-marine-broth.mzML	1995	0	286.223715888129	1	55737.96	0.0
111	input_spectra/bkgrnd-marine-broth.mzML	1996	0	328.273207122204	1	55957.74	0.0
110	input_spectra/bkgrnd-marine-broth.mzML	1997	0	328.273207122204	1	55969.200000000004	0.0
111	input_spectra/bkgrnd-marine-broth.mzML	1998	0	328.273207122204	1	56008.619999999995	0.0
110	input_spectra/bkgrnd-marine-broth.mzML	1999	0	328.273207122204	1	56020.08	0.0
111	input_spectra/bkgrnd-marine-broth.mzML	2000	0	328.273207122204	1	56059.5	0.0
110	input_spectra/bkgrnd-marine-broth.mzML	2001	0	328.273207122204	1	56070.96	0.0
116	input_spectra/bkgrnd-marine-broth.mzML	2002	0	346.281604003906	1	56374.86	0.0
116	input_spectra/bkgrnd-marine-broth.mzML	2003	0	346.281604003906	1	56386.380000000005	0.0
95	input_spectra/bkgrnd-marine-broth.mzML	2004	0	286.223715888129	1	56762.399999999994	0.0
97	input_spectra/bkgrnd-marine-broth.mzML	2005	0	286.223715888129	1	56773.92	0.0
95	input_spectra/bkgrnd-marine-broth.mzML	2006	0	286.223715888129	1	56813.28	0.0
97	input_spectra/bkgrnd-marine-broth.mzML	2007	0	286.223715888129	1	56824.8	0.0
98	input_spectra/bkgrnd-marine-broth.mzML	2008	0	286.223715888129	1	56864.159999999996	0.0
97	input_spectra/bkgrnd-marine-broth.mzML	2009	0	286.223715888129	1	56875.68	0.0
111	input_spectra/bkgrnd-marine-broth.mzML	2010	0	328.273207122204	1	57095.4	0.0
110	input_spectra/bkgrnd-marine-broth.mzML	2011	0	328.273207122204	1	57106.86	0.0
111	input_spectra/bkgrnd-marine-broth.mzML	2012	0	328.273207122204	1	57146.22	0.0
110	input_spectra/bkgrnd-marine-broth.mzML	2013	0	328.273207122204	1	57157.68	0.0
111	input_spectra/bkgrnd-marine-broth.mzML	2014	0	328.273207122204	1	57197.1	0.0
110	input_spectra/bkgrnd-marine-broth.mzML	2015	0	328.273207122204	1	57208.56	0.0
116	input_spectra/bkgrnd-marine-broth.mzML	2016	0	346.281604003906	1	57897.3	0.0
116	input_spectra/bkgrnd-marine-broth.mzML	2017	0	346.281604003906	1	57908.759999999995	0.0
98	input_spectra/bkgrnd-marine-broth.mzML	2018	0	286.223715888129	1	57948.12	0.0
98	input_spectra/bkgrnd-marine-broth.mzML	2019	0	286.223715888129	1	57959.64	0.0
98	input_spectra/bkgrnd-marine-broth.mzML	2020	0	286.223715888129	1	57999.0	0.0
97	input_spectra/bkgrnd-marine-broth.mzML	2021	0	286.223715888129	1	58010.46	0.0
95	input_spectra/bkgrnd-marine-broth.mzML	2022	0	286.223715888129	1	58049.82	0.0
97	input_spectra/bkgrnd-marine-broth.mzML	2023	0	286.223715888129	1	58061.34	0.0
116	input_spectra/bkgrnd-marine-broth.mzML	2024	0	346.281604003906	1	58148.759999999995	0.0
116	input_spectra/bkgrnd-marine-broth.mzML	2025	0	346.281604003906	1	58160.28	0.0
111	input_spectra/bkgrnd-marine-broth.mzML	2026	0	328.273207122204	1	58235.700000000004	0.0
110	input_spectra/bkgrnd-marine-broth.mzML	2027	0	328.273207122204	1	58247.22	0.0
111	input_spectra/bkgrnd-marine-broth.mzML	2028	0	328.273207122204	1	58286.520000000004	0.0
110	input_spectra/bkgrnd-marine-broth.mzML	2029	0	328.273207122204	1	58298.04	0.0
111	input_spectra/bkgrnd-marine-broth.mzML	2030	0	328.273207122204	1	58337.399999999994	0.0
110	input_spectra/bkgrnd-marine-broth.mzML	2031	0	328.273207122204	1	58348.86	0.0
116	input_spectra/bkgrnd-marine-broth.mzML	2032	0	346.281604003906	1	58360.38	0.0
116	input_spectra/bkgrnd-marine-broth.mzML	2033	0	346.281604003906	1	58371.9	0.0
95	input_spectra/bkgrnd-marine-broth.mzML	2034	0	286.223715888129	1	59108.7	0.0
97	input_spectra/bkgrnd-marine-broth.mzML	2035	0	286.223715888129	1	59120.16	0.0
95	input_spectra/bkgrnd-marine-broth.mzML	2036	0	286.223715888129	1	59159.52	0.0
95	input_spectra/bkgrnd-marine-broth.mzML	2037	0	286.223715888129	1	59171.04	0.0
95	input_spectra/bkgrnd-marine-broth.mzML	2038	0	286.223715888129	1	59210.4	0.0
98	input_spectra/bkgrnd-marine-broth.mzML	2039	0	286.223715888129	1	59221.920000000006	0.0
111	input_spectra/bkgrnd-marine-broth.mzML	2040	0	328.273207122204	1	59381.520000000004	0.0
110	input_spectra/bkgrnd-marine-broth.mzML	2041	0	328.273207122204	1	59393.04	0.0
116	input_spectra/bkgrnd-marine-broth.mzML	2042	0	346.281604003906	1	59404.5	0.0
116	input_spectra/bkgrnd-marine-broth.mzML	2043	0	346.281604003906	1	59416.020000000004	0.0
111	input_spectra/bkgrnd-marine-broth.mzML	2044	0	328.273207122204	1	59455.38	0.0
110	input_spectra/bkgrnd-marine-broth.mzML	2045	0	328.273207122204	1	59466.840000000004	0.0
111	input_spectra/bkgrnd-marine-broth.mzML	2046	0	328.273207122204	1	59506.259999999995	0.0
110	input_spectra/bkgrnd-marine-broth.mzML	2047	0	328.273207122204	1	59517.72	0.0
116	input_spectra/bkgrnd-marine-broth.mzML	2048	0	346.281604003906	1	59581.2	0.0
116	input_spectra/bkgrnd-marine-broth.mzML	2049	0	346.281604003906	1	59592.66	0.0
116	input_spectra/bkgrnd-marine-broth.mzML	2050	0	346.281604003906	1	59740.26	0.0
116	input_spectra/bkgrnd-marine-broth.mzML	2051	0	346.281604003906	1	59751.72	0.0
98	input_spectra/bkgrnd-marine-broth.mzML	2052	0	286.223715888129	1	1004.13	0.0
97	input_spectra/bkgrnd-marine-broth.mzML	2053	0	286.223715888129	1	1004.32	0.0
95	input_spectra/bkgrnd-marine-broth.mzML	2054	0	286.223715888129	1	1004.98	0.0
97	input_spectra/bkgrnd-marine-broth.mzML	2055	0	286.223715888129	1	1005.17	0.0
98	input_spectra/bkgrnd-marine-broth.mzML	2056	0	286.223715888129	1	1005.83	0.0
98	input_spectra/bkgrnd-marine-broth.mzML	2057	0	286.223715888129	1	1006.02	0.0
111	input_spectra/bkgrnd-marine-broth.mzML	2058	0	328.273207122204	1	1009.08	0.0
110	input_spectra/bkgrnd-marine-broth.mzML	2059	0	328.273207122204	1	1009.27	0.0
111	input_spectra/bkgrnd-marine-broth.mzML	2060	0	328.273207122204	1	1009.93	0.0
110	input_spectra/bkgrnd-marine-broth.mzML	2061	0	328.273207122204	1	1010.12	0.0
111	input_spectra/bkgrnd-marine-broth.mzML	2062	0	328.273207122204	1	1010.78	0.0
110	input_spectra/bkgrnd-marine-broth.mzML	2063	0	328.273207122204	1	1010.97	0.0
116	input_spectra/bkgrnd-marine-broth.mzML	2064	0	346.281604003906	1	1014.03	0.0
116	input_spectra/bkgrnd-marine-broth.mzML	2065	0	346.281604003906	1	1014.22	0.0
116	input_spectra/bkgrnd-marine-broth.mzML	2066	0	346.281604003906	1	1014.88	0.0
116	input_spectra/bkgrnd-marine-broth.mzML	2067	0	346.281604003906	1	1015.07	0.0
116	input_spectra/bkgrnd-marine-broth.mzML	2068	0	346.281604003906	1	1020.53	0.0
116	input_spectra/bkgrnd-marine-broth.mzML	2069	0	346.281604003906	1	1020.73	0.0
95	input_spectra/bkgrnd-marine-broth.mzML	2070	0	286.223715888129	1	1023.19	0.0
97	input_spectra/bkgrnd-marine-broth.mzML	2071	0	286.223715888129	1	1023.38	0.0
98	input_spectra/bkgrnd-marine-broth.mzML	2072	0	286.223715888129	1	1024.03	0.0
98	input_spectra/bkgrnd-marine-broth.mzML	2073	0	286.223715888129	1	1024.23	0.0
98	input_spectra/bkgrnd-marine-broth.mzML	2074	0	286.223715888129	1	1024.88	0.0
98	input_spectra/bkgrnd-marine-broth.mzML	2075	0	286.223715888129	1	1025.07	0.0
111	input_spectra/bkgrnd-marine-broth.mzML	2076	0	328.273207122204	1	1028.13	0.0
110	input_spectra/bkgrnd-marine-broth.mzML	2077	0	328.273207122204	1	1028.33	0.0
101	input_spectra/bkgrnd-marine-broth.mzML	2078	0	304.233856201172	1	1028.52	0.0
101	input_spectra/bkgrnd-marine-broth.mzML	2079	0	304.233856201172	1	1028.71	0.0
111	input_spectra/bkgrnd-marine-broth.mzML	2080	0	328.273207122204	1	1029.36	0.0
110	input_spectra/bkgrnd-marine-broth.mzML	2081	0	328.273207122204	1	1029.56	0.0
111	input_spectra/bkgrnd-marine-broth.mzML	2082	0	328.273207122204	1	1030.21	0.0
110	input_spectra/bkgrnd-marine-broth.mzML	2083	0	328.273207122204	1	1030.4	0.0
101	input_spectra/bkgrnd-marine-broth.mzML	2084	0	304.233856201172	1	1031.06	0.0
101	input_spectra/bkgrnd-marine-broth.mzML	2085	0	304.233856201172	1	1031.25	0.0
101	input_spectra/bkgrnd-marine-broth.mzML	2086	0	304.233856201172	1	1041.33	0.0
101	input_spectra/bkgrnd-marine-broth.mzML	2087	0	304.233856201172	1	1041.52	0.0
95	input_spectra/bkgrnd-marine-broth.mzML	2088	0	286.223715888129	1	1042.57	0.0
95	input_spectra/bkgrnd-marine-broth.mzML	2089	0	286.223715888129	1	1042.77	0.0
95	input_spectra/bkgrnd-marine-broth.mzML	2090	0	286.223715888129	1	1043.42	0.0
97	input_spectra/bkgrnd-marine-broth.mzML	2091	0	286.223715888129	1	1043.61	0.0
98	input_spectra/bkgrnd-marine-broth.mzML	2092	0	286.223715888129	1	1044.27	0.0
97	input_spectra/bkgrnd-marine-broth.mzML	2093	0	286.223715888129	1	1044.46	0.0
116	input_spectra/bkgrnd-marine-broth.mzML	2094	0	346.281604003906	1	1046.72	0.0
116	input_spectra/bkgrnd-marine-broth.mzML	2095	0	346.281604003906	1	1046.91	0.0
111	input_spectra/bkgrnd-marine-broth.mzML	2096	0	328.273207122204	1	1047.57	0.0
110	input_spectra/bkgrnd-marine-broth.mzML	2097	0	328.273207122204	1	1047.76	0.0
111	input_spectra/bkgrnd-marine-broth.mzML	2098	0	328.273207122204	1	1048.42	0.0
110	input_spectra/bkgrnd-marine-broth.mzML	2099	0	328.273207122204	1	1048.61	0.0
111	input_spectra/bkgrnd-marine-broth.mzML	2100	0	328.273207122204	1	1049.26	0.0
110	input_spectra/bkgrnd-marine-broth.mzML	2101	0	328.273207122204	1	1049.46	0.0
116	input_spectra/bkgrnd-marine-broth.mzML	2102	0	346.281604003906	1	1055.72	0.0
116	input_spectra/bkgrnd-marine-broth.mzML	2103	0	346.281604003906	1	1055.91	0.0
98	input_spectra/bkgrnd-marine-broth.mzML	2104	0	286.223715888129	1	1061.58	0.0
98	input_spectra/bkgrnd-marine-broth.mzML	2105	0	286.223715888129	1	1061.77	0.0
96	input_spectra/bkgrnd-marine-broth.mzML	2106	0	286.223715888129	1	1062.43	0.0
97	input_spectra/bkgrnd-marine-broth.mzML	2107	0	286.223715888129	1	1062.62	0.0
98	input_spectra/bkgrnd-marine-broth.mzML	2108	0	286.223715888129	1	1063.28	0.0
97	input_spectra/bkgrnd-marine-broth.mzML	2109	0	286.223715888129	1	1063.47	0.0
111	input_spectra/bkgrnd-marine-broth.mzML	2110	0	328.273207122204	1	1066.53	0.0
110	input_spectra/bkgrnd-marine-broth.mzML	2111	0	328.273207122204	1	1066.72	0.0
111	input_spectra/bkgrnd-marine-broth.mzML	2112	0	328.273207122204	1	1067.37	0.0
110	input_spectra/bkgrnd-marine-broth.mzML	2113	0	328.273207122204	1	1067.57	0.0
111	input_spectra/bkgrnd-marine-broth.mzML	2114	0	328.273207122204	1	1068.22	0.0
110	input_spectra/bkgrnd-marine-broth.mzML	2115	0	328.273207122204	1	1068.41	0.0
116	input_spectra/bkgrnd-marine-broth.mzML	2116	0	346.281604003906	1	1069.67	0.0
116	input_spectra/bkgrnd-marine-broth.mzML	2117	0	346.281604003906	1	1069.86	0.0
101	input_spectra/bkgrnd-marine-broth.mzML	2118	0	304.233856201172	1	1074.33	0.0
101	input_spectra/bkgrnd-marine-broth.mzML	2119	0	304.233856201172	1	1074.52	0.0
101	input_spectra/bkgrnd-marine-broth.mzML	2120	0	304.233856201172	1	1076.98	0.0
101	input_spectra/bkgrnd-marine-broth.mzML	2121	0	304.233856201172	1	1077.17	0.0
101	input_spectra/bkgrnd-marine-broth.mzML	2122	0	304.233856201172	1	1078.23	0.0
101	input_spectra/bkgrnd-marine-broth.mzML	2123	0	304.233856201172	1	1078.42	0.0
95	input_spectra/bkgrnd-marine-broth.mzML	2124	0	286.223715888129	1	1080.68	0.0
98	input_spectra/bkgrnd-marine-broth.mzML	2125	0	286.223715888129	1	1080.87	0.0
98	input_spectra/bkgrnd-marine-broth.mzML	2126	0	286.223715888129	1	1081.52	0.0
97	input_spectra/bkgrnd-marine-broth.mzML	2127	0	286.223715888129	1	1081.71	0.0
98	input_spectra/bkgrnd-marine-broth.mzML	2128	0	286.223715888129	1	1082.37	0.0
98	input_spectra/bkgrnd-marine-broth.mzML	2129	0	286.223715888129	1	1082.56	0.0
111	input_spectra/bkgrnd-marine-broth.mzML	2130	0	328.273207122204	1	1085.67	0.0
110	input_spectra/bkgrnd-marine-broth.mzML	2131	0	328.273207122204	1	1085.86	0.0
111	input_spectra/bkgrnd-marine-broth.mzML	2132	0	328.273207122204	1	1086.52	0.0
110	input_spectra/bkgrnd-marine-broth.mzML	2133	0	328.273207122204	1	1086.71	0.0
111	input_spectra/bkgrnd-marine-broth.mzML	2134	0	328.273207122204	1	1087.36	0.0
110	input_spectra/bkgrnd-marine-broth.mzML	2135	0	328.273207122204	1	1087.56	0.0
54	input_spectra/bkgrnd-marine-broth.mzML	2136	0	185.112635294596	1	1094.92	0.0
54	input_spectra/bkgrnd-marine-broth.mzML	2137	0	185.112635294596	1	1095.11	0.0
54	input_spectra/bkgrnd-marine-broth.mzML	2138	0	185.112635294596	1	1096.37	0.0
54	input_spectra/bkgrnd-marine-broth.mzML	2139	0	185.112635294596	1	1096.56	0.0
54	input_spectra/bkgrnd-marine-broth.mzML	2140	0	185.112635294596	1	1097.42	0.0
54	input_spectra/bkgrnd-marine-broth.mzML	2141	0	185.112635294596	1	1097.61	0.0
101	input_spectra/bkgrnd-marine-broth.mzML	2142	0	304.233856201172	1	1099.47	0.0
101	input_spectra/bkgrnd-marine-broth.mzML	2143	0	304.233856201172	1	1099.66	0.0
98	input_spectra/bkgrnd-marine-broth.mzML	2144	0	286.223715888129	1	1100.31	0.0
97	input_spectra/bkgrnd-marine-broth.mzML	2145	0	286.223715888129	1	1100.5	0.0
96	input_spectra/bkgrnd-marine-broth.mzML	2146	0	286.223715888129	1	1101.16	0.0
97	input_spectra/bkgrnd-marine-broth.mzML	2147	0	286.223715888129	1	1101.35	0.0
101	input_spectra/bkgrnd-marine-broth.mzML	2148	0	304.233856201172	1	1101.54	0.0
101	input_spectra/bkgrnd-marine-broth.mzML	2149	0	304.233856201172	1	1101.73	0.0
98	input_spectra/bkgrnd-marine-broth.mzML	2150	0	286.223715888129	1	1102.39	0.0
98	input_spectra/bkgrnd-marine-broth.mzML	2151	0	286.223715888129	1	1102.58	0.0
101	input_spectra/bkgrnd-marine-broth.mzML	2152	0	304.233856201172	1	1103.24	0.0
101	input_spectra/bkgrnd-marine-broth.mzML	2153	0	304.233856201172	1	1103.43	0.0
106	input_spectra/bkgrnd-marine-broth.mzML	2154	0	328.273207122204	1	1105.09	0.0
107	input_spectra/bkgrnd-marine-broth.mzML	2155	0	328.273207122204	1	1105.28	0.0
111	input_spectra/bkgrnd-marine-broth.mzML	2156	0	328.273207122204	1	1105.94	0.0
107	input_spectra/bkgrnd-marine-broth.mzML	2157	0	328.273207122204	1	1106.13	0.0
111	input_spectra/bkgrnd-marine-broth.mzML	2158	0	328.273207122204	1	1106.78	0.0
107	input_spectra/bkgrnd-marine-broth.mzML	2159	0	328.273207122204	1	1106.97	0.0
109	input_spectra/bkgrnd-marine-broth.mzML	2160	0	328.273207122204	1	1124.06	0.0
105	input_spectra/bkgrnd-marine-broth.mzML	2161	0	328.273207122204	1	1124.26	0.0
105	input_spectra/bkgrnd-marine-broth.mzML	2162	0	328.273207122204	1	1124.91	0.0
107	input_spectra/bkgrnd-marine-broth.mzML	2163	0	328.273207122204	1	1125.1	0.0
106	input_spectra/bkgrnd-marine-broth.mzML	2164	0	328.273207122204	1	1125.76	0.0
104	input_spectra/bkgrnd-marine-broth.mzML	2165	0	328.273207122204	1	1125.95	0.0
158	input_spectra/bkgrnd-marine-broth.mzML	2166	0	495.476874457465	1	1135.83	0.0
159	input_spectra/bkgrnd-marine-broth.mzML	2167	0	495.476874457465	1	1136.02	0.0
158	input_spectra/bkgrnd-marine-broth.mzML	2168	0	495.476874457465	1	1141.28	0.0
159	input_spectra/bkgrnd-marine-broth.mzML	2169	0	495.476874457465	1	1141.47	0.0
104	input_spectra/bkgrnd-marine-broth.mzML	2170	0	328.273207122204	1	1143.13	0.0
104	input_spectra/bkgrnd-marine-broth.mzML	2171	0	328.273207122204	1	1143.32	0.0
108	input_spectra/bkgrnd-marine-broth.mzML	2172	0	328.273207122204	1	1143.98	0.0
107	input_spectra/bkgrnd-marine-broth.mzML	2173	0	328.273207122204	1	1144.17	0.0
106	input_spectra/bkgrnd-marine-broth.mzML	2174	0	328.273207122204	1	1144.83	0.0
105	input_spectra/bkgrnd-marine-broth.mzML	2175	0	328.273207122204	1	1145.02	0.0
158	input_spectra/bkgrnd-marine-broth.mzML	2176	0	495.476874457465	1	1145.68	0.0
159	input_spectra/bkgrnd-marine-broth.mzML	2177	0	495.476874457465	1	1145.87	0.0
54	input_spectra/bkgrnd-marine-broth.mzML	2178	0	185.112635294596	1	1162.16	0.0
54	input_spectra/bkgrnd-marine-broth.mzML	2179	0	185.112635294596	1	1162.35	0.0
107	input_spectra/bkgrnd-marine-broth.mzML	2180	0	328.273207122204	1	1163.0	0.0
109	input_spectra/bkgrnd-marine-broth.mzML	2181	0	328.273207122204	1	1163.2	0.0
158	input_spectra/bkgrnd-marine-broth.mzML	2182	0	495.476874457465	1	1163.39	0.0
159	input_spectra/bkgrnd-marine-broth.mzML	2183	0	495.476874457465	1	1163.58	0.0
107	input_spectra/bkgrnd-marine-broth.mzML	2184	0	328.273207122204	1	1164.24	0.0
109	input_spectra/bkgrnd-marine-broth.mzML	2185	0	328.273207122204	1	1164.43	0.0
158	input_spectra/bkgrnd-marine-broth.mzML	2186	0	495.476874457465	1	1164.62	0.0
159	input_spectra/bkgrnd-marine-broth.mzML	2187	0	495.476874457465	1	1164.81	0.0
107	input_spectra/bkgrnd-marine-broth.mzML	2188	0	328.273207122204	1	1165.47	0.0
105	input_spectra/bkgrnd-marine-broth.mzML	2189	0	328.273207122204	1	1165.66	0.0
158	input_spectra/bkgrnd-marine-broth.mzML	2190	0	495.476874457465	1	1165.85	0.0
159	input_spectra/bkgrnd-marine-broth.mzML	2191	0	495.476874457465	1	1166.04	0.0
54	input_spectra/bkgrnd-marine-broth.mzML	2192	0	185.112635294596	1	1167.1	0.0
54	input_spectra/bkgrnd-marine-broth.mzML	2193	0	185.112635294596	1	1167.29	0.0
54	input_spectra/bkgrnd-marine-broth.mzML	2194	0	185.112635294596	1	1170.15	0.0
54	input_spectra/bkgrnd-marine-broth.mzML	2195	0	185.112635294596	1	1170.34	0.0
111	input_spectra/bkgrnd-marine-broth.mzML	2196	0	328.273207122204	1	1182.51	0.0
107	input_spectra/bkgrnd-marine-broth.mzML	2197	0	328.273207122204	1	1182.71	0.0
158	input_spectra/bkgrnd-marine-broth.mzML	2198	0	495.476874457465	1	1182.9	0.0
159	input_spectra/bkgrnd-marine-broth.mzML	2199	0	495.476874457465	1	1183.09	0.0
111	input_spectra/bkgrnd-marine-broth.mzML	2200	0	328.273207122204	1	1183.75	0.0
109	input_spectra/bkgrnd-marine-broth.mzML	2201	0	328.273207122204	1	1183.94	0.0
158	input_spectra/bkgrnd-marine-broth.mzML	2202	0	495.476874457465	1	1184.13	0.0
159	input_spectra/bkgrnd-marine-broth.mzML	2203	0	495.476874457465	1	1184.32	0.0
105	input_spectra/bkgrnd-marine-broth.mzML	2204	0	328.273207122204	1	1184.98	0.0
107	input_spectra/bkgrnd-marine-broth.mzML	2205	0	328.273207122204	1	1185.17	0.0
158	input_spectra/bkgrnd-marine-broth.mzML	2206	0	495.476874457465	1	1185.36	0.0
159	input_spectra/bkgrnd-marine-broth.mzML	2207	0	495.476874457465	1	1185.55	0.0
54	input_spectra/bkgrnd-marine-broth.mzML	2208	0	185.112635294596	1	1188.06	0.0
54	input_spectra/bkgrnd-marine-broth.mzML	2209	0	185.112635294596	1	1188.25	0.0
54	input_spectra/bkgrnd-marine-broth.mzML	2210	0	185.112635294596	1	1188.91	0.0
54	input_spectra/bkgrnd-marine-broth.mzML	2211	0	185.112635294596	1	1189.1	0.0
54	input_spectra/bkgrnd-marine-broth.mzML	2212	0	185.112635294596	1	1189.75	0.0
54	input_spectra/bkgrnd-marine-broth.mzML	2213	0	185.112635294596	1	1189.95	0.0
