#ClusterIdx	#Filename	#SpecIdx	#Scan	#ParentMass	#Charge	#RetTime	#PrecIntensity
18	input_spectra/2-6D03.mzML	0	0	130.968078613281	1	6231.66	0.0
18	input_spectra/2-6D03.mzML	1	0	130.968078613281	1	6243.120000000001	0.0
1	input_spectra/2-6D03.mzML	2	0	110.010097503662	1	6366.719999999999	0.0
1	input_spectra/2-6D03.mzML	3	0	110.010097503662	1	6378.18	0.0
1	input_spectra/2-6D03.mzML	4	0	110.010097503662	1	6417.54	0.0
1	input_spectra/2-6D03.mzML	5	0	110.010097503662	1	6429.0	0.0
34	input_spectra/2-6D03.mzML	6	0	151.037005615234	1	6440.46	0.0
34	input_spectra/2-6D03.mzML	7	0	151.037005615234	1	6451.9800000000005	0.0
12	input_spectra/2-6D03.mzML	8	0	125.987757364909	1	6463.4400000000005	0.0
12	input_spectra/2-6D03.mzML	9	0	125.987757364909	1	6474.900000000001	0.0
1	input_spectra/2-6D03.mzML	10	0	110.010097503662	1	6514.26	0.0
1	input_spectra/2-6D03.mzML	11	0	110.010097503662	1	6525.72	0.0
12	input_spectra/2-6D03.mzML	12	0	125.987757364909	1	6537.24	0.0
12	input_spectra/2-6D03.mzML	13	0	125.987757364909	1	6548.7	0.0
34	input_spectra/2-6D03.mzML	14	0	151.037005615234	1	6560.16	0.0
34	input_spectra/2-6D03.mzML	15	0	151.037005615234	1	6571.68	0.0
84	input_spectra/2-6D03.mzML	16	0	223.991695404053	1	6583.139999999999	0.0
84	input_spectra/2-6D03.mzML	17	0	223.991695404053	1	6594.66	0.0
73	input_spectra/2-6D03.mzML	18	0	198.942409515381	1	6606.12	0.0
73	input_spectra/2-6D03.mzML	19	0	198.942409515381	1	6617.58	0.0
12	input_spectra/2-6D03.mzML	20	0	125.987757364909	1	6656.94	0.0
12	input_spectra/2-6D03.mzML	21	0	125.987757364909	1	6668.46	0.0
84	input_spectra/2-6D03.mzML	22	0	223.991695404053	1	6679.92	0.0
84	input_spectra/2-6D03.mzML	23	0	223.991695404053	1	6691.38	0.0
34	input_spectra/2-6D03.mzML	24	0	151.037005615234	1	6703.08	0.0
34	input_spectra/2-6D03.mzML	25	0	151.037005615234	1	6714.54	0.0
73	input_spectra/2-6D03.mzML	26	0	198.942409515381	1	6726.0599999999995	0.0
73	input_spectra/2-6D03.mzML	27	0	198.942409515381	1	6737.52	0.0
60	input_spectra/2-6D03.mzML	28	0	182.964859008789	1	6749.04	0.0
61	input_spectra/2-6D03.mzML	29	0	182.964859008789	1	6760.5	0.0
73	input_spectra/2-6D03.mzML	30	0	198.942409515381	1	6799.860000000001	0.0
73	input_spectra/2-6D03.mzML	31	0	198.942409515381	1	6811.320000000001	0.0
84	input_spectra/2-6D03.mzML	32	0	223.991695404053	1	6822.84	0.0
84	input_spectra/2-6D03.mzML	33	0	223.991695404053	1	6834.3	0.0
60	input_spectra/2-6D03.mzML	34	0	182.964859008789	1	6845.76	0.0
61	input_spectra/2-6D03.mzML	35	0	182.964859008789	1	6857.28	0.0
93	input_spectra/2-6D03.mzML	36	0	239.969441731771	1	6868.74	0.0
93	input_spectra/2-6D03.mzML	37	0	239.969441731771	1	6880.26	0.0
30	input_spectra/2-6D03.mzML	38	0	146.166956583659	1	6891.719999999999	0.0
30	input_spectra/2-6D03.mzML	39	0	146.166956583659	1	6903.18	0.0
60	input_spectra/2-6D03.mzML	40	0	182.964859008789	1	6942.54	0.0
61	input_spectra/2-6D03.mzML	41	0	182.964859008789	1	6954.0599999999995	0.0
93	input_spectra/2-6D03.mzML	42	0	239.969441731771	1	6965.5199999999995	0.0
93	input_spectra/2-6D03.mzML	43	0	239.969441731771	1	6977.04	0.0
30	input_spectra/2-6D03.mzML	44	0	146.166956583659	1	6988.5	0.0
30	input_spectra/2-6D03.mzML	45	0	146.166956583659	1	6999.96	0.0
102	input_spectra/2-6D03.mzML	46	0	265.018900553385	1	7011.4800000000005	0.0
102	input_spectra/2-6D03.mzML	47	0	265.018900553385	1	7022.9400000000005	0.0
80	input_spectra/2-6D03.mzML	48	0	214.92046101888	1	7034.46	0.0
80	input_spectra/2-6D03.mzML	49	0	214.92046101888	1	7045.92	0.0
93	input_spectra/2-6D03.mzML	50	0	239.969441731771	1	7085.28	0.0
93	input_spectra/2-6D03.mzML	51	0	239.969441731771	1	7096.8	0.0
30	input_spectra/2-6D03.mzML	52	0	146.166956583659	1	7108.26	0.0
30	input_spectra/2-6D03.mzML	53	0	146.166956583659	1	7119.72	0.0
102	input_spectra/2-6D03.mzML	54	0	265.018900553385	1	7131.24	0.0
102	input_spectra/2-6D03.mzML	55	0	265.018900553385	1	7142.7	0.0
80	input_spectra/2-6D03.mzML	56	0	214.92046101888	1	7154.219999999999	0.0
80	input_spectra/2-6D03.mzML	57	0	214.92046101888	1	7165.68	0.0
80	input_spectra/2-6D03.mzML	58	0	214.92046101888	1	7205.099999999999	0.0
80	input_spectra/2-6D03.mzML	59	0	214.92046101888	1	7216.5599999999995	0.0
102	input_spectra/2-6D03.mzML	60	0	265.018900553385	1	7228.0199999999995	0.0
102	input_spectra/2-6D03.mzML	61	0	265.018900553385	1	7239.54	0.0
1	input_spectra/2-6D03.mzML	62	0	110.010097503662	1	7531.4400000000005	0.0
1	input_spectra/2-6D03.mzML	63	0	110.010097503662	1	7542.900000000001	0.0
1	input_spectra/2-6D03.mzML	64	0	110.010097503662	1	7582.259999999999	0.0
1	input_spectra/2-6D03.mzML	65	0	110.010097503662	1	7593.72	0.0
1	input_spectra/2-6D03.mzML	66	0	110.010097503662	1	7633.08	0.0
1	input_spectra/2-6D03.mzML	67	0	110.010097503662	1	7644.54	0.0
12	input_spectra/2-6D03.mzML	68	0	125.987757364909	1	7656.0599999999995	0.0
12	input_spectra/2-6D03.mzML	69	0	125.987757364909	1	7667.52	0.0
34	input_spectra/2-6D03.mzML	70	0	151.037005615234	1	7678.9800000000005	0.0
34	input_spectra/2-6D03.mzML	71	0	151.037005615234	1	7690.500000000001	0.0
12	input_spectra/2-6D03.mzML	72	0	125.987757364909	1	7729.86	0.0
12	input_spectra/2-6D03.mzML	73	0	125.987757364909	1	7741.32	0.0
34	input_spectra/2-6D03.mzML	74	0	151.037005615234	1	7752.78	0.0
34	input_spectra/2-6D03.mzML	75	0	151.037005615234	1	7764.3	0.0
73	input_spectra/2-6D03.mzML	76	0	198.942409515381	1	7803.660000000001	0.0
73	input_spectra/2-6D03.mzML	77	0	198.942409515381	1	7815.179999999999	0.0
84	input_spectra/2-6D03.mzML	78	0	223.991695404053	1	7826.639999999999	0.0
84	input_spectra/2-6D03.mzML	79	0	223.991695404053	1	7838.099999999999	0.0
12	input_spectra/2-6D03.mzML	80	0	125.987757364909	1	7849.62	0.0
12	input_spectra/2-6D03.mzML	81	0	125.987757364909	1	7861.08	0.0
3	input_spectra/2-6D03.mzML	82	0	118.087635464138	1	8682.0	0.0
3	input_spectra/2-6D03.mzML	83	0	118.087635464138	1	8693.52	0.0
3	input_spectra/2-6D03.mzML	84	0	118.087635464138	1	8732.82	0.0
3	input_spectra/2-6D03.mzML	85	0	118.087635464138	1	8744.28	0.0
3	input_spectra/2-6D03.mzML	86	0	118.087635464138	1	8783.7	0.0
3	input_spectra/2-6D03.mzML	87	0	118.087635464138	1	8795.16	0.0
16	input_spectra/2-6D03.mzML	88	0	130.098754882813	1	9026.94	0.0
16	input_spectra/2-6D03.mzML	89	0	130.098754882813	1	9038.4	0.0
16	input_spectra/2-6D03.mzML	90	0	130.098754882813	1	9077.82	0.0
16	input_spectra/2-6D03.mzML	91	0	130.098754882813	1	9089.28	0.0
16	input_spectra/2-6D03.mzML	92	0	130.098754882813	1	9128.64	0.0
16	input_spectra/2-6D03.mzML	93	0	130.098754882813	1	9140.1	0.0
74	input_spectra/2-6D03.mzML	94	0	202.182548522949	1	9179.460000000001	0.0
74	input_spectra/2-6D03.mzML	95	0	202.182548522949	1	9190.92	0.0
74	input_spectra/2-6D03.mzML	96	0	202.182548522949	1	9230.34	0.0
63	input_spectra/2-6D03.mzML	97	0	183.164527893066	1	9341.279999999999	0.0
63	input_spectra/2-6D03.mzML	98	0	183.164527893066	1	9352.8	0.0
63	input_spectra/2-6D03.mzML	99	0	183.164527893066	1	9392.16	0.0
63	input_spectra/2-6D03.mzML	100	0	183.164527893066	1	9403.62	0.0
3	input_spectra/2-6D03.mzML	101	0	118.087635464138	1	9839.820000000002	0.0
3	input_spectra/2-6D03.mzML	102	0	118.087635464138	1	9851.279999999999	0.0
3	input_spectra/2-6D03.mzML	103	0	118.087635464138	1	9890.64	0.0
3	input_spectra/2-6D03.mzML	104	0	118.087635464138	1	9902.1	0.0
3	input_spectra/2-6D03.mzML	105	0	118.087635464138	1	9941.460000000001	0.0
3	input_spectra/2-6D03.mzML	106	0	118.087635464138	1	9952.92	0.0
3	input_spectra/2-6D03.mzML	107	0	118.087635464138	1	10978.32	0.0
3	input_spectra/2-6D03.mzML	108	0	118.087635464138	1	10989.78	0.0
3	input_spectra/2-6D03.mzML	109	0	118.087635464138	1	11029.08	0.0
3	input_spectra/2-6D03.mzML	110	0	118.087635464138	1	11040.599999999999	0.0
3	input_spectra/2-6D03.mzML	111	0	118.087635464138	1	11079.96	0.0
3	input_spectra/2-6D03.mzML	112	0	118.087635464138	1	11091.42	0.0
22	input_spectra/2-6D03.mzML	113	0	132.103571573893	1	11587.74	0.0
22	input_spectra/2-6D03.mzML	114	0	132.103571573893	1	11599.199999999999	0.0
22	input_spectra/2-6D03.mzML	115	0	132.103571573893	1	11638.56	0.0
22	input_spectra/2-6D03.mzML	116	0	132.103571573893	1	11650.02	0.0
22	input_spectra/2-6D03.mzML	117	0	132.103571573893	1	11689.380000000001	0.0
22	input_spectra/2-6D03.mzML	118	0	132.103571573893	1	11700.84	0.0
104	input_spectra/2-6D03.mzML	119	0	268.107604980469	1	11712.359999999999	0.0
104	input_spectra/2-6D03.mzML	120	0	268.107604980469	1	11723.82	0.0
96	input_spectra/2-6D03.mzML	121	0	254.164169311523	1	11837.039999999999	0.0
96	input_spectra/2-6D03.mzML	122	0	254.164169311523	1	11848.56	0.0
37	input_spectra/2-6D03.mzML	123	0	155.083236694336	1	11887.92	0.0
37	input_spectra/2-6D03.mzML	124	0	155.083236694336	1	11899.380000000001	0.0
96	input_spectra/2-6D03.mzML	125	0	254.164169311523	1	11910.9	0.0
96	input_spectra/2-6D03.mzML	126	0	254.164169311523	1	11922.359999999999	0.0
105	input_spectra/2-6D03.mzML	127	0	273.187754313151	1	11933.88	0.0
37	input_spectra/2-6D03.mzML	128	0	155.083236694336	1	11984.7	0.0
37	input_spectra/2-6D03.mzML	129	0	155.083236694336	1	11996.16	0.0
105	input_spectra/2-6D03.mzML	130	0	273.187754313151	1	12007.679999999998	0.0
106	input_spectra/2-6D03.mzML	131	0	273.187754313151	1	12019.199999999999	0.0
37	input_spectra/2-6D03.mzML	132	0	155.083236694336	1	12058.56	0.0
37	input_spectra/2-6D03.mzML	133	0	155.083236694336	1	12070.08	0.0
105	input_spectra/2-6D03.mzML	134	0	273.187754313151	1	12081.54	0.0
106	input_spectra/2-6D03.mzML	135	0	273.187754313151	1	12093.06	0.0
36	input_spectra/2-6D03.mzML	136	0	153.042439778646	1	12132.42	0.0
36	input_spectra/2-6D03.mzML	137	0	153.042439778646	1	12143.88	0.0
36	input_spectra/2-6D03.mzML	138	0	153.042439778646	1	12183.24	0.0
36	input_spectra/2-6D03.mzML	139	0	153.042439778646	1	12194.7	0.0
59	input_spectra/2-6D03.mzML	140	0	182.083302815755	1	12206.220000000001	0.0
58	input_spectra/2-6D03.mzML	141	0	182.083302815755	1	12217.679999999998	0.0
36	input_spectra/2-6D03.mzML	142	0	153.042439778646	1	12257.039999999999	0.0
36	input_spectra/2-6D03.mzML	143	0	153.042439778646	1	12268.56	0.0
58	input_spectra/2-6D03.mzML	144	0	182.083302815755	1	12291.48	0.0
59	input_spectra/2-6D03.mzML	145	0	182.083302815755	1	12330.84	0.0
58	input_spectra/2-6D03.mzML	146	0	182.083302815755	1	12342.300000000001	0.0
26	input_spectra/2-6D03.mzML	147	0	136.077245076497	1	12353.759999999998	0.0
26	input_spectra/2-6D03.mzML	148	0	136.077245076497	1	12365.279999999999	0.0
26	input_spectra/2-6D03.mzML	149	0	136.077245076497	1	12404.64	0.0
26	input_spectra/2-6D03.mzML	150	0	136.077245076497	1	12416.1	0.0
26	input_spectra/2-6D03.mzML	151	0	136.077245076497	1	12455.460000000001	0.0
26	input_spectra/2-6D03.mzML	152	0	136.077245076497	1	12466.98	0.0
37	input_spectra/2-6D03.mzML	153	0	155.083236694336	1	13083.539999999999	0.0
37	input_spectra/2-6D03.mzML	154	0	155.083236694336	1	13095.0	0.0
37	input_spectra/2-6D03.mzML	155	0	155.083236694336	1	13134.36	0.0
37	input_spectra/2-6D03.mzML	156	0	155.083236694336	1	13145.82	0.0
37	input_spectra/2-6D03.mzML	157	0	155.083236694336	1	13185.179999999998	0.0
37	input_spectra/2-6D03.mzML	158	0	155.083236694336	1	13196.699999999999	0.0
43	input_spectra/2-6D03.mzML	159	0	160.077402750651	1	13380.36	0.0
44	input_spectra/2-6D03.mzML	160	0	160.077402750651	1	13391.82	0.0
43	input_spectra/2-6D03.mzML	161	0	160.077402750651	1	13431.18	0.0
44	input_spectra/2-6D03.mzML	162	0	160.077402750651	1	13442.640000000001	0.0
43	input_spectra/2-6D03.mzML	163	0	160.077402750651	1	13482.0	0.0
44	input_spectra/2-6D03.mzML	164	0	160.077402750651	1	13493.52	0.0
78	input_spectra/2-6D03.mzML	165	0	211.110341389974	1	14822.220000000001	0.0
78	input_spectra/2-6D03.mzML	166	0	211.110341389974	1	14873.039999999999	0.0
78	input_spectra/2-6D03.mzML	167	0	211.110341389974	1	14884.5	0.0
78	input_spectra/2-6D03.mzML	168	0	211.110341389974	1	14923.92	0.0
39	input_spectra/2-6D03.mzML	169	0	157.098846435547	1	15251.34	0.0
39	input_spectra/2-6D03.mzML	170	0	157.098846435547	1	15262.8	0.0
39	input_spectra/2-6D03.mzML	171	0	157.098846435547	1	15397.8	0.0
51	input_spectra/2-6D03.mzML	172	0	169.098841349284	1	15797.939999999999	0.0
51	input_spectra/2-6D03.mzML	173	0	169.098841349284	1	15809.400000000001	0.0
51	input_spectra/2-6D03.mzML	174	0	169.098841349284	1	15848.76	0.0
51	input_spectra/2-6D03.mzML	175	0	169.098841349284	1	15860.28	0.0
51	input_spectra/2-6D03.mzML	176	0	169.098841349284	1	15899.640000000001	0.0
51	input_spectra/2-6D03.mzML	177	0	169.098841349284	1	15911.1	0.0
47	input_spectra/2-6D03.mzML	178	0	166.088269551595	1	16371.300000000001	0.0
48	input_spectra/2-6D03.mzML	179	0	166.088269551595	1	16382.820000000002	0.0
47	input_spectra/2-6D03.mzML	180	0	166.088269551595	1	16422.18	0.0
48	input_spectra/2-6D03.mzML	181	0	166.088269551595	1	16433.64	0.0
4	input_spectra/2-6D03.mzML	182	0	120.082150268555	1	16445.1	0.0
5	input_spectra/2-6D03.mzML	183	0	120.082150268555	1	16456.62	0.0
47	input_spectra/2-6D03.mzML	184	0	166.088269551595	1	16495.98	0.0
48	input_spectra/2-6D03.mzML	185	0	166.088269551595	1	16507.5	0.0
4	input_spectra/2-6D03.mzML	186	0	120.082150268555	1	16518.96	0.0
5	input_spectra/2-6D03.mzML	187	0	120.082150268555	1	16530.420000000002	0.0
4	input_spectra/2-6D03.mzML	188	0	120.082150268555	1	16569.719999999998	0.0
5	input_spectra/2-6D03.mzML	189	0	120.082150268555	1	16581.239999999998	0.0
47	input_spectra/2-6D03.mzML	190	0	166.088269551595	1	17522.46	0.0
48	input_spectra/2-6D03.mzML	191	0	166.088269551595	1	17533.920000000002	0.0
47	input_spectra/2-6D03.mzML	192	0	166.088269551595	1	17573.28	0.0
48	input_spectra/2-6D03.mzML	193	0	166.088269551595	1	17584.74	0.0
47	input_spectra/2-6D03.mzML	194	0	166.088269551595	1	17624.16	0.0
48	input_spectra/2-6D03.mzML	195	0	166.088269551595	1	17635.620000000003	0.0
4	input_spectra/2-6D03.mzML	196	0	120.082150268555	1	17647.079999999998	0.0
5	input_spectra/2-6D03.mzML	197	0	120.082150268555	1	17658.54	0.0
4	input_spectra/2-6D03.mzML	198	0	120.082150268555	1	17697.96	0.0
5	input_spectra/2-6D03.mzML	199	0	120.082150268555	1	17709.42	0.0
9	input_spectra/2-6D03.mzML	200	0	122.09779103597	1	19107.54	0.0
10	input_spectra/2-6D03.mzML	201	0	122.09779103597	1	19119.0	0.0
9	input_spectra/2-6D03.mzML	202	0	122.09779103597	1	19158.36	0.0
10	input_spectra/2-6D03.mzML	203	0	122.09779103597	1	19169.82	0.0
9	input_spectra/2-6D03.mzML	204	0	122.09779103597	1	19209.18	0.0
10	input_spectra/2-6D03.mzML	205	0	122.09779103597	1	19220.7	0.0
216	input_spectra/2-6D03.mzML	206	0	554.299194335938	1	23730.66	0.0
217	input_spectra/2-6D03.mzML	207	0	554.299194335938	1	23770.019999999997	0.0
216	input_spectra/2-6D03.mzML	208	0	554.299194335938	1	23781.539999999997	0.0
217	input_spectra/2-6D03.mzML	209	0	554.299194335938	1	23820.899999999998	0.0
216	input_spectra/2-6D03.mzML	210	0	554.299194335938	1	23832.42	0.0
214	input_spectra/2-6D03.mzML	211	0	539.289184570313	1	23919.9	0.0
214	input_spectra/2-6D03.mzML	212	0	539.289184570313	1	23931.36	0.0
214	input_spectra/2-6D03.mzML	213	0	539.289184570313	1	23982.780000000002	0.0
214	input_spectra/2-6D03.mzML	214	0	539.289184570313	1	23994.3	0.0
214	input_spectra/2-6D03.mzML	215	0	539.289184570313	1	24033.66	0.0
214	input_spectra/2-6D03.mzML	216	0	539.289184570313	1	24045.18	0.0
269	input_spectra/2-6D03.mzML	217	0	783.444946289063	1	24325.019999999997	0.0
270	input_spectra/2-6D03.mzML	218	0	783.444946289063	1	24387.42	0.0
238	input_spectra/2-6D03.mzML	219	0	618.332061767578	1	24398.94	0.0
239	input_spectra/2-6D03.mzML	220	0	618.332061767578	1	24410.46	0.0
238	input_spectra/2-6D03.mzML	221	0	618.332061767578	1	24449.82	0.0
239	input_spectra/2-6D03.mzML	222	0	618.332061767578	1	24461.34	0.0
282	input_spectra/2-6D03.mzML	223	0	938.431457519531	1	24484.5	0.0
265	input_spectra/2-6D03.mzML	224	0	766.382527669271	1	24523.86	0.0
266	input_spectra/2-6D03.mzML	225	0	766.382527669271	1	24535.38	0.0
265	input_spectra/2-6D03.mzML	226	0	766.382527669271	1	24597.84	0.0
266	input_spectra/2-6D03.mzML	227	0	766.382527669271	1	24609.36	0.0
265	input_spectra/2-6D03.mzML	228	0	766.382527669271	1	24648.72	0.0
266	input_spectra/2-6D03.mzML	229	0	766.382527669271	1	24660.24	0.0
257	input_spectra/2-6D03.mzML	230	0	724.371561686198	1	24683.34	0.0
257	input_spectra/2-6D03.mzML	231	0	724.371561686198	1	24734.22	0.0
273	input_spectra/2-6D03.mzML	232	0	795.408752441406	1	24757.32	0.0
257	input_spectra/2-6D03.mzML	233	0	724.371561686198	1	24808.14	0.0
273	input_spectra/2-6D03.mzML	234	0	795.408752441406	1	24831.239999999998	0.0
227	input_spectra/2-6D03.mzML	235	0	584.31113688151	1	24956.579999999998	0.0
226	input_spectra/2-6D03.mzML	236	0	584.31113688151	1	24968.1	0.0
227	input_spectra/2-6D03.mzML	237	0	584.31113688151	1	25007.46	0.0
226	input_spectra/2-6D03.mzML	238	0	584.31113688151	1	25018.98	0.0
227	input_spectra/2-6D03.mzML	239	0	584.31113688151	1	25058.34	0.0
226	input_spectra/2-6D03.mzML	240	0	584.31113688151	1	25069.86	0.0
262	input_spectra/2-6D03.mzML	241	0	755.355651855469	1	25183.14	0.0
263	input_spectra/2-6D03.mzML	242	0	755.355651855469	1	25194.66	0.0
245	input_spectra/2-6D03.mzML	243	0	655.338887532552	1	25286.7	0.0
262	input_spectra/2-6D03.mzML	244	0	755.355651855469	1	25326.06	0.0
263	input_spectra/2-6D03.mzML	245	0	755.355651855469	1	25337.64	0.0
245	input_spectra/2-6D03.mzML	246	0	655.338887532552	1	25383.84	0.0
289	input_spectra/2-6D03.mzML	247	0	1150.537231445313	1	25407.0	0.0
281	input_spectra/2-6D03.mzML	248	0	936.475921630859	1	25481.1	0.0
285	input_spectra/2-6D03.mzML	249	0	1007.511871337891	1	25504.2	0.0
245	input_spectra/2-6D03.mzML	250	0	655.338887532552	1	25573.44	0.0
281	input_spectra/2-6D03.mzML	251	0	936.475921630859	1	25624.379999999997	0.0
158	input_spectra/2-6D03.mzML	252	0	440.218688964844	1	25705.2	0.0
158	input_spectra/2-6D03.mzML	253	0	440.218688964844	1	25716.72	0.0
231	input_spectra/2-6D03.mzML	254	0	612.333679199219	1	25756.14	0.0
232	input_spectra/2-6D03.mzML	255	0	612.333679199219	1	25767.66	0.0
134	input_spectra/2-6D03.mzML	256	0	344.227264404297	1	25825.38	0.0
134	input_spectra/2-6D03.mzML	257	0	344.227264404297	1	25836.84	0.0
134	input_spectra/2-6D03.mzML	258	0	344.227264404297	1	25899.3	0.0
134	input_spectra/2-6D03.mzML	259	0	344.227264404297	1	25910.82	0.0
228	input_spectra/2-6D03.mzML	260	0	586.317504882813	1	25991.46	0.0
228	input_spectra/2-6D03.mzML	261	0	586.317504882813	1	26002.920000000002	0.0
134	input_spectra/2-6D03.mzML	262	0	344.227264404297	1	26042.34	0.0
251	input_spectra/2-6D03.mzML	263	0	683.369689941406	1	26076.9	0.0
146	input_spectra/2-6D03.mzML	264	0	388.253875732422	1	26185.26	0.0
146	input_spectra/2-6D03.mzML	265	0	388.253875732422	1	26196.78	0.0
233	input_spectra/2-6D03.mzML	266	0	612.333679199219	1	26208.3	0.0
233	input_spectra/2-6D03.mzML	267	0	612.333679199219	1	26219.82	0.0
277	input_spectra/2-6D03.mzML	268	0	871.449462890625	1	26242.98	0.0
146	input_spectra/2-6D03.mzML	269	0	388.253875732422	1	26328.420000000002	0.0
146	input_spectra/2-6D03.mzML	270	0	388.253875732422	1	26339.940000000002	0.0
283	input_spectra/2-6D03.mzML	271	0	947.444519042969	1	26397.480000000003	0.0
284	input_spectra/2-6D03.mzML	272	0	947.444519042969	1	26409.06	0.0
146	input_spectra/2-6D03.mzML	273	0	388.253875732422	1	26471.52	0.0
146	input_spectra/2-6D03.mzML	274	0	388.253875732422	1	26482.98	0.0
157	input_spectra/2-6D03.mzML	275	0	432.281005859375	1	26494.5	0.0
157	input_spectra/2-6D03.mzML	276	0	432.281005859375	1	26506.02	0.0
284	input_spectra/2-6D03.mzML	277	0	947.444519042969	1	26552.16	0.0
157	input_spectra/2-6D03.mzML	278	0	432.281005859375	1	26614.62	0.0
157	input_spectra/2-6D03.mzML	279	0	432.281005859375	1	26626.14	0.0
183	input_spectra/2-6D03.mzML	280	0	483.289916992188	1	26683.68	0.0
183	input_spectra/2-6D03.mzML	281	0	483.289916992188	1	26695.2	0.0
212	input_spectra/2-6D03.mzML	282	0	537.266418457031	1	26706.72	0.0
212	input_spectra/2-6D03.mzML	283	0	537.266418457031	1	26718.239999999998	0.0
157	input_spectra/2-6D03.mzML	284	0	432.281005859375	1	26757.6	0.0
157	input_spectra/2-6D03.mzML	285	0	432.281005859375	1	26769.06	0.0
176	input_spectra/2-6D03.mzML	286	0	476.3056640625	1	26780.58	0.0
176	input_spectra/2-6D03.mzML	287	0	476.3056640625	1	26792.100000000002	0.0
178	input_spectra/2-6D03.mzML	288	0	481.260762532552	1	26826.66	0.0
178	input_spectra/2-6D03.mzML	289	0	481.260762532552	1	26838.120000000003	0.0
176	input_spectra/2-6D03.mzML	290	0	476.311584472656	1	26900.52	0.0
176	input_spectra/2-6D03.mzML	291	0	476.311584472656	1	26912.04	0.0
85	input_spectra/2-6D03.mzML	292	0	227.138661702474	1	26923.56	0.0
85	input_spectra/2-6D03.mzML	293	0	227.138661702474	1	26935.019999999997	0.0
179	input_spectra/2-6D03.mzML	294	0	481.260762532552	1	26946.539999999997	0.0
178	input_spectra/2-6D03.mzML	295	0	481.260762532552	1	26958.059999999998	0.0
202	input_spectra/2-6D03.mzML	296	0	527.315795898438	1	26992.62	0.0
202	input_spectra/2-6D03.mzML	297	0	527.315795898438	1	27004.14	0.0
197	input_spectra/2-6D03.mzML	298	0	520.333719889323	1	27043.5	0.0
197	input_spectra/2-6D03.mzML	299	0	520.333719889323	1	27055.019999999997	0.0
176	input_spectra/2-6D03.mzML	300	0	476.3056640625	1	27066.48	0.0
176	input_spectra/2-6D03.mzML	301	0	476.3056640625	1	27078.0	0.0
85	input_spectra/2-6D03.mzML	302	0	227.138661702474	1	27089.52	0.0
85	input_spectra/2-6D03.mzML	303	0	227.138661702474	1	27100.98	0.0
199	input_spectra/2-6D03.mzML	304	0	525.286804199219	1	27124.079999999998	0.0
197	input_spectra/2-6D03.mzML	305	0	520.333719889323	1	27186.420000000002	0.0
197	input_spectra/2-6D03.mzML	306	0	520.333719889323	1	27197.94	0.0
219	input_spectra/2-6D03.mzML	307	0	564.359212239583	1	27209.46	0.0
219	input_spectra/2-6D03.mzML	308	0	564.359212239583	1	27220.98	0.0
199	input_spectra/2-6D03.mzML	309	0	525.286804199219	1	27244.02	0.0
86	input_spectra/2-6D03.mzML	310	0	227.138661702474	1	27255.54	0.0
85	input_spectra/2-6D03.mzML	311	0	227.138661702474	1	27267.0	0.0
267	input_spectra/2-6D03.mzML	312	0	773.380737304688	1	27278.579999999998	0.0
268	input_spectra/2-6D03.mzML	313	0	773.380737304688	1	27290.1	0.0
219	input_spectra/2-6D03.mzML	314	0	564.359212239583	1	27329.52	0.0
219	input_spectra/2-6D03.mzML	315	0	564.359212239583	1	27341.04	0.0
220	input_spectra/2-6D03.mzML	316	0	569.313354492188	1	27364.079999999998	0.0
230	input_spectra/2-6D03.mzML	317	0	608.384623209635	1	27398.64	0.0
230	input_spectra/2-6D03.mzML	318	0	608.384623209635	1	27410.16	0.0
197	input_spectra/2-6D03.mzML	319	0	520.333719889323	1	27421.68	0.0
230	input_spectra/2-6D03.mzML	320	0	608.384623209635	1	27472.62	0.0
230	input_spectra/2-6D03.mzML	321	0	608.384623209635	1	27484.14	0.0
267	input_spectra/2-6D03.mzML	322	0	773.380737304688	1	27495.66	0.0
268	input_spectra/2-6D03.mzML	323	0	773.380737304688	1	27507.18	0.0
99	input_spectra/2-6D03.mzML	324	0	261.122924804688	1	27518.760000000002	0.0
99	input_spectra/2-6D03.mzML	325	0	261.122924804688	1	27530.22	0.0
219	input_spectra/2-6D03.mzML	326	0	564.359212239583	1	27541.739999999998	0.0
219	input_spectra/2-6D03.mzML	327	0	564.359212239583	1	27553.260000000002	0.0
244	input_spectra/2-6D03.mzML	328	0	652.410003662109	1	27615.72	0.0
244	input_spectra/2-6D03.mzML	329	0	652.410003662109	1	27627.24	0.0
230	input_spectra/2-6D03.mzML	330	0	608.384623209635	1	27638.760000000002	0.0
230	input_spectra/2-6D03.mzML	331	0	608.384623209635	1	27650.280000000002	0.0
252	input_spectra/2-6D03.mzML	332	0	696.435628255208	1	27684.84	0.0
252	input_spectra/2-6D03.mzML	333	0	696.435628255208	1	27696.36	0.0
2	input_spectra/2-6D03.mzML	334	0	117.072767045763	1	27707.88	0.0
2	input_spectra/2-6D03.mzML	335	0	117.072767045763	1	27719.4	0.0
54	input_spectra/2-6D03.mzML	336	0	174.112360636393	1	27758.760000000002	0.0
55	input_spectra/2-6D03.mzML	337	0	174.112360636393	1	27770.22	0.0
252	input_spectra/2-6D03.mzML	338	0	696.435628255208	1	27781.8	0.0
252	input_spectra/2-6D03.mzML	339	0	696.435628255208	1	27793.32	0.0
38	input_spectra/2-6D03.mzML	340	0	156.101715087891	1	27804.84	0.0
38	input_spectra/2-6D03.mzML	341	0	156.101715087891	1	27816.36	0.0
244	input_spectra/2-6D03.mzML	342	0	652.410003662109	1	27827.88	0.0
244	input_spectra/2-6D03.mzML	343	0	652.410003662109	1	27839.4	0.0
62	input_spectra/2-6D03.mzML	344	0	183.091415405273	1	27862.440000000002	0.0
54	input_spectra/2-6D03.mzML	345	0	174.112360636393	1	27901.8	0.0
55	input_spectra/2-6D03.mzML	346	0	174.112360636393	1	27913.260000000002	0.0
38	input_spectra/2-6D03.mzML	347	0	156.101715087891	1	27924.78	0.0
38	input_spectra/2-6D03.mzML	348	0	156.101715087891	1	27936.239999999998	0.0
258	input_spectra/2-6D03.mzML	349	0	740.46240234375	1	27947.82	0.0
258	input_spectra/2-6D03.mzML	350	0	740.46240234375	1	27959.34	0.0
271	input_spectra/2-6D03.mzML	351	0	784.487823486328	1	27993.96	0.0
271	input_spectra/2-6D03.mzML	352	0	784.487823486328	1	28005.48	0.0
99	input_spectra/2-6D03.mzML	353	0	261.122924804688	1	28044.84	0.0
99	input_spectra/2-6D03.mzML	354	0	261.122924804688	1	28056.36	0.0
271	input_spectra/2-6D03.mzML	355	0	784.487823486328	1	28067.94	0.0
271	input_spectra/2-6D03.mzML	356	0	784.487823486328	1	28079.46	0.0
54	input_spectra/2-6D03.mzML	357	0	174.112360636393	1	28090.98	0.0
275	input_spectra/2-6D03.mzML	358	0	828.514099121094	1	28114.079999999998	0.0
275	input_spectra/2-6D03.mzML	359	0	828.514099121094	1	28125.6	0.0
229	input_spectra/2-6D03.mzML	360	0	587.31689453125	1	28137.18	0.0
229	input_spectra/2-6D03.mzML	361	0	587.31689453125	1	28148.699999999997	0.0
99	input_spectra/2-6D03.mzML	362	0	261.122924804688	1	28188.059999999998	0.0
99	input_spectra/2-6D03.mzML	363	0	261.122924804688	1	28199.52	0.0
278	input_spectra/2-6D03.mzML	364	0	872.538330078125	1	28211.16	0.0
278	input_spectra/2-6D03.mzML	365	0	872.538330078125	1	28222.68	0.0
154	input_spectra/2-6D03.mzML	366	0	430.242970784505	1	28234.2	0.0
155	input_spectra/2-6D03.mzML	367	0	430.242970784505	1	28245.72	0.0
154	input_spectra/2-6D03.mzML	368	0	430.242970784505	1	28285.14	0.0
155	input_spectra/2-6D03.mzML	369	0	430.242970784505	1	28296.600000000002	0.0
79	input_spectra/2-6D03.mzML	370	0	211.143742879232	1	28308.120000000003	0.0
79	input_spectra/2-6D03.mzML	371	0	211.143742879232	1	28319.579999999998	0.0
79	input_spectra/2-6D03.mzML	372	0	211.143742879232	1	28359.0	0.0
79	input_spectra/2-6D03.mzML	373	0	211.143742879232	1	28370.46	0.0
79	input_spectra/2-6D03.mzML	374	0	211.143742879232	1	28432.859999999997	0.0
79	input_spectra/2-6D03.mzML	375	0	211.143742879232	1	28444.379999999997	0.0
250	input_spectra/2-6D03.mzML	376	0	680.421691894531	1	28543.86	0.0
250	input_spectra/2-6D03.mzML	377	0	680.421691894531	1	28555.38	0.0
95	input_spectra/2-6D03.mzML	378	0	245.128189086914	1	28799.16	0.0
95	input_spectra/2-6D03.mzML	379	0	245.128189086914	1	28810.620000000003	0.0
95	input_spectra/2-6D03.mzML	380	0	245.128189086914	1	28849.980000000003	0.0
95	input_spectra/2-6D03.mzML	381	0	245.128189086914	1	28861.5	0.0
95	input_spectra/2-6D03.mzML	382	0	245.128189086914	1	28900.86	0.0
95	input_spectra/2-6D03.mzML	383	0	245.128189086914	1	28912.38	0.0
68	input_spectra/2-6D03.mzML	384	0	188.128514607747	1	29841.539999999997	0.0
69	input_spectra/2-6D03.mzML	385	0	188.128514607747	1	29853.0	0.0
68	input_spectra/2-6D03.mzML	386	0	188.128514607747	1	29892.36	0.0
69	input_spectra/2-6D03.mzML	387	0	188.128514607747	1	29903.82	0.0
52	input_spectra/2-6D03.mzML	388	0	170.118057250977	1	29915.280000000002	0.0
53	input_spectra/2-6D03.mzML	389	0	170.118057250977	1	29926.739999999998	0.0
68	input_spectra/2-6D03.mzML	390	0	188.128514607747	1	29966.1	0.0
69	input_spectra/2-6D03.mzML	391	0	188.128514607747	1	29977.559999999998	0.0
52	input_spectra/2-6D03.mzML	392	0	170.118057250977	1	29989.02	0.0
53	input_spectra/2-6D03.mzML	393	0	170.118057250977	1	30000.54	0.0
52	input_spectra/2-6D03.mzML	394	0	170.118057250977	1	30062.88	0.0
53	input_spectra/2-6D03.mzML	395	0	170.118057250977	1	30074.34	0.0
17	input_spectra/2-6D03.mzML	396	0	130.122512817383	1	30596.34	0.0
17	input_spectra/2-6D03.mzML	397	0	130.122512817383	1	30607.8	0.0
17	input_spectra/2-6D03.mzML	398	0	130.122512817383	1	30659.22	0.0
17	input_spectra/2-6D03.mzML	399	0	130.122512817383	1	30670.68	0.0
17	input_spectra/2-6D03.mzML	400	0	130.122512817383	1	30710.04	0.0
17	input_spectra/2-6D03.mzML	401	0	130.122512817383	1	30721.559999999998	0.0
122	input_spectra/2-6D03.mzML	402	0	328.268339108198	1	30760.920000000002	0.0
122	input_spectra/2-6D03.mzML	403	0	328.268339108198	1	30772.380000000005	0.0
83	input_spectra/2-6D03.mzML	404	0	222.1123046875	1	30811.739999999998	0.0
83	input_spectra/2-6D03.mzML	405	0	222.1123046875	1	30823.260000000002	0.0
122	input_spectra/2-6D03.mzML	406	0	328.268339108198	1	30834.72	0.0
123	input_spectra/2-6D03.mzML	407	0	328.268339108198	1	30846.24	0.0
83	input_spectra/2-6D03.mzML	408	0	222.1123046875	1	30885.6	0.0
83	input_spectra/2-6D03.mzML	409	0	222.1123046875	1	30897.12	0.0
124	input_spectra/2-6D03.mzML	410	0	328.268339108198	1	30908.58	0.0
123	input_spectra/2-6D03.mzML	411	0	328.268339108198	1	30920.100000000002	0.0
83	input_spectra/2-6D03.mzML	412	0	222.1123046875	1	30959.46	0.0
83	input_spectra/2-6D03.mzML	413	0	222.1123046875	1	30970.920000000002	0.0
65	input_spectra/2-6D03.mzML	414	0	186.221705118815	1	31371.06	0.0
65	input_spectra/2-6D03.mzML	415	0	186.221705118815	1	31472.699999999997	0.0
125	input_spectra/2-6D03.mzML	416	0	328.268339108198	1	31923.18	0.0
123	input_spectra/2-6D03.mzML	417	0	328.268339108198	1	31934.640000000003	0.0
126	input_spectra/2-6D03.mzML	418	0	328.268339108198	1	31996.98	0.0
127	input_spectra/2-6D03.mzML	419	0	328.268339108198	1	32008.5	0.0
122	input_spectra/2-6D03.mzML	420	0	328.268339108198	1	32047.859999999997	0.0
123	input_spectra/2-6D03.mzML	421	0	328.268339108198	1	32059.379999999997	0.0
156	input_spectra/2-6D03.mzML	422	0	431.202779134115	1	32098.74	0.0
156	input_spectra/2-6D03.mzML	423	0	431.202779134115	1	32110.199999999997	0.0
156	input_spectra/2-6D03.mzML	424	0	431.202779134115	1	32149.56	0.0
156	input_spectra/2-6D03.mzML	425	0	431.202779134115	1	32161.08	0.0
156	input_spectra/2-6D03.mzML	426	0	431.202779134115	1	32200.44	0.0
156	input_spectra/2-6D03.mzML	427	0	431.202779134115	1	32211.9	0.0
108	input_spectra/2-6D03.mzML	428	0	274.274475097656	1	32479.739999999998	0.0
108	input_spectra/2-6D03.mzML	429	0	274.274475097656	1	32491.26	0.0
108	input_spectra/2-6D03.mzML	430	0	274.274475097656	1	32530.56	0.0
108	input_spectra/2-6D03.mzML	431	0	274.274475097656	1	32542.019999999997	0.0
65	input_spectra/2-6D03.mzML	432	0	186.221705118815	1	32553.539999999997	0.0
65	input_spectra/2-6D03.mzML	433	0	186.221705118815	1	32565.0	0.0
108	input_spectra/2-6D03.mzML	434	0	274.274475097656	1	32604.359999999997	0.0
108	input_spectra/2-6D03.mzML	435	0	274.274475097656	1	32615.879999999997	0.0
65	input_spectra/2-6D03.mzML	436	0	186.221705118815	1	32627.34	0.0
65	input_spectra/2-6D03.mzML	437	0	186.221705118815	1	32678.219999999998	0.0
171	input_spectra/2-6D03.mzML	438	0	466.316762288411	1	32959.8	0.0
171	input_spectra/2-6D03.mzML	439	0	466.316762288411	1	33033.72	0.0
210	input_spectra/2-6D03.mzML	440	0	534.353983561198	1	33165.18	0.0
210	input_spectra/2-6D03.mzML	441	0	534.353983561198	1	33176.700000000004	0.0
280	input_spectra/2-6D03.mzML	442	0	931.625244140625	1	33234.299999999996	0.0
122	input_spectra/2-6D03.mzML	443	0	328.268339108198	1	33257.399999999994	0.0
127	input_spectra/2-6D03.mzML	444	0	328.268339108198	1	33268.92	0.0
210	input_spectra/2-6D03.mzML	445	0	534.353983561198	1	33308.28	0.0
210	input_spectra/2-6D03.mzML	446	0	534.353983561198	1	33319.8	0.0
128	input_spectra/2-6D03.mzML	447	0	328.268339108198	1	33331.32	0.0
125	input_spectra/2-6D03.mzML	448	0	328.268339108198	1	33342.78	0.0
128	input_spectra/2-6D03.mzML	449	0	328.268339108198	1	33451.2	0.0
127	input_spectra/2-6D03.mzML	450	0	328.268339108198	1	33462.72	0.0
195	input_spectra/2-6D03.mzML	451	0	517.238708496094	1	34304.04	0.0
195	input_spectra/2-6D03.mzML	452	0	517.238708496094	1	34315.560000000005	0.0
195	input_spectra/2-6D03.mzML	453	0	517.238708496094	1	34354.979999999996	0.0
195	input_spectra/2-6D03.mzML	454	0	517.238708496094	1	34366.5	0.0
122	input_spectra/2-6D03.mzML	455	0	328.268339108198	1	34405.86	0.0
127	input_spectra/2-6D03.mzML	456	0	328.268339108198	1	34417.380000000005	0.0
128	input_spectra/2-6D03.mzML	457	0	328.268339108198	1	34456.74	0.0
125	input_spectra/2-6D03.mzML	458	0	328.268339108198	1	34468.200000000004	0.0
124	input_spectra/2-6D03.mzML	459	0	328.268339108198	1	34507.56	0.0
127	input_spectra/2-6D03.mzML	460	0	328.268339108198	1	34519.08	0.0
89	input_spectra/2-6D03.mzML	461	0	230.248138427734	1	34530.54	0.0
89	input_spectra/2-6D03.mzML	462	0	230.248138427734	1	34542.06	0.0
89	input_spectra/2-6D03.mzML	463	0	230.248138427734	1	34581.42	0.0
89	input_spectra/2-6D03.mzML	464	0	230.248138427734	1	34592.88	0.0
89	input_spectra/2-6D03.mzML	465	0	230.248138427734	1	34632.24	0.0
89	input_spectra/2-6D03.mzML	466	0	230.248138427734	1	34643.759999999995	0.0
128	input_spectra/2-6D03.mzML	467	0	328.268339108198	1	35548.92	0.0
127	input_spectra/2-6D03.mzML	468	0	328.268339108198	1	35560.38	0.0
122	input_spectra/2-6D03.mzML	469	0	328.268339108198	1	35599.74	0.0
125	input_spectra/2-6D03.mzML	470	0	328.268339108198	1	35611.2	0.0
124	input_spectra/2-6D03.mzML	471	0	328.268339108198	1	35650.62	0.0
127	input_spectra/2-6D03.mzML	472	0	328.268339108198	1	35662.08	0.0
206	input_spectra/2-6D03.mzML	473	0	533.32568359375	1	35761.56	0.0
207	input_spectra/2-6D03.mzML	474	0	533.32568359375	1	35773.079999999994	0.0
190	input_spectra/2-6D03.mzML	475	0	498.288350423177	1	35796.119999999995	0.0
190	input_spectra/2-6D03.mzML	476	0	498.288350423177	1	35847.0	0.0
206	input_spectra/2-6D03.mzML	477	0	533.32568359375	1	35858.520000000004	0.0
207	input_spectra/2-6D03.mzML	478	0	533.32568359375	1	35870.03999999999	0.0
206	input_spectra/2-6D03.mzML	479	0	533.32568359375	1	35909.4	0.0
207	input_spectra/2-6D03.mzML	480	0	533.32568359375	1	35920.92	0.0
190	input_spectra/2-6D03.mzML	481	0	498.288350423177	1	35943.96	0.0
194	input_spectra/2-6D03.mzML	482	0	516.299275716146	1	35978.46	0.0
221	input_spectra/2-6D03.mzML	483	0	570.217325846354	1	36001.5	0.0
194	input_spectra/2-6D03.mzML	484	0	516.299275716146	1	36075.42	0.0
139	input_spectra/2-6D03.mzML	485	0	358.241357421875	1	36098.4	0.0
139	input_spectra/2-6D03.mzML	486	0	358.241357421875	1	36109.92	0.0
213	input_spectra/2-6D03.mzML	487	0	538.280639648438	1	36144.659999999996	0.0
213	input_spectra/2-6D03.mzML	488	0	538.280639648438	1	36156.18	0.0
139	input_spectra/2-6D03.mzML	489	0	358.241357421875	1	36218.58	0.0
139	input_spectra/2-6D03.mzML	490	0	358.241357421875	1	36230.03999999999	0.0
163	input_spectra/2-6D03.mzML	491	0	444.289154052734	1	36264.6	0.0
163	input_spectra/2-6D03.mzML	492	0	444.289154052734	1	36276.119999999995	0.0
221	input_spectra/2-6D03.mzML	493	0	570.217325846354	1	36287.64	0.0
139	input_spectra/2-6D03.mzML	494	0	358.241357421875	1	36338.520000000004	0.0
139	input_spectra/2-6D03.mzML	495	0	358.241357421875	1	36350.03999999999	0.0
163	input_spectra/2-6D03.mzML	496	0	444.289154052734	1	36361.56	0.0
163	input_spectra/2-6D03.mzML	497	0	444.289154052734	1	36373.079999999994	0.0
221	input_spectra/2-6D03.mzML	498	0	570.217325846354	1	36384.6	0.0
163	input_spectra/2-6D03.mzML	499	0	444.289154052734	1	36435.48	0.0
163	input_spectra/2-6D03.mzML	500	0	444.289154052734	1	36447.0	0.0
128	input_spectra/2-6D03.mzML	501	0	328.268339108198	1	36714.78	0.0
126	input_spectra/2-6D03.mzML	502	0	328.268339108198	1	36726.3	0.0
124	input_spectra/2-6D03.mzML	503	0	328.268339108198	1	36765.659999999996	0.0
127	input_spectra/2-6D03.mzML	504	0	328.268339108198	1	36777.12	0.0
124	input_spectra/2-6D03.mzML	505	0	328.268339108198	1	36816.54	0.0
125	input_spectra/2-6D03.mzML	506	0	328.268339108198	1	36828.0	0.0
143	input_spectra/2-6D03.mzML	507	0	373.27402750651	1	36941.76	0.0
151	input_spectra/2-6D03.mzML	508	0	426.321278889974	1	36953.28	0.0
138	input_spectra/2-6D03.mzML	509	0	355.262807210286	1	36976.32	0.0
138	input_spectra/2-6D03.mzML	510	0	355.262807210286	1	36987.78	0.0
177	input_spectra/2-6D03.mzML	511	0	477.332295735677	1	37010.82	0.0
143	input_spectra/2-6D03.mzML	512	0	373.27402750651	1	37061.700000000004	0.0
151	input_spectra/2-6D03.mzML	513	0	426.321278889974	1	37073.219999999994	0.0
177	input_spectra/2-6D03.mzML	514	0	477.332295735677	1	37107.72	0.0
138	input_spectra/2-6D03.mzML	515	0	355.262807210286	1	37119.24	0.0
138	input_spectra/2-6D03.mzML	516	0	355.262807210286	1	37130.76	0.0
274	input_spectra/2-6D03.mzML	517	0	817.582092285156	1	37142.34	0.0
274	input_spectra/2-6D03.mzML	518	0	817.582092285156	1	37153.86	0.0
151	input_spectra/2-6D03.mzML	519	0	426.321278889974	1	37193.219999999994	0.0
138	input_spectra/2-6D03.mzML	520	0	355.262807210286	1	37216.259999999995	0.0
177	input_spectra/2-6D03.mzML	521	0	477.332295735677	1	37239.24	0.0
177	input_spectra/2-6D03.mzML	522	0	477.332295735677	1	37250.76	0.0
274	input_spectra/2-6D03.mzML	523	0	817.582092285156	1	37262.34	0.0
274	input_spectra/2-6D03.mzML	524	0	817.582092285156	1	37273.86	0.0
139	input_spectra/2-6D03.mzML	525	0	358.241357421875	1	37313.219999999994	0.0
139	input_spectra/2-6D03.mzML	526	0	358.241357421875	1	37324.74	0.0
139	input_spectra/2-6D03.mzML	527	0	358.241357421875	1	37364.1	0.0
139	input_spectra/2-6D03.mzML	528	0	358.241357421875	1	37375.62	0.0
124	input_spectra/2-6D03.mzML	529	0	328.268339108198	1	37856.16	0.0
127	input_spectra/2-6D03.mzML	530	0	328.268339108198	1	37867.68	0.0
126	input_spectra/2-6D03.mzML	531	0	328.268339108198	1	37907.04	0.0
127	input_spectra/2-6D03.mzML	532	0	328.268339108198	1	37918.56	0.0
124	input_spectra/2-6D03.mzML	533	0	328.268339108198	1	37957.92	0.0
126	input_spectra/2-6D03.mzML	534	0	328.268339108198	1	37969.439999999995	0.0
97	input_spectra/2-6D03.mzML	535	0	258.279184977214	1	38201.16	0.0
97	input_spectra/2-6D03.mzML	536	0	258.279184977214	1	38212.68	0.0
97	input_spectra/2-6D03.mzML	537	0	258.279184977214	1	38251.98	0.0
97	input_spectra/2-6D03.mzML	538	0	258.279184977214	1	38263.5	0.0
167	input_spectra/2-6D03.mzML	539	0	450.321889241536	1	38286.54	0.0
167	input_spectra/2-6D03.mzML	540	0	450.321889241536	1	38337.42	0.0
97	input_spectra/2-6D03.mzML	541	0	258.279184977214	1	38348.94	0.0
97	input_spectra/2-6D03.mzML	542	0	258.279184977214	1	38360.4	0.0
167	input_spectra/2-6D03.mzML	543	0	450.321889241536	1	38411.28	0.0
196	input_spectra/2-6D03.mzML	544	0	518.358764648438	1	38422.8	0.0
196	input_spectra/2-6D03.mzML	545	0	518.358764648438	1	38434.32	0.0
196	input_spectra/2-6D03.mzML	546	0	518.358764648438	1	38473.68	0.0
196	input_spectra/2-6D03.mzML	547	0	518.358764648438	1	38485.2	0.0
196	input_spectra/2-6D03.mzML	548	0	518.358764648438	1	38570.579999999994	0.0
196	input_spectra/2-6D03.mzML	549	0	518.358764648438	1	38582.1	0.0
120	input_spectra/2-6D03.mzML	550	0	304.300170898438	1	38825.82	0.0
120	input_spectra/2-6D03.mzML	551	0	304.300170898438	1	38837.34	0.0
120	input_spectra/2-6D03.mzML	552	0	304.300170898438	1	38876.700000000004	0.0
120	input_spectra/2-6D03.mzML	553	0	304.300170898438	1	38888.159999999996	0.0
218	input_spectra/2-6D03.mzML	554	0	558.384440104167	1	38899.68	0.0
218	input_spectra/2-6D03.mzML	555	0	558.384440104167	1	38911.2	0.0
120	input_spectra/2-6D03.mzML	556	0	304.300170898438	1	38950.62	0.0
120	input_spectra/2-6D03.mzML	557	0	304.300170898438	1	38962.08	0.0
218	input_spectra/2-6D03.mzML	558	0	558.384440104167	1	38973.6	0.0
218	input_spectra/2-6D03.mzML	559	0	558.384440104167	1	38985.119999999995	0.0
124	input_spectra/2-6D03.mzML	560	0	328.268339108198	1	39024.54	0.0
126	input_spectra/2-6D03.mzML	561	0	328.268339108198	1	39036.0	0.0
193	input_spectra/2-6D03.mzML	562	0	514.35829671224	1	39047.520000000004	0.0
193	input_spectra/2-6D03.mzML	563	0	514.35829671224	1	39059.04	0.0
218	input_spectra/2-6D03.mzML	564	0	558.384440104167	1	39070.560000000005	0.0
218	input_spectra/2-6D03.mzML	565	0	558.384440104167	1	39082.08	0.0
128	input_spectra/2-6D03.mzML	566	0	328.268339108198	1	39121.5	0.0
126	input_spectra/2-6D03.mzML	567	0	328.268339108198	1	39132.96	0.0
193	input_spectra/2-6D03.mzML	568	0	514.35829671224	1	39144.48	0.0
193	input_spectra/2-6D03.mzML	569	0	514.35829671224	1	39156.0	0.0
124	input_spectra/2-6D03.mzML	570	0	328.268339108198	1	39195.42	0.0
126	input_spectra/2-6D03.mzML	571	0	328.268339108198	1	39206.88	0.0
193	input_spectra/2-6D03.mzML	572	0	514.35829671224	1	39218.4	0.0
193	input_spectra/2-6D03.mzML	573	0	514.35829671224	1	39229.92	0.0
174	input_spectra/2-6D03.mzML	574	0	470.331909179688	1	39269.280000000006	0.0
175	input_spectra/2-6D03.mzML	575	0	470.331909179688	1	39280.799999999996	0.0
174	input_spectra/2-6D03.mzML	576	0	470.331909179688	1	39320.22	0.0
175	input_spectra/2-6D03.mzML	577	0	470.331909179688	1	39331.68	0.0
174	input_spectra/2-6D03.mzML	578	0	470.331909179688	1	39371.1	0.0
175	input_spectra/2-6D03.mzML	579	0	470.331909179688	1	39382.56	0.0
111	input_spectra/2-6D03.mzML	580	0	286.219603165336	1	40167.479999999996	0.0
112	input_spectra/2-6D03.mzML	581	0	286.219603165336	1	40178.94	0.0
124	input_spectra/2-6D03.mzML	582	0	328.268339108198	1	40218.299999999996	0.0
126	input_spectra/2-6D03.mzML	583	0	328.268339108198	1	40229.82	0.0
124	input_spectra/2-6D03.mzML	584	0	328.268339108198	1	40269.18	0.0
126	input_spectra/2-6D03.mzML	585	0	328.268339108198	1	40280.64	0.0
124	input_spectra/2-6D03.mzML	586	0	328.268339108198	1	40320.06	0.0
126	input_spectra/2-6D03.mzML	587	0	328.268339108198	1	40331.520000000004	0.0
113	input_spectra/2-6D03.mzML	588	0	286.219603165336	1	40587.36	0.0
111	input_spectra/2-6D03.mzML	589	0	286.219603165336	1	40598.82	0.0
113	input_spectra/2-6D03.mzML	590	0	286.219603165336	1	40806.54	0.0
111	input_spectra/2-6D03.mzML	591	0	286.219603165336	1	40818.060000000005	0.0
124	input_spectra/2-6D03.mzML	592	0	328.268339108198	1	41362.5	0.0
126	input_spectra/2-6D03.mzML	593	0	328.268339108198	1	41373.96	0.0
128	input_spectra/2-6D03.mzML	594	0	328.268339108198	1	41413.38	0.0
126	input_spectra/2-6D03.mzML	595	0	328.268339108198	1	41424.84	0.0
124	input_spectra/2-6D03.mzML	596	0	328.268339108198	1	41464.200000000004	0.0
126	input_spectra/2-6D03.mzML	597	0	328.268339108198	1	41475.719999999994	0.0
112	input_spectra/2-6D03.mzML	598	0	286.219603165336	1	41899.86	0.0
113	input_spectra/2-6D03.mzML	599	0	286.219603165336	1	41911.380000000005	0.0
113	input_spectra/2-6D03.mzML	600	0	286.219603165336	1	41974.74	0.0
112	input_spectra/2-6D03.mzML	601	0	286.219603165336	1	41986.259999999995	0.0
113	input_spectra/2-6D03.mzML	602	0	286.219603165336	1	42025.560000000005	0.0
124	input_spectra/2-6D03.mzML	603	0	328.268339108198	1	42509.340000000004	0.0
126	input_spectra/2-6D03.mzML	604	0	328.268339108198	1	42520.799999999996	0.0
124	input_spectra/2-6D03.mzML	605	0	328.268339108198	1	42560.16	0.0
126	input_spectra/2-6D03.mzML	606	0	328.268339108198	1	42571.68	0.0
124	input_spectra/2-6D03.mzML	607	0	328.268339108198	1	42611.04	0.0
126	input_spectra/2-6D03.mzML	608	0	328.268339108198	1	42622.56	0.0
132	input_spectra/2-6D03.mzML	609	0	332.331390380859	1	42938.46	0.0
132	input_spectra/2-6D03.mzML	610	0	332.331390380859	1	42949.979999999996	0.0
132	input_spectra/2-6D03.mzML	611	0	332.331390380859	1	42989.280000000006	0.0
132	input_spectra/2-6D03.mzML	612	0	332.331390380859	1	43000.799999999996	0.0
132	input_spectra/2-6D03.mzML	613	0	332.331390380859	1	43040.16	0.0
132	input_spectra/2-6D03.mzML	614	0	332.331390380859	1	43051.68	0.0
114	input_spectra/2-6D03.mzML	615	0	286.219603165336	1	43091.04	0.0
111	input_spectra/2-6D03.mzML	616	0	286.219603165336	1	43102.5	0.0
114	input_spectra/2-6D03.mzML	617	0	286.219603165336	1	43141.86	0.0
111	input_spectra/2-6D03.mzML	618	0	286.219603165336	1	43153.38	0.0
112	input_spectra/2-6D03.mzML	619	0	286.219603165336	1	43192.74	0.0
113	input_spectra/2-6D03.mzML	620	0	286.219603165336	1	43204.26	0.0
117	input_spectra/2-6D03.mzML	621	0	300.217569986979	1	43592.34	0.0
182	input_spectra/2-6D03.mzML	622	0	483.24892171224	1	43643.219999999994	0.0
182	input_spectra/2-6D03.mzML	623	0	483.24892171224	1	43654.74	0.0
117	input_spectra/2-6D03.mzML	624	0	300.217569986979	1	43666.259999999995	0.0
124	input_spectra/2-6D03.mzML	625	0	328.268339108198	1	43717.14	0.0
126	input_spectra/2-6D03.mzML	626	0	328.268339108198	1	43728.6	0.0
182	input_spectra/2-6D03.mzML	627	0	483.24892171224	1	43740.119999999995	0.0
182	input_spectra/2-6D03.mzML	628	0	483.24892171224	1	43751.64	0.0
124	input_spectra/2-6D03.mzML	629	0	328.268339108198	1	43837.08	0.0
126	input_spectra/2-6D03.mzML	630	0	328.268339108198	1	43848.54	0.0
182	input_spectra/2-6D03.mzML	631	0	483.24892171224	1	43860.06	0.0
182	input_spectra/2-6D03.mzML	632	0	483.24892171224	1	43871.58	0.0
161	input_spectra/2-6D03.mzML	633	0	440.410146077474	1	43883.1	0.0
162	input_spectra/2-6D03.mzML	634	0	440.410146077474	1	43894.62	0.0
124	input_spectra/2-6D03.mzML	635	0	328.268339108198	1	43957.02	0.0
126	input_spectra/2-6D03.mzML	636	0	328.268339108198	1	43968.479999999996	0.0
161	input_spectra/2-6D03.mzML	637	0	440.410146077474	1	43980.0	0.0
162	input_spectra/2-6D03.mzML	638	0	440.410146077474	1	43991.520000000004	0.0
161	input_spectra/2-6D03.mzML	639	0	440.410146077474	1	44053.92	0.0
162	input_spectra/2-6D03.mzML	640	0	440.410146077474	1	44065.44	0.0
164	input_spectra/2-6D03.mzML	641	0	444.296793619792	1	44104.8	0.0
164	input_spectra/2-6D03.mzML	642	0	444.296793619792	1	44116.32	0.0
164	input_spectra/2-6D03.mzML	643	0	444.296793619792	1	44155.68	0.0
164	input_spectra/2-6D03.mzML	644	0	444.296793619792	1	44167.2	0.0
164	input_spectra/2-6D03.mzML	645	0	444.296793619792	1	44206.86	0.0
164	input_spectra/2-6D03.mzML	646	0	444.296793619792	1	44218.32	0.0
113	input_spectra/2-6D03.mzML	647	0	286.219603165336	1	44269.200000000004	0.0
113	input_spectra/2-6D03.mzML	648	0	286.219603165336	1	44308.56	0.0
111	input_spectra/2-6D03.mzML	649	0	286.219603165336	1	44320.08	0.0
111	input_spectra/2-6D03.mzML	650	0	286.219603165336	1	44359.439999999995	0.0
111	input_spectra/2-6D03.mzML	651	0	286.219603165336	1	44370.96	0.0
124	input_spectra/2-6D03.mzML	652	0	328.268339108198	1	44927.46000000001	0.0
126	input_spectra/2-6D03.mzML	653	0	328.268339108198	1	44938.979999999996	0.0
124	input_spectra/2-6D03.mzML	654	0	328.268339108198	1	44978.340000000004	0.0
126	input_spectra/2-6D03.mzML	655	0	328.268339108198	1	44989.8	0.0
124	input_spectra/2-6D03.mzML	656	0	328.268339108198	1	45029.22	0.0
126	input_spectra/2-6D03.mzML	657	0	328.268339108198	1	45040.68	0.0
113	input_spectra/2-6D03.mzML	658	0	286.219603165336	1	45416.76	0.0
111	input_spectra/2-6D03.mzML	659	0	286.219603165336	1	45428.219999999994	0.0
114	input_spectra/2-6D03.mzML	660	0	286.219603165336	1	45467.58	0.0
111	input_spectra/2-6D03.mzML	661	0	286.219603165336	1	45479.1	0.0
114	input_spectra/2-6D03.mzML	662	0	286.219603165336	1	45518.46	0.0
113	input_spectra/2-6D03.mzML	663	0	286.219603165336	1	45529.979999999996	0.0
276	input_spectra/2-6D03.mzML	664	0	836.592346191406	1	45761.76	0.0
276	input_spectra/2-6D03.mzML	665	0	836.592346191406	1	45773.28	0.0
276	input_spectra/2-6D03.mzML	666	0	836.592346191406	1	45812.64	0.0
276	input_spectra/2-6D03.mzML	667	0	836.592346191406	1	45824.159999999996	0.0
276	input_spectra/2-6D03.mzML	668	0	836.592346191406	1	45863.520000000004	0.0
276	input_spectra/2-6D03.mzML	669	0	836.592346191406	1	45875.100000000006	0.0
272	input_spectra/2-6D03.mzML	670	0	792.567565917969	1	45926.46	0.0
272	input_spectra/2-6D03.mzML	671	0	792.567565917969	1	45937.98	0.0
272	input_spectra/2-6D03.mzML	672	0	792.567565917969	1	45977.34	0.0
272	input_spectra/2-6D03.mzML	673	0	792.567565917969	1	45988.92	0.0
272	input_spectra/2-6D03.mzML	674	0	792.567565917969	1	46028.28	0.0
272	input_spectra/2-6D03.mzML	675	0	792.567565917969	1	46039.8	0.0
124	input_spectra/2-6D03.mzML	676	0	328.268339108198	1	46079.159999999996	0.0
126	input_spectra/2-6D03.mzML	677	0	328.268339108198	1	46090.68	0.0
124	input_spectra/2-6D03.mzML	678	0	328.268339108198	1	46129.979999999996	0.0
126	input_spectra/2-6D03.mzML	679	0	328.268339108198	1	46141.5	0.0
124	input_spectra/2-6D03.mzML	680	0	328.268339108198	1	46180.86	0.0
126	input_spectra/2-6D03.mzML	681	0	328.268339108198	1	46192.380000000005	0.0
261	input_spectra/2-6D03.mzML	682	0	748.54091389974	1	46203.96	0.0
261	input_spectra/2-6D03.mzML	683	0	748.54091389974	1	46215.48	0.0
261	input_spectra/2-6D03.mzML	684	0	748.54091389974	1	46254.84	0.0
261	input_spectra/2-6D03.mzML	685	0	748.54091389974	1	46266.42	0.0
261	input_spectra/2-6D03.mzML	686	0	748.54091389974	1	46305.78	0.0
261	input_spectra/2-6D03.mzML	687	0	748.54091389974	1	46317.3	0.0
255	input_spectra/2-6D03.mzML	688	0	704.514465332031	1	46404.78	0.0
255	input_spectra/2-6D03.mzML	689	0	704.514465332031	1	46416.3	0.0
255	input_spectra/2-6D03.mzML	690	0	704.514465332031	1	46455.659999999996	0.0
255	input_spectra/2-6D03.mzML	691	0	704.514465332031	1	46467.24	0.0
255	input_spectra/2-6D03.mzML	692	0	704.514465332031	1	46506.6	0.0
255	input_spectra/2-6D03.mzML	693	0	704.514465332031	1	46518.12	0.0
112	input_spectra/2-6D03.mzML	694	0	286.219603165336	1	46581.54	0.0
113	input_spectra/2-6D03.mzML	695	0	286.219603165336	1	46593.0	0.0
114	input_spectra/2-6D03.mzML	696	0	286.219603165336	1	46632.36	0.0
111	input_spectra/2-6D03.mzML	697	0	286.219603165336	1	46643.880000000005	0.0
114	input_spectra/2-6D03.mzML	698	0	286.219603165336	1	46683.24	0.0
111	input_spectra/2-6D03.mzML	699	0	286.219603165336	1	46694.7	0.0
247	input_spectra/2-6D03.mzML	700	0	660.488505045573	1	46706.28	0.0
247	input_spectra/2-6D03.mzML	701	0	660.488505045573	1	46717.8	0.0
135	input_spectra/2-6D03.mzML	702	0	346.276806513468	1	46729.32	0.0
136	input_spectra/2-6D03.mzML	703	0	346.276806513468	1	46740.840000000004	0.0
247	input_spectra/2-6D03.mzML	704	0	660.488505045573	1	46780.2	0.0
247	input_spectra/2-6D03.mzML	705	0	660.488505045573	1	46791.72	0.0
247	input_spectra/2-6D03.mzML	706	0	660.488505045573	1	46831.08	0.0
247	input_spectra/2-6D03.mzML	707	0	660.488505045573	1	46842.600000000006	0.0
249	input_spectra/2-6D03.mzML	708	0	671.301177978516	1	46881.96	0.0
249	input_spectra/2-6D03.mzML	709	0	671.301177978516	1	46893.479999999996	0.0
256	input_spectra/2-6D03.mzML	710	0	711.499694824219	1	46928.1	0.0
256	input_spectra/2-6D03.mzML	711	0	711.499694824219	1	46939.62	0.0
249	input_spectra/2-6D03.mzML	712	0	671.301177978516	1	47002.02	0.0
249	input_spectra/2-6D03.mzML	713	0	671.301177978516	1	47013.6	0.0
237	input_spectra/2-6D03.mzML	714	0	616.462544759115	1	47025.119999999995	0.0
237	input_spectra/2-6D03.mzML	715	0	616.462544759115	1	47036.64	0.0
256	input_spectra/2-6D03.mzML	716	0	711.499694824219	1	47048.159999999996	0.0
256	input_spectra/2-6D03.mzML	717	0	711.499694824219	1	47059.68	0.0
237	input_spectra/2-6D03.mzML	718	0	616.462544759115	1	47099.1	0.0
237	input_spectra/2-6D03.mzML	719	0	616.462544759115	1	47110.62	0.0
135	input_spectra/2-6D03.mzML	720	0	346.276806513468	1	47122.14	0.0
136	input_spectra/2-6D03.mzML	721	0	346.276806513468	1	47133.6	0.0
237	input_spectra/2-6D03.mzML	722	0	616.462544759115	1	47172.96	0.0
237	input_spectra/2-6D03.mzML	723	0	616.462544759115	1	47184.48	0.0
135	input_spectra/2-6D03.mzML	724	0	346.276806513468	1	47219.04	0.0
135	input_spectra/2-6D03.mzML	725	0	346.276806513468	1	47230.560000000005	0.0
248	input_spectra/2-6D03.mzML	726	0	667.472717285156	1	47242.14	0.0
248	input_spectra/2-6D03.mzML	727	0	667.472717285156	1	47253.66	0.0
124	input_spectra/2-6D03.mzML	728	0	328.268339108198	1	47293.02	0.0
126	input_spectra/2-6D03.mzML	729	0	328.268339108198	1	47304.48	0.0
240	input_spectra/2-6D03.mzML	730	0	621.417907714844	1	47327.58	0.0
248	input_spectra/2-6D03.mzML	731	0	667.472717285156	1	47339.1	0.0
248	input_spectra/2-6D03.mzML	732	0	667.472717285156	1	47350.62	0.0
124	input_spectra/2-6D03.mzML	733	0	328.268339108198	1	47390.03999999999	0.0
126	input_spectra/2-6D03.mzML	734	0	328.268339108198	1	47401.5	0.0
223	input_spectra/2-6D03.mzML	735	0	572.438293457031	1	47413.02	0.0
223	input_spectra/2-6D03.mzML	736	0	572.438293457031	1	47424.54	0.0
240	input_spectra/2-6D03.mzML	737	0	621.417907714844	1	47436.06	0.0
240	input_spectra/2-6D03.mzML	738	0	621.417907714844	1	47447.64	0.0
142	input_spectra/2-6D03.mzML	739	0	360.362091064453	1	47459.159999999996	0.0
142	input_spectra/2-6D03.mzML	740	0	360.362091064453	1	47470.62	0.0
248	input_spectra/2-6D03.mzML	741	0	667.472717285156	1	47482.2	0.0
248	input_spectra/2-6D03.mzML	742	0	667.472717285156	1	47493.72	0.0
124	input_spectra/2-6D03.mzML	743	0	328.268339108198	1	47533.079999999994	0.0
126	input_spectra/2-6D03.mzML	744	0	328.268339108198	1	47544.6	0.0
223	input_spectra/2-6D03.mzML	745	0	572.438293457031	1	47556.119999999995	0.0
223	input_spectra/2-6D03.mzML	746	0	572.438293457031	1	47567.64	0.0
241	input_spectra/2-6D03.mzML	747	0	623.446411132813	1	47602.2	0.0
241	input_spectra/2-6D03.mzML	748	0	623.446411132813	1	47613.72	0.0
142	input_spectra/2-6D03.mzML	749	0	360.362091064453	1	47625.24	0.0
142	input_spectra/2-6D03.mzML	750	0	360.362091064453	1	47636.76	0.0
223	input_spectra/2-6D03.mzML	751	0	572.438293457031	1	47676.119999999995	0.0
223	input_spectra/2-6D03.mzML	752	0	572.438293457031	1	47687.64	0.0
224	input_spectra/2-6D03.mzML	753	0	577.392130533854	1	47699.159999999996	0.0
224	input_spectra/2-6D03.mzML	754	0	577.392130533854	1	47710.68	0.0
241	input_spectra/2-6D03.mzML	755	0	623.446411132813	1	47722.2	0.0
241	input_spectra/2-6D03.mzML	756	0	623.446411132813	1	47733.72	0.0
203	input_spectra/2-6D03.mzML	757	0	528.412251790365	1	47745.24	0.0
203	input_spectra/2-6D03.mzML	758	0	528.412251790365	1	47756.76	0.0
203	input_spectra/2-6D03.mzML	759	0	528.412251790365	1	47796.18	0.0
203	input_spectra/2-6D03.mzML	760	0	528.412251790365	1	47807.64	0.0
113	input_spectra/2-6D03.mzML	761	0	286.219603165336	1	47819.159999999996	0.0
111	input_spectra/2-6D03.mzML	762	0	286.219603165336	1	47830.68	0.0
208	input_spectra/2-6D03.mzML	763	0	533.365763346354	1	47842.2	0.0
224	input_spectra/2-6D03.mzML	764	0	577.392130533854	1	47865.24	0.0
224	input_spectra/2-6D03.mzML	765	0	577.392130533854	1	47876.76	0.0
241	input_spectra/2-6D03.mzML	766	0	623.446411132813	1	47888.28	0.0
241	input_spectra/2-6D03.mzML	767	0	623.446411132813	1	47899.8	0.0
203	input_spectra/2-6D03.mzML	768	0	528.412251790365	1	47939.22	0.0
203	input_spectra/2-6D03.mzML	769	0	528.412251790365	1	47950.74	0.0
208	input_spectra/2-6D03.mzML	770	0	533.365763346354	1	47962.26	0.0
209	input_spectra/2-6D03.mzML	771	0	533.365763346354	1	47973.72	0.0
114	input_spectra/2-6D03.mzML	772	0	286.219603165336	1	47985.24	0.0
112	input_spectra/2-6D03.mzML	773	0	286.219603165336	1	47996.76	0.0
225	input_spectra/2-6D03.mzML	774	0	579.420593261719	1	48008.28	0.0
225	input_spectra/2-6D03.mzML	775	0	579.420593261719	1	48019.8	0.0
209	input_spectra/2-6D03.mzML	776	0	533.365763346354	1	48082.2	0.0
209	input_spectra/2-6D03.mzML	777	0	533.365763346354	1	48093.72	0.0
184	input_spectra/2-6D03.mzML	778	0	484.385299682617	1	48105.24	0.0
184	input_spectra/2-6D03.mzML	779	0	484.385299682617	1	48116.76	0.0
225	input_spectra/2-6D03.mzML	780	0	579.420593261719	1	48128.28	0.0
225	input_spectra/2-6D03.mzML	781	0	579.420593261719	1	48139.8	0.0
114	input_spectra/2-6D03.mzML	782	0	286.219603165336	1	48151.32	0.0
114	input_spectra/2-6D03.mzML	783	0	286.219603165336	1	48162.78	0.0
184	input_spectra/2-6D03.mzML	784	0	484.385299682617	1	48202.2	0.0
184	input_spectra/2-6D03.mzML	785	0	484.385299682617	1	48213.72	0.0
211	input_spectra/2-6D03.mzML	786	0	535.394816080729	1	48248.219999999994	0.0
211	input_spectra/2-6D03.mzML	787	0	535.394816080729	1	48259.74	0.0
135	input_spectra/2-6D03.mzML	788	0	346.276806513468	1	48271.259999999995	0.0
136	input_spectra/2-6D03.mzML	789	0	346.276806513468	1	48282.72	0.0
225	input_spectra/2-6D03.mzML	790	0	579.420593261719	1	48294.299999999996	0.0
225	input_spectra/2-6D03.mzML	791	0	579.420593261719	1	48305.76	0.0
184	input_spectra/2-6D03.mzML	792	0	484.392944335938	1	48345.18	0.0
184	input_spectra/2-6D03.mzML	793	0	484.392944335938	1	48356.64	0.0
186	input_spectra/2-6D03.mzML	794	0	489.339396158854	1	48379.68	0.0
211	input_spectra/2-6D03.mzML	795	0	535.394816080729	1	48391.2	0.0
211	input_spectra/2-6D03.mzML	796	0	535.394816080729	1	48402.72	0.0
172	input_spectra/2-6D03.mzML	797	0	467.357772827148	1	48414.24	0.0
173	input_spectra/2-6D03.mzML	798	0	467.357772827148	1	48425.700000000004	0.0
186	input_spectra/2-6D03.mzML	799	0	489.339396158854	1	48465.119999999995	0.0
186	input_spectra/2-6D03.mzML	800	0	489.339396158854	1	48476.58	0.0
211	input_spectra/2-6D03.mzML	801	0	535.394816080729	1	48488.1	0.0
211	input_spectra/2-6D03.mzML	802	0	535.394816080729	1	48499.62	0.0
172	input_spectra/2-6D03.mzML	803	0	467.357772827148	1	48511.14	0.0
173	input_spectra/2-6D03.mzML	804	0	467.357772827148	1	48522.66	0.0
160	input_spectra/2-6D03.mzML	805	0	440.358169555664	1	48534.18	0.0
160	input_spectra/2-6D03.mzML	806	0	440.358169555664	1	48545.64	0.0
124	input_spectra/2-6D03.mzML	807	0	328.268339108198	1	48585.0	0.0
126	input_spectra/2-6D03.mzML	808	0	328.268339108198	1	48596.520000000004	0.0
160	input_spectra/2-6D03.mzML	809	0	440.358169555664	1	48608.04	0.0
160	input_spectra/2-6D03.mzML	810	0	440.358169555664	1	48619.56	0.0
187	input_spectra/2-6D03.mzML	811	0	491.368591308594	1	48654.06	0.0
150	input_spectra/2-6D03.mzML	812	0	423.331563313802	1	48677.1	0.0
150	input_spectra/2-6D03.mzML	813	0	423.331563313802	1	48688.56	0.0
160	input_spectra/2-6D03.mzML	814	0	440.366027832031	1	48727.98	0.0
160	input_spectra/2-6D03.mzML	815	0	440.366027832031	1	48739.5	0.0
124	input_spectra/2-6D03.mzML	816	0	328.268339108198	1	48751.020000000004	0.0
126	input_spectra/2-6D03.mzML	817	0	328.268339108198	1	48762.479999999996	0.0
187	input_spectra/2-6D03.mzML	818	0	491.368591308594	1	48797.04	0.0
150	input_spectra/2-6D03.mzML	819	0	423.331563313802	1	48820.020000000004	0.0
150	input_spectra/2-6D03.mzML	820	0	423.331563313802	1	48831.54	0.0
124	input_spectra/2-6D03.mzML	821	0	328.268339108198	1	48870.9	0.0
126	input_spectra/2-6D03.mzML	822	0	328.268339108198	1	48882.42	0.0
165	input_spectra/2-6D03.mzML	823	0	445.314320882161	1	48893.94	0.0
165	input_spectra/2-6D03.mzML	824	0	445.314320882161	1	48905.46	0.0
150	input_spectra/2-6D03.mzML	825	0	423.331563313802	1	48939.96000000001	0.0
150	input_spectra/2-6D03.mzML	826	0	423.331563313802	1	48951.479999999996	0.0
135	input_spectra/2-6D03.mzML	827	0	346.276806513468	1	48963.0	0.0
136	input_spectra/2-6D03.mzML	828	0	346.276806513468	1	48974.46	0.0
147	input_spectra/2-6D03.mzML	829	0	396.332092285156	1	49013.82	0.0
147	input_spectra/2-6D03.mzML	830	0	396.332092285156	1	49025.340000000004	0.0
144	input_spectra/2-6D03.mzML	831	0	379.305501302083	1	49082.88	0.0
144	input_spectra/2-6D03.mzML	832	0	379.305501302083	1	49094.340000000004	0.0
135	input_spectra/2-6D03.mzML	833	0	346.276806513468	1	49105.86	0.0
136	input_spectra/2-6D03.mzML	834	0	346.276806513468	1	49117.32	0.0
148	input_spectra/2-6D03.mzML	835	0	401.291381835938	1	49156.74	0.0
147	input_spectra/2-6D03.mzML	836	0	396.337493896484	1	49179.72	0.0
147	input_spectra/2-6D03.mzML	837	0	396.337493896484	1	49191.240000000005	0.0
144	input_spectra/2-6D03.mzML	838	0	379.305501302083	1	49225.74	0.0
144	input_spectra/2-6D03.mzML	839	0	379.305501302083	1	49237.2	0.0
113	input_spectra/2-6D03.mzML	840	0	286.219603165336	1	49248.72	0.0
113	input_spectra/2-6D03.mzML	841	0	286.219603165336	1	49260.24	0.0
147	input_spectra/2-6D03.mzML	842	0	396.337493896484	1	49299.6	0.0
147	input_spectra/2-6D03.mzML	843	0	396.337493896484	1	49311.119999999995	0.0
144	input_spectra/2-6D03.mzML	844	0	379.305501302083	1	49368.6	0.0
144	input_spectra/2-6D03.mzML	845	0	379.305501302083	1	49380.119999999995	0.0
111	input_spectra/2-6D03.mzML	846	0	286.219603165336	1	49391.58	0.0
111	input_spectra/2-6D03.mzML	847	0	286.219603165336	1	49403.1	0.0
112	input_spectra/2-6D03.mzML	848	0	286.219603165336	1	49442.46000000001	0.0
113	input_spectra/2-6D03.mzML	849	0	286.219603165336	1	49453.979999999996	0.0
137	input_spectra/2-6D03.mzML	850	0	352.306406656901	1	49488.479999999996	0.0
137	input_spectra/2-6D03.mzML	851	0	352.306406656901	1	49499.94	0.0
137	input_spectra/2-6D03.mzML	852	0	352.306406656901	1	49562.34	0.0
137	input_spectra/2-6D03.mzML	853	0	352.306406656901	1	49573.8	0.0
133	input_spectra/2-6D03.mzML	854	0	335.279998779297	1	49608.299999999996	0.0
133	input_spectra/2-6D03.mzML	855	0	335.279998779297	1	49619.82	0.0
137	input_spectra/2-6D03.mzML	856	0	352.306406656901	1	49659.18	0.0
137	input_spectra/2-6D03.mzML	857	0	352.306406656901	1	49670.700000000004	0.0
133	input_spectra/2-6D03.mzML	858	0	335.279998779297	1	49728.18	0.0
133	input_spectra/2-6D03.mzML	859	0	335.279998779297	1	49739.7	0.0
133	input_spectra/2-6D03.mzML	860	0	335.279998779297	1	49802.1	0.0
133	input_spectra/2-6D03.mzML	861	0	335.279998779297	1	49813.56	0.0
124	input_spectra/2-6D03.mzML	862	0	328.268339108198	1	49852.98	0.0
126	input_spectra/2-6D03.mzML	863	0	328.268339108198	1	49864.439999999995	0.0
124	input_spectra/2-6D03.mzML	864	0	328.268339108198	1	49903.8	0.0
126	input_spectra/2-6D03.mzML	865	0	328.268339108198	1	49915.32	0.0
124	input_spectra/2-6D03.mzML	866	0	328.268339108198	1	49954.68	0.0
126	input_spectra/2-6D03.mzML	867	0	328.268339108198	1	49966.2	0.0
115	input_spectra/2-6D03.mzML	868	0	291.253082275391	1	50005.560000000005	0.0
115	input_spectra/2-6D03.mzML	869	0	291.253082275391	1	50017.08	0.0
121	input_spectra/2-6D03.mzML	870	0	308.279327392578	1	50028.54	0.0
121	input_spectra/2-6D03.mzML	871	0	308.279327392578	1	50040.06	0.0
135	input_spectra/2-6D03.mzML	872	0	346.276806513468	1	50051.58	0.0
136	input_spectra/2-6D03.mzML	873	0	346.276806513468	1	50063.04	0.0
115	input_spectra/2-6D03.mzML	874	0	291.253082275391	1	50125.44	0.0
115	input_spectra/2-6D03.mzML	875	0	291.253082275391	1	50136.96	0.0
121	input_spectra/2-6D03.mzML	876	0	308.279327392578	1	50148.42	0.0
121	input_spectra/2-6D03.mzML	877	0	308.279327392578	1	50159.94	0.0
135	input_spectra/2-6D03.mzML	878	0	346.276806513468	1	50194.38	0.0
136	input_spectra/2-6D03.mzML	879	0	346.276806513468	1	50205.9	0.0
141	input_spectra/2-6D03.mzML	880	0	359.290176391602	1	50217.42	0.0
141	input_spectra/2-6D03.mzML	881	0	359.290176391602	1	50228.880000000005	0.0
115	input_spectra/2-6D03.mzML	882	0	291.253082275391	1	50268.299999999996	0.0
115	input_spectra/2-6D03.mzML	883	0	291.253082275391	1	50279.76	0.0
121	input_spectra/2-6D03.mzML	884	0	308.279327392578	1	50291.28	0.0
121	input_spectra/2-6D03.mzML	885	0	308.279327392578	1	50302.74	0.0
135	input_spectra/2-6D03.mzML	886	0	346.276806513468	1	50337.24	0.0
136	input_spectra/2-6D03.mzML	887	0	346.276806513468	1	50348.759999999995	0.0
141	input_spectra/2-6D03.mzML	888	0	359.290176391602	1	50360.22	0.0
141	input_spectra/2-6D03.mzML	889	0	359.290176391602	1	50371.74	0.0
114	input_spectra/2-6D03.mzML	890	0	286.219603165336	1	50411.1	0.0
114	input_spectra/2-6D03.mzML	891	0	286.219603165336	1	50422.619999999995	0.0
119	input_spectra/2-6D03.mzML	892	0	304.229927426293	1	50434.08	0.0
119	input_spectra/2-6D03.mzML	893	0	304.229927426293	1	50445.6	0.0
113	input_spectra/2-6D03.mzML	894	0	286.219603165336	1	50484.96000000001	0.0
111	input_spectra/2-6D03.mzML	895	0	286.219603165336	1	50496.479999999996	0.0
114	input_spectra/2-6D03.mzML	896	0	286.219603165336	1	50535.840000000004	0.0
113	input_spectra/2-6D03.mzML	897	0	286.219603165336	1	50547.36	0.0
119	input_spectra/2-6D03.mzML	898	0	304.229927426293	1	50558.82	0.0
119	input_spectra/2-6D03.mzML	899	0	304.229927426293	1	50570.340000000004	0.0
119	input_spectra/2-6D03.mzML	900	0	304.229927426293	1	50669.82	0.0
119	input_spectra/2-6D03.mzML	901	0	304.229927426293	1	50681.34	0.0
260	input_spectra/2-6D03.mzML	902	0	746.5244140625	1	50949.12	0.0
260	input_spectra/2-6D03.mzML	903	0	746.5244140625	1	50960.700000000004	0.0
124	input_spectra/2-6D03.mzML	904	0	328.268339108198	1	51000.06	0.0
126	input_spectra/2-6D03.mzML	905	0	328.268339108198	1	51011.520000000004	0.0
124	input_spectra/2-6D03.mzML	906	0	328.268339108198	1	51050.88	0.0
126	input_spectra/2-6D03.mzML	907	0	328.268339108198	1	51062.399999999994	0.0
124	input_spectra/2-6D03.mzML	908	0	328.268339108198	1	51101.76	0.0
126	input_spectra/2-6D03.mzML	909	0	328.268339108198	1	51113.28	0.0
253	input_spectra/2-6D03.mzML	910	0	702.498758951823	1	51152.64	0.0
254	input_spectra/2-6D03.mzML	911	0	702.498758951823	1	51164.159999999996	0.0
253	input_spectra/2-6D03.mzML	912	0	702.498758951823	1	51203.520000000004	0.0
253	input_spectra/2-6D03.mzML	913	0	702.498758951823	1	51215.03999999999	0.0
254	input_spectra/2-6D03.mzML	914	0	702.498758951823	1	51254.4	0.0
254	input_spectra/2-6D03.mzML	915	0	702.498758951823	1	51265.92	0.0
135	input_spectra/2-6D03.mzML	916	0	346.276806513468	1	51277.44	0.0
136	input_spectra/2-6D03.mzML	917	0	346.276806513468	1	51288.96	0.0
135	input_spectra/2-6D03.mzML	918	0	346.276806513468	1	51328.26	0.0
136	input_spectra/2-6D03.mzML	919	0	346.276806513468	1	51339.78	0.0
135	input_spectra/2-6D03.mzML	920	0	346.276806513468	1	51379.14	0.0
136	input_spectra/2-6D03.mzML	921	0	346.276806513468	1	51390.6	0.0
246	input_spectra/2-6D03.mzML	922	0	658.472920735677	1	51478.079999999994	0.0
246	input_spectra/2-6D03.mzML	923	0	658.472920735677	1	51489.6	0.0
246	input_spectra/2-6D03.mzML	924	0	658.472920735677	1	51528.96	0.0
246	input_spectra/2-6D03.mzML	925	0	658.472920735677	1	51540.48	0.0
246	input_spectra/2-6D03.mzML	926	0	658.472920735677	1	51579.84	0.0
246	input_spectra/2-6D03.mzML	927	0	658.472920735677	1	51591.36	0.0
113	input_spectra/2-6D03.mzML	928	0	286.219603165336	1	51630.719999999994	0.0
113	input_spectra/2-6D03.mzML	929	0	286.219603165336	1	51642.24	0.0
114	input_spectra/2-6D03.mzML	930	0	286.219603165336	1	51681.6	0.0
111	input_spectra/2-6D03.mzML	931	0	286.219603165336	1	51693.060000000005	0.0
114	input_spectra/2-6D03.mzML	932	0	286.219603165336	1	51732.42	0.0
113	input_spectra/2-6D03.mzML	933	0	286.219603165336	1	51743.94	0.0
119	input_spectra/2-6D03.mzML	934	0	304.229927426293	1	51783.299999999996	0.0
119	input_spectra/2-6D03.mzML	935	0	304.229927426293	1	51794.82	0.0
119	input_spectra/2-6D03.mzML	936	0	304.229927426293	1	51834.18	0.0
119	input_spectra/2-6D03.mzML	937	0	304.229927426293	1	51845.64	0.0
236	input_spectra/2-6D03.mzML	938	0	614.447062174479	1	51885.0	0.0
236	input_spectra/2-6D03.mzML	939	0	614.447062174479	1	51896.520000000004	0.0
119	input_spectra/2-6D03.mzML	940	0	304.229927426293	1	51908.04	0.0
119	input_spectra/2-6D03.mzML	941	0	304.229927426293	1	51919.56	0.0
236	input_spectra/2-6D03.mzML	942	0	614.447062174479	1	51958.92	0.0
236	input_spectra/2-6D03.mzML	943	0	614.447062174479	1	51970.44	0.0
236	input_spectra/2-6D03.mzML	944	0	614.447062174479	1	52009.8	0.0
236	input_spectra/2-6D03.mzML	945	0	614.447062174479	1	52021.32	0.0
124	input_spectra/2-6D03.mzML	946	0	328.268339108198	1	52159.68	0.0
126	input_spectra/2-6D03.mzML	947	0	328.268339108198	1	52171.2	0.0
124	input_spectra/2-6D03.mzML	948	0	328.268339108198	1	52210.560000000005	0.0
126	input_spectra/2-6D03.mzML	949	0	328.268339108198	1	52222.02	0.0
124	input_spectra/2-6D03.mzML	950	0	328.268339108198	1	52261.44	0.0
126	input_spectra/2-6D03.mzML	951	0	328.268339108198	1	52272.9	0.0
222	input_spectra/2-6D03.mzML	952	0	570.420633951823	1	52312.26	0.0
222	input_spectra/2-6D03.mzML	953	0	570.420633951823	1	52323.78	0.0
222	input_spectra/2-6D03.mzML	954	0	570.420633951823	1	52374.659999999996	0.0
222	input_spectra/2-6D03.mzML	955	0	570.420633951823	1	52414.020000000004	0.0
222	input_spectra/2-6D03.mzML	956	0	570.420633951823	1	52425.54	0.0
135	input_spectra/2-6D03.mzML	957	0	346.276806513468	1	52487.94	0.0
136	input_spectra/2-6D03.mzML	958	0	346.276806513468	1	52499.46	0.0
135	input_spectra/2-6D03.mzML	959	0	346.276806513468	1	52561.86	0.0
136	input_spectra/2-6D03.mzML	960	0	346.276806513468	1	52573.38	0.0
135	input_spectra/2-6D03.mzML	961	0	346.276806513468	1	52635.78	0.0
136	input_spectra/2-6D03.mzML	962	0	346.276806513468	1	52647.3	0.0
200	input_spectra/2-6D03.mzML	963	0	526.394409179688	1	52746.780000000006	0.0
200	input_spectra/2-6D03.mzML	964	0	526.394409179688	1	52758.299999999996	0.0
113	input_spectra/2-6D03.mzML	965	0	286.219603165336	1	52797.66	0.0
114	input_spectra/2-6D03.mzML	966	0	286.219603165336	1	52809.12	0.0
200	input_spectra/2-6D03.mzML	967	0	526.394409179688	1	52820.64	0.0
200	input_spectra/2-6D03.mzML	968	0	526.394409179688	1	52832.159999999996	0.0
114	input_spectra/2-6D03.mzML	969	0	286.219603165336	1	52871.520000000004	0.0
113	input_spectra/2-6D03.mzML	970	0	286.219603165336	1	52883.04	0.0
200	input_spectra/2-6D03.mzML	971	0	526.394409179688	1	52894.56	0.0
200	input_spectra/2-6D03.mzML	972	0	526.394409179688	1	52906.08	0.0
113	input_spectra/2-6D03.mzML	973	0	286.219603165336	1	52968.479999999996	0.0
113	input_spectra/2-6D03.mzML	974	0	286.219603165336	1	52980.0	0.0
119	input_spectra/2-6D03.mzML	975	0	304.229927426293	1	53014.56	0.0
119	input_spectra/2-6D03.mzML	976	0	304.229927426293	1	53026.020000000004	0.0
205	input_spectra/2-6D03.mzML	977	0	531.350280761719	1	53065.44	0.0
119	input_spectra/2-6D03.mzML	978	0	304.229927426293	1	53088.42	0.0
119	input_spectra/2-6D03.mzML	979	0	304.229927426293	1	53099.94	0.0
119	input_spectra/2-6D03.mzML	980	0	304.229927426293	1	53139.299999999996	0.0
119	input_spectra/2-6D03.mzML	981	0	304.229927426293	1	53150.82	0.0
116	input_spectra/2-6D03.mzML	982	0	298.255930582682	1	53214.24	0.0
116	input_spectra/2-6D03.mzML	983	0	298.255930582682	1	53225.700000000004	0.0
124	input_spectra/2-6D03.mzML	984	0	328.268339108198	1	53301.119999999995	0.0
126	input_spectra/2-6D03.mzML	985	0	328.268339108198	1	53312.64	0.0
124	input_spectra/2-6D03.mzML	986	0	328.268339108198	1	53352.0	0.0
126	input_spectra/2-6D03.mzML	987	0	328.268339108198	1	53363.520000000004	0.0
180	input_spectra/2-6D03.mzML	988	0	482.367950439453	1	53398.02	0.0
181	input_spectra/2-6D03.mzML	989	0	482.367950439453	1	53409.54	0.0
124	input_spectra/2-6D03.mzML	990	0	328.268339108198	1	53448.9	0.0
126	input_spectra/2-6D03.mzML	991	0	328.268339108198	1	53460.42	0.0
180	input_spectra/2-6D03.mzML	992	0	482.367950439453	1	53471.939999999995	0.0
116	input_spectra/2-6D03.mzML	993	0	298.255930582682	1	53517.96	0.0
116	input_spectra/2-6D03.mzML	994	0	298.255930582682	1	53529.48	0.0
181	input_spectra/2-6D03.mzML	995	0	482.367950439453	1	53580.36	0.0
116	input_spectra/2-6D03.mzML	996	0	298.255930582682	1	53642.7	0.0
116	input_spectra/2-6D03.mzML	997	0	298.255930582682	1	53654.22	0.0
135	input_spectra/2-6D03.mzML	998	0	346.276806513468	1	53693.58	0.0
136	input_spectra/2-6D03.mzML	999	0	346.276806513468	1	53705.100000000006	0.0
135	input_spectra/2-6D03.mzML	1000	0	346.276806513468	1	53744.46	0.0
136	input_spectra/2-6D03.mzML	1001	0	346.276806513468	1	53755.979999999996	0.0
136	input_spectra/2-6D03.mzML	1002	0	346.276806513468	1	53795.340000000004	0.0
136	input_spectra/2-6D03.mzML	1003	0	346.276806513468	1	53806.86	0.0
113	input_spectra/2-6D03.mzML	1004	0	286.219603165336	1	53971.020000000004	0.0
113	input_spectra/2-6D03.mzML	1005	0	286.219603165336	1	53982.479999999996	0.0
113	input_spectra/2-6D03.mzML	1006	0	286.219603165336	1	54021.840000000004	0.0
113	input_spectra/2-6D03.mzML	1007	0	286.219603165336	1	54033.36	0.0
113	input_spectra/2-6D03.mzML	1008	0	286.219603165336	1	54072.72	0.0
112	input_spectra/2-6D03.mzML	1009	0	286.219603165336	1	54084.18	0.0
119	input_spectra/2-6D03.mzML	1010	0	304.229927426293	1	54171.659999999996	0.0
119	input_spectra/2-6D03.mzML	1011	0	304.229927426293	1	54183.18	0.0
119	input_spectra/2-6D03.mzML	1012	0	304.229927426293	1	54222.53999999999	0.0
119	input_spectra/2-6D03.mzML	1013	0	304.229927426293	1	54234.0	0.0
119	input_spectra/2-6D03.mzML	1014	0	304.229927426293	1	54273.36	0.0
119	input_spectra/2-6D03.mzML	1015	0	304.229927426293	1	54284.880000000005	0.0
124	input_spectra/2-6D03.mzML	1016	0	328.268339108198	1	54447.42	0.0
126	input_spectra/2-6D03.mzML	1017	0	328.268339108198	1	54458.94	0.0
130	input_spectra/2-6D03.mzML	1018	0	329.270432535807	1	54498.299999999996	0.0
130	input_spectra/2-6D03.mzML	1019	0	329.270432535807	1	54509.82	0.0
124	input_spectra/2-6D03.mzML	1020	0	328.268339108198	1	54549.18	0.0
126	input_spectra/2-6D03.mzML	1021	0	328.268339108198	1	54560.64	0.0
124	input_spectra/2-6D03.mzML	1022	0	328.268339108198	1	54600.06	0.0
126	input_spectra/2-6D03.mzML	1023	0	328.268339108198	1	54611.520000000004	0.0
130	input_spectra/2-6D03.mzML	1024	0	329.270432535807	1	54650.94	0.0
130	input_spectra/2-6D03.mzML	1025	0	329.270432535807	1	54662.399999999994	0.0
130	input_spectra/2-6D03.mzML	1026	0	329.270432535807	1	54701.76	0.0
130	input_spectra/2-6D03.mzML	1027	0	329.270432535807	1	54713.28	0.0
116	input_spectra/2-6D03.mzML	1028	0	298.255930582682	1	54724.74	0.0
116	input_spectra/2-6D03.mzML	1029	0	298.255930582682	1	54736.259999999995	0.0
116	input_spectra/2-6D03.mzML	1030	0	298.255930582682	1	54811.68	0.0
116	input_spectra/2-6D03.mzML	1031	0	298.255930582682	1	54823.200000000004	0.0
135	input_spectra/2-6D03.mzML	1032	0	346.276806513468	1	54862.56	0.0
136	input_spectra/2-6D03.mzML	1033	0	346.276806513468	1	54874.08	0.0
135	input_spectra/2-6D03.mzML	1034	0	346.276806513468	1	54913.44	0.0
136	input_spectra/2-6D03.mzML	1035	0	346.276806513468	1	54924.899999999994	0.0
135	input_spectra/2-6D03.mzML	1036	0	346.276806513468	1	54964.26	0.0
136	input_spectra/2-6D03.mzML	1037	0	346.276806513468	1	54975.78	0.0
114	input_spectra/2-6D03.mzML	1038	0	286.219603165336	1	55137.12	0.0
113	input_spectra/2-6D03.mzML	1039	0	286.219603165336	1	55148.64	0.0
113	input_spectra/2-6D03.mzML	1040	0	286.219603165336	1	55188.0	0.0
111	input_spectra/2-6D03.mzML	1041	0	286.219603165336	1	55199.46	0.0
113	input_spectra/2-6D03.mzML	1042	0	286.219603165336	1	55238.82	0.0
111	input_spectra/2-6D03.mzML	1043	0	286.219603165336	1	55250.340000000004	0.0
119	input_spectra/2-6D03.mzML	1044	0	304.229927426293	1	55313.759999999995	0.0
119	input_spectra/2-6D03.mzML	1045	0	304.229927426293	1	55325.28	0.0
119	input_spectra/2-6D03.mzML	1046	0	304.229927426293	1	55364.64	0.0
119	input_spectra/2-6D03.mzML	1047	0	304.229927426293	1	55376.1	0.0
119	input_spectra/2-6D03.mzML	1048	0	304.229927426293	1	55415.46	0.0
119	input_spectra/2-6D03.mzML	1049	0	304.229927426293	1	55426.98	0.0
116	input_spectra/2-6D03.mzML	1050	0	298.255930582682	1	55526.46	0.0
116	input_spectra/2-6D03.mzML	1051	0	298.255930582682	1	55537.98	0.0
130	input_spectra/2-6D03.mzML	1052	0	329.270432535807	1	55757.7	0.0
130	input_spectra/2-6D03.mzML	1053	0	329.270432535807	1	55769.159999999996	0.0
130	input_spectra/2-6D03.mzML	1054	0	329.270432535807	1	55808.520000000004	0.0
130	input_spectra/2-6D03.mzML	1055	0	329.270432535807	1	55819.979999999996	0.0
130	input_spectra/2-6D03.mzML	1056	0	329.270432535807	1	55859.4	0.0
130	input_spectra/2-6D03.mzML	1057	0	329.270432535807	1	55870.86	0.0
135	input_spectra/2-6D03.mzML	1058	0	346.276806513468	1	56006.46	0.0
136	input_spectra/2-6D03.mzML	1059	0	346.276806513468	1	56017.92	0.0
135	input_spectra/2-6D03.mzML	1060	0	346.276806513468	1	56057.28	0.0
136	input_spectra/2-6D03.mzML	1061	0	346.276806513468	1	56068.8	0.0
135	input_spectra/2-6D03.mzML	1062	0	346.276806513468	1	56108.159999999996	0.0
136	input_spectra/2-6D03.mzML	1063	0	346.276806513468	1	56119.68	0.0
113	input_spectra/2-6D03.mzML	1064	0	286.219603165336	1	56320.92	0.0
113	input_spectra/2-6D03.mzML	1065	0	286.219603165336	1	56332.44	0.0
113	input_spectra/2-6D03.mzML	1066	0	286.219603165336	1	56371.799999999996	0.0
113	input_spectra/2-6D03.mzML	1067	0	286.219603165336	1	56383.26	0.0
113	input_spectra/2-6D03.mzML	1068	0	286.219603165336	1	56445.659999999996	0.0
111	input_spectra/2-6D03.mzML	1069	0	286.219603165336	1	56457.12	0.0
119	input_spectra/2-6D03.mzML	1070	0	304.229927426293	1	56468.64	0.0
119	input_spectra/2-6D03.mzML	1071	0	304.229927426293	1	56480.100000000006	0.0
119	input_spectra/2-6D03.mzML	1072	0	304.229927426293	1	56519.46	0.0
119	input_spectra/2-6D03.mzML	1073	0	304.229927426293	1	56530.979999999996	0.0
119	input_spectra/2-6D03.mzML	1074	0	304.229927426293	1	56570.340000000004	0.0
119	input_spectra/2-6D03.mzML	1075	0	304.229927426293	1	56581.799999999996	0.0
116	input_spectra/2-6D03.mzML	1076	0	298.255930582682	1	56633.219999999994	0.0
116	input_spectra/2-6D03.mzML	1077	0	298.255930582682	1	56644.68	0.0
116	input_spectra/2-6D03.mzML	1078	0	298.255930582682	1	56696.1	0.0
116	input_spectra/2-6D03.mzML	1079	0	298.255930582682	1	56707.619999999995	0.0
116	input_spectra/2-6D03.mzML	1080	0	298.255930582682	1	56783.04	0.0
116	input_spectra/2-6D03.mzML	1081	0	298.255930582682	1	56794.5	0.0
130	input_spectra/2-6D03.mzML	1082	0	329.270432535807	1	56905.979999999996	0.0
130	input_spectra/2-6D03.mzML	1083	0	329.270432535807	1	56917.5	0.0
130	input_spectra/2-6D03.mzML	1084	0	329.270432535807	1	56956.86	0.0
130	input_spectra/2-6D03.mzML	1085	0	329.270432535807	1	56968.32	0.0
130	input_spectra/2-6D03.mzML	1086	0	329.270432535807	1	57007.74	0.0
130	input_spectra/2-6D03.mzML	1087	0	329.270432535807	1	57019.200000000004	0.0
135	input_spectra/2-6D03.mzML	1088	0	346.276806513468	1	57166.799999999996	0.0
136	input_spectra/2-6D03.mzML	1089	0	346.276806513468	1	57178.32	0.0
136	input_spectra/2-6D03.mzML	1090	0	346.276806513468	1	57217.68	0.0
136	input_spectra/2-6D03.mzML	1091	0	346.276806513468	1	57229.200000000004	0.0
135	input_spectra/2-6D03.mzML	1092	0	346.276806513468	1	57268.56	0.0
136	input_spectra/2-6D03.mzML	1093	0	346.276806513468	1	57280.020000000004	0.0
114	input_spectra/2-6D03.mzML	1094	0	286.219603165336	1	57490.560000000005	0.0
111	input_spectra/2-6D03.mzML	1095	0	286.219603165336	1	57502.02	0.0
114	input_spectra/2-6D03.mzML	1096	0	286.219603165336	1	57564.36	0.0
111	input_spectra/2-6D03.mzML	1097	0	286.219603165336	1	57575.88	0.0
113	input_spectra/2-6D03.mzML	1098	0	286.219603165336	1	57638.219999999994	0.0
113	input_spectra/2-6D03.mzML	1099	0	286.219603165336	1	57649.74	0.0
119	input_spectra/2-6D03.mzML	1100	0	304.229927426293	1	57661.2	0.0
119	input_spectra/2-6D03.mzML	1101	0	304.229927426293	1	57672.72	0.0
119	input_spectra/2-6D03.mzML	1102	0	304.229927426293	1	57712.08	0.0
119	input_spectra/2-6D03.mzML	1103	0	304.229927426293	1	57723.54	0.0
119	input_spectra/2-6D03.mzML	1104	0	304.229927426293	1	57762.9	0.0
119	input_spectra/2-6D03.mzML	1105	0	304.229927426293	1	57774.420000000006	0.0
130	input_spectra/2-6D03.mzML	1106	0	329.270432535807	1	58066.259999999995	0.0
130	input_spectra/2-6D03.mzML	1107	0	329.270432535807	1	58077.78	0.0
130	input_spectra/2-6D03.mzML	1108	0	329.270432535807	1	58117.08	0.0
130	input_spectra/2-6D03.mzML	1109	0	329.270432535807	1	58128.6	0.0
130	input_spectra/2-6D03.mzML	1110	0	329.270432535807	1	58167.96	0.0
130	input_spectra/2-6D03.mzML	1111	0	329.270432535807	1	58179.48	0.0
135	input_spectra/2-6D03.mzML	1112	0	346.276806513468	1	58315.020000000004	0.0
136	input_spectra/2-6D03.mzML	1113	0	346.276806513468	1	58326.54	0.0
135	input_spectra/2-6D03.mzML	1114	0	346.276806513468	1	58365.840000000004	0.0
136	input_spectra/2-6D03.mzML	1115	0	346.276806513468	1	58377.36	0.0
135	input_spectra/2-6D03.mzML	1116	0	346.276806513468	1	58416.72	0.0
136	input_spectra/2-6D03.mzML	1117	0	346.276806513468	1	58428.24	0.0
114	input_spectra/2-6D03.mzML	1118	0	286.219603165336	1	58677.53999999999	0.0
111	input_spectra/2-6D03.mzML	1119	0	286.219603165336	1	58689.06	0.0
113	input_spectra/2-6D03.mzML	1120	0	286.219603165336	1	58751.4	0.0
113	input_spectra/2-6D03.mzML	1121	0	286.219603165336	1	58762.92	0.0
113	input_spectra/2-6D03.mzML	1122	0	286.219603165336	1	58802.28	0.0
113	input_spectra/2-6D03.mzML	1123	0	286.219603165336	1	58813.8	0.0
119	input_spectra/2-6D03.mzML	1124	0	304.229927426293	1	58853.159999999996	0.0
119	input_spectra/2-6D03.mzML	1125	0	304.229927426293	1	58864.62	0.0
119	input_spectra/2-6D03.mzML	1126	0	304.229927426293	1	58903.979999999996	0.0
119	input_spectra/2-6D03.mzML	1127	0	304.229927426293	1	58915.5	0.0
119	input_spectra/2-6D03.mzML	1128	0	304.229927426293	1	58954.86	0.0
119	input_spectra/2-6D03.mzML	1129	0	304.229927426293	1	58966.32	0.0
2	input_spectra/2-6D03.mzML	1130	0	117.072767045763	1	59053.8	0.0
2	input_spectra/2-6D03.mzML	1131	0	117.072767045763	1	59065.26	0.0
130	input_spectra/2-6D03.mzML	1132	0	329.270432535807	1	59212.86	0.0
130	input_spectra/2-6D03.mzML	1133	0	329.270432535807	1	59224.32	0.0
130	input_spectra/2-6D03.mzML	1134	0	329.270432535807	1	59263.68	0.0
130	input_spectra/2-6D03.mzML	1135	0	329.270432535807	1	59275.2	0.0
2	input_spectra/2-6D03.mzML	1136	0	117.072767045763	1	59286.659999999996	0.0
2	input_spectra/2-6D03.mzML	1137	0	117.072767045763	1	59298.18	0.0
130	input_spectra/2-6D03.mzML	1138	0	329.270432535807	1	59337.479999999996	0.0
130	input_spectra/2-6D03.mzML	1139	0	329.270432535807	1	59348.94	0.0
135	input_spectra/2-6D03.mzML	1140	0	346.276806513468	1	59484.54	0.0
136	input_spectra/2-6D03.mzML	1141	0	346.276806513468	1	59496.0	0.0
135	input_spectra/2-6D03.mzML	1142	0	346.276806513468	1	59535.36	0.0
136	input_spectra/2-6D03.mzML	1143	0	346.276806513468	1	59546.88	0.0
135	input_spectra/2-6D03.mzML	1144	0	346.276806513468	1	59586.240000000005	0.0
136	input_spectra/2-6D03.mzML	1145	0	346.276806513468	1	59597.76	0.0
113	input_spectra/2-6D03.mzML	1146	0	286.219603165336	1	59873.880000000005	0.0
111	input_spectra/2-6D03.mzML	1147	0	286.219603165336	1	59885.4	0.0
113	input_spectra/2-6D03.mzML	1148	0	286.219603165336	1	59924.7	0.0
111	input_spectra/2-6D03.mzML	1149	0	286.219603165336	1	59936.22	0.0
114	input_spectra/2-6D03.mzML	1150	0	286.219603165336	1	59975.579999999994	0.0
113	input_spectra/2-6D03.mzML	1151	0	286.219603165336	1	59987.1	0.0
119	input_spectra/2-6D03.mzML	1152	0	304.229927426293	1	1000.44	0.0
119	input_spectra/2-6D03.mzML	1153	0	304.229927426293	1	1000.63	0.0
119	input_spectra/2-6D03.mzML	1154	0	304.229927426293	1	1001.29	0.0
119	input_spectra/2-6D03.mzML	1155	0	304.229927426293	1	1001.48	0.0
119	input_spectra/2-6D03.mzML	1156	0	304.229927426293	1	1002.14	0.0
119	input_spectra/2-6D03.mzML	1157	0	304.229927426293	1	1002.33	0.0
64	input_spectra/2-6D03.mzML	1158	0	185.110147094727	1	1003.99	0.0
64	input_spectra/2-6D03.mzML	1159	0	185.110147094727	1	1005.23	0.0
64	input_spectra/2-6D03.mzML	1160	0	185.110147094727	1	1005.42	0.0
130	input_spectra/2-6D03.mzML	1161	0	329.270432535807	1	1006.08	0.0
130	input_spectra/2-6D03.mzML	1162	0	329.270432535807	1	1006.27	0.0
130	input_spectra/2-6D03.mzML	1163	0	329.270432535807	1	1006.93	0.0
130	input_spectra/2-6D03.mzML	1164	0	329.270432535807	1	1007.12	0.0
130	input_spectra/2-6D03.mzML	1165	0	329.270432535807	1	1007.78	0.0
130	input_spectra/2-6D03.mzML	1166	0	329.270432535807	1	1007.97	0.0
2	input_spectra/2-6D03.mzML	1167	0	117.072767045763	1	1008.82	0.0
2	input_spectra/2-6D03.mzML	1168	0	117.072767045763	1	1009.02	0.0
2	input_spectra/2-6D03.mzML	1169	0	117.072767045763	1	1010.47	0.0
2	input_spectra/2-6D03.mzML	1170	0	117.072767045763	1	1010.67	0.0
135	input_spectra/2-6D03.mzML	1171	0	346.276806513468	1	1011.32	0.0
136	input_spectra/2-6D03.mzML	1172	0	346.276806513468	1	1011.51	0.0
64	input_spectra/2-6D03.mzML	1173	0	185.110147094727	1	1011.7	0.0
64	input_spectra/2-6D03.mzML	1174	0	185.110147094727	1	1011.9	0.0
135	input_spectra/2-6D03.mzML	1175	0	346.276806513468	1	1012.55	0.0
136	input_spectra/2-6D03.mzML	1176	0	346.276806513468	1	1012.74	0.0
2	input_spectra/2-6D03.mzML	1177	0	117.072767045763	1	1012.93	0.0
2	input_spectra/2-6D03.mzML	1178	0	117.072767045763	1	1013.13	0.0
135	input_spectra/2-6D03.mzML	1179	0	346.276806513468	1	1013.78	0.0
136	input_spectra/2-6D03.mzML	1180	0	346.276806513468	1	1013.97	0.0
113	input_spectra/2-6D03.mzML	1181	0	286.219603165336	1	1017.37	0.0
111	input_spectra/2-6D03.mzML	1182	0	286.219603165336	1	1017.56	0.0
114	input_spectra/2-6D03.mzML	1183	0	286.219603165336	1	1018.22	0.0
113	input_spectra/2-6D03.mzML	1184	0	286.219603165336	1	1018.41	0.0
113	input_spectra/2-6D03.mzML	1185	0	286.219603165336	1	1019.07	0.0
112	input_spectra/2-6D03.mzML	1186	0	286.219603165336	1	1019.26	0.0
119	input_spectra/2-6D03.mzML	1187	0	304.229927426293	1	1019.92	0.0
119	input_spectra/2-6D03.mzML	1188	0	304.229927426293	1	1020.11	0.0
119	input_spectra/2-6D03.mzML	1189	0	304.229927426293	1	1020.76	0.0
119	input_spectra/2-6D03.mzML	1190	0	304.229927426293	1	1020.96	0.0
119	input_spectra/2-6D03.mzML	1191	0	304.229927426293	1	1021.61	0.0
119	input_spectra/2-6D03.mzML	1192	0	304.229927426293	1	1021.8	0.0
130	input_spectra/2-6D03.mzML	1193	0	329.270432535807	1	1025.56	0.0
130	input_spectra/2-6D03.mzML	1194	0	329.270432535807	1	1025.75	0.0
130	input_spectra/2-6D03.mzML	1195	0	329.270432535807	1	1026.79	0.0
130	input_spectra/2-6D03.mzML	1196	0	329.270432535807	1	1026.98	0.0
130	input_spectra/2-6D03.mzML	1197	0	329.270432535807	1	1027.64	0.0
130	input_spectra/2-6D03.mzML	1198	0	329.270432535807	1	1027.83	0.0
242	input_spectra/2-6D03.mzML	1199	0	625.550354003906	1	1028.02	0.0
242	input_spectra/2-6D03.mzML	1200	0	625.550354003906	1	1028.21	0.0
242	input_spectra/2-6D03.mzML	1201	0	625.550354003906	1	1028.87	0.0
242	input_spectra/2-6D03.mzML	1202	0	625.550354003906	1	1029.06	0.0
242	input_spectra/2-6D03.mzML	1203	0	625.550354003906	1	1029.72	0.0
242	input_spectra/2-6D03.mzML	1204	0	625.550354003906	1	1029.91	0.0
64	input_spectra/2-6D03.mzML	1205	0	185.110147094727	1	1030.1	0.0
64	input_spectra/2-6D03.mzML	1206	0	185.110147094727	1	1030.29	0.0
135	input_spectra/2-6D03.mzML	1207	0	346.276806513468	1	1030.95	0.0
136	input_spectra/2-6D03.mzML	1208	0	346.276806513468	1	1031.14	0.0
64	input_spectra/2-6D03.mzML	1209	0	185.110147094727	1	1031.33	0.0
64	input_spectra/2-6D03.mzML	1210	0	185.110147094727	1	1031.52	0.0
136	input_spectra/2-6D03.mzML	1211	0	346.276806513468	1	1032.18	0.0
136	input_spectra/2-6D03.mzML	1212	0	346.276806513468	1	1032.37	0.0
135	input_spectra/2-6D03.mzML	1213	0	346.276806513468	1	1033.03	0.0
136	input_spectra/2-6D03.mzML	1214	0	346.276806513468	1	1033.22	0.0
2	input_spectra/2-6D03.mzML	1215	0	117.072767045763	1	1033.41	0.0
2	input_spectra/2-6D03.mzML	1216	0	117.072767045763	1	1033.6	0.0
64	input_spectra/2-6D03.mzML	1217	0	185.110147094727	1	1033.79	0.0
64	input_spectra/2-6D03.mzML	1218	0	185.110147094727	1	1033.98	0.0
243	input_spectra/2-6D03.mzML	1219	0	651.565592447917	1	1035.03	0.0
243	input_spectra/2-6D03.mzML	1220	0	651.565592447917	1	1035.22	0.0
243	input_spectra/2-6D03.mzML	1221	0	651.565592447917	1	1036.26	0.0
243	input_spectra/2-6D03.mzML	1222	0	651.565592447917	1	1036.45	0.0
113	input_spectra/2-6D03.mzML	1223	0	286.219603165336	1	1037.11	0.0
113	input_spectra/2-6D03.mzML	1224	0	286.219603165336	1	1037.3	0.0
243	input_spectra/2-6D03.mzML	1225	0	651.565592447917	1	1037.87	0.0
243	input_spectra/2-6D03.mzML	1226	0	651.565592447917	1	1038.06	0.0
2	input_spectra/2-6D03.mzML	1227	0	117.072767045763	1	1038.26	0.0
2	input_spectra/2-6D03.mzML	1228	0	117.072767045763	1	1038.45	0.0
114	input_spectra/2-6D03.mzML	1229	0	286.219603165336	1	1039.11	0.0
113	input_spectra/2-6D03.mzML	1230	0	286.219603165336	1	1039.3	0.0
2	input_spectra/2-6D03.mzML	1231	0	117.072767045763	1	1039.49	0.0
2	input_spectra/2-6D03.mzML	1232	0	117.072767045763	1	1039.68	0.0
113	input_spectra/2-6D03.mzML	1233	0	286.219603165336	1	1040.33	0.0
113	input_spectra/2-6D03.mzML	1234	0	286.219603165336	1	1040.53	0.0
119	input_spectra/2-6D03.mzML	1235	0	304.229927426293	1	1040.72	0.0
119	input_spectra/2-6D03.mzML	1236	0	304.229927426293	1	1040.91	0.0
119	input_spectra/2-6D03.mzML	1237	0	304.229927426293	1	1041.56	0.0
119	input_spectra/2-6D03.mzML	1238	0	304.229927426293	1	1041.76	0.0
119	input_spectra/2-6D03.mzML	1239	0	304.229927426293	1	1042.41	0.0
119	input_spectra/2-6D03.mzML	1240	0	304.229927426293	1	1042.6	0.0
130	input_spectra/2-6D03.mzML	1241	0	329.270432535807	1	1045.8	0.0
130	input_spectra/2-6D03.mzML	1242	0	329.270432535807	1	1046.0	0.0
130	input_spectra/2-6D03.mzML	1243	0	329.270432535807	1	1046.65	0.0
130	input_spectra/2-6D03.mzML	1244	0	329.270432535807	1	1046.84	0.0
130	input_spectra/2-6D03.mzML	1245	0	329.270432535807	1	1047.5	0.0
130	input_spectra/2-6D03.mzML	1246	0	329.270432535807	1	1047.69	0.0
135	input_spectra/2-6D03.mzML	1247	0	346.276806513468	1	1050.35	0.0
136	input_spectra/2-6D03.mzML	1248	0	346.276806513468	1	1050.54	0.0
64	input_spectra/2-6D03.mzML	1249	0	185.110147094727	1	1050.73	0.0
64	input_spectra/2-6D03.mzML	1250	0	185.110147094727	1	1050.93	0.0
135	input_spectra/2-6D03.mzML	1251	0	346.276806513468	1	1051.58	0.0
136	input_spectra/2-6D03.mzML	1252	0	346.276806513468	1	1051.77	0.0
64	input_spectra/2-6D03.mzML	1253	0	185.110147094727	1	1051.96	0.0
64	input_spectra/2-6D03.mzML	1254	0	185.110147094727	1	1052.16	0.0
135	input_spectra/2-6D03.mzML	1255	0	346.276806513468	1	1052.81	0.0
136	input_spectra/2-6D03.mzML	1256	0	346.276806513468	1	1053.0	0.0
64	input_spectra/2-6D03.mzML	1257	0	185.110147094727	1	1053.19	0.0
64	input_spectra/2-6D03.mzML	1258	0	185.110147094727	1	1053.39	0.0
2	input_spectra/2-6D03.mzML	1259	0	117.072767045763	1	1056.32	0.0
2	input_spectra/2-6D03.mzML	1260	0	117.072767045763	1	1056.51	0.0
114	input_spectra/2-6D03.mzML	1261	0	286.219603165336	1	1057.37	0.0
111	input_spectra/2-6D03.mzML	1262	0	286.219603165336	1	1057.56	0.0
2	input_spectra/2-6D03.mzML	1263	0	117.072767045763	1	1057.75	0.0
2	input_spectra/2-6D03.mzML	1264	0	117.072767045763	1	1057.94	0.0
113	input_spectra/2-6D03.mzML	1265	0	286.219603165336	1	1058.6	0.0
113	input_spectra/2-6D03.mzML	1266	0	286.219603165336	1	1058.79	0.0
2	input_spectra/2-6D03.mzML	1267	0	117.072767045763	1	1058.98	0.0
2	input_spectra/2-6D03.mzML	1268	0	117.072767045763	1	1059.17	0.0
114	input_spectra/2-6D03.mzML	1269	0	286.219603165336	1	1059.83	0.0
111	input_spectra/2-6D03.mzML	1270	0	286.219603165336	1	1060.02	0.0
119	input_spectra/2-6D03.mzML	1271	0	304.229927426293	1	1060.21	0.0
119	input_spectra/2-6D03.mzML	1272	0	304.229927426293	1	1060.41	0.0
119	input_spectra/2-6D03.mzML	1273	0	304.229927426293	1	1061.06	0.0
119	input_spectra/2-6D03.mzML	1274	0	304.229927426293	1	1061.25	0.0
119	input_spectra/2-6D03.mzML	1275	0	304.229927426293	1	1061.91	0.0
119	input_spectra/2-6D03.mzML	1276	0	304.229927426293	1	1062.1	0.0
130	input_spectra/2-6D03.mzML	1277	0	329.270432535807	1	1065.3	0.0
130	input_spectra/2-6D03.mzML	1278	0	329.270432535807	1	1065.49	0.0
130	input_spectra/2-6D03.mzML	1279	0	329.270432535807	1	1066.15	0.0
130	input_spectra/2-6D03.mzML	1280	0	329.270432535807	1	1066.34	0.0
130	input_spectra/2-6D03.mzML	1281	0	329.270432535807	1	1067.19	0.0
130	input_spectra/2-6D03.mzML	1282	0	329.270432535807	1	1067.39	0.0
135	input_spectra/2-6D03.mzML	1283	0	346.276806513468	1	1069.85	0.0
136	input_spectra/2-6D03.mzML	1284	0	346.276806513468	1	1070.04	0.0
64	input_spectra/2-6D03.mzML	1285	0	185.110147094727	1	1070.23	0.0
64	input_spectra/2-6D03.mzML	1286	0	185.110147094727	1	1070.42	0.0
135	input_spectra/2-6D03.mzML	1287	0	346.276806513468	1	1071.08	0.0
136	input_spectra/2-6D03.mzML	1288	0	346.276806513468	1	1071.27	0.0
64	input_spectra/2-6D03.mzML	1289	0	185.110147094727	1	1071.46	0.0
64	input_spectra/2-6D03.mzML	1290	0	185.110147094727	1	1071.65	0.0
135	input_spectra/2-6D03.mzML	1291	0	346.276806513468	1	1072.31	0.0
136	input_spectra/2-6D03.mzML	1292	0	346.276806513468	1	1072.5	0.0
64	input_spectra/2-6D03.mzML	1293	0	185.110147094727	1	1072.69	0.0
64	input_spectra/2-6D03.mzML	1294	0	185.110147094727	1	1072.88	0.0
2	input_spectra/2-6D03.mzML	1295	0	117.072767045763	1	1076.08	0.0
2	input_spectra/2-6D03.mzML	1296	0	117.072767045763	1	1076.27	0.0
113	input_spectra/2-6D03.mzML	1297	0	286.219603165336	1	1076.93	0.0
111	input_spectra/2-6D03.mzML	1298	0	286.219603165336	1	1077.12	0.0
2	input_spectra/2-6D03.mzML	1299	0	117.072767045763	1	1077.31	0.0
2	input_spectra/2-6D03.mzML	1300	0	117.072767045763	1	1077.5	0.0
114	input_spectra/2-6D03.mzML	1301	0	286.219603165336	1	1078.16	0.0
113	input_spectra/2-6D03.mzML	1302	0	286.219603165336	1	1078.35	0.0
2	input_spectra/2-6D03.mzML	1303	0	117.072767045763	1	1078.54	0.0
2	input_spectra/2-6D03.mzML	1304	0	117.072767045763	1	1078.73	0.0
113	input_spectra/2-6D03.mzML	1305	0	286.219603165336	1	1079.39	0.0
113	input_spectra/2-6D03.mzML	1306	0	286.219603165336	1	1079.58	0.0
119	input_spectra/2-6D03.mzML	1307	0	304.229927426293	1	1079.77	0.0
119	input_spectra/2-6D03.mzML	1308	0	304.229927426293	1	1079.96	0.0
119	input_spectra/2-6D03.mzML	1309	0	304.229927426293	1	1080.62	0.0
119	input_spectra/2-6D03.mzML	1310	0	304.229927426293	1	1080.81	0.0
119	input_spectra/2-6D03.mzML	1311	0	304.229927426293	1	1081.47	0.0
119	input_spectra/2-6D03.mzML	1312	0	304.229927426293	1	1081.66	0.0
130	input_spectra/2-6D03.mzML	1313	0	329.270432535807	1	1085.46	0.0
130	input_spectra/2-6D03.mzML	1314	0	329.270432535807	1	1085.65	0.0
130	input_spectra/2-6D03.mzML	1315	0	329.270432535807	1	1086.31	0.0
130	input_spectra/2-6D03.mzML	1316	0	329.270432535807	1	1086.5	0.0
130	input_spectra/2-6D03.mzML	1317	0	329.270432535807	1	1087.16	0.0
130	input_spectra/2-6D03.mzML	1318	0	329.270432535807	1	1087.35	0.0
135	input_spectra/2-6D03.mzML	1319	0	346.276806513468	1	1089.41	0.0
136	input_spectra/2-6D03.mzML	1320	0	346.276806513468	1	1089.6	0.0
64	input_spectra/2-6D03.mzML	1321	0	185.110147094727	1	1089.79	0.0
64	input_spectra/2-6D03.mzML	1322	0	185.110147094727	1	1089.98	0.0
135	input_spectra/2-6D03.mzML	1323	0	346.276806513468	1	1090.64	0.0
136	input_spectra/2-6D03.mzML	1324	0	346.276806513468	1	1090.83	0.0
64	input_spectra/2-6D03.mzML	1325	0	185.110147094727	1	1091.02	0.0
64	input_spectra/2-6D03.mzML	1326	0	185.110147094727	1	1091.21	0.0
135	input_spectra/2-6D03.mzML	1327	0	346.276806513468	1	1091.87	0.0
136	input_spectra/2-6D03.mzML	1328	0	346.276806513468	1	1092.06	0.0
64	input_spectra/2-6D03.mzML	1329	0	185.110147094727	1	1092.25	0.0
64	input_spectra/2-6D03.mzML	1330	0	185.110147094727	1	1092.44	0.0
2	input_spectra/2-6D03.mzML	1331	0	117.072767045763	1	1095.64	0.0
2	input_spectra/2-6D03.mzML	1332	0	117.072767045763	1	1095.83	0.0
113	input_spectra/2-6D03.mzML	1333	0	286.219603165336	1	1096.49	0.0
113	input_spectra/2-6D03.mzML	1334	0	286.219603165336	1	1096.68	0.0
114	input_spectra/2-6D03.mzML	1335	0	286.219603165336	1	1097.34	0.0
111	input_spectra/2-6D03.mzML	1336	0	286.219603165336	1	1097.53	0.0
2	input_spectra/2-6D03.mzML	1337	0	117.072767045763	1	1097.72	0.0
2	input_spectra/2-6D03.mzML	1338	0	117.072767045763	1	1097.91	0.0
114	input_spectra/2-6D03.mzML	1339	0	286.219603165336	1	1098.57	0.0
113	input_spectra/2-6D03.mzML	1340	0	286.219603165336	1	1098.76	0.0
2	input_spectra/2-6D03.mzML	1341	0	117.072767045763	1	1098.95	0.0
2	input_spectra/2-6D03.mzML	1342	0	117.072767045763	1	1099.14	0.0
119	input_spectra/2-6D03.mzML	1343	0	304.229927426293	1	1099.8	0.0
119	input_spectra/2-6D03.mzML	1344	0	304.229927426293	1	1099.99	0.0
119	input_spectra/2-6D03.mzML	1345	0	304.229927426293	1	1100.64	0.0
119	input_spectra/2-6D03.mzML	1346	0	304.229927426293	1	1100.84	0.0
119	input_spectra/2-6D03.mzML	1347	0	304.229927426293	1	1101.49	0.0
119	input_spectra/2-6D03.mzML	1348	0	304.229927426293	1	1101.68	0.0
124	input_spectra/2-6D03.mzML	1349	0	328.268339108198	1	1102.72	0.0
126	input_spectra/2-6D03.mzML	1350	0	328.268339108198	1	1102.91	0.0
124	input_spectra/2-6D03.mzML	1351	0	328.268339108198	1	1103.95	0.0
126	input_spectra/2-6D03.mzML	1352	0	328.268339108198	1	1104.15	0.0
124	input_spectra/2-6D03.mzML	1353	0	328.268339108198	1	1105.18	0.0
126	input_spectra/2-6D03.mzML	1354	0	328.268339108198	1	1105.38	0.0
64	input_spectra/2-6D03.mzML	1355	0	185.110147094727	1	1108.84	0.0
64	input_spectra/2-6D03.mzML	1356	0	185.110147094727	1	1109.03	0.0
64	input_spectra/2-6D03.mzML	1357	0	185.110147094727	1	1109.69	0.0
64	input_spectra/2-6D03.mzML	1358	0	185.110147094727	1	1109.88	0.0
64	input_spectra/2-6D03.mzML	1359	0	185.110147094727	1	1110.53	0.0
64	input_spectra/2-6D03.mzML	1360	0	185.110147094727	1	1110.72	0.0
112	input_spectra/2-6D03.mzML	1361	0	286.219603165336	1	1115.79	0.0
114	input_spectra/2-6D03.mzML	1362	0	286.219603165336	1	1115.98	0.0
114	input_spectra/2-6D03.mzML	1363	0	286.219603165336	1	1116.64	0.0
112	input_spectra/2-6D03.mzML	1364	0	286.219603165336	1	1116.83	0.0
113	input_spectra/2-6D03.mzML	1365	0	286.219603165336	1	1117.48	0.0
114	input_spectra/2-6D03.mzML	1366	0	286.219603165336	1	1117.68	0.0
128	input_spectra/2-6D03.mzML	1367	0	328.268339108198	1	1122.43	0.0
126	input_spectra/2-6D03.mzML	1368	0	328.268339108198	1	1122.63	0.0
128	input_spectra/2-6D03.mzML	1369	0	328.268339108198	1	1123.67	0.0
126	input_spectra/2-6D03.mzML	1370	0	328.268339108198	1	1123.86	0.0
126	input_spectra/2-6D03.mzML	1371	0	328.268339108198	1	1124.51	0.0
126	input_spectra/2-6D03.mzML	1372	0	328.268339108198	1	1124.7	0.0
204	input_spectra/2-6D03.mzML	1373	0	530.379374186198	1	1126.36	0.0
204	input_spectra/2-6D03.mzML	1374	0	530.379374186198	1	1126.56	0.0
204	input_spectra/2-6D03.mzML	1375	0	530.379374186198	1	1127.41	0.0
204	input_spectra/2-6D03.mzML	1376	0	530.379374186198	1	1127.6	0.0
64	input_spectra/2-6D03.mzML	1377	0	185.110147094727	1	1128.26	0.0
64	input_spectra/2-6D03.mzML	1378	0	185.110147094727	1	1128.45	0.0
204	input_spectra/2-6D03.mzML	1379	0	530.379374186198	1	1128.64	0.0
204	input_spectra/2-6D03.mzML	1380	0	530.379374186198	1	1128.84	0.0
64	input_spectra/2-6D03.mzML	1381	0	185.110147094727	1	1129.49	0.0
64	input_spectra/2-6D03.mzML	1382	0	185.110147094727	1	1129.68	0.0
64	input_spectra/2-6D03.mzML	1383	0	185.110147094727	1	1130.34	0.0
64	input_spectra/2-6D03.mzML	1384	0	185.110147094727	1	1130.53	0.0
128	input_spectra/2-6D03.mzML	1385	0	328.268339108198	1	1142.35	0.0
123	input_spectra/2-6D03.mzML	1386	0	328.268339108198	1	1142.54	0.0
124	input_spectra/2-6D03.mzML	1387	0	328.268339108198	1	1143.19	0.0
126	input_spectra/2-6D03.mzML	1388	0	328.268339108198	1	1143.39	0.0
124	input_spectra/2-6D03.mzML	1389	0	328.268339108198	1	1144.04	0.0
126	input_spectra/2-6D03.mzML	1390	0	328.268339108198	1	1144.23	0.0
204	input_spectra/2-6D03.mzML	1391	0	530.379374186198	1	1146.29	0.0
204	input_spectra/2-6D03.mzML	1392	0	530.379374186198	1	1146.49	0.0
204	input_spectra/2-6D03.mzML	1393	0	530.379374186198	1	1147.34	0.0
204	input_spectra/2-6D03.mzML	1394	0	530.379374186198	1	1147.53	0.0
64	input_spectra/2-6D03.mzML	1395	0	185.110147094727	1	1148.19	0.0
64	input_spectra/2-6D03.mzML	1396	0	185.110147094727	1	1148.38	0.0
64	input_spectra/2-6D03.mzML	1397	0	185.110147094727	1	1149.04	0.0
64	input_spectra/2-6D03.mzML	1398	0	185.110147094727	1	1149.23	0.0
64	input_spectra/2-6D03.mzML	1399	0	185.110147094727	1	1149.89	0.0
64	input_spectra/2-6D03.mzML	1400	0	185.110147094727	1	1150.08	0.0
188	input_spectra/2-6D03.mzML	1401	0	495.469702826606	1	1151.53	0.0
189	input_spectra/2-6D03.mzML	1402	0	495.469702826606	1	1151.73	0.0
188	input_spectra/2-6D03.mzML	1403	0	495.469702826606	1	1155.19	0.0
189	input_spectra/2-6D03.mzML	1404	0	495.469702826606	1	1155.38	0.0
188	input_spectra/2-6D03.mzML	1405	0	495.469702826606	1	1157.64	0.0
189	input_spectra/2-6D03.mzML	1406	0	495.469702826606	1	1157.83	0.0
124	input_spectra/2-6D03.mzML	1407	0	328.268339108198	1	1161.43	0.0
126	input_spectra/2-6D03.mzML	1408	0	328.268339108198	1	1161.62	0.0
204	input_spectra/2-6D03.mzML	1409	0	530.379374186198	1	1161.81	0.0
204	input_spectra/2-6D03.mzML	1410	0	530.379374186198	1	1162.01	0.0
124	input_spectra/2-6D03.mzML	1411	0	328.268339108198	1	1162.66	0.0
126	input_spectra/2-6D03.mzML	1412	0	328.268339108198	1	1162.85	0.0
124	input_spectra/2-6D03.mzML	1413	0	328.268339108198	1	1163.51	0.0
126	input_spectra/2-6D03.mzML	1414	0	328.268339108198	1	1163.7	0.0
215	input_spectra/2-6D03.mzML	1415	0	542.350321451823	1	1164.36	0.0
215	input_spectra/2-6D03.mzML	1416	0	542.350321451823	1	1164.55	0.0
215	input_spectra/2-6D03.mzML	1417	0	542.350321451823	1	1165.21	0.0
215	input_spectra/2-6D03.mzML	1418	0	542.350321451823	1	1165.4	0.0
215	input_spectra/2-6D03.mzML	1419	0	542.350321451823	1	1166.05	0.0
215	input_spectra/2-6D03.mzML	1420	0	542.350321451823	1	1166.25	0.0
64	input_spectra/2-6D03.mzML	1421	0	185.110147094727	1	1167.3	0.0
64	input_spectra/2-6D03.mzML	1422	0	185.110147094727	1	1167.49	0.0
64	input_spectra/2-6D03.mzML	1423	0	185.110147094727	1	1168.15	0.0
64	input_spectra/2-6D03.mzML	1424	0	185.110147094727	1	1168.34	0.0
64	input_spectra/2-6D03.mzML	1425	0	185.110147094727	1	1169.0	0.0
64	input_spectra/2-6D03.mzML	1426	0	185.110147094727	1	1169.19	0.0
259	input_spectra/2-6D03.mzML	1427	0	741.572499593099	1	1175.06	0.0
259	input_spectra/2-6D03.mzML	1428	0	741.572499593099	1	1175.25	0.0
188	input_spectra/2-6D03.mzML	1429	0	495.469702826606	1	1175.9	0.0
189	input_spectra/2-6D03.mzML	1430	0	495.469702826606	1	1176.09	0.0
188	input_spectra/2-6D03.mzML	1431	0	495.469702826606	1	1176.75	0.0
189	input_spectra/2-6D03.mzML	1432	0	495.469702826606	1	1176.94	0.0
188	input_spectra/2-6D03.mzML	1433	0	495.469702826606	1	1177.6	0.0
189	input_spectra/2-6D03.mzML	1434	0	495.469702826606	1	1177.79	0.0
259	input_spectra/2-6D03.mzML	1435	0	741.572499593099	1	1178.83	0.0
259	input_spectra/2-6D03.mzML	1436	0	741.572499593099	1	1179.02	0.0
204	input_spectra/2-6D03.mzML	1437	0	530.379374186198	1	1180.06	0.0
204	input_spectra/2-6D03.mzML	1438	0	530.379374186198	1	1180.26	0.0
259	input_spectra/2-6D03.mzML	1439	0	741.572499593099	1	1180.45	0.0
259	input_spectra/2-6D03.mzML	1440	0	741.572499593099	1	1180.64	0.0
128	input_spectra/2-6D03.mzML	1441	0	328.268339108198	1	1181.3	0.0
126	input_spectra/2-6D03.mzML	1442	0	328.268339108198	1	1181.49	0.0
204	input_spectra/2-6D03.mzML	1443	0	530.379374186198	1	1182.06	0.0
204	input_spectra/2-6D03.mzML	1444	0	530.379374186198	1	1182.25	0.0
124	input_spectra/2-6D03.mzML	1445	0	328.268339108198	1	1182.91	0.0
127	input_spectra/2-6D03.mzML	1446	0	328.268339108198	1	1183.1	0.0
204	input_spectra/2-6D03.mzML	1447	0	530.379374186198	1	1183.3	0.0
204	input_spectra/2-6D03.mzML	1448	0	530.379374186198	1	1183.49	0.0
124	input_spectra/2-6D03.mzML	1449	0	328.268339108198	1	1184.14	0.0
126	input_spectra/2-6D03.mzML	1450	0	328.268339108198	1	1184.34	0.0
118	input_spectra/2-6D03.mzML	1451	0	302.287078857422	1	1185.19	0.0
118	input_spectra/2-6D03.mzML	1452	0	302.287078857422	1	1185.38	0.0
279	input_spectra/2-6D03.mzML	1453	0	891.588806152344	1	1186.04	0.0
279	input_spectra/2-6D03.mzML	1454	0	891.588806152344	1	1186.23	0.0
64	input_spectra/2-6D03.mzML	1455	0	185.110147094727	1	1186.89	0.0
64	input_spectra/2-6D03.mzML	1456	0	185.110147094727	1	1187.08	0.0
279	input_spectra/2-6D03.mzML	1457	0	891.588806152344	1	1187.27	0.0
279	input_spectra/2-6D03.mzML	1458	0	891.588806152344	1	1187.46	0.0
118	input_spectra/2-6D03.mzML	1459	0	302.287078857422	1	1187.66	0.0
118	input_spectra/2-6D03.mzML	1460	0	302.287078857422	1	1187.85	0.0
64	input_spectra/2-6D03.mzML	1461	0	185.110147094727	1	1188.51	0.0
64	input_spectra/2-6D03.mzML	1462	0	185.110147094727	1	1188.7	0.0
279	input_spectra/2-6D03.mzML	1463	0	891.588806152344	1	1188.89	0.0
279	input_spectra/2-6D03.mzML	1464	0	891.588806152344	1	1189.08	0.0
64	input_spectra/2-6D03.mzML	1465	0	185.110147094727	1	1189.74	0.0
64	input_spectra/2-6D03.mzML	1466	0	185.110147094727	1	1189.93	0.0
118	input_spectra/2-6D03.mzML	1467	0	302.287078857422	1	1190.58	0.0
118	input_spectra/2-6D03.mzML	1468	0	302.287078857422	1	1190.78	0.0
188	input_spectra/2-6D03.mzML	1469	0	495.469702826606	1	1195.24	0.0
189	input_spectra/2-6D03.mzML	1470	0	495.469702826606	1	1195.43	0.0
188	input_spectra/2-6D03.mzML	1471	0	495.469702826606	1	1196.09	0.0
189	input_spectra/2-6D03.mzML	1472	0	495.469702826606	1	1196.28	0.0
188	input_spectra/2-6D03.mzML	1473	0	495.469702826606	1	1196.94	0.0
189	input_spectra/2-6D03.mzML	1474	0	495.469702826606	1	1197.13	0.0
259	input_spectra/2-6D03.mzML	1475	0	741.572499593099	1	1197.32	0.0
259	input_spectra/2-6D03.mzML	1476	0	741.572499593099	1	1197.51	0.0
259	input_spectra/2-6D03.mzML	1477	0	741.572499593099	1	1198.56	0.0
259	input_spectra/2-6D03.mzML	1478	0	741.572499593099	1	1198.75	0.0
259	input_spectra/2-6D03.mzML	1479	0	741.572499593099	1	1199.79	0.0
259	input_spectra/2-6D03.mzML	1480	0	741.572499593099	1	1199.98	0.0
1	input_spectra/bkgrnd-marine-broth.mzML	1481	0	110.009817759196	1	6384.900000000001	0.0
1	input_spectra/bkgrnd-marine-broth.mzML	1482	0	110.009817759196	1	6396.36	0.0
1	input_spectra/bkgrnd-marine-broth.mzML	1483	0	110.009817759196	1	6435.66	0.0
1	input_spectra/bkgrnd-marine-broth.mzML	1484	0	110.009817759196	1	6447.18	0.0
30	input_spectra/bkgrnd-marine-broth.mzML	1485	0	146.166600545247	1	6458.64	0.0
30	input_spectra/bkgrnd-marine-broth.mzML	1486	0	146.166600545247	1	6470.099999999999	0.0
12	input_spectra/bkgrnd-marine-broth.mzML	1487	0	125.987463378906	1	6481.5599999999995	0.0
12	input_spectra/bkgrnd-marine-broth.mzML	1488	0	125.987463378906	1	6493.08	0.0
34	input_spectra/bkgrnd-marine-broth.mzML	1489	0	151.036672973633	1	6504.54	0.0
34	input_spectra/bkgrnd-marine-broth.mzML	1490	0	151.036672973633	1	6516.0	0.0
1	input_spectra/bkgrnd-marine-broth.mzML	1491	0	110.009817759196	1	6555.36	0.0
1	input_spectra/bkgrnd-marine-broth.mzML	1492	0	110.009817759196	1	6566.879999999999	0.0
12	input_spectra/bkgrnd-marine-broth.mzML	1493	0	125.987463378906	1	6578.34	0.0
12	input_spectra/bkgrnd-marine-broth.mzML	1494	0	125.987463378906	1	6589.8	0.0
30	input_spectra/bkgrnd-marine-broth.mzML	1495	0	146.166600545247	1	6601.26	0.0
30	input_spectra/bkgrnd-marine-broth.mzML	1496	0	146.166600545247	1	6612.78	0.0
34	input_spectra/bkgrnd-marine-broth.mzML	1497	0	151.036672973633	1	6624.24	0.0
34	input_spectra/bkgrnd-marine-broth.mzML	1498	0	151.036672973633	1	6635.7	0.0
84	input_spectra/bkgrnd-marine-broth.mzML	1499	0	223.991306304932	1	6647.22	0.0
84	input_spectra/bkgrnd-marine-broth.mzML	1500	0	223.991306304932	1	6658.679999999999	0.0
12	input_spectra/bkgrnd-marine-broth.mzML	1501	0	125.987463378906	1	6698.1	0.0
12	input_spectra/bkgrnd-marine-broth.mzML	1502	0	125.987463378906	1	6709.5599999999995	0.0
30	input_spectra/bkgrnd-marine-broth.mzML	1503	0	146.166600545247	1	6721.08	0.0
30	input_spectra/bkgrnd-marine-broth.mzML	1504	0	146.166600545247	1	6732.54	0.0
73	input_spectra/bkgrnd-marine-broth.mzML	1505	0	198.94199625651	1	6744.0	0.0
73	input_spectra/bkgrnd-marine-broth.mzML	1506	0	198.94199625651	1	6755.5199999999995	0.0
84	input_spectra/bkgrnd-marine-broth.mzML	1507	0	223.991306304932	1	6766.9800000000005	0.0
84	input_spectra/bkgrnd-marine-broth.mzML	1508	0	223.991306304932	1	6778.4400000000005	0.0
34	input_spectra/bkgrnd-marine-broth.mzML	1509	0	151.036672973633	1	6789.96	0.0
34	input_spectra/bkgrnd-marine-broth.mzML	1510	0	151.036672973633	1	6801.42	0.0
73	input_spectra/bkgrnd-marine-broth.mzML	1511	0	198.94199625651	1	6840.780000000001	0.0
73	input_spectra/bkgrnd-marine-broth.mzML	1512	0	198.94199625651	1	6852.3	0.0
84	input_spectra/bkgrnd-marine-broth.mzML	1513	0	223.991306304932	1	6863.76	0.0
84	input_spectra/bkgrnd-marine-broth.mzML	1514	0	223.991306304932	1	6875.22	0.0
60	input_spectra/bkgrnd-marine-broth.mzML	1515	0	182.964279174805	1	6886.74	0.0
61	input_spectra/bkgrnd-marine-broth.mzML	1516	0	182.964279174805	1	6898.2	0.0
93	input_spectra/bkgrnd-marine-broth.mzML	1517	0	239.968907674154	1	6909.72	0.0
93	input_spectra/bkgrnd-marine-broth.mzML	1518	0	239.968907674154	1	6921.179999999999	0.0
75	input_spectra/bkgrnd-marine-broth.mzML	1519	0	203.224990844727	1	6932.639999999999	0.0
75	input_spectra/bkgrnd-marine-broth.mzML	1520	0	203.224990844727	1	6944.16	0.0
73	input_spectra/bkgrnd-marine-broth.mzML	1521	0	198.94199625651	1	6983.5199999999995	0.0
73	input_spectra/bkgrnd-marine-broth.mzML	1522	0	198.94199625651	1	6994.98	0.0
60	input_spectra/bkgrnd-marine-broth.mzML	1523	0	182.964279174805	1	7006.5	0.0
61	input_spectra/bkgrnd-marine-broth.mzML	1524	0	182.964279174805	1	7017.96	0.0
93	input_spectra/bkgrnd-marine-broth.mzML	1525	0	239.968907674154	1	7029.42	0.0
93	input_spectra/bkgrnd-marine-broth.mzML	1526	0	239.968907674154	1	7040.9400000000005	0.0
75	input_spectra/bkgrnd-marine-broth.mzML	1527	0	203.224990844727	1	7052.400000000001	0.0
75	input_spectra/bkgrnd-marine-broth.mzML	1528	0	203.224990844727	1	7063.92	0.0
102	input_spectra/bkgrnd-marine-broth.mzML	1529	0	265.018218994141	1	7075.38	0.0
102	input_spectra/bkgrnd-marine-broth.mzML	1530	0	265.018218994141	1	7086.9	0.0
60	input_spectra/bkgrnd-marine-broth.mzML	1531	0	182.964279174805	1	7126.26	0.0
61	input_spectra/bkgrnd-marine-broth.mzML	1532	0	182.964279174805	1	7137.72	0.0
93	input_spectra/bkgrnd-marine-broth.mzML	1533	0	239.968907674154	1	7149.24	0.0
93	input_spectra/bkgrnd-marine-broth.mzML	1534	0	239.968907674154	1	7160.7	0.0
80	input_spectra/bkgrnd-marine-broth.mzML	1535	0	214.91953531901	1	7172.16	0.0
80	input_spectra/bkgrnd-marine-broth.mzML	1536	0	214.91953531901	1	7183.679999999999	0.0
75	input_spectra/bkgrnd-marine-broth.mzML	1537	0	203.224990844727	1	7195.139999999999	0.0
75	input_spectra/bkgrnd-marine-broth.mzML	1538	0	203.224990844727	1	7206.6	0.0
102	input_spectra/bkgrnd-marine-broth.mzML	1539	0	265.018218994141	1	7218.120000000001	0.0
102	input_spectra/bkgrnd-marine-broth.mzML	1540	0	265.018218994141	1	7229.58	0.0
80	input_spectra/bkgrnd-marine-broth.mzML	1541	0	214.91953531901	1	7269.0	0.0
80	input_spectra/bkgrnd-marine-broth.mzML	1542	0	214.91953531901	1	7280.46	0.0
102	input_spectra/bkgrnd-marine-broth.mzML	1543	0	265.018218994141	1	7291.9800000000005	0.0
102	input_spectra/bkgrnd-marine-broth.mzML	1544	0	265.018218994141	1	7303.4400000000005	0.0
80	input_spectra/bkgrnd-marine-broth.mzML	1545	0	214.91953531901	1	7342.799999999999	0.0
80	input_spectra/bkgrnd-marine-broth.mzML	1546	0	214.91953531901	1	7354.32	0.0
1	input_spectra/bkgrnd-marine-broth.mzML	1547	0	110.009817759196	1	7549.98	0.0
1	input_spectra/bkgrnd-marine-broth.mzML	1548	0	110.009817759196	1	7561.5	0.0
1	input_spectra/bkgrnd-marine-broth.mzML	1549	0	110.009817759196	1	7600.8	0.0
1	input_spectra/bkgrnd-marine-broth.mzML	1550	0	110.009817759196	1	7612.259999999999	0.0
1	input_spectra/bkgrnd-marine-broth.mzML	1551	0	110.009817759196	1	7651.62	0.0
1	input_spectra/bkgrnd-marine-broth.mzML	1552	0	110.009817759196	1	7663.139999999999	0.0
30	input_spectra/bkgrnd-marine-broth.mzML	1553	0	146.166600545247	1	7702.5	0.0
30	input_spectra/bkgrnd-marine-broth.mzML	1554	0	146.166600545247	1	7713.96	0.0
12	input_spectra/bkgrnd-marine-broth.mzML	1555	0	125.987463378906	1	7725.42	0.0
12	input_spectra/bkgrnd-marine-broth.mzML	1556	0	125.987463378906	1	7736.88	0.0
34	input_spectra/bkgrnd-marine-broth.mzML	1557	0	151.036672973633	1	7748.4	0.0
34	input_spectra/bkgrnd-marine-broth.mzML	1558	0	151.036672973633	1	7759.86	0.0
30	input_spectra/bkgrnd-marine-broth.mzML	1559	0	146.166600545247	1	7799.219999999999	0.0
30	input_spectra/bkgrnd-marine-broth.mzML	1560	0	146.166600545247	1	7810.74	0.0
84	input_spectra/bkgrnd-marine-broth.mzML	1561	0	223.991306304932	1	7822.200000000001	0.0
84	input_spectra/bkgrnd-marine-broth.mzML	1562	0	223.991306304932	1	7833.720000000001	0.0
12	input_spectra/bkgrnd-marine-broth.mzML	1563	0	125.987463378906	1	7845.179999999999	0.0
12	input_spectra/bkgrnd-marine-broth.mzML	1564	0	125.987463378906	1	7856.639999999999	0.0
34	input_spectra/bkgrnd-marine-broth.mzML	1565	0	151.036672973633	1	7868.099999999999	0.0
34	input_spectra/bkgrnd-marine-broth.mzML	1566	0	151.036672973633	1	7879.62	0.0
30	input_spectra/bkgrnd-marine-broth.mzML	1567	0	146.166600545247	1	7918.9800000000005	0.0
30	input_spectra/bkgrnd-marine-broth.mzML	1568	0	146.166600545247	1	7930.4400000000005	0.0
3	input_spectra/bkgrnd-marine-broth.mzML	1569	0	118.087252298991	1	8847.6	0.0
3	input_spectra/bkgrnd-marine-broth.mzML	1570	0	118.087252298991	1	8859.060000000001	0.0
3	input_spectra/bkgrnd-marine-broth.mzML	1571	0	118.087252298991	1	8898.42	0.0
3	input_spectra/bkgrnd-marine-broth.mzML	1572	0	118.087252298991	1	8909.94	0.0
3	input_spectra/bkgrnd-marine-broth.mzML	1573	0	118.087252298991	1	8949.24	0.0
3	input_spectra/bkgrnd-marine-broth.mzML	1574	0	118.087252298991	1	8960.76	0.0
16	input_spectra/bkgrnd-marine-broth.mzML	1575	0	130.098500569661	1	9000.12	0.0
16	input_spectra/bkgrnd-marine-broth.mzML	1576	0	130.098500569661	1	9011.58	0.0
16	input_spectra/bkgrnd-marine-broth.mzML	1577	0	130.098500569661	1	9050.939999999999	0.0
16	input_spectra/bkgrnd-marine-broth.mzML	1578	0	130.098500569661	1	9062.4	0.0
16	input_spectra/bkgrnd-marine-broth.mzML	1579	0	130.098500569661	1	9101.76	0.0
16	input_spectra/bkgrnd-marine-broth.mzML	1580	0	130.098500569661	1	9113.22	0.0
40	input_spectra/bkgrnd-marine-broth.mzML	1581	0	158.093879699707	1	9645.599999999999	0.0
41	input_spectra/bkgrnd-marine-broth.mzML	1582	0	158.093879699707	1	9657.06	0.0
40	input_spectra/bkgrnd-marine-broth.mzML	1583	0	158.093879699707	1	9696.48	0.0
41	input_spectra/bkgrnd-marine-broth.mzML	1584	0	158.093879699707	1	9707.94	0.0
40	input_spectra/bkgrnd-marine-broth.mzML	1585	0	158.093879699707	1	9747.359999999999	0.0
41	input_spectra/bkgrnd-marine-broth.mzML	1586	0	158.093879699707	1	9758.82	0.0
33	input_spectra/bkgrnd-marine-broth.mzML	1587	0	150.059661865234	1	9770.279999999999	0.0
33	input_spectra/bkgrnd-marine-broth.mzML	1588	0	150.059661865234	1	9821.16	0.0
33	input_spectra/bkgrnd-marine-broth.mzML	1589	0	150.059661865234	1	9832.62	0.0
33	input_spectra/bkgrnd-marine-broth.mzML	1590	0	150.059661865234	1	9872.039999999999	0.0
33	input_spectra/bkgrnd-marine-broth.mzML	1591	0	150.059661865234	1	9883.5	0.0
13	input_spectra/bkgrnd-marine-broth.mzML	1592	0	130.05116780599	1	9982.980000000001	0.0
3	input_spectra/bkgrnd-marine-broth.mzML	1593	0	118.087252298991	1	10033.8	0.0
3	input_spectra/bkgrnd-marine-broth.mzML	1594	0	118.087252298991	1	10045.26	0.0
13	input_spectra/bkgrnd-marine-broth.mzML	1595	0	130.05116780599	1	10056.72	0.0
14	input_spectra/bkgrnd-marine-broth.mzML	1596	0	130.05116780599	1	10068.18	0.0
3	input_spectra/bkgrnd-marine-broth.mzML	1597	0	118.087252298991	1	10107.54	0.0
3	input_spectra/bkgrnd-marine-broth.mzML	1598	0	118.087252298991	1	10119.0	0.0
13	input_spectra/bkgrnd-marine-broth.mzML	1599	0	130.05116780599	1	10130.460000000001	0.0
14	input_spectra/bkgrnd-marine-broth.mzML	1600	0	130.05116780599	1	10141.92	0.0
3	input_spectra/bkgrnd-marine-broth.mzML	1601	0	118.087252298991	1	10181.279999999999	0.0
3	input_spectra/bkgrnd-marine-broth.mzML	1602	0	118.087252298991	1	10192.74	0.0
22	input_spectra/bkgrnd-marine-broth.mzML	1603	0	132.103280318411	1	10424.519999999999	0.0
23	input_spectra/bkgrnd-marine-broth.mzML	1604	0	132.103280318411	1	10435.98	0.0
22	input_spectra/bkgrnd-marine-broth.mzML	1605	0	132.103280318411	1	10475.34	0.0
23	input_spectra/bkgrnd-marine-broth.mzML	1606	0	132.103280318411	1	10486.86	0.0
22	input_spectra/bkgrnd-marine-broth.mzML	1607	0	132.103280318411	1	10526.220000000001	0.0
23	input_spectra/bkgrnd-marine-broth.mzML	1608	0	132.103280318411	1	10537.679999999998	0.0
40	input_spectra/bkgrnd-marine-broth.mzML	1609	0	158.093879699707	1	10781.460000000001	0.0
41	input_spectra/bkgrnd-marine-broth.mzML	1610	0	158.093879699707	1	10792.92	0.0
40	input_spectra/bkgrnd-marine-broth.mzML	1611	0	158.093879699707	1	10832.34	0.0
41	input_spectra/bkgrnd-marine-broth.mzML	1612	0	158.093879699707	1	10843.8	0.0
40	input_spectra/bkgrnd-marine-broth.mzML	1613	0	158.093879699707	1	10883.16	0.0
41	input_spectra/bkgrnd-marine-broth.mzML	1614	0	158.093879699707	1	10894.619999999999	0.0
3	input_spectra/bkgrnd-marine-broth.mzML	1615	0	118.087252298991	1	11198.58	0.0
3	input_spectra/bkgrnd-marine-broth.mzML	1616	0	118.087252298991	1	11210.04	0.0
3	input_spectra/bkgrnd-marine-broth.mzML	1617	0	118.087252298991	1	11249.400000000001	0.0
3	input_spectra/bkgrnd-marine-broth.mzML	1618	0	118.087252298991	1	11260.86	0.0
3	input_spectra/bkgrnd-marine-broth.mzML	1619	0	118.087252298991	1	11323.2	0.0
3	input_spectra/bkgrnd-marine-broth.mzML	1620	0	118.087252298991	1	11334.66	0.0
15	input_spectra/bkgrnd-marine-broth.mzML	1621	0	130.05116780599	1	11505.24	0.0
15	input_spectra/bkgrnd-marine-broth.mzML	1622	0	130.05116780599	1	11556.12	0.0
98	input_spectra/bkgrnd-marine-broth.mzML	1623	0	260.199279785156	1	11579.1	0.0
98	input_spectra/bkgrnd-marine-broth.mzML	1624	0	260.199279785156	1	11590.56	0.0
56	input_spectra/bkgrnd-marine-broth.mzML	1625	0	175.109786987305	1	11602.08	0.0
56	input_spectra/bkgrnd-marine-broth.mzML	1626	0	175.109786987305	1	11613.539999999999	0.0
25	input_spectra/bkgrnd-marine-broth.mzML	1627	0	132.107032775879	1	11675.939999999999	0.0
103	input_spectra/bkgrnd-marine-broth.mzML	1628	0	268.106628417969	1	11698.86	0.0
103	input_spectra/bkgrnd-marine-broth.mzML	1629	0	268.106628417969	1	11710.380000000001	0.0
56	input_spectra/bkgrnd-marine-broth.mzML	1630	0	175.109786987305	1	11721.84	0.0
56	input_spectra/bkgrnd-marine-broth.mzML	1631	0	175.109786987305	1	11733.36	0.0
27	input_spectra/bkgrnd-marine-broth.mzML	1632	0	137.04709370931	1	11744.820000000002	0.0
28	input_spectra/bkgrnd-marine-broth.mzML	1633	0	137.04709370931	1	11756.279999999999	0.0
25	input_spectra/bkgrnd-marine-broth.mzML	1634	0	132.109466552734	1	11830.26	0.0
103	input_spectra/bkgrnd-marine-broth.mzML	1635	0	268.106628417969	1	11841.78	0.0
103	input_spectra/bkgrnd-marine-broth.mzML	1636	0	268.106628417969	1	11853.24	0.0
25	input_spectra/bkgrnd-marine-broth.mzML	1637	0	132.107032775879	1	11961.66	0.0
96	input_spectra/bkgrnd-marine-broth.mzML	1638	0	254.163650512695	1	11984.64	0.0
96	input_spectra/bkgrnd-marine-broth.mzML	1639	0	254.163650512695	1	11996.1	0.0
103	input_spectra/bkgrnd-marine-broth.mzML	1640	0	268.106628417969	1	12007.62	0.0
103	input_spectra/bkgrnd-marine-broth.mzML	1641	0	268.106628417969	1	12019.08	0.0
37	input_spectra/bkgrnd-marine-broth.mzML	1642	0	155.082990010579	1	12030.599999999999	0.0
37	input_spectra/bkgrnd-marine-broth.mzML	1643	0	155.082990010579	1	12042.06	0.0
8	input_spectra/bkgrnd-marine-broth.mzML	1644	0	121.065930684408	1	12053.52	0.0
8	input_spectra/bkgrnd-marine-broth.mzML	1645	0	121.065930684408	1	12065.04	0.0
24	input_spectra/bkgrnd-marine-broth.mzML	1646	0	132.103280318411	1	12104.400000000001	0.0
22	input_spectra/bkgrnd-marine-broth.mzML	1647	0	132.103280318411	1	12115.86	0.0
8	input_spectra/bkgrnd-marine-broth.mzML	1648	0	121.065930684408	1	12127.320000000002	0.0
8	input_spectra/bkgrnd-marine-broth.mzML	1649	0	121.065930684408	1	12138.779999999999	0.0
37	input_spectra/bkgrnd-marine-broth.mzML	1650	0	155.082990010579	1	12150.24	0.0
37	input_spectra/bkgrnd-marine-broth.mzML	1651	0	155.082990010579	1	12161.76	0.0
81	input_spectra/bkgrnd-marine-broth.mzML	1652	0	215.141209920247	1	12173.22	0.0
81	input_spectra/bkgrnd-marine-broth.mzML	1653	0	215.141209920247	1	12184.74	0.0
57	input_spectra/bkgrnd-marine-broth.mzML	1654	0	182.083048502604	1	12196.2	0.0
58	input_spectra/bkgrnd-marine-broth.mzML	1655	0	182.083048502604	1	12207.66	0.0
24	input_spectra/bkgrnd-marine-broth.mzML	1656	0	132.103280318411	1	12247.019999999999	0.0
22	input_spectra/bkgrnd-marine-broth.mzML	1657	0	132.103280318411	1	12258.539999999999	0.0
37	input_spectra/bkgrnd-marine-broth.mzML	1658	0	155.082990010579	1	12270.0	0.0
37	input_spectra/bkgrnd-marine-broth.mzML	1659	0	155.082990010579	1	12281.460000000001	0.0
57	input_spectra/bkgrnd-marine-broth.mzML	1660	0	182.083048502604	1	12292.980000000001	0.0
58	input_spectra/bkgrnd-marine-broth.mzML	1661	0	182.083048502604	1	12304.44	0.0
8	input_spectra/bkgrnd-marine-broth.mzML	1662	0	121.065930684408	1	12315.9	0.0
8	input_spectra/bkgrnd-marine-broth.mzML	1663	0	121.065930684408	1	12327.359999999999	0.0
81	input_spectra/bkgrnd-marine-broth.mzML	1664	0	215.141209920247	1	12338.88	0.0
81	input_spectra/bkgrnd-marine-broth.mzML	1665	0	215.141209920247	1	12350.34	0.0
59	input_spectra/bkgrnd-marine-broth.mzML	1666	0	182.083048502604	1	12389.76	0.0
58	input_spectra/bkgrnd-marine-broth.mzML	1667	0	182.083048502604	1	12401.220000000001	0.0
24	input_spectra/bkgrnd-marine-broth.mzML	1668	0	132.103280318411	1	12412.679999999998	0.0
22	input_spectra/bkgrnd-marine-broth.mzML	1669	0	132.103280318411	1	12424.199999999999	0.0
26	input_spectra/bkgrnd-marine-broth.mzML	1670	0	136.077031453451	1	12435.66	0.0
26	input_spectra/bkgrnd-marine-broth.mzML	1671	0	136.077031453451	1	12447.119999999999	0.0
45	input_spectra/bkgrnd-marine-broth.mzML	1672	0	165.056243896484	1	12458.64	0.0
46	input_spectra/bkgrnd-marine-broth.mzML	1673	0	165.056243896484	1	12470.1	0.0
81	input_spectra/bkgrnd-marine-broth.mzML	1674	0	215.141209920247	1	12481.560000000001	0.0
81	input_spectra/bkgrnd-marine-broth.mzML	1675	0	215.141209920247	1	12493.08	0.0
24	input_spectra/bkgrnd-marine-broth.mzML	1676	0	132.103280318411	1	12532.44	0.0
22	input_spectra/bkgrnd-marine-broth.mzML	1677	0	132.103280318411	1	12543.9	0.0
26	input_spectra/bkgrnd-marine-broth.mzML	1678	0	136.077031453451	1	12555.42	0.0
26	input_spectra/bkgrnd-marine-broth.mzML	1679	0	136.077031453451	1	12566.880000000001	0.0
45	input_spectra/bkgrnd-marine-broth.mzML	1680	0	165.056243896484	1	12578.34	0.0
46	input_spectra/bkgrnd-marine-broth.mzML	1681	0	165.056243896484	1	12589.859999999999	0.0
11	input_spectra/bkgrnd-marine-broth.mzML	1682	0	123.045349121094	1	12612.779999999999	0.0
46	input_spectra/bkgrnd-marine-broth.mzML	1683	0	165.056243896484	1	12663.66	0.0
26	input_spectra/bkgrnd-marine-broth.mzML	1684	0	136.077031453451	1	12675.12	0.0
91	input_spectra/bkgrnd-marine-broth.mzML	1685	0	237.088798522949	1	12698.099999999999	0.0
92	input_spectra/bkgrnd-marine-broth.mzML	1686	0	237.088798522949	1	12709.56	0.0
11	input_spectra/bkgrnd-marine-broth.mzML	1687	0	123.045349121094	1	12732.54	0.0
27	input_spectra/bkgrnd-marine-broth.mzML	1688	0	137.04709370931	1	12771.900000000001	0.0
28	input_spectra/bkgrnd-marine-broth.mzML	1689	0	137.04709370931	1	12783.36	0.0
91	input_spectra/bkgrnd-marine-broth.mzML	1690	0	237.088798522949	1	12794.88	0.0
92	input_spectra/bkgrnd-marine-broth.mzML	1691	0	237.088798522949	1	12806.34	0.0
35	input_spectra/bkgrnd-marine-broth.mzML	1692	0	152.058049519857	1	13016.82	0.0
35	input_spectra/bkgrnd-marine-broth.mzML	1693	0	152.058049519857	1	13028.28	0.0
35	input_spectra/bkgrnd-marine-broth.mzML	1694	0	152.058049519857	1	13067.640000000001	0.0
35	input_spectra/bkgrnd-marine-broth.mzML	1695	0	152.058049519857	1	13079.16	0.0
109	input_spectra/bkgrnd-marine-broth.mzML	1696	0	284.101715087891	1	13090.619999999999	0.0
110	input_spectra/bkgrnd-marine-broth.mzML	1697	0	284.101715087891	1	13102.14	0.0
35	input_spectra/bkgrnd-marine-broth.mzML	1698	0	152.058049519857	1	13141.5	0.0
35	input_spectra/bkgrnd-marine-broth.mzML	1699	0	152.058049519857	1	13152.960000000001	0.0
109	input_spectra/bkgrnd-marine-broth.mzML	1700	0	284.101715087891	1	13164.48	0.0
110	input_spectra/bkgrnd-marine-broth.mzML	1701	0	284.101715087891	1	13175.939999999999	0.0
109	input_spectra/bkgrnd-marine-broth.mzML	1702	0	284.101715087891	1	13215.3	0.0
110	input_spectra/bkgrnd-marine-broth.mzML	1703	0	284.101715087891	1	13226.82	0.0
37	input_spectra/bkgrnd-marine-broth.mzML	1704	0	155.082990010579	1	13238.28	0.0
37	input_spectra/bkgrnd-marine-broth.mzML	1705	0	155.082990010579	1	13249.800000000001	0.0
37	input_spectra/bkgrnd-marine-broth.mzML	1706	0	155.082990010579	1	13289.1	0.0
37	input_spectra/bkgrnd-marine-broth.mzML	1707	0	155.082990010579	1	13300.619999999999	0.0
37	input_spectra/bkgrnd-marine-broth.mzML	1708	0	155.082990010579	1	13339.98	0.0
37	input_spectra/bkgrnd-marine-broth.mzML	1709	0	155.082990010579	1	13351.44	0.0
22	input_spectra/bkgrnd-marine-broth.mzML	1710	0	132.103280318411	1	13487.039999999999	0.0
22	input_spectra/bkgrnd-marine-broth.mzML	1711	0	132.103280318411	1	13498.5	0.0
22	input_spectra/bkgrnd-marine-broth.mzML	1712	0	132.103280318411	1	13537.8	0.0
22	input_spectra/bkgrnd-marine-broth.mzML	1713	0	132.103280318411	1	13549.26	0.0
22	input_spectra/bkgrnd-marine-broth.mzML	1714	0	132.103280318411	1	13588.68	0.0
22	input_spectra/bkgrnd-marine-broth.mzML	1715	0	132.103280318411	1	13600.140000000001	0.0
82	input_spectra/bkgrnd-marine-broth.mzML	1716	0	217.156880696615	1	14240.76	0.0
82	input_spectra/bkgrnd-marine-broth.mzML	1717	0	217.156880696615	1	14252.220000000001	0.0
82	input_spectra/bkgrnd-marine-broth.mzML	1718	0	217.156880696615	1	14291.64	0.0
82	input_spectra/bkgrnd-marine-broth.mzML	1719	0	217.156880696615	1	14303.099999999999	0.0
82	input_spectra/bkgrnd-marine-broth.mzML	1720	0	217.156880696615	1	14342.46	0.0
82	input_spectra/bkgrnd-marine-broth.mzML	1721	0	217.156880696615	1	14353.98	0.0
22	input_spectra/bkgrnd-marine-broth.mzML	1722	0	132.103280318411	1	14657.880000000001	0.0
22	input_spectra/bkgrnd-marine-broth.mzML	1723	0	132.103280318411	1	14669.34	0.0
22	input_spectra/bkgrnd-marine-broth.mzML	1724	0	132.103280318411	1	14708.7	0.0
22	input_spectra/bkgrnd-marine-broth.mzML	1725	0	132.103280318411	1	14720.16	0.0
22	input_spectra/bkgrnd-marine-broth.mzML	1726	0	132.103280318411	1	14759.58	0.0
22	input_spectra/bkgrnd-marine-broth.mzML	1727	0	132.103280318411	1	14771.039999999999	0.0
29	input_spectra/bkgrnd-marine-broth.mzML	1728	0	141.95991734096	1	14810.4	0.0
29	input_spectra/bkgrnd-marine-broth.mzML	1729	0	141.95991734096	1	14821.92	0.0
78	input_spectra/bkgrnd-marine-broth.mzML	1730	0	211.109888712565	1	14909.400000000001	0.0
78	input_spectra/bkgrnd-marine-broth.mzML	1731	0	211.109888712565	1	14972.28	0.0
78	input_spectra/bkgrnd-marine-broth.mzML	1732	0	211.109888712565	1	14983.740000000002	0.0
78	input_spectra/bkgrnd-marine-broth.mzML	1733	0	211.109888712565	1	15023.099999999999	0.0
78	input_spectra/bkgrnd-marine-broth.mzML	1734	0	211.109888712565	1	15034.619999999999	0.0
29	input_spectra/bkgrnd-marine-broth.mzML	1735	0	141.95991734096	1	15158.099999999999	0.0
29	input_spectra/bkgrnd-marine-broth.mzML	1736	0	141.95991734096	1	15169.619999999999	0.0
140	input_spectra/bkgrnd-marine-broth.mzML	1737	0	359.196111043294	1	15245.04	0.0
140	input_spectra/bkgrnd-marine-broth.mzML	1738	0	359.196111043294	1	15256.560000000001	0.0
140	input_spectra/bkgrnd-marine-broth.mzML	1739	0	359.196111043294	1	15392.100000000002	0.0
140	input_spectra/bkgrnd-marine-broth.mzML	1740	0	359.196111043294	1	15403.619999999999	0.0
140	input_spectra/bkgrnd-marine-broth.mzML	1741	0	359.196111043294	1	15442.98	0.0
140	input_spectra/bkgrnd-marine-broth.mzML	1742	0	359.196111043294	1	15454.44	0.0
21	input_spectra/bkgrnd-marine-broth.mzML	1743	0	131.930934906006	1	15493.800000000001	0.0
21	input_spectra/bkgrnd-marine-broth.mzML	1744	0	131.930934906006	1	15505.320000000002	0.0
29	input_spectra/bkgrnd-marine-broth.mzML	1745	0	141.95991734096	1	15556.68	0.0
29	input_spectra/bkgrnd-marine-broth.mzML	1746	0	141.95991734096	1	15568.14	0.0
21	input_spectra/bkgrnd-marine-broth.mzML	1747	0	131.930934906006	1	15703.74	0.0
21	input_spectra/bkgrnd-marine-broth.mzML	1748	0	131.930934906006	1	15715.2	0.0
21	input_spectra/bkgrnd-marine-broth.mzML	1749	0	131.930934906006	1	15778.619999999999	0.0
21	input_spectra/bkgrnd-marine-broth.mzML	1750	0	131.930934906006	1	15790.08	0.0
22	input_spectra/bkgrnd-marine-broth.mzML	1751	0	132.103280318411	1	15829.38	0.0
22	input_spectra/bkgrnd-marine-broth.mzML	1752	0	132.103280318411	1	15840.9	0.0
22	input_spectra/bkgrnd-marine-broth.mzML	1753	0	132.103280318411	1	15880.26	0.0
22	input_spectra/bkgrnd-marine-broth.mzML	1754	0	132.103280318411	1	15891.720000000001	0.0
22	input_spectra/bkgrnd-marine-broth.mzML	1755	0	132.103280318411	1	15943.14	0.0
22	input_spectra/bkgrnd-marine-broth.mzML	1756	0	132.103280318411	1	15954.600000000002	0.0
70	input_spectra/bkgrnd-marine-broth.mzML	1757	0	189.088806152344	1	16030.08	0.0
71	input_spectra/bkgrnd-marine-broth.mzML	1758	0	189.088806152344	1	16041.539999999999	0.0
70	input_spectra/bkgrnd-marine-broth.mzML	1759	0	189.088806152344	1	16080.9	0.0
71	input_spectra/bkgrnd-marine-broth.mzML	1760	0	189.088806152344	1	16092.36	0.0
70	input_spectra/bkgrnd-marine-broth.mzML	1761	0	189.088806152344	1	16131.720000000001	0.0
47	input_spectra/bkgrnd-marine-broth.mzML	1762	0	166.088059743245	1	16350.9	0.0
48	input_spectra/bkgrnd-marine-broth.mzML	1763	0	166.088059743245	1	16362.42	0.0
47	input_spectra/bkgrnd-marine-broth.mzML	1764	0	166.088059743245	1	16401.72	0.0
48	input_spectra/bkgrnd-marine-broth.mzML	1765	0	166.088059743245	1	16413.239999999998	0.0
4	input_spectra/bkgrnd-marine-broth.mzML	1766	0	120.082079569499	1	16424.7	0.0
5	input_spectra/bkgrnd-marine-broth.mzML	1767	0	120.082079569499	1	16436.16	0.0
47	input_spectra/bkgrnd-marine-broth.mzML	1768	0	166.088059743245	1	16475.52	0.0
48	input_spectra/bkgrnd-marine-broth.mzML	1769	0	166.088059743245	1	16486.98	0.0
4	input_spectra/bkgrnd-marine-broth.mzML	1770	0	120.082079569499	1	16498.44	0.0
5	input_spectra/bkgrnd-marine-broth.mzML	1771	0	120.082079569499	1	16509.96	0.0
72	input_spectra/bkgrnd-marine-broth.mzML	1772	0	189.125183105469	1	16521.420000000002	0.0
72	input_spectra/bkgrnd-marine-broth.mzML	1773	0	189.125183105469	1	16532.88	0.0
4	input_spectra/bkgrnd-marine-broth.mzML	1774	0	120.082079569499	1	16572.24	0.0
5	input_spectra/bkgrnd-marine-broth.mzML	1775	0	120.082079569499	1	16583.699999999997	0.0
140	input_spectra/bkgrnd-marine-broth.mzML	1776	0	359.196111043294	1	16595.280000000002	0.0
140	input_spectra/bkgrnd-marine-broth.mzML	1777	0	359.196111043294	1	16606.739999999998	0.0
72	input_spectra/bkgrnd-marine-broth.mzML	1778	0	189.125183105469	1	16618.260000000002	0.0
72	input_spectra/bkgrnd-marine-broth.mzML	1779	0	189.125183105469	1	16629.719999999998	0.0
19	input_spectra/bkgrnd-marine-broth.mzML	1780	0	131.05034383138	1	16641.18	0.0
20	input_spectra/bkgrnd-marine-broth.mzML	1781	0	131.05034383138	1	16652.64	0.0
49	input_spectra/bkgrnd-marine-broth.mzML	1782	0	166.093887329102	1	16692.06	0.0
50	input_spectra/bkgrnd-marine-broth.mzML	1783	0	166.093887329102	1	16703.52	0.0
6	input_spectra/bkgrnd-marine-broth.mzML	1784	0	120.084854125977	1	16714.980000000003	0.0
7	input_spectra/bkgrnd-marine-broth.mzML	1785	0	120.084854125977	1	16726.44	0.0
72	input_spectra/bkgrnd-marine-broth.mzML	1786	0	189.125183105469	1	16737.96	0.0
72	input_spectra/bkgrnd-marine-broth.mzML	1787	0	189.125183105469	1	16749.42	0.0
140	input_spectra/bkgrnd-marine-broth.mzML	1788	0	359.196111043294	1	16760.94	0.0
140	input_spectra/bkgrnd-marine-broth.mzML	1789	0	359.196111043294	1	16772.46	0.0
19	input_spectra/bkgrnd-marine-broth.mzML	1790	0	131.05034383138	1	16783.920000000002	0.0
20	input_spectra/bkgrnd-marine-broth.mzML	1791	0	131.05034383138	1	16795.38	0.0
6	input_spectra/bkgrnd-marine-broth.mzML	1792	0	120.086292266846	1	16834.8	0.0
7	input_spectra/bkgrnd-marine-broth.mzML	1793	0	120.086292266846	1	16846.260000000002	0.0
140	input_spectra/bkgrnd-marine-broth.mzML	1794	0	359.196111043294	1	16857.780000000002	0.0
140	input_spectra/bkgrnd-marine-broth.mzML	1795	0	359.196111043294	1	16869.239999999998	0.0
19	input_spectra/bkgrnd-marine-broth.mzML	1796	0	131.05034383138	1	16880.760000000002	0.0
20	input_spectra/bkgrnd-marine-broth.mzML	1797	0	131.05034383138	1	16892.219999999998	0.0
31	input_spectra/bkgrnd-marine-broth.mzML	1798	0	149.061024983724	1	16903.68	0.0
32	input_spectra/bkgrnd-marine-broth.mzML	1799	0	149.061024983724	1	16915.2	0.0
6	input_spectra/bkgrnd-marine-broth.mzML	1800	0	120.086292266846	1	16977.54	0.0
7	input_spectra/bkgrnd-marine-broth.mzML	1801	0	120.086292266846	1	16989.0	0.0
31	input_spectra/bkgrnd-marine-broth.mzML	1802	0	149.061024983724	1	17000.46	0.0
32	input_spectra/bkgrnd-marine-broth.mzML	1803	0	149.061024983724	1	17011.92	0.0
31	input_spectra/bkgrnd-marine-broth.mzML	1804	0	149.061024983724	1	17051.34	0.0
32	input_spectra/bkgrnd-marine-broth.mzML	1805	0	149.061024983724	1	17062.8	0.0
49	input_spectra/bkgrnd-marine-broth.mzML	1806	0	166.093887329102	1	17102.16	0.0
50	input_spectra/bkgrnd-marine-broth.mzML	1807	0	166.093887329102	1	17113.68	0.0
131	input_spectra/bkgrnd-marine-broth.mzML	1808	0	331.200653076172	1	17125.14	0.0
131	input_spectra/bkgrnd-marine-broth.mzML	1809	0	331.200653076172	1	17136.66	0.0
49	input_spectra/bkgrnd-marine-broth.mzML	1810	0	166.093887329102	1	17176.02	0.0
50	input_spectra/bkgrnd-marine-broth.mzML	1811	0	166.093887329102	1	17187.480000000003	0.0
131	input_spectra/bkgrnd-marine-broth.mzML	1812	0	331.200653076172	1	17199.0	0.0
131	input_spectra/bkgrnd-marine-broth.mzML	1813	0	331.200653076172	1	17210.52	0.0
131	input_spectra/bkgrnd-marine-broth.mzML	1814	0	331.200653076172	1	17249.88	0.0
131	input_spectra/bkgrnd-marine-broth.mzML	1815	0	331.200653076172	1	17261.34	0.0
29	input_spectra/bkgrnd-marine-broth.mzML	1816	0	141.95991734096	1	17272.859999999997	0.0
29	input_spectra/bkgrnd-marine-broth.mzML	1817	0	141.95991734096	1	17284.32	0.0
29	input_spectra/bkgrnd-marine-broth.mzML	1818	0	141.95991734096	1	17323.68	0.0
29	input_spectra/bkgrnd-marine-broth.mzML	1819	0	141.95991734096	1	17335.2	0.0
29	input_spectra/bkgrnd-marine-broth.mzML	1820	0	141.95991734096	1	17374.56	0.0
29	input_spectra/bkgrnd-marine-broth.mzML	1821	0	141.95991734096	1	17386.02	0.0
47	input_spectra/bkgrnd-marine-broth.mzML	1822	0	166.088059743245	1	17497.559999999998	0.0
48	input_spectra/bkgrnd-marine-broth.mzML	1823	0	166.088059743245	1	17509.02	0.0
47	input_spectra/bkgrnd-marine-broth.mzML	1824	0	166.088059743245	1	17548.38	0.0
48	input_spectra/bkgrnd-marine-broth.mzML	1825	0	166.088059743245	1	17559.84	0.0
47	input_spectra/bkgrnd-marine-broth.mzML	1826	0	166.088059743245	1	17599.2	0.0
48	input_spectra/bkgrnd-marine-broth.mzML	1827	0	166.088059743245	1	17610.72	0.0
4	input_spectra/bkgrnd-marine-broth.mzML	1828	0	120.082079569499	1	17622.18	0.0
5	input_spectra/bkgrnd-marine-broth.mzML	1829	0	120.082079569499	1	17633.64	0.0
4	input_spectra/bkgrnd-marine-broth.mzML	1830	0	120.082079569499	1	17673.0	0.0
5	input_spectra/bkgrnd-marine-broth.mzML	1831	0	120.082079569499	1	17684.52	0.0
4	input_spectra/bkgrnd-marine-broth.mzML	1832	0	120.082079569499	1	17723.82	0.0
5	input_spectra/bkgrnd-marine-broth.mzML	1833	0	120.082079569499	1	17735.34	0.0
42	input_spectra/bkgrnd-marine-broth.mzML	1834	0	158.962689717611	1	17822.76	0.0
42	input_spectra/bkgrnd-marine-broth.mzML	1835	0	158.962689717611	1	17834.22	0.0
42	input_spectra/bkgrnd-marine-broth.mzML	1836	0	158.962689717611	1	18234.36	0.0
42	input_spectra/bkgrnd-marine-broth.mzML	1837	0	158.962689717611	1	18245.82	0.0
42	input_spectra/bkgrnd-marine-broth.mzML	1838	0	158.962689717611	1	18297.24	0.0
42	input_spectra/bkgrnd-marine-broth.mzML	1839	0	158.962689717611	1	18308.699999999997	0.0
21	input_spectra/bkgrnd-marine-broth.mzML	1840	0	131.930934906006	1	18396.18	0.0
21	input_spectra/bkgrnd-marine-broth.mzML	1841	0	131.930934906006	1	18407.64	0.0
29	input_spectra/bkgrnd-marine-broth.mzML	1842	0	141.95991734096	1	18447.0	0.0
29	input_spectra/bkgrnd-marine-broth.mzML	1843	0	141.95991734096	1	18458.460000000003	0.0
29	input_spectra/bkgrnd-marine-broth.mzML	1844	0	141.95991734096	1	18497.88	0.0
29	input_spectra/bkgrnd-marine-broth.mzML	1845	0	141.95991734096	1	18509.34	0.0
29	input_spectra/bkgrnd-marine-broth.mzML	1846	0	141.95991734096	1	18548.699999999997	0.0
29	input_spectra/bkgrnd-marine-broth.mzML	1847	0	141.95991734096	1	18560.16	0.0
72	input_spectra/bkgrnd-marine-broth.mzML	1848	0	189.125183105469	1	18599.579999999998	0.0
47	input_spectra/bkgrnd-marine-broth.mzML	1849	0	166.088059743245	1	18650.399999999998	0.0
48	input_spectra/bkgrnd-marine-broth.mzML	1850	0	166.088059743245	1	18661.92	0.0
72	input_spectra/bkgrnd-marine-broth.mzML	1851	0	189.125183105469	1	18673.38	0.0
72	input_spectra/bkgrnd-marine-broth.mzML	1852	0	189.125183105469	1	18684.84	0.0
47	input_spectra/bkgrnd-marine-broth.mzML	1853	0	166.088059743245	1	18724.2	0.0
48	input_spectra/bkgrnd-marine-broth.mzML	1854	0	166.088059743245	1	18735.72	0.0
72	input_spectra/bkgrnd-marine-broth.mzML	1855	0	189.125183105469	1	18747.18	0.0
72	input_spectra/bkgrnd-marine-broth.mzML	1856	0	189.125183105469	1	18758.64	0.0
47	input_spectra/bkgrnd-marine-broth.mzML	1857	0	166.088059743245	1	18798.0	0.0
48	input_spectra/bkgrnd-marine-broth.mzML	1858	0	166.088059743245	1	18809.46	0.0
4	input_spectra/bkgrnd-marine-broth.mzML	1859	0	120.082079569499	1	18820.920000000002	0.0
5	input_spectra/bkgrnd-marine-broth.mzML	1860	0	120.082079569499	1	18832.440000000002	0.0
4	input_spectra/bkgrnd-marine-broth.mzML	1861	0	120.082079569499	1	18871.739999999998	0.0
5	input_spectra/bkgrnd-marine-broth.mzML	1862	0	120.082079569499	1	18883.2	0.0
22	input_spectra/bkgrnd-marine-broth.mzML	1863	0	132.103280318411	1	18894.719999999998	0.0
22	input_spectra/bkgrnd-marine-broth.mzML	1864	0	132.103280318411	1	18906.18	0.0
4	input_spectra/bkgrnd-marine-broth.mzML	1865	0	120.082079569499	1	18945.54	0.0
5	input_spectra/bkgrnd-marine-broth.mzML	1866	0	120.082079569499	1	18957.0	0.0
22	input_spectra/bkgrnd-marine-broth.mzML	1867	0	132.103280318411	1	18968.460000000003	0.0
22	input_spectra/bkgrnd-marine-broth.mzML	1868	0	132.103280318411	1	18979.980000000003	0.0
22	input_spectra/bkgrnd-marine-broth.mzML	1869	0	132.103280318411	1	19019.34	0.0
22	input_spectra/bkgrnd-marine-broth.mzML	1870	0	132.103280318411	1	19030.8	0.0
42	input_spectra/bkgrnd-marine-broth.mzML	1871	0	158.962689717611	1	19467.0	0.0
42	input_spectra/bkgrnd-marine-broth.mzML	1872	0	158.962689717611	1	19478.460000000003	0.0
42	input_spectra/bkgrnd-marine-broth.mzML	1873	0	158.962689717611	1	19541.879999999997	0.0
42	input_spectra/bkgrnd-marine-broth.mzML	1874	0	158.962689717611	1	19553.34	0.0
29	input_spectra/bkgrnd-marine-broth.mzML	1875	0	141.95991734096	1	19604.7	0.0
29	input_spectra/bkgrnd-marine-broth.mzML	1876	0	141.95991734096	1	19616.22	0.0
29	input_spectra/bkgrnd-marine-broth.mzML	1877	0	141.95991734096	1	19655.58	0.0
29	input_spectra/bkgrnd-marine-broth.mzML	1878	0	141.95991734096	1	19667.04	0.0
29	input_spectra/bkgrnd-marine-broth.mzML	1879	0	141.95991734096	1	19706.4	0.0
29	input_spectra/bkgrnd-marine-broth.mzML	1880	0	141.95991734096	1	19717.859999999997	0.0
88	input_spectra/bkgrnd-marine-broth.mzML	1881	0	229.157028198242	1	19769.28	0.0
88	input_spectra/bkgrnd-marine-broth.mzML	1882	0	229.157028198242	1	19780.739999999998	0.0
47	input_spectra/bkgrnd-marine-broth.mzML	1883	0	166.088059743245	1	19820.1	0.0
48	input_spectra/bkgrnd-marine-broth.mzML	1884	0	166.088059743245	1	19831.62	0.0
88	input_spectra/bkgrnd-marine-broth.mzML	1885	0	229.157028198242	1	19843.08	0.0
88	input_spectra/bkgrnd-marine-broth.mzML	1886	0	229.157028198242	1	19854.600000000002	0.0
88	input_spectra/bkgrnd-marine-broth.mzML	1887	0	229.157028198242	1	19893.96	0.0
88	input_spectra/bkgrnd-marine-broth.mzML	1888	0	229.157028198242	1	19905.420000000002	0.0
47	input_spectra/bkgrnd-marine-broth.mzML	1889	0	166.088059743245	1	19916.940000000002	0.0
48	input_spectra/bkgrnd-marine-broth.mzML	1890	0	166.088059743245	1	19928.399999999998	0.0
47	input_spectra/bkgrnd-marine-broth.mzML	1891	0	166.088059743245	1	19967.76	0.0
48	input_spectra/bkgrnd-marine-broth.mzML	1892	0	166.088059743245	1	19979.28	0.0
4	input_spectra/bkgrnd-marine-broth.mzML	1893	0	120.082079569499	1	19990.739999999998	0.0
5	input_spectra/bkgrnd-marine-broth.mzML	1894	0	120.082079569499	1	20002.2	0.0
4	input_spectra/bkgrnd-marine-broth.mzML	1895	0	120.082079569499	1	20053.56	0.0
5	input_spectra/bkgrnd-marine-broth.mzML	1896	0	120.082079569499	1	20065.019999999997	0.0
42	input_spectra/bkgrnd-marine-broth.mzML	1897	0	158.962689717611	1	20104.379999999997	0.0
42	input_spectra/bkgrnd-marine-broth.mzML	1898	0	158.962689717611	1	20115.84	0.0
4	input_spectra/bkgrnd-marine-broth.mzML	1899	0	120.082079569499	1	20127.3	0.0
5	input_spectra/bkgrnd-marine-broth.mzML	1900	0	120.082079569499	1	20138.760000000002	0.0
29	input_spectra/bkgrnd-marine-broth.mzML	1901	0	141.95991734096	1	20743.260000000002	0.0
29	input_spectra/bkgrnd-marine-broth.mzML	1902	0	141.95991734096	1	20754.719999999998	0.0
29	input_spectra/bkgrnd-marine-broth.mzML	1903	0	141.95991734096	1	20794.079999999998	0.0
29	input_spectra/bkgrnd-marine-broth.mzML	1904	0	141.95991734096	1	20805.6	0.0
29	input_spectra/bkgrnd-marine-broth.mzML	1905	0	141.95991734096	1	20844.96	0.0
29	input_spectra/bkgrnd-marine-broth.mzML	1906	0	141.95991734096	1	20856.420000000002	0.0
107	input_spectra/bkgrnd-marine-broth.mzML	1907	0	274.178975423177	1	21641.28	0.0
107	input_spectra/bkgrnd-marine-broth.mzML	1908	0	274.178975423177	1	21652.8	0.0
107	input_spectra/bkgrnd-marine-broth.mzML	1909	0	274.178975423177	1	21692.16	0.0
107	input_spectra/bkgrnd-marine-broth.mzML	1910	0	274.178975423177	1	21703.62	0.0
107	input_spectra/bkgrnd-marine-broth.mzML	1911	0	274.178975423177	1	21743.04	0.0
107	input_spectra/bkgrnd-marine-broth.mzML	1912	0	274.178975423177	1	21754.5	0.0
29	input_spectra/bkgrnd-marine-broth.mzML	1913	0	141.95991734096	1	21918.54	0.0
29	input_spectra/bkgrnd-marine-broth.mzML	1914	0	141.95991734096	1	21930.0	0.0
90	input_spectra/bkgrnd-marine-broth.mzML	1915	0	231.172617594401	1	21941.52	0.0
90	input_spectra/bkgrnd-marine-broth.mzML	1916	0	231.172617594401	1	21992.34	0.0
29	input_spectra/bkgrnd-marine-broth.mzML	1917	0	141.95991734096	1	22015.32	0.0
29	input_spectra/bkgrnd-marine-broth.mzML	1918	0	141.95991734096	1	22026.78	0.0
90	input_spectra/bkgrnd-marine-broth.mzML	1919	0	231.172617594401	1	22066.079999999998	0.0
90	input_spectra/bkgrnd-marine-broth.mzML	1920	0	231.172617594401	1	22077.6	0.0
29	input_spectra/bkgrnd-marine-broth.mzML	1921	0	141.95991734096	1	22089.06	0.0
29	input_spectra/bkgrnd-marine-broth.mzML	1922	0	141.95991734096	1	22100.52	0.0
88	input_spectra/bkgrnd-marine-broth.mzML	1923	0	229.157028198242	1	22717.079999999998	0.0
88	input_spectra/bkgrnd-marine-broth.mzML	1924	0	229.157028198242	1	22728.54	0.0
88	input_spectra/bkgrnd-marine-broth.mzML	1925	0	229.157028198242	1	22767.899999999998	0.0
88	input_spectra/bkgrnd-marine-broth.mzML	1926	0	229.157028198242	1	22779.36	0.0
88	input_spectra/bkgrnd-marine-broth.mzML	1927	0	229.157028198242	1	22818.78	0.0
88	input_spectra/bkgrnd-marine-broth.mzML	1928	0	229.157028198242	1	22830.24	0.0
29	input_spectra/bkgrnd-marine-broth.mzML	1929	0	141.95991734096	1	23098.08	0.0
29	input_spectra/bkgrnd-marine-broth.mzML	1930	0	141.95991734096	1	23109.54	0.0
29	input_spectra/bkgrnd-marine-broth.mzML	1931	0	141.95991734096	1	23148.96	0.0
29	input_spectra/bkgrnd-marine-broth.mzML	1932	0	141.95991734096	1	23160.420000000002	0.0
29	input_spectra/bkgrnd-marine-broth.mzML	1933	0	141.95991734096	1	23199.78	0.0
29	input_spectra/bkgrnd-marine-broth.mzML	1934	0	141.95991734096	1	23211.239999999998	0.0
88	input_spectra/bkgrnd-marine-broth.mzML	1935	0	229.157028198242	1	23863.86	0.0
88	input_spectra/bkgrnd-marine-broth.mzML	1936	0	229.157028198242	1	23875.38	0.0
201	input_spectra/bkgrnd-marine-broth.mzML	1937	0	527.287231445313	1	23886.9	0.0
201	input_spectra/bkgrnd-marine-broth.mzML	1938	0	527.287231445313	1	23898.420000000002	0.0
88	input_spectra/bkgrnd-marine-broth.mzML	1939	0	229.157028198242	1	23937.780000000002	0.0
88	input_spectra/bkgrnd-marine-broth.mzML	1940	0	229.157028198242	1	23949.3	0.0
88	input_spectra/bkgrnd-marine-broth.mzML	1941	0	229.157028198242	1	23988.6	0.0
88	input_spectra/bkgrnd-marine-broth.mzML	1942	0	229.157028198242	1	24000.12	0.0
264	input_spectra/bkgrnd-marine-broth.mzML	1943	0	756.358744303385	1	24114.0	0.0
264	input_spectra/bkgrnd-marine-broth.mzML	1944	0	756.358744303385	1	24164.88	0.0
264	input_spectra/bkgrnd-marine-broth.mzML	1945	0	756.358744303385	1	24215.760000000002	0.0
238	input_spectra/bkgrnd-marine-broth.mzML	1946	0	618.330220540365	1	24250.44	0.0
239	input_spectra/bkgrnd-marine-broth.mzML	1947	0	618.330220540365	1	24261.96	0.0
269	input_spectra/bkgrnd-marine-broth.mzML	1948	0	783.443644205729	1	24273.48	0.0
270	input_spectra/bkgrnd-marine-broth.mzML	1949	0	783.443644205729	1	24285.059999999998	0.0
269	input_spectra/bkgrnd-marine-broth.mzML	1950	0	783.443644205729	1	24324.42	0.0
270	input_spectra/bkgrnd-marine-broth.mzML	1951	0	783.443644205729	1	24335.94	0.0
238	input_spectra/bkgrnd-marine-broth.mzML	1952	0	618.330220540365	1	24347.519999999997	0.0
239	input_spectra/bkgrnd-marine-broth.mzML	1953	0	618.330220540365	1	24359.039999999997	0.0
286	input_spectra/bkgrnd-marine-broth.mzML	1954	0	1105.584289550781	1	24370.620000000003	0.0
238	input_spectra/bkgrnd-marine-broth.mzML	1955	0	618.330220540365	1	24444.66	0.0
239	input_spectra/bkgrnd-marine-broth.mzML	1956	0	618.330220540365	1	24456.18	0.0
269	input_spectra/bkgrnd-marine-broth.mzML	1957	0	783.443644205729	1	24467.76	0.0
286	input_spectra/bkgrnd-marine-broth.mzML	1958	0	1105.584289550781	1	24490.86	0.0
282	input_spectra/bkgrnd-marine-broth.mzML	1959	0	938.430145263672	1	24525.54	0.0
226	input_spectra/bkgrnd-marine-broth.mzML	1960	0	584.30995686849	1	24622.68	0.0
185	input_spectra/bkgrnd-marine-broth.mzML	1961	0	488.240407307943	1	24685.2	0.0
185	input_spectra/bkgrnd-marine-broth.mzML	1962	0	488.240407307943	1	24696.72	0.0
185	input_spectra/bkgrnd-marine-broth.mzML	1963	0	488.240407307943	1	24828.54	0.0
185	input_spectra/bkgrnd-marine-broth.mzML	1964	0	488.240407307943	1	24840.059999999998	0.0
153	input_spectra/bkgrnd-marine-broth.mzML	1965	0	430.233734130859	1	24851.579999999998	0.0
153	input_spectra/bkgrnd-marine-broth.mzML	1966	0	430.233734130859	1	24863.04	0.0
185	input_spectra/bkgrnd-marine-broth.mzML	1967	0	488.240407307943	1	24925.44	0.0
185	input_spectra/bkgrnd-marine-broth.mzML	1968	0	488.240407307943	1	24936.96	0.0
153	input_spectra/bkgrnd-marine-broth.mzML	1969	0	430.233734130859	1	24948.48	0.0
153	input_spectra/bkgrnd-marine-broth.mzML	1970	0	430.233734130859	1	24959.940000000002	0.0
227	input_spectra/bkgrnd-marine-broth.mzML	1971	0	584.30995686849	1	24999.36	0.0
226	input_spectra/bkgrnd-marine-broth.mzML	1972	0	584.30995686849	1	25010.88	0.0
153	input_spectra/bkgrnd-marine-broth.mzML	1973	0	430.233734130859	1	25022.4	0.0
153	input_spectra/bkgrnd-marine-broth.mzML	1974	0	430.233734130859	1	25033.86	0.0
170	input_spectra/bkgrnd-marine-broth.mzML	1975	0	460.244934082031	1	25045.38	0.0
170	input_spectra/bkgrnd-marine-broth.mzML	1976	0	460.244934082031	1	25056.9	0.0
227	input_spectra/bkgrnd-marine-broth.mzML	1977	0	584.30995686849	1	25096.260000000002	0.0
226	input_spectra/bkgrnd-marine-broth.mzML	1978	0	584.30995686849	1	25107.780000000002	0.0
287	input_spectra/bkgrnd-marine-broth.mzML	1979	0	1149.564208984375	1	25147.140000000003	0.0
288	input_spectra/bkgrnd-marine-broth.mzML	1980	0	1149.564208984375	1	25158.72	0.0
287	input_spectra/bkgrnd-marine-broth.mzML	1981	0	1149.564208984375	1	25198.08	0.0
288	input_spectra/bkgrnd-marine-broth.mzML	1982	0	1149.564208984375	1	25209.66	0.0
152	input_spectra/bkgrnd-marine-broth.mzML	1983	0	428.254776000977	1	25364.16	0.0
152	input_spectra/bkgrnd-marine-broth.mzML	1984	0	428.254776000977	1	25375.68	0.0
289	input_spectra/bkgrnd-marine-broth.mzML	1985	0	1150.556030273438	1	25398.84	0.0
168	input_spectra/bkgrnd-marine-broth.mzML	1986	0	456.249816894531	1	25410.420000000002	0.0
168	input_spectra/bkgrnd-marine-broth.mzML	1987	0	456.249816894531	1	25421.940000000002	0.0
152	input_spectra/bkgrnd-marine-broth.mzML	1988	0	428.254776000977	1	25484.4	0.0
152	input_spectra/bkgrnd-marine-broth.mzML	1989	0	428.254776000977	1	25495.920000000002	0.0
285	input_spectra/bkgrnd-marine-broth.mzML	1990	0	1007.525634765625	1	25542.06	0.0
169	input_spectra/bkgrnd-marine-broth.mzML	1991	0	458.265899658203	1	25553.64	0.0
169	input_spectra/bkgrnd-marine-broth.mzML	1992	0	458.265899658203	1	25565.16	0.0
159	input_spectra/bkgrnd-marine-broth.mzML	1993	0	440.25493367513	1	25627.68	0.0
159	input_spectra/bkgrnd-marine-broth.mzML	1994	0	440.25493367513	1	25639.2	0.0
285	input_spectra/bkgrnd-marine-broth.mzML	1995	0	1007.525634765625	1	25662.36	0.0
198	input_spectra/bkgrnd-marine-broth.mzML	1996	0	522.224914550781	1	25673.94	0.0
198	input_spectra/bkgrnd-marine-broth.mzML	1997	0	522.224914550781	1	25685.46	0.0
169	input_spectra/bkgrnd-marine-broth.mzML	1998	0	458.265899658203	1	25696.92	0.0
159	input_spectra/bkgrnd-marine-broth.mzML	1999	0	440.25493367513	1	25747.859999999997	0.0
159	input_spectra/bkgrnd-marine-broth.mzML	2000	0	440.25493367513	1	25759.379999999997	0.0
231	input_spectra/bkgrnd-marine-broth.mzML	2001	0	612.341369628906	1	25770.899999999998	0.0
232	input_spectra/bkgrnd-marine-broth.mzML	2002	0	612.341369628906	1	25782.42	0.0
192	input_spectra/bkgrnd-marine-broth.mzML	2003	0	511.292541503906	1	25817.100000000002	0.0
192	input_spectra/bkgrnd-marine-broth.mzML	2004	0	511.292541503906	1	25828.56	0.0
198	input_spectra/bkgrnd-marine-broth.mzML	2005	0	522.224914550781	1	25840.08	0.0
228	input_spectra/bkgrnd-marine-broth.mzML	2006	0	586.325286865234	1	25891.02	0.0
228	input_spectra/bkgrnd-marine-broth.mzML	2007	0	586.325286865234	1	25902.480000000003	0.0
134	input_spectra/bkgrnd-marine-broth.mzML	2008	0	344.231323242188	1	25914.0	0.0
134	input_spectra/bkgrnd-marine-broth.mzML	2009	0	344.231323242188	1	25925.52	0.0
159	input_spectra/bkgrnd-marine-broth.mzML	2010	0	440.25493367513	1	25937.04	0.0
159	input_spectra/bkgrnd-marine-broth.mzML	2011	0	440.25493367513	1	25948.56	0.0
192	input_spectra/bkgrnd-marine-broth.mzML	2012	0	511.292541503906	1	25960.019999999997	0.0
192	input_spectra/bkgrnd-marine-broth.mzML	2013	0	511.292541503906	1	25971.539999999997	0.0
76	input_spectra/bkgrnd-marine-broth.mzML	2014	0	205.099311828613	1	26033.94	0.0
77	input_spectra/bkgrnd-marine-broth.mzML	2015	0	205.099311828613	1	26045.399999999998	0.0
66	input_spectra/bkgrnd-marine-broth.mzML	2016	0	188.072463989258	1	26056.86	0.0
67	input_spectra/bkgrnd-marine-broth.mzML	2017	0	188.072463989258	1	26068.38	0.0
228	input_spectra/bkgrnd-marine-broth.mzML	2018	0	586.325286865234	1	26079.9	0.0
228	input_spectra/bkgrnd-marine-broth.mzML	2019	0	586.325286865234	1	26091.420000000002	0.0
251	input_spectra/bkgrnd-marine-broth.mzML	2020	0	683.379455566406	1	26137.559999999998	0.0
76	input_spectra/bkgrnd-marine-broth.mzML	2021	0	205.099311828613	1	26176.92	0.0
77	input_spectra/bkgrnd-marine-broth.mzML	2022	0	205.099311828613	1	26188.38	0.0
66	input_spectra/bkgrnd-marine-broth.mzML	2023	0	188.072463989258	1	26199.9	0.0
67	input_spectra/bkgrnd-marine-broth.mzML	2024	0	188.072463989258	1	26211.36	0.0
233	input_spectra/bkgrnd-marine-broth.mzML	2025	0	612.341369628906	1	26222.94	0.0
233	input_spectra/bkgrnd-marine-broth.mzML	2026	0	612.341369628906	1	26234.46	0.0
277	input_spectra/bkgrnd-marine-broth.mzML	2027	0	871.461029052734	1	26257.559999999998	0.0
101	input_spectra/bkgrnd-marine-broth.mzML	2028	0	263.141876220703	1	26269.079999999998	0.0
101	input_spectra/bkgrnd-marine-broth.mzML	2029	0	263.141876220703	1	26280.6	0.0
146	input_spectra/bkgrnd-marine-broth.mzML	2030	0	388.258239746094	1	26319.96	0.0
146	input_spectra/bkgrnd-marine-broth.mzML	2031	0	388.258239746094	1	26331.48	0.0
234	input_spectra/bkgrnd-marine-broth.mzML	2032	0	612.341369628906	1	26365.98	0.0
234	input_spectra/bkgrnd-marine-broth.mzML	2033	0	612.341369628906	1	26377.5	0.0
283	input_spectra/bkgrnd-marine-broth.mzML	2034	0	947.457214355469	1	26389.079999999998	0.0
284	input_spectra/bkgrnd-marine-broth.mzML	2035	0	947.457214355469	1	26400.66	0.0
235	input_spectra/bkgrnd-marine-broth.mzML	2036	0	614.357238769531	1	26463.120000000003	0.0
235	input_spectra/bkgrnd-marine-broth.mzML	2037	0	614.357238769531	1	26474.640000000003	0.0
146	input_spectra/bkgrnd-marine-broth.mzML	2038	0	388.258239746094	1	26486.16	0.0
284	input_spectra/bkgrnd-marine-broth.mzML	2039	0	947.457214355469	1	26520.84	0.0
145	input_spectra/bkgrnd-marine-broth.mzML	2040	0	385.249328613281	1	26532.36	0.0
145	input_spectra/bkgrnd-marine-broth.mzML	2041	0	385.249328613281	1	26543.88	0.0
157	input_spectra/bkgrnd-marine-broth.mzML	2042	0	432.285171508789	1	26606.22	0.0
157	input_spectra/bkgrnd-marine-broth.mzML	2043	0	432.285171508789	1	26617.74	0.0
235	input_spectra/bkgrnd-marine-broth.mzML	2044	0	614.357238769531	1	26675.399999999998	0.0
235	input_spectra/bkgrnd-marine-broth.mzML	2045	0	614.357238769531	1	26686.92	0.0
157	input_spectra/bkgrnd-marine-broth.mzML	2046	0	432.285171508789	1	26749.32	0.0
157	input_spectra/bkgrnd-marine-broth.mzML	2047	0	432.285171508789	1	26760.78	0.0
176	input_spectra/bkgrnd-marine-broth.mzML	2048	0	476.311747233073	1	26795.34	0.0
176	input_spectra/bkgrnd-marine-broth.mzML	2049	0	476.311747233073	1	26806.86	0.0
291	input_spectra/bkgrnd-marine-broth.mzML	2050	0	1216.558837890625	1	26841.48	0.0
176	input_spectra/bkgrnd-marine-broth.mzML	2051	0	476.311747233073	1	26892.42	0.0
176	input_spectra/bkgrnd-marine-broth.mzML	2052	0	476.311747233073	1	26903.94	0.0
179	input_spectra/bkgrnd-marine-broth.mzML	2053	0	481.267242431641	1	26915.46	0.0
87	input_spectra/bkgrnd-marine-broth.mzML	2054	0	227.141393025716	1	26938.44	0.0
87	input_spectra/bkgrnd-marine-broth.mzML	2055	0	227.141393025716	1	26949.96	0.0
290	input_spectra/bkgrnd-marine-broth.mzML	2056	0	1200.565185546875	1	26961.600000000002	0.0
291	input_spectra/bkgrnd-marine-broth.mzML	2057	0	1216.558837890625	1	26984.7	0.0
197	input_spectra/bkgrnd-marine-broth.mzML	2058	0	520.338562011719	1	27035.64	0.0
197	input_spectra/bkgrnd-marine-broth.mzML	2059	0	520.338562011719	1	27047.16	0.0
176	input_spectra/bkgrnd-marine-broth.mzML	2060	0	476.311747233073	1	27058.68	0.0
176	input_spectra/bkgrnd-marine-broth.mzML	2061	0	476.311747233073	1	27070.2	0.0
87	input_spectra/bkgrnd-marine-broth.mzML	2062	0	227.141393025716	1	27081.72	0.0
87	input_spectra/bkgrnd-marine-broth.mzML	2063	0	227.141393025716	1	27093.18	0.0
290	input_spectra/bkgrnd-marine-broth.mzML	2064	0	1200.565185546875	1	27127.859999999997	0.0
197	input_spectra/bkgrnd-marine-broth.mzML	2065	0	520.338562011719	1	27178.800000000003	0.0
197	input_spectra/bkgrnd-marine-broth.mzML	2066	0	520.338562011719	1	27190.32	0.0
219	input_spectra/bkgrnd-marine-broth.mzML	2067	0	564.364949544271	1	27224.88	0.0
219	input_spectra/bkgrnd-marine-broth.mzML	2068	0	564.364949544271	1	27236.4	0.0
86	input_spectra/bkgrnd-marine-broth.mzML	2069	0	227.141393025716	1	27247.920000000002	0.0
87	input_spectra/bkgrnd-marine-broth.mzML	2070	0	227.141393025716	1	27259.379999999997	0.0
220	input_spectra/bkgrnd-marine-broth.mzML	2071	0	569.3232421875	1	27282.480000000003	0.0
219	input_spectra/bkgrnd-marine-broth.mzML	2072	0	564.364949544271	1	27321.84	0.0
219	input_spectra/bkgrnd-marine-broth.mzML	2073	0	564.364949544271	1	27333.36	0.0
197	input_spectra/bkgrnd-marine-broth.mzML	2074	0	520.338562011719	1	27390.899999999998	0.0
230	input_spectra/bkgrnd-marine-broth.mzML	2075	0	608.391581217448	1	27413.94	0.0
230	input_spectra/bkgrnd-marine-broth.mzML	2076	0	608.391581217448	1	27425.46	0.0
230	input_spectra/bkgrnd-marine-broth.mzML	2077	0	608.391581217448	1	27464.82	0.0
230	input_spectra/bkgrnd-marine-broth.mzML	2078	0	608.391581217448	1	27476.34	0.0
100	input_spectra/bkgrnd-marine-broth.mzML	2079	0	261.126291910807	1	27487.859999999997	0.0
100	input_spectra/bkgrnd-marine-broth.mzML	2080	0	261.126291910807	1	27499.379999999997	0.0
219	input_spectra/bkgrnd-marine-broth.mzML	2081	0	564.364949544271	1	27533.94	0.0
219	input_spectra/bkgrnd-marine-broth.mzML	2082	0	564.364949544271	1	27545.46	0.0
149	input_spectra/bkgrnd-marine-broth.mzML	2083	0	419.233673095703	1	27556.98	0.0
149	input_spectra/bkgrnd-marine-broth.mzML	2084	0	419.233673095703	1	27568.5	0.0
230	input_spectra/bkgrnd-marine-broth.mzML	2085	0	608.391581217448	1	27607.859999999997	0.0
230	input_spectra/bkgrnd-marine-broth.mzML	2086	0	608.391581217448	1	27619.379999999997	0.0
2	input_spectra/bkgrnd-marine-broth.mzML	2087	0	117.074203491211	1	27653.94	0.0
2	input_spectra/bkgrnd-marine-broth.mzML	2088	0	117.074203491211	1	27665.399999999998	0.0
252	input_spectra/bkgrnd-marine-broth.mzML	2089	0	696.444763183594	1	27750.899999999998	0.0
252	input_spectra/bkgrnd-marine-broth.mzML	2090	0	696.444763183594	1	27762.42	0.0
244	input_spectra/bkgrnd-marine-broth.mzML	2091	0	652.41796875	1	27773.94	0.0
244	input_spectra/bkgrnd-marine-broth.mzML	2092	0	652.41796875	1	27785.46	0.0
2	input_spectra/bkgrnd-marine-broth.mzML	2093	0	117.074203491211	1	27796.98	0.0
2	input_spectra/bkgrnd-marine-broth.mzML	2094	0	117.074203491211	1	27808.44	0.0
62	input_spectra/bkgrnd-marine-broth.mzML	2095	0	183.09358215332	1	27831.420000000002	0.0
258	input_spectra/bkgrnd-marine-broth.mzML	2096	0	740.471008300781	1	27893.88	0.0
258	input_spectra/bkgrnd-marine-broth.mzML	2097	0	740.471008300781	1	27905.399999999998	0.0
2	input_spectra/bkgrnd-marine-broth.mzML	2098	0	117.074203491211	1	27916.98	0.0
2	input_spectra/bkgrnd-marine-broth.mzML	2099	0	117.074203491211	1	27928.44	0.0
252	input_spectra/bkgrnd-marine-broth.mzML	2100	0	696.444763183594	1	27940.019999999997	0.0
94	input_spectra/bkgrnd-marine-broth.mzML	2101	0	243.13648223877	1	27963.059999999998	0.0
99	input_spectra/bkgrnd-marine-broth.mzML	2102	0	261.126291910807	1	28013.94	0.0
94	input_spectra/bkgrnd-marine-broth.mzML	2103	0	243.13648223877	1	28036.92	0.0
271	input_spectra/bkgrnd-marine-broth.mzML	2104	0	784.497497558594	1	28059.96	0.0
79	input_spectra/bkgrnd-marine-broth.mzML	2105	0	211.146428426107	1	28315.26	0.0
79	input_spectra/bkgrnd-marine-broth.mzML	2106	0	211.146428426107	1	28326.78	0.0
79	input_spectra/bkgrnd-marine-broth.mzML	2107	0	211.146428426107	1	28366.14	0.0
79	input_spectra/bkgrnd-marine-broth.mzML	2108	0	211.146428426107	1	28377.6	0.0
79	input_spectra/bkgrnd-marine-broth.mzML	2109	0	211.146428426107	1	28417.02	0.0
79	input_spectra/bkgrnd-marine-broth.mzML	2110	0	211.146428426107	1	28428.48	0.0
95	input_spectra/bkgrnd-marine-broth.mzML	2111	0	245.130767822266	1	28876.68	0.0
95	input_spectra/bkgrnd-marine-broth.mzML	2112	0	245.130767822266	1	28888.14	0.0
123	input_spectra/bkgrnd-marine-broth.mzML	2113	0	328.273207122204	1	32234.280000000002	0.0
125	input_spectra/bkgrnd-marine-broth.mzML	2114	0	328.273207122204	1	32245.739999999998	0.0
122	input_spectra/bkgrnd-marine-broth.mzML	2115	0	328.273207122204	1	32465.52	0.0
129	input_spectra/bkgrnd-marine-broth.mzML	2116	0	328.273207122204	1	32476.98	0.0
125	input_spectra/bkgrnd-marine-broth.mzML	2117	0	328.273207122204	1	32528.399999999998	0.0
125	input_spectra/bkgrnd-marine-broth.mzML	2118	0	328.273207122204	1	32539.92	0.0
108	input_spectra/bkgrnd-marine-broth.mzML	2119	0	274.277679443359	1	32551.38	0.0
108	input_spectra/bkgrnd-marine-broth.mzML	2120	0	274.277679443359	1	32602.26	0.0
108	input_spectra/bkgrnd-marine-broth.mzML	2121	0	274.277679443359	1	32653.079999999998	0.0
171	input_spectra/bkgrnd-marine-broth.mzML	2122	0	466.323577880859	1	32958.78	0.0
171	input_spectra/bkgrnd-marine-broth.mzML	2123	0	466.323577880859	1	33032.64	0.0
210	input_spectra/bkgrnd-marine-broth.mzML	2124	0	534.361673990885	1	33044.159999999996	0.0
210	input_spectra/bkgrnd-marine-broth.mzML	2125	0	534.361673990885	1	33055.68	0.0
210	input_spectra/bkgrnd-marine-broth.mzML	2126	0	534.361673990885	1	33164.1	0.0
210	input_spectra/bkgrnd-marine-broth.mzML	2127	0	534.361673990885	1	33175.62	0.0
280	input_spectra/bkgrnd-marine-broth.mzML	2128	0	931.638000488281	1	33210.24	0.0
210	input_spectra/bkgrnd-marine-broth.mzML	2129	0	534.361673990885	1	33261.18	0.0
210	input_spectra/bkgrnd-marine-broth.mzML	2130	0	534.361673990885	1	33272.7	0.0
128	input_spectra/bkgrnd-marine-broth.mzML	2131	0	328.273207122204	1	33611.64	0.0
125	input_spectra/bkgrnd-marine-broth.mzML	2132	0	328.273207122204	1	33623.159999999996	0.0
129	input_spectra/bkgrnd-marine-broth.mzML	2133	0	328.273207122204	1	33662.46000000001	0.0
125	input_spectra/bkgrnd-marine-broth.mzML	2134	0	328.273207122204	1	33673.979999999996	0.0
128	input_spectra/bkgrnd-marine-broth.mzML	2135	0	328.273207122204	1	33713.340000000004	0.0
125	input_spectra/bkgrnd-marine-broth.mzML	2136	0	328.273207122204	1	33724.86	0.0
89	input_spectra/bkgrnd-marine-broth.mzML	2137	0	230.25151570638	1	34557.840000000004	0.0
89	input_spectra/bkgrnd-marine-broth.mzML	2138	0	230.25151570638	1	34569.299999999996	0.0
89	input_spectra/bkgrnd-marine-broth.mzML	2139	0	230.25151570638	1	34608.72	0.0
89	input_spectra/bkgrnd-marine-broth.mzML	2140	0	230.25151570638	1	34620.18	0.0
89	input_spectra/bkgrnd-marine-broth.mzML	2141	0	230.25151570638	1	34659.54	0.0
89	input_spectra/bkgrnd-marine-broth.mzML	2142	0	230.25151570638	1	34671.06	0.0
128	input_spectra/bkgrnd-marine-broth.mzML	2143	0	328.273207122204	1	34746.479999999996	0.0
127	input_spectra/bkgrnd-marine-broth.mzML	2144	0	328.273207122204	1	34757.94	0.0
122	input_spectra/bkgrnd-marine-broth.mzML	2145	0	328.273207122204	1	34797.36	0.0
127	input_spectra/bkgrnd-marine-broth.mzML	2146	0	328.273207122204	1	34808.82	0.0
122	input_spectra/bkgrnd-marine-broth.mzML	2147	0	328.273207122204	1	34848.18	0.0
127	input_spectra/bkgrnd-marine-broth.mzML	2148	0	328.273207122204	1	34859.7	0.0
206	input_spectra/bkgrnd-marine-broth.mzML	2149	0	533.332600911458	1	35680.62	0.0
207	input_spectra/bkgrnd-marine-broth.mzML	2150	0	533.332600911458	1	35692.14	0.0
206	input_spectra/bkgrnd-marine-broth.mzML	2151	0	533.332600911458	1	35731.56	0.0
206	input_spectra/bkgrnd-marine-broth.mzML	2152	0	533.332600911458	1	35805.36	0.0
191	input_spectra/bkgrnd-marine-broth.mzML	2153	0	498.295522054036	1	35828.4	0.0
191	input_spectra/bkgrnd-marine-broth.mzML	2154	0	498.295522054036	1	35879.280000000006	0.0
129	input_spectra/bkgrnd-marine-broth.mzML	2155	0	328.273207122204	1	35930.16	0.0
127	input_spectra/bkgrnd-marine-broth.mzML	2156	0	328.273207122204	1	35941.68	0.0
129	input_spectra/bkgrnd-marine-broth.mzML	2157	0	328.273207122204	1	35980.979999999996	0.0
126	input_spectra/bkgrnd-marine-broth.mzML	2158	0	328.273207122204	1	35992.5	0.0
123	input_spectra/bkgrnd-marine-broth.mzML	2159	0	328.273207122204	1	36031.86	0.0
127	input_spectra/bkgrnd-marine-broth.mzML	2160	0	328.273207122204	1	36043.32	0.0
143	input_spectra/bkgrnd-marine-broth.mzML	2161	0	373.279357910156	1	36974.76	0.0
138	input_spectra/bkgrnd-marine-broth.mzML	2162	0	355.268636067708	1	37020.719999999994	0.0
143	input_spectra/bkgrnd-marine-broth.mzML	2163	0	373.279357910156	1	37071.6	0.0
274	input_spectra/bkgrnd-marine-broth.mzML	2164	0	817.595153808594	1	37106.22	0.0
177	input_spectra/bkgrnd-marine-broth.mzML	2165	0	477.339263916016	1	37152.3	0.0
177	input_spectra/bkgrnd-marine-broth.mzML	2166	0	477.339263916016	1	37163.82	0.0
123	input_spectra/bkgrnd-marine-broth.mzML	2167	0	328.273207122204	1	37203.18	0.0
126	input_spectra/bkgrnd-marine-broth.mzML	2168	0	328.273207122204	1	37214.7	0.0
138	input_spectra/bkgrnd-marine-broth.mzML	2169	0	355.268636067708	1	37260.659999999996	0.0
128	input_spectra/bkgrnd-marine-broth.mzML	2170	0	328.273207122204	1	37300.08	0.0
126	input_spectra/bkgrnd-marine-broth.mzML	2171	0	328.273207122204	1	37311.54	0.0
122	input_spectra/bkgrnd-marine-broth.mzML	2172	0	328.273207122204	1	37350.9	0.0
127	input_spectra/bkgrnd-marine-broth.mzML	2173	0	328.273207122204	1	37362.42	0.0
97	input_spectra/bkgrnd-marine-broth.mzML	2174	0	258.283406575521	1	38353.44	0.0
97	input_spectra/bkgrnd-marine-broth.mzML	2175	0	258.283406575521	1	38364.899999999994	0.0
129	input_spectra/bkgrnd-marine-broth.mzML	2176	0	328.273207122204	1	38404.26	0.0
125	input_spectra/bkgrnd-marine-broth.mzML	2177	0	328.273207122204	1	38415.78	0.0
97	input_spectra/bkgrnd-marine-broth.mzML	2178	0	258.283406575521	1	38450.28	0.0
97	input_spectra/bkgrnd-marine-broth.mzML	2179	0	258.283406575521	1	38461.799999999996	0.0
124	input_spectra/bkgrnd-marine-broth.mzML	2180	0	328.273207122204	1	38501.16	0.0
123	input_spectra/bkgrnd-marine-broth.mzML	2181	0	328.273207122204	1	38512.68	0.0
97	input_spectra/bkgrnd-marine-broth.mzML	2182	0	258.283406575521	1	38524.14	0.0
97	input_spectra/bkgrnd-marine-broth.mzML	2183	0	258.283406575521	1	38535.6	0.0
122	input_spectra/bkgrnd-marine-broth.mzML	2184	0	328.273207122204	1	38575.020000000004	0.0
127	input_spectra/bkgrnd-marine-broth.mzML	2185	0	328.273207122204	1	38586.479999999996	0.0
120	input_spectra/bkgrnd-marine-broth.mzML	2186	0	304.304504394531	1	38962.56	0.0
120	input_spectra/bkgrnd-marine-broth.mzML	2187	0	304.304504394531	1	38974.020000000004	0.0
120	input_spectra/bkgrnd-marine-broth.mzML	2188	0	304.304504394531	1	39013.38	0.0
120	input_spectra/bkgrnd-marine-broth.mzML	2189	0	304.304504394531	1	39024.84	0.0
120	input_spectra/bkgrnd-marine-broth.mzML	2190	0	304.304504394531	1	39064.200000000004	0.0
120	input_spectra/bkgrnd-marine-broth.mzML	2191	0	304.304504394531	1	39075.719999999994	0.0
122	input_spectra/bkgrnd-marine-broth.mzML	2192	0	328.273207122204	1	39608.1	0.0
127	input_spectra/bkgrnd-marine-broth.mzML	2193	0	328.273207122204	1	39619.56	0.0
124	input_spectra/bkgrnd-marine-broth.mzML	2194	0	328.273207122204	1	39658.92	0.0
125	input_spectra/bkgrnd-marine-broth.mzML	2195	0	328.273207122204	1	39670.44	0.0
128	input_spectra/bkgrnd-marine-broth.mzML	2196	0	328.273207122204	1	39709.8	0.0
127	input_spectra/bkgrnd-marine-broth.mzML	2197	0	328.273207122204	1	39721.32	0.0
124	input_spectra/bkgrnd-marine-broth.mzML	2198	0	328.273207122204	1	40746.659999999996	0.0
126	input_spectra/bkgrnd-marine-broth.mzML	2199	0	328.273207122204	1	40758.18	0.0
125	input_spectra/bkgrnd-marine-broth.mzML	2200	0	328.273207122204	1	40797.479999999996	0.0
127	input_spectra/bkgrnd-marine-broth.mzML	2201	0	328.273207122204	1	40809.0	0.0
122	input_spectra/bkgrnd-marine-broth.mzML	2202	0	328.273207122204	1	40848.36	0.0
126	input_spectra/bkgrnd-marine-broth.mzML	2203	0	328.273207122204	1	40859.82	0.0
122	input_spectra/bkgrnd-marine-broth.mzML	2204	0	328.273207122204	1	41885.28	0.0
127	input_spectra/bkgrnd-marine-broth.mzML	2205	0	328.273207122204	1	41896.74	0.0
128	input_spectra/bkgrnd-marine-broth.mzML	2206	0	328.273207122204	1	41936.1	0.0
126	input_spectra/bkgrnd-marine-broth.mzML	2207	0	328.273207122204	1	41947.619999999995	0.0
122	input_spectra/bkgrnd-marine-broth.mzML	2208	0	328.273207122204	1	41986.98	0.0
126	input_spectra/bkgrnd-marine-broth.mzML	2209	0	328.273207122204	1	41998.44	0.0
124	input_spectra/bkgrnd-marine-broth.mzML	2210	0	328.273207122204	1	43023.84	0.0
126	input_spectra/bkgrnd-marine-broth.mzML	2211	0	328.273207122204	1	43035.3	0.0
124	input_spectra/bkgrnd-marine-broth.mzML	2212	0	328.273207122204	1	43074.72	0.0
127	input_spectra/bkgrnd-marine-broth.mzML	2213	0	328.273207122204	1	43086.18	0.0
124	input_spectra/bkgrnd-marine-broth.mzML	2214	0	328.273207122204	1	43125.54	0.0
127	input_spectra/bkgrnd-marine-broth.mzML	2215	0	328.273207122204	1	43137.06	0.0
132	input_spectra/bkgrnd-marine-broth.mzML	2216	0	332.336435953776	1	43176.42	0.0
132	input_spectra/bkgrnd-marine-broth.mzML	2217	0	332.336435953776	1	43187.94	0.0
132	input_spectra/bkgrnd-marine-broth.mzML	2218	0	332.336435953776	1	43227.3	0.0
132	input_spectra/bkgrnd-marine-broth.mzML	2219	0	332.336435953776	1	43238.759999999995	0.0
132	input_spectra/bkgrnd-marine-broth.mzML	2220	0	332.336435953776	1	43278.12	0.0
132	input_spectra/bkgrnd-marine-broth.mzML	2221	0	332.336435953776	1	43289.64	0.0
182	input_spectra/bkgrnd-marine-broth.mzML	2222	0	483.256673177083	1	43635.18	0.0
182	input_spectra/bkgrnd-marine-broth.mzML	2223	0	483.256673177083	1	43646.700000000004	0.0
182	input_spectra/bkgrnd-marine-broth.mzML	2224	0	483.256673177083	1	43686.06	0.0
182	input_spectra/bkgrnd-marine-broth.mzML	2225	0	483.256673177083	1	43697.520000000004	0.0
182	input_spectra/bkgrnd-marine-broth.mzML	2226	0	483.256673177083	1	43759.92	0.0
182	input_spectra/bkgrnd-marine-broth.mzML	2227	0	483.256673177083	1	43771.44	0.0
161	input_spectra/bkgrnd-marine-broth.mzML	2228	0	440.416982014974	1	43955.100000000006	0.0
162	input_spectra/bkgrnd-marine-broth.mzML	2229	0	440.416982014974	1	43966.62	0.0
161	input_spectra/bkgrnd-marine-broth.mzML	2230	0	440.416982014974	1	44005.92	0.0
162	input_spectra/bkgrnd-marine-broth.mzML	2231	0	440.416982014974	1	44017.44	0.0
161	input_spectra/bkgrnd-marine-broth.mzML	2232	0	440.416982014974	1	44056.799999999996	0.0
162	input_spectra/bkgrnd-marine-broth.mzML	2233	0	440.416982014974	1	44068.32	0.0
164	input_spectra/bkgrnd-marine-broth.mzML	2234	0	444.304077148438	1	44143.740000000005	0.0
164	input_spectra/bkgrnd-marine-broth.mzML	2235	0	444.304077148438	1	44155.26	0.0
124	input_spectra/bkgrnd-marine-broth.mzML	2236	0	328.273207122204	1	44194.62	0.0
126	input_spectra/bkgrnd-marine-broth.mzML	2237	0	328.273207122204	1	44206.14	0.0
164	input_spectra/bkgrnd-marine-broth.mzML	2238	0	444.304077148438	1	44217.66	0.0
164	input_spectra/bkgrnd-marine-broth.mzML	2239	0	444.304077148438	1	44229.18	0.0
124	input_spectra/bkgrnd-marine-broth.mzML	2240	0	328.273207122204	1	44268.479999999996	0.0
126	input_spectra/bkgrnd-marine-broth.mzML	2241	0	328.273207122204	1	44280.0	0.0
124	input_spectra/bkgrnd-marine-broth.mzML	2242	0	328.273207122204	1	44319.36	0.0
126	input_spectra/bkgrnd-marine-broth.mzML	2243	0	328.273207122204	1	44330.82	0.0
124	input_spectra/bkgrnd-marine-broth.mzML	2244	0	328.273207122204	1	45368.219999999994	0.0
126	input_spectra/bkgrnd-marine-broth.mzML	2245	0	328.273207122204	1	45379.74	0.0
124	input_spectra/bkgrnd-marine-broth.mzML	2246	0	328.273207122204	1	45419.1	0.0
125	input_spectra/bkgrnd-marine-broth.mzML	2247	0	328.273207122204	1	45430.62	0.0
124	input_spectra/bkgrnd-marine-broth.mzML	2248	0	328.273207122204	1	45469.979999999996	0.0
125	input_spectra/bkgrnd-marine-broth.mzML	2249	0	328.273207122204	1	45481.5	0.0
114	input_spectra/bkgrnd-marine-broth.mzML	2250	0	286.223715888129	1	45713.219999999994	0.0
112	input_spectra/bkgrnd-marine-broth.mzML	2251	0	286.223715888129	1	45724.74	0.0
112	input_spectra/bkgrnd-marine-broth.mzML	2252	0	286.223715888129	1	46076.700000000004	0.0
111	input_spectra/bkgrnd-marine-broth.mzML	2253	0	286.223715888129	1	46088.219999999994	0.0
113	input_spectra/bkgrnd-marine-broth.mzML	2254	0	286.223715888129	1	46380.06	0.0
113	input_spectra/bkgrnd-marine-broth.mzML	2255	0	286.223715888129	1	46391.58	0.0
124	input_spectra/bkgrnd-marine-broth.mzML	2256	0	328.273207122204	1	46503.060000000005	0.0
126	input_spectra/bkgrnd-marine-broth.mzML	2257	0	328.273207122204	1	46514.58	0.0
124	input_spectra/bkgrnd-marine-broth.mzML	2258	0	328.273207122204	1	46553.94	0.0
125	input_spectra/bkgrnd-marine-broth.mzML	2259	0	328.273207122204	1	46565.4	0.0
124	input_spectra/bkgrnd-marine-broth.mzML	2260	0	328.273207122204	1	46604.82	0.0
126	input_spectra/bkgrnd-marine-broth.mzML	2261	0	328.273207122204	1	46616.28	0.0
247	input_spectra/bkgrnd-marine-broth.mzML	2262	0	660.498321533203	1	46920.18	0.0
247	input_spectra/bkgrnd-marine-broth.mzML	2263	0	660.498321533203	1	46931.700000000004	0.0
247	input_spectra/bkgrnd-marine-broth.mzML	2264	0	660.498321533203	1	46971.119999999995	0.0
247	input_spectra/bkgrnd-marine-broth.mzML	2265	0	660.498321533203	1	46982.64	0.0
237	input_spectra/bkgrnd-marine-broth.mzML	2266	0	616.471638997396	1	47094.12	0.0
237	input_spectra/bkgrnd-marine-broth.mzML	2267	0	616.471638997396	1	47105.64	0.0
237	input_spectra/bkgrnd-marine-broth.mzML	2268	0	616.471638997396	1	47145.0	0.0
237	input_spectra/bkgrnd-marine-broth.mzML	2269	0	616.471638997396	1	47156.520000000004	0.0
237	input_spectra/bkgrnd-marine-broth.mzML	2270	0	616.471638997396	1	47195.88	0.0
237	input_spectra/bkgrnd-marine-broth.mzML	2271	0	616.471638997396	1	47207.399999999994	0.0
223	input_spectra/bkgrnd-marine-broth.mzML	2272	0	572.445821126302	1	47391.06	0.0
223	input_spectra/bkgrnd-marine-broth.mzML	2273	0	572.445821126302	1	47402.58	0.0
223	input_spectra/bkgrnd-marine-broth.mzML	2274	0	572.445821126302	1	47441.939999999995	0.0
223	input_spectra/bkgrnd-marine-broth.mzML	2275	0	572.445821126302	1	47453.46	0.0
223	input_spectra/bkgrnd-marine-broth.mzML	2276	0	572.445821126302	1	47492.82	0.0
223	input_spectra/bkgrnd-marine-broth.mzML	2277	0	572.445821126302	1	47504.340000000004	0.0
112	input_spectra/bkgrnd-marine-broth.mzML	2278	0	286.223715888129	1	47543.7	0.0
111	input_spectra/bkgrnd-marine-broth.mzML	2279	0	286.223715888129	1	47555.22	0.0
112	input_spectra/bkgrnd-marine-broth.mzML	2280	0	286.223715888129	1	47594.58	0.0
113	input_spectra/bkgrnd-marine-broth.mzML	2281	0	286.223715888129	1	47606.1	0.0
124	input_spectra/bkgrnd-marine-broth.mzML	2282	0	328.273207122204	1	47645.46	0.0
126	input_spectra/bkgrnd-marine-broth.mzML	2283	0	328.273207122204	1	47656.920000000006	0.0
112	input_spectra/bkgrnd-marine-broth.mzML	2284	0	286.223715888129	1	47668.44	0.0
112	input_spectra/bkgrnd-marine-broth.mzML	2285	0	286.223715888129	1	47679.899999999994	0.0
124	input_spectra/bkgrnd-marine-broth.mzML	2286	0	328.273207122204	1	47719.26	0.0
126	input_spectra/bkgrnd-marine-broth.mzML	2287	0	328.273207122204	1	47730.719999999994	0.0
203	input_spectra/bkgrnd-marine-broth.mzML	2288	0	528.418233235677	1	47742.24	0.0
203	input_spectra/bkgrnd-marine-broth.mzML	2289	0	528.418233235677	1	47753.759999999995	0.0
124	input_spectra/bkgrnd-marine-broth.mzML	2290	0	328.273207122204	1	47793.12	0.0
126	input_spectra/bkgrnd-marine-broth.mzML	2291	0	328.273207122204	1	47804.64	0.0
203	input_spectra/bkgrnd-marine-broth.mzML	2292	0	528.418233235677	1	47816.16	0.0
203	input_spectra/bkgrnd-marine-broth.mzML	2293	0	528.418233235677	1	47827.68	0.0
203	input_spectra/bkgrnd-marine-broth.mzML	2294	0	528.418233235677	1	47867.04	0.0
203	input_spectra/bkgrnd-marine-broth.mzML	2295	0	528.418233235677	1	47878.56	0.0
209	input_spectra/bkgrnd-marine-broth.mzML	2296	0	533.373738606771	1	48031.2	0.0
184	input_spectra/bkgrnd-marine-broth.mzML	2297	0	484.391591389974	1	48070.560000000005	0.0
184	input_spectra/bkgrnd-marine-broth.mzML	2298	0	484.391591389974	1	48082.08	0.0
184	input_spectra/bkgrnd-marine-broth.mzML	2299	0	484.391591389974	1	48121.44	0.0
184	input_spectra/bkgrnd-marine-broth.mzML	2300	0	484.391591389974	1	48132.9	0.0
184	input_spectra/bkgrnd-marine-broth.mzML	2301	0	484.391591389974	1	48172.32	0.0
184	input_spectra/bkgrnd-marine-broth.mzML	2302	0	484.391591389974	1	48183.78	0.0
211	input_spectra/bkgrnd-marine-broth.mzML	2303	0	535.402770996094	1	48375.78	0.0
211	input_spectra/bkgrnd-marine-broth.mzML	2304	0	535.402770996094	1	48387.3	0.0
211	input_spectra/bkgrnd-marine-broth.mzML	2305	0	535.402770996094	1	48426.659999999996	0.0
211	input_spectra/bkgrnd-marine-broth.mzML	2306	0	535.402770996094	1	48438.18	0.0
160	input_spectra/bkgrnd-marine-broth.mzML	2307	0	440.364939371745	1	48477.53999999999	0.0
160	input_spectra/bkgrnd-marine-broth.mzML	2308	0	440.364939371745	1	48528.42	0.0
160	input_spectra/bkgrnd-marine-broth.mzML	2309	0	440.364939371745	1	48539.94	0.0
160	input_spectra/bkgrnd-marine-broth.mzML	2310	0	440.364939371745	1	48602.28	0.0
160	input_spectra/bkgrnd-marine-broth.mzML	2311	0	440.364939371745	1	48613.8	0.0
187	input_spectra/bkgrnd-marine-broth.mzML	2312	0	491.376139322917	1	48648.36	0.0
187	input_spectra/bkgrnd-marine-broth.mzML	2313	0	491.376139322917	1	48659.82	0.0
187	input_spectra/bkgrnd-marine-broth.mzML	2314	0	491.376139322917	1	48722.28	0.0
187	input_spectra/bkgrnd-marine-broth.mzML	2315	0	491.376139322917	1	48733.740000000005	0.0
150	input_spectra/bkgrnd-marine-broth.mzML	2316	0	423.338185628255	1	48745.26	0.0
150	input_spectra/bkgrnd-marine-broth.mzML	2317	0	423.338185628255	1	48756.780000000006	0.0
114	input_spectra/bkgrnd-marine-broth.mzML	2318	0	286.223715888129	1	48768.24	0.0
112	input_spectra/bkgrnd-marine-broth.mzML	2319	0	286.223715888129	1	48779.76	0.0
124	input_spectra/bkgrnd-marine-broth.mzML	2320	0	328.273207122204	1	48819.12	0.0
126	input_spectra/bkgrnd-marine-broth.mzML	2321	0	328.273207122204	1	48830.64	0.0
187	input_spectra/bkgrnd-marine-broth.mzML	2322	0	491.376139322917	1	48842.159999999996	0.0
187	input_spectra/bkgrnd-marine-broth.mzML	2323	0	491.376139322917	1	48853.68	0.0
150	input_spectra/bkgrnd-marine-broth.mzML	2324	0	423.338185628255	1	48865.14	0.0
150	input_spectra/bkgrnd-marine-broth.mzML	2325	0	423.338185628255	1	48876.659999999996	0.0
113	input_spectra/bkgrnd-marine-broth.mzML	2326	0	286.223715888129	1	48888.18	0.0
112	input_spectra/bkgrnd-marine-broth.mzML	2327	0	286.223715888129	1	48899.64	0.0
124	input_spectra/bkgrnd-marine-broth.mzML	2328	0	328.273207122204	1	48939.0	0.0
126	input_spectra/bkgrnd-marine-broth.mzML	2329	0	328.273207122204	1	48950.52	0.0
147	input_spectra/bkgrnd-marine-broth.mzML	2330	0	396.338185628255	1	48985.020000000004	0.0
147	input_spectra/bkgrnd-marine-broth.mzML	2331	0	396.338185628255	1	48996.54	0.0
150	input_spectra/bkgrnd-marine-broth.mzML	2332	0	423.338185628255	1	49008.0	0.0
150	input_spectra/bkgrnd-marine-broth.mzML	2333	0	423.338185628255	1	49019.52	0.0
112	input_spectra/bkgrnd-marine-broth.mzML	2334	0	286.223715888129	1	49031.04	0.0
111	input_spectra/bkgrnd-marine-broth.mzML	2335	0	286.223715888129	1	49042.5	0.0
124	input_spectra/bkgrnd-marine-broth.mzML	2336	0	328.273207122204	1	49081.920000000006	0.0
126	input_spectra/bkgrnd-marine-broth.mzML	2337	0	328.273207122204	1	49093.38	0.0
147	input_spectra/bkgrnd-marine-broth.mzML	2338	0	396.338185628255	1	49127.88	0.0
147	input_spectra/bkgrnd-marine-broth.mzML	2339	0	396.338185628255	1	49139.4	0.0
166	input_spectra/bkgrnd-marine-broth.mzML	2340	0	447.349294026693	1	49162.380000000005	0.0
144	input_spectra/bkgrnd-marine-broth.mzML	2341	0	379.310892740885	1	49173.9	0.0
144	input_spectra/bkgrnd-marine-broth.mzML	2342	0	379.310892740885	1	49185.42	0.0
148	input_spectra/bkgrnd-marine-broth.mzML	2343	0	401.293874104818	1	49224.78	0.0
147	input_spectra/bkgrnd-marine-broth.mzML	2344	0	396.338185628255	1	49247.76	0.0
147	input_spectra/bkgrnd-marine-broth.mzML	2345	0	396.338185628255	1	49259.280000000006	0.0
166	input_spectra/bkgrnd-marine-broth.mzML	2346	0	447.349294026693	1	49270.799999999996	0.0
144	input_spectra/bkgrnd-marine-broth.mzML	2347	0	379.310892740885	1	49293.78	0.0
144	input_spectra/bkgrnd-marine-broth.mzML	2348	0	379.310892740885	1	49305.3	0.0
166	input_spectra/bkgrnd-marine-broth.mzML	2349	0	447.349294026693	1	49344.659999999996	0.0
144	input_spectra/bkgrnd-marine-broth.mzML	2350	0	379.310892740885	1	49367.7	0.0
144	input_spectra/bkgrnd-marine-broth.mzML	2351	0	379.310892740885	1	49379.159999999996	0.0
137	input_spectra/bkgrnd-marine-broth.mzML	2352	0	352.311096191406	1	49516.44	0.0
137	input_spectra/bkgrnd-marine-broth.mzML	2353	0	352.311096191406	1	49527.96	0.0
133	input_spectra/bkgrnd-marine-broth.mzML	2354	0	335.284332275391	1	49562.46000000001	0.0
133	input_spectra/bkgrnd-marine-broth.mzML	2355	0	335.284332275391	1	49573.92	0.0
137	input_spectra/bkgrnd-marine-broth.mzML	2356	0	352.311096191406	1	49636.259999999995	0.0
137	input_spectra/bkgrnd-marine-broth.mzML	2357	0	352.311096191406	1	49647.78	0.0
133	input_spectra/bkgrnd-marine-broth.mzML	2358	0	335.284332275391	1	49682.28	0.0
133	input_spectra/bkgrnd-marine-broth.mzML	2359	0	335.284332275391	1	49693.8	0.0
137	input_spectra/bkgrnd-marine-broth.mzML	2360	0	352.311096191406	1	49733.159999999996	0.0
137	input_spectra/bkgrnd-marine-broth.mzML	2361	0	352.311096191406	1	49744.68	0.0
133	input_spectra/bkgrnd-marine-broth.mzML	2362	0	335.284332275391	1	49779.18	0.0
133	input_spectra/bkgrnd-marine-broth.mzML	2363	0	335.284332275391	1	49790.64	0.0
112	input_spectra/bkgrnd-marine-broth.mzML	2364	0	286.223715888129	1	49926.240000000005	0.0
111	input_spectra/bkgrnd-marine-broth.mzML	2365	0	286.223715888129	1	49937.76	0.0
111	input_spectra/bkgrnd-marine-broth.mzML	2366	0	286.223715888129	1	49977.12	0.0
111	input_spectra/bkgrnd-marine-broth.mzML	2367	0	286.223715888129	1	49988.58	0.0
113	input_spectra/bkgrnd-marine-broth.mzML	2368	0	286.223715888129	1	50028.0	0.0
111	input_spectra/bkgrnd-marine-broth.mzML	2369	0	286.223715888129	1	50039.52	0.0
124	input_spectra/bkgrnd-marine-broth.mzML	2370	0	328.273207122204	1	50078.880000000005	0.0
126	input_spectra/bkgrnd-marine-broth.mzML	2371	0	328.273207122204	1	50090.340000000004	0.0
115	input_spectra/bkgrnd-marine-broth.mzML	2372	0	291.257059733073	1	50124.78	0.0
115	input_spectra/bkgrnd-marine-broth.mzML	2373	0	291.257059733073	1	50136.3	0.0
121	input_spectra/bkgrnd-marine-broth.mzML	2374	0	308.283996582031	1	50147.82	0.0
121	input_spectra/bkgrnd-marine-broth.mzML	2375	0	308.283996582031	1	50159.280000000006	0.0
124	input_spectra/bkgrnd-marine-broth.mzML	2376	0	328.273207122204	1	50198.64	0.0
126	input_spectra/bkgrnd-marine-broth.mzML	2377	0	328.273207122204	1	50210.16	0.0
115	input_spectra/bkgrnd-marine-broth.mzML	2378	0	291.257059733073	1	50244.6	0.0
115	input_spectra/bkgrnd-marine-broth.mzML	2379	0	291.257059733073	1	50256.119999999995	0.0
121	input_spectra/bkgrnd-marine-broth.mzML	2380	0	308.283996582031	1	50267.58	0.0
121	input_spectra/bkgrnd-marine-broth.mzML	2381	0	308.283996582031	1	50279.1	0.0
124	input_spectra/bkgrnd-marine-broth.mzML	2382	0	328.273207122204	1	50318.46	0.0
126	input_spectra/bkgrnd-marine-broth.mzML	2383	0	328.273207122204	1	50329.979999999996	0.0
121	input_spectra/bkgrnd-marine-broth.mzML	2384	0	308.283996582031	1	50387.399999999994	0.0
121	input_spectra/bkgrnd-marine-broth.mzML	2385	0	308.283996582031	1	50398.92	0.0
113	input_spectra/bkgrnd-marine-broth.mzML	2386	0	286.223715888129	1	51063.54	0.0
111	input_spectra/bkgrnd-marine-broth.mzML	2387	0	286.223715888129	1	51075.06	0.0
112	input_spectra/bkgrnd-marine-broth.mzML	2388	0	286.223715888129	1	51114.420000000006	0.0
112	input_spectra/bkgrnd-marine-broth.mzML	2389	0	286.223715888129	1	51125.88	0.0
114	input_spectra/bkgrnd-marine-broth.mzML	2390	0	286.223715888129	1	51165.3	0.0
113	input_spectra/bkgrnd-marine-broth.mzML	2391	0	286.223715888129	1	51176.76	0.0
124	input_spectra/bkgrnd-marine-broth.mzML	2392	0	328.273207122204	1	51312.3	0.0
126	input_spectra/bkgrnd-marine-broth.mzML	2393	0	328.273207122204	1	51323.82	0.0
124	input_spectra/bkgrnd-marine-broth.mzML	2394	0	328.273207122204	1	51363.12	0.0
126	input_spectra/bkgrnd-marine-broth.mzML	2395	0	328.273207122204	1	51374.64	0.0
124	input_spectra/bkgrnd-marine-broth.mzML	2396	0	328.273207122204	1	51414.0	0.0
126	input_spectra/bkgrnd-marine-broth.mzML	2397	0	328.273207122204	1	51425.46	0.0
246	input_spectra/bkgrnd-marine-broth.mzML	2398	0	658.48252360026	1	51549.0	0.0
246	input_spectra/bkgrnd-marine-broth.mzML	2399	0	658.48252360026	1	51560.52	0.0
246	input_spectra/bkgrnd-marine-broth.mzML	2400	0	658.48252360026	1	51599.880000000005	0.0
246	input_spectra/bkgrnd-marine-broth.mzML	2401	0	658.48252360026	1	51611.4	0.0
246	input_spectra/bkgrnd-marine-broth.mzML	2402	0	658.48252360026	1	51650.76	0.0
246	input_spectra/bkgrnd-marine-broth.mzML	2403	0	658.48252360026	1	51662.28	0.0
236	input_spectra/bkgrnd-marine-broth.mzML	2404	0	614.45615641276	1	51906.119999999995	0.0
236	input_spectra/bkgrnd-marine-broth.mzML	2405	0	614.45615641276	1	51917.64	0.0
236	input_spectra/bkgrnd-marine-broth.mzML	2406	0	614.45615641276	1	51957.0	0.0
236	input_spectra/bkgrnd-marine-broth.mzML	2407	0	614.45615641276	1	51968.520000000004	0.0
236	input_spectra/bkgrnd-marine-broth.mzML	2408	0	614.45615641276	1	52007.88	0.0
236	input_spectra/bkgrnd-marine-broth.mzML	2409	0	614.45615641276	1	52019.4	0.0
114	input_spectra/bkgrnd-marine-broth.mzML	2410	0	286.223715888129	1	52203.0	0.0
111	input_spectra/bkgrnd-marine-broth.mzML	2411	0	286.223715888129	1	52214.52	0.0
114	input_spectra/bkgrnd-marine-broth.mzML	2412	0	286.223715888129	1	52253.880000000005	0.0
111	input_spectra/bkgrnd-marine-broth.mzML	2413	0	286.223715888129	1	52265.340000000004	0.0
114	input_spectra/bkgrnd-marine-broth.mzML	2414	0	286.223715888129	1	52304.880000000005	0.0
111	input_spectra/bkgrnd-marine-broth.mzML	2415	0	286.223715888129	1	52316.4	0.0
222	input_spectra/bkgrnd-marine-broth.mzML	2416	0	570.428792317708	1	52327.92	0.0
222	input_spectra/bkgrnd-marine-broth.mzML	2417	0	570.428792317708	1	52339.439999999995	0.0
222	input_spectra/bkgrnd-marine-broth.mzML	2418	0	570.428792317708	1	52378.740000000005	0.0
222	input_spectra/bkgrnd-marine-broth.mzML	2419	0	570.428792317708	1	52390.26	0.0
222	input_spectra/bkgrnd-marine-broth.mzML	2420	0	570.428792317708	1	52429.62	0.0
222	input_spectra/bkgrnd-marine-broth.mzML	2421	0	570.428792317708	1	52441.14	0.0
124	input_spectra/bkgrnd-marine-broth.mzML	2422	0	328.273207122204	1	52480.5	0.0
126	input_spectra/bkgrnd-marine-broth.mzML	2423	0	328.273207122204	1	52492.02	0.0
124	input_spectra/bkgrnd-marine-broth.mzML	2424	0	328.273207122204	1	52531.380000000005	0.0
126	input_spectra/bkgrnd-marine-broth.mzML	2425	0	328.273207122204	1	52542.840000000004	0.0
124	input_spectra/bkgrnd-marine-broth.mzML	2426	0	328.273207122204	1	52582.26	0.0
126	input_spectra/bkgrnd-marine-broth.mzML	2427	0	328.273207122204	1	52593.72	0.0
200	input_spectra/bkgrnd-marine-broth.mzML	2428	0	526.40185546875	1	52789.38	0.0
200	input_spectra/bkgrnd-marine-broth.mzML	2429	0	526.40185546875	1	52800.9	0.0
200	input_spectra/bkgrnd-marine-broth.mzML	2430	0	526.40185546875	1	52840.26	0.0
200	input_spectra/bkgrnd-marine-broth.mzML	2431	0	526.40185546875	1	52851.780000000006	0.0
200	input_spectra/bkgrnd-marine-broth.mzML	2432	0	526.40185546875	1	52891.14	0.0
200	input_spectra/bkgrnd-marine-broth.mzML	2433	0	526.40185546875	1	52902.66	0.0
205	input_spectra/bkgrnd-marine-broth.mzML	2434	0	531.358133951823	1	52965.0	0.0
112	input_spectra/bkgrnd-marine-broth.mzML	2435	0	286.223715888129	1	53343.36	0.0
113	input_spectra/bkgrnd-marine-broth.mzML	2436	0	286.223715888129	1	53354.880000000005	0.0
113	input_spectra/bkgrnd-marine-broth.mzML	2437	0	286.223715888129	1	53394.24	0.0
111	input_spectra/bkgrnd-marine-broth.mzML	2438	0	286.223715888129	1	53405.700000000004	0.0
113	input_spectra/bkgrnd-marine-broth.mzML	2439	0	286.223715888129	1	53468.1	0.0
111	input_spectra/bkgrnd-marine-broth.mzML	2440	0	286.223715888129	1	53479.56	0.0
124	input_spectra/bkgrnd-marine-broth.mzML	2441	0	328.273207122204	1	53650.14	0.0
126	input_spectra/bkgrnd-marine-broth.mzML	2442	0	328.273207122204	1	53661.659999999996	0.0
124	input_spectra/bkgrnd-marine-broth.mzML	2443	0	328.273207122204	1	53701.020000000004	0.0
126	input_spectra/bkgrnd-marine-broth.mzML	2444	0	328.273207122204	1	53712.479999999996	0.0
124	input_spectra/bkgrnd-marine-broth.mzML	2445	0	328.273207122204	1	53751.840000000004	0.0
126	input_spectra/bkgrnd-marine-broth.mzML	2446	0	328.273207122204	1	53763.36	0.0
113	input_spectra/bkgrnd-marine-broth.mzML	2447	0	286.223715888129	1	54484.439999999995	0.0
111	input_spectra/bkgrnd-marine-broth.mzML	2448	0	286.223715888129	1	54495.9	0.0
114	input_spectra/bkgrnd-marine-broth.mzML	2449	0	286.223715888129	1	54535.26	0.0
111	input_spectra/bkgrnd-marine-broth.mzML	2450	0	286.223715888129	1	54546.780000000006	0.0
114	input_spectra/bkgrnd-marine-broth.mzML	2451	0	286.223715888129	1	54586.14	0.0
111	input_spectra/bkgrnd-marine-broth.mzML	2452	0	286.223715888129	1	54597.600000000006	0.0
124	input_spectra/bkgrnd-marine-broth.mzML	2453	0	328.273207122204	1	54817.380000000005	0.0
126	input_spectra/bkgrnd-marine-broth.mzML	2454	0	328.273207122204	1	54828.84	0.0
124	input_spectra/bkgrnd-marine-broth.mzML	2455	0	328.273207122204	1	54868.200000000004	0.0
126	input_spectra/bkgrnd-marine-broth.mzML	2456	0	328.273207122204	1	54879.72	0.0
124	input_spectra/bkgrnd-marine-broth.mzML	2457	0	328.273207122204	1	54919.08	0.0
126	input_spectra/bkgrnd-marine-broth.mzML	2458	0	328.273207122204	1	54930.54	0.0
136	input_spectra/bkgrnd-marine-broth.mzML	2459	0	346.281604003906	1	55294.56	0.0
136	input_spectra/bkgrnd-marine-broth.mzML	2460	0	346.281604003906	1	55306.08	0.0
135	input_spectra/bkgrnd-marine-broth.mzML	2461	0	346.281604003906	1	55477.74	0.0
136	input_spectra/bkgrnd-marine-broth.mzML	2462	0	346.281604003906	1	55489.200000000004	0.0
114	input_spectra/bkgrnd-marine-broth.mzML	2463	0	286.223715888129	1	55624.74	0.0
113	input_spectra/bkgrnd-marine-broth.mzML	2464	0	286.223715888129	1	55636.259999999995	0.0
112	input_spectra/bkgrnd-marine-broth.mzML	2465	0	286.223715888129	1	55675.62	0.0
114	input_spectra/bkgrnd-marine-broth.mzML	2466	0	286.223715888129	1	55687.08	0.0
113	input_spectra/bkgrnd-marine-broth.mzML	2467	0	286.223715888129	1	55726.44	0.0
112	input_spectra/bkgrnd-marine-broth.mzML	2468	0	286.223715888129	1	55737.96	0.0
124	input_spectra/bkgrnd-marine-broth.mzML	2469	0	328.273207122204	1	55957.74	0.0
126	input_spectra/bkgrnd-marine-broth.mzML	2470	0	328.273207122204	1	55969.200000000004	0.0
124	input_spectra/bkgrnd-marine-broth.mzML	2471	0	328.273207122204	1	56008.619999999995	0.0
126	input_spectra/bkgrnd-marine-broth.mzML	2472	0	328.273207122204	1	56020.08	0.0
124	input_spectra/bkgrnd-marine-broth.mzML	2473	0	328.273207122204	1	56059.5	0.0
126	input_spectra/bkgrnd-marine-broth.mzML	2474	0	328.273207122204	1	56070.96	0.0
135	input_spectra/bkgrnd-marine-broth.mzML	2475	0	346.281604003906	1	56374.86	0.0
136	input_spectra/bkgrnd-marine-broth.mzML	2476	0	346.281604003906	1	56386.380000000005	0.0
114	input_spectra/bkgrnd-marine-broth.mzML	2477	0	286.223715888129	1	56762.399999999994	0.0
111	input_spectra/bkgrnd-marine-broth.mzML	2478	0	286.223715888129	1	56773.92	0.0
112	input_spectra/bkgrnd-marine-broth.mzML	2479	0	286.223715888129	1	56813.28	0.0
111	input_spectra/bkgrnd-marine-broth.mzML	2480	0	286.223715888129	1	56824.8	0.0
113	input_spectra/bkgrnd-marine-broth.mzML	2481	0	286.223715888129	1	56864.159999999996	0.0
111	input_spectra/bkgrnd-marine-broth.mzML	2482	0	286.223715888129	1	56875.68	0.0
124	input_spectra/bkgrnd-marine-broth.mzML	2483	0	328.273207122204	1	57095.4	0.0
126	input_spectra/bkgrnd-marine-broth.mzML	2484	0	328.273207122204	1	57106.86	0.0
124	input_spectra/bkgrnd-marine-broth.mzML	2485	0	328.273207122204	1	57146.22	0.0
126	input_spectra/bkgrnd-marine-broth.mzML	2486	0	328.273207122204	1	57157.68	0.0
124	input_spectra/bkgrnd-marine-broth.mzML	2487	0	328.273207122204	1	57197.1	0.0
126	input_spectra/bkgrnd-marine-broth.mzML	2488	0	328.273207122204	1	57208.56	0.0
135	input_spectra/bkgrnd-marine-broth.mzML	2489	0	346.281604003906	1	57897.3	0.0
136	input_spectra/bkgrnd-marine-broth.mzML	2490	0	346.281604003906	1	57908.759999999995	0.0
114	input_spectra/bkgrnd-marine-broth.mzML	2491	0	286.223715888129	1	57948.12	0.0
113	input_spectra/bkgrnd-marine-broth.mzML	2492	0	286.223715888129	1	57959.64	0.0
114	input_spectra/bkgrnd-marine-broth.mzML	2493	0	286.223715888129	1	57999.0	0.0
111	input_spectra/bkgrnd-marine-broth.mzML	2494	0	286.223715888129	1	58010.46	0.0
112	input_spectra/bkgrnd-marine-broth.mzML	2495	0	286.223715888129	1	58049.82	0.0
113	input_spectra/bkgrnd-marine-broth.mzML	2496	0	286.223715888129	1	58061.34	0.0
135	input_spectra/bkgrnd-marine-broth.mzML	2497	0	346.281604003906	1	58148.759999999995	0.0
135	input_spectra/bkgrnd-marine-broth.mzML	2498	0	346.281604003906	1	58160.28	0.0
124	input_spectra/bkgrnd-marine-broth.mzML	2499	0	328.273207122204	1	58235.700000000004	0.0
126	input_spectra/bkgrnd-marine-broth.mzML	2500	0	328.273207122204	1	58247.22	0.0
124	input_spectra/bkgrnd-marine-broth.mzML	2501	0	328.273207122204	1	58286.520000000004	0.0
126	input_spectra/bkgrnd-marine-broth.mzML	2502	0	328.273207122204	1	58298.04	0.0
124	input_spectra/bkgrnd-marine-broth.mzML	2503	0	328.273207122204	1	58337.399999999994	0.0
126	input_spectra/bkgrnd-marine-broth.mzML	2504	0	328.273207122204	1	58348.86	0.0
135	input_spectra/bkgrnd-marine-broth.mzML	2505	0	346.281604003906	1	58360.38	0.0
136	input_spectra/bkgrnd-marine-broth.mzML	2506	0	346.281604003906	1	58371.9	0.0
112	input_spectra/bkgrnd-marine-broth.mzML	2507	0	286.223715888129	1	59108.7	0.0
111	input_spectra/bkgrnd-marine-broth.mzML	2508	0	286.223715888129	1	59120.16	0.0
114	input_spectra/bkgrnd-marine-broth.mzML	2509	0	286.223715888129	1	59159.52	0.0
112	input_spectra/bkgrnd-marine-broth.mzML	2510	0	286.223715888129	1	59171.04	0.0
113	input_spectra/bkgrnd-marine-broth.mzML	2511	0	286.223715888129	1	59210.4	0.0
111	input_spectra/bkgrnd-marine-broth.mzML	2512	0	286.223715888129	1	59221.920000000006	0.0
124	input_spectra/bkgrnd-marine-broth.mzML	2513	0	328.273207122204	1	59381.520000000004	0.0
126	input_spectra/bkgrnd-marine-broth.mzML	2514	0	328.273207122204	1	59393.04	0.0
135	input_spectra/bkgrnd-marine-broth.mzML	2515	0	346.281604003906	1	59404.5	0.0
136	input_spectra/bkgrnd-marine-broth.mzML	2516	0	346.281604003906	1	59416.020000000004	0.0
124	input_spectra/bkgrnd-marine-broth.mzML	2517	0	328.273207122204	1	59455.38	0.0
126	input_spectra/bkgrnd-marine-broth.mzML	2518	0	328.273207122204	1	59466.840000000004	0.0
124	input_spectra/bkgrnd-marine-broth.mzML	2519	0	328.273207122204	1	59506.259999999995	0.0
126	input_spectra/bkgrnd-marine-broth.mzML	2520	0	328.273207122204	1	59517.72	0.0
135	input_spectra/bkgrnd-marine-broth.mzML	2521	0	346.281604003906	1	59581.2	0.0
136	input_spectra/bkgrnd-marine-broth.mzML	2522	0	346.281604003906	1	59592.66	0.0
135	input_spectra/bkgrnd-marine-broth.mzML	2523	0	346.281604003906	1	59740.26	0.0
136	input_spectra/bkgrnd-marine-broth.mzML	2524	0	346.281604003906	1	59751.72	0.0
113	input_spectra/bkgrnd-marine-broth.mzML	2525	0	286.223715888129	1	1004.13	0.0
111	input_spectra/bkgrnd-marine-broth.mzML	2526	0	286.223715888129	1	1004.32	0.0
114	input_spectra/bkgrnd-marine-broth.mzML	2527	0	286.223715888129	1	1004.98	0.0
113	input_spectra/bkgrnd-marine-broth.mzML	2528	0	286.223715888129	1	1005.17	0.0
114	input_spectra/bkgrnd-marine-broth.mzML	2529	0	286.223715888129	1	1005.83	0.0
113	input_spectra/bkgrnd-marine-broth.mzML	2530	0	286.223715888129	1	1006.02	0.0
124	input_spectra/bkgrnd-marine-broth.mzML	2531	0	328.273207122204	1	1009.08	0.0
126	input_spectra/bkgrnd-marine-broth.mzML	2532	0	328.273207122204	1	1009.27	0.0
124	input_spectra/bkgrnd-marine-broth.mzML	2533	0	328.273207122204	1	1009.93	0.0
126	input_spectra/bkgrnd-marine-broth.mzML	2534	0	328.273207122204	1	1010.12	0.0
124	input_spectra/bkgrnd-marine-broth.mzML	2535	0	328.273207122204	1	1010.78	0.0
126	input_spectra/bkgrnd-marine-broth.mzML	2536	0	328.273207122204	1	1010.97	0.0
135	input_spectra/bkgrnd-marine-broth.mzML	2537	0	346.281604003906	1	1014.03	0.0
136	input_spectra/bkgrnd-marine-broth.mzML	2538	0	346.281604003906	1	1014.22	0.0
135	input_spectra/bkgrnd-marine-broth.mzML	2539	0	346.281604003906	1	1014.88	0.0
135	input_spectra/bkgrnd-marine-broth.mzML	2540	0	346.281604003906	1	1015.07	0.0
135	input_spectra/bkgrnd-marine-broth.mzML	2541	0	346.281604003906	1	1020.53	0.0
136	input_spectra/bkgrnd-marine-broth.mzML	2542	0	346.281604003906	1	1020.73	0.0
114	input_spectra/bkgrnd-marine-broth.mzML	2543	0	286.223715888129	1	1023.19	0.0
113	input_spectra/bkgrnd-marine-broth.mzML	2544	0	286.223715888129	1	1023.38	0.0
111	input_spectra/bkgrnd-marine-broth.mzML	2545	0	286.223715888129	1	1024.03	0.0
113	input_spectra/bkgrnd-marine-broth.mzML	2546	0	286.223715888129	1	1024.23	0.0
114	input_spectra/bkgrnd-marine-broth.mzML	2547	0	286.223715888129	1	1024.88	0.0
111	input_spectra/bkgrnd-marine-broth.mzML	2548	0	286.223715888129	1	1025.07	0.0
124	input_spectra/bkgrnd-marine-broth.mzML	2549	0	328.273207122204	1	1028.13	0.0
126	input_spectra/bkgrnd-marine-broth.mzML	2550	0	328.273207122204	1	1028.33	0.0
119	input_spectra/bkgrnd-marine-broth.mzML	2551	0	304.233856201172	1	1028.52	0.0
119	input_spectra/bkgrnd-marine-broth.mzML	2552	0	304.233856201172	1	1028.71	0.0
124	input_spectra/bkgrnd-marine-broth.mzML	2553	0	328.273207122204	1	1029.36	0.0
126	input_spectra/bkgrnd-marine-broth.mzML	2554	0	328.273207122204	1	1029.56	0.0
124	input_spectra/bkgrnd-marine-broth.mzML	2555	0	328.273207122204	1	1030.21	0.0
126	input_spectra/bkgrnd-marine-broth.mzML	2556	0	328.273207122204	1	1030.4	0.0
119	input_spectra/bkgrnd-marine-broth.mzML	2557	0	304.233856201172	1	1031.06	0.0
119	input_spectra/bkgrnd-marine-broth.mzML	2558	0	304.233856201172	1	1031.25	0.0
119	input_spectra/bkgrnd-marine-broth.mzML	2559	0	304.233856201172	1	1041.33	0.0
119	input_spectra/bkgrnd-marine-broth.mzML	2560	0	304.233856201172	1	1041.52	0.0
112	input_spectra/bkgrnd-marine-broth.mzML	2561	0	286.223715888129	1	1042.57	0.0
112	input_spectra/bkgrnd-marine-broth.mzML	2562	0	286.223715888129	1	1042.77	0.0
112	input_spectra/bkgrnd-marine-broth.mzML	2563	0	286.223715888129	1	1043.42	0.0
111	input_spectra/bkgrnd-marine-broth.mzML	2564	0	286.223715888129	1	1043.61	0.0
114	input_spectra/bkgrnd-marine-broth.mzML	2565	0	286.223715888129	1	1044.27	0.0
111	input_spectra/bkgrnd-marine-broth.mzML	2566	0	286.223715888129	1	1044.46	0.0
135	input_spectra/bkgrnd-marine-broth.mzML	2567	0	346.281604003906	1	1046.72	0.0
136	input_spectra/bkgrnd-marine-broth.mzML	2568	0	346.281604003906	1	1046.91	0.0
124	input_spectra/bkgrnd-marine-broth.mzML	2569	0	328.273207122204	1	1047.57	0.0
126	input_spectra/bkgrnd-marine-broth.mzML	2570	0	328.273207122204	1	1047.76	0.0
124	input_spectra/bkgrnd-marine-broth.mzML	2571	0	328.273207122204	1	1048.42	0.0
126	input_spectra/bkgrnd-marine-broth.mzML	2572	0	328.273207122204	1	1048.61	0.0
124	input_spectra/bkgrnd-marine-broth.mzML	2573	0	328.273207122204	1	1049.26	0.0
126	input_spectra/bkgrnd-marine-broth.mzML	2574	0	328.273207122204	1	1049.46	0.0
135	input_spectra/bkgrnd-marine-broth.mzML	2575	0	346.281604003906	1	1055.72	0.0
136	input_spectra/bkgrnd-marine-broth.mzML	2576	0	346.281604003906	1	1055.91	0.0
113	input_spectra/bkgrnd-marine-broth.mzML	2577	0	286.223715888129	1	1061.58	0.0
111	input_spectra/bkgrnd-marine-broth.mzML	2578	0	286.223715888129	1	1061.77	0.0
112	input_spectra/bkgrnd-marine-broth.mzML	2579	0	286.223715888129	1	1062.43	0.0
111	input_spectra/bkgrnd-marine-broth.mzML	2580	0	286.223715888129	1	1062.62	0.0
114	input_spectra/bkgrnd-marine-broth.mzML	2581	0	286.223715888129	1	1063.28	0.0
111	input_spectra/bkgrnd-marine-broth.mzML	2582	0	286.223715888129	1	1063.47	0.0
124	input_spectra/bkgrnd-marine-broth.mzML	2583	0	328.273207122204	1	1066.53	0.0
126	input_spectra/bkgrnd-marine-broth.mzML	2584	0	328.273207122204	1	1066.72	0.0
124	input_spectra/bkgrnd-marine-broth.mzML	2585	0	328.273207122204	1	1067.37	0.0
126	input_spectra/bkgrnd-marine-broth.mzML	2586	0	328.273207122204	1	1067.57	0.0
124	input_spectra/bkgrnd-marine-broth.mzML	2587	0	328.273207122204	1	1068.22	0.0
126	input_spectra/bkgrnd-marine-broth.mzML	2588	0	328.273207122204	1	1068.41	0.0
135	input_spectra/bkgrnd-marine-broth.mzML	2589	0	346.281604003906	1	1069.67	0.0
136	input_spectra/bkgrnd-marine-broth.mzML	2590	0	346.281604003906	1	1069.86	0.0
119	input_spectra/bkgrnd-marine-broth.mzML	2591	0	304.233856201172	1	1074.33	0.0
119	input_spectra/bkgrnd-marine-broth.mzML	2592	0	304.233856201172	1	1074.52	0.0
119	input_spectra/bkgrnd-marine-broth.mzML	2593	0	304.233856201172	1	1076.98	0.0
119	input_spectra/bkgrnd-marine-broth.mzML	2594	0	304.233856201172	1	1077.17	0.0
119	input_spectra/bkgrnd-marine-broth.mzML	2595	0	304.233856201172	1	1078.23	0.0
119	input_spectra/bkgrnd-marine-broth.mzML	2596	0	304.233856201172	1	1078.42	0.0
114	input_spectra/bkgrnd-marine-broth.mzML	2597	0	286.223715888129	1	1080.68	0.0
113	input_spectra/bkgrnd-marine-broth.mzML	2598	0	286.223715888129	1	1080.87	0.0
114	input_spectra/bkgrnd-marine-broth.mzML	2599	0	286.223715888129	1	1081.52	0.0
111	input_spectra/bkgrnd-marine-broth.mzML	2600	0	286.223715888129	1	1081.71	0.0
114	input_spectra/bkgrnd-marine-broth.mzML	2601	0	286.223715888129	1	1082.37	0.0
111	input_spectra/bkgrnd-marine-broth.mzML	2602	0	286.223715888129	1	1082.56	0.0
124	input_spectra/bkgrnd-marine-broth.mzML	2603	0	328.273207122204	1	1085.67	0.0
126	input_spectra/bkgrnd-marine-broth.mzML	2604	0	328.273207122204	1	1085.86	0.0
124	input_spectra/bkgrnd-marine-broth.mzML	2605	0	328.273207122204	1	1086.52	0.0
126	input_spectra/bkgrnd-marine-broth.mzML	2606	0	328.273207122204	1	1086.71	0.0
124	input_spectra/bkgrnd-marine-broth.mzML	2607	0	328.273207122204	1	1087.36	0.0
126	input_spectra/bkgrnd-marine-broth.mzML	2608	0	328.273207122204	1	1087.56	0.0
64	input_spectra/bkgrnd-marine-broth.mzML	2609	0	185.112635294596	1	1094.92	0.0
64	input_spectra/bkgrnd-marine-broth.mzML	2610	0	185.112635294596	1	1095.11	0.0
64	input_spectra/bkgrnd-marine-broth.mzML	2611	0	185.112635294596	1	1096.37	0.0
64	input_spectra/bkgrnd-marine-broth.mzML	2612	0	185.112635294596	1	1096.56	0.0
64	input_spectra/bkgrnd-marine-broth.mzML	2613	0	185.112635294596	1	1097.42	0.0
64	input_spectra/bkgrnd-marine-broth.mzML	2614	0	185.112635294596	1	1097.61	0.0
119	input_spectra/bkgrnd-marine-broth.mzML	2615	0	304.233856201172	1	1099.47	0.0
119	input_spectra/bkgrnd-marine-broth.mzML	2616	0	304.233856201172	1	1099.66	0.0
114	input_spectra/bkgrnd-marine-broth.mzML	2617	0	286.223715888129	1	1100.31	0.0
111	input_spectra/bkgrnd-marine-broth.mzML	2618	0	286.223715888129	1	1100.5	0.0
114	input_spectra/bkgrnd-marine-broth.mzML	2619	0	286.223715888129	1	1101.16	0.0
111	input_spectra/bkgrnd-marine-broth.mzML	2620	0	286.223715888129	1	1101.35	0.0
119	input_spectra/bkgrnd-marine-broth.mzML	2621	0	304.233856201172	1	1101.54	0.0
119	input_spectra/bkgrnd-marine-broth.mzML	2622	0	304.233856201172	1	1101.73	0.0
113	input_spectra/bkgrnd-marine-broth.mzML	2623	0	286.223715888129	1	1102.39	0.0
111	input_spectra/bkgrnd-marine-broth.mzML	2624	0	286.223715888129	1	1102.58	0.0
119	input_spectra/bkgrnd-marine-broth.mzML	2625	0	304.233856201172	1	1103.24	0.0
119	input_spectra/bkgrnd-marine-broth.mzML	2626	0	304.233856201172	1	1103.43	0.0
129	input_spectra/bkgrnd-marine-broth.mzML	2627	0	328.273207122204	1	1105.09	0.0
125	input_spectra/bkgrnd-marine-broth.mzML	2628	0	328.273207122204	1	1105.28	0.0
128	input_spectra/bkgrnd-marine-broth.mzML	2629	0	328.273207122204	1	1105.94	0.0
127	input_spectra/bkgrnd-marine-broth.mzML	2630	0	328.273207122204	1	1106.13	0.0
124	input_spectra/bkgrnd-marine-broth.mzML	2631	0	328.273207122204	1	1106.78	0.0
125	input_spectra/bkgrnd-marine-broth.mzML	2632	0	328.273207122204	1	1106.97	0.0
127	input_spectra/bkgrnd-marine-broth.mzML	2633	0	328.273207122204	1	1124.06	0.0
127	input_spectra/bkgrnd-marine-broth.mzML	2634	0	328.273207122204	1	1124.26	0.0
128	input_spectra/bkgrnd-marine-broth.mzML	2635	0	328.273207122204	1	1124.91	0.0
127	input_spectra/bkgrnd-marine-broth.mzML	2636	0	328.273207122204	1	1125.1	0.0
128	input_spectra/bkgrnd-marine-broth.mzML	2637	0	328.273207122204	1	1125.76	0.0
123	input_spectra/bkgrnd-marine-broth.mzML	2638	0	328.273207122204	1	1125.95	0.0
188	input_spectra/bkgrnd-marine-broth.mzML	2639	0	495.476874457465	1	1135.83	0.0
189	input_spectra/bkgrnd-marine-broth.mzML	2640	0	495.476874457465	1	1136.02	0.0
188	input_spectra/bkgrnd-marine-broth.mzML	2641	0	495.476874457465	1	1141.28	0.0
189	input_spectra/bkgrnd-marine-broth.mzML	2642	0	495.476874457465	1	1141.47	0.0
123	input_spectra/bkgrnd-marine-broth.mzML	2643	0	328.273207122204	1	1143.13	0.0
123	input_spectra/bkgrnd-marine-broth.mzML	2644	0	328.273207122204	1	1143.32	0.0
128	input_spectra/bkgrnd-marine-broth.mzML	2645	0	328.273207122204	1	1143.98	0.0
125	input_spectra/bkgrnd-marine-broth.mzML	2646	0	328.273207122204	1	1144.17	0.0
129	input_spectra/bkgrnd-marine-broth.mzML	2647	0	328.273207122204	1	1144.83	0.0
127	input_spectra/bkgrnd-marine-broth.mzML	2648	0	328.273207122204	1	1145.02	0.0
188	input_spectra/bkgrnd-marine-broth.mzML	2649	0	495.476874457465	1	1145.68	0.0
189	input_spectra/bkgrnd-marine-broth.mzML	2650	0	495.476874457465	1	1145.87	0.0
64	input_spectra/bkgrnd-marine-broth.mzML	2651	0	185.112635294596	1	1162.16	0.0
64	input_spectra/bkgrnd-marine-broth.mzML	2652	0	185.112635294596	1	1162.35	0.0
128	input_spectra/bkgrnd-marine-broth.mzML	2653	0	328.273207122204	1	1163.0	0.0
123	input_spectra/bkgrnd-marine-broth.mzML	2654	0	328.273207122204	1	1163.2	0.0
188	input_spectra/bkgrnd-marine-broth.mzML	2655	0	495.476874457465	1	1163.39	0.0
189	input_spectra/bkgrnd-marine-broth.mzML	2656	0	495.476874457465	1	1163.58	0.0
125	input_spectra/bkgrnd-marine-broth.mzML	2657	0	328.273207122204	1	1164.24	0.0
127	input_spectra/bkgrnd-marine-broth.mzML	2658	0	328.273207122204	1	1164.43	0.0
188	input_spectra/bkgrnd-marine-broth.mzML	2659	0	495.476874457465	1	1164.62	0.0
189	input_spectra/bkgrnd-marine-broth.mzML	2660	0	495.476874457465	1	1164.81	0.0
128	input_spectra/bkgrnd-marine-broth.mzML	2661	0	328.273207122204	1	1165.47	0.0
122	input_spectra/bkgrnd-marine-broth.mzML	2662	0	328.273207122204	1	1165.66	0.0
188	input_spectra/bkgrnd-marine-broth.mzML	2663	0	495.476874457465	1	1165.85	0.0
189	input_spectra/bkgrnd-marine-broth.mzML	2664	0	495.476874457465	1	1166.04	0.0
64	input_spectra/bkgrnd-marine-broth.mzML	2665	0	185.112635294596	1	1167.1	0.0
64	input_spectra/bkgrnd-marine-broth.mzML	2666	0	185.112635294596	1	1167.29	0.0
64	input_spectra/bkgrnd-marine-broth.mzML	2667	0	185.112635294596	1	1170.15	0.0
64	input_spectra/bkgrnd-marine-broth.mzML	2668	0	185.112635294596	1	1170.34	0.0
124	input_spectra/bkgrnd-marine-broth.mzML	2669	0	328.273207122204	1	1182.51	0.0
125	input_spectra/bkgrnd-marine-broth.mzML	2670	0	328.273207122204	1	1182.71	0.0
188	input_spectra/bkgrnd-marine-broth.mzML	2671	0	495.476874457465	1	1182.9	0.0
189	input_spectra/bkgrnd-marine-broth.mzML	2672	0	495.476874457465	1	1183.09	0.0
128	input_spectra/bkgrnd-marine-broth.mzML	2673	0	328.273207122204	1	1183.75	0.0
127	input_spectra/bkgrnd-marine-broth.mzML	2674	0	328.273207122204	1	1183.94	0.0
188	input_spectra/bkgrnd-marine-broth.mzML	2675	0	495.476874457465	1	1184.13	0.0
189	input_spectra/bkgrnd-marine-broth.mzML	2676	0	495.476874457465	1	1184.32	0.0
122	input_spectra/bkgrnd-marine-broth.mzML	2677	0	328.273207122204	1	1184.98	0.0
125	input_spectra/bkgrnd-marine-broth.mzML	2678	0	328.273207122204	1	1185.17	0.0
188	input_spectra/bkgrnd-marine-broth.mzML	2679	0	495.476874457465	1	1185.36	0.0
189	input_spectra/bkgrnd-marine-broth.mzML	2680	0	495.476874457465	1	1185.55	0.0
64	input_spectra/bkgrnd-marine-broth.mzML	2681	0	185.112635294596	1	1188.06	0.0
64	input_spectra/bkgrnd-marine-broth.mzML	2682	0	185.112635294596	1	1188.25	0.0
64	input_spectra/bkgrnd-marine-broth.mzML	2683	0	185.112635294596	1	1188.91	0.0
64	input_spectra/bkgrnd-marine-broth.mzML	2684	0	185.112635294596	1	1189.1	0.0
64	input_spectra/bkgrnd-marine-broth.mzML	2685	0	185.112635294596	1	1189.75	0.0
64	input_spectra/bkgrnd-marine-broth.mzML	2686	0	185.112635294596	1	1189.95	0.0
