#ClusterIdx	#Filename	#SpecIdx	#Scan	#ParentMass	#Charge	#RetTime	#PrecIntensity
20	input_spectra/11-G1M02.mzML	0	0	130.965805053711	1	5968.2	0.0
20	input_spectra/11-G1M02.mzML	1	0	130.965805053711	1	5979.66	0.0
1	input_spectra/11-G1M02.mzML	2	0	110.008546193441	1	6355.68	0.0
1	input_spectra/11-G1M02.mzML	3	0	110.008546193441	1	6367.200000000001	0.0
1	input_spectra/11-G1M02.mzML	4	0	110.008546193441	1	6406.5599999999995	0.0
1	input_spectra/11-G1M02.mzML	5	0	110.008546193441	1	6418.0199999999995	0.0
13	input_spectra/11-G1M02.mzML	6	0	125.985969543457	1	6429.4800000000005	0.0
13	input_spectra/11-G1M02.mzML	7	0	125.985969543457	1	6441.0	0.0
43	input_spectra/11-G1M02.mzML	8	0	151.034922281901	1	6452.46	0.0
43	input_spectra/11-G1M02.mzML	9	0	151.034922281901	1	6463.92	0.0
1	input_spectra/11-G1M02.mzML	10	0	110.008546193441	1	6503.34	0.0
1	input_spectra/11-G1M02.mzML	11	0	110.008546193441	1	6514.8	0.0
13	input_spectra/11-G1M02.mzML	12	0	125.985969543457	1	6526.26	0.0
13	input_spectra/11-G1M02.mzML	13	0	125.985969543457	1	6537.72	0.0
43	input_spectra/11-G1M02.mzML	14	0	151.034922281901	1	6549.24	0.0
43	input_spectra/11-G1M02.mzML	15	0	151.034922281901	1	6560.7	0.0
87	input_spectra/11-G1M02.mzML	16	0	223.988825480143	1	6572.16	0.0
87	input_spectra/11-G1M02.mzML	17	0	223.988825480143	1	6583.679999999999	0.0
76	input_spectra/11-G1M02.mzML	18	0	198.939758300781	1	6595.139999999999	0.0
76	input_spectra/11-G1M02.mzML	19	0	198.939758300781	1	6606.6	0.0
13	input_spectra/11-G1M02.mzML	20	0	125.985969543457	1	6646.0199999999995	0.0
13	input_spectra/11-G1M02.mzML	21	0	125.985969543457	1	6657.48	0.0
43	input_spectra/11-G1M02.mzML	22	0	151.034922281901	1	6668.9400000000005	0.0
43	input_spectra/11-G1M02.mzML	23	0	151.034922281901	1	6680.400000000001	0.0
87	input_spectra/11-G1M02.mzML	24	0	223.988825480143	1	6691.92	0.0
87	input_spectra/11-G1M02.mzML	25	0	223.988825480143	1	6703.38	0.0
76	input_spectra/11-G1M02.mzML	26	0	198.939758300781	1	6714.900000000001	0.0
76	input_spectra/11-G1M02.mzML	27	0	198.939758300781	1	6726.36	0.0
66	input_spectra/11-G1M02.mzML	28	0	182.962336222331	1	6737.82	0.0
67	input_spectra/11-G1M02.mzML	29	0	182.962336222331	1	6749.34	0.0
76	input_spectra/11-G1M02.mzML	30	0	198.939758300781	1	6788.7	0.0
76	input_spectra/11-G1M02.mzML	31	0	198.939758300781	1	6800.16	0.0
87	input_spectra/11-G1M02.mzML	32	0	223.988825480143	1	6811.68	0.0
87	input_spectra/11-G1M02.mzML	33	0	223.988825480143	1	6823.139999999999	0.0
66	input_spectra/11-G1M02.mzML	34	0	182.962336222331	1	6834.599999999999	0.0
67	input_spectra/11-G1M02.mzML	35	0	182.962336222331	1	6846.12	0.0
96	input_spectra/11-G1M02.mzML	36	0	239.966161092122	1	6857.58	0.0
96	input_spectra/11-G1M02.mzML	37	0	239.966161092122	1	6869.1	0.0
38	input_spectra/11-G1M02.mzML	38	0	146.165000915527	1	6880.56	0.0
38	input_spectra/11-G1M02.mzML	39	0	146.165000915527	1	6892.02	0.0
66	input_spectra/11-G1M02.mzML	40	0	182.962336222331	1	6931.38	0.0
67	input_spectra/11-G1M02.mzML	41	0	182.962336222331	1	6942.900000000001	0.0
96	input_spectra/11-G1M02.mzML	42	0	239.966161092122	1	6954.360000000001	0.0
96	input_spectra/11-G1M02.mzML	43	0	239.966161092122	1	6965.88	0.0
84	input_spectra/11-G1M02.mzML	44	0	214.917302449544	1	6977.34	0.0
84	input_spectra/11-G1M02.mzML	45	0	214.917302449544	1	6988.8	0.0
106	input_spectra/11-G1M02.mzML	46	0	265.015157063802	1	7000.32	0.0
106	input_spectra/11-G1M02.mzML	47	0	265.015157063802	1	7011.78	0.0
38	input_spectra/11-G1M02.mzML	48	0	146.165000915527	1	7023.3	0.0
38	input_spectra/11-G1M02.mzML	49	0	146.165000915527	1	7034.759999999999	0.0
96	input_spectra/11-G1M02.mzML	50	0	239.966161092122	1	7074.18	0.0
96	input_spectra/11-G1M02.mzML	51	0	239.966161092122	1	7085.639999999999	0.0
84	input_spectra/11-G1M02.mzML	52	0	214.917302449544	1	7097.099999999999	0.0
84	input_spectra/11-G1M02.mzML	53	0	214.917302449544	1	7108.62	0.0
106	input_spectra/11-G1M02.mzML	54	0	265.015157063802	1	7120.08	0.0
106	input_spectra/11-G1M02.mzML	55	0	265.015157063802	1	7131.6	0.0
84	input_spectra/11-G1M02.mzML	56	0	214.917302449544	1	7170.96	0.0
84	input_spectra/11-G1M02.mzML	57	0	214.917302449544	1	7182.42	0.0
106	input_spectra/11-G1M02.mzML	58	0	265.015157063802	1	7193.9400000000005	0.0
106	input_spectra/11-G1M02.mzML	59	0	265.015157063802	1	7205.400000000001	0.0
1	input_spectra/11-G1M02.mzML	60	0	110.008546193441	1	7509.24	0.0
1	input_spectra/11-G1M02.mzML	61	0	110.008546193441	1	7520.76	0.0
1	input_spectra/11-G1M02.mzML	62	0	110.008546193441	1	7560.12	0.0
1	input_spectra/11-G1M02.mzML	63	0	110.008546193441	1	7571.58	0.0
1	input_spectra/11-G1M02.mzML	64	0	110.008546193441	1	7610.9400000000005	0.0
1	input_spectra/11-G1M02.mzML	65	0	110.008546193441	1	7622.400000000001	0.0
13	input_spectra/11-G1M02.mzML	66	0	125.985969543457	1	7633.92	0.0
13	input_spectra/11-G1M02.mzML	67	0	125.985969543457	1	7645.38	0.0
88	input_spectra/11-G1M02.mzML	68	0	226.95100402832	1	7684.740000000001	0.0
88	input_spectra/11-G1M02.mzML	69	0	226.95100402832	1	7758.6	0.0
51	input_spectra/11-G1M02.mzML	70	0	158.963729858398	1	7781.52	0.0
88	input_spectra/11-G1M02.mzML	71	0	226.95100402832	1	7832.339999999999	0.0
51	input_spectra/11-G1M02.mzML	72	0	158.963729858398	1	7855.32	0.0
155	input_spectra/11-G1M02.mzML	73	0	430.91259765625	1	7878.3	0.0
155	input_spectra/11-G1M02.mzML	74	0	430.91259765625	1	7889.820000000001	0.0
51	input_spectra/11-G1M02.mzML	75	0	158.963729858398	1	7929.179999999999	0.0
155	input_spectra/11-G1M02.mzML	76	0	430.91259765625	1	7952.22	0.0
155	input_spectra/11-G1M02.mzML	77	0	430.91259765625	1	7963.68	0.0
141	input_spectra/11-G1M02.mzML	78	0	362.925567626953	1	7975.199999999999	0.0
141	input_spectra/11-G1M02.mzML	79	0	362.925567626953	1	7986.719999999999	0.0
180	input_spectra/11-G1M02.mzML	80	0	498.89985148112	1	7998.24	0.0
180	input_spectra/11-G1M02.mzML	81	0	498.89985148112	1	8009.700000000001	0.0
155	input_spectra/11-G1M02.mzML	82	0	430.91259765625	1	8049.06	0.0
155	input_spectra/11-G1M02.mzML	83	0	430.91259765625	1	8060.579999999999	0.0
141	input_spectra/11-G1M02.mzML	84	0	362.925567626953	1	8072.099999999999	0.0
141	input_spectra/11-G1M02.mzML	85	0	362.925567626953	1	8083.5599999999995	0.0
180	input_spectra/11-G1M02.mzML	86	0	498.89985148112	1	8095.08	0.0
180	input_spectra/11-G1M02.mzML	87	0	498.89985148112	1	8106.6	0.0
141	input_spectra/11-G1M02.mzML	88	0	362.925567626953	1	8169.0	0.0
141	input_spectra/11-G1M02.mzML	89	0	362.925567626953	1	8180.52	0.0
63	input_spectra/11-G1M02.mzML	90	0	175.118644714355	1	8192.039999999999	0.0
63	input_spectra/11-G1M02.mzML	91	0	175.118644714355	1	8203.5	0.0
180	input_spectra/11-G1M02.mzML	92	0	498.89985148112	1	8242.86	0.0
180	input_spectra/11-G1M02.mzML	93	0	498.89985148112	1	8254.380000000001	0.0
4	input_spectra/11-G1M02.mzML	94	0	118.086082458496	1	8415.66	0.0
4	input_spectra/11-G1M02.mzML	95	0	118.086082458496	1	8427.119999999999	0.0
63	input_spectra/11-G1M02.mzML	96	0	175.118644714355	1	8461.560000000001	0.0
63	input_spectra/11-G1M02.mzML	97	0	175.118644714355	1	8473.02	0.0
4	input_spectra/11-G1M02.mzML	98	0	118.086082458496	1	8512.44	0.0
4	input_spectra/11-G1M02.mzML	99	0	118.086082458496	1	8563.26	0.0
19	input_spectra/11-G1M02.mzML	100	0	130.097188313802	1	8818.56	0.0
19	input_spectra/11-G1M02.mzML	101	0	130.097188313802	1	8830.02	0.0
19	input_spectra/11-G1M02.mzML	102	0	130.097188313802	1	8869.380000000001	0.0
19	input_spectra/11-G1M02.mzML	103	0	130.097188313802	1	8880.84	0.0
19	input_spectra/11-G1M02.mzML	104	0	130.097188313802	1	8920.199999999999	0.0
19	input_spectra/11-G1M02.mzML	105	0	130.097188313802	1	8931.72	0.0
77	input_spectra/11-G1M02.mzML	106	0	202.179463704427	1	9067.26	0.0
77	input_spectra/11-G1M02.mzML	107	0	202.179463704427	1	9118.08	0.0
37	input_spectra/11-G1M02.mzML	108	0	146.092041015625	1	9168.9	0.0
37	input_spectra/11-G1M02.mzML	109	0	146.092041015625	1	9293.52	0.0
44	input_spectra/11-G1M02.mzML	110	0	152.056159973145	1	9344.34	0.0
44	input_spectra/11-G1M02.mzML	111	0	152.056159973145	1	9418.2	0.0
4	input_spectra/11-G1M02.mzML	112	0	118.086082458496	1	9613.32	0.0
4	input_spectra/11-G1M02.mzML	113	0	118.086082458496	1	9624.78	0.0
4	input_spectra/11-G1M02.mzML	114	0	118.086082458496	1	9664.14	0.0
4	input_spectra/11-G1M02.mzML	115	0	118.086082458496	1	9675.599999999999	0.0
4	input_spectra/11-G1M02.mzML	116	0	118.086082458496	1	9714.96	0.0
4	input_spectra/11-G1M02.mzML	117	0	118.086082458496	1	9726.42	0.0
14	input_spectra/11-G1M02.mzML	118	0	129.065567016602	1	9765.78	0.0
14	input_spectra/11-G1M02.mzML	119	0	129.065567016602	1	9777.300000000001	0.0
14	input_spectra/11-G1M02.mzML	120	0	129.065567016602	1	9816.66	0.0
14	input_spectra/11-G1M02.mzML	121	0	129.065567016602	1	9828.119999999999	0.0
47	input_spectra/11-G1M02.mzML	122	0	158.091949462891	1	9867.48	0.0
48	input_spectra/11-G1M02.mzML	123	0	158.091949462891	1	9878.94	0.0
14	input_spectra/11-G1M02.mzML	124	0	129.065567016602	1	9890.4	0.0
14	input_spectra/11-G1M02.mzML	125	0	129.065567016602	1	9901.92	0.0
41	input_spectra/11-G1M02.mzML	126	0	150.05788675944	1	9941.220000000001	0.0
41	input_spectra/11-G1M02.mzML	127	0	150.05788675944	1	9952.679999999998	0.0
41	input_spectra/11-G1M02.mzML	128	0	150.05788675944	1	9992.1	0.0
41	input_spectra/11-G1M02.mzML	129	0	150.05788675944	1	10003.56	0.0
41	input_spectra/11-G1M02.mzML	130	0	150.05788675944	1	10042.92	0.0
41	input_spectra/11-G1M02.mzML	131	0	150.05788675944	1	10054.380000000001	0.0
23	input_spectra/11-G1M02.mzML	132	0	131.929478963216	1	10129.859999999999	0.0
23	input_spectra/11-G1M02.mzML	133	0	131.929478963216	1	10141.32	0.0
23	input_spectra/11-G1M02.mzML	134	0	131.929478963216	1	10180.68	0.0
23	input_spectra/11-G1M02.mzML	135	0	131.929478963216	1	10192.14	0.0
23	input_spectra/11-G1M02.mzML	136	0	131.929478963216	1	10231.5	0.0
23	input_spectra/11-G1M02.mzML	137	0	131.929478963216	1	10242.960000000001	0.0
5	input_spectra/11-G1M02.mzML	138	0	118.086082458496	1	10775.34	0.0
4	input_spectra/11-G1M02.mzML	139	0	118.086082458496	1	10786.8	0.0
5	input_spectra/11-G1M02.mzML	140	0	118.086082458496	1	10838.16	0.0
4	input_spectra/11-G1M02.mzML	141	0	118.086082458496	1	10849.68	0.0
15	input_spectra/11-G1M02.mzML	142	0	130.049504597982	1	10961.220000000001	0.0
15	input_spectra/11-G1M02.mzML	143	0	130.049504597982	1	10972.679999999998	0.0
15	input_spectra/11-G1M02.mzML	144	0	130.049504597982	1	11012.039999999999	0.0
15	input_spectra/11-G1M02.mzML	145	0	130.049504597982	1	11023.5	0.0
16	input_spectra/11-G1M02.mzML	146	0	130.049504597982	1	11062.92	0.0
15	input_spectra/11-G1M02.mzML	147	0	130.049504597982	1	11074.380000000001	0.0
24	input_spectra/11-G1M02.mzML	148	0	132.10164642334	1	11085.84	0.0
24	input_spectra/11-G1M02.mzML	149	0	132.10164642334	1	11097.300000000001	0.0
24	input_spectra/11-G1M02.mzML	150	0	132.10164642334	1	11136.6	0.0
25	input_spectra/11-G1M02.mzML	151	0	132.104354858398	1	11187.48	0.0
26	input_spectra/11-G1M02.mzML	152	0	132.104354858398	1	11198.94	0.0
30	input_spectra/11-G1M02.mzML	153	0	137.045491536458	1	11210.460000000001	0.0
31	input_spectra/11-G1M02.mzML	154	0	137.045491536458	1	11221.92	0.0
25	input_spectra/11-G1M02.mzML	155	0	132.104354858398	1	11261.279999999999	0.0
26	input_spectra/11-G1M02.mzML	156	0	132.104354858398	1	11272.74	0.0
30	input_spectra/11-G1M02.mzML	157	0	137.045491536458	1	11284.199999999999	0.0
31	input_spectra/11-G1M02.mzML	158	0	137.045491536458	1	11295.72	0.0
108	input_spectra/11-G1M02.mzML	159	0	268.139572143555	1	11318.7	0.0
30	input_spectra/11-G1M02.mzML	160	0	137.045491536458	1	11358.06	0.0
31	input_spectra/11-G1M02.mzML	161	0	137.045491536458	1	11369.58	0.0
108	input_spectra/11-G1M02.mzML	162	0	268.139572143555	1	11404.14	0.0
108	input_spectra/11-G1M02.mzML	163	0	268.139572143555	1	11415.66	0.0
27	input_spectra/11-G1M02.mzML	164	0	132.10767364502	1	11455.02	0.0
28	input_spectra/11-G1M02.mzML	165	0	132.10767364502	1	11466.48	0.0
99	input_spectra/11-G1M02.mzML	166	0	254.160446166992	1	11478.0	0.0
100	input_spectra/11-G1M02.mzML	167	0	254.160446166992	1	11489.460000000001	0.0
27	input_spectra/11-G1M02.mzML	168	0	132.10767364502	1	11528.82	0.0
28	input_spectra/11-G1M02.mzML	169	0	132.10767364502	1	11540.34	0.0
99	input_spectra/11-G1M02.mzML	170	0	254.160446166992	1	11551.8	0.0
100	input_spectra/11-G1M02.mzML	171	0	254.160446166992	1	11563.32	0.0
9	input_spectra/11-G1M02.mzML	172	0	121.064425150553	1	11602.679999999998	0.0
9	input_spectra/11-G1M02.mzML	173	0	121.064425150553	1	11614.14	0.0
9	input_spectra/11-G1M02.mzML	174	0	121.064425150553	1	11653.5	0.0
9	input_spectra/11-G1M02.mzML	175	0	121.064425150553	1	11664.96	0.0
32	input_spectra/11-G1M02.mzML	176	0	138.091033935547	1	11676.42	0.0
33	input_spectra/11-G1M02.mzML	177	0	138.091033935547	1	11687.94	0.0
9	input_spectra/11-G1M02.mzML	178	0	121.064425150553	1	11727.300000000001	0.0
9	input_spectra/11-G1M02.mzML	179	0	121.064425150553	1	11738.759999999998	0.0
32	input_spectra/11-G1M02.mzML	180	0	138.091033935547	1	11750.22	0.0
33	input_spectra/11-G1M02.mzML	181	0	138.091033935547	1	11761.74	0.0
64	input_spectra/11-G1M02.mzML	182	0	182.080500284831	1	11909.28	0.0
65	input_spectra/11-G1M02.mzML	183	0	182.080500284831	1	11920.74	0.0
64	input_spectra/11-G1M02.mzML	184	0	182.080500284831	1	11960.1	0.0
65	input_spectra/11-G1M02.mzML	185	0	182.080500284831	1	11971.560000000001	0.0
64	input_spectra/11-G1M02.mzML	186	0	182.080500284831	1	12010.92	0.0
65	input_spectra/11-G1M02.mzML	187	0	182.080500284831	1	12022.44	0.0
52	input_spectra/11-G1M02.mzML	188	0	165.054209391276	1	12033.9	0.0
53	input_spectra/11-G1M02.mzML	189	0	165.054209391276	1	12045.36	0.0
29	input_spectra/11-G1M02.mzML	190	0	136.075261433919	1	12056.82	0.0
29	input_spectra/11-G1M02.mzML	191	0	136.075261433919	1	12068.34	0.0
29	input_spectra/11-G1M02.mzML	192	0	136.075261433919	1	12107.699999999999	0.0
29	input_spectra/11-G1M02.mzML	193	0	136.075261433919	1	12119.16	0.0
52	input_spectra/11-G1M02.mzML	194	0	165.054209391276	1	12130.68	0.0
53	input_spectra/11-G1M02.mzML	195	0	165.054209391276	1	12142.14	0.0
46	input_spectra/11-G1M02.mzML	196	0	155.081161499023	1	12153.6	0.0
46	input_spectra/11-G1M02.mzML	197	0	155.081161499023	1	12165.06	0.0
46	input_spectra/11-G1M02.mzML	198	0	155.081161499023	1	12204.48	0.0
46	input_spectra/11-G1M02.mzML	199	0	155.081161499023	1	12215.939999999999	0.0
52	input_spectra/11-G1M02.mzML	200	0	165.054209391276	1	12227.4	0.0
53	input_spectra/11-G1M02.mzML	201	0	165.054209391276	1	12238.92	0.0
29	input_spectra/11-G1M02.mzML	202	0	136.075261433919	1	12250.380000000001	0.0
29	input_spectra/11-G1M02.mzML	203	0	136.075261433919	1	12261.84	0.0
46	input_spectra/11-G1M02.mzML	204	0	155.081161499023	1	12301.259999999998	0.0
46	input_spectra/11-G1M02.mzML	205	0	155.081161499023	1	12312.72	0.0
24	input_spectra/11-G1M02.mzML	206	0	132.10164642334	1	12335.64	0.0
24	input_spectra/11-G1M02.mzML	207	0	132.10164642334	1	12375.06	0.0
24	input_spectra/11-G1M02.mzML	208	0	132.10164642334	1	12386.52	0.0
24	input_spectra/11-G1M02.mzML	209	0	132.10164642334	1	12425.880000000001	0.0
24	input_spectra/11-G1M02.mzML	210	0	132.10164642334	1	12437.34	0.0
34	input_spectra/11-G1M02.mzML	211	0	141.95821869679	1	12476.76	0.0
35	input_spectra/11-G1M02.mzML	212	0	141.95821869679	1	12488.22	0.0
34	input_spectra/11-G1M02.mzML	213	0	141.95821869679	1	12539.64	0.0
35	input_spectra/11-G1M02.mzML	214	0	141.95821869679	1	12551.1	0.0
34	input_spectra/11-G1M02.mzML	215	0	141.95821869679	1	12602.52	0.0
35	input_spectra/11-G1M02.mzML	216	0	141.95821869679	1	12613.98	0.0
23	input_spectra/11-G1M02.mzML	217	0	131.929478963216	1	12653.34	0.0
23	input_spectra/11-G1M02.mzML	218	0	131.929478963216	1	12664.800000000001	0.0
23	input_spectra/11-G1M02.mzML	219	0	131.929478963216	1	12824.400000000001	0.0
23	input_spectra/11-G1M02.mzML	220	0	131.929478963216	1	12835.86	0.0
23	input_spectra/11-G1M02.mzML	221	0	131.929478963216	1	12875.22	0.0
23	input_spectra/11-G1M02.mzML	222	0	131.929478963216	1	12886.68	0.0
11	input_spectra/11-G1M02.mzML	223	0	122.963746444039	1	12938.099999999999	0.0
11	input_spectra/11-G1M02.mzML	224	0	122.963746444039	1	12949.56	0.0
50	input_spectra/11-G1M02.mzML	225	0	158.960763784555	1	13037.039999999999	0.0
50	input_spectra/11-G1M02.mzML	226	0	158.960763784555	1	13048.5	0.0
11	input_spectra/11-G1M02.mzML	227	0	122.963746444039	1	13135.98	0.0
11	input_spectra/11-G1M02.mzML	228	0	122.963746444039	1	13147.44	0.0
50	input_spectra/11-G1M02.mzML	229	0	158.960763784555	1	13295.04	0.0
50	input_spectra/11-G1M02.mzML	230	0	158.960763784555	1	13306.5	0.0
50	input_spectra/11-G1M02.mzML	231	0	158.960763784555	1	13357.86	0.0
50	input_spectra/11-G1M02.mzML	232	0	158.960763784555	1	13369.32	0.0
11	input_spectra/11-G1M02.mzML	233	0	122.963746444039	1	13444.800000000001	0.0
11	input_spectra/11-G1M02.mzML	234	0	122.963746444039	1	13456.32	0.0
24	input_spectra/11-G1M02.mzML	235	0	132.10164642334	1	13495.68	0.0
24	input_spectra/11-G1M02.mzML	236	0	132.10164642334	1	13507.14	0.0
24	input_spectra/11-G1M02.mzML	237	0	132.10164642334	1	13546.5	0.0
24	input_spectra/11-G1M02.mzML	238	0	132.10164642334	1	13558.02	0.0
24	input_spectra/11-G1M02.mzML	239	0	132.10164642334	1	13597.38	0.0
24	input_spectra/11-G1M02.mzML	240	0	132.10164642334	1	13608.84	0.0
34	input_spectra/11-G1M02.mzML	241	0	141.95821869679	1	13684.26	0.0
35	input_spectra/11-G1M02.mzML	242	0	141.95821869679	1	13695.78	0.0
34	input_spectra/11-G1M02.mzML	243	0	141.95821869679	1	13735.140000000001	0.0
35	input_spectra/11-G1M02.mzML	244	0	141.95821869679	1	13746.6	0.0
34	input_spectra/11-G1M02.mzML	245	0	141.95821869679	1	13785.96	0.0
35	input_spectra/11-G1M02.mzML	246	0	141.95821869679	1	13797.48	0.0
23	input_spectra/11-G1M02.mzML	247	0	131.929478963216	1	13933.02	0.0
23	input_spectra/11-G1M02.mzML	248	0	131.929478963216	1	13944.48	0.0
23	input_spectra/11-G1M02.mzML	249	0	131.929478963216	1	13983.84	0.0
23	input_spectra/11-G1M02.mzML	250	0	131.929478963216	1	13995.3	0.0
23	input_spectra/11-G1M02.mzML	251	0	131.929478963216	1	14034.66	0.0
23	input_spectra/11-G1M02.mzML	252	0	131.929478963216	1	14046.12	0.0
2	input_spectra/11-G1M02.mzML	253	0	113.963219960531	1	14301.960000000001	0.0
2	input_spectra/11-G1M02.mzML	254	0	113.963219960531	1	14313.42	0.0
50	input_spectra/11-G1M02.mzML	255	0	158.960763784555	1	14485.02	0.0
50	input_spectra/11-G1M02.mzML	256	0	158.960763784555	1	14496.54	0.0
50	input_spectra/11-G1M02.mzML	257	0	158.960763784555	1	14535.9	0.0
50	input_spectra/11-G1M02.mzML	258	0	158.960763784555	1	14547.359999999999	0.0
11	input_spectra/11-G1M02.mzML	259	0	122.963746444039	1	14558.82	0.0
11	input_spectra/11-G1M02.mzML	260	0	122.963746444039	1	14570.279999999999	0.0
11	input_spectra/11-G1M02.mzML	261	0	122.963746444039	1	14609.64	0.0
11	input_spectra/11-G1M02.mzML	262	0	122.963746444039	1	14621.1	0.0
50	input_spectra/11-G1M02.mzML	263	0	158.960763784555	1	14632.56	0.0
50	input_spectra/11-G1M02.mzML	264	0	158.960763784555	1	14644.08	0.0
11	input_spectra/11-G1M02.mzML	265	0	122.963746444039	1	14683.439999999999	0.0
11	input_spectra/11-G1M02.mzML	266	0	122.963746444039	1	14694.9	0.0
34	input_spectra/11-G1M02.mzML	267	0	141.95821869679	1	14830.44	0.0
35	input_spectra/11-G1M02.mzML	268	0	141.95821869679	1	14841.960000000001	0.0
34	input_spectra/11-G1M02.mzML	269	0	141.95821869679	1	14881.259999999998	0.0
35	input_spectra/11-G1M02.mzML	270	0	141.95821869679	1	14892.779999999999	0.0
34	input_spectra/11-G1M02.mzML	271	0	141.95821869679	1	14932.14	0.0
35	input_spectra/11-G1M02.mzML	272	0	141.95821869679	1	14943.6	0.0
20	input_spectra/11-G1M02.mzML	273	0	130.965805053711	1	15031.08	0.0
20	input_spectra/11-G1M02.mzML	274	0	130.965805053711	1	15042.6	0.0
23	input_spectra/11-G1M02.mzML	275	0	131.929478963216	1	15105.96	0.0
23	input_spectra/11-G1M02.mzML	276	0	131.929478963216	1	15117.48	0.0
23	input_spectra/11-G1M02.mzML	277	0	131.929478963216	1	15156.84	0.0
23	input_spectra/11-G1M02.mzML	278	0	131.929478963216	1	15168.300000000001	0.0
23	input_spectra/11-G1M02.mzML	279	0	131.929478963216	1	15207.66	0.0
23	input_spectra/11-G1M02.mzML	280	0	131.929478963216	1	15219.119999999999	0.0
140	input_spectra/11-G1M02.mzML	281	0	359.191874186198	1	15450.9	0.0
140	input_spectra/11-G1M02.mzML	282	0	359.191874186198	1	15462.36	0.0
140	input_spectra/11-G1M02.mzML	283	0	359.191874186198	1	15501.720000000001	0.0
140	input_spectra/11-G1M02.mzML	284	0	359.191874186198	1	15513.239999999998	0.0
140	input_spectra/11-G1M02.mzML	285	0	359.191874186198	1	15552.599999999999	0.0
140	input_spectra/11-G1M02.mzML	286	0	359.191874186198	1	15564.119999999999	0.0
2	input_spectra/11-G1M02.mzML	287	0	113.963219960531	1	15675.599999999999	0.0
2	input_spectra/11-G1M02.mzML	288	0	113.963219960531	1	15687.060000000001	0.0
11	input_spectra/11-G1M02.mzML	289	0	122.963746444039	1	15738.48	0.0
11	input_spectra/11-G1M02.mzML	290	0	122.963746444039	1	15749.940000000002	0.0
11	input_spectra/11-G1M02.mzML	291	0	122.963746444039	1	15789.3	0.0
11	input_spectra/11-G1M02.mzML	292	0	122.963746444039	1	15800.76	0.0
72	input_spectra/11-G1M02.mzML	293	0	189.086524963379	1	15840.179999999998	0.0
73	input_spectra/11-G1M02.mzML	294	0	189.086524963379	1	15851.640000000001	0.0
11	input_spectra/11-G1M02.mzML	295	0	122.963746444039	1	15863.099999999999	0.0
11	input_spectra/11-G1M02.mzML	296	0	122.963746444039	1	15874.560000000001	0.0
72	input_spectra/11-G1M02.mzML	297	0	189.086524963379	1	15913.920000000002	0.0
74	input_spectra/11-G1M02.mzML	298	0	189.086524963379	1	15925.380000000001	0.0
50	input_spectra/11-G1M02.mzML	299	0	158.960763784555	1	15936.839999999998	0.0
50	input_spectra/11-G1M02.mzML	300	0	158.960763784555	1	15948.359999999999	0.0
34	input_spectra/11-G1M02.mzML	301	0	141.95821869679	1	15987.66	0.0
35	input_spectra/11-G1M02.mzML	302	0	141.95821869679	1	15999.18	0.0
34	input_spectra/11-G1M02.mzML	303	0	141.95821869679	1	16038.54	0.0
35	input_spectra/11-G1M02.mzML	304	0	141.95821869679	1	16050.0	0.0
34	input_spectra/11-G1M02.mzML	305	0	141.95821869679	1	16089.36	0.0
35	input_spectra/11-G1M02.mzML	306	0	141.95821869679	1	16100.880000000001	0.0
55	input_spectra/11-G1M02.mzML	307	0	166.085929870605	1	16112.34	0.0
57	input_spectra/11-G1M02.mzML	308	0	166.085929870605	1	16123.800000000001	0.0
55	input_spectra/11-G1M02.mzML	309	0	166.085929870605	1	16163.160000000002	0.0
57	input_spectra/11-G1M02.mzML	310	0	166.085929870605	1	16174.619999999999	0.0
6	input_spectra/11-G1M02.mzML	311	0	120.080794440375	1	16186.079999999998	0.0
6	input_spectra/11-G1M02.mzML	312	0	120.080794440375	1	16197.599999999999	0.0
55	input_spectra/11-G1M02.mzML	313	0	166.085929870605	1	16236.96	0.0
57	input_spectra/11-G1M02.mzML	314	0	166.085929870605	1	16248.420000000002	0.0
6	input_spectra/11-G1M02.mzML	315	0	120.080794440375	1	16259.88	0.0
6	input_spectra/11-G1M02.mzML	316	0	120.080794440375	1	16271.340000000002	0.0
6	input_spectra/11-G1M02.mzML	317	0	120.080794440375	1	16310.76	0.0
6	input_spectra/11-G1M02.mzML	318	0	120.080794440375	1	16322.22	0.0
21	input_spectra/11-G1M02.mzML	319	0	131.048970540365	1	16333.68	0.0
22	input_spectra/11-G1M02.mzML	320	0	131.048970540365	1	16345.14	0.0
56	input_spectra/11-G1M02.mzML	321	0	166.089767456055	1	16384.5	0.0
58	input_spectra/11-G1M02.mzML	322	0	166.089767456055	1	16395.960000000003	0.0
21	input_spectra/11-G1M02.mzML	323	0	131.048970540365	1	16407.42	0.0
22	input_spectra/11-G1M02.mzML	324	0	131.048970540365	1	16418.88	0.0
56	input_spectra/11-G1M02.mzML	325	0	166.089767456055	1	16458.3	0.0
58	input_spectra/11-G1M02.mzML	326	0	166.089767456055	1	16469.76	0.0
6	input_spectra/11-G1M02.mzML	327	0	120.080794440375	1	16481.22	0.0
6	input_spectra/11-G1M02.mzML	328	0	120.080794440375	1	16492.68	0.0
21	input_spectra/11-G1M02.mzML	329	0	131.048970540365	1	16504.2	0.0
22	input_spectra/11-G1M02.mzML	330	0	131.048970540365	1	16515.66	0.0
146	input_spectra/11-G1M02.mzML	331	0	392.181304931641	1	16527.18	0.0
146	input_spectra/11-G1M02.mzML	332	0	392.181304931641	1	16538.64	0.0
56	input_spectra/11-G1M02.mzML	333	0	166.089767456055	1	16578.059999999998	0.0
58	input_spectra/11-G1M02.mzML	334	0	166.089767456055	1	16589.52	0.0
146	input_spectra/11-G1M02.mzML	335	0	392.181304931641	1	16601.04	0.0
146	input_spectra/11-G1M02.mzML	336	0	392.181304931641	1	16612.559999999998	0.0
50	input_spectra/11-G1M02.mzML	337	0	158.960763784555	1	16856.34	0.0
50	input_spectra/11-G1M02.mzML	338	0	158.960763784555	1	16867.8	0.0
11	input_spectra/11-G1M02.mzML	339	0	122.963746444039	1	16907.16	0.0
11	input_spectra/11-G1M02.mzML	340	0	122.963746444039	1	16918.62	0.0
11	input_spectra/11-G1M02.mzML	341	0	122.963746444039	1	16970.04	0.0
11	input_spectra/11-G1M02.mzML	342	0	122.963746444039	1	16981.5	0.0
11	input_spectra/11-G1M02.mzML	343	0	122.963746444039	1	17020.86	0.0
11	input_spectra/11-G1M02.mzML	344	0	122.963746444039	1	17032.32	0.0
34	input_spectra/11-G1M02.mzML	345	0	141.95821869679	1	17131.8	0.0
35	input_spectra/11-G1M02.mzML	346	0	141.95821869679	1	17143.32	0.0
34	input_spectra/11-G1M02.mzML	347	0	141.95821869679	1	17182.62	0.0
35	input_spectra/11-G1M02.mzML	348	0	141.95821869679	1	17194.14	0.0
34	input_spectra/11-G1M02.mzML	349	0	141.95821869679	1	17233.5	0.0
35	input_spectra/11-G1M02.mzML	350	0	141.95821869679	1	17244.96	0.0
55	input_spectra/11-G1M02.mzML	351	0	166.085929870605	1	17332.440000000002	0.0
57	input_spectra/11-G1M02.mzML	352	0	166.085929870605	1	17343.96	0.0
50	input_spectra/11-G1M02.mzML	353	0	158.960763784555	1	17355.420000000002	0.0
50	input_spectra/11-G1M02.mzML	354	0	158.960763784555	1	17366.879999999997	0.0
6	input_spectra/11-G1M02.mzML	355	0	120.080794440375	1	17406.239999999998	0.0
6	input_spectra/11-G1M02.mzML	356	0	120.080794440375	1	17417.76	0.0
6	input_spectra/11-G1M02.mzML	357	0	120.080794440375	1	17457.06	0.0
6	input_spectra/11-G1M02.mzML	358	0	120.080794440375	1	17468.579999999998	0.0
55	input_spectra/11-G1M02.mzML	359	0	166.085929870605	1	17519.940000000002	0.0
57	input_spectra/11-G1M02.mzML	360	0	166.085929870605	1	17531.4	0.0
6	input_spectra/11-G1M02.mzML	361	0	120.080794440375	1	17542.920000000002	0.0
6	input_spectra/11-G1M02.mzML	362	0	120.080794440375	1	17554.379999999997	0.0
55	input_spectra/11-G1M02.mzML	363	0	166.085929870605	1	17593.739999999998	0.0
57	input_spectra/11-G1M02.mzML	364	0	166.085929870605	1	17605.2	0.0
6	input_spectra/11-G1M02.mzML	365	0	120.080794440375	1	17644.62	0.0
6	input_spectra/11-G1M02.mzML	366	0	120.080794440375	1	17656.079999999998	0.0
6	input_spectra/11-G1M02.mzML	367	0	120.080794440375	1	17695.44	0.0
6	input_spectra/11-G1M02.mzML	368	0	120.080794440375	1	17706.9	0.0
2	input_spectra/11-G1M02.mzML	369	0	113.963219960531	1	17782.38	0.0
2	input_spectra/11-G1M02.mzML	370	0	113.963219960531	1	17793.84	0.0
11	input_spectra/11-G1M02.mzML	371	0	122.963746444039	1	18121.739999999998	0.0
11	input_spectra/11-G1M02.mzML	372	0	122.963746444039	1	18133.260000000002	0.0
11	input_spectra/11-G1M02.mzML	373	0	122.963746444039	1	18220.68	0.0
11	input_spectra/11-G1M02.mzML	374	0	122.963746444039	1	18232.140000000003	0.0
34	input_spectra/11-G1M02.mzML	375	0	141.95821869679	1	18271.5	0.0
35	input_spectra/11-G1M02.mzML	376	0	141.95821869679	1	18282.96	0.0
11	input_spectra/11-G1M02.mzML	377	0	122.963746444039	1	18294.42	0.0
11	input_spectra/11-G1M02.mzML	378	0	122.963746444039	1	18305.88	0.0
34	input_spectra/11-G1M02.mzML	379	0	141.95821869679	1	18345.24	0.0
35	input_spectra/11-G1M02.mzML	380	0	141.95821869679	1	18356.7	0.0
34	input_spectra/11-G1M02.mzML	381	0	141.95821869679	1	18396.06	0.0
35	input_spectra/11-G1M02.mzML	382	0	141.95821869679	1	18407.58	0.0
50	input_spectra/11-G1M02.mzML	383	0	158.960763784555	1	18555.12	0.0
50	input_spectra/11-G1M02.mzML	384	0	158.960763784555	1	18566.64	0.0
50	input_spectra/11-G1M02.mzML	385	0	158.960763784555	1	18630.059999999998	0.0
50	input_spectra/11-G1M02.mzML	386	0	158.960763784555	1	18641.52	0.0
50	input_spectra/11-G1M02.mzML	387	0	158.960763784555	1	18789.12	0.0
50	input_spectra/11-G1M02.mzML	388	0	158.960763784555	1	18800.58	0.0
11	input_spectra/11-G1M02.mzML	389	0	122.963746444039	1	19332.899999999998	0.0
11	input_spectra/11-G1M02.mzML	390	0	122.963746444039	1	19344.36	0.0
11	input_spectra/11-G1M02.mzML	391	0	122.963746444039	1	19395.72	0.0
11	input_spectra/11-G1M02.mzML	392	0	122.963746444039	1	19407.18	0.0
34	input_spectra/11-G1M02.mzML	393	0	141.95821869679	1	19446.600000000002	0.0
35	input_spectra/11-G1M02.mzML	394	0	141.95821869679	1	19458.059999999998	0.0
11	input_spectra/11-G1M02.mzML	395	0	122.963746444039	1	19469.52	0.0
11	input_spectra/11-G1M02.mzML	396	0	122.963746444039	1	19481.04	0.0
34	input_spectra/11-G1M02.mzML	397	0	141.95821869679	1	19520.399999999998	0.0
35	input_spectra/11-G1M02.mzML	398	0	141.95821869679	1	19531.86	0.0
34	input_spectra/11-G1M02.mzML	399	0	141.95821869679	1	19571.22	0.0
35	input_spectra/11-G1M02.mzML	400	0	141.95821869679	1	19582.68	0.0
2	input_spectra/11-G1M02.mzML	401	0	113.963219960531	1	19658.16	0.0
2	input_spectra/11-G1M02.mzML	402	0	113.963219960531	1	19669.62	0.0
50	input_spectra/11-G1M02.mzML	403	0	158.960763784555	1	19877.34	0.0
50	input_spectra/11-G1M02.mzML	404	0	158.960763784555	1	19888.800000000003	0.0
2	input_spectra/11-G1M02.mzML	405	0	113.963219960531	1	20324.940000000002	0.0
2	input_spectra/11-G1M02.mzML	406	0	113.963219960531	1	20336.4	0.0
2	input_spectra/11-G1M02.mzML	407	0	113.963219960531	1	20447.88	0.0
2	input_spectra/11-G1M02.mzML	408	0	113.963219960531	1	20459.34	0.0
11	input_spectra/11-G1M02.mzML	409	0	122.963746444039	1	20534.82	0.0
11	input_spectra/11-G1M02.mzML	410	0	122.963746444039	1	20546.28	0.0
11	input_spectra/11-G1M02.mzML	411	0	122.963746444039	1	20585.64	0.0
11	input_spectra/11-G1M02.mzML	412	0	122.963746444039	1	20597.16	0.0
34	input_spectra/11-G1M02.mzML	413	0	141.95821869679	1	20637.36	0.0
35	input_spectra/11-G1M02.mzML	414	0	141.95821869679	1	20648.88	0.0
11	input_spectra/11-G1M02.mzML	415	0	122.963746444039	1	20660.34	0.0
11	input_spectra/11-G1M02.mzML	416	0	122.963746444039	1	20671.8	0.0
34	input_spectra/11-G1M02.mzML	417	0	141.95821869679	1	20711.22	0.0
35	input_spectra/11-G1M02.mzML	418	0	141.95821869679	1	20722.68	0.0
34	input_spectra/11-G1M02.mzML	419	0	141.95821869679	1	20762.04	0.0
35	input_spectra/11-G1M02.mzML	420	0	141.95821869679	1	20773.5	0.0
34	input_spectra/11-G1M02.mzML	421	0	141.95821869679	1	21810.960000000003	0.0
35	input_spectra/11-G1M02.mzML	422	0	141.95821869679	1	21822.42	0.0
34	input_spectra/11-G1M02.mzML	423	0	141.95821869679	1	21861.78	0.0
35	input_spectra/11-G1M02.mzML	424	0	141.95821869679	1	21873.239999999998	0.0
34	input_spectra/11-G1M02.mzML	425	0	141.95821869679	1	21912.6	0.0
35	input_spectra/11-G1M02.mzML	426	0	141.95821869679	1	21924.12	0.0
11	input_spectra/11-G1M02.mzML	427	0	122.963746444039	1	22071.72	0.0
11	input_spectra/11-G1M02.mzML	428	0	122.963746444039	1	22083.18	0.0
11	input_spectra/11-G1M02.mzML	429	0	122.963746444039	1	22855.98	0.0
11	input_spectra/11-G1M02.mzML	430	0	122.963746444039	1	22867.5	0.0
34	input_spectra/11-G1M02.mzML	431	0	141.95821869679	1	22954.92	0.0
35	input_spectra/11-G1M02.mzML	432	0	141.95821869679	1	22966.38	0.0
34	input_spectra/11-G1M02.mzML	433	0	141.95821869679	1	23005.739999999998	0.0
35	input_spectra/11-G1M02.mzML	434	0	141.95821869679	1	23017.26	0.0
34	input_spectra/11-G1M02.mzML	435	0	141.95821869679	1	23056.62	0.0
35	input_spectra/11-G1M02.mzML	436	0	141.95821869679	1	23068.08	0.0
195	input_spectra/11-G1M02.mzML	437	0	554.291198730469	1	23396.04	0.0
195	input_spectra/11-G1M02.mzML	438	0	554.291198730469	1	23407.559999999998	0.0
195	input_spectra/11-G1M02.mzML	439	0	554.291198730469	1	23446.92	0.0
195	input_spectra/11-G1M02.mzML	440	0	554.291198730469	1	23458.44	0.0
195	input_spectra/11-G1M02.mzML	441	0	554.291198730469	1	23497.8	0.0
195	input_spectra/11-G1M02.mzML	442	0	554.291198730469	1	23509.32	0.0
34	input_spectra/11-G1M02.mzML	443	0	141.95821869679	1	24101.82	0.0
35	input_spectra/11-G1M02.mzML	444	0	141.95821869679	1	24113.28	0.0
178	input_spectra/11-G1M02.mzML	445	0	497.270914713542	1	24152.64	0.0
178	input_spectra/11-G1M02.mzML	446	0	497.270914713542	1	24164.16	0.0
178	input_spectra/11-G1M02.mzML	447	0	497.270914713542	1	24203.52	0.0
178	input_spectra/11-G1M02.mzML	448	0	497.270914713542	1	24214.980000000003	0.0
178	input_spectra/11-G1M02.mzML	449	0	497.270914713542	1	24254.4	0.0
178	input_spectra/11-G1M02.mzML	450	0	497.270914713542	1	24265.86	0.0
152	input_spectra/11-G1M02.mzML	451	0	427.228332519531	1	24533.699999999997	0.0
152	input_spectra/11-G1M02.mzML	452	0	427.228332519531	1	24545.22	0.0
174	input_spectra/11-G1M02.mzML	453	0	488.233652750651	1	24584.579999999998	0.0
174	input_spectra/11-G1M02.mzML	454	0	488.233652750651	1	24596.1	0.0
174	input_spectra/11-G1M02.mzML	455	0	488.233652750651	1	24647.519999999997	0.0
174	input_spectra/11-G1M02.mzML	456	0	488.233652750651	1	24658.98	0.0
174	input_spectra/11-G1M02.mzML	457	0	488.233652750651	1	24698.399999999998	0.0
174	input_spectra/11-G1M02.mzML	458	0	488.233652750651	1	24709.92	0.0
190	input_spectra/11-G1M02.mzML	459	0	531.276000976563	1	24773.34	0.0
191	input_spectra/11-G1M02.mzML	460	0	531.276000976563	1	24784.86	0.0
190	input_spectra/11-G1M02.mzML	461	0	531.276000976563	1	24824.22	0.0
191	input_spectra/11-G1M02.mzML	462	0	531.276000976563	1	24835.739999999998	0.0
154	input_spectra/11-G1M02.mzML	463	0	430.228627522786	1	24847.2	0.0
154	input_spectra/11-G1M02.mzML	464	0	430.228627522786	1	24858.72	0.0
68	input_spectra/11-G1M02.mzML	465	0	185.110341389974	1	24870.24	0.0
68	input_spectra/11-G1M02.mzML	466	0	185.110341389974	1	24881.7	0.0
190	input_spectra/11-G1M02.mzML	467	0	531.276000976563	1	24921.06	0.0
191	input_spectra/11-G1M02.mzML	468	0	531.276000976563	1	24932.58	0.0
154	input_spectra/11-G1M02.mzML	469	0	430.228627522786	1	24944.100000000002	0.0
154	input_spectra/11-G1M02.mzML	470	0	430.228627522786	1	24955.620000000003	0.0
154	input_spectra/11-G1M02.mzML	471	0	430.228627522786	1	24994.92	0.0
154	input_spectra/11-G1M02.mzML	472	0	430.228627522786	1	25006.44	0.0
68	input_spectra/11-G1M02.mzML	473	0	185.110341389974	1	25045.8	0.0
68	input_spectra/11-G1M02.mzML	474	0	185.110341389974	1	25057.32	0.0
201	input_spectra/11-G1M02.mzML	475	0	584.302307128906	1	25096.68	0.0
202	input_spectra/11-G1M02.mzML	476	0	584.302307128906	1	25108.2	0.0
201	input_spectra/11-G1M02.mzML	477	0	584.302307128906	1	25147.559999999998	0.0
202	input_spectra/11-G1M02.mzML	478	0	584.302307128906	1	25159.079999999998	0.0
201	input_spectra/11-G1M02.mzML	479	0	584.302307128906	1	25198.44	0.0
202	input_spectra/11-G1M02.mzML	480	0	584.302307128906	1	25209.9	0.0
185	input_spectra/11-G1M02.mzML	481	0	527.281188964844	1	25221.420000000002	0.0
186	input_spectra/11-G1M02.mzML	482	0	527.281188964844	1	25232.94	0.0
185	input_spectra/11-G1M02.mzML	483	0	527.281188964844	1	25295.34	0.0
186	input_spectra/11-G1M02.mzML	484	0	527.281188964844	1	25306.86	0.0
214	input_spectra/11-G1M02.mzML	485	0	655.338500976563	1	25329.9	0.0
111	input_spectra/11-G1M02.mzML	486	0	283.174896240234	1	25341.420000000002	0.0
153	input_spectra/11-G1M02.mzML	487	0	428.249786376953	1	25392.36	0.0
153	input_spectra/11-G1M02.mzML	488	0	428.249786376953	1	25403.82	0.0
214	input_spectra/11-G1M02.mzML	489	0	655.338500976563	1	25426.92	0.0
153	input_spectra/11-G1M02.mzML	490	0	428.249786376953	1	25466.28	0.0
153	input_spectra/11-G1M02.mzML	491	0	428.249786376953	1	25477.8	0.0
204	input_spectra/11-G1M02.mzML	492	0	592.271148681641	1	25500.84	0.0
204	input_spectra/11-G1M02.mzML	493	0	592.271148681641	1	25551.72	0.0
196	input_spectra/11-G1M02.mzML	494	0	557.29150390625	1	25586.4	0.0
197	input_spectra/11-G1M02.mzML	495	0	557.29150390625	1	25597.920000000002	0.0
157	input_spectra/11-G1M02.mzML	496	0	440.249084472656	1	25637.28	0.0
157	input_spectra/11-G1M02.mzML	497	0	440.249084472656	1	25648.800000000003	0.0
157	input_spectra/11-G1M02.mzML	498	0	440.249084472656	1	25711.32	0.0
157	input_spectra/11-G1M02.mzML	499	0	440.249084472656	1	25722.780000000002	0.0
183	input_spectra/11-G1M02.mzML	500	0	522.217895507813	1	25734.3	0.0
183	input_spectra/11-G1M02.mzML	501	0	522.217895507813	1	25745.82	0.0
181	input_spectra/11-G1M02.mzML	502	0	511.286560058594	1	25780.5	0.0
181	input_spectra/11-G1M02.mzML	503	0	511.286560058594	1	25792.02	0.0
157	input_spectra/11-G1M02.mzML	504	0	440.249084472656	1	25854.48	0.0
157	input_spectra/11-G1M02.mzML	505	0	440.249084472656	1	25866.0	0.0
181	input_spectra/11-G1M02.mzML	506	0	511.286560058594	1	25877.519999999997	0.0
181	input_spectra/11-G1M02.mzML	507	0	511.286560058594	1	25889.039999999997	0.0
135	input_spectra/11-G1M02.mzML	508	0	344.227249145508	1	25900.559999999998	0.0
161	input_spectra/11-G1M02.mzML	509	0	442.263610839844	1	25946.7	0.0
161	input_spectra/11-G1M02.mzML	510	0	442.263610839844	1	25958.22	0.0
135	input_spectra/11-G1M02.mzML	511	0	344.227249145508	1	25997.58	0.0
135	input_spectra/11-G1M02.mzML	512	0	344.227249145508	1	26009.100000000002	0.0
203	input_spectra/11-G1M02.mzML	513	0	586.317504882813	1	26020.620000000003	0.0
203	input_spectra/11-G1M02.mzML	514	0	586.317504882813	1	26032.140000000003	0.0
3	input_spectra/11-G1M02.mzML	515	0	117.072884877523	1	26089.62	0.0
3	input_spectra/11-G1M02.mzML	516	0	117.072884877523	1	26101.079999999998	0.0
79	input_spectra/11-G1M02.mzML	517	0	205.096664428711	1	26140.5	0.0
80	input_spectra/11-G1M02.mzML	518	0	205.096664428711	1	26151.96	0.0
70	input_spectra/11-G1M02.mzML	519	0	188.07039642334	1	26163.420000000002	0.0
71	input_spectra/11-G1M02.mzML	520	0	188.07039642334	1	26174.940000000002	0.0
189	input_spectra/11-G1M02.mzML	521	0	529.296142578125	1	26186.46	0.0
189	input_spectra/11-G1M02.mzML	522	0	529.296142578125	1	26197.98	0.0
3	input_spectra/11-G1M02.mzML	523	0	117.072884877523	1	26232.54	0.0
3	input_spectra/11-G1M02.mzML	524	0	117.072884877523	1	26244.06	0.0
145	input_spectra/11-G1M02.mzML	525	0	388.253092447917	1	26283.420000000002	0.0
145	input_spectra/11-G1M02.mzML	526	0	388.253092447917	1	26294.940000000002	0.0
206	input_spectra/11-G1M02.mzML	527	0	612.332946777344	1	26306.46	0.0
206	input_spectra/11-G1M02.mzML	528	0	612.332946777344	1	26317.98	0.0
79	input_spectra/11-G1M02.mzML	529	0	205.096664428711	1	26329.5	0.0
3	input_spectra/11-G1M02.mzML	530	0	117.072884877523	1	26352.42	0.0
3	input_spectra/11-G1M02.mzML	531	0	117.072884877523	1	26363.94	0.0
70	input_spectra/11-G1M02.mzML	532	0	188.07039642334	1	26375.399999999998	0.0
145	input_spectra/11-G1M02.mzML	533	0	388.253092447917	1	26426.28	0.0
145	input_spectra/11-G1M02.mzML	534	0	388.253092447917	1	26437.8	0.0
224	input_spectra/11-G1M02.mzML	535	0	947.4443359375	1	26483.94	0.0
208	input_spectra/11-G1M02.mzML	536	0	614.349548339844	1	26546.34	0.0
208	input_spectra/11-G1M02.mzML	537	0	614.349548339844	1	26557.859999999997	0.0
145	input_spectra/11-G1M02.mzML	538	0	388.253092447917	1	26569.379999999997	0.0
219	input_spectra/11-G1M02.mzML	539	0	743.391479492188	1	26592.42	0.0
220	input_spectra/11-G1M02.mzML	540	0	743.391479492188	1	26604.0	0.0
156	input_spectra/11-G1M02.mzML	541	0	432.279622395833	1	26643.36	0.0
156	input_spectra/11-G1M02.mzML	542	0	432.279622395833	1	26654.88	0.0
208	input_spectra/11-G1M02.mzML	543	0	614.349548339844	1	26666.4	0.0
208	input_spectra/11-G1M02.mzML	544	0	614.349548339844	1	26677.920000000002	0.0
156	input_spectra/11-G1M02.mzML	545	0	432.279622395833	1	26740.32	0.0
156	input_spectra/11-G1M02.mzML	546	0	432.279622395833	1	26751.84	0.0
156	input_spectra/11-G1M02.mzML	547	0	432.279622395833	1	26837.28	0.0
156	input_spectra/11-G1M02.mzML	548	0	432.279622395833	1	26848.800000000003	0.0
169	input_spectra/11-G1M02.mzML	549	0	476.305948893229	1	26860.32	0.0
169	input_spectra/11-G1M02.mzML	550	0	476.305948893229	1	26871.84	0.0
36	input_spectra/11-G1M02.mzML	551	0	146.059677124023	1	26894.82	0.0
169	input_spectra/11-G1M02.mzML	552	0	476.305948893229	1	26934.18	0.0
169	input_spectra/11-G1M02.mzML	553	0	476.305948893229	1	26945.7	0.0
89	input_spectra/11-G1M02.mzML	554	0	227.138636271159	1	26957.219999999998	0.0
89	input_spectra/11-G1M02.mzML	555	0	227.138636271159	1	26968.68	0.0
169	input_spectra/11-G1M02.mzML	556	0	476.305948893229	1	27054.239999999998	0.0
169	input_spectra/11-G1M02.mzML	557	0	476.305948893229	1	27065.760000000002	0.0
89	input_spectra/11-G1M02.mzML	558	0	227.138636271159	1	27077.28	0.0
89	input_spectra/11-G1M02.mzML	559	0	227.138636271159	1	27088.739999999998	0.0
182	input_spectra/11-G1M02.mzML	560	0	520.331624348958	1	27100.26	0.0
182	input_spectra/11-G1M02.mzML	561	0	520.331624348958	1	27111.78	0.0
182	input_spectra/11-G1M02.mzML	562	0	520.331624348958	1	27197.28	0.0
182	input_spectra/11-G1M02.mzML	563	0	520.331624348958	1	27208.800000000003	0.0
49	input_spectra/11-G1M02.mzML	564	0	158.099472045898	1	27266.34	0.0
49	input_spectra/11-G1M02.mzML	565	0	158.099472045898	1	27277.8	0.0
61	input_spectra/11-G1M02.mzML	566	0	169.075744628906	1	27300.78	0.0
198	input_spectra/11-G1M02.mzML	567	0	564.35791015625	1	27340.14	0.0
198	input_spectra/11-G1M02.mzML	568	0	564.35791015625	1	27351.66	0.0
3	input_spectra/11-G1M02.mzML	569	0	117.072884877523	1	27363.18	0.0
3	input_spectra/11-G1M02.mzML	570	0	117.072884877523	1	27374.640000000003	0.0
182	input_spectra/11-G1M02.mzML	571	0	520.331624348958	1	27386.22	0.0
182	input_spectra/11-G1M02.mzML	572	0	520.331624348958	1	27397.74	0.0
34	input_spectra/11-G1M02.mzML	573	0	141.95821869679	1	27409.2	0.0
35	input_spectra/11-G1M02.mzML	574	0	141.95821869679	1	27420.72	0.0
205	input_spectra/11-G1M02.mzML	575	0	608.383636474609	1	27483.120000000003	0.0
205	input_spectra/11-G1M02.mzML	576	0	608.383636474609	1	27494.640000000003	0.0
3	input_spectra/11-G1M02.mzML	577	0	117.072884877523	1	27506.16	0.0
3	input_spectra/11-G1M02.mzML	578	0	117.072884877523	1	27517.62	0.0
198	input_spectra/11-G1M02.mzML	579	0	564.35791015625	1	27529.2	0.0
198	input_spectra/11-G1M02.mzML	580	0	564.35791015625	1	27540.72	0.0
103	input_spectra/11-G1M02.mzML	581	0	261.123107910156	1	27552.24	0.0
103	input_spectra/11-G1M02.mzML	582	0	261.123107910156	1	27563.699999999997	0.0
34	input_spectra/11-G1M02.mzML	583	0	141.95821869679	1	27575.22	0.0
35	input_spectra/11-G1M02.mzML	584	0	141.95821869679	1	27586.68	0.0
3	input_spectra/11-G1M02.mzML	585	0	117.072884877523	1	27626.04	0.0
3	input_spectra/11-G1M02.mzML	586	0	117.072884877523	1	27637.559999999998	0.0
205	input_spectra/11-G1M02.mzML	587	0	608.383636474609	1	27649.079999999998	0.0
205	input_spectra/11-G1M02.mzML	588	0	608.383636474609	1	27660.6	0.0
213	input_spectra/11-G1M02.mzML	589	0	652.409545898438	1	27672.18	0.0
213	input_spectra/11-G1M02.mzML	590	0	652.409545898438	1	27683.699999999997	0.0
49	input_spectra/11-G1M02.mzML	591	0	158.099472045898	1	27718.2	0.0
49	input_spectra/11-G1M02.mzML	592	0	158.099472045898	1	27729.66	0.0
213	input_spectra/11-G1M02.mzML	593	0	652.409545898438	1	27769.02	0.0
213	input_spectra/11-G1M02.mzML	594	0	652.409545898438	1	27780.54	0.0
217	input_spectra/11-G1M02.mzML	595	0	696.437194824219	1	27792.06	0.0
217	input_spectra/11-G1M02.mzML	596	0	696.437194824219	1	27803.579999999998	0.0
83	input_spectra/11-G1M02.mzML	597	0	211.143768310547	1	29155.38	0.0
83	input_spectra/11-G1M02.mzML	598	0	211.143768310547	1	29166.84	0.0
83	input_spectra/11-G1M02.mzML	599	0	211.143768310547	1	29206.199999999997	0.0
83	input_spectra/11-G1M02.mzML	600	0	211.143768310547	1	29217.72	0.0
123	input_spectra/11-G1M02.mzML	601	0	328.268405656873	1	30483.6	0.0
124	input_spectra/11-G1M02.mzML	602	0	328.268405656873	1	30495.059999999998	0.0
125	input_spectra/11-G1M02.mzML	603	0	328.268405656873	1	30558.48	0.0
125	input_spectra/11-G1M02.mzML	604	0	328.268405656873	1	30569.940000000002	0.0
126	input_spectra/11-G1M02.mzML	605	0	328.268405656873	1	30609.3	0.0
125	input_spectra/11-G1M02.mzML	606	0	328.268405656873	1	30620.82	0.0
69	input_spectra/11-G1M02.mzML	607	0	186.221760341099	1	30804.48	0.0
69	input_spectra/11-G1M02.mzML	608	0	186.221760341099	1	30915.42	0.0
69	input_spectra/11-G1M02.mzML	609	0	186.221760341099	1	30966.300000000003	0.0
34	input_spectra/11-G1M02.mzML	610	0	141.95821869679	1	31185.480000000003	0.0
35	input_spectra/11-G1M02.mzML	611	0	141.95821869679	1	31196.94	0.0
34	input_spectra/11-G1M02.mzML	612	0	141.95821869679	1	31476.780000000002	0.0
35	input_spectra/11-G1M02.mzML	613	0	141.95821869679	1	31488.299999999996	0.0
127	input_spectra/11-G1M02.mzML	614	0	328.268405656873	1	31659.899999999998	0.0
128	input_spectra/11-G1M02.mzML	615	0	328.268405656873	1	31671.36	0.0
128	input_spectra/11-G1M02.mzML	616	0	328.268405656873	1	31710.780000000002	0.0
129	input_spectra/11-G1M02.mzML	617	0	328.268405656873	1	31722.239999999998	0.0
125	input_spectra/11-G1M02.mzML	618	0	328.268405656873	1	31761.600000000002	0.0
127	input_spectra/11-G1M02.mzML	619	0	328.268405656873	1	31773.120000000003	0.0
69	input_spectra/11-G1M02.mzML	620	0	186.221760341099	1	32016.9	0.0
69	input_spectra/11-G1M02.mzML	621	0	186.221760341099	1	32028.36	0.0
69	input_spectra/11-G1M02.mzML	622	0	186.221760341099	1	32067.66	0.0
69	input_spectra/11-G1M02.mzML	623	0	186.221760341099	1	32079.18	0.0
69	input_spectra/11-G1M02.mzML	624	0	186.221760341099	1	32118.539999999997	0.0
34	input_spectra/11-G1M02.mzML	625	0	141.95821869679	1	32169.359999999997	0.0
35	input_spectra/11-G1M02.mzML	626	0	141.95821869679	1	32180.879999999997	0.0
110	input_spectra/11-G1M02.mzML	627	0	274.274139404297	1	32316.42	0.0
110	input_spectra/11-G1M02.mzML	628	0	274.274139404297	1	32327.88	0.0
110	input_spectra/11-G1M02.mzML	629	0	274.274139404297	1	32367.239999999998	0.0
110	input_spectra/11-G1M02.mzML	630	0	274.274139404297	1	32378.76	0.0
110	input_spectra/11-G1M02.mzML	631	0	274.274139404297	1	32418.120000000003	0.0
110	input_spectra/11-G1M02.mzML	632	0	274.274139404297	1	32429.640000000003	0.0
130	input_spectra/11-G1M02.mzML	633	0	328.268405656873	1	32829.72	0.0
130	input_spectra/11-G1M02.mzML	634	0	328.268405656873	1	32841.18	0.0
126	input_spectra/11-G1M02.mzML	635	0	328.268405656873	1	32880.54	0.0
127	input_spectra/11-G1M02.mzML	636	0	328.268405656873	1	32892.06	0.0
126	input_spectra/11-G1M02.mzML	637	0	328.268405656873	1	32931.42	0.0
130	input_spectra/11-G1M02.mzML	638	0	328.268405656873	1	32942.94	0.0
193	input_spectra/11-G1M02.mzML	639	0	534.353088378906	1	33193.02	0.0
193	input_spectra/11-G1M02.mzML	640	0	534.353088378906	1	33204.54	0.0
34	input_spectra/11-G1M02.mzML	641	0	141.95821869679	1	33967.08	0.0
35	input_spectra/11-G1M02.mzML	642	0	141.95821869679	1	33978.6	0.0
126	input_spectra/11-G1M02.mzML	643	0	328.268405656873	1	34017.96	0.0
127	input_spectra/11-G1M02.mzML	644	0	328.268405656873	1	34029.420000000006	0.0
126	input_spectra/11-G1M02.mzML	645	0	328.268405656873	1	34068.78	0.0
124	input_spectra/11-G1M02.mzML	646	0	328.268405656873	1	34080.3	0.0
124	input_spectra/11-G1M02.mzML	647	0	328.268405656873	1	34119.659999999996	0.0
130	input_spectra/11-G1M02.mzML	648	0	328.268405656873	1	34131.18	0.0
92	input_spectra/11-G1M02.mzML	649	0	230.248107910156	1	34254.72	0.0
92	input_spectra/11-G1M02.mzML	650	0	230.248107910156	1	34266.18	0.0
92	input_spectra/11-G1M02.mzML	651	0	230.248107910156	1	34305.54	0.0
92	input_spectra/11-G1M02.mzML	652	0	230.248107910156	1	34317.06	0.0
92	input_spectra/11-G1M02.mzML	653	0	230.248107910156	1	34356.42	0.0
92	input_spectra/11-G1M02.mzML	654	0	230.248107910156	1	34367.88	0.0
127	input_spectra/11-G1M02.mzML	655	0	328.268405656873	1	35164.86	0.0
129	input_spectra/11-G1M02.mzML	656	0	328.268405656873	1	35176.32	0.0
130	input_spectra/11-G1M02.mzML	657	0	328.268405656873	1	35215.68	0.0
129	input_spectra/11-G1M02.mzML	658	0	328.268405656873	1	35227.2	0.0
126	input_spectra/11-G1M02.mzML	659	0	328.268405656873	1	35266.56	0.0
128	input_spectra/11-G1M02.mzML	660	0	328.268405656873	1	35278.079999999994	0.0
34	input_spectra/11-G1M02.mzML	661	0	141.95821869679	1	35654.1	0.0
35	input_spectra/11-G1M02.mzML	662	0	141.95821869679	1	35665.62	0.0
123	input_spectra/11-G1M02.mzML	663	0	328.268405656873	1	36306.18	0.0
124	input_spectra/11-G1M02.mzML	664	0	328.268405656873	1	36317.7	0.0
123	input_spectra/11-G1M02.mzML	665	0	328.268405656873	1	36357.06	0.0
127	input_spectra/11-G1M02.mzML	666	0	328.268405656873	1	36368.58	0.0
123	input_spectra/11-G1M02.mzML	667	0	328.268405656873	1	36407.94	0.0
124	input_spectra/11-G1M02.mzML	668	0	328.268405656873	1	36419.46	0.0
139	input_spectra/11-G1M02.mzML	669	0	358.241088867188	1	36470.82	0.0
139	input_spectra/11-G1M02.mzML	670	0	358.241088867188	1	36482.34	0.0
162	input_spectra/11-G1M02.mzML	671	0	444.287790934245	1	36493.86	0.0
162	input_spectra/11-G1M02.mzML	672	0	444.287790934245	1	36505.38	0.0
139	input_spectra/11-G1M02.mzML	673	0	358.241088867188	1	36544.8	0.0
139	input_spectra/11-G1M02.mzML	674	0	358.241088867188	1	36556.259999999995	0.0
162	input_spectra/11-G1M02.mzML	675	0	444.287790934245	1	36567.78	0.0
162	input_spectra/11-G1M02.mzML	676	0	444.287790934245	1	36579.299999999996	0.0
139	input_spectra/11-G1M02.mzML	677	0	358.241088867188	1	36618.6	0.0
139	input_spectra/11-G1M02.mzML	678	0	358.241088867188	1	36630.119999999995	0.0
162	input_spectra/11-G1M02.mzML	679	0	444.287790934245	1	36641.64	0.0
162	input_spectra/11-G1M02.mzML	680	0	444.287790934245	1	36653.1	0.0
123	input_spectra/11-G1M02.mzML	681	0	328.268405656873	1	37441.74	0.0
130	input_spectra/11-G1M02.mzML	682	0	328.268405656873	1	37453.200000000004	0.0
126	input_spectra/11-G1M02.mzML	683	0	328.268405656873	1	37492.56	0.0
130	input_spectra/11-G1M02.mzML	684	0	328.268405656873	1	37504.08	0.0
123	input_spectra/11-G1M02.mzML	685	0	328.268405656873	1	37543.44	0.0
129	input_spectra/11-G1M02.mzML	686	0	328.268405656873	1	37554.96000000001	0.0
101	input_spectra/11-G1M02.mzML	687	0	258.279337565104	1	37918.979999999996	0.0
101	input_spectra/11-G1M02.mzML	688	0	258.279337565104	1	37930.44	0.0
101	input_spectra/11-G1M02.mzML	689	0	258.279337565104	1	37969.8	0.0
101	input_spectra/11-G1M02.mzML	690	0	258.279337565104	1	37981.259999999995	0.0
101	input_spectra/11-G1M02.mzML	691	0	258.279337565104	1	38020.62	0.0
101	input_spectra/11-G1M02.mzML	692	0	258.279337565104	1	38032.08	0.0
34	input_spectra/11-G1M02.mzML	693	0	141.95821869679	1	38275.92	0.0
35	input_spectra/11-G1M02.mzML	694	0	141.95821869679	1	38287.380000000005	0.0
123	input_spectra/11-G1M02.mzML	695	0	328.268405656873	1	38587.5	0.0
129	input_spectra/11-G1M02.mzML	696	0	328.268405656873	1	38599.020000000004	0.0
121	input_spectra/11-G1M02.mzML	697	0	304.300048828125	1	38610.48	0.0
121	input_spectra/11-G1M02.mzML	698	0	304.300048828125	1	38622.0	0.0
123	input_spectra/11-G1M02.mzML	699	0	328.268405656873	1	38661.3	0.0
124	input_spectra/11-G1M02.mzML	700	0	328.268405656873	1	38672.82	0.0
121	input_spectra/11-G1M02.mzML	701	0	304.300048828125	1	38684.280000000006	0.0
121	input_spectra/11-G1M02.mzML	702	0	304.300048828125	1	38695.799999999996	0.0
123	input_spectra/11-G1M02.mzML	703	0	328.268405656873	1	38735.16	0.0
124	input_spectra/11-G1M02.mzML	704	0	328.268405656873	1	38746.62	0.0
121	input_spectra/11-G1M02.mzML	705	0	304.300048828125	1	38758.14	0.0
121	input_spectra/11-G1M02.mzML	706	0	304.300048828125	1	38769.6	0.0
114	input_spectra/11-G1M02.mzML	707	0	286.219752781828	1	39422.22	0.0
115	input_spectra/11-G1M02.mzML	708	0	286.219752781828	1	39433.68	0.0
123	input_spectra/11-G1M02.mzML	709	0	328.268405656873	1	39749.64	0.0
130	input_spectra/11-G1M02.mzML	710	0	328.268405656873	1	39761.1	0.0
123	input_spectra/11-G1M02.mzML	711	0	328.268405656873	1	39800.46	0.0
124	input_spectra/11-G1M02.mzML	712	0	328.268405656873	1	39811.98	0.0
126	input_spectra/11-G1M02.mzML	713	0	328.268405656873	1	39851.34	0.0
130	input_spectra/11-G1M02.mzML	714	0	328.268405656873	1	39862.86	0.0
115	input_spectra/11-G1M02.mzML	715	0	286.219752781828	1	40070.579999999994	0.0
116	input_spectra/11-G1M02.mzML	716	0	286.219752781828	1	40082.04	0.0
114	input_spectra/11-G1M02.mzML	717	0	286.219752781828	1	40337.82	0.0
123	input_spectra/11-G1M02.mzML	718	0	328.268405656873	1	40893.66	0.0
130	input_spectra/11-G1M02.mzML	719	0	328.268405656873	1	40905.18	0.0
123	input_spectra/11-G1M02.mzML	720	0	328.268405656873	1	40944.48	0.0
130	input_spectra/11-G1M02.mzML	721	0	328.268405656873	1	40956.0	0.0
126	input_spectra/11-G1M02.mzML	722	0	328.268405656873	1	40995.36	0.0
129	input_spectra/11-G1M02.mzML	723	0	328.268405656873	1	41006.88	0.0
114	input_spectra/11-G1M02.mzML	724	0	286.219752781828	1	41431.020000000004	0.0
114	input_spectra/11-G1M02.mzML	725	0	286.219752781828	1	41481.9	0.0
116	input_spectra/11-G1M02.mzML	726	0	286.219752781828	1	41493.36	0.0
114	input_spectra/11-G1M02.mzML	727	0	286.219752781828	1	41532.78	0.0
116	input_spectra/11-G1M02.mzML	728	0	286.219752781828	1	41544.24	0.0
123	input_spectra/11-G1M02.mzML	729	0	328.268405656873	1	42028.5	0.0
124	input_spectra/11-G1M02.mzML	730	0	328.268405656873	1	42040.020000000004	0.0
126	input_spectra/11-G1M02.mzML	731	0	328.268405656873	1	42079.38	0.0
124	input_spectra/11-G1M02.mzML	732	0	328.268405656873	1	42090.840000000004	0.0
123	input_spectra/11-G1M02.mzML	733	0	328.268405656873	1	42130.2	0.0
130	input_spectra/11-G1M02.mzML	734	0	328.268405656873	1	42141.72	0.0
115	input_spectra/11-G1M02.mzML	735	0	286.219752781828	1	42577.92	0.0
117	input_spectra/11-G1M02.mzML	736	0	286.219752781828	1	42628.740000000005	0.0
117	input_spectra/11-G1M02.mzML	737	0	286.219752781828	1	42640.26	0.0
114	input_spectra/11-G1M02.mzML	738	0	286.219752781828	1	42679.62	0.0
117	input_spectra/11-G1M02.mzML	739	0	286.219752781828	1	42691.08	0.0
133	input_spectra/11-G1M02.mzML	740	0	332.331268310547	1	42702.600000000006	0.0
133	input_spectra/11-G1M02.mzML	741	0	332.331268310547	1	42714.12	0.0
133	input_spectra/11-G1M02.mzML	742	0	332.331268310547	1	42753.42	0.0
133	input_spectra/11-G1M02.mzML	743	0	332.331268310547	1	42764.94	0.0
133	input_spectra/11-G1M02.mzML	744	0	332.331268310547	1	42804.299999999996	0.0
133	input_spectra/11-G1M02.mzML	745	0	332.331268310547	1	42815.76	0.0
123	input_spectra/11-G1M02.mzML	746	0	328.268405656873	1	43167.78	0.0
130	input_spectra/11-G1M02.mzML	747	0	328.268405656873	1	43179.24	0.0
123	input_spectra/11-G1M02.mzML	748	0	328.268405656873	1	43218.6	0.0
129	input_spectra/11-G1M02.mzML	749	0	328.268405656873	1	43230.119999999995	0.0
123	input_spectra/11-G1M02.mzML	750	0	328.268405656873	1	43269.48	0.0
130	input_spectra/11-G1M02.mzML	751	0	328.268405656873	1	43280.94	0.0
117	input_spectra/11-G1M02.mzML	752	0	286.219752781828	1	43741.2	0.0
117	input_spectra/11-G1M02.mzML	753	0	286.219752781828	1	43752.66	0.0
114	input_spectra/11-G1M02.mzML	754	0	286.219752781828	1	43792.02	0.0
116	input_spectra/11-G1M02.mzML	755	0	286.219752781828	1	43803.54	0.0
114	input_spectra/11-G1M02.mzML	756	0	286.219752781828	1	43842.840000000004	0.0
116	input_spectra/11-G1M02.mzML	757	0	286.219752781828	1	43854.36	0.0
123	input_spectra/11-G1M02.mzML	758	0	328.268405656873	1	44314.56	0.0
124	input_spectra/11-G1M02.mzML	759	0	328.268405656873	1	44326.08	0.0
123	input_spectra/11-G1M02.mzML	760	0	328.268405656873	1	44365.44	0.0
124	input_spectra/11-G1M02.mzML	761	0	328.268405656873	1	44376.9	0.0
123	input_spectra/11-G1M02.mzML	762	0	328.268405656873	1	44416.32	0.0
130	input_spectra/11-G1M02.mzML	763	0	328.268405656873	1	44427.78	0.0
114	input_spectra/11-G1M02.mzML	764	0	286.219752781828	1	44888.04	0.0
116	input_spectra/11-G1M02.mzML	765	0	286.219752781828	1	44899.5	0.0
114	input_spectra/11-G1M02.mzML	766	0	286.219752781828	1	44938.86	0.0
114	input_spectra/11-G1M02.mzML	767	0	286.219752781828	1	44950.38	0.0
115	input_spectra/11-G1M02.mzML	768	0	286.219752781828	1	44989.74	0.0
116	input_spectra/11-G1M02.mzML	769	0	286.219752781828	1	45001.2	0.0
123	input_spectra/11-G1M02.mzML	770	0	328.268405656873	1	45449.4	0.0
130	input_spectra/11-G1M02.mzML	771	0	328.268405656873	1	45460.92	0.0
123	input_spectra/11-G1M02.mzML	772	0	328.268405656873	1	45500.22	0.0
130	input_spectra/11-G1M02.mzML	773	0	328.268405656873	1	45511.74	0.0
123	input_spectra/11-G1M02.mzML	774	0	328.268405656873	1	45551.1	0.0
130	input_spectra/11-G1M02.mzML	775	0	328.268405656873	1	45562.619999999995	0.0
136	input_spectra/11-G1M02.mzML	776	0	346.277095088252	1	45601.98	0.0
136	input_spectra/11-G1M02.mzML	777	0	346.277095088252	1	45613.5	0.0
137	input_spectra/11-G1M02.mzML	778	0	346.277095088252	1	45869.280000000006	0.0
137	input_spectra/11-G1M02.mzML	779	0	346.277095088252	1	45880.799999999996	0.0
136	input_spectra/11-G1M02.mzML	780	0	346.277095088252	1	46016.34	0.0
137	input_spectra/11-G1M02.mzML	781	0	346.277095088252	1	46027.8	0.0
117	input_spectra/11-G1M02.mzML	782	0	286.219752781828	1	46067.159999999996	0.0
116	input_spectra/11-G1M02.mzML	783	0	286.219752781828	1	46078.68	0.0
117	input_spectra/11-G1M02.mzML	784	0	286.219752781828	1	46118.04	0.0
116	input_spectra/11-G1M02.mzML	785	0	286.219752781828	1	46129.56	0.0
117	input_spectra/11-G1M02.mzML	786	0	286.219752781828	1	46168.92	0.0
116	input_spectra/11-G1M02.mzML	787	0	286.219752781828	1	46180.38	0.0
123	input_spectra/11-G1M02.mzML	788	0	328.268405656873	1	46592.520000000004	0.0
130	input_spectra/11-G1M02.mzML	789	0	328.268405656873	1	46603.979999999996	0.0
123	input_spectra/11-G1M02.mzML	790	0	328.268405656873	1	46643.340000000004	0.0
130	input_spectra/11-G1M02.mzML	791	0	328.268405656873	1	46654.8	0.0
123	input_spectra/11-G1M02.mzML	792	0	328.268405656873	1	46694.22	0.0
130	input_spectra/11-G1M02.mzML	793	0	328.268405656873	1	46705.68	0.0
136	input_spectra/11-G1M02.mzML	794	0	346.277095088252	1	47105.76	0.0
137	input_spectra/11-G1M02.mzML	795	0	346.277095088252	1	47117.28	0.0
137	input_spectra/11-G1M02.mzML	796	0	346.277095088252	1	47156.64	0.0
137	input_spectra/11-G1M02.mzML	797	0	346.277095088252	1	47168.1	0.0
136	input_spectra/11-G1M02.mzML	798	0	346.277095088252	1	47207.46000000001	0.0
137	input_spectra/11-G1M02.mzML	799	0	346.277095088252	1	47218.979999999996	0.0
115	input_spectra/11-G1M02.mzML	800	0	286.219752781828	1	47258.340000000004	0.0
115	input_spectra/11-G1M02.mzML	801	0	286.219752781828	1	47269.86	0.0
114	input_spectra/11-G1M02.mzML	802	0	286.219752781828	1	47309.22	0.0
114	input_spectra/11-G1M02.mzML	803	0	286.219752781828	1	47320.68	0.0
115	input_spectra/11-G1M02.mzML	804	0	286.219752781828	1	47360.03999999999	0.0
116	input_spectra/11-G1M02.mzML	805	0	286.219752781828	1	47371.56	0.0
200	input_spectra/11-G1M02.mzML	806	0	572.435689290365	1	47483.04	0.0
200	input_spectra/11-G1M02.mzML	807	0	572.435689290365	1	47494.56	0.0
200	input_spectra/11-G1M02.mzML	808	0	572.435689290365	1	47533.92	0.0
200	input_spectra/11-G1M02.mzML	809	0	572.435689290365	1	47545.44	0.0
200	input_spectra/11-G1M02.mzML	810	0	572.435689290365	1	47584.8	0.0
200	input_spectra/11-G1M02.mzML	811	0	572.435689290365	1	47596.32	0.0
123	input_spectra/11-G1M02.mzML	812	0	328.268405656873	1	47731.86	0.0
130	input_spectra/11-G1M02.mzML	813	0	328.268405656873	1	47743.38	0.0
123	input_spectra/11-G1M02.mzML	814	0	328.268405656873	1	47782.74	0.0
130	input_spectra/11-G1M02.mzML	815	0	328.268405656873	1	47794.200000000004	0.0
123	input_spectra/11-G1M02.mzML	816	0	328.268405656873	1	47833.619999999995	0.0
130	input_spectra/11-G1M02.mzML	817	0	328.268405656873	1	47845.08	0.0
188	input_spectra/11-G1M02.mzML	818	0	528.410278320313	1	47856.6	0.0
188	input_spectra/11-G1M02.mzML	819	0	528.410278320313	1	47868.12	0.0
188	input_spectra/11-G1M02.mzML	820	0	528.410278320313	1	47907.479999999996	0.0
188	input_spectra/11-G1M02.mzML	821	0	528.410278320313	1	47919.0	0.0
188	input_spectra/11-G1M02.mzML	822	0	528.410278320313	1	47958.42	0.0
188	input_spectra/11-G1M02.mzML	823	0	528.410278320313	1	47969.94	0.0
173	input_spectra/11-G1M02.mzML	824	0	484.384145100911	1	48165.6	0.0
173	input_spectra/11-G1M02.mzML	825	0	484.384145100911	1	48177.12	0.0
173	input_spectra/11-G1M02.mzML	826	0	484.384145100911	1	48216.42	0.0
173	input_spectra/11-G1M02.mzML	827	0	484.384145100911	1	48227.94	0.0
173	input_spectra/11-G1M02.mzML	828	0	484.384145100911	1	48267.3	0.0
173	input_spectra/11-G1M02.mzML	829	0	484.384145100911	1	48278.82	0.0
136	input_spectra/11-G1M02.mzML	830	0	346.277095088252	1	48290.340000000004	0.0
136	input_spectra/11-G1M02.mzML	831	0	346.277095088252	1	48301.799999999996	0.0
136	input_spectra/11-G1M02.mzML	832	0	346.277095088252	1	48341.22	0.0
137	input_spectra/11-G1M02.mzML	833	0	346.277095088252	1	48352.68	0.0
136	input_spectra/11-G1M02.mzML	834	0	346.277095088252	1	48392.04	0.0
137	input_spectra/11-G1M02.mzML	835	0	346.277095088252	1	48403.56	0.0
114	input_spectra/11-G1M02.mzML	836	0	286.219752781828	1	48442.92	0.0
116	input_spectra/11-G1M02.mzML	837	0	286.219752781828	1	48454.38	0.0
115	input_spectra/11-G1M02.mzML	838	0	286.219752781828	1	48493.740000000005	0.0
117	input_spectra/11-G1M02.mzML	839	0	286.219752781828	1	48505.26	0.0
115	input_spectra/11-G1M02.mzML	840	0	286.219752781828	1	48544.62	0.0
116	input_spectra/11-G1M02.mzML	841	0	286.219752781828	1	48556.14	0.0
158	input_spectra/11-G1M02.mzML	842	0	440.357950846354	1	48595.5	0.0
158	input_spectra/11-G1M02.mzML	843	0	440.357950846354	1	48606.96	0.0
158	input_spectra/11-G1M02.mzML	844	0	440.357950846354	1	48646.32	0.0
158	input_spectra/11-G1M02.mzML	845	0	440.357950846354	1	48657.840000000004	0.0
158	input_spectra/11-G1M02.mzML	846	0	440.357950846354	1	48697.2	0.0
158	input_spectra/11-G1M02.mzML	847	0	440.357950846354	1	48708.72	0.0
123	input_spectra/11-G1M02.mzML	848	0	328.268405656873	1	48872.88	0.0
130	input_spectra/11-G1M02.mzML	849	0	328.268405656873	1	48884.340000000004	0.0
123	input_spectra/11-G1M02.mzML	850	0	328.268405656873	1	48923.759999999995	0.0
124	input_spectra/11-G1M02.mzML	851	0	328.268405656873	1	48935.22	0.0
123	input_spectra/11-G1M02.mzML	852	0	328.268405656873	1	48974.64	0.0
124	input_spectra/11-G1M02.mzML	853	0	328.268405656873	1	48986.1	0.0
147	input_spectra/11-G1M02.mzML	854	0	396.331705729167	1	49025.46	0.0
147	input_spectra/11-G1M02.mzML	855	0	396.331705729167	1	49036.98	0.0
147	input_spectra/11-G1M02.mzML	856	0	396.331705729167	1	49076.34	0.0
147	input_spectra/11-G1M02.mzML	857	0	396.331705729167	1	49087.8	0.0
147	input_spectra/11-G1M02.mzML	858	0	396.331705729167	1	49150.2	0.0
147	input_spectra/11-G1M02.mzML	859	0	396.331705729167	1	49161.659999999996	0.0
164	input_spectra/11-G1M02.mzML	860	0	447.342376708984	1	49196.16	0.0
164	input_spectra/11-G1M02.mzML	861	0	447.342376708984	1	49207.68	0.0
164	input_spectra/11-G1M02.mzML	862	0	447.342376708984	1	49270.08	0.0
164	input_spectra/11-G1M02.mzML	863	0	447.342376708984	1	49281.6	0.0
143	input_spectra/11-G1M02.mzML	864	0	379.304077148438	1	49293.12	0.0
143	input_spectra/11-G1M02.mzML	865	0	379.304077148438	1	49304.58	0.0
164	input_spectra/11-G1M02.mzML	866	0	447.342376708984	1	49344.0	0.0
164	input_spectra/11-G1M02.mzML	867	0	447.342376708984	1	49355.46	0.0
136	input_spectra/11-G1M02.mzML	868	0	346.277095088252	1	49442.94	0.0
137	input_spectra/11-G1M02.mzML	869	0	346.277095088252	1	49454.46	0.0
136	input_spectra/11-G1M02.mzML	870	0	346.277095088252	1	49493.82	0.0
137	input_spectra/11-G1M02.mzML	871	0	346.277095088252	1	49505.340000000004	0.0
136	input_spectra/11-G1M02.mzML	872	0	346.277095088252	1	49544.7	0.0
137	input_spectra/11-G1M02.mzML	873	0	346.277095088252	1	49556.16	0.0
114	input_spectra/11-G1M02.mzML	874	0	286.219752781828	1	49595.52	0.0
117	input_spectra/11-G1M02.mzML	875	0	286.219752781828	1	49607.04	0.0
138	input_spectra/11-G1M02.mzML	876	0	352.305379231771	1	49641.54	0.0
138	input_spectra/11-G1M02.mzML	877	0	352.305379231771	1	49653.0	0.0
148	input_spectra/11-G1M02.mzML	878	0	403.316111246745	1	49664.52	0.0
148	input_spectra/11-G1M02.mzML	879	0	403.316111246745	1	49676.04	0.0
134	input_spectra/11-G1M02.mzML	880	0	335.278869628906	1	49687.5	0.0
134	input_spectra/11-G1M02.mzML	881	0	335.278869628906	1	49699.020000000004	0.0
138	input_spectra/11-G1M02.mzML	882	0	352.305379231771	1	49761.36	0.0
138	input_spectra/11-G1M02.mzML	883	0	352.305379231771	1	49772.88	0.0
148	input_spectra/11-G1M02.mzML	884	0	403.316111246745	1	49784.4	0.0
148	input_spectra/11-G1M02.mzML	885	0	403.316111246745	1	49795.86	0.0
134	input_spectra/11-G1M02.mzML	886	0	335.278869628906	1	49807.380000000005	0.0
134	input_spectra/11-G1M02.mzML	887	0	335.278869628906	1	49818.9	0.0
114	input_spectra/11-G1M02.mzML	888	0	286.219752781828	1	49830.36	0.0
116	input_spectra/11-G1M02.mzML	889	0	286.219752781828	1	49841.88	0.0
138	input_spectra/11-G1M02.mzML	890	0	352.305379231771	1	49881.240000000005	0.0
138	input_spectra/11-G1M02.mzML	891	0	352.305379231771	1	49892.7	0.0
148	input_spectra/11-G1M02.mzML	892	0	403.316111246745	1	49927.2	0.0
148	input_spectra/11-G1M02.mzML	893	0	403.316111246745	1	49938.72	0.0
114	input_spectra/11-G1M02.mzML	894	0	286.219752781828	1	49950.24	0.0
115	input_spectra/11-G1M02.mzML	895	0	286.219752781828	1	49961.700000000004	0.0
134	input_spectra/11-G1M02.mzML	896	0	335.278869628906	1	49973.219999999994	0.0
123	input_spectra/11-G1M02.mzML	897	0	328.268405656873	1	50024.1	0.0
130	input_spectra/11-G1M02.mzML	898	0	328.268405656873	1	50035.560000000005	0.0
123	input_spectra/11-G1M02.mzML	899	0	328.268405656873	1	50074.92	0.0
130	input_spectra/11-G1M02.mzML	900	0	328.268405656873	1	50086.44	0.0
123	input_spectra/11-G1M02.mzML	901	0	328.268405656873	1	50125.799999999996	0.0
124	input_spectra/11-G1M02.mzML	902	0	328.268405656873	1	50137.32	0.0
120	input_spectra/11-G1M02.mzML	903	0	304.230184597439	1	50148.78	0.0
120	input_spectra/11-G1M02.mzML	904	0	304.230184597439	1	50160.3	0.0
120	input_spectra/11-G1M02.mzML	905	0	304.230184597439	1	50271.780000000006	0.0
120	input_spectra/11-G1M02.mzML	906	0	304.230184597439	1	50283.24	0.0
120	input_spectra/11-G1M02.mzML	907	0	304.230184597439	1	50406.240000000005	0.0
136	input_spectra/11-G1M02.mzML	908	0	346.277095088252	1	50577.840000000004	0.0
137	input_spectra/11-G1M02.mzML	909	0	346.277095088252	1	50589.36	0.0
136	input_spectra/11-G1M02.mzML	910	0	346.277095088252	1	50628.72	0.0
137	input_spectra/11-G1M02.mzML	911	0	346.277095088252	1	50640.24	0.0
137	input_spectra/11-G1M02.mzML	912	0	346.277095088252	1	50679.6	0.0
137	input_spectra/11-G1M02.mzML	913	0	346.277095088252	1	50691.06	0.0
117	input_spectra/11-G1M02.mzML	914	0	286.219752781828	1	50850.719999999994	0.0
116	input_spectra/11-G1M02.mzML	915	0	286.219752781828	1	50862.18	0.0
117	input_spectra/11-G1M02.mzML	916	0	286.219752781828	1	50901.54	0.0
116	input_spectra/11-G1M02.mzML	917	0	286.219752781828	1	50913.060000000005	0.0
115	input_spectra/11-G1M02.mzML	918	0	286.219752781828	1	50952.42	0.0
115	input_spectra/11-G1M02.mzML	919	0	286.219752781828	1	50963.94	0.0
123	input_spectra/11-G1M02.mzML	920	0	328.268405656873	1	51183.66	0.0
124	input_spectra/11-G1M02.mzML	921	0	328.268405656873	1	51195.119999999995	0.0
123	input_spectra/11-G1M02.mzML	922	0	328.268405656873	1	51234.48	0.0
124	input_spectra/11-G1M02.mzML	923	0	328.268405656873	1	51246.0	0.0
123	input_spectra/11-G1M02.mzML	924	0	328.268405656873	1	51285.36	0.0
130	input_spectra/11-G1M02.mzML	925	0	328.268405656873	1	51296.88	0.0
120	input_spectra/11-G1M02.mzML	926	0	304.230184597439	1	51492.53999999999	0.0
120	input_spectra/11-G1M02.mzML	927	0	304.230184597439	1	51504.06	0.0
120	input_spectra/11-G1M02.mzML	928	0	304.230184597439	1	51543.36	0.0
120	input_spectra/11-G1M02.mzML	929	0	304.230184597439	1	51554.880000000005	0.0
120	input_spectra/11-G1M02.mzML	930	0	304.230184597439	1	51594.299999999996	0.0
120	input_spectra/11-G1M02.mzML	931	0	304.230184597439	1	51605.76	0.0
136	input_spectra/11-G1M02.mzML	932	0	346.277095088252	1	51717.3	0.0
137	input_spectra/11-G1M02.mzML	933	0	346.277095088252	1	51728.82	0.0
136	input_spectra/11-G1M02.mzML	934	0	346.277095088252	1	51768.12	0.0
137	input_spectra/11-G1M02.mzML	935	0	346.277095088252	1	51779.64	0.0
136	input_spectra/11-G1M02.mzML	936	0	346.277095088252	1	51819.0	0.0
137	input_spectra/11-G1M02.mzML	937	0	346.277095088252	1	51830.52	0.0
117	input_spectra/11-G1M02.mzML	938	0	286.219752781828	1	51990.06	0.0
116	input_spectra/11-G1M02.mzML	939	0	286.219752781828	1	52001.58	0.0
116	input_spectra/11-G1M02.mzML	940	0	286.219752781828	1	52040.94	0.0
117	input_spectra/11-G1M02.mzML	941	0	286.219752781828	1	52052.399999999994	0.0
114	input_spectra/11-G1M02.mzML	942	0	286.219752781828	1	52091.76	0.0
117	input_spectra/11-G1M02.mzML	943	0	286.219752781828	1	52103.28	0.0
123	input_spectra/11-G1M02.mzML	944	0	328.268405656873	1	52323.0	0.0
130	input_spectra/11-G1M02.mzML	945	0	328.268405656873	1	52334.52	0.0
123	input_spectra/11-G1M02.mzML	946	0	328.268405656873	1	52373.82	0.0
130	input_spectra/11-G1M02.mzML	947	0	328.268405656873	1	52385.340000000004	0.0
123	input_spectra/11-G1M02.mzML	948	0	328.268405656873	1	52424.7	0.0
130	input_spectra/11-G1M02.mzML	949	0	328.268405656873	1	52436.16	0.0
120	input_spectra/11-G1M02.mzML	950	0	304.230184597439	1	52655.94	0.0
120	input_spectra/11-G1M02.mzML	951	0	304.230184597439	1	52667.46000000001	0.0
120	input_spectra/11-G1M02.mzML	952	0	304.230184597439	1	52706.76	0.0
120	input_spectra/11-G1M02.mzML	953	0	304.230184597439	1	52718.28	0.0
120	input_spectra/11-G1M02.mzML	954	0	304.230184597439	1	52757.64	0.0
120	input_spectra/11-G1M02.mzML	955	0	304.230184597439	1	52769.159999999996	0.0
136	input_spectra/11-G1M02.mzML	956	0	346.277095088252	1	52856.58	0.0
137	input_spectra/11-G1M02.mzML	957	0	346.277095088252	1	52868.1	0.0
136	input_spectra/11-G1M02.mzML	958	0	346.277095088252	1	52907.46000000001	0.0
137	input_spectra/11-G1M02.mzML	959	0	346.277095088252	1	52918.92	0.0
136	input_spectra/11-G1M02.mzML	960	0	346.277095088252	1	52958.28	0.0
137	input_spectra/11-G1M02.mzML	961	0	346.277095088252	1	52969.8	0.0
114	input_spectra/11-G1M02.mzML	962	0	286.219752781828	1	53132.22	0.0
117	input_spectra/11-G1M02.mzML	963	0	286.219752781828	1	53143.68	0.0
117	input_spectra/11-G1M02.mzML	964	0	286.219752781828	1	53183.04	0.0
116	input_spectra/11-G1M02.mzML	965	0	286.219752781828	1	53194.56	0.0
114	input_spectra/11-G1M02.mzML	966	0	286.219752781828	1	53233.92	0.0
116	input_spectra/11-G1M02.mzML	967	0	286.219752781828	1	53245.38	0.0
123	input_spectra/11-G1M02.mzML	968	0	328.268405656873	1	53458.68	0.0
130	input_spectra/11-G1M02.mzML	969	0	328.268405656873	1	53470.14	0.0
123	input_spectra/11-G1M02.mzML	970	0	328.268405656873	1	53509.56	0.0
130	input_spectra/11-G1M02.mzML	971	0	328.268405656873	1	53521.020000000004	0.0
123	input_spectra/11-G1M02.mzML	972	0	328.268405656873	1	53560.44	0.0
130	input_spectra/11-G1M02.mzML	973	0	328.268405656873	1	53571.9	0.0
120	input_spectra/11-G1M02.mzML	974	0	304.230184597439	1	53827.74	0.0
120	input_spectra/11-G1M02.mzML	975	0	304.230184597439	1	53839.200000000004	0.0
120	input_spectra/11-G1M02.mzML	976	0	304.230184597439	1	53878.56	0.0
120	input_spectra/11-G1M02.mzML	977	0	304.230184597439	1	53890.020000000004	0.0
120	input_spectra/11-G1M02.mzML	978	0	304.230184597439	1	53929.439999999995	0.0
120	input_spectra/11-G1M02.mzML	979	0	304.230184597439	1	53940.9	0.0
137	input_spectra/11-G1M02.mzML	980	0	346.277095088252	1	54004.32	0.0
137	input_spectra/11-G1M02.mzML	981	0	346.277095088252	1	54015.840000000004	0.0
136	input_spectra/11-G1M02.mzML	982	0	346.277095088252	1	54055.2	0.0
137	input_spectra/11-G1M02.mzML	983	0	346.277095088252	1	54066.72	0.0
136	input_spectra/11-G1M02.mzML	984	0	346.277095088252	1	54106.08	0.0
137	input_spectra/11-G1M02.mzML	985	0	346.277095088252	1	54117.53999999999	0.0
131	input_spectra/11-G1M02.mzML	986	0	329.270878092448	1	54253.14	0.0
131	input_spectra/11-G1M02.mzML	987	0	329.270878092448	1	54264.6	0.0
114	input_spectra/11-G1M02.mzML	988	0	286.219752781828	1	54303.96	0.0
116	input_spectra/11-G1M02.mzML	989	0	286.219752781828	1	54315.48	0.0
114	input_spectra/11-G1M02.mzML	990	0	286.219752781828	1	54354.84	0.0
116	input_spectra/11-G1M02.mzML	991	0	286.219752781828	1	54366.3	0.0
114	input_spectra/11-G1M02.mzML	992	0	286.219752781828	1	54405.719999999994	0.0
116	input_spectra/11-G1M02.mzML	993	0	286.219752781828	1	54417.18	0.0
123	input_spectra/11-G1M02.mzML	994	0	328.268405656873	1	54603.6	0.0
130	input_spectra/11-G1M02.mzML	995	0	328.268405656873	1	54615.119999999995	0.0
123	input_spectra/11-G1M02.mzML	996	0	328.268405656873	1	54677.399999999994	0.0
130	input_spectra/11-G1M02.mzML	997	0	328.268405656873	1	54688.92	0.0
123	input_spectra/11-G1M02.mzML	998	0	328.268405656873	1	54751.259999999995	0.0
130	input_spectra/11-G1M02.mzML	999	0	328.268405656873	1	54762.78	0.0
131	input_spectra/11-G1M02.mzML	1000	0	329.270878092448	1	54802.14	0.0
131	input_spectra/11-G1M02.mzML	1001	0	329.270878092448	1	54813.66	0.0
131	input_spectra/11-G1M02.mzML	1002	0	329.270878092448	1	54876.06	0.0
131	input_spectra/11-G1M02.mzML	1003	0	329.270878092448	1	54887.520000000004	0.0
120	input_spectra/11-G1M02.mzML	1004	0	304.230184597439	1	54987.0	0.0
120	input_spectra/11-G1M02.mzML	1005	0	304.230184597439	1	54998.520000000004	0.0
120	input_spectra/11-G1M02.mzML	1006	0	304.230184597439	1	55037.82	0.0
120	input_spectra/11-G1M02.mzML	1007	0	304.230184597439	1	55049.340000000004	0.0
120	input_spectra/11-G1M02.mzML	1008	0	304.230184597439	1	55088.7	0.0
120	input_spectra/11-G1M02.mzML	1009	0	304.230184597439	1	55100.16	0.0
136	input_spectra/11-G1M02.mzML	1010	0	346.277095088252	1	55139.52	0.0
137	input_spectra/11-G1M02.mzML	1011	0	346.277095088252	1	55151.04	0.0
136	input_spectra/11-G1M02.mzML	1012	0	346.277095088252	1	55190.4	0.0
137	input_spectra/11-G1M02.mzML	1013	0	346.277095088252	1	55201.86	0.0
136	input_spectra/11-G1M02.mzML	1014	0	346.277095088252	1	55241.22	0.0
137	input_spectra/11-G1M02.mzML	1015	0	346.277095088252	1	55252.74	0.0
114	input_spectra/11-G1M02.mzML	1016	0	286.219752781828	1	55436.4	0.0
116	input_spectra/11-G1M02.mzML	1017	0	286.219752781828	1	55447.92	0.0
114	input_spectra/11-G1M02.mzML	1018	0	286.219752781828	1	55487.22	0.0
116	input_spectra/11-G1M02.mzML	1019	0	286.219752781828	1	55498.68	0.0
117	input_spectra/11-G1M02.mzML	1020	0	286.219752781828	1	55538.1	0.0
116	input_spectra/11-G1M02.mzML	1021	0	286.219752781828	1	55549.56	0.0
131	input_spectra/11-G1M02.mzML	1022	0	329.270878092448	1	55885.86	0.0
131	input_spectra/11-G1M02.mzML	1023	0	329.270878092448	1	55897.32	0.0
131	input_spectra/11-G1M02.mzML	1024	0	329.270878092448	1	55936.68	0.0
131	input_spectra/11-G1M02.mzML	1025	0	329.270878092448	1	55948.200000000004	0.0
131	input_spectra/11-G1M02.mzML	1026	0	329.270878092448	1	55987.56	0.0
131	input_spectra/11-G1M02.mzML	1027	0	329.270878092448	1	55999.020000000004	0.0
120	input_spectra/11-G1M02.mzML	1028	0	304.230184597439	1	56134.62	0.0
120	input_spectra/11-G1M02.mzML	1029	0	304.230184597439	1	56146.08	0.0
120	input_spectra/11-G1M02.mzML	1030	0	304.230184597439	1	56185.44	0.0
120	input_spectra/11-G1M02.mzML	1031	0	304.230184597439	1	56196.9	0.0
120	input_spectra/11-G1M02.mzML	1032	0	304.230184597439	1	56236.259999999995	0.0
120	input_spectra/11-G1M02.mzML	1033	0	304.230184597439	1	56247.78	0.0
136	input_spectra/11-G1M02.mzML	1034	0	346.277095088252	1	56287.14	0.0
137	input_spectra/11-G1M02.mzML	1035	0	346.277095088252	1	56298.66	0.0
136	input_spectra/11-G1M02.mzML	1036	0	346.277095088252	1	56338.02	0.0
137	input_spectra/11-G1M02.mzML	1037	0	346.277095088252	1	56349.48	0.0
136	input_spectra/11-G1M02.mzML	1038	0	346.277095088252	1	56388.84	0.0
137	input_spectra/11-G1M02.mzML	1039	0	346.277095088252	1	56400.36	0.0
114	input_spectra/11-G1M02.mzML	1040	0	286.219752781828	1	56584.020000000004	0.0
117	input_spectra/11-G1M02.mzML	1041	0	286.219752781828	1	56595.48	0.0
114	input_spectra/11-G1M02.mzML	1042	0	286.219752781828	1	56634.899999999994	0.0
116	input_spectra/11-G1M02.mzML	1043	0	286.219752781828	1	56646.36	0.0
114	input_spectra/11-G1M02.mzML	1044	0	286.219752781828	1	56685.78	0.0
116	input_spectra/11-G1M02.mzML	1045	0	286.219752781828	1	56697.24	0.0
131	input_spectra/11-G1M02.mzML	1046	0	329.270878092448	1	57033.6	0.0
131	input_spectra/11-G1M02.mzML	1047	0	329.270878092448	1	57045.06	0.0
131	input_spectra/11-G1M02.mzML	1048	0	329.270878092448	1	57084.420000000006	0.0
131	input_spectra/11-G1M02.mzML	1049	0	329.270878092448	1	57095.94	0.0
131	input_spectra/11-G1M02.mzML	1050	0	329.270878092448	1	57135.3	0.0
131	input_spectra/11-G1M02.mzML	1051	0	329.270878092448	1	57146.76	0.0
120	input_spectra/11-G1M02.mzML	1052	0	304.230184597439	1	57306.36	0.0
120	input_spectra/11-G1M02.mzML	1053	0	304.230184597439	1	57317.88	0.0
120	input_spectra/11-G1M02.mzML	1054	0	304.230184597439	1	57357.24	0.0
120	input_spectra/11-G1M02.mzML	1055	0	304.230184597439	1	57368.759999999995	0.0
120	input_spectra/11-G1M02.mzML	1056	0	304.230184597439	1	57408.18	0.0
120	input_spectra/11-G1M02.mzML	1057	0	304.230184597439	1	57419.64	0.0
136	input_spectra/11-G1M02.mzML	1058	0	346.277095088252	1	57459.0	0.0
137	input_spectra/11-G1M02.mzML	1059	0	346.277095088252	1	57470.52	0.0
136	input_spectra/11-G1M02.mzML	1060	0	346.277095088252	1	57509.880000000005	0.0
137	input_spectra/11-G1M02.mzML	1061	0	346.277095088252	1	57521.34	0.0
136	input_spectra/11-G1M02.mzML	1062	0	346.277095088252	1	57560.76	0.0
137	input_spectra/11-G1M02.mzML	1063	0	346.277095088252	1	57572.22	0.0
114	input_spectra/11-G1M02.mzML	1064	0	286.219752781828	1	57719.82	0.0
116	input_spectra/11-G1M02.mzML	1065	0	286.219752781828	1	57731.28	0.0
114	input_spectra/11-G1M02.mzML	1066	0	286.219752781828	1	57770.64	0.0
116	input_spectra/11-G1M02.mzML	1067	0	286.219752781828	1	57782.1	0.0
114	input_spectra/11-G1M02.mzML	1068	0	286.219752781828	1	57821.520000000004	0.0
116	input_spectra/11-G1M02.mzML	1069	0	286.219752781828	1	57832.98	0.0
131	input_spectra/11-G1M02.mzML	1070	0	329.270878092448	1	58169.22	0.0
131	input_spectra/11-G1M02.mzML	1071	0	329.270878092448	1	58180.74	0.0
131	input_spectra/11-G1M02.mzML	1072	0	329.270878092448	1	58220.100000000006	0.0
131	input_spectra/11-G1M02.mzML	1073	0	329.270878092448	1	58231.56	0.0
131	input_spectra/11-G1M02.mzML	1074	0	329.270878092448	1	58270.92	0.0
131	input_spectra/11-G1M02.mzML	1075	0	329.270878092448	1	58282.380000000005	0.0
120	input_spectra/11-G1M02.mzML	1076	0	304.230184597439	1	58466.1	0.0
120	input_spectra/11-G1M02.mzML	1077	0	304.230184597439	1	58477.56	0.0
120	input_spectra/11-G1M02.mzML	1078	0	304.230184597439	1	58516.920000000006	0.0
120	input_spectra/11-G1M02.mzML	1079	0	304.230184597439	1	58528.38	0.0
120	input_spectra/11-G1M02.mzML	1080	0	304.230184597439	1	58567.74	0.0
120	input_spectra/11-G1M02.mzML	1081	0	304.230184597439	1	58579.26	0.0
136	input_spectra/11-G1M02.mzML	1082	0	346.277095088252	1	58618.619999999995	0.0
137	input_spectra/11-G1M02.mzML	1083	0	346.277095088252	1	58630.14	0.0
137	input_spectra/11-G1M02.mzML	1084	0	346.277095088252	1	58669.5	0.0
137	input_spectra/11-G1M02.mzML	1085	0	346.277095088252	1	58681.020000000004	0.0
137	input_spectra/11-G1M02.mzML	1086	0	346.277095088252	1	58720.38	0.0
137	input_spectra/11-G1M02.mzML	1087	0	346.277095088252	1	58731.840000000004	0.0
114	input_spectra/11-G1M02.mzML	1088	0	286.219752781828	1	58855.38	0.0
116	input_spectra/11-G1M02.mzML	1089	0	286.219752781828	1	58866.9	0.0
114	input_spectra/11-G1M02.mzML	1090	0	286.219752781828	1	58906.2	0.0
116	input_spectra/11-G1M02.mzML	1091	0	286.219752781828	1	58917.66	0.0
116	input_spectra/11-G1M02.mzML	1092	0	286.219752781828	1	58957.02	0.0
116	input_spectra/11-G1M02.mzML	1093	0	286.219752781828	1	58968.54	0.0
131	input_spectra/11-G1M02.mzML	1094	0	329.270878092448	1	59328.84	0.0
131	input_spectra/11-G1M02.mzML	1095	0	329.270878092448	1	59340.3	0.0
131	input_spectra/11-G1M02.mzML	1096	0	329.270878092448	1	59379.659999999996	0.0
131	input_spectra/11-G1M02.mzML	1097	0	329.270878092448	1	59391.18	0.0
131	input_spectra/11-G1M02.mzML	1098	0	329.270878092448	1	59430.54	0.0
131	input_spectra/11-G1M02.mzML	1099	0	329.270878092448	1	59442.06	0.0
3	input_spectra/11-G1M02.mzML	1100	0	117.072884877523	1	59517.479999999996	0.0
3	input_spectra/11-G1M02.mzML	1101	0	117.072884877523	1	59528.94	0.0
120	input_spectra/11-G1M02.mzML	1102	0	304.230184597439	1	59616.42	0.0
120	input_spectra/11-G1M02.mzML	1103	0	304.230184597439	1	59627.94	0.0
3	input_spectra/11-G1M02.mzML	1104	0	117.072884877523	1	59639.4	0.0
3	input_spectra/11-G1M02.mzML	1105	0	117.072884877523	1	59650.86	0.0
120	input_spectra/11-G1M02.mzML	1106	0	304.230184597439	1	59690.28	0.0
120	input_spectra/11-G1M02.mzML	1107	0	304.230184597439	1	59701.74	0.0
120	input_spectra/11-G1M02.mzML	1108	0	304.230184597439	1	59741.1	0.0
120	input_spectra/11-G1M02.mzML	1109	0	304.230184597439	1	59752.619999999995	0.0
3	input_spectra/11-G1M02.mzML	1110	0	117.072884877523	1	59764.08	0.0
3	input_spectra/11-G1M02.mzML	1111	0	117.072884877523	1	59775.54	0.0
136	input_spectra/11-G1M02.mzML	1112	0	346.277095088252	1	59814.899999999994	0.0
137	input_spectra/11-G1M02.mzML	1113	0	346.277095088252	1	59826.42	0.0
136	input_spectra/11-G1M02.mzML	1114	0	346.277095088252	1	59865.78	0.0
137	input_spectra/11-G1M02.mzML	1115	0	346.277095088252	1	59877.24	0.0
136	input_spectra/11-G1M02.mzML	1116	0	346.277095088252	1	59916.659999999996	0.0
137	input_spectra/11-G1M02.mzML	1117	0	346.277095088252	1	59928.18	0.0
114	input_spectra/11-G1M02.mzML	1118	0	286.219752781828	1	1000.06	0.0
116	input_spectra/11-G1M02.mzML	1119	0	286.219752781828	1	1000.25	0.0
116	input_spectra/11-G1M02.mzML	1120	0	286.219752781828	1	1000.91	0.0
117	input_spectra/11-G1M02.mzML	1121	0	286.219752781828	1	1001.1	0.0
114	input_spectra/11-G1M02.mzML	1122	0	286.219752781828	1	1001.76	0.0
116	input_spectra/11-G1M02.mzML	1123	0	286.219752781828	1	1001.95	0.0
131	input_spectra/11-G1M02.mzML	1124	0	329.270878092448	1	1008.15	0.0
131	input_spectra/11-G1M02.mzML	1125	0	329.270878092448	1	1008.35	0.0
131	input_spectra/11-G1M02.mzML	1126	0	329.270878092448	1	1009.0	0.0
131	input_spectra/11-G1M02.mzML	1127	0	329.270878092448	1	1009.19	0.0
131	input_spectra/11-G1M02.mzML	1128	0	329.270878092448	1	1009.85	0.0
131	input_spectra/11-G1M02.mzML	1129	0	329.270878092448	1	1010.04	0.0
120	input_spectra/11-G1M02.mzML	1130	0	304.230184597439	1	1013.1	0.0
120	input_spectra/11-G1M02.mzML	1131	0	304.230184597439	1	1013.29	0.0
120	input_spectra/11-G1M02.mzML	1132	0	304.230184597439	1	1013.95	0.0
120	input_spectra/11-G1M02.mzML	1133	0	304.230184597439	1	1014.14	0.0
3	input_spectra/11-G1M02.mzML	1134	0	117.072884877523	1	1014.33	0.0
3	input_spectra/11-G1M02.mzML	1135	0	117.072884877523	1	1014.52	0.0
120	input_spectra/11-G1M02.mzML	1136	0	304.230184597439	1	1015.18	0.0
120	input_spectra/11-G1M02.mzML	1137	0	304.230184597439	1	1015.37	0.0
136	input_spectra/11-G1M02.mzML	1138	0	346.277095088252	1	1016.03	0.0
137	input_spectra/11-G1M02.mzML	1139	0	346.277095088252	1	1016.22	0.0
3	input_spectra/11-G1M02.mzML	1140	0	117.072884877523	1	1016.41	0.0
3	input_spectra/11-G1M02.mzML	1141	0	117.072884877523	1	1016.6	0.0
137	input_spectra/11-G1M02.mzML	1142	0	346.277095088252	1	1017.25	0.0
137	input_spectra/11-G1M02.mzML	1143	0	346.277095088252	1	1017.45	0.0
136	input_spectra/11-G1M02.mzML	1144	0	346.277095088252	1	1018.49	0.0
137	input_spectra/11-G1M02.mzML	1145	0	346.277095088252	1	1018.68	0.0
114	input_spectra/11-G1M02.mzML	1146	0	286.219752781828	1	1019.33	0.0
117	input_spectra/11-G1M02.mzML	1147	0	286.219752781828	1	1019.52	0.0
3	input_spectra/11-G1M02.mzML	1148	0	117.072884877523	1	1019.72	0.0
3	input_spectra/11-G1M02.mzML	1149	0	117.072884877523	1	1019.91	0.0
114	input_spectra/11-G1M02.mzML	1150	0	286.219752781828	1	1020.56	0.0
116	input_spectra/11-G1M02.mzML	1151	0	286.219752781828	1	1020.75	0.0
114	input_spectra/11-G1M02.mzML	1152	0	286.219752781828	1	1021.41	0.0
116	input_spectra/11-G1M02.mzML	1153	0	286.219752781828	1	1021.6	0.0
68	input_spectra/11-G1M02.mzML	1154	0	185.110341389974	1	1024.09	0.0
68	input_spectra/11-G1M02.mzML	1155	0	185.110341389974	1	1024.28	0.0
131	input_spectra/11-G1M02.mzML	1156	0	329.270878092448	1	1027.48	0.0
131	input_spectra/11-G1M02.mzML	1157	0	329.270878092448	1	1027.67	0.0
131	input_spectra/11-G1M02.mzML	1158	0	329.270878092448	1	1028.33	0.0
131	input_spectra/11-G1M02.mzML	1159	0	329.270878092448	1	1028.52	0.0
131	input_spectra/11-G1M02.mzML	1160	0	329.270878092448	1	1029.18	0.0
131	input_spectra/11-G1M02.mzML	1161	0	329.270878092448	1	1029.37	0.0
120	input_spectra/11-G1M02.mzML	1162	0	304.230184597439	1	1032.43	0.0
120	input_spectra/11-G1M02.mzML	1163	0	304.230184597439	1	1032.62	0.0
120	input_spectra/11-G1M02.mzML	1164	0	304.230184597439	1	1033.28	0.0
120	input_spectra/11-G1M02.mzML	1165	0	304.230184597439	1	1033.47	0.0
120	input_spectra/11-G1M02.mzML	1166	0	304.230184597439	1	1034.13	0.0
120	input_spectra/11-G1M02.mzML	1167	0	304.230184597439	1	1034.32	0.0
136	input_spectra/11-G1M02.mzML	1168	0	346.277095088252	1	1035.57	0.0
137	input_spectra/11-G1M02.mzML	1169	0	346.277095088252	1	1035.77	0.0
136	input_spectra/11-G1M02.mzML	1170	0	346.277095088252	1	1036.42	0.0
137	input_spectra/11-G1M02.mzML	1171	0	346.277095088252	1	1036.61	0.0
136	input_spectra/11-G1M02.mzML	1172	0	346.277095088252	1	1037.27	0.0
137	input_spectra/11-G1M02.mzML	1173	0	346.277095088252	1	1037.46	0.0
3	input_spectra/11-G1M02.mzML	1174	0	117.072884877523	1	1038.12	0.0
3	input_spectra/11-G1M02.mzML	1175	0	117.072884877523	1	1038.31	0.0
114	input_spectra/11-G1M02.mzML	1176	0	286.219752781828	1	1038.96	0.0
116	input_spectra/11-G1M02.mzML	1177	0	286.219752781828	1	1039.16	0.0
3	input_spectra/11-G1M02.mzML	1178	0	117.072884877523	1	1039.35	0.0
3	input_spectra/11-G1M02.mzML	1179	0	117.072884877523	1	1039.54	0.0
114	input_spectra/11-G1M02.mzML	1180	0	286.219752781828	1	1040.19	0.0
116	input_spectra/11-G1M02.mzML	1181	0	286.219752781828	1	1040.39	0.0
3	input_spectra/11-G1M02.mzML	1182	0	117.072884877523	1	1040.58	0.0
3	input_spectra/11-G1M02.mzML	1183	0	117.072884877523	1	1040.77	0.0
114	input_spectra/11-G1M02.mzML	1184	0	286.219752781828	1	1041.43	0.0
116	input_spectra/11-G1M02.mzML	1185	0	286.219752781828	1	1041.62	0.0
68	input_spectra/11-G1M02.mzML	1186	0	185.110341389974	1	1044.74	0.0
68	input_spectra/11-G1M02.mzML	1187	0	185.110341389974	1	1044.93	0.0
131	input_spectra/11-G1M02.mzML	1188	0	329.270878092448	1	1046.43	0.0
131	input_spectra/11-G1M02.mzML	1189	0	329.270878092448	1	1046.62	0.0
131	input_spectra/11-G1M02.mzML	1190	0	329.270878092448	1	1047.66	0.0
131	input_spectra/11-G1M02.mzML	1191	0	329.270878092448	1	1047.85	0.0
68	input_spectra/11-G1M02.mzML	1192	0	185.110341389974	1	1048.05	0.0
68	input_spectra/11-G1M02.mzML	1193	0	185.110341389974	1	1048.24	0.0
131	input_spectra/11-G1M02.mzML	1194	0	329.270878092448	1	1048.89	0.0
131	input_spectra/11-G1M02.mzML	1195	0	329.270878092448	1	1049.08	0.0
68	input_spectra/11-G1M02.mzML	1196	0	185.110341389974	1	1049.28	0.0
68	input_spectra/11-G1M02.mzML	1197	0	185.110341389974	1	1049.47	0.0
120	input_spectra/11-G1M02.mzML	1198	0	304.230184597439	1	1051.53	0.0
120	input_spectra/11-G1M02.mzML	1199	0	304.230184597439	1	1051.72	0.0
120	input_spectra/11-G1M02.mzML	1200	0	304.230184597439	1	1052.37	0.0
120	input_spectra/11-G1M02.mzML	1201	0	304.230184597439	1	1052.56	0.0
120	input_spectra/11-G1M02.mzML	1202	0	304.230184597439	1	1053.22	0.0
120	input_spectra/11-G1M02.mzML	1203	0	304.230184597439	1	1053.41	0.0
136	input_spectra/11-G1M02.mzML	1204	0	346.277095088252	1	1055.07	0.0
137	input_spectra/11-G1M02.mzML	1205	0	346.277095088252	1	1055.26	0.0
136	input_spectra/11-G1M02.mzML	1206	0	346.277095088252	1	1055.92	0.0
137	input_spectra/11-G1M02.mzML	1207	0	346.277095088252	1	1056.11	0.0
136	input_spectra/11-G1M02.mzML	1208	0	346.277095088252	1	1056.76	0.0
137	input_spectra/11-G1M02.mzML	1209	0	346.277095088252	1	1056.96	0.0
114	input_spectra/11-G1M02.mzML	1210	0	286.219752781828	1	1058.41	0.0
116	input_spectra/11-G1M02.mzML	1211	0	286.219752781828	1	1058.61	0.0
3	input_spectra/11-G1M02.mzML	1212	0	117.072884877523	1	1058.8	0.0
3	input_spectra/11-G1M02.mzML	1213	0	117.072884877523	1	1058.99	0.0
114	input_spectra/11-G1M02.mzML	1214	0	286.219752781828	1	1059.65	0.0
116	input_spectra/11-G1M02.mzML	1215	0	286.219752781828	1	1059.84	0.0
3	input_spectra/11-G1M02.mzML	1216	0	117.072884877523	1	1060.03	0.0
3	input_spectra/11-G1M02.mzML	1217	0	117.072884877523	1	1060.22	0.0
114	input_spectra/11-G1M02.mzML	1218	0	286.219752781828	1	1060.87	0.0
116	input_spectra/11-G1M02.mzML	1219	0	286.219752781828	1	1061.07	0.0
3	input_spectra/11-G1M02.mzML	1220	0	117.072884877523	1	1061.26	0.0
3	input_spectra/11-G1M02.mzML	1221	0	117.072884877523	1	1061.45	0.0
131	input_spectra/11-G1M02.mzML	1222	0	329.270878092448	1	1066.35	0.0
131	input_spectra/11-G1M02.mzML	1223	0	329.270878092448	1	1066.54	0.0
68	input_spectra/11-G1M02.mzML	1224	0	185.110341389974	1	1067.11	0.0
68	input_spectra/11-G1M02.mzML	1225	0	185.110341389974	1	1067.3	0.0
131	input_spectra/11-G1M02.mzML	1226	0	329.270878092448	1	1067.96	0.0
131	input_spectra/11-G1M02.mzML	1227	0	329.270878092448	1	1068.15	0.0
68	input_spectra/11-G1M02.mzML	1228	0	185.110341389974	1	1068.34	0.0
68	input_spectra/11-G1M02.mzML	1229	0	185.110341389974	1	1068.53	0.0
131	input_spectra/11-G1M02.mzML	1230	0	329.270878092448	1	1069.19	0.0
131	input_spectra/11-G1M02.mzML	1231	0	329.270878092448	1	1069.38	0.0
68	input_spectra/11-G1M02.mzML	1232	0	185.110341389974	1	1069.57	0.0
68	input_spectra/11-G1M02.mzML	1233	0	185.110341389974	1	1069.76	0.0
120	input_spectra/11-G1M02.mzML	1234	0	304.230184597439	1	1070.42	0.0
120	input_spectra/11-G1M02.mzML	1235	0	304.230184597439	1	1070.61	0.0
120	input_spectra/11-G1M02.mzML	1236	0	304.230184597439	1	1071.27	0.0
120	input_spectra/11-G1M02.mzML	1237	0	304.230184597439	1	1071.46	0.0
120	input_spectra/11-G1M02.mzML	1238	0	304.230184597439	1	1072.11	0.0
120	input_spectra/11-G1M02.mzML	1239	0	304.230184597439	1	1072.31	0.0
136	input_spectra/11-G1M02.mzML	1240	0	346.277095088252	1	1074.57	0.0
137	input_spectra/11-G1M02.mzML	1241	0	346.277095088252	1	1074.76	0.0
136	input_spectra/11-G1M02.mzML	1242	0	346.277095088252	1	1075.41	0.0
137	input_spectra/11-G1M02.mzML	1243	0	346.277095088252	1	1075.61	0.0
137	input_spectra/11-G1M02.mzML	1244	0	346.277095088252	1	1076.26	0.0
137	input_spectra/11-G1M02.mzML	1245	0	346.277095088252	1	1076.45	0.0
117	input_spectra/11-G1M02.mzML	1246	0	286.219752781828	1	1077.91	0.0
116	input_spectra/11-G1M02.mzML	1247	0	286.219752781828	1	1078.1	0.0
3	input_spectra/11-G1M02.mzML	1248	0	117.072884877523	1	1078.29	0.0
3	input_spectra/11-G1M02.mzML	1249	0	117.072884877523	1	1078.49	0.0
114	input_spectra/11-G1M02.mzML	1250	0	286.219752781828	1	1079.14	0.0
116	input_spectra/11-G1M02.mzML	1251	0	286.219752781828	1	1079.33	0.0
3	input_spectra/11-G1M02.mzML	1252	0	117.072884877523	1	1079.52	0.0
3	input_spectra/11-G1M02.mzML	1253	0	117.072884877523	1	1079.71	0.0
117	input_spectra/11-G1M02.mzML	1254	0	286.219752781828	1	1080.37	0.0
116	input_spectra/11-G1M02.mzML	1255	0	286.219752781828	1	1080.56	0.0
3	input_spectra/11-G1M02.mzML	1256	0	117.072884877523	1	1080.75	0.0
3	input_spectra/11-G1M02.mzML	1257	0	117.072884877523	1	1080.94	0.0
68	input_spectra/11-G1M02.mzML	1258	0	185.110341389974	1	1086.69	0.0
68	input_spectra/11-G1M02.mzML	1259	0	185.110341389974	1	1086.88	0.0
131	input_spectra/11-G1M02.mzML	1260	0	329.270878092448	1	1087.53	0.0
131	input_spectra/11-G1M02.mzML	1261	0	329.270878092448	1	1087.73	0.0
68	input_spectra/11-G1M02.mzML	1262	0	185.110341389974	1	1087.92	0.0
68	input_spectra/11-G1M02.mzML	1263	0	185.110341389974	1	1088.11	0.0
131	input_spectra/11-G1M02.mzML	1264	0	329.270878092448	1	1088.77	0.0
131	input_spectra/11-G1M02.mzML	1265	0	329.270878092448	1	1088.96	0.0
68	input_spectra/11-G1M02.mzML	1266	0	185.110341389974	1	1089.15	0.0
68	input_spectra/11-G1M02.mzML	1267	0	185.110341389974	1	1089.34	0.0
131	input_spectra/11-G1M02.mzML	1268	0	329.270878092448	1	1090.0	0.0
131	input_spectra/11-G1M02.mzML	1269	0	329.270878092448	1	1090.19	0.0
120	input_spectra/11-G1M02.mzML	1270	0	304.230184597439	1	1090.38	0.0
120	input_spectra/11-G1M02.mzML	1271	0	304.230184597439	1	1090.57	0.0
120	input_spectra/11-G1M02.mzML	1272	0	304.230184597439	1	1091.23	0.0
120	input_spectra/11-G1M02.mzML	1273	0	304.230184597439	1	1091.42	0.0
120	input_spectra/11-G1M02.mzML	1274	0	304.230184597439	1	1092.08	0.0
120	input_spectra/11-G1M02.mzML	1275	0	304.230184597439	1	1092.27	0.0
136	input_spectra/11-G1M02.mzML	1276	0	346.277095088252	1	1093.92	0.0
137	input_spectra/11-G1M02.mzML	1277	0	346.277095088252	1	1094.12	0.0
136	input_spectra/11-G1M02.mzML	1278	0	346.277095088252	1	1094.77	0.0
137	input_spectra/11-G1M02.mzML	1279	0	346.277095088252	1	1094.96	0.0
136	input_spectra/11-G1M02.mzML	1280	0	346.277095088252	1	1095.62	0.0
137	input_spectra/11-G1M02.mzML	1281	0	346.277095088252	1	1095.81	0.0
114	input_spectra/11-G1M02.mzML	1282	0	286.219752781828	1	1097.47	0.0
116	input_spectra/11-G1M02.mzML	1283	0	286.219752781828	1	1097.66	0.0
3	input_spectra/11-G1M02.mzML	1284	0	117.072884877523	1	1097.85	0.0
3	input_spectra/11-G1M02.mzML	1285	0	117.072884877523	1	1098.04	0.0
117	input_spectra/11-G1M02.mzML	1286	0	286.219752781828	1	1098.7	0.0
116	input_spectra/11-G1M02.mzML	1287	0	286.219752781828	1	1098.89	0.0
3	input_spectra/11-G1M02.mzML	1288	0	117.072884877523	1	1099.08	0.0
3	input_spectra/11-G1M02.mzML	1289	0	117.072884877523	1	1099.27	0.0
116	input_spectra/11-G1M02.mzML	1290	0	286.219752781828	1	1099.93	0.0
116	input_spectra/11-G1M02.mzML	1291	0	286.219752781828	1	1100.12	0.0
3	input_spectra/11-G1M02.mzML	1292	0	117.072884877523	1	1100.31	0.0
3	input_spectra/11-G1M02.mzML	1293	0	117.072884877523	1	1100.5	0.0
123	input_spectra/11-G1M02.mzML	1294	0	328.268405656873	1	1103.7	0.0
130	input_spectra/11-G1M02.mzML	1295	0	328.268405656873	1	1103.9	0.0
123	input_spectra/11-G1M02.mzML	1296	0	328.268405656873	1	1104.55	0.0
130	input_spectra/11-G1M02.mzML	1297	0	328.268405656873	1	1104.74	0.0
123	input_spectra/11-G1M02.mzML	1298	0	328.268405656873	1	1105.4	0.0
130	input_spectra/11-G1M02.mzML	1299	0	328.268405656873	1	1105.59	0.0
68	input_spectra/11-G1M02.mzML	1300	0	185.110341389974	1	1106.25	0.0
68	input_spectra/11-G1M02.mzML	1301	0	185.110341389974	1	1106.44	0.0
68	input_spectra/11-G1M02.mzML	1302	0	185.110341389974	1	1107.09	0.0
68	input_spectra/11-G1M02.mzML	1303	0	185.110341389974	1	1107.28	0.0
68	input_spectra/11-G1M02.mzML	1304	0	185.110341389974	1	1107.94	0.0
68	input_spectra/11-G1M02.mzML	1305	0	185.110341389974	1	1108.13	0.0
120	input_spectra/11-G1M02.mzML	1306	0	304.230184597439	1	1109.59	0.0
120	input_spectra/11-G1M02.mzML	1307	0	304.230184597439	1	1109.78	0.0
120	input_spectra/11-G1M02.mzML	1308	0	304.230184597439	1	1110.44	0.0
120	input_spectra/11-G1M02.mzML	1309	0	304.230184597439	1	1110.63	0.0
120	input_spectra/11-G1M02.mzML	1310	0	304.230184597439	1	1111.29	0.0
120	input_spectra/11-G1M02.mzML	1311	0	304.230184597439	1	1111.48	0.0
114	input_spectra/11-G1M02.mzML	1312	0	286.219752781828	1	1116.94	0.0
116	input_spectra/11-G1M02.mzML	1313	0	286.219752781828	1	1117.13	0.0
114	input_spectra/11-G1M02.mzML	1314	0	286.219752781828	1	1117.99	0.0
115	input_spectra/11-G1M02.mzML	1315	0	286.219752781828	1	1118.18	0.0
123	input_spectra/11-G1M02.mzML	1316	0	328.268405656873	1	1122.99	0.0
130	input_spectra/11-G1M02.mzML	1317	0	328.268405656873	1	1123.18	0.0
126	input_spectra/11-G1M02.mzML	1318	0	328.268405656873	1	1123.83	0.0
128	input_spectra/11-G1M02.mzML	1319	0	328.268405656873	1	1124.02	0.0
123	input_spectra/11-G1M02.mzML	1320	0	328.268405656873	1	1124.68	0.0
124	input_spectra/11-G1M02.mzML	1321	0	328.268405656873	1	1124.87	0.0
68	input_spectra/11-G1M02.mzML	1322	0	185.110341389974	1	1125.53	0.0
68	input_spectra/11-G1M02.mzML	1323	0	185.110341389974	1	1125.72	0.0
68	input_spectra/11-G1M02.mzML	1324	0	185.110341389974	1	1126.38	0.0
68	input_spectra/11-G1M02.mzML	1325	0	185.110341389974	1	1126.57	0.0
68	input_spectra/11-G1M02.mzML	1326	0	185.110341389974	1	1127.22	0.0
68	input_spectra/11-G1M02.mzML	1327	0	185.110341389974	1	1127.41	0.0
10	input_spectra/11-G1M02.mzML	1328	0	122.09629313151	1	1141.81	0.0
126	input_spectra/11-G1M02.mzML	1329	0	328.268405656873	1	1142.46	0.0
130	input_spectra/11-G1M02.mzML	1330	0	328.268405656873	1	1142.66	0.0
127	input_spectra/11-G1M02.mzML	1331	0	328.268405656873	1	1143.31	0.0
124	input_spectra/11-G1M02.mzML	1332	0	328.268405656873	1	1143.5	0.0
123	input_spectra/11-G1M02.mzML	1333	0	328.268405656873	1	1144.16	0.0
124	input_spectra/11-G1M02.mzML	1334	0	328.268405656873	1	1144.35	0.0
68	input_spectra/11-G1M02.mzML	1335	0	185.110341389974	1	1145.01	0.0
68	input_spectra/11-G1M02.mzML	1336	0	185.110341389974	1	1145.2	0.0
68	input_spectra/11-G1M02.mzML	1337	0	185.110341389974	1	1145.86	0.0
68	input_spectra/11-G1M02.mzML	1338	0	185.110341389974	1	1146.05	0.0
68	input_spectra/11-G1M02.mzML	1339	0	185.110341389974	1	1146.7	0.0
68	input_spectra/11-G1M02.mzML	1340	0	185.110341389974	1	1146.89	0.0
172	input_spectra/11-G1M02.mzML	1341	0	484.324567667643	1	1160.27	0.0
127	input_spectra/11-G1M02.mzML	1342	0	328.268405656873	1	1161.52	0.0
129	input_spectra/11-G1M02.mzML	1343	0	328.268405656873	1	1161.71	0.0
123	input_spectra/11-G1M02.mzML	1344	0	328.268405656873	1	1162.36	0.0
130	input_spectra/11-G1M02.mzML	1345	0	328.268405656873	1	1162.56	0.0
123	input_spectra/11-G1M02.mzML	1346	0	328.268405656873	1	1163.21	0.0
130	input_spectra/11-G1M02.mzML	1347	0	328.268405656873	1	1163.4	0.0
68	input_spectra/11-G1M02.mzML	1348	0	185.110341389974	1	1164.06	0.0
68	input_spectra/11-G1M02.mzML	1349	0	185.110341389974	1	1164.25	0.0
68	input_spectra/11-G1M02.mzML	1350	0	185.110341389974	1	1164.91	0.0
68	input_spectra/11-G1M02.mzML	1351	0	185.110341389974	1	1165.1	0.0
68	input_spectra/11-G1M02.mzML	1352	0	185.110341389974	1	1165.75	0.0
68	input_spectra/11-G1M02.mzML	1353	0	185.110341389974	1	1165.95	0.0
10	input_spectra/11-G1M02.mzML	1354	0	122.09629313151	1	1167.6	0.0
172	input_spectra/11-G1M02.mzML	1355	0	484.324567667643	1	1178.92	0.0
126	input_spectra/11-G1M02.mzML	1356	0	328.268405656873	1	1180.61	0.0
130	input_spectra/11-G1M02.mzML	1357	0	328.268405656873	1	1180.81	0.0
123	input_spectra/11-G1M02.mzML	1358	0	328.268405656873	1	1181.46	0.0
129	input_spectra/11-G1M02.mzML	1359	0	328.268405656873	1	1181.65	0.0
127	input_spectra/11-G1M02.mzML	1360	0	328.268405656873	1	1182.31	0.0
124	input_spectra/11-G1M02.mzML	1361	0	328.268405656873	1	1182.5	0.0
68	input_spectra/11-G1M02.mzML	1362	0	185.110341389974	1	1183.56	0.0
68	input_spectra/11-G1M02.mzML	1363	0	185.110341389974	1	1183.75	0.0
68	input_spectra/11-G1M02.mzML	1364	0	185.110341389974	1	1184.4	0.0
68	input_spectra/11-G1M02.mzML	1365	0	185.110341389974	1	1184.6	0.0
68	input_spectra/11-G1M02.mzML	1366	0	185.110341389974	1	1185.25	0.0
68	input_spectra/11-G1M02.mzML	1367	0	185.110341389974	1	1185.44	0.0
119	input_spectra/11-G1M02.mzML	1368	0	302.286865234375	1	1190.71	0.0
119	input_spectra/11-G1M02.mzML	1369	0	302.286865234375	1	1190.9	0.0
119	input_spectra/11-G1M02.mzML	1370	0	302.286865234375	1	1192.36	0.0
119	input_spectra/11-G1M02.mzML	1371	0	302.286865234375	1	1192.55	0.0
119	input_spectra/11-G1M02.mzML	1372	0	302.286865234375	1	1193.61	0.0
119	input_spectra/11-G1M02.mzML	1373	0	302.286865234375	1	1193.8	0.0
130	input_spectra/11-G1M02.mzML	1374	0	328.268405656873	1	1200.0	0.0
1	input_spectra/bkgrnd-marine-broth.mzML	1375	0	110.009817759196	1	6384.900000000001	0.0
1	input_spectra/bkgrnd-marine-broth.mzML	1376	0	110.009817759196	1	6396.36	0.0
1	input_spectra/bkgrnd-marine-broth.mzML	1377	0	110.009817759196	1	6435.66	0.0
1	input_spectra/bkgrnd-marine-broth.mzML	1378	0	110.009817759196	1	6447.18	0.0
38	input_spectra/bkgrnd-marine-broth.mzML	1379	0	146.166600545247	1	6458.64	0.0
38	input_spectra/bkgrnd-marine-broth.mzML	1380	0	146.166600545247	1	6470.099999999999	0.0
13	input_spectra/bkgrnd-marine-broth.mzML	1381	0	125.987463378906	1	6481.5599999999995	0.0
13	input_spectra/bkgrnd-marine-broth.mzML	1382	0	125.987463378906	1	6493.08	0.0
43	input_spectra/bkgrnd-marine-broth.mzML	1383	0	151.036672973633	1	6504.54	0.0
43	input_spectra/bkgrnd-marine-broth.mzML	1384	0	151.036672973633	1	6516.0	0.0
1	input_spectra/bkgrnd-marine-broth.mzML	1385	0	110.009817759196	1	6555.36	0.0
1	input_spectra/bkgrnd-marine-broth.mzML	1386	0	110.009817759196	1	6566.879999999999	0.0
13	input_spectra/bkgrnd-marine-broth.mzML	1387	0	125.987463378906	1	6578.34	0.0
13	input_spectra/bkgrnd-marine-broth.mzML	1388	0	125.987463378906	1	6589.8	0.0
38	input_spectra/bkgrnd-marine-broth.mzML	1389	0	146.166600545247	1	6601.26	0.0
38	input_spectra/bkgrnd-marine-broth.mzML	1390	0	146.166600545247	1	6612.78	0.0
43	input_spectra/bkgrnd-marine-broth.mzML	1391	0	151.036672973633	1	6624.24	0.0
43	input_spectra/bkgrnd-marine-broth.mzML	1392	0	151.036672973633	1	6635.7	0.0
87	input_spectra/bkgrnd-marine-broth.mzML	1393	0	223.991306304932	1	6647.22	0.0
87	input_spectra/bkgrnd-marine-broth.mzML	1394	0	223.991306304932	1	6658.679999999999	0.0
13	input_spectra/bkgrnd-marine-broth.mzML	1395	0	125.987463378906	1	6698.1	0.0
13	input_spectra/bkgrnd-marine-broth.mzML	1396	0	125.987463378906	1	6709.5599999999995	0.0
38	input_spectra/bkgrnd-marine-broth.mzML	1397	0	146.166600545247	1	6721.08	0.0
38	input_spectra/bkgrnd-marine-broth.mzML	1398	0	146.166600545247	1	6732.54	0.0
76	input_spectra/bkgrnd-marine-broth.mzML	1399	0	198.94199625651	1	6744.0	0.0
76	input_spectra/bkgrnd-marine-broth.mzML	1400	0	198.94199625651	1	6755.5199999999995	0.0
87	input_spectra/bkgrnd-marine-broth.mzML	1401	0	223.991306304932	1	6766.9800000000005	0.0
87	input_spectra/bkgrnd-marine-broth.mzML	1402	0	223.991306304932	1	6778.4400000000005	0.0
43	input_spectra/bkgrnd-marine-broth.mzML	1403	0	151.036672973633	1	6789.96	0.0
43	input_spectra/bkgrnd-marine-broth.mzML	1404	0	151.036672973633	1	6801.42	0.0
76	input_spectra/bkgrnd-marine-broth.mzML	1405	0	198.94199625651	1	6840.780000000001	0.0
76	input_spectra/bkgrnd-marine-broth.mzML	1406	0	198.94199625651	1	6852.3	0.0
87	input_spectra/bkgrnd-marine-broth.mzML	1407	0	223.991306304932	1	6863.76	0.0
87	input_spectra/bkgrnd-marine-broth.mzML	1408	0	223.991306304932	1	6875.22	0.0
66	input_spectra/bkgrnd-marine-broth.mzML	1409	0	182.964279174805	1	6886.74	0.0
67	input_spectra/bkgrnd-marine-broth.mzML	1410	0	182.964279174805	1	6898.2	0.0
96	input_spectra/bkgrnd-marine-broth.mzML	1411	0	239.968907674154	1	6909.72	0.0
96	input_spectra/bkgrnd-marine-broth.mzML	1412	0	239.968907674154	1	6921.179999999999	0.0
78	input_spectra/bkgrnd-marine-broth.mzML	1413	0	203.224990844727	1	6932.639999999999	0.0
78	input_spectra/bkgrnd-marine-broth.mzML	1414	0	203.224990844727	1	6944.16	0.0
76	input_spectra/bkgrnd-marine-broth.mzML	1415	0	198.94199625651	1	6983.5199999999995	0.0
76	input_spectra/bkgrnd-marine-broth.mzML	1416	0	198.94199625651	1	6994.98	0.0
66	input_spectra/bkgrnd-marine-broth.mzML	1417	0	182.964279174805	1	7006.5	0.0
67	input_spectra/bkgrnd-marine-broth.mzML	1418	0	182.964279174805	1	7017.96	0.0
96	input_spectra/bkgrnd-marine-broth.mzML	1419	0	239.968907674154	1	7029.42	0.0
96	input_spectra/bkgrnd-marine-broth.mzML	1420	0	239.968907674154	1	7040.9400000000005	0.0
78	input_spectra/bkgrnd-marine-broth.mzML	1421	0	203.224990844727	1	7052.400000000001	0.0
78	input_spectra/bkgrnd-marine-broth.mzML	1422	0	203.224990844727	1	7063.92	0.0
106	input_spectra/bkgrnd-marine-broth.mzML	1423	0	265.018218994141	1	7075.38	0.0
106	input_spectra/bkgrnd-marine-broth.mzML	1424	0	265.018218994141	1	7086.9	0.0
66	input_spectra/bkgrnd-marine-broth.mzML	1425	0	182.964279174805	1	7126.26	0.0
67	input_spectra/bkgrnd-marine-broth.mzML	1426	0	182.964279174805	1	7137.72	0.0
96	input_spectra/bkgrnd-marine-broth.mzML	1427	0	239.968907674154	1	7149.24	0.0
96	input_spectra/bkgrnd-marine-broth.mzML	1428	0	239.968907674154	1	7160.7	0.0
84	input_spectra/bkgrnd-marine-broth.mzML	1429	0	214.91953531901	1	7172.16	0.0
84	input_spectra/bkgrnd-marine-broth.mzML	1430	0	214.91953531901	1	7183.679999999999	0.0
78	input_spectra/bkgrnd-marine-broth.mzML	1431	0	203.224990844727	1	7195.139999999999	0.0
78	input_spectra/bkgrnd-marine-broth.mzML	1432	0	203.224990844727	1	7206.6	0.0
106	input_spectra/bkgrnd-marine-broth.mzML	1433	0	265.018218994141	1	7218.120000000001	0.0
106	input_spectra/bkgrnd-marine-broth.mzML	1434	0	265.018218994141	1	7229.58	0.0
84	input_spectra/bkgrnd-marine-broth.mzML	1435	0	214.91953531901	1	7269.0	0.0
84	input_spectra/bkgrnd-marine-broth.mzML	1436	0	214.91953531901	1	7280.46	0.0
106	input_spectra/bkgrnd-marine-broth.mzML	1437	0	265.018218994141	1	7291.9800000000005	0.0
106	input_spectra/bkgrnd-marine-broth.mzML	1438	0	265.018218994141	1	7303.4400000000005	0.0
84	input_spectra/bkgrnd-marine-broth.mzML	1439	0	214.91953531901	1	7342.799999999999	0.0
84	input_spectra/bkgrnd-marine-broth.mzML	1440	0	214.91953531901	1	7354.32	0.0
1	input_spectra/bkgrnd-marine-broth.mzML	1441	0	110.009817759196	1	7549.98	0.0
1	input_spectra/bkgrnd-marine-broth.mzML	1442	0	110.009817759196	1	7561.5	0.0
1	input_spectra/bkgrnd-marine-broth.mzML	1443	0	110.009817759196	1	7600.8	0.0
1	input_spectra/bkgrnd-marine-broth.mzML	1444	0	110.009817759196	1	7612.259999999999	0.0
1	input_spectra/bkgrnd-marine-broth.mzML	1445	0	110.009817759196	1	7651.62	0.0
1	input_spectra/bkgrnd-marine-broth.mzML	1446	0	110.009817759196	1	7663.139999999999	0.0
38	input_spectra/bkgrnd-marine-broth.mzML	1447	0	146.166600545247	1	7702.5	0.0
38	input_spectra/bkgrnd-marine-broth.mzML	1448	0	146.166600545247	1	7713.96	0.0
13	input_spectra/bkgrnd-marine-broth.mzML	1449	0	125.987463378906	1	7725.42	0.0
13	input_spectra/bkgrnd-marine-broth.mzML	1450	0	125.987463378906	1	7736.88	0.0
43	input_spectra/bkgrnd-marine-broth.mzML	1451	0	151.036672973633	1	7748.4	0.0
43	input_spectra/bkgrnd-marine-broth.mzML	1452	0	151.036672973633	1	7759.86	0.0
38	input_spectra/bkgrnd-marine-broth.mzML	1453	0	146.166600545247	1	7799.219999999999	0.0
38	input_spectra/bkgrnd-marine-broth.mzML	1454	0	146.166600545247	1	7810.74	0.0
87	input_spectra/bkgrnd-marine-broth.mzML	1455	0	223.991306304932	1	7822.200000000001	0.0
87	input_spectra/bkgrnd-marine-broth.mzML	1456	0	223.991306304932	1	7833.720000000001	0.0
13	input_spectra/bkgrnd-marine-broth.mzML	1457	0	125.987463378906	1	7845.179999999999	0.0
13	input_spectra/bkgrnd-marine-broth.mzML	1458	0	125.987463378906	1	7856.639999999999	0.0
43	input_spectra/bkgrnd-marine-broth.mzML	1459	0	151.036672973633	1	7868.099999999999	0.0
43	input_spectra/bkgrnd-marine-broth.mzML	1460	0	151.036672973633	1	7879.62	0.0
38	input_spectra/bkgrnd-marine-broth.mzML	1461	0	146.166600545247	1	7918.9800000000005	0.0
38	input_spectra/bkgrnd-marine-broth.mzML	1462	0	146.166600545247	1	7930.4400000000005	0.0
4	input_spectra/bkgrnd-marine-broth.mzML	1463	0	118.087252298991	1	8847.6	0.0
4	input_spectra/bkgrnd-marine-broth.mzML	1464	0	118.087252298991	1	8859.060000000001	0.0
4	input_spectra/bkgrnd-marine-broth.mzML	1465	0	118.087252298991	1	8898.42	0.0
4	input_spectra/bkgrnd-marine-broth.mzML	1466	0	118.087252298991	1	8909.94	0.0
4	input_spectra/bkgrnd-marine-broth.mzML	1467	0	118.087252298991	1	8949.24	0.0
4	input_spectra/bkgrnd-marine-broth.mzML	1468	0	118.087252298991	1	8960.76	0.0
19	input_spectra/bkgrnd-marine-broth.mzML	1469	0	130.098500569661	1	9000.12	0.0
19	input_spectra/bkgrnd-marine-broth.mzML	1470	0	130.098500569661	1	9011.58	0.0
19	input_spectra/bkgrnd-marine-broth.mzML	1471	0	130.098500569661	1	9050.939999999999	0.0
19	input_spectra/bkgrnd-marine-broth.mzML	1472	0	130.098500569661	1	9062.4	0.0
19	input_spectra/bkgrnd-marine-broth.mzML	1473	0	130.098500569661	1	9101.76	0.0
19	input_spectra/bkgrnd-marine-broth.mzML	1474	0	130.098500569661	1	9113.22	0.0
47	input_spectra/bkgrnd-marine-broth.mzML	1475	0	158.093879699707	1	9645.599999999999	0.0
48	input_spectra/bkgrnd-marine-broth.mzML	1476	0	158.093879699707	1	9657.06	0.0
47	input_spectra/bkgrnd-marine-broth.mzML	1477	0	158.093879699707	1	9696.48	0.0
48	input_spectra/bkgrnd-marine-broth.mzML	1478	0	158.093879699707	1	9707.94	0.0
47	input_spectra/bkgrnd-marine-broth.mzML	1479	0	158.093879699707	1	9747.359999999999	0.0
48	input_spectra/bkgrnd-marine-broth.mzML	1480	0	158.093879699707	1	9758.82	0.0
42	input_spectra/bkgrnd-marine-broth.mzML	1481	0	150.059661865234	1	9770.279999999999	0.0
41	input_spectra/bkgrnd-marine-broth.mzML	1482	0	150.059661865234	1	9781.8	0.0
42	input_spectra/bkgrnd-marine-broth.mzML	1483	0	150.059661865234	1	9821.16	0.0
42	input_spectra/bkgrnd-marine-broth.mzML	1484	0	150.059661865234	1	9832.62	0.0
42	input_spectra/bkgrnd-marine-broth.mzML	1485	0	150.059661865234	1	9872.039999999999	0.0
42	input_spectra/bkgrnd-marine-broth.mzML	1486	0	150.059661865234	1	9883.5	0.0
17	input_spectra/bkgrnd-marine-broth.mzML	1487	0	130.05116780599	1	9982.980000000001	0.0
4	input_spectra/bkgrnd-marine-broth.mzML	1488	0	118.087252298991	1	10033.8	0.0
4	input_spectra/bkgrnd-marine-broth.mzML	1489	0	118.087252298991	1	10045.26	0.0
17	input_spectra/bkgrnd-marine-broth.mzML	1490	0	130.05116780599	1	10056.72	0.0
18	input_spectra/bkgrnd-marine-broth.mzML	1491	0	130.05116780599	1	10068.18	0.0
4	input_spectra/bkgrnd-marine-broth.mzML	1492	0	118.087252298991	1	10107.54	0.0
4	input_spectra/bkgrnd-marine-broth.mzML	1493	0	118.087252298991	1	10119.0	0.0
17	input_spectra/bkgrnd-marine-broth.mzML	1494	0	130.05116780599	1	10130.460000000001	0.0
18	input_spectra/bkgrnd-marine-broth.mzML	1495	0	130.05116780599	1	10141.92	0.0
4	input_spectra/bkgrnd-marine-broth.mzML	1496	0	118.087252298991	1	10181.279999999999	0.0
4	input_spectra/bkgrnd-marine-broth.mzML	1497	0	118.087252298991	1	10192.74	0.0
25	input_spectra/bkgrnd-marine-broth.mzML	1498	0	132.103280318411	1	10424.519999999999	0.0
25	input_spectra/bkgrnd-marine-broth.mzML	1499	0	132.103280318411	1	10435.98	0.0
25	input_spectra/bkgrnd-marine-broth.mzML	1500	0	132.103280318411	1	10475.34	0.0
25	input_spectra/bkgrnd-marine-broth.mzML	1501	0	132.103280318411	1	10486.86	0.0
25	input_spectra/bkgrnd-marine-broth.mzML	1502	0	132.103280318411	1	10526.220000000001	0.0
25	input_spectra/bkgrnd-marine-broth.mzML	1503	0	132.103280318411	1	10537.679999999998	0.0
47	input_spectra/bkgrnd-marine-broth.mzML	1504	0	158.093879699707	1	10781.460000000001	0.0
48	input_spectra/bkgrnd-marine-broth.mzML	1505	0	158.093879699707	1	10792.92	0.0
47	input_spectra/bkgrnd-marine-broth.mzML	1506	0	158.093879699707	1	10832.34	0.0
48	input_spectra/bkgrnd-marine-broth.mzML	1507	0	158.093879699707	1	10843.8	0.0
47	input_spectra/bkgrnd-marine-broth.mzML	1508	0	158.093879699707	1	10883.16	0.0
48	input_spectra/bkgrnd-marine-broth.mzML	1509	0	158.093879699707	1	10894.619999999999	0.0
4	input_spectra/bkgrnd-marine-broth.mzML	1510	0	118.087252298991	1	11198.58	0.0
4	input_spectra/bkgrnd-marine-broth.mzML	1511	0	118.087252298991	1	11210.04	0.0
4	input_spectra/bkgrnd-marine-broth.mzML	1512	0	118.087252298991	1	11249.400000000001	0.0
4	input_spectra/bkgrnd-marine-broth.mzML	1513	0	118.087252298991	1	11260.86	0.0
4	input_spectra/bkgrnd-marine-broth.mzML	1514	0	118.087252298991	1	11323.2	0.0
4	input_spectra/bkgrnd-marine-broth.mzML	1515	0	118.087252298991	1	11334.66	0.0
16	input_spectra/bkgrnd-marine-broth.mzML	1516	0	130.05116780599	1	11505.24	0.0
15	input_spectra/bkgrnd-marine-broth.mzML	1517	0	130.05116780599	1	11516.699999999999	0.0
16	input_spectra/bkgrnd-marine-broth.mzML	1518	0	130.05116780599	1	11556.12	0.0
102	input_spectra/bkgrnd-marine-broth.mzML	1519	0	260.199279785156	1	11579.1	0.0
102	input_spectra/bkgrnd-marine-broth.mzML	1520	0	260.199279785156	1	11590.56	0.0
62	input_spectra/bkgrnd-marine-broth.mzML	1521	0	175.109786987305	1	11602.08	0.0
62	input_spectra/bkgrnd-marine-broth.mzML	1522	0	175.109786987305	1	11613.539999999999	0.0
27	input_spectra/bkgrnd-marine-broth.mzML	1523	0	132.107032775879	1	11675.939999999999	0.0
107	input_spectra/bkgrnd-marine-broth.mzML	1524	0	268.106628417969	1	11698.86	0.0
107	input_spectra/bkgrnd-marine-broth.mzML	1525	0	268.106628417969	1	11710.380000000001	0.0
62	input_spectra/bkgrnd-marine-broth.mzML	1526	0	175.109786987305	1	11721.84	0.0
62	input_spectra/bkgrnd-marine-broth.mzML	1527	0	175.109786987305	1	11733.36	0.0
30	input_spectra/bkgrnd-marine-broth.mzML	1528	0	137.04709370931	1	11744.820000000002	0.0
31	input_spectra/bkgrnd-marine-broth.mzML	1529	0	137.04709370931	1	11756.279999999999	0.0
27	input_spectra/bkgrnd-marine-broth.mzML	1530	0	132.109466552734	1	11830.26	0.0
107	input_spectra/bkgrnd-marine-broth.mzML	1531	0	268.106628417969	1	11841.78	0.0
107	input_spectra/bkgrnd-marine-broth.mzML	1532	0	268.106628417969	1	11853.24	0.0
27	input_spectra/bkgrnd-marine-broth.mzML	1533	0	132.107032775879	1	11961.66	0.0
28	input_spectra/bkgrnd-marine-broth.mzML	1534	0	132.107032775879	1	11973.119999999999	0.0
99	input_spectra/bkgrnd-marine-broth.mzML	1535	0	254.163650512695	1	11984.64	0.0
100	input_spectra/bkgrnd-marine-broth.mzML	1536	0	254.163650512695	1	11996.1	0.0
107	input_spectra/bkgrnd-marine-broth.mzML	1537	0	268.106628417969	1	12007.62	0.0
107	input_spectra/bkgrnd-marine-broth.mzML	1538	0	268.106628417969	1	12019.08	0.0
46	input_spectra/bkgrnd-marine-broth.mzML	1539	0	155.082990010579	1	12030.599999999999	0.0
46	input_spectra/bkgrnd-marine-broth.mzML	1540	0	155.082990010579	1	12042.06	0.0
9	input_spectra/bkgrnd-marine-broth.mzML	1541	0	121.065930684408	1	12053.52	0.0
9	input_spectra/bkgrnd-marine-broth.mzML	1542	0	121.065930684408	1	12065.04	0.0
25	input_spectra/bkgrnd-marine-broth.mzML	1543	0	132.103280318411	1	12104.400000000001	0.0
25	input_spectra/bkgrnd-marine-broth.mzML	1544	0	132.103280318411	1	12115.86	0.0
9	input_spectra/bkgrnd-marine-broth.mzML	1545	0	121.065930684408	1	12127.320000000002	0.0
9	input_spectra/bkgrnd-marine-broth.mzML	1546	0	121.065930684408	1	12138.779999999999	0.0
46	input_spectra/bkgrnd-marine-broth.mzML	1547	0	155.082990010579	1	12150.24	0.0
46	input_spectra/bkgrnd-marine-broth.mzML	1548	0	155.082990010579	1	12161.76	0.0
85	input_spectra/bkgrnd-marine-broth.mzML	1549	0	215.141209920247	1	12173.22	0.0
85	input_spectra/bkgrnd-marine-broth.mzML	1550	0	215.141209920247	1	12184.74	0.0
64	input_spectra/bkgrnd-marine-broth.mzML	1551	0	182.083048502604	1	12196.2	0.0
65	input_spectra/bkgrnd-marine-broth.mzML	1552	0	182.083048502604	1	12207.66	0.0
25	input_spectra/bkgrnd-marine-broth.mzML	1553	0	132.103280318411	1	12247.019999999999	0.0
25	input_spectra/bkgrnd-marine-broth.mzML	1554	0	132.103280318411	1	12258.539999999999	0.0
46	input_spectra/bkgrnd-marine-broth.mzML	1555	0	155.082990010579	1	12270.0	0.0
46	input_spectra/bkgrnd-marine-broth.mzML	1556	0	155.082990010579	1	12281.460000000001	0.0
64	input_spectra/bkgrnd-marine-broth.mzML	1557	0	182.083048502604	1	12292.980000000001	0.0
65	input_spectra/bkgrnd-marine-broth.mzML	1558	0	182.083048502604	1	12304.44	0.0
9	input_spectra/bkgrnd-marine-broth.mzML	1559	0	121.065930684408	1	12315.9	0.0
9	input_spectra/bkgrnd-marine-broth.mzML	1560	0	121.065930684408	1	12327.359999999999	0.0
85	input_spectra/bkgrnd-marine-broth.mzML	1561	0	215.141209920247	1	12338.88	0.0
85	input_spectra/bkgrnd-marine-broth.mzML	1562	0	215.141209920247	1	12350.34	0.0
65	input_spectra/bkgrnd-marine-broth.mzML	1563	0	182.083048502604	1	12401.220000000001	0.0
25	input_spectra/bkgrnd-marine-broth.mzML	1564	0	132.103280318411	1	12412.679999999998	0.0
25	input_spectra/bkgrnd-marine-broth.mzML	1565	0	132.103280318411	1	12424.199999999999	0.0
29	input_spectra/bkgrnd-marine-broth.mzML	1566	0	136.077031453451	1	12435.66	0.0
29	input_spectra/bkgrnd-marine-broth.mzML	1567	0	136.077031453451	1	12447.119999999999	0.0
52	input_spectra/bkgrnd-marine-broth.mzML	1568	0	165.056243896484	1	12458.64	0.0
54	input_spectra/bkgrnd-marine-broth.mzML	1569	0	165.056243896484	1	12470.1	0.0
85	input_spectra/bkgrnd-marine-broth.mzML	1570	0	215.141209920247	1	12481.560000000001	0.0
85	input_spectra/bkgrnd-marine-broth.mzML	1571	0	215.141209920247	1	12493.08	0.0
25	input_spectra/bkgrnd-marine-broth.mzML	1572	0	132.103280318411	1	12532.44	0.0
25	input_spectra/bkgrnd-marine-broth.mzML	1573	0	132.103280318411	1	12543.9	0.0
29	input_spectra/bkgrnd-marine-broth.mzML	1574	0	136.077031453451	1	12555.42	0.0
29	input_spectra/bkgrnd-marine-broth.mzML	1575	0	136.077031453451	1	12566.880000000001	0.0
52	input_spectra/bkgrnd-marine-broth.mzML	1576	0	165.056243896484	1	12578.34	0.0
54	input_spectra/bkgrnd-marine-broth.mzML	1577	0	165.056243896484	1	12589.859999999999	0.0
12	input_spectra/bkgrnd-marine-broth.mzML	1578	0	123.045349121094	1	12612.779999999999	0.0
54	input_spectra/bkgrnd-marine-broth.mzML	1579	0	165.056243896484	1	12663.66	0.0
29	input_spectra/bkgrnd-marine-broth.mzML	1580	0	136.077031453451	1	12675.12	0.0
94	input_spectra/bkgrnd-marine-broth.mzML	1581	0	237.088798522949	1	12698.099999999999	0.0
95	input_spectra/bkgrnd-marine-broth.mzML	1582	0	237.088798522949	1	12709.56	0.0
12	input_spectra/bkgrnd-marine-broth.mzML	1583	0	123.045349121094	1	12732.54	0.0
30	input_spectra/bkgrnd-marine-broth.mzML	1584	0	137.04709370931	1	12771.900000000001	0.0
31	input_spectra/bkgrnd-marine-broth.mzML	1585	0	137.04709370931	1	12783.36	0.0
94	input_spectra/bkgrnd-marine-broth.mzML	1586	0	237.088798522949	1	12794.88	0.0
95	input_spectra/bkgrnd-marine-broth.mzML	1587	0	237.088798522949	1	12806.34	0.0
45	input_spectra/bkgrnd-marine-broth.mzML	1588	0	152.058049519857	1	13016.82	0.0
45	input_spectra/bkgrnd-marine-broth.mzML	1589	0	152.058049519857	1	13028.28	0.0
45	input_spectra/bkgrnd-marine-broth.mzML	1590	0	152.058049519857	1	13067.640000000001	0.0
45	input_spectra/bkgrnd-marine-broth.mzML	1591	0	152.058049519857	1	13079.16	0.0
112	input_spectra/bkgrnd-marine-broth.mzML	1592	0	284.101715087891	1	13090.619999999999	0.0
113	input_spectra/bkgrnd-marine-broth.mzML	1593	0	284.101715087891	1	13102.14	0.0
45	input_spectra/bkgrnd-marine-broth.mzML	1594	0	152.058049519857	1	13141.5	0.0
45	input_spectra/bkgrnd-marine-broth.mzML	1595	0	152.058049519857	1	13152.960000000001	0.0
112	input_spectra/bkgrnd-marine-broth.mzML	1596	0	284.101715087891	1	13164.48	0.0
113	input_spectra/bkgrnd-marine-broth.mzML	1597	0	284.101715087891	1	13175.939999999999	0.0
112	input_spectra/bkgrnd-marine-broth.mzML	1598	0	284.101715087891	1	13215.3	0.0
113	input_spectra/bkgrnd-marine-broth.mzML	1599	0	284.101715087891	1	13226.82	0.0
46	input_spectra/bkgrnd-marine-broth.mzML	1600	0	155.082990010579	1	13238.28	0.0
46	input_spectra/bkgrnd-marine-broth.mzML	1601	0	155.082990010579	1	13249.800000000001	0.0
46	input_spectra/bkgrnd-marine-broth.mzML	1602	0	155.082990010579	1	13289.1	0.0
46	input_spectra/bkgrnd-marine-broth.mzML	1603	0	155.082990010579	1	13300.619999999999	0.0
46	input_spectra/bkgrnd-marine-broth.mzML	1604	0	155.082990010579	1	13339.98	0.0
46	input_spectra/bkgrnd-marine-broth.mzML	1605	0	155.082990010579	1	13351.44	0.0
25	input_spectra/bkgrnd-marine-broth.mzML	1606	0	132.103280318411	1	13487.039999999999	0.0
25	input_spectra/bkgrnd-marine-broth.mzML	1607	0	132.103280318411	1	13498.5	0.0
25	input_spectra/bkgrnd-marine-broth.mzML	1608	0	132.103280318411	1	13537.8	0.0
25	input_spectra/bkgrnd-marine-broth.mzML	1609	0	132.103280318411	1	13549.26	0.0
25	input_spectra/bkgrnd-marine-broth.mzML	1610	0	132.103280318411	1	13588.68	0.0
25	input_spectra/bkgrnd-marine-broth.mzML	1611	0	132.103280318411	1	13600.140000000001	0.0
86	input_spectra/bkgrnd-marine-broth.mzML	1612	0	217.156880696615	1	14240.76	0.0
86	input_spectra/bkgrnd-marine-broth.mzML	1613	0	217.156880696615	1	14252.220000000001	0.0
86	input_spectra/bkgrnd-marine-broth.mzML	1614	0	217.156880696615	1	14291.64	0.0
86	input_spectra/bkgrnd-marine-broth.mzML	1615	0	217.156880696615	1	14303.099999999999	0.0
86	input_spectra/bkgrnd-marine-broth.mzML	1616	0	217.156880696615	1	14342.46	0.0
86	input_spectra/bkgrnd-marine-broth.mzML	1617	0	217.156880696615	1	14353.98	0.0
25	input_spectra/bkgrnd-marine-broth.mzML	1618	0	132.103280318411	1	14657.880000000001	0.0
25	input_spectra/bkgrnd-marine-broth.mzML	1619	0	132.103280318411	1	14669.34	0.0
25	input_spectra/bkgrnd-marine-broth.mzML	1620	0	132.103280318411	1	14708.7	0.0
25	input_spectra/bkgrnd-marine-broth.mzML	1621	0	132.103280318411	1	14720.16	0.0
25	input_spectra/bkgrnd-marine-broth.mzML	1622	0	132.103280318411	1	14759.58	0.0
25	input_spectra/bkgrnd-marine-broth.mzML	1623	0	132.103280318411	1	14771.039999999999	0.0
34	input_spectra/bkgrnd-marine-broth.mzML	1624	0	141.95991734096	1	14810.4	0.0
35	input_spectra/bkgrnd-marine-broth.mzML	1625	0	141.95991734096	1	14821.92	0.0
81	input_spectra/bkgrnd-marine-broth.mzML	1626	0	211.109888712565	1	14909.400000000001	0.0
81	input_spectra/bkgrnd-marine-broth.mzML	1627	0	211.109888712565	1	14972.28	0.0
82	input_spectra/bkgrnd-marine-broth.mzML	1628	0	211.109888712565	1	14983.740000000002	0.0
81	input_spectra/bkgrnd-marine-broth.mzML	1629	0	211.109888712565	1	15023.099999999999	0.0
82	input_spectra/bkgrnd-marine-broth.mzML	1630	0	211.109888712565	1	15034.619999999999	0.0
34	input_spectra/bkgrnd-marine-broth.mzML	1631	0	141.95991734096	1	15158.099999999999	0.0
35	input_spectra/bkgrnd-marine-broth.mzML	1632	0	141.95991734096	1	15169.619999999999	0.0
140	input_spectra/bkgrnd-marine-broth.mzML	1633	0	359.196111043294	1	15245.04	0.0
140	input_spectra/bkgrnd-marine-broth.mzML	1634	0	359.196111043294	1	15256.560000000001	0.0
140	input_spectra/bkgrnd-marine-broth.mzML	1635	0	359.196111043294	1	15392.100000000002	0.0
140	input_spectra/bkgrnd-marine-broth.mzML	1636	0	359.196111043294	1	15403.619999999999	0.0
140	input_spectra/bkgrnd-marine-broth.mzML	1637	0	359.196111043294	1	15442.98	0.0
140	input_spectra/bkgrnd-marine-broth.mzML	1638	0	359.196111043294	1	15454.44	0.0
23	input_spectra/bkgrnd-marine-broth.mzML	1639	0	131.930934906006	1	15493.800000000001	0.0
23	input_spectra/bkgrnd-marine-broth.mzML	1640	0	131.930934906006	1	15505.320000000002	0.0
34	input_spectra/bkgrnd-marine-broth.mzML	1641	0	141.95991734096	1	15556.68	0.0
35	input_spectra/bkgrnd-marine-broth.mzML	1642	0	141.95991734096	1	15568.14	0.0
23	input_spectra/bkgrnd-marine-broth.mzML	1643	0	131.930934906006	1	15703.74	0.0
23	input_spectra/bkgrnd-marine-broth.mzML	1644	0	131.930934906006	1	15715.2	0.0
23	input_spectra/bkgrnd-marine-broth.mzML	1645	0	131.930934906006	1	15778.619999999999	0.0
23	input_spectra/bkgrnd-marine-broth.mzML	1646	0	131.930934906006	1	15790.08	0.0
25	input_spectra/bkgrnd-marine-broth.mzML	1647	0	132.103280318411	1	15829.38	0.0
25	input_spectra/bkgrnd-marine-broth.mzML	1648	0	132.103280318411	1	15840.9	0.0
25	input_spectra/bkgrnd-marine-broth.mzML	1649	0	132.103280318411	1	15880.26	0.0
25	input_spectra/bkgrnd-marine-broth.mzML	1650	0	132.103280318411	1	15891.720000000001	0.0
25	input_spectra/bkgrnd-marine-broth.mzML	1651	0	132.103280318411	1	15943.14	0.0
25	input_spectra/bkgrnd-marine-broth.mzML	1652	0	132.103280318411	1	15954.600000000002	0.0
72	input_spectra/bkgrnd-marine-broth.mzML	1653	0	189.088806152344	1	16030.08	0.0
74	input_spectra/bkgrnd-marine-broth.mzML	1654	0	189.088806152344	1	16041.539999999999	0.0
72	input_spectra/bkgrnd-marine-broth.mzML	1655	0	189.088806152344	1	16080.9	0.0
74	input_spectra/bkgrnd-marine-broth.mzML	1656	0	189.088806152344	1	16092.36	0.0
72	input_spectra/bkgrnd-marine-broth.mzML	1657	0	189.088806152344	1	16131.720000000001	0.0
73	input_spectra/bkgrnd-marine-broth.mzML	1658	0	189.088806152344	1	16143.239999999998	0.0
56	input_spectra/bkgrnd-marine-broth.mzML	1659	0	166.088059743245	1	16350.9	0.0
58	input_spectra/bkgrnd-marine-broth.mzML	1660	0	166.088059743245	1	16362.42	0.0
56	input_spectra/bkgrnd-marine-broth.mzML	1661	0	166.088059743245	1	16401.72	0.0
58	input_spectra/bkgrnd-marine-broth.mzML	1662	0	166.088059743245	1	16413.239999999998	0.0
6	input_spectra/bkgrnd-marine-broth.mzML	1663	0	120.082079569499	1	16424.7	0.0
6	input_spectra/bkgrnd-marine-broth.mzML	1664	0	120.082079569499	1	16436.16	0.0
56	input_spectra/bkgrnd-marine-broth.mzML	1665	0	166.088059743245	1	16475.52	0.0
58	input_spectra/bkgrnd-marine-broth.mzML	1666	0	166.088059743245	1	16486.98	0.0
6	input_spectra/bkgrnd-marine-broth.mzML	1667	0	120.082079569499	1	16498.44	0.0
6	input_spectra/bkgrnd-marine-broth.mzML	1668	0	120.082079569499	1	16509.96	0.0
75	input_spectra/bkgrnd-marine-broth.mzML	1669	0	189.125183105469	1	16521.420000000002	0.0
75	input_spectra/bkgrnd-marine-broth.mzML	1670	0	189.125183105469	1	16532.88	0.0
6	input_spectra/bkgrnd-marine-broth.mzML	1671	0	120.082079569499	1	16572.24	0.0
6	input_spectra/bkgrnd-marine-broth.mzML	1672	0	120.082079569499	1	16583.699999999997	0.0
140	input_spectra/bkgrnd-marine-broth.mzML	1673	0	359.196111043294	1	16595.280000000002	0.0
140	input_spectra/bkgrnd-marine-broth.mzML	1674	0	359.196111043294	1	16606.739999999998	0.0
75	input_spectra/bkgrnd-marine-broth.mzML	1675	0	189.125183105469	1	16618.260000000002	0.0
75	input_spectra/bkgrnd-marine-broth.mzML	1676	0	189.125183105469	1	16629.719999999998	0.0
21	input_spectra/bkgrnd-marine-broth.mzML	1677	0	131.05034383138	1	16641.18	0.0
22	input_spectra/bkgrnd-marine-broth.mzML	1678	0	131.05034383138	1	16652.64	0.0
59	input_spectra/bkgrnd-marine-broth.mzML	1679	0	166.093887329102	1	16692.06	0.0
60	input_spectra/bkgrnd-marine-broth.mzML	1680	0	166.093887329102	1	16703.52	0.0
7	input_spectra/bkgrnd-marine-broth.mzML	1681	0	120.084854125977	1	16714.980000000003	0.0
8	input_spectra/bkgrnd-marine-broth.mzML	1682	0	120.084854125977	1	16726.44	0.0
75	input_spectra/bkgrnd-marine-broth.mzML	1683	0	189.125183105469	1	16737.96	0.0
75	input_spectra/bkgrnd-marine-broth.mzML	1684	0	189.125183105469	1	16749.42	0.0
140	input_spectra/bkgrnd-marine-broth.mzML	1685	0	359.196111043294	1	16760.94	0.0
140	input_spectra/bkgrnd-marine-broth.mzML	1686	0	359.196111043294	1	16772.46	0.0
21	input_spectra/bkgrnd-marine-broth.mzML	1687	0	131.05034383138	1	16783.920000000002	0.0
22	input_spectra/bkgrnd-marine-broth.mzML	1688	0	131.05034383138	1	16795.38	0.0
7	input_spectra/bkgrnd-marine-broth.mzML	1689	0	120.086292266846	1	16834.8	0.0
8	input_spectra/bkgrnd-marine-broth.mzML	1690	0	120.086292266846	1	16846.260000000002	0.0
140	input_spectra/bkgrnd-marine-broth.mzML	1691	0	359.196111043294	1	16857.780000000002	0.0
140	input_spectra/bkgrnd-marine-broth.mzML	1692	0	359.196111043294	1	16869.239999999998	0.0
21	input_spectra/bkgrnd-marine-broth.mzML	1693	0	131.05034383138	1	16880.760000000002	0.0
22	input_spectra/bkgrnd-marine-broth.mzML	1694	0	131.05034383138	1	16892.219999999998	0.0
39	input_spectra/bkgrnd-marine-broth.mzML	1695	0	149.061024983724	1	16903.68	0.0
40	input_spectra/bkgrnd-marine-broth.mzML	1696	0	149.061024983724	1	16915.2	0.0
7	input_spectra/bkgrnd-marine-broth.mzML	1697	0	120.086292266846	1	16977.54	0.0
8	input_spectra/bkgrnd-marine-broth.mzML	1698	0	120.086292266846	1	16989.0	0.0
39	input_spectra/bkgrnd-marine-broth.mzML	1699	0	149.061024983724	1	17000.46	0.0
40	input_spectra/bkgrnd-marine-broth.mzML	1700	0	149.061024983724	1	17011.92	0.0
39	input_spectra/bkgrnd-marine-broth.mzML	1701	0	149.061024983724	1	17051.34	0.0
40	input_spectra/bkgrnd-marine-broth.mzML	1702	0	149.061024983724	1	17062.8	0.0
59	input_spectra/bkgrnd-marine-broth.mzML	1703	0	166.093887329102	1	17102.16	0.0
60	input_spectra/bkgrnd-marine-broth.mzML	1704	0	166.093887329102	1	17113.68	0.0
132	input_spectra/bkgrnd-marine-broth.mzML	1705	0	331.200653076172	1	17125.14	0.0
132	input_spectra/bkgrnd-marine-broth.mzML	1706	0	331.200653076172	1	17136.66	0.0
59	input_spectra/bkgrnd-marine-broth.mzML	1707	0	166.093887329102	1	17176.02	0.0
60	input_spectra/bkgrnd-marine-broth.mzML	1708	0	166.093887329102	1	17187.480000000003	0.0
132	input_spectra/bkgrnd-marine-broth.mzML	1709	0	331.200653076172	1	17199.0	0.0
132	input_spectra/bkgrnd-marine-broth.mzML	1710	0	331.200653076172	1	17210.52	0.0
132	input_spectra/bkgrnd-marine-broth.mzML	1711	0	331.200653076172	1	17249.88	0.0
132	input_spectra/bkgrnd-marine-broth.mzML	1712	0	331.200653076172	1	17261.34	0.0
34	input_spectra/bkgrnd-marine-broth.mzML	1713	0	141.95991734096	1	17272.859999999997	0.0
35	input_spectra/bkgrnd-marine-broth.mzML	1714	0	141.95991734096	1	17284.32	0.0
34	input_spectra/bkgrnd-marine-broth.mzML	1715	0	141.95991734096	1	17323.68	0.0
35	input_spectra/bkgrnd-marine-broth.mzML	1716	0	141.95991734096	1	17335.2	0.0
34	input_spectra/bkgrnd-marine-broth.mzML	1717	0	141.95991734096	1	17374.56	0.0
35	input_spectra/bkgrnd-marine-broth.mzML	1718	0	141.95991734096	1	17386.02	0.0
56	input_spectra/bkgrnd-marine-broth.mzML	1719	0	166.088059743245	1	17497.559999999998	0.0
58	input_spectra/bkgrnd-marine-broth.mzML	1720	0	166.088059743245	1	17509.02	0.0
56	input_spectra/bkgrnd-marine-broth.mzML	1721	0	166.088059743245	1	17548.38	0.0
58	input_spectra/bkgrnd-marine-broth.mzML	1722	0	166.088059743245	1	17559.84	0.0
56	input_spectra/bkgrnd-marine-broth.mzML	1723	0	166.088059743245	1	17599.2	0.0
58	input_spectra/bkgrnd-marine-broth.mzML	1724	0	166.088059743245	1	17610.72	0.0
6	input_spectra/bkgrnd-marine-broth.mzML	1725	0	120.082079569499	1	17622.18	0.0
6	input_spectra/bkgrnd-marine-broth.mzML	1726	0	120.082079569499	1	17633.64	0.0
6	input_spectra/bkgrnd-marine-broth.mzML	1727	0	120.082079569499	1	17673.0	0.0
6	input_spectra/bkgrnd-marine-broth.mzML	1728	0	120.082079569499	1	17684.52	0.0
6	input_spectra/bkgrnd-marine-broth.mzML	1729	0	120.082079569499	1	17723.82	0.0
6	input_spectra/bkgrnd-marine-broth.mzML	1730	0	120.082079569499	1	17735.34	0.0
50	input_spectra/bkgrnd-marine-broth.mzML	1731	0	158.962689717611	1	17822.76	0.0
50	input_spectra/bkgrnd-marine-broth.mzML	1732	0	158.962689717611	1	17834.22	0.0
50	input_spectra/bkgrnd-marine-broth.mzML	1733	0	158.962689717611	1	18234.36	0.0
50	input_spectra/bkgrnd-marine-broth.mzML	1734	0	158.962689717611	1	18245.82	0.0
50	input_spectra/bkgrnd-marine-broth.mzML	1735	0	158.962689717611	1	18297.24	0.0
50	input_spectra/bkgrnd-marine-broth.mzML	1736	0	158.962689717611	1	18308.699999999997	0.0
23	input_spectra/bkgrnd-marine-broth.mzML	1737	0	131.930934906006	1	18396.18	0.0
23	input_spectra/bkgrnd-marine-broth.mzML	1738	0	131.930934906006	1	18407.64	0.0
34	input_spectra/bkgrnd-marine-broth.mzML	1739	0	141.95991734096	1	18447.0	0.0
35	input_spectra/bkgrnd-marine-broth.mzML	1740	0	141.95991734096	1	18458.460000000003	0.0
34	input_spectra/bkgrnd-marine-broth.mzML	1741	0	141.95991734096	1	18497.88	0.0
35	input_spectra/bkgrnd-marine-broth.mzML	1742	0	141.95991734096	1	18509.34	0.0
34	input_spectra/bkgrnd-marine-broth.mzML	1743	0	141.95991734096	1	18548.699999999997	0.0
35	input_spectra/bkgrnd-marine-broth.mzML	1744	0	141.95991734096	1	18560.16	0.0
75	input_spectra/bkgrnd-marine-broth.mzML	1745	0	189.125183105469	1	18599.579999999998	0.0
56	input_spectra/bkgrnd-marine-broth.mzML	1746	0	166.088059743245	1	18650.399999999998	0.0
58	input_spectra/bkgrnd-marine-broth.mzML	1747	0	166.088059743245	1	18661.92	0.0
75	input_spectra/bkgrnd-marine-broth.mzML	1748	0	189.125183105469	1	18673.38	0.0
75	input_spectra/bkgrnd-marine-broth.mzML	1749	0	189.125183105469	1	18684.84	0.0
56	input_spectra/bkgrnd-marine-broth.mzML	1750	0	166.088059743245	1	18724.2	0.0
58	input_spectra/bkgrnd-marine-broth.mzML	1751	0	166.088059743245	1	18735.72	0.0
75	input_spectra/bkgrnd-marine-broth.mzML	1752	0	189.125183105469	1	18747.18	0.0
75	input_spectra/bkgrnd-marine-broth.mzML	1753	0	189.125183105469	1	18758.64	0.0
56	input_spectra/bkgrnd-marine-broth.mzML	1754	0	166.088059743245	1	18798.0	0.0
58	input_spectra/bkgrnd-marine-broth.mzML	1755	0	166.088059743245	1	18809.46	0.0
6	input_spectra/bkgrnd-marine-broth.mzML	1756	0	120.082079569499	1	18820.920000000002	0.0
6	input_spectra/bkgrnd-marine-broth.mzML	1757	0	120.082079569499	1	18832.440000000002	0.0
6	input_spectra/bkgrnd-marine-broth.mzML	1758	0	120.082079569499	1	18871.739999999998	0.0
6	input_spectra/bkgrnd-marine-broth.mzML	1759	0	120.082079569499	1	18883.2	0.0
25	input_spectra/bkgrnd-marine-broth.mzML	1760	0	132.103280318411	1	18894.719999999998	0.0
25	input_spectra/bkgrnd-marine-broth.mzML	1761	0	132.103280318411	1	18906.18	0.0
6	input_spectra/bkgrnd-marine-broth.mzML	1762	0	120.082079569499	1	18945.54	0.0
6	input_spectra/bkgrnd-marine-broth.mzML	1763	0	120.082079569499	1	18957.0	0.0
25	input_spectra/bkgrnd-marine-broth.mzML	1764	0	132.103280318411	1	18968.460000000003	0.0
25	input_spectra/bkgrnd-marine-broth.mzML	1765	0	132.103280318411	1	18979.980000000003	0.0
25	input_spectra/bkgrnd-marine-broth.mzML	1766	0	132.103280318411	1	19019.34	0.0
25	input_spectra/bkgrnd-marine-broth.mzML	1767	0	132.103280318411	1	19030.8	0.0
50	input_spectra/bkgrnd-marine-broth.mzML	1768	0	158.962689717611	1	19467.0	0.0
50	input_spectra/bkgrnd-marine-broth.mzML	1769	0	158.962689717611	1	19478.460000000003	0.0
50	input_spectra/bkgrnd-marine-broth.mzML	1770	0	158.962689717611	1	19541.879999999997	0.0
50	input_spectra/bkgrnd-marine-broth.mzML	1771	0	158.962689717611	1	19553.34	0.0
34	input_spectra/bkgrnd-marine-broth.mzML	1772	0	141.95991734096	1	19604.7	0.0
35	input_spectra/bkgrnd-marine-broth.mzML	1773	0	141.95991734096	1	19616.22	0.0
34	input_spectra/bkgrnd-marine-broth.mzML	1774	0	141.95991734096	1	19655.58	0.0
35	input_spectra/bkgrnd-marine-broth.mzML	1775	0	141.95991734096	1	19667.04	0.0
34	input_spectra/bkgrnd-marine-broth.mzML	1776	0	141.95991734096	1	19706.4	0.0
35	input_spectra/bkgrnd-marine-broth.mzML	1777	0	141.95991734096	1	19717.859999999997	0.0
91	input_spectra/bkgrnd-marine-broth.mzML	1778	0	229.157028198242	1	19769.28	0.0
91	input_spectra/bkgrnd-marine-broth.mzML	1779	0	229.157028198242	1	19780.739999999998	0.0
56	input_spectra/bkgrnd-marine-broth.mzML	1780	0	166.088059743245	1	19820.1	0.0
58	input_spectra/bkgrnd-marine-broth.mzML	1781	0	166.088059743245	1	19831.62	0.0
91	input_spectra/bkgrnd-marine-broth.mzML	1782	0	229.157028198242	1	19843.08	0.0
91	input_spectra/bkgrnd-marine-broth.mzML	1783	0	229.157028198242	1	19854.600000000002	0.0
91	input_spectra/bkgrnd-marine-broth.mzML	1784	0	229.157028198242	1	19893.96	0.0
91	input_spectra/bkgrnd-marine-broth.mzML	1785	0	229.157028198242	1	19905.420000000002	0.0
56	input_spectra/bkgrnd-marine-broth.mzML	1786	0	166.088059743245	1	19916.940000000002	0.0
58	input_spectra/bkgrnd-marine-broth.mzML	1787	0	166.088059743245	1	19928.399999999998	0.0
56	input_spectra/bkgrnd-marine-broth.mzML	1788	0	166.088059743245	1	19967.76	0.0
58	input_spectra/bkgrnd-marine-broth.mzML	1789	0	166.088059743245	1	19979.28	0.0
6	input_spectra/bkgrnd-marine-broth.mzML	1790	0	120.082079569499	1	19990.739999999998	0.0
6	input_spectra/bkgrnd-marine-broth.mzML	1791	0	120.082079569499	1	20002.2	0.0
6	input_spectra/bkgrnd-marine-broth.mzML	1792	0	120.082079569499	1	20053.56	0.0
6	input_spectra/bkgrnd-marine-broth.mzML	1793	0	120.082079569499	1	20065.019999999997	0.0
50	input_spectra/bkgrnd-marine-broth.mzML	1794	0	158.962689717611	1	20104.379999999997	0.0
50	input_spectra/bkgrnd-marine-broth.mzML	1795	0	158.962689717611	1	20115.84	0.0
6	input_spectra/bkgrnd-marine-broth.mzML	1796	0	120.082079569499	1	20127.3	0.0
6	input_spectra/bkgrnd-marine-broth.mzML	1797	0	120.082079569499	1	20138.760000000002	0.0
34	input_spectra/bkgrnd-marine-broth.mzML	1798	0	141.95991734096	1	20743.260000000002	0.0
35	input_spectra/bkgrnd-marine-broth.mzML	1799	0	141.95991734096	1	20754.719999999998	0.0
34	input_spectra/bkgrnd-marine-broth.mzML	1800	0	141.95991734096	1	20794.079999999998	0.0
35	input_spectra/bkgrnd-marine-broth.mzML	1801	0	141.95991734096	1	20805.6	0.0
34	input_spectra/bkgrnd-marine-broth.mzML	1802	0	141.95991734096	1	20844.96	0.0
35	input_spectra/bkgrnd-marine-broth.mzML	1803	0	141.95991734096	1	20856.420000000002	0.0
109	input_spectra/bkgrnd-marine-broth.mzML	1804	0	274.178975423177	1	21641.28	0.0
109	input_spectra/bkgrnd-marine-broth.mzML	1805	0	274.178975423177	1	21652.8	0.0
109	input_spectra/bkgrnd-marine-broth.mzML	1806	0	274.178975423177	1	21692.16	0.0
109	input_spectra/bkgrnd-marine-broth.mzML	1807	0	274.178975423177	1	21703.62	0.0
109	input_spectra/bkgrnd-marine-broth.mzML	1808	0	274.178975423177	1	21743.04	0.0
109	input_spectra/bkgrnd-marine-broth.mzML	1809	0	274.178975423177	1	21754.5	0.0
34	input_spectra/bkgrnd-marine-broth.mzML	1810	0	141.95991734096	1	21918.54	0.0
35	input_spectra/bkgrnd-marine-broth.mzML	1811	0	141.95991734096	1	21930.0	0.0
93	input_spectra/bkgrnd-marine-broth.mzML	1812	0	231.172617594401	1	21941.52	0.0
93	input_spectra/bkgrnd-marine-broth.mzML	1813	0	231.172617594401	1	21992.34	0.0
34	input_spectra/bkgrnd-marine-broth.mzML	1814	0	141.95991734096	1	22015.32	0.0
35	input_spectra/bkgrnd-marine-broth.mzML	1815	0	141.95991734096	1	22026.78	0.0
93	input_spectra/bkgrnd-marine-broth.mzML	1816	0	231.172617594401	1	22066.079999999998	0.0
93	input_spectra/bkgrnd-marine-broth.mzML	1817	0	231.172617594401	1	22077.6	0.0
34	input_spectra/bkgrnd-marine-broth.mzML	1818	0	141.95991734096	1	22089.06	0.0
35	input_spectra/bkgrnd-marine-broth.mzML	1819	0	141.95991734096	1	22100.52	0.0
91	input_spectra/bkgrnd-marine-broth.mzML	1820	0	229.157028198242	1	22717.079999999998	0.0
91	input_spectra/bkgrnd-marine-broth.mzML	1821	0	229.157028198242	1	22728.54	0.0
91	input_spectra/bkgrnd-marine-broth.mzML	1822	0	229.157028198242	1	22767.899999999998	0.0
91	input_spectra/bkgrnd-marine-broth.mzML	1823	0	229.157028198242	1	22779.36	0.0
91	input_spectra/bkgrnd-marine-broth.mzML	1824	0	229.157028198242	1	22818.78	0.0
91	input_spectra/bkgrnd-marine-broth.mzML	1825	0	229.157028198242	1	22830.24	0.0
34	input_spectra/bkgrnd-marine-broth.mzML	1826	0	141.95991734096	1	23098.08	0.0
35	input_spectra/bkgrnd-marine-broth.mzML	1827	0	141.95991734096	1	23109.54	0.0
34	input_spectra/bkgrnd-marine-broth.mzML	1828	0	141.95991734096	1	23148.96	0.0
35	input_spectra/bkgrnd-marine-broth.mzML	1829	0	141.95991734096	1	23160.420000000002	0.0
34	input_spectra/bkgrnd-marine-broth.mzML	1830	0	141.95991734096	1	23199.78	0.0
35	input_spectra/bkgrnd-marine-broth.mzML	1831	0	141.95991734096	1	23211.239999999998	0.0
91	input_spectra/bkgrnd-marine-broth.mzML	1832	0	229.157028198242	1	23863.86	0.0
91	input_spectra/bkgrnd-marine-broth.mzML	1833	0	229.157028198242	1	23875.38	0.0
187	input_spectra/bkgrnd-marine-broth.mzML	1834	0	527.287231445313	1	23886.9	0.0
187	input_spectra/bkgrnd-marine-broth.mzML	1835	0	527.287231445313	1	23898.420000000002	0.0
91	input_spectra/bkgrnd-marine-broth.mzML	1836	0	229.157028198242	1	23937.780000000002	0.0
91	input_spectra/bkgrnd-marine-broth.mzML	1837	0	229.157028198242	1	23949.3	0.0
91	input_spectra/bkgrnd-marine-broth.mzML	1838	0	229.157028198242	1	23988.6	0.0
91	input_spectra/bkgrnd-marine-broth.mzML	1839	0	229.157028198242	1	24000.12	0.0
221	input_spectra/bkgrnd-marine-broth.mzML	1840	0	756.358744303385	1	24114.0	0.0
221	input_spectra/bkgrnd-marine-broth.mzML	1841	0	756.358744303385	1	24164.88	0.0
221	input_spectra/bkgrnd-marine-broth.mzML	1842	0	756.358744303385	1	24215.760000000002	0.0
211	input_spectra/bkgrnd-marine-broth.mzML	1843	0	618.330220540365	1	24250.44	0.0
212	input_spectra/bkgrnd-marine-broth.mzML	1844	0	618.330220540365	1	24261.96	0.0
222	input_spectra/bkgrnd-marine-broth.mzML	1845	0	783.443644205729	1	24273.48	0.0
223	input_spectra/bkgrnd-marine-broth.mzML	1846	0	783.443644205729	1	24285.059999999998	0.0
222	input_spectra/bkgrnd-marine-broth.mzML	1847	0	783.443644205729	1	24324.42	0.0
223	input_spectra/bkgrnd-marine-broth.mzML	1848	0	783.443644205729	1	24335.94	0.0
211	input_spectra/bkgrnd-marine-broth.mzML	1849	0	618.330220540365	1	24347.519999999997	0.0
212	input_spectra/bkgrnd-marine-broth.mzML	1850	0	618.330220540365	1	24359.039999999997	0.0
225	input_spectra/bkgrnd-marine-broth.mzML	1851	0	1105.584289550781	1	24370.620000000003	0.0
211	input_spectra/bkgrnd-marine-broth.mzML	1852	0	618.330220540365	1	24444.66	0.0
212	input_spectra/bkgrnd-marine-broth.mzML	1853	0	618.330220540365	1	24456.18	0.0
222	input_spectra/bkgrnd-marine-broth.mzML	1854	0	783.443644205729	1	24467.76	0.0
225	input_spectra/bkgrnd-marine-broth.mzML	1855	0	1105.584289550781	1	24490.86	0.0
202	input_spectra/bkgrnd-marine-broth.mzML	1856	0	584.30995686849	1	24622.68	0.0
174	input_spectra/bkgrnd-marine-broth.mzML	1857	0	488.240407307943	1	24685.2	0.0
174	input_spectra/bkgrnd-marine-broth.mzML	1858	0	488.240407307943	1	24696.72	0.0
174	input_spectra/bkgrnd-marine-broth.mzML	1859	0	488.240407307943	1	24828.54	0.0
174	input_spectra/bkgrnd-marine-broth.mzML	1860	0	488.240407307943	1	24840.059999999998	0.0
154	input_spectra/bkgrnd-marine-broth.mzML	1861	0	430.233734130859	1	24851.579999999998	0.0
154	input_spectra/bkgrnd-marine-broth.mzML	1862	0	430.233734130859	1	24863.04	0.0
174	input_spectra/bkgrnd-marine-broth.mzML	1863	0	488.240407307943	1	24925.44	0.0
174	input_spectra/bkgrnd-marine-broth.mzML	1864	0	488.240407307943	1	24936.96	0.0
154	input_spectra/bkgrnd-marine-broth.mzML	1865	0	430.233734130859	1	24948.48	0.0
154	input_spectra/bkgrnd-marine-broth.mzML	1866	0	430.233734130859	1	24959.940000000002	0.0
201	input_spectra/bkgrnd-marine-broth.mzML	1867	0	584.30995686849	1	24999.36	0.0
202	input_spectra/bkgrnd-marine-broth.mzML	1868	0	584.30995686849	1	25010.88	0.0
154	input_spectra/bkgrnd-marine-broth.mzML	1869	0	430.233734130859	1	25022.4	0.0
154	input_spectra/bkgrnd-marine-broth.mzML	1870	0	430.233734130859	1	25033.86	0.0
167	input_spectra/bkgrnd-marine-broth.mzML	1871	0	460.244934082031	1	25045.38	0.0
167	input_spectra/bkgrnd-marine-broth.mzML	1872	0	460.244934082031	1	25056.9	0.0
201	input_spectra/bkgrnd-marine-broth.mzML	1873	0	584.30995686849	1	25096.260000000002	0.0
202	input_spectra/bkgrnd-marine-broth.mzML	1874	0	584.30995686849	1	25107.780000000002	0.0
226	input_spectra/bkgrnd-marine-broth.mzML	1875	0	1149.564208984375	1	25147.140000000003	0.0
227	input_spectra/bkgrnd-marine-broth.mzML	1876	0	1149.564208984375	1	25158.72	0.0
226	input_spectra/bkgrnd-marine-broth.mzML	1877	0	1149.564208984375	1	25198.08	0.0
227	input_spectra/bkgrnd-marine-broth.mzML	1878	0	1149.564208984375	1	25209.66	0.0
111	input_spectra/bkgrnd-marine-broth.mzML	1879	0	283.178985595703	1	25278.66	0.0
153	input_spectra/bkgrnd-marine-broth.mzML	1880	0	428.254776000977	1	25364.16	0.0
153	input_spectra/bkgrnd-marine-broth.mzML	1881	0	428.254776000977	1	25375.68	0.0
165	input_spectra/bkgrnd-marine-broth.mzML	1882	0	456.249816894531	1	25410.420000000002	0.0
165	input_spectra/bkgrnd-marine-broth.mzML	1883	0	456.249816894531	1	25421.940000000002	0.0
153	input_spectra/bkgrnd-marine-broth.mzML	1884	0	428.254776000977	1	25484.4	0.0
153	input_spectra/bkgrnd-marine-broth.mzML	1885	0	428.254776000977	1	25495.920000000002	0.0
196	input_spectra/bkgrnd-marine-broth.mzML	1886	0	557.298522949219	1	25507.440000000002	0.0
197	input_spectra/bkgrnd-marine-broth.mzML	1887	0	557.298522949219	1	25518.96	0.0
166	input_spectra/bkgrnd-marine-broth.mzML	1888	0	458.265899658203	1	25553.64	0.0
166	input_spectra/bkgrnd-marine-broth.mzML	1889	0	458.265899658203	1	25565.16	0.0
157	input_spectra/bkgrnd-marine-broth.mzML	1890	0	440.25493367513	1	25627.68	0.0
157	input_spectra/bkgrnd-marine-broth.mzML	1891	0	440.25493367513	1	25639.2	0.0
183	input_spectra/bkgrnd-marine-broth.mzML	1892	0	522.224914550781	1	25673.94	0.0
183	input_spectra/bkgrnd-marine-broth.mzML	1893	0	522.224914550781	1	25685.46	0.0
166	input_spectra/bkgrnd-marine-broth.mzML	1894	0	458.265899658203	1	25696.92	0.0
157	input_spectra/bkgrnd-marine-broth.mzML	1895	0	440.25493367513	1	25747.859999999997	0.0
157	input_spectra/bkgrnd-marine-broth.mzML	1896	0	440.25493367513	1	25759.379999999997	0.0
181	input_spectra/bkgrnd-marine-broth.mzML	1897	0	511.292541503906	1	25817.100000000002	0.0
181	input_spectra/bkgrnd-marine-broth.mzML	1898	0	511.292541503906	1	25828.56	0.0
183	input_spectra/bkgrnd-marine-broth.mzML	1899	0	522.224914550781	1	25840.08	0.0
203	input_spectra/bkgrnd-marine-broth.mzML	1900	0	586.325286865234	1	25891.02	0.0
203	input_spectra/bkgrnd-marine-broth.mzML	1901	0	586.325286865234	1	25902.480000000003	0.0
135	input_spectra/bkgrnd-marine-broth.mzML	1902	0	344.231323242188	1	25914.0	0.0
135	input_spectra/bkgrnd-marine-broth.mzML	1903	0	344.231323242188	1	25925.52	0.0
157	input_spectra/bkgrnd-marine-broth.mzML	1904	0	440.25493367513	1	25937.04	0.0
157	input_spectra/bkgrnd-marine-broth.mzML	1905	0	440.25493367513	1	25948.56	0.0
181	input_spectra/bkgrnd-marine-broth.mzML	1906	0	511.292541503906	1	25960.019999999997	0.0
181	input_spectra/bkgrnd-marine-broth.mzML	1907	0	511.292541503906	1	25971.539999999997	0.0
79	input_spectra/bkgrnd-marine-broth.mzML	1908	0	205.099311828613	1	26033.94	0.0
80	input_spectra/bkgrnd-marine-broth.mzML	1909	0	205.099311828613	1	26045.399999999998	0.0
70	input_spectra/bkgrnd-marine-broth.mzML	1910	0	188.072463989258	1	26056.86	0.0
71	input_spectra/bkgrnd-marine-broth.mzML	1911	0	188.072463989258	1	26068.38	0.0
203	input_spectra/bkgrnd-marine-broth.mzML	1912	0	586.325286865234	1	26079.9	0.0
203	input_spectra/bkgrnd-marine-broth.mzML	1913	0	586.325286865234	1	26091.420000000002	0.0
79	input_spectra/bkgrnd-marine-broth.mzML	1914	0	205.099311828613	1	26176.92	0.0
80	input_spectra/bkgrnd-marine-broth.mzML	1915	0	205.099311828613	1	26188.38	0.0
70	input_spectra/bkgrnd-marine-broth.mzML	1916	0	188.072463989258	1	26199.9	0.0
71	input_spectra/bkgrnd-marine-broth.mzML	1917	0	188.072463989258	1	26211.36	0.0
206	input_spectra/bkgrnd-marine-broth.mzML	1918	0	612.341369628906	1	26222.94	0.0
206	input_spectra/bkgrnd-marine-broth.mzML	1919	0	612.341369628906	1	26234.46	0.0
105	input_spectra/bkgrnd-marine-broth.mzML	1920	0	263.141876220703	1	26269.079999999998	0.0
105	input_spectra/bkgrnd-marine-broth.mzML	1921	0	263.141876220703	1	26280.6	0.0
145	input_spectra/bkgrnd-marine-broth.mzML	1922	0	388.258239746094	1	26319.96	0.0
145	input_spectra/bkgrnd-marine-broth.mzML	1923	0	388.258239746094	1	26331.48	0.0
207	input_spectra/bkgrnd-marine-broth.mzML	1924	0	612.341369628906	1	26365.98	0.0
207	input_spectra/bkgrnd-marine-broth.mzML	1925	0	612.341369628906	1	26377.5	0.0
224	input_spectra/bkgrnd-marine-broth.mzML	1926	0	947.457214355469	1	26400.66	0.0
208	input_spectra/bkgrnd-marine-broth.mzML	1927	0	614.357238769531	1	26463.120000000003	0.0
208	input_spectra/bkgrnd-marine-broth.mzML	1928	0	614.357238769531	1	26474.640000000003	0.0
145	input_spectra/bkgrnd-marine-broth.mzML	1929	0	388.258239746094	1	26486.16	0.0
224	input_spectra/bkgrnd-marine-broth.mzML	1930	0	947.457214355469	1	26520.84	0.0
144	input_spectra/bkgrnd-marine-broth.mzML	1931	0	385.249328613281	1	26532.36	0.0
144	input_spectra/bkgrnd-marine-broth.mzML	1932	0	385.249328613281	1	26543.88	0.0
156	input_spectra/bkgrnd-marine-broth.mzML	1933	0	432.285171508789	1	26606.22	0.0
156	input_spectra/bkgrnd-marine-broth.mzML	1934	0	432.285171508789	1	26617.74	0.0
219	input_spectra/bkgrnd-marine-broth.mzML	1935	0	743.401062011719	1	26629.260000000002	0.0
220	input_spectra/bkgrnd-marine-broth.mzML	1936	0	743.401062011719	1	26640.84	0.0
208	input_spectra/bkgrnd-marine-broth.mzML	1937	0	614.357238769531	1	26675.399999999998	0.0
208	input_spectra/bkgrnd-marine-broth.mzML	1938	0	614.357238769531	1	26686.92	0.0
156	input_spectra/bkgrnd-marine-broth.mzML	1939	0	432.285171508789	1	26749.32	0.0
156	input_spectra/bkgrnd-marine-broth.mzML	1940	0	432.285171508789	1	26760.78	0.0
169	input_spectra/bkgrnd-marine-broth.mzML	1941	0	476.311747233073	1	26795.34	0.0
169	input_spectra/bkgrnd-marine-broth.mzML	1942	0	476.311747233073	1	26806.86	0.0
36	input_spectra/bkgrnd-marine-broth.mzML	1943	0	146.061645507813	1	26829.84	0.0
229	input_spectra/bkgrnd-marine-broth.mzML	1944	0	1216.558837890625	1	26841.48	0.0
169	input_spectra/bkgrnd-marine-broth.mzML	1945	0	476.311747233073	1	26892.42	0.0
169	input_spectra/bkgrnd-marine-broth.mzML	1946	0	476.311747233073	1	26903.94	0.0
90	input_spectra/bkgrnd-marine-broth.mzML	1947	0	227.141393025716	1	26938.44	0.0
90	input_spectra/bkgrnd-marine-broth.mzML	1948	0	227.141393025716	1	26949.96	0.0
228	input_spectra/bkgrnd-marine-broth.mzML	1949	0	1200.565185546875	1	26961.600000000002	0.0
229	input_spectra/bkgrnd-marine-broth.mzML	1950	0	1216.558837890625	1	26984.7	0.0
182	input_spectra/bkgrnd-marine-broth.mzML	1951	0	520.338562011719	1	27035.64	0.0
182	input_spectra/bkgrnd-marine-broth.mzML	1952	0	520.338562011719	1	27047.16	0.0
169	input_spectra/bkgrnd-marine-broth.mzML	1953	0	476.311747233073	1	27058.68	0.0
169	input_spectra/bkgrnd-marine-broth.mzML	1954	0	476.311747233073	1	27070.2	0.0
90	input_spectra/bkgrnd-marine-broth.mzML	1955	0	227.141393025716	1	27081.72	0.0
90	input_spectra/bkgrnd-marine-broth.mzML	1956	0	227.141393025716	1	27093.18	0.0
228	input_spectra/bkgrnd-marine-broth.mzML	1957	0	1200.565185546875	1	27127.859999999997	0.0
182	input_spectra/bkgrnd-marine-broth.mzML	1958	0	520.338562011719	1	27178.800000000003	0.0
182	input_spectra/bkgrnd-marine-broth.mzML	1959	0	520.338562011719	1	27190.32	0.0
198	input_spectra/bkgrnd-marine-broth.mzML	1960	0	564.364949544271	1	27224.88	0.0
198	input_spectra/bkgrnd-marine-broth.mzML	1961	0	564.364949544271	1	27236.4	0.0
90	input_spectra/bkgrnd-marine-broth.mzML	1962	0	227.141393025716	1	27259.379999999997	0.0
198	input_spectra/bkgrnd-marine-broth.mzML	1963	0	564.364949544271	1	27321.84	0.0
198	input_spectra/bkgrnd-marine-broth.mzML	1964	0	564.364949544271	1	27333.36	0.0
61	input_spectra/bkgrnd-marine-broth.mzML	1965	0	169.077713012695	1	27379.379999999997	0.0
182	input_spectra/bkgrnd-marine-broth.mzML	1966	0	520.338562011719	1	27390.899999999998	0.0
205	input_spectra/bkgrnd-marine-broth.mzML	1967	0	608.391581217448	1	27413.94	0.0
205	input_spectra/bkgrnd-marine-broth.mzML	1968	0	608.391581217448	1	27425.46	0.0
205	input_spectra/bkgrnd-marine-broth.mzML	1969	0	608.391581217448	1	27464.82	0.0
205	input_spectra/bkgrnd-marine-broth.mzML	1970	0	608.391581217448	1	27476.34	0.0
104	input_spectra/bkgrnd-marine-broth.mzML	1971	0	261.126291910807	1	27487.859999999997	0.0
104	input_spectra/bkgrnd-marine-broth.mzML	1972	0	261.126291910807	1	27499.379999999997	0.0
198	input_spectra/bkgrnd-marine-broth.mzML	1973	0	564.364949544271	1	27533.94	0.0
198	input_spectra/bkgrnd-marine-broth.mzML	1974	0	564.364949544271	1	27545.46	0.0
149	input_spectra/bkgrnd-marine-broth.mzML	1975	0	419.233673095703	1	27556.98	0.0
149	input_spectra/bkgrnd-marine-broth.mzML	1976	0	419.233673095703	1	27568.5	0.0
205	input_spectra/bkgrnd-marine-broth.mzML	1977	0	608.391581217448	1	27607.859999999997	0.0
205	input_spectra/bkgrnd-marine-broth.mzML	1978	0	608.391581217448	1	27619.379999999997	0.0
3	input_spectra/bkgrnd-marine-broth.mzML	1979	0	117.074203491211	1	27653.94	0.0
3	input_spectra/bkgrnd-marine-broth.mzML	1980	0	117.074203491211	1	27665.399999999998	0.0
217	input_spectra/bkgrnd-marine-broth.mzML	1981	0	696.444763183594	1	27750.899999999998	0.0
217	input_spectra/bkgrnd-marine-broth.mzML	1982	0	696.444763183594	1	27762.42	0.0
213	input_spectra/bkgrnd-marine-broth.mzML	1983	0	652.41796875	1	27773.94	0.0
213	input_spectra/bkgrnd-marine-broth.mzML	1984	0	652.41796875	1	27785.46	0.0
3	input_spectra/bkgrnd-marine-broth.mzML	1985	0	117.074203491211	1	27796.98	0.0
3	input_spectra/bkgrnd-marine-broth.mzML	1986	0	117.074203491211	1	27808.44	0.0
218	input_spectra/bkgrnd-marine-broth.mzML	1987	0	740.471008300781	1	27893.88	0.0
218	input_spectra/bkgrnd-marine-broth.mzML	1988	0	740.471008300781	1	27905.399999999998	0.0
3	input_spectra/bkgrnd-marine-broth.mzML	1989	0	117.074203491211	1	27916.98	0.0
3	input_spectra/bkgrnd-marine-broth.mzML	1990	0	117.074203491211	1	27928.44	0.0
217	input_spectra/bkgrnd-marine-broth.mzML	1991	0	696.444763183594	1	27940.019999999997	0.0
97	input_spectra/bkgrnd-marine-broth.mzML	1992	0	243.13648223877	1	27963.059999999998	0.0
97	input_spectra/bkgrnd-marine-broth.mzML	1993	0	243.13648223877	1	28036.92	0.0
83	input_spectra/bkgrnd-marine-broth.mzML	1994	0	211.146428426107	1	28315.26	0.0
83	input_spectra/bkgrnd-marine-broth.mzML	1995	0	211.146428426107	1	28326.78	0.0
83	input_spectra/bkgrnd-marine-broth.mzML	1996	0	211.146428426107	1	28366.14	0.0
83	input_spectra/bkgrnd-marine-broth.mzML	1997	0	211.146428426107	1	28377.6	0.0
83	input_spectra/bkgrnd-marine-broth.mzML	1998	0	211.146428426107	1	28417.02	0.0
83	input_spectra/bkgrnd-marine-broth.mzML	1999	0	211.146428426107	1	28428.48	0.0
98	input_spectra/bkgrnd-marine-broth.mzML	2000	0	245.130767822266	1	28876.68	0.0
98	input_spectra/bkgrnd-marine-broth.mzML	2001	0	245.130767822266	1	28888.14	0.0
127	input_spectra/bkgrnd-marine-broth.mzML	2002	0	328.273207122204	1	32234.280000000002	0.0
125	input_spectra/bkgrnd-marine-broth.mzML	2003	0	328.273207122204	1	32245.739999999998	0.0
125	input_spectra/bkgrnd-marine-broth.mzML	2004	0	328.273207122204	1	32465.52	0.0
127	input_spectra/bkgrnd-marine-broth.mzML	2005	0	328.273207122204	1	32476.98	0.0
128	input_spectra/bkgrnd-marine-broth.mzML	2006	0	328.273207122204	1	32528.399999999998	0.0
128	input_spectra/bkgrnd-marine-broth.mzML	2007	0	328.273207122204	1	32539.92	0.0
110	input_spectra/bkgrnd-marine-broth.mzML	2008	0	274.277679443359	1	32602.26	0.0
110	input_spectra/bkgrnd-marine-broth.mzML	2009	0	274.277679443359	1	32613.72	0.0
110	input_spectra/bkgrnd-marine-broth.mzML	2010	0	274.277679443359	1	32653.079999999998	0.0
168	input_spectra/bkgrnd-marine-broth.mzML	2011	0	466.323577880859	1	32958.78	0.0
168	input_spectra/bkgrnd-marine-broth.mzML	2012	0	466.323577880859	1	33032.64	0.0
193	input_spectra/bkgrnd-marine-broth.mzML	2013	0	534.361673990885	1	33044.159999999996	0.0
193	input_spectra/bkgrnd-marine-broth.mzML	2014	0	534.361673990885	1	33055.68	0.0
193	input_spectra/bkgrnd-marine-broth.mzML	2015	0	534.361673990885	1	33164.1	0.0
193	input_spectra/bkgrnd-marine-broth.mzML	2016	0	534.361673990885	1	33175.62	0.0
193	input_spectra/bkgrnd-marine-broth.mzML	2017	0	534.361673990885	1	33261.18	0.0
193	input_spectra/bkgrnd-marine-broth.mzML	2018	0	534.361673990885	1	33272.7	0.0
126	input_spectra/bkgrnd-marine-broth.mzML	2019	0	328.273207122204	1	33611.64	0.0
129	input_spectra/bkgrnd-marine-broth.mzML	2020	0	328.273207122204	1	33623.159999999996	0.0
125	input_spectra/bkgrnd-marine-broth.mzML	2021	0	328.273207122204	1	33662.46000000001	0.0
129	input_spectra/bkgrnd-marine-broth.mzML	2022	0	328.273207122204	1	33673.979999999996	0.0
128	input_spectra/bkgrnd-marine-broth.mzML	2023	0	328.273207122204	1	33713.340000000004	0.0
129	input_spectra/bkgrnd-marine-broth.mzML	2024	0	328.273207122204	1	33724.86	0.0
92	input_spectra/bkgrnd-marine-broth.mzML	2025	0	230.25151570638	1	34557.840000000004	0.0
92	input_spectra/bkgrnd-marine-broth.mzML	2026	0	230.25151570638	1	34569.299999999996	0.0
92	input_spectra/bkgrnd-marine-broth.mzML	2027	0	230.25151570638	1	34608.72	0.0
92	input_spectra/bkgrnd-marine-broth.mzML	2028	0	230.25151570638	1	34620.18	0.0
92	input_spectra/bkgrnd-marine-broth.mzML	2029	0	230.25151570638	1	34659.54	0.0
92	input_spectra/bkgrnd-marine-broth.mzML	2030	0	230.25151570638	1	34671.06	0.0
128	input_spectra/bkgrnd-marine-broth.mzML	2031	0	328.273207122204	1	34746.479999999996	0.0
129	input_spectra/bkgrnd-marine-broth.mzML	2032	0	328.273207122204	1	34757.94	0.0
125	input_spectra/bkgrnd-marine-broth.mzML	2033	0	328.273207122204	1	34797.36	0.0
127	input_spectra/bkgrnd-marine-broth.mzML	2034	0	328.273207122204	1	34808.82	0.0
126	input_spectra/bkgrnd-marine-broth.mzML	2035	0	328.273207122204	1	34848.18	0.0
129	input_spectra/bkgrnd-marine-broth.mzML	2036	0	328.273207122204	1	34859.7	0.0
192	input_spectra/bkgrnd-marine-broth.mzML	2037	0	533.332600911458	1	35680.62	0.0
192	input_spectra/bkgrnd-marine-broth.mzML	2038	0	533.332600911458	1	35731.56	0.0
192	input_spectra/bkgrnd-marine-broth.mzML	2039	0	533.332600911458	1	35805.36	0.0
179	input_spectra/bkgrnd-marine-broth.mzML	2040	0	498.295522054036	1	35828.4	0.0
179	input_spectra/bkgrnd-marine-broth.mzML	2041	0	498.295522054036	1	35879.280000000006	0.0
126	input_spectra/bkgrnd-marine-broth.mzML	2042	0	328.273207122204	1	35930.16	0.0
127	input_spectra/bkgrnd-marine-broth.mzML	2043	0	328.273207122204	1	35941.68	0.0
127	input_spectra/bkgrnd-marine-broth.mzML	2044	0	328.273207122204	1	35980.979999999996	0.0
124	input_spectra/bkgrnd-marine-broth.mzML	2045	0	328.273207122204	1	35992.5	0.0
127	input_spectra/bkgrnd-marine-broth.mzML	2046	0	328.273207122204	1	36031.86	0.0
130	input_spectra/bkgrnd-marine-broth.mzML	2047	0	328.273207122204	1	36043.32	0.0
142	input_spectra/bkgrnd-marine-broth.mzML	2048	0	373.279357910156	1	36974.76	0.0
142	input_spectra/bkgrnd-marine-broth.mzML	2049	0	373.279357910156	1	37071.6	0.0
170	input_spectra/bkgrnd-marine-broth.mzML	2050	0	477.339263916016	1	37152.3	0.0
170	input_spectra/bkgrnd-marine-broth.mzML	2051	0	477.339263916016	1	37163.82	0.0
125	input_spectra/bkgrnd-marine-broth.mzML	2052	0	328.273207122204	1	37203.18	0.0
124	input_spectra/bkgrnd-marine-broth.mzML	2053	0	328.273207122204	1	37214.7	0.0
126	input_spectra/bkgrnd-marine-broth.mzML	2054	0	328.273207122204	1	37300.08	0.0
130	input_spectra/bkgrnd-marine-broth.mzML	2055	0	328.273207122204	1	37311.54	0.0
129	input_spectra/bkgrnd-marine-broth.mzML	2056	0	328.273207122204	1	37350.9	0.0
128	input_spectra/bkgrnd-marine-broth.mzML	2057	0	328.273207122204	1	37362.42	0.0
101	input_spectra/bkgrnd-marine-broth.mzML	2058	0	258.283406575521	1	38353.44	0.0
101	input_spectra/bkgrnd-marine-broth.mzML	2059	0	258.283406575521	1	38364.899999999994	0.0
126	input_spectra/bkgrnd-marine-broth.mzML	2060	0	328.273207122204	1	38404.26	0.0
129	input_spectra/bkgrnd-marine-broth.mzML	2061	0	328.273207122204	1	38415.78	0.0
101	input_spectra/bkgrnd-marine-broth.mzML	2062	0	258.283406575521	1	38450.28	0.0
101	input_spectra/bkgrnd-marine-broth.mzML	2063	0	258.283406575521	1	38461.799999999996	0.0
123	input_spectra/bkgrnd-marine-broth.mzML	2064	0	328.273207122204	1	38501.16	0.0
127	input_spectra/bkgrnd-marine-broth.mzML	2065	0	328.273207122204	1	38512.68	0.0
101	input_spectra/bkgrnd-marine-broth.mzML	2066	0	258.283406575521	1	38524.14	0.0
101	input_spectra/bkgrnd-marine-broth.mzML	2067	0	258.283406575521	1	38535.6	0.0
129	input_spectra/bkgrnd-marine-broth.mzML	2068	0	328.273207122204	1	38575.020000000004	0.0
128	input_spectra/bkgrnd-marine-broth.mzML	2069	0	328.273207122204	1	38586.479999999996	0.0
121	input_spectra/bkgrnd-marine-broth.mzML	2070	0	304.304504394531	1	38962.56	0.0
121	input_spectra/bkgrnd-marine-broth.mzML	2071	0	304.304504394531	1	38974.020000000004	0.0
121	input_spectra/bkgrnd-marine-broth.mzML	2072	0	304.304504394531	1	39013.38	0.0
121	input_spectra/bkgrnd-marine-broth.mzML	2073	0	304.304504394531	1	39024.84	0.0
121	input_spectra/bkgrnd-marine-broth.mzML	2074	0	304.304504394531	1	39064.200000000004	0.0
121	input_spectra/bkgrnd-marine-broth.mzML	2075	0	304.304504394531	1	39075.719999999994	0.0
125	input_spectra/bkgrnd-marine-broth.mzML	2076	0	328.273207122204	1	39608.1	0.0
127	input_spectra/bkgrnd-marine-broth.mzML	2077	0	328.273207122204	1	39619.56	0.0
123	input_spectra/bkgrnd-marine-broth.mzML	2078	0	328.273207122204	1	39658.92	0.0
129	input_spectra/bkgrnd-marine-broth.mzML	2079	0	328.273207122204	1	39670.44	0.0
128	input_spectra/bkgrnd-marine-broth.mzML	2080	0	328.273207122204	1	39709.8	0.0
129	input_spectra/bkgrnd-marine-broth.mzML	2081	0	328.273207122204	1	39721.32	0.0
128	input_spectra/bkgrnd-marine-broth.mzML	2082	0	328.273207122204	1	40746.659999999996	0.0
130	input_spectra/bkgrnd-marine-broth.mzML	2083	0	328.273207122204	1	40758.18	0.0
129	input_spectra/bkgrnd-marine-broth.mzML	2084	0	328.273207122204	1	40797.479999999996	0.0
129	input_spectra/bkgrnd-marine-broth.mzML	2085	0	328.273207122204	1	40809.0	0.0
125	input_spectra/bkgrnd-marine-broth.mzML	2086	0	328.273207122204	1	40848.36	0.0
124	input_spectra/bkgrnd-marine-broth.mzML	2087	0	328.273207122204	1	40859.82	0.0
126	input_spectra/bkgrnd-marine-broth.mzML	2088	0	328.273207122204	1	41885.28	0.0
130	input_spectra/bkgrnd-marine-broth.mzML	2089	0	328.273207122204	1	41896.74	0.0
128	input_spectra/bkgrnd-marine-broth.mzML	2090	0	328.273207122204	1	41936.1	0.0
130	input_spectra/bkgrnd-marine-broth.mzML	2091	0	328.273207122204	1	41947.619999999995	0.0
126	input_spectra/bkgrnd-marine-broth.mzML	2092	0	328.273207122204	1	41986.98	0.0
128	input_spectra/bkgrnd-marine-broth.mzML	2093	0	328.273207122204	1	41998.44	0.0
123	input_spectra/bkgrnd-marine-broth.mzML	2094	0	328.273207122204	1	43023.84	0.0
130	input_spectra/bkgrnd-marine-broth.mzML	2095	0	328.273207122204	1	43035.3	0.0
123	input_spectra/bkgrnd-marine-broth.mzML	2096	0	328.273207122204	1	43074.72	0.0
129	input_spectra/bkgrnd-marine-broth.mzML	2097	0	328.273207122204	1	43086.18	0.0
123	input_spectra/bkgrnd-marine-broth.mzML	2098	0	328.273207122204	1	43125.54	0.0
130	input_spectra/bkgrnd-marine-broth.mzML	2099	0	328.273207122204	1	43137.06	0.0
133	input_spectra/bkgrnd-marine-broth.mzML	2100	0	332.336435953776	1	43176.42	0.0
133	input_spectra/bkgrnd-marine-broth.mzML	2101	0	332.336435953776	1	43187.94	0.0
133	input_spectra/bkgrnd-marine-broth.mzML	2102	0	332.336435953776	1	43227.3	0.0
133	input_spectra/bkgrnd-marine-broth.mzML	2103	0	332.336435953776	1	43238.759999999995	0.0
133	input_spectra/bkgrnd-marine-broth.mzML	2104	0	332.336435953776	1	43278.12	0.0
133	input_spectra/bkgrnd-marine-broth.mzML	2105	0	332.336435953776	1	43289.64	0.0
171	input_spectra/bkgrnd-marine-broth.mzML	2106	0	483.256673177083	1	43635.18	0.0
171	input_spectra/bkgrnd-marine-broth.mzML	2107	0	483.256673177083	1	43646.700000000004	0.0
171	input_spectra/bkgrnd-marine-broth.mzML	2108	0	483.256673177083	1	43686.06	0.0
171	input_spectra/bkgrnd-marine-broth.mzML	2109	0	483.256673177083	1	43697.520000000004	0.0
171	input_spectra/bkgrnd-marine-broth.mzML	2110	0	483.256673177083	1	43759.92	0.0
171	input_spectra/bkgrnd-marine-broth.mzML	2111	0	483.256673177083	1	43771.44	0.0
159	input_spectra/bkgrnd-marine-broth.mzML	2112	0	440.416982014974	1	43955.100000000006	0.0
160	input_spectra/bkgrnd-marine-broth.mzML	2113	0	440.416982014974	1	43966.62	0.0
159	input_spectra/bkgrnd-marine-broth.mzML	2114	0	440.416982014974	1	44005.92	0.0
160	input_spectra/bkgrnd-marine-broth.mzML	2115	0	440.416982014974	1	44017.44	0.0
159	input_spectra/bkgrnd-marine-broth.mzML	2116	0	440.416982014974	1	44056.799999999996	0.0
160	input_spectra/bkgrnd-marine-broth.mzML	2117	0	440.416982014974	1	44068.32	0.0
163	input_spectra/bkgrnd-marine-broth.mzML	2118	0	444.304077148438	1	44143.740000000005	0.0
163	input_spectra/bkgrnd-marine-broth.mzML	2119	0	444.304077148438	1	44155.26	0.0
123	input_spectra/bkgrnd-marine-broth.mzML	2120	0	328.273207122204	1	44194.62	0.0
130	input_spectra/bkgrnd-marine-broth.mzML	2121	0	328.273207122204	1	44206.14	0.0
163	input_spectra/bkgrnd-marine-broth.mzML	2122	0	444.304077148438	1	44217.66	0.0
163	input_spectra/bkgrnd-marine-broth.mzML	2123	0	444.304077148438	1	44229.18	0.0
123	input_spectra/bkgrnd-marine-broth.mzML	2124	0	328.273207122204	1	44268.479999999996	0.0
130	input_spectra/bkgrnd-marine-broth.mzML	2125	0	328.273207122204	1	44280.0	0.0
123	input_spectra/bkgrnd-marine-broth.mzML	2126	0	328.273207122204	1	44319.36	0.0
124	input_spectra/bkgrnd-marine-broth.mzML	2127	0	328.273207122204	1	44330.82	0.0
123	input_spectra/bkgrnd-marine-broth.mzML	2128	0	328.273207122204	1	45368.219999999994	0.0
127	input_spectra/bkgrnd-marine-broth.mzML	2129	0	328.273207122204	1	45379.74	0.0
123	input_spectra/bkgrnd-marine-broth.mzML	2130	0	328.273207122204	1	45419.1	0.0
128	input_spectra/bkgrnd-marine-broth.mzML	2131	0	328.273207122204	1	45430.62	0.0
123	input_spectra/bkgrnd-marine-broth.mzML	2132	0	328.273207122204	1	45469.979999999996	0.0
129	input_spectra/bkgrnd-marine-broth.mzML	2133	0	328.273207122204	1	45481.5	0.0
114	input_spectra/bkgrnd-marine-broth.mzML	2134	0	286.223715888129	1	45713.219999999994	0.0
115	input_spectra/bkgrnd-marine-broth.mzML	2135	0	286.223715888129	1	45724.74	0.0
115	input_spectra/bkgrnd-marine-broth.mzML	2136	0	286.223715888129	1	46076.700000000004	0.0
115	input_spectra/bkgrnd-marine-broth.mzML	2137	0	286.223715888129	1	46088.219999999994	0.0
117	input_spectra/bkgrnd-marine-broth.mzML	2138	0	286.223715888129	1	46380.06	0.0
117	input_spectra/bkgrnd-marine-broth.mzML	2139	0	286.223715888129	1	46391.58	0.0
123	input_spectra/bkgrnd-marine-broth.mzML	2140	0	328.273207122204	1	46503.060000000005	0.0
130	input_spectra/bkgrnd-marine-broth.mzML	2141	0	328.273207122204	1	46514.58	0.0
123	input_spectra/bkgrnd-marine-broth.mzML	2142	0	328.273207122204	1	46553.94	0.0
129	input_spectra/bkgrnd-marine-broth.mzML	2143	0	328.273207122204	1	46565.4	0.0
123	input_spectra/bkgrnd-marine-broth.mzML	2144	0	328.273207122204	1	46604.82	0.0
130	input_spectra/bkgrnd-marine-broth.mzML	2145	0	328.273207122204	1	46616.28	0.0
216	input_spectra/bkgrnd-marine-broth.mzML	2146	0	660.498321533203	1	46920.18	0.0
216	input_spectra/bkgrnd-marine-broth.mzML	2147	0	660.498321533203	1	46931.700000000004	0.0
216	input_spectra/bkgrnd-marine-broth.mzML	2148	0	660.498321533203	1	46971.119999999995	0.0
216	input_spectra/bkgrnd-marine-broth.mzML	2149	0	660.498321533203	1	46982.64	0.0
210	input_spectra/bkgrnd-marine-broth.mzML	2150	0	616.471638997396	1	47094.12	0.0
210	input_spectra/bkgrnd-marine-broth.mzML	2151	0	616.471638997396	1	47105.64	0.0
210	input_spectra/bkgrnd-marine-broth.mzML	2152	0	616.471638997396	1	47145.0	0.0
210	input_spectra/bkgrnd-marine-broth.mzML	2153	0	616.471638997396	1	47156.520000000004	0.0
210	input_spectra/bkgrnd-marine-broth.mzML	2154	0	616.471638997396	1	47195.88	0.0
200	input_spectra/bkgrnd-marine-broth.mzML	2155	0	572.445821126302	1	47391.06	0.0
200	input_spectra/bkgrnd-marine-broth.mzML	2156	0	572.445821126302	1	47402.58	0.0
200	input_spectra/bkgrnd-marine-broth.mzML	2157	0	572.445821126302	1	47441.939999999995	0.0
200	input_spectra/bkgrnd-marine-broth.mzML	2158	0	572.445821126302	1	47453.46	0.0
200	input_spectra/bkgrnd-marine-broth.mzML	2159	0	572.445821126302	1	47492.82	0.0
200	input_spectra/bkgrnd-marine-broth.mzML	2160	0	572.445821126302	1	47504.340000000004	0.0
114	input_spectra/bkgrnd-marine-broth.mzML	2161	0	286.223715888129	1	47543.7	0.0
117	input_spectra/bkgrnd-marine-broth.mzML	2162	0	286.223715888129	1	47555.22	0.0
115	input_spectra/bkgrnd-marine-broth.mzML	2163	0	286.223715888129	1	47594.58	0.0
117	input_spectra/bkgrnd-marine-broth.mzML	2164	0	286.223715888129	1	47606.1	0.0
123	input_spectra/bkgrnd-marine-broth.mzML	2165	0	328.273207122204	1	47645.46	0.0
130	input_spectra/bkgrnd-marine-broth.mzML	2166	0	328.273207122204	1	47656.920000000006	0.0
114	input_spectra/bkgrnd-marine-broth.mzML	2167	0	286.223715888129	1	47668.44	0.0
115	input_spectra/bkgrnd-marine-broth.mzML	2168	0	286.223715888129	1	47679.899999999994	0.0
123	input_spectra/bkgrnd-marine-broth.mzML	2169	0	328.273207122204	1	47719.26	0.0
124	input_spectra/bkgrnd-marine-broth.mzML	2170	0	328.273207122204	1	47730.719999999994	0.0
188	input_spectra/bkgrnd-marine-broth.mzML	2171	0	528.418233235677	1	47742.24	0.0
188	input_spectra/bkgrnd-marine-broth.mzML	2172	0	528.418233235677	1	47753.759999999995	0.0
123	input_spectra/bkgrnd-marine-broth.mzML	2173	0	328.273207122204	1	47793.12	0.0
130	input_spectra/bkgrnd-marine-broth.mzML	2174	0	328.273207122204	1	47804.64	0.0
188	input_spectra/bkgrnd-marine-broth.mzML	2175	0	528.418233235677	1	47816.16	0.0
188	input_spectra/bkgrnd-marine-broth.mzML	2176	0	528.418233235677	1	47827.68	0.0
188	input_spectra/bkgrnd-marine-broth.mzML	2177	0	528.418233235677	1	47867.04	0.0
188	input_spectra/bkgrnd-marine-broth.mzML	2178	0	528.418233235677	1	47878.56	0.0
173	input_spectra/bkgrnd-marine-broth.mzML	2179	0	484.391591389974	1	48070.560000000005	0.0
173	input_spectra/bkgrnd-marine-broth.mzML	2180	0	484.391591389974	1	48082.08	0.0
173	input_spectra/bkgrnd-marine-broth.mzML	2181	0	484.391591389974	1	48121.44	0.0
173	input_spectra/bkgrnd-marine-broth.mzML	2182	0	484.391591389974	1	48132.9	0.0
173	input_spectra/bkgrnd-marine-broth.mzML	2183	0	484.391591389974	1	48172.32	0.0
173	input_spectra/bkgrnd-marine-broth.mzML	2184	0	484.391591389974	1	48183.78	0.0
194	input_spectra/bkgrnd-marine-broth.mzML	2185	0	535.402770996094	1	48375.78	0.0
194	input_spectra/bkgrnd-marine-broth.mzML	2186	0	535.402770996094	1	48387.3	0.0
194	input_spectra/bkgrnd-marine-broth.mzML	2187	0	535.402770996094	1	48426.659999999996	0.0
194	input_spectra/bkgrnd-marine-broth.mzML	2188	0	535.402770996094	1	48438.18	0.0
158	input_spectra/bkgrnd-marine-broth.mzML	2189	0	440.364939371745	1	48477.53999999999	0.0
158	input_spectra/bkgrnd-marine-broth.mzML	2190	0	440.364939371745	1	48528.42	0.0
158	input_spectra/bkgrnd-marine-broth.mzML	2191	0	440.364939371745	1	48539.94	0.0
158	input_spectra/bkgrnd-marine-broth.mzML	2192	0	440.364939371745	1	48602.28	0.0
158	input_spectra/bkgrnd-marine-broth.mzML	2193	0	440.364939371745	1	48613.8	0.0
175	input_spectra/bkgrnd-marine-broth.mzML	2194	0	491.376139322917	1	48648.36	0.0
175	input_spectra/bkgrnd-marine-broth.mzML	2195	0	491.376139322917	1	48659.82	0.0
175	input_spectra/bkgrnd-marine-broth.mzML	2196	0	491.376139322917	1	48722.28	0.0
175	input_spectra/bkgrnd-marine-broth.mzML	2197	0	491.376139322917	1	48733.740000000005	0.0
150	input_spectra/bkgrnd-marine-broth.mzML	2198	0	423.338185628255	1	48745.26	0.0
151	input_spectra/bkgrnd-marine-broth.mzML	2199	0	423.338185628255	1	48756.780000000006	0.0
114	input_spectra/bkgrnd-marine-broth.mzML	2200	0	286.223715888129	1	48768.24	0.0
114	input_spectra/bkgrnd-marine-broth.mzML	2201	0	286.223715888129	1	48779.76	0.0
123	input_spectra/bkgrnd-marine-broth.mzML	2202	0	328.273207122204	1	48819.12	0.0
130	input_spectra/bkgrnd-marine-broth.mzML	2203	0	328.273207122204	1	48830.64	0.0
175	input_spectra/bkgrnd-marine-broth.mzML	2204	0	491.376139322917	1	48842.159999999996	0.0
175	input_spectra/bkgrnd-marine-broth.mzML	2205	0	491.376139322917	1	48853.68	0.0
150	input_spectra/bkgrnd-marine-broth.mzML	2206	0	423.338185628255	1	48865.14	0.0
151	input_spectra/bkgrnd-marine-broth.mzML	2207	0	423.338185628255	1	48876.659999999996	0.0
116	input_spectra/bkgrnd-marine-broth.mzML	2208	0	286.223715888129	1	48888.18	0.0
116	input_spectra/bkgrnd-marine-broth.mzML	2209	0	286.223715888129	1	48899.64	0.0
123	input_spectra/bkgrnd-marine-broth.mzML	2210	0	328.273207122204	1	48939.0	0.0
130	input_spectra/bkgrnd-marine-broth.mzML	2211	0	328.273207122204	1	48950.52	0.0
147	input_spectra/bkgrnd-marine-broth.mzML	2212	0	396.338185628255	1	48985.020000000004	0.0
147	input_spectra/bkgrnd-marine-broth.mzML	2213	0	396.338185628255	1	48996.54	0.0
151	input_spectra/bkgrnd-marine-broth.mzML	2214	0	423.338185628255	1	49019.52	0.0
114	input_spectra/bkgrnd-marine-broth.mzML	2215	0	286.223715888129	1	49031.04	0.0
117	input_spectra/bkgrnd-marine-broth.mzML	2216	0	286.223715888129	1	49042.5	0.0
123	input_spectra/bkgrnd-marine-broth.mzML	2217	0	328.273207122204	1	49081.920000000006	0.0
124	input_spectra/bkgrnd-marine-broth.mzML	2218	0	328.273207122204	1	49093.38	0.0
147	input_spectra/bkgrnd-marine-broth.mzML	2219	0	396.338185628255	1	49127.88	0.0
147	input_spectra/bkgrnd-marine-broth.mzML	2220	0	396.338185628255	1	49139.4	0.0
164	input_spectra/bkgrnd-marine-broth.mzML	2221	0	447.349294026693	1	49162.380000000005	0.0
143	input_spectra/bkgrnd-marine-broth.mzML	2222	0	379.310892740885	1	49173.9	0.0
143	input_spectra/bkgrnd-marine-broth.mzML	2223	0	379.310892740885	1	49185.42	0.0
147	input_spectra/bkgrnd-marine-broth.mzML	2224	0	396.338185628255	1	49247.76	0.0
147	input_spectra/bkgrnd-marine-broth.mzML	2225	0	396.338185628255	1	49259.280000000006	0.0
164	input_spectra/bkgrnd-marine-broth.mzML	2226	0	447.349294026693	1	49270.799999999996	0.0
143	input_spectra/bkgrnd-marine-broth.mzML	2227	0	379.310892740885	1	49293.78	0.0
143	input_spectra/bkgrnd-marine-broth.mzML	2228	0	379.310892740885	1	49305.3	0.0
164	input_spectra/bkgrnd-marine-broth.mzML	2229	0	447.349294026693	1	49344.659999999996	0.0
143	input_spectra/bkgrnd-marine-broth.mzML	2230	0	379.310892740885	1	49367.7	0.0
143	input_spectra/bkgrnd-marine-broth.mzML	2231	0	379.310892740885	1	49379.159999999996	0.0
138	input_spectra/bkgrnd-marine-broth.mzML	2232	0	352.311096191406	1	49516.44	0.0
138	input_spectra/bkgrnd-marine-broth.mzML	2233	0	352.311096191406	1	49527.96	0.0
148	input_spectra/bkgrnd-marine-broth.mzML	2234	0	403.322245279948	1	49539.420000000006	0.0
134	input_spectra/bkgrnd-marine-broth.mzML	2235	0	335.284332275391	1	49562.46000000001	0.0
134	input_spectra/bkgrnd-marine-broth.mzML	2236	0	335.284332275391	1	49573.92	0.0
138	input_spectra/bkgrnd-marine-broth.mzML	2237	0	352.311096191406	1	49636.259999999995	0.0
138	input_spectra/bkgrnd-marine-broth.mzML	2238	0	352.311096191406	1	49647.78	0.0
134	input_spectra/bkgrnd-marine-broth.mzML	2239	0	335.284332275391	1	49682.28	0.0
134	input_spectra/bkgrnd-marine-broth.mzML	2240	0	335.284332275391	1	49693.8	0.0
138	input_spectra/bkgrnd-marine-broth.mzML	2241	0	352.311096191406	1	49733.159999999996	0.0
138	input_spectra/bkgrnd-marine-broth.mzML	2242	0	352.311096191406	1	49744.68	0.0
134	input_spectra/bkgrnd-marine-broth.mzML	2243	0	335.284332275391	1	49779.18	0.0
134	input_spectra/bkgrnd-marine-broth.mzML	2244	0	335.284332275391	1	49790.64	0.0
115	input_spectra/bkgrnd-marine-broth.mzML	2245	0	286.223715888129	1	49926.240000000005	0.0
117	input_spectra/bkgrnd-marine-broth.mzML	2246	0	286.223715888129	1	49937.76	0.0
117	input_spectra/bkgrnd-marine-broth.mzML	2247	0	286.223715888129	1	49977.12	0.0
115	input_spectra/bkgrnd-marine-broth.mzML	2248	0	286.223715888129	1	49988.58	0.0
117	input_spectra/bkgrnd-marine-broth.mzML	2249	0	286.223715888129	1	50028.0	0.0
117	input_spectra/bkgrnd-marine-broth.mzML	2250	0	286.223715888129	1	50039.52	0.0
123	input_spectra/bkgrnd-marine-broth.mzML	2251	0	328.273207122204	1	50078.880000000005	0.0
130	input_spectra/bkgrnd-marine-broth.mzML	2252	0	328.273207122204	1	50090.340000000004	0.0
118	input_spectra/bkgrnd-marine-broth.mzML	2253	0	291.257059733073	1	50124.78	0.0
118	input_spectra/bkgrnd-marine-broth.mzML	2254	0	291.257059733073	1	50136.3	0.0
122	input_spectra/bkgrnd-marine-broth.mzML	2255	0	308.283996582031	1	50147.82	0.0
122	input_spectra/bkgrnd-marine-broth.mzML	2256	0	308.283996582031	1	50159.280000000006	0.0
123	input_spectra/bkgrnd-marine-broth.mzML	2257	0	328.273207122204	1	50198.64	0.0
124	input_spectra/bkgrnd-marine-broth.mzML	2258	0	328.273207122204	1	50210.16	0.0
118	input_spectra/bkgrnd-marine-broth.mzML	2259	0	291.257059733073	1	50244.6	0.0
122	input_spectra/bkgrnd-marine-broth.mzML	2260	0	308.283996582031	1	50267.58	0.0
122	input_spectra/bkgrnd-marine-broth.mzML	2261	0	308.283996582031	1	50279.1	0.0
123	input_spectra/bkgrnd-marine-broth.mzML	2262	0	328.273207122204	1	50318.46	0.0
124	input_spectra/bkgrnd-marine-broth.mzML	2263	0	328.273207122204	1	50329.979999999996	0.0
122	input_spectra/bkgrnd-marine-broth.mzML	2264	0	308.283996582031	1	50398.92	0.0
116	input_spectra/bkgrnd-marine-broth.mzML	2265	0	286.223715888129	1	51063.54	0.0
116	input_spectra/bkgrnd-marine-broth.mzML	2266	0	286.223715888129	1	51075.06	0.0
115	input_spectra/bkgrnd-marine-broth.mzML	2267	0	286.223715888129	1	51114.420000000006	0.0
115	input_spectra/bkgrnd-marine-broth.mzML	2268	0	286.223715888129	1	51125.88	0.0
115	input_spectra/bkgrnd-marine-broth.mzML	2269	0	286.223715888129	1	51165.3	0.0
116	input_spectra/bkgrnd-marine-broth.mzML	2270	0	286.223715888129	1	51176.76	0.0
123	input_spectra/bkgrnd-marine-broth.mzML	2271	0	328.273207122204	1	51312.3	0.0
124	input_spectra/bkgrnd-marine-broth.mzML	2272	0	328.273207122204	1	51323.82	0.0
123	input_spectra/bkgrnd-marine-broth.mzML	2273	0	328.273207122204	1	51363.12	0.0
130	input_spectra/bkgrnd-marine-broth.mzML	2274	0	328.273207122204	1	51374.64	0.0
123	input_spectra/bkgrnd-marine-broth.mzML	2275	0	328.273207122204	1	51414.0	0.0
130	input_spectra/bkgrnd-marine-broth.mzML	2276	0	328.273207122204	1	51425.46	0.0
215	input_spectra/bkgrnd-marine-broth.mzML	2277	0	658.48252360026	1	51549.0	0.0
215	input_spectra/bkgrnd-marine-broth.mzML	2278	0	658.48252360026	1	51560.52	0.0
215	input_spectra/bkgrnd-marine-broth.mzML	2279	0	658.48252360026	1	51599.880000000005	0.0
215	input_spectra/bkgrnd-marine-broth.mzML	2280	0	658.48252360026	1	51611.4	0.0
215	input_spectra/bkgrnd-marine-broth.mzML	2281	0	658.48252360026	1	51650.76	0.0
215	input_spectra/bkgrnd-marine-broth.mzML	2282	0	658.48252360026	1	51662.28	0.0
209	input_spectra/bkgrnd-marine-broth.mzML	2283	0	614.45615641276	1	51906.119999999995	0.0
209	input_spectra/bkgrnd-marine-broth.mzML	2284	0	614.45615641276	1	51917.64	0.0
209	input_spectra/bkgrnd-marine-broth.mzML	2285	0	614.45615641276	1	51957.0	0.0
209	input_spectra/bkgrnd-marine-broth.mzML	2286	0	614.45615641276	1	51968.520000000004	0.0
209	input_spectra/bkgrnd-marine-broth.mzML	2287	0	614.45615641276	1	52007.88	0.0
209	input_spectra/bkgrnd-marine-broth.mzML	2288	0	614.45615641276	1	52019.4	0.0
114	input_spectra/bkgrnd-marine-broth.mzML	2289	0	286.223715888129	1	52203.0	0.0
116	input_spectra/bkgrnd-marine-broth.mzML	2290	0	286.223715888129	1	52214.52	0.0
114	input_spectra/bkgrnd-marine-broth.mzML	2291	0	286.223715888129	1	52253.880000000005	0.0
116	input_spectra/bkgrnd-marine-broth.mzML	2292	0	286.223715888129	1	52265.340000000004	0.0
117	input_spectra/bkgrnd-marine-broth.mzML	2293	0	286.223715888129	1	52304.880000000005	0.0
117	input_spectra/bkgrnd-marine-broth.mzML	2294	0	286.223715888129	1	52316.4	0.0
199	input_spectra/bkgrnd-marine-broth.mzML	2295	0	570.428792317708	1	52327.92	0.0
199	input_spectra/bkgrnd-marine-broth.mzML	2296	0	570.428792317708	1	52339.439999999995	0.0
199	input_spectra/bkgrnd-marine-broth.mzML	2297	0	570.428792317708	1	52378.740000000005	0.0
199	input_spectra/bkgrnd-marine-broth.mzML	2298	0	570.428792317708	1	52390.26	0.0
199	input_spectra/bkgrnd-marine-broth.mzML	2299	0	570.428792317708	1	52429.62	0.0
199	input_spectra/bkgrnd-marine-broth.mzML	2300	0	570.428792317708	1	52441.14	0.0
123	input_spectra/bkgrnd-marine-broth.mzML	2301	0	328.273207122204	1	52480.5	0.0
124	input_spectra/bkgrnd-marine-broth.mzML	2302	0	328.273207122204	1	52492.02	0.0
123	input_spectra/bkgrnd-marine-broth.mzML	2303	0	328.273207122204	1	52531.380000000005	0.0
130	input_spectra/bkgrnd-marine-broth.mzML	2304	0	328.273207122204	1	52542.840000000004	0.0
123	input_spectra/bkgrnd-marine-broth.mzML	2305	0	328.273207122204	1	52582.26	0.0
130	input_spectra/bkgrnd-marine-broth.mzML	2306	0	328.273207122204	1	52593.72	0.0
184	input_spectra/bkgrnd-marine-broth.mzML	2307	0	526.40185546875	1	52789.38	0.0
184	input_spectra/bkgrnd-marine-broth.mzML	2308	0	526.40185546875	1	52800.9	0.0
184	input_spectra/bkgrnd-marine-broth.mzML	2309	0	526.40185546875	1	52840.26	0.0
184	input_spectra/bkgrnd-marine-broth.mzML	2310	0	526.40185546875	1	52851.780000000006	0.0
184	input_spectra/bkgrnd-marine-broth.mzML	2311	0	526.40185546875	1	52891.14	0.0
184	input_spectra/bkgrnd-marine-broth.mzML	2312	0	526.40185546875	1	52902.66	0.0
115	input_spectra/bkgrnd-marine-broth.mzML	2313	0	286.223715888129	1	53343.36	0.0
117	input_spectra/bkgrnd-marine-broth.mzML	2314	0	286.223715888129	1	53354.880000000005	0.0
117	input_spectra/bkgrnd-marine-broth.mzML	2315	0	286.223715888129	1	53394.24	0.0
117	input_spectra/bkgrnd-marine-broth.mzML	2316	0	286.223715888129	1	53405.700000000004	0.0
117	input_spectra/bkgrnd-marine-broth.mzML	2317	0	286.223715888129	1	53468.1	0.0
116	input_spectra/bkgrnd-marine-broth.mzML	2318	0	286.223715888129	1	53479.56	0.0
123	input_spectra/bkgrnd-marine-broth.mzML	2319	0	328.273207122204	1	53650.14	0.0
124	input_spectra/bkgrnd-marine-broth.mzML	2320	0	328.273207122204	1	53661.659999999996	0.0
123	input_spectra/bkgrnd-marine-broth.mzML	2321	0	328.273207122204	1	53701.020000000004	0.0
130	input_spectra/bkgrnd-marine-broth.mzML	2322	0	328.273207122204	1	53712.479999999996	0.0
123	input_spectra/bkgrnd-marine-broth.mzML	2323	0	328.273207122204	1	53751.840000000004	0.0
130	input_spectra/bkgrnd-marine-broth.mzML	2324	0	328.273207122204	1	53763.36	0.0
117	input_spectra/bkgrnd-marine-broth.mzML	2325	0	286.223715888129	1	54484.439999999995	0.0
116	input_spectra/bkgrnd-marine-broth.mzML	2326	0	286.223715888129	1	54495.9	0.0
114	input_spectra/bkgrnd-marine-broth.mzML	2327	0	286.223715888129	1	54535.26	0.0
116	input_spectra/bkgrnd-marine-broth.mzML	2328	0	286.223715888129	1	54546.780000000006	0.0
114	input_spectra/bkgrnd-marine-broth.mzML	2329	0	286.223715888129	1	54586.14	0.0
117	input_spectra/bkgrnd-marine-broth.mzML	2330	0	286.223715888129	1	54597.600000000006	0.0
123	input_spectra/bkgrnd-marine-broth.mzML	2331	0	328.273207122204	1	54817.380000000005	0.0
130	input_spectra/bkgrnd-marine-broth.mzML	2332	0	328.273207122204	1	54828.84	0.0
123	input_spectra/bkgrnd-marine-broth.mzML	2333	0	328.273207122204	1	54868.200000000004	0.0
124	input_spectra/bkgrnd-marine-broth.mzML	2334	0	328.273207122204	1	54879.72	0.0
123	input_spectra/bkgrnd-marine-broth.mzML	2335	0	328.273207122204	1	54919.08	0.0
124	input_spectra/bkgrnd-marine-broth.mzML	2336	0	328.273207122204	1	54930.54	0.0
137	input_spectra/bkgrnd-marine-broth.mzML	2337	0	346.281604003906	1	55294.56	0.0
137	input_spectra/bkgrnd-marine-broth.mzML	2338	0	346.281604003906	1	55306.08	0.0
136	input_spectra/bkgrnd-marine-broth.mzML	2339	0	346.281604003906	1	55477.74	0.0
137	input_spectra/bkgrnd-marine-broth.mzML	2340	0	346.281604003906	1	55489.200000000004	0.0
117	input_spectra/bkgrnd-marine-broth.mzML	2341	0	286.223715888129	1	55624.74	0.0
116	input_spectra/bkgrnd-marine-broth.mzML	2342	0	286.223715888129	1	55636.259999999995	0.0
114	input_spectra/bkgrnd-marine-broth.mzML	2343	0	286.223715888129	1	55675.62	0.0
117	input_spectra/bkgrnd-marine-broth.mzML	2344	0	286.223715888129	1	55687.08	0.0
114	input_spectra/bkgrnd-marine-broth.mzML	2345	0	286.223715888129	1	55726.44	0.0
115	input_spectra/bkgrnd-marine-broth.mzML	2346	0	286.223715888129	1	55737.96	0.0
123	input_spectra/bkgrnd-marine-broth.mzML	2347	0	328.273207122204	1	55957.74	0.0
124	input_spectra/bkgrnd-marine-broth.mzML	2348	0	328.273207122204	1	55969.200000000004	0.0
123	input_spectra/bkgrnd-marine-broth.mzML	2349	0	328.273207122204	1	56008.619999999995	0.0
130	input_spectra/bkgrnd-marine-broth.mzML	2350	0	328.273207122204	1	56020.08	0.0
123	input_spectra/bkgrnd-marine-broth.mzML	2351	0	328.273207122204	1	56059.5	0.0
124	input_spectra/bkgrnd-marine-broth.mzML	2352	0	328.273207122204	1	56070.96	0.0
136	input_spectra/bkgrnd-marine-broth.mzML	2353	0	346.281604003906	1	56374.86	0.0
137	input_spectra/bkgrnd-marine-broth.mzML	2354	0	346.281604003906	1	56386.380000000005	0.0
114	input_spectra/bkgrnd-marine-broth.mzML	2355	0	286.223715888129	1	56762.399999999994	0.0
117	input_spectra/bkgrnd-marine-broth.mzML	2356	0	286.223715888129	1	56773.92	0.0
115	input_spectra/bkgrnd-marine-broth.mzML	2357	0	286.223715888129	1	56813.28	0.0
116	input_spectra/bkgrnd-marine-broth.mzML	2358	0	286.223715888129	1	56824.8	0.0
114	input_spectra/bkgrnd-marine-broth.mzML	2359	0	286.223715888129	1	56864.159999999996	0.0
116	input_spectra/bkgrnd-marine-broth.mzML	2360	0	286.223715888129	1	56875.68	0.0
123	input_spectra/bkgrnd-marine-broth.mzML	2361	0	328.273207122204	1	57095.4	0.0
130	input_spectra/bkgrnd-marine-broth.mzML	2362	0	328.273207122204	1	57106.86	0.0
123	input_spectra/bkgrnd-marine-broth.mzML	2363	0	328.273207122204	1	57146.22	0.0
124	input_spectra/bkgrnd-marine-broth.mzML	2364	0	328.273207122204	1	57157.68	0.0
123	input_spectra/bkgrnd-marine-broth.mzML	2365	0	328.273207122204	1	57197.1	0.0
130	input_spectra/bkgrnd-marine-broth.mzML	2366	0	328.273207122204	1	57208.56	0.0
136	input_spectra/bkgrnd-marine-broth.mzML	2367	0	346.281604003906	1	57897.3	0.0
137	input_spectra/bkgrnd-marine-broth.mzML	2368	0	346.281604003906	1	57908.759999999995	0.0
117	input_spectra/bkgrnd-marine-broth.mzML	2369	0	286.223715888129	1	57948.12	0.0
116	input_spectra/bkgrnd-marine-broth.mzML	2370	0	286.223715888129	1	57959.64	0.0
117	input_spectra/bkgrnd-marine-broth.mzML	2371	0	286.223715888129	1	57999.0	0.0
117	input_spectra/bkgrnd-marine-broth.mzML	2372	0	286.223715888129	1	58010.46	0.0
114	input_spectra/bkgrnd-marine-broth.mzML	2373	0	286.223715888129	1	58049.82	0.0
116	input_spectra/bkgrnd-marine-broth.mzML	2374	0	286.223715888129	1	58061.34	0.0
136	input_spectra/bkgrnd-marine-broth.mzML	2375	0	346.281604003906	1	58148.759999999995	0.0
136	input_spectra/bkgrnd-marine-broth.mzML	2376	0	346.281604003906	1	58160.28	0.0
123	input_spectra/bkgrnd-marine-broth.mzML	2377	0	328.273207122204	1	58235.700000000004	0.0
130	input_spectra/bkgrnd-marine-broth.mzML	2378	0	328.273207122204	1	58247.22	0.0
123	input_spectra/bkgrnd-marine-broth.mzML	2379	0	328.273207122204	1	58286.520000000004	0.0
130	input_spectra/bkgrnd-marine-broth.mzML	2380	0	328.273207122204	1	58298.04	0.0
123	input_spectra/bkgrnd-marine-broth.mzML	2381	0	328.273207122204	1	58337.399999999994	0.0
130	input_spectra/bkgrnd-marine-broth.mzML	2382	0	328.273207122204	1	58348.86	0.0
136	input_spectra/bkgrnd-marine-broth.mzML	2383	0	346.281604003906	1	58360.38	0.0
137	input_spectra/bkgrnd-marine-broth.mzML	2384	0	346.281604003906	1	58371.9	0.0
114	input_spectra/bkgrnd-marine-broth.mzML	2385	0	286.223715888129	1	59108.7	0.0
116	input_spectra/bkgrnd-marine-broth.mzML	2386	0	286.223715888129	1	59120.16	0.0
114	input_spectra/bkgrnd-marine-broth.mzML	2387	0	286.223715888129	1	59159.52	0.0
115	input_spectra/bkgrnd-marine-broth.mzML	2388	0	286.223715888129	1	59171.04	0.0
114	input_spectra/bkgrnd-marine-broth.mzML	2389	0	286.223715888129	1	59210.4	0.0
117	input_spectra/bkgrnd-marine-broth.mzML	2390	0	286.223715888129	1	59221.920000000006	0.0
123	input_spectra/bkgrnd-marine-broth.mzML	2391	0	328.273207122204	1	59381.520000000004	0.0
130	input_spectra/bkgrnd-marine-broth.mzML	2392	0	328.273207122204	1	59393.04	0.0
136	input_spectra/bkgrnd-marine-broth.mzML	2393	0	346.281604003906	1	59404.5	0.0
137	input_spectra/bkgrnd-marine-broth.mzML	2394	0	346.281604003906	1	59416.020000000004	0.0
123	input_spectra/bkgrnd-marine-broth.mzML	2395	0	328.273207122204	1	59455.38	0.0
130	input_spectra/bkgrnd-marine-broth.mzML	2396	0	328.273207122204	1	59466.840000000004	0.0
123	input_spectra/bkgrnd-marine-broth.mzML	2397	0	328.273207122204	1	59506.259999999995	0.0
130	input_spectra/bkgrnd-marine-broth.mzML	2398	0	328.273207122204	1	59517.72	0.0
136	input_spectra/bkgrnd-marine-broth.mzML	2399	0	346.281604003906	1	59581.2	0.0
137	input_spectra/bkgrnd-marine-broth.mzML	2400	0	346.281604003906	1	59592.66	0.0
136	input_spectra/bkgrnd-marine-broth.mzML	2401	0	346.281604003906	1	59740.26	0.0
137	input_spectra/bkgrnd-marine-broth.mzML	2402	0	346.281604003906	1	59751.72	0.0
117	input_spectra/bkgrnd-marine-broth.mzML	2403	0	286.223715888129	1	1004.13	0.0
116	input_spectra/bkgrnd-marine-broth.mzML	2404	0	286.223715888129	1	1004.32	0.0
114	input_spectra/bkgrnd-marine-broth.mzML	2405	0	286.223715888129	1	1004.98	0.0
116	input_spectra/bkgrnd-marine-broth.mzML	2406	0	286.223715888129	1	1005.17	0.0
117	input_spectra/bkgrnd-marine-broth.mzML	2407	0	286.223715888129	1	1005.83	0.0
117	input_spectra/bkgrnd-marine-broth.mzML	2408	0	286.223715888129	1	1006.02	0.0
123	input_spectra/bkgrnd-marine-broth.mzML	2409	0	328.273207122204	1	1009.08	0.0
130	input_spectra/bkgrnd-marine-broth.mzML	2410	0	328.273207122204	1	1009.27	0.0
123	input_spectra/bkgrnd-marine-broth.mzML	2411	0	328.273207122204	1	1009.93	0.0
130	input_spectra/bkgrnd-marine-broth.mzML	2412	0	328.273207122204	1	1010.12	0.0
123	input_spectra/bkgrnd-marine-broth.mzML	2413	0	328.273207122204	1	1010.78	0.0
124	input_spectra/bkgrnd-marine-broth.mzML	2414	0	328.273207122204	1	1010.97	0.0
136	input_spectra/bkgrnd-marine-broth.mzML	2415	0	346.281604003906	1	1014.03	0.0
137	input_spectra/bkgrnd-marine-broth.mzML	2416	0	346.281604003906	1	1014.22	0.0
136	input_spectra/bkgrnd-marine-broth.mzML	2417	0	346.281604003906	1	1014.88	0.0
136	input_spectra/bkgrnd-marine-broth.mzML	2418	0	346.281604003906	1	1015.07	0.0
136	input_spectra/bkgrnd-marine-broth.mzML	2419	0	346.281604003906	1	1020.53	0.0
137	input_spectra/bkgrnd-marine-broth.mzML	2420	0	346.281604003906	1	1020.73	0.0
114	input_spectra/bkgrnd-marine-broth.mzML	2421	0	286.223715888129	1	1023.19	0.0
116	input_spectra/bkgrnd-marine-broth.mzML	2422	0	286.223715888129	1	1023.38	0.0
117	input_spectra/bkgrnd-marine-broth.mzML	2423	0	286.223715888129	1	1024.03	0.0
116	input_spectra/bkgrnd-marine-broth.mzML	2424	0	286.223715888129	1	1024.23	0.0
117	input_spectra/bkgrnd-marine-broth.mzML	2425	0	286.223715888129	1	1024.88	0.0
116	input_spectra/bkgrnd-marine-broth.mzML	2426	0	286.223715888129	1	1025.07	0.0
123	input_spectra/bkgrnd-marine-broth.mzML	2427	0	328.273207122204	1	1028.13	0.0
130	input_spectra/bkgrnd-marine-broth.mzML	2428	0	328.273207122204	1	1028.33	0.0
120	input_spectra/bkgrnd-marine-broth.mzML	2429	0	304.233856201172	1	1028.52	0.0
120	input_spectra/bkgrnd-marine-broth.mzML	2430	0	304.233856201172	1	1028.71	0.0
123	input_spectra/bkgrnd-marine-broth.mzML	2431	0	328.273207122204	1	1029.36	0.0
130	input_spectra/bkgrnd-marine-broth.mzML	2432	0	328.273207122204	1	1029.56	0.0
123	input_spectra/bkgrnd-marine-broth.mzML	2433	0	328.273207122204	1	1030.21	0.0
124	input_spectra/bkgrnd-marine-broth.mzML	2434	0	328.273207122204	1	1030.4	0.0
120	input_spectra/bkgrnd-marine-broth.mzML	2435	0	304.233856201172	1	1031.06	0.0
120	input_spectra/bkgrnd-marine-broth.mzML	2436	0	304.233856201172	1	1031.25	0.0
120	input_spectra/bkgrnd-marine-broth.mzML	2437	0	304.233856201172	1	1041.33	0.0
120	input_spectra/bkgrnd-marine-broth.mzML	2438	0	304.233856201172	1	1041.52	0.0
115	input_spectra/bkgrnd-marine-broth.mzML	2439	0	286.223715888129	1	1042.57	0.0
115	input_spectra/bkgrnd-marine-broth.mzML	2440	0	286.223715888129	1	1042.77	0.0
117	input_spectra/bkgrnd-marine-broth.mzML	2441	0	286.223715888129	1	1043.42	0.0
116	input_spectra/bkgrnd-marine-broth.mzML	2442	0	286.223715888129	1	1043.61	0.0
117	input_spectra/bkgrnd-marine-broth.mzML	2443	0	286.223715888129	1	1044.27	0.0
116	input_spectra/bkgrnd-marine-broth.mzML	2444	0	286.223715888129	1	1044.46	0.0
136	input_spectra/bkgrnd-marine-broth.mzML	2445	0	346.281604003906	1	1046.72	0.0
137	input_spectra/bkgrnd-marine-broth.mzML	2446	0	346.281604003906	1	1046.91	0.0
123	input_spectra/bkgrnd-marine-broth.mzML	2447	0	328.273207122204	1	1047.57	0.0
130	input_spectra/bkgrnd-marine-broth.mzML	2448	0	328.273207122204	1	1047.76	0.0
123	input_spectra/bkgrnd-marine-broth.mzML	2449	0	328.273207122204	1	1048.42	0.0
130	input_spectra/bkgrnd-marine-broth.mzML	2450	0	328.273207122204	1	1048.61	0.0
123	input_spectra/bkgrnd-marine-broth.mzML	2451	0	328.273207122204	1	1049.26	0.0
124	input_spectra/bkgrnd-marine-broth.mzML	2452	0	328.273207122204	1	1049.46	0.0
136	input_spectra/bkgrnd-marine-broth.mzML	2453	0	346.281604003906	1	1055.72	0.0
137	input_spectra/bkgrnd-marine-broth.mzML	2454	0	346.281604003906	1	1055.91	0.0
117	input_spectra/bkgrnd-marine-broth.mzML	2455	0	286.223715888129	1	1061.58	0.0
117	input_spectra/bkgrnd-marine-broth.mzML	2456	0	286.223715888129	1	1061.77	0.0
114	input_spectra/bkgrnd-marine-broth.mzML	2457	0	286.223715888129	1	1062.43	0.0
116	input_spectra/bkgrnd-marine-broth.mzML	2458	0	286.223715888129	1	1062.62	0.0
114	input_spectra/bkgrnd-marine-broth.mzML	2459	0	286.223715888129	1	1063.28	0.0
116	input_spectra/bkgrnd-marine-broth.mzML	2460	0	286.223715888129	1	1063.47	0.0
123	input_spectra/bkgrnd-marine-broth.mzML	2461	0	328.273207122204	1	1066.53	0.0
130	input_spectra/bkgrnd-marine-broth.mzML	2462	0	328.273207122204	1	1066.72	0.0
123	input_spectra/bkgrnd-marine-broth.mzML	2463	0	328.273207122204	1	1067.37	0.0
124	input_spectra/bkgrnd-marine-broth.mzML	2464	0	328.273207122204	1	1067.57	0.0
123	input_spectra/bkgrnd-marine-broth.mzML	2465	0	328.273207122204	1	1068.22	0.0
130	input_spectra/bkgrnd-marine-broth.mzML	2466	0	328.273207122204	1	1068.41	0.0
136	input_spectra/bkgrnd-marine-broth.mzML	2467	0	346.281604003906	1	1069.67	0.0
137	input_spectra/bkgrnd-marine-broth.mzML	2468	0	346.281604003906	1	1069.86	0.0
120	input_spectra/bkgrnd-marine-broth.mzML	2469	0	304.233856201172	1	1074.33	0.0
120	input_spectra/bkgrnd-marine-broth.mzML	2470	0	304.233856201172	1	1074.52	0.0
120	input_spectra/bkgrnd-marine-broth.mzML	2471	0	304.233856201172	1	1076.98	0.0
120	input_spectra/bkgrnd-marine-broth.mzML	2472	0	304.233856201172	1	1077.17	0.0
120	input_spectra/bkgrnd-marine-broth.mzML	2473	0	304.233856201172	1	1078.23	0.0
120	input_spectra/bkgrnd-marine-broth.mzML	2474	0	304.233856201172	1	1078.42	0.0
114	input_spectra/bkgrnd-marine-broth.mzML	2475	0	286.223715888129	1	1080.68	0.0
117	input_spectra/bkgrnd-marine-broth.mzML	2476	0	286.223715888129	1	1080.87	0.0
114	input_spectra/bkgrnd-marine-broth.mzML	2477	0	286.223715888129	1	1081.52	0.0
116	input_spectra/bkgrnd-marine-broth.mzML	2478	0	286.223715888129	1	1081.71	0.0
114	input_spectra/bkgrnd-marine-broth.mzML	2479	0	286.223715888129	1	1082.37	0.0
117	input_spectra/bkgrnd-marine-broth.mzML	2480	0	286.223715888129	1	1082.56	0.0
123	input_spectra/bkgrnd-marine-broth.mzML	2481	0	328.273207122204	1	1085.67	0.0
124	input_spectra/bkgrnd-marine-broth.mzML	2482	0	328.273207122204	1	1085.86	0.0
123	input_spectra/bkgrnd-marine-broth.mzML	2483	0	328.273207122204	1	1086.52	0.0
130	input_spectra/bkgrnd-marine-broth.mzML	2484	0	328.273207122204	1	1086.71	0.0
123	input_spectra/bkgrnd-marine-broth.mzML	2485	0	328.273207122204	1	1087.36	0.0
130	input_spectra/bkgrnd-marine-broth.mzML	2486	0	328.273207122204	1	1087.56	0.0
68	input_spectra/bkgrnd-marine-broth.mzML	2487	0	185.112635294596	1	1094.92	0.0
68	input_spectra/bkgrnd-marine-broth.mzML	2488	0	185.112635294596	1	1095.11	0.0
68	input_spectra/bkgrnd-marine-broth.mzML	2489	0	185.112635294596	1	1096.37	0.0
68	input_spectra/bkgrnd-marine-broth.mzML	2490	0	185.112635294596	1	1096.56	0.0
68	input_spectra/bkgrnd-marine-broth.mzML	2491	0	185.112635294596	1	1097.42	0.0
68	input_spectra/bkgrnd-marine-broth.mzML	2492	0	185.112635294596	1	1097.61	0.0
120	input_spectra/bkgrnd-marine-broth.mzML	2493	0	304.233856201172	1	1099.47	0.0
120	input_spectra/bkgrnd-marine-broth.mzML	2494	0	304.233856201172	1	1099.66	0.0
117	input_spectra/bkgrnd-marine-broth.mzML	2495	0	286.223715888129	1	1100.31	0.0
116	input_spectra/bkgrnd-marine-broth.mzML	2496	0	286.223715888129	1	1100.5	0.0
114	input_spectra/bkgrnd-marine-broth.mzML	2497	0	286.223715888129	1	1101.16	0.0
116	input_spectra/bkgrnd-marine-broth.mzML	2498	0	286.223715888129	1	1101.35	0.0
120	input_spectra/bkgrnd-marine-broth.mzML	2499	0	304.233856201172	1	1101.54	0.0
120	input_spectra/bkgrnd-marine-broth.mzML	2500	0	304.233856201172	1	1101.73	0.0
116	input_spectra/bkgrnd-marine-broth.mzML	2501	0	286.223715888129	1	1102.39	0.0
117	input_spectra/bkgrnd-marine-broth.mzML	2502	0	286.223715888129	1	1102.58	0.0
120	input_spectra/bkgrnd-marine-broth.mzML	2503	0	304.233856201172	1	1103.24	0.0
120	input_spectra/bkgrnd-marine-broth.mzML	2504	0	304.233856201172	1	1103.43	0.0
126	input_spectra/bkgrnd-marine-broth.mzML	2505	0	328.273207122204	1	1105.09	0.0
128	input_spectra/bkgrnd-marine-broth.mzML	2506	0	328.273207122204	1	1105.28	0.0
126	input_spectra/bkgrnd-marine-broth.mzML	2507	0	328.273207122204	1	1105.94	0.0
129	input_spectra/bkgrnd-marine-broth.mzML	2508	0	328.273207122204	1	1106.13	0.0
123	input_spectra/bkgrnd-marine-broth.mzML	2509	0	328.273207122204	1	1106.78	0.0
129	input_spectra/bkgrnd-marine-broth.mzML	2510	0	328.273207122204	1	1106.97	0.0
127	input_spectra/bkgrnd-marine-broth.mzML	2511	0	328.273207122204	1	1124.06	0.0
129	input_spectra/bkgrnd-marine-broth.mzML	2512	0	328.273207122204	1	1124.26	0.0
126	input_spectra/bkgrnd-marine-broth.mzML	2513	0	328.273207122204	1	1124.91	0.0
128	input_spectra/bkgrnd-marine-broth.mzML	2514	0	328.273207122204	1	1125.1	0.0
126	input_spectra/bkgrnd-marine-broth.mzML	2515	0	328.273207122204	1	1125.76	0.0
127	input_spectra/bkgrnd-marine-broth.mzML	2516	0	328.273207122204	1	1125.95	0.0
176	input_spectra/bkgrnd-marine-broth.mzML	2517	0	495.476874457465	1	1135.83	0.0
177	input_spectra/bkgrnd-marine-broth.mzML	2518	0	495.476874457465	1	1136.02	0.0
176	input_spectra/bkgrnd-marine-broth.mzML	2519	0	495.476874457465	1	1141.28	0.0
177	input_spectra/bkgrnd-marine-broth.mzML	2520	0	495.476874457465	1	1141.47	0.0
125	input_spectra/bkgrnd-marine-broth.mzML	2521	0	328.273207122204	1	1143.13	0.0
125	input_spectra/bkgrnd-marine-broth.mzML	2522	0	328.273207122204	1	1143.32	0.0
128	input_spectra/bkgrnd-marine-broth.mzML	2523	0	328.273207122204	1	1143.98	0.0
129	input_spectra/bkgrnd-marine-broth.mzML	2524	0	328.273207122204	1	1144.17	0.0
127	input_spectra/bkgrnd-marine-broth.mzML	2525	0	328.273207122204	1	1144.83	0.0
129	input_spectra/bkgrnd-marine-broth.mzML	2526	0	328.273207122204	1	1145.02	0.0
176	input_spectra/bkgrnd-marine-broth.mzML	2527	0	495.476874457465	1	1145.68	0.0
177	input_spectra/bkgrnd-marine-broth.mzML	2528	0	495.476874457465	1	1145.87	0.0
68	input_spectra/bkgrnd-marine-broth.mzML	2529	0	185.112635294596	1	1162.16	0.0
68	input_spectra/bkgrnd-marine-broth.mzML	2530	0	185.112635294596	1	1162.35	0.0
128	input_spectra/bkgrnd-marine-broth.mzML	2531	0	328.273207122204	1	1163.0	0.0
127	input_spectra/bkgrnd-marine-broth.mzML	2532	0	328.273207122204	1	1163.2	0.0
176	input_spectra/bkgrnd-marine-broth.mzML	2533	0	495.476874457465	1	1163.39	0.0
177	input_spectra/bkgrnd-marine-broth.mzML	2534	0	495.476874457465	1	1163.58	0.0
126	input_spectra/bkgrnd-marine-broth.mzML	2535	0	328.273207122204	1	1164.24	0.0
130	input_spectra/bkgrnd-marine-broth.mzML	2536	0	328.273207122204	1	1164.43	0.0
176	input_spectra/bkgrnd-marine-broth.mzML	2537	0	495.476874457465	1	1164.62	0.0
177	input_spectra/bkgrnd-marine-broth.mzML	2538	0	495.476874457465	1	1164.81	0.0
126	input_spectra/bkgrnd-marine-broth.mzML	2539	0	328.273207122204	1	1165.47	0.0
129	input_spectra/bkgrnd-marine-broth.mzML	2540	0	328.273207122204	1	1165.66	0.0
176	input_spectra/bkgrnd-marine-broth.mzML	2541	0	495.476874457465	1	1165.85	0.0
177	input_spectra/bkgrnd-marine-broth.mzML	2542	0	495.476874457465	1	1166.04	0.0
68	input_spectra/bkgrnd-marine-broth.mzML	2543	0	185.112635294596	1	1167.1	0.0
68	input_spectra/bkgrnd-marine-broth.mzML	2544	0	185.112635294596	1	1167.29	0.0
68	input_spectra/bkgrnd-marine-broth.mzML	2545	0	185.112635294596	1	1170.15	0.0
68	input_spectra/bkgrnd-marine-broth.mzML	2546	0	185.112635294596	1	1170.34	0.0
123	input_spectra/bkgrnd-marine-broth.mzML	2547	0	328.273207122204	1	1182.51	0.0
128	input_spectra/bkgrnd-marine-broth.mzML	2548	0	328.273207122204	1	1182.71	0.0
176	input_spectra/bkgrnd-marine-broth.mzML	2549	0	495.476874457465	1	1182.9	0.0
177	input_spectra/bkgrnd-marine-broth.mzML	2550	0	495.476874457465	1	1183.09	0.0
123	input_spectra/bkgrnd-marine-broth.mzML	2551	0	328.273207122204	1	1183.75	0.0
130	input_spectra/bkgrnd-marine-broth.mzML	2552	0	328.273207122204	1	1183.94	0.0
176	input_spectra/bkgrnd-marine-broth.mzML	2553	0	495.476874457465	1	1184.13	0.0
177	input_spectra/bkgrnd-marine-broth.mzML	2554	0	495.476874457465	1	1184.32	0.0
126	input_spectra/bkgrnd-marine-broth.mzML	2555	0	328.273207122204	1	1184.98	0.0
129	input_spectra/bkgrnd-marine-broth.mzML	2556	0	328.273207122204	1	1185.17	0.0
176	input_spectra/bkgrnd-marine-broth.mzML	2557	0	495.476874457465	1	1185.36	0.0
177	input_spectra/bkgrnd-marine-broth.mzML	2558	0	495.476874457465	1	1185.55	0.0
68	input_spectra/bkgrnd-marine-broth.mzML	2559	0	185.112635294596	1	1188.06	0.0
68	input_spectra/bkgrnd-marine-broth.mzML	2560	0	185.112635294596	1	1188.25	0.0
68	input_spectra/bkgrnd-marine-broth.mzML	2561	0	185.112635294596	1	1188.91	0.0
68	input_spectra/bkgrnd-marine-broth.mzML	2562	0	185.112635294596	1	1189.1	0.0
68	input_spectra/bkgrnd-marine-broth.mzML	2563	0	185.112635294596	1	1189.75	0.0
68	input_spectra/bkgrnd-marine-broth.mzML	2564	0	185.112635294596	1	1189.95	0.0
