#ClusterIdx	#Filename	#SpecIdx	#Scan	#ParentMass	#Charge	#RetTime	#PrecIntensity
3	input_spectra/8-C3M06.mzML	0	0	110.00857035319	1	6339.12	0.0
3	input_spectra/8-C3M06.mzML	1	0	110.00857035319	1	6350.58	0.0
3	input_spectra/8-C3M06.mzML	2	0	110.00857035319	1	6389.94	0.0
3	input_spectra/8-C3M06.mzML	3	0	110.00857035319	1	6401.4	0.0
12	input_spectra/8-C3M06.mzML	4	0	125.985936482747	1	6412.92	0.0
12	input_spectra/8-C3M06.mzML	5	0	125.985936482747	1	6424.379999999999	0.0
39	input_spectra/8-C3M06.mzML	6	0	151.034823099772	1	6435.84	0.0
39	input_spectra/8-C3M06.mzML	7	0	151.034823099772	1	6447.360000000001	0.0
3	input_spectra/8-C3M06.mzML	8	0	110.00857035319	1	6486.719999999999	0.0
3	input_spectra/8-C3M06.mzML	9	0	110.00857035319	1	6498.18	0.0
12	input_spectra/8-C3M06.mzML	10	0	125.985936482747	1	6509.64	0.0
12	input_spectra/8-C3M06.mzML	11	0	125.985936482747	1	6521.160000000001	0.0
39	input_spectra/8-C3M06.mzML	12	0	151.034823099772	1	6532.62	0.0
39	input_spectra/8-C3M06.mzML	13	0	151.034823099772	1	6544.08	0.0
78	input_spectra/8-C3M06.mzML	14	0	223.988544464111	1	6555.6	0.0
78	input_spectra/8-C3M06.mzML	15	0	223.988544464111	1	6567.0599999999995	0.0
67	input_spectra/8-C3M06.mzML	16	0	198.93966293335	1	6578.5199999999995	0.0
67	input_spectra/8-C3M06.mzML	17	0	198.93966293335	1	6590.04	0.0
12	input_spectra/8-C3M06.mzML	18	0	125.985936482747	1	6629.4	0.0
12	input_spectra/8-C3M06.mzML	19	0	125.985936482747	1	6640.86	0.0
39	input_spectra/8-C3M06.mzML	20	0	151.034823099772	1	6652.32	0.0
39	input_spectra/8-C3M06.mzML	21	0	151.034823099772	1	6663.839999999999	0.0
78	input_spectra/8-C3M06.mzML	22	0	223.988544464111	1	6675.299999999999	0.0
78	input_spectra/8-C3M06.mzML	23	0	223.988544464111	1	6686.82	0.0
67	input_spectra/8-C3M06.mzML	24	0	198.93966293335	1	6698.280000000001	0.0
67	input_spectra/8-C3M06.mzML	25	0	198.93966293335	1	6709.74	0.0
57	input_spectra/8-C3M06.mzML	26	0	182.962168375651	1	6721.26	0.0
58	input_spectra/8-C3M06.mzML	27	0	182.962168375651	1	6732.72	0.0
78	input_spectra/8-C3M06.mzML	28	0	223.988544464111	1	6772.14	0.0
78	input_spectra/8-C3M06.mzML	29	0	223.988544464111	1	6783.6	0.0
67	input_spectra/8-C3M06.mzML	30	0	198.93966293335	1	6795.06	0.0
67	input_spectra/8-C3M06.mzML	31	0	198.93966293335	1	6806.58	0.0
57	input_spectra/8-C3M06.mzML	32	0	182.962168375651	1	6818.04	0.0
58	input_spectra/8-C3M06.mzML	33	0	182.962168375651	1	6829.5	0.0
92	input_spectra/8-C3M06.mzML	34	0	239.966079711914	1	6841.0199999999995	0.0
92	input_spectra/8-C3M06.mzML	35	0	239.966079711914	1	6852.48	0.0
103	input_spectra/8-C3M06.mzML	36	0	265.014739990234	1	6864.0	0.0
103	input_spectra/8-C3M06.mzML	37	0	265.014739990234	1	6875.46	0.0
57	input_spectra/8-C3M06.mzML	38	0	182.962168375651	1	6914.82	0.0
58	input_spectra/8-C3M06.mzML	39	0	182.962168375651	1	6926.339999999999	0.0
92	input_spectra/8-C3M06.mzML	40	0	239.966079711914	1	6937.799999999999	0.0
92	input_spectra/8-C3M06.mzML	41	0	239.966079711914	1	6949.32	0.0
73	input_spectra/8-C3M06.mzML	42	0	214.917088826497	1	6960.780000000001	0.0
73	input_spectra/8-C3M06.mzML	43	0	214.917088826497	1	6972.3	0.0
103	input_spectra/8-C3M06.mzML	44	0	265.014739990234	1	6983.76	0.0
103	input_spectra/8-C3M06.mzML	45	0	265.014739990234	1	6995.22	0.0
34	input_spectra/8-C3M06.mzML	46	0	146.164759318034	1	7006.74	0.0
34	input_spectra/8-C3M06.mzML	47	0	146.164759318034	1	7018.2	0.0
92	input_spectra/8-C3M06.mzML	48	0	239.966079711914	1	7057.56	0.0
92	input_spectra/8-C3M06.mzML	49	0	239.966079711914	1	7069.08	0.0
73	input_spectra/8-C3M06.mzML	50	0	214.917088826497	1	7080.54	0.0
73	input_spectra/8-C3M06.mzML	51	0	214.917088826497	1	7092.0599999999995	0.0
103	input_spectra/8-C3M06.mzML	52	0	265.014739990234	1	7103.5199999999995	0.0
103	input_spectra/8-C3M06.mzML	53	0	265.014739990234	1	7115.04	0.0
34	input_spectra/8-C3M06.mzML	54	0	146.164759318034	1	7126.5	0.0
34	input_spectra/8-C3M06.mzML	55	0	146.164759318034	1	7137.96	0.0
73	input_spectra/8-C3M06.mzML	56	0	214.917088826497	1	7177.38	0.0
73	input_spectra/8-C3M06.mzML	57	0	214.917088826497	1	7188.839999999999	0.0
34	input_spectra/8-C3M06.mzML	58	0	146.164759318034	1	7200.299999999999	0.0
34	input_spectra/8-C3M06.mzML	59	0	146.164759318034	1	7211.82	0.0
3	input_spectra/8-C3M06.mzML	60	0	110.00857035319	1	7491.66	0.0
3	input_spectra/8-C3M06.mzML	61	0	110.00857035319	1	7503.120000000001	0.0
3	input_spectra/8-C3M06.mzML	62	0	110.00857035319	1	7542.48	0.0
3	input_spectra/8-C3M06.mzML	63	0	110.00857035319	1	7553.9400000000005	0.0
3	input_spectra/8-C3M06.mzML	64	0	110.00857035319	1	7593.3	0.0
3	input_spectra/8-C3M06.mzML	65	0	110.00857035319	1	7604.759999999999	0.0
12	input_spectra/8-C3M06.mzML	66	0	125.985936482747	1	7616.28	0.0
12	input_spectra/8-C3M06.mzML	67	0	125.985936482747	1	7627.740000000001	0.0
39	input_spectra/8-C3M06.mzML	68	0	151.034823099772	1	7639.2	0.0
39	input_spectra/8-C3M06.mzML	69	0	151.034823099772	1	7650.66	0.0
12	input_spectra/8-C3M06.mzML	70	0	125.985936482747	1	7690.08	0.0
12	input_spectra/8-C3M06.mzML	71	0	125.985936482747	1	7701.540000000001	0.0
39	input_spectra/8-C3M06.mzML	72	0	151.034823099772	1	7713.000000000001	0.0
39	input_spectra/8-C3M06.mzML	73	0	151.034823099772	1	7724.5199999999995	0.0
67	input_spectra/8-C3M06.mzML	74	0	198.93966293335	1	7763.82	0.0
67	input_spectra/8-C3M06.mzML	75	0	198.93966293335	1	7775.34	0.0
78	input_spectra/8-C3M06.mzML	76	0	223.988544464111	1	7786.8	0.0
78	input_spectra/8-C3M06.mzML	77	0	223.988544464111	1	7798.26	0.0
12	input_spectra/8-C3M06.mzML	78	0	125.985936482747	1	7809.780000000001	0.0
12	input_spectra/8-C3M06.mzML	79	0	125.985936482747	1	7821.240000000001	0.0
39	input_spectra/8-C3M06.mzML	80	0	151.034823099772	1	7832.699999999999	0.0
39	input_spectra/8-C3M06.mzML	81	0	151.034823099772	1	7844.219999999999	0.0
55	input_spectra/8-C3M06.mzML	82	0	175.118545532227	1	8436.72	0.0
55	input_spectra/8-C3M06.mzML	83	0	175.118545532227	1	8448.18	0.0
55	input_spectra/8-C3M06.mzML	84	0	175.118545532227	1	8487.54	0.0
55	input_spectra/8-C3M06.mzML	85	0	175.118545532227	1	8499.060000000001	0.0
55	input_spectra/8-C3M06.mzML	86	0	175.118545532227	1	8538.42	0.0
55	input_spectra/8-C3M06.mzML	87	0	175.118545532227	1	8549.88	0.0
5	input_spectra/8-C3M06.mzML	88	0	118.085944281684	1	8601.3	0.0
5	input_spectra/8-C3M06.mzML	89	0	118.085944281684	1	8612.76	0.0
5	input_spectra/8-C3M06.mzML	90	0	118.085944281684	1	8652.18	0.0
5	input_spectra/8-C3M06.mzML	91	0	118.085944281684	1	8663.64	0.0
5	input_spectra/8-C3M06.mzML	92	0	118.085944281684	1	8703.0	0.0
5	input_spectra/8-C3M06.mzML	93	0	118.085944281684	1	8714.460000000001	0.0
18	input_spectra/8-C3M06.mzML	94	0	130.097061157227	1	8961.0	0.0
18	input_spectra/8-C3M06.mzML	95	0	130.097061157227	1	8972.46	0.0
18	input_spectra/8-C3M06.mzML	96	0	130.097061157227	1	9011.82	0.0
18	input_spectra/8-C3M06.mzML	97	0	130.097061157227	1	9023.28	0.0
18	input_spectra/8-C3M06.mzML	98	0	130.097061157227	1	9062.699999999999	0.0
18	input_spectra/8-C3M06.mzML	99	0	130.097061157227	1	9074.16	0.0
87	input_spectra/8-C3M06.mzML	100	0	235.118275960286	1	9317.94	0.0
87	input_spectra/8-C3M06.mzML	101	0	235.118275960286	1	9329.400000000001	0.0
87	input_spectra/8-C3M06.mzML	102	0	235.118275960286	1	9368.759999999998	0.0
87	input_spectra/8-C3M06.mzML	103	0	235.118275960286	1	9380.22	0.0
87	input_spectra/8-C3M06.mzML	104	0	235.118275960286	1	9419.64	0.0
87	input_spectra/8-C3M06.mzML	105	0	235.118275960286	1	9431.1	0.0
79	input_spectra/8-C3M06.mzML	106	0	226.154312133789	1	9481.98	0.0
43	input_spectra/8-C3M06.mzML	107	0	158.091959635417	1	9595.140000000001	0.0
43	input_spectra/8-C3M06.mzML	108	0	158.091959635417	1	9606.6	0.0
43	input_spectra/8-C3M06.mzML	109	0	158.091959635417	1	9646.02	0.0
43	input_spectra/8-C3M06.mzML	110	0	158.091959635417	1	9657.48	0.0
37	input_spectra/8-C3M06.mzML	111	0	150.057889302572	1	9668.94	0.0
37	input_spectra/8-C3M06.mzML	112	0	150.057889302572	1	9680.460000000001	0.0
43	input_spectra/8-C3M06.mzML	113	0	158.091959635417	1	9719.820000000002	0.0
43	input_spectra/8-C3M06.mzML	114	0	158.091959635417	1	9731.279999999999	0.0
37	input_spectra/8-C3M06.mzML	115	0	150.057889302572	1	9742.74	0.0
37	input_spectra/8-C3M06.mzML	116	0	150.057889302572	1	9754.26	0.0
5	input_spectra/8-C3M06.mzML	117	0	118.085944281684	1	9793.62	0.0
5	input_spectra/8-C3M06.mzML	118	0	118.085944281684	1	9805.08	0.0
37	input_spectra/8-C3M06.mzML	119	0	150.057889302572	1	9816.6	0.0
37	input_spectra/8-C3M06.mzML	120	0	150.057889302572	1	9828.06	0.0
5	input_spectra/8-C3M06.mzML	121	0	118.085944281684	1	9867.359999999999	0.0
5	input_spectra/8-C3M06.mzML	122	0	118.085944281684	1	9878.82	0.0
5	input_spectra/8-C3M06.mzML	123	0	118.085944281684	1	9918.24	0.0
5	input_spectra/8-C3M06.mzML	124	0	118.085944281684	1	9929.7	0.0
13	input_spectra/8-C3M06.mzML	125	0	130.049453735352	1	9941.16	0.0
14	input_spectra/8-C3M06.mzML	126	0	130.049453735352	1	9952.62	0.0
13	input_spectra/8-C3M06.mzML	127	0	130.049453735352	1	9992.039999999999	0.0
14	input_spectra/8-C3M06.mzML	128	0	130.049453735352	1	10003.5	0.0
13	input_spectra/8-C3M06.mzML	129	0	130.049453735352	1	10042.86	0.0
14	input_spectra/8-C3M06.mzML	130	0	130.049453735352	1	10054.32	0.0
22	input_spectra/8-C3M06.mzML	131	0	132.101636250814	1	10261.5	0.0
22	input_spectra/8-C3M06.mzML	132	0	132.101636250814	1	10300.86	0.0
23	input_spectra/8-C3M06.mzML	133	0	132.101636250814	1	10312.38	0.0
22	input_spectra/8-C3M06.mzML	134	0	132.101636250814	1	10351.74	0.0
23	input_spectra/8-C3M06.mzML	135	0	132.101636250814	1	10363.2	0.0
43	input_spectra/8-C3M06.mzML	136	0	158.091959635417	1	10739.28	0.0
43	input_spectra/8-C3M06.mzML	137	0	158.091959635417	1	10750.74	0.0
43	input_spectra/8-C3M06.mzML	138	0	158.091959635417	1	10790.1	0.0
43	input_spectra/8-C3M06.mzML	139	0	158.091959635417	1	10801.560000000001	0.0
43	input_spectra/8-C3M06.mzML	140	0	158.091959635417	1	10840.92	0.0
43	input_spectra/8-C3M06.mzML	141	0	158.091959635417	1	10852.38	0.0
37	input_spectra/8-C3M06.mzML	142	0	150.057889302572	1	10863.9	0.0
37	input_spectra/8-C3M06.mzML	143	0	150.057889302572	1	10875.36	0.0
37	input_spectra/8-C3M06.mzML	144	0	150.057889302572	1	10914.720000000001	0.0
37	input_spectra/8-C3M06.mzML	145	0	150.057889302572	1	10926.18	0.0
37	input_spectra/8-C3M06.mzML	146	0	150.057889302572	1	10965.539999999999	0.0
37	input_spectra/8-C3M06.mzML	147	0	150.057889302572	1	10977.06	0.0
5	input_spectra/8-C3M06.mzML	148	0	118.085944281684	1	11016.42	0.0
5	input_spectra/8-C3M06.mzML	149	0	118.085944281684	1	11027.94	0.0
5	input_spectra/8-C3M06.mzML	150	0	118.085944281684	1	11067.300000000001	0.0
5	input_spectra/8-C3M06.mzML	151	0	118.085944281684	1	11078.759999999998	0.0
5	input_spectra/8-C3M06.mzML	152	0	118.085944281684	1	11118.119999999999	0.0
5	input_spectra/8-C3M06.mzML	153	0	118.085944281684	1	11129.58	0.0
15	input_spectra/8-C3M06.mzML	154	0	130.049453735352	1	11141.1	0.0
16	input_spectra/8-C3M06.mzML	155	0	130.049453735352	1	11152.56	0.0
15	input_spectra/8-C3M06.mzML	156	0	130.049453735352	1	11191.92	0.0
16	input_spectra/8-C3M06.mzML	157	0	130.049453735352	1	11203.380000000001	0.0
15	input_spectra/8-C3M06.mzML	158	0	130.049453735352	1	11242.74	0.0
16	input_spectra/8-C3M06.mzML	159	0	130.049453735352	1	11254.199999999999	0.0
22	input_spectra/8-C3M06.mzML	160	0	132.101636250814	1	11389.800000000001	0.0
22	input_spectra/8-C3M06.mzML	161	0	132.101636250814	1	11401.259999999998	0.0
22	input_spectra/8-C3M06.mzML	162	0	132.101636250814	1	11440.56	0.0
22	input_spectra/8-C3M06.mzML	163	0	132.101636250814	1	11452.08	0.0
79	input_spectra/8-C3M06.mzML	164	0	226.154312133789	1	11475.06	0.0
98	input_spectra/8-C3M06.mzML	165	0	260.196212768555	1	11486.52	0.0
98	input_spectra/8-C3M06.mzML	166	0	260.196212768555	1	11498.039999999999	0.0
22	input_spectra/8-C3M06.mzML	167	0	132.101636250814	1	11537.4	0.0
79	input_spectra/8-C3M06.mzML	168	0	226.154312133789	1	11594.94	0.0
98	input_spectra/8-C3M06.mzML	169	0	260.196212768555	1	11606.4	0.0
54	input_spectra/8-C3M06.mzML	170	0	175.10831451416	1	11629.380000000001	0.0
54	input_spectra/8-C3M06.mzML	171	0	175.10831451416	1	11640.84	0.0
24	input_spectra/8-C3M06.mzML	172	0	132.107749938965	1	11680.26	0.0
25	input_spectra/8-C3M06.mzML	173	0	132.107749938965	1	11691.72	0.0
104	input_spectra/8-C3M06.mzML	174	0	268.103485107422	1	11703.18	0.0
104	input_spectra/8-C3M06.mzML	175	0	268.103485107422	1	11714.7	0.0
54	input_spectra/8-C3M06.mzML	176	0	175.10831451416	1	11726.16	0.0
54	input_spectra/8-C3M06.mzML	177	0	175.10831451416	1	11737.679999999998	0.0
104	input_spectra/8-C3M06.mzML	178	0	268.103485107422	1	11823.18	0.0
104	input_spectra/8-C3M06.mzML	179	0	268.103485107422	1	11834.64	0.0
26	input_spectra/8-C3M06.mzML	180	0	136.061401367188	1	11846.16	0.0
26	input_spectra/8-C3M06.mzML	181	0	136.061401367188	1	11857.62	0.0
95	input_spectra/8-C3M06.mzML	182	0	254.160530090332	1	11892.24	0.0
96	input_spectra/8-C3M06.mzML	183	0	254.160530090332	1	11903.7	0.0
24	input_spectra/8-C3M06.mzML	184	0	132.107749938965	1	11966.220000000001	0.0
24	input_spectra/8-C3M06.mzML	185	0	132.107749938965	1	11977.679999999998	0.0
95	input_spectra/8-C3M06.mzML	186	0	254.160530090332	1	11989.14	0.0
96	input_spectra/8-C3M06.mzML	187	0	254.160530090332	1	12000.66	0.0
10	input_spectra/8-C3M06.mzML	188	0	121.064544677734	1	12012.119999999999	0.0
10	input_spectra/8-C3M06.mzML	189	0	121.064544677734	1	12023.58	0.0
104	input_spectra/8-C3M06.mzML	190	0	268.103485107422	1	12035.1	0.0
104	input_spectra/8-C3M06.mzML	191	0	268.103485107422	1	12046.560000000001	0.0
74	input_spectra/8-C3M06.mzML	192	0	215.138478597005	1	12058.08	0.0
74	input_spectra/8-C3M06.mzML	193	0	215.138478597005	1	12069.539999999999	0.0
10	input_spectra/8-C3M06.mzML	194	0	121.064544677734	1	12108.960000000001	0.0
10	input_spectra/8-C3M06.mzML	195	0	121.064544677734	1	12120.42	0.0
41	input_spectra/8-C3M06.mzML	196	0	155.081114027235	1	12131.880000000001	0.0
41	input_spectra/8-C3M06.mzML	197	0	155.081114027235	1	12143.4	0.0
74	input_spectra/8-C3M06.mzML	198	0	215.138478597005	1	12154.859999999999	0.0
74	input_spectra/8-C3M06.mzML	199	0	215.138478597005	1	12166.32	0.0
56	input_spectra/8-C3M06.mzML	200	0	182.080833435059	1	12177.84	0.0
56	input_spectra/8-C3M06.mzML	201	0	182.080833435059	1	12189.3	0.0
30	input_spectra/8-C3M06.mzML	202	0	138.090995788574	1	12200.76	0.0
31	input_spectra/8-C3M06.mzML	203	0	138.090995788574	1	12212.220000000001	0.0
41	input_spectra/8-C3M06.mzML	204	0	155.081114027235	1	12251.64	0.0
41	input_spectra/8-C3M06.mzML	205	0	155.081114027235	1	12263.099999999999	0.0
10	input_spectra/8-C3M06.mzML	206	0	121.064544677734	1	12274.619999999999	0.0
10	input_spectra/8-C3M06.mzML	207	0	121.064544677734	1	12286.08	0.0
56	input_spectra/8-C3M06.mzML	208	0	182.080833435059	1	12297.54	0.0
56	input_spectra/8-C3M06.mzML	209	0	182.080833435059	1	12309.060000000001	0.0
74	input_spectra/8-C3M06.mzML	210	0	215.138478597005	1	12320.52	0.0
74	input_spectra/8-C3M06.mzML	211	0	215.138478597005	1	12331.98	0.0
30	input_spectra/8-C3M06.mzML	212	0	138.090995788574	1	12343.5	0.0
31	input_spectra/8-C3M06.mzML	213	0	138.090995788574	1	12354.96	0.0
56	input_spectra/8-C3M06.mzML	214	0	182.080833435059	1	12394.380000000001	0.0
56	input_spectra/8-C3M06.mzML	215	0	182.080833435059	1	12405.84	0.0
41	input_spectra/8-C3M06.mzML	216	0	155.081114027235	1	12417.300000000001	0.0
41	input_spectra/8-C3M06.mzML	217	0	155.081114027235	1	12428.759999999998	0.0
27	input_spectra/8-C3M06.mzML	218	0	136.075352986654	1	12440.279999999999	0.0
27	input_spectra/8-C3M06.mzML	219	0	136.075352986654	1	12451.74	0.0
46	input_spectra/8-C3M06.mzML	220	0	165.054143269857	1	12463.2	0.0
47	input_spectra/8-C3M06.mzML	221	0	165.054143269857	1	12474.66	0.0
11	input_spectra/8-C3M06.mzML	222	0	123.043627421061	1	12486.18	0.0
11	input_spectra/8-C3M06.mzML	223	0	123.043627421061	1	12497.640000000001	0.0
22	input_spectra/8-C3M06.mzML	224	0	132.101636250814	1	12537.0	0.0
22	input_spectra/8-C3M06.mzML	225	0	132.101636250814	1	12548.46	0.0
27	input_spectra/8-C3M06.mzML	226	0	136.075352986654	1	12559.98	0.0
27	input_spectra/8-C3M06.mzML	227	0	136.075352986654	1	12571.44	0.0
46	input_spectra/8-C3M06.mzML	228	0	165.054143269857	1	12582.9	0.0
47	input_spectra/8-C3M06.mzML	229	0	165.054143269857	1	12594.42	0.0
11	input_spectra/8-C3M06.mzML	230	0	123.043627421061	1	12605.880000000001	0.0
11	input_spectra/8-C3M06.mzML	231	0	123.043627421061	1	12617.34	0.0
88	input_spectra/8-C3M06.mzML	232	0	237.086265563965	1	12628.86	0.0
89	input_spectra/8-C3M06.mzML	233	0	237.086265563965	1	12640.32	0.0
22	input_spectra/8-C3M06.mzML	234	0	132.101636250814	1	12679.68	0.0
27	input_spectra/8-C3M06.mzML	235	0	136.075352986654	1	12702.66	0.0
27	input_spectra/8-C3M06.mzML	236	0	136.075352986654	1	12714.119999999999	0.0
46	input_spectra/8-C3M06.mzML	237	0	165.054143269857	1	12725.64	0.0
47	input_spectra/8-C3M06.mzML	238	0	165.054143269857	1	12737.1	0.0
88	input_spectra/8-C3M06.mzML	239	0	237.086265563965	1	12748.56	0.0
89	input_spectra/8-C3M06.mzML	240	0	237.086265563965	1	12760.08	0.0
11	input_spectra/8-C3M06.mzML	241	0	123.043627421061	1	12771.54	0.0
11	input_spectra/8-C3M06.mzML	242	0	123.043627421061	1	12783.0	0.0
22	input_spectra/8-C3M06.mzML	243	0	132.101636250814	1	12822.42	0.0
22	input_spectra/8-C3M06.mzML	244	0	132.101636250814	1	12833.88	0.0
88	input_spectra/8-C3M06.mzML	245	0	237.086265563965	1	12845.4	0.0
89	input_spectra/8-C3M06.mzML	246	0	237.086265563965	1	12856.86	0.0
28	input_spectra/8-C3M06.mzML	247	0	137.045257568359	1	12868.32	0.0
29	input_spectra/8-C3M06.mzML	248	0	137.045257568359	1	12879.84	0.0
28	input_spectra/8-C3M06.mzML	249	0	137.045257568359	1	12919.199999999999	0.0
29	input_spectra/8-C3M06.mzML	250	0	137.045257568359	1	12930.66	0.0
28	input_spectra/8-C3M06.mzML	251	0	137.045257568359	1	12970.02	0.0
29	input_spectra/8-C3M06.mzML	252	0	137.045257568359	1	12981.54	0.0
105	input_spectra/8-C3M06.mzML	253	0	269.087025960286	1	12993.0	0.0
105	input_spectra/8-C3M06.mzML	254	0	269.087025960286	1	13004.519999999999	0.0
105	input_spectra/8-C3M06.mzML	255	0	269.087025960286	1	13055.880000000001	0.0
105	input_spectra/8-C3M06.mzML	256	0	269.087025960286	1	13067.34	0.0
105	input_spectra/8-C3M06.mzML	257	0	269.087025960286	1	13106.699999999999	0.0
105	input_spectra/8-C3M06.mzML	258	0	269.087025960286	1	13118.22	0.0
40	input_spectra/8-C3M06.mzML	259	0	152.056304931641	1	13193.64	0.0
40	input_spectra/8-C3M06.mzML	260	0	152.056304931641	1	13205.1	0.0
40	input_spectra/8-C3M06.mzML	261	0	152.056304931641	1	13244.460000000001	0.0
40	input_spectra/8-C3M06.mzML	262	0	152.056304931641	1	13255.98	0.0
108	input_spectra/8-C3M06.mzML	263	0	284.097930908203	1	13267.44	0.0
109	input_spectra/8-C3M06.mzML	264	0	284.097930908203	1	13278.960000000001	0.0
108	input_spectra/8-C3M06.mzML	265	0	284.097930908203	1	13318.32	0.0
109	input_spectra/8-C3M06.mzML	266	0	284.097930908203	1	13329.78	0.0
40	input_spectra/8-C3M06.mzML	267	0	152.056304931641	1	13341.3	0.0
40	input_spectra/8-C3M06.mzML	268	0	152.056304931641	1	13352.76	0.0
108	input_spectra/8-C3M06.mzML	269	0	284.097930908203	1	13392.119999999999	0.0
109	input_spectra/8-C3M06.mzML	270	0	284.097930908203	1	13403.58	0.0
41	input_spectra/8-C3M06.mzML	271	0	155.081114027235	1	13415.1	0.0
41	input_spectra/8-C3M06.mzML	272	0	155.081114027235	1	13426.560000000001	0.0
56	input_spectra/8-C3M06.mzML	273	0	182.080833435059	1	13449.539999999999	0.0
41	input_spectra/8-C3M06.mzML	274	0	155.081114027235	1	13488.9	0.0
41	input_spectra/8-C3M06.mzML	275	0	155.081114027235	1	13500.36	0.0
76	input_spectra/8-C3M06.mzML	276	0	221.091242472331	1	13511.880000000001	0.0
76	input_spectra/8-C3M06.mzML	277	0	221.091242472331	1	13523.34	0.0
45	input_spectra/8-C3M06.mzML	278	0	160.075215657552	1	13534.859999999999	0.0
45	input_spectra/8-C3M06.mzML	279	0	160.075215657552	1	13546.32	0.0
41	input_spectra/8-C3M06.mzML	280	0	155.081114027235	1	13585.68	0.0
41	input_spectra/8-C3M06.mzML	281	0	155.081114027235	1	13597.14	0.0
45	input_spectra/8-C3M06.mzML	282	0	160.075215657552	1	13608.66	0.0
45	input_spectra/8-C3M06.mzML	283	0	160.075215657552	1	13620.12	0.0
76	input_spectra/8-C3M06.mzML	284	0	221.091242472331	1	13631.64	0.0
45	input_spectra/8-C3M06.mzML	285	0	160.075215657552	1	13682.46	0.0
45	input_spectra/8-C3M06.mzML	286	0	160.075215657552	1	13693.98	0.0
76	input_spectra/8-C3M06.mzML	287	0	221.091242472331	1	13705.44	0.0
76	input_spectra/8-C3M06.mzML	288	0	221.091242472331	1	13716.960000000001	0.0
116	input_spectra/8-C3M06.mzML	289	0	290.133697509766	1	13756.32	0.0
116	input_spectra/8-C3M06.mzML	290	0	290.133697509766	1	13767.779999999999	0.0
22	input_spectra/8-C3M06.mzML	291	0	132.101636250814	1	13807.2	0.0
22	input_spectra/8-C3M06.mzML	292	0	132.101636250814	1	13818.66	0.0
116	input_spectra/8-C3M06.mzML	293	0	290.133697509766	1	13830.12	0.0
116	input_spectra/8-C3M06.mzML	294	0	290.133697509766	1	13841.64	0.0
88	input_spectra/8-C3M06.mzML	295	0	237.086265563965	1	13853.099999999999	0.0
22	input_spectra/8-C3M06.mzML	296	0	132.101636250814	1	13903.98	0.0
22	input_spectra/8-C3M06.mzML	297	0	132.101636250814	1	13915.44	0.0
22	input_spectra/8-C3M06.mzML	298	0	132.101636250814	1	13954.859999999999	0.0
22	input_spectra/8-C3M06.mzML	299	0	132.101636250814	1	13966.32	0.0
116	input_spectra/8-C3M06.mzML	300	0	290.133697509766	1	13977.84	0.0
116	input_spectra/8-C3M06.mzML	301	0	290.133697509766	1	13989.3	0.0
75	input_spectra/8-C3M06.mzML	302	0	217.154134114583	1	14197.019999999999	0.0
75	input_spectra/8-C3M06.mzML	303	0	217.154134114583	1	14208.539999999999	0.0
75	input_spectra/8-C3M06.mzML	304	0	217.154134114583	1	14247.84	0.0
75	input_spectra/8-C3M06.mzML	305	0	217.154134114583	1	14259.36	0.0
75	input_spectra/8-C3M06.mzML	306	0	217.154134114583	1	14298.720000000001	0.0
75	input_spectra/8-C3M06.mzML	307	0	217.154134114583	1	14310.24	0.0
41	input_spectra/8-C3M06.mzML	308	0	155.081114027235	1	14602.08	0.0
41	input_spectra/8-C3M06.mzML	309	0	155.081114027235	1	14613.6	0.0
41	input_spectra/8-C3M06.mzML	310	0	155.081114027235	1	14652.960000000001	0.0
41	input_spectra/8-C3M06.mzML	311	0	155.081114027235	1	14664.42	0.0
41	input_spectra/8-C3M06.mzML	312	0	155.081114027235	1	14703.779999999999	0.0
41	input_spectra/8-C3M06.mzML	313	0	155.081114027235	1	14715.3	0.0
71	input_spectra/8-C3M06.mzML	314	0	211.106994628906	1	14850.84	0.0
71	input_spectra/8-C3M06.mzML	315	0	211.106994628906	1	14862.300000000001	0.0
71	input_spectra/8-C3M06.mzML	316	0	211.106994628906	1	14901.72	0.0
71	input_spectra/8-C3M06.mzML	317	0	211.106994628906	1	14913.18	0.0
71	input_spectra/8-C3M06.mzML	318	0	211.106994628906	1	14952.6	0.0
71	input_spectra/8-C3M06.mzML	319	0	211.106994628906	1	14964.060000000001	0.0
148	input_spectra/8-C3M06.mzML	320	0	359.191523234049	1	14975.58	0.0
148	input_spectra/8-C3M06.mzML	321	0	359.191523234049	1	14987.1	0.0
22	input_spectra/8-C3M06.mzML	322	0	132.101636250814	1	15049.44	0.0
22	input_spectra/8-C3M06.mzML	323	0	132.101636250814	1	15060.9	0.0
148	input_spectra/8-C3M06.mzML	324	0	359.191523234049	1	15072.42	0.0
148	input_spectra/8-C3M06.mzML	325	0	359.191523234049	1	15083.94	0.0
22	input_spectra/8-C3M06.mzML	326	0	132.101636250814	1	15146.279999999999	0.0
22	input_spectra/8-C3M06.mzML	327	0	132.101636250814	1	15157.74	0.0
148	input_spectra/8-C3M06.mzML	328	0	359.191523234049	1	15169.26	0.0
148	input_spectra/8-C3M06.mzML	329	0	359.191523234049	1	15180.78	0.0
127	input_spectra/8-C3M06.mzML	330	0	317.180948893229	1	15192.24	0.0
127	input_spectra/8-C3M06.mzML	331	0	317.180948893229	1	15203.759999999998	0.0
22	input_spectra/8-C3M06.mzML	332	0	132.101636250814	1	15266.1	0.0
22	input_spectra/8-C3M06.mzML	333	0	132.101636250814	1	15277.56	0.0
127	input_spectra/8-C3M06.mzML	334	0	317.180948893229	1	15289.08	0.0
42	input_spectra/8-C3M06.mzML	335	0	157.096740722656	1	15312.06	0.0
42	input_spectra/8-C3M06.mzML	336	0	157.096740722656	1	15323.52	0.0
42	input_spectra/8-C3M06.mzML	337	0	157.096740722656	1	15362.939999999999	0.0
42	input_spectra/8-C3M06.mzML	338	0	157.096740722656	1	15374.46	0.0
258	input_spectra/8-C3M06.mzML	339	0	751.370585123698	1	15397.559999999998	0.0
127	input_spectra/8-C3M06.mzML	340	0	317.180948893229	1	15409.079999999998	0.0
127	input_spectra/8-C3M06.mzML	341	0	317.180948893229	1	15420.599999999999	0.0
42	input_spectra/8-C3M06.mzML	342	0	157.096740722656	1	15459.96	0.0
42	input_spectra/8-C3M06.mzML	343	0	157.096740722656	1	15471.420000000002	0.0
259	input_spectra/8-C3M06.mzML	344	0	751.370585123698	1	15483.0	0.0
258	input_spectra/8-C3M06.mzML	345	0	751.370585123698	1	15494.58	0.0
259	input_spectra/8-C3M06.mzML	346	0	751.370585123698	1	15533.94	0.0
258	input_spectra/8-C3M06.mzML	347	0	751.370585123698	1	15545.460000000001	0.0
53	input_spectra/8-C3M06.mzML	348	0	169.096837361654	1	15557.039999999999	0.0
53	input_spectra/8-C3M06.mzML	349	0	169.096837361654	1	15568.500000000002	0.0
63	input_spectra/8-C3M06.mzML	350	0	189.086364746094	1	15579.96	0.0
63	input_spectra/8-C3M06.mzML	351	0	189.086364746094	1	15591.48	0.0
53	input_spectra/8-C3M06.mzML	352	0	169.096837361654	1	15630.84	0.0
53	input_spectra/8-C3M06.mzML	353	0	169.096837361654	1	15642.3	0.0
63	input_spectra/8-C3M06.mzML	354	0	189.086364746094	1	15653.82	0.0
63	input_spectra/8-C3M06.mzML	355	0	189.086364746094	1	15665.28	0.0
53	input_spectra/8-C3M06.mzML	356	0	169.096837361654	1	15704.640000000001	0.0
53	input_spectra/8-C3M06.mzML	357	0	169.096837361654	1	15716.159999999998	0.0
63	input_spectra/8-C3M06.mzML	358	0	189.086364746094	1	15727.62	0.0
63	input_spectra/8-C3M06.mzML	359	0	189.086364746094	1	15739.079999999998	0.0
148	input_spectra/8-C3M06.mzML	360	0	359.191523234049	1	16163.22	0.0
148	input_spectra/8-C3M06.mzML	361	0	359.191523234049	1	16174.74	0.0
148	input_spectra/8-C3M06.mzML	362	0	359.191523234049	1	16226.1	0.0
148	input_spectra/8-C3M06.mzML	363	0	359.191523234049	1	16237.62	0.0
148	input_spectra/8-C3M06.mzML	364	0	359.191523234049	1	16276.980000000001	0.0
148	input_spectra/8-C3M06.mzML	365	0	359.191523234049	1	16288.500000000002	0.0
22	input_spectra/8-C3M06.mzML	366	0	132.101636250814	1	16299.96	0.0
22	input_spectra/8-C3M06.mzML	367	0	132.101636250814	1	16311.48	0.0
65	input_spectra/8-C3M06.mzML	368	0	189.122736612956	1	16322.939999999999	0.0
65	input_spectra/8-C3M06.mzML	369	0	189.122736612956	1	16334.400000000001	0.0
49	input_spectra/8-C3M06.mzML	370	0	166.085900878906	1	16373.82	0.0
51	input_spectra/8-C3M06.mzML	371	0	166.085900878906	1	16385.280000000002	0.0
6	input_spectra/8-C3M06.mzML	372	0	120.080554962158	1	16396.739999999998	0.0
8	input_spectra/8-C3M06.mzML	373	0	120.080554962158	1	16408.2	0.0
65	input_spectra/8-C3M06.mzML	374	0	189.122736612956	1	16419.719999999998	0.0
65	input_spectra/8-C3M06.mzML	375	0	189.122736612956	1	16431.18	0.0
224	input_spectra/8-C3M06.mzML	376	0	570.28603108724	1	16442.76	0.0
224	input_spectra/8-C3M06.mzML	377	0	570.28603108724	1	16454.28	0.0
22	input_spectra/8-C3M06.mzML	378	0	132.101636250814	1	16465.739999999998	0.0
22	input_spectra/8-C3M06.mzML	379	0	132.101636250814	1	16477.26	0.0
49	input_spectra/8-C3M06.mzML	380	0	166.087738037109	1	16516.62	0.0
51	input_spectra/8-C3M06.mzML	381	0	166.087738037109	1	16528.14	0.0
6	input_spectra/8-C3M06.mzML	382	0	120.080554962158	1	16539.600000000002	0.0
8	input_spectra/8-C3M06.mzML	383	0	120.080554962158	1	16551.06	0.0
65	input_spectra/8-C3M06.mzML	384	0	189.122736612956	1	16562.519999999997	0.0
65	input_spectra/8-C3M06.mzML	385	0	189.122736612956	1	16574.039999999997	0.0
224	input_spectra/8-C3M06.mzML	386	0	570.28603108724	1	16585.559999999998	0.0
224	input_spectra/8-C3M06.mzML	387	0	570.28603108724	1	16597.079999999998	0.0
157	input_spectra/8-C3M06.mzML	388	0	392.180348714193	1	16608.6	0.0
157	input_spectra/8-C3M06.mzML	389	0	392.180348714193	1	16620.12	0.0
7	input_spectra/8-C3M06.mzML	390	0	120.085327148438	1	16659.48	0.0
9	input_spectra/8-C3M06.mzML	391	0	120.085327148438	1	16670.94	0.0
157	input_spectra/8-C3M06.mzML	392	0	392.180348714193	1	16682.46	0.0
157	input_spectra/8-C3M06.mzML	393	0	392.180348714193	1	16693.98	0.0
224	input_spectra/8-C3M06.mzML	394	0	570.28603108724	1	16705.5	0.0
224	input_spectra/8-C3M06.mzML	395	0	570.28603108724	1	16717.02	0.0
19	input_spectra/8-C3M06.mzML	396	0	131.048741658529	1	16728.54	0.0
20	input_spectra/8-C3M06.mzML	397	0	131.048741658529	1	16740.0	0.0
80	input_spectra/8-C3M06.mzML	398	0	227.101806640625	1	16751.52	0.0
80	input_spectra/8-C3M06.mzML	399	0	227.101806640625	1	16762.98	0.0
157	input_spectra/8-C3M06.mzML	400	0	392.180348714193	1	16802.4	0.0
157	input_spectra/8-C3M06.mzML	401	0	392.180348714193	1	16813.86	0.0
19	input_spectra/8-C3M06.mzML	402	0	131.048741658529	1	16825.38	0.0
20	input_spectra/8-C3M06.mzML	403	0	131.048741658529	1	16836.84	0.0
35	input_spectra/8-C3M06.mzML	404	0	149.059214274089	1	16848.3	0.0
36	input_spectra/8-C3M06.mzML	405	0	149.059214274089	1	16859.82	0.0
80	input_spectra/8-C3M06.mzML	406	0	227.101806640625	1	16871.28	0.0
80	input_spectra/8-C3M06.mzML	407	0	227.101806640625	1	16882.8	0.0
1	input_spectra/8-C3M06.mzML	408	0	103.054044087728	1	16894.260000000002	0.0
2	input_spectra/8-C3M06.mzML	409	0	103.054044087728	1	16905.72	0.0
19	input_spectra/8-C3M06.mzML	410	0	131.048741658529	1	16945.08	0.0
20	input_spectra/8-C3M06.mzML	411	0	131.048741658529	1	16956.600000000002	0.0
35	input_spectra/8-C3M06.mzML	412	0	149.059214274089	1	16968.059999999998	0.0
36	input_spectra/8-C3M06.mzML	413	0	149.059214274089	1	16979.52	0.0
80	input_spectra/8-C3M06.mzML	414	0	227.101806640625	1	16991.04	0.0
80	input_spectra/8-C3M06.mzML	415	0	227.101806640625	1	17002.5	0.0
2	input_spectra/8-C3M06.mzML	416	0	103.054044087728	1	17025.48	0.0
137	input_spectra/8-C3M06.mzML	417	0	331.196441650391	1	17037.0	0.0
137	input_spectra/8-C3M06.mzML	418	0	331.196441650391	1	17048.460000000003	0.0
35	input_spectra/8-C3M06.mzML	419	0	149.059214274089	1	17087.88	0.0
36	input_spectra/8-C3M06.mzML	420	0	149.059214274089	1	17099.34	0.0
137	input_spectra/8-C3M06.mzML	421	0	331.196441650391	1	17110.86	0.0
137	input_spectra/8-C3M06.mzML	422	0	331.196441650391	1	17122.38	0.0
1	input_spectra/8-C3M06.mzML	423	0	103.054044087728	1	17133.84	0.0
2	input_spectra/8-C3M06.mzML	424	0	103.054044087728	1	17145.3	0.0
7	input_spectra/8-C3M06.mzML	425	0	120.085327148438	1	17184.719999999998	0.0
9	input_spectra/8-C3M06.mzML	426	0	120.085327148438	1	17196.18	0.0
137	input_spectra/8-C3M06.mzML	427	0	331.196441650391	1	17207.7	0.0
137	input_spectra/8-C3M06.mzML	428	0	331.196441650391	1	17219.16	0.0
7	input_spectra/8-C3M06.mzML	429	0	120.084045410156	1	17258.579999999998	0.0
9	input_spectra/8-C3M06.mzML	430	0	120.084045410156	1	17270.04	0.0
50	input_spectra/8-C3M06.mzML	431	0	166.09103902181	1	17281.5	0.0
52	input_spectra/8-C3M06.mzML	432	0	166.09103902181	1	17293.02	0.0
6	input_spectra/8-C3M06.mzML	433	0	120.08277130127	1	17332.32	0.0
8	input_spectra/8-C3M06.mzML	434	0	120.08277130127	1	17343.78	0.0
50	input_spectra/8-C3M06.mzML	435	0	166.09103902181	1	17355.3	0.0
52	input_spectra/8-C3M06.mzML	436	0	166.09103902181	1	17366.760000000002	0.0
50	input_spectra/8-C3M06.mzML	437	0	166.09103902181	1	17406.06	0.0
52	input_spectra/8-C3M06.mzML	438	0	166.09103902181	1	17417.58	0.0
32	input_spectra/8-C3M06.mzML	439	0	141.958057403564	1	17601.239999999998	0.0
32	input_spectra/8-C3M06.mzML	440	0	141.958057403564	1	17612.7	0.0
32	input_spectra/8-C3M06.mzML	441	0	141.958057403564	1	18265.32	0.0
32	input_spectra/8-C3M06.mzML	442	0	141.958057403564	1	18276.78	0.0
6	input_spectra/8-C3M06.mzML	443	0	120.080554962158	1	18352.26	0.0
8	input_spectra/8-C3M06.mzML	444	0	120.080554962158	1	18363.72	0.0
6	input_spectra/8-C3M06.mzML	445	0	120.080554962158	1	18403.14	0.0
8	input_spectra/8-C3M06.mzML	446	0	120.080554962158	1	18414.600000000002	0.0
49	input_spectra/8-C3M06.mzML	447	0	166.085900878906	1	18453.96	0.0
51	input_spectra/8-C3M06.mzML	448	0	166.085900878906	1	18465.420000000002	0.0
6	input_spectra/8-C3M06.mzML	449	0	120.080554962158	1	18476.940000000002	0.0
8	input_spectra/8-C3M06.mzML	450	0	120.080554962158	1	18488.399999999998	0.0
65	input_spectra/8-C3M06.mzML	451	0	189.122736612956	1	18499.86	0.0
65	input_spectra/8-C3M06.mzML	452	0	189.122736612956	1	18511.38	0.0
49	input_spectra/8-C3M06.mzML	453	0	166.085900878906	1	18550.739999999998	0.0
51	input_spectra/8-C3M06.mzML	454	0	166.085900878906	1	18562.2	0.0
65	input_spectra/8-C3M06.mzML	455	0	189.122736612956	1	18573.72	0.0
65	input_spectra/8-C3M06.mzML	456	0	189.122736612956	1	18585.18	0.0
49	input_spectra/8-C3M06.mzML	457	0	166.085900878906	1	18624.54	0.0
51	input_spectra/8-C3M06.mzML	458	0	166.085900878906	1	18636.06	0.0
65	input_spectra/8-C3M06.mzML	459	0	189.122736612956	1	18647.519999999997	0.0
65	input_spectra/8-C3M06.mzML	460	0	189.122736612956	1	18658.98	0.0
22	input_spectra/8-C3M06.mzML	461	0	132.101636250814	1	18698.399999999998	0.0
22	input_spectra/8-C3M06.mzML	462	0	132.101636250814	1	18709.86	0.0
178	input_spectra/8-C3M06.mzML	463	0	446.223108927409	1	19170.12	0.0
178	input_spectra/8-C3M06.mzML	464	0	446.223108927409	1	19181.579999999998	0.0
32	input_spectra/8-C3M06.mzML	465	0	141.958057403564	1	19233.0	0.0
32	input_spectra/8-C3M06.mzML	466	0	141.958057403564	1	19244.46	0.0
83	input_spectra/8-C3M06.mzML	467	0	229.154123942057	1	19319.940000000002	0.0
83	input_spectra/8-C3M06.mzML	468	0	229.154123942057	1	19331.4	0.0
178	input_spectra/8-C3M06.mzML	469	0	446.223108927409	1	19394.82	0.0
178	input_spectra/8-C3M06.mzML	470	0	446.223108927409	1	19406.34	0.0
83	input_spectra/8-C3M06.mzML	471	0	229.154123942057	1	19445.7	0.0
83	input_spectra/8-C3M06.mzML	472	0	229.154123942057	1	19457.16	0.0
6	input_spectra/8-C3M06.mzML	473	0	120.080554962158	1	19496.579999999998	0.0
8	input_spectra/8-C3M06.mzML	474	0	120.080554962158	1	19508.04	0.0
178	input_spectra/8-C3M06.mzML	475	0	446.223108927409	1	19519.56	0.0
178	input_spectra/8-C3M06.mzML	476	0	446.223108927409	1	19531.079999999998	0.0
83	input_spectra/8-C3M06.mzML	477	0	229.154123942057	1	19542.6	0.0
83	input_spectra/8-C3M06.mzML	478	0	229.154123942057	1	19554.06	0.0
6	input_spectra/8-C3M06.mzML	479	0	120.080554962158	1	19593.420000000002	0.0
8	input_spectra/8-C3M06.mzML	480	0	120.080554962158	1	19604.940000000002	0.0
49	input_spectra/8-C3M06.mzML	481	0	166.085900878906	1	19644.239999999998	0.0
51	input_spectra/8-C3M06.mzML	482	0	166.085900878906	1	19655.760000000002	0.0
6	input_spectra/8-C3M06.mzML	483	0	120.080554962158	1	19667.219999999998	0.0
8	input_spectra/8-C3M06.mzML	484	0	120.080554962158	1	19678.68	0.0
49	input_spectra/8-C3M06.mzML	485	0	166.085900878906	1	19718.04	0.0
51	input_spectra/8-C3M06.mzML	486	0	166.085900878906	1	19729.56	0.0
49	input_spectra/8-C3M06.mzML	487	0	166.085900878906	1	19768.920000000002	0.0
51	input_spectra/8-C3M06.mzML	488	0	166.085900878906	1	19780.38	0.0
83	input_spectra/8-C3M06.mzML	489	0	229.154123942057	1	20541.239999999998	0.0
83	input_spectra/8-C3M06.mzML	490	0	229.154123942057	1	20552.7	0.0
83	input_spectra/8-C3M06.mzML	491	0	229.154123942057	1	20592.06	0.0
83	input_spectra/8-C3M06.mzML	492	0	229.154123942057	1	20603.52	0.0
83	input_spectra/8-C3M06.mzML	493	0	229.154123942057	1	20654.940000000002	0.0
83	input_spectra/8-C3M06.mzML	494	0	229.154123942057	1	20666.46	0.0
6	input_spectra/8-C3M06.mzML	495	0	120.080554962158	1	20705.82	0.0
8	input_spectra/8-C3M06.mzML	496	0	120.080554962158	1	20717.28	0.0
6	input_spectra/8-C3M06.mzML	497	0	120.080554962158	1	20780.7	0.0
8	input_spectra/8-C3M06.mzML	498	0	120.080554962158	1	20792.16	0.0
49	input_spectra/8-C3M06.mzML	499	0	166.085900878906	1	20831.52	0.0
51	input_spectra/8-C3M06.mzML	500	0	166.085900878906	1	20843.04	0.0
49	input_spectra/8-C3M06.mzML	501	0	166.085900878906	1	20882.4	0.0
51	input_spectra/8-C3M06.mzML	502	0	166.085900878906	1	20893.86	0.0
49	input_spectra/8-C3M06.mzML	503	0	166.085900878906	1	20933.22	0.0
51	input_spectra/8-C3M06.mzML	504	0	166.085900878906	1	20944.74	0.0
201	input_spectra/8-C3M06.mzML	505	0	499.212799072266	1	20956.260000000002	0.0
201	input_spectra/8-C3M06.mzML	506	0	499.212799072266	1	20967.780000000002	0.0
201	input_spectra/8-C3M06.mzML	507	0	499.212799072266	1	21007.140000000003	0.0
201	input_spectra/8-C3M06.mzML	508	0	499.212799072266	1	21018.66	0.0
201	input_spectra/8-C3M06.mzML	509	0	499.212799072266	1	21058.02	0.0
201	input_spectra/8-C3M06.mzML	510	0	499.212799072266	1	21069.54	0.0
32	input_spectra/8-C3M06.mzML	511	0	141.958057403564	1	21144.96	0.0
32	input_spectra/8-C3M06.mzML	512	0	141.958057403564	1	21156.420000000002	0.0
106	input_spectra/8-C3M06.mzML	513	0	274.175567626953	1	21376.14	0.0
106	input_spectra/8-C3M06.mzML	514	0	274.175567626953	1	21387.66	0.0
106	input_spectra/8-C3M06.mzML	515	0	274.175567626953	1	21427.02	0.0
106	input_spectra/8-C3M06.mzML	516	0	274.175567626953	1	21438.48	0.0
106	input_spectra/8-C3M06.mzML	517	0	274.175567626953	1	21477.899999999998	0.0
106	input_spectra/8-C3M06.mzML	518	0	274.175567626953	1	21489.36	0.0
85	input_spectra/8-C3M06.mzML	519	0	231.16953531901	1	21662.7	0.0
85	input_spectra/8-C3M06.mzML	520	0	231.16953531901	1	21736.44	0.0
86	input_spectra/8-C3M06.mzML	521	0	231.16953531901	1	21747.96	0.0
85	input_spectra/8-C3M06.mzML	522	0	231.16953531901	1	21787.26	0.0
86	input_spectra/8-C3M06.mzML	523	0	231.16953531901	1	21798.78	0.0
83	input_spectra/8-C3M06.mzML	524	0	229.154123942057	1	21986.82	0.0
83	input_spectra/8-C3M06.mzML	525	0	229.154123942057	1	21998.34	0.0
83	input_spectra/8-C3M06.mzML	526	0	229.154123942057	1	22037.7	0.0
83	input_spectra/8-C3M06.mzML	527	0	229.154123942057	1	22049.16	0.0
83	input_spectra/8-C3M06.mzML	528	0	229.154123942057	1	22088.579999999998	0.0
83	input_spectra/8-C3M06.mzML	529	0	229.154123942057	1	22100.04	0.0
201	input_spectra/8-C3M06.mzML	530	0	499.212799072266	1	22139.4	0.0
201	input_spectra/8-C3M06.mzML	531	0	499.212799072266	1	22150.920000000002	0.0
201	input_spectra/8-C3M06.mzML	532	0	499.212799072266	1	22190.280000000002	0.0
201	input_spectra/8-C3M06.mzML	533	0	499.212799072266	1	22201.8	0.0
201	input_spectra/8-C3M06.mzML	534	0	499.212799072266	1	22241.16	0.0
201	input_spectra/8-C3M06.mzML	535	0	499.212799072266	1	22252.68	0.0
161	input_spectra/8-C3M06.mzML	536	0	414.233378092448	1	22749.0	0.0
161	input_spectra/8-C3M06.mzML	537	0	414.233378092448	1	22760.46	0.0
161	input_spectra/8-C3M06.mzML	538	0	414.233378092448	1	22799.88	0.0
161	input_spectra/8-C3M06.mzML	539	0	414.233378092448	1	22811.34	0.0
161	input_spectra/8-C3M06.mzML	540	0	414.233378092448	1	22850.760000000002	0.0
161	input_spectra/8-C3M06.mzML	541	0	414.233378092448	1	22862.28	0.0
179	input_spectra/8-C3M06.mzML	542	0	446.223108927409	1	22873.800000000003	0.0
179	input_spectra/8-C3M06.mzML	543	0	446.223108927409	1	22885.26	0.0
179	input_spectra/8-C3M06.mzML	544	0	446.223108927409	1	22924.68	0.0
179	input_spectra/8-C3M06.mzML	545	0	446.223108927409	1	22936.14	0.0
179	input_spectra/8-C3M06.mzML	546	0	446.223108927409	1	22975.559999999998	0.0
179	input_spectra/8-C3M06.mzML	547	0	446.223108927409	1	22987.02	0.0
83	input_spectra/8-C3M06.mzML	548	0	229.154123942057	1	23146.68	0.0
83	input_spectra/8-C3M06.mzML	549	0	229.154123942057	1	23158.14	0.0
83	input_spectra/8-C3M06.mzML	550	0	229.154123942057	1	23197.5	0.0
83	input_spectra/8-C3M06.mzML	551	0	229.154123942057	1	23208.96	0.0
83	input_spectra/8-C3M06.mzML	552	0	229.154123942057	1	23248.38	0.0
83	input_spectra/8-C3M06.mzML	553	0	229.154123942057	1	23259.84	0.0
66	input_spectra/8-C3M06.mzML	554	0	195.112319946289	1	23271.36	0.0
66	input_spectra/8-C3M06.mzML	555	0	195.112319946289	1	23282.82	0.0
66	input_spectra/8-C3M06.mzML	556	0	195.112319946289	1	23322.18	0.0
66	input_spectra/8-C3M06.mzML	557	0	195.112319946289	1	23333.64	0.0
110	input_spectra/8-C3M06.mzML	558	0	286.17529296875	1	23345.16	0.0
110	input_spectra/8-C3M06.mzML	559	0	286.17529296875	1	23356.62	0.0
110	input_spectra/8-C3M06.mzML	560	0	286.17529296875	1	23396.04	0.0
110	input_spectra/8-C3M06.mzML	561	0	286.17529296875	1	23407.5	0.0
66	input_spectra/8-C3M06.mzML	562	0	195.112319946289	1	23419.02	0.0
66	input_spectra/8-C3M06.mzML	563	0	195.112319946289	1	23430.48	0.0
110	input_spectra/8-C3M06.mzML	564	0	286.17529296875	1	23469.84	0.0
110	input_spectra/8-C3M06.mzML	565	0	286.17529296875	1	23481.36	0.0
211	input_spectra/8-C3M06.mzML	566	0	527.280680338542	1	23592.84	0.0
211	input_spectra/8-C3M06.mzML	567	0	527.280680338542	1	23604.36	0.0
211	input_spectra/8-C3M06.mzML	568	0	527.280680338542	1	23643.78	0.0
211	input_spectra/8-C3M06.mzML	569	0	527.280680338542	1	23655.24	0.0
211	input_spectra/8-C3M06.mzML	570	0	527.280680338542	1	23694.66	0.0
211	input_spectra/8-C3M06.mzML	571	0	527.280680338542	1	23706.18	0.0
275	input_spectra/8-C3M06.mzML	572	0	922.422648111979	1	23919.48	0.0
276	input_spectra/8-C3M06.mzML	573	0	922.422648111979	1	23931.0	0.0
276	input_spectra/8-C3M06.mzML	574	0	922.422648111979	1	23981.940000000002	0.0
275	input_spectra/8-C3M06.mzML	575	0	922.422648111979	1	24021.300000000003	0.0
276	input_spectra/8-C3M06.mzML	576	0	922.422648111979	1	24032.88	0.0
260	input_spectra/8-C3M06.mzML	577	0	756.349609375	1	24072.24	0.0
261	input_spectra/8-C3M06.mzML	578	0	756.349609375	1	24083.760000000002	0.0
230	input_spectra/8-C3M06.mzML	579	0	590.283935546875	1	24095.280000000002	0.0
230	input_spectra/8-C3M06.mzML	580	0	590.283935546875	1	24106.8	0.0
260	input_spectra/8-C3M06.mzML	581	0	756.349609375	1	24146.16	0.0
261	input_spectra/8-C3M06.mzML	582	0	756.349609375	1	24157.68	0.0
273	input_spectra/8-C3M06.mzML	583	0	906.428426106771	1	24169.260000000002	0.0
274	input_spectra/8-C3M06.mzML	584	0	906.428426106771	1	24180.78	0.0
244	input_spectra/8-C3M06.mzML	585	0	618.322977701823	1	24192.36	0.0
245	input_spectra/8-C3M06.mzML	586	0	618.322977701823	1	24203.88	0.0
260	input_spectra/8-C3M06.mzML	587	0	756.349609375	1	24243.239999999998	0.0
261	input_spectra/8-C3M06.mzML	588	0	756.349609375	1	24254.82	0.0
273	input_spectra/8-C3M06.mzML	589	0	906.428426106771	1	24266.34	0.0
274	input_spectra/8-C3M06.mzML	590	0	906.428426106771	1	24277.920000000002	0.0
262	input_spectra/8-C3M06.mzML	591	0	783.433471679688	1	24289.440000000002	0.0
263	input_spectra/8-C3M06.mzML	592	0	783.433471679688	1	24300.960000000003	0.0
244	input_spectra/8-C3M06.mzML	593	0	618.322977701823	1	24312.54	0.0
245	input_spectra/8-C3M06.mzML	594	0	618.322977701823	1	24324.06	0.0
262	input_spectra/8-C3M06.mzML	595	0	783.433471679688	1	24386.46	0.0
263	input_spectra/8-C3M06.mzML	596	0	783.433471679688	1	24397.98	0.0
244	input_spectra/8-C3M06.mzML	597	0	618.322977701823	1	24409.56	0.0
245	input_spectra/8-C3M06.mzML	598	0	618.322977701823	1	24421.079999999998	0.0
285	input_spectra/8-C3M06.mzML	599	0	1105.570068359375	1	24432.66	0.0
286	input_spectra/8-C3M06.mzML	600	0	1105.570068359375	1	24444.239999999998	0.0
265	input_spectra/8-C3M06.mzML	601	0	811.392578125	1	24467.34	0.0
287	input_spectra/8-C3M06.mzML	602	0	1106.557800292969	1	24529.8	0.0
279	input_spectra/8-C3M06.mzML	603	0	938.418151855469	1	24564.48	0.0
232	input_spectra/8-C3M06.mzML	604	0	602.277038574219	1	24576.06	0.0
233	input_spectra/8-C3M06.mzML	605	0	602.277038574219	1	24587.58	0.0
268	input_spectra/8-C3M06.mzML	606	0	853.450012207031	1	24610.68	0.0
167	input_spectra/8-C3M06.mzML	607	0	427.229553222656	1	24622.2	0.0
167	input_spectra/8-C3M06.mzML	608	0	427.229553222656	1	24633.72	0.0
195	input_spectra/8-C3M06.mzML	609	0	488.234039306641	1	24673.08	0.0
195	input_spectra/8-C3M06.mzML	610	0	488.234039306641	1	24684.600000000002	0.0
232	input_spectra/8-C3M06.mzML	611	0	602.277038574219	1	24719.34	0.0
233	input_spectra/8-C3M06.mzML	612	0	602.277038574219	1	24730.86	0.0
269	input_spectra/8-C3M06.mzML	613	0	853.450012207031	1	24753.96	0.0
283	input_spectra/8-C3M06.mzML	614	0	997.455261230469	1	24777.12	0.0
169	input_spectra/8-C3M06.mzML	615	0	430.228698730469	1	24816.48	0.0
169	input_spectra/8-C3M06.mzML	616	0	430.228698730469	1	24828.0	0.0
128	input_spectra/8-C3M06.mzML	617	0	318.129089355469	1	24839.46	0.0
128	input_spectra/8-C3M06.mzML	618	0	318.129089355469	1	24850.98	0.0
242	input_spectra/8-C3M06.mzML	619	0	615.306823730469	1	24874.02	0.0
195	input_spectra/8-C3M06.mzML	620	0	488.234039306641	1	24959.640000000003	0.0
195	input_spectra/8-C3M06.mzML	621	0	488.234039306641	1	24971.1	0.0
169	input_spectra/8-C3M06.mzML	622	0	430.228698730469	1	24982.62	0.0
169	input_spectra/8-C3M06.mzML	623	0	430.228698730469	1	24994.14	0.0
186	input_spectra/8-C3M06.mzML	624	0	460.239593505859	1	25028.699999999997	0.0
186	input_spectra/8-C3M06.mzML	625	0	460.239593505859	1	25040.22	0.0
227	input_spectra/8-C3M06.mzML	626	0	584.302551269531	1	25102.74	0.0
228	input_spectra/8-C3M06.mzML	627	0	584.302551269531	1	25114.260000000002	0.0
77	input_spectra/8-C3M06.mzML	628	0	223.107620239258	1	25125.78	0.0
77	input_spectra/8-C3M06.mzML	629	0	223.107620239258	1	25137.24	0.0
288	input_spectra/8-C3M06.mzML	630	0	1149.549438476563	1	25160.46	0.0
247	input_spectra/8-C3M06.mzML	631	0	655.339274088542	1	25257.54	0.0
288	input_spectra/8-C3M06.mzML	632	0	1149.549438476563	1	25280.760000000002	0.0
150	input_spectra/8-C3M06.mzML	633	0	371.227233886719	1	25315.38	0.0
150	input_spectra/8-C3M06.mzML	634	0	371.227233886719	1	25326.9	0.0
120	input_spectra/8-C3M06.mzML	635	0	300.201110839844	1	25338.36	0.0
168	input_spectra/8-C3M06.mzML	636	0	428.249557495117	1	25389.239999999998	0.0
168	input_spectra/8-C3M06.mzML	637	0	428.249557495117	1	25400.760000000002	0.0
248	input_spectra/8-C3M06.mzML	638	0	655.339274088542	1	25412.34	0.0
247	input_spectra/8-C3M06.mzML	639	0	655.339274088542	1	25423.86	0.0
284	input_spectra/8-C3M06.mzML	640	0	1064.534301757813	1	25446.96	0.0
153	input_spectra/8-C3M06.mzML	641	0	383.228668212891	1	25458.54	0.0
153	input_spectra/8-C3M06.mzML	642	0	383.228668212891	1	25470.059999999998	0.0
184	input_spectra/8-C3M06.mzML	643	0	456.244506835938	1	25481.579999999998	0.0
184	input_spectra/8-C3M06.mzML	644	0	456.244506835938	1	25493.1	0.0
185	input_spectra/8-C3M06.mzML	645	0	458.259979248047	1	25532.46	0.0
185	input_spectra/8-C3M06.mzML	646	0	458.259979248047	1	25543.98	0.0
248	input_spectra/8-C3M06.mzML	647	0	655.339274088542	1	25555.5	0.0
247	input_spectra/8-C3M06.mzML	648	0	655.339274088542	1	25567.02	0.0
168	input_spectra/8-C3M06.mzML	649	0	428.249557495117	1	25578.54	0.0
220	input_spectra/8-C3M06.mzML	650	0	557.291870117188	1	25636.32	0.0
172	input_spectra/8-C3M06.mzML	651	0	440.249572753906	1	25675.68	0.0
172	input_spectra/8-C3M06.mzML	652	0	440.249572753906	1	25687.2	0.0
208	input_spectra/8-C3M06.mzML	653	0	522.218017578125	1	25698.72	0.0
208	input_spectra/8-C3M06.mzML	654	0	522.218017578125	1	25710.24	0.0
235	input_spectra/8-C3M06.mzML	655	0	612.333638509115	1	25744.92	0.0
236	input_spectra/8-C3M06.mzML	656	0	612.333638509115	1	25756.44	0.0
172	input_spectra/8-C3M06.mzML	657	0	440.249572753906	1	25818.9	0.0
172	input_spectra/8-C3M06.mzML	658	0	440.249572753906	1	25830.420000000002	0.0
235	input_spectra/8-C3M06.mzML	659	0	612.333638509115	1	25841.940000000002	0.0
236	input_spectra/8-C3M06.mzML	660	0	612.333638509115	1	25853.460000000003	0.0
202	input_spectra/8-C3M06.mzML	661	0	511.285888671875	1	25864.980000000003	0.0
202	input_spectra/8-C3M06.mzML	662	0	511.285888671875	1	25876.5	0.0
229	input_spectra/8-C3M06.mzML	663	0	586.317932128906	1	25888.02	0.0
229	input_spectra/8-C3M06.mzML	664	0	586.317932128906	1	25899.54	0.0
229	input_spectra/8-C3M06.mzML	665	0	586.317932128906	1	25962.0	0.0
229	input_spectra/8-C3M06.mzML	666	0	586.317932128906	1	25973.52	0.0
142	input_spectra/8-C3M06.mzML	667	0	344.227294921875	1	25985.04	0.0
61	input_spectra/8-C3M06.mzML	668	0	188.070503234863	1	26105.1	0.0
62	input_spectra/8-C3M06.mzML	669	0	188.070503234863	1	26116.56	0.0
69	input_spectra/8-C3M06.mzML	670	0	205.097099304199	1	26128.02	0.0
70	input_spectra/8-C3M06.mzML	671	0	205.097099304199	1	26139.600000000002	0.0
237	input_spectra/8-C3M06.mzML	672	0	612.333638509115	1	26174.22	0.0
237	input_spectra/8-C3M06.mzML	673	0	612.333638509115	1	26185.739999999998	0.0
270	input_spectra/8-C3M06.mzML	674	0	871.448608398438	1	26197.32	0.0
271	input_spectra/8-C3M06.mzML	675	0	871.448608398438	1	26208.84	0.0
270	input_spectra/8-C3M06.mzML	676	0	871.448608398438	1	26248.2	0.0
271	input_spectra/8-C3M06.mzML	677	0	871.448608398438	1	26259.78	0.0
61	input_spectra/8-C3M06.mzML	678	0	188.070503234863	1	26271.300000000003	0.0
62	input_spectra/8-C3M06.mzML	679	0	188.070503234863	1	26282.76	0.0
69	input_spectra/8-C3M06.mzML	680	0	205.097099304199	1	26294.28	0.0
70	input_spectra/8-C3M06.mzML	681	0	205.097099304199	1	26305.739999999998	0.0
156	input_spectra/8-C3M06.mzML	682	0	388.253372192383	1	26317.26	0.0
156	input_spectra/8-C3M06.mzML	683	0	388.253372192383	1	26328.78	0.0
156	input_spectra/8-C3M06.mzML	684	0	388.253372192383	1	26391.12	0.0
156	input_spectra/8-C3M06.mzML	685	0	388.253372192383	1	26402.64	0.0
280	input_spectra/8-C3M06.mzML	686	0	947.445373535156	1	26437.26	0.0
281	input_spectra/8-C3M06.mzML	687	0	947.445373535156	1	26448.78	0.0
239	input_spectra/8-C3M06.mzML	688	0	614.348876953125	1	26483.399999999998	0.0
239	input_spectra/8-C3M06.mzML	689	0	614.348876953125	1	26494.92	0.0
239	input_spectra/8-C3M06.mzML	690	0	614.348876953125	1	26534.28	0.0
239	input_spectra/8-C3M06.mzML	691	0	614.348876953125	1	26545.8	0.0
255	input_spectra/8-C3M06.mzML	692	0	743.391571044922	1	26557.32	0.0
256	input_spectra/8-C3M06.mzML	693	0	743.391571044922	1	26568.9	0.0
171	input_spectra/8-C3M06.mzML	694	0	432.279805501302	1	26580.420000000002	0.0
171	input_spectra/8-C3M06.mzML	695	0	432.279805501302	1	26591.879999999997	0.0
171	input_spectra/8-C3M06.mzML	696	0	432.279805501302	1	26677.62	0.0
171	input_spectra/8-C3M06.mzML	697	0	432.279805501302	1	26689.14	0.0
255	input_spectra/8-C3M06.mzML	698	0	743.391571044922	1	26723.699999999997	0.0
256	input_spectra/8-C3M06.mzML	699	0	743.391571044922	1	26735.22	0.0
163	input_spectra/8-C3M06.mzML	700	0	415.252899169922	1	26746.739999999998	0.0
193	input_spectra/8-C3M06.mzML	701	0	483.290130615234	1	26769.78	0.0
193	input_spectra/8-C3M06.mzML	702	0	483.290130615234	1	26781.300000000003	0.0
189	input_spectra/8-C3M06.mzML	703	0	476.30625406901	1	26820.66	0.0
189	input_spectra/8-C3M06.mzML	704	0	476.30625406901	1	26832.18	0.0
171	input_spectra/8-C3M06.mzML	705	0	432.279805501302	1	26843.64	0.0
171	input_spectra/8-C3M06.mzML	706	0	432.279805501302	1	26855.16	0.0
154	input_spectra/8-C3M06.mzML	707	0	385.243469238281	1	26912.7	0.0
154	input_spectra/8-C3M06.mzML	708	0	385.243469238281	1	26924.22	0.0
189	input_spectra/8-C3M06.mzML	709	0	476.30625406901	1	26963.579999999998	0.0
189	input_spectra/8-C3M06.mzML	710	0	476.30625406901	1	26975.1	0.0
81	input_spectra/8-C3M06.mzML	711	0	227.138880411784	1	26986.62	0.0
81	input_spectra/8-C3M06.mzML	712	0	227.138880411784	1	26998.08	0.0
207	input_spectra/8-C3M06.mzML	713	0	520.333190917969	1	27106.56	0.0
207	input_spectra/8-C3M06.mzML	714	0	520.333190917969	1	27118.08	0.0
189	input_spectra/8-C3M06.mzML	715	0	476.30625406901	1	27152.58	0.0
81	input_spectra/8-C3M06.mzML	716	0	227.138880411784	1	27175.620000000003	0.0
81	input_spectra/8-C3M06.mzML	717	0	227.138880411784	1	27187.079999999998	0.0
291	input_spectra/8-C3M06.mzML	718	0	1200.549682617188	1	27198.72	0.0
292	input_spectra/8-C3M06.mzML	719	0	1200.549682617188	1	27210.3	0.0
207	input_spectra/8-C3M06.mzML	720	0	520.333190917969	1	27249.719999999998	0.0
207	input_spectra/8-C3M06.mzML	721	0	520.333190917969	1	27261.18	0.0
221	input_spectra/8-C3M06.mzML	722	0	564.358317057292	1	27272.7	0.0
221	input_spectra/8-C3M06.mzML	723	0	564.358317057292	1	27284.22	0.0
81	input_spectra/8-C3M06.mzML	724	0	227.138880411784	1	27295.739999999998	0.0
81	input_spectra/8-C3M06.mzML	725	0	227.138880411784	1	27307.26	0.0
209	input_spectra/8-C3M06.mzML	726	0	525.287048339844	1	27330.3	0.0
222	input_spectra/8-C3M06.mzML	727	0	569.314575195313	1	27341.82	0.0
221	input_spectra/8-C3M06.mzML	728	0	564.358317057292	1	27392.7	0.0
221	input_spectra/8-C3M06.mzML	729	0	564.358317057292	1	27404.22	0.0
234	input_spectra/8-C3M06.mzML	730	0	608.38368733724	1	27415.739999999998	0.0
234	input_spectra/8-C3M06.mzML	731	0	608.38368733724	1	27427.26	0.0
223	input_spectra/8-C3M06.mzML	732	0	569.314575195313	1	27450.3	0.0
164	input_spectra/8-C3M06.mzML	733	0	419.227905273438	1	27461.82	0.0
164	input_spectra/8-C3M06.mzML	734	0	419.227905273438	1	27473.34	0.0
99	input_spectra/8-C3M06.mzML	735	0	261.122833251953	1	27484.86	0.0
99	input_spectra/8-C3M06.mzML	736	0	261.122833251953	1	27496.32	0.0
234	input_spectra/8-C3M06.mzML	737	0	608.38368733724	1	27535.68	0.0
234	input_spectra/8-C3M06.mzML	738	0	608.38368733724	1	27547.2	0.0
99	input_spectra/8-C3M06.mzML	739	0	261.122833251953	1	27558.72	0.0
99	input_spectra/8-C3M06.mzML	740	0	261.122833251953	1	27570.24	0.0
246	input_spectra/8-C3M06.mzML	741	0	652.409505208333	1	27604.8	0.0
246	input_spectra/8-C3M06.mzML	742	0	652.409505208333	1	27616.32	0.0
221	input_spectra/8-C3M06.mzML	743	0	564.358317057292	1	27627.84	0.0
221	input_spectra/8-C3M06.mzML	744	0	564.358317057292	1	27639.36	0.0
246	input_spectra/8-C3M06.mzML	745	0	652.409505208333	1	27678.78	0.0
246	input_spectra/8-C3M06.mzML	746	0	652.409505208333	1	27690.3	0.0
234	input_spectra/8-C3M06.mzML	747	0	608.38368733724	1	27701.82	0.0
234	input_spectra/8-C3M06.mzML	748	0	608.38368733724	1	27713.34	0.0
251	input_spectra/8-C3M06.mzML	749	0	696.435455322266	1	27724.86	0.0
251	input_spectra/8-C3M06.mzML	750	0	696.435455322266	1	27736.38	0.0
4	input_spectra/8-C3M06.mzML	751	0	117.072863624209	1	27747.899999999998	0.0
4	input_spectra/8-C3M06.mzML	752	0	117.072863624209	1	27759.36	0.0
251	input_spectra/8-C3M06.mzML	753	0	696.435455322266	1	27821.879999999997	0.0
251	input_spectra/8-C3M06.mzML	754	0	696.435455322266	1	27833.399999999998	0.0
254	input_spectra/8-C3M06.mzML	755	0	740.461608886719	1	27844.92	0.0
254	input_spectra/8-C3M06.mzML	756	0	740.461608886719	1	27856.44	0.0
246	input_spectra/8-C3M06.mzML	757	0	652.409505208333	1	27868.02	0.0
246	input_spectra/8-C3M06.mzML	758	0	652.409505208333	1	27879.54	0.0
4	input_spectra/8-C3M06.mzML	759	0	117.072863624209	1	27891.06	0.0
4	input_spectra/8-C3M06.mzML	760	0	117.072863624209	1	27902.519999999997	0.0
254	input_spectra/8-C3M06.mzML	761	0	740.461608886719	1	27964.86	0.0
254	input_spectra/8-C3M06.mzML	762	0	740.461608886719	1	27976.38	0.0
264	input_spectra/8-C3M06.mzML	763	0	784.487426757813	1	27987.899999999998	0.0
264	input_spectra/8-C3M06.mzML	764	0	784.487426757813	1	27999.48	0.0
4	input_spectra/8-C3M06.mzML	765	0	117.072863624209	1	28011.0	0.0
4	input_spectra/8-C3M06.mzML	766	0	117.072863624209	1	28022.46	0.0
72	input_spectra/8-C3M06.mzML	767	0	211.143666585286	1	28033.98	0.0
72	input_spectra/8-C3M06.mzML	768	0	211.143666585286	1	28045.44	0.0
93	input_spectra/8-C3M06.mzML	769	0	243.133514404297	1	28056.96	0.0
93	input_spectra/8-C3M06.mzML	770	0	243.133514404297	1	28068.420000000002	0.0
100	input_spectra/8-C3M06.mzML	771	0	261.122833251953	1	28107.780000000002	0.0
100	input_spectra/8-C3M06.mzML	772	0	261.122833251953	1	28119.3	0.0
267	input_spectra/8-C3M06.mzML	773	0	828.512512207031	1	28130.88	0.0
267	input_spectra/8-C3M06.mzML	774	0	828.512512207031	1	28142.4	0.0
264	input_spectra/8-C3M06.mzML	775	0	784.487426757813	1	28153.98	0.0
272	input_spectra/8-C3M06.mzML	776	0	872.539001464844	1	28204.86	0.0
272	input_spectra/8-C3M06.mzML	777	0	872.539001464844	1	28216.44	0.0
170	input_spectra/8-C3M06.mzML	778	0	430.243286132813	1	28255.8	0.0
72	input_spectra/8-C3M06.mzML	779	0	211.143666585286	1	28306.62	0.0
72	input_spectra/8-C3M06.mzML	780	0	211.143666585286	1	28318.14	0.0
170	input_spectra/8-C3M06.mzML	781	0	430.243286132813	1	28329.66	0.0
72	input_spectra/8-C3M06.mzML	782	0	211.143666585286	1	28403.579999999998	0.0
72	input_spectra/8-C3M06.mzML	783	0	211.143666585286	1	28415.04	0.0
94	input_spectra/8-C3M06.mzML	784	0	245.127873738607	1	28839.18	0.0
94	input_spectra/8-C3M06.mzML	785	0	245.127873738607	1	28850.7	0.0
94	input_spectra/8-C3M06.mzML	786	0	245.127873738607	1	28890.0	0.0
94	input_spectra/8-C3M06.mzML	787	0	245.127873738607	1	28901.52	0.0
94	input_spectra/8-C3M06.mzML	788	0	245.127873738607	1	28940.88	0.0
94	input_spectra/8-C3M06.mzML	789	0	245.127873738607	1	28952.4	0.0
33	input_spectra/8-C3M06.mzML	790	0	145.075856526693	1	29424.600000000002	0.0
33	input_spectra/8-C3M06.mzML	791	0	145.075856526693	1	29475.48	0.0
33	input_spectra/8-C3M06.mzML	792	0	145.075856526693	1	29486.940000000002	0.0
33	input_spectra/8-C3M06.mzML	793	0	145.075856526693	1	29526.36	0.0
126	input_spectra/8-C3M06.mzML	794	0	311.17519124349	1	29877.780000000002	0.0
126	input_spectra/8-C3M06.mzML	795	0	311.17519124349	1	29889.3	0.0
126	input_spectra/8-C3M06.mzML	796	0	311.17519124349	1	29928.66	0.0
126	input_spectra/8-C3M06.mzML	797	0	311.17519124349	1	29940.12	0.0
126	input_spectra/8-C3M06.mzML	798	0	311.17519124349	1	29979.54	0.0
126	input_spectra/8-C3M06.mzML	799	0	311.17519124349	1	29991.0	0.0
129	input_spectra/8-C3M06.mzML	800	0	328.268272986779	1	30451.260000000002	0.0
130	input_spectra/8-C3M06.mzML	801	0	328.268272986779	1	30462.72	0.0
129	input_spectra/8-C3M06.mzML	802	0	328.268272986779	1	30513.6	0.0
129	input_spectra/8-C3M06.mzML	803	0	328.268272986779	1	30552.96	0.0
130	input_spectra/8-C3M06.mzML	804	0	328.268272986779	1	30564.48	0.0
60	input_spectra/8-C3M06.mzML	805	0	186.221750895182	1	30964.56	0.0
60	input_spectra/8-C3M06.mzML	806	0	186.221750895182	1	31063.56	0.0
60	input_spectra/8-C3M06.mzML	807	0	186.221750895182	1	31126.38	0.0
131	input_spectra/8-C3M06.mzML	808	0	328.268272986779	1	31610.100000000002	0.0
129	input_spectra/8-C3M06.mzML	809	0	328.268272986779	1	31621.620000000003	0.0
132	input_spectra/8-C3M06.mzML	810	0	328.268272986779	1	31660.98	0.0
130	input_spectra/8-C3M06.mzML	811	0	328.268272986779	1	31672.440000000002	0.0
133	input_spectra/8-C3M06.mzML	812	0	328.268272986779	1	31711.8	0.0
130	input_spectra/8-C3M06.mzML	813	0	328.268272986779	1	31723.32	0.0
60	input_spectra/8-C3M06.mzML	814	0	186.221750895182	1	32215.920000000002	0.0
60	input_spectra/8-C3M06.mzML	815	0	186.221750895182	1	32227.380000000005	0.0
60	input_spectra/8-C3M06.mzML	816	0	186.221750895182	1	32266.739999999998	0.0
60	input_spectra/8-C3M06.mzML	817	0	186.221750895182	1	32278.260000000002	0.0
60	input_spectra/8-C3M06.mzML	818	0	186.221750895182	1	32317.619999999995	0.0
60	input_spectra/8-C3M06.mzML	819	0	186.221750895182	1	32329.079999999998	0.0
107	input_spectra/8-C3M06.mzML	820	0	274.274291992188	1	32368.440000000002	0.0
107	input_spectra/8-C3M06.mzML	821	0	274.274291992188	1	32379.960000000003	0.0
107	input_spectra/8-C3M06.mzML	822	0	274.274291992188	1	32419.32	0.0
107	input_spectra/8-C3M06.mzML	823	0	274.274291992188	1	32430.780000000002	0.0
107	input_spectra/8-C3M06.mzML	824	0	274.274291992188	1	32470.14	0.0
107	input_spectra/8-C3M06.mzML	825	0	274.274291992188	1	32481.66	0.0
133	input_spectra/8-C3M06.mzML	826	0	328.268272986779	1	32749.500000000004	0.0
134	input_spectra/8-C3M06.mzML	827	0	328.268272986779	1	32760.96	0.0
133	input_spectra/8-C3M06.mzML	828	0	328.268272986779	1	32811.840000000004	0.0
131	input_spectra/8-C3M06.mzML	829	0	328.268272986779	1	32851.2	0.0
135	input_spectra/8-C3M06.mzML	830	0	328.268272986779	1	32862.72	0.0
187	input_spectra/8-C3M06.mzML	831	0	466.31640625	1	32952.96	0.0
188	input_spectra/8-C3M06.mzML	832	0	466.31640625	1	32964.48	0.0
216	input_spectra/8-C3M06.mzML	833	0	534.35312906901	1	32998.979999999996	0.0
187	input_spectra/8-C3M06.mzML	834	0	466.31640625	1	33049.86	0.0
188	input_spectra/8-C3M06.mzML	835	0	466.31640625	1	33061.380000000005	0.0
216	input_spectra/8-C3M06.mzML	836	0	534.35312906901	1	33084.420000000006	0.0
181	input_spectra/8-C3M06.mzML	837	0	448.305643717448	1	33095.94	0.0
277	input_spectra/8-C3M06.mzML	838	0	931.623738606771	1	33119.04	0.0
278	input_spectra/8-C3M06.mzML	839	0	931.623738606771	1	33130.560000000005	0.0
181	input_spectra/8-C3M06.mzML	840	0	448.305643717448	1	33193.02	0.0
216	input_spectra/8-C3M06.mzML	841	0	534.35312906901	1	33227.58	0.0
277	input_spectra/8-C3M06.mzML	842	0	931.623738606771	1	33239.159999999996	0.0
278	input_spectra/8-C3M06.mzML	843	0	931.623738606771	1	33250.68	0.0
282	input_spectra/8-C3M06.mzML	844	0	953.606079101563	1	33285.3	0.0
282	input_spectra/8-C3M06.mzML	845	0	953.606079101563	1	33296.88	0.0
277	input_spectra/8-C3M06.mzML	846	0	931.623738606771	1	33382.380000000005	0.0
278	input_spectra/8-C3M06.mzML	847	0	931.623738606771	1	33393.9	0.0
132	input_spectra/8-C3M06.mzML	848	0	328.268272986779	1	33892.2	0.0
134	input_spectra/8-C3M06.mzML	849	0	328.268272986779	1	33903.72	0.0
131	input_spectra/8-C3M06.mzML	850	0	328.268272986779	1	33943.079999999994	0.0
130	input_spectra/8-C3M06.mzML	851	0	328.268272986779	1	33954.6	0.0
133	input_spectra/8-C3M06.mzML	852	0	328.268272986779	1	33993.96	0.0
130	input_spectra/8-C3M06.mzML	853	0	328.268272986779	1	34005.48	0.0
84	input_spectra/8-C3M06.mzML	854	0	230.248026529948	1	34305.659999999996	0.0
84	input_spectra/8-C3M06.mzML	855	0	230.248026529948	1	34317.12	0.0
84	input_spectra/8-C3M06.mzML	856	0	230.248026529948	1	34356.479999999996	0.0
84	input_spectra/8-C3M06.mzML	857	0	230.248026529948	1	34367.94	0.0
84	input_spectra/8-C3M06.mzML	858	0	230.248026529948	1	34407.36	0.0
84	input_spectra/8-C3M06.mzML	859	0	230.248026529948	1	34418.82	0.0
131	input_spectra/8-C3M06.mzML	860	0	328.268272986779	1	35035.38	0.0
134	input_spectra/8-C3M06.mzML	861	0	328.268272986779	1	35046.9	0.0
131	input_spectra/8-C3M06.mzML	862	0	328.268272986779	1	35086.2	0.0
135	input_spectra/8-C3M06.mzML	863	0	328.268272986779	1	35097.72	0.0
131	input_spectra/8-C3M06.mzML	864	0	328.268272986779	1	35137.08	0.0
135	input_spectra/8-C3M06.mzML	865	0	328.268272986779	1	35148.6	0.0
147	input_spectra/8-C3M06.mzML	866	0	358.241114298503	1	36125.88	0.0
147	input_spectra/8-C3M06.mzML	867	0	358.241114298503	1	36137.34	0.0
176	input_spectra/8-C3M06.mzML	868	0	444.288208007813	1	36148.86	0.0
176	input_spectra/8-C3M06.mzML	869	0	444.288208007813	1	36160.38	0.0
131	input_spectra/8-C3M06.mzML	870	0	328.268272986779	1	36199.74	0.0
135	input_spectra/8-C3M06.mzML	871	0	328.268272986779	1	36211.259999999995	0.0
176	input_spectra/8-C3M06.mzML	872	0	444.288208007813	1	36222.78	0.0
176	input_spectra/8-C3M06.mzML	873	0	444.288208007813	1	36234.24	0.0
147	input_spectra/8-C3M06.mzML	874	0	358.241114298503	1	36245.76	0.0
147	input_spectra/8-C3M06.mzML	875	0	358.241114298503	1	36257.28	0.0
199	input_spectra/8-C3M06.mzML	876	0	498.288146972656	1	36268.8	0.0
200	input_spectra/8-C3M06.mzML	877	0	498.288146972656	1	36280.26	0.0
214	input_spectra/8-C3M06.mzML	878	0	533.325113932292	1	36291.780000000006	0.0
215	input_spectra/8-C3M06.mzML	879	0	533.325113932292	1	36303.299999999996	0.0
131	input_spectra/8-C3M06.mzML	880	0	328.268272986779	1	36342.66	0.0
130	input_spectra/8-C3M06.mzML	881	0	328.268272986779	1	36354.18	0.0
199	input_spectra/8-C3M06.mzML	882	0	498.288146972656	1	36365.700000000004	0.0
200	input_spectra/8-C3M06.mzML	883	0	498.288146972656	1	36377.22	0.0
214	input_spectra/8-C3M06.mzML	884	0	533.325113932292	1	36388.740000000005	0.0
215	input_spectra/8-C3M06.mzML	885	0	533.325113932292	1	36400.26	0.0
147	input_spectra/8-C3M06.mzML	886	0	358.241114298503	1	36411.72	0.0
147	input_spectra/8-C3M06.mzML	887	0	358.241114298503	1	36423.24	0.0
131	input_spectra/8-C3M06.mzML	888	0	328.268272986779	1	36485.64	0.0
134	input_spectra/8-C3M06.mzML	889	0	328.268272986779	1	36497.159999999996	0.0
199	input_spectra/8-C3M06.mzML	890	0	498.288146972656	1	36508.68	0.0
200	input_spectra/8-C3M06.mzML	891	0	498.288146972656	1	36520.2	0.0
214	input_spectra/8-C3M06.mzML	892	0	533.325113932292	1	36531.72	0.0
215	input_spectra/8-C3M06.mzML	893	0	533.325113932292	1	36543.24	0.0
176	input_spectra/8-C3M06.mzML	894	0	444.288208007813	1	36577.74	0.0
176	input_spectra/8-C3M06.mzML	895	0	444.288208007813	1	36589.26	0.0
205	input_spectra/8-C3M06.mzML	896	0	516.298299153646	1	36674.880000000005	0.0
218	input_spectra/8-C3M06.mzML	897	0	538.280456542969	1	36697.86	0.0
218	input_spectra/8-C3M06.mzML	898	0	538.280456542969	1	36709.38	0.0
205	input_spectra/8-C3M06.mzML	899	0	516.298299153646	1	36771.780000000006	0.0
190	input_spectra/8-C3M06.mzML	900	0	477.331817626953	1	36959.46	0.0
190	input_spectra/8-C3M06.mzML	901	0	477.331817626953	1	36970.979999999996	0.0
166	input_spectra/8-C3M06.mzML	902	0	426.321350097656	1	36982.44	0.0
146	input_spectra/8-C3M06.mzML	903	0	355.26308186849	1	37005.48	0.0
146	input_spectra/8-C3M06.mzML	904	0	355.26308186849	1	37016.939999999995	0.0
266	input_spectra/8-C3M06.mzML	905	0	817.58115641276	1	37028.520000000004	0.0
266	input_spectra/8-C3M06.mzML	906	0	817.58115641276	1	37040.100000000006	0.0
266	input_spectra/8-C3M06.mzML	907	0	817.58115641276	1	37102.56	0.0
266	input_spectra/8-C3M06.mzML	908	0	817.58115641276	1	37114.08	0.0
190	input_spectra/8-C3M06.mzML	909	0	477.331817626953	1	37148.64	0.0
190	input_spectra/8-C3M06.mzML	910	0	477.331817626953	1	37160.100000000006	0.0
146	input_spectra/8-C3M06.mzML	911	0	355.26308186849	1	37183.14	0.0
166	input_spectra/8-C3M06.mzML	912	0	426.321350097656	1	37222.5	0.0
190	input_spectra/8-C3M06.mzML	913	0	477.331817626953	1	37245.54	0.0
190	input_spectra/8-C3M06.mzML	914	0	477.331817626953	1	37257.06	0.0
266	input_spectra/8-C3M06.mzML	915	0	817.58115641276	1	37268.58	0.0
266	input_spectra/8-C3M06.mzML	916	0	817.58115641276	1	37280.16	0.0
146	input_spectra/8-C3M06.mzML	917	0	355.26308186849	1	37291.68	0.0
146	input_spectra/8-C3M06.mzML	918	0	355.26308186849	1	37303.200000000004	0.0
147	input_spectra/8-C3M06.mzML	919	0	358.241114298503	1	37342.56	0.0
147	input_spectra/8-C3M06.mzML	920	0	358.241114298503	1	37354.08	0.0
147	input_spectra/8-C3M06.mzML	921	0	358.241114298503	1	37393.38	0.0
147	input_spectra/8-C3M06.mzML	922	0	358.241114298503	1	37404.899999999994	0.0
131	input_spectra/8-C3M06.mzML	923	0	328.268272986779	1	37444.26	0.0
134	input_spectra/8-C3M06.mzML	924	0	328.268272986779	1	37455.78	0.0
123	input_spectra/8-C3M06.mzML	925	0	304.299601236979	1	37467.24	0.0
123	input_spectra/8-C3M06.mzML	926	0	304.299601236979	1	37478.759999999995	0.0
147	input_spectra/8-C3M06.mzML	927	0	358.241114298503	1	37490.22	0.0
147	input_spectra/8-C3M06.mzML	928	0	358.241114298503	1	37501.74	0.0
131	input_spectra/8-C3M06.mzML	929	0	328.268272986779	1	37541.1	0.0
134	input_spectra/8-C3M06.mzML	930	0	328.268272986779	1	37552.619999999995	0.0
123	input_spectra/8-C3M06.mzML	931	0	304.299601236979	1	37564.08	0.0
123	input_spectra/8-C3M06.mzML	932	0	304.299601236979	1	37575.6	0.0
131	input_spectra/8-C3M06.mzML	933	0	328.268272986779	1	37614.96000000001	0.0
134	input_spectra/8-C3M06.mzML	934	0	328.268272986779	1	37626.479999999996	0.0
123	input_spectra/8-C3M06.mzML	935	0	304.299601236979	1	37637.94	0.0
123	input_spectra/8-C3M06.mzML	936	0	304.299601236979	1	37649.46	0.0
97	input_spectra/8-C3M06.mzML	937	0	258.279164632161	1	37951.380000000005	0.0
97	input_spectra/8-C3M06.mzML	938	0	258.279164632161	1	37962.9	0.0
97	input_spectra/8-C3M06.mzML	939	0	258.279164632161	1	38002.26	0.0
97	input_spectra/8-C3M06.mzML	940	0	258.279164632161	1	38013.72	0.0
97	input_spectra/8-C3M06.mzML	941	0	258.279164632161	1	38053.14	0.0
97	input_spectra/8-C3M06.mzML	942	0	258.279164632161	1	38064.6	0.0
182	input_spectra/8-C3M06.mzML	943	0	450.321736653646	1	38275.020000000004	0.0
183	input_spectra/8-C3M06.mzML	944	0	450.321736653646	1	38286.54	0.0
182	input_spectra/8-C3M06.mzML	945	0	450.321736653646	1	38325.9	0.0
183	input_spectra/8-C3M06.mzML	946	0	450.321736653646	1	38337.42	0.0
206	input_spectra/8-C3M06.mzML	947	0	518.358194986979	1	38376.840000000004	0.0
206	input_spectra/8-C3M06.mzML	948	0	518.358194986979	1	38388.36	0.0
206	input_spectra/8-C3M06.mzML	949	0	518.358194986979	1	38450.700000000004	0.0
206	input_spectra/8-C3M06.mzML	950	0	518.358194986979	1	38462.22	0.0
206	input_spectra/8-C3M06.mzML	951	0	518.358194986979	1	38501.58	0.0
206	input_spectra/8-C3M06.mzML	952	0	518.358194986979	1	38513.1	0.0
123	input_spectra/8-C3M06.mzML	953	0	304.30478922526	1	38624.64	0.0
123	input_spectra/8-C3M06.mzML	954	0	304.30478922526	1	38636.1	0.0
131	input_spectra/8-C3M06.mzML	955	0	328.268272986779	1	38647.619999999995	0.0
135	input_spectra/8-C3M06.mzML	956	0	328.268272986779	1	38659.14	0.0
131	input_spectra/8-C3M06.mzML	957	0	328.268272986779	1	38698.5	0.0
134	input_spectra/8-C3M06.mzML	958	0	328.268272986779	1	38710.020000000004	0.0
124	input_spectra/8-C3M06.mzML	959	0	305.304153442383	1	38721.479999999996	0.0
124	input_spectra/8-C3M06.mzML	960	0	305.304153442383	1	38733.0	0.0
131	input_spectra/8-C3M06.mzML	961	0	328.268272986779	1	38772.36	0.0
134	input_spectra/8-C3M06.mzML	962	0	328.268272986779	1	38783.880000000005	0.0
124	input_spectra/8-C3M06.mzML	963	0	305.304153442383	1	38795.340000000004	0.0
124	input_spectra/8-C3M06.mzML	964	0	305.304153442383	1	38806.86	0.0
123	input_spectra/8-C3M06.mzML	965	0	304.30478922526	1	38846.22	0.0
123	input_spectra/8-C3M06.mzML	966	0	304.30478922526	1	38857.74	0.0
123	input_spectra/8-C3M06.mzML	967	0	304.30478922526	1	38897.1	0.0
123	input_spectra/8-C3M06.mzML	968	0	304.30478922526	1	38908.619999999995	0.0
203	input_spectra/8-C3M06.mzML	969	0	514.357666015625	1	39058.979999999996	0.0
204	input_spectra/8-C3M06.mzML	970	0	514.357666015625	1	39070.5	0.0
203	input_spectra/8-C3M06.mzML	971	0	514.357666015625	1	39109.86	0.0
204	input_spectra/8-C3M06.mzML	972	0	514.357666015625	1	39121.380000000005	0.0
203	input_spectra/8-C3M06.mzML	973	0	514.357666015625	1	39172.8	0.0
204	input_spectra/8-C3M06.mzML	974	0	514.357666015625	1	39184.32	0.0
111	input_spectra/8-C3M06.mzML	975	0	286.219779636549	1	39512.22	0.0
112	input_spectra/8-C3M06.mzML	976	0	286.219779636549	1	39523.740000000005	0.0
111	input_spectra/8-C3M06.mzML	977	0	286.219779636549	1	39587.159999999996	0.0
111	input_spectra/8-C3M06.mzML	978	0	286.219779636549	1	39598.619999999995	0.0
131	input_spectra/8-C3M06.mzML	979	0	328.268272986779	1	39794.340000000004	0.0
134	input_spectra/8-C3M06.mzML	980	0	328.268272986779	1	39805.799999999996	0.0
131	input_spectra/8-C3M06.mzML	981	0	328.268272986779	1	39845.16	0.0
134	input_spectra/8-C3M06.mzML	982	0	328.268272986779	1	39856.68	0.0
132	input_spectra/8-C3M06.mzML	983	0	328.268272986779	1	39896.04	0.0
134	input_spectra/8-C3M06.mzML	984	0	328.268272986779	1	39907.56	0.0
112	input_spectra/8-C3M06.mzML	985	0	286.219779636549	1	40055.16	0.0
111	input_spectra/8-C3M06.mzML	986	0	286.219779636549	1	40066.62	0.0
131	input_spectra/8-C3M06.mzML	987	0	328.268272986779	1	40935.719999999994	0.0
134	input_spectra/8-C3M06.mzML	988	0	328.268272986779	1	40947.18	0.0
131	input_spectra/8-C3M06.mzML	989	0	328.268272986779	1	40986.54	0.0
135	input_spectra/8-C3M06.mzML	990	0	328.268272986779	1	40998.060000000005	0.0
131	input_spectra/8-C3M06.mzML	991	0	328.268272986779	1	41037.42	0.0
134	input_spectra/8-C3M06.mzML	992	0	328.268272986779	1	41048.94	0.0
112	input_spectra/8-C3M06.mzML	993	0	286.219779636549	1	41148.42	0.0
111	input_spectra/8-C3M06.mzML	994	0	286.219779636549	1	41159.880000000005	0.0
113	input_spectra/8-C3M06.mzML	995	0	286.219779636549	1	41210.76	0.0
113	input_spectra/8-C3M06.mzML	996	0	286.219779636549	1	41261.64	0.0
138	input_spectra/8-C3M06.mzML	997	0	332.331700642904	1	41301.0	0.0
138	input_spectra/8-C3M06.mzML	998	0	332.331700642904	1	41312.46000000001	0.0
138	input_spectra/8-C3M06.mzML	999	0	332.331700642904	1	41351.88	0.0
138	input_spectra/8-C3M06.mzML	1000	0	332.331700642904	1	41363.340000000004	0.0
138	input_spectra/8-C3M06.mzML	1001	0	332.331700642904	1	41402.7	0.0
138	input_spectra/8-C3M06.mzML	1002	0	332.331700642904	1	41414.22	0.0
131	input_spectra/8-C3M06.mzML	1003	0	328.268272986779	1	42078.84	0.0
134	input_spectra/8-C3M06.mzML	1004	0	328.268272986779	1	42090.36	0.0
131	input_spectra/8-C3M06.mzML	1005	0	328.268272986779	1	42129.659999999996	0.0
134	input_spectra/8-C3M06.mzML	1006	0	328.268272986779	1	42141.18	0.0
131	input_spectra/8-C3M06.mzML	1007	0	328.268272986779	1	42180.54	0.0
134	input_spectra/8-C3M06.mzML	1008	0	328.268272986779	1	42192.06	0.0
111	input_spectra/8-C3M06.mzML	1009	0	286.219779636549	1	42291.54	0.0
112	input_spectra/8-C3M06.mzML	1010	0	286.219779636549	1	42303.0	0.0
114	input_spectra/8-C3M06.mzML	1011	0	286.219779636549	1	42342.42	0.0
111	input_spectra/8-C3M06.mzML	1012	0	286.219779636549	1	42353.880000000005	0.0
112	input_spectra/8-C3M06.mzML	1013	0	286.219779636549	1	42393.24	0.0
112	input_spectra/8-C3M06.mzML	1014	0	286.219779636549	1	42404.76	0.0
138	input_spectra/8-C3M06.mzML	1015	0	332.331700642904	1	42540.36	0.0
138	input_spectra/8-C3M06.mzML	1016	0	332.331700642904	1	42551.82	0.0
138	input_spectra/8-C3M06.mzML	1017	0	332.331700642904	1	42591.240000000005	0.0
138	input_spectra/8-C3M06.mzML	1018	0	332.331700642904	1	42602.7	0.0
138	input_spectra/8-C3M06.mzML	1019	0	332.331700642904	1	42642.06	0.0
138	input_spectra/8-C3M06.mzML	1020	0	332.331700642904	1	42653.58	0.0
140	input_spectra/8-C3M06.mzML	1021	0	333.335652669271	1	42729.0	0.0
140	input_spectra/8-C3M06.mzML	1022	0	333.335652669271	1	42740.52	0.0
140	input_spectra/8-C3M06.mzML	1023	0	333.335652669271	1	42779.880000000005	0.0
140	input_spectra/8-C3M06.mzML	1024	0	333.335652669271	1	42791.4	0.0
140	input_spectra/8-C3M06.mzML	1025	0	333.335652669271	1	42830.76	0.0
140	input_spectra/8-C3M06.mzML	1026	0	333.335652669271	1	42842.28	0.0
139	input_spectra/8-C3M06.mzML	1027	0	332.338500976563	1	42893.64	0.0
139	input_spectra/8-C3M06.mzML	1028	0	332.338500976563	1	42905.16	0.0
131	input_spectra/8-C3M06.mzML	1029	0	328.268272986779	1	43221.06	0.0
134	input_spectra/8-C3M06.mzML	1030	0	328.268272986779	1	43232.58	0.0
131	input_spectra/8-C3M06.mzML	1031	0	328.268272986779	1	43271.939999999995	0.0
134	input_spectra/8-C3M06.mzML	1032	0	328.268272986779	1	43283.4	0.0
131	input_spectra/8-C3M06.mzML	1033	0	328.268272986779	1	43322.76	0.0
134	input_spectra/8-C3M06.mzML	1034	0	328.268272986779	1	43334.280000000006	0.0
112	input_spectra/8-C3M06.mzML	1035	0	286.219779636549	1	43433.759999999995	0.0
113	input_spectra/8-C3M06.mzML	1036	0	286.219779636549	1	43445.28	0.0
174	input_spectra/8-C3M06.mzML	1037	0	440.409647623698	1	43484.64	0.0
175	input_spectra/8-C3M06.mzML	1038	0	440.409647623698	1	43496.1	0.0
115	input_spectra/8-C3M06.mzML	1039	0	286.219779636549	1	43507.619999999995	0.0
113	input_spectra/8-C3M06.mzML	1040	0	286.219779636549	1	43519.14	0.0
174	input_spectra/8-C3M06.mzML	1041	0	440.409647623698	1	43558.5	0.0
175	input_spectra/8-C3M06.mzML	1042	0	440.409647623698	1	43570.020000000004	0.0
111	input_spectra/8-C3M06.mzML	1043	0	286.219779636549	1	43581.54	0.0
113	input_spectra/8-C3M06.mzML	1044	0	286.219779636549	1	43593.0	0.0
174	input_spectra/8-C3M06.mzML	1045	0	440.409647623698	1	43632.42	0.0
175	input_spectra/8-C3M06.mzML	1046	0	440.409647623698	1	43643.880000000005	0.0
192	input_spectra/8-C3M06.mzML	1047	0	483.248992919922	1	43655.4	0.0
192	input_spectra/8-C3M06.mzML	1048	0	483.248992919922	1	43666.920000000006	0.0
192	input_spectra/8-C3M06.mzML	1049	0	483.248992919922	1	43706.22	0.0
192	input_spectra/8-C3M06.mzML	1050	0	483.248992919922	1	43717.74	0.0
192	input_spectra/8-C3M06.mzML	1051	0	483.248992919922	1	43757.159999999996	0.0
192	input_spectra/8-C3M06.mzML	1052	0	483.248992919922	1	43768.619999999995	0.0
162	input_spectra/8-C3M06.mzML	1053	0	415.210830688477	1	43807.98	0.0
162	input_spectra/8-C3M06.mzML	1054	0	415.210830688477	1	43819.5	0.0
162	input_spectra/8-C3M06.mzML	1055	0	415.210830688477	1	43858.86	0.0
162	input_spectra/8-C3M06.mzML	1056	0	415.210830688477	1	43870.38	0.0
177	input_spectra/8-C3M06.mzML	1057	0	444.297129313151	1	44090.100000000006	0.0
177	input_spectra/8-C3M06.mzML	1058	0	444.297129313151	1	44101.62	0.0
177	input_spectra/8-C3M06.mzML	1059	0	444.297129313151	1	44140.979999999996	0.0
177	input_spectra/8-C3M06.mzML	1060	0	444.297129313151	1	44152.44	0.0
177	input_spectra/8-C3M06.mzML	1061	0	444.297129313151	1	44191.86	0.0
177	input_spectra/8-C3M06.mzML	1062	0	444.297129313151	1	44203.32	0.0
131	input_spectra/8-C3M06.mzML	1063	0	328.268272986779	1	44362.92	0.0
134	input_spectra/8-C3M06.mzML	1064	0	328.268272986779	1	44374.439999999995	0.0
131	input_spectra/8-C3M06.mzML	1065	0	328.268272986779	1	44413.8	0.0
134	input_spectra/8-C3M06.mzML	1066	0	328.268272986779	1	44425.32	0.0
131	input_spectra/8-C3M06.mzML	1067	0	328.268272986779	1	44464.68	0.0
134	input_spectra/8-C3M06.mzML	1068	0	328.268272986779	1	44476.14	0.0
111	input_spectra/8-C3M06.mzML	1069	0	286.219779636549	1	44614.56	0.0
113	input_spectra/8-C3M06.mzML	1070	0	286.219779636549	1	44626.020000000004	0.0
111	input_spectra/8-C3M06.mzML	1071	0	286.219779636549	1	44711.46	0.0
113	input_spectra/8-C3M06.mzML	1072	0	286.219779636549	1	44722.92	0.0
112	input_spectra/8-C3M06.mzML	1073	0	286.219779636549	1	44762.34	0.0
113	input_spectra/8-C3M06.mzML	1074	0	286.219779636549	1	44773.8	0.0
143	input_spectra/8-C3M06.mzML	1075	0	346.277080959744	1	44873.340000000004	0.0
144	input_spectra/8-C3M06.mzML	1076	0	346.277080959744	1	44884.8	0.0
144	input_spectra/8-C3M06.mzML	1077	0	346.277080959744	1	44972.28	0.0
144	input_spectra/8-C3M06.mzML	1078	0	346.277080959744	1	44983.8	0.0
143	input_spectra/8-C3M06.mzML	1079	0	346.277080959744	1	45251.58	0.0
144	input_spectra/8-C3M06.mzML	1080	0	346.277080959744	1	45263.1	0.0
131	input_spectra/8-C3M06.mzML	1081	0	328.268272986779	1	45530.88	0.0
134	input_spectra/8-C3M06.mzML	1082	0	328.268272986779	1	45542.399999999994	0.0
131	input_spectra/8-C3M06.mzML	1083	0	328.268272986779	1	45581.76	0.0
134	input_spectra/8-C3M06.mzML	1084	0	328.268272986779	1	45593.28	0.0
131	input_spectra/8-C3M06.mzML	1085	0	328.268272986779	1	45632.64	0.0
134	input_spectra/8-C3M06.mzML	1086	0	328.268272986779	1	45644.1	0.0
111	input_spectra/8-C3M06.mzML	1087	0	286.219779636549	1	45803.7	0.0
112	input_spectra/8-C3M06.mzML	1088	0	286.219779636549	1	45815.22	0.0
112	input_spectra/8-C3M06.mzML	1089	0	286.219779636549	1	45854.58	0.0
113	input_spectra/8-C3M06.mzML	1090	0	286.219779636549	1	45866.04	0.0
111	input_spectra/8-C3M06.mzML	1091	0	286.219779636549	1	45905.46	0.0
111	input_spectra/8-C3M06.mzML	1092	0	286.219779636549	1	45916.98	0.0
143	input_spectra/8-C3M06.mzML	1093	0	346.277080959744	1	46346.64	0.0
144	input_spectra/8-C3M06.mzML	1094	0	346.277080959744	1	46358.159999999996	0.0
143	input_spectra/8-C3M06.mzML	1095	0	346.277080959744	1	46397.46000000001	0.0
144	input_spectra/8-C3M06.mzML	1096	0	346.277080959744	1	46408.979999999996	0.0
143	input_spectra/8-C3M06.mzML	1097	0	346.277080959744	1	46460.340000000004	0.0
144	input_spectra/8-C3M06.mzML	1098	0	346.277080959744	1	46471.86	0.0
131	input_spectra/8-C3M06.mzML	1099	0	328.268272986779	1	46670.4	0.0
134	input_spectra/8-C3M06.mzML	1100	0	328.268272986779	1	46681.920000000006	0.0
131	input_spectra/8-C3M06.mzML	1101	0	328.268272986779	1	46721.22	0.0
134	input_spectra/8-C3M06.mzML	1102	0	328.268272986779	1	46732.74	0.0
131	input_spectra/8-C3M06.mzML	1103	0	328.268272986779	1	46772.1	0.0
134	input_spectra/8-C3M06.mzML	1104	0	328.268272986779	1	46783.619999999995	0.0
250	input_spectra/8-C3M06.mzML	1105	0	660.488850911458	1	46795.14	0.0
250	input_spectra/8-C3M06.mzML	1106	0	660.488850911458	1	46806.659999999996	0.0
250	input_spectra/8-C3M06.mzML	1107	0	660.488850911458	1	46846.020000000004	0.0
250	input_spectra/8-C3M06.mzML	1108	0	660.488850911458	1	46857.53999999999	0.0
149	input_spectra/8-C3M06.mzML	1109	0	360.36279296875	1	46869.06	0.0
149	input_spectra/8-C3M06.mzML	1110	0	360.36279296875	1	46880.579999999994	0.0
149	input_spectra/8-C3M06.mzML	1111	0	360.36279296875	1	46919.94	0.0
149	input_spectra/8-C3M06.mzML	1112	0	360.36279296875	1	46931.46	0.0
250	input_spectra/8-C3M06.mzML	1113	0	660.488850911458	1	46942.98	0.0
149	input_spectra/8-C3M06.mzML	1114	0	360.36279296875	1	46993.92	0.0
149	input_spectra/8-C3M06.mzML	1115	0	360.36279296875	1	47005.38	0.0
112	input_spectra/8-C3M06.mzML	1116	0	286.219779636549	1	47016.9	0.0
113	input_spectra/8-C3M06.mzML	1117	0	286.219779636549	1	47028.36	0.0
113	input_spectra/8-C3M06.mzML	1118	0	286.219779636549	1	47067.72	0.0
113	input_spectra/8-C3M06.mzML	1119	0	286.219779636549	1	47079.18	0.0
243	input_spectra/8-C3M06.mzML	1120	0	616.46250406901	1	47090.76	0.0
243	input_spectra/8-C3M06.mzML	1121	0	616.46250406901	1	47102.28	0.0
243	input_spectra/8-C3M06.mzML	1122	0	616.46250406901	1	47141.64	0.0
243	input_spectra/8-C3M06.mzML	1123	0	616.46250406901	1	47153.159999999996	0.0
111	input_spectra/8-C3M06.mzML	1124	0	286.219779636549	1	47164.68	0.0
113	input_spectra/8-C3M06.mzML	1125	0	286.219779636549	1	47176.2	0.0
243	input_spectra/8-C3M06.mzML	1126	0	616.46250406901	1	47215.560000000005	0.0
243	input_spectra/8-C3M06.mzML	1127	0	616.46250406901	1	47227.08	0.0
226	input_spectra/8-C3M06.mzML	1128	0	572.436218261719	1	47314.56	0.0
226	input_spectra/8-C3M06.mzML	1129	0	572.436218261719	1	47326.08	0.0
226	input_spectra/8-C3M06.mzML	1130	0	572.436218261719	1	47365.44	0.0
226	input_spectra/8-C3M06.mzML	1131	0	572.436218261719	1	47376.96	0.0
226	input_spectra/8-C3M06.mzML	1132	0	572.436218261719	1	47416.32	0.0
226	input_spectra/8-C3M06.mzML	1133	0	572.436218261719	1	47427.840000000004	0.0
143	input_spectra/8-C3M06.mzML	1134	0	346.277080959744	1	47539.38	0.0
144	input_spectra/8-C3M06.mzML	1135	0	346.277080959744	1	47550.9	0.0
143	input_spectra/8-C3M06.mzML	1136	0	346.277080959744	1	47590.26	0.0
144	input_spectra/8-C3M06.mzML	1137	0	346.277080959744	1	47601.72	0.0
143	input_spectra/8-C3M06.mzML	1138	0	346.277080959744	1	47641.14	0.0
144	input_spectra/8-C3M06.mzML	1139	0	346.277080959744	1	47652.600000000006	0.0
212	input_spectra/8-C3M06.mzML	1140	0	528.410237630208	1	47691.96	0.0
212	input_spectra/8-C3M06.mzML	1141	0	528.410237630208	1	47703.479999999996	0.0
212	input_spectra/8-C3M06.mzML	1142	0	528.410237630208	1	47742.840000000004	0.0
212	input_spectra/8-C3M06.mzML	1143	0	528.410237630208	1	47754.36	0.0
212	input_spectra/8-C3M06.mzML	1144	0	528.410237630208	1	47793.72	0.0
212	input_spectra/8-C3M06.mzML	1145	0	528.410237630208	1	47805.24	0.0
131	input_spectra/8-C3M06.mzML	1146	0	328.268272986779	1	47844.6	0.0
134	input_spectra/8-C3M06.mzML	1147	0	328.268272986779	1	47856.119999999995	0.0
131	input_spectra/8-C3M06.mzML	1148	0	328.268272986779	1	47918.46	0.0
134	input_spectra/8-C3M06.mzML	1149	0	328.268272986779	1	47929.979999999996	0.0
131	input_spectra/8-C3M06.mzML	1150	0	328.268272986779	1	47992.32	0.0
134	input_spectra/8-C3M06.mzML	1151	0	328.268272986779	1	48003.84	0.0
194	input_spectra/8-C3M06.mzML	1152	0	484.384256998698	1	48066.240000000005	0.0
194	input_spectra/8-C3M06.mzML	1153	0	484.384256998698	1	48077.76	0.0
194	input_spectra/8-C3M06.mzML	1154	0	484.384256998698	1	48117.12	0.0
194	input_spectra/8-C3M06.mzML	1155	0	484.384256998698	1	48128.64	0.0
194	input_spectra/8-C3M06.mzML	1156	0	484.384256998698	1	48168.0	0.0
194	input_spectra/8-C3M06.mzML	1157	0	484.384256998698	1	48179.52	0.0
111	input_spectra/8-C3M06.mzML	1158	0	286.219779636549	1	48191.04	0.0
113	input_spectra/8-C3M06.mzML	1159	0	286.219779636549	1	48202.5	0.0
112	input_spectra/8-C3M06.mzML	1160	0	286.219779636549	1	48287.94	0.0
113	input_spectra/8-C3M06.mzML	1161	0	286.219779636549	1	48299.46	0.0
217	input_spectra/8-C3M06.mzML	1162	0	535.394775390625	1	48310.979999999996	0.0
217	input_spectra/8-C3M06.mzML	1163	0	535.394775390625	1	48322.5	0.0
113	input_spectra/8-C3M06.mzML	1164	0	286.219779636549	1	48407.88	0.0
113	input_spectra/8-C3M06.mzML	1165	0	286.219779636549	1	48419.4	0.0
217	input_spectra/8-C3M06.mzML	1166	0	535.394775390625	1	48430.92	0.0
217	input_spectra/8-C3M06.mzML	1167	0	535.394775390625	1	48442.44	0.0
173	input_spectra/8-C3M06.mzML	1168	0	440.359466552734	1	48504.84	0.0
173	input_spectra/8-C3M06.mzML	1169	0	440.359466552734	1	48516.36	0.0
173	input_spectra/8-C3M06.mzML	1170	0	440.359466552734	1	48578.759999999995	0.0
173	input_spectra/8-C3M06.mzML	1171	0	440.359466552734	1	48590.22	0.0
196	input_spectra/8-C3M06.mzML	1172	0	491.368916829427	1	48624.78	0.0
165	input_spectra/8-C3M06.mzML	1173	0	423.331553141276	1	48647.82	0.0
165	input_spectra/8-C3M06.mzML	1174	0	423.331553141276	1	48659.280000000006	0.0
173	input_spectra/8-C3M06.mzML	1175	0	440.359466552734	1	48698.7	0.0
173	input_spectra/8-C3M06.mzML	1176	0	440.359466552734	1	48710.22	0.0
165	input_spectra/8-C3M06.mzML	1177	0	423.331553141276	1	48767.76	0.0
165	input_spectra/8-C3M06.mzML	1178	0	423.331553141276	1	48779.22	0.0
143	input_spectra/8-C3M06.mzML	1179	0	346.277080959744	1	48790.74	0.0
144	input_spectra/8-C3M06.mzML	1180	0	346.277080959744	1	48802.26	0.0
196	input_spectra/8-C3M06.mzML	1181	0	491.368916829427	1	48841.62	0.0
196	input_spectra/8-C3M06.mzML	1182	0	491.368916829427	1	48853.14	0.0
165	input_spectra/8-C3M06.mzML	1183	0	423.331553141276	1	48864.659999999996	0.0
165	input_spectra/8-C3M06.mzML	1184	0	423.331553141276	1	48876.119999999995	0.0
144	input_spectra/8-C3M06.mzML	1185	0	346.277080959744	1	48887.64	0.0
144	input_spectra/8-C3M06.mzML	1186	0	346.277080959744	1	48899.159999999996	0.0
158	input_spectra/8-C3M06.mzML	1187	0	396.333719889323	1	48938.520000000004	0.0
158	input_spectra/8-C3M06.mzML	1188	0	396.333719889323	1	48949.979999999996	0.0
143	input_spectra/8-C3M06.mzML	1189	0	346.277080959744	1	48984.48	0.0
144	input_spectra/8-C3M06.mzML	1190	0	346.277080959744	1	48996.0	0.0
131	input_spectra/8-C3M06.mzML	1191	0	328.268272986779	1	49058.4	0.0
134	input_spectra/8-C3M06.mzML	1192	0	328.268272986779	1	49069.86	0.0
158	input_spectra/8-C3M06.mzML	1193	0	396.333719889323	1	49081.380000000005	0.0
158	input_spectra/8-C3M06.mzML	1194	0	396.333719889323	1	49092.9	0.0
159	input_spectra/8-C3M06.mzML	1195	0	401.288106282552	1	49104.420000000006	0.0
152	input_spectra/8-C3M06.mzML	1196	0	379.305287679036	1	49150.44	0.0
152	input_spectra/8-C3M06.mzML	1197	0	379.305287679036	1	49161.9	0.0
158	input_spectra/8-C3M06.mzML	1198	0	396.333719889323	1	49201.259999999995	0.0
158	input_spectra/8-C3M06.mzML	1199	0	396.333719889323	1	49212.78	0.0
131	input_spectra/8-C3M06.mzML	1200	0	328.268272986779	1	49224.299999999996	0.0
134	input_spectra/8-C3M06.mzML	1201	0	328.268272986779	1	49235.76	0.0
152	input_spectra/8-C3M06.mzML	1202	0	379.305287679036	1	49293.299999999996	0.0
152	input_spectra/8-C3M06.mzML	1203	0	379.305287679036	1	49304.82	0.0
131	input_spectra/8-C3M06.mzML	1204	0	328.268272986779	1	49344.18	0.0
134	input_spectra/8-C3M06.mzML	1205	0	328.268272986779	1	49355.700000000004	0.0
152	input_spectra/8-C3M06.mzML	1206	0	379.305287679036	1	49367.159999999996	0.0
152	input_spectra/8-C3M06.mzML	1207	0	379.305287679036	1	49378.68	0.0
112	input_spectra/8-C3M06.mzML	1208	0	286.219779636549	1	49418.1	0.0
113	input_spectra/8-C3M06.mzML	1209	0	286.219779636549	1	49429.56	0.0
145	input_spectra/8-C3M06.mzML	1210	0	352.30610148112	1	49441.08	0.0
145	input_spectra/8-C3M06.mzML	1211	0	352.30610148112	1	49452.53999999999	0.0
160	input_spectra/8-C3M06.mzML	1212	0	403.31650797526	1	49464.06	0.0
145	input_spectra/8-C3M06.mzML	1213	0	352.30610148112	1	49514.94	0.0
145	input_spectra/8-C3M06.mzML	1214	0	352.30610148112	1	49526.46	0.0
141	input_spectra/8-C3M06.mzML	1215	0	335.279663085938	1	49583.94	0.0
141	input_spectra/8-C3M06.mzML	1216	0	335.279663085938	1	49595.4	0.0
112	input_spectra/8-C3M06.mzML	1217	0	286.219779636549	1	49606.920000000006	0.0
113	input_spectra/8-C3M06.mzML	1218	0	286.219779636549	1	49618.44	0.0
145	input_spectra/8-C3M06.mzML	1219	0	352.30610148112	1	49657.8	0.0
145	input_spectra/8-C3M06.mzML	1220	0	352.30610148112	1	49669.32	0.0
141	input_spectra/8-C3M06.mzML	1221	0	335.279663085938	1	49726.799999999996	0.0
141	input_spectra/8-C3M06.mzML	1222	0	335.279663085938	1	49738.26	0.0
112	input_spectra/8-C3M06.mzML	1223	0	286.219779636549	1	49749.78	0.0
113	input_spectra/8-C3M06.mzML	1224	0	286.219779636549	1	49761.240000000005	0.0
141	input_spectra/8-C3M06.mzML	1225	0	335.279663085938	1	49823.64	0.0
141	input_spectra/8-C3M06.mzML	1226	0	335.279663085938	1	49835.16	0.0
122	input_spectra/8-C3M06.mzML	1227	0	304.230063205295	1	49922.58	0.0
122	input_spectra/8-C3M06.mzML	1228	0	304.230063205295	1	49934.1	0.0
143	input_spectra/8-C3M06.mzML	1229	0	346.277080959744	1	49973.46	0.0
144	input_spectra/8-C3M06.mzML	1230	0	346.277080959744	1	49984.92	0.0
117	input_spectra/8-C3M06.mzML	1231	0	291.252716064453	1	49996.44	0.0
117	input_spectra/8-C3M06.mzML	1232	0	291.252716064453	1	50047.26	0.0
117	input_spectra/8-C3M06.mzML	1233	0	291.252716064453	1	50058.78	0.0
125	input_spectra/8-C3M06.mzML	1234	0	308.279174804688	1	50070.24	0.0
125	input_spectra/8-C3M06.mzML	1235	0	308.279174804688	1	50081.76	0.0
143	input_spectra/8-C3M06.mzML	1236	0	346.277080959744	1	50116.259999999995	0.0
144	input_spectra/8-C3M06.mzML	1237	0	346.277080959744	1	50127.72	0.0
117	input_spectra/8-C3M06.mzML	1238	0	291.252716064453	1	50167.14	0.0
117	input_spectra/8-C3M06.mzML	1239	0	291.252716064453	1	50178.6	0.0
125	input_spectra/8-C3M06.mzML	1240	0	308.279174804688	1	50190.119999999995	0.0
125	input_spectra/8-C3M06.mzML	1241	0	308.279174804688	1	50201.58	0.0
144	input_spectra/8-C3M06.mzML	1242	0	346.277080959744	1	50236.08	0.0
144	input_spectra/8-C3M06.mzML	1243	0	346.277080959744	1	50247.600000000006	0.0
125	input_spectra/8-C3M06.mzML	1244	0	308.279174804688	1	50286.96	0.0
125	input_spectra/8-C3M06.mzML	1245	0	308.279174804688	1	50298.479999999996	0.0
131	input_spectra/8-C3M06.mzML	1246	0	328.268272986779	1	50360.82	0.0
134	input_spectra/8-C3M06.mzML	1247	0	328.268272986779	1	50372.34	0.0
122	input_spectra/8-C3M06.mzML	1248	0	304.230063205295	1	50383.8	0.0
122	input_spectra/8-C3M06.mzML	1249	0	304.230063205295	1	50395.32	0.0
131	input_spectra/8-C3M06.mzML	1250	0	328.268272986779	1	50434.68	0.0
134	input_spectra/8-C3M06.mzML	1251	0	328.268272986779	1	50446.2	0.0
122	input_spectra/8-C3M06.mzML	1252	0	304.230063205295	1	50457.66	0.0
122	input_spectra/8-C3M06.mzML	1253	0	304.230063205295	1	50469.18	0.0
131	input_spectra/8-C3M06.mzML	1254	0	328.268272986779	1	50508.479999999996	0.0
134	input_spectra/8-C3M06.mzML	1255	0	328.268272986779	1	50520.0	0.0
112	input_spectra/8-C3M06.mzML	1256	0	286.219779636549	1	50631.479999999996	0.0
113	input_spectra/8-C3M06.mzML	1257	0	286.219779636549	1	50643.0	0.0
112	input_spectra/8-C3M06.mzML	1258	0	286.219779636549	1	50682.36	0.0
113	input_spectra/8-C3M06.mzML	1259	0	286.219779636549	1	50693.82	0.0
112	input_spectra/8-C3M06.mzML	1260	0	286.219779636549	1	50733.24	0.0
113	input_spectra/8-C3M06.mzML	1261	0	286.219779636549	1	50744.7	0.0
257	input_spectra/8-C3M06.mzML	1262	0	746.5224609375	1	50904.36	0.0
257	input_spectra/8-C3M06.mzML	1263	0	746.5224609375	1	50915.88	0.0
252	input_spectra/8-C3M06.mzML	1264	0	702.498616536458	1	51099.48	0.0
253	input_spectra/8-C3M06.mzML	1265	0	702.498616536458	1	51111.0	0.0
252	input_spectra/8-C3M06.mzML	1266	0	702.498616536458	1	51150.42	0.0
252	input_spectra/8-C3M06.mzML	1267	0	702.498616536458	1	51161.939999999995	0.0
143	input_spectra/8-C3M06.mzML	1268	0	346.277080959744	1	51173.46	0.0
144	input_spectra/8-C3M06.mzML	1269	0	346.277080959744	1	51184.979999999996	0.0
253	input_spectra/8-C3M06.mzML	1270	0	702.498616536458	1	51224.280000000006	0.0
252	input_spectra/8-C3M06.mzML	1271	0	702.498616536458	1	51235.799999999996	0.0
143	input_spectra/8-C3M06.mzML	1272	0	346.277080959744	1	51247.32	0.0
144	input_spectra/8-C3M06.mzML	1273	0	346.277080959744	1	51258.84	0.0
143	input_spectra/8-C3M06.mzML	1274	0	346.277080959744	1	51298.200000000004	0.0
144	input_spectra/8-C3M06.mzML	1275	0	346.277080959744	1	51309.659999999996	0.0
249	input_spectra/8-C3M06.mzML	1276	0	658.472635904948	1	51409.200000000004	0.0
249	input_spectra/8-C3M06.mzML	1277	0	658.472635904948	1	51420.719999999994	0.0
249	input_spectra/8-C3M06.mzML	1278	0	658.472635904948	1	51460.08	0.0
249	input_spectra/8-C3M06.mzML	1279	0	658.472635904948	1	51471.6	0.0
249	input_spectra/8-C3M06.mzML	1280	0	658.472635904948	1	51510.96	0.0
249	input_spectra/8-C3M06.mzML	1281	0	658.472635904948	1	51522.479999999996	0.0
122	input_spectra/8-C3M06.mzML	1282	0	304.230063205295	1	51534.0	0.0
122	input_spectra/8-C3M06.mzML	1283	0	304.230063205295	1	51545.52	0.0
131	input_spectra/8-C3M06.mzML	1284	0	328.268272986779	1	51584.82	0.0
134	input_spectra/8-C3M06.mzML	1285	0	328.268272986779	1	51596.28	0.0
122	input_spectra/8-C3M06.mzML	1286	0	304.230063205295	1	51607.8	0.0
122	input_spectra/8-C3M06.mzML	1287	0	304.230063205295	1	51619.26	0.0
131	input_spectra/8-C3M06.mzML	1288	0	328.268272986779	1	51658.619999999995	0.0
134	input_spectra/8-C3M06.mzML	1289	0	328.268272986779	1	51670.14	0.0
131	input_spectra/8-C3M06.mzML	1290	0	328.268272986779	1	51709.5	0.0
134	input_spectra/8-C3M06.mzML	1291	0	328.268272986779	1	51720.96	0.0
122	input_spectra/8-C3M06.mzML	1292	0	304.230063205295	1	51732.479999999996	0.0
122	input_spectra/8-C3M06.mzML	1293	0	304.230063205295	1	51743.94	0.0
112	input_spectra/8-C3M06.mzML	1294	0	286.219779636549	1	51795.3	0.0
112	input_spectra/8-C3M06.mzML	1295	0	286.219779636549	1	51806.82	0.0
240	input_spectra/8-C3M06.mzML	1296	0	614.446980794271	1	51818.340000000004	0.0
240	input_spectra/8-C3M06.mzML	1297	0	614.446980794271	1	51829.86	0.0
112	input_spectra/8-C3M06.mzML	1298	0	286.219779636549	1	51869.280000000006	0.0
111	input_spectra/8-C3M06.mzML	1299	0	286.219779636549	1	51880.74	0.0
240	input_spectra/8-C3M06.mzML	1300	0	614.446980794271	1	51892.32	0.0
241	input_spectra/8-C3M06.mzML	1301	0	614.446980794271	1	51903.84	0.0
240	input_spectra/8-C3M06.mzML	1302	0	614.446980794271	1	51943.200000000004	0.0
241	input_spectra/8-C3M06.mzML	1303	0	614.446980794271	1	51954.72	0.0
112	input_spectra/8-C3M06.mzML	1304	0	286.219779636549	1	51966.240000000005	0.0
113	input_spectra/8-C3M06.mzML	1305	0	286.219779636549	1	51977.76	0.0
225	input_spectra/8-C3M06.mzML	1306	0	570.420491536458	1	52209.48	0.0
225	input_spectra/8-C3M06.mzML	1307	0	570.420491536458	1	52221.0	0.0
225	input_spectra/8-C3M06.mzML	1308	0	570.420491536458	1	52260.36	0.0
225	input_spectra/8-C3M06.mzML	1309	0	570.420491536458	1	52271.88	0.0
225	input_spectra/8-C3M06.mzML	1310	0	570.420491536458	1	52311.240000000005	0.0
225	input_spectra/8-C3M06.mzML	1311	0	570.420491536458	1	52322.76	0.0
143	input_spectra/8-C3M06.mzML	1312	0	346.277080959744	1	52362.12	0.0
144	input_spectra/8-C3M06.mzML	1313	0	346.277080959744	1	52373.64	0.0
143	input_spectra/8-C3M06.mzML	1314	0	346.277080959744	1	52413.0	0.0
144	input_spectra/8-C3M06.mzML	1315	0	346.277080959744	1	52424.46	0.0
143	input_spectra/8-C3M06.mzML	1316	0	346.277080959744	1	52463.82	0.0
144	input_spectra/8-C3M06.mzML	1317	0	346.277080959744	1	52475.340000000004	0.0
210	input_spectra/8-C3M06.mzML	1318	0	526.395060221354	1	52682.04	0.0
210	input_spectra/8-C3M06.mzML	1319	0	526.395060221354	1	52732.92	0.0
210	input_spectra/8-C3M06.mzML	1320	0	526.395060221354	1	52744.439999999995	0.0
131	input_spectra/8-C3M06.mzML	1321	0	328.268272986779	1	52783.8	0.0
134	input_spectra/8-C3M06.mzML	1322	0	328.268272986779	1	52795.32	0.0
210	input_spectra/8-C3M06.mzML	1323	0	526.395060221354	1	52806.840000000004	0.0
210	input_spectra/8-C3M06.mzML	1324	0	526.395060221354	1	52818.36	0.0
122	input_spectra/8-C3M06.mzML	1325	0	304.230063205295	1	52829.880000000005	0.0
122	input_spectra/8-C3M06.mzML	1326	0	304.230063205295	1	52841.34	0.0
131	input_spectra/8-C3M06.mzML	1327	0	328.268272986779	1	52903.8	0.0
134	input_spectra/8-C3M06.mzML	1328	0	328.268272986779	1	52915.26	0.0
213	input_spectra/8-C3M06.mzML	1329	0	531.349772135417	1	52926.840000000004	0.0
122	input_spectra/8-C3M06.mzML	1330	0	304.230063205295	1	52949.82	0.0
122	input_spectra/8-C3M06.mzML	1331	0	304.230063205295	1	52961.34	0.0
131	input_spectra/8-C3M06.mzML	1332	0	328.268272986779	1	53000.700000000004	0.0
134	input_spectra/8-C3M06.mzML	1333	0	328.268272986779	1	53012.159999999996	0.0
112	input_spectra/8-C3M06.mzML	1334	0	286.219779636549	1	53023.68	0.0
111	input_spectra/8-C3M06.mzML	1335	0	286.219779636549	1	53035.14	0.0
122	input_spectra/8-C3M06.mzML	1336	0	304.230063205295	1	53046.659999999996	0.0
122	input_spectra/8-C3M06.mzML	1337	0	304.230063205295	1	53058.18	0.0
213	input_spectra/8-C3M06.mzML	1338	0	531.349772135417	1	53069.7	0.0
112	input_spectra/8-C3M06.mzML	1339	0	286.219779636549	1	53120.579999999994	0.0
112	input_spectra/8-C3M06.mzML	1340	0	286.219779636549	1	53132.1	0.0
112	input_spectra/8-C3M06.mzML	1341	0	286.219779636549	1	53171.4	0.0
112	input_spectra/8-C3M06.mzML	1342	0	286.219779636549	1	53182.92	0.0
191	input_spectra/8-C3M06.mzML	1343	0	482.368275960286	1	53258.340000000004	0.0
191	input_spectra/8-C3M06.mzML	1344	0	482.368275960286	1	53269.86	0.0
191	input_spectra/8-C3M06.mzML	1345	0	482.368275960286	1	53309.22	0.0
191	input_spectra/8-C3M06.mzML	1346	0	482.368275960286	1	53320.74	0.0
191	input_spectra/8-C3M06.mzML	1347	0	482.368275960286	1	53383.079999999994	0.0
143	input_spectra/8-C3M06.mzML	1348	0	346.277080959744	1	53507.82	0.0
144	input_spectra/8-C3M06.mzML	1349	0	346.277080959744	1	53519.340000000004	0.0
143	input_spectra/8-C3M06.mzML	1350	0	346.277080959744	1	53558.7	0.0
144	input_spectra/8-C3M06.mzML	1351	0	346.277080959744	1	53570.22	0.0
143	input_spectra/8-C3M06.mzML	1352	0	346.277080959744	1	53609.58	0.0
144	input_spectra/8-C3M06.mzML	1353	0	346.277080959744	1	53621.04	0.0
136	input_spectra/8-C3M06.mzML	1354	0	329.270867550012	1	53684.46	0.0
136	input_spectra/8-C3M06.mzML	1355	0	329.270867550012	1	53695.979999999996	0.0
136	input_spectra/8-C3M06.mzML	1356	0	329.270867550012	1	53957.1	0.0
136	input_spectra/8-C3M06.mzML	1357	0	329.270867550012	1	53968.56	0.0
131	input_spectra/8-C3M06.mzML	1358	0	328.268272986779	1	54019.979999999996	0.0
134	input_spectra/8-C3M06.mzML	1359	0	328.268272986779	1	54031.5	0.0
122	input_spectra/8-C3M06.mzML	1360	0	304.230063205295	1	54042.96	0.0
122	input_spectra/8-C3M06.mzML	1361	0	304.230063205295	1	54054.48	0.0
131	input_spectra/8-C3M06.mzML	1362	0	328.268272986779	1	54093.84	0.0
134	input_spectra/8-C3M06.mzML	1363	0	328.268272986779	1	54105.36	0.0
122	input_spectra/8-C3M06.mzML	1364	0	304.230063205295	1	54116.82	0.0
122	input_spectra/8-C3M06.mzML	1365	0	304.230063205295	1	54128.340000000004	0.0
131	input_spectra/8-C3M06.mzML	1366	0	328.268272986779	1	54167.7	0.0
134	input_spectra/8-C3M06.mzML	1367	0	328.268272986779	1	54179.159999999996	0.0
122	input_spectra/8-C3M06.mzML	1368	0	304.230063205295	1	54190.68	0.0
122	input_spectra/8-C3M06.mzML	1369	0	304.230063205295	1	54202.14	0.0
112	input_spectra/8-C3M06.mzML	1370	0	286.219779636549	1	54241.56	0.0
113	input_spectra/8-C3M06.mzML	1371	0	286.219779636549	1	54253.02	0.0
136	input_spectra/8-C3M06.mzML	1372	0	329.270867550012	1	54264.54	0.0
136	input_spectra/8-C3M06.mzML	1373	0	329.270867550012	1	54276.0	0.0
112	input_spectra/8-C3M06.mzML	1374	0	286.219779636549	1	54315.42	0.0
113	input_spectra/8-C3M06.mzML	1375	0	286.219779636549	1	54326.88	0.0
112	input_spectra/8-C3M06.mzML	1376	0	286.219779636549	1	54389.280000000006	0.0
113	input_spectra/8-C3M06.mzML	1377	0	286.219779636549	1	54400.74	0.0
118	input_spectra/8-C3M06.mzML	1378	0	298.255788167318	1	54587.159999999996	0.0
119	input_spectra/8-C3M06.mzML	1379	0	298.255788167318	1	54598.68	0.0
143	input_spectra/8-C3M06.mzML	1380	0	346.277080959744	1	54650.03999999999	0.0
144	input_spectra/8-C3M06.mzML	1381	0	346.277080959744	1	54661.56	0.0
144	input_spectra/8-C3M06.mzML	1382	0	346.277080959744	1	54700.92	0.0
144	input_spectra/8-C3M06.mzML	1383	0	346.277080959744	1	54712.380000000005	0.0
143	input_spectra/8-C3M06.mzML	1384	0	346.277080959744	1	54751.799999999996	0.0
144	input_spectra/8-C3M06.mzML	1385	0	346.277080959744	1	54763.26	0.0
122	input_spectra/8-C3M06.mzML	1386	0	304.230063205295	1	55187.399999999994	0.0
122	input_spectra/8-C3M06.mzML	1387	0	304.230063205295	1	55198.92	0.0
122	input_spectra/8-C3M06.mzML	1388	0	304.230063205295	1	55238.219999999994	0.0
122	input_spectra/8-C3M06.mzML	1389	0	304.230063205295	1	55249.74	0.0
136	input_spectra/8-C3M06.mzML	1390	0	329.270867550012	1	55289.1	0.0
136	input_spectra/8-C3M06.mzML	1391	0	329.270867550012	1	55300.62	0.0
122	input_spectra/8-C3M06.mzML	1392	0	304.230063205295	1	55312.08	0.0
122	input_spectra/8-C3M06.mzML	1393	0	304.230063205295	1	55323.6	0.0
136	input_spectra/8-C3M06.mzML	1394	0	329.270867550012	1	55362.96	0.0
136	input_spectra/8-C3M06.mzML	1395	0	329.270867550012	1	55374.420000000006	0.0
136	input_spectra/8-C3M06.mzML	1396	0	329.270867550012	1	55413.78	0.0
136	input_spectra/8-C3M06.mzML	1397	0	329.270867550012	1	55425.3	0.0
112	input_spectra/8-C3M06.mzML	1398	0	286.219779636549	1	55464.659999999996	0.0
113	input_spectra/8-C3M06.mzML	1399	0	286.219779636549	1	55476.119999999995	0.0
113	input_spectra/8-C3M06.mzML	1400	0	286.219779636549	1	55515.54	0.0
113	input_spectra/8-C3M06.mzML	1401	0	286.219779636549	1	55527.0	0.0
112	input_spectra/8-C3M06.mzML	1402	0	286.219779636549	1	55566.36	0.0
113	input_spectra/8-C3M06.mzML	1403	0	286.219779636549	1	55577.88	0.0
143	input_spectra/8-C3M06.mzML	1404	0	346.277080959744	1	55805.88	0.0
144	input_spectra/8-C3M06.mzML	1405	0	346.277080959744	1	55817.34	0.0
144	input_spectra/8-C3M06.mzML	1406	0	346.277080959744	1	55856.76	0.0
144	input_spectra/8-C3M06.mzML	1407	0	346.277080959744	1	55868.219999999994	0.0
143	input_spectra/8-C3M06.mzML	1408	0	346.277080959744	1	55907.58	0.0
144	input_spectra/8-C3M06.mzML	1409	0	346.277080959744	1	55919.1	0.0
122	input_spectra/8-C3M06.mzML	1410	0	304.230063205295	1	56331.18	0.0
122	input_spectra/8-C3M06.mzML	1411	0	304.230063205295	1	56342.7	0.0
122	input_spectra/8-C3M06.mzML	1412	0	304.230063205295	1	56382.06	0.0
122	input_spectra/8-C3M06.mzML	1413	0	304.230063205295	1	56393.58	0.0
122	input_spectra/8-C3M06.mzML	1414	0	304.230063205295	1	56432.94	0.0
122	input_spectra/8-C3M06.mzML	1415	0	304.230063205295	1	56444.46	0.0
136	input_spectra/8-C3M06.mzML	1416	0	329.270867550012	1	56483.82	0.0
136	input_spectra/8-C3M06.mzML	1417	0	329.270867550012	1	56495.28	0.0
136	input_spectra/8-C3M06.mzML	1418	0	329.270867550012	1	56534.64	0.0
136	input_spectra/8-C3M06.mzML	1419	0	329.270867550012	1	56546.16	0.0
136	input_spectra/8-C3M06.mzML	1420	0	329.270867550012	1	56585.52	0.0
136	input_spectra/8-C3M06.mzML	1421	0	329.270867550012	1	56596.98	0.0
112	input_spectra/8-C3M06.mzML	1422	0	286.219779636549	1	56636.4	0.0
113	input_spectra/8-C3M06.mzML	1423	0	286.219779636549	1	56647.86	0.0
112	input_spectra/8-C3M06.mzML	1424	0	286.219779636549	1	56687.22	0.0
113	input_spectra/8-C3M06.mzML	1425	0	286.219779636549	1	56698.740000000005	0.0
112	input_spectra/8-C3M06.mzML	1426	0	286.219779636549	1	56738.1	0.0
113	input_spectra/8-C3M06.mzML	1427	0	286.219779636549	1	56749.56	0.0
143	input_spectra/8-C3M06.mzML	1428	0	346.277080959744	1	57001.68	0.0
144	input_spectra/8-C3M06.mzML	1429	0	346.277080959744	1	57013.200000000004	0.0
118	input_spectra/8-C3M06.mzML	1430	0	298.255788167318	1	57024.659999999996	0.0
119	input_spectra/8-C3M06.mzML	1431	0	298.255788167318	1	57036.18	0.0
143	input_spectra/8-C3M06.mzML	1432	0	346.277080959744	1	57075.54	0.0
144	input_spectra/8-C3M06.mzML	1433	0	346.277080959744	1	57087.06	0.0
143	input_spectra/8-C3M06.mzML	1434	0	346.277080959744	1	57126.42	0.0
144	input_spectra/8-C3M06.mzML	1435	0	346.277080959744	1	57137.88	0.0
119	input_spectra/8-C3M06.mzML	1436	0	298.255788167318	1	57237.42	0.0
119	input_spectra/8-C3M06.mzML	1437	0	298.255788167318	1	57248.94	0.0
122	input_spectra/8-C3M06.mzML	1438	0	304.230063205295	1	57492.66	0.0
122	input_spectra/8-C3M06.mzML	1439	0	304.230063205295	1	57504.18	0.0
122	input_spectra/8-C3M06.mzML	1440	0	304.230063205295	1	57543.54	0.0
122	input_spectra/8-C3M06.mzML	1441	0	304.230063205295	1	57555.06	0.0
122	input_spectra/8-C3M06.mzML	1442	0	304.230063205295	1	57594.420000000006	0.0
122	input_spectra/8-C3M06.mzML	1443	0	304.230063205295	1	57605.88	0.0
136	input_spectra/8-C3M06.mzML	1444	0	329.270867550012	1	57645.24	0.0
136	input_spectra/8-C3M06.mzML	1445	0	329.270867550012	1	57656.76	0.0
136	input_spectra/8-C3M06.mzML	1446	0	329.270867550012	1	57696.119999999995	0.0
136	input_spectra/8-C3M06.mzML	1447	0	329.270867550012	1	57707.64	0.0
136	input_spectra/8-C3M06.mzML	1448	0	329.270867550012	1	57747.0	0.0
136	input_spectra/8-C3M06.mzML	1449	0	329.270867550012	1	57758.520000000004	0.0
112	input_spectra/8-C3M06.mzML	1450	0	286.219779636549	1	57797.88	0.0
113	input_spectra/8-C3M06.mzML	1451	0	286.219779636549	1	57809.340000000004	0.0
112	input_spectra/8-C3M06.mzML	1452	0	286.219779636549	1	57848.7	0.0
113	input_spectra/8-C3M06.mzML	1453	0	286.219779636549	1	57860.22	0.0
112	input_spectra/8-C3M06.mzML	1454	0	286.219779636549	1	57899.58	0.0
113	input_spectra/8-C3M06.mzML	1455	0	286.219779636549	1	57911.04	0.0
143	input_spectra/8-C3M06.mzML	1456	0	346.277080959744	1	58187.22	0.0
144	input_spectra/8-C3M06.mzML	1457	0	346.277080959744	1	58198.740000000005	0.0
143	input_spectra/8-C3M06.mzML	1458	0	346.277080959744	1	58238.1	0.0
144	input_spectra/8-C3M06.mzML	1459	0	346.277080959744	1	58249.56	0.0
143	input_spectra/8-C3M06.mzML	1460	0	346.277080959744	1	58288.979999999996	0.0
144	input_spectra/8-C3M06.mzML	1461	0	346.277080959744	1	58300.44	0.0
4	input_spectra/8-C3M06.mzML	1462	0	117.072863624209	1	58351.86	0.0
4	input_spectra/8-C3M06.mzML	1463	0	117.072863624209	1	58363.32	0.0
122	input_spectra/8-C3M06.mzML	1464	0	304.230063205295	1	58631.16	0.0
122	input_spectra/8-C3M06.mzML	1465	0	304.230063205295	1	58642.68	0.0
122	input_spectra/8-C3M06.mzML	1466	0	304.230063205295	1	58682.04	0.0
122	input_spectra/8-C3M06.mzML	1467	0	304.230063205295	1	58693.56	0.0
122	input_spectra/8-C3M06.mzML	1468	0	304.230063205295	1	58732.92	0.0
122	input_spectra/8-C3M06.mzML	1469	0	304.230063205295	1	58744.38	0.0
136	input_spectra/8-C3M06.mzML	1470	0	329.270867550012	1	58783.740000000005	0.0
136	input_spectra/8-C3M06.mzML	1471	0	329.270867550012	1	58795.26	0.0
136	input_spectra/8-C3M06.mzML	1472	0	329.270867550012	1	58834.62	0.0
136	input_spectra/8-C3M06.mzML	1473	0	329.270867550012	1	58846.14	0.0
136	input_spectra/8-C3M06.mzML	1474	0	329.270867550012	1	58885.5	0.0
136	input_spectra/8-C3M06.mzML	1475	0	329.270867550012	1	58896.96	0.0
112	input_spectra/8-C3M06.mzML	1476	0	286.219779636549	1	58936.32	0.0
112	input_spectra/8-C3M06.mzML	1477	0	286.219779636549	1	58947.840000000004	0.0
111	input_spectra/8-C3M06.mzML	1478	0	286.219779636549	1	58987.2	0.0
113	input_spectra/8-C3M06.mzML	1479	0	286.219779636549	1	58998.72	0.0
112	input_spectra/8-C3M06.mzML	1480	0	286.219779636549	1	59038.079999999994	0.0
113	input_spectra/8-C3M06.mzML	1481	0	286.219779636549	1	59049.54	0.0
4	input_spectra/8-C3M06.mzML	1482	0	117.072863624209	1	59113.02	0.0
4	input_spectra/8-C3M06.mzML	1483	0	117.072863624209	1	59124.48	0.0
4	input_spectra/8-C3M06.mzML	1484	0	117.072863624209	1	59198.82	0.0
4	input_spectra/8-C3M06.mzML	1485	0	117.072863624209	1	59210.28	0.0
143	input_spectra/8-C3M06.mzML	1486	0	346.277080959744	1	59351.46	0.0
144	input_spectra/8-C3M06.mzML	1487	0	346.277080959744	1	59362.92	0.0
144	input_spectra/8-C3M06.mzML	1488	0	346.277080959744	1	59402.28	0.0
144	input_spectra/8-C3M06.mzML	1489	0	346.277080959744	1	59413.8	0.0
143	input_spectra/8-C3M06.mzML	1490	0	346.277080959744	1	59453.159999999996	0.0
144	input_spectra/8-C3M06.mzML	1491	0	346.277080959744	1	59464.62	0.0
122	input_spectra/8-C3M06.mzML	1492	0	304.230063205295	1	59780.579999999994	0.0
122	input_spectra/8-C3M06.mzML	1493	0	304.230063205295	1	59792.04	0.0
122	input_spectra/8-C3M06.mzML	1494	0	304.230063205295	1	59831.4	0.0
122	input_spectra/8-C3M06.mzML	1495	0	304.230063205295	1	59842.92	0.0
122	input_spectra/8-C3M06.mzML	1496	0	304.230063205295	1	59882.28	0.0
122	input_spectra/8-C3M06.mzML	1497	0	304.230063205295	1	59893.8	0.0
136	input_spectra/8-C3M06.mzML	1498	0	329.270867550012	1	59933.159999999996	0.0
136	input_spectra/8-C3M06.mzML	1499	0	329.270867550012	1	59944.62	0.0
231	input_spectra/8-C3M06.mzML	1500	0	598.451202392578	1	59956.2	0.0
231	input_spectra/8-C3M06.mzML	1501	0	598.451202392578	1	59967.72	0.0
136	input_spectra/8-C3M06.mzML	1502	0	329.270867550012	1	1000.12	0.0
136	input_spectra/8-C3M06.mzML	1503	0	329.270867550012	1	1000.31	0.0
231	input_spectra/8-C3M06.mzML	1504	0	598.451202392578	1	1000.5	0.0
231	input_spectra/8-C3M06.mzML	1505	0	598.451202392578	1	1000.69	0.0
136	input_spectra/8-C3M06.mzML	1506	0	329.270867550012	1	1001.35	0.0
136	input_spectra/8-C3M06.mzML	1507	0	329.270867550012	1	1001.54	0.0
112	input_spectra/8-C3M06.mzML	1508	0	286.219779636549	1	1001.73	0.0
113	input_spectra/8-C3M06.mzML	1509	0	286.219779636549	1	1001.93	0.0
112	input_spectra/8-C3M06.mzML	1510	0	286.219779636549	1	1002.58	0.0
113	input_spectra/8-C3M06.mzML	1511	0	286.219779636549	1	1002.77	0.0
112	input_spectra/8-C3M06.mzML	1512	0	286.219779636549	1	1003.43	0.0
113	input_spectra/8-C3M06.mzML	1513	0	286.219779636549	1	1003.62	0.0
4	input_spectra/8-C3M06.mzML	1514	0	117.072863624209	1	1006.06	0.0
4	input_spectra/8-C3M06.mzML	1515	0	117.072863624209	1	1006.25	0.0
144	input_spectra/8-C3M06.mzML	1516	0	346.277080959744	1	1008.61	0.0
144	input_spectra/8-C3M06.mzML	1517	0	346.277080959744	1	1008.8	0.0
4	input_spectra/8-C3M06.mzML	1518	0	117.072863624209	1	1008.99	0.0
4	input_spectra/8-C3M06.mzML	1519	0	117.072863624209	1	1009.18	0.0
143	input_spectra/8-C3M06.mzML	1520	0	346.277080959744	1	1009.84	0.0
144	input_spectra/8-C3M06.mzML	1521	0	346.277080959744	1	1010.03	0.0
4	input_spectra/8-C3M06.mzML	1522	0	117.072863624209	1	1010.22	0.0
4	input_spectra/8-C3M06.mzML	1523	0	117.072863624209	1	1010.41	0.0
143	input_spectra/8-C3M06.mzML	1524	0	346.277080959744	1	1011.07	0.0
144	input_spectra/8-C3M06.mzML	1525	0	346.277080959744	1	1011.26	0.0
59	input_spectra/8-C3M06.mzML	1526	0	185.11040680984	1	1012.72	0.0
59	input_spectra/8-C3M06.mzML	1527	0	185.11040680984	1	1012.91	0.0
122	input_spectra/8-C3M06.mzML	1528	0	304.230063205295	1	1015.77	0.0
122	input_spectra/8-C3M06.mzML	1529	0	304.230063205295	1	1015.96	0.0
122	input_spectra/8-C3M06.mzML	1530	0	304.230063205295	1	1016.61	0.0
122	input_spectra/8-C3M06.mzML	1531	0	304.230063205295	1	1016.81	0.0
122	input_spectra/8-C3M06.mzML	1532	0	304.230063205295	1	1017.46	0.0
122	input_spectra/8-C3M06.mzML	1533	0	304.230063205295	1	1017.66	0.0
136	input_spectra/8-C3M06.mzML	1534	0	329.270867550012	1	1018.31	0.0
136	input_spectra/8-C3M06.mzML	1535	0	329.270867550012	1	1018.5	0.0
136	input_spectra/8-C3M06.mzML	1536	0	329.270867550012	1	1019.16	0.0
136	input_spectra/8-C3M06.mzML	1537	0	329.270867550012	1	1019.35	0.0
136	input_spectra/8-C3M06.mzML	1538	0	329.270867550012	1	1020.01	0.0
136	input_spectra/8-C3M06.mzML	1539	0	329.270867550012	1	1020.2	0.0
112	input_spectra/8-C3M06.mzML	1540	0	286.219779636549	1	1020.85	0.0
113	input_spectra/8-C3M06.mzML	1541	0	286.219779636549	1	1021.05	0.0
112	input_spectra/8-C3M06.mzML	1542	0	286.219779636549	1	1021.7	0.0
113	input_spectra/8-C3M06.mzML	1543	0	286.219779636549	1	1021.89	0.0
112	input_spectra/8-C3M06.mzML	1544	0	286.219779636549	1	1022.55	0.0
113	input_spectra/8-C3M06.mzML	1545	0	286.219779636549	1	1022.74	0.0
59	input_spectra/8-C3M06.mzML	1546	0	185.11040680984	1	1022.93	0.0
59	input_spectra/8-C3M06.mzML	1547	0	185.11040680984	1	1023.12	0.0
59	input_spectra/8-C3M06.mzML	1548	0	185.11040680984	1	1023.98	0.0
59	input_spectra/8-C3M06.mzML	1549	0	185.11040680984	1	1024.17	0.0
4	input_spectra/8-C3M06.mzML	1550	0	117.072863624209	1	1027.31	0.0
4	input_spectra/8-C3M06.mzML	1551	0	117.072863624209	1	1027.5	0.0
4	input_spectra/8-C3M06.mzML	1552	0	117.072863624209	1	1028.15	0.0
4	input_spectra/8-C3M06.mzML	1553	0	117.072863624209	1	1028.35	0.0
143	input_spectra/8-C3M06.mzML	1554	0	346.277080959744	1	1029.0	0.0
144	input_spectra/8-C3M06.mzML	1555	0	346.277080959744	1	1029.19	0.0
144	input_spectra/8-C3M06.mzML	1556	0	346.277080959744	1	1029.85	0.0
144	input_spectra/8-C3M06.mzML	1557	0	346.277080959744	1	1030.04	0.0
143	input_spectra/8-C3M06.mzML	1558	0	346.277080959744	1	1030.7	0.0
144	input_spectra/8-C3M06.mzML	1559	0	346.277080959744	1	1030.89	0.0
4	input_spectra/8-C3M06.mzML	1560	0	117.072863624209	1	1031.75	0.0
4	input_spectra/8-C3M06.mzML	1561	0	117.072863624209	1	1031.94	0.0
122	input_spectra/8-C3M06.mzML	1562	0	304.230063205295	1	1034.84	0.0
122	input_spectra/8-C3M06.mzML	1563	0	304.230063205295	1	1035.04	0.0
122	input_spectra/8-C3M06.mzML	1564	0	304.230063205295	1	1035.69	0.0
122	input_spectra/8-C3M06.mzML	1565	0	304.230063205295	1	1035.88	0.0
122	input_spectra/8-C3M06.mzML	1566	0	304.230063205295	1	1036.54	0.0
122	input_spectra/8-C3M06.mzML	1567	0	304.230063205295	1	1036.73	0.0
136	input_spectra/8-C3M06.mzML	1568	0	329.270867550012	1	1037.39	0.0
136	input_spectra/8-C3M06.mzML	1569	0	329.270867550012	1	1037.58	0.0
136	input_spectra/8-C3M06.mzML	1570	0	329.270867550012	1	1038.24	0.0
136	input_spectra/8-C3M06.mzML	1571	0	329.270867550012	1	1038.43	0.0
136	input_spectra/8-C3M06.mzML	1572	0	329.270867550012	1	1039.08	0.0
136	input_spectra/8-C3M06.mzML	1573	0	329.270867550012	1	1039.27	0.0
111	input_spectra/8-C3M06.mzML	1574	0	286.219779636549	1	1040.31	0.0
112	input_spectra/8-C3M06.mzML	1575	0	286.219779636549	1	1040.51	0.0
112	input_spectra/8-C3M06.mzML	1576	0	286.219779636549	1	1041.16	0.0
113	input_spectra/8-C3M06.mzML	1577	0	286.219779636549	1	1041.35	0.0
112	input_spectra/8-C3M06.mzML	1578	0	286.219779636549	1	1042.39	0.0
113	input_spectra/8-C3M06.mzML	1579	0	286.219779636549	1	1042.58	0.0
59	input_spectra/8-C3M06.mzML	1580	0	185.11040680984	1	1042.78	0.0
59	input_spectra/8-C3M06.mzML	1581	0	185.11040680984	1	1042.97	0.0
59	input_spectra/8-C3M06.mzML	1582	0	185.11040680984	1	1044.61	0.0
59	input_spectra/8-C3M06.mzML	1583	0	185.11040680984	1	1044.8	0.0
59	input_spectra/8-C3M06.mzML	1584	0	185.11040680984	1	1045.84	0.0
59	input_spectra/8-C3M06.mzML	1585	0	185.11040680984	1	1046.03	0.0
143	input_spectra/8-C3M06.mzML	1586	0	346.277080959744	1	1048.34	0.0
144	input_spectra/8-C3M06.mzML	1587	0	346.277080959744	1	1048.53	0.0
143	input_spectra/8-C3M06.mzML	1588	0	346.277080959744	1	1049.18	0.0
144	input_spectra/8-C3M06.mzML	1589	0	346.277080959744	1	1049.37	0.0
143	input_spectra/8-C3M06.mzML	1590	0	346.277080959744	1	1050.03	0.0
144	input_spectra/8-C3M06.mzML	1591	0	346.277080959744	1	1050.22	0.0
4	input_spectra/8-C3M06.mzML	1592	0	117.072863624209	1	1050.88	0.0
4	input_spectra/8-C3M06.mzML	1593	0	117.072863624209	1	1051.07	0.0
4	input_spectra/8-C3M06.mzML	1594	0	117.072863624209	1	1051.73	0.0
4	input_spectra/8-C3M06.mzML	1595	0	117.072863624209	1	1051.92	0.0
4	input_spectra/8-C3M06.mzML	1596	0	117.072863624209	1	1052.57	0.0
4	input_spectra/8-C3M06.mzML	1597	0	117.072863624209	1	1052.76	0.0
122	input_spectra/8-C3M06.mzML	1598	0	304.230063205295	1	1054.22	0.0
122	input_spectra/8-C3M06.mzML	1599	0	304.230063205295	1	1054.41	0.0
122	input_spectra/8-C3M06.mzML	1600	0	304.230063205295	1	1055.07	0.0
122	input_spectra/8-C3M06.mzML	1601	0	304.230063205295	1	1055.26	0.0
122	input_spectra/8-C3M06.mzML	1602	0	304.230063205295	1	1055.92	0.0
122	input_spectra/8-C3M06.mzML	1603	0	304.230063205295	1	1056.11	0.0
136	input_spectra/8-C3M06.mzML	1604	0	329.270867550012	1	1056.77	0.0
136	input_spectra/8-C3M06.mzML	1605	0	329.270867550012	1	1056.96	0.0
136	input_spectra/8-C3M06.mzML	1606	0	329.270867550012	1	1057.61	0.0
136	input_spectra/8-C3M06.mzML	1607	0	329.270867550012	1	1057.8	0.0
136	input_spectra/8-C3M06.mzML	1608	0	329.270867550012	1	1058.46	0.0
136	input_spectra/8-C3M06.mzML	1609	0	329.270867550012	1	1058.65	0.0
112	input_spectra/8-C3M06.mzML	1610	0	286.219779636549	1	1059.31	0.0
113	input_spectra/8-C3M06.mzML	1611	0	286.219779636549	1	1059.5	0.0
112	input_spectra/8-C3M06.mzML	1612	0	286.219779636549	1	1060.54	0.0
113	input_spectra/8-C3M06.mzML	1613	0	286.219779636549	1	1060.73	0.0
112	input_spectra/8-C3M06.mzML	1614	0	286.219779636549	1	1061.77	0.0
113	input_spectra/8-C3M06.mzML	1615	0	286.219779636549	1	1061.96	0.0
59	input_spectra/8-C3M06.mzML	1616	0	185.11040680984	1	1063.0	0.0
59	input_spectra/8-C3M06.mzML	1617	0	185.11040680984	1	1063.2	0.0
59	input_spectra/8-C3M06.mzML	1618	0	185.11040680984	1	1065.08	0.0
59	input_spectra/8-C3M06.mzML	1619	0	185.11040680984	1	1065.27	0.0
59	input_spectra/8-C3M06.mzML	1620	0	185.11040680984	1	1066.31	0.0
59	input_spectra/8-C3M06.mzML	1621	0	185.11040680984	1	1066.5	0.0
143	input_spectra/8-C3M06.mzML	1622	0	346.277080959744	1	1067.76	0.0
144	input_spectra/8-C3M06.mzML	1623	0	346.277080959744	1	1067.95	0.0
143	input_spectra/8-C3M06.mzML	1624	0	346.277080959744	1	1068.61	0.0
144	input_spectra/8-C3M06.mzML	1625	0	346.277080959744	1	1068.8	0.0
143	input_spectra/8-C3M06.mzML	1626	0	346.277080959744	1	1069.46	0.0
144	input_spectra/8-C3M06.mzML	1627	0	346.277080959744	1	1069.65	0.0
4	input_spectra/8-C3M06.mzML	1628	0	117.072863624209	1	1070.31	0.0
4	input_spectra/8-C3M06.mzML	1629	0	117.072863624209	1	1070.5	0.0
4	input_spectra/8-C3M06.mzML	1630	0	117.072863624209	1	1071.15	0.0
4	input_spectra/8-C3M06.mzML	1631	0	117.072863624209	1	1071.34	0.0
4	input_spectra/8-C3M06.mzML	1632	0	117.072863624209	1	1072.0	0.0
4	input_spectra/8-C3M06.mzML	1633	0	117.072863624209	1	1072.19	0.0
122	input_spectra/8-C3M06.mzML	1634	0	304.230063205295	1	1073.25	0.0
122	input_spectra/8-C3M06.mzML	1635	0	304.230063205295	1	1073.44	0.0
122	input_spectra/8-C3M06.mzML	1636	0	304.230063205295	1	1074.1	0.0
122	input_spectra/8-C3M06.mzML	1637	0	304.230063205295	1	1074.29	0.0
122	input_spectra/8-C3M06.mzML	1638	0	304.230063205295	1	1074.94	0.0
122	input_spectra/8-C3M06.mzML	1639	0	304.230063205295	1	1075.14	0.0
136	input_spectra/8-C3M06.mzML	1640	0	329.270867550012	1	1075.99	0.0
136	input_spectra/8-C3M06.mzML	1641	0	329.270867550012	1	1076.18	0.0
136	input_spectra/8-C3M06.mzML	1642	0	329.270867550012	1	1077.24	0.0
136	input_spectra/8-C3M06.mzML	1643	0	329.270867550012	1	1077.43	0.0
136	input_spectra/8-C3M06.mzML	1644	0	329.270867550012	1	1078.09	0.0
136	input_spectra/8-C3M06.mzML	1645	0	329.270867550012	1	1078.28	0.0
112	input_spectra/8-C3M06.mzML	1646	0	286.219779636549	1	1078.94	0.0
113	input_spectra/8-C3M06.mzML	1647	0	286.219779636549	1	1079.13	0.0
112	input_spectra/8-C3M06.mzML	1648	0	286.219779636549	1	1080.17	0.0
113	input_spectra/8-C3M06.mzML	1649	0	286.219779636549	1	1080.36	0.0
112	input_spectra/8-C3M06.mzML	1650	0	286.219779636549	1	1081.4	0.0
113	input_spectra/8-C3M06.mzML	1651	0	286.219779636549	1	1081.59	0.0
59	input_spectra/8-C3M06.mzML	1652	0	185.11040680984	1	1083.61	0.0
59	input_spectra/8-C3M06.mzML	1653	0	185.11040680984	1	1083.81	0.0
59	input_spectra/8-C3M06.mzML	1654	0	185.11040680984	1	1084.84	0.0
59	input_spectra/8-C3M06.mzML	1655	0	185.11040680984	1	1085.04	0.0
59	input_spectra/8-C3M06.mzML	1656	0	185.11040680984	1	1086.08	0.0
59	input_spectra/8-C3M06.mzML	1657	0	185.11040680984	1	1086.27	0.0
143	input_spectra/8-C3M06.mzML	1658	0	346.277080959744	1	1086.92	0.0
144	input_spectra/8-C3M06.mzML	1659	0	346.277080959744	1	1087.11	0.0
143	input_spectra/8-C3M06.mzML	1660	0	346.277080959744	1	1087.77	0.0
144	input_spectra/8-C3M06.mzML	1661	0	346.277080959744	1	1087.96	0.0
143	input_spectra/8-C3M06.mzML	1662	0	346.277080959744	1	1088.62	0.0
144	input_spectra/8-C3M06.mzML	1663	0	346.277080959744	1	1088.81	0.0
4	input_spectra/8-C3M06.mzML	1664	0	117.072863624209	1	1089.47	0.0
4	input_spectra/8-C3M06.mzML	1665	0	117.072863624209	1	1089.66	0.0
4	input_spectra/8-C3M06.mzML	1666	0	117.072863624209	1	1090.31	0.0
4	input_spectra/8-C3M06.mzML	1667	0	117.072863624209	1	1090.5	0.0
4	input_spectra/8-C3M06.mzML	1668	0	117.072863624209	1	1091.16	0.0
4	input_spectra/8-C3M06.mzML	1669	0	117.072863624209	1	1091.35	0.0
122	input_spectra/8-C3M06.mzML	1670	0	304.230063205295	1	1092.21	0.0
122	input_spectra/8-C3M06.mzML	1671	0	304.230063205295	1	1092.4	0.0
122	input_spectra/8-C3M06.mzML	1672	0	304.230063205295	1	1093.06	0.0
122	input_spectra/8-C3M06.mzML	1673	0	304.230063205295	1	1093.25	0.0
122	input_spectra/8-C3M06.mzML	1674	0	304.230063205295	1	1093.9	0.0
122	input_spectra/8-C3M06.mzML	1675	0	304.230063205295	1	1094.1	0.0
136	input_spectra/8-C3M06.mzML	1676	0	329.270867550012	1	1095.75	0.0
136	input_spectra/8-C3M06.mzML	1677	0	329.270867550012	1	1095.95	0.0
136	input_spectra/8-C3M06.mzML	1678	0	329.270867550012	1	1096.6	0.0
136	input_spectra/8-C3M06.mzML	1679	0	329.270867550012	1	1096.79	0.0
136	input_spectra/8-C3M06.mzML	1680	0	329.270867550012	1	1097.65	0.0
136	input_spectra/8-C3M06.mzML	1681	0	329.270867550012	1	1097.84	0.0
112	input_spectra/8-C3M06.mzML	1682	0	286.219779636549	1	1098.5	0.0
113	input_spectra/8-C3M06.mzML	1683	0	286.219779636549	1	1098.69	0.0
112	input_spectra/8-C3M06.mzML	1684	0	286.219779636549	1	1099.73	0.0
113	input_spectra/8-C3M06.mzML	1685	0	286.219779636549	1	1099.92	0.0
112	input_spectra/8-C3M06.mzML	1686	0	286.219779636549	1	1100.96	0.0
113	input_spectra/8-C3M06.mzML	1687	0	286.219779636549	1	1101.15	0.0
59	input_spectra/8-C3M06.mzML	1688	0	185.11040680984	1	1102.79	0.0
59	input_spectra/8-C3M06.mzML	1689	0	185.11040680984	1	1102.98	0.0
131	input_spectra/8-C3M06.mzML	1690	0	328.268272986779	1	1104.02	0.0
134	input_spectra/8-C3M06.mzML	1691	0	328.268272986779	1	1104.21	0.0
59	input_spectra/8-C3M06.mzML	1692	0	185.11040680984	1	1104.41	0.0
59	input_spectra/8-C3M06.mzML	1693	0	185.11040680984	1	1104.6	0.0
131	input_spectra/8-C3M06.mzML	1694	0	328.268272986779	1	1105.25	0.0
134	input_spectra/8-C3M06.mzML	1695	0	328.268272986779	1	1105.44	0.0
59	input_spectra/8-C3M06.mzML	1696	0	185.11040680984	1	1105.64	0.0
59	input_spectra/8-C3M06.mzML	1697	0	185.11040680984	1	1105.83	0.0
131	input_spectra/8-C3M06.mzML	1698	0	328.268272986779	1	1106.48	0.0
134	input_spectra/8-C3M06.mzML	1699	0	328.268272986779	1	1106.68	0.0
122	input_spectra/8-C3M06.mzML	1700	0	304.230063205295	1	1111.34	0.0
122	input_spectra/8-C3M06.mzML	1701	0	304.230063205295	1	1111.53	0.0
122	input_spectra/8-C3M06.mzML	1702	0	304.230063205295	1	1112.19	0.0
122	input_spectra/8-C3M06.mzML	1703	0	304.230063205295	1	1112.38	0.0
122	input_spectra/8-C3M06.mzML	1704	0	304.230063205295	1	1113.03	0.0
122	input_spectra/8-C3M06.mzML	1705	0	304.230063205295	1	1113.23	0.0
59	input_spectra/8-C3M06.mzML	1706	0	185.11040680984	1	1122.24	0.0
59	input_spectra/8-C3M06.mzML	1707	0	185.11040680984	1	1122.43	0.0
59	input_spectra/8-C3M06.mzML	1708	0	185.11040680984	1	1123.08	0.0
59	input_spectra/8-C3M06.mzML	1709	0	185.11040680984	1	1123.28	0.0
131	input_spectra/8-C3M06.mzML	1710	0	328.268272986779	1	1123.93	0.0
130	input_spectra/8-C3M06.mzML	1711	0	328.268272986779	1	1124.12	0.0
59	input_spectra/8-C3M06.mzML	1712	0	185.11040680984	1	1124.31	0.0
59	input_spectra/8-C3M06.mzML	1713	0	185.11040680984	1	1124.51	0.0
131	input_spectra/8-C3M06.mzML	1714	0	328.268272986779	1	1125.16	0.0
134	input_spectra/8-C3M06.mzML	1715	0	328.268272986779	1	1125.35	0.0
131	input_spectra/8-C3M06.mzML	1716	0	328.268272986779	1	1126.01	0.0
130	input_spectra/8-C3M06.mzML	1717	0	328.268272986779	1	1126.2	0.0
59	input_spectra/8-C3M06.mzML	1718	0	185.11040680984	1	1141.23	0.0
59	input_spectra/8-C3M06.mzML	1719	0	185.11040680984	1	1141.42	0.0
59	input_spectra/8-C3M06.mzML	1720	0	185.11040680984	1	1142.07	0.0
59	input_spectra/8-C3M06.mzML	1721	0	185.11040680984	1	1142.26	0.0
59	input_spectra/8-C3M06.mzML	1722	0	185.11040680984	1	1142.92	0.0
59	input_spectra/8-C3M06.mzML	1723	0	185.11040680984	1	1143.11	0.0
131	input_spectra/8-C3M06.mzML	1724	0	328.268272986779	1	1143.77	0.0
134	input_spectra/8-C3M06.mzML	1725	0	328.268272986779	1	1143.96	0.0
131	input_spectra/8-C3M06.mzML	1726	0	328.268272986779	1	1144.62	0.0
130	input_spectra/8-C3M06.mzML	1727	0	328.268272986779	1	1144.81	0.0
131	input_spectra/8-C3M06.mzML	1728	0	328.268272986779	1	1145.46	0.0
135	input_spectra/8-C3M06.mzML	1729	0	328.268272986779	1	1145.65	0.0
59	input_spectra/8-C3M06.mzML	1730	0	185.11040680984	1	1160.28	0.0
59	input_spectra/8-C3M06.mzML	1731	0	185.11040680984	1	1160.47	0.0
59	input_spectra/8-C3M06.mzML	1732	0	185.11040680984	1	1161.12	0.0
59	input_spectra/8-C3M06.mzML	1733	0	185.11040680984	1	1161.32	0.0
59	input_spectra/8-C3M06.mzML	1734	0	185.11040680984	1	1161.97	0.0
59	input_spectra/8-C3M06.mzML	1735	0	185.11040680984	1	1162.16	0.0
132	input_spectra/8-C3M06.mzML	1736	0	328.268272986779	1	1162.82	0.0
130	input_spectra/8-C3M06.mzML	1737	0	328.268272986779	1	1163.01	0.0
131	input_spectra/8-C3M06.mzML	1738	0	328.268272986779	1	1163.67	0.0
135	input_spectra/8-C3M06.mzML	1739	0	328.268272986779	1	1163.86	0.0
130	input_spectra/8-C3M06.mzML	1740	0	328.268272986779	1	1164.51	0.0
135	input_spectra/8-C3M06.mzML	1741	0	328.268272986779	1	1164.71	0.0
219	input_spectra/8-C3M06.mzML	1742	0	542.350301106771	1	1165.36	0.0
219	input_spectra/8-C3M06.mzML	1743	0	542.350301106771	1	1165.56	0.0
219	input_spectra/8-C3M06.mzML	1744	0	542.350301106771	1	1166.21	0.0
219	input_spectra/8-C3M06.mzML	1745	0	542.350301106771	1	1166.4	0.0
219	input_spectra/8-C3M06.mzML	1746	0	542.350301106771	1	1167.06	0.0
219	input_spectra/8-C3M06.mzML	1747	0	542.350301106771	1	1167.25	0.0
59	input_spectra/8-C3M06.mzML	1748	0	185.11040680984	1	1179.31	0.0
59	input_spectra/8-C3M06.mzML	1749	0	185.11040680984	1	1179.51	0.0
59	input_spectra/8-C3M06.mzML	1750	0	185.11040680984	1	1180.16	0.0
59	input_spectra/8-C3M06.mzML	1751	0	185.11040680984	1	1180.35	0.0
59	input_spectra/8-C3M06.mzML	1752	0	185.11040680984	1	1181.01	0.0
59	input_spectra/8-C3M06.mzML	1753	0	185.11040680984	1	1181.2	0.0
132	input_spectra/8-C3M06.mzML	1754	0	328.268272986779	1	1182.26	0.0
134	input_spectra/8-C3M06.mzML	1755	0	328.268272986779	1	1182.45	0.0
131	input_spectra/8-C3M06.mzML	1756	0	328.268272986779	1	1183.11	0.0
130	input_spectra/8-C3M06.mzML	1757	0	328.268272986779	1	1183.3	0.0
131	input_spectra/8-C3M06.mzML	1758	0	328.268272986779	1	1183.95	0.0
134	input_spectra/8-C3M06.mzML	1759	0	328.268272986779	1	1184.14	0.0
121	input_spectra/8-C3M06.mzML	1760	0	302.286834716797	1	1190.41	0.0
121	input_spectra/8-C3M06.mzML	1761	0	302.286834716797	1	1190.6	0.0
121	input_spectra/8-C3M06.mzML	1762	0	302.286834716797	1	1192.46	0.0
121	input_spectra/8-C3M06.mzML	1763	0	302.286834716797	1	1192.65	0.0
121	input_spectra/8-C3M06.mzML	1764	0	302.286834716797	1	1197.79	0.0
121	input_spectra/8-C3M06.mzML	1765	0	302.286834716797	1	1197.99	0.0
59	input_spectra/8-C3M06.mzML	1766	0	185.11040680984	1	1198.84	0.0
59	input_spectra/8-C3M06.mzML	1767	0	185.11040680984	1	1199.03	0.0
59	input_spectra/8-C3M06.mzML	1768	0	185.11040680984	1	1199.69	0.0
59	input_spectra/8-C3M06.mzML	1769	0	185.11040680984	1	1199.88	0.0
3	input_spectra/bkgrnd-marine-broth.mzML	1770	0	110.009817759196	1	6384.900000000001	0.0
3	input_spectra/bkgrnd-marine-broth.mzML	1771	0	110.009817759196	1	6396.36	0.0
3	input_spectra/bkgrnd-marine-broth.mzML	1772	0	110.009817759196	1	6435.66	0.0
3	input_spectra/bkgrnd-marine-broth.mzML	1773	0	110.009817759196	1	6447.18	0.0
34	input_spectra/bkgrnd-marine-broth.mzML	1774	0	146.166600545247	1	6458.64	0.0
34	input_spectra/bkgrnd-marine-broth.mzML	1775	0	146.166600545247	1	6470.099999999999	0.0
12	input_spectra/bkgrnd-marine-broth.mzML	1776	0	125.987463378906	1	6481.5599999999995	0.0
12	input_spectra/bkgrnd-marine-broth.mzML	1777	0	125.987463378906	1	6493.08	0.0
39	input_spectra/bkgrnd-marine-broth.mzML	1778	0	151.036672973633	1	6504.54	0.0
39	input_spectra/bkgrnd-marine-broth.mzML	1779	0	151.036672973633	1	6516.0	0.0
3	input_spectra/bkgrnd-marine-broth.mzML	1780	0	110.009817759196	1	6555.36	0.0
3	input_spectra/bkgrnd-marine-broth.mzML	1781	0	110.009817759196	1	6566.879999999999	0.0
12	input_spectra/bkgrnd-marine-broth.mzML	1782	0	125.987463378906	1	6578.34	0.0
12	input_spectra/bkgrnd-marine-broth.mzML	1783	0	125.987463378906	1	6589.8	0.0
34	input_spectra/bkgrnd-marine-broth.mzML	1784	0	146.166600545247	1	6601.26	0.0
34	input_spectra/bkgrnd-marine-broth.mzML	1785	0	146.166600545247	1	6612.78	0.0
39	input_spectra/bkgrnd-marine-broth.mzML	1786	0	151.036672973633	1	6624.24	0.0
39	input_spectra/bkgrnd-marine-broth.mzML	1787	0	151.036672973633	1	6635.7	0.0
78	input_spectra/bkgrnd-marine-broth.mzML	1788	0	223.991306304932	1	6647.22	0.0
78	input_spectra/bkgrnd-marine-broth.mzML	1789	0	223.991306304932	1	6658.679999999999	0.0
12	input_spectra/bkgrnd-marine-broth.mzML	1790	0	125.987463378906	1	6698.1	0.0
12	input_spectra/bkgrnd-marine-broth.mzML	1791	0	125.987463378906	1	6709.5599999999995	0.0
34	input_spectra/bkgrnd-marine-broth.mzML	1792	0	146.166600545247	1	6721.08	0.0
34	input_spectra/bkgrnd-marine-broth.mzML	1793	0	146.166600545247	1	6732.54	0.0
67	input_spectra/bkgrnd-marine-broth.mzML	1794	0	198.94199625651	1	6744.0	0.0
67	input_spectra/bkgrnd-marine-broth.mzML	1795	0	198.94199625651	1	6755.5199999999995	0.0
78	input_spectra/bkgrnd-marine-broth.mzML	1796	0	223.991306304932	1	6766.9800000000005	0.0
78	input_spectra/bkgrnd-marine-broth.mzML	1797	0	223.991306304932	1	6778.4400000000005	0.0
39	input_spectra/bkgrnd-marine-broth.mzML	1798	0	151.036672973633	1	6789.96	0.0
39	input_spectra/bkgrnd-marine-broth.mzML	1799	0	151.036672973633	1	6801.42	0.0
67	input_spectra/bkgrnd-marine-broth.mzML	1800	0	198.94199625651	1	6840.780000000001	0.0
67	input_spectra/bkgrnd-marine-broth.mzML	1801	0	198.94199625651	1	6852.3	0.0
78	input_spectra/bkgrnd-marine-broth.mzML	1802	0	223.991306304932	1	6863.76	0.0
78	input_spectra/bkgrnd-marine-broth.mzML	1803	0	223.991306304932	1	6875.22	0.0
57	input_spectra/bkgrnd-marine-broth.mzML	1804	0	182.964279174805	1	6886.74	0.0
58	input_spectra/bkgrnd-marine-broth.mzML	1805	0	182.964279174805	1	6898.2	0.0
92	input_spectra/bkgrnd-marine-broth.mzML	1806	0	239.968907674154	1	6909.72	0.0
92	input_spectra/bkgrnd-marine-broth.mzML	1807	0	239.968907674154	1	6921.179999999999	0.0
68	input_spectra/bkgrnd-marine-broth.mzML	1808	0	203.224990844727	1	6932.639999999999	0.0
68	input_spectra/bkgrnd-marine-broth.mzML	1809	0	203.224990844727	1	6944.16	0.0
67	input_spectra/bkgrnd-marine-broth.mzML	1810	0	198.94199625651	1	6983.5199999999995	0.0
67	input_spectra/bkgrnd-marine-broth.mzML	1811	0	198.94199625651	1	6994.98	0.0
57	input_spectra/bkgrnd-marine-broth.mzML	1812	0	182.964279174805	1	7006.5	0.0
58	input_spectra/bkgrnd-marine-broth.mzML	1813	0	182.964279174805	1	7017.96	0.0
92	input_spectra/bkgrnd-marine-broth.mzML	1814	0	239.968907674154	1	7029.42	0.0
92	input_spectra/bkgrnd-marine-broth.mzML	1815	0	239.968907674154	1	7040.9400000000005	0.0
68	input_spectra/bkgrnd-marine-broth.mzML	1816	0	203.224990844727	1	7052.400000000001	0.0
68	input_spectra/bkgrnd-marine-broth.mzML	1817	0	203.224990844727	1	7063.92	0.0
103	input_spectra/bkgrnd-marine-broth.mzML	1818	0	265.018218994141	1	7075.38	0.0
103	input_spectra/bkgrnd-marine-broth.mzML	1819	0	265.018218994141	1	7086.9	0.0
57	input_spectra/bkgrnd-marine-broth.mzML	1820	0	182.964279174805	1	7126.26	0.0
58	input_spectra/bkgrnd-marine-broth.mzML	1821	0	182.964279174805	1	7137.72	0.0
92	input_spectra/bkgrnd-marine-broth.mzML	1822	0	239.968907674154	1	7149.24	0.0
92	input_spectra/bkgrnd-marine-broth.mzML	1823	0	239.968907674154	1	7160.7	0.0
73	input_spectra/bkgrnd-marine-broth.mzML	1824	0	214.91953531901	1	7172.16	0.0
73	input_spectra/bkgrnd-marine-broth.mzML	1825	0	214.91953531901	1	7183.679999999999	0.0
68	input_spectra/bkgrnd-marine-broth.mzML	1826	0	203.224990844727	1	7195.139999999999	0.0
68	input_spectra/bkgrnd-marine-broth.mzML	1827	0	203.224990844727	1	7206.6	0.0
103	input_spectra/bkgrnd-marine-broth.mzML	1828	0	265.018218994141	1	7218.120000000001	0.0
103	input_spectra/bkgrnd-marine-broth.mzML	1829	0	265.018218994141	1	7229.58	0.0
73	input_spectra/bkgrnd-marine-broth.mzML	1830	0	214.91953531901	1	7269.0	0.0
73	input_spectra/bkgrnd-marine-broth.mzML	1831	0	214.91953531901	1	7280.46	0.0
103	input_spectra/bkgrnd-marine-broth.mzML	1832	0	265.018218994141	1	7291.9800000000005	0.0
103	input_spectra/bkgrnd-marine-broth.mzML	1833	0	265.018218994141	1	7303.4400000000005	0.0
73	input_spectra/bkgrnd-marine-broth.mzML	1834	0	214.91953531901	1	7342.799999999999	0.0
73	input_spectra/bkgrnd-marine-broth.mzML	1835	0	214.91953531901	1	7354.32	0.0
3	input_spectra/bkgrnd-marine-broth.mzML	1836	0	110.009817759196	1	7549.98	0.0
3	input_spectra/bkgrnd-marine-broth.mzML	1837	0	110.009817759196	1	7561.5	0.0
3	input_spectra/bkgrnd-marine-broth.mzML	1838	0	110.009817759196	1	7600.8	0.0
3	input_spectra/bkgrnd-marine-broth.mzML	1839	0	110.009817759196	1	7612.259999999999	0.0
3	input_spectra/bkgrnd-marine-broth.mzML	1840	0	110.009817759196	1	7651.62	0.0
3	input_spectra/bkgrnd-marine-broth.mzML	1841	0	110.009817759196	1	7663.139999999999	0.0
34	input_spectra/bkgrnd-marine-broth.mzML	1842	0	146.166600545247	1	7702.5	0.0
34	input_spectra/bkgrnd-marine-broth.mzML	1843	0	146.166600545247	1	7713.96	0.0
12	input_spectra/bkgrnd-marine-broth.mzML	1844	0	125.987463378906	1	7725.42	0.0
12	input_spectra/bkgrnd-marine-broth.mzML	1845	0	125.987463378906	1	7736.88	0.0
39	input_spectra/bkgrnd-marine-broth.mzML	1846	0	151.036672973633	1	7748.4	0.0
39	input_spectra/bkgrnd-marine-broth.mzML	1847	0	151.036672973633	1	7759.86	0.0
34	input_spectra/bkgrnd-marine-broth.mzML	1848	0	146.166600545247	1	7799.219999999999	0.0
34	input_spectra/bkgrnd-marine-broth.mzML	1849	0	146.166600545247	1	7810.74	0.0
78	input_spectra/bkgrnd-marine-broth.mzML	1850	0	223.991306304932	1	7822.200000000001	0.0
78	input_spectra/bkgrnd-marine-broth.mzML	1851	0	223.991306304932	1	7833.720000000001	0.0
12	input_spectra/bkgrnd-marine-broth.mzML	1852	0	125.987463378906	1	7845.179999999999	0.0
12	input_spectra/bkgrnd-marine-broth.mzML	1853	0	125.987463378906	1	7856.639999999999	0.0
39	input_spectra/bkgrnd-marine-broth.mzML	1854	0	151.036672973633	1	7868.099999999999	0.0
39	input_spectra/bkgrnd-marine-broth.mzML	1855	0	151.036672973633	1	7879.62	0.0
34	input_spectra/bkgrnd-marine-broth.mzML	1856	0	146.166600545247	1	7918.9800000000005	0.0
34	input_spectra/bkgrnd-marine-broth.mzML	1857	0	146.166600545247	1	7930.4400000000005	0.0
5	input_spectra/bkgrnd-marine-broth.mzML	1858	0	118.087252298991	1	8847.6	0.0
5	input_spectra/bkgrnd-marine-broth.mzML	1859	0	118.087252298991	1	8859.060000000001	0.0
5	input_spectra/bkgrnd-marine-broth.mzML	1860	0	118.087252298991	1	8898.42	0.0
5	input_spectra/bkgrnd-marine-broth.mzML	1861	0	118.087252298991	1	8909.94	0.0
5	input_spectra/bkgrnd-marine-broth.mzML	1862	0	118.087252298991	1	8949.24	0.0
5	input_spectra/bkgrnd-marine-broth.mzML	1863	0	118.087252298991	1	8960.76	0.0
18	input_spectra/bkgrnd-marine-broth.mzML	1864	0	130.098500569661	1	9000.12	0.0
18	input_spectra/bkgrnd-marine-broth.mzML	1865	0	130.098500569661	1	9011.58	0.0
18	input_spectra/bkgrnd-marine-broth.mzML	1866	0	130.098500569661	1	9050.939999999999	0.0
18	input_spectra/bkgrnd-marine-broth.mzML	1867	0	130.098500569661	1	9062.4	0.0
18	input_spectra/bkgrnd-marine-broth.mzML	1868	0	130.098500569661	1	9101.76	0.0
18	input_spectra/bkgrnd-marine-broth.mzML	1869	0	130.098500569661	1	9113.22	0.0
43	input_spectra/bkgrnd-marine-broth.mzML	1870	0	158.093879699707	1	9645.599999999999	0.0
43	input_spectra/bkgrnd-marine-broth.mzML	1871	0	158.093879699707	1	9657.06	0.0
43	input_spectra/bkgrnd-marine-broth.mzML	1872	0	158.093879699707	1	9696.48	0.0
43	input_spectra/bkgrnd-marine-broth.mzML	1873	0	158.093879699707	1	9707.94	0.0
43	input_spectra/bkgrnd-marine-broth.mzML	1874	0	158.093879699707	1	9747.359999999999	0.0
43	input_spectra/bkgrnd-marine-broth.mzML	1875	0	158.093879699707	1	9758.82	0.0
38	input_spectra/bkgrnd-marine-broth.mzML	1876	0	150.059661865234	1	9770.279999999999	0.0
37	input_spectra/bkgrnd-marine-broth.mzML	1877	0	150.059661865234	1	9781.8	0.0
38	input_spectra/bkgrnd-marine-broth.mzML	1878	0	150.059661865234	1	9821.16	0.0
38	input_spectra/bkgrnd-marine-broth.mzML	1879	0	150.059661865234	1	9832.62	0.0
38	input_spectra/bkgrnd-marine-broth.mzML	1880	0	150.059661865234	1	9872.039999999999	0.0
38	input_spectra/bkgrnd-marine-broth.mzML	1881	0	150.059661865234	1	9883.5	0.0
13	input_spectra/bkgrnd-marine-broth.mzML	1882	0	130.05116780599	1	9982.980000000001	0.0
14	input_spectra/bkgrnd-marine-broth.mzML	1883	0	130.05116780599	1	9994.44	0.0
5	input_spectra/bkgrnd-marine-broth.mzML	1884	0	118.087252298991	1	10033.8	0.0
5	input_spectra/bkgrnd-marine-broth.mzML	1885	0	118.087252298991	1	10045.26	0.0
13	input_spectra/bkgrnd-marine-broth.mzML	1886	0	130.05116780599	1	10056.72	0.0
17	input_spectra/bkgrnd-marine-broth.mzML	1887	0	130.05116780599	1	10068.18	0.0
5	input_spectra/bkgrnd-marine-broth.mzML	1888	0	118.087252298991	1	10107.54	0.0
5	input_spectra/bkgrnd-marine-broth.mzML	1889	0	118.087252298991	1	10119.0	0.0
13	input_spectra/bkgrnd-marine-broth.mzML	1890	0	130.05116780599	1	10130.460000000001	0.0
17	input_spectra/bkgrnd-marine-broth.mzML	1891	0	130.05116780599	1	10141.92	0.0
5	input_spectra/bkgrnd-marine-broth.mzML	1892	0	118.087252298991	1	10181.279999999999	0.0
5	input_spectra/bkgrnd-marine-broth.mzML	1893	0	118.087252298991	1	10192.74	0.0
22	input_spectra/bkgrnd-marine-broth.mzML	1894	0	132.103280318411	1	10424.519999999999	0.0
22	input_spectra/bkgrnd-marine-broth.mzML	1895	0	132.103280318411	1	10435.98	0.0
22	input_spectra/bkgrnd-marine-broth.mzML	1896	0	132.103280318411	1	10475.34	0.0
22	input_spectra/bkgrnd-marine-broth.mzML	1897	0	132.103280318411	1	10486.86	0.0
22	input_spectra/bkgrnd-marine-broth.mzML	1898	0	132.103280318411	1	10526.220000000001	0.0
22	input_spectra/bkgrnd-marine-broth.mzML	1899	0	132.103280318411	1	10537.679999999998	0.0
43	input_spectra/bkgrnd-marine-broth.mzML	1900	0	158.093879699707	1	10781.460000000001	0.0
43	input_spectra/bkgrnd-marine-broth.mzML	1901	0	158.093879699707	1	10792.92	0.0
43	input_spectra/bkgrnd-marine-broth.mzML	1902	0	158.093879699707	1	10832.34	0.0
43	input_spectra/bkgrnd-marine-broth.mzML	1903	0	158.093879699707	1	10843.8	0.0
43	input_spectra/bkgrnd-marine-broth.mzML	1904	0	158.093879699707	1	10883.16	0.0
43	input_spectra/bkgrnd-marine-broth.mzML	1905	0	158.093879699707	1	10894.619999999999	0.0
5	input_spectra/bkgrnd-marine-broth.mzML	1906	0	118.087252298991	1	11198.58	0.0
5	input_spectra/bkgrnd-marine-broth.mzML	1907	0	118.087252298991	1	11210.04	0.0
5	input_spectra/bkgrnd-marine-broth.mzML	1908	0	118.087252298991	1	11249.400000000001	0.0
5	input_spectra/bkgrnd-marine-broth.mzML	1909	0	118.087252298991	1	11260.86	0.0
15	input_spectra/bkgrnd-marine-broth.mzML	1910	0	130.05116780599	1	11272.320000000002	0.0
5	input_spectra/bkgrnd-marine-broth.mzML	1911	0	118.087252298991	1	11323.2	0.0
5	input_spectra/bkgrnd-marine-broth.mzML	1912	0	118.087252298991	1	11334.66	0.0
15	input_spectra/bkgrnd-marine-broth.mzML	1913	0	130.05116780599	1	11505.24	0.0
16	input_spectra/bkgrnd-marine-broth.mzML	1914	0	130.05116780599	1	11516.699999999999	0.0
15	input_spectra/bkgrnd-marine-broth.mzML	1915	0	130.05116780599	1	11556.12	0.0
98	input_spectra/bkgrnd-marine-broth.mzML	1916	0	260.199279785156	1	11579.1	0.0
98	input_spectra/bkgrnd-marine-broth.mzML	1917	0	260.199279785156	1	11590.56	0.0
54	input_spectra/bkgrnd-marine-broth.mzML	1918	0	175.109786987305	1	11602.08	0.0
54	input_spectra/bkgrnd-marine-broth.mzML	1919	0	175.109786987305	1	11613.539999999999	0.0
24	input_spectra/bkgrnd-marine-broth.mzML	1920	0	132.107032775879	1	11675.939999999999	0.0
25	input_spectra/bkgrnd-marine-broth.mzML	1921	0	132.107032775879	1	11687.4	0.0
104	input_spectra/bkgrnd-marine-broth.mzML	1922	0	268.106628417969	1	11698.86	0.0
104	input_spectra/bkgrnd-marine-broth.mzML	1923	0	268.106628417969	1	11710.380000000001	0.0
54	input_spectra/bkgrnd-marine-broth.mzML	1924	0	175.109786987305	1	11721.84	0.0
54	input_spectra/bkgrnd-marine-broth.mzML	1925	0	175.109786987305	1	11733.36	0.0
28	input_spectra/bkgrnd-marine-broth.mzML	1926	0	137.04709370931	1	11744.820000000002	0.0
29	input_spectra/bkgrnd-marine-broth.mzML	1927	0	137.04709370931	1	11756.279999999999	0.0
24	input_spectra/bkgrnd-marine-broth.mzML	1928	0	132.109466552734	1	11830.26	0.0
104	input_spectra/bkgrnd-marine-broth.mzML	1929	0	268.106628417969	1	11841.78	0.0
104	input_spectra/bkgrnd-marine-broth.mzML	1930	0	268.106628417969	1	11853.24	0.0
24	input_spectra/bkgrnd-marine-broth.mzML	1931	0	132.107032775879	1	11961.66	0.0
95	input_spectra/bkgrnd-marine-broth.mzML	1932	0	254.163650512695	1	11984.64	0.0
96	input_spectra/bkgrnd-marine-broth.mzML	1933	0	254.163650512695	1	11996.1	0.0
104	input_spectra/bkgrnd-marine-broth.mzML	1934	0	268.106628417969	1	12007.62	0.0
104	input_spectra/bkgrnd-marine-broth.mzML	1935	0	268.106628417969	1	12019.08	0.0
41	input_spectra/bkgrnd-marine-broth.mzML	1936	0	155.082990010579	1	12030.599999999999	0.0
41	input_spectra/bkgrnd-marine-broth.mzML	1937	0	155.082990010579	1	12042.06	0.0
10	input_spectra/bkgrnd-marine-broth.mzML	1938	0	121.065930684408	1	12053.52	0.0
10	input_spectra/bkgrnd-marine-broth.mzML	1939	0	121.065930684408	1	12065.04	0.0
22	input_spectra/bkgrnd-marine-broth.mzML	1940	0	132.103280318411	1	12104.400000000001	0.0
22	input_spectra/bkgrnd-marine-broth.mzML	1941	0	132.103280318411	1	12115.86	0.0
10	input_spectra/bkgrnd-marine-broth.mzML	1942	0	121.065930684408	1	12127.320000000002	0.0
10	input_spectra/bkgrnd-marine-broth.mzML	1943	0	121.065930684408	1	12138.779999999999	0.0
41	input_spectra/bkgrnd-marine-broth.mzML	1944	0	155.082990010579	1	12150.24	0.0
41	input_spectra/bkgrnd-marine-broth.mzML	1945	0	155.082990010579	1	12161.76	0.0
74	input_spectra/bkgrnd-marine-broth.mzML	1946	0	215.141209920247	1	12173.22	0.0
74	input_spectra/bkgrnd-marine-broth.mzML	1947	0	215.141209920247	1	12184.74	0.0
56	input_spectra/bkgrnd-marine-broth.mzML	1948	0	182.083048502604	1	12196.2	0.0
56	input_spectra/bkgrnd-marine-broth.mzML	1949	0	182.083048502604	1	12207.66	0.0
22	input_spectra/bkgrnd-marine-broth.mzML	1950	0	132.103280318411	1	12247.019999999999	0.0
22	input_spectra/bkgrnd-marine-broth.mzML	1951	0	132.103280318411	1	12258.539999999999	0.0
41	input_spectra/bkgrnd-marine-broth.mzML	1952	0	155.082990010579	1	12270.0	0.0
41	input_spectra/bkgrnd-marine-broth.mzML	1953	0	155.082990010579	1	12281.460000000001	0.0
56	input_spectra/bkgrnd-marine-broth.mzML	1954	0	182.083048502604	1	12292.980000000001	0.0
56	input_spectra/bkgrnd-marine-broth.mzML	1955	0	182.083048502604	1	12304.44	0.0
10	input_spectra/bkgrnd-marine-broth.mzML	1956	0	121.065930684408	1	12315.9	0.0
10	input_spectra/bkgrnd-marine-broth.mzML	1957	0	121.065930684408	1	12327.359999999999	0.0
74	input_spectra/bkgrnd-marine-broth.mzML	1958	0	215.141209920247	1	12338.88	0.0
74	input_spectra/bkgrnd-marine-broth.mzML	1959	0	215.141209920247	1	12350.34	0.0
56	input_spectra/bkgrnd-marine-broth.mzML	1960	0	182.083048502604	1	12401.220000000001	0.0
22	input_spectra/bkgrnd-marine-broth.mzML	1961	0	132.103280318411	1	12412.679999999998	0.0
22	input_spectra/bkgrnd-marine-broth.mzML	1962	0	132.103280318411	1	12424.199999999999	0.0
27	input_spectra/bkgrnd-marine-broth.mzML	1963	0	136.077031453451	1	12435.66	0.0
27	input_spectra/bkgrnd-marine-broth.mzML	1964	0	136.077031453451	1	12447.119999999999	0.0
46	input_spectra/bkgrnd-marine-broth.mzML	1965	0	165.056243896484	1	12458.64	0.0
48	input_spectra/bkgrnd-marine-broth.mzML	1966	0	165.056243896484	1	12470.1	0.0
74	input_spectra/bkgrnd-marine-broth.mzML	1967	0	215.141209920247	1	12481.560000000001	0.0
74	input_spectra/bkgrnd-marine-broth.mzML	1968	0	215.141209920247	1	12493.08	0.0
22	input_spectra/bkgrnd-marine-broth.mzML	1969	0	132.103280318411	1	12532.44	0.0
22	input_spectra/bkgrnd-marine-broth.mzML	1970	0	132.103280318411	1	12543.9	0.0
27	input_spectra/bkgrnd-marine-broth.mzML	1971	0	136.077031453451	1	12555.42	0.0
27	input_spectra/bkgrnd-marine-broth.mzML	1972	0	136.077031453451	1	12566.880000000001	0.0
46	input_spectra/bkgrnd-marine-broth.mzML	1973	0	165.056243896484	1	12578.34	0.0
48	input_spectra/bkgrnd-marine-broth.mzML	1974	0	165.056243896484	1	12589.859999999999	0.0
11	input_spectra/bkgrnd-marine-broth.mzML	1975	0	123.045349121094	1	12601.32	0.0
11	input_spectra/bkgrnd-marine-broth.mzML	1976	0	123.045349121094	1	12612.779999999999	0.0
48	input_spectra/bkgrnd-marine-broth.mzML	1977	0	165.056243896484	1	12663.66	0.0
27	input_spectra/bkgrnd-marine-broth.mzML	1978	0	136.077031453451	1	12675.12	0.0
90	input_spectra/bkgrnd-marine-broth.mzML	1979	0	237.088798522949	1	12698.099999999999	0.0
91	input_spectra/bkgrnd-marine-broth.mzML	1980	0	237.088798522949	1	12709.56	0.0
11	input_spectra/bkgrnd-marine-broth.mzML	1981	0	123.045349121094	1	12732.54	0.0
28	input_spectra/bkgrnd-marine-broth.mzML	1982	0	137.04709370931	1	12771.900000000001	0.0
29	input_spectra/bkgrnd-marine-broth.mzML	1983	0	137.04709370931	1	12783.36	0.0
90	input_spectra/bkgrnd-marine-broth.mzML	1984	0	237.088798522949	1	12794.88	0.0
91	input_spectra/bkgrnd-marine-broth.mzML	1985	0	237.088798522949	1	12806.34	0.0
105	input_spectra/bkgrnd-marine-broth.mzML	1986	0	269.090545654297	1	12929.94	0.0
105	input_spectra/bkgrnd-marine-broth.mzML	1987	0	269.090545654297	1	12941.4	0.0
40	input_spectra/bkgrnd-marine-broth.mzML	1988	0	152.058049519857	1	13016.82	0.0
40	input_spectra/bkgrnd-marine-broth.mzML	1989	0	152.058049519857	1	13028.28	0.0
40	input_spectra/bkgrnd-marine-broth.mzML	1990	0	152.058049519857	1	13067.640000000001	0.0
40	input_spectra/bkgrnd-marine-broth.mzML	1991	0	152.058049519857	1	13079.16	0.0
108	input_spectra/bkgrnd-marine-broth.mzML	1992	0	284.101715087891	1	13090.619999999999	0.0
109	input_spectra/bkgrnd-marine-broth.mzML	1993	0	284.101715087891	1	13102.14	0.0
40	input_spectra/bkgrnd-marine-broth.mzML	1994	0	152.058049519857	1	13141.5	0.0
40	input_spectra/bkgrnd-marine-broth.mzML	1995	0	152.058049519857	1	13152.960000000001	0.0
108	input_spectra/bkgrnd-marine-broth.mzML	1996	0	284.101715087891	1	13164.48	0.0
109	input_spectra/bkgrnd-marine-broth.mzML	1997	0	284.101715087891	1	13175.939999999999	0.0
108	input_spectra/bkgrnd-marine-broth.mzML	1998	0	284.101715087891	1	13215.3	0.0
109	input_spectra/bkgrnd-marine-broth.mzML	1999	0	284.101715087891	1	13226.82	0.0
41	input_spectra/bkgrnd-marine-broth.mzML	2000	0	155.082990010579	1	13238.28	0.0
41	input_spectra/bkgrnd-marine-broth.mzML	2001	0	155.082990010579	1	13249.800000000001	0.0
41	input_spectra/bkgrnd-marine-broth.mzML	2002	0	155.082990010579	1	13289.1	0.0
41	input_spectra/bkgrnd-marine-broth.mzML	2003	0	155.082990010579	1	13300.619999999999	0.0
41	input_spectra/bkgrnd-marine-broth.mzML	2004	0	155.082990010579	1	13339.98	0.0
41	input_spectra/bkgrnd-marine-broth.mzML	2005	0	155.082990010579	1	13351.44	0.0
22	input_spectra/bkgrnd-marine-broth.mzML	2006	0	132.103280318411	1	13487.039999999999	0.0
22	input_spectra/bkgrnd-marine-broth.mzML	2007	0	132.103280318411	1	13498.5	0.0
22	input_spectra/bkgrnd-marine-broth.mzML	2008	0	132.103280318411	1	13537.8	0.0
22	input_spectra/bkgrnd-marine-broth.mzML	2009	0	132.103280318411	1	13549.26	0.0
22	input_spectra/bkgrnd-marine-broth.mzML	2010	0	132.103280318411	1	13588.68	0.0
22	input_spectra/bkgrnd-marine-broth.mzML	2011	0	132.103280318411	1	13600.140000000001	0.0
75	input_spectra/bkgrnd-marine-broth.mzML	2012	0	217.156880696615	1	14240.76	0.0
75	input_spectra/bkgrnd-marine-broth.mzML	2013	0	217.156880696615	1	14252.220000000001	0.0
75	input_spectra/bkgrnd-marine-broth.mzML	2014	0	217.156880696615	1	14291.64	0.0
75	input_spectra/bkgrnd-marine-broth.mzML	2015	0	217.156880696615	1	14303.099999999999	0.0
75	input_spectra/bkgrnd-marine-broth.mzML	2016	0	217.156880696615	1	14342.46	0.0
75	input_spectra/bkgrnd-marine-broth.mzML	2017	0	217.156880696615	1	14353.98	0.0
22	input_spectra/bkgrnd-marine-broth.mzML	2018	0	132.103280318411	1	14657.880000000001	0.0
22	input_spectra/bkgrnd-marine-broth.mzML	2019	0	132.103280318411	1	14669.34	0.0
22	input_spectra/bkgrnd-marine-broth.mzML	2020	0	132.103280318411	1	14708.7	0.0
22	input_spectra/bkgrnd-marine-broth.mzML	2021	0	132.103280318411	1	14720.16	0.0
22	input_spectra/bkgrnd-marine-broth.mzML	2022	0	132.103280318411	1	14759.58	0.0
22	input_spectra/bkgrnd-marine-broth.mzML	2023	0	132.103280318411	1	14771.039999999999	0.0
32	input_spectra/bkgrnd-marine-broth.mzML	2024	0	141.95991734096	1	14810.4	0.0
32	input_spectra/bkgrnd-marine-broth.mzML	2025	0	141.95991734096	1	14821.92	0.0
71	input_spectra/bkgrnd-marine-broth.mzML	2026	0	211.109888712565	1	14909.400000000001	0.0
71	input_spectra/bkgrnd-marine-broth.mzML	2027	0	211.109888712565	1	14972.28	0.0
71	input_spectra/bkgrnd-marine-broth.mzML	2028	0	211.109888712565	1	14983.740000000002	0.0
71	input_spectra/bkgrnd-marine-broth.mzML	2029	0	211.109888712565	1	15023.099999999999	0.0
71	input_spectra/bkgrnd-marine-broth.mzML	2030	0	211.109888712565	1	15034.619999999999	0.0
32	input_spectra/bkgrnd-marine-broth.mzML	2031	0	141.95991734096	1	15158.099999999999	0.0
32	input_spectra/bkgrnd-marine-broth.mzML	2032	0	141.95991734096	1	15169.619999999999	0.0
148	input_spectra/bkgrnd-marine-broth.mzML	2033	0	359.196111043294	1	15245.04	0.0
148	input_spectra/bkgrnd-marine-broth.mzML	2034	0	359.196111043294	1	15256.560000000001	0.0
148	input_spectra/bkgrnd-marine-broth.mzML	2035	0	359.196111043294	1	15392.100000000002	0.0
148	input_spectra/bkgrnd-marine-broth.mzML	2036	0	359.196111043294	1	15403.619999999999	0.0
148	input_spectra/bkgrnd-marine-broth.mzML	2037	0	359.196111043294	1	15442.98	0.0
148	input_spectra/bkgrnd-marine-broth.mzML	2038	0	359.196111043294	1	15454.44	0.0
21	input_spectra/bkgrnd-marine-broth.mzML	2039	0	131.930934906006	1	15493.800000000001	0.0
21	input_spectra/bkgrnd-marine-broth.mzML	2040	0	131.930934906006	1	15505.320000000002	0.0
32	input_spectra/bkgrnd-marine-broth.mzML	2041	0	141.95991734096	1	15556.68	0.0
32	input_spectra/bkgrnd-marine-broth.mzML	2042	0	141.95991734096	1	15568.14	0.0
21	input_spectra/bkgrnd-marine-broth.mzML	2043	0	131.930934906006	1	15703.74	0.0
21	input_spectra/bkgrnd-marine-broth.mzML	2044	0	131.930934906006	1	15715.2	0.0
21	input_spectra/bkgrnd-marine-broth.mzML	2045	0	131.930934906006	1	15778.619999999999	0.0
21	input_spectra/bkgrnd-marine-broth.mzML	2046	0	131.930934906006	1	15790.08	0.0
22	input_spectra/bkgrnd-marine-broth.mzML	2047	0	132.103280318411	1	15829.38	0.0
22	input_spectra/bkgrnd-marine-broth.mzML	2048	0	132.103280318411	1	15840.9	0.0
22	input_spectra/bkgrnd-marine-broth.mzML	2049	0	132.103280318411	1	15880.26	0.0
22	input_spectra/bkgrnd-marine-broth.mzML	2050	0	132.103280318411	1	15891.720000000001	0.0
22	input_spectra/bkgrnd-marine-broth.mzML	2051	0	132.103280318411	1	15943.14	0.0
22	input_spectra/bkgrnd-marine-broth.mzML	2052	0	132.103280318411	1	15954.600000000002	0.0
63	input_spectra/bkgrnd-marine-broth.mzML	2053	0	189.088806152344	1	16030.08	0.0
64	input_spectra/bkgrnd-marine-broth.mzML	2054	0	189.088806152344	1	16041.539999999999	0.0
63	input_spectra/bkgrnd-marine-broth.mzML	2055	0	189.088806152344	1	16080.9	0.0
64	input_spectra/bkgrnd-marine-broth.mzML	2056	0	189.088806152344	1	16092.36	0.0
63	input_spectra/bkgrnd-marine-broth.mzML	2057	0	189.088806152344	1	16131.720000000001	0.0
63	input_spectra/bkgrnd-marine-broth.mzML	2058	0	189.088806152344	1	16143.239999999998	0.0
49	input_spectra/bkgrnd-marine-broth.mzML	2059	0	166.088059743245	1	16350.9	0.0
51	input_spectra/bkgrnd-marine-broth.mzML	2060	0	166.088059743245	1	16362.42	0.0
49	input_spectra/bkgrnd-marine-broth.mzML	2061	0	166.088059743245	1	16401.72	0.0
51	input_spectra/bkgrnd-marine-broth.mzML	2062	0	166.088059743245	1	16413.239999999998	0.0
6	input_spectra/bkgrnd-marine-broth.mzML	2063	0	120.082079569499	1	16424.7	0.0
8	input_spectra/bkgrnd-marine-broth.mzML	2064	0	120.082079569499	1	16436.16	0.0
49	input_spectra/bkgrnd-marine-broth.mzML	2065	0	166.088059743245	1	16475.52	0.0
51	input_spectra/bkgrnd-marine-broth.mzML	2066	0	166.088059743245	1	16486.98	0.0
6	input_spectra/bkgrnd-marine-broth.mzML	2067	0	120.082079569499	1	16498.44	0.0
8	input_spectra/bkgrnd-marine-broth.mzML	2068	0	120.082079569499	1	16509.96	0.0
65	input_spectra/bkgrnd-marine-broth.mzML	2069	0	189.125183105469	1	16521.420000000002	0.0
65	input_spectra/bkgrnd-marine-broth.mzML	2070	0	189.125183105469	1	16532.88	0.0
6	input_spectra/bkgrnd-marine-broth.mzML	2071	0	120.082079569499	1	16572.24	0.0
8	input_spectra/bkgrnd-marine-broth.mzML	2072	0	120.082079569499	1	16583.699999999997	0.0
148	input_spectra/bkgrnd-marine-broth.mzML	2073	0	359.196111043294	1	16595.280000000002	0.0
148	input_spectra/bkgrnd-marine-broth.mzML	2074	0	359.196111043294	1	16606.739999999998	0.0
65	input_spectra/bkgrnd-marine-broth.mzML	2075	0	189.125183105469	1	16618.260000000002	0.0
65	input_spectra/bkgrnd-marine-broth.mzML	2076	0	189.125183105469	1	16629.719999999998	0.0
19	input_spectra/bkgrnd-marine-broth.mzML	2077	0	131.05034383138	1	16641.18	0.0
20	input_spectra/bkgrnd-marine-broth.mzML	2078	0	131.05034383138	1	16652.64	0.0
50	input_spectra/bkgrnd-marine-broth.mzML	2079	0	166.093887329102	1	16692.06	0.0
52	input_spectra/bkgrnd-marine-broth.mzML	2080	0	166.093887329102	1	16703.52	0.0
7	input_spectra/bkgrnd-marine-broth.mzML	2081	0	120.084854125977	1	16714.980000000003	0.0
9	input_spectra/bkgrnd-marine-broth.mzML	2082	0	120.084854125977	1	16726.44	0.0
65	input_spectra/bkgrnd-marine-broth.mzML	2083	0	189.125183105469	1	16737.96	0.0
65	input_spectra/bkgrnd-marine-broth.mzML	2084	0	189.125183105469	1	16749.42	0.0
148	input_spectra/bkgrnd-marine-broth.mzML	2085	0	359.196111043294	1	16760.94	0.0
148	input_spectra/bkgrnd-marine-broth.mzML	2086	0	359.196111043294	1	16772.46	0.0
19	input_spectra/bkgrnd-marine-broth.mzML	2087	0	131.05034383138	1	16783.920000000002	0.0
20	input_spectra/bkgrnd-marine-broth.mzML	2088	0	131.05034383138	1	16795.38	0.0
7	input_spectra/bkgrnd-marine-broth.mzML	2089	0	120.086292266846	1	16834.8	0.0
9	input_spectra/bkgrnd-marine-broth.mzML	2090	0	120.086292266846	1	16846.260000000002	0.0
148	input_spectra/bkgrnd-marine-broth.mzML	2091	0	359.196111043294	1	16857.780000000002	0.0
148	input_spectra/bkgrnd-marine-broth.mzML	2092	0	359.196111043294	1	16869.239999999998	0.0
19	input_spectra/bkgrnd-marine-broth.mzML	2093	0	131.05034383138	1	16880.760000000002	0.0
20	input_spectra/bkgrnd-marine-broth.mzML	2094	0	131.05034383138	1	16892.219999999998	0.0
35	input_spectra/bkgrnd-marine-broth.mzML	2095	0	149.061024983724	1	16903.68	0.0
36	input_spectra/bkgrnd-marine-broth.mzML	2096	0	149.061024983724	1	16915.2	0.0
7	input_spectra/bkgrnd-marine-broth.mzML	2097	0	120.086292266846	1	16977.54	0.0
9	input_spectra/bkgrnd-marine-broth.mzML	2098	0	120.086292266846	1	16989.0	0.0
35	input_spectra/bkgrnd-marine-broth.mzML	2099	0	149.061024983724	1	17000.46	0.0
36	input_spectra/bkgrnd-marine-broth.mzML	2100	0	149.061024983724	1	17011.92	0.0
35	input_spectra/bkgrnd-marine-broth.mzML	2101	0	149.061024983724	1	17051.34	0.0
36	input_spectra/bkgrnd-marine-broth.mzML	2102	0	149.061024983724	1	17062.8	0.0
50	input_spectra/bkgrnd-marine-broth.mzML	2103	0	166.093887329102	1	17102.16	0.0
52	input_spectra/bkgrnd-marine-broth.mzML	2104	0	166.093887329102	1	17113.68	0.0
137	input_spectra/bkgrnd-marine-broth.mzML	2105	0	331.200653076172	1	17125.14	0.0
137	input_spectra/bkgrnd-marine-broth.mzML	2106	0	331.200653076172	1	17136.66	0.0
50	input_spectra/bkgrnd-marine-broth.mzML	2107	0	166.093887329102	1	17176.02	0.0
52	input_spectra/bkgrnd-marine-broth.mzML	2108	0	166.093887329102	1	17187.480000000003	0.0
137	input_spectra/bkgrnd-marine-broth.mzML	2109	0	331.200653076172	1	17199.0	0.0
137	input_spectra/bkgrnd-marine-broth.mzML	2110	0	331.200653076172	1	17210.52	0.0
137	input_spectra/bkgrnd-marine-broth.mzML	2111	0	331.200653076172	1	17249.88	0.0
137	input_spectra/bkgrnd-marine-broth.mzML	2112	0	331.200653076172	1	17261.34	0.0
32	input_spectra/bkgrnd-marine-broth.mzML	2113	0	141.95991734096	1	17272.859999999997	0.0
32	input_spectra/bkgrnd-marine-broth.mzML	2114	0	141.95991734096	1	17284.32	0.0
32	input_spectra/bkgrnd-marine-broth.mzML	2115	0	141.95991734096	1	17323.68	0.0
32	input_spectra/bkgrnd-marine-broth.mzML	2116	0	141.95991734096	1	17335.2	0.0
32	input_spectra/bkgrnd-marine-broth.mzML	2117	0	141.95991734096	1	17374.56	0.0
32	input_spectra/bkgrnd-marine-broth.mzML	2118	0	141.95991734096	1	17386.02	0.0
49	input_spectra/bkgrnd-marine-broth.mzML	2119	0	166.088059743245	1	17497.559999999998	0.0
51	input_spectra/bkgrnd-marine-broth.mzML	2120	0	166.088059743245	1	17509.02	0.0
49	input_spectra/bkgrnd-marine-broth.mzML	2121	0	166.088059743245	1	17548.38	0.0
51	input_spectra/bkgrnd-marine-broth.mzML	2122	0	166.088059743245	1	17559.84	0.0
49	input_spectra/bkgrnd-marine-broth.mzML	2123	0	166.088059743245	1	17599.2	0.0
51	input_spectra/bkgrnd-marine-broth.mzML	2124	0	166.088059743245	1	17610.72	0.0
6	input_spectra/bkgrnd-marine-broth.mzML	2125	0	120.082079569499	1	17622.18	0.0
8	input_spectra/bkgrnd-marine-broth.mzML	2126	0	120.082079569499	1	17633.64	0.0
6	input_spectra/bkgrnd-marine-broth.mzML	2127	0	120.082079569499	1	17673.0	0.0
8	input_spectra/bkgrnd-marine-broth.mzML	2128	0	120.082079569499	1	17684.52	0.0
6	input_spectra/bkgrnd-marine-broth.mzML	2129	0	120.082079569499	1	17723.82	0.0
8	input_spectra/bkgrnd-marine-broth.mzML	2130	0	120.082079569499	1	17735.34	0.0
44	input_spectra/bkgrnd-marine-broth.mzML	2131	0	158.962689717611	1	17822.76	0.0
44	input_spectra/bkgrnd-marine-broth.mzML	2132	0	158.962689717611	1	17834.22	0.0
44	input_spectra/bkgrnd-marine-broth.mzML	2133	0	158.962689717611	1	18234.36	0.0
44	input_spectra/bkgrnd-marine-broth.mzML	2134	0	158.962689717611	1	18245.82	0.0
44	input_spectra/bkgrnd-marine-broth.mzML	2135	0	158.962689717611	1	18297.24	0.0
44	input_spectra/bkgrnd-marine-broth.mzML	2136	0	158.962689717611	1	18308.699999999997	0.0
21	input_spectra/bkgrnd-marine-broth.mzML	2137	0	131.930934906006	1	18396.18	0.0
21	input_spectra/bkgrnd-marine-broth.mzML	2138	0	131.930934906006	1	18407.64	0.0
32	input_spectra/bkgrnd-marine-broth.mzML	2139	0	141.95991734096	1	18447.0	0.0
32	input_spectra/bkgrnd-marine-broth.mzML	2140	0	141.95991734096	1	18458.460000000003	0.0
32	input_spectra/bkgrnd-marine-broth.mzML	2141	0	141.95991734096	1	18497.88	0.0
32	input_spectra/bkgrnd-marine-broth.mzML	2142	0	141.95991734096	1	18509.34	0.0
32	input_spectra/bkgrnd-marine-broth.mzML	2143	0	141.95991734096	1	18548.699999999997	0.0
32	input_spectra/bkgrnd-marine-broth.mzML	2144	0	141.95991734096	1	18560.16	0.0
65	input_spectra/bkgrnd-marine-broth.mzML	2145	0	189.125183105469	1	18599.579999999998	0.0
49	input_spectra/bkgrnd-marine-broth.mzML	2146	0	166.088059743245	1	18650.399999999998	0.0
51	input_spectra/bkgrnd-marine-broth.mzML	2147	0	166.088059743245	1	18661.92	0.0
65	input_spectra/bkgrnd-marine-broth.mzML	2148	0	189.125183105469	1	18673.38	0.0
65	input_spectra/bkgrnd-marine-broth.mzML	2149	0	189.125183105469	1	18684.84	0.0
49	input_spectra/bkgrnd-marine-broth.mzML	2150	0	166.088059743245	1	18724.2	0.0
51	input_spectra/bkgrnd-marine-broth.mzML	2151	0	166.088059743245	1	18735.72	0.0
65	input_spectra/bkgrnd-marine-broth.mzML	2152	0	189.125183105469	1	18747.18	0.0
65	input_spectra/bkgrnd-marine-broth.mzML	2153	0	189.125183105469	1	18758.64	0.0
49	input_spectra/bkgrnd-marine-broth.mzML	2154	0	166.088059743245	1	18798.0	0.0
51	input_spectra/bkgrnd-marine-broth.mzML	2155	0	166.088059743245	1	18809.46	0.0
6	input_spectra/bkgrnd-marine-broth.mzML	2156	0	120.082079569499	1	18820.920000000002	0.0
8	input_spectra/bkgrnd-marine-broth.mzML	2157	0	120.082079569499	1	18832.440000000002	0.0
6	input_spectra/bkgrnd-marine-broth.mzML	2158	0	120.082079569499	1	18871.739999999998	0.0
8	input_spectra/bkgrnd-marine-broth.mzML	2159	0	120.082079569499	1	18883.2	0.0
22	input_spectra/bkgrnd-marine-broth.mzML	2160	0	132.103280318411	1	18894.719999999998	0.0
22	input_spectra/bkgrnd-marine-broth.mzML	2161	0	132.103280318411	1	18906.18	0.0
6	input_spectra/bkgrnd-marine-broth.mzML	2162	0	120.082079569499	1	18945.54	0.0
8	input_spectra/bkgrnd-marine-broth.mzML	2163	0	120.082079569499	1	18957.0	0.0
22	input_spectra/bkgrnd-marine-broth.mzML	2164	0	132.103280318411	1	18968.460000000003	0.0
22	input_spectra/bkgrnd-marine-broth.mzML	2165	0	132.103280318411	1	18979.980000000003	0.0
22	input_spectra/bkgrnd-marine-broth.mzML	2166	0	132.103280318411	1	19019.34	0.0
22	input_spectra/bkgrnd-marine-broth.mzML	2167	0	132.103280318411	1	19030.8	0.0
44	input_spectra/bkgrnd-marine-broth.mzML	2168	0	158.962689717611	1	19467.0	0.0
44	input_spectra/bkgrnd-marine-broth.mzML	2169	0	158.962689717611	1	19478.460000000003	0.0
44	input_spectra/bkgrnd-marine-broth.mzML	2170	0	158.962689717611	1	19541.879999999997	0.0
44	input_spectra/bkgrnd-marine-broth.mzML	2171	0	158.962689717611	1	19553.34	0.0
32	input_spectra/bkgrnd-marine-broth.mzML	2172	0	141.95991734096	1	19604.7	0.0
32	input_spectra/bkgrnd-marine-broth.mzML	2173	0	141.95991734096	1	19616.22	0.0
32	input_spectra/bkgrnd-marine-broth.mzML	2174	0	141.95991734096	1	19655.58	0.0
32	input_spectra/bkgrnd-marine-broth.mzML	2175	0	141.95991734096	1	19667.04	0.0
32	input_spectra/bkgrnd-marine-broth.mzML	2176	0	141.95991734096	1	19706.4	0.0
32	input_spectra/bkgrnd-marine-broth.mzML	2177	0	141.95991734096	1	19717.859999999997	0.0
83	input_spectra/bkgrnd-marine-broth.mzML	2178	0	229.157028198242	1	19769.28	0.0
83	input_spectra/bkgrnd-marine-broth.mzML	2179	0	229.157028198242	1	19780.739999999998	0.0
49	input_spectra/bkgrnd-marine-broth.mzML	2180	0	166.088059743245	1	19820.1	0.0
51	input_spectra/bkgrnd-marine-broth.mzML	2181	0	166.088059743245	1	19831.62	0.0
83	input_spectra/bkgrnd-marine-broth.mzML	2182	0	229.157028198242	1	19843.08	0.0
83	input_spectra/bkgrnd-marine-broth.mzML	2183	0	229.157028198242	1	19854.600000000002	0.0
83	input_spectra/bkgrnd-marine-broth.mzML	2184	0	229.157028198242	1	19893.96	0.0
83	input_spectra/bkgrnd-marine-broth.mzML	2185	0	229.157028198242	1	19905.420000000002	0.0
49	input_spectra/bkgrnd-marine-broth.mzML	2186	0	166.088059743245	1	19916.940000000002	0.0
51	input_spectra/bkgrnd-marine-broth.mzML	2187	0	166.088059743245	1	19928.399999999998	0.0
49	input_spectra/bkgrnd-marine-broth.mzML	2188	0	166.088059743245	1	19967.76	0.0
51	input_spectra/bkgrnd-marine-broth.mzML	2189	0	166.088059743245	1	19979.28	0.0
6	input_spectra/bkgrnd-marine-broth.mzML	2190	0	120.082079569499	1	19990.739999999998	0.0
8	input_spectra/bkgrnd-marine-broth.mzML	2191	0	120.082079569499	1	20002.2	0.0
6	input_spectra/bkgrnd-marine-broth.mzML	2192	0	120.082079569499	1	20053.56	0.0
8	input_spectra/bkgrnd-marine-broth.mzML	2193	0	120.082079569499	1	20065.019999999997	0.0
44	input_spectra/bkgrnd-marine-broth.mzML	2194	0	158.962689717611	1	20104.379999999997	0.0
44	input_spectra/bkgrnd-marine-broth.mzML	2195	0	158.962689717611	1	20115.84	0.0
6	input_spectra/bkgrnd-marine-broth.mzML	2196	0	120.082079569499	1	20127.3	0.0
8	input_spectra/bkgrnd-marine-broth.mzML	2197	0	120.082079569499	1	20138.760000000002	0.0
32	input_spectra/bkgrnd-marine-broth.mzML	2198	0	141.95991734096	1	20743.260000000002	0.0
32	input_spectra/bkgrnd-marine-broth.mzML	2199	0	141.95991734096	1	20754.719999999998	0.0
32	input_spectra/bkgrnd-marine-broth.mzML	2200	0	141.95991734096	1	20794.079999999998	0.0
32	input_spectra/bkgrnd-marine-broth.mzML	2201	0	141.95991734096	1	20805.6	0.0
32	input_spectra/bkgrnd-marine-broth.mzML	2202	0	141.95991734096	1	20844.96	0.0
32	input_spectra/bkgrnd-marine-broth.mzML	2203	0	141.95991734096	1	20856.420000000002	0.0
106	input_spectra/bkgrnd-marine-broth.mzML	2204	0	274.178975423177	1	21641.28	0.0
106	input_spectra/bkgrnd-marine-broth.mzML	2205	0	274.178975423177	1	21652.8	0.0
106	input_spectra/bkgrnd-marine-broth.mzML	2206	0	274.178975423177	1	21692.16	0.0
106	input_spectra/bkgrnd-marine-broth.mzML	2207	0	274.178975423177	1	21703.62	0.0
106	input_spectra/bkgrnd-marine-broth.mzML	2208	0	274.178975423177	1	21743.04	0.0
106	input_spectra/bkgrnd-marine-broth.mzML	2209	0	274.178975423177	1	21754.5	0.0
32	input_spectra/bkgrnd-marine-broth.mzML	2210	0	141.95991734096	1	21918.54	0.0
32	input_spectra/bkgrnd-marine-broth.mzML	2211	0	141.95991734096	1	21930.0	0.0
85	input_spectra/bkgrnd-marine-broth.mzML	2212	0	231.172617594401	1	21941.52	0.0
86	input_spectra/bkgrnd-marine-broth.mzML	2213	0	231.172617594401	1	21952.98	0.0
85	input_spectra/bkgrnd-marine-broth.mzML	2214	0	231.172617594401	1	21992.34	0.0
32	input_spectra/bkgrnd-marine-broth.mzML	2215	0	141.95991734096	1	22015.32	0.0
32	input_spectra/bkgrnd-marine-broth.mzML	2216	0	141.95991734096	1	22026.78	0.0
85	input_spectra/bkgrnd-marine-broth.mzML	2217	0	231.172617594401	1	22066.079999999998	0.0
85	input_spectra/bkgrnd-marine-broth.mzML	2218	0	231.172617594401	1	22077.6	0.0
32	input_spectra/bkgrnd-marine-broth.mzML	2219	0	141.95991734096	1	22089.06	0.0
32	input_spectra/bkgrnd-marine-broth.mzML	2220	0	141.95991734096	1	22100.52	0.0
83	input_spectra/bkgrnd-marine-broth.mzML	2221	0	229.157028198242	1	22717.079999999998	0.0
83	input_spectra/bkgrnd-marine-broth.mzML	2222	0	229.157028198242	1	22728.54	0.0
83	input_spectra/bkgrnd-marine-broth.mzML	2223	0	229.157028198242	1	22767.899999999998	0.0
83	input_spectra/bkgrnd-marine-broth.mzML	2224	0	229.157028198242	1	22779.36	0.0
83	input_spectra/bkgrnd-marine-broth.mzML	2225	0	229.157028198242	1	22818.78	0.0
83	input_spectra/bkgrnd-marine-broth.mzML	2226	0	229.157028198242	1	22830.24	0.0
32	input_spectra/bkgrnd-marine-broth.mzML	2227	0	141.95991734096	1	23098.08	0.0
32	input_spectra/bkgrnd-marine-broth.mzML	2228	0	141.95991734096	1	23109.54	0.0
32	input_spectra/bkgrnd-marine-broth.mzML	2229	0	141.95991734096	1	23148.96	0.0
32	input_spectra/bkgrnd-marine-broth.mzML	2230	0	141.95991734096	1	23160.420000000002	0.0
32	input_spectra/bkgrnd-marine-broth.mzML	2231	0	141.95991734096	1	23199.78	0.0
32	input_spectra/bkgrnd-marine-broth.mzML	2232	0	141.95991734096	1	23211.239999999998	0.0
83	input_spectra/bkgrnd-marine-broth.mzML	2233	0	229.157028198242	1	23863.86	0.0
83	input_spectra/bkgrnd-marine-broth.mzML	2234	0	229.157028198242	1	23875.38	0.0
211	input_spectra/bkgrnd-marine-broth.mzML	2235	0	527.287231445313	1	23886.9	0.0
211	input_spectra/bkgrnd-marine-broth.mzML	2236	0	527.287231445313	1	23898.420000000002	0.0
83	input_spectra/bkgrnd-marine-broth.mzML	2237	0	229.157028198242	1	23937.780000000002	0.0
83	input_spectra/bkgrnd-marine-broth.mzML	2238	0	229.157028198242	1	23949.3	0.0
83	input_spectra/bkgrnd-marine-broth.mzML	2239	0	229.157028198242	1	23988.6	0.0
83	input_spectra/bkgrnd-marine-broth.mzML	2240	0	229.157028198242	1	24000.12	0.0
276	input_spectra/bkgrnd-marine-broth.mzML	2241	0	922.434387207031	1	24063.059999999998	0.0
261	input_spectra/bkgrnd-marine-broth.mzML	2242	0	756.358744303385	1	24114.0	0.0
261	input_spectra/bkgrnd-marine-broth.mzML	2243	0	756.358744303385	1	24164.88	0.0
261	input_spectra/bkgrnd-marine-broth.mzML	2244	0	756.358744303385	1	24215.760000000002	0.0
274	input_spectra/bkgrnd-marine-broth.mzML	2245	0	906.440307617188	1	24238.86	0.0
244	input_spectra/bkgrnd-marine-broth.mzML	2246	0	618.330220540365	1	24250.44	0.0
245	input_spectra/bkgrnd-marine-broth.mzML	2247	0	618.330220540365	1	24261.96	0.0
262	input_spectra/bkgrnd-marine-broth.mzML	2248	0	783.443644205729	1	24273.48	0.0
263	input_spectra/bkgrnd-marine-broth.mzML	2249	0	783.443644205729	1	24285.059999999998	0.0
262	input_spectra/bkgrnd-marine-broth.mzML	2250	0	783.443644205729	1	24324.42	0.0
263	input_spectra/bkgrnd-marine-broth.mzML	2251	0	783.443644205729	1	24335.94	0.0
244	input_spectra/bkgrnd-marine-broth.mzML	2252	0	618.330220540365	1	24347.519999999997	0.0
245	input_spectra/bkgrnd-marine-broth.mzML	2253	0	618.330220540365	1	24359.039999999997	0.0
285	input_spectra/bkgrnd-marine-broth.mzML	2254	0	1105.584289550781	1	24370.620000000003	0.0
286	input_spectra/bkgrnd-marine-broth.mzML	2255	0	1105.584289550781	1	24382.2	0.0
265	input_spectra/bkgrnd-marine-broth.mzML	2256	0	811.401672363281	1	24405.3	0.0
244	input_spectra/bkgrnd-marine-broth.mzML	2257	0	618.330220540365	1	24444.66	0.0
245	input_spectra/bkgrnd-marine-broth.mzML	2258	0	618.330220540365	1	24456.18	0.0
262	input_spectra/bkgrnd-marine-broth.mzML	2259	0	783.443644205729	1	24467.76	0.0
263	input_spectra/bkgrnd-marine-broth.mzML	2260	0	783.443644205729	1	24479.28	0.0
285	input_spectra/bkgrnd-marine-broth.mzML	2261	0	1105.584289550781	1	24490.86	0.0
286	input_spectra/bkgrnd-marine-broth.mzML	2262	0	1105.584289550781	1	24502.440000000002	0.0
279	input_spectra/bkgrnd-marine-broth.mzML	2263	0	938.430145263672	1	24525.54	0.0
287	input_spectra/bkgrnd-marine-broth.mzML	2264	0	1106.570190429688	1	24564.96	0.0
268	input_spectra/bkgrnd-marine-broth.mzML	2265	0	853.460418701172	1	24599.640000000003	0.0
228	input_spectra/bkgrnd-marine-broth.mzML	2266	0	584.30995686849	1	24622.68	0.0
195	input_spectra/bkgrnd-marine-broth.mzML	2267	0	488.240407307943	1	24685.2	0.0
195	input_spectra/bkgrnd-marine-broth.mzML	2268	0	488.240407307943	1	24696.72	0.0
242	input_spectra/bkgrnd-marine-broth.mzML	2269	0	615.315612792969	1	24719.76	0.0
283	input_spectra/bkgrnd-marine-broth.mzML	2270	0	997.467468261719	1	24742.920000000002	0.0
269	input_spectra/bkgrnd-marine-broth.mzML	2271	0	853.460418701172	1	24789.18	0.0
195	input_spectra/bkgrnd-marine-broth.mzML	2272	0	488.240407307943	1	24828.54	0.0
195	input_spectra/bkgrnd-marine-broth.mzML	2273	0	488.240407307943	1	24840.059999999998	0.0
169	input_spectra/bkgrnd-marine-broth.mzML	2274	0	430.233734130859	1	24851.579999999998	0.0
169	input_spectra/bkgrnd-marine-broth.mzML	2275	0	430.233734130859	1	24863.04	0.0
128	input_spectra/bkgrnd-marine-broth.mzML	2276	0	318.133056640625	1	24874.56	0.0
195	input_spectra/bkgrnd-marine-broth.mzML	2277	0	488.240407307943	1	24925.44	0.0
195	input_spectra/bkgrnd-marine-broth.mzML	2278	0	488.240407307943	1	24936.96	0.0
169	input_spectra/bkgrnd-marine-broth.mzML	2279	0	430.233734130859	1	24948.48	0.0
169	input_spectra/bkgrnd-marine-broth.mzML	2280	0	430.233734130859	1	24959.940000000002	0.0
227	input_spectra/bkgrnd-marine-broth.mzML	2281	0	584.30995686849	1	24999.36	0.0
228	input_spectra/bkgrnd-marine-broth.mzML	2282	0	584.30995686849	1	25010.88	0.0
169	input_spectra/bkgrnd-marine-broth.mzML	2283	0	430.233734130859	1	25022.4	0.0
169	input_spectra/bkgrnd-marine-broth.mzML	2284	0	430.233734130859	1	25033.86	0.0
186	input_spectra/bkgrnd-marine-broth.mzML	2285	0	460.244934082031	1	25045.38	0.0
186	input_spectra/bkgrnd-marine-broth.mzML	2286	0	460.244934082031	1	25056.9	0.0
227	input_spectra/bkgrnd-marine-broth.mzML	2287	0	584.30995686849	1	25096.260000000002	0.0
228	input_spectra/bkgrnd-marine-broth.mzML	2288	0	584.30995686849	1	25107.780000000002	0.0
289	input_spectra/bkgrnd-marine-broth.mzML	2289	0	1149.564208984375	1	25147.140000000003	0.0
290	input_spectra/bkgrnd-marine-broth.mzML	2290	0	1149.564208984375	1	25158.72	0.0
289	input_spectra/bkgrnd-marine-broth.mzML	2291	0	1149.564208984375	1	25198.08	0.0
290	input_spectra/bkgrnd-marine-broth.mzML	2292	0	1149.564208984375	1	25209.66	0.0
77	input_spectra/bkgrnd-marine-broth.mzML	2293	0	223.110382080078	1	25221.18	0.0
77	input_spectra/bkgrnd-marine-broth.mzML	2294	0	223.110382080078	1	25232.7	0.0
120	input_spectra/bkgrnd-marine-broth.mzML	2295	0	300.20458984375	1	25244.22	0.0
284	input_spectra/bkgrnd-marine-broth.mzML	2296	0	1064.546752929688	1	25352.58	0.0
168	input_spectra/bkgrnd-marine-broth.mzML	2297	0	428.254776000977	1	25364.16	0.0
168	input_spectra/bkgrnd-marine-broth.mzML	2298	0	428.254776000977	1	25375.68	0.0
184	input_spectra/bkgrnd-marine-broth.mzML	2299	0	456.249816894531	1	25410.420000000002	0.0
184	input_spectra/bkgrnd-marine-broth.mzML	2300	0	456.249816894531	1	25421.940000000002	0.0
168	input_spectra/bkgrnd-marine-broth.mzML	2301	0	428.254776000977	1	25484.4	0.0
168	input_spectra/bkgrnd-marine-broth.mzML	2302	0	428.254776000977	1	25495.920000000002	0.0
220	input_spectra/bkgrnd-marine-broth.mzML	2303	0	557.298522949219	1	25518.96	0.0
185	input_spectra/bkgrnd-marine-broth.mzML	2304	0	458.265899658203	1	25553.64	0.0
185	input_spectra/bkgrnd-marine-broth.mzML	2305	0	458.265899658203	1	25565.16	0.0
172	input_spectra/bkgrnd-marine-broth.mzML	2306	0	440.25493367513	1	25627.68	0.0
172	input_spectra/bkgrnd-marine-broth.mzML	2307	0	440.25493367513	1	25639.2	0.0
208	input_spectra/bkgrnd-marine-broth.mzML	2308	0	522.224914550781	1	25673.94	0.0
208	input_spectra/bkgrnd-marine-broth.mzML	2309	0	522.224914550781	1	25685.46	0.0
185	input_spectra/bkgrnd-marine-broth.mzML	2310	0	458.265899658203	1	25696.92	0.0
172	input_spectra/bkgrnd-marine-broth.mzML	2311	0	440.25493367513	1	25747.859999999997	0.0
172	input_spectra/bkgrnd-marine-broth.mzML	2312	0	440.25493367513	1	25759.379999999997	0.0
235	input_spectra/bkgrnd-marine-broth.mzML	2313	0	612.341369628906	1	25770.899999999998	0.0
236	input_spectra/bkgrnd-marine-broth.mzML	2314	0	612.341369628906	1	25782.42	0.0
202	input_spectra/bkgrnd-marine-broth.mzML	2315	0	511.292541503906	1	25817.100000000002	0.0
202	input_spectra/bkgrnd-marine-broth.mzML	2316	0	511.292541503906	1	25828.56	0.0
208	input_spectra/bkgrnd-marine-broth.mzML	2317	0	522.224914550781	1	25840.08	0.0
229	input_spectra/bkgrnd-marine-broth.mzML	2318	0	586.325286865234	1	25891.02	0.0
229	input_spectra/bkgrnd-marine-broth.mzML	2319	0	586.325286865234	1	25902.480000000003	0.0
142	input_spectra/bkgrnd-marine-broth.mzML	2320	0	344.231323242188	1	25914.0	0.0
142	input_spectra/bkgrnd-marine-broth.mzML	2321	0	344.231323242188	1	25925.52	0.0
172	input_spectra/bkgrnd-marine-broth.mzML	2322	0	440.25493367513	1	25937.04	0.0
172	input_spectra/bkgrnd-marine-broth.mzML	2323	0	440.25493367513	1	25948.56	0.0
202	input_spectra/bkgrnd-marine-broth.mzML	2324	0	511.292541503906	1	25960.019999999997	0.0
202	input_spectra/bkgrnd-marine-broth.mzML	2325	0	511.292541503906	1	25971.539999999997	0.0
69	input_spectra/bkgrnd-marine-broth.mzML	2326	0	205.099311828613	1	26033.94	0.0
70	input_spectra/bkgrnd-marine-broth.mzML	2327	0	205.099311828613	1	26045.399999999998	0.0
61	input_spectra/bkgrnd-marine-broth.mzML	2328	0	188.072463989258	1	26056.86	0.0
62	input_spectra/bkgrnd-marine-broth.mzML	2329	0	188.072463989258	1	26068.38	0.0
229	input_spectra/bkgrnd-marine-broth.mzML	2330	0	586.325286865234	1	26079.9	0.0
69	input_spectra/bkgrnd-marine-broth.mzML	2331	0	205.099311828613	1	26176.92	0.0
70	input_spectra/bkgrnd-marine-broth.mzML	2332	0	205.099311828613	1	26188.38	0.0
61	input_spectra/bkgrnd-marine-broth.mzML	2333	0	188.072463989258	1	26199.9	0.0
62	input_spectra/bkgrnd-marine-broth.mzML	2334	0	188.072463989258	1	26211.36	0.0
237	input_spectra/bkgrnd-marine-broth.mzML	2335	0	612.341369628906	1	26222.94	0.0
237	input_spectra/bkgrnd-marine-broth.mzML	2336	0	612.341369628906	1	26234.46	0.0
271	input_spectra/bkgrnd-marine-broth.mzML	2337	0	871.461029052734	1	26257.559999999998	0.0
102	input_spectra/bkgrnd-marine-broth.mzML	2338	0	263.141876220703	1	26269.079999999998	0.0
102	input_spectra/bkgrnd-marine-broth.mzML	2339	0	263.141876220703	1	26280.6	0.0
156	input_spectra/bkgrnd-marine-broth.mzML	2340	0	388.258239746094	1	26319.96	0.0
156	input_spectra/bkgrnd-marine-broth.mzML	2341	0	388.258239746094	1	26331.48	0.0
238	input_spectra/bkgrnd-marine-broth.mzML	2342	0	612.341369628906	1	26365.98	0.0
238	input_spectra/bkgrnd-marine-broth.mzML	2343	0	612.341369628906	1	26377.5	0.0
280	input_spectra/bkgrnd-marine-broth.mzML	2344	0	947.457214355469	1	26389.079999999998	0.0
281	input_spectra/bkgrnd-marine-broth.mzML	2345	0	947.457214355469	1	26400.66	0.0
239	input_spectra/bkgrnd-marine-broth.mzML	2346	0	614.357238769531	1	26463.120000000003	0.0
239	input_spectra/bkgrnd-marine-broth.mzML	2347	0	614.357238769531	1	26474.640000000003	0.0
156	input_spectra/bkgrnd-marine-broth.mzML	2348	0	388.258239746094	1	26486.16	0.0
281	input_spectra/bkgrnd-marine-broth.mzML	2349	0	947.457214355469	1	26520.84	0.0
155	input_spectra/bkgrnd-marine-broth.mzML	2350	0	385.249328613281	1	26532.36	0.0
155	input_spectra/bkgrnd-marine-broth.mzML	2351	0	385.249328613281	1	26543.88	0.0
171	input_spectra/bkgrnd-marine-broth.mzML	2352	0	432.285171508789	1	26606.22	0.0
171	input_spectra/bkgrnd-marine-broth.mzML	2353	0	432.285171508789	1	26617.74	0.0
255	input_spectra/bkgrnd-marine-broth.mzML	2354	0	743.401062011719	1	26629.260000000002	0.0
256	input_spectra/bkgrnd-marine-broth.mzML	2355	0	743.401062011719	1	26640.84	0.0
239	input_spectra/bkgrnd-marine-broth.mzML	2356	0	614.357238769531	1	26675.399999999998	0.0
239	input_spectra/bkgrnd-marine-broth.mzML	2357	0	614.357238769531	1	26686.92	0.0
163	input_spectra/bkgrnd-marine-broth.mzML	2358	0	415.257965087891	1	26698.44	0.0
171	input_spectra/bkgrnd-marine-broth.mzML	2359	0	432.285171508789	1	26749.32	0.0
171	input_spectra/bkgrnd-marine-broth.mzML	2360	0	432.285171508789	1	26760.78	0.0
189	input_spectra/bkgrnd-marine-broth.mzML	2361	0	476.311747233073	1	26795.34	0.0
189	input_spectra/bkgrnd-marine-broth.mzML	2362	0	476.311747233073	1	26806.86	0.0
293	input_spectra/bkgrnd-marine-broth.mzML	2363	0	1216.558837890625	1	26841.48	0.0
189	input_spectra/bkgrnd-marine-broth.mzML	2364	0	476.311747233073	1	26892.42	0.0
189	input_spectra/bkgrnd-marine-broth.mzML	2365	0	476.311747233073	1	26903.94	0.0
82	input_spectra/bkgrnd-marine-broth.mzML	2366	0	227.141393025716	1	26938.44	0.0
82	input_spectra/bkgrnd-marine-broth.mzML	2367	0	227.141393025716	1	26949.96	0.0
291	input_spectra/bkgrnd-marine-broth.mzML	2368	0	1200.565185546875	1	26961.600000000002	0.0
292	input_spectra/bkgrnd-marine-broth.mzML	2369	0	1200.565185546875	1	26973.120000000003	0.0
293	input_spectra/bkgrnd-marine-broth.mzML	2370	0	1216.558837890625	1	26984.7	0.0
207	input_spectra/bkgrnd-marine-broth.mzML	2371	0	520.338562011719	1	27035.64	0.0
207	input_spectra/bkgrnd-marine-broth.mzML	2372	0	520.338562011719	1	27047.16	0.0
189	input_spectra/bkgrnd-marine-broth.mzML	2373	0	476.311747233073	1	27058.68	0.0
189	input_spectra/bkgrnd-marine-broth.mzML	2374	0	476.311747233073	1	27070.2	0.0
82	input_spectra/bkgrnd-marine-broth.mzML	2375	0	227.141393025716	1	27081.72	0.0
82	input_spectra/bkgrnd-marine-broth.mzML	2376	0	227.141393025716	1	27093.18	0.0
209	input_spectra/bkgrnd-marine-broth.mzML	2377	0	525.293518066406	1	27116.22	0.0
291	input_spectra/bkgrnd-marine-broth.mzML	2378	0	1200.565185546875	1	27127.859999999997	0.0
207	input_spectra/bkgrnd-marine-broth.mzML	2379	0	520.338562011719	1	27178.800000000003	0.0
207	input_spectra/bkgrnd-marine-broth.mzML	2380	0	520.338562011719	1	27190.32	0.0
221	input_spectra/bkgrnd-marine-broth.mzML	2381	0	564.364949544271	1	27224.88	0.0
221	input_spectra/bkgrnd-marine-broth.mzML	2382	0	564.364949544271	1	27236.4	0.0
81	input_spectra/bkgrnd-marine-broth.mzML	2383	0	227.141393025716	1	27247.920000000002	0.0
82	input_spectra/bkgrnd-marine-broth.mzML	2384	0	227.141393025716	1	27259.379999999997	0.0
222	input_spectra/bkgrnd-marine-broth.mzML	2385	0	569.3232421875	1	27270.960000000003	0.0
222	input_spectra/bkgrnd-marine-broth.mzML	2386	0	569.3232421875	1	27282.480000000003	0.0
221	input_spectra/bkgrnd-marine-broth.mzML	2387	0	564.364949544271	1	27321.84	0.0
221	input_spectra/bkgrnd-marine-broth.mzML	2388	0	564.364949544271	1	27333.36	0.0
223	input_spectra/bkgrnd-marine-broth.mzML	2389	0	569.3232421875	1	27356.34	0.0
207	input_spectra/bkgrnd-marine-broth.mzML	2390	0	520.338562011719	1	27390.899999999998	0.0
234	input_spectra/bkgrnd-marine-broth.mzML	2391	0	608.391581217448	1	27413.94	0.0
234	input_spectra/bkgrnd-marine-broth.mzML	2392	0	608.391581217448	1	27425.46	0.0
234	input_spectra/bkgrnd-marine-broth.mzML	2393	0	608.391581217448	1	27464.82	0.0
234	input_spectra/bkgrnd-marine-broth.mzML	2394	0	608.391581217448	1	27476.34	0.0
101	input_spectra/bkgrnd-marine-broth.mzML	2395	0	261.126291910807	1	27487.859999999997	0.0
101	input_spectra/bkgrnd-marine-broth.mzML	2396	0	261.126291910807	1	27499.379999999997	0.0
221	input_spectra/bkgrnd-marine-broth.mzML	2397	0	564.364949544271	1	27533.94	0.0
221	input_spectra/bkgrnd-marine-broth.mzML	2398	0	564.364949544271	1	27545.46	0.0
164	input_spectra/bkgrnd-marine-broth.mzML	2399	0	419.233673095703	1	27556.98	0.0
164	input_spectra/bkgrnd-marine-broth.mzML	2400	0	419.233673095703	1	27568.5	0.0
234	input_spectra/bkgrnd-marine-broth.mzML	2401	0	608.391581217448	1	27607.859999999997	0.0
234	input_spectra/bkgrnd-marine-broth.mzML	2402	0	608.391581217448	1	27619.379999999997	0.0
4	input_spectra/bkgrnd-marine-broth.mzML	2403	0	117.074203491211	1	27653.94	0.0
4	input_spectra/bkgrnd-marine-broth.mzML	2404	0	117.074203491211	1	27665.399999999998	0.0
251	input_spectra/bkgrnd-marine-broth.mzML	2405	0	696.444763183594	1	27750.899999999998	0.0
251	input_spectra/bkgrnd-marine-broth.mzML	2406	0	696.444763183594	1	27762.42	0.0
246	input_spectra/bkgrnd-marine-broth.mzML	2407	0	652.41796875	1	27773.94	0.0
246	input_spectra/bkgrnd-marine-broth.mzML	2408	0	652.41796875	1	27785.46	0.0
4	input_spectra/bkgrnd-marine-broth.mzML	2409	0	117.074203491211	1	27796.98	0.0
4	input_spectra/bkgrnd-marine-broth.mzML	2410	0	117.074203491211	1	27808.44	0.0
254	input_spectra/bkgrnd-marine-broth.mzML	2411	0	740.471008300781	1	27893.88	0.0
254	input_spectra/bkgrnd-marine-broth.mzML	2412	0	740.471008300781	1	27905.399999999998	0.0
4	input_spectra/bkgrnd-marine-broth.mzML	2413	0	117.074203491211	1	27916.98	0.0
4	input_spectra/bkgrnd-marine-broth.mzML	2414	0	117.074203491211	1	27928.44	0.0
251	input_spectra/bkgrnd-marine-broth.mzML	2415	0	696.444763183594	1	27940.019999999997	0.0
93	input_spectra/bkgrnd-marine-broth.mzML	2416	0	243.13648223877	1	27963.059999999998	0.0
100	input_spectra/bkgrnd-marine-broth.mzML	2417	0	261.126291910807	1	28013.94	0.0
93	input_spectra/bkgrnd-marine-broth.mzML	2418	0	243.13648223877	1	28036.92	0.0
264	input_spectra/bkgrnd-marine-broth.mzML	2419	0	784.497497558594	1	28059.96	0.0
72	input_spectra/bkgrnd-marine-broth.mzML	2420	0	211.146428426107	1	28315.26	0.0
72	input_spectra/bkgrnd-marine-broth.mzML	2421	0	211.146428426107	1	28326.78	0.0
72	input_spectra/bkgrnd-marine-broth.mzML	2422	0	211.146428426107	1	28366.14	0.0
72	input_spectra/bkgrnd-marine-broth.mzML	2423	0	211.146428426107	1	28377.6	0.0
72	input_spectra/bkgrnd-marine-broth.mzML	2424	0	211.146428426107	1	28417.02	0.0
72	input_spectra/bkgrnd-marine-broth.mzML	2425	0	211.146428426107	1	28428.48	0.0
94	input_spectra/bkgrnd-marine-broth.mzML	2426	0	245.130767822266	1	28876.68	0.0
94	input_spectra/bkgrnd-marine-broth.mzML	2427	0	245.130767822266	1	28888.14	0.0
133	input_spectra/bkgrnd-marine-broth.mzML	2428	0	328.273207122204	1	32234.280000000002	0.0
129	input_spectra/bkgrnd-marine-broth.mzML	2429	0	328.273207122204	1	32245.739999999998	0.0
129	input_spectra/bkgrnd-marine-broth.mzML	2430	0	328.273207122204	1	32465.52	0.0
130	input_spectra/bkgrnd-marine-broth.mzML	2431	0	328.273207122204	1	32476.98	0.0
135	input_spectra/bkgrnd-marine-broth.mzML	2432	0	328.273207122204	1	32528.399999999998	0.0
135	input_spectra/bkgrnd-marine-broth.mzML	2433	0	328.273207122204	1	32539.92	0.0
107	input_spectra/bkgrnd-marine-broth.mzML	2434	0	274.277679443359	1	32551.38	0.0
107	input_spectra/bkgrnd-marine-broth.mzML	2435	0	274.277679443359	1	32562.9	0.0
107	input_spectra/bkgrnd-marine-broth.mzML	2436	0	274.277679443359	1	32602.26	0.0
107	input_spectra/bkgrnd-marine-broth.mzML	2437	0	274.277679443359	1	32613.72	0.0
107	input_spectra/bkgrnd-marine-broth.mzML	2438	0	274.277679443359	1	32653.079999999998	0.0
107	input_spectra/bkgrnd-marine-broth.mzML	2439	0	274.277679443359	1	32664.6	0.0
188	input_spectra/bkgrnd-marine-broth.mzML	2440	0	466.323577880859	1	32958.78	0.0
187	input_spectra/bkgrnd-marine-broth.mzML	2441	0	466.323577880859	1	33021.18	0.0
188	input_spectra/bkgrnd-marine-broth.mzML	2442	0	466.323577880859	1	33032.64	0.0
216	input_spectra/bkgrnd-marine-broth.mzML	2443	0	534.361673990885	1	33044.159999999996	0.0
216	input_spectra/bkgrnd-marine-broth.mzML	2444	0	534.361673990885	1	33055.68	0.0
216	input_spectra/bkgrnd-marine-broth.mzML	2445	0	534.361673990885	1	33164.1	0.0
216	input_spectra/bkgrnd-marine-broth.mzML	2446	0	534.361673990885	1	33175.62	0.0
277	input_spectra/bkgrnd-marine-broth.mzML	2447	0	931.638000488281	1	33210.24	0.0
216	input_spectra/bkgrnd-marine-broth.mzML	2448	0	534.361673990885	1	33261.18	0.0
216	input_spectra/bkgrnd-marine-broth.mzML	2449	0	534.361673990885	1	33272.7	0.0
135	input_spectra/bkgrnd-marine-broth.mzML	2450	0	328.273207122204	1	33611.64	0.0
135	input_spectra/bkgrnd-marine-broth.mzML	2451	0	328.273207122204	1	33623.159999999996	0.0
133	input_spectra/bkgrnd-marine-broth.mzML	2452	0	328.273207122204	1	33662.46000000001	0.0
132	input_spectra/bkgrnd-marine-broth.mzML	2453	0	328.273207122204	1	33673.979999999996	0.0
135	input_spectra/bkgrnd-marine-broth.mzML	2454	0	328.273207122204	1	33724.86	0.0
84	input_spectra/bkgrnd-marine-broth.mzML	2455	0	230.25151570638	1	34557.840000000004	0.0
84	input_spectra/bkgrnd-marine-broth.mzML	2456	0	230.25151570638	1	34569.299999999996	0.0
84	input_spectra/bkgrnd-marine-broth.mzML	2457	0	230.25151570638	1	34608.72	0.0
84	input_spectra/bkgrnd-marine-broth.mzML	2458	0	230.25151570638	1	34620.18	0.0
84	input_spectra/bkgrnd-marine-broth.mzML	2459	0	230.25151570638	1	34659.54	0.0
84	input_spectra/bkgrnd-marine-broth.mzML	2460	0	230.25151570638	1	34671.06	0.0
130	input_spectra/bkgrnd-marine-broth.mzML	2461	0	328.273207122204	1	34757.94	0.0
129	input_spectra/bkgrnd-marine-broth.mzML	2462	0	328.273207122204	1	34797.36	0.0
130	input_spectra/bkgrnd-marine-broth.mzML	2463	0	328.273207122204	1	34808.82	0.0
132	input_spectra/bkgrnd-marine-broth.mzML	2464	0	328.273207122204	1	34848.18	0.0
135	input_spectra/bkgrnd-marine-broth.mzML	2465	0	328.273207122204	1	34859.7	0.0
214	input_spectra/bkgrnd-marine-broth.mzML	2466	0	533.332600911458	1	35680.62	0.0
215	input_spectra/bkgrnd-marine-broth.mzML	2467	0	533.332600911458	1	35692.14	0.0
214	input_spectra/bkgrnd-marine-broth.mzML	2468	0	533.332600911458	1	35731.56	0.0
199	input_spectra/bkgrnd-marine-broth.mzML	2469	0	498.295522054036	1	35754.54	0.0
214	input_spectra/bkgrnd-marine-broth.mzML	2470	0	533.332600911458	1	35805.36	0.0
199	input_spectra/bkgrnd-marine-broth.mzML	2471	0	498.295522054036	1	35828.4	0.0
200	input_spectra/bkgrnd-marine-broth.mzML	2472	0	498.295522054036	1	35839.92	0.0
199	input_spectra/bkgrnd-marine-broth.mzML	2473	0	498.295522054036	1	35879.280000000006	0.0
131	input_spectra/bkgrnd-marine-broth.mzML	2474	0	328.273207122204	1	35930.16	0.0
130	input_spectra/bkgrnd-marine-broth.mzML	2475	0	328.273207122204	1	35941.68	0.0
133	input_spectra/bkgrnd-marine-broth.mzML	2476	0	328.273207122204	1	35980.979999999996	0.0
134	input_spectra/bkgrnd-marine-broth.mzML	2477	0	328.273207122204	1	35992.5	0.0
133	input_spectra/bkgrnd-marine-broth.mzML	2478	0	328.273207122204	1	36031.86	0.0
134	input_spectra/bkgrnd-marine-broth.mzML	2479	0	328.273207122204	1	36043.32	0.0
151	input_spectra/bkgrnd-marine-broth.mzML	2480	0	373.279357910156	1	36974.76	0.0
146	input_spectra/bkgrnd-marine-broth.mzML	2481	0	355.268636067708	1	37020.719999999994	0.0
151	input_spectra/bkgrnd-marine-broth.mzML	2482	0	373.279357910156	1	37071.6	0.0
266	input_spectra/bkgrnd-marine-broth.mzML	2483	0	817.595153808594	1	37106.22	0.0
266	input_spectra/bkgrnd-marine-broth.mzML	2484	0	817.595153808594	1	37117.74	0.0
190	input_spectra/bkgrnd-marine-broth.mzML	2485	0	477.339263916016	1	37152.3	0.0
190	input_spectra/bkgrnd-marine-broth.mzML	2486	0	477.339263916016	1	37163.82	0.0
129	input_spectra/bkgrnd-marine-broth.mzML	2487	0	328.273207122204	1	37203.18	0.0
134	input_spectra/bkgrnd-marine-broth.mzML	2488	0	328.273207122204	1	37214.7	0.0
146	input_spectra/bkgrnd-marine-broth.mzML	2489	0	355.268636067708	1	37260.659999999996	0.0
132	input_spectra/bkgrnd-marine-broth.mzML	2490	0	328.273207122204	1	37300.08	0.0
134	input_spectra/bkgrnd-marine-broth.mzML	2491	0	328.273207122204	1	37311.54	0.0
132	input_spectra/bkgrnd-marine-broth.mzML	2492	0	328.273207122204	1	37350.9	0.0
134	input_spectra/bkgrnd-marine-broth.mzML	2493	0	328.273207122204	1	37362.42	0.0
183	input_spectra/bkgrnd-marine-broth.mzML	2494	0	450.327799479167	1	38291.1	0.0
97	input_spectra/bkgrnd-marine-broth.mzML	2495	0	258.283406575521	1	38353.44	0.0
97	input_spectra/bkgrnd-marine-broth.mzML	2496	0	258.283406575521	1	38364.899999999994	0.0
133	input_spectra/bkgrnd-marine-broth.mzML	2497	0	328.273207122204	1	38404.26	0.0
135	input_spectra/bkgrnd-marine-broth.mzML	2498	0	328.273207122204	1	38415.78	0.0
97	input_spectra/bkgrnd-marine-broth.mzML	2499	0	258.283406575521	1	38450.28	0.0
97	input_spectra/bkgrnd-marine-broth.mzML	2500	0	258.283406575521	1	38461.799999999996	0.0
131	input_spectra/bkgrnd-marine-broth.mzML	2501	0	328.273207122204	1	38501.16	0.0
130	input_spectra/bkgrnd-marine-broth.mzML	2502	0	328.273207122204	1	38512.68	0.0
97	input_spectra/bkgrnd-marine-broth.mzML	2503	0	258.283406575521	1	38524.14	0.0
97	input_spectra/bkgrnd-marine-broth.mzML	2504	0	258.283406575521	1	38535.6	0.0
132	input_spectra/bkgrnd-marine-broth.mzML	2505	0	328.273207122204	1	38575.020000000004	0.0
135	input_spectra/bkgrnd-marine-broth.mzML	2506	0	328.273207122204	1	38586.479999999996	0.0
123	input_spectra/bkgrnd-marine-broth.mzML	2507	0	304.304504394531	1	38962.56	0.0
123	input_spectra/bkgrnd-marine-broth.mzML	2508	0	304.304504394531	1	38974.020000000004	0.0
123	input_spectra/bkgrnd-marine-broth.mzML	2509	0	304.304504394531	1	39013.38	0.0
123	input_spectra/bkgrnd-marine-broth.mzML	2510	0	304.304504394531	1	39024.84	0.0
123	input_spectra/bkgrnd-marine-broth.mzML	2511	0	304.304504394531	1	39064.200000000004	0.0
123	input_spectra/bkgrnd-marine-broth.mzML	2512	0	304.304504394531	1	39075.719999999994	0.0
132	input_spectra/bkgrnd-marine-broth.mzML	2513	0	328.273207122204	1	39608.1	0.0
130	input_spectra/bkgrnd-marine-broth.mzML	2514	0	328.273207122204	1	39619.56	0.0
131	input_spectra/bkgrnd-marine-broth.mzML	2515	0	328.273207122204	1	39658.92	0.0
135	input_spectra/bkgrnd-marine-broth.mzML	2516	0	328.273207122204	1	39670.44	0.0
131	input_spectra/bkgrnd-marine-broth.mzML	2517	0	328.273207122204	1	39709.8	0.0
135	input_spectra/bkgrnd-marine-broth.mzML	2518	0	328.273207122204	1	39721.32	0.0
131	input_spectra/bkgrnd-marine-broth.mzML	2519	0	328.273207122204	1	40746.659999999996	0.0
134	input_spectra/bkgrnd-marine-broth.mzML	2520	0	328.273207122204	1	40758.18	0.0
135	input_spectra/bkgrnd-marine-broth.mzML	2521	0	328.273207122204	1	40797.479999999996	0.0
130	input_spectra/bkgrnd-marine-broth.mzML	2522	0	328.273207122204	1	40809.0	0.0
132	input_spectra/bkgrnd-marine-broth.mzML	2523	0	328.273207122204	1	40848.36	0.0
134	input_spectra/bkgrnd-marine-broth.mzML	2524	0	328.273207122204	1	40859.82	0.0
135	input_spectra/bkgrnd-marine-broth.mzML	2525	0	328.273207122204	1	41885.28	0.0
134	input_spectra/bkgrnd-marine-broth.mzML	2526	0	328.273207122204	1	41896.74	0.0
131	input_spectra/bkgrnd-marine-broth.mzML	2527	0	328.273207122204	1	41936.1	0.0
134	input_spectra/bkgrnd-marine-broth.mzML	2528	0	328.273207122204	1	41947.619999999995	0.0
132	input_spectra/bkgrnd-marine-broth.mzML	2529	0	328.273207122204	1	41986.98	0.0
134	input_spectra/bkgrnd-marine-broth.mzML	2530	0	328.273207122204	1	41998.44	0.0
131	input_spectra/bkgrnd-marine-broth.mzML	2531	0	328.273207122204	1	43023.84	0.0
130	input_spectra/bkgrnd-marine-broth.mzML	2532	0	328.273207122204	1	43035.3	0.0
131	input_spectra/bkgrnd-marine-broth.mzML	2533	0	328.273207122204	1	43074.72	0.0
135	input_spectra/bkgrnd-marine-broth.mzML	2534	0	328.273207122204	1	43086.18	0.0
131	input_spectra/bkgrnd-marine-broth.mzML	2535	0	328.273207122204	1	43125.54	0.0
130	input_spectra/bkgrnd-marine-broth.mzML	2536	0	328.273207122204	1	43137.06	0.0
139	input_spectra/bkgrnd-marine-broth.mzML	2537	0	332.336435953776	1	43176.42	0.0
139	input_spectra/bkgrnd-marine-broth.mzML	2538	0	332.336435953776	1	43187.94	0.0
139	input_spectra/bkgrnd-marine-broth.mzML	2539	0	332.336435953776	1	43227.3	0.0
139	input_spectra/bkgrnd-marine-broth.mzML	2540	0	332.336435953776	1	43238.759999999995	0.0
139	input_spectra/bkgrnd-marine-broth.mzML	2541	0	332.336435953776	1	43278.12	0.0
139	input_spectra/bkgrnd-marine-broth.mzML	2542	0	332.336435953776	1	43289.64	0.0
192	input_spectra/bkgrnd-marine-broth.mzML	2543	0	483.256673177083	1	43635.18	0.0
192	input_spectra/bkgrnd-marine-broth.mzML	2544	0	483.256673177083	1	43646.700000000004	0.0
192	input_spectra/bkgrnd-marine-broth.mzML	2545	0	483.256673177083	1	43686.06	0.0
192	input_spectra/bkgrnd-marine-broth.mzML	2546	0	483.256673177083	1	43697.520000000004	0.0
192	input_spectra/bkgrnd-marine-broth.mzML	2547	0	483.256673177083	1	43759.92	0.0
192	input_spectra/bkgrnd-marine-broth.mzML	2548	0	483.256673177083	1	43771.44	0.0
174	input_spectra/bkgrnd-marine-broth.mzML	2549	0	440.416982014974	1	43955.100000000006	0.0
175	input_spectra/bkgrnd-marine-broth.mzML	2550	0	440.416982014974	1	43966.62	0.0
174	input_spectra/bkgrnd-marine-broth.mzML	2551	0	440.416982014974	1	44005.92	0.0
175	input_spectra/bkgrnd-marine-broth.mzML	2552	0	440.416982014974	1	44017.44	0.0
174	input_spectra/bkgrnd-marine-broth.mzML	2553	0	440.416982014974	1	44056.799999999996	0.0
175	input_spectra/bkgrnd-marine-broth.mzML	2554	0	440.416982014974	1	44068.32	0.0
177	input_spectra/bkgrnd-marine-broth.mzML	2555	0	444.304077148438	1	44143.740000000005	0.0
177	input_spectra/bkgrnd-marine-broth.mzML	2556	0	444.304077148438	1	44155.26	0.0
131	input_spectra/bkgrnd-marine-broth.mzML	2557	0	328.273207122204	1	44194.62	0.0
134	input_spectra/bkgrnd-marine-broth.mzML	2558	0	328.273207122204	1	44206.14	0.0
177	input_spectra/bkgrnd-marine-broth.mzML	2559	0	444.304077148438	1	44217.66	0.0
177	input_spectra/bkgrnd-marine-broth.mzML	2560	0	444.304077148438	1	44229.18	0.0
131	input_spectra/bkgrnd-marine-broth.mzML	2561	0	328.273207122204	1	44268.479999999996	0.0
134	input_spectra/bkgrnd-marine-broth.mzML	2562	0	328.273207122204	1	44280.0	0.0
131	input_spectra/bkgrnd-marine-broth.mzML	2563	0	328.273207122204	1	44319.36	0.0
134	input_spectra/bkgrnd-marine-broth.mzML	2564	0	328.273207122204	1	44330.82	0.0
131	input_spectra/bkgrnd-marine-broth.mzML	2565	0	328.273207122204	1	45368.219999999994	0.0
130	input_spectra/bkgrnd-marine-broth.mzML	2566	0	328.273207122204	1	45379.74	0.0
131	input_spectra/bkgrnd-marine-broth.mzML	2567	0	328.273207122204	1	45419.1	0.0
135	input_spectra/bkgrnd-marine-broth.mzML	2568	0	328.273207122204	1	45430.62	0.0
131	input_spectra/bkgrnd-marine-broth.mzML	2569	0	328.273207122204	1	45469.979999999996	0.0
135	input_spectra/bkgrnd-marine-broth.mzML	2570	0	328.273207122204	1	45481.5	0.0
114	input_spectra/bkgrnd-marine-broth.mzML	2571	0	286.223715888129	1	45713.219999999994	0.0
111	input_spectra/bkgrnd-marine-broth.mzML	2572	0	286.223715888129	1	45724.74	0.0
111	input_spectra/bkgrnd-marine-broth.mzML	2573	0	286.223715888129	1	46076.700000000004	0.0
111	input_spectra/bkgrnd-marine-broth.mzML	2574	0	286.223715888129	1	46088.219999999994	0.0
112	input_spectra/bkgrnd-marine-broth.mzML	2575	0	286.223715888129	1	46380.06	0.0
112	input_spectra/bkgrnd-marine-broth.mzML	2576	0	286.223715888129	1	46391.58	0.0
131	input_spectra/bkgrnd-marine-broth.mzML	2577	0	328.273207122204	1	46503.060000000005	0.0
134	input_spectra/bkgrnd-marine-broth.mzML	2578	0	328.273207122204	1	46514.58	0.0
131	input_spectra/bkgrnd-marine-broth.mzML	2579	0	328.273207122204	1	46553.94	0.0
135	input_spectra/bkgrnd-marine-broth.mzML	2580	0	328.273207122204	1	46565.4	0.0
131	input_spectra/bkgrnd-marine-broth.mzML	2581	0	328.273207122204	1	46604.82	0.0
134	input_spectra/bkgrnd-marine-broth.mzML	2582	0	328.273207122204	1	46616.28	0.0
250	input_spectra/bkgrnd-marine-broth.mzML	2583	0	660.498321533203	1	46920.18	0.0
250	input_spectra/bkgrnd-marine-broth.mzML	2584	0	660.498321533203	1	46931.700000000004	0.0
250	input_spectra/bkgrnd-marine-broth.mzML	2585	0	660.498321533203	1	46971.119999999995	0.0
250	input_spectra/bkgrnd-marine-broth.mzML	2586	0	660.498321533203	1	46982.64	0.0
243	input_spectra/bkgrnd-marine-broth.mzML	2587	0	616.471638997396	1	47094.12	0.0
243	input_spectra/bkgrnd-marine-broth.mzML	2588	0	616.471638997396	1	47105.64	0.0
243	input_spectra/bkgrnd-marine-broth.mzML	2589	0	616.471638997396	1	47145.0	0.0
243	input_spectra/bkgrnd-marine-broth.mzML	2590	0	616.471638997396	1	47156.520000000004	0.0
243	input_spectra/bkgrnd-marine-broth.mzML	2591	0	616.471638997396	1	47195.88	0.0
243	input_spectra/bkgrnd-marine-broth.mzML	2592	0	616.471638997396	1	47207.399999999994	0.0
226	input_spectra/bkgrnd-marine-broth.mzML	2593	0	572.445821126302	1	47391.06	0.0
226	input_spectra/bkgrnd-marine-broth.mzML	2594	0	572.445821126302	1	47402.58	0.0
226	input_spectra/bkgrnd-marine-broth.mzML	2595	0	572.445821126302	1	47441.939999999995	0.0
226	input_spectra/bkgrnd-marine-broth.mzML	2596	0	572.445821126302	1	47453.46	0.0
226	input_spectra/bkgrnd-marine-broth.mzML	2597	0	572.445821126302	1	47492.82	0.0
226	input_spectra/bkgrnd-marine-broth.mzML	2598	0	572.445821126302	1	47504.340000000004	0.0
115	input_spectra/bkgrnd-marine-broth.mzML	2599	0	286.223715888129	1	47543.7	0.0
113	input_spectra/bkgrnd-marine-broth.mzML	2600	0	286.223715888129	1	47555.22	0.0
111	input_spectra/bkgrnd-marine-broth.mzML	2601	0	286.223715888129	1	47594.58	0.0
113	input_spectra/bkgrnd-marine-broth.mzML	2602	0	286.223715888129	1	47606.1	0.0
131	input_spectra/bkgrnd-marine-broth.mzML	2603	0	328.273207122204	1	47645.46	0.0
134	input_spectra/bkgrnd-marine-broth.mzML	2604	0	328.273207122204	1	47656.920000000006	0.0
111	input_spectra/bkgrnd-marine-broth.mzML	2605	0	286.223715888129	1	47668.44	0.0
111	input_spectra/bkgrnd-marine-broth.mzML	2606	0	286.223715888129	1	47679.899999999994	0.0
131	input_spectra/bkgrnd-marine-broth.mzML	2607	0	328.273207122204	1	47719.26	0.0
134	input_spectra/bkgrnd-marine-broth.mzML	2608	0	328.273207122204	1	47730.719999999994	0.0
212	input_spectra/bkgrnd-marine-broth.mzML	2609	0	528.418233235677	1	47742.24	0.0
212	input_spectra/bkgrnd-marine-broth.mzML	2610	0	528.418233235677	1	47753.759999999995	0.0
131	input_spectra/bkgrnd-marine-broth.mzML	2611	0	328.273207122204	1	47793.12	0.0
134	input_spectra/bkgrnd-marine-broth.mzML	2612	0	328.273207122204	1	47804.64	0.0
212	input_spectra/bkgrnd-marine-broth.mzML	2613	0	528.418233235677	1	47816.16	0.0
212	input_spectra/bkgrnd-marine-broth.mzML	2614	0	528.418233235677	1	47827.68	0.0
212	input_spectra/bkgrnd-marine-broth.mzML	2615	0	528.418233235677	1	47867.04	0.0
212	input_spectra/bkgrnd-marine-broth.mzML	2616	0	528.418233235677	1	47878.56	0.0
194	input_spectra/bkgrnd-marine-broth.mzML	2617	0	484.391591389974	1	48070.560000000005	0.0
194	input_spectra/bkgrnd-marine-broth.mzML	2618	0	484.391591389974	1	48082.08	0.0
194	input_spectra/bkgrnd-marine-broth.mzML	2619	0	484.391591389974	1	48121.44	0.0
194	input_spectra/bkgrnd-marine-broth.mzML	2620	0	484.391591389974	1	48132.9	0.0
194	input_spectra/bkgrnd-marine-broth.mzML	2621	0	484.391591389974	1	48172.32	0.0
194	input_spectra/bkgrnd-marine-broth.mzML	2622	0	484.391591389974	1	48183.78	0.0
217	input_spectra/bkgrnd-marine-broth.mzML	2623	0	535.402770996094	1	48375.78	0.0
217	input_spectra/bkgrnd-marine-broth.mzML	2624	0	535.402770996094	1	48387.3	0.0
217	input_spectra/bkgrnd-marine-broth.mzML	2625	0	535.402770996094	1	48426.659999999996	0.0
217	input_spectra/bkgrnd-marine-broth.mzML	2626	0	535.402770996094	1	48438.18	0.0
173	input_spectra/bkgrnd-marine-broth.mzML	2627	0	440.364939371745	1	48477.53999999999	0.0
173	input_spectra/bkgrnd-marine-broth.mzML	2628	0	440.364939371745	1	48528.42	0.0
173	input_spectra/bkgrnd-marine-broth.mzML	2629	0	440.364939371745	1	48539.94	0.0
173	input_spectra/bkgrnd-marine-broth.mzML	2630	0	440.364939371745	1	48602.28	0.0
173	input_spectra/bkgrnd-marine-broth.mzML	2631	0	440.364939371745	1	48613.8	0.0
196	input_spectra/bkgrnd-marine-broth.mzML	2632	0	491.376139322917	1	48648.36	0.0
196	input_spectra/bkgrnd-marine-broth.mzML	2633	0	491.376139322917	1	48659.82	0.0
196	input_spectra/bkgrnd-marine-broth.mzML	2634	0	491.376139322917	1	48722.28	0.0
196	input_spectra/bkgrnd-marine-broth.mzML	2635	0	491.376139322917	1	48733.740000000005	0.0
165	input_spectra/bkgrnd-marine-broth.mzML	2636	0	423.338185628255	1	48745.26	0.0
165	input_spectra/bkgrnd-marine-broth.mzML	2637	0	423.338185628255	1	48756.780000000006	0.0
112	input_spectra/bkgrnd-marine-broth.mzML	2638	0	286.223715888129	1	48768.24	0.0
111	input_spectra/bkgrnd-marine-broth.mzML	2639	0	286.223715888129	1	48779.76	0.0
131	input_spectra/bkgrnd-marine-broth.mzML	2640	0	328.273207122204	1	48819.12	0.0
134	input_spectra/bkgrnd-marine-broth.mzML	2641	0	328.273207122204	1	48830.64	0.0
196	input_spectra/bkgrnd-marine-broth.mzML	2642	0	491.376139322917	1	48842.159999999996	0.0
196	input_spectra/bkgrnd-marine-broth.mzML	2643	0	491.376139322917	1	48853.68	0.0
165	input_spectra/bkgrnd-marine-broth.mzML	2644	0	423.338185628255	1	48865.14	0.0
165	input_spectra/bkgrnd-marine-broth.mzML	2645	0	423.338185628255	1	48876.659999999996	0.0
113	input_spectra/bkgrnd-marine-broth.mzML	2646	0	286.223715888129	1	48888.18	0.0
111	input_spectra/bkgrnd-marine-broth.mzML	2647	0	286.223715888129	1	48899.64	0.0
131	input_spectra/bkgrnd-marine-broth.mzML	2648	0	328.273207122204	1	48939.0	0.0
134	input_spectra/bkgrnd-marine-broth.mzML	2649	0	328.273207122204	1	48950.52	0.0
158	input_spectra/bkgrnd-marine-broth.mzML	2650	0	396.338185628255	1	48985.020000000004	0.0
158	input_spectra/bkgrnd-marine-broth.mzML	2651	0	396.338185628255	1	48996.54	0.0
165	input_spectra/bkgrnd-marine-broth.mzML	2652	0	423.338185628255	1	49008.0	0.0
165	input_spectra/bkgrnd-marine-broth.mzML	2653	0	423.338185628255	1	49019.52	0.0
112	input_spectra/bkgrnd-marine-broth.mzML	2654	0	286.223715888129	1	49031.04	0.0
113	input_spectra/bkgrnd-marine-broth.mzML	2655	0	286.223715888129	1	49042.5	0.0
131	input_spectra/bkgrnd-marine-broth.mzML	2656	0	328.273207122204	1	49081.920000000006	0.0
134	input_spectra/bkgrnd-marine-broth.mzML	2657	0	328.273207122204	1	49093.38	0.0
159	input_spectra/bkgrnd-marine-broth.mzML	2658	0	401.293874104818	1	49104.899999999994	0.0
158	input_spectra/bkgrnd-marine-broth.mzML	2659	0	396.338185628255	1	49127.88	0.0
158	input_spectra/bkgrnd-marine-broth.mzML	2660	0	396.338185628255	1	49139.4	0.0
180	input_spectra/bkgrnd-marine-broth.mzML	2661	0	447.349294026693	1	49162.380000000005	0.0
152	input_spectra/bkgrnd-marine-broth.mzML	2662	0	379.310892740885	1	49173.9	0.0
152	input_spectra/bkgrnd-marine-broth.mzML	2663	0	379.310892740885	1	49185.42	0.0
158	input_spectra/bkgrnd-marine-broth.mzML	2664	0	396.338185628255	1	49247.76	0.0
158	input_spectra/bkgrnd-marine-broth.mzML	2665	0	396.338185628255	1	49259.280000000006	0.0
180	input_spectra/bkgrnd-marine-broth.mzML	2666	0	447.349294026693	1	49270.799999999996	0.0
152	input_spectra/bkgrnd-marine-broth.mzML	2667	0	379.310892740885	1	49293.78	0.0
152	input_spectra/bkgrnd-marine-broth.mzML	2668	0	379.310892740885	1	49305.3	0.0
180	input_spectra/bkgrnd-marine-broth.mzML	2669	0	447.349294026693	1	49344.659999999996	0.0
152	input_spectra/bkgrnd-marine-broth.mzML	2670	0	379.310892740885	1	49367.7	0.0
152	input_spectra/bkgrnd-marine-broth.mzML	2671	0	379.310892740885	1	49379.159999999996	0.0
145	input_spectra/bkgrnd-marine-broth.mzML	2672	0	352.311096191406	1	49516.44	0.0
145	input_spectra/bkgrnd-marine-broth.mzML	2673	0	352.311096191406	1	49527.96	0.0
160	input_spectra/bkgrnd-marine-broth.mzML	2674	0	403.322245279948	1	49539.420000000006	0.0
141	input_spectra/bkgrnd-marine-broth.mzML	2675	0	335.284332275391	1	49562.46000000001	0.0
141	input_spectra/bkgrnd-marine-broth.mzML	2676	0	335.284332275391	1	49573.92	0.0
145	input_spectra/bkgrnd-marine-broth.mzML	2677	0	352.311096191406	1	49636.259999999995	0.0
145	input_spectra/bkgrnd-marine-broth.mzML	2678	0	352.311096191406	1	49647.78	0.0
141	input_spectra/bkgrnd-marine-broth.mzML	2679	0	335.284332275391	1	49682.28	0.0
141	input_spectra/bkgrnd-marine-broth.mzML	2680	0	335.284332275391	1	49693.8	0.0
145	input_spectra/bkgrnd-marine-broth.mzML	2681	0	352.311096191406	1	49733.159999999996	0.0
145	input_spectra/bkgrnd-marine-broth.mzML	2682	0	352.311096191406	1	49744.68	0.0
141	input_spectra/bkgrnd-marine-broth.mzML	2683	0	335.284332275391	1	49779.18	0.0
141	input_spectra/bkgrnd-marine-broth.mzML	2684	0	335.284332275391	1	49790.64	0.0
111	input_spectra/bkgrnd-marine-broth.mzML	2685	0	286.223715888129	1	49926.240000000005	0.0
113	input_spectra/bkgrnd-marine-broth.mzML	2686	0	286.223715888129	1	49937.76	0.0
113	input_spectra/bkgrnd-marine-broth.mzML	2687	0	286.223715888129	1	49977.12	0.0
111	input_spectra/bkgrnd-marine-broth.mzML	2688	0	286.223715888129	1	49988.58	0.0
112	input_spectra/bkgrnd-marine-broth.mzML	2689	0	286.223715888129	1	50028.0	0.0
113	input_spectra/bkgrnd-marine-broth.mzML	2690	0	286.223715888129	1	50039.52	0.0
131	input_spectra/bkgrnd-marine-broth.mzML	2691	0	328.273207122204	1	50078.880000000005	0.0
134	input_spectra/bkgrnd-marine-broth.mzML	2692	0	328.273207122204	1	50090.340000000004	0.0
117	input_spectra/bkgrnd-marine-broth.mzML	2693	0	291.257059733073	1	50124.78	0.0
117	input_spectra/bkgrnd-marine-broth.mzML	2694	0	291.257059733073	1	50136.3	0.0
125	input_spectra/bkgrnd-marine-broth.mzML	2695	0	308.283996582031	1	50147.82	0.0
125	input_spectra/bkgrnd-marine-broth.mzML	2696	0	308.283996582031	1	50159.280000000006	0.0
131	input_spectra/bkgrnd-marine-broth.mzML	2697	0	328.273207122204	1	50198.64	0.0
134	input_spectra/bkgrnd-marine-broth.mzML	2698	0	328.273207122204	1	50210.16	0.0
117	input_spectra/bkgrnd-marine-broth.mzML	2699	0	291.257059733073	1	50244.6	0.0
117	input_spectra/bkgrnd-marine-broth.mzML	2700	0	291.257059733073	1	50256.119999999995	0.0
125	input_spectra/bkgrnd-marine-broth.mzML	2701	0	308.283996582031	1	50267.58	0.0
125	input_spectra/bkgrnd-marine-broth.mzML	2702	0	308.283996582031	1	50279.1	0.0
131	input_spectra/bkgrnd-marine-broth.mzML	2703	0	328.273207122204	1	50318.46	0.0
134	input_spectra/bkgrnd-marine-broth.mzML	2704	0	328.273207122204	1	50329.979999999996	0.0
125	input_spectra/bkgrnd-marine-broth.mzML	2705	0	308.283996582031	1	50387.399999999994	0.0
125	input_spectra/bkgrnd-marine-broth.mzML	2706	0	308.283996582031	1	50398.92	0.0
113	input_spectra/bkgrnd-marine-broth.mzML	2707	0	286.223715888129	1	51063.54	0.0
113	input_spectra/bkgrnd-marine-broth.mzML	2708	0	286.223715888129	1	51075.06	0.0
111	input_spectra/bkgrnd-marine-broth.mzML	2709	0	286.223715888129	1	51114.420000000006	0.0
111	input_spectra/bkgrnd-marine-broth.mzML	2710	0	286.223715888129	1	51125.88	0.0
111	input_spectra/bkgrnd-marine-broth.mzML	2711	0	286.223715888129	1	51165.3	0.0
113	input_spectra/bkgrnd-marine-broth.mzML	2712	0	286.223715888129	1	51176.76	0.0
131	input_spectra/bkgrnd-marine-broth.mzML	2713	0	328.273207122204	1	51312.3	0.0
134	input_spectra/bkgrnd-marine-broth.mzML	2714	0	328.273207122204	1	51323.82	0.0
131	input_spectra/bkgrnd-marine-broth.mzML	2715	0	328.273207122204	1	51363.12	0.0
134	input_spectra/bkgrnd-marine-broth.mzML	2716	0	328.273207122204	1	51374.64	0.0
131	input_spectra/bkgrnd-marine-broth.mzML	2717	0	328.273207122204	1	51414.0	0.0
134	input_spectra/bkgrnd-marine-broth.mzML	2718	0	328.273207122204	1	51425.46	0.0
249	input_spectra/bkgrnd-marine-broth.mzML	2719	0	658.48252360026	1	51549.0	0.0
249	input_spectra/bkgrnd-marine-broth.mzML	2720	0	658.48252360026	1	51560.52	0.0
249	input_spectra/bkgrnd-marine-broth.mzML	2721	0	658.48252360026	1	51599.880000000005	0.0
249	input_spectra/bkgrnd-marine-broth.mzML	2722	0	658.48252360026	1	51611.4	0.0
249	input_spectra/bkgrnd-marine-broth.mzML	2723	0	658.48252360026	1	51650.76	0.0
249	input_spectra/bkgrnd-marine-broth.mzML	2724	0	658.48252360026	1	51662.28	0.0
240	input_spectra/bkgrnd-marine-broth.mzML	2725	0	614.45615641276	1	51906.119999999995	0.0
240	input_spectra/bkgrnd-marine-broth.mzML	2726	0	614.45615641276	1	51917.64	0.0
240	input_spectra/bkgrnd-marine-broth.mzML	2727	0	614.45615641276	1	51957.0	0.0
240	input_spectra/bkgrnd-marine-broth.mzML	2728	0	614.45615641276	1	51968.520000000004	0.0
240	input_spectra/bkgrnd-marine-broth.mzML	2729	0	614.45615641276	1	52007.88	0.0
240	input_spectra/bkgrnd-marine-broth.mzML	2730	0	614.45615641276	1	52019.4	0.0
112	input_spectra/bkgrnd-marine-broth.mzML	2731	0	286.223715888129	1	52203.0	0.0
113	input_spectra/bkgrnd-marine-broth.mzML	2732	0	286.223715888129	1	52214.52	0.0
112	input_spectra/bkgrnd-marine-broth.mzML	2733	0	286.223715888129	1	52253.880000000005	0.0
113	input_spectra/bkgrnd-marine-broth.mzML	2734	0	286.223715888129	1	52265.340000000004	0.0
112	input_spectra/bkgrnd-marine-broth.mzML	2735	0	286.223715888129	1	52304.880000000005	0.0
113	input_spectra/bkgrnd-marine-broth.mzML	2736	0	286.223715888129	1	52316.4	0.0
225	input_spectra/bkgrnd-marine-broth.mzML	2737	0	570.428792317708	1	52327.92	0.0
225	input_spectra/bkgrnd-marine-broth.mzML	2738	0	570.428792317708	1	52339.439999999995	0.0
225	input_spectra/bkgrnd-marine-broth.mzML	2739	0	570.428792317708	1	52378.740000000005	0.0
225	input_spectra/bkgrnd-marine-broth.mzML	2740	0	570.428792317708	1	52390.26	0.0
225	input_spectra/bkgrnd-marine-broth.mzML	2741	0	570.428792317708	1	52429.62	0.0
225	input_spectra/bkgrnd-marine-broth.mzML	2742	0	570.428792317708	1	52441.14	0.0
131	input_spectra/bkgrnd-marine-broth.mzML	2743	0	328.273207122204	1	52480.5	0.0
134	input_spectra/bkgrnd-marine-broth.mzML	2744	0	328.273207122204	1	52492.02	0.0
131	input_spectra/bkgrnd-marine-broth.mzML	2745	0	328.273207122204	1	52531.380000000005	0.0
134	input_spectra/bkgrnd-marine-broth.mzML	2746	0	328.273207122204	1	52542.840000000004	0.0
131	input_spectra/bkgrnd-marine-broth.mzML	2747	0	328.273207122204	1	52582.26	0.0
134	input_spectra/bkgrnd-marine-broth.mzML	2748	0	328.273207122204	1	52593.72	0.0
210	input_spectra/bkgrnd-marine-broth.mzML	2749	0	526.40185546875	1	52789.38	0.0
210	input_spectra/bkgrnd-marine-broth.mzML	2750	0	526.40185546875	1	52800.9	0.0
210	input_spectra/bkgrnd-marine-broth.mzML	2751	0	526.40185546875	1	52840.26	0.0
210	input_spectra/bkgrnd-marine-broth.mzML	2752	0	526.40185546875	1	52851.780000000006	0.0
210	input_spectra/bkgrnd-marine-broth.mzML	2753	0	526.40185546875	1	52891.14	0.0
210	input_spectra/bkgrnd-marine-broth.mzML	2754	0	526.40185546875	1	52902.66	0.0
111	input_spectra/bkgrnd-marine-broth.mzML	2755	0	286.223715888129	1	53343.36	0.0
113	input_spectra/bkgrnd-marine-broth.mzML	2756	0	286.223715888129	1	53354.880000000005	0.0
113	input_spectra/bkgrnd-marine-broth.mzML	2757	0	286.223715888129	1	53394.24	0.0
113	input_spectra/bkgrnd-marine-broth.mzML	2758	0	286.223715888129	1	53405.700000000004	0.0
112	input_spectra/bkgrnd-marine-broth.mzML	2759	0	286.223715888129	1	53468.1	0.0
113	input_spectra/bkgrnd-marine-broth.mzML	2760	0	286.223715888129	1	53479.56	0.0
131	input_spectra/bkgrnd-marine-broth.mzML	2761	0	328.273207122204	1	53650.14	0.0
134	input_spectra/bkgrnd-marine-broth.mzML	2762	0	328.273207122204	1	53661.659999999996	0.0
131	input_spectra/bkgrnd-marine-broth.mzML	2763	0	328.273207122204	1	53701.020000000004	0.0
134	input_spectra/bkgrnd-marine-broth.mzML	2764	0	328.273207122204	1	53712.479999999996	0.0
131	input_spectra/bkgrnd-marine-broth.mzML	2765	0	328.273207122204	1	53751.840000000004	0.0
134	input_spectra/bkgrnd-marine-broth.mzML	2766	0	328.273207122204	1	53763.36	0.0
112	input_spectra/bkgrnd-marine-broth.mzML	2767	0	286.223715888129	1	54484.439999999995	0.0
113	input_spectra/bkgrnd-marine-broth.mzML	2768	0	286.223715888129	1	54495.9	0.0
112	input_spectra/bkgrnd-marine-broth.mzML	2769	0	286.223715888129	1	54535.26	0.0
113	input_spectra/bkgrnd-marine-broth.mzML	2770	0	286.223715888129	1	54546.780000000006	0.0
112	input_spectra/bkgrnd-marine-broth.mzML	2771	0	286.223715888129	1	54586.14	0.0
113	input_spectra/bkgrnd-marine-broth.mzML	2772	0	286.223715888129	1	54597.600000000006	0.0
131	input_spectra/bkgrnd-marine-broth.mzML	2773	0	328.273207122204	1	54817.380000000005	0.0
134	input_spectra/bkgrnd-marine-broth.mzML	2774	0	328.273207122204	1	54828.84	0.0
131	input_spectra/bkgrnd-marine-broth.mzML	2775	0	328.273207122204	1	54868.200000000004	0.0
134	input_spectra/bkgrnd-marine-broth.mzML	2776	0	328.273207122204	1	54879.72	0.0
131	input_spectra/bkgrnd-marine-broth.mzML	2777	0	328.273207122204	1	54919.08	0.0
134	input_spectra/bkgrnd-marine-broth.mzML	2778	0	328.273207122204	1	54930.54	0.0
144	input_spectra/bkgrnd-marine-broth.mzML	2779	0	346.281604003906	1	55294.56	0.0
144	input_spectra/bkgrnd-marine-broth.mzML	2780	0	346.281604003906	1	55306.08	0.0
143	input_spectra/bkgrnd-marine-broth.mzML	2781	0	346.281604003906	1	55477.74	0.0
144	input_spectra/bkgrnd-marine-broth.mzML	2782	0	346.281604003906	1	55489.200000000004	0.0
112	input_spectra/bkgrnd-marine-broth.mzML	2783	0	286.223715888129	1	55624.74	0.0
113	input_spectra/bkgrnd-marine-broth.mzML	2784	0	286.223715888129	1	55636.259999999995	0.0
112	input_spectra/bkgrnd-marine-broth.mzML	2785	0	286.223715888129	1	55675.62	0.0
112	input_spectra/bkgrnd-marine-broth.mzML	2786	0	286.223715888129	1	55687.08	0.0
112	input_spectra/bkgrnd-marine-broth.mzML	2787	0	286.223715888129	1	55726.44	0.0
111	input_spectra/bkgrnd-marine-broth.mzML	2788	0	286.223715888129	1	55737.96	0.0
131	input_spectra/bkgrnd-marine-broth.mzML	2789	0	328.273207122204	1	55957.74	0.0
134	input_spectra/bkgrnd-marine-broth.mzML	2790	0	328.273207122204	1	55969.200000000004	0.0
131	input_spectra/bkgrnd-marine-broth.mzML	2791	0	328.273207122204	1	56008.619999999995	0.0
134	input_spectra/bkgrnd-marine-broth.mzML	2792	0	328.273207122204	1	56020.08	0.0
131	input_spectra/bkgrnd-marine-broth.mzML	2793	0	328.273207122204	1	56059.5	0.0
134	input_spectra/bkgrnd-marine-broth.mzML	2794	0	328.273207122204	1	56070.96	0.0
143	input_spectra/bkgrnd-marine-broth.mzML	2795	0	346.281604003906	1	56374.86	0.0
144	input_spectra/bkgrnd-marine-broth.mzML	2796	0	346.281604003906	1	56386.380000000005	0.0
111	input_spectra/bkgrnd-marine-broth.mzML	2797	0	286.223715888129	1	56762.399999999994	0.0
113	input_spectra/bkgrnd-marine-broth.mzML	2798	0	286.223715888129	1	56773.92	0.0
111	input_spectra/bkgrnd-marine-broth.mzML	2799	0	286.223715888129	1	56813.28	0.0
113	input_spectra/bkgrnd-marine-broth.mzML	2800	0	286.223715888129	1	56824.8	0.0
112	input_spectra/bkgrnd-marine-broth.mzML	2801	0	286.223715888129	1	56864.159999999996	0.0
113	input_spectra/bkgrnd-marine-broth.mzML	2802	0	286.223715888129	1	56875.68	0.0
131	input_spectra/bkgrnd-marine-broth.mzML	2803	0	328.273207122204	1	57095.4	0.0
134	input_spectra/bkgrnd-marine-broth.mzML	2804	0	328.273207122204	1	57106.86	0.0
131	input_spectra/bkgrnd-marine-broth.mzML	2805	0	328.273207122204	1	57146.22	0.0
134	input_spectra/bkgrnd-marine-broth.mzML	2806	0	328.273207122204	1	57157.68	0.0
131	input_spectra/bkgrnd-marine-broth.mzML	2807	0	328.273207122204	1	57197.1	0.0
134	input_spectra/bkgrnd-marine-broth.mzML	2808	0	328.273207122204	1	57208.56	0.0
143	input_spectra/bkgrnd-marine-broth.mzML	2809	0	346.281604003906	1	57897.3	0.0
144	input_spectra/bkgrnd-marine-broth.mzML	2810	0	346.281604003906	1	57908.759999999995	0.0
112	input_spectra/bkgrnd-marine-broth.mzML	2811	0	286.223715888129	1	57948.12	0.0
113	input_spectra/bkgrnd-marine-broth.mzML	2812	0	286.223715888129	1	57959.64	0.0
112	input_spectra/bkgrnd-marine-broth.mzML	2813	0	286.223715888129	1	57999.0	0.0
113	input_spectra/bkgrnd-marine-broth.mzML	2814	0	286.223715888129	1	58010.46	0.0
111	input_spectra/bkgrnd-marine-broth.mzML	2815	0	286.223715888129	1	58049.82	0.0
113	input_spectra/bkgrnd-marine-broth.mzML	2816	0	286.223715888129	1	58061.34	0.0
143	input_spectra/bkgrnd-marine-broth.mzML	2817	0	346.281604003906	1	58148.759999999995	0.0
143	input_spectra/bkgrnd-marine-broth.mzML	2818	0	346.281604003906	1	58160.28	0.0
131	input_spectra/bkgrnd-marine-broth.mzML	2819	0	328.273207122204	1	58235.700000000004	0.0
134	input_spectra/bkgrnd-marine-broth.mzML	2820	0	328.273207122204	1	58247.22	0.0
131	input_spectra/bkgrnd-marine-broth.mzML	2821	0	328.273207122204	1	58286.520000000004	0.0
134	input_spectra/bkgrnd-marine-broth.mzML	2822	0	328.273207122204	1	58298.04	0.0
131	input_spectra/bkgrnd-marine-broth.mzML	2823	0	328.273207122204	1	58337.399999999994	0.0
134	input_spectra/bkgrnd-marine-broth.mzML	2824	0	328.273207122204	1	58348.86	0.0
143	input_spectra/bkgrnd-marine-broth.mzML	2825	0	346.281604003906	1	58360.38	0.0
144	input_spectra/bkgrnd-marine-broth.mzML	2826	0	346.281604003906	1	58371.9	0.0
112	input_spectra/bkgrnd-marine-broth.mzML	2827	0	286.223715888129	1	59108.7	0.0
113	input_spectra/bkgrnd-marine-broth.mzML	2828	0	286.223715888129	1	59120.16	0.0
112	input_spectra/bkgrnd-marine-broth.mzML	2829	0	286.223715888129	1	59159.52	0.0
111	input_spectra/bkgrnd-marine-broth.mzML	2830	0	286.223715888129	1	59171.04	0.0
112	input_spectra/bkgrnd-marine-broth.mzML	2831	0	286.223715888129	1	59210.4	0.0
113	input_spectra/bkgrnd-marine-broth.mzML	2832	0	286.223715888129	1	59221.920000000006	0.0
131	input_spectra/bkgrnd-marine-broth.mzML	2833	0	328.273207122204	1	59381.520000000004	0.0
134	input_spectra/bkgrnd-marine-broth.mzML	2834	0	328.273207122204	1	59393.04	0.0
143	input_spectra/bkgrnd-marine-broth.mzML	2835	0	346.281604003906	1	59404.5	0.0
144	input_spectra/bkgrnd-marine-broth.mzML	2836	0	346.281604003906	1	59416.020000000004	0.0
131	input_spectra/bkgrnd-marine-broth.mzML	2837	0	328.273207122204	1	59455.38	0.0
134	input_spectra/bkgrnd-marine-broth.mzML	2838	0	328.273207122204	1	59466.840000000004	0.0
131	input_spectra/bkgrnd-marine-broth.mzML	2839	0	328.273207122204	1	59506.259999999995	0.0
134	input_spectra/bkgrnd-marine-broth.mzML	2840	0	328.273207122204	1	59517.72	0.0
143	input_spectra/bkgrnd-marine-broth.mzML	2841	0	346.281604003906	1	59581.2	0.0
144	input_spectra/bkgrnd-marine-broth.mzML	2842	0	346.281604003906	1	59592.66	0.0
143	input_spectra/bkgrnd-marine-broth.mzML	2843	0	346.281604003906	1	59740.26	0.0
144	input_spectra/bkgrnd-marine-broth.mzML	2844	0	346.281604003906	1	59751.72	0.0
112	input_spectra/bkgrnd-marine-broth.mzML	2845	0	286.223715888129	1	1004.13	0.0
113	input_spectra/bkgrnd-marine-broth.mzML	2846	0	286.223715888129	1	1004.32	0.0
112	input_spectra/bkgrnd-marine-broth.mzML	2847	0	286.223715888129	1	1004.98	0.0
113	input_spectra/bkgrnd-marine-broth.mzML	2848	0	286.223715888129	1	1005.17	0.0
112	input_spectra/bkgrnd-marine-broth.mzML	2849	0	286.223715888129	1	1005.83	0.0
113	input_spectra/bkgrnd-marine-broth.mzML	2850	0	286.223715888129	1	1006.02	0.0
131	input_spectra/bkgrnd-marine-broth.mzML	2851	0	328.273207122204	1	1009.08	0.0
134	input_spectra/bkgrnd-marine-broth.mzML	2852	0	328.273207122204	1	1009.27	0.0
131	input_spectra/bkgrnd-marine-broth.mzML	2853	0	328.273207122204	1	1009.93	0.0
134	input_spectra/bkgrnd-marine-broth.mzML	2854	0	328.273207122204	1	1010.12	0.0
131	input_spectra/bkgrnd-marine-broth.mzML	2855	0	328.273207122204	1	1010.78	0.0
134	input_spectra/bkgrnd-marine-broth.mzML	2856	0	328.273207122204	1	1010.97	0.0
143	input_spectra/bkgrnd-marine-broth.mzML	2857	0	346.281604003906	1	1014.03	0.0
144	input_spectra/bkgrnd-marine-broth.mzML	2858	0	346.281604003906	1	1014.22	0.0
143	input_spectra/bkgrnd-marine-broth.mzML	2859	0	346.281604003906	1	1014.88	0.0
143	input_spectra/bkgrnd-marine-broth.mzML	2860	0	346.281604003906	1	1015.07	0.0
143	input_spectra/bkgrnd-marine-broth.mzML	2861	0	346.281604003906	1	1020.53	0.0
144	input_spectra/bkgrnd-marine-broth.mzML	2862	0	346.281604003906	1	1020.73	0.0
112	input_spectra/bkgrnd-marine-broth.mzML	2863	0	286.223715888129	1	1023.19	0.0
113	input_spectra/bkgrnd-marine-broth.mzML	2864	0	286.223715888129	1	1023.38	0.0
113	input_spectra/bkgrnd-marine-broth.mzML	2865	0	286.223715888129	1	1024.03	0.0
113	input_spectra/bkgrnd-marine-broth.mzML	2866	0	286.223715888129	1	1024.23	0.0
112	input_spectra/bkgrnd-marine-broth.mzML	2867	0	286.223715888129	1	1024.88	0.0
113	input_spectra/bkgrnd-marine-broth.mzML	2868	0	286.223715888129	1	1025.07	0.0
131	input_spectra/bkgrnd-marine-broth.mzML	2869	0	328.273207122204	1	1028.13	0.0
134	input_spectra/bkgrnd-marine-broth.mzML	2870	0	328.273207122204	1	1028.33	0.0
122	input_spectra/bkgrnd-marine-broth.mzML	2871	0	304.233856201172	1	1028.52	0.0
122	input_spectra/bkgrnd-marine-broth.mzML	2872	0	304.233856201172	1	1028.71	0.0
131	input_spectra/bkgrnd-marine-broth.mzML	2873	0	328.273207122204	1	1029.36	0.0
134	input_spectra/bkgrnd-marine-broth.mzML	2874	0	328.273207122204	1	1029.56	0.0
131	input_spectra/bkgrnd-marine-broth.mzML	2875	0	328.273207122204	1	1030.21	0.0
134	input_spectra/bkgrnd-marine-broth.mzML	2876	0	328.273207122204	1	1030.4	0.0
122	input_spectra/bkgrnd-marine-broth.mzML	2877	0	304.233856201172	1	1031.06	0.0
122	input_spectra/bkgrnd-marine-broth.mzML	2878	0	304.233856201172	1	1031.25	0.0
122	input_spectra/bkgrnd-marine-broth.mzML	2879	0	304.233856201172	1	1041.33	0.0
122	input_spectra/bkgrnd-marine-broth.mzML	2880	0	304.233856201172	1	1041.52	0.0
111	input_spectra/bkgrnd-marine-broth.mzML	2881	0	286.223715888129	1	1042.57	0.0
111	input_spectra/bkgrnd-marine-broth.mzML	2882	0	286.223715888129	1	1042.77	0.0
111	input_spectra/bkgrnd-marine-broth.mzML	2883	0	286.223715888129	1	1043.42	0.0
113	input_spectra/bkgrnd-marine-broth.mzML	2884	0	286.223715888129	1	1043.61	0.0
113	input_spectra/bkgrnd-marine-broth.mzML	2885	0	286.223715888129	1	1044.27	0.0
113	input_spectra/bkgrnd-marine-broth.mzML	2886	0	286.223715888129	1	1044.46	0.0
143	input_spectra/bkgrnd-marine-broth.mzML	2887	0	346.281604003906	1	1046.72	0.0
144	input_spectra/bkgrnd-marine-broth.mzML	2888	0	346.281604003906	1	1046.91	0.0
131	input_spectra/bkgrnd-marine-broth.mzML	2889	0	328.273207122204	1	1047.57	0.0
134	input_spectra/bkgrnd-marine-broth.mzML	2890	0	328.273207122204	1	1047.76	0.0
131	input_spectra/bkgrnd-marine-broth.mzML	2891	0	328.273207122204	1	1048.42	0.0
134	input_spectra/bkgrnd-marine-broth.mzML	2892	0	328.273207122204	1	1048.61	0.0
131	input_spectra/bkgrnd-marine-broth.mzML	2893	0	328.273207122204	1	1049.26	0.0
134	input_spectra/bkgrnd-marine-broth.mzML	2894	0	328.273207122204	1	1049.46	0.0
143	input_spectra/bkgrnd-marine-broth.mzML	2895	0	346.281604003906	1	1055.72	0.0
144	input_spectra/bkgrnd-marine-broth.mzML	2896	0	346.281604003906	1	1055.91	0.0
112	input_spectra/bkgrnd-marine-broth.mzML	2897	0	286.223715888129	1	1061.58	0.0
113	input_spectra/bkgrnd-marine-broth.mzML	2898	0	286.223715888129	1	1061.77	0.0
111	input_spectra/bkgrnd-marine-broth.mzML	2899	0	286.223715888129	1	1062.43	0.0
113	input_spectra/bkgrnd-marine-broth.mzML	2900	0	286.223715888129	1	1062.62	0.0
112	input_spectra/bkgrnd-marine-broth.mzML	2901	0	286.223715888129	1	1063.28	0.0
113	input_spectra/bkgrnd-marine-broth.mzML	2902	0	286.223715888129	1	1063.47	0.0
131	input_spectra/bkgrnd-marine-broth.mzML	2903	0	328.273207122204	1	1066.53	0.0
134	input_spectra/bkgrnd-marine-broth.mzML	2904	0	328.273207122204	1	1066.72	0.0
131	input_spectra/bkgrnd-marine-broth.mzML	2905	0	328.273207122204	1	1067.37	0.0
134	input_spectra/bkgrnd-marine-broth.mzML	2906	0	328.273207122204	1	1067.57	0.0
131	input_spectra/bkgrnd-marine-broth.mzML	2907	0	328.273207122204	1	1068.22	0.0
134	input_spectra/bkgrnd-marine-broth.mzML	2908	0	328.273207122204	1	1068.41	0.0
143	input_spectra/bkgrnd-marine-broth.mzML	2909	0	346.281604003906	1	1069.67	0.0
144	input_spectra/bkgrnd-marine-broth.mzML	2910	0	346.281604003906	1	1069.86	0.0
122	input_spectra/bkgrnd-marine-broth.mzML	2911	0	304.233856201172	1	1074.33	0.0
122	input_spectra/bkgrnd-marine-broth.mzML	2912	0	304.233856201172	1	1074.52	0.0
122	input_spectra/bkgrnd-marine-broth.mzML	2913	0	304.233856201172	1	1076.98	0.0
122	input_spectra/bkgrnd-marine-broth.mzML	2914	0	304.233856201172	1	1077.17	0.0
122	input_spectra/bkgrnd-marine-broth.mzML	2915	0	304.233856201172	1	1078.23	0.0
122	input_spectra/bkgrnd-marine-broth.mzML	2916	0	304.233856201172	1	1078.42	0.0
112	input_spectra/bkgrnd-marine-broth.mzML	2917	0	286.223715888129	1	1080.68	0.0
113	input_spectra/bkgrnd-marine-broth.mzML	2918	0	286.223715888129	1	1080.87	0.0
112	input_spectra/bkgrnd-marine-broth.mzML	2919	0	286.223715888129	1	1081.52	0.0
113	input_spectra/bkgrnd-marine-broth.mzML	2920	0	286.223715888129	1	1081.71	0.0
112	input_spectra/bkgrnd-marine-broth.mzML	2921	0	286.223715888129	1	1082.37	0.0
113	input_spectra/bkgrnd-marine-broth.mzML	2922	0	286.223715888129	1	1082.56	0.0
131	input_spectra/bkgrnd-marine-broth.mzML	2923	0	328.273207122204	1	1085.67	0.0
134	input_spectra/bkgrnd-marine-broth.mzML	2924	0	328.273207122204	1	1085.86	0.0
131	input_spectra/bkgrnd-marine-broth.mzML	2925	0	328.273207122204	1	1086.52	0.0
134	input_spectra/bkgrnd-marine-broth.mzML	2926	0	328.273207122204	1	1086.71	0.0
131	input_spectra/bkgrnd-marine-broth.mzML	2927	0	328.273207122204	1	1087.36	0.0
134	input_spectra/bkgrnd-marine-broth.mzML	2928	0	328.273207122204	1	1087.56	0.0
59	input_spectra/bkgrnd-marine-broth.mzML	2929	0	185.112635294596	1	1094.92	0.0
59	input_spectra/bkgrnd-marine-broth.mzML	2930	0	185.112635294596	1	1095.11	0.0
59	input_spectra/bkgrnd-marine-broth.mzML	2931	0	185.112635294596	1	1096.37	0.0
59	input_spectra/bkgrnd-marine-broth.mzML	2932	0	185.112635294596	1	1096.56	0.0
59	input_spectra/bkgrnd-marine-broth.mzML	2933	0	185.112635294596	1	1097.42	0.0
59	input_spectra/bkgrnd-marine-broth.mzML	2934	0	185.112635294596	1	1097.61	0.0
122	input_spectra/bkgrnd-marine-broth.mzML	2935	0	304.233856201172	1	1099.47	0.0
122	input_spectra/bkgrnd-marine-broth.mzML	2936	0	304.233856201172	1	1099.66	0.0
112	input_spectra/bkgrnd-marine-broth.mzML	2937	0	286.223715888129	1	1100.31	0.0
113	input_spectra/bkgrnd-marine-broth.mzML	2938	0	286.223715888129	1	1100.5	0.0
112	input_spectra/bkgrnd-marine-broth.mzML	2939	0	286.223715888129	1	1101.16	0.0
113	input_spectra/bkgrnd-marine-broth.mzML	2940	0	286.223715888129	1	1101.35	0.0
122	input_spectra/bkgrnd-marine-broth.mzML	2941	0	304.233856201172	1	1101.54	0.0
122	input_spectra/bkgrnd-marine-broth.mzML	2942	0	304.233856201172	1	1101.73	0.0
112	input_spectra/bkgrnd-marine-broth.mzML	2943	0	286.223715888129	1	1102.39	0.0
113	input_spectra/bkgrnd-marine-broth.mzML	2944	0	286.223715888129	1	1102.58	0.0
122	input_spectra/bkgrnd-marine-broth.mzML	2945	0	304.233856201172	1	1103.24	0.0
122	input_spectra/bkgrnd-marine-broth.mzML	2946	0	304.233856201172	1	1103.43	0.0
130	input_spectra/bkgrnd-marine-broth.mzML	2947	0	328.273207122204	1	1105.09	0.0
135	input_spectra/bkgrnd-marine-broth.mzML	2948	0	328.273207122204	1	1105.28	0.0
131	input_spectra/bkgrnd-marine-broth.mzML	2949	0	328.273207122204	1	1105.94	0.0
135	input_spectra/bkgrnd-marine-broth.mzML	2950	0	328.273207122204	1	1106.13	0.0
131	input_spectra/bkgrnd-marine-broth.mzML	2951	0	328.273207122204	1	1106.78	0.0
135	input_spectra/bkgrnd-marine-broth.mzML	2952	0	328.273207122204	1	1106.97	0.0
131	input_spectra/bkgrnd-marine-broth.mzML	2953	0	328.273207122204	1	1124.06	0.0
135	input_spectra/bkgrnd-marine-broth.mzML	2954	0	328.273207122204	1	1124.26	0.0
132	input_spectra/bkgrnd-marine-broth.mzML	2955	0	328.273207122204	1	1124.91	0.0
135	input_spectra/bkgrnd-marine-broth.mzML	2956	0	328.273207122204	1	1125.1	0.0
132	input_spectra/bkgrnd-marine-broth.mzML	2957	0	328.273207122204	1	1125.76	0.0
133	input_spectra/bkgrnd-marine-broth.mzML	2958	0	328.273207122204	1	1125.95	0.0
197	input_spectra/bkgrnd-marine-broth.mzML	2959	0	495.476874457465	1	1135.83	0.0
198	input_spectra/bkgrnd-marine-broth.mzML	2960	0	495.476874457465	1	1136.02	0.0
197	input_spectra/bkgrnd-marine-broth.mzML	2961	0	495.476874457465	1	1141.28	0.0
198	input_spectra/bkgrnd-marine-broth.mzML	2962	0	495.476874457465	1	1141.47	0.0
129	input_spectra/bkgrnd-marine-broth.mzML	2963	0	328.273207122204	1	1143.13	0.0
133	input_spectra/bkgrnd-marine-broth.mzML	2964	0	328.273207122204	1	1143.32	0.0
129	input_spectra/bkgrnd-marine-broth.mzML	2965	0	328.273207122204	1	1143.98	0.0
135	input_spectra/bkgrnd-marine-broth.mzML	2966	0	328.273207122204	1	1144.17	0.0
133	input_spectra/bkgrnd-marine-broth.mzML	2967	0	328.273207122204	1	1144.83	0.0
130	input_spectra/bkgrnd-marine-broth.mzML	2968	0	328.273207122204	1	1145.02	0.0
197	input_spectra/bkgrnd-marine-broth.mzML	2969	0	495.476874457465	1	1145.68	0.0
198	input_spectra/bkgrnd-marine-broth.mzML	2970	0	495.476874457465	1	1145.87	0.0
59	input_spectra/bkgrnd-marine-broth.mzML	2971	0	185.112635294596	1	1162.16	0.0
59	input_spectra/bkgrnd-marine-broth.mzML	2972	0	185.112635294596	1	1162.35	0.0
135	input_spectra/bkgrnd-marine-broth.mzML	2973	0	328.273207122204	1	1163.0	0.0
130	input_spectra/bkgrnd-marine-broth.mzML	2974	0	328.273207122204	1	1163.2	0.0
197	input_spectra/bkgrnd-marine-broth.mzML	2975	0	495.476874457465	1	1163.39	0.0
198	input_spectra/bkgrnd-marine-broth.mzML	2976	0	495.476874457465	1	1163.58	0.0
132	input_spectra/bkgrnd-marine-broth.mzML	2977	0	328.273207122204	1	1164.24	0.0
135	input_spectra/bkgrnd-marine-broth.mzML	2978	0	328.273207122204	1	1164.43	0.0
197	input_spectra/bkgrnd-marine-broth.mzML	2979	0	495.476874457465	1	1164.62	0.0
198	input_spectra/bkgrnd-marine-broth.mzML	2980	0	495.476874457465	1	1164.81	0.0
132	input_spectra/bkgrnd-marine-broth.mzML	2981	0	328.273207122204	1	1165.47	0.0
135	input_spectra/bkgrnd-marine-broth.mzML	2982	0	328.273207122204	1	1165.66	0.0
197	input_spectra/bkgrnd-marine-broth.mzML	2983	0	495.476874457465	1	1165.85	0.0
198	input_spectra/bkgrnd-marine-broth.mzML	2984	0	495.476874457465	1	1166.04	0.0
59	input_spectra/bkgrnd-marine-broth.mzML	2985	0	185.112635294596	1	1167.1	0.0
59	input_spectra/bkgrnd-marine-broth.mzML	2986	0	185.112635294596	1	1167.29	0.0
59	input_spectra/bkgrnd-marine-broth.mzML	2987	0	185.112635294596	1	1170.15	0.0
59	input_spectra/bkgrnd-marine-broth.mzML	2988	0	185.112635294596	1	1170.34	0.0
131	input_spectra/bkgrnd-marine-broth.mzML	2989	0	328.273207122204	1	1182.51	0.0
135	input_spectra/bkgrnd-marine-broth.mzML	2990	0	328.273207122204	1	1182.71	0.0
197	input_spectra/bkgrnd-marine-broth.mzML	2991	0	495.476874457465	1	1182.9	0.0
198	input_spectra/bkgrnd-marine-broth.mzML	2992	0	495.476874457465	1	1183.09	0.0
131	input_spectra/bkgrnd-marine-broth.mzML	2993	0	328.273207122204	1	1183.75	0.0
134	input_spectra/bkgrnd-marine-broth.mzML	2994	0	328.273207122204	1	1183.94	0.0
197	input_spectra/bkgrnd-marine-broth.mzML	2995	0	495.476874457465	1	1184.13	0.0
198	input_spectra/bkgrnd-marine-broth.mzML	2996	0	495.476874457465	1	1184.32	0.0
132	input_spectra/bkgrnd-marine-broth.mzML	2997	0	328.273207122204	1	1184.98	0.0
135	input_spectra/bkgrnd-marine-broth.mzML	2998	0	328.273207122204	1	1185.17	0.0
197	input_spectra/bkgrnd-marine-broth.mzML	2999	0	495.476874457465	1	1185.36	0.0
198	input_spectra/bkgrnd-marine-broth.mzML	3000	0	495.476874457465	1	1185.55	0.0
59	input_spectra/bkgrnd-marine-broth.mzML	3001	0	185.112635294596	1	1188.06	0.0
59	input_spectra/bkgrnd-marine-broth.mzML	3002	0	185.112635294596	1	1188.25	0.0
59	input_spectra/bkgrnd-marine-broth.mzML	3003	0	185.112635294596	1	1188.91	0.0
59	input_spectra/bkgrnd-marine-broth.mzML	3004	0	185.112635294596	1	1189.1	0.0
59	input_spectra/bkgrnd-marine-broth.mzML	3005	0	185.112635294596	1	1189.75	0.0
59	input_spectra/bkgrnd-marine-broth.mzML	3006	0	185.112635294596	1	1189.95	0.0
