#ClusterIdx	#Filename	#SpecIdx	#Scan	#ParentMass	#Charge	#RetTime	#PrecIntensity
24	input_spectra/6-C2M19.mzML	0	0	130.965667724609	1	5959.26	0.0
24	input_spectra/6-C2M19.mzML	1	0	130.965667724609	1	5970.72	0.0
3	input_spectra/6-C2M19.mzML	2	0	110.00837580363	1	6322.740000000001	0.0
4	input_spectra/6-C2M19.mzML	3	0	110.00837580363	1	6334.2	0.0
3	input_spectra/6-C2M19.mzML	4	0	110.00837580363	1	6373.5599999999995	0.0
3	input_spectra/6-C2M19.mzML	5	0	110.00837580363	1	6385.02	0.0
47	input_spectra/6-C2M19.mzML	6	0	151.034650166829	1	6396.4800000000005	0.0
47	input_spectra/6-C2M19.mzML	7	0	151.034650166829	1	6407.9400000000005	0.0
14	input_spectra/6-C2M19.mzML	8	0	125.985710144043	1	6419.46	0.0
14	input_spectra/6-C2M19.mzML	9	0	125.985710144043	1	6430.92	0.0
3	input_spectra/6-C2M19.mzML	10	0	110.00837580363	1	6470.28	0.0
3	input_spectra/6-C2M19.mzML	11	0	110.00837580363	1	6481.74	0.0
14	input_spectra/6-C2M19.mzML	12	0	125.985710144043	1	6493.2	0.0
14	input_spectra/6-C2M19.mzML	13	0	125.985710144043	1	6504.72	0.0
47	input_spectra/6-C2M19.mzML	14	0	151.034650166829	1	6516.179999999999	0.0
47	input_spectra/6-C2M19.mzML	15	0	151.034650166829	1	6527.639999999999	0.0
90	input_spectra/6-C2M19.mzML	16	0	223.98823928833	1	6539.16	0.0
90	input_spectra/6-C2M19.mzML	17	0	223.98823928833	1	6550.620000000001	0.0
68	input_spectra/6-C2M19.mzML	18	0	182.961864471436	1	6562.14	0.0
69	input_spectra/6-C2M19.mzML	19	0	182.961864471436	1	6573.6	0.0
14	input_spectra/6-C2M19.mzML	20	0	125.985710144043	1	6612.96	0.0
14	input_spectra/6-C2M19.mzML	21	0	125.985710144043	1	6624.4800000000005	0.0
47	input_spectra/6-C2M19.mzML	22	0	151.034650166829	1	6635.9400000000005	0.0
47	input_spectra/6-C2M19.mzML	23	0	151.034650166829	1	6647.400000000001	0.0
90	input_spectra/6-C2M19.mzML	24	0	223.98823928833	1	6658.92	0.0
90	input_spectra/6-C2M19.mzML	25	0	223.98823928833	1	6670.38	0.0
79	input_spectra/6-C2M19.mzML	26	0	198.939453125	1	6681.84	0.0
79	input_spectra/6-C2M19.mzML	27	0	198.939453125	1	6693.36	0.0
68	input_spectra/6-C2M19.mzML	28	0	182.961864471436	1	6704.88	0.0
69	input_spectra/6-C2M19.mzML	29	0	182.961864471436	1	6716.339999999999	0.0
90	input_spectra/6-C2M19.mzML	30	0	223.98823928833	1	6755.7	0.0
90	input_spectra/6-C2M19.mzML	31	0	223.98823928833	1	6767.22	0.0
79	input_spectra/6-C2M19.mzML	32	0	198.939453125	1	6778.679999999999	0.0
79	input_spectra/6-C2M19.mzML	33	0	198.939453125	1	6790.139999999999	0.0
68	input_spectra/6-C2M19.mzML	34	0	182.961864471436	1	6801.66	0.0
69	input_spectra/6-C2M19.mzML	35	0	182.961864471436	1	6813.120000000001	0.0
42	input_spectra/6-C2M19.mzML	36	0	146.164624532064	1	6824.58	0.0
42	input_spectra/6-C2M19.mzML	37	0	146.164624532064	1	6836.1	0.0
103	input_spectra/6-C2M19.mzML	38	0	239.965744018555	1	6847.56	0.0
103	input_spectra/6-C2M19.mzML	39	0	239.965744018555	1	6859.0199999999995	0.0
79	input_spectra/6-C2M19.mzML	40	0	198.939453125	1	6898.4400000000005	0.0
79	input_spectra/6-C2M19.mzML	41	0	198.939453125	1	6909.900000000001	0.0
42	input_spectra/6-C2M19.mzML	42	0	146.164624532064	1	6921.42	0.0
42	input_spectra/6-C2M19.mzML	43	0	146.164624532064	1	6932.88	0.0
103	input_spectra/6-C2M19.mzML	44	0	239.965744018555	1	6944.34	0.0
103	input_spectra/6-C2M19.mzML	45	0	239.965744018555	1	6955.86	0.0
117	input_spectra/6-C2M19.mzML	46	0	265.014587402344	1	6967.32	0.0
117	input_spectra/6-C2M19.mzML	47	0	265.014587402344	1	6978.839999999999	0.0
86	input_spectra/6-C2M19.mzML	48	0	214.916880289714	1	6990.299999999999	0.0
86	input_spectra/6-C2M19.mzML	49	0	214.916880289714	1	7001.82	0.0
42	input_spectra/6-C2M19.mzML	50	0	146.164624532064	1	7041.179999999999	0.0
42	input_spectra/6-C2M19.mzML	51	0	146.164624532064	1	7052.639999999999	0.0
103	input_spectra/6-C2M19.mzML	52	0	239.965744018555	1	7064.16	0.0
103	input_spectra/6-C2M19.mzML	53	0	239.965744018555	1	7075.620000000001	0.0
117	input_spectra/6-C2M19.mzML	54	0	265.014587402344	1	7087.14	0.0
117	input_spectra/6-C2M19.mzML	55	0	265.014587402344	1	7098.6	0.0
86	input_spectra/6-C2M19.mzML	56	0	214.916880289714	1	7110.12	0.0
86	input_spectra/6-C2M19.mzML	57	0	214.916880289714	1	7121.58	0.0
81	input_spectra/6-C2M19.mzML	58	0	203.222147623698	1	7133.04	0.0
81	input_spectra/6-C2M19.mzML	59	0	203.222147623698	1	7144.5599999999995	0.0
117	input_spectra/6-C2M19.mzML	60	0	265.014587402344	1	7183.92	0.0
117	input_spectra/6-C2M19.mzML	61	0	265.014587402344	1	7195.4400000000005	0.0
86	input_spectra/6-C2M19.mzML	62	0	214.916880289714	1	7206.9	0.0
86	input_spectra/6-C2M19.mzML	63	0	214.916880289714	1	7218.36	0.0
81	input_spectra/6-C2M19.mzML	64	0	203.222147623698	1	7229.88	0.0
81	input_spectra/6-C2M19.mzML	65	0	203.222147623698	1	7241.339999999999	0.0
18	input_spectra/6-C2M19.mzML	66	0	129.138005574544	1	7252.799999999999	0.0
19	input_spectra/6-C2M19.mzML	67	0	129.138005574544	1	7264.26	0.0
81	input_spectra/6-C2M19.mzML	68	0	203.222147623698	1	7303.679999999999	0.0
81	input_spectra/6-C2M19.mzML	69	0	203.222147623698	1	7315.139999999999	0.0
18	input_spectra/6-C2M19.mzML	70	0	129.138005574544	1	7326.66	0.0
19	input_spectra/6-C2M19.mzML	71	0	129.138005574544	1	7338.120000000001	0.0
18	input_spectra/6-C2M19.mzML	72	0	129.138005574544	1	7377.48	0.0
19	input_spectra/6-C2M19.mzML	73	0	129.138005574544	1	7388.9400000000005	0.0
3	input_spectra/6-C2M19.mzML	74	0	110.00837580363	1	7464.42	0.0
3	input_spectra/6-C2M19.mzML	75	0	110.00837580363	1	7475.88	0.0
3	input_spectra/6-C2M19.mzML	76	0	110.00837580363	1	7515.240000000001	0.0
3	input_spectra/6-C2M19.mzML	77	0	110.00837580363	1	7526.7	0.0
3	input_spectra/6-C2M19.mzML	78	0	110.00837580363	1	7566.12	0.0
3	input_spectra/6-C2M19.mzML	79	0	110.00837580363	1	7577.58	0.0
14	input_spectra/6-C2M19.mzML	80	0	125.985710144043	1	7617.24	0.0
14	input_spectra/6-C2M19.mzML	81	0	125.985710144043	1	7628.7	0.0
47	input_spectra/6-C2M19.mzML	82	0	151.034650166829	1	7640.16	0.0
47	input_spectra/6-C2M19.mzML	83	0	151.034650166829	1	7651.68	0.0
47	input_spectra/6-C2M19.mzML	84	0	151.034650166829	1	7690.98	0.0
47	input_spectra/6-C2M19.mzML	85	0	151.034650166829	1	7702.5	0.0
14	input_spectra/6-C2M19.mzML	86	0	125.985710144043	1	7713.96	0.0
14	input_spectra/6-C2M19.mzML	87	0	125.985710144043	1	7725.42	0.0
90	input_spectra/6-C2M19.mzML	88	0	223.98823928833	1	7764.780000000001	0.0
90	input_spectra/6-C2M19.mzML	89	0	223.98823928833	1	7776.240000000001	0.0
68	input_spectra/6-C2M19.mzML	90	0	182.961864471436	1	7787.699999999999	0.0
69	input_spectra/6-C2M19.mzML	91	0	182.961864471436	1	7799.219999999999	0.0
14	input_spectra/6-C2M19.mzML	92	0	125.985710144043	1	7810.68	0.0
14	input_spectra/6-C2M19.mzML	93	0	125.985710144043	1	7822.14	0.0
47	input_spectra/6-C2M19.mzML	94	0	151.034650166829	1	7833.6	0.0
47	input_spectra/6-C2M19.mzML	95	0	151.034650166829	1	7845.120000000001	0.0
42	input_spectra/6-C2M19.mzML	96	0	146.164624532064	1	8004.72	0.0
42	input_spectra/6-C2M19.mzML	97	0	146.164624532064	1	8016.240000000001	0.0
42	input_spectra/6-C2M19.mzML	98	0	146.164624532064	1	8055.539999999999	0.0
42	input_spectra/6-C2M19.mzML	99	0	146.164624532064	1	8067.0599999999995	0.0
42	input_spectra/6-C2M19.mzML	100	0	146.164624532064	1	8106.42	0.0
42	input_spectra/6-C2M19.mzML	101	0	146.164624532064	1	8117.88	0.0
7	input_spectra/6-C2M19.mzML	102	0	118.0858253479	1	8566.08	0.0
7	input_spectra/6-C2M19.mzML	103	0	118.0858253479	1	8577.54	0.0
7	input_spectra/6-C2M19.mzML	104	0	118.0858253479	1	8616.900000000001	0.0
7	input_spectra/6-C2M19.mzML	105	0	118.0858253479	1	8628.42	0.0
7	input_spectra/6-C2M19.mzML	106	0	118.0858253479	1	8667.779999999999	0.0
7	input_spectra/6-C2M19.mzML	107	0	118.0858253479	1	8679.24	0.0
126	input_spectra/6-C2M19.mzML	108	0	286.138763427734	1	8947.08	0.0
126	input_spectra/6-C2M19.mzML	109	0	286.138763427734	1	8958.539999999999	0.0
126	input_spectra/6-C2M19.mzML	110	0	286.138763427734	1	9020.939999999999	0.0
126	input_spectra/6-C2M19.mzML	111	0	286.138763427734	1	9032.46	0.0
126	input_spectra/6-C2M19.mzML	112	0	286.138763427734	1	9094.800000000001	0.0
126	input_spectra/6-C2M19.mzML	113	0	286.138763427734	1	9106.259999999998	0.0
80	input_spectra/6-C2M19.mzML	114	0	202.179539998372	1	9203.64	0.0
41	input_spectra/6-C2M19.mzML	115	0	146.091766357422	1	9226.619999999999	0.0
41	input_spectra/6-C2M19.mzML	116	0	146.091766357422	1	9277.5	0.0
41	input_spectra/6-C2M19.mzML	117	0	146.091766357422	1	9288.960000000001	0.0
80	input_spectra/6-C2M19.mzML	118	0	202.179539998372	1	9300.480000000001	0.0
41	input_spectra/6-C2M19.mzML	119	0	146.091766357422	1	9351.3	0.0
41	input_spectra/6-C2M19.mzML	120	0	146.091766357422	1	9362.82	0.0
80	input_spectra/6-C2M19.mzML	121	0	202.179539998372	1	9374.28	0.0
98	input_spectra/6-C2M19.mzML	122	0	235.118110656738	1	9397.26	0.0
98	input_spectra/6-C2M19.mzML	123	0	235.118110656738	1	9408.720000000001	0.0
98	input_spectra/6-C2M19.mzML	124	0	235.118110656738	1	9448.14	0.0
98	input_spectra/6-C2M19.mzML	125	0	235.118110656738	1	9459.6	0.0
16	input_spectra/6-C2M19.mzML	126	0	129.065368652344	1	9471.12	0.0
17	input_spectra/6-C2M19.mzML	127	0	129.065368652344	1	9482.58	0.0
16	input_spectra/6-C2M19.mzML	128	0	129.065368652344	1	9521.880000000001	0.0
17	input_spectra/6-C2M19.mzML	129	0	129.065368652344	1	9533.4	0.0
51	input_spectra/6-C2M19.mzML	130	0	158.091926574707	1	9544.859999999999	0.0
51	input_spectra/6-C2M19.mzML	131	0	158.091926574707	1	9556.32	0.0
51	input_spectra/6-C2M19.mzML	132	0	158.091926574707	1	9595.68	0.0
51	input_spectra/6-C2M19.mzML	133	0	158.091926574707	1	9607.14	0.0
45	input_spectra/6-C2M19.mzML	134	0	150.057763671875	1	9618.6	0.0
45	input_spectra/6-C2M19.mzML	135	0	150.057763671875	1	9630.12	0.0
51	input_spectra/6-C2M19.mzML	136	0	158.091926574707	1	9669.48	0.0
51	input_spectra/6-C2M19.mzML	137	0	158.091926574707	1	9680.939999999999	0.0
45	input_spectra/6-C2M19.mzML	138	0	150.057763671875	1	9692.4	0.0
45	input_spectra/6-C2M19.mzML	139	0	150.057763671875	1	9703.92	0.0
7	input_spectra/6-C2M19.mzML	140	0	118.0858253479	1	9743.28	0.0
7	input_spectra/6-C2M19.mzML	141	0	118.0858253479	1	9754.74	0.0
45	input_spectra/6-C2M19.mzML	142	0	150.057763671875	1	9766.259999999998	0.0
45	input_spectra/6-C2M19.mzML	143	0	150.057763671875	1	9777.72	0.0
7	input_spectra/6-C2M19.mzML	144	0	118.0858253479	1	9817.019999999999	0.0
7	input_spectra/6-C2M19.mzML	145	0	118.0858253479	1	9828.48	0.0
7	input_spectra/6-C2M19.mzML	146	0	118.0858253479	1	9867.9	0.0
7	input_spectra/6-C2M19.mzML	147	0	118.0858253479	1	9879.36	0.0
51	input_spectra/6-C2M19.mzML	148	0	158.091926574707	1	10712.34	0.0
51	input_spectra/6-C2M19.mzML	149	0	158.091926574707	1	10723.8	0.0
51	input_spectra/6-C2M19.mzML	150	0	158.091926574707	1	10763.16	0.0
51	input_spectra/6-C2M19.mzML	151	0	158.091926574707	1	10774.619999999999	0.0
45	input_spectra/6-C2M19.mzML	152	0	150.057763671875	1	10786.14	0.0
45	input_spectra/6-C2M19.mzML	153	0	150.057763671875	1	10797.6	0.0
51	input_spectra/6-C2M19.mzML	154	0	158.091926574707	1	10836.900000000001	0.0
51	input_spectra/6-C2M19.mzML	155	0	158.091926574707	1	10848.36	0.0
45	input_spectra/6-C2M19.mzML	156	0	150.057763671875	1	10859.88	0.0
45	input_spectra/6-C2M19.mzML	157	0	150.057763671875	1	10871.34	0.0
7	input_spectra/6-C2M19.mzML	158	0	118.0858253479	1	10910.7	0.0
7	input_spectra/6-C2M19.mzML	159	0	118.0858253479	1	10922.16	0.0
7	input_spectra/6-C2M19.mzML	160	0	118.0858253479	1	10961.52	0.0
7	input_spectra/6-C2M19.mzML	161	0	118.0858253479	1	10972.980000000001	0.0
7	input_spectra/6-C2M19.mzML	162	0	118.0858253479	1	11012.4	0.0
7	input_spectra/6-C2M19.mzML	163	0	118.0858253479	1	11023.86	0.0
91	input_spectra/6-C2M19.mzML	164	0	226.154139200846	1	11472.06	0.0
91	input_spectra/6-C2M19.mzML	165	0	226.154139200846	1	11483.52	0.0
91	input_spectra/6-C2M19.mzML	166	0	226.154139200846	1	11522.880000000001	0.0
91	input_spectra/6-C2M19.mzML	167	0	226.154139200846	1	11534.34	0.0
120	input_spectra/6-C2M19.mzML	168	0	270.144058227539	1	11573.759999999998	0.0
120	input_spectra/6-C2M19.mzML	169	0	270.144058227539	1	11585.22	0.0
130	input_spectra/6-C2M19.mzML	170	0	288.117767333984	1	11619.720000000001	0.0
130	input_spectra/6-C2M19.mzML	171	0	288.117767333984	1	11631.18	0.0
28	input_spectra/6-C2M19.mzML	172	0	132.101659138997	1	11665.68	0.0
29	input_spectra/6-C2M19.mzML	173	0	132.101659138997	1	11677.14	0.0
28	input_spectra/6-C2M19.mzML	174	0	132.101659138997	1	11716.5	0.0
29	input_spectra/6-C2M19.mzML	175	0	132.101659138997	1	11728.02	0.0
118	input_spectra/6-C2M19.mzML	176	0	268.103332519531	1	11739.48	0.0
118	input_spectra/6-C2M19.mzML	177	0	268.103332519531	1	11751.0	0.0
228	input_spectra/6-C2M19.mzML	178	0	528.227844238281	1	11785.5	0.0
228	input_spectra/6-C2M19.mzML	179	0	528.227844238281	1	11797.019999999999	0.0
120	input_spectra/6-C2M19.mzML	180	0	270.144058227539	1	11808.48	0.0
120	input_spectra/6-C2M19.mzML	181	0	270.144058227539	1	11820.0	0.0
28	input_spectra/6-C2M19.mzML	182	0	132.101659138997	1	11859.36	0.0
49	input_spectra/6-C2M19.mzML	183	0	155.081046210395	1	11882.34	0.0
49	input_spectra/6-C2M19.mzML	184	0	155.081046210395	1	11893.8	0.0
228	input_spectra/6-C2M19.mzML	185	0	528.227844238281	1	11905.32	0.0
228	input_spectra/6-C2M19.mzML	186	0	528.227844238281	1	11916.84	0.0
108	input_spectra/6-C2M19.mzML	187	0	254.160186767578	1	11928.36	0.0
109	input_spectra/6-C2M19.mzML	188	0	254.160186767578	1	11939.88	0.0
71	input_spectra/6-C2M19.mzML	189	0	185.091361999512	1	11951.34	0.0
71	input_spectra/6-C2M19.mzML	190	0	185.091361999512	1	11962.8	0.0
49	input_spectra/6-C2M19.mzML	191	0	155.081046210395	1	12002.220000000001	0.0
49	input_spectra/6-C2M19.mzML	192	0	155.081046210395	1	12013.68	0.0
12	input_spectra/6-C2M19.mzML	193	0	121.064473470052	1	12025.140000000001	0.0
12	input_spectra/6-C2M19.mzML	194	0	121.064473470052	1	12036.6	0.0
66	input_spectra/6-C2M19.mzML	195	0	182.080724080404	1	12048.119999999999	0.0
67	input_spectra/6-C2M19.mzML	196	0	182.080724080404	1	12059.58	0.0
108	input_spectra/6-C2M19.mzML	197	0	254.160186767578	1	12071.1	0.0
109	input_spectra/6-C2M19.mzML	198	0	254.160186767578	1	12082.56	0.0
36	input_spectra/6-C2M19.mzML	199	0	138.090891520182	1	12094.02	0.0
37	input_spectra/6-C2M19.mzML	200	0	138.090891520182	1	12105.539999999999	0.0
49	input_spectra/6-C2M19.mzML	201	0	155.081046210395	1	12144.96	0.0
49	input_spectra/6-C2M19.mzML	202	0	155.081046210395	1	12156.42	0.0
12	input_spectra/6-C2M19.mzML	203	0	121.064473470052	1	12167.880000000001	0.0
12	input_spectra/6-C2M19.mzML	204	0	121.064473470052	1	12179.34	0.0
66	input_spectra/6-C2M19.mzML	205	0	182.080724080404	1	12190.86	0.0
67	input_spectra/6-C2M19.mzML	206	0	182.080724080404	1	12202.320000000002	0.0
36	input_spectra/6-C2M19.mzML	207	0	138.090891520182	1	12213.779999999999	0.0
37	input_spectra/6-C2M19.mzML	208	0	138.090891520182	1	12225.3	0.0
33	input_spectra/6-C2M19.mzML	209	0	136.075322469076	1	12236.76	0.0
33	input_spectra/6-C2M19.mzML	210	0	136.075322469076	1	12248.22	0.0
66	input_spectra/6-C2M19.mzML	211	0	182.080724080404	1	12287.58	0.0
67	input_spectra/6-C2M19.mzML	212	0	182.080724080404	1	12299.1	0.0
33	input_spectra/6-C2M19.mzML	213	0	136.075322469076	1	12310.56	0.0
33	input_spectra/6-C2M19.mzML	214	0	136.075322469076	1	12322.019999999999	0.0
55	input_spectra/6-C2M19.mzML	215	0	165.054168701172	1	12333.539999999999	0.0
56	input_spectra/6-C2M19.mzML	216	0	165.054168701172	1	12345.0	0.0
12	input_spectra/6-C2M19.mzML	217	0	121.064473470052	1	12356.460000000001	0.0
12	input_spectra/6-C2M19.mzML	218	0	121.064473470052	1	12367.92	0.0
36	input_spectra/6-C2M19.mzML	219	0	138.090891520182	1	12379.44	0.0
37	input_spectra/6-C2M19.mzML	220	0	138.090891520182	1	12390.9	0.0
33	input_spectra/6-C2M19.mzML	221	0	136.075322469076	1	12430.26	0.0
33	input_spectra/6-C2M19.mzML	222	0	136.075322469076	1	12441.78	0.0
55	input_spectra/6-C2M19.mzML	223	0	165.054168701172	1	12453.24	0.0
56	input_spectra/6-C2M19.mzML	224	0	165.054168701172	1	12464.7	0.0
13	input_spectra/6-C2M19.mzML	225	0	123.043637593587	1	12476.16	0.0
13	input_spectra/6-C2M19.mzML	226	0	123.043637593587	1	12487.679999999998	0.0
99	input_spectra/6-C2M19.mzML	227	0	237.086181640625	1	12499.14	0.0
100	input_spectra/6-C2M19.mzML	228	0	237.086181640625	1	12510.66	0.0
55	input_spectra/6-C2M19.mzML	229	0	165.054168701172	1	12572.94	0.0
56	input_spectra/6-C2M19.mzML	230	0	165.054168701172	1	12584.460000000001	0.0
99	input_spectra/6-C2M19.mzML	231	0	237.086181640625	1	12595.92	0.0
100	input_spectra/6-C2M19.mzML	232	0	237.086181640625	1	12607.44	0.0
13	input_spectra/6-C2M19.mzML	233	0	123.043637593587	1	12618.9	0.0
13	input_spectra/6-C2M19.mzML	234	0	123.043637593587	1	12630.36	0.0
106	input_spectra/6-C2M19.mzML	235	0	245.148732503255	1	12641.880000000001	0.0
99	input_spectra/6-C2M19.mzML	236	0	237.086181640625	1	12715.68	0.0
100	input_spectra/6-C2M19.mzML	237	0	237.086181640625	1	12727.2	0.0
106	input_spectra/6-C2M19.mzML	238	0	245.148732503255	1	12738.66	0.0
106	input_spectra/6-C2M19.mzML	239	0	245.148732503255	1	12750.179999999998	0.0
13	input_spectra/6-C2M19.mzML	240	0	123.043637593587	1	12761.64	0.0
13	input_spectra/6-C2M19.mzML	241	0	123.043637593587	1	12773.099999999999	0.0
106	input_spectra/6-C2M19.mzML	242	0	245.148732503255	1	12812.46	0.0
27	input_spectra/6-C2M19.mzML	243	0	131.92918748122	1	13007.58	0.0
27	input_spectra/6-C2M19.mzML	244	0	131.92918748122	1	13019.1	0.0
49	input_spectra/6-C2M19.mzML	245	0	155.081046210395	1	13106.52	0.0
49	input_spectra/6-C2M19.mzML	246	0	155.081046210395	1	13117.980000000001	0.0
49	input_spectra/6-C2M19.mzML	247	0	155.081046210395	1	13157.4	0.0
49	input_spectra/6-C2M19.mzML	248	0	155.081046210395	1	13168.86	0.0
49	input_spectra/6-C2M19.mzML	249	0	155.081046210395	1	13208.22	0.0
49	input_spectra/6-C2M19.mzML	250	0	155.081046210395	1	13219.74	0.0
66	input_spectra/6-C2M19.mzML	251	0	182.080724080404	1	13259.1	0.0
67	input_spectra/6-C2M19.mzML	252	0	182.080724080404	1	13270.56	0.0
27	input_spectra/6-C2M19.mzML	253	0	131.92918748122	1	13282.08	0.0
27	input_spectra/6-C2M19.mzML	254	0	131.92918748122	1	13293.66	0.0
53	input_spectra/6-C2M19.mzML	255	0	160.075220743815	1	13333.02	0.0
54	input_spectra/6-C2M19.mzML	256	0	160.075220743815	1	13344.48	0.0
66	input_spectra/6-C2M19.mzML	257	0	182.080724080404	1	13355.939999999999	0.0
67	input_spectra/6-C2M19.mzML	258	0	182.080724080404	1	13367.46	0.0
89	input_spectra/6-C2M19.mzML	259	0	221.091430664063	1	13378.92	0.0
89	input_spectra/6-C2M19.mzML	260	0	221.091430664063	1	13390.380000000001	0.0
53	input_spectra/6-C2M19.mzML	261	0	160.075220743815	1	13429.800000000001	0.0
54	input_spectra/6-C2M19.mzML	262	0	160.075220743815	1	13441.259999999998	0.0
89	input_spectra/6-C2M19.mzML	263	0	221.091430664063	1	13452.779999999999	0.0
89	input_spectra/6-C2M19.mzML	264	0	221.091430664063	1	13464.24	0.0
66	input_spectra/6-C2M19.mzML	265	0	182.080724080404	1	13475.7	0.0
67	input_spectra/6-C2M19.mzML	266	0	182.080724080404	1	13487.220000000001	0.0
53	input_spectra/6-C2M19.mzML	267	0	160.075220743815	1	13526.58	0.0
54	input_spectra/6-C2M19.mzML	268	0	160.075220743815	1	13538.039999999999	0.0
131	input_spectra/6-C2M19.mzML	269	0	290.133728027344	1	13549.56	0.0
131	input_spectra/6-C2M19.mzML	270	0	290.133728027344	1	13561.02	0.0
89	input_spectra/6-C2M19.mzML	271	0	221.091430664063	1	13572.54	0.0
89	input_spectra/6-C2M19.mzML	272	0	221.091430664063	1	13584.0	0.0
27	input_spectra/6-C2M19.mzML	273	0	131.92918748122	1	13595.52	0.0
27	input_spectra/6-C2M19.mzML	274	0	131.92918748122	1	13606.98	0.0
131	input_spectra/6-C2M19.mzML	275	0	290.133728027344	1	13646.34	0.0
131	input_spectra/6-C2M19.mzML	276	0	290.133728027344	1	13657.86	0.0
131	input_spectra/6-C2M19.mzML	277	0	290.133728027344	1	13697.220000000001	0.0
131	input_spectra/6-C2M19.mzML	278	0	290.133728027344	1	13708.740000000002	0.0
15	input_spectra/6-C2M19.mzML	279	0	127.04970296224	1	13731.66	0.0
101	input_spectra/6-C2M19.mzML	280	0	237.086181640625	1	13743.18	0.0
15	input_spectra/6-C2M19.mzML	281	0	127.04970296224	1	13805.52	0.0
49	input_spectra/6-C2M19.mzML	282	0	155.081046210395	1	14268.48	0.0
49	input_spectra/6-C2M19.mzML	283	0	155.081046210395	1	14280.0	0.0
49	input_spectra/6-C2M19.mzML	284	0	155.081046210395	1	14319.3	0.0
49	input_spectra/6-C2M19.mzML	285	0	155.081046210395	1	14330.82	0.0
49	input_spectra/6-C2M19.mzML	286	0	155.081046210395	1	14370.179999999998	0.0
49	input_spectra/6-C2M19.mzML	287	0	155.081046210395	1	14381.699999999999	0.0
27	input_spectra/6-C2M19.mzML	288	0	131.92918748122	1	14565.599999999999	0.0
27	input_spectra/6-C2M19.mzML	289	0	131.92918748122	1	14577.119999999999	0.0
27	input_spectra/6-C2M19.mzML	290	0	131.92918748122	1	14616.48	0.0
27	input_spectra/6-C2M19.mzML	291	0	131.92918748122	1	14627.94	0.0
27	input_spectra/6-C2M19.mzML	292	0	131.92918748122	1	14667.300000000001	0.0
27	input_spectra/6-C2M19.mzML	293	0	131.92918748122	1	14678.759999999998	0.0
84	input_spectra/6-C2M19.mzML	294	0	211.106892903646	1	14718.119999999999	0.0
84	input_spectra/6-C2M19.mzML	295	0	211.106892903646	1	14729.64	0.0
84	input_spectra/6-C2M19.mzML	296	0	211.106892903646	1	14769.0	0.0
84	input_spectra/6-C2M19.mzML	297	0	211.106892903646	1	14780.460000000001	0.0
84	input_spectra/6-C2M19.mzML	298	0	211.106892903646	1	14819.88	0.0
84	input_spectra/6-C2M19.mzML	299	0	211.106892903646	1	14831.34	0.0
50	input_spectra/6-C2M19.mzML	300	0	157.096613566081	1	15091.560000000001	0.0
50	input_spectra/6-C2M19.mzML	301	0	157.096613566081	1	15103.02	0.0
50	input_spectra/6-C2M19.mzML	302	0	157.096613566081	1	15142.38	0.0
50	input_spectra/6-C2M19.mzML	303	0	157.096613566081	1	15153.84	0.0
50	input_spectra/6-C2M19.mzML	304	0	157.096613566081	1	15193.2	0.0
50	input_spectra/6-C2M19.mzML	305	0	157.096613566081	1	15204.720000000001	0.0
63	input_spectra/6-C2M19.mzML	306	0	169.09651184082	1	15304.199999999999	0.0
63	input_spectra/6-C2M19.mzML	307	0	169.09651184082	1	15315.66	0.0
63	input_spectra/6-C2M19.mzML	308	0	169.09651184082	1	15367.08	0.0
63	input_spectra/6-C2M19.mzML	309	0	169.09651184082	1	15378.54	0.0
63	input_spectra/6-C2M19.mzML	310	0	169.09651184082	1	15417.899999999998	0.0
63	input_spectra/6-C2M19.mzML	311	0	169.09651184082	1	15429.36	0.0
5	input_spectra/6-C2M19.mzML	312	0	113.963236808777	1	15480.779999999999	0.0
5	input_spectra/6-C2M19.mzML	313	0	113.963236808777	1	15492.24	0.0
5	input_spectra/6-C2M19.mzML	314	0	113.963236808777	1	15675.9	0.0
5	input_spectra/6-C2M19.mzML	315	0	113.963236808777	1	15687.42	0.0
27	input_spectra/6-C2M19.mzML	316	0	131.92918748122	1	15834.96	0.0
27	input_spectra/6-C2M19.mzML	317	0	131.92918748122	1	15846.420000000002	0.0
27	input_spectra/6-C2M19.mzML	318	0	131.92918748122	1	15982.02	0.0
27	input_spectra/6-C2M19.mzML	319	0	131.92918748122	1	15993.779999999999	0.0
27	input_spectra/6-C2M19.mzML	320	0	131.92918748122	1	16057.2	0.0
27	input_spectra/6-C2M19.mzML	321	0	131.92918748122	1	16068.659999999998	0.0
5	input_spectra/6-C2M19.mzML	322	0	113.963236808777	1	16132.08	0.0
5	input_spectra/6-C2M19.mzML	323	0	113.963236808777	1	16143.54	0.0
58	input_spectra/6-C2M19.mzML	324	0	166.086758083767	1	16218.96	0.0
58	input_spectra/6-C2M19.mzML	325	0	166.086758083767	1	16269.78	0.0
59	input_spectra/6-C2M19.mzML	326	0	166.086758083767	1	16281.300000000001	0.0
8	input_spectra/6-C2M19.mzML	327	0	120.080495834351	1	16292.76	0.0
9	input_spectra/6-C2M19.mzML	328	0	120.080495834351	1	16304.220000000001	0.0
58	input_spectra/6-C2M19.mzML	329	0	166.086758083767	1	16343.64	0.0
59	input_spectra/6-C2M19.mzML	330	0	166.086758083767	1	16355.099999999999	0.0
8	input_spectra/6-C2M19.mzML	331	0	120.080495834351	1	16366.560000000001	0.0
9	input_spectra/6-C2M19.mzML	332	0	120.080495834351	1	16378.019999999999	0.0
8	input_spectra/6-C2M19.mzML	333	0	120.080495834351	1	16417.440000000002	0.0
9	input_spectra/6-C2M19.mzML	334	0	120.080495834351	1	16428.9	0.0
92	input_spectra/6-C2M19.mzML	335	0	227.101638793945	1	16440.420000000002	0.0
92	input_spectra/6-C2M19.mzML	336	0	227.101638793945	1	16451.879999999997	0.0
170	input_spectra/6-C2M19.mzML	337	0	392.180206298828	1	16463.399999999998	0.0
170	input_spectra/6-C2M19.mzML	338	0	392.180206298828	1	16474.92	0.0
25	input_spectra/6-C2M19.mzML	339	0	131.048639933268	1	16486.38	0.0
26	input_spectra/6-C2M19.mzML	340	0	131.048639933268	1	16497.84	0.0
10	input_spectra/6-C2M19.mzML	341	0	120.08457438151	1	16537.26	0.0
11	input_spectra/6-C2M19.mzML	342	0	120.08457438151	1	16548.72	0.0
170	input_spectra/6-C2M19.mzML	343	0	392.180206298828	1	16560.24	0.0
170	input_spectra/6-C2M19.mzML	344	0	392.180206298828	1	16571.760000000002	0.0
92	input_spectra/6-C2M19.mzML	345	0	227.101638793945	1	16583.22	0.0
92	input_spectra/6-C2M19.mzML	346	0	227.101638793945	1	16594.74	0.0
25	input_spectra/6-C2M19.mzML	347	0	131.048639933268	1	16606.199999999997	0.0
26	input_spectra/6-C2M19.mzML	348	0	131.048639933268	1	16617.66	0.0
43	input_spectra/6-C2M19.mzML	349	0	149.059315999349	1	16629.18	0.0
44	input_spectra/6-C2M19.mzML	350	0	149.059315999349	1	16640.64	0.0
170	input_spectra/6-C2M19.mzML	351	0	392.180206298828	1	16680.059999999998	0.0
170	input_spectra/6-C2M19.mzML	352	0	392.180206298828	1	16691.52	0.0
25	input_spectra/6-C2M19.mzML	353	0	131.048639933268	1	16703.04	0.0
26	input_spectra/6-C2M19.mzML	354	0	131.048639933268	1	16714.5	0.0
92	input_spectra/6-C2M19.mzML	355	0	227.101638793945	1	16725.960000000003	0.0
92	input_spectra/6-C2M19.mzML	356	0	227.101638793945	1	16737.480000000003	0.0
43	input_spectra/6-C2M19.mzML	357	0	149.059315999349	1	16748.94	0.0
44	input_spectra/6-C2M19.mzML	358	0	149.059315999349	1	16760.46	0.0
1	input_spectra/6-C2M19.mzML	359	0	103.053937276204	1	16771.92	0.0
2	input_spectra/6-C2M19.mzML	360	0	103.053937276204	1	16783.38	0.0
43	input_spectra/6-C2M19.mzML	361	0	149.059315999349	1	16822.74	0.0
44	input_spectra/6-C2M19.mzML	362	0	149.059315999349	1	16834.260000000002	0.0
1	input_spectra/6-C2M19.mzML	363	0	103.053937276204	1	16845.72	0.0
2	input_spectra/6-C2M19.mzML	364	0	103.053937276204	1	16857.18	0.0
205	input_spectra/6-C2M19.mzML	365	0	483.049682617188	1	16868.699999999997	0.0
205	input_spectra/6-C2M19.mzML	366	0	483.049682617188	1	16880.22	0.0
1	input_spectra/6-C2M19.mzML	367	0	103.053937276204	1	16919.640000000003	0.0
2	input_spectra/6-C2M19.mzML	368	0	103.053937276204	1	16931.1	0.0
205	input_spectra/6-C2M19.mzML	369	0	483.049682617188	1	16942.62	0.0
205	input_spectra/6-C2M19.mzML	370	0	483.049682617188	1	16954.14	0.0
205	input_spectra/6-C2M19.mzML	371	0	483.049682617188	1	17028.54	0.0
205	input_spectra/6-C2M19.mzML	372	0	483.049682617188	1	17040.059999999998	0.0
10	input_spectra/6-C2M19.mzML	373	0	120.08457438151	1	17079.36	0.0
11	input_spectra/6-C2M19.mzML	374	0	120.08457438151	1	17090.88	0.0
38	input_spectra/6-C2M19.mzML	375	0	141.957991656135	1	17125.38	0.0
38	input_spectra/6-C2M19.mzML	376	0	141.957991656135	1	17136.84	0.0
10	input_spectra/6-C2M19.mzML	377	0	120.08457438151	1	17176.199999999997	0.0
11	input_spectra/6-C2M19.mzML	378	0	120.08457438151	1	17187.66	0.0
58	input_spectra/6-C2M19.mzML	379	0	166.086758083767	1	17227.02	0.0
59	input_spectra/6-C2M19.mzML	380	0	166.086758083767	1	17238.54	0.0
58	input_spectra/6-C2M19.mzML	381	0	166.086758083767	1	17277.899999999998	0.0
59	input_spectra/6-C2M19.mzML	382	0	166.086758083767	1	17289.36	0.0
58	input_spectra/6-C2M19.mzML	383	0	166.086758083767	1	17328.72	0.0
59	input_spectra/6-C2M19.mzML	384	0	166.086758083767	1	17340.24	0.0
58	input_spectra/6-C2M19.mzML	385	0	166.086758083767	1	17379.600000000002	0.0
59	input_spectra/6-C2M19.mzML	386	0	166.086758083767	1	17391.06	0.0
58	input_spectra/6-C2M19.mzML	387	0	166.086758083767	1	17430.48	0.0
59	input_spectra/6-C2M19.mzML	388	0	166.086758083767	1	17441.940000000002	0.0
58	input_spectra/6-C2M19.mzML	389	0	166.086758083767	1	17481.36	0.0
59	input_spectra/6-C2M19.mzML	390	0	166.086758083767	1	17492.82	0.0
8	input_spectra/6-C2M19.mzML	391	0	120.080495834351	1	17504.28	0.0
9	input_spectra/6-C2M19.mzML	392	0	120.080495834351	1	17515.739999999998	0.0
8	input_spectra/6-C2M19.mzML	393	0	120.080495834351	1	17555.1	0.0
9	input_spectra/6-C2M19.mzML	394	0	120.080495834351	1	17566.56	0.0
8	input_spectra/6-C2M19.mzML	395	0	120.080495834351	1	17605.920000000002	0.0
9	input_spectra/6-C2M19.mzML	396	0	120.080495834351	1	17617.38	0.0
5	input_spectra/6-C2M19.mzML	397	0	113.963236808777	1	17656.739999999998	0.0
5	input_spectra/6-C2M19.mzML	398	0	113.963236808777	1	17668.2	0.0
38	input_spectra/6-C2M19.mzML	399	0	141.957991656135	1	17719.62	0.0
38	input_spectra/6-C2M19.mzML	400	0	141.957991656135	1	17731.079999999998	0.0
38	input_spectra/6-C2M19.mzML	401	0	141.957991656135	1	17770.44	0.0
38	input_spectra/6-C2M19.mzML	402	0	141.957991656135	1	17781.96	0.0
27	input_spectra/6-C2M19.mzML	403	0	131.92918748122	1	17941.56	0.0
27	input_spectra/6-C2M19.mzML	404	0	131.92918748122	1	17953.02	0.0
27	input_spectra/6-C2M19.mzML	405	0	131.92918748122	1	18064.56	0.0
27	input_spectra/6-C2M19.mzML	406	0	131.92918748122	1	18076.02	0.0
5	input_spectra/6-C2M19.mzML	407	0	113.963236808777	1	18139.379999999997	0.0
5	input_spectra/6-C2M19.mzML	408	0	113.963236808777	1	18150.899999999998	0.0
5	input_spectra/6-C2M19.mzML	409	0	113.963236808777	1	18238.38	0.0
5	input_spectra/6-C2M19.mzML	410	0	113.963236808777	1	18249.84	0.0
27	input_spectra/6-C2M19.mzML	411	0	131.92918748122	1	18517.68	0.0
27	input_spectra/6-C2M19.mzML	412	0	131.92918748122	1	18529.14	0.0
58	input_spectra/6-C2M19.mzML	413	0	166.086758083767	1	18568.5	0.0
59	input_spectra/6-C2M19.mzML	414	0	166.086758083767	1	18579.96	0.0
58	input_spectra/6-C2M19.mzML	415	0	166.086758083767	1	18619.379999999997	0.0
59	input_spectra/6-C2M19.mzML	416	0	166.086758083767	1	18630.84	0.0
58	input_spectra/6-C2M19.mzML	417	0	166.086758083767	1	18670.2	0.0
59	input_spectra/6-C2M19.mzML	418	0	166.086758083767	1	18681.72	0.0
8	input_spectra/6-C2M19.mzML	419	0	120.080495834351	1	18693.18	0.0
9	input_spectra/6-C2M19.mzML	420	0	120.080495834351	1	18704.640000000003	0.0
8	input_spectra/6-C2M19.mzML	421	0	120.080495834351	1	18743.94	0.0
9	input_spectra/6-C2M19.mzML	422	0	120.080495834351	1	18755.399999999998	0.0
8	input_spectra/6-C2M19.mzML	423	0	120.080495834351	1	18794.82	0.0
9	input_spectra/6-C2M19.mzML	424	0	120.080495834351	1	18806.28	0.0
38	input_spectra/6-C2M19.mzML	425	0	141.957991656135	1	18845.64	0.0
38	input_spectra/6-C2M19.mzML	426	0	141.957991656135	1	18857.100000000002	0.0
38	input_spectra/6-C2M19.mzML	427	0	141.957991656135	1	18932.58	0.0
38	input_spectra/6-C2M19.mzML	428	0	141.957991656135	1	18944.039999999997	0.0
38	input_spectra/6-C2M19.mzML	429	0	141.957991656135	1	18983.399999999998	0.0
38	input_spectra/6-C2M19.mzML	430	0	141.957991656135	1	18994.86	0.0
5	input_spectra/6-C2M19.mzML	431	0	113.963236808777	1	19421.82	0.0
5	input_spectra/6-C2M19.mzML	432	0	113.963236808777	1	19433.28	0.0
24	input_spectra/6-C2M19.mzML	433	0	130.965667724609	1	19713.120000000003	0.0
58	input_spectra/6-C2M19.mzML	434	0	166.086758083767	1	19764.0	0.0
59	input_spectra/6-C2M19.mzML	435	0	166.086758083767	1	19775.46	0.0
58	input_spectra/6-C2M19.mzML	436	0	166.086758083767	1	19814.82	0.0
59	input_spectra/6-C2M19.mzML	437	0	166.086758083767	1	19826.28	0.0
58	input_spectra/6-C2M19.mzML	438	0	166.086758083767	1	19865.7	0.0
59	input_spectra/6-C2M19.mzML	439	0	166.086758083767	1	19877.16	0.0
8	input_spectra/6-C2M19.mzML	440	0	120.080495834351	1	19888.62	0.0
9	input_spectra/6-C2M19.mzML	441	0	120.080495834351	1	19900.08	0.0
8	input_spectra/6-C2M19.mzML	442	0	120.080495834351	1	19939.440000000002	0.0
9	input_spectra/6-C2M19.mzML	443	0	120.080495834351	1	19950.899999999998	0.0
8	input_spectra/6-C2M19.mzML	444	0	120.080495834351	1	19990.32	0.0
9	input_spectra/6-C2M19.mzML	445	0	120.080495834351	1	20001.78	0.0
38	input_spectra/6-C2M19.mzML	446	0	141.957991656135	1	20041.14	0.0
38	input_spectra/6-C2M19.mzML	447	0	141.957991656135	1	20052.6	0.0
38	input_spectra/6-C2M19.mzML	448	0	141.957991656135	1	20091.96	0.0
38	input_spectra/6-C2M19.mzML	449	0	141.957991656135	1	20103.48	0.0
38	input_spectra/6-C2M19.mzML	450	0	141.957991656135	1	20142.84	0.0
38	input_spectra/6-C2M19.mzML	451	0	141.957991656135	1	20154.36	0.0
5	input_spectra/6-C2M19.mzML	452	0	113.963236808777	1	20229.78	0.0
5	input_spectra/6-C2M19.mzML	453	0	113.963236808777	1	20241.300000000003	0.0
27	input_spectra/6-C2M19.mzML	454	0	131.92918748122	1	20292.72	0.0
27	input_spectra/6-C2M19.mzML	455	0	131.92918748122	1	20304.18	0.0
58	input_spectra/6-C2M19.mzML	456	0	166.086758083767	1	20929.02	0.0
59	input_spectra/6-C2M19.mzML	457	0	166.086758083767	1	20940.54	0.0
58	input_spectra/6-C2M19.mzML	458	0	166.086758083767	1	20979.9	0.0
59	input_spectra/6-C2M19.mzML	459	0	166.086758083767	1	20991.36	0.0
58	input_spectra/6-C2M19.mzML	460	0	166.086758083767	1	21030.72	0.0
59	input_spectra/6-C2M19.mzML	461	0	166.086758083767	1	21042.18	0.0
38	input_spectra/6-C2M19.mzML	462	0	141.957991656135	1	21274.14	0.0
38	input_spectra/6-C2M19.mzML	463	0	141.957991656135	1	21285.6	0.0
38	input_spectra/6-C2M19.mzML	464	0	141.957991656135	1	21324.96	0.0
38	input_spectra/6-C2M19.mzML	465	0	141.957991656135	1	21336.420000000002	0.0
38	input_spectra/6-C2M19.mzML	466	0	141.957991656135	1	21398.760000000002	0.0
38	input_spectra/6-C2M19.mzML	467	0	141.957991656135	1	21410.22	0.0
138	input_spectra/6-C2M19.mzML	468	0	307.184977213542	1	21703.920000000002	0.0
138	input_spectra/6-C2M19.mzML	469	0	307.184977213542	1	21715.44	0.0
138	input_spectra/6-C2M19.mzML	470	0	307.184977213542	1	21754.8	0.0
138	input_spectra/6-C2M19.mzML	471	0	307.184977213542	1	21766.32	0.0
110	input_spectra/6-C2M19.mzML	472	0	256.17431640625	1	21805.68	0.0
138	input_spectra/6-C2M19.mzML	473	0	307.184977213542	1	21856.5	0.0
138	input_spectra/6-C2M19.mzML	474	0	307.184977213542	1	21868.02	0.0
110	input_spectra/6-C2M19.mzML	475	0	256.17431640625	1	21943.44	0.0
38	input_spectra/6-C2M19.mzML	476	0	141.957991656135	1	22451.22	0.0
38	input_spectra/6-C2M19.mzML	477	0	141.957991656135	1	22462.74	0.0
38	input_spectra/6-C2M19.mzML	478	0	141.957991656135	1	22502.100000000002	0.0
38	input_spectra/6-C2M19.mzML	479	0	141.957991656135	1	22513.56	0.0
38	input_spectra/6-C2M19.mzML	480	0	141.957991656135	1	22564.980000000003	0.0
38	input_spectra/6-C2M19.mzML	481	0	141.957991656135	1	22576.44	0.0
78	input_spectra/6-C2M19.mzML	482	0	195.112014770508	1	23012.64	0.0
78	input_spectra/6-C2M19.mzML	483	0	195.112014770508	1	23024.16	0.0
78	input_spectra/6-C2M19.mzML	484	0	195.112014770508	1	23063.52	0.0
78	input_spectra/6-C2M19.mzML	485	0	195.112014770508	1	23074.980000000003	0.0
78	input_spectra/6-C2M19.mzML	486	0	195.112014770508	1	23114.4	0.0
78	input_spectra/6-C2M19.mzML	487	0	195.112014770508	1	23125.86	0.0
123	input_spectra/6-C2M19.mzML	488	0	279.133036295573	1	23586.06	0.0
123	input_spectra/6-C2M19.mzML	489	0	279.133036295573	1	23597.58	0.0
123	input_spectra/6-C2M19.mzML	490	0	279.133036295573	1	23636.940000000002	0.0
123	input_spectra/6-C2M19.mzML	491	0	279.133036295573	1	23687.76	0.0
123	input_spectra/6-C2M19.mzML	492	0	279.133036295573	1	23699.28	0.0
38	input_spectra/6-C2M19.mzML	493	0	141.957991656135	1	23710.739999999998	0.0
38	input_spectra/6-C2M19.mzML	494	0	141.957991656135	1	23722.2	0.0
38	input_spectra/6-C2M19.mzML	495	0	141.957991656135	1	23785.620000000003	0.0
38	input_spectra/6-C2M19.mzML	496	0	141.957991656135	1	23797.079999999998	0.0
107	input_spectra/6-C2M19.mzML	497	0	247.127990722656	1	23836.5	0.0
239	input_spectra/6-C2M19.mzML	498	0	569.290303548177	1	23859.54	0.0
240	input_spectra/6-C2M19.mzML	499	0	569.290303548177	1	23871.06	0.0
107	input_spectra/6-C2M19.mzML	500	0	247.127990722656	1	23910.359999999997	0.0
239	input_spectra/6-C2M19.mzML	501	0	569.290303548177	1	23933.399999999998	0.0
240	input_spectra/6-C2M19.mzML	502	0	569.290303548177	1	23944.92	0.0
266	input_spectra/6-C2M19.mzML	503	0	669.3173828125	1	23956.44	0.0
266	input_spectra/6-C2M19.mzML	504	0	669.3173828125	1	23967.96	0.0
107	input_spectra/6-C2M19.mzML	505	0	247.127990722656	1	24007.38	0.0
107	input_spectra/6-C2M19.mzML	506	0	247.127990722656	1	24018.84	0.0
239	input_spectra/6-C2M19.mzML	507	0	569.290303548177	1	24030.359999999997	0.0
240	input_spectra/6-C2M19.mzML	508	0	569.290303548177	1	24041.879999999997	0.0
266	input_spectra/6-C2M19.mzML	509	0	669.3173828125	1	24076.44	0.0
266	input_spectra/6-C2M19.mzML	510	0	669.3173828125	1	24087.96	0.0
127	input_spectra/6-C2M19.mzML	511	0	286.175170898438	1	24150.359999999997	0.0
127	input_spectra/6-C2M19.mzML	512	0	286.175170898438	1	24161.879999999997	0.0
127	input_spectra/6-C2M19.mzML	513	0	286.175170898438	1	24201.239999999998	0.0
127	input_spectra/6-C2M19.mzML	514	0	286.175170898438	1	24212.7	0.0
217	input_spectra/6-C2M19.mzML	515	0	512.269755045573	1	24224.28	0.0
218	input_spectra/6-C2M19.mzML	516	0	512.269755045573	1	24235.739999999998	0.0
127	input_spectra/6-C2M19.mzML	517	0	286.175170898438	1	24275.1	0.0
127	input_spectra/6-C2M19.mzML	518	0	286.175170898438	1	24286.56	0.0
217	input_spectra/6-C2M19.mzML	519	0	512.269755045573	1	24298.08	0.0
218	input_spectra/6-C2M19.mzML	520	0	512.269755045573	1	24309.600000000002	0.0
217	input_spectra/6-C2M19.mzML	521	0	512.269755045573	1	24348.96	0.0
218	input_spectra/6-C2M19.mzML	522	0	512.269755045573	1	24360.48	0.0
250	input_spectra/6-C2M19.mzML	523	0	602.275115966797	1	24447.96	0.0
251	input_spectra/6-C2M19.mzML	524	0	602.275115966797	1	24459.48	0.0
250	input_spectra/6-C2M19.mzML	525	0	602.275115966797	1	24510.84	0.0
251	input_spectra/6-C2M19.mzML	526	0	602.275115966797	1	24522.36	0.0
260	input_spectra/6-C2M19.mzML	527	0	626.311808268229	1	24635.82	0.0
261	input_spectra/6-C2M19.mzML	528	0	626.311808268229	1	24647.34	0.0
260	input_spectra/6-C2M19.mzML	529	0	626.311808268229	1	24686.7	0.0
261	input_spectra/6-C2M19.mzML	530	0	626.311808268229	1	24698.22	0.0
289	input_spectra/6-C2M19.mzML	531	0	1161.549377441406	1	24721.38	0.0
289	input_spectra/6-C2M19.mzML	532	0	1161.549377441406	1	24772.32	0.0
260	input_spectra/6-C2M19.mzML	533	0	626.311808268229	1	24811.68	0.0
261	input_spectra/6-C2M19.mzML	534	0	626.311808268229	1	24823.2	0.0
181	input_spectra/6-C2M19.mzML	535	0	431.248886108398	1	24834.719999999998	0.0
181	input_spectra/6-C2M19.mzML	536	0	431.248886108398	1	24846.18	0.0
65	input_spectra/6-C2M19.mzML	537	0	176.127632141113	1	24857.7	0.0
181	input_spectra/6-C2M19.mzML	538	0	431.248886108398	1	24908.579999999998	0.0
181	input_spectra/6-C2M19.mzML	539	0	431.248886108398	1	24920.04	0.0
65	input_spectra/6-C2M19.mzML	540	0	176.127632141113	1	24931.56	0.0
65	input_spectra/6-C2M19.mzML	541	0	176.127632141113	1	24943.02	0.0
134	input_spectra/6-C2M19.mzML	542	0	300.201049804688	1	25153.68	0.0
134	input_spectra/6-C2M19.mzML	543	0	300.201049804688	1	25250.46	0.0
158	input_spectra/6-C2M19.mzML	544	0	351.211547851563	1	25319.46	0.0
158	input_spectra/6-C2M19.mzML	545	0	351.211547851563	1	25330.920000000002	0.0
287	input_spectra/6-C2M19.mzML	546	0	1150.536010742188	1	25615.38	0.0
288	input_spectra/6-C2M19.mzML	547	0	1150.536010742188	1	25626.9	0.0
287	input_spectra/6-C2M19.mzML	548	0	1150.536010742188	1	25666.32	0.0
288	input_spectra/6-C2M19.mzML	549	0	1150.536010742188	1	25677.84	0.0
287	input_spectra/6-C2M19.mzML	550	0	1150.536010742188	1	25717.26	0.0
288	input_spectra/6-C2M19.mzML	551	0	1150.536010742188	1	25728.78	0.0
155	input_spectra/6-C2M19.mzML	552	0	344.22705078125	1	25791.300000000003	0.0
155	input_spectra/6-C2M19.mzML	553	0	344.22705078125	1	25802.76	0.0
142	input_spectra/6-C2M19.mzML	554	0	327.200317382813	1	25837.26	0.0
216	input_spectra/6-C2M19.mzML	555	0	511.285888671875	1	25860.3	0.0
216	input_spectra/6-C2M19.mzML	556	0	511.285888671875	1	25871.82	0.0
155	input_spectra/6-C2M19.mzML	557	0	344.22705078125	1	25934.16	0.0
155	input_spectra/6-C2M19.mzML	558	0	344.22705078125	1	25945.68	0.0
142	input_spectra/6-C2M19.mzML	559	0	327.200317382813	1	25980.12	0.0
172	input_spectra/6-C2M19.mzML	560	0	395.238098144531	1	26003.16	0.0
172	input_spectra/6-C2M19.mzML	561	0	395.238098144531	1	26014.62	0.0
82	input_spectra/6-C2M19.mzML	562	0	205.096664428711	1	26077.26	0.0
83	input_spectra/6-C2M19.mzML	563	0	205.096664428711	1	26088.72	0.0
74	input_spectra/6-C2M19.mzML	564	0	188.070175170898	1	26100.18	0.0
74	input_spectra/6-C2M19.mzML	565	0	188.070175170898	1	26111.7	0.0
116	input_spectra/6-C2M19.mzML	566	0	263.138275146484	1	26180.64	0.0
169	input_spectra/6-C2M19.mzML	567	0	388.253479003906	1	26220.0	0.0
169	input_spectra/6-C2M19.mzML	568	0	388.253479003906	1	26231.52	0.0
82	input_spectra/6-C2M19.mzML	569	0	205.096664428711	1	26242.98	0.0
83	input_spectra/6-C2M19.mzML	570	0	205.096664428711	1	26254.5	0.0
74	input_spectra/6-C2M19.mzML	571	0	188.070175170898	1	26265.960000000003	0.0
74	input_spectra/6-C2M19.mzML	572	0	188.070175170898	1	26277.42	0.0
171	input_spectra/6-C2M19.mzML	573	0	393.208343505859	1	26300.46	0.0
165	input_spectra/6-C2M19.mzML	574	0	371.226226806641	1	26311.98	0.0
169	input_spectra/6-C2M19.mzML	575	0	388.253479003906	1	26362.859999999997	0.0
169	input_spectra/6-C2M19.mzML	576	0	388.253479003906	1	26374.32	0.0
171	input_spectra/6-C2M19.mzML	577	0	393.208343505859	1	26397.36	0.0
165	input_spectra/6-C2M19.mzML	578	0	371.226226806641	1	26408.82	0.0
183	input_spectra/6-C2M19.mzML	579	0	439.263366699219	1	26431.86	0.0
183	input_spectra/6-C2M19.mzML	580	0	439.263366699219	1	26443.32	0.0
182	input_spectra/6-C2M19.mzML	581	0	432.279312133789	1	26505.899999999998	0.0
182	input_spectra/6-C2M19.mzML	582	0	432.279312133789	1	26517.42	0.0
169	input_spectra/6-C2M19.mzML	583	0	388.253479003906	1	26528.94	0.0
169	input_spectra/6-C2M19.mzML	584	0	388.253479003906	1	26540.399999999998	0.0
182	input_spectra/6-C2M19.mzML	585	0	432.284271240234	1	26649.06	0.0
182	input_spectra/6-C2M19.mzML	586	0	432.284271240234	1	26660.58	0.0
175	input_spectra/6-C2M19.mzML	587	0	415.252655029297	1	26695.08	0.0
175	input_spectra/6-C2M19.mzML	588	0	415.252655029297	1	26706.600000000002	0.0
207	input_spectra/6-C2M19.mzML	589	0	483.28955078125	1	26718.120000000003	0.0
207	input_spectra/6-C2M19.mzML	590	0	483.28955078125	1	26729.640000000003	0.0
40	input_spectra/6-C2M19.mzML	591	0	146.059585571289	1	26752.62	0.0
200	input_spectra/6-C2M19.mzML	592	0	476.307444254557	1	26792.04	0.0
200	input_spectra/6-C2M19.mzML	593	0	476.307444254557	1	26803.56	0.0
182	input_spectra/6-C2M19.mzML	594	0	432.279312133789	1	26815.019999999997	0.0
182	input_spectra/6-C2M19.mzML	595	0	432.279312133789	1	26826.539999999997	0.0
40	input_spectra/6-C2M19.mzML	596	0	146.059585571289	1	26872.559999999998	0.0
200	input_spectra/6-C2M19.mzML	597	0	476.307444254557	1	26934.96	0.0
200	input_spectra/6-C2M19.mzML	598	0	476.307444254557	1	26946.48	0.0
93	input_spectra/6-C2M19.mzML	599	0	227.138799031576	1	26957.94	0.0
93	input_spectra/6-C2M19.mzML	600	0	227.138799031576	1	26969.46	0.0
202	input_spectra/6-C2M19.mzML	601	0	481.260498046875	1	26980.98	0.0
227	input_spectra/6-C2M19.mzML	602	0	527.316040039063	1	27027.0	0.0
227	input_spectra/6-C2M19.mzML	603	0	527.316040039063	1	27038.52	0.0
221	input_spectra/6-C2M19.mzML	604	0	520.333414713542	1	27077.94	0.0
221	input_spectra/6-C2M19.mzML	605	0	520.333414713542	1	27089.46	0.0
200	input_spectra/6-C2M19.mzML	606	0	476.307444254557	1	27123.96	0.0
200	input_spectra/6-C2M19.mzML	607	0	476.307444254557	1	27135.48	0.0
93	input_spectra/6-C2M19.mzML	608	0	227.138799031576	1	27147.0	0.0
93	input_spectra/6-C2M19.mzML	609	0	227.138799031576	1	27158.460000000003	0.0
244	input_spectra/6-C2M19.mzML	610	0	571.341735839844	1	27170.04	0.0
244	input_spectra/6-C2M19.mzML	611	0	571.341735839844	1	27181.56	0.0
238	input_spectra/6-C2M19.mzML	612	0	564.358947753906	1	27220.920000000002	0.0
238	input_spectra/6-C2M19.mzML	613	0	564.358947753906	1	27232.440000000002	0.0
221	input_spectra/6-C2M19.mzML	614	0	520.333414713542	1	27243.96	0.0
221	input_spectra/6-C2M19.mzML	615	0	520.333414713542	1	27255.48	0.0
93	input_spectra/6-C2M19.mzML	616	0	227.138799031576	1	27267.0	0.0
93	input_spectra/6-C2M19.mzML	617	0	227.138799031576	1	27278.460000000003	0.0
62	input_spectra/6-C2M19.mzML	618	0	169.075561523438	1	27289.92	0.0
62	input_spectra/6-C2M19.mzML	619	0	169.075561523438	1	27301.44	0.0
241	input_spectra/6-C2M19.mzML	620	0	569.312469482422	1	27312.96	0.0
241	input_spectra/6-C2M19.mzML	621	0	569.312469482422	1	27324.48	0.0
238	input_spectra/6-C2M19.mzML	622	0	564.358947753906	1	27363.9	0.0
238	input_spectra/6-C2M19.mzML	623	0	564.358947753906	1	27375.359999999997	0.0
252	input_spectra/6-C2M19.mzML	624	0	608.383768717448	1	27386.879999999997	0.0
252	input_spectra/6-C2M19.mzML	625	0	608.383768717448	1	27398.399999999998	0.0
113	input_spectra/6-C2M19.mzML	626	0	261.122843424479	1	27409.92	0.0
113	input_spectra/6-C2M19.mzML	627	0	261.122843424479	1	27421.44	0.0
222	input_spectra/6-C2M19.mzML	628	0	520.333414713542	1	27456.0	0.0
252	input_spectra/6-C2M19.mzML	629	0	608.383768717448	1	27506.879999999997	0.0
252	input_spectra/6-C2M19.mzML	630	0	608.383768717448	1	27518.399999999998	0.0
113	input_spectra/6-C2M19.mzML	631	0	261.122843424479	1	27529.92	0.0
113	input_spectra/6-C2M19.mzML	632	0	261.122843424479	1	27541.44	0.0
262	input_spectra/6-C2M19.mzML	633	0	652.40956624349	1	27552.96	0.0
262	input_spectra/6-C2M19.mzML	634	0	652.40956624349	1	27564.48	0.0
238	input_spectra/6-C2M19.mzML	635	0	564.358947753906	1	27576.0	0.0
238	input_spectra/6-C2M19.mzML	636	0	564.358947753906	1	27587.519999999997	0.0
262	input_spectra/6-C2M19.mzML	637	0	652.40956624349	1	27649.980000000003	0.0
262	input_spectra/6-C2M19.mzML	638	0	652.40956624349	1	27661.5	0.0
267	input_spectra/6-C2M19.mzML	639	0	696.435119628906	1	27673.02	0.0
267	input_spectra/6-C2M19.mzML	640	0	696.435119628906	1	27684.54	0.0
252	input_spectra/6-C2M19.mzML	641	0	608.383768717448	1	27696.06	0.0
252	input_spectra/6-C2M19.mzML	642	0	608.383768717448	1	27707.58	0.0
6	input_spectra/6-C2M19.mzML	643	0	117.072763352167	1	27719.100000000002	0.0
6	input_spectra/6-C2M19.mzML	644	0	117.072763352167	1	27730.559999999998	0.0
70	input_spectra/6-C2M19.mzML	645	0	183.09114074707	1	27742.079999999998	0.0
70	input_spectra/6-C2M19.mzML	646	0	183.09114074707	1	27753.54	0.0
267	input_spectra/6-C2M19.mzML	647	0	696.435119628906	1	27792.899999999998	0.0
267	input_spectra/6-C2M19.mzML	648	0	696.435119628906	1	27804.48	0.0
271	input_spectra/6-C2M19.mzML	649	0	740.460968017578	1	27816.0	0.0
271	input_spectra/6-C2M19.mzML	650	0	740.460968017578	1	27827.519999999997	0.0
6	input_spectra/6-C2M19.mzML	651	0	117.072763352167	1	27839.039999999997	0.0
6	input_spectra/6-C2M19.mzML	652	0	117.072763352167	1	27850.5	0.0
262	input_spectra/6-C2M19.mzML	653	0	652.40956624349	1	27862.079999999998	0.0
271	input_spectra/6-C2M19.mzML	654	0	740.460968017578	1	27936.0	0.0
271	input_spectra/6-C2M19.mzML	655	0	740.460968017578	1	27947.519999999997	0.0
276	input_spectra/6-C2M19.mzML	656	0	784.487609863281	1	27959.100000000002	0.0
276	input_spectra/6-C2M19.mzML	657	0	784.487609863281	1	27970.620000000003	0.0
6	input_spectra/6-C2M19.mzML	658	0	117.072763352167	1	27982.140000000003	0.0
6	input_spectra/6-C2M19.mzML	659	0	117.072763352167	1	27993.6	0.0
85	input_spectra/6-C2M19.mzML	660	0	211.143666585286	1	28005.12	0.0
85	input_spectra/6-C2M19.mzML	661	0	211.143666585286	1	28016.579999999998	0.0
267	input_spectra/6-C2M19.mzML	662	0	696.435119628906	1	28028.16	0.0
267	input_spectra/6-C2M19.mzML	663	0	696.435119628906	1	28039.68	0.0
114	input_spectra/6-C2M19.mzML	664	0	261.122843424479	1	28079.039999999997	0.0
114	input_spectra/6-C2M19.mzML	665	0	261.122843424479	1	28090.559999999998	0.0
276	input_spectra/6-C2M19.mzML	666	0	784.487609863281	1	28125.24	0.0
278	input_spectra/6-C2M19.mzML	667	0	872.539306640625	1	28176.18	0.0
278	input_spectra/6-C2M19.mzML	668	0	872.539306640625	1	28187.7	0.0
85	input_spectra/6-C2M19.mzML	669	0	211.143666585286	1	28273.14	0.0
85	input_spectra/6-C2M19.mzML	670	0	211.143666585286	1	28284.600000000002	0.0
85	input_spectra/6-C2M19.mzML	671	0	211.143666585286	1	28347.0	0.0
85	input_spectra/6-C2M19.mzML	672	0	211.143666585286	1	28358.52	0.0
105	input_spectra/6-C2M19.mzML	673	0	245.127990722656	1	28794.66	0.0
105	input_spectra/6-C2M19.mzML	674	0	245.127990722656	1	28806.18	0.0
105	input_spectra/6-C2M19.mzML	675	0	245.127990722656	1	28845.54	0.0
105	input_spectra/6-C2M19.mzML	676	0	245.127990722656	1	28857.0	0.0
105	input_spectra/6-C2M19.mzML	677	0	245.127990722656	1	28896.36	0.0
105	input_spectra/6-C2M19.mzML	678	0	245.127990722656	1	28907.88	0.0
39	input_spectra/6-C2M19.mzML	679	0	145.075749715169	1	29403.66	0.0
39	input_spectra/6-C2M19.mzML	680	0	145.075749715169	1	29505.3	0.0
140	input_spectra/6-C2M19.mzML	681	0	311.174835205078	1	29869.32	0.0
141	input_spectra/6-C2M19.mzML	682	0	311.174835205078	1	29880.84	0.0
140	input_spectra/6-C2M19.mzML	683	0	311.174835205078	1	29920.2	0.0
141	input_spectra/6-C2M19.mzML	684	0	311.174835205078	1	29931.72	0.0
140	input_spectra/6-C2M19.mzML	685	0	311.174835205078	1	29971.079999999998	0.0
141	input_spectra/6-C2M19.mzML	686	0	311.174835205078	1	29982.6	0.0
143	input_spectra/6-C2M19.mzML	687	0	328.267982177734	1	30358.68	0.0
143	input_spectra/6-C2M19.mzML	688	0	328.267982177734	1	30370.2	0.0
143	input_spectra/6-C2M19.mzML	689	0	328.267982177734	1	30517.74	0.0
143	input_spectra/6-C2M19.mzML	690	0	328.267982177734	1	30529.260000000002	0.0
144	input_spectra/6-C2M19.mzML	691	0	328.267982177734	1	30580.68	0.0
143	input_spectra/6-C2M19.mzML	692	0	328.267982177734	1	30592.2	0.0
73	input_spectra/6-C2M19.mzML	693	0	186.221613566081	1	31100.46	0.0
73	input_spectra/6-C2M19.mzML	694	0	186.221613566081	1	31151.339999999997	0.0
73	input_spectra/6-C2M19.mzML	695	0	186.221613566081	1	31202.22	0.0
145	input_spectra/6-C2M19.mzML	696	0	328.267982177734	1	31673.88	0.0
146	input_spectra/6-C2M19.mzML	697	0	328.267982177734	1	31685.4	0.0
145	input_spectra/6-C2M19.mzML	698	0	328.267982177734	1	31724.76	0.0
145	input_spectra/6-C2M19.mzML	699	0	328.267982177734	1	31736.22	0.0
145	input_spectra/6-C2M19.mzML	700	0	328.267982177734	1	31775.579999999998	0.0
147	input_spectra/6-C2M19.mzML	701	0	328.267982177734	1	31787.1	0.0
73	input_spectra/6-C2M19.mzML	702	0	186.221613566081	1	32243.64	0.0
73	input_spectra/6-C2M19.mzML	703	0	186.221613566081	1	32294.46	0.0
73	input_spectra/6-C2M19.mzML	704	0	186.221613566081	1	32305.920000000002	0.0
73	input_spectra/6-C2M19.mzML	705	0	186.221613566081	1	32345.340000000004	0.0
73	input_spectra/6-C2M19.mzML	706	0	186.221613566081	1	32356.8	0.0
122	input_spectra/6-C2M19.mzML	707	0	274.274017333984	1	32368.32	0.0
122	input_spectra/6-C2M19.mzML	708	0	274.274017333984	1	32379.78	0.0
122	input_spectra/6-C2M19.mzML	709	0	274.274017333984	1	32419.14	0.0
122	input_spectra/6-C2M19.mzML	710	0	274.274017333984	1	32430.6	0.0
122	input_spectra/6-C2M19.mzML	711	0	274.274017333984	1	32470.02	0.0
122	input_spectra/6-C2M19.mzML	712	0	274.274017333984	1	32481.479999999996	0.0
145	input_spectra/6-C2M19.mzML	713	0	328.267982177734	1	32833.5	0.0
148	input_spectra/6-C2M19.mzML	714	0	328.267982177734	1	32844.96000000001	0.0
198	input_spectra/6-C2M19.mzML	715	0	466.31630452474	1	32856.479999999996	0.0
199	input_spectra/6-C2M19.mzML	716	0	466.31630452474	1	32868.0	0.0
198	input_spectra/6-C2M19.mzML	717	0	466.31630452474	1	32907.36	0.0
199	input_spectra/6-C2M19.mzML	718	0	466.31630452474	1	32918.880000000005	0.0
148	input_spectra/6-C2M19.mzML	719	0	328.267982177734	1	32930.4	0.0
145	input_spectra/6-C2M19.mzML	720	0	328.267982177734	1	32941.86	0.0
192	input_spectra/6-C2M19.mzML	721	0	448.305796305339	1	32964.899999999994	0.0
198	input_spectra/6-C2M19.mzML	722	0	466.31630452474	1	33050.340000000004	0.0
199	input_spectra/6-C2M19.mzML	723	0	466.31630452474	1	33061.799999999996	0.0
192	input_spectra/6-C2M19.mzML	724	0	448.305796305339	1	33084.84	0.0
279	input_spectra/6-C2M19.mzML	725	0	931.623901367188	1	33119.46	0.0
280	input_spectra/6-C2M19.mzML	726	0	931.623901367188	1	33130.979999999996	0.0
233	input_spectra/6-C2M19.mzML	727	0	534.353495279948	1	33193.44	0.0
279	input_spectra/6-C2M19.mzML	728	0	931.623901367188	1	33239.58	0.0
280	input_spectra/6-C2M19.mzML	729	0	931.623901367188	1	33251.1	0.0
147	input_spectra/6-C2M19.mzML	730	0	328.267982177734	1	33285.659999999996	0.0
148	input_spectra/6-C2M19.mzML	731	0	328.267982177734	1	33297.18	0.0
149	input_spectra/6-C2M19.mzML	732	0	328.267982177734	1	34157.7	0.0
147	input_spectra/6-C2M19.mzML	733	0	328.267982177734	1	34169.159999999996	0.0
148	input_spectra/6-C2M19.mzML	734	0	328.267982177734	1	34208.58	0.0
148	input_spectra/6-C2M19.mzML	735	0	328.267982177734	1	34220.03999999999	0.0
144	input_spectra/6-C2M19.mzML	736	0	328.267982177734	1	34259.4	0.0
147	input_spectra/6-C2M19.mzML	737	0	328.267982177734	1	34270.92	0.0
96	input_spectra/6-C2M19.mzML	738	0	230.24794514974	1	34310.28	0.0
96	input_spectra/6-C2M19.mzML	739	0	230.24794514974	1	34321.74	0.0
96	input_spectra/6-C2M19.mzML	740	0	230.24794514974	1	34361.1	0.0
96	input_spectra/6-C2M19.mzML	741	0	230.24794514974	1	34372.56	0.0
96	input_spectra/6-C2M19.mzML	742	0	230.24794514974	1	34411.920000000006	0.0
96	input_spectra/6-C2M19.mzML	743	0	230.24794514974	1	34423.44	0.0
148	input_spectra/6-C2M19.mzML	744	0	328.267982177734	1	35292.479999999996	0.0
148	input_spectra/6-C2M19.mzML	745	0	328.267982177734	1	35304.0	0.0
146	input_spectra/6-C2M19.mzML	746	0	328.267982177734	1	35343.299999999996	0.0
148	input_spectra/6-C2M19.mzML	747	0	328.267982177734	1	35354.82	0.0
144	input_spectra/6-C2M19.mzML	748	0	328.267982177734	1	35394.18	0.0
146	input_spectra/6-C2M19.mzML	749	0	328.267982177734	1	35405.700000000004	0.0
188	input_spectra/6-C2M19.mzML	750	0	444.288739013672	1	35950.08	0.0
188	input_spectra/6-C2M19.mzML	751	0	444.288739013672	1	35961.6	0.0
161	input_spectra/6-C2M19.mzML	752	0	358.240534464518	1	36000.96	0.0
161	input_spectra/6-C2M19.mzML	753	0	358.240534464518	1	36012.42	0.0
188	input_spectra/6-C2M19.mzML	754	0	444.288739013672	1	36023.94	0.0
188	input_spectra/6-C2M19.mzML	755	0	444.288739013672	1	36035.46	0.0
231	input_spectra/6-C2M19.mzML	756	0	533.324625651042	1	36074.82	0.0
214	input_spectra/6-C2M19.mzML	757	0	498.28798421224	1	36097.86	0.0
161	input_spectra/6-C2M19.mzML	758	0	358.240534464518	1	36120.9	0.0
161	input_spectra/6-C2M19.mzML	759	0	358.240534464518	1	36132.36	0.0
188	input_spectra/6-C2M19.mzML	760	0	444.288739013672	1	36143.880000000005	0.0
188	input_spectra/6-C2M19.mzML	761	0	444.288739013672	1	36155.4	0.0
214	input_spectra/6-C2M19.mzML	762	0	498.28798421224	1	36194.82	0.0
215	input_spectra/6-C2M19.mzML	763	0	498.28798421224	1	36206.28	0.0
231	input_spectra/6-C2M19.mzML	764	0	533.324625651042	1	36217.8	0.0
232	input_spectra/6-C2M19.mzML	765	0	533.324625651042	1	36229.32	0.0
161	input_spectra/6-C2M19.mzML	766	0	358.240534464518	1	36263.880000000005	0.0
161	input_spectra/6-C2M19.mzML	767	0	358.240534464518	1	36275.340000000004	0.0
214	input_spectra/6-C2M19.mzML	768	0	498.28798421224	1	36337.8	0.0
215	input_spectra/6-C2M19.mzML	769	0	498.28798421224	1	36349.26	0.0
231	input_spectra/6-C2M19.mzML	770	0	533.324625651042	1	36360.78	0.0
232	input_spectra/6-C2M19.mzML	771	0	533.324625651042	1	36372.3	0.0
282	input_spectra/6-C2M19.mzML	772	0	1031.587097167969	1	36406.920000000006	0.0
283	input_spectra/6-C2M19.mzML	773	0	1031.587097167969	1	36418.5	0.0
235	input_spectra/6-C2M19.mzML	774	0	538.279541015625	1	36430.020000000004	0.0
235	input_spectra/6-C2M19.mzML	775	0	538.279541015625	1	36441.54	0.0
144	input_spectra/6-C2M19.mzML	776	0	328.267982177734	1	36480.96	0.0
147	input_spectra/6-C2M19.mzML	777	0	328.267982177734	1	36492.42	0.0
235	input_spectra/6-C2M19.mzML	778	0	538.279541015625	1	36550.020000000004	0.0
235	input_spectra/6-C2M19.mzML	779	0	538.279541015625	1	36561.54	0.0
282	input_spectra/6-C2M19.mzML	780	0	1031.587097167969	1	36573.12	0.0
283	input_spectra/6-C2M19.mzML	781	0	1031.587097167969	1	36584.7	0.0
149	input_spectra/6-C2M19.mzML	782	0	328.267982177734	1	36624.06	0.0
146	input_spectra/6-C2M19.mzML	783	0	328.267982177734	1	36635.52	0.0
144	input_spectra/6-C2M19.mzML	784	0	328.267982177734	1	36721.020000000004	0.0
147	input_spectra/6-C2M19.mzML	785	0	328.267982177734	1	36732.479999999996	0.0
201	input_spectra/6-C2M19.mzML	786	0	477.331776936849	1	36831.96	0.0
201	input_spectra/6-C2M19.mzML	787	0	477.331776936849	1	36843.479999999996	0.0
201	input_spectra/6-C2M19.mzML	788	0	477.331776936849	1	36951.9	0.0
201	input_spectra/6-C2M19.mzML	789	0	477.331776936849	1	36963.42	0.0
178	input_spectra/6-C2M19.mzML	790	0	426.320871988932	1	36974.94	0.0
160	input_spectra/6-C2M19.mzML	791	0	355.263010660807	1	36997.92	0.0
160	input_spectra/6-C2M19.mzML	792	0	355.263010660807	1	37009.38	0.0
277	input_spectra/6-C2M19.mzML	793	0	817.581461588542	1	37020.96	0.0
277	input_spectra/6-C2M19.mzML	794	0	817.581461588542	1	37032.53999999999	0.0
277	input_spectra/6-C2M19.mzML	795	0	817.581461588542	1	37095.0	0.0
277	input_spectra/6-C2M19.mzML	796	0	817.581461588542	1	37106.520000000004	0.0
178	input_spectra/6-C2M19.mzML	797	0	426.320871988932	1	37118.04	0.0
201	input_spectra/6-C2M19.mzML	798	0	477.331776936849	1	37152.600000000006	0.0
160	input_spectra/6-C2M19.mzML	799	0	355.263010660807	1	37175.579999999994	0.0
160	input_spectra/6-C2M19.mzML	800	0	355.263010660807	1	37215.0	0.0
160	input_spectra/6-C2M19.mzML	801	0	355.263010660807	1	37226.46	0.0
277	input_spectra/6-C2M19.mzML	802	0	817.581461588542	1	37238.04	0.0
277	input_spectra/6-C2M19.mzML	803	0	817.581461588542	1	37249.56	0.0
188	input_spectra/6-C2M19.mzML	804	0	444.288739013672	1	37261.14	0.0
188	input_spectra/6-C2M19.mzML	805	0	444.288739013672	1	37272.66	0.0
161	input_spectra/6-C2M19.mzML	806	0	358.240534464518	1	37284.12	0.0
161	input_spectra/6-C2M19.mzML	807	0	358.240534464518	1	37295.64	0.0
188	input_spectra/6-C2M19.mzML	808	0	444.288739013672	1	37335.0	0.0
188	input_spectra/6-C2M19.mzML	809	0	444.288739013672	1	37346.520000000004	0.0
161	input_spectra/6-C2M19.mzML	810	0	358.240534464518	1	37358.04	0.0
161	input_spectra/6-C2M19.mzML	811	0	358.240534464518	1	37369.5	0.0
161	input_spectra/6-C2M19.mzML	812	0	358.240534464518	1	37408.92	0.0
161	input_spectra/6-C2M19.mzML	813	0	358.240534464518	1	37420.38	0.0
149	input_spectra/6-C2M19.mzML	814	0	328.267982177734	1	37756.62	0.0
148	input_spectra/6-C2M19.mzML	815	0	328.267982177734	1	37768.14	0.0
144	input_spectra/6-C2M19.mzML	816	0	328.267982177734	1	37830.48	0.0
148	input_spectra/6-C2M19.mzML	817	0	328.267982177734	1	37842.0	0.0
150	input_spectra/6-C2M19.mzML	818	0	328.267982177734	1	37881.36	0.0
146	input_spectra/6-C2M19.mzML	819	0	328.267982177734	1	37892.82	0.0
111	input_spectra/6-C2M19.mzML	820	0	258.279276529948	1	37968.299999999996	0.0
111	input_spectra/6-C2M19.mzML	821	0	258.279276529948	1	37979.82	0.0
111	input_spectra/6-C2M19.mzML	822	0	258.279276529948	1	38019.18	0.0
111	input_spectra/6-C2M19.mzML	823	0	258.279276529948	1	38030.64	0.0
111	input_spectra/6-C2M19.mzML	824	0	258.279276529948	1	38070.06	0.0
111	input_spectra/6-C2M19.mzML	825	0	258.279276529948	1	38081.520000000004	0.0
220	input_spectra/6-C2M19.mzML	826	0	518.358723958333	1	38293.8	0.0
220	input_spectra/6-C2M19.mzML	827	0	518.358723958333	1	38305.32	0.0
220	input_spectra/6-C2M19.mzML	828	0	518.358723958333	1	38344.68	0.0
220	input_spectra/6-C2M19.mzML	829	0	518.358723958333	1	38356.2	0.0
220	input_spectra/6-C2M19.mzML	830	0	518.358723958333	1	38430.06	0.0
137	input_spectra/6-C2M19.mzML	831	0	304.299926757813	1	38564.58	0.0
137	input_spectra/6-C2M19.mzML	832	0	304.299926757813	1	38576.1	0.0
137	input_spectra/6-C2M19.mzML	833	0	304.299926757813	1	38615.46	0.0
137	input_spectra/6-C2M19.mzML	834	0	304.299926757813	1	38626.98	0.0
137	input_spectra/6-C2M19.mzML	835	0	304.299926757813	1	38666.34	0.0
137	input_spectra/6-C2M19.mzML	836	0	304.299926757813	1	38677.8	0.0
237	input_spectra/6-C2M19.mzML	837	0	558.384195963542	1	38813.4	0.0
237	input_spectra/6-C2M19.mzML	838	0	558.384195963542	1	38824.92	0.0
237	input_spectra/6-C2M19.mzML	839	0	558.384195963542	1	38864.280000000006	0.0
237	input_spectra/6-C2M19.mzML	840	0	558.384195963542	1	38875.799999999996	0.0
237	input_spectra/6-C2M19.mzML	841	0	558.384195963542	1	38915.16	0.0
237	input_spectra/6-C2M19.mzML	842	0	558.384195963542	1	38926.68	0.0
149	input_spectra/6-C2M19.mzML	843	0	328.267982177734	1	38966.04	0.0
148	input_spectra/6-C2M19.mzML	844	0	328.267982177734	1	38977.5	0.0
219	input_spectra/6-C2M19.mzML	845	0	514.357340494792	1	38989.020000000004	0.0
219	input_spectra/6-C2M19.mzML	846	0	514.357340494792	1	39000.54	0.0
150	input_spectra/6-C2M19.mzML	847	0	328.267982177734	1	39039.899999999994	0.0
146	input_spectra/6-C2M19.mzML	848	0	328.267982177734	1	39051.42	0.0
219	input_spectra/6-C2M19.mzML	849	0	514.357340494792	1	39062.94	0.0
219	input_spectra/6-C2M19.mzML	850	0	514.357340494792	1	39074.46	0.0
144	input_spectra/6-C2M19.mzML	851	0	328.267982177734	1	39113.82	0.0
146	input_spectra/6-C2M19.mzML	852	0	328.267982177734	1	39125.340000000004	0.0
219	input_spectra/6-C2M19.mzML	853	0	514.357340494792	1	39136.86	0.0
219	input_spectra/6-C2M19.mzML	854	0	514.357340494792	1	39148.38	0.0
128	input_spectra/6-C2M19.mzML	855	0	286.219561939508	1	39920.28	0.0
129	input_spectra/6-C2M19.mzML	856	0	286.219561939508	1	39931.799999999996	0.0
128	input_spectra/6-C2M19.mzML	857	0	286.219561939508	1	39995.22	0.0
149	input_spectra/6-C2M19.mzML	858	0	328.267982177734	1	40133.04	0.0
146	input_spectra/6-C2M19.mzML	859	0	328.267982177734	1	40144.5	0.0
150	input_spectra/6-C2M19.mzML	860	0	328.267982177734	1	40183.86	0.0
146	input_spectra/6-C2M19.mzML	861	0	328.267982177734	1	40195.38	0.0
150	input_spectra/6-C2M19.mzML	862	0	328.267982177734	1	40234.74	0.0
147	input_spectra/6-C2M19.mzML	863	0	328.267982177734	1	40246.259999999995	0.0
193	input_spectra/6-C2M19.mzML	864	0	452.276545206706	1	40997.82	0.0
193	input_spectra/6-C2M19.mzML	865	0	452.276545206706	1	41048.7	0.0
128	input_spectra/6-C2M19.mzML	866	0	286.219561939508	1	41147.7	0.0
128	input_spectra/6-C2M19.mzML	867	0	286.219561939508	1	41198.520000000004	0.0
128	input_spectra/6-C2M19.mzML	868	0	286.219561939508	1	41210.03999999999	0.0
150	input_spectra/6-C2M19.mzML	869	0	328.267982177734	1	41300.28	0.0
146	input_spectra/6-C2M19.mzML	870	0	328.267982177734	1	41311.799999999996	0.0
150	input_spectra/6-C2M19.mzML	871	0	328.267982177734	1	41351.16	0.0
146	input_spectra/6-C2M19.mzML	872	0	328.267982177734	1	41362.619999999995	0.0
150	input_spectra/6-C2M19.mzML	873	0	328.267982177734	1	41402.04	0.0
146	input_spectra/6-C2M19.mzML	874	0	328.267982177734	1	41413.5	0.0
194	input_spectra/6-C2M19.mzML	875	0	452.276545206706	1	42113.7	0.0
194	input_spectra/6-C2M19.mzML	876	0	452.276545206706	1	42164.58	0.0
128	input_spectra/6-C2M19.mzML	877	0	286.219561939508	1	42290.88	0.0
128	input_spectra/6-C2M19.mzML	878	0	286.219561939508	1	42302.399999999994	0.0
129	input_spectra/6-C2M19.mzML	879	0	286.219561939508	1	42341.76	0.0
128	input_spectra/6-C2M19.mzML	880	0	286.219561939508	1	42353.28	0.0
129	input_spectra/6-C2M19.mzML	881	0	286.219561939508	1	42392.64	0.0
129	input_spectra/6-C2M19.mzML	882	0	286.219561939508	1	42404.159999999996	0.0
150	input_spectra/6-C2M19.mzML	883	0	328.267982177734	1	42467.58	0.0
146	input_spectra/6-C2M19.mzML	884	0	328.267982177734	1	42479.04	0.0
149	input_spectra/6-C2M19.mzML	885	0	328.267982177734	1	42518.4	0.0
146	input_spectra/6-C2M19.mzML	886	0	328.267982177734	1	42529.86	0.0
150	input_spectra/6-C2M19.mzML	887	0	328.267982177734	1	42569.280000000006	0.0
146	input_spectra/6-C2M19.mzML	888	0	328.267982177734	1	42580.74	0.0
153	input_spectra/6-C2M19.mzML	889	0	332.331197102865	1	42668.219999999994	0.0
153	input_spectra/6-C2M19.mzML	890	0	332.331197102865	1	42679.74	0.0
153	input_spectra/6-C2M19.mzML	891	0	332.331197102865	1	42719.1	0.0
153	input_spectra/6-C2M19.mzML	892	0	332.331197102865	1	42730.560000000005	0.0
153	input_spectra/6-C2M19.mzML	893	0	332.331197102865	1	42769.92	0.0
153	input_spectra/6-C2M19.mzML	894	0	332.331197102865	1	42781.44	0.0
129	input_spectra/6-C2M19.mzML	895	0	286.219561939508	1	43469.64	0.0
129	input_spectra/6-C2M19.mzML	896	0	286.219561939508	1	43520.46	0.0
128	input_spectra/6-C2M19.mzML	897	0	286.219561939508	1	43559.82	0.0
128	input_spectra/6-C2M19.mzML	898	0	286.219561939508	1	43571.34	0.0
150	input_spectra/6-C2M19.mzML	899	0	328.267982177734	1	43610.700000000004	0.0
146	input_spectra/6-C2M19.mzML	900	0	328.267982177734	1	43622.22	0.0
186	input_spectra/6-C2M19.mzML	901	0	440.409912109375	1	43633.740000000005	0.0
187	input_spectra/6-C2M19.mzML	902	0	440.409912109375	1	43645.26	0.0
206	input_spectra/6-C2M19.mzML	903	0	483.248474121094	1	43656.72	0.0
206	input_spectra/6-C2M19.mzML	904	0	483.248474121094	1	43668.24	0.0
150	input_spectra/6-C2M19.mzML	905	0	328.267982177734	1	43707.66	0.0
146	input_spectra/6-C2M19.mzML	906	0	328.267982177734	1	43719.12	0.0
206	input_spectra/6-C2M19.mzML	907	0	483.248474121094	1	43730.64	0.0
206	input_spectra/6-C2M19.mzML	908	0	483.248474121094	1	43742.159999999996	0.0
186	input_spectra/6-C2M19.mzML	909	0	440.409912109375	1	43753.68	0.0
187	input_spectra/6-C2M19.mzML	910	0	440.409912109375	1	43765.2	0.0
150	input_spectra/6-C2M19.mzML	911	0	328.267982177734	1	43804.56	0.0
146	input_spectra/6-C2M19.mzML	912	0	328.267982177734	1	43816.08	0.0
206	input_spectra/6-C2M19.mzML	913	0	483.248474121094	1	43827.600000000006	0.0
206	input_spectra/6-C2M19.mzML	914	0	483.248474121094	1	43839.06	0.0
186	input_spectra/6-C2M19.mzML	915	0	440.409912109375	1	43850.579999999994	0.0
187	input_spectra/6-C2M19.mzML	916	0	440.409912109375	1	43862.1	0.0
189	input_spectra/6-C2M19.mzML	917	0	444.296577453613	1	44021.700000000004	0.0
189	input_spectra/6-C2M19.mzML	918	0	444.296577453613	1	44033.219999999994	0.0
189	input_spectra/6-C2M19.mzML	919	0	444.296577453613	1	44072.58	0.0
189	input_spectra/6-C2M19.mzML	920	0	444.296577453613	1	44084.1	0.0
189	input_spectra/6-C2M19.mzML	921	0	444.296577453613	1	44147.520000000004	0.0
189	input_spectra/6-C2M19.mzML	922	0	444.296577453613	1	44159.04	0.0
189	input_spectra/6-C2M19.mzML	923	0	444.296577453613	1	44324.22	0.0
189	input_spectra/6-C2M19.mzML	924	0	444.296577453613	1	44335.74	0.0
128	input_spectra/6-C2M19.mzML	925	0	286.219561939508	1	44602.5	0.0
128	input_spectra/6-C2M19.mzML	926	0	286.219561939508	1	44614.020000000004	0.0
129	input_spectra/6-C2M19.mzML	927	0	286.219561939508	1	44653.32	0.0
129	input_spectra/6-C2M19.mzML	928	0	286.219561939508	1	44664.84	0.0
129	input_spectra/6-C2M19.mzML	929	0	286.219561939508	1	44704.200000000004	0.0
129	input_spectra/6-C2M19.mzML	930	0	286.219561939508	1	44715.719999999994	0.0
150	input_spectra/6-C2M19.mzML	931	0	328.267982177734	1	44803.200000000004	0.0
146	input_spectra/6-C2M19.mzML	932	0	328.267982177734	1	44814.659999999996	0.0
150	input_spectra/6-C2M19.mzML	933	0	328.267982177734	1	44854.020000000004	0.0
146	input_spectra/6-C2M19.mzML	934	0	328.267982177734	1	44865.54	0.0
150	input_spectra/6-C2M19.mzML	935	0	328.267982177734	1	44904.899999999994	0.0
146	input_spectra/6-C2M19.mzML	936	0	328.267982177734	1	44916.42	0.0
156	input_spectra/6-C2M19.mzML	937	0	346.276852476831	1	44967.78	0.0
157	input_spectra/6-C2M19.mzML	938	0	346.276852476831	1	44979.299999999996	0.0
156	input_spectra/6-C2M19.mzML	939	0	346.276852476831	1	45547.74	0.0
157	input_spectra/6-C2M19.mzML	940	0	346.276852476831	1	45559.26	0.0
156	input_spectra/6-C2M19.mzML	941	0	346.276852476831	1	45730.92	0.0
157	input_spectra/6-C2M19.mzML	942	0	346.276852476831	1	45742.44	0.0
129	input_spectra/6-C2M19.mzML	943	0	286.219561939508	1	45781.799999999996	0.0
128	input_spectra/6-C2M19.mzML	944	0	286.219561939508	1	45832.68	0.0
129	input_spectra/6-C2M19.mzML	945	0	286.219561939508	1	45844.14	0.0
128	input_spectra/6-C2M19.mzML	946	0	286.219561939508	1	45883.5	0.0
129	input_spectra/6-C2M19.mzML	947	0	286.219561939508	1	45895.020000000004	0.0
150	input_spectra/6-C2M19.mzML	948	0	328.267982177734	1	45946.44	0.0
146	input_spectra/6-C2M19.mzML	949	0	328.267982177734	1	45957.9	0.0
150	input_spectra/6-C2M19.mzML	950	0	328.267982177734	1	45997.26	0.0
146	input_spectra/6-C2M19.mzML	951	0	328.267982177734	1	46008.72	0.0
150	input_spectra/6-C2M19.mzML	952	0	328.267982177734	1	46048.14	0.0
146	input_spectra/6-C2M19.mzML	953	0	328.267982177734	1	46059.6	0.0
270	input_spectra/6-C2M19.mzML	954	0	704.514282226563	1	46473.42	0.0
270	input_spectra/6-C2M19.mzML	955	0	704.514282226563	1	46485.0	0.0
270	input_spectra/6-C2M19.mzML	956	0	704.514282226563	1	46524.36	0.0
270	input_spectra/6-C2M19.mzML	957	0	704.514282226563	1	46535.88	0.0
270	input_spectra/6-C2M19.mzML	958	0	704.514282226563	1	46575.24	0.0
270	input_spectra/6-C2M19.mzML	959	0	704.514282226563	1	46586.76	0.0
265	input_spectra/6-C2M19.mzML	960	0	660.48817952474	1	46710.3	0.0
265	input_spectra/6-C2M19.mzML	961	0	660.48817952474	1	46721.82	0.0
265	input_spectra/6-C2M19.mzML	962	0	660.48817952474	1	46761.18	0.0
265	input_spectra/6-C2M19.mzML	963	0	660.48817952474	1	46772.7	0.0
265	input_spectra/6-C2M19.mzML	964	0	660.48817952474	1	46812.06	0.0
265	input_spectra/6-C2M19.mzML	965	0	660.48817952474	1	46823.58	0.0
157	input_spectra/6-C2M19.mzML	966	0	346.276852476831	1	46862.94	0.0
157	input_spectra/6-C2M19.mzML	967	0	346.276852476831	1	46874.4	0.0
128	input_spectra/6-C2M19.mzML	968	0	286.219561939508	1	46937.82	0.0
129	input_spectra/6-C2M19.mzML	969	0	286.219561939508	1	46949.340000000004	0.0
156	input_spectra/6-C2M19.mzML	970	0	346.276852476831	1	46960.86	0.0
157	input_spectra/6-C2M19.mzML	971	0	346.276852476831	1	46972.32	0.0
128	input_spectra/6-C2M19.mzML	972	0	286.219561939508	1	47011.68	0.0
128	input_spectra/6-C2M19.mzML	973	0	286.219561939508	1	47023.14	0.0
257	input_spectra/6-C2M19.mzML	974	0	616.462239583333	1	47034.72	0.0
257	input_spectra/6-C2M19.mzML	975	0	616.462239583333	1	47046.240000000005	0.0
156	input_spectra/6-C2M19.mzML	976	0	346.276852476831	1	47057.76	0.0
157	input_spectra/6-C2M19.mzML	977	0	346.276852476831	1	47069.22	0.0
150	input_spectra/6-C2M19.mzML	978	0	328.267982177734	1	47108.64	0.0
146	input_spectra/6-C2M19.mzML	979	0	328.267982177734	1	47120.100000000006	0.0
257	input_spectra/6-C2M19.mzML	980	0	616.462239583333	1	47131.68	0.0
257	input_spectra/6-C2M19.mzML	981	0	616.462239583333	1	47143.200000000004	0.0
128	input_spectra/6-C2M19.mzML	982	0	286.219561939508	1	47154.72	0.0
129	input_spectra/6-C2M19.mzML	983	0	286.219561939508	1	47166.18	0.0
164	input_spectra/6-C2M19.mzML	984	0	360.362457275391	1	47177.7	0.0
164	input_spectra/6-C2M19.mzML	985	0	360.362457275391	1	47189.22	0.0
150	input_spectra/6-C2M19.mzML	986	0	328.267982177734	1	47228.58	0.0
146	input_spectra/6-C2M19.mzML	987	0	328.267982177734	1	47240.100000000006	0.0
257	input_spectra/6-C2M19.mzML	988	0	616.462239583333	1	47251.62	0.0
257	input_spectra/6-C2M19.mzML	989	0	616.462239583333	1	47263.14	0.0
150	input_spectra/6-C2M19.mzML	990	0	328.267982177734	1	47302.5	0.0
146	input_spectra/6-C2M19.mzML	991	0	328.267982177734	1	47314.020000000004	0.0
245	input_spectra/6-C2M19.mzML	992	0	572.436645507813	1	47325.54	0.0
245	input_spectra/6-C2M19.mzML	993	0	572.436645507813	1	47337.06	0.0
245	input_spectra/6-C2M19.mzML	994	0	572.436645507813	1	47376.36	0.0
245	input_spectra/6-C2M19.mzML	995	0	572.436645507813	1	47387.88	0.0
245	input_spectra/6-C2M19.mzML	996	0	572.436645507813	1	47427.3	0.0
245	input_spectra/6-C2M19.mzML	997	0	572.436645507813	1	47438.82	0.0
229	input_spectra/6-C2M19.mzML	998	0	528.409586588542	1	47613.24	0.0
229	input_spectra/6-C2M19.mzML	999	0	528.409586588542	1	47624.76	0.0
229	input_spectra/6-C2M19.mzML	1000	0	528.409586588542	1	47664.12	0.0
229	input_spectra/6-C2M19.mzML	1001	0	528.409586588542	1	47675.64	0.0
229	input_spectra/6-C2M19.mzML	1002	0	528.409586588542	1	47715.0	0.0
229	input_spectra/6-C2M19.mzML	1003	0	528.409586588542	1	47726.520000000004	0.0
246	input_spectra/6-C2M19.mzML	1004	0	579.42041015625	1	47918.520000000004	0.0
246	input_spectra/6-C2M19.mzML	1005	0	579.42041015625	1	47930.03999999999	0.0
246	input_spectra/6-C2M19.mzML	1006	0	579.42041015625	1	47969.4	0.0
246	input_spectra/6-C2M19.mzML	1007	0	579.42041015625	1	47980.92	0.0
208	input_spectra/6-C2M19.mzML	1008	0	484.384023030599	1	48020.28	0.0
208	input_spectra/6-C2M19.mzML	1009	0	484.384023030599	1	48031.799999999996	0.0
208	input_spectra/6-C2M19.mzML	1010	0	484.384023030599	1	48071.16	0.0
208	input_spectra/6-C2M19.mzML	1011	0	484.384023030599	1	48082.68	0.0
157	input_spectra/6-C2M19.mzML	1012	0	346.276852476831	1	48094.200000000004	0.0
157	input_spectra/6-C2M19.mzML	1013	0	346.276852476831	1	48105.659999999996	0.0
208	input_spectra/6-C2M19.mzML	1014	0	484.384023030599	1	48145.020000000004	0.0
208	input_spectra/6-C2M19.mzML	1015	0	484.384023030599	1	48156.54	0.0
129	input_spectra/6-C2M19.mzML	1016	0	286.219561939508	1	48168.060000000005	0.0
129	input_spectra/6-C2M19.mzML	1017	0	286.219561939508	1	48179.52	0.0
156	input_spectra/6-C2M19.mzML	1018	0	346.276852476831	1	48214.08	0.0
157	input_spectra/6-C2M19.mzML	1019	0	346.276852476831	1	48225.54	0.0
129	input_spectra/6-C2M19.mzML	1020	0	286.219561939508	1	48287.94	0.0
129	input_spectra/6-C2M19.mzML	1021	0	286.219561939508	1	48299.46	0.0
234	input_spectra/6-C2M19.mzML	1022	0	535.394836425781	1	48310.979999999996	0.0
234	input_spectra/6-C2M19.mzML	1023	0	535.394836425781	1	48322.5	0.0
156	input_spectra/6-C2M19.mzML	1024	0	346.276852476831	1	48357.0	0.0
157	input_spectra/6-C2M19.mzML	1025	0	346.276852476831	1	48368.520000000004	0.0
150	input_spectra/6-C2M19.mzML	1026	0	328.267982177734	1	48407.88	0.0
146	input_spectra/6-C2M19.mzML	1027	0	328.267982177734	1	48419.4	0.0
210	input_spectra/6-C2M19.mzML	1028	0	489.339040120443	1	48430.92	0.0
210	input_spectra/6-C2M19.mzML	1029	0	489.339040120443	1	48442.380000000005	0.0
129	input_spectra/6-C2M19.mzML	1030	0	286.219561939508	1	48453.9	0.0
128	input_spectra/6-C2M19.mzML	1031	0	286.219561939508	1	48465.42	0.0
234	input_spectra/6-C2M19.mzML	1032	0	535.394836425781	1	48476.939999999995	0.0
234	input_spectra/6-C2M19.mzML	1033	0	535.394836425781	1	48488.46	0.0
150	input_spectra/6-C2M19.mzML	1034	0	328.267982177734	1	48550.86	0.0
146	input_spectra/6-C2M19.mzML	1035	0	328.267982177734	1	48562.32	0.0
185	input_spectra/6-C2M19.mzML	1036	0	440.361063639323	1	48573.84	0.0
185	input_spectra/6-C2M19.mzML	1037	0	440.361063639323	1	48585.36	0.0
211	input_spectra/6-C2M19.mzML	1038	0	491.368347167969	1	48619.86	0.0
177	input_spectra/6-C2M19.mzML	1039	0	423.331370035807	1	48642.9	0.0
177	input_spectra/6-C2M19.mzML	1040	0	423.331370035807	1	48654.420000000006	0.0
150	input_spectra/6-C2M19.mzML	1041	0	328.267982177734	1	48693.78	0.0
146	input_spectra/6-C2M19.mzML	1042	0	328.267982177734	1	48705.24	0.0
185	input_spectra/6-C2M19.mzML	1043	0	440.361063639323	1	48716.76	0.0
185	input_spectra/6-C2M19.mzML	1044	0	440.361063639323	1	48728.28	0.0
211	input_spectra/6-C2M19.mzML	1045	0	491.368347167969	1	48762.840000000004	0.0
211	input_spectra/6-C2M19.mzML	1046	0	491.368347167969	1	48774.299999999996	0.0
177	input_spectra/6-C2M19.mzML	1047	0	423.331370035807	1	48785.82	0.0
177	input_spectra/6-C2M19.mzML	1048	0	423.331370035807	1	48797.34	0.0
185	input_spectra/6-C2M19.mzML	1049	0	440.361063639323	1	48836.700000000004	0.0
185	input_spectra/6-C2M19.mzML	1050	0	440.361063639323	1	48848.219999999994	0.0
190	input_spectra/6-C2M19.mzML	1051	0	445.313252766927	1	48859.74	0.0
190	input_spectra/6-C2M19.mzML	1052	0	445.313252766927	1	48871.259999999995	0.0
211	input_spectra/6-C2M19.mzML	1053	0	491.368347167969	1	48882.72	0.0
211	input_spectra/6-C2M19.mzML	1054	0	491.368347167969	1	48894.24	0.0
177	input_spectra/6-C2M19.mzML	1055	0	423.331370035807	1	48905.76	0.0
177	input_spectra/6-C2M19.mzML	1056	0	423.331370035807	1	48917.28	0.0
173	input_spectra/6-C2M19.mzML	1057	0	396.333892822266	1	48956.64	0.0
173	input_spectra/6-C2M19.mzML	1058	0	396.333892822266	1	48968.159999999996	0.0
167	input_spectra/6-C2M19.mzML	1059	0	379.304931640625	1	49025.64	0.0
167	input_spectra/6-C2M19.mzML	1060	0	379.304931640625	1	49037.159999999996	0.0
173	input_spectra/6-C2M19.mzML	1061	0	396.333892822266	1	49076.520000000004	0.0
173	input_spectra/6-C2M19.mzML	1062	0	396.333892822266	1	49088.04	0.0
167	input_spectra/6-C2M19.mzML	1063	0	379.304931640625	1	49145.579999999994	0.0
167	input_spectra/6-C2M19.mzML	1064	0	379.304931640625	1	49157.04	0.0
173	input_spectra/6-C2M19.mzML	1065	0	396.333892822266	1	49196.46	0.0
173	input_spectra/6-C2M19.mzML	1066	0	396.333892822266	1	49207.92	0.0
174	input_spectra/6-C2M19.mzML	1067	0	401.287740071615	1	49219.439999999995	0.0
167	input_spectra/6-C2M19.mzML	1068	0	379.304931640625	1	49265.46	0.0
167	input_spectra/6-C2M19.mzML	1069	0	379.304931640625	1	49276.98	0.0
156	input_spectra/6-C2M19.mzML	1070	0	346.276852476831	1	49316.34	0.0
157	input_spectra/6-C2M19.mzML	1071	0	346.276852476831	1	49327.8	0.0
129	input_spectra/6-C2M19.mzML	1072	0	286.219561939508	1	49367.159999999996	0.0
129	input_spectra/6-C2M19.mzML	1073	0	286.219561939508	1	49378.68	0.0
156	input_spectra/6-C2M19.mzML	1074	0	346.276852476831	1	49390.2	0.0
157	input_spectra/6-C2M19.mzML	1075	0	346.276852476831	1	49401.659999999996	0.0
159	input_spectra/6-C2M19.mzML	1076	0	352.30653889974	1	49464.0	0.0
159	input_spectra/6-C2M19.mzML	1077	0	352.30653889974	1	49475.52	0.0
129	input_spectra/6-C2M19.mzML	1078	0	286.219561939508	1	49487.04	0.0
129	input_spectra/6-C2M19.mzML	1079	0	286.219561939508	1	49498.5	0.0
154	input_spectra/6-C2M19.mzML	1080	0	335.279429117839	1	49533.0	0.0
154	input_spectra/6-C2M19.mzML	1081	0	335.279429117839	1	49544.52	0.0
159	input_spectra/6-C2M19.mzML	1082	0	352.30653889974	1	49583.94	0.0
159	input_spectra/6-C2M19.mzML	1083	0	352.30653889974	1	49595.4	0.0
154	input_spectra/6-C2M19.mzML	1084	0	335.279429117839	1	49652.88	0.0
154	input_spectra/6-C2M19.mzML	1085	0	335.279429117839	1	49664.4	0.0
129	input_spectra/6-C2M19.mzML	1086	0	286.219561939508	1	49675.86	0.0
129	input_spectra/6-C2M19.mzML	1087	0	286.219561939508	1	49687.380000000005	0.0
150	input_spectra/6-C2M19.mzML	1088	0	328.267982177734	1	49726.799999999996	0.0
146	input_spectra/6-C2M19.mzML	1089	0	328.267982177734	1	49738.26	0.0
159	input_spectra/6-C2M19.mzML	1090	0	352.30653889974	1	49772.76	0.0
159	input_spectra/6-C2M19.mzML	1091	0	352.30653889974	1	49784.280000000006	0.0
154	input_spectra/6-C2M19.mzML	1092	0	335.279429117839	1	49818.78	0.0
154	input_spectra/6-C2M19.mzML	1093	0	335.279429117839	1	49830.24	0.0
150	input_spectra/6-C2M19.mzML	1094	0	328.267982177734	1	49869.659999999996	0.0
146	input_spectra/6-C2M19.mzML	1095	0	328.267982177734	1	49881.119999999995	0.0
156	input_spectra/6-C2M19.mzML	1096	0	346.276852476831	1	49892.64	0.0
157	input_spectra/6-C2M19.mzML	1097	0	346.276852476831	1	49904.1	0.0
150	input_spectra/6-C2M19.mzML	1098	0	328.267982177734	1	49943.520000000004	0.0
146	input_spectra/6-C2M19.mzML	1099	0	328.267982177734	1	49954.979999999996	0.0
132	input_spectra/6-C2M19.mzML	1100	0	291.252716064453	1	49977.96	0.0
139	input_spectra/6-C2M19.mzML	1101	0	308.279479980469	1	49989.48	0.0
139	input_spectra/6-C2M19.mzML	1102	0	308.279479980469	1	50000.94	0.0
132	input_spectra/6-C2M19.mzML	1103	0	291.252716064453	1	50040.36	0.0
132	input_spectra/6-C2M19.mzML	1104	0	291.252716064453	1	50051.82	0.0
139	input_spectra/6-C2M19.mzML	1105	0	308.279479980469	1	50063.340000000004	0.0
139	input_spectra/6-C2M19.mzML	1106	0	308.279479980469	1	50074.8	0.0
139	input_spectra/6-C2M19.mzML	1107	0	308.279479980469	1	50137.2	0.0
139	input_spectra/6-C2M19.mzML	1108	0	308.279479980469	1	50148.72	0.0
132	input_spectra/6-C2M19.mzML	1109	0	291.252716064453	1	50160.18	0.0
132	input_spectra/6-C2M19.mzML	1110	0	291.252716064453	1	50171.700000000004	0.0
163	input_spectra/6-C2M19.mzML	1111	0	359.289672851563	1	50206.2	0.0
163	input_spectra/6-C2M19.mzML	1112	0	359.289672851563	1	50217.66	0.0
136	input_spectra/6-C2M19.mzML	1113	0	304.229952130999	1	50392.08	0.0
136	input_spectra/6-C2M19.mzML	1114	0	304.229952130999	1	50403.54	0.0
136	input_spectra/6-C2M19.mzML	1115	0	304.229952130999	1	50454.96000000001	0.0
136	input_spectra/6-C2M19.mzML	1116	0	304.229952130999	1	50466.479999999996	0.0
129	input_spectra/6-C2M19.mzML	1117	0	286.219561939508	1	50529.899999999994	0.0
129	input_spectra/6-C2M19.mzML	1118	0	286.219561939508	1	50541.36	0.0
128	input_spectra/6-C2M19.mzML	1119	0	286.219561939508	1	50580.719999999994	0.0
129	input_spectra/6-C2M19.mzML	1120	0	286.219561939508	1	50592.24	0.0
136	input_spectra/6-C2M19.mzML	1121	0	304.229952130999	1	50603.7	0.0
136	input_spectra/6-C2M19.mzML	1122	0	304.229952130999	1	50615.22	0.0
129	input_spectra/6-C2M19.mzML	1123	0	286.219561939508	1	50654.52	0.0
129	input_spectra/6-C2M19.mzML	1124	0	286.219561939508	1	50666.04	0.0
272	input_spectra/6-C2M19.mzML	1125	0	746.524047851563	1	50837.159999999996	0.0
156	input_spectra/6-C2M19.mzML	1126	0	346.276852476831	1	50876.520000000004	0.0
157	input_spectra/6-C2M19.mzML	1127	0	346.276852476831	1	50888.04	0.0
272	input_spectra/6-C2M19.mzML	1128	0	746.524047851563	1	50899.56	0.0
272	input_spectra/6-C2M19.mzML	1129	0	746.524047851563	1	50911.08	0.0
150	input_spectra/6-C2M19.mzML	1130	0	328.267982177734	1	50950.5	0.0
146	input_spectra/6-C2M19.mzML	1131	0	328.267982177734	1	50961.96	0.0
156	input_spectra/6-C2M19.mzML	1132	0	346.276852476831	1	50973.479999999996	0.0
157	input_spectra/6-C2M19.mzML	1133	0	346.276852476831	1	50984.94	0.0
150	input_spectra/6-C2M19.mzML	1134	0	328.267982177734	1	51024.36	0.0
146	input_spectra/6-C2M19.mzML	1135	0	328.267982177734	1	51035.82	0.0
156	input_spectra/6-C2M19.mzML	1136	0	346.276852476831	1	51047.34	0.0
157	input_spectra/6-C2M19.mzML	1137	0	346.276852476831	1	51058.86	0.0
150	input_spectra/6-C2M19.mzML	1138	0	328.267982177734	1	51098.219999999994	0.0
146	input_spectra/6-C2M19.mzML	1139	0	328.267982177734	1	51109.68	0.0
268	input_spectra/6-C2M19.mzML	1140	0	702.498413085938	1	51121.259999999995	0.0
269	input_spectra/6-C2M19.mzML	1141	0	702.498413085938	1	51132.78	0.0
269	input_spectra/6-C2M19.mzML	1142	0	702.498413085938	1	51172.08	0.0
268	input_spectra/6-C2M19.mzML	1143	0	702.498413085938	1	51183.66	0.0
269	input_spectra/6-C2M19.mzML	1144	0	702.498413085938	1	51223.02	0.0
269	input_spectra/6-C2M19.mzML	1145	0	702.498413085938	1	51234.54	0.0
263	input_spectra/6-C2M19.mzML	1146	0	658.472351074219	1	51406.14	0.0
263	input_spectra/6-C2M19.mzML	1147	0	658.472351074219	1	51417.66	0.0
263	input_spectra/6-C2M19.mzML	1148	0	658.472351074219	1	51457.08	0.0
264	input_spectra/6-C2M19.mzML	1149	0	658.472351074219	1	51468.6	0.0
263	input_spectra/6-C2M19.mzML	1150	0	658.472351074219	1	51507.96	0.0
264	input_spectra/6-C2M19.mzML	1151	0	658.472351074219	1	51519.48	0.0
136	input_spectra/6-C2M19.mzML	1152	0	304.229952130999	1	51643.02	0.0
136	input_spectra/6-C2M19.mzML	1153	0	304.229952130999	1	51654.48	0.0
129	input_spectra/6-C2M19.mzML	1154	0	286.219561939508	1	51693.9	0.0
129	input_spectra/6-C2M19.mzML	1155	0	286.219561939508	1	51705.36	0.0
136	input_spectra/6-C2M19.mzML	1156	0	304.229952130999	1	51716.88	0.0
136	input_spectra/6-C2M19.mzML	1157	0	304.229952130999	1	51728.340000000004	0.0
129	input_spectra/6-C2M19.mzML	1158	0	286.219561939508	1	51767.76	0.0
129	input_spectra/6-C2M19.mzML	1159	0	286.219561939508	1	51779.22	0.0
136	input_spectra/6-C2M19.mzML	1160	0	304.229952130999	1	51790.74	0.0
136	input_spectra/6-C2M19.mzML	1161	0	304.229952130999	1	51802.2	0.0
129	input_spectra/6-C2M19.mzML	1162	0	286.219561939508	1	51841.62	0.0
129	input_spectra/6-C2M19.mzML	1163	0	286.219561939508	1	51853.079999999994	0.0
256	input_spectra/6-C2M19.mzML	1164	0	614.44677734375	1	51864.659999999996	0.0
256	input_spectra/6-C2M19.mzML	1165	0	614.44677734375	1	51876.18	0.0
256	input_spectra/6-C2M19.mzML	1166	0	614.44677734375	1	51915.54	0.0
256	input_spectra/6-C2M19.mzML	1167	0	614.44677734375	1	51927.06	0.0
256	input_spectra/6-C2M19.mzML	1168	0	614.44677734375	1	51966.42	0.0
156	input_spectra/6-C2M19.mzML	1169	0	346.276852476831	1	52065.42	0.0
157	input_spectra/6-C2M19.mzML	1170	0	346.276852476831	1	52076.939999999995	0.0
157	input_spectra/6-C2M19.mzML	1171	0	346.276852476831	1	52116.240000000005	0.0
157	input_spectra/6-C2M19.mzML	1172	0	346.276852476831	1	52127.76	0.0
150	input_spectra/6-C2M19.mzML	1173	0	328.267982177734	1	52167.12	0.0
146	input_spectra/6-C2M19.mzML	1174	0	328.267982177734	1	52178.64	0.0
156	input_spectra/6-C2M19.mzML	1175	0	346.276852476831	1	52190.100000000006	0.0
157	input_spectra/6-C2M19.mzML	1176	0	346.276852476831	1	52201.62	0.0
150	input_spectra/6-C2M19.mzML	1177	0	328.267982177734	1	52240.979999999996	0.0
146	input_spectra/6-C2M19.mzML	1178	0	328.267982177734	1	52252.5	0.0
242	input_spectra/6-C2M19.mzML	1179	0	570.42030843099	1	52264.020000000004	0.0
243	input_spectra/6-C2M19.mzML	1180	0	570.42030843099	1	52275.54	0.0
149	input_spectra/6-C2M19.mzML	1181	0	328.267982177734	1	52314.899999999994	0.0
146	input_spectra/6-C2M19.mzML	1182	0	328.267982177734	1	52326.36	0.0
243	input_spectra/6-C2M19.mzML	1183	0	570.42030843099	1	52337.88	0.0
243	input_spectra/6-C2M19.mzML	1184	0	570.42030843099	1	52349.4	0.0
243	input_spectra/6-C2M19.mzML	1185	0	570.42030843099	1	52388.82	0.0
242	input_spectra/6-C2M19.mzML	1186	0	570.42030843099	1	52400.340000000004	0.0
224	input_spectra/6-C2M19.mzML	1187	0	526.394612630208	1	52669.92	0.0
224	input_spectra/6-C2M19.mzML	1188	0	526.394612630208	1	52681.44	0.0
225	input_spectra/6-C2M19.mzML	1189	0	526.394612630208	1	52720.799999999996	0.0
225	input_spectra/6-C2M19.mzML	1190	0	526.394612630208	1	52732.32	0.0
224	input_spectra/6-C2M19.mzML	1191	0	526.394612630208	1	52771.68	0.0
224	input_spectra/6-C2M19.mzML	1192	0	526.394612630208	1	52783.200000000004	0.0
230	input_spectra/6-C2M19.mzML	1193	0	531.350219726563	1	52857.12	0.0
136	input_spectra/6-C2M19.mzML	1194	0	304.229952130999	1	52868.64	0.0
136	input_spectra/6-C2M19.mzML	1195	0	304.229952130999	1	52880.100000000006	0.0
129	input_spectra/6-C2M19.mzML	1196	0	286.219561939508	1	52919.52	0.0
128	input_spectra/6-C2M19.mzML	1197	0	286.219561939508	1	52930.979999999996	0.0
136	input_spectra/6-C2M19.mzML	1198	0	304.229952130999	1	52965.54	0.0
136	input_spectra/6-C2M19.mzML	1199	0	304.229952130999	1	52977.06	0.0
129	input_spectra/6-C2M19.mzML	1200	0	286.219561939508	1	53016.42	0.0
129	input_spectra/6-C2M19.mzML	1201	0	286.219561939508	1	53027.94	0.0
136	input_spectra/6-C2M19.mzML	1202	0	304.229952130999	1	53039.4	0.0
136	input_spectra/6-C2M19.mzML	1203	0	304.229952130999	1	53050.92	0.0
129	input_spectra/6-C2M19.mzML	1204	0	286.219561939508	1	53090.28	0.0
129	input_spectra/6-C2M19.mzML	1205	0	286.219561939508	1	53101.74	0.0
156	input_spectra/6-C2M19.mzML	1206	0	346.276852476831	1	53201.28	0.0
157	input_spectra/6-C2M19.mzML	1207	0	346.276852476831	1	53212.74	0.0
156	input_spectra/6-C2M19.mzML	1208	0	346.276852476831	1	53252.1	0.0
157	input_spectra/6-C2M19.mzML	1209	0	346.276852476831	1	53263.619999999995	0.0
203	input_spectra/6-C2M19.mzML	1210	0	482.367838541667	1	53275.14	0.0
204	input_spectra/6-C2M19.mzML	1211	0	482.367838541667	1	53286.659999999996	0.0
156	input_spectra/6-C2M19.mzML	1212	0	346.276852476831	1	53326.020000000004	0.0
157	input_spectra/6-C2M19.mzML	1213	0	346.276852476831	1	53337.53999999999	0.0
203	input_spectra/6-C2M19.mzML	1214	0	482.367838541667	1	53349.06	0.0
204	input_spectra/6-C2M19.mzML	1215	0	482.367838541667	1	53360.579999999994	0.0
150	input_spectra/6-C2M19.mzML	1216	0	328.267982177734	1	53422.92	0.0
147	input_spectra/6-C2M19.mzML	1217	0	328.267982177734	1	53434.439999999995	0.0
204	input_spectra/6-C2M19.mzML	1218	0	482.367838541667	1	53445.96	0.0
204	input_spectra/6-C2M19.mzML	1219	0	482.367838541667	1	53457.479999999996	0.0
150	input_spectra/6-C2M19.mzML	1220	0	328.267982177734	1	53519.880000000005	0.0
146	input_spectra/6-C2M19.mzML	1221	0	328.267982177734	1	53531.34	0.0
150	input_spectra/6-C2M19.mzML	1222	0	328.267982177734	1	53593.740000000005	0.0
146	input_spectra/6-C2M19.mzML	1223	0	328.267982177734	1	53605.26	0.0
151	input_spectra/6-C2M19.mzML	1224	0	329.270505905151	1	54043.32	0.0
151	input_spectra/6-C2M19.mzML	1225	0	329.270505905151	1	54054.84	0.0
136	input_spectra/6-C2M19.mzML	1226	0	304.229952130999	1	54066.3	0.0
136	input_spectra/6-C2M19.mzML	1227	0	304.229952130999	1	54077.82	0.0
129	input_spectra/6-C2M19.mzML	1228	0	286.219561939508	1	54140.16	0.0
129	input_spectra/6-C2M19.mzML	1229	0	286.219561939508	1	54151.68	0.0
136	input_spectra/6-C2M19.mzML	1230	0	304.229952130999	1	54163.14	0.0
136	input_spectra/6-C2M19.mzML	1231	0	304.229952130999	1	54174.659999999996	0.0
128	input_spectra/6-C2M19.mzML	1232	0	286.219561939508	1	54214.020000000004	0.0
129	input_spectra/6-C2M19.mzML	1233	0	286.219561939508	1	54225.54	0.0
151	input_spectra/6-C2M19.mzML	1234	0	329.270505905151	1	54237.0	0.0
151	input_spectra/6-C2M19.mzML	1235	0	329.270505905151	1	54248.520000000004	0.0
136	input_spectra/6-C2M19.mzML	1236	0	304.229952130999	1	54259.979999999996	0.0
136	input_spectra/6-C2M19.mzML	1237	0	304.229952130999	1	54271.5	0.0
151	input_spectra/6-C2M19.mzML	1238	0	329.270505905151	1	54310.86	0.0
151	input_spectra/6-C2M19.mzML	1239	0	329.270505905151	1	54322.380000000005	0.0
129	input_spectra/6-C2M19.mzML	1240	0	286.219561939508	1	54333.84	0.0
129	input_spectra/6-C2M19.mzML	1241	0	286.219561939508	1	54345.36	0.0
156	input_spectra/6-C2M19.mzML	1242	0	346.276852476831	1	54384.72	0.0
157	input_spectra/6-C2M19.mzML	1243	0	346.276852476831	1	54396.18	0.0
156	input_spectra/6-C2M19.mzML	1244	0	346.276852476831	1	54435.6	0.0
157	input_spectra/6-C2M19.mzML	1245	0	346.276852476831	1	54447.06	0.0
156	input_spectra/6-C2M19.mzML	1246	0	346.276852476831	1	54486.42	0.0
157	input_spectra/6-C2M19.mzML	1247	0	346.276852476831	1	54497.94	0.0
133	input_spectra/6-C2M19.mzML	1248	0	298.255271911621	1	54825.9	0.0
133	input_spectra/6-C2M19.mzML	1249	0	298.255271911621	1	54837.36	0.0
136	input_spectra/6-C2M19.mzML	1250	0	304.229952130999	1	55249.5	0.0
136	input_spectra/6-C2M19.mzML	1251	0	304.229952130999	1	55261.020000000004	0.0
151	input_spectra/6-C2M19.mzML	1252	0	329.270505905151	1	55300.38	0.0
151	input_spectra/6-C2M19.mzML	1253	0	329.270505905151	1	55311.9	0.0
129	input_spectra/6-C2M19.mzML	1254	0	286.219561939508	1	55323.36	0.0
129	input_spectra/6-C2M19.mzML	1255	0	286.219561939508	1	55334.880000000005	0.0
136	input_spectra/6-C2M19.mzML	1256	0	304.229952130999	1	55346.34	0.0
136	input_spectra/6-C2M19.mzML	1257	0	304.229952130999	1	55357.86	0.0
128	input_spectra/6-C2M19.mzML	1258	0	286.219561939508	1	55397.22	0.0
129	input_spectra/6-C2M19.mzML	1259	0	286.219561939508	1	55408.740000000005	0.0
151	input_spectra/6-C2M19.mzML	1260	0	329.270505905151	1	55420.2	0.0
151	input_spectra/6-C2M19.mzML	1261	0	329.270505905151	1	55431.72	0.0
136	input_spectra/6-C2M19.mzML	1262	0	304.229952130999	1	55443.18	0.0
136	input_spectra/6-C2M19.mzML	1263	0	304.229952130999	1	55454.7	0.0
151	input_spectra/6-C2M19.mzML	1264	0	329.270505905151	1	55494.06	0.0
151	input_spectra/6-C2M19.mzML	1265	0	329.270505905151	1	55505.579999999994	0.0
129	input_spectra/6-C2M19.mzML	1266	0	286.219561939508	1	55517.04	0.0
129	input_spectra/6-C2M19.mzML	1267	0	286.219561939508	1	55528.56	0.0
156	input_spectra/6-C2M19.mzML	1268	0	346.276852476831	1	55590.9	0.0
157	input_spectra/6-C2M19.mzML	1269	0	346.276852476831	1	55602.42	0.0
156	input_spectra/6-C2M19.mzML	1270	0	346.276852476831	1	55641.780000000006	0.0
157	input_spectra/6-C2M19.mzML	1271	0	346.276852476831	1	55653.24	0.0
157	input_spectra/6-C2M19.mzML	1272	0	346.276852476831	1	55692.66	0.0
157	input_spectra/6-C2M19.mzML	1273	0	346.276852476831	1	55704.12	0.0
133	input_spectra/6-C2M19.mzML	1274	0	298.255271911621	1	55829.4	0.0
133	input_spectra/6-C2M19.mzML	1275	0	298.255271911621	1	55840.86	0.0
136	input_spectra/6-C2M19.mzML	1276	0	304.229952130999	1	56409.299999999996	0.0
136	input_spectra/6-C2M19.mzML	1277	0	304.229952130999	1	56420.76	0.0
136	input_spectra/6-C2M19.mzML	1278	0	304.229952130999	1	56460.119999999995	0.0
136	input_spectra/6-C2M19.mzML	1279	0	304.229952130999	1	56471.64	0.0
151	input_spectra/6-C2M19.mzML	1280	0	329.270505905151	1	56511.0	0.0
151	input_spectra/6-C2M19.mzML	1281	0	329.270505905151	1	56522.520000000004	0.0
129	input_spectra/6-C2M19.mzML	1282	0	286.219561939508	1	56533.979999999996	0.0
129	input_spectra/6-C2M19.mzML	1283	0	286.219561939508	1	56545.5	0.0
136	input_spectra/6-C2M19.mzML	1284	0	304.229952130999	1	56556.96	0.0
136	input_spectra/6-C2M19.mzML	1285	0	304.229952130999	1	56568.479999999996	0.0
133	input_spectra/6-C2M19.mzML	1286	0	298.255271911621	1	56579.94	0.0
133	input_spectra/6-C2M19.mzML	1287	0	298.255271911621	1	56591.46	0.0
129	input_spectra/6-C2M19.mzML	1288	0	286.219561939508	1	56630.82	0.0
129	input_spectra/6-C2M19.mzML	1289	0	286.219561939508	1	56642.34	0.0
151	input_spectra/6-C2M19.mzML	1290	0	329.270505905151	1	56653.8	0.0
151	input_spectra/6-C2M19.mzML	1291	0	329.270505905151	1	56665.32	0.0
151	input_spectra/6-C2M19.mzML	1292	0	329.270505905151	1	56704.74	0.0
151	input_spectra/6-C2M19.mzML	1293	0	329.270505905151	1	56716.2	0.0
129	input_spectra/6-C2M19.mzML	1294	0	286.219561939508	1	56727.72	0.0
129	input_spectra/6-C2M19.mzML	1295	0	286.219561939508	1	56739.18	0.0
156	input_spectra/6-C2M19.mzML	1296	0	346.276852476831	1	56778.54	0.0
157	input_spectra/6-C2M19.mzML	1297	0	346.276852476831	1	56790.06	0.0
156	input_spectra/6-C2M19.mzML	1298	0	346.276852476831	1	56829.420000000006	0.0
157	input_spectra/6-C2M19.mzML	1299	0	346.276852476831	1	56840.94	0.0
156	input_spectra/6-C2M19.mzML	1300	0	346.276852476831	1	56903.28	0.0
157	input_spectra/6-C2M19.mzML	1301	0	346.276852476831	1	56914.74	0.0
136	input_spectra/6-C2M19.mzML	1302	0	304.229952130999	1	57557.159999999996	0.0
136	input_spectra/6-C2M19.mzML	1303	0	304.229952130999	1	57568.619999999995	0.0
136	input_spectra/6-C2M19.mzML	1304	0	304.229952130999	1	57607.98	0.0
136	input_spectra/6-C2M19.mzML	1305	0	304.229952130999	1	57619.439999999995	0.0
133	input_spectra/6-C2M19.mzML	1306	0	298.255271911621	1	57630.9	0.0
133	input_spectra/6-C2M19.mzML	1307	0	298.255271911621	1	57642.42	0.0
136	input_spectra/6-C2M19.mzML	1308	0	304.229952130999	1	57681.780000000006	0.0
136	input_spectra/6-C2M19.mzML	1309	0	304.229952130999	1	57693.299999999996	0.0
151	input_spectra/6-C2M19.mzML	1310	0	329.270505905151	1	57732.72	0.0
151	input_spectra/6-C2M19.mzML	1311	0	329.270505905151	1	57744.18	0.0
129	input_spectra/6-C2M19.mzML	1312	0	286.219561939508	1	57755.700000000004	0.0
129	input_spectra/6-C2M19.mzML	1313	0	286.219561939508	1	57767.159999999996	0.0
151	input_spectra/6-C2M19.mzML	1314	0	329.270505905151	1	57806.520000000004	0.0
151	input_spectra/6-C2M19.mzML	1315	0	329.270505905151	1	57817.98	0.0
129	input_spectra/6-C2M19.mzML	1316	0	286.219561939508	1	57829.5	0.0
129	input_spectra/6-C2M19.mzML	1317	0	286.219561939508	1	57840.96	0.0
151	input_spectra/6-C2M19.mzML	1318	0	329.270505905151	1	57880.38	0.0
151	input_spectra/6-C2M19.mzML	1319	0	329.270505905151	1	57891.840000000004	0.0
129	input_spectra/6-C2M19.mzML	1320	0	286.219561939508	1	57903.36	0.0
129	input_spectra/6-C2M19.mzML	1321	0	286.219561939508	1	57914.82	0.0
156	input_spectra/6-C2M19.mzML	1322	0	346.276852476831	1	57954.18	0.0
157	input_spectra/6-C2M19.mzML	1323	0	346.276852476831	1	57965.64	0.0
156	input_spectra/6-C2M19.mzML	1324	0	346.276852476831	1	58005.06	0.0
157	input_spectra/6-C2M19.mzML	1325	0	346.276852476831	1	58016.520000000004	0.0
156	input_spectra/6-C2M19.mzML	1326	0	346.276852476831	1	58055.88	0.0
157	input_spectra/6-C2M19.mzML	1327	0	346.276852476831	1	58067.399999999994	0.0
6	input_spectra/6-C2M19.mzML	1328	0	117.072763352167	1	58331.520000000004	0.0
6	input_spectra/6-C2M19.mzML	1329	0	117.072763352167	1	58342.98	0.0
136	input_spectra/6-C2M19.mzML	1330	0	304.229952130999	1	58695.0	0.0
136	input_spectra/6-C2M19.mzML	1331	0	304.229952130999	1	58706.520000000004	0.0
136	input_spectra/6-C2M19.mzML	1332	0	304.229952130999	1	58745.82	0.0
136	input_spectra/6-C2M19.mzML	1333	0	304.229952130999	1	58757.34	0.0
136	input_spectra/6-C2M19.mzML	1334	0	304.229952130999	1	58796.700000000004	0.0
136	input_spectra/6-C2M19.mzML	1335	0	304.229952130999	1	58808.219999999994	0.0
151	input_spectra/6-C2M19.mzML	1336	0	329.270505905151	1	58907.7	0.0
151	input_spectra/6-C2M19.mzML	1337	0	329.270505905151	1	58919.159999999996	0.0
129	input_spectra/6-C2M19.mzML	1338	0	286.219561939508	1	58930.68	0.0
129	input_spectra/6-C2M19.mzML	1339	0	286.219561939508	1	58942.14	0.0
151	input_spectra/6-C2M19.mzML	1340	0	329.270505905151	1	58981.56	0.0
151	input_spectra/6-C2M19.mzML	1341	0	329.270505905151	1	58993.02	0.0
129	input_spectra/6-C2M19.mzML	1342	0	286.219561939508	1	59004.54	0.0
129	input_spectra/6-C2M19.mzML	1343	0	286.219561939508	1	59016.0	0.0
129	input_spectra/6-C2M19.mzML	1344	0	286.219561939508	1	59055.36	0.0
129	input_spectra/6-C2M19.mzML	1345	0	286.219561939508	1	59066.82	0.0
151	input_spectra/6-C2M19.mzML	1346	0	329.270505905151	1	59106.240000000005	0.0
151	input_spectra/6-C2M19.mzML	1347	0	329.270505905151	1	59117.76	0.0
156	input_spectra/6-C2M19.mzML	1348	0	346.276852476831	1	59157.12	0.0
157	input_spectra/6-C2M19.mzML	1349	0	346.276852476831	1	59168.58	0.0
156	input_spectra/6-C2M19.mzML	1350	0	346.276852476831	1	59207.94	0.0
157	input_spectra/6-C2M19.mzML	1351	0	346.276852476831	1	59219.46	0.0
156	input_spectra/6-C2M19.mzML	1352	0	346.276852476831	1	59258.82	0.0
157	input_spectra/6-C2M19.mzML	1353	0	346.276852476831	1	59270.340000000004	0.0
6	input_spectra/6-C2M19.mzML	1354	0	117.072763352167	1	59558.520000000004	0.0
6	input_spectra/6-C2M19.mzML	1355	0	117.072763352167	1	59569.979999999996	0.0
6	input_spectra/6-C2M19.mzML	1356	0	117.072763352167	1	59681.520000000004	0.0
6	input_spectra/6-C2M19.mzML	1357	0	117.072763352167	1	59692.98	0.0
72	input_spectra/6-C2M19.mzML	1358	0	185.110315393519	1	59804.46	0.0
72	input_spectra/6-C2M19.mzML	1359	0	185.110315393519	1	59815.92	0.0
136	input_spectra/6-C2M19.mzML	1360	0	304.229952130999	1	59855.28	0.0
136	input_spectra/6-C2M19.mzML	1361	0	304.229952130999	1	59866.799999999996	0.0
136	input_spectra/6-C2M19.mzML	1362	0	304.229952130999	1	59906.16	0.0
136	input_spectra/6-C2M19.mzML	1363	0	304.229952130999	1	59917.68	0.0
136	input_spectra/6-C2M19.mzML	1364	0	304.229952130999	1	59957.04	0.0
136	input_spectra/6-C2M19.mzML	1365	0	304.229952130999	1	59968.56	0.0
129	input_spectra/6-C2M19.mzML	1366	0	286.219561939508	1	1001.33	0.0
129	input_spectra/6-C2M19.mzML	1367	0	286.219561939508	1	1001.53	0.0
129	input_spectra/6-C2M19.mzML	1368	0	286.219561939508	1	1002.18	0.0
129	input_spectra/6-C2M19.mzML	1369	0	286.219561939508	1	1002.37	0.0
151	input_spectra/6-C2M19.mzML	1370	0	329.270505905151	1	1003.03	0.0
151	input_spectra/6-C2M19.mzML	1371	0	329.270505905151	1	1003.22	0.0
129	input_spectra/6-C2M19.mzML	1372	0	286.219561939508	1	1003.41	0.0
129	input_spectra/6-C2M19.mzML	1373	0	286.219561939508	1	1003.6	0.0
151	input_spectra/6-C2M19.mzML	1374	0	329.270505905151	1	1004.26	0.0
151	input_spectra/6-C2M19.mzML	1375	0	329.270505905151	1	1004.45	0.0
151	input_spectra/6-C2M19.mzML	1376	0	329.270505905151	1	1005.11	0.0
151	input_spectra/6-C2M19.mzML	1377	0	329.270505905151	1	1005.3	0.0
156	input_spectra/6-C2M19.mzML	1378	0	346.276852476831	1	1005.96	0.0
157	input_spectra/6-C2M19.mzML	1379	0	346.276852476831	1	1006.15	0.0
156	input_spectra/6-C2M19.mzML	1380	0	346.276852476831	1	1006.8	0.0
157	input_spectra/6-C2M19.mzML	1381	0	346.276852476831	1	1006.99	0.0
156	input_spectra/6-C2M19.mzML	1382	0	346.276852476831	1	1007.65	0.0
157	input_spectra/6-C2M19.mzML	1383	0	346.276852476831	1	1007.84	0.0
6	input_spectra/6-C2M19.mzML	1384	0	117.072763352167	1	1012.98	0.0
6	input_spectra/6-C2M19.mzML	1385	0	117.072763352167	1	1013.18	0.0
6	input_spectra/6-C2M19.mzML	1386	0	117.072763352167	1	1013.83	0.0
6	input_spectra/6-C2M19.mzML	1387	0	117.072763352167	1	1014.02	0.0
6	input_spectra/6-C2M19.mzML	1388	0	117.072763352167	1	1014.68	0.0
6	input_spectra/6-C2M19.mzML	1389	0	117.072763352167	1	1014.87	0.0
136	input_spectra/6-C2M19.mzML	1390	0	304.229952130999	1	1016.73	0.0
136	input_spectra/6-C2M19.mzML	1391	0	304.229952130999	1	1016.92	0.0
136	input_spectra/6-C2M19.mzML	1392	0	304.229952130999	1	1017.57	0.0
136	input_spectra/6-C2M19.mzML	1393	0	304.229952130999	1	1017.77	0.0
136	input_spectra/6-C2M19.mzML	1394	0	304.229952130999	1	1018.42	0.0
136	input_spectra/6-C2M19.mzML	1395	0	304.229952130999	1	1018.61	0.0
129	input_spectra/6-C2M19.mzML	1396	0	286.219561939508	1	1020.67	0.0
129	input_spectra/6-C2M19.mzML	1397	0	286.219561939508	1	1020.87	0.0
129	input_spectra/6-C2M19.mzML	1398	0	286.219561939508	1	1021.52	0.0
129	input_spectra/6-C2M19.mzML	1399	0	286.219561939508	1	1021.71	0.0
129	input_spectra/6-C2M19.mzML	1400	0	286.219561939508	1	1022.37	0.0
129	input_spectra/6-C2M19.mzML	1401	0	286.219561939508	1	1022.56	0.0
151	input_spectra/6-C2M19.mzML	1402	0	329.270505905151	1	1023.22	0.0
151	input_spectra/6-C2M19.mzML	1403	0	329.270505905151	1	1023.41	0.0
151	input_spectra/6-C2M19.mzML	1404	0	329.270505905151	1	1024.06	0.0
151	input_spectra/6-C2M19.mzML	1405	0	329.270505905151	1	1024.26	0.0
151	input_spectra/6-C2M19.mzML	1406	0	329.270505905151	1	1024.91	0.0
151	input_spectra/6-C2M19.mzML	1407	0	329.270505905151	1	1025.1	0.0
156	input_spectra/6-C2M19.mzML	1408	0	346.276852476831	1	1025.76	0.0
157	input_spectra/6-C2M19.mzML	1409	0	346.276852476831	1	1025.95	0.0
156	input_spectra/6-C2M19.mzML	1410	0	346.276852476831	1	1026.61	0.0
157	input_spectra/6-C2M19.mzML	1411	0	346.276852476831	1	1026.8	0.0
156	input_spectra/6-C2M19.mzML	1412	0	346.276852476831	1	1027.45	0.0
157	input_spectra/6-C2M19.mzML	1413	0	346.276852476831	1	1027.65	0.0
72	input_spectra/6-C2M19.mzML	1414	0	185.110315393519	1	1030.38	0.0
72	input_spectra/6-C2M19.mzML	1415	0	185.110315393519	1	1030.57	0.0
72	input_spectra/6-C2M19.mzML	1416	0	185.110315393519	1	1031.23	0.0
72	input_spectra/6-C2M19.mzML	1417	0	185.110315393519	1	1031.42	0.0
6	input_spectra/6-C2M19.mzML	1418	0	117.072763352167	1	1032.68	0.0
6	input_spectra/6-C2M19.mzML	1419	0	117.072763352167	1	1032.87	0.0
6	input_spectra/6-C2M19.mzML	1420	0	117.072763352167	1	1033.52	0.0
6	input_spectra/6-C2M19.mzML	1421	0	117.072763352167	1	1033.71	0.0
6	input_spectra/6-C2M19.mzML	1422	0	117.072763352167	1	1034.37	0.0
6	input_spectra/6-C2M19.mzML	1423	0	117.072763352167	1	1034.56	0.0
136	input_spectra/6-C2M19.mzML	1424	0	304.229952130999	1	1035.82	0.0
136	input_spectra/6-C2M19.mzML	1425	0	304.229952130999	1	1036.01	0.0
136	input_spectra/6-C2M19.mzML	1426	0	304.229952130999	1	1036.67	0.0
136	input_spectra/6-C2M19.mzML	1427	0	304.229952130999	1	1036.86	0.0
136	input_spectra/6-C2M19.mzML	1428	0	304.229952130999	1	1037.51	0.0
136	input_spectra/6-C2M19.mzML	1429	0	304.229952130999	1	1037.7	0.0
129	input_spectra/6-C2M19.mzML	1430	0	286.219561939508	1	1039.81	0.0
129	input_spectra/6-C2M19.mzML	1431	0	286.219561939508	1	1040.0	0.0
129	input_spectra/6-C2M19.mzML	1432	0	286.219561939508	1	1040.66	0.0
129	input_spectra/6-C2M19.mzML	1433	0	286.219561939508	1	1040.85	0.0
129	input_spectra/6-C2M19.mzML	1434	0	286.219561939508	1	1041.51	0.0
129	input_spectra/6-C2M19.mzML	1435	0	286.219561939508	1	1041.7	0.0
151	input_spectra/6-C2M19.mzML	1436	0	329.270505905151	1	1042.74	0.0
151	input_spectra/6-C2M19.mzML	1437	0	329.270505905151	1	1042.93	0.0
151	input_spectra/6-C2M19.mzML	1438	0	329.270505905151	1	1043.58	0.0
151	input_spectra/6-C2M19.mzML	1439	0	329.270505905151	1	1043.78	0.0
151	input_spectra/6-C2M19.mzML	1440	0	329.270505905151	1	1044.82	0.0
151	input_spectra/6-C2M19.mzML	1441	0	329.270505905151	1	1045.01	0.0
157	input_spectra/6-C2M19.mzML	1442	0	346.276852476831	1	1045.2	0.0
157	input_spectra/6-C2M19.mzML	1443	0	346.276852476831	1	1045.39	0.0
156	input_spectra/6-C2M19.mzML	1444	0	346.276852476831	1	1046.05	0.0
157	input_spectra/6-C2M19.mzML	1445	0	346.276852476831	1	1046.24	0.0
156	input_spectra/6-C2M19.mzML	1446	0	346.276852476831	1	1046.89	0.0
157	input_spectra/6-C2M19.mzML	1447	0	346.276852476831	1	1047.09	0.0
72	input_spectra/6-C2M19.mzML	1448	0	185.110315393519	1	1049.82	0.0
72	input_spectra/6-C2M19.mzML	1449	0	185.110315393519	1	1050.01	0.0
72	input_spectra/6-C2M19.mzML	1450	0	185.110315393519	1	1050.67	0.0
72	input_spectra/6-C2M19.mzML	1451	0	185.110315393519	1	1050.86	0.0
72	input_spectra/6-C2M19.mzML	1452	0	185.110315393519	1	1051.52	0.0
72	input_spectra/6-C2M19.mzML	1453	0	185.110315393519	1	1051.71	0.0
6	input_spectra/6-C2M19.mzML	1454	0	117.072763352167	1	1052.56	0.0
6	input_spectra/6-C2M19.mzML	1455	0	117.072763352167	1	1052.76	0.0
6	input_spectra/6-C2M19.mzML	1456	0	117.072763352167	1	1053.61	0.0
6	input_spectra/6-C2M19.mzML	1457	0	117.072763352167	1	1053.8	0.0
6	input_spectra/6-C2M19.mzML	1458	0	117.072763352167	1	1054.66	0.0
6	input_spectra/6-C2M19.mzML	1459	0	117.072763352167	1	1054.85	0.0
136	input_spectra/6-C2M19.mzML	1460	0	304.229952130999	1	1055.51	0.0
136	input_spectra/6-C2M19.mzML	1461	0	304.229952130999	1	1055.7	0.0
136	input_spectra/6-C2M19.mzML	1462	0	304.229952130999	1	1056.35	0.0
136	input_spectra/6-C2M19.mzML	1463	0	304.229952130999	1	1056.54	0.0
136	input_spectra/6-C2M19.mzML	1464	0	304.229952130999	1	1057.2	0.0
136	input_spectra/6-C2M19.mzML	1465	0	304.229952130999	1	1057.39	0.0
128	input_spectra/6-C2M19.mzML	1466	0	286.219561939508	1	1059.25	0.0
129	input_spectra/6-C2M19.mzML	1467	0	286.219561939508	1	1059.44	0.0
129	input_spectra/6-C2M19.mzML	1468	0	286.219561939508	1	1060.1	0.0
129	input_spectra/6-C2M19.mzML	1469	0	286.219561939508	1	1060.29	0.0
129	input_spectra/6-C2M19.mzML	1470	0	286.219561939508	1	1060.95	0.0
129	input_spectra/6-C2M19.mzML	1471	0	286.219561939508	1	1061.14	0.0
151	input_spectra/6-C2M19.mzML	1472	0	329.270505905151	1	1061.79	0.0
151	input_spectra/6-C2M19.mzML	1473	0	329.270505905151	1	1061.99	0.0
151	input_spectra/6-C2M19.mzML	1474	0	329.270505905151	1	1063.02	0.0
151	input_spectra/6-C2M19.mzML	1475	0	329.270505905151	1	1063.22	0.0
151	input_spectra/6-C2M19.mzML	1476	0	329.270505905151	1	1064.26	0.0
151	input_spectra/6-C2M19.mzML	1477	0	329.270505905151	1	1064.45	0.0
156	input_spectra/6-C2M19.mzML	1478	0	346.276852476831	1	1064.64	0.0
157	input_spectra/6-C2M19.mzML	1479	0	346.276852476831	1	1064.83	0.0
157	input_spectra/6-C2M19.mzML	1480	0	346.276852476831	1	1065.87	0.0
157	input_spectra/6-C2M19.mzML	1481	0	346.276852476831	1	1066.06	0.0
156	input_spectra/6-C2M19.mzML	1482	0	346.276852476831	1	1066.72	0.0
157	input_spectra/6-C2M19.mzML	1483	0	346.276852476831	1	1066.91	0.0
72	input_spectra/6-C2M19.mzML	1484	0	185.110315393519	1	1069.65	0.0
72	input_spectra/6-C2M19.mzML	1485	0	185.110315393519	1	1069.84	0.0
72	input_spectra/6-C2M19.mzML	1486	0	185.110315393519	1	1070.49	0.0
72	input_spectra/6-C2M19.mzML	1487	0	185.110315393519	1	1070.68	0.0
72	input_spectra/6-C2M19.mzML	1488	0	185.110315393519	1	1071.34	0.0
72	input_spectra/6-C2M19.mzML	1489	0	185.110315393519	1	1071.53	0.0
6	input_spectra/6-C2M19.mzML	1490	0	117.072763352167	1	1072.79	0.0
6	input_spectra/6-C2M19.mzML	1491	0	117.072763352167	1	1072.98	0.0
6	input_spectra/6-C2M19.mzML	1492	0	117.072763352167	1	1073.64	0.0
6	input_spectra/6-C2M19.mzML	1493	0	117.072763352167	1	1073.83	0.0
6	input_spectra/6-C2M19.mzML	1494	0	117.072763352167	1	1074.48	0.0
6	input_spectra/6-C2M19.mzML	1495	0	117.072763352167	1	1074.68	0.0
136	input_spectra/6-C2M19.mzML	1496	0	304.229952130999	1	1075.33	0.0
136	input_spectra/6-C2M19.mzML	1497	0	304.229952130999	1	1075.52	0.0
136	input_spectra/6-C2M19.mzML	1498	0	304.229952130999	1	1076.18	0.0
136	input_spectra/6-C2M19.mzML	1499	0	304.229952130999	1	1076.37	0.0
136	input_spectra/6-C2M19.mzML	1500	0	304.229952130999	1	1077.03	0.0
136	input_spectra/6-C2M19.mzML	1501	0	304.229952130999	1	1077.22	0.0
129	input_spectra/6-C2M19.mzML	1502	0	286.219561939508	1	1078.28	0.0
129	input_spectra/6-C2M19.mzML	1503	0	286.219561939508	1	1078.47	0.0
129	input_spectra/6-C2M19.mzML	1504	0	286.219561939508	1	1079.12	0.0
129	input_spectra/6-C2M19.mzML	1505	0	286.219561939508	1	1079.32	0.0
129	input_spectra/6-C2M19.mzML	1506	0	286.219561939508	1	1079.97	0.0
129	input_spectra/6-C2M19.mzML	1507	0	286.219561939508	1	1080.16	0.0
151	input_spectra/6-C2M19.mzML	1508	0	329.270505905151	1	1081.22	0.0
151	input_spectra/6-C2M19.mzML	1509	0	329.270505905151	1	1081.41	0.0
151	input_spectra/6-C2M19.mzML	1510	0	329.270505905151	1	1082.45	0.0
151	input_spectra/6-C2M19.mzML	1511	0	329.270505905151	1	1082.64	0.0
151	input_spectra/6-C2M19.mzML	1512	0	329.270505905151	1	1083.69	0.0
151	input_spectra/6-C2M19.mzML	1513	0	329.270505905151	1	1083.88	0.0
156	input_spectra/6-C2M19.mzML	1514	0	346.276852476831	1	1084.92	0.0
157	input_spectra/6-C2M19.mzML	1515	0	346.276852476831	1	1085.11	0.0
156	input_spectra/6-C2M19.mzML	1516	0	346.276852476831	1	1085.76	0.0
157	input_spectra/6-C2M19.mzML	1517	0	346.276852476831	1	1085.96	0.0
156	input_spectra/6-C2M19.mzML	1518	0	346.276852476831	1	1086.61	0.0
157	input_spectra/6-C2M19.mzML	1519	0	346.276852476831	1	1086.8	0.0
72	input_spectra/6-C2M19.mzML	1520	0	185.110315393519	1	1089.07	0.0
72	input_spectra/6-C2M19.mzML	1521	0	185.110315393519	1	1089.26	0.0
72	input_spectra/6-C2M19.mzML	1522	0	185.110315393519	1	1089.92	0.0
72	input_spectra/6-C2M19.mzML	1523	0	185.110315393519	1	1090.11	0.0
72	input_spectra/6-C2M19.mzML	1524	0	185.110315393519	1	1090.77	0.0
72	input_spectra/6-C2M19.mzML	1525	0	185.110315393519	1	1090.96	0.0
6	input_spectra/6-C2M19.mzML	1526	0	117.072763352167	1	1092.22	0.0
6	input_spectra/6-C2M19.mzML	1527	0	117.072763352167	1	1092.41	0.0
6	input_spectra/6-C2M19.mzML	1528	0	117.072763352167	1	1093.06	0.0
6	input_spectra/6-C2M19.mzML	1529	0	117.072763352167	1	1093.26	0.0
6	input_spectra/6-C2M19.mzML	1530	0	117.072763352167	1	1093.91	0.0
6	input_spectra/6-C2M19.mzML	1531	0	117.072763352167	1	1094.1	0.0
136	input_spectra/6-C2M19.mzML	1532	0	304.229952130999	1	1094.76	0.0
136	input_spectra/6-C2M19.mzML	1533	0	304.229952130999	1	1094.95	0.0
136	input_spectra/6-C2M19.mzML	1534	0	304.229952130999	1	1095.61	0.0
136	input_spectra/6-C2M19.mzML	1535	0	304.229952130999	1	1095.8	0.0
136	input_spectra/6-C2M19.mzML	1536	0	304.229952130999	1	1096.45	0.0
136	input_spectra/6-C2M19.mzML	1537	0	304.229952130999	1	1096.65	0.0
129	input_spectra/6-C2M19.mzML	1538	0	286.219561939508	1	1097.7	0.0
129	input_spectra/6-C2M19.mzML	1539	0	286.219561939508	1	1097.89	0.0
129	input_spectra/6-C2M19.mzML	1540	0	286.219561939508	1	1098.55	0.0
129	input_spectra/6-C2M19.mzML	1541	0	286.219561939508	1	1098.74	0.0
129	input_spectra/6-C2M19.mzML	1542	0	286.219561939508	1	1099.4	0.0
129	input_spectra/6-C2M19.mzML	1543	0	286.219561939508	1	1099.59	0.0
151	input_spectra/6-C2M19.mzML	1544	0	329.270505905151	1	1100.65	0.0
151	input_spectra/6-C2M19.mzML	1545	0	329.270505905151	1	1100.84	0.0
151	input_spectra/6-C2M19.mzML	1546	0	329.270505905151	1	1101.88	0.0
151	input_spectra/6-C2M19.mzML	1547	0	329.270505905151	1	1102.07	0.0
150	input_spectra/6-C2M19.mzML	1548	0	328.267982177734	1	1103.11	0.0
146	input_spectra/6-C2M19.mzML	1549	0	328.267982177734	1	1103.3	0.0
150	input_spectra/6-C2M19.mzML	1550	0	328.267982177734	1	1104.34	0.0
146	input_spectra/6-C2M19.mzML	1551	0	328.267982177734	1	1104.53	0.0
150	input_spectra/6-C2M19.mzML	1552	0	328.267982177734	1	1105.19	0.0
146	input_spectra/6-C2M19.mzML	1553	0	328.267982177734	1	1105.38	0.0
72	input_spectra/6-C2M19.mzML	1554	0	185.110315393519	1	1108.24	0.0
72	input_spectra/6-C2M19.mzML	1555	0	185.110315393519	1	1108.43	0.0
72	input_spectra/6-C2M19.mzML	1556	0	185.110315393519	1	1109.09	0.0
72	input_spectra/6-C2M19.mzML	1557	0	185.110315393519	1	1109.28	0.0
72	input_spectra/6-C2M19.mzML	1558	0	185.110315393519	1	1109.94	0.0
72	input_spectra/6-C2M19.mzML	1559	0	185.110315393519	1	1110.13	0.0
129	input_spectra/6-C2M19.mzML	1560	0	286.219561939508	1	1116.8	0.0
129	input_spectra/6-C2M19.mzML	1561	0	286.219561939508	1	1116.99	0.0
129	input_spectra/6-C2M19.mzML	1562	0	286.219561939508	1	1119.05	0.0
128	input_spectra/6-C2M19.mzML	1563	0	286.219561939508	1	1119.24	0.0
149	input_spectra/6-C2M19.mzML	1564	0	328.267982177734	1	1123.04	0.0
146	input_spectra/6-C2M19.mzML	1565	0	328.267982177734	1	1123.23	0.0
150	input_spectra/6-C2M19.mzML	1566	0	328.267982177734	1	1123.89	0.0
146	input_spectra/6-C2M19.mzML	1567	0	328.267982177734	1	1124.08	0.0
150	input_spectra/6-C2M19.mzML	1568	0	328.267982177734	1	1124.74	0.0
146	input_spectra/6-C2M19.mzML	1569	0	328.267982177734	1	1124.93	0.0
72	input_spectra/6-C2M19.mzML	1570	0	185.110315393519	1	1127.19	0.0
72	input_spectra/6-C2M19.mzML	1571	0	185.110315393519	1	1127.38	0.0
72	input_spectra/6-C2M19.mzML	1572	0	185.110315393519	1	1128.03	0.0
72	input_spectra/6-C2M19.mzML	1573	0	185.110315393519	1	1128.23	0.0
72	input_spectra/6-C2M19.mzML	1574	0	185.110315393519	1	1128.88	0.0
72	input_spectra/6-C2M19.mzML	1575	0	185.110315393519	1	1129.07	0.0
149	input_spectra/6-C2M19.mzML	1576	0	328.267982177734	1	1142.69	0.0
146	input_spectra/6-C2M19.mzML	1577	0	328.267982177734	1	1142.88	0.0
150	input_spectra/6-C2M19.mzML	1578	0	328.267982177734	1	1143.54	0.0
146	input_spectra/6-C2M19.mzML	1579	0	328.267982177734	1	1143.73	0.0
144	input_spectra/6-C2M19.mzML	1580	0	328.267982177734	1	1144.39	0.0
147	input_spectra/6-C2M19.mzML	1581	0	328.267982177734	1	1144.58	0.0
72	input_spectra/6-C2M19.mzML	1582	0	185.110315393519	1	1146.24	0.0
72	input_spectra/6-C2M19.mzML	1583	0	185.110315393519	1	1146.43	0.0
72	input_spectra/6-C2M19.mzML	1584	0	185.110315393519	1	1147.09	0.0
72	input_spectra/6-C2M19.mzML	1585	0	185.110315393519	1	1147.28	0.0
72	input_spectra/6-C2M19.mzML	1586	0	185.110315393519	1	1147.93	0.0
72	input_spectra/6-C2M19.mzML	1587	0	185.110315393519	1	1148.12	0.0
143	input_spectra/6-C2M19.mzML	1588	0	328.267982177734	1	1161.75	0.0
148	input_spectra/6-C2M19.mzML	1589	0	328.267982177734	1	1161.94	0.0
149	input_spectra/6-C2M19.mzML	1590	0	328.267982177734	1	1162.59	0.0
146	input_spectra/6-C2M19.mzML	1591	0	328.267982177734	1	1162.79	0.0
150	input_spectra/6-C2M19.mzML	1592	0	328.267982177734	1	1163.44	0.0
146	input_spectra/6-C2M19.mzML	1593	0	328.267982177734	1	1163.63	0.0
236	input_spectra/6-C2M19.mzML	1594	0	542.349914550781	1	1164.69	0.0
236	input_spectra/6-C2M19.mzML	1595	0	542.349914550781	1	1164.88	0.0
72	input_spectra/6-C2M19.mzML	1596	0	185.110315393519	1	1165.54	0.0
72	input_spectra/6-C2M19.mzML	1597	0	185.110315393519	1	1165.73	0.0
236	input_spectra/6-C2M19.mzML	1598	0	542.349914550781	1	1165.92	0.0
236	input_spectra/6-C2M19.mzML	1599	0	542.349914550781	1	1166.12	0.0
72	input_spectra/6-C2M19.mzML	1600	0	185.110315393519	1	1166.77	0.0
72	input_spectra/6-C2M19.mzML	1601	0	185.110315393519	1	1166.96	0.0
72	input_spectra/6-C2M19.mzML	1602	0	185.110315393519	1	1167.62	0.0
72	input_spectra/6-C2M19.mzML	1603	0	185.110315393519	1	1167.81	0.0
147	input_spectra/6-C2M19.mzML	1604	0	328.267982177734	1	1180.83	0.0
146	input_spectra/6-C2M19.mzML	1605	0	328.267982177734	1	1181.02	0.0
150	input_spectra/6-C2M19.mzML	1606	0	328.267982177734	1	1181.68	0.0
146	input_spectra/6-C2M19.mzML	1607	0	328.267982177734	1	1181.87	0.0
150	input_spectra/6-C2M19.mzML	1608	0	328.267982177734	1	1182.53	0.0
146	input_spectra/6-C2M19.mzML	1609	0	328.267982177734	1	1182.72	0.0
72	input_spectra/6-C2M19.mzML	1610	0	185.110315393519	1	1185.18	0.0
72	input_spectra/6-C2M19.mzML	1611	0	185.110315393519	1	1185.37	0.0
72	input_spectra/6-C2M19.mzML	1612	0	185.110315393519	1	1186.02	0.0
72	input_spectra/6-C2M19.mzML	1613	0	185.110315393519	1	1186.22	0.0
72	input_spectra/6-C2M19.mzML	1614	0	185.110315393519	1	1186.87	0.0
72	input_spectra/6-C2M19.mzML	1615	0	185.110315393519	1	1187.06	0.0
135	input_spectra/6-C2M19.mzML	1616	0	302.286834716797	1	1190.53	0.0
135	input_spectra/6-C2M19.mzML	1617	0	302.286834716797	1	1190.72	0.0
135	input_spectra/6-C2M19.mzML	1618	0	302.286834716797	1	1191.77	0.0
135	input_spectra/6-C2M19.mzML	1619	0	302.286834716797	1	1191.96	0.0
135	input_spectra/6-C2M19.mzML	1620	0	302.286834716797	1	1193.82	0.0
135	input_spectra/6-C2M19.mzML	1621	0	302.286834716797	1	1194.02	0.0
3	input_spectra/bkgrnd-marine-broth.mzML	1622	0	110.009817759196	1	6384.900000000001	0.0
4	input_spectra/bkgrnd-marine-broth.mzML	1623	0	110.009817759196	1	6396.36	0.0
3	input_spectra/bkgrnd-marine-broth.mzML	1624	0	110.009817759196	1	6435.66	0.0
3	input_spectra/bkgrnd-marine-broth.mzML	1625	0	110.009817759196	1	6447.18	0.0
42	input_spectra/bkgrnd-marine-broth.mzML	1626	0	146.166600545247	1	6458.64	0.0
42	input_spectra/bkgrnd-marine-broth.mzML	1627	0	146.166600545247	1	6470.099999999999	0.0
14	input_spectra/bkgrnd-marine-broth.mzML	1628	0	125.987463378906	1	6481.5599999999995	0.0
14	input_spectra/bkgrnd-marine-broth.mzML	1629	0	125.987463378906	1	6493.08	0.0
47	input_spectra/bkgrnd-marine-broth.mzML	1630	0	151.036672973633	1	6504.54	0.0
47	input_spectra/bkgrnd-marine-broth.mzML	1631	0	151.036672973633	1	6516.0	0.0
3	input_spectra/bkgrnd-marine-broth.mzML	1632	0	110.009817759196	1	6555.36	0.0
3	input_spectra/bkgrnd-marine-broth.mzML	1633	0	110.009817759196	1	6566.879999999999	0.0
14	input_spectra/bkgrnd-marine-broth.mzML	1634	0	125.987463378906	1	6578.34	0.0
14	input_spectra/bkgrnd-marine-broth.mzML	1635	0	125.987463378906	1	6589.8	0.0
42	input_spectra/bkgrnd-marine-broth.mzML	1636	0	146.166600545247	1	6601.26	0.0
42	input_spectra/bkgrnd-marine-broth.mzML	1637	0	146.166600545247	1	6612.78	0.0
47	input_spectra/bkgrnd-marine-broth.mzML	1638	0	151.036672973633	1	6624.24	0.0
47	input_spectra/bkgrnd-marine-broth.mzML	1639	0	151.036672973633	1	6635.7	0.0
90	input_spectra/bkgrnd-marine-broth.mzML	1640	0	223.991306304932	1	6647.22	0.0
90	input_spectra/bkgrnd-marine-broth.mzML	1641	0	223.991306304932	1	6658.679999999999	0.0
14	input_spectra/bkgrnd-marine-broth.mzML	1642	0	125.987463378906	1	6698.1	0.0
14	input_spectra/bkgrnd-marine-broth.mzML	1643	0	125.987463378906	1	6709.5599999999995	0.0
42	input_spectra/bkgrnd-marine-broth.mzML	1644	0	146.166600545247	1	6721.08	0.0
42	input_spectra/bkgrnd-marine-broth.mzML	1645	0	146.166600545247	1	6732.54	0.0
79	input_spectra/bkgrnd-marine-broth.mzML	1646	0	198.94199625651	1	6744.0	0.0
79	input_spectra/bkgrnd-marine-broth.mzML	1647	0	198.94199625651	1	6755.5199999999995	0.0
90	input_spectra/bkgrnd-marine-broth.mzML	1648	0	223.991306304932	1	6766.9800000000005	0.0
90	input_spectra/bkgrnd-marine-broth.mzML	1649	0	223.991306304932	1	6778.4400000000005	0.0
47	input_spectra/bkgrnd-marine-broth.mzML	1650	0	151.036672973633	1	6789.96	0.0
47	input_spectra/bkgrnd-marine-broth.mzML	1651	0	151.036672973633	1	6801.42	0.0
79	input_spectra/bkgrnd-marine-broth.mzML	1652	0	198.94199625651	1	6840.780000000001	0.0
79	input_spectra/bkgrnd-marine-broth.mzML	1653	0	198.94199625651	1	6852.3	0.0
90	input_spectra/bkgrnd-marine-broth.mzML	1654	0	223.991306304932	1	6863.76	0.0
90	input_spectra/bkgrnd-marine-broth.mzML	1655	0	223.991306304932	1	6875.22	0.0
68	input_spectra/bkgrnd-marine-broth.mzML	1656	0	182.964279174805	1	6886.74	0.0
69	input_spectra/bkgrnd-marine-broth.mzML	1657	0	182.964279174805	1	6898.2	0.0
103	input_spectra/bkgrnd-marine-broth.mzML	1658	0	239.968907674154	1	6909.72	0.0
103	input_spectra/bkgrnd-marine-broth.mzML	1659	0	239.968907674154	1	6921.179999999999	0.0
81	input_spectra/bkgrnd-marine-broth.mzML	1660	0	203.224990844727	1	6932.639999999999	0.0
81	input_spectra/bkgrnd-marine-broth.mzML	1661	0	203.224990844727	1	6944.16	0.0
79	input_spectra/bkgrnd-marine-broth.mzML	1662	0	198.94199625651	1	6983.5199999999995	0.0
79	input_spectra/bkgrnd-marine-broth.mzML	1663	0	198.94199625651	1	6994.98	0.0
68	input_spectra/bkgrnd-marine-broth.mzML	1664	0	182.964279174805	1	7006.5	0.0
69	input_spectra/bkgrnd-marine-broth.mzML	1665	0	182.964279174805	1	7017.96	0.0
103	input_spectra/bkgrnd-marine-broth.mzML	1666	0	239.968907674154	1	7029.42	0.0
103	input_spectra/bkgrnd-marine-broth.mzML	1667	0	239.968907674154	1	7040.9400000000005	0.0
81	input_spectra/bkgrnd-marine-broth.mzML	1668	0	203.224990844727	1	7052.400000000001	0.0
81	input_spectra/bkgrnd-marine-broth.mzML	1669	0	203.224990844727	1	7063.92	0.0
117	input_spectra/bkgrnd-marine-broth.mzML	1670	0	265.018218994141	1	7075.38	0.0
117	input_spectra/bkgrnd-marine-broth.mzML	1671	0	265.018218994141	1	7086.9	0.0
68	input_spectra/bkgrnd-marine-broth.mzML	1672	0	182.964279174805	1	7126.26	0.0
69	input_spectra/bkgrnd-marine-broth.mzML	1673	0	182.964279174805	1	7137.72	0.0
103	input_spectra/bkgrnd-marine-broth.mzML	1674	0	239.968907674154	1	7149.24	0.0
103	input_spectra/bkgrnd-marine-broth.mzML	1675	0	239.968907674154	1	7160.7	0.0
86	input_spectra/bkgrnd-marine-broth.mzML	1676	0	214.91953531901	1	7172.16	0.0
86	input_spectra/bkgrnd-marine-broth.mzML	1677	0	214.91953531901	1	7183.679999999999	0.0
81	input_spectra/bkgrnd-marine-broth.mzML	1678	0	203.224990844727	1	7195.139999999999	0.0
81	input_spectra/bkgrnd-marine-broth.mzML	1679	0	203.224990844727	1	7206.6	0.0
117	input_spectra/bkgrnd-marine-broth.mzML	1680	0	265.018218994141	1	7218.120000000001	0.0
117	input_spectra/bkgrnd-marine-broth.mzML	1681	0	265.018218994141	1	7229.58	0.0
86	input_spectra/bkgrnd-marine-broth.mzML	1682	0	214.91953531901	1	7269.0	0.0
86	input_spectra/bkgrnd-marine-broth.mzML	1683	0	214.91953531901	1	7280.46	0.0
117	input_spectra/bkgrnd-marine-broth.mzML	1684	0	265.018218994141	1	7291.9800000000005	0.0
117	input_spectra/bkgrnd-marine-broth.mzML	1685	0	265.018218994141	1	7303.4400000000005	0.0
86	input_spectra/bkgrnd-marine-broth.mzML	1686	0	214.91953531901	1	7342.799999999999	0.0
86	input_spectra/bkgrnd-marine-broth.mzML	1687	0	214.91953531901	1	7354.32	0.0
3	input_spectra/bkgrnd-marine-broth.mzML	1688	0	110.009817759196	1	7549.98	0.0
3	input_spectra/bkgrnd-marine-broth.mzML	1689	0	110.009817759196	1	7561.5	0.0
3	input_spectra/bkgrnd-marine-broth.mzML	1690	0	110.009817759196	1	7600.8	0.0
3	input_spectra/bkgrnd-marine-broth.mzML	1691	0	110.009817759196	1	7612.259999999999	0.0
3	input_spectra/bkgrnd-marine-broth.mzML	1692	0	110.009817759196	1	7651.62	0.0
3	input_spectra/bkgrnd-marine-broth.mzML	1693	0	110.009817759196	1	7663.139999999999	0.0
42	input_spectra/bkgrnd-marine-broth.mzML	1694	0	146.166600545247	1	7702.5	0.0
42	input_spectra/bkgrnd-marine-broth.mzML	1695	0	146.166600545247	1	7713.96	0.0
14	input_spectra/bkgrnd-marine-broth.mzML	1696	0	125.987463378906	1	7725.42	0.0
14	input_spectra/bkgrnd-marine-broth.mzML	1697	0	125.987463378906	1	7736.88	0.0
47	input_spectra/bkgrnd-marine-broth.mzML	1698	0	151.036672973633	1	7748.4	0.0
47	input_spectra/bkgrnd-marine-broth.mzML	1699	0	151.036672973633	1	7759.86	0.0
42	input_spectra/bkgrnd-marine-broth.mzML	1700	0	146.166600545247	1	7799.219999999999	0.0
42	input_spectra/bkgrnd-marine-broth.mzML	1701	0	146.166600545247	1	7810.74	0.0
90	input_spectra/bkgrnd-marine-broth.mzML	1702	0	223.991306304932	1	7822.200000000001	0.0
90	input_spectra/bkgrnd-marine-broth.mzML	1703	0	223.991306304932	1	7833.720000000001	0.0
14	input_spectra/bkgrnd-marine-broth.mzML	1704	0	125.987463378906	1	7845.179999999999	0.0
14	input_spectra/bkgrnd-marine-broth.mzML	1705	0	125.987463378906	1	7856.639999999999	0.0
47	input_spectra/bkgrnd-marine-broth.mzML	1706	0	151.036672973633	1	7868.099999999999	0.0
47	input_spectra/bkgrnd-marine-broth.mzML	1707	0	151.036672973633	1	7879.62	0.0
42	input_spectra/bkgrnd-marine-broth.mzML	1708	0	146.166600545247	1	7918.9800000000005	0.0
42	input_spectra/bkgrnd-marine-broth.mzML	1709	0	146.166600545247	1	7930.4400000000005	0.0
7	input_spectra/bkgrnd-marine-broth.mzML	1710	0	118.087252298991	1	8847.6	0.0
7	input_spectra/bkgrnd-marine-broth.mzML	1711	0	118.087252298991	1	8859.060000000001	0.0
7	input_spectra/bkgrnd-marine-broth.mzML	1712	0	118.087252298991	1	8898.42	0.0
7	input_spectra/bkgrnd-marine-broth.mzML	1713	0	118.087252298991	1	8909.94	0.0
7	input_spectra/bkgrnd-marine-broth.mzML	1714	0	118.087252298991	1	8949.24	0.0
7	input_spectra/bkgrnd-marine-broth.mzML	1715	0	118.087252298991	1	8960.76	0.0
23	input_spectra/bkgrnd-marine-broth.mzML	1716	0	130.098500569661	1	9000.12	0.0
23	input_spectra/bkgrnd-marine-broth.mzML	1717	0	130.098500569661	1	9011.58	0.0
23	input_spectra/bkgrnd-marine-broth.mzML	1718	0	130.098500569661	1	9050.939999999999	0.0
23	input_spectra/bkgrnd-marine-broth.mzML	1719	0	130.098500569661	1	9062.4	0.0
23	input_spectra/bkgrnd-marine-broth.mzML	1720	0	130.098500569661	1	9101.76	0.0
23	input_spectra/bkgrnd-marine-broth.mzML	1721	0	130.098500569661	1	9113.22	0.0
51	input_spectra/bkgrnd-marine-broth.mzML	1722	0	158.093879699707	1	9645.599999999999	0.0
51	input_spectra/bkgrnd-marine-broth.mzML	1723	0	158.093879699707	1	9657.06	0.0
51	input_spectra/bkgrnd-marine-broth.mzML	1724	0	158.093879699707	1	9696.48	0.0
51	input_spectra/bkgrnd-marine-broth.mzML	1725	0	158.093879699707	1	9707.94	0.0
51	input_spectra/bkgrnd-marine-broth.mzML	1726	0	158.093879699707	1	9747.359999999999	0.0
51	input_spectra/bkgrnd-marine-broth.mzML	1727	0	158.093879699707	1	9758.82	0.0
46	input_spectra/bkgrnd-marine-broth.mzML	1728	0	150.059661865234	1	9770.279999999999	0.0
45	input_spectra/bkgrnd-marine-broth.mzML	1729	0	150.059661865234	1	9781.8	0.0
46	input_spectra/bkgrnd-marine-broth.mzML	1730	0	150.059661865234	1	9821.16	0.0
46	input_spectra/bkgrnd-marine-broth.mzML	1731	0	150.059661865234	1	9832.62	0.0
46	input_spectra/bkgrnd-marine-broth.mzML	1732	0	150.059661865234	1	9872.039999999999	0.0
46	input_spectra/bkgrnd-marine-broth.mzML	1733	0	150.059661865234	1	9883.5	0.0
20	input_spectra/bkgrnd-marine-broth.mzML	1734	0	130.05116780599	1	9982.980000000001	0.0
7	input_spectra/bkgrnd-marine-broth.mzML	1735	0	118.087252298991	1	10033.8	0.0
7	input_spectra/bkgrnd-marine-broth.mzML	1736	0	118.087252298991	1	10045.26	0.0
20	input_spectra/bkgrnd-marine-broth.mzML	1737	0	130.05116780599	1	10056.72	0.0
21	input_spectra/bkgrnd-marine-broth.mzML	1738	0	130.05116780599	1	10068.18	0.0
7	input_spectra/bkgrnd-marine-broth.mzML	1739	0	118.087252298991	1	10107.54	0.0
7	input_spectra/bkgrnd-marine-broth.mzML	1740	0	118.087252298991	1	10119.0	0.0
20	input_spectra/bkgrnd-marine-broth.mzML	1741	0	130.05116780599	1	10130.460000000001	0.0
21	input_spectra/bkgrnd-marine-broth.mzML	1742	0	130.05116780599	1	10141.92	0.0
7	input_spectra/bkgrnd-marine-broth.mzML	1743	0	118.087252298991	1	10181.279999999999	0.0
7	input_spectra/bkgrnd-marine-broth.mzML	1744	0	118.087252298991	1	10192.74	0.0
30	input_spectra/bkgrnd-marine-broth.mzML	1745	0	132.103280318411	1	10424.519999999999	0.0
31	input_spectra/bkgrnd-marine-broth.mzML	1746	0	132.103280318411	1	10435.98	0.0
30	input_spectra/bkgrnd-marine-broth.mzML	1747	0	132.103280318411	1	10475.34	0.0
31	input_spectra/bkgrnd-marine-broth.mzML	1748	0	132.103280318411	1	10486.86	0.0
30	input_spectra/bkgrnd-marine-broth.mzML	1749	0	132.103280318411	1	10526.220000000001	0.0
31	input_spectra/bkgrnd-marine-broth.mzML	1750	0	132.103280318411	1	10537.679999999998	0.0
51	input_spectra/bkgrnd-marine-broth.mzML	1751	0	158.093879699707	1	10781.460000000001	0.0
51	input_spectra/bkgrnd-marine-broth.mzML	1752	0	158.093879699707	1	10792.92	0.0
51	input_spectra/bkgrnd-marine-broth.mzML	1753	0	158.093879699707	1	10832.34	0.0
51	input_spectra/bkgrnd-marine-broth.mzML	1754	0	158.093879699707	1	10843.8	0.0
51	input_spectra/bkgrnd-marine-broth.mzML	1755	0	158.093879699707	1	10883.16	0.0
51	input_spectra/bkgrnd-marine-broth.mzML	1756	0	158.093879699707	1	10894.619999999999	0.0
7	input_spectra/bkgrnd-marine-broth.mzML	1757	0	118.087252298991	1	11198.58	0.0
7	input_spectra/bkgrnd-marine-broth.mzML	1758	0	118.087252298991	1	11210.04	0.0
7	input_spectra/bkgrnd-marine-broth.mzML	1759	0	118.087252298991	1	11249.400000000001	0.0
7	input_spectra/bkgrnd-marine-broth.mzML	1760	0	118.087252298991	1	11260.86	0.0
7	input_spectra/bkgrnd-marine-broth.mzML	1761	0	118.087252298991	1	11323.2	0.0
7	input_spectra/bkgrnd-marine-broth.mzML	1762	0	118.087252298991	1	11334.66	0.0
22	input_spectra/bkgrnd-marine-broth.mzML	1763	0	130.05116780599	1	11505.24	0.0
22	input_spectra/bkgrnd-marine-broth.mzML	1764	0	130.05116780599	1	11556.12	0.0
112	input_spectra/bkgrnd-marine-broth.mzML	1765	0	260.199279785156	1	11579.1	0.0
112	input_spectra/bkgrnd-marine-broth.mzML	1766	0	260.199279785156	1	11590.56	0.0
64	input_spectra/bkgrnd-marine-broth.mzML	1767	0	175.109786987305	1	11602.08	0.0
64	input_spectra/bkgrnd-marine-broth.mzML	1768	0	175.109786987305	1	11613.539999999999	0.0
32	input_spectra/bkgrnd-marine-broth.mzML	1769	0	132.107032775879	1	11675.939999999999	0.0
119	input_spectra/bkgrnd-marine-broth.mzML	1770	0	268.106628417969	1	11698.86	0.0
119	input_spectra/bkgrnd-marine-broth.mzML	1771	0	268.106628417969	1	11710.380000000001	0.0
64	input_spectra/bkgrnd-marine-broth.mzML	1772	0	175.109786987305	1	11721.84	0.0
64	input_spectra/bkgrnd-marine-broth.mzML	1773	0	175.109786987305	1	11733.36	0.0
34	input_spectra/bkgrnd-marine-broth.mzML	1774	0	137.04709370931	1	11744.820000000002	0.0
35	input_spectra/bkgrnd-marine-broth.mzML	1775	0	137.04709370931	1	11756.279999999999	0.0
32	input_spectra/bkgrnd-marine-broth.mzML	1776	0	132.109466552734	1	11830.26	0.0
119	input_spectra/bkgrnd-marine-broth.mzML	1777	0	268.106628417969	1	11841.78	0.0
119	input_spectra/bkgrnd-marine-broth.mzML	1778	0	268.106628417969	1	11853.24	0.0
32	input_spectra/bkgrnd-marine-broth.mzML	1779	0	132.107032775879	1	11961.66	0.0
108	input_spectra/bkgrnd-marine-broth.mzML	1780	0	254.163650512695	1	11984.64	0.0
109	input_spectra/bkgrnd-marine-broth.mzML	1781	0	254.163650512695	1	11996.1	0.0
119	input_spectra/bkgrnd-marine-broth.mzML	1782	0	268.106628417969	1	12007.62	0.0
119	input_spectra/bkgrnd-marine-broth.mzML	1783	0	268.106628417969	1	12019.08	0.0
49	input_spectra/bkgrnd-marine-broth.mzML	1784	0	155.082990010579	1	12030.599999999999	0.0
49	input_spectra/bkgrnd-marine-broth.mzML	1785	0	155.082990010579	1	12042.06	0.0
12	input_spectra/bkgrnd-marine-broth.mzML	1786	0	121.065930684408	1	12053.52	0.0
12	input_spectra/bkgrnd-marine-broth.mzML	1787	0	121.065930684408	1	12065.04	0.0
28	input_spectra/bkgrnd-marine-broth.mzML	1788	0	132.103280318411	1	12104.400000000001	0.0
30	input_spectra/bkgrnd-marine-broth.mzML	1789	0	132.103280318411	1	12115.86	0.0
12	input_spectra/bkgrnd-marine-broth.mzML	1790	0	121.065930684408	1	12127.320000000002	0.0
12	input_spectra/bkgrnd-marine-broth.mzML	1791	0	121.065930684408	1	12138.779999999999	0.0
49	input_spectra/bkgrnd-marine-broth.mzML	1792	0	155.082990010579	1	12150.24	0.0
49	input_spectra/bkgrnd-marine-broth.mzML	1793	0	155.082990010579	1	12161.76	0.0
87	input_spectra/bkgrnd-marine-broth.mzML	1794	0	215.141209920247	1	12173.22	0.0
87	input_spectra/bkgrnd-marine-broth.mzML	1795	0	215.141209920247	1	12184.74	0.0
66	input_spectra/bkgrnd-marine-broth.mzML	1796	0	182.083048502604	1	12196.2	0.0
67	input_spectra/bkgrnd-marine-broth.mzML	1797	0	182.083048502604	1	12207.66	0.0
28	input_spectra/bkgrnd-marine-broth.mzML	1798	0	132.103280318411	1	12247.019999999999	0.0
49	input_spectra/bkgrnd-marine-broth.mzML	1799	0	155.082990010579	1	12270.0	0.0
49	input_spectra/bkgrnd-marine-broth.mzML	1800	0	155.082990010579	1	12281.460000000001	0.0
66	input_spectra/bkgrnd-marine-broth.mzML	1801	0	182.083048502604	1	12292.980000000001	0.0
67	input_spectra/bkgrnd-marine-broth.mzML	1802	0	182.083048502604	1	12304.44	0.0
12	input_spectra/bkgrnd-marine-broth.mzML	1803	0	121.065930684408	1	12315.9	0.0
12	input_spectra/bkgrnd-marine-broth.mzML	1804	0	121.065930684408	1	12327.359999999999	0.0
87	input_spectra/bkgrnd-marine-broth.mzML	1805	0	215.141209920247	1	12338.88	0.0
87	input_spectra/bkgrnd-marine-broth.mzML	1806	0	215.141209920247	1	12350.34	0.0
67	input_spectra/bkgrnd-marine-broth.mzML	1807	0	182.083048502604	1	12401.220000000001	0.0
28	input_spectra/bkgrnd-marine-broth.mzML	1808	0	132.103280318411	1	12412.679999999998	0.0
30	input_spectra/bkgrnd-marine-broth.mzML	1809	0	132.103280318411	1	12424.199999999999	0.0
33	input_spectra/bkgrnd-marine-broth.mzML	1810	0	136.077031453451	1	12435.66	0.0
33	input_spectra/bkgrnd-marine-broth.mzML	1811	0	136.077031453451	1	12447.119999999999	0.0
55	input_spectra/bkgrnd-marine-broth.mzML	1812	0	165.056243896484	1	12458.64	0.0
57	input_spectra/bkgrnd-marine-broth.mzML	1813	0	165.056243896484	1	12470.1	0.0
87	input_spectra/bkgrnd-marine-broth.mzML	1814	0	215.141209920247	1	12481.560000000001	0.0
87	input_spectra/bkgrnd-marine-broth.mzML	1815	0	215.141209920247	1	12493.08	0.0
28	input_spectra/bkgrnd-marine-broth.mzML	1816	0	132.103280318411	1	12532.44	0.0
30	input_spectra/bkgrnd-marine-broth.mzML	1817	0	132.103280318411	1	12543.9	0.0
33	input_spectra/bkgrnd-marine-broth.mzML	1818	0	136.077031453451	1	12555.42	0.0
33	input_spectra/bkgrnd-marine-broth.mzML	1819	0	136.077031453451	1	12566.880000000001	0.0
55	input_spectra/bkgrnd-marine-broth.mzML	1820	0	165.056243896484	1	12578.34	0.0
57	input_spectra/bkgrnd-marine-broth.mzML	1821	0	165.056243896484	1	12589.859999999999	0.0
13	input_spectra/bkgrnd-marine-broth.mzML	1822	0	123.045349121094	1	12601.32	0.0
13	input_spectra/bkgrnd-marine-broth.mzML	1823	0	123.045349121094	1	12612.779999999999	0.0
57	input_spectra/bkgrnd-marine-broth.mzML	1824	0	165.056243896484	1	12663.66	0.0
33	input_spectra/bkgrnd-marine-broth.mzML	1825	0	136.077031453451	1	12675.12	0.0
101	input_spectra/bkgrnd-marine-broth.mzML	1826	0	237.088798522949	1	12698.099999999999	0.0
102	input_spectra/bkgrnd-marine-broth.mzML	1827	0	237.088798522949	1	12709.56	0.0
13	input_spectra/bkgrnd-marine-broth.mzML	1828	0	123.045349121094	1	12732.54	0.0
34	input_spectra/bkgrnd-marine-broth.mzML	1829	0	137.04709370931	1	12771.900000000001	0.0
35	input_spectra/bkgrnd-marine-broth.mzML	1830	0	137.04709370931	1	12783.36	0.0
101	input_spectra/bkgrnd-marine-broth.mzML	1831	0	237.088798522949	1	12794.88	0.0
102	input_spectra/bkgrnd-marine-broth.mzML	1832	0	237.088798522949	1	12806.34	0.0
48	input_spectra/bkgrnd-marine-broth.mzML	1833	0	152.058049519857	1	13016.82	0.0
48	input_spectra/bkgrnd-marine-broth.mzML	1834	0	152.058049519857	1	13028.28	0.0
48	input_spectra/bkgrnd-marine-broth.mzML	1835	0	152.058049519857	1	13067.640000000001	0.0
48	input_spectra/bkgrnd-marine-broth.mzML	1836	0	152.058049519857	1	13079.16	0.0
124	input_spectra/bkgrnd-marine-broth.mzML	1837	0	284.101715087891	1	13090.619999999999	0.0
125	input_spectra/bkgrnd-marine-broth.mzML	1838	0	284.101715087891	1	13102.14	0.0
48	input_spectra/bkgrnd-marine-broth.mzML	1839	0	152.058049519857	1	13141.5	0.0
48	input_spectra/bkgrnd-marine-broth.mzML	1840	0	152.058049519857	1	13152.960000000001	0.0
124	input_spectra/bkgrnd-marine-broth.mzML	1841	0	284.101715087891	1	13164.48	0.0
125	input_spectra/bkgrnd-marine-broth.mzML	1842	0	284.101715087891	1	13175.939999999999	0.0
124	input_spectra/bkgrnd-marine-broth.mzML	1843	0	284.101715087891	1	13215.3	0.0
125	input_spectra/bkgrnd-marine-broth.mzML	1844	0	284.101715087891	1	13226.82	0.0
49	input_spectra/bkgrnd-marine-broth.mzML	1845	0	155.082990010579	1	13238.28	0.0
49	input_spectra/bkgrnd-marine-broth.mzML	1846	0	155.082990010579	1	13249.800000000001	0.0
49	input_spectra/bkgrnd-marine-broth.mzML	1847	0	155.082990010579	1	13289.1	0.0
49	input_spectra/bkgrnd-marine-broth.mzML	1848	0	155.082990010579	1	13300.619999999999	0.0
49	input_spectra/bkgrnd-marine-broth.mzML	1849	0	155.082990010579	1	13339.98	0.0
49	input_spectra/bkgrnd-marine-broth.mzML	1850	0	155.082990010579	1	13351.44	0.0
30	input_spectra/bkgrnd-marine-broth.mzML	1851	0	132.103280318411	1	13487.039999999999	0.0
30	input_spectra/bkgrnd-marine-broth.mzML	1852	0	132.103280318411	1	13498.5	0.0
30	input_spectra/bkgrnd-marine-broth.mzML	1853	0	132.103280318411	1	13537.8	0.0
30	input_spectra/bkgrnd-marine-broth.mzML	1854	0	132.103280318411	1	13549.26	0.0
30	input_spectra/bkgrnd-marine-broth.mzML	1855	0	132.103280318411	1	13588.68	0.0
30	input_spectra/bkgrnd-marine-broth.mzML	1856	0	132.103280318411	1	13600.140000000001	0.0
88	input_spectra/bkgrnd-marine-broth.mzML	1857	0	217.156880696615	1	14240.76	0.0
88	input_spectra/bkgrnd-marine-broth.mzML	1858	0	217.156880696615	1	14252.220000000001	0.0
88	input_spectra/bkgrnd-marine-broth.mzML	1859	0	217.156880696615	1	14291.64	0.0
88	input_spectra/bkgrnd-marine-broth.mzML	1860	0	217.156880696615	1	14303.099999999999	0.0
88	input_spectra/bkgrnd-marine-broth.mzML	1861	0	217.156880696615	1	14342.46	0.0
88	input_spectra/bkgrnd-marine-broth.mzML	1862	0	217.156880696615	1	14353.98	0.0
30	input_spectra/bkgrnd-marine-broth.mzML	1863	0	132.103280318411	1	14657.880000000001	0.0
30	input_spectra/bkgrnd-marine-broth.mzML	1864	0	132.103280318411	1	14669.34	0.0
30	input_spectra/bkgrnd-marine-broth.mzML	1865	0	132.103280318411	1	14708.7	0.0
30	input_spectra/bkgrnd-marine-broth.mzML	1866	0	132.103280318411	1	14720.16	0.0
30	input_spectra/bkgrnd-marine-broth.mzML	1867	0	132.103280318411	1	14759.58	0.0
30	input_spectra/bkgrnd-marine-broth.mzML	1868	0	132.103280318411	1	14771.039999999999	0.0
38	input_spectra/bkgrnd-marine-broth.mzML	1869	0	141.95991734096	1	14810.4	0.0
38	input_spectra/bkgrnd-marine-broth.mzML	1870	0	141.95991734096	1	14821.92	0.0
84	input_spectra/bkgrnd-marine-broth.mzML	1871	0	211.109888712565	1	14909.400000000001	0.0
84	input_spectra/bkgrnd-marine-broth.mzML	1872	0	211.109888712565	1	14972.28	0.0
84	input_spectra/bkgrnd-marine-broth.mzML	1873	0	211.109888712565	1	14983.740000000002	0.0
84	input_spectra/bkgrnd-marine-broth.mzML	1874	0	211.109888712565	1	15023.099999999999	0.0
84	input_spectra/bkgrnd-marine-broth.mzML	1875	0	211.109888712565	1	15034.619999999999	0.0
38	input_spectra/bkgrnd-marine-broth.mzML	1876	0	141.95991734096	1	15158.099999999999	0.0
38	input_spectra/bkgrnd-marine-broth.mzML	1877	0	141.95991734096	1	15169.619999999999	0.0
162	input_spectra/bkgrnd-marine-broth.mzML	1878	0	359.196111043294	1	15245.04	0.0
162	input_spectra/bkgrnd-marine-broth.mzML	1879	0	359.196111043294	1	15256.560000000001	0.0
162	input_spectra/bkgrnd-marine-broth.mzML	1880	0	359.196111043294	1	15392.100000000002	0.0
162	input_spectra/bkgrnd-marine-broth.mzML	1881	0	359.196111043294	1	15403.619999999999	0.0
162	input_spectra/bkgrnd-marine-broth.mzML	1882	0	359.196111043294	1	15442.98	0.0
162	input_spectra/bkgrnd-marine-broth.mzML	1883	0	359.196111043294	1	15454.44	0.0
27	input_spectra/bkgrnd-marine-broth.mzML	1884	0	131.930934906006	1	15493.800000000001	0.0
27	input_spectra/bkgrnd-marine-broth.mzML	1885	0	131.930934906006	1	15505.320000000002	0.0
38	input_spectra/bkgrnd-marine-broth.mzML	1886	0	141.95991734096	1	15556.68	0.0
38	input_spectra/bkgrnd-marine-broth.mzML	1887	0	141.95991734096	1	15568.14	0.0
27	input_spectra/bkgrnd-marine-broth.mzML	1888	0	131.930934906006	1	15703.74	0.0
27	input_spectra/bkgrnd-marine-broth.mzML	1889	0	131.930934906006	1	15715.2	0.0
27	input_spectra/bkgrnd-marine-broth.mzML	1890	0	131.930934906006	1	15778.619999999999	0.0
27	input_spectra/bkgrnd-marine-broth.mzML	1891	0	131.930934906006	1	15790.08	0.0
30	input_spectra/bkgrnd-marine-broth.mzML	1892	0	132.103280318411	1	15829.38	0.0
30	input_spectra/bkgrnd-marine-broth.mzML	1893	0	132.103280318411	1	15840.9	0.0
30	input_spectra/bkgrnd-marine-broth.mzML	1894	0	132.103280318411	1	15880.26	0.0
30	input_spectra/bkgrnd-marine-broth.mzML	1895	0	132.103280318411	1	15891.720000000001	0.0
30	input_spectra/bkgrnd-marine-broth.mzML	1896	0	132.103280318411	1	15943.14	0.0
30	input_spectra/bkgrnd-marine-broth.mzML	1897	0	132.103280318411	1	15954.600000000002	0.0
75	input_spectra/bkgrnd-marine-broth.mzML	1898	0	189.088806152344	1	16030.08	0.0
76	input_spectra/bkgrnd-marine-broth.mzML	1899	0	189.088806152344	1	16041.539999999999	0.0
75	input_spectra/bkgrnd-marine-broth.mzML	1900	0	189.088806152344	1	16080.9	0.0
76	input_spectra/bkgrnd-marine-broth.mzML	1901	0	189.088806152344	1	16092.36	0.0
75	input_spectra/bkgrnd-marine-broth.mzML	1902	0	189.088806152344	1	16131.720000000001	0.0
58	input_spectra/bkgrnd-marine-broth.mzML	1903	0	166.088059743245	1	16350.9	0.0
59	input_spectra/bkgrnd-marine-broth.mzML	1904	0	166.088059743245	1	16362.42	0.0
58	input_spectra/bkgrnd-marine-broth.mzML	1905	0	166.088059743245	1	16401.72	0.0
59	input_spectra/bkgrnd-marine-broth.mzML	1906	0	166.088059743245	1	16413.239999999998	0.0
8	input_spectra/bkgrnd-marine-broth.mzML	1907	0	120.082079569499	1	16424.7	0.0
9	input_spectra/bkgrnd-marine-broth.mzML	1908	0	120.082079569499	1	16436.16	0.0
58	input_spectra/bkgrnd-marine-broth.mzML	1909	0	166.088059743245	1	16475.52	0.0
59	input_spectra/bkgrnd-marine-broth.mzML	1910	0	166.088059743245	1	16486.98	0.0
8	input_spectra/bkgrnd-marine-broth.mzML	1911	0	120.082079569499	1	16498.44	0.0
9	input_spectra/bkgrnd-marine-broth.mzML	1912	0	120.082079569499	1	16509.96	0.0
77	input_spectra/bkgrnd-marine-broth.mzML	1913	0	189.125183105469	1	16521.420000000002	0.0
77	input_spectra/bkgrnd-marine-broth.mzML	1914	0	189.125183105469	1	16532.88	0.0
8	input_spectra/bkgrnd-marine-broth.mzML	1915	0	120.082079569499	1	16572.24	0.0
9	input_spectra/bkgrnd-marine-broth.mzML	1916	0	120.082079569499	1	16583.699999999997	0.0
162	input_spectra/bkgrnd-marine-broth.mzML	1917	0	359.196111043294	1	16595.280000000002	0.0
162	input_spectra/bkgrnd-marine-broth.mzML	1918	0	359.196111043294	1	16606.739999999998	0.0
77	input_spectra/bkgrnd-marine-broth.mzML	1919	0	189.125183105469	1	16618.260000000002	0.0
77	input_spectra/bkgrnd-marine-broth.mzML	1920	0	189.125183105469	1	16629.719999999998	0.0
25	input_spectra/bkgrnd-marine-broth.mzML	1921	0	131.05034383138	1	16641.18	0.0
26	input_spectra/bkgrnd-marine-broth.mzML	1922	0	131.05034383138	1	16652.64	0.0
60	input_spectra/bkgrnd-marine-broth.mzML	1923	0	166.093887329102	1	16692.06	0.0
61	input_spectra/bkgrnd-marine-broth.mzML	1924	0	166.093887329102	1	16703.52	0.0
10	input_spectra/bkgrnd-marine-broth.mzML	1925	0	120.084854125977	1	16714.980000000003	0.0
11	input_spectra/bkgrnd-marine-broth.mzML	1926	0	120.084854125977	1	16726.44	0.0
77	input_spectra/bkgrnd-marine-broth.mzML	1927	0	189.125183105469	1	16737.96	0.0
77	input_spectra/bkgrnd-marine-broth.mzML	1928	0	189.125183105469	1	16749.42	0.0
162	input_spectra/bkgrnd-marine-broth.mzML	1929	0	359.196111043294	1	16760.94	0.0
162	input_spectra/bkgrnd-marine-broth.mzML	1930	0	359.196111043294	1	16772.46	0.0
25	input_spectra/bkgrnd-marine-broth.mzML	1931	0	131.05034383138	1	16783.920000000002	0.0
26	input_spectra/bkgrnd-marine-broth.mzML	1932	0	131.05034383138	1	16795.38	0.0
10	input_spectra/bkgrnd-marine-broth.mzML	1933	0	120.086292266846	1	16834.8	0.0
11	input_spectra/bkgrnd-marine-broth.mzML	1934	0	120.086292266846	1	16846.260000000002	0.0
162	input_spectra/bkgrnd-marine-broth.mzML	1935	0	359.196111043294	1	16857.780000000002	0.0
162	input_spectra/bkgrnd-marine-broth.mzML	1936	0	359.196111043294	1	16869.239999999998	0.0
25	input_spectra/bkgrnd-marine-broth.mzML	1937	0	131.05034383138	1	16880.760000000002	0.0
26	input_spectra/bkgrnd-marine-broth.mzML	1938	0	131.05034383138	1	16892.219999999998	0.0
43	input_spectra/bkgrnd-marine-broth.mzML	1939	0	149.061024983724	1	16903.68	0.0
44	input_spectra/bkgrnd-marine-broth.mzML	1940	0	149.061024983724	1	16915.2	0.0
10	input_spectra/bkgrnd-marine-broth.mzML	1941	0	120.086292266846	1	16977.54	0.0
11	input_spectra/bkgrnd-marine-broth.mzML	1942	0	120.086292266846	1	16989.0	0.0
43	input_spectra/bkgrnd-marine-broth.mzML	1943	0	149.061024983724	1	17000.46	0.0
44	input_spectra/bkgrnd-marine-broth.mzML	1944	0	149.061024983724	1	17011.92	0.0
43	input_spectra/bkgrnd-marine-broth.mzML	1945	0	149.061024983724	1	17051.34	0.0
44	input_spectra/bkgrnd-marine-broth.mzML	1946	0	149.061024983724	1	17062.8	0.0
60	input_spectra/bkgrnd-marine-broth.mzML	1947	0	166.093887329102	1	17102.16	0.0
61	input_spectra/bkgrnd-marine-broth.mzML	1948	0	166.093887329102	1	17113.68	0.0
152	input_spectra/bkgrnd-marine-broth.mzML	1949	0	331.200653076172	1	17125.14	0.0
152	input_spectra/bkgrnd-marine-broth.mzML	1950	0	331.200653076172	1	17136.66	0.0
60	input_spectra/bkgrnd-marine-broth.mzML	1951	0	166.093887329102	1	17176.02	0.0
61	input_spectra/bkgrnd-marine-broth.mzML	1952	0	166.093887329102	1	17187.480000000003	0.0
152	input_spectra/bkgrnd-marine-broth.mzML	1953	0	331.200653076172	1	17199.0	0.0
152	input_spectra/bkgrnd-marine-broth.mzML	1954	0	331.200653076172	1	17210.52	0.0
152	input_spectra/bkgrnd-marine-broth.mzML	1955	0	331.200653076172	1	17249.88	0.0
152	input_spectra/bkgrnd-marine-broth.mzML	1956	0	331.200653076172	1	17261.34	0.0
38	input_spectra/bkgrnd-marine-broth.mzML	1957	0	141.95991734096	1	17272.859999999997	0.0
38	input_spectra/bkgrnd-marine-broth.mzML	1958	0	141.95991734096	1	17284.32	0.0
38	input_spectra/bkgrnd-marine-broth.mzML	1959	0	141.95991734096	1	17323.68	0.0
38	input_spectra/bkgrnd-marine-broth.mzML	1960	0	141.95991734096	1	17335.2	0.0
38	input_spectra/bkgrnd-marine-broth.mzML	1961	0	141.95991734096	1	17374.56	0.0
38	input_spectra/bkgrnd-marine-broth.mzML	1962	0	141.95991734096	1	17386.02	0.0
58	input_spectra/bkgrnd-marine-broth.mzML	1963	0	166.088059743245	1	17497.559999999998	0.0
59	input_spectra/bkgrnd-marine-broth.mzML	1964	0	166.088059743245	1	17509.02	0.0
58	input_spectra/bkgrnd-marine-broth.mzML	1965	0	166.088059743245	1	17548.38	0.0
59	input_spectra/bkgrnd-marine-broth.mzML	1966	0	166.088059743245	1	17559.84	0.0
58	input_spectra/bkgrnd-marine-broth.mzML	1967	0	166.088059743245	1	17599.2	0.0
59	input_spectra/bkgrnd-marine-broth.mzML	1968	0	166.088059743245	1	17610.72	0.0
8	input_spectra/bkgrnd-marine-broth.mzML	1969	0	120.082079569499	1	17622.18	0.0
9	input_spectra/bkgrnd-marine-broth.mzML	1970	0	120.082079569499	1	17633.64	0.0
8	input_spectra/bkgrnd-marine-broth.mzML	1971	0	120.082079569499	1	17673.0	0.0
9	input_spectra/bkgrnd-marine-broth.mzML	1972	0	120.082079569499	1	17684.52	0.0
8	input_spectra/bkgrnd-marine-broth.mzML	1973	0	120.082079569499	1	17723.82	0.0
9	input_spectra/bkgrnd-marine-broth.mzML	1974	0	120.082079569499	1	17735.34	0.0
52	input_spectra/bkgrnd-marine-broth.mzML	1975	0	158.962689717611	1	17822.76	0.0
52	input_spectra/bkgrnd-marine-broth.mzML	1976	0	158.962689717611	1	17834.22	0.0
52	input_spectra/bkgrnd-marine-broth.mzML	1977	0	158.962689717611	1	18234.36	0.0
52	input_spectra/bkgrnd-marine-broth.mzML	1978	0	158.962689717611	1	18245.82	0.0
52	input_spectra/bkgrnd-marine-broth.mzML	1979	0	158.962689717611	1	18297.24	0.0
52	input_spectra/bkgrnd-marine-broth.mzML	1980	0	158.962689717611	1	18308.699999999997	0.0
27	input_spectra/bkgrnd-marine-broth.mzML	1981	0	131.930934906006	1	18396.18	0.0
27	input_spectra/bkgrnd-marine-broth.mzML	1982	0	131.930934906006	1	18407.64	0.0
38	input_spectra/bkgrnd-marine-broth.mzML	1983	0	141.95991734096	1	18447.0	0.0
38	input_spectra/bkgrnd-marine-broth.mzML	1984	0	141.95991734096	1	18458.460000000003	0.0
38	input_spectra/bkgrnd-marine-broth.mzML	1985	0	141.95991734096	1	18497.88	0.0
38	input_spectra/bkgrnd-marine-broth.mzML	1986	0	141.95991734096	1	18509.34	0.0
38	input_spectra/bkgrnd-marine-broth.mzML	1987	0	141.95991734096	1	18548.699999999997	0.0
38	input_spectra/bkgrnd-marine-broth.mzML	1988	0	141.95991734096	1	18560.16	0.0
77	input_spectra/bkgrnd-marine-broth.mzML	1989	0	189.125183105469	1	18599.579999999998	0.0
58	input_spectra/bkgrnd-marine-broth.mzML	1990	0	166.088059743245	1	18650.399999999998	0.0
59	input_spectra/bkgrnd-marine-broth.mzML	1991	0	166.088059743245	1	18661.92	0.0
77	input_spectra/bkgrnd-marine-broth.mzML	1992	0	189.125183105469	1	18673.38	0.0
77	input_spectra/bkgrnd-marine-broth.mzML	1993	0	189.125183105469	1	18684.84	0.0
58	input_spectra/bkgrnd-marine-broth.mzML	1994	0	166.088059743245	1	18724.2	0.0
59	input_spectra/bkgrnd-marine-broth.mzML	1995	0	166.088059743245	1	18735.72	0.0
77	input_spectra/bkgrnd-marine-broth.mzML	1996	0	189.125183105469	1	18747.18	0.0
77	input_spectra/bkgrnd-marine-broth.mzML	1997	0	189.125183105469	1	18758.64	0.0
58	input_spectra/bkgrnd-marine-broth.mzML	1998	0	166.088059743245	1	18798.0	0.0
59	input_spectra/bkgrnd-marine-broth.mzML	1999	0	166.088059743245	1	18809.46	0.0
8	input_spectra/bkgrnd-marine-broth.mzML	2000	0	120.082079569499	1	18820.920000000002	0.0
9	input_spectra/bkgrnd-marine-broth.mzML	2001	0	120.082079569499	1	18832.440000000002	0.0
8	input_spectra/bkgrnd-marine-broth.mzML	2002	0	120.082079569499	1	18871.739999999998	0.0
9	input_spectra/bkgrnd-marine-broth.mzML	2003	0	120.082079569499	1	18883.2	0.0
30	input_spectra/bkgrnd-marine-broth.mzML	2004	0	132.103280318411	1	18894.719999999998	0.0
30	input_spectra/bkgrnd-marine-broth.mzML	2005	0	132.103280318411	1	18906.18	0.0
8	input_spectra/bkgrnd-marine-broth.mzML	2006	0	120.082079569499	1	18945.54	0.0
9	input_spectra/bkgrnd-marine-broth.mzML	2007	0	120.082079569499	1	18957.0	0.0
30	input_spectra/bkgrnd-marine-broth.mzML	2008	0	132.103280318411	1	18968.460000000003	0.0
30	input_spectra/bkgrnd-marine-broth.mzML	2009	0	132.103280318411	1	18979.980000000003	0.0
30	input_spectra/bkgrnd-marine-broth.mzML	2010	0	132.103280318411	1	19019.34	0.0
30	input_spectra/bkgrnd-marine-broth.mzML	2011	0	132.103280318411	1	19030.8	0.0
52	input_spectra/bkgrnd-marine-broth.mzML	2012	0	158.962689717611	1	19467.0	0.0
52	input_spectra/bkgrnd-marine-broth.mzML	2013	0	158.962689717611	1	19478.460000000003	0.0
52	input_spectra/bkgrnd-marine-broth.mzML	2014	0	158.962689717611	1	19541.879999999997	0.0
52	input_spectra/bkgrnd-marine-broth.mzML	2015	0	158.962689717611	1	19553.34	0.0
38	input_spectra/bkgrnd-marine-broth.mzML	2016	0	141.95991734096	1	19604.7	0.0
38	input_spectra/bkgrnd-marine-broth.mzML	2017	0	141.95991734096	1	19616.22	0.0
38	input_spectra/bkgrnd-marine-broth.mzML	2018	0	141.95991734096	1	19655.58	0.0
38	input_spectra/bkgrnd-marine-broth.mzML	2019	0	141.95991734096	1	19667.04	0.0
38	input_spectra/bkgrnd-marine-broth.mzML	2020	0	141.95991734096	1	19706.4	0.0
38	input_spectra/bkgrnd-marine-broth.mzML	2021	0	141.95991734096	1	19717.859999999997	0.0
95	input_spectra/bkgrnd-marine-broth.mzML	2022	0	229.157028198242	1	19769.28	0.0
95	input_spectra/bkgrnd-marine-broth.mzML	2023	0	229.157028198242	1	19780.739999999998	0.0
58	input_spectra/bkgrnd-marine-broth.mzML	2024	0	166.088059743245	1	19820.1	0.0
59	input_spectra/bkgrnd-marine-broth.mzML	2025	0	166.088059743245	1	19831.62	0.0
95	input_spectra/bkgrnd-marine-broth.mzML	2026	0	229.157028198242	1	19843.08	0.0
95	input_spectra/bkgrnd-marine-broth.mzML	2027	0	229.157028198242	1	19854.600000000002	0.0
95	input_spectra/bkgrnd-marine-broth.mzML	2028	0	229.157028198242	1	19893.96	0.0
95	input_spectra/bkgrnd-marine-broth.mzML	2029	0	229.157028198242	1	19905.420000000002	0.0
58	input_spectra/bkgrnd-marine-broth.mzML	2030	0	166.088059743245	1	19916.940000000002	0.0
59	input_spectra/bkgrnd-marine-broth.mzML	2031	0	166.088059743245	1	19928.399999999998	0.0
58	input_spectra/bkgrnd-marine-broth.mzML	2032	0	166.088059743245	1	19967.76	0.0
59	input_spectra/bkgrnd-marine-broth.mzML	2033	0	166.088059743245	1	19979.28	0.0
8	input_spectra/bkgrnd-marine-broth.mzML	2034	0	120.082079569499	1	19990.739999999998	0.0
9	input_spectra/bkgrnd-marine-broth.mzML	2035	0	120.082079569499	1	20002.2	0.0
8	input_spectra/bkgrnd-marine-broth.mzML	2036	0	120.082079569499	1	20053.56	0.0
9	input_spectra/bkgrnd-marine-broth.mzML	2037	0	120.082079569499	1	20065.019999999997	0.0
52	input_spectra/bkgrnd-marine-broth.mzML	2038	0	158.962689717611	1	20104.379999999997	0.0
52	input_spectra/bkgrnd-marine-broth.mzML	2039	0	158.962689717611	1	20115.84	0.0
8	input_spectra/bkgrnd-marine-broth.mzML	2040	0	120.082079569499	1	20127.3	0.0
9	input_spectra/bkgrnd-marine-broth.mzML	2041	0	120.082079569499	1	20138.760000000002	0.0
38	input_spectra/bkgrnd-marine-broth.mzML	2042	0	141.95991734096	1	20743.260000000002	0.0
38	input_spectra/bkgrnd-marine-broth.mzML	2043	0	141.95991734096	1	20754.719999999998	0.0
38	input_spectra/bkgrnd-marine-broth.mzML	2044	0	141.95991734096	1	20794.079999999998	0.0
38	input_spectra/bkgrnd-marine-broth.mzML	2045	0	141.95991734096	1	20805.6	0.0
38	input_spectra/bkgrnd-marine-broth.mzML	2046	0	141.95991734096	1	20844.96	0.0
38	input_spectra/bkgrnd-marine-broth.mzML	2047	0	141.95991734096	1	20856.420000000002	0.0
121	input_spectra/bkgrnd-marine-broth.mzML	2048	0	274.178975423177	1	21641.28	0.0
121	input_spectra/bkgrnd-marine-broth.mzML	2049	0	274.178975423177	1	21652.8	0.0
121	input_spectra/bkgrnd-marine-broth.mzML	2050	0	274.178975423177	1	21692.16	0.0
121	input_spectra/bkgrnd-marine-broth.mzML	2051	0	274.178975423177	1	21703.62	0.0
121	input_spectra/bkgrnd-marine-broth.mzML	2052	0	274.178975423177	1	21743.04	0.0
121	input_spectra/bkgrnd-marine-broth.mzML	2053	0	274.178975423177	1	21754.5	0.0
38	input_spectra/bkgrnd-marine-broth.mzML	2054	0	141.95991734096	1	21918.54	0.0
38	input_spectra/bkgrnd-marine-broth.mzML	2055	0	141.95991734096	1	21930.0	0.0
97	input_spectra/bkgrnd-marine-broth.mzML	2056	0	231.172617594401	1	21941.52	0.0
97	input_spectra/bkgrnd-marine-broth.mzML	2057	0	231.172617594401	1	21992.34	0.0
38	input_spectra/bkgrnd-marine-broth.mzML	2058	0	141.95991734096	1	22015.32	0.0
38	input_spectra/bkgrnd-marine-broth.mzML	2059	0	141.95991734096	1	22026.78	0.0
97	input_spectra/bkgrnd-marine-broth.mzML	2060	0	231.172617594401	1	22066.079999999998	0.0
97	input_spectra/bkgrnd-marine-broth.mzML	2061	0	231.172617594401	1	22077.6	0.0
38	input_spectra/bkgrnd-marine-broth.mzML	2062	0	141.95991734096	1	22089.06	0.0
38	input_spectra/bkgrnd-marine-broth.mzML	2063	0	141.95991734096	1	22100.52	0.0
95	input_spectra/bkgrnd-marine-broth.mzML	2064	0	229.157028198242	1	22717.079999999998	0.0
95	input_spectra/bkgrnd-marine-broth.mzML	2065	0	229.157028198242	1	22728.54	0.0
95	input_spectra/bkgrnd-marine-broth.mzML	2066	0	229.157028198242	1	22767.899999999998	0.0
95	input_spectra/bkgrnd-marine-broth.mzML	2067	0	229.157028198242	1	22779.36	0.0
95	input_spectra/bkgrnd-marine-broth.mzML	2068	0	229.157028198242	1	22818.78	0.0
95	input_spectra/bkgrnd-marine-broth.mzML	2069	0	229.157028198242	1	22830.24	0.0
38	input_spectra/bkgrnd-marine-broth.mzML	2070	0	141.95991734096	1	23098.08	0.0
38	input_spectra/bkgrnd-marine-broth.mzML	2071	0	141.95991734096	1	23109.54	0.0
38	input_spectra/bkgrnd-marine-broth.mzML	2072	0	141.95991734096	1	23148.96	0.0
38	input_spectra/bkgrnd-marine-broth.mzML	2073	0	141.95991734096	1	23160.420000000002	0.0
38	input_spectra/bkgrnd-marine-broth.mzML	2074	0	141.95991734096	1	23199.78	0.0
38	input_spectra/bkgrnd-marine-broth.mzML	2075	0	141.95991734096	1	23211.239999999998	0.0
95	input_spectra/bkgrnd-marine-broth.mzML	2076	0	229.157028198242	1	23863.86	0.0
95	input_spectra/bkgrnd-marine-broth.mzML	2077	0	229.157028198242	1	23875.38	0.0
226	input_spectra/bkgrnd-marine-broth.mzML	2078	0	527.287231445313	1	23886.9	0.0
226	input_spectra/bkgrnd-marine-broth.mzML	2079	0	527.287231445313	1	23898.420000000002	0.0
95	input_spectra/bkgrnd-marine-broth.mzML	2080	0	229.157028198242	1	23937.780000000002	0.0
95	input_spectra/bkgrnd-marine-broth.mzML	2081	0	229.157028198242	1	23949.3	0.0
95	input_spectra/bkgrnd-marine-broth.mzML	2082	0	229.157028198242	1	23988.6	0.0
95	input_spectra/bkgrnd-marine-broth.mzML	2083	0	229.157028198242	1	24000.12	0.0
273	input_spectra/bkgrnd-marine-broth.mzML	2084	0	756.358744303385	1	24114.0	0.0
273	input_spectra/bkgrnd-marine-broth.mzML	2085	0	756.358744303385	1	24164.88	0.0
273	input_spectra/bkgrnd-marine-broth.mzML	2086	0	756.358744303385	1	24215.760000000002	0.0
258	input_spectra/bkgrnd-marine-broth.mzML	2087	0	618.330220540365	1	24250.44	0.0
259	input_spectra/bkgrnd-marine-broth.mzML	2088	0	618.330220540365	1	24261.96	0.0
274	input_spectra/bkgrnd-marine-broth.mzML	2089	0	783.443644205729	1	24273.48	0.0
275	input_spectra/bkgrnd-marine-broth.mzML	2090	0	783.443644205729	1	24285.059999999998	0.0
274	input_spectra/bkgrnd-marine-broth.mzML	2091	0	783.443644205729	1	24324.42	0.0
275	input_spectra/bkgrnd-marine-broth.mzML	2092	0	783.443644205729	1	24335.94	0.0
258	input_spectra/bkgrnd-marine-broth.mzML	2093	0	618.330220540365	1	24347.519999999997	0.0
259	input_spectra/bkgrnd-marine-broth.mzML	2094	0	618.330220540365	1	24359.039999999997	0.0
284	input_spectra/bkgrnd-marine-broth.mzML	2095	0	1105.584289550781	1	24370.620000000003	0.0
258	input_spectra/bkgrnd-marine-broth.mzML	2096	0	618.330220540365	1	24444.66	0.0
259	input_spectra/bkgrnd-marine-broth.mzML	2097	0	618.330220540365	1	24456.18	0.0
274	input_spectra/bkgrnd-marine-broth.mzML	2098	0	783.443644205729	1	24467.76	0.0
284	input_spectra/bkgrnd-marine-broth.mzML	2099	0	1105.584289550781	1	24490.86	0.0
247	input_spectra/bkgrnd-marine-broth.mzML	2100	0	584.30995686849	1	24622.68	0.0
209	input_spectra/bkgrnd-marine-broth.mzML	2101	0	488.240407307943	1	24685.2	0.0
209	input_spectra/bkgrnd-marine-broth.mzML	2102	0	488.240407307943	1	24696.72	0.0
209	input_spectra/bkgrnd-marine-broth.mzML	2103	0	488.240407307943	1	24828.54	0.0
209	input_spectra/bkgrnd-marine-broth.mzML	2104	0	488.240407307943	1	24840.059999999998	0.0
180	input_spectra/bkgrnd-marine-broth.mzML	2105	0	430.233734130859	1	24851.579999999998	0.0
180	input_spectra/bkgrnd-marine-broth.mzML	2106	0	430.233734130859	1	24863.04	0.0
209	input_spectra/bkgrnd-marine-broth.mzML	2107	0	488.240407307943	1	24925.44	0.0
209	input_spectra/bkgrnd-marine-broth.mzML	2108	0	488.240407307943	1	24936.96	0.0
180	input_spectra/bkgrnd-marine-broth.mzML	2109	0	430.233734130859	1	24948.48	0.0
180	input_spectra/bkgrnd-marine-broth.mzML	2110	0	430.233734130859	1	24959.940000000002	0.0
248	input_spectra/bkgrnd-marine-broth.mzML	2111	0	584.30995686849	1	24999.36	0.0
247	input_spectra/bkgrnd-marine-broth.mzML	2112	0	584.30995686849	1	25010.88	0.0
180	input_spectra/bkgrnd-marine-broth.mzML	2113	0	430.233734130859	1	25022.4	0.0
180	input_spectra/bkgrnd-marine-broth.mzML	2114	0	430.233734130859	1	25033.86	0.0
197	input_spectra/bkgrnd-marine-broth.mzML	2115	0	460.244934082031	1	25045.38	0.0
197	input_spectra/bkgrnd-marine-broth.mzML	2116	0	460.244934082031	1	25056.9	0.0
248	input_spectra/bkgrnd-marine-broth.mzML	2117	0	584.30995686849	1	25096.260000000002	0.0
247	input_spectra/bkgrnd-marine-broth.mzML	2118	0	584.30995686849	1	25107.780000000002	0.0
285	input_spectra/bkgrnd-marine-broth.mzML	2119	0	1149.564208984375	1	25147.140000000003	0.0
286	input_spectra/bkgrnd-marine-broth.mzML	2120	0	1149.564208984375	1	25158.72	0.0
285	input_spectra/bkgrnd-marine-broth.mzML	2121	0	1149.564208984375	1	25198.08	0.0
286	input_spectra/bkgrnd-marine-broth.mzML	2122	0	1149.564208984375	1	25209.66	0.0
179	input_spectra/bkgrnd-marine-broth.mzML	2123	0	428.254776000977	1	25364.16	0.0
179	input_spectra/bkgrnd-marine-broth.mzML	2124	0	428.254776000977	1	25375.68	0.0
195	input_spectra/bkgrnd-marine-broth.mzML	2125	0	456.249816894531	1	25410.420000000002	0.0
195	input_spectra/bkgrnd-marine-broth.mzML	2126	0	456.249816894531	1	25421.940000000002	0.0
179	input_spectra/bkgrnd-marine-broth.mzML	2127	0	428.254776000977	1	25484.4	0.0
179	input_spectra/bkgrnd-marine-broth.mzML	2128	0	428.254776000977	1	25495.920000000002	0.0
196	input_spectra/bkgrnd-marine-broth.mzML	2129	0	458.265899658203	1	25553.64	0.0
196	input_spectra/bkgrnd-marine-broth.mzML	2130	0	458.265899658203	1	25565.16	0.0
184	input_spectra/bkgrnd-marine-broth.mzML	2131	0	440.25493367513	1	25627.68	0.0
184	input_spectra/bkgrnd-marine-broth.mzML	2132	0	440.25493367513	1	25639.2	0.0
223	input_spectra/bkgrnd-marine-broth.mzML	2133	0	522.224914550781	1	25673.94	0.0
223	input_spectra/bkgrnd-marine-broth.mzML	2134	0	522.224914550781	1	25685.46	0.0
196	input_spectra/bkgrnd-marine-broth.mzML	2135	0	458.265899658203	1	25696.92	0.0
184	input_spectra/bkgrnd-marine-broth.mzML	2136	0	440.25493367513	1	25747.859999999997	0.0
184	input_spectra/bkgrnd-marine-broth.mzML	2137	0	440.25493367513	1	25759.379999999997	0.0
216	input_spectra/bkgrnd-marine-broth.mzML	2138	0	511.292541503906	1	25817.100000000002	0.0
216	input_spectra/bkgrnd-marine-broth.mzML	2139	0	511.292541503906	1	25828.56	0.0
223	input_spectra/bkgrnd-marine-broth.mzML	2140	0	522.224914550781	1	25840.08	0.0
249	input_spectra/bkgrnd-marine-broth.mzML	2141	0	586.325286865234	1	25891.02	0.0
249	input_spectra/bkgrnd-marine-broth.mzML	2142	0	586.325286865234	1	25902.480000000003	0.0
155	input_spectra/bkgrnd-marine-broth.mzML	2143	0	344.231323242188	1	25914.0	0.0
155	input_spectra/bkgrnd-marine-broth.mzML	2144	0	344.231323242188	1	25925.52	0.0
184	input_spectra/bkgrnd-marine-broth.mzML	2145	0	440.25493367513	1	25937.04	0.0
184	input_spectra/bkgrnd-marine-broth.mzML	2146	0	440.25493367513	1	25948.56	0.0
216	input_spectra/bkgrnd-marine-broth.mzML	2147	0	511.292541503906	1	25960.019999999997	0.0
216	input_spectra/bkgrnd-marine-broth.mzML	2148	0	511.292541503906	1	25971.539999999997	0.0
82	input_spectra/bkgrnd-marine-broth.mzML	2149	0	205.099311828613	1	26033.94	0.0
83	input_spectra/bkgrnd-marine-broth.mzML	2150	0	205.099311828613	1	26045.399999999998	0.0
74	input_spectra/bkgrnd-marine-broth.mzML	2151	0	188.072463989258	1	26056.86	0.0
74	input_spectra/bkgrnd-marine-broth.mzML	2152	0	188.072463989258	1	26068.38	0.0
249	input_spectra/bkgrnd-marine-broth.mzML	2153	0	586.325286865234	1	26079.9	0.0
82	input_spectra/bkgrnd-marine-broth.mzML	2154	0	205.099311828613	1	26176.92	0.0
83	input_spectra/bkgrnd-marine-broth.mzML	2155	0	205.099311828613	1	26188.38	0.0
74	input_spectra/bkgrnd-marine-broth.mzML	2156	0	188.072463989258	1	26199.9	0.0
74	input_spectra/bkgrnd-marine-broth.mzML	2157	0	188.072463989258	1	26211.36	0.0
253	input_spectra/bkgrnd-marine-broth.mzML	2158	0	612.341369628906	1	26222.94	0.0
253	input_spectra/bkgrnd-marine-broth.mzML	2159	0	612.341369628906	1	26234.46	0.0
116	input_spectra/bkgrnd-marine-broth.mzML	2160	0	263.141876220703	1	26269.079999999998	0.0
116	input_spectra/bkgrnd-marine-broth.mzML	2161	0	263.141876220703	1	26280.6	0.0
169	input_spectra/bkgrnd-marine-broth.mzML	2162	0	388.258239746094	1	26319.96	0.0
169	input_spectra/bkgrnd-marine-broth.mzML	2163	0	388.258239746094	1	26331.48	0.0
254	input_spectra/bkgrnd-marine-broth.mzML	2164	0	612.341369628906	1	26365.98	0.0
254	input_spectra/bkgrnd-marine-broth.mzML	2165	0	612.341369628906	1	26377.5	0.0
281	input_spectra/bkgrnd-marine-broth.mzML	2166	0	947.457214355469	1	26400.66	0.0
255	input_spectra/bkgrnd-marine-broth.mzML	2167	0	614.357238769531	1	26463.120000000003	0.0
255	input_spectra/bkgrnd-marine-broth.mzML	2168	0	614.357238769531	1	26474.640000000003	0.0
169	input_spectra/bkgrnd-marine-broth.mzML	2169	0	388.258239746094	1	26486.16	0.0
281	input_spectra/bkgrnd-marine-broth.mzML	2170	0	947.457214355469	1	26520.84	0.0
168	input_spectra/bkgrnd-marine-broth.mzML	2171	0	385.249328613281	1	26532.36	0.0
168	input_spectra/bkgrnd-marine-broth.mzML	2172	0	385.249328613281	1	26543.88	0.0
182	input_spectra/bkgrnd-marine-broth.mzML	2173	0	432.285171508789	1	26606.22	0.0
182	input_spectra/bkgrnd-marine-broth.mzML	2174	0	432.285171508789	1	26617.74	0.0
255	input_spectra/bkgrnd-marine-broth.mzML	2175	0	614.357238769531	1	26675.399999999998	0.0
255	input_spectra/bkgrnd-marine-broth.mzML	2176	0	614.357238769531	1	26686.92	0.0
182	input_spectra/bkgrnd-marine-broth.mzML	2177	0	432.285171508789	1	26749.32	0.0
182	input_spectra/bkgrnd-marine-broth.mzML	2178	0	432.285171508789	1	26760.78	0.0
200	input_spectra/bkgrnd-marine-broth.mzML	2179	0	476.311747233073	1	26795.34	0.0
200	input_spectra/bkgrnd-marine-broth.mzML	2180	0	476.311747233073	1	26806.86	0.0
40	input_spectra/bkgrnd-marine-broth.mzML	2181	0	146.061645507813	1	26829.84	0.0
291	input_spectra/bkgrnd-marine-broth.mzML	2182	0	1216.558837890625	1	26841.48	0.0
200	input_spectra/bkgrnd-marine-broth.mzML	2183	0	476.311747233073	1	26892.42	0.0
200	input_spectra/bkgrnd-marine-broth.mzML	2184	0	476.311747233073	1	26903.94	0.0
202	input_spectra/bkgrnd-marine-broth.mzML	2185	0	481.267242431641	1	26915.46	0.0
94	input_spectra/bkgrnd-marine-broth.mzML	2186	0	227.141393025716	1	26938.44	0.0
94	input_spectra/bkgrnd-marine-broth.mzML	2187	0	227.141393025716	1	26949.96	0.0
290	input_spectra/bkgrnd-marine-broth.mzML	2188	0	1200.565185546875	1	26961.600000000002	0.0
291	input_spectra/bkgrnd-marine-broth.mzML	2189	0	1216.558837890625	1	26984.7	0.0
221	input_spectra/bkgrnd-marine-broth.mzML	2190	0	520.338562011719	1	27035.64	0.0
221	input_spectra/bkgrnd-marine-broth.mzML	2191	0	520.338562011719	1	27047.16	0.0
200	input_spectra/bkgrnd-marine-broth.mzML	2192	0	476.311747233073	1	27058.68	0.0
200	input_spectra/bkgrnd-marine-broth.mzML	2193	0	476.311747233073	1	27070.2	0.0
94	input_spectra/bkgrnd-marine-broth.mzML	2194	0	227.141393025716	1	27081.72	0.0
94	input_spectra/bkgrnd-marine-broth.mzML	2195	0	227.141393025716	1	27093.18	0.0
290	input_spectra/bkgrnd-marine-broth.mzML	2196	0	1200.565185546875	1	27127.859999999997	0.0
221	input_spectra/bkgrnd-marine-broth.mzML	2197	0	520.338562011719	1	27178.800000000003	0.0
221	input_spectra/bkgrnd-marine-broth.mzML	2198	0	520.338562011719	1	27190.32	0.0
238	input_spectra/bkgrnd-marine-broth.mzML	2199	0	564.364949544271	1	27224.88	0.0
238	input_spectra/bkgrnd-marine-broth.mzML	2200	0	564.364949544271	1	27236.4	0.0
93	input_spectra/bkgrnd-marine-broth.mzML	2201	0	227.141393025716	1	27247.920000000002	0.0
94	input_spectra/bkgrnd-marine-broth.mzML	2202	0	227.141393025716	1	27259.379999999997	0.0
238	input_spectra/bkgrnd-marine-broth.mzML	2203	0	564.364949544271	1	27321.84	0.0
238	input_spectra/bkgrnd-marine-broth.mzML	2204	0	564.364949544271	1	27333.36	0.0
62	input_spectra/bkgrnd-marine-broth.mzML	2205	0	169.077713012695	1	27379.379999999997	0.0
221	input_spectra/bkgrnd-marine-broth.mzML	2206	0	520.338562011719	1	27390.899999999998	0.0
222	input_spectra/bkgrnd-marine-broth.mzML	2207	0	520.338562011719	1	27402.42	0.0
252	input_spectra/bkgrnd-marine-broth.mzML	2208	0	608.391581217448	1	27413.94	0.0
252	input_spectra/bkgrnd-marine-broth.mzML	2209	0	608.391581217448	1	27425.46	0.0
252	input_spectra/bkgrnd-marine-broth.mzML	2210	0	608.391581217448	1	27464.82	0.0
252	input_spectra/bkgrnd-marine-broth.mzML	2211	0	608.391581217448	1	27476.34	0.0
115	input_spectra/bkgrnd-marine-broth.mzML	2212	0	261.126291910807	1	27487.859999999997	0.0
115	input_spectra/bkgrnd-marine-broth.mzML	2213	0	261.126291910807	1	27499.379999999997	0.0
238	input_spectra/bkgrnd-marine-broth.mzML	2214	0	564.364949544271	1	27533.94	0.0
238	input_spectra/bkgrnd-marine-broth.mzML	2215	0	564.364949544271	1	27545.46	0.0
176	input_spectra/bkgrnd-marine-broth.mzML	2216	0	419.233673095703	1	27556.98	0.0
176	input_spectra/bkgrnd-marine-broth.mzML	2217	0	419.233673095703	1	27568.5	0.0
252	input_spectra/bkgrnd-marine-broth.mzML	2218	0	608.391581217448	1	27607.859999999997	0.0
252	input_spectra/bkgrnd-marine-broth.mzML	2219	0	608.391581217448	1	27619.379999999997	0.0
6	input_spectra/bkgrnd-marine-broth.mzML	2220	0	117.074203491211	1	27653.94	0.0
6	input_spectra/bkgrnd-marine-broth.mzML	2221	0	117.074203491211	1	27665.399999999998	0.0
267	input_spectra/bkgrnd-marine-broth.mzML	2222	0	696.444763183594	1	27750.899999999998	0.0
267	input_spectra/bkgrnd-marine-broth.mzML	2223	0	696.444763183594	1	27762.42	0.0
262	input_spectra/bkgrnd-marine-broth.mzML	2224	0	652.41796875	1	27773.94	0.0
6	input_spectra/bkgrnd-marine-broth.mzML	2225	0	117.074203491211	1	27796.98	0.0
6	input_spectra/bkgrnd-marine-broth.mzML	2226	0	117.074203491211	1	27808.44	0.0
70	input_spectra/bkgrnd-marine-broth.mzML	2227	0	183.09358215332	1	27831.420000000002	0.0
271	input_spectra/bkgrnd-marine-broth.mzML	2228	0	740.471008300781	1	27893.88	0.0
271	input_spectra/bkgrnd-marine-broth.mzML	2229	0	740.471008300781	1	27905.399999999998	0.0
6	input_spectra/bkgrnd-marine-broth.mzML	2230	0	117.074203491211	1	27916.98	0.0
6	input_spectra/bkgrnd-marine-broth.mzML	2231	0	117.074203491211	1	27928.44	0.0
267	input_spectra/bkgrnd-marine-broth.mzML	2232	0	696.444763183594	1	27940.019999999997	0.0
104	input_spectra/bkgrnd-marine-broth.mzML	2233	0	243.13648223877	1	27963.059999999998	0.0
114	input_spectra/bkgrnd-marine-broth.mzML	2234	0	261.126291910807	1	28013.94	0.0
104	input_spectra/bkgrnd-marine-broth.mzML	2235	0	243.13648223877	1	28036.92	0.0
276	input_spectra/bkgrnd-marine-broth.mzML	2236	0	784.497497558594	1	28059.96	0.0
85	input_spectra/bkgrnd-marine-broth.mzML	2237	0	211.146428426107	1	28315.26	0.0
85	input_spectra/bkgrnd-marine-broth.mzML	2238	0	211.146428426107	1	28326.78	0.0
85	input_spectra/bkgrnd-marine-broth.mzML	2239	0	211.146428426107	1	28366.14	0.0
85	input_spectra/bkgrnd-marine-broth.mzML	2240	0	211.146428426107	1	28377.6	0.0
85	input_spectra/bkgrnd-marine-broth.mzML	2241	0	211.146428426107	1	28417.02	0.0
85	input_spectra/bkgrnd-marine-broth.mzML	2242	0	211.146428426107	1	28428.48	0.0
105	input_spectra/bkgrnd-marine-broth.mzML	2243	0	245.130767822266	1	28876.68	0.0
105	input_spectra/bkgrnd-marine-broth.mzML	2244	0	245.130767822266	1	28888.14	0.0
145	input_spectra/bkgrnd-marine-broth.mzML	2245	0	328.273207122204	1	32234.280000000002	0.0
143	input_spectra/bkgrnd-marine-broth.mzML	2246	0	328.273207122204	1	32245.739999999998	0.0
145	input_spectra/bkgrnd-marine-broth.mzML	2247	0	328.273207122204	1	32465.52	0.0
145	input_spectra/bkgrnd-marine-broth.mzML	2248	0	328.273207122204	1	32476.98	0.0
143	input_spectra/bkgrnd-marine-broth.mzML	2249	0	328.273207122204	1	32528.399999999998	0.0
149	input_spectra/bkgrnd-marine-broth.mzML	2250	0	328.273207122204	1	32539.92	0.0
122	input_spectra/bkgrnd-marine-broth.mzML	2251	0	274.277679443359	1	32551.38	0.0
122	input_spectra/bkgrnd-marine-broth.mzML	2252	0	274.277679443359	1	32602.26	0.0
122	input_spectra/bkgrnd-marine-broth.mzML	2253	0	274.277679443359	1	32613.72	0.0
122	input_spectra/bkgrnd-marine-broth.mzML	2254	0	274.277679443359	1	32653.079999999998	0.0
199	input_spectra/bkgrnd-marine-broth.mzML	2255	0	466.323577880859	1	32958.78	0.0
198	input_spectra/bkgrnd-marine-broth.mzML	2256	0	466.323577880859	1	33021.18	0.0
199	input_spectra/bkgrnd-marine-broth.mzML	2257	0	466.323577880859	1	33032.64	0.0
233	input_spectra/bkgrnd-marine-broth.mzML	2258	0	534.361673990885	1	33044.159999999996	0.0
233	input_spectra/bkgrnd-marine-broth.mzML	2259	0	534.361673990885	1	33055.68	0.0
233	input_spectra/bkgrnd-marine-broth.mzML	2260	0	534.361673990885	1	33164.1	0.0
233	input_spectra/bkgrnd-marine-broth.mzML	2261	0	534.361673990885	1	33175.62	0.0
279	input_spectra/bkgrnd-marine-broth.mzML	2262	0	931.638000488281	1	33210.24	0.0
233	input_spectra/bkgrnd-marine-broth.mzML	2263	0	534.361673990885	1	33261.18	0.0
233	input_spectra/bkgrnd-marine-broth.mzML	2264	0	534.361673990885	1	33272.7	0.0
148	input_spectra/bkgrnd-marine-broth.mzML	2265	0	328.273207122204	1	33611.64	0.0
148	input_spectra/bkgrnd-marine-broth.mzML	2266	0	328.273207122204	1	33623.159999999996	0.0
145	input_spectra/bkgrnd-marine-broth.mzML	2267	0	328.273207122204	1	33662.46000000001	0.0
143	input_spectra/bkgrnd-marine-broth.mzML	2268	0	328.273207122204	1	33673.979999999996	0.0
149	input_spectra/bkgrnd-marine-broth.mzML	2269	0	328.273207122204	1	33713.340000000004	0.0
148	input_spectra/bkgrnd-marine-broth.mzML	2270	0	328.273207122204	1	33724.86	0.0
96	input_spectra/bkgrnd-marine-broth.mzML	2271	0	230.25151570638	1	34557.840000000004	0.0
96	input_spectra/bkgrnd-marine-broth.mzML	2272	0	230.25151570638	1	34569.299999999996	0.0
96	input_spectra/bkgrnd-marine-broth.mzML	2273	0	230.25151570638	1	34608.72	0.0
96	input_spectra/bkgrnd-marine-broth.mzML	2274	0	230.25151570638	1	34620.18	0.0
96	input_spectra/bkgrnd-marine-broth.mzML	2275	0	230.25151570638	1	34659.54	0.0
96	input_spectra/bkgrnd-marine-broth.mzML	2276	0	230.25151570638	1	34671.06	0.0
144	input_spectra/bkgrnd-marine-broth.mzML	2277	0	328.273207122204	1	34746.479999999996	0.0
148	input_spectra/bkgrnd-marine-broth.mzML	2278	0	328.273207122204	1	34757.94	0.0
149	input_spectra/bkgrnd-marine-broth.mzML	2279	0	328.273207122204	1	34797.36	0.0
147	input_spectra/bkgrnd-marine-broth.mzML	2280	0	328.273207122204	1	34808.82	0.0
143	input_spectra/bkgrnd-marine-broth.mzML	2281	0	328.273207122204	1	34848.18	0.0
148	input_spectra/bkgrnd-marine-broth.mzML	2282	0	328.273207122204	1	34859.7	0.0
231	input_spectra/bkgrnd-marine-broth.mzML	2283	0	533.332600911458	1	35680.62	0.0
232	input_spectra/bkgrnd-marine-broth.mzML	2284	0	533.332600911458	1	35692.14	0.0
231	input_spectra/bkgrnd-marine-broth.mzML	2285	0	533.332600911458	1	35731.56	0.0
214	input_spectra/bkgrnd-marine-broth.mzML	2286	0	498.295522054036	1	35754.54	0.0
231	input_spectra/bkgrnd-marine-broth.mzML	2287	0	533.332600911458	1	35805.36	0.0
214	input_spectra/bkgrnd-marine-broth.mzML	2288	0	498.295522054036	1	35828.4	0.0
215	input_spectra/bkgrnd-marine-broth.mzML	2289	0	498.295522054036	1	35839.92	0.0
214	input_spectra/bkgrnd-marine-broth.mzML	2290	0	498.295522054036	1	35879.280000000006	0.0
150	input_spectra/bkgrnd-marine-broth.mzML	2291	0	328.273207122204	1	35930.16	0.0
145	input_spectra/bkgrnd-marine-broth.mzML	2292	0	328.273207122204	1	35941.68	0.0
145	input_spectra/bkgrnd-marine-broth.mzML	2293	0	328.273207122204	1	35980.979999999996	0.0
146	input_spectra/bkgrnd-marine-broth.mzML	2294	0	328.273207122204	1	35992.5	0.0
145	input_spectra/bkgrnd-marine-broth.mzML	2295	0	328.273207122204	1	36031.86	0.0
146	input_spectra/bkgrnd-marine-broth.mzML	2296	0	328.273207122204	1	36043.32	0.0
166	input_spectra/bkgrnd-marine-broth.mzML	2297	0	373.279357910156	1	36974.76	0.0
160	input_spectra/bkgrnd-marine-broth.mzML	2298	0	355.268636067708	1	37009.26	0.0
160	input_spectra/bkgrnd-marine-broth.mzML	2299	0	355.268636067708	1	37020.719999999994	0.0
166	input_spectra/bkgrnd-marine-broth.mzML	2300	0	373.279357910156	1	37071.6	0.0
277	input_spectra/bkgrnd-marine-broth.mzML	2301	0	817.595153808594	1	37106.22	0.0
277	input_spectra/bkgrnd-marine-broth.mzML	2302	0	817.595153808594	1	37117.74	0.0
201	input_spectra/bkgrnd-marine-broth.mzML	2303	0	477.339263916016	1	37152.3	0.0
201	input_spectra/bkgrnd-marine-broth.mzML	2304	0	477.339263916016	1	37163.82	0.0
145	input_spectra/bkgrnd-marine-broth.mzML	2305	0	328.273207122204	1	37203.18	0.0
146	input_spectra/bkgrnd-marine-broth.mzML	2306	0	328.273207122204	1	37214.7	0.0
160	input_spectra/bkgrnd-marine-broth.mzML	2307	0	355.268636067708	1	37260.659999999996	0.0
144	input_spectra/bkgrnd-marine-broth.mzML	2308	0	328.273207122204	1	37300.08	0.0
146	input_spectra/bkgrnd-marine-broth.mzML	2309	0	328.273207122204	1	37311.54	0.0
143	input_spectra/bkgrnd-marine-broth.mzML	2310	0	328.273207122204	1	37350.9	0.0
147	input_spectra/bkgrnd-marine-broth.mzML	2311	0	328.273207122204	1	37362.42	0.0
111	input_spectra/bkgrnd-marine-broth.mzML	2312	0	258.283406575521	1	38353.44	0.0
111	input_spectra/bkgrnd-marine-broth.mzML	2313	0	258.283406575521	1	38364.899999999994	0.0
145	input_spectra/bkgrnd-marine-broth.mzML	2314	0	328.273207122204	1	38404.26	0.0
148	input_spectra/bkgrnd-marine-broth.mzML	2315	0	328.273207122204	1	38415.78	0.0
111	input_spectra/bkgrnd-marine-broth.mzML	2316	0	258.283406575521	1	38450.28	0.0
111	input_spectra/bkgrnd-marine-broth.mzML	2317	0	258.283406575521	1	38461.799999999996	0.0
144	input_spectra/bkgrnd-marine-broth.mzML	2318	0	328.273207122204	1	38501.16	0.0
147	input_spectra/bkgrnd-marine-broth.mzML	2319	0	328.273207122204	1	38512.68	0.0
111	input_spectra/bkgrnd-marine-broth.mzML	2320	0	258.283406575521	1	38524.14	0.0
111	input_spectra/bkgrnd-marine-broth.mzML	2321	0	258.283406575521	1	38535.6	0.0
143	input_spectra/bkgrnd-marine-broth.mzML	2322	0	328.273207122204	1	38575.020000000004	0.0
147	input_spectra/bkgrnd-marine-broth.mzML	2323	0	328.273207122204	1	38586.479999999996	0.0
137	input_spectra/bkgrnd-marine-broth.mzML	2324	0	304.304504394531	1	38962.56	0.0
137	input_spectra/bkgrnd-marine-broth.mzML	2325	0	304.304504394531	1	38974.020000000004	0.0
137	input_spectra/bkgrnd-marine-broth.mzML	2326	0	304.304504394531	1	39013.38	0.0
137	input_spectra/bkgrnd-marine-broth.mzML	2327	0	304.304504394531	1	39024.84	0.0
137	input_spectra/bkgrnd-marine-broth.mzML	2328	0	304.304504394531	1	39064.200000000004	0.0
137	input_spectra/bkgrnd-marine-broth.mzML	2329	0	304.304504394531	1	39075.719999999994	0.0
145	input_spectra/bkgrnd-marine-broth.mzML	2330	0	328.273207122204	1	39608.1	0.0
147	input_spectra/bkgrnd-marine-broth.mzML	2331	0	328.273207122204	1	39619.56	0.0
150	input_spectra/bkgrnd-marine-broth.mzML	2332	0	328.273207122204	1	39658.92	0.0
148	input_spectra/bkgrnd-marine-broth.mzML	2333	0	328.273207122204	1	39670.44	0.0
149	input_spectra/bkgrnd-marine-broth.mzML	2334	0	328.273207122204	1	39709.8	0.0
148	input_spectra/bkgrnd-marine-broth.mzML	2335	0	328.273207122204	1	39721.32	0.0
149	input_spectra/bkgrnd-marine-broth.mzML	2336	0	328.273207122204	1	40746.659999999996	0.0
146	input_spectra/bkgrnd-marine-broth.mzML	2337	0	328.273207122204	1	40758.18	0.0
148	input_spectra/bkgrnd-marine-broth.mzML	2338	0	328.273207122204	1	40797.479999999996	0.0
148	input_spectra/bkgrnd-marine-broth.mzML	2339	0	328.273207122204	1	40809.0	0.0
145	input_spectra/bkgrnd-marine-broth.mzML	2340	0	328.273207122204	1	40848.36	0.0
146	input_spectra/bkgrnd-marine-broth.mzML	2341	0	328.273207122204	1	40859.82	0.0
148	input_spectra/bkgrnd-marine-broth.mzML	2342	0	328.273207122204	1	41885.28	0.0
146	input_spectra/bkgrnd-marine-broth.mzML	2343	0	328.273207122204	1	41896.74	0.0
149	input_spectra/bkgrnd-marine-broth.mzML	2344	0	328.273207122204	1	41936.1	0.0
147	input_spectra/bkgrnd-marine-broth.mzML	2345	0	328.273207122204	1	41947.619999999995	0.0
148	input_spectra/bkgrnd-marine-broth.mzML	2346	0	328.273207122204	1	41986.98	0.0
146	input_spectra/bkgrnd-marine-broth.mzML	2347	0	328.273207122204	1	41998.44	0.0
150	input_spectra/bkgrnd-marine-broth.mzML	2348	0	328.273207122204	1	43023.84	0.0
146	input_spectra/bkgrnd-marine-broth.mzML	2349	0	328.273207122204	1	43035.3	0.0
144	input_spectra/bkgrnd-marine-broth.mzML	2350	0	328.273207122204	1	43074.72	0.0
148	input_spectra/bkgrnd-marine-broth.mzML	2351	0	328.273207122204	1	43086.18	0.0
150	input_spectra/bkgrnd-marine-broth.mzML	2352	0	328.273207122204	1	43125.54	0.0
147	input_spectra/bkgrnd-marine-broth.mzML	2353	0	328.273207122204	1	43137.06	0.0
153	input_spectra/bkgrnd-marine-broth.mzML	2354	0	332.336435953776	1	43176.42	0.0
153	input_spectra/bkgrnd-marine-broth.mzML	2355	0	332.336435953776	1	43187.94	0.0
153	input_spectra/bkgrnd-marine-broth.mzML	2356	0	332.336435953776	1	43227.3	0.0
153	input_spectra/bkgrnd-marine-broth.mzML	2357	0	332.336435953776	1	43238.759999999995	0.0
153	input_spectra/bkgrnd-marine-broth.mzML	2358	0	332.336435953776	1	43278.12	0.0
153	input_spectra/bkgrnd-marine-broth.mzML	2359	0	332.336435953776	1	43289.64	0.0
206	input_spectra/bkgrnd-marine-broth.mzML	2360	0	483.256673177083	1	43635.18	0.0
206	input_spectra/bkgrnd-marine-broth.mzML	2361	0	483.256673177083	1	43646.700000000004	0.0
206	input_spectra/bkgrnd-marine-broth.mzML	2362	0	483.256673177083	1	43686.06	0.0
206	input_spectra/bkgrnd-marine-broth.mzML	2363	0	483.256673177083	1	43697.520000000004	0.0
206	input_spectra/bkgrnd-marine-broth.mzML	2364	0	483.256673177083	1	43759.92	0.0
206	input_spectra/bkgrnd-marine-broth.mzML	2365	0	483.256673177083	1	43771.44	0.0
186	input_spectra/bkgrnd-marine-broth.mzML	2366	0	440.416982014974	1	43955.100000000006	0.0
187	input_spectra/bkgrnd-marine-broth.mzML	2367	0	440.416982014974	1	43966.62	0.0
186	input_spectra/bkgrnd-marine-broth.mzML	2368	0	440.416982014974	1	44005.92	0.0
187	input_spectra/bkgrnd-marine-broth.mzML	2369	0	440.416982014974	1	44017.44	0.0
186	input_spectra/bkgrnd-marine-broth.mzML	2370	0	440.416982014974	1	44056.799999999996	0.0
187	input_spectra/bkgrnd-marine-broth.mzML	2371	0	440.416982014974	1	44068.32	0.0
189	input_spectra/bkgrnd-marine-broth.mzML	2372	0	444.304077148438	1	44143.740000000005	0.0
189	input_spectra/bkgrnd-marine-broth.mzML	2373	0	444.304077148438	1	44155.26	0.0
150	input_spectra/bkgrnd-marine-broth.mzML	2374	0	328.273207122204	1	44194.62	0.0
147	input_spectra/bkgrnd-marine-broth.mzML	2375	0	328.273207122204	1	44206.14	0.0
189	input_spectra/bkgrnd-marine-broth.mzML	2376	0	444.304077148438	1	44217.66	0.0
189	input_spectra/bkgrnd-marine-broth.mzML	2377	0	444.304077148438	1	44229.18	0.0
150	input_spectra/bkgrnd-marine-broth.mzML	2378	0	328.273207122204	1	44268.479999999996	0.0
146	input_spectra/bkgrnd-marine-broth.mzML	2379	0	328.273207122204	1	44280.0	0.0
150	input_spectra/bkgrnd-marine-broth.mzML	2380	0	328.273207122204	1	44319.36	0.0
146	input_spectra/bkgrnd-marine-broth.mzML	2381	0	328.273207122204	1	44330.82	0.0
150	input_spectra/bkgrnd-marine-broth.mzML	2382	0	328.273207122204	1	45368.219999999994	0.0
147	input_spectra/bkgrnd-marine-broth.mzML	2383	0	328.273207122204	1	45379.74	0.0
150	input_spectra/bkgrnd-marine-broth.mzML	2384	0	328.273207122204	1	45419.1	0.0
148	input_spectra/bkgrnd-marine-broth.mzML	2385	0	328.273207122204	1	45430.62	0.0
150	input_spectra/bkgrnd-marine-broth.mzML	2386	0	328.273207122204	1	45469.979999999996	0.0
148	input_spectra/bkgrnd-marine-broth.mzML	2387	0	328.273207122204	1	45481.5	0.0
128	input_spectra/bkgrnd-marine-broth.mzML	2388	0	286.223715888129	1	45713.219999999994	0.0
128	input_spectra/bkgrnd-marine-broth.mzML	2389	0	286.223715888129	1	45724.74	0.0
128	input_spectra/bkgrnd-marine-broth.mzML	2390	0	286.223715888129	1	46076.700000000004	0.0
128	input_spectra/bkgrnd-marine-broth.mzML	2391	0	286.223715888129	1	46088.219999999994	0.0
129	input_spectra/bkgrnd-marine-broth.mzML	2392	0	286.223715888129	1	46380.06	0.0
129	input_spectra/bkgrnd-marine-broth.mzML	2393	0	286.223715888129	1	46391.58	0.0
150	input_spectra/bkgrnd-marine-broth.mzML	2394	0	328.273207122204	1	46503.060000000005	0.0
146	input_spectra/bkgrnd-marine-broth.mzML	2395	0	328.273207122204	1	46514.58	0.0
150	input_spectra/bkgrnd-marine-broth.mzML	2396	0	328.273207122204	1	46553.94	0.0
148	input_spectra/bkgrnd-marine-broth.mzML	2397	0	328.273207122204	1	46565.4	0.0
150	input_spectra/bkgrnd-marine-broth.mzML	2398	0	328.273207122204	1	46604.82	0.0
146	input_spectra/bkgrnd-marine-broth.mzML	2399	0	328.273207122204	1	46616.28	0.0
265	input_spectra/bkgrnd-marine-broth.mzML	2400	0	660.498321533203	1	46920.18	0.0
265	input_spectra/bkgrnd-marine-broth.mzML	2401	0	660.498321533203	1	46931.700000000004	0.0
265	input_spectra/bkgrnd-marine-broth.mzML	2402	0	660.498321533203	1	46971.119999999995	0.0
265	input_spectra/bkgrnd-marine-broth.mzML	2403	0	660.498321533203	1	46982.64	0.0
257	input_spectra/bkgrnd-marine-broth.mzML	2404	0	616.471638997396	1	47094.12	0.0
257	input_spectra/bkgrnd-marine-broth.mzML	2405	0	616.471638997396	1	47105.64	0.0
257	input_spectra/bkgrnd-marine-broth.mzML	2406	0	616.471638997396	1	47145.0	0.0
257	input_spectra/bkgrnd-marine-broth.mzML	2407	0	616.471638997396	1	47156.520000000004	0.0
257	input_spectra/bkgrnd-marine-broth.mzML	2408	0	616.471638997396	1	47195.88	0.0
257	input_spectra/bkgrnd-marine-broth.mzML	2409	0	616.471638997396	1	47207.399999999994	0.0
245	input_spectra/bkgrnd-marine-broth.mzML	2410	0	572.445821126302	1	47391.06	0.0
245	input_spectra/bkgrnd-marine-broth.mzML	2411	0	572.445821126302	1	47402.58	0.0
245	input_spectra/bkgrnd-marine-broth.mzML	2412	0	572.445821126302	1	47441.939999999995	0.0
245	input_spectra/bkgrnd-marine-broth.mzML	2413	0	572.445821126302	1	47453.46	0.0
245	input_spectra/bkgrnd-marine-broth.mzML	2414	0	572.445821126302	1	47492.82	0.0
245	input_spectra/bkgrnd-marine-broth.mzML	2415	0	572.445821126302	1	47504.340000000004	0.0
128	input_spectra/bkgrnd-marine-broth.mzML	2416	0	286.223715888129	1	47543.7	0.0
129	input_spectra/bkgrnd-marine-broth.mzML	2417	0	286.223715888129	1	47555.22	0.0
128	input_spectra/bkgrnd-marine-broth.mzML	2418	0	286.223715888129	1	47594.58	0.0
129	input_spectra/bkgrnd-marine-broth.mzML	2419	0	286.223715888129	1	47606.1	0.0
149	input_spectra/bkgrnd-marine-broth.mzML	2420	0	328.273207122204	1	47645.46	0.0
147	input_spectra/bkgrnd-marine-broth.mzML	2421	0	328.273207122204	1	47656.920000000006	0.0
128	input_spectra/bkgrnd-marine-broth.mzML	2422	0	286.223715888129	1	47668.44	0.0
128	input_spectra/bkgrnd-marine-broth.mzML	2423	0	286.223715888129	1	47679.899999999994	0.0
150	input_spectra/bkgrnd-marine-broth.mzML	2424	0	328.273207122204	1	47719.26	0.0
146	input_spectra/bkgrnd-marine-broth.mzML	2425	0	328.273207122204	1	47730.719999999994	0.0
229	input_spectra/bkgrnd-marine-broth.mzML	2426	0	528.418233235677	1	47742.24	0.0
229	input_spectra/bkgrnd-marine-broth.mzML	2427	0	528.418233235677	1	47753.759999999995	0.0
149	input_spectra/bkgrnd-marine-broth.mzML	2428	0	328.273207122204	1	47793.12	0.0
146	input_spectra/bkgrnd-marine-broth.mzML	2429	0	328.273207122204	1	47804.64	0.0
229	input_spectra/bkgrnd-marine-broth.mzML	2430	0	528.418233235677	1	47816.16	0.0
229	input_spectra/bkgrnd-marine-broth.mzML	2431	0	528.418233235677	1	47827.68	0.0
229	input_spectra/bkgrnd-marine-broth.mzML	2432	0	528.418233235677	1	47867.04	0.0
229	input_spectra/bkgrnd-marine-broth.mzML	2433	0	528.418233235677	1	47878.56	0.0
208	input_spectra/bkgrnd-marine-broth.mzML	2434	0	484.391591389974	1	48070.560000000005	0.0
208	input_spectra/bkgrnd-marine-broth.mzML	2435	0	484.391591389974	1	48082.08	0.0
208	input_spectra/bkgrnd-marine-broth.mzML	2436	0	484.391591389974	1	48121.44	0.0
208	input_spectra/bkgrnd-marine-broth.mzML	2437	0	484.391591389974	1	48132.9	0.0
208	input_spectra/bkgrnd-marine-broth.mzML	2438	0	484.391591389974	1	48172.32	0.0
208	input_spectra/bkgrnd-marine-broth.mzML	2439	0	484.391591389974	1	48183.78	0.0
234	input_spectra/bkgrnd-marine-broth.mzML	2440	0	535.402770996094	1	48375.78	0.0
234	input_spectra/bkgrnd-marine-broth.mzML	2441	0	535.402770996094	1	48387.3	0.0
234	input_spectra/bkgrnd-marine-broth.mzML	2442	0	535.402770996094	1	48426.659999999996	0.0
234	input_spectra/bkgrnd-marine-broth.mzML	2443	0	535.402770996094	1	48438.18	0.0
185	input_spectra/bkgrnd-marine-broth.mzML	2444	0	440.364939371745	1	48477.53999999999	0.0
185	input_spectra/bkgrnd-marine-broth.mzML	2445	0	440.364939371745	1	48528.42	0.0
185	input_spectra/bkgrnd-marine-broth.mzML	2446	0	440.364939371745	1	48539.94	0.0
185	input_spectra/bkgrnd-marine-broth.mzML	2447	0	440.364939371745	1	48602.28	0.0
185	input_spectra/bkgrnd-marine-broth.mzML	2448	0	440.364939371745	1	48613.8	0.0
211	input_spectra/bkgrnd-marine-broth.mzML	2449	0	491.376139322917	1	48648.36	0.0
211	input_spectra/bkgrnd-marine-broth.mzML	2450	0	491.376139322917	1	48659.82	0.0
211	input_spectra/bkgrnd-marine-broth.mzML	2451	0	491.376139322917	1	48722.28	0.0
211	input_spectra/bkgrnd-marine-broth.mzML	2452	0	491.376139322917	1	48733.740000000005	0.0
177	input_spectra/bkgrnd-marine-broth.mzML	2453	0	423.338185628255	1	48745.26	0.0
177	input_spectra/bkgrnd-marine-broth.mzML	2454	0	423.338185628255	1	48756.780000000006	0.0
128	input_spectra/bkgrnd-marine-broth.mzML	2455	0	286.223715888129	1	48768.24	0.0
128	input_spectra/bkgrnd-marine-broth.mzML	2456	0	286.223715888129	1	48779.76	0.0
144	input_spectra/bkgrnd-marine-broth.mzML	2457	0	328.273207122204	1	48819.12	0.0
146	input_spectra/bkgrnd-marine-broth.mzML	2458	0	328.273207122204	1	48830.64	0.0
211	input_spectra/bkgrnd-marine-broth.mzML	2459	0	491.376139322917	1	48842.159999999996	0.0
211	input_spectra/bkgrnd-marine-broth.mzML	2460	0	491.376139322917	1	48853.68	0.0
177	input_spectra/bkgrnd-marine-broth.mzML	2461	0	423.338185628255	1	48865.14	0.0
177	input_spectra/bkgrnd-marine-broth.mzML	2462	0	423.338185628255	1	48876.659999999996	0.0
129	input_spectra/bkgrnd-marine-broth.mzML	2463	0	286.223715888129	1	48888.18	0.0
128	input_spectra/bkgrnd-marine-broth.mzML	2464	0	286.223715888129	1	48899.64	0.0
144	input_spectra/bkgrnd-marine-broth.mzML	2465	0	328.273207122204	1	48939.0	0.0
146	input_spectra/bkgrnd-marine-broth.mzML	2466	0	328.273207122204	1	48950.52	0.0
173	input_spectra/bkgrnd-marine-broth.mzML	2467	0	396.338185628255	1	48985.020000000004	0.0
173	input_spectra/bkgrnd-marine-broth.mzML	2468	0	396.338185628255	1	48996.54	0.0
177	input_spectra/bkgrnd-marine-broth.mzML	2469	0	423.338185628255	1	49008.0	0.0
177	input_spectra/bkgrnd-marine-broth.mzML	2470	0	423.338185628255	1	49019.52	0.0
128	input_spectra/bkgrnd-marine-broth.mzML	2471	0	286.223715888129	1	49031.04	0.0
150	input_spectra/bkgrnd-marine-broth.mzML	2472	0	328.273207122204	1	49081.920000000006	0.0
146	input_spectra/bkgrnd-marine-broth.mzML	2473	0	328.273207122204	1	49093.38	0.0
173	input_spectra/bkgrnd-marine-broth.mzML	2474	0	396.338185628255	1	49127.88	0.0
173	input_spectra/bkgrnd-marine-broth.mzML	2475	0	396.338185628255	1	49139.4	0.0
191	input_spectra/bkgrnd-marine-broth.mzML	2476	0	447.349294026693	1	49162.380000000005	0.0
167	input_spectra/bkgrnd-marine-broth.mzML	2477	0	379.310892740885	1	49173.9	0.0
167	input_spectra/bkgrnd-marine-broth.mzML	2478	0	379.310892740885	1	49185.42	0.0
174	input_spectra/bkgrnd-marine-broth.mzML	2479	0	401.293874104818	1	49224.78	0.0
173	input_spectra/bkgrnd-marine-broth.mzML	2480	0	396.338185628255	1	49247.76	0.0
173	input_spectra/bkgrnd-marine-broth.mzML	2481	0	396.338185628255	1	49259.280000000006	0.0
191	input_spectra/bkgrnd-marine-broth.mzML	2482	0	447.349294026693	1	49270.799999999996	0.0
167	input_spectra/bkgrnd-marine-broth.mzML	2483	0	379.310892740885	1	49293.78	0.0
167	input_spectra/bkgrnd-marine-broth.mzML	2484	0	379.310892740885	1	49305.3	0.0
191	input_spectra/bkgrnd-marine-broth.mzML	2485	0	447.349294026693	1	49344.659999999996	0.0
167	input_spectra/bkgrnd-marine-broth.mzML	2486	0	379.310892740885	1	49367.7	0.0
167	input_spectra/bkgrnd-marine-broth.mzML	2487	0	379.310892740885	1	49379.159999999996	0.0
159	input_spectra/bkgrnd-marine-broth.mzML	2488	0	352.311096191406	1	49516.44	0.0
159	input_spectra/bkgrnd-marine-broth.mzML	2489	0	352.311096191406	1	49527.96	0.0
154	input_spectra/bkgrnd-marine-broth.mzML	2490	0	335.284332275391	1	49562.46000000001	0.0
154	input_spectra/bkgrnd-marine-broth.mzML	2491	0	335.284332275391	1	49573.92	0.0
159	input_spectra/bkgrnd-marine-broth.mzML	2492	0	352.311096191406	1	49636.259999999995	0.0
159	input_spectra/bkgrnd-marine-broth.mzML	2493	0	352.311096191406	1	49647.78	0.0
154	input_spectra/bkgrnd-marine-broth.mzML	2494	0	335.284332275391	1	49682.28	0.0
154	input_spectra/bkgrnd-marine-broth.mzML	2495	0	335.284332275391	1	49693.8	0.0
159	input_spectra/bkgrnd-marine-broth.mzML	2496	0	352.311096191406	1	49733.159999999996	0.0
159	input_spectra/bkgrnd-marine-broth.mzML	2497	0	352.311096191406	1	49744.68	0.0
154	input_spectra/bkgrnd-marine-broth.mzML	2498	0	335.284332275391	1	49779.18	0.0
154	input_spectra/bkgrnd-marine-broth.mzML	2499	0	335.284332275391	1	49790.64	0.0
128	input_spectra/bkgrnd-marine-broth.mzML	2500	0	286.223715888129	1	49926.240000000005	0.0
129	input_spectra/bkgrnd-marine-broth.mzML	2501	0	286.223715888129	1	49937.76	0.0
129	input_spectra/bkgrnd-marine-broth.mzML	2502	0	286.223715888129	1	49977.12	0.0
128	input_spectra/bkgrnd-marine-broth.mzML	2503	0	286.223715888129	1	49988.58	0.0
129	input_spectra/bkgrnd-marine-broth.mzML	2504	0	286.223715888129	1	50028.0	0.0
129	input_spectra/bkgrnd-marine-broth.mzML	2505	0	286.223715888129	1	50039.52	0.0
150	input_spectra/bkgrnd-marine-broth.mzML	2506	0	328.273207122204	1	50078.880000000005	0.0
146	input_spectra/bkgrnd-marine-broth.mzML	2507	0	328.273207122204	1	50090.340000000004	0.0
132	input_spectra/bkgrnd-marine-broth.mzML	2508	0	291.257059733073	1	50124.78	0.0
132	input_spectra/bkgrnd-marine-broth.mzML	2509	0	291.257059733073	1	50136.3	0.0
139	input_spectra/bkgrnd-marine-broth.mzML	2510	0	308.283996582031	1	50147.82	0.0
139	input_spectra/bkgrnd-marine-broth.mzML	2511	0	308.283996582031	1	50159.280000000006	0.0
149	input_spectra/bkgrnd-marine-broth.mzML	2512	0	328.273207122204	1	50198.64	0.0
146	input_spectra/bkgrnd-marine-broth.mzML	2513	0	328.273207122204	1	50210.16	0.0
132	input_spectra/bkgrnd-marine-broth.mzML	2514	0	291.257059733073	1	50244.6	0.0
132	input_spectra/bkgrnd-marine-broth.mzML	2515	0	291.257059733073	1	50256.119999999995	0.0
139	input_spectra/bkgrnd-marine-broth.mzML	2516	0	308.283996582031	1	50267.58	0.0
139	input_spectra/bkgrnd-marine-broth.mzML	2517	0	308.283996582031	1	50279.1	0.0
150	input_spectra/bkgrnd-marine-broth.mzML	2518	0	328.273207122204	1	50318.46	0.0
146	input_spectra/bkgrnd-marine-broth.mzML	2519	0	328.273207122204	1	50329.979999999996	0.0
139	input_spectra/bkgrnd-marine-broth.mzML	2520	0	308.283996582031	1	50387.399999999994	0.0
139	input_spectra/bkgrnd-marine-broth.mzML	2521	0	308.283996582031	1	50398.92	0.0
129	input_spectra/bkgrnd-marine-broth.mzML	2522	0	286.223715888129	1	51063.54	0.0
129	input_spectra/bkgrnd-marine-broth.mzML	2523	0	286.223715888129	1	51075.06	0.0
128	input_spectra/bkgrnd-marine-broth.mzML	2524	0	286.223715888129	1	51114.420000000006	0.0
128	input_spectra/bkgrnd-marine-broth.mzML	2525	0	286.223715888129	1	51125.88	0.0
128	input_spectra/bkgrnd-marine-broth.mzML	2526	0	286.223715888129	1	51165.3	0.0
129	input_spectra/bkgrnd-marine-broth.mzML	2527	0	286.223715888129	1	51176.76	0.0
150	input_spectra/bkgrnd-marine-broth.mzML	2528	0	328.273207122204	1	51312.3	0.0
146	input_spectra/bkgrnd-marine-broth.mzML	2529	0	328.273207122204	1	51323.82	0.0
150	input_spectra/bkgrnd-marine-broth.mzML	2530	0	328.273207122204	1	51363.12	0.0
146	input_spectra/bkgrnd-marine-broth.mzML	2531	0	328.273207122204	1	51374.64	0.0
150	input_spectra/bkgrnd-marine-broth.mzML	2532	0	328.273207122204	1	51414.0	0.0
146	input_spectra/bkgrnd-marine-broth.mzML	2533	0	328.273207122204	1	51425.46	0.0
263	input_spectra/bkgrnd-marine-broth.mzML	2534	0	658.48252360026	1	51549.0	0.0
263	input_spectra/bkgrnd-marine-broth.mzML	2535	0	658.48252360026	1	51560.52	0.0
263	input_spectra/bkgrnd-marine-broth.mzML	2536	0	658.48252360026	1	51599.880000000005	0.0
263	input_spectra/bkgrnd-marine-broth.mzML	2537	0	658.48252360026	1	51611.4	0.0
263	input_spectra/bkgrnd-marine-broth.mzML	2538	0	658.48252360026	1	51650.76	0.0
263	input_spectra/bkgrnd-marine-broth.mzML	2539	0	658.48252360026	1	51662.28	0.0
256	input_spectra/bkgrnd-marine-broth.mzML	2540	0	614.45615641276	1	51906.119999999995	0.0
256	input_spectra/bkgrnd-marine-broth.mzML	2541	0	614.45615641276	1	51917.64	0.0
256	input_spectra/bkgrnd-marine-broth.mzML	2542	0	614.45615641276	1	51957.0	0.0
256	input_spectra/bkgrnd-marine-broth.mzML	2543	0	614.45615641276	1	51968.520000000004	0.0
256	input_spectra/bkgrnd-marine-broth.mzML	2544	0	614.45615641276	1	52007.88	0.0
256	input_spectra/bkgrnd-marine-broth.mzML	2545	0	614.45615641276	1	52019.4	0.0
128	input_spectra/bkgrnd-marine-broth.mzML	2546	0	286.223715888129	1	52203.0	0.0
129	input_spectra/bkgrnd-marine-broth.mzML	2547	0	286.223715888129	1	52214.52	0.0
128	input_spectra/bkgrnd-marine-broth.mzML	2548	0	286.223715888129	1	52253.880000000005	0.0
129	input_spectra/bkgrnd-marine-broth.mzML	2549	0	286.223715888129	1	52265.340000000004	0.0
129	input_spectra/bkgrnd-marine-broth.mzML	2550	0	286.223715888129	1	52304.880000000005	0.0
129	input_spectra/bkgrnd-marine-broth.mzML	2551	0	286.223715888129	1	52316.4	0.0
242	input_spectra/bkgrnd-marine-broth.mzML	2552	0	570.428792317708	1	52327.92	0.0
242	input_spectra/bkgrnd-marine-broth.mzML	2553	0	570.428792317708	1	52339.439999999995	0.0
242	input_spectra/bkgrnd-marine-broth.mzML	2554	0	570.428792317708	1	52378.740000000005	0.0
242	input_spectra/bkgrnd-marine-broth.mzML	2555	0	570.428792317708	1	52390.26	0.0
242	input_spectra/bkgrnd-marine-broth.mzML	2556	0	570.428792317708	1	52429.62	0.0
242	input_spectra/bkgrnd-marine-broth.mzML	2557	0	570.428792317708	1	52441.14	0.0
144	input_spectra/bkgrnd-marine-broth.mzML	2558	0	328.273207122204	1	52480.5	0.0
146	input_spectra/bkgrnd-marine-broth.mzML	2559	0	328.273207122204	1	52492.02	0.0
150	input_spectra/bkgrnd-marine-broth.mzML	2560	0	328.273207122204	1	52531.380000000005	0.0
146	input_spectra/bkgrnd-marine-broth.mzML	2561	0	328.273207122204	1	52542.840000000004	0.0
150	input_spectra/bkgrnd-marine-broth.mzML	2562	0	328.273207122204	1	52582.26	0.0
146	input_spectra/bkgrnd-marine-broth.mzML	2563	0	328.273207122204	1	52593.72	0.0
225	input_spectra/bkgrnd-marine-broth.mzML	2564	0	526.40185546875	1	52789.38	0.0
225	input_spectra/bkgrnd-marine-broth.mzML	2565	0	526.40185546875	1	52800.9	0.0
225	input_spectra/bkgrnd-marine-broth.mzML	2566	0	526.40185546875	1	52840.26	0.0
225	input_spectra/bkgrnd-marine-broth.mzML	2567	0	526.40185546875	1	52851.780000000006	0.0
225	input_spectra/bkgrnd-marine-broth.mzML	2568	0	526.40185546875	1	52891.14	0.0
225	input_spectra/bkgrnd-marine-broth.mzML	2569	0	526.40185546875	1	52902.66	0.0
230	input_spectra/bkgrnd-marine-broth.mzML	2570	0	531.358133951823	1	52925.700000000004	0.0
128	input_spectra/bkgrnd-marine-broth.mzML	2571	0	286.223715888129	1	53343.36	0.0
129	input_spectra/bkgrnd-marine-broth.mzML	2572	0	286.223715888129	1	53354.880000000005	0.0
129	input_spectra/bkgrnd-marine-broth.mzML	2573	0	286.223715888129	1	53394.24	0.0
129	input_spectra/bkgrnd-marine-broth.mzML	2574	0	286.223715888129	1	53405.700000000004	0.0
129	input_spectra/bkgrnd-marine-broth.mzML	2575	0	286.223715888129	1	53468.1	0.0
129	input_spectra/bkgrnd-marine-broth.mzML	2576	0	286.223715888129	1	53479.56	0.0
150	input_spectra/bkgrnd-marine-broth.mzML	2577	0	328.273207122204	1	53650.14	0.0
146	input_spectra/bkgrnd-marine-broth.mzML	2578	0	328.273207122204	1	53661.659999999996	0.0
150	input_spectra/bkgrnd-marine-broth.mzML	2579	0	328.273207122204	1	53701.020000000004	0.0
146	input_spectra/bkgrnd-marine-broth.mzML	2580	0	328.273207122204	1	53712.479999999996	0.0
149	input_spectra/bkgrnd-marine-broth.mzML	2581	0	328.273207122204	1	53751.840000000004	0.0
146	input_spectra/bkgrnd-marine-broth.mzML	2582	0	328.273207122204	1	53763.36	0.0
129	input_spectra/bkgrnd-marine-broth.mzML	2583	0	286.223715888129	1	54484.439999999995	0.0
129	input_spectra/bkgrnd-marine-broth.mzML	2584	0	286.223715888129	1	54495.9	0.0
129	input_spectra/bkgrnd-marine-broth.mzML	2585	0	286.223715888129	1	54535.26	0.0
129	input_spectra/bkgrnd-marine-broth.mzML	2586	0	286.223715888129	1	54546.780000000006	0.0
128	input_spectra/bkgrnd-marine-broth.mzML	2587	0	286.223715888129	1	54586.14	0.0
129	input_spectra/bkgrnd-marine-broth.mzML	2588	0	286.223715888129	1	54597.600000000006	0.0
150	input_spectra/bkgrnd-marine-broth.mzML	2589	0	328.273207122204	1	54817.380000000005	0.0
146	input_spectra/bkgrnd-marine-broth.mzML	2590	0	328.273207122204	1	54828.84	0.0
150	input_spectra/bkgrnd-marine-broth.mzML	2591	0	328.273207122204	1	54868.200000000004	0.0
146	input_spectra/bkgrnd-marine-broth.mzML	2592	0	328.273207122204	1	54879.72	0.0
150	input_spectra/bkgrnd-marine-broth.mzML	2593	0	328.273207122204	1	54919.08	0.0
146	input_spectra/bkgrnd-marine-broth.mzML	2594	0	328.273207122204	1	54930.54	0.0
157	input_spectra/bkgrnd-marine-broth.mzML	2595	0	346.281604003906	1	55294.56	0.0
157	input_spectra/bkgrnd-marine-broth.mzML	2596	0	346.281604003906	1	55306.08	0.0
156	input_spectra/bkgrnd-marine-broth.mzML	2597	0	346.281604003906	1	55477.74	0.0
157	input_spectra/bkgrnd-marine-broth.mzML	2598	0	346.281604003906	1	55489.200000000004	0.0
129	input_spectra/bkgrnd-marine-broth.mzML	2599	0	286.223715888129	1	55624.74	0.0
129	input_spectra/bkgrnd-marine-broth.mzML	2600	0	286.223715888129	1	55636.259999999995	0.0
128	input_spectra/bkgrnd-marine-broth.mzML	2601	0	286.223715888129	1	55675.62	0.0
129	input_spectra/bkgrnd-marine-broth.mzML	2602	0	286.223715888129	1	55687.08	0.0
129	input_spectra/bkgrnd-marine-broth.mzML	2603	0	286.223715888129	1	55726.44	0.0
128	input_spectra/bkgrnd-marine-broth.mzML	2604	0	286.223715888129	1	55737.96	0.0
150	input_spectra/bkgrnd-marine-broth.mzML	2605	0	328.273207122204	1	55957.74	0.0
146	input_spectra/bkgrnd-marine-broth.mzML	2606	0	328.273207122204	1	55969.200000000004	0.0
150	input_spectra/bkgrnd-marine-broth.mzML	2607	0	328.273207122204	1	56008.619999999995	0.0
146	input_spectra/bkgrnd-marine-broth.mzML	2608	0	328.273207122204	1	56020.08	0.0
150	input_spectra/bkgrnd-marine-broth.mzML	2609	0	328.273207122204	1	56059.5	0.0
146	input_spectra/bkgrnd-marine-broth.mzML	2610	0	328.273207122204	1	56070.96	0.0
156	input_spectra/bkgrnd-marine-broth.mzML	2611	0	346.281604003906	1	56374.86	0.0
157	input_spectra/bkgrnd-marine-broth.mzML	2612	0	346.281604003906	1	56386.380000000005	0.0
128	input_spectra/bkgrnd-marine-broth.mzML	2613	0	286.223715888129	1	56762.399999999994	0.0
129	input_spectra/bkgrnd-marine-broth.mzML	2614	0	286.223715888129	1	56773.92	0.0
128	input_spectra/bkgrnd-marine-broth.mzML	2615	0	286.223715888129	1	56813.28	0.0
129	input_spectra/bkgrnd-marine-broth.mzML	2616	0	286.223715888129	1	56824.8	0.0
129	input_spectra/bkgrnd-marine-broth.mzML	2617	0	286.223715888129	1	56864.159999999996	0.0
129	input_spectra/bkgrnd-marine-broth.mzML	2618	0	286.223715888129	1	56875.68	0.0
150	input_spectra/bkgrnd-marine-broth.mzML	2619	0	328.273207122204	1	57095.4	0.0
146	input_spectra/bkgrnd-marine-broth.mzML	2620	0	328.273207122204	1	57106.86	0.0
150	input_spectra/bkgrnd-marine-broth.mzML	2621	0	328.273207122204	1	57146.22	0.0
146	input_spectra/bkgrnd-marine-broth.mzML	2622	0	328.273207122204	1	57157.68	0.0
150	input_spectra/bkgrnd-marine-broth.mzML	2623	0	328.273207122204	1	57197.1	0.0
146	input_spectra/bkgrnd-marine-broth.mzML	2624	0	328.273207122204	1	57208.56	0.0
156	input_spectra/bkgrnd-marine-broth.mzML	2625	0	346.281604003906	1	57897.3	0.0
157	input_spectra/bkgrnd-marine-broth.mzML	2626	0	346.281604003906	1	57908.759999999995	0.0
129	input_spectra/bkgrnd-marine-broth.mzML	2627	0	286.223715888129	1	57948.12	0.0
129	input_spectra/bkgrnd-marine-broth.mzML	2628	0	286.223715888129	1	57959.64	0.0
129	input_spectra/bkgrnd-marine-broth.mzML	2629	0	286.223715888129	1	57999.0	0.0
129	input_spectra/bkgrnd-marine-broth.mzML	2630	0	286.223715888129	1	58010.46	0.0
128	input_spectra/bkgrnd-marine-broth.mzML	2631	0	286.223715888129	1	58049.82	0.0
129	input_spectra/bkgrnd-marine-broth.mzML	2632	0	286.223715888129	1	58061.34	0.0
156	input_spectra/bkgrnd-marine-broth.mzML	2633	0	346.281604003906	1	58148.759999999995	0.0
156	input_spectra/bkgrnd-marine-broth.mzML	2634	0	346.281604003906	1	58160.28	0.0
150	input_spectra/bkgrnd-marine-broth.mzML	2635	0	328.273207122204	1	58235.700000000004	0.0
146	input_spectra/bkgrnd-marine-broth.mzML	2636	0	328.273207122204	1	58247.22	0.0
150	input_spectra/bkgrnd-marine-broth.mzML	2637	0	328.273207122204	1	58286.520000000004	0.0
146	input_spectra/bkgrnd-marine-broth.mzML	2638	0	328.273207122204	1	58298.04	0.0
150	input_spectra/bkgrnd-marine-broth.mzML	2639	0	328.273207122204	1	58337.399999999994	0.0
146	input_spectra/bkgrnd-marine-broth.mzML	2640	0	328.273207122204	1	58348.86	0.0
156	input_spectra/bkgrnd-marine-broth.mzML	2641	0	346.281604003906	1	58360.38	0.0
157	input_spectra/bkgrnd-marine-broth.mzML	2642	0	346.281604003906	1	58371.9	0.0
128	input_spectra/bkgrnd-marine-broth.mzML	2643	0	286.223715888129	1	59108.7	0.0
129	input_spectra/bkgrnd-marine-broth.mzML	2644	0	286.223715888129	1	59120.16	0.0
128	input_spectra/bkgrnd-marine-broth.mzML	2645	0	286.223715888129	1	59159.52	0.0
128	input_spectra/bkgrnd-marine-broth.mzML	2646	0	286.223715888129	1	59171.04	0.0
129	input_spectra/bkgrnd-marine-broth.mzML	2647	0	286.223715888129	1	59210.4	0.0
129	input_spectra/bkgrnd-marine-broth.mzML	2648	0	286.223715888129	1	59221.920000000006	0.0
150	input_spectra/bkgrnd-marine-broth.mzML	2649	0	328.273207122204	1	59381.520000000004	0.0
146	input_spectra/bkgrnd-marine-broth.mzML	2650	0	328.273207122204	1	59393.04	0.0
156	input_spectra/bkgrnd-marine-broth.mzML	2651	0	346.281604003906	1	59404.5	0.0
157	input_spectra/bkgrnd-marine-broth.mzML	2652	0	346.281604003906	1	59416.020000000004	0.0
150	input_spectra/bkgrnd-marine-broth.mzML	2653	0	328.273207122204	1	59455.38	0.0
146	input_spectra/bkgrnd-marine-broth.mzML	2654	0	328.273207122204	1	59466.840000000004	0.0
150	input_spectra/bkgrnd-marine-broth.mzML	2655	0	328.273207122204	1	59506.259999999995	0.0
146	input_spectra/bkgrnd-marine-broth.mzML	2656	0	328.273207122204	1	59517.72	0.0
156	input_spectra/bkgrnd-marine-broth.mzML	2657	0	346.281604003906	1	59581.2	0.0
157	input_spectra/bkgrnd-marine-broth.mzML	2658	0	346.281604003906	1	59592.66	0.0
156	input_spectra/bkgrnd-marine-broth.mzML	2659	0	346.281604003906	1	59740.26	0.0
157	input_spectra/bkgrnd-marine-broth.mzML	2660	0	346.281604003906	1	59751.72	0.0
129	input_spectra/bkgrnd-marine-broth.mzML	2661	0	286.223715888129	1	1004.13	0.0
129	input_spectra/bkgrnd-marine-broth.mzML	2662	0	286.223715888129	1	1004.32	0.0
128	input_spectra/bkgrnd-marine-broth.mzML	2663	0	286.223715888129	1	1004.98	0.0
129	input_spectra/bkgrnd-marine-broth.mzML	2664	0	286.223715888129	1	1005.17	0.0
128	input_spectra/bkgrnd-marine-broth.mzML	2665	0	286.223715888129	1	1005.83	0.0
129	input_spectra/bkgrnd-marine-broth.mzML	2666	0	286.223715888129	1	1006.02	0.0
150	input_spectra/bkgrnd-marine-broth.mzML	2667	0	328.273207122204	1	1009.08	0.0
146	input_spectra/bkgrnd-marine-broth.mzML	2668	0	328.273207122204	1	1009.27	0.0
150	input_spectra/bkgrnd-marine-broth.mzML	2669	0	328.273207122204	1	1009.93	0.0
146	input_spectra/bkgrnd-marine-broth.mzML	2670	0	328.273207122204	1	1010.12	0.0
150	input_spectra/bkgrnd-marine-broth.mzML	2671	0	328.273207122204	1	1010.78	0.0
146	input_spectra/bkgrnd-marine-broth.mzML	2672	0	328.273207122204	1	1010.97	0.0
156	input_spectra/bkgrnd-marine-broth.mzML	2673	0	346.281604003906	1	1014.03	0.0
157	input_spectra/bkgrnd-marine-broth.mzML	2674	0	346.281604003906	1	1014.22	0.0
156	input_spectra/bkgrnd-marine-broth.mzML	2675	0	346.281604003906	1	1014.88	0.0
156	input_spectra/bkgrnd-marine-broth.mzML	2676	0	346.281604003906	1	1015.07	0.0
156	input_spectra/bkgrnd-marine-broth.mzML	2677	0	346.281604003906	1	1020.53	0.0
157	input_spectra/bkgrnd-marine-broth.mzML	2678	0	346.281604003906	1	1020.73	0.0
128	input_spectra/bkgrnd-marine-broth.mzML	2679	0	286.223715888129	1	1023.19	0.0
129	input_spectra/bkgrnd-marine-broth.mzML	2680	0	286.223715888129	1	1023.38	0.0
129	input_spectra/bkgrnd-marine-broth.mzML	2681	0	286.223715888129	1	1024.03	0.0
129	input_spectra/bkgrnd-marine-broth.mzML	2682	0	286.223715888129	1	1024.23	0.0
129	input_spectra/bkgrnd-marine-broth.mzML	2683	0	286.223715888129	1	1024.88	0.0
129	input_spectra/bkgrnd-marine-broth.mzML	2684	0	286.223715888129	1	1025.07	0.0
150	input_spectra/bkgrnd-marine-broth.mzML	2685	0	328.273207122204	1	1028.13	0.0
146	input_spectra/bkgrnd-marine-broth.mzML	2686	0	328.273207122204	1	1028.33	0.0
136	input_spectra/bkgrnd-marine-broth.mzML	2687	0	304.233856201172	1	1028.52	0.0
136	input_spectra/bkgrnd-marine-broth.mzML	2688	0	304.233856201172	1	1028.71	0.0
150	input_spectra/bkgrnd-marine-broth.mzML	2689	0	328.273207122204	1	1029.36	0.0
146	input_spectra/bkgrnd-marine-broth.mzML	2690	0	328.273207122204	1	1029.56	0.0
150	input_spectra/bkgrnd-marine-broth.mzML	2691	0	328.273207122204	1	1030.21	0.0
146	input_spectra/bkgrnd-marine-broth.mzML	2692	0	328.273207122204	1	1030.4	0.0
136	input_spectra/bkgrnd-marine-broth.mzML	2693	0	304.233856201172	1	1031.06	0.0
136	input_spectra/bkgrnd-marine-broth.mzML	2694	0	304.233856201172	1	1031.25	0.0
136	input_spectra/bkgrnd-marine-broth.mzML	2695	0	304.233856201172	1	1041.33	0.0
136	input_spectra/bkgrnd-marine-broth.mzML	2696	0	304.233856201172	1	1041.52	0.0
128	input_spectra/bkgrnd-marine-broth.mzML	2697	0	286.223715888129	1	1042.57	0.0
128	input_spectra/bkgrnd-marine-broth.mzML	2698	0	286.223715888129	1	1042.77	0.0
128	input_spectra/bkgrnd-marine-broth.mzML	2699	0	286.223715888129	1	1043.42	0.0
129	input_spectra/bkgrnd-marine-broth.mzML	2700	0	286.223715888129	1	1043.61	0.0
129	input_spectra/bkgrnd-marine-broth.mzML	2701	0	286.223715888129	1	1044.27	0.0
129	input_spectra/bkgrnd-marine-broth.mzML	2702	0	286.223715888129	1	1044.46	0.0
156	input_spectra/bkgrnd-marine-broth.mzML	2703	0	346.281604003906	1	1046.72	0.0
157	input_spectra/bkgrnd-marine-broth.mzML	2704	0	346.281604003906	1	1046.91	0.0
150	input_spectra/bkgrnd-marine-broth.mzML	2705	0	328.273207122204	1	1047.57	0.0
146	input_spectra/bkgrnd-marine-broth.mzML	2706	0	328.273207122204	1	1047.76	0.0
150	input_spectra/bkgrnd-marine-broth.mzML	2707	0	328.273207122204	1	1048.42	0.0
146	input_spectra/bkgrnd-marine-broth.mzML	2708	0	328.273207122204	1	1048.61	0.0
150	input_spectra/bkgrnd-marine-broth.mzML	2709	0	328.273207122204	1	1049.26	0.0
146	input_spectra/bkgrnd-marine-broth.mzML	2710	0	328.273207122204	1	1049.46	0.0
156	input_spectra/bkgrnd-marine-broth.mzML	2711	0	346.281604003906	1	1055.72	0.0
157	input_spectra/bkgrnd-marine-broth.mzML	2712	0	346.281604003906	1	1055.91	0.0
129	input_spectra/bkgrnd-marine-broth.mzML	2713	0	286.223715888129	1	1061.58	0.0
129	input_spectra/bkgrnd-marine-broth.mzML	2714	0	286.223715888129	1	1061.77	0.0
128	input_spectra/bkgrnd-marine-broth.mzML	2715	0	286.223715888129	1	1062.43	0.0
129	input_spectra/bkgrnd-marine-broth.mzML	2716	0	286.223715888129	1	1062.62	0.0
129	input_spectra/bkgrnd-marine-broth.mzML	2717	0	286.223715888129	1	1063.28	0.0
129	input_spectra/bkgrnd-marine-broth.mzML	2718	0	286.223715888129	1	1063.47	0.0
150	input_spectra/bkgrnd-marine-broth.mzML	2719	0	328.273207122204	1	1066.53	0.0
146	input_spectra/bkgrnd-marine-broth.mzML	2720	0	328.273207122204	1	1066.72	0.0
150	input_spectra/bkgrnd-marine-broth.mzML	2721	0	328.273207122204	1	1067.37	0.0
146	input_spectra/bkgrnd-marine-broth.mzML	2722	0	328.273207122204	1	1067.57	0.0
150	input_spectra/bkgrnd-marine-broth.mzML	2723	0	328.273207122204	1	1068.22	0.0
146	input_spectra/bkgrnd-marine-broth.mzML	2724	0	328.273207122204	1	1068.41	0.0
156	input_spectra/bkgrnd-marine-broth.mzML	2725	0	346.281604003906	1	1069.67	0.0
157	input_spectra/bkgrnd-marine-broth.mzML	2726	0	346.281604003906	1	1069.86	0.0
136	input_spectra/bkgrnd-marine-broth.mzML	2727	0	304.233856201172	1	1074.33	0.0
136	input_spectra/bkgrnd-marine-broth.mzML	2728	0	304.233856201172	1	1074.52	0.0
136	input_spectra/bkgrnd-marine-broth.mzML	2729	0	304.233856201172	1	1076.98	0.0
136	input_spectra/bkgrnd-marine-broth.mzML	2730	0	304.233856201172	1	1077.17	0.0
136	input_spectra/bkgrnd-marine-broth.mzML	2731	0	304.233856201172	1	1078.23	0.0
136	input_spectra/bkgrnd-marine-broth.mzML	2732	0	304.233856201172	1	1078.42	0.0
128	input_spectra/bkgrnd-marine-broth.mzML	2733	0	286.223715888129	1	1080.68	0.0
129	input_spectra/bkgrnd-marine-broth.mzML	2734	0	286.223715888129	1	1080.87	0.0
129	input_spectra/bkgrnd-marine-broth.mzML	2735	0	286.223715888129	1	1081.52	0.0
128	input_spectra/bkgrnd-marine-broth.mzML	2736	0	286.223715888129	1	1081.71	0.0
129	input_spectra/bkgrnd-marine-broth.mzML	2737	0	286.223715888129	1	1082.37	0.0
129	input_spectra/bkgrnd-marine-broth.mzML	2738	0	286.223715888129	1	1082.56	0.0
150	input_spectra/bkgrnd-marine-broth.mzML	2739	0	328.273207122204	1	1085.67	0.0
146	input_spectra/bkgrnd-marine-broth.mzML	2740	0	328.273207122204	1	1085.86	0.0
150	input_spectra/bkgrnd-marine-broth.mzML	2741	0	328.273207122204	1	1086.52	0.0
146	input_spectra/bkgrnd-marine-broth.mzML	2742	0	328.273207122204	1	1086.71	0.0
150	input_spectra/bkgrnd-marine-broth.mzML	2743	0	328.273207122204	1	1087.36	0.0
146	input_spectra/bkgrnd-marine-broth.mzML	2744	0	328.273207122204	1	1087.56	0.0
72	input_spectra/bkgrnd-marine-broth.mzML	2745	0	185.112635294596	1	1094.92	0.0
72	input_spectra/bkgrnd-marine-broth.mzML	2746	0	185.112635294596	1	1095.11	0.0
72	input_spectra/bkgrnd-marine-broth.mzML	2747	0	185.112635294596	1	1096.37	0.0
72	input_spectra/bkgrnd-marine-broth.mzML	2748	0	185.112635294596	1	1096.56	0.0
72	input_spectra/bkgrnd-marine-broth.mzML	2749	0	185.112635294596	1	1097.42	0.0
72	input_spectra/bkgrnd-marine-broth.mzML	2750	0	185.112635294596	1	1097.61	0.0
136	input_spectra/bkgrnd-marine-broth.mzML	2751	0	304.233856201172	1	1099.47	0.0
136	input_spectra/bkgrnd-marine-broth.mzML	2752	0	304.233856201172	1	1099.66	0.0
129	input_spectra/bkgrnd-marine-broth.mzML	2753	0	286.223715888129	1	1100.31	0.0
128	input_spectra/bkgrnd-marine-broth.mzML	2754	0	286.223715888129	1	1100.5	0.0
128	input_spectra/bkgrnd-marine-broth.mzML	2755	0	286.223715888129	1	1101.16	0.0
129	input_spectra/bkgrnd-marine-broth.mzML	2756	0	286.223715888129	1	1101.35	0.0
136	input_spectra/bkgrnd-marine-broth.mzML	2757	0	304.233856201172	1	1101.54	0.0
136	input_spectra/bkgrnd-marine-broth.mzML	2758	0	304.233856201172	1	1101.73	0.0
129	input_spectra/bkgrnd-marine-broth.mzML	2759	0	286.223715888129	1	1102.39	0.0
129	input_spectra/bkgrnd-marine-broth.mzML	2760	0	286.223715888129	1	1102.58	0.0
136	input_spectra/bkgrnd-marine-broth.mzML	2761	0	304.233856201172	1	1103.24	0.0
136	input_spectra/bkgrnd-marine-broth.mzML	2762	0	304.233856201172	1	1103.43	0.0
145	input_spectra/bkgrnd-marine-broth.mzML	2763	0	328.273207122204	1	1105.09	0.0
148	input_spectra/bkgrnd-marine-broth.mzML	2764	0	328.273207122204	1	1105.28	0.0
144	input_spectra/bkgrnd-marine-broth.mzML	2765	0	328.273207122204	1	1105.94	0.0
148	input_spectra/bkgrnd-marine-broth.mzML	2766	0	328.273207122204	1	1106.13	0.0
150	input_spectra/bkgrnd-marine-broth.mzML	2767	0	328.273207122204	1	1106.78	0.0
148	input_spectra/bkgrnd-marine-broth.mzML	2768	0	328.273207122204	1	1106.97	0.0
147	input_spectra/bkgrnd-marine-broth.mzML	2769	0	328.273207122204	1	1124.06	0.0
148	input_spectra/bkgrnd-marine-broth.mzML	2770	0	328.273207122204	1	1124.26	0.0
143	input_spectra/bkgrnd-marine-broth.mzML	2771	0	328.273207122204	1	1124.91	0.0
148	input_spectra/bkgrnd-marine-broth.mzML	2772	0	328.273207122204	1	1125.1	0.0
144	input_spectra/bkgrnd-marine-broth.mzML	2773	0	328.273207122204	1	1125.76	0.0
145	input_spectra/bkgrnd-marine-broth.mzML	2774	0	328.273207122204	1	1125.95	0.0
212	input_spectra/bkgrnd-marine-broth.mzML	2775	0	495.476874457465	1	1135.83	0.0
213	input_spectra/bkgrnd-marine-broth.mzML	2776	0	495.476874457465	1	1136.02	0.0
212	input_spectra/bkgrnd-marine-broth.mzML	2777	0	495.476874457465	1	1141.28	0.0
213	input_spectra/bkgrnd-marine-broth.mzML	2778	0	495.476874457465	1	1141.47	0.0
145	input_spectra/bkgrnd-marine-broth.mzML	2779	0	328.273207122204	1	1143.13	0.0
145	input_spectra/bkgrnd-marine-broth.mzML	2780	0	328.273207122204	1	1143.32	0.0
149	input_spectra/bkgrnd-marine-broth.mzML	2781	0	328.273207122204	1	1143.98	0.0
148	input_spectra/bkgrnd-marine-broth.mzML	2782	0	328.273207122204	1	1144.17	0.0
145	input_spectra/bkgrnd-marine-broth.mzML	2783	0	328.273207122204	1	1144.83	0.0
145	input_spectra/bkgrnd-marine-broth.mzML	2784	0	328.273207122204	1	1145.02	0.0
212	input_spectra/bkgrnd-marine-broth.mzML	2785	0	495.476874457465	1	1145.68	0.0
213	input_spectra/bkgrnd-marine-broth.mzML	2786	0	495.476874457465	1	1145.87	0.0
72	input_spectra/bkgrnd-marine-broth.mzML	2787	0	185.112635294596	1	1162.16	0.0
72	input_spectra/bkgrnd-marine-broth.mzML	2788	0	185.112635294596	1	1162.35	0.0
148	input_spectra/bkgrnd-marine-broth.mzML	2789	0	328.273207122204	1	1163.0	0.0
147	input_spectra/bkgrnd-marine-broth.mzML	2790	0	328.273207122204	1	1163.2	0.0
212	input_spectra/bkgrnd-marine-broth.mzML	2791	0	495.476874457465	1	1163.39	0.0
213	input_spectra/bkgrnd-marine-broth.mzML	2792	0	495.476874457465	1	1163.58	0.0
143	input_spectra/bkgrnd-marine-broth.mzML	2793	0	328.273207122204	1	1164.24	0.0
148	input_spectra/bkgrnd-marine-broth.mzML	2794	0	328.273207122204	1	1164.43	0.0
212	input_spectra/bkgrnd-marine-broth.mzML	2795	0	495.476874457465	1	1164.62	0.0
213	input_spectra/bkgrnd-marine-broth.mzML	2796	0	495.476874457465	1	1164.81	0.0
144	input_spectra/bkgrnd-marine-broth.mzML	2797	0	328.273207122204	1	1165.47	0.0
143	input_spectra/bkgrnd-marine-broth.mzML	2798	0	328.273207122204	1	1165.66	0.0
212	input_spectra/bkgrnd-marine-broth.mzML	2799	0	495.476874457465	1	1165.85	0.0
213	input_spectra/bkgrnd-marine-broth.mzML	2800	0	495.476874457465	1	1166.04	0.0
72	input_spectra/bkgrnd-marine-broth.mzML	2801	0	185.112635294596	1	1167.1	0.0
72	input_spectra/bkgrnd-marine-broth.mzML	2802	0	185.112635294596	1	1167.29	0.0
72	input_spectra/bkgrnd-marine-broth.mzML	2803	0	185.112635294596	1	1170.15	0.0
72	input_spectra/bkgrnd-marine-broth.mzML	2804	0	185.112635294596	1	1170.34	0.0
148	input_spectra/bkgrnd-marine-broth.mzML	2805	0	328.273207122204	1	1182.71	0.0
212	input_spectra/bkgrnd-marine-broth.mzML	2806	0	495.476874457465	1	1182.9	0.0
213	input_spectra/bkgrnd-marine-broth.mzML	2807	0	495.476874457465	1	1183.09	0.0
144	input_spectra/bkgrnd-marine-broth.mzML	2808	0	328.273207122204	1	1183.75	0.0
147	input_spectra/bkgrnd-marine-broth.mzML	2809	0	328.273207122204	1	1183.94	0.0
212	input_spectra/bkgrnd-marine-broth.mzML	2810	0	495.476874457465	1	1184.13	0.0
213	input_spectra/bkgrnd-marine-broth.mzML	2811	0	495.476874457465	1	1184.32	0.0
143	input_spectra/bkgrnd-marine-broth.mzML	2812	0	328.273207122204	1	1184.98	0.0
148	input_spectra/bkgrnd-marine-broth.mzML	2813	0	328.273207122204	1	1185.17	0.0
212	input_spectra/bkgrnd-marine-broth.mzML	2814	0	495.476874457465	1	1185.36	0.0
213	input_spectra/bkgrnd-marine-broth.mzML	2815	0	495.476874457465	1	1185.55	0.0
72	input_spectra/bkgrnd-marine-broth.mzML	2816	0	185.112635294596	1	1188.06	0.0
72	input_spectra/bkgrnd-marine-broth.mzML	2817	0	185.112635294596	1	1188.25	0.0
72	input_spectra/bkgrnd-marine-broth.mzML	2818	0	185.112635294596	1	1188.91	0.0
72	input_spectra/bkgrnd-marine-broth.mzML	2819	0	185.112635294596	1	1189.1	0.0
72	input_spectra/bkgrnd-marine-broth.mzML	2820	0	185.112635294596	1	1189.75	0.0
72	input_spectra/bkgrnd-marine-broth.mzML	2821	0	185.112635294596	1	1189.95	0.0
