#ClusterIdx	#Filename	#SpecIdx	#Scan	#ParentMass	#Charge	#RetTime	#PrecIntensity
1	input_spectra/3-B2R04.mzML	0	0	110.008450826009	1	6352.56	0.0
1	input_spectra/3-B2R04.mzML	1	0	110.008450826009	1	6364.0199999999995	0.0
1	input_spectra/3-B2R04.mzML	2	0	110.008450826009	1	6403.38	0.0
1	input_spectra/3-B2R04.mzML	3	0	110.008450826009	1	6414.84	0.0
15	input_spectra/3-B2R04.mzML	4	0	125.985911051432	1	6426.36	0.0
15	input_spectra/3-B2R04.mzML	5	0	125.985911051432	1	6437.82	0.0
41	input_spectra/3-B2R04.mzML	6	0	151.034729003906	1	6449.28	0.0
41	input_spectra/3-B2R04.mzML	7	0	151.034729003906	1	6460.8	0.0
1	input_spectra/3-B2R04.mzML	8	0	110.008450826009	1	6500.16	0.0
1	input_spectra/3-B2R04.mzML	9	0	110.008450826009	1	6511.62	0.0
15	input_spectra/3-B2R04.mzML	10	0	125.985911051432	1	6523.139999999999	0.0
15	input_spectra/3-B2R04.mzML	11	0	125.985911051432	1	6534.599999999999	0.0
41	input_spectra/3-B2R04.mzML	12	0	151.034729003906	1	6546.0599999999995	0.0
41	input_spectra/3-B2R04.mzML	13	0	151.034729003906	1	6557.52	0.0
86	input_spectra/3-B2R04.mzML	14	0	223.98828125	1	6569.04	0.0
86	input_spectra/3-B2R04.mzML	15	0	223.98828125	1	6580.5	0.0
74	input_spectra/3-B2R04.mzML	16	0	198.939395904541	1	6592.02	0.0
74	input_spectra/3-B2R04.mzML	17	0	198.939395904541	1	6603.4800000000005	0.0
15	input_spectra/3-B2R04.mzML	18	0	125.985911051432	1	6642.900000000001	0.0
15	input_spectra/3-B2R04.mzML	19	0	125.985911051432	1	6654.360000000001	0.0
41	input_spectra/3-B2R04.mzML	20	0	151.034729003906	1	6665.82	0.0
41	input_spectra/3-B2R04.mzML	21	0	151.034729003906	1	6677.28	0.0
86	input_spectra/3-B2R04.mzML	22	0	223.98828125	1	6688.8	0.0
86	input_spectra/3-B2R04.mzML	23	0	223.98828125	1	6700.26	0.0
74	input_spectra/3-B2R04.mzML	24	0	198.939395904541	1	6711.78	0.0
74	input_spectra/3-B2R04.mzML	25	0	198.939395904541	1	6723.24	0.0
64	input_spectra/3-B2R04.mzML	26	0	182.961929321289	1	6734.700000000001	0.0
65	input_spectra/3-B2R04.mzML	27	0	182.961929321289	1	6746.22	0.0
74	input_spectra/3-B2R04.mzML	28	0	198.939395904541	1	6785.58	0.0
74	input_spectra/3-B2R04.mzML	29	0	198.939395904541	1	6797.099999999999	0.0
86	input_spectra/3-B2R04.mzML	30	0	223.98828125	1	6808.5599999999995	0.0
86	input_spectra/3-B2R04.mzML	31	0	223.98828125	1	6820.08	0.0
64	input_spectra/3-B2R04.mzML	32	0	182.961929321289	1	6831.54	0.0
65	input_spectra/3-B2R04.mzML	33	0	182.961929321289	1	6843.0	0.0
101	input_spectra/3-B2R04.mzML	34	0	239.965794881185	1	6854.52	0.0
101	input_spectra/3-B2R04.mzML	35	0	239.965794881185	1	6865.9800000000005	0.0
82	input_spectra/3-B2R04.mzML	36	0	214.91682434082	1	6877.44	0.0
82	input_spectra/3-B2R04.mzML	37	0	214.91682434082	1	6888.96	0.0
64	input_spectra/3-B2R04.mzML	38	0	182.961929321289	1	6928.32	0.0
65	input_spectra/3-B2R04.mzML	39	0	182.961929321289	1	6939.84	0.0
101	input_spectra/3-B2R04.mzML	40	0	239.965794881185	1	6951.3	0.0
101	input_spectra/3-B2R04.mzML	41	0	239.965794881185	1	6962.82	0.0
82	input_spectra/3-B2R04.mzML	42	0	214.91682434082	1	6974.28	0.0
82	input_spectra/3-B2R04.mzML	43	0	214.91682434082	1	6985.74	0.0
112	input_spectra/3-B2R04.mzML	44	0	265.014617919922	1	6997.259999999999	0.0
112	input_spectra/3-B2R04.mzML	45	0	265.014617919922	1	7008.72	0.0
101	input_spectra/3-B2R04.mzML	46	0	239.965794881185	1	7048.139999999999	0.0
101	input_spectra/3-B2R04.mzML	47	0	239.965794881185	1	7059.599999999999	0.0
82	input_spectra/3-B2R04.mzML	48	0	214.91682434082	1	7071.12	0.0
82	input_spectra/3-B2R04.mzML	49	0	214.91682434082	1	7082.58	0.0
112	input_spectra/3-B2R04.mzML	50	0	265.014617919922	1	7094.1	0.0
112	input_spectra/3-B2R04.mzML	51	0	265.014617919922	1	7105.56	0.0
112	input_spectra/3-B2R04.mzML	52	0	265.014617919922	1	7144.92	0.0
112	input_spectra/3-B2R04.mzML	53	0	265.014617919922	1	7156.4400000000005	0.0
1	input_spectra/3-B2R04.mzML	54	0	110.008450826009	1	7508.4	0.0
1	input_spectra/3-B2R04.mzML	55	0	110.008450826009	1	7519.860000000001	0.0
1	input_spectra/3-B2R04.mzML	56	0	110.008450826009	1	7559.28	0.0
1	input_spectra/3-B2R04.mzML	57	0	110.008450826009	1	7570.74	0.0
1	input_spectra/3-B2R04.mzML	58	0	110.008450826009	1	7610.099999999999	0.0
1	input_spectra/3-B2R04.mzML	59	0	110.008450826009	1	7621.5599999999995	0.0
15	input_spectra/3-B2R04.mzML	60	0	125.985911051432	1	7633.0199999999995	0.0
15	input_spectra/3-B2R04.mzML	61	0	125.985911051432	1	7644.54	0.0
41	input_spectra/3-B2R04.mzML	62	0	151.034729003906	1	7656.0	0.0
41	input_spectra/3-B2R04.mzML	63	0	151.034729003906	1	7667.46	0.0
15	input_spectra/3-B2R04.mzML	64	0	125.985911051432	1	7706.88	0.0
15	input_spectra/3-B2R04.mzML	65	0	125.985911051432	1	7718.34	0.0
41	input_spectra/3-B2R04.mzML	66	0	151.034729003906	1	7729.800000000001	0.0
41	input_spectra/3-B2R04.mzML	67	0	151.034729003906	1	7741.259999999999	0.0
74	input_spectra/3-B2R04.mzML	68	0	198.939395904541	1	7780.68	0.0
74	input_spectra/3-B2R04.mzML	69	0	198.939395904541	1	7792.14	0.0
86	input_spectra/3-B2R04.mzML	70	0	223.98828125	1	7803.660000000001	0.0
86	input_spectra/3-B2R04.mzML	71	0	223.98828125	1	7815.120000000001	0.0
15	input_spectra/3-B2R04.mzML	72	0	125.985911051432	1	7826.580000000001	0.0
15	input_spectra/3-B2R04.mzML	73	0	125.985911051432	1	7838.099999999999	0.0
41	input_spectra/3-B2R04.mzML	74	0	151.034729003906	1	7849.5599999999995	0.0
41	input_spectra/3-B2R04.mzML	75	0	151.034729003906	1	7861.0199999999995	0.0
62	input_spectra/3-B2R04.mzML	76	0	175.118270874023	1	8453.58	0.0
62	input_spectra/3-B2R04.mzML	77	0	175.118270874023	1	8465.04	0.0
62	input_spectra/3-B2R04.mzML	78	0	175.118270874023	1	8504.400000000001	0.0
62	input_spectra/3-B2R04.mzML	79	0	175.118270874023	1	8515.86	0.0
62	input_spectra/3-B2R04.mzML	80	0	175.118270874023	1	8555.22	0.0
62	input_spectra/3-B2R04.mzML	81	0	175.118270874023	1	8566.68	0.0
51	input_spectra/3-B2R04.mzML	82	0	160.132583618164	1	8810.460000000001	0.0
51	input_spectra/3-B2R04.mzML	83	0	160.132583618164	1	8821.92	0.0
51	input_spectra/3-B2R04.mzML	84	0	160.132583618164	1	8861.34	0.0
51	input_spectra/3-B2R04.mzML	85	0	160.132583618164	1	8872.8	0.0
51	input_spectra/3-B2R04.mzML	86	0	160.132583618164	1	8912.16	0.0
51	input_spectra/3-B2R04.mzML	87	0	160.132583618164	1	8923.62	0.0
23	input_spectra/3-B2R04.mzML	88	0	130.096934000651	1	8962.980000000001	0.0
23	input_spectra/3-B2R04.mzML	89	0	130.096934000651	1	8974.44	0.0
23	input_spectra/3-B2R04.mzML	90	0	130.096934000651	1	9013.8	0.0
23	input_spectra/3-B2R04.mzML	91	0	130.096934000651	1	9025.26	0.0
23	input_spectra/3-B2R04.mzML	92	0	130.096934000651	1	9064.619999999999	0.0
23	input_spectra/3-B2R04.mzML	93	0	130.096934000651	1	9076.08	0.0
3	input_spectra/3-B2R04.mzML	94	0	118.085833231608	1	9127.44	0.0
4	input_spectra/3-B2R04.mzML	95	0	118.085833231608	1	9138.960000000001	0.0
3	input_spectra/3-B2R04.mzML	96	0	118.085833231608	1	9178.32	0.0
4	input_spectra/3-B2R04.mzML	97	0	118.085833231608	1	9189.78	0.0
75	input_spectra/3-B2R04.mzML	98	0	202.179412841797	1	9201.3	0.0
76	input_spectra/3-B2R04.mzML	99	0	202.179412841797	1	9212.76	0.0
3	input_spectra/3-B2R04.mzML	100	0	118.085833231608	1	9252.119999999999	0.0
4	input_spectra/3-B2R04.mzML	101	0	118.085833231608	1	9263.58	0.0
75	input_spectra/3-B2R04.mzML	102	0	202.179412841797	1	9275.1	0.0
76	input_spectra/3-B2R04.mzML	103	0	202.179412841797	1	9286.560000000001	0.0
75	input_spectra/3-B2R04.mzML	104	0	202.179412841797	1	9325.92	0.0
76	input_spectra/3-B2R04.mzML	105	0	202.179412841797	1	9337.44	0.0
96	input_spectra/3-B2R04.mzML	106	0	235.118026733398	1	9348.9	0.0
96	input_spectra/3-B2R04.mzML	107	0	235.118026733398	1	9360.42	0.0
96	input_spectra/3-B2R04.mzML	108	0	235.118026733398	1	9399.78	0.0
96	input_spectra/3-B2R04.mzML	109	0	235.118026733398	1	9411.240000000002	0.0
96	input_spectra/3-B2R04.mzML	110	0	235.118026733398	1	9450.599999999999	0.0
96	input_spectra/3-B2R04.mzML	111	0	235.118026733398	1	9462.119999999999	0.0
87	input_spectra/3-B2R04.mzML	112	0	226.154362996419	1	9473.58	0.0
87	input_spectra/3-B2R04.mzML	113	0	226.154362996419	1	9485.04	0.0
46	input_spectra/3-B2R04.mzML	114	0	158.091799418132	1	9547.44	0.0
47	input_spectra/3-B2R04.mzML	115	0	158.091799418132	1	9558.9	0.0
16	input_spectra/3-B2R04.mzML	116	0	129.065246582031	1	9570.36	0.0
16	input_spectra/3-B2R04.mzML	117	0	129.065246582031	1	9581.82	0.0
46	input_spectra/3-B2R04.mzML	118	0	158.091799418132	1	9621.240000000002	0.0
47	input_spectra/3-B2R04.mzML	119	0	158.091799418132	1	9632.699999999999	0.0
46	input_spectra/3-B2R04.mzML	120	0	158.091799418132	1	9672.06	0.0
47	input_spectra/3-B2R04.mzML	121	0	158.091799418132	1	9683.58	0.0
17	input_spectra/3-B2R04.mzML	122	0	130.049362182617	1	9903.300000000001	0.0
18	input_spectra/3-B2R04.mzML	123	0	130.049362182617	1	9914.76	0.0
17	input_spectra/3-B2R04.mzML	124	0	130.049362182617	1	9954.119999999999	0.0
18	input_spectra/3-B2R04.mzML	125	0	130.049362182617	1	9965.58	0.0
17	input_spectra/3-B2R04.mzML	126	0	130.049362182617	1	10005.0	0.0
18	input_spectra/3-B2R04.mzML	127	0	130.049362182617	1	10016.460000000001	0.0
30	input_spectra/3-B2R04.mzML	128	0	132.101446969169	1	10572.84	0.0
30	input_spectra/3-B2R04.mzML	129	0	132.101446969169	1	10584.3	0.0
30	input_spectra/3-B2R04.mzML	130	0	132.101446969169	1	10623.66	0.0
30	input_spectra/3-B2R04.mzML	131	0	132.101446969169	1	10635.12	0.0
30	input_spectra/3-B2R04.mzML	132	0	132.101446969169	1	10674.539999999999	0.0
30	input_spectra/3-B2R04.mzML	133	0	132.101446969169	1	10686.0	0.0
46	input_spectra/3-B2R04.mzML	134	0	158.091799418132	1	10725.36	0.0
47	input_spectra/3-B2R04.mzML	135	0	158.091799418132	1	10736.82	0.0
46	input_spectra/3-B2R04.mzML	136	0	158.091799418132	1	10776.18	0.0
47	input_spectra/3-B2R04.mzML	137	0	158.091799418132	1	10787.640000000001	0.0
46	input_spectra/3-B2R04.mzML	138	0	158.091799418132	1	10827.0	0.0
47	input_spectra/3-B2R04.mzML	139	0	158.091799418132	1	10838.52	0.0
19	input_spectra/3-B2R04.mzML	140	0	130.049362182617	1	11046.18	0.0
18	input_spectra/3-B2R04.mzML	141	0	130.049362182617	1	11057.699999999999	0.0
19	input_spectra/3-B2R04.mzML	142	0	130.049362182617	1	11097.06	0.0
18	input_spectra/3-B2R04.mzML	143	0	130.049362182617	1	11108.52	0.0
19	input_spectra/3-B2R04.mzML	144	0	130.049362182617	1	11147.880000000001	0.0
18	input_spectra/3-B2R04.mzML	145	0	130.049362182617	1	11159.400000000001	0.0
87	input_spectra/3-B2R04.mzML	146	0	226.154362996419	1	11451.3	0.0
87	input_spectra/3-B2R04.mzML	147	0	226.154362996419	1	11462.76	0.0
87	input_spectra/3-B2R04.mzML	148	0	226.154362996419	1	11502.18	0.0
87	input_spectra/3-B2R04.mzML	149	0	226.154362996419	1	11513.64	0.0
224	input_spectra/3-B2R04.mzML	150	0	526.259826660156	1	11553.0	0.0
224	input_spectra/3-B2R04.mzML	151	0	526.259826660156	1	11564.519999999999	0.0
267	input_spectra/3-B2R04.mzML	152	0	641.336853027344	1	11576.1	0.0
267	input_spectra/3-B2R04.mzML	153	0	641.336853027344	1	11587.62	0.0
191	input_spectra/3-B2R04.mzML	154	0	446.186462402344	1	11622.119999999999	0.0
191	input_spectra/3-B2R04.mzML	155	0	446.186462402344	1	11633.64	0.0
61	input_spectra/3-B2R04.mzML	156	0	175.10725402832	1	11696.1	0.0
61	input_spectra/3-B2R04.mzML	157	0	175.10725402832	1	11707.56	0.0
104	input_spectra/3-B2R04.mzML	158	0	254.160273234049	1	11719.08	0.0
105	input_spectra/3-B2R04.mzML	159	0	254.160273234049	1	11730.539999999999	0.0
31	input_spectra/3-B2R04.mzML	160	0	132.103271484375	1	11792.94	0.0
255	input_spectra/3-B2R04.mzML	161	0	610.28076171875	1	11815.98	0.0
255	input_spectra/3-B2R04.mzML	162	0	610.28076171875	1	11827.5	0.0
275	input_spectra/3-B2R04.mzML	163	0	683.345520019531	1	11873.58	0.0
113	input_spectra/3-B2R04.mzML	164	0	268.103149414063	1	11885.1	0.0
31	input_spectra/3-B2R04.mzML	165	0	132.103271484375	1	11935.98	0.0
30	input_spectra/3-B2R04.mzML	166	0	132.103271484375	1	11947.44	0.0
104	input_spectra/3-B2R04.mzML	167	0	254.160273234049	1	11958.960000000001	0.0
105	input_spectra/3-B2R04.mzML	168	0	254.160273234049	1	11970.42	0.0
43	input_spectra/3-B2R04.mzML	169	0	155.080975619229	1	11981.94	0.0
43	input_spectra/3-B2R04.mzML	170	0	155.080975619229	1	11993.4	0.0
238	input_spectra/3-B2R04.mzML	171	0	543.238372802734	1	12004.92	0.0
239	input_spectra/3-B2R04.mzML	172	0	543.238372802734	1	12016.44	0.0
31	input_spectra/3-B2R04.mzML	173	0	132.101446969169	1	12078.84	0.0
30	input_spectra/3-B2R04.mzML	174	0	132.101446969169	1	12090.3	0.0
43	input_spectra/3-B2R04.mzML	175	0	155.080975619229	1	12101.82	0.0
43	input_spectra/3-B2R04.mzML	176	0	155.080975619229	1	12113.28	0.0
104	input_spectra/3-B2R04.mzML	177	0	254.160273234049	1	12124.800000000001	0.0
105	input_spectra/3-B2R04.mzML	178	0	254.160273234049	1	12136.259999999998	0.0
238	input_spectra/3-B2R04.mzML	179	0	543.238372802734	1	12147.779999999999	0.0
239	input_spectra/3-B2R04.mzML	180	0	543.238372802734	1	12159.3	0.0
43	input_spectra/3-B2R04.mzML	181	0	155.080975619229	1	12221.699999999999	0.0
43	input_spectra/3-B2R04.mzML	182	0	155.080975619229	1	12233.16	0.0
63	input_spectra/3-B2R04.mzML	183	0	182.080591837565	1	12244.68	0.0
63	input_spectra/3-B2R04.mzML	184	0	182.080591837565	1	12256.14	0.0
20	input_spectra/3-B2R04.mzML	185	0	130.049362182617	1	12267.6	0.0
18	input_spectra/3-B2R04.mzML	186	0	130.049362182617	1	12279.119999999999	0.0
63	input_spectra/3-B2R04.mzML	187	0	182.080591837565	1	12318.48	0.0
63	input_spectra/3-B2R04.mzML	188	0	182.080591837565	1	12329.94	0.0
33	input_spectra/3-B2R04.mzML	189	0	136.075190226237	1	12341.4	0.0
33	input_spectra/3-B2R04.mzML	190	0	136.075190226237	1	12352.92	0.0
52	input_spectra/3-B2R04.mzML	191	0	165.054087320964	1	12364.380000000001	0.0
53	input_spectra/3-B2R04.mzML	192	0	165.054087320964	1	12375.84	0.0
20	input_spectra/3-B2R04.mzML	193	0	130.049362182617	1	12387.300000000001	0.0
18	input_spectra/3-B2R04.mzML	194	0	130.049362182617	1	12398.82	0.0
63	input_spectra/3-B2R04.mzML	195	0	182.080591837565	1	12438.18	0.0
63	input_spectra/3-B2R04.mzML	196	0	182.080591837565	1	12449.64	0.0
33	input_spectra/3-B2R04.mzML	197	0	136.075190226237	1	12461.16	0.0
33	input_spectra/3-B2R04.mzML	198	0	136.075190226237	1	12472.62	0.0
52	input_spectra/3-B2R04.mzML	199	0	165.054087320964	1	12484.08	0.0
53	input_spectra/3-B2R04.mzML	200	0	165.054087320964	1	12495.599999999999	0.0
44	input_spectra/3-B2R04.mzML	201	0	155.084259033203	1	12534.96	0.0
44	input_spectra/3-B2R04.mzML	202	0	155.084259033203	1	12546.48	0.0
33	input_spectra/3-B2R04.mzML	203	0	136.075190226237	1	12557.94	0.0
33	input_spectra/3-B2R04.mzML	204	0	136.075190226237	1	12569.400000000001	0.0
52	input_spectra/3-B2R04.mzML	205	0	165.054087320964	1	12580.86	0.0
53	input_spectra/3-B2R04.mzML	206	0	165.054087320964	1	12592.38	0.0
60	input_spectra/3-B2R04.mzML	207	0	174.054260253906	1	12603.84	0.0
97	input_spectra/3-B2R04.mzML	208	0	237.086186726888	1	12626.82	0.0
98	input_spectra/3-B2R04.mzML	209	0	237.086186726888	1	12638.28	0.0
97	input_spectra/3-B2R04.mzML	210	0	237.086186726888	1	12677.699999999999	0.0
98	input_spectra/3-B2R04.mzML	211	0	237.086186726888	1	12689.16	0.0
60	input_spectra/3-B2R04.mzML	212	0	174.054260253906	1	12700.68	0.0
97	input_spectra/3-B2R04.mzML	213	0	237.086186726888	1	12751.5	0.0
98	input_spectra/3-B2R04.mzML	214	0	237.086186726888	1	12762.960000000001	0.0
60	input_spectra/3-B2R04.mzML	215	0	174.054260253906	1	12774.48	0.0
60	input_spectra/3-B2R04.mzML	216	0	174.054260253906	1	12785.939999999999	0.0
18	input_spectra/3-B2R04.mzML	217	0	130.049362182617	1	12849.66	0.0
18	input_spectra/3-B2R04.mzML	218	0	130.049362182617	1	12861.12	0.0
30	input_spectra/3-B2R04.mzML	219	0	132.101446969169	1	13020.72	0.0
30	input_spectra/3-B2R04.mzML	220	0	132.101446969169	1	13032.18	0.0
30	input_spectra/3-B2R04.mzML	221	0	132.101446969169	1	13071.54	0.0
30	input_spectra/3-B2R04.mzML	222	0	132.101446969169	1	13083.06	0.0
30	input_spectra/3-B2R04.mzML	223	0	132.101446969169	1	13122.42	0.0
30	input_spectra/3-B2R04.mzML	224	0	132.101446969169	1	13133.88	0.0
43	input_spectra/3-B2R04.mzML	225	0	155.080975619229	1	13173.539999999999	0.0
43	input_spectra/3-B2R04.mzML	226	0	155.080975619229	1	13185.0	0.0
43	input_spectra/3-B2R04.mzML	227	0	155.080975619229	1	13224.42	0.0
43	input_spectra/3-B2R04.mzML	228	0	155.080975619229	1	13235.880000000001	0.0
29	input_spectra/3-B2R04.mzML	229	0	131.929319254557	1	13247.34	0.0
29	input_spectra/3-B2R04.mzML	230	0	131.929319254557	1	13258.8	0.0
43	input_spectra/3-B2R04.mzML	231	0	155.080975619229	1	13298.22	0.0
43	input_spectra/3-B2R04.mzML	232	0	155.080975619229	1	13309.68	0.0
43	input_spectra/3-B2R04.mzML	233	0	155.080975619229	1	13349.04	0.0
43	input_spectra/3-B2R04.mzML	234	0	155.080975619229	1	13360.56	0.0
43	input_spectra/3-B2R04.mzML	235	0	155.080975619229	1	13399.92	0.0
43	input_spectra/3-B2R04.mzML	236	0	155.080975619229	1	13411.38	0.0
85	input_spectra/3-B2R04.mzML	237	0	221.091425577799	1	13450.800000000001	0.0
85	input_spectra/3-B2R04.mzML	238	0	221.091425577799	1	13462.26	0.0
85	input_spectra/3-B2R04.mzML	239	0	221.091425577799	1	13501.68	0.0
85	input_spectra/3-B2R04.mzML	240	0	221.091425577799	1	13513.14	0.0
85	input_spectra/3-B2R04.mzML	241	0	221.091425577799	1	13552.5	0.0
85	input_spectra/3-B2R04.mzML	242	0	221.091425577799	1	13564.02	0.0
49	input_spectra/3-B2R04.mzML	243	0	160.075149536133	1	13639.5	0.0
49	input_spectra/3-B2R04.mzML	244	0	160.075149536133	1	13650.96	0.0
50	input_spectra/3-B2R04.mzML	245	0	160.075149536133	1	13690.32	0.0
49	input_spectra/3-B2R04.mzML	246	0	160.075149536133	1	13701.78	0.0
29	input_spectra/3-B2R04.mzML	247	0	131.929319254557	1	13713.300000000001	0.0
29	input_spectra/3-B2R04.mzML	248	0	131.929319254557	1	13724.76	0.0
126	input_spectra/3-B2R04.mzML	249	0	290.133626302083	1	13764.119999999999	0.0
126	input_spectra/3-B2R04.mzML	250	0	290.133626302083	1	13775.64	0.0
50	input_spectra/3-B2R04.mzML	251	0	160.075149536133	1	13787.1	0.0
49	input_spectra/3-B2R04.mzML	252	0	160.075149536133	1	13798.56	0.0
29	input_spectra/3-B2R04.mzML	253	0	131.929319254557	1	13810.08	0.0
29	input_spectra/3-B2R04.mzML	254	0	131.929319254557	1	13821.54	0.0
126	input_spectra/3-B2R04.mzML	255	0	290.133626302083	1	13860.9	0.0
126	input_spectra/3-B2R04.mzML	256	0	290.133626302083	1	13872.42	0.0
126	input_spectra/3-B2R04.mzML	257	0	290.133626302083	1	13911.78	0.0
126	input_spectra/3-B2R04.mzML	258	0	290.133626302083	1	13923.24	0.0
43	input_spectra/3-B2R04.mzML	259	0	155.080975619229	1	14467.679999999998	0.0
43	input_spectra/3-B2R04.mzML	260	0	155.080975619229	1	14479.14	0.0
43	input_spectra/3-B2R04.mzML	261	0	155.080975619229	1	14518.439999999999	0.0
43	input_spectra/3-B2R04.mzML	262	0	155.080975619229	1	14529.96	0.0
43	input_spectra/3-B2R04.mzML	263	0	155.080975619229	1	14569.32	0.0
43	input_spectra/3-B2R04.mzML	264	0	155.080975619229	1	14580.78	0.0
29	input_spectra/3-B2R04.mzML	265	0	131.929319254557	1	14800.56	0.0
29	input_spectra/3-B2R04.mzML	266	0	131.929319254557	1	14812.019999999999	0.0
80	input_spectra/3-B2R04.mzML	267	0	211.106760660807	1	14851.32	0.0
80	input_spectra/3-B2R04.mzML	268	0	211.106760660807	1	14862.84	0.0
29	input_spectra/3-B2R04.mzML	269	0	131.929319254557	1	14874.3	0.0
29	input_spectra/3-B2R04.mzML	270	0	131.929319254557	1	14885.76	0.0
80	input_spectra/3-B2R04.mzML	271	0	211.106760660807	1	14925.12	0.0
80	input_spectra/3-B2R04.mzML	272	0	211.106760660807	1	14936.64	0.0
29	input_spectra/3-B2R04.mzML	273	0	131.929319254557	1	14971.08	0.0
29	input_spectra/3-B2R04.mzML	274	0	131.929319254557	1	14982.54	0.0
80	input_spectra/3-B2R04.mzML	275	0	211.106760660807	1	15021.900000000001	0.0
80	input_spectra/3-B2R04.mzML	276	0	211.106760660807	1	15033.42	0.0
159	input_spectra/3-B2R04.mzML	277	0	359.191314697266	1	15044.94	0.0
159	input_spectra/3-B2R04.mzML	278	0	359.191314697266	1	15056.4	0.0
159	input_spectra/3-B2R04.mzML	279	0	359.191314697266	1	15118.740000000002	0.0
159	input_spectra/3-B2R04.mzML	280	0	359.191314697266	1	15130.26	0.0
159	input_spectra/3-B2R04.mzML	281	0	359.191314697266	1	15169.619999999999	0.0
159	input_spectra/3-B2R04.mzML	282	0	359.191314697266	1	15181.08	0.0
136	input_spectra/3-B2R04.mzML	283	0	317.180592854818	1	15243.42	0.0
136	input_spectra/3-B2R04.mzML	284	0	317.180592854818	1	15254.94	0.0
45	input_spectra/3-B2R04.mzML	285	0	157.09657796224	1	15266.4	0.0
45	input_spectra/3-B2R04.mzML	286	0	157.09657796224	1	15277.92	0.0
45	input_spectra/3-B2R04.mzML	287	0	157.09657796224	1	15317.220000000001	0.0
45	input_spectra/3-B2R04.mzML	288	0	157.09657796224	1	15328.68	0.0
136	input_spectra/3-B2R04.mzML	289	0	317.180592854818	1	15351.72	0.0
45	input_spectra/3-B2R04.mzML	290	0	157.09657796224	1	15391.02	0.0
45	input_spectra/3-B2R04.mzML	291	0	157.09657796224	1	15402.480000000001	0.0
136	input_spectra/3-B2R04.mzML	292	0	317.180592854818	1	15413.999999999998	0.0
136	input_spectra/3-B2R04.mzML	293	0	317.180592854818	1	15425.519999999999	0.0
70	input_spectra/3-B2R04.mzML	294	0	189.086133321126	1	15525.0	0.0
70	input_spectra/3-B2R04.mzML	295	0	189.086133321126	1	15536.46	0.0
70	input_spectra/3-B2R04.mzML	296	0	189.086133321126	1	15587.820000000002	0.0
70	input_spectra/3-B2R04.mzML	297	0	189.086133321126	1	15599.339999999998	0.0
59	input_spectra/3-B2R04.mzML	298	0	169.096379597982	1	15638.699999999999	0.0
59	input_spectra/3-B2R04.mzML	299	0	169.096379597982	1	15650.16	0.0
70	input_spectra/3-B2R04.mzML	300	0	189.086133321126	1	15689.52	0.0
70	input_spectra/3-B2R04.mzML	301	0	189.086133321126	1	15701.04	0.0
36	input_spectra/3-B2R04.mzML	302	0	141.957959856306	1	15712.5	0.0
36	input_spectra/3-B2R04.mzML	303	0	141.957959856306	1	15723.96	0.0
59	input_spectra/3-B2R04.mzML	304	0	169.096379597982	1	15763.32	0.0
59	input_spectra/3-B2R04.mzML	305	0	169.096379597982	1	15774.78	0.0
36	input_spectra/3-B2R04.mzML	306	0	141.957959856306	1	15786.24	0.0
36	input_spectra/3-B2R04.mzML	307	0	141.957959856306	1	15797.76	0.0
59	input_spectra/3-B2R04.mzML	308	0	169.096379597982	1	15837.119999999999	0.0
59	input_spectra/3-B2R04.mzML	309	0	169.096379597982	1	15848.579999999998	0.0
29	input_spectra/3-B2R04.mzML	310	0	131.929319254557	1	15960.12	0.0
29	input_spectra/3-B2R04.mzML	311	0	131.929319254557	1	15971.579999999998	0.0
29	input_spectra/3-B2R04.mzML	312	0	131.929319254557	1	16010.939999999999	0.0
29	input_spectra/3-B2R04.mzML	313	0	131.929319254557	1	16022.400000000001	0.0
36	input_spectra/3-B2R04.mzML	314	0	141.957959856306	1	16033.920000000002	0.0
36	input_spectra/3-B2R04.mzML	315	0	141.957959856306	1	16045.380000000001	0.0
29	input_spectra/3-B2R04.mzML	316	0	131.929319254557	1	16108.800000000001	0.0
29	input_spectra/3-B2R04.mzML	317	0	131.929319254557	1	16120.26	0.0
159	input_spectra/3-B2R04.mzML	318	0	359.191314697266	1	16231.74	0.0
159	input_spectra/3-B2R04.mzML	319	0	359.191314697266	1	16243.26	0.0
159	input_spectra/3-B2R04.mzML	320	0	359.191314697266	1	16282.62	0.0
159	input_spectra/3-B2R04.mzML	321	0	359.191314697266	1	16294.140000000001	0.0
159	input_spectra/3-B2R04.mzML	322	0	359.191314697266	1	16333.500000000002	0.0
159	input_spectra/3-B2R04.mzML	323	0	359.191314697266	1	16345.019999999999	0.0
55	input_spectra/3-B2R04.mzML	324	0	166.085723876953	1	16468.56	0.0
56	input_spectra/3-B2R04.mzML	325	0	166.085723876953	1	16480.019999999997	0.0
55	input_spectra/3-B2R04.mzML	326	0	166.085723876953	1	16519.379999999997	0.0
56	input_spectra/3-B2R04.mzML	327	0	166.085723876953	1	16530.84	0.0
7	input_spectra/3-B2R04.mzML	328	0	120.080397288005	1	16542.36	0.0
8	input_spectra/3-B2R04.mzML	329	0	120.080397288005	1	16553.82	0.0
55	input_spectra/3-B2R04.mzML	330	0	166.085723876953	1	16593.120000000003	0.0
56	input_spectra/3-B2R04.mzML	331	0	166.085723876953	1	16604.640000000003	0.0
7	input_spectra/3-B2R04.mzML	332	0	120.080397288005	1	16616.1	0.0
8	input_spectra/3-B2R04.mzML	333	0	120.080397288005	1	16627.559999999998	0.0
72	input_spectra/3-B2R04.mzML	334	0	189.122622172038	1	16639.079999999998	0.0
72	input_spectra/3-B2R04.mzML	335	0	189.122622172038	1	16650.54	0.0
7	input_spectra/3-B2R04.mzML	336	0	120.080397288005	1	16689.9	0.0
8	input_spectra/3-B2R04.mzML	337	0	120.080397288005	1	16701.36	0.0
246	input_spectra/3-B2R04.mzML	338	0	570.285888671875	1	16712.94	0.0
246	input_spectra/3-B2R04.mzML	339	0	570.285888671875	1	16724.46	0.0
72	input_spectra/3-B2R04.mzML	340	0	189.122622172038	1	16735.98	0.0
72	input_spectra/3-B2R04.mzML	341	0	189.122622172038	1	16747.440000000002	0.0
89	input_spectra/3-B2R04.mzML	342	0	227.101913452148	1	16782.0	0.0
89	input_spectra/3-B2R04.mzML	343	0	227.101913452148	1	16793.52	0.0
165	input_spectra/3-B2R04.mzML	344	0	392.18017578125	1	16832.88	0.0
165	input_spectra/3-B2R04.mzML	345	0	392.18017578125	1	16844.4	0.0
72	input_spectra/3-B2R04.mzML	346	0	189.122622172038	1	16855.86	0.0
72	input_spectra/3-B2R04.mzML	347	0	189.122622172038	1	16867.38	0.0
70	input_spectra/3-B2R04.mzML	348	0	189.086133321126	1	16878.84	0.0
70	input_spectra/3-B2R04.mzML	349	0	189.086133321126	1	16890.3	0.0
246	input_spectra/3-B2R04.mzML	350	0	570.285888671875	1	16901.879999999997	0.0
246	input_spectra/3-B2R04.mzML	351	0	570.285888671875	1	16913.399999999998	0.0
89	input_spectra/3-B2R04.mzML	352	0	227.101913452148	1	16924.92	0.0
89	input_spectra/3-B2R04.mzML	353	0	227.101913452148	1	16936.38	0.0
165	input_spectra/3-B2R04.mzML	354	0	392.18017578125	1	16975.739999999998	0.0
165	input_spectra/3-B2R04.mzML	355	0	392.18017578125	1	16987.26	0.0
70	input_spectra/3-B2R04.mzML	356	0	189.086133321126	1	16998.78	0.0
70	input_spectra/3-B2R04.mzML	357	0	189.086133321126	1	17010.24	0.0
246	input_spectra/3-B2R04.mzML	358	0	570.285888671875	1	17021.760000000002	0.0
246	input_spectra/3-B2R04.mzML	359	0	570.285888671875	1	17033.28	0.0
89	input_spectra/3-B2R04.mzML	360	0	227.101913452148	1	17044.8	0.0
89	input_spectra/3-B2R04.mzML	361	0	227.101913452148	1	17056.32	0.0
25	input_spectra/3-B2R04.mzML	362	0	131.048553466797	1	17067.780000000002	0.0
26	input_spectra/3-B2R04.mzML	363	0	131.048553466797	1	17079.239999999998	0.0
147	input_spectra/3-B2R04.mzML	364	0	331.196502685547	1	17118.66	0.0
147	input_spectra/3-B2R04.mzML	365	0	331.196502685547	1	17130.12	0.0
165	input_spectra/3-B2R04.mzML	366	0	392.18017578125	1	17141.64	0.0
165	input_spectra/3-B2R04.mzML	367	0	392.18017578125	1	17153.16	0.0
70	input_spectra/3-B2R04.mzML	368	0	189.086133321126	1	17164.62	0.0
70	input_spectra/3-B2R04.mzML	369	0	189.086133321126	1	17176.079999999998	0.0
25	input_spectra/3-B2R04.mzML	370	0	131.048553466797	1	17187.6	0.0
26	input_spectra/3-B2R04.mzML	371	0	131.048553466797	1	17199.06	0.0
147	input_spectra/3-B2R04.mzML	372	0	331.196502685547	1	17238.420000000002	0.0
147	input_spectra/3-B2R04.mzML	373	0	331.196502685547	1	17249.940000000002	0.0
36	input_spectra/3-B2R04.mzML	374	0	141.957959856306	1	17261.4	0.0
36	input_spectra/3-B2R04.mzML	375	0	141.957959856306	1	17272.920000000002	0.0
147	input_spectra/3-B2R04.mzML	376	0	331.196502685547	1	17312.219999999998	0.0
147	input_spectra/3-B2R04.mzML	377	0	331.196502685547	1	17323.739999999998	0.0
36	input_spectra/3-B2R04.mzML	378	0	141.957959856306	1	17335.2	0.0
36	input_spectra/3-B2R04.mzML	379	0	141.957959856306	1	17346.72	0.0
159	input_spectra/3-B2R04.mzML	380	0	359.191314697266	1	17386.079999999998	0.0
159	input_spectra/3-B2R04.mzML	381	0	359.191314697266	1	17397.6	0.0
36	input_spectra/3-B2R04.mzML	382	0	141.957959856306	1	17409.06	0.0
36	input_spectra/3-B2R04.mzML	383	0	141.957959856306	1	17420.52	0.0
159	input_spectra/3-B2R04.mzML	384	0	359.191314697266	1	17459.88	0.0
159	input_spectra/3-B2R04.mzML	385	0	359.191314697266	1	17471.4	0.0
159	input_spectra/3-B2R04.mzML	386	0	359.191314697266	1	17510.82	0.0
159	input_spectra/3-B2R04.mzML	387	0	359.191314697266	1	17522.28	0.0
29	input_spectra/3-B2R04.mzML	388	0	131.929319254557	1	17533.800000000003	0.0
29	input_spectra/3-B2R04.mzML	389	0	131.929319254557	1	17545.26	0.0
29	input_spectra/3-B2R04.mzML	390	0	131.929319254557	1	17596.68	0.0
29	input_spectra/3-B2R04.mzML	391	0	131.929319254557	1	17608.14	0.0
55	input_spectra/3-B2R04.mzML	392	0	166.085723876953	1	17647.559999999998	0.0
56	input_spectra/3-B2R04.mzML	393	0	166.085723876953	1	17659.02	0.0
55	input_spectra/3-B2R04.mzML	394	0	166.085723876953	1	17698.38	0.0
56	input_spectra/3-B2R04.mzML	395	0	166.085723876953	1	17709.84	0.0
7	input_spectra/3-B2R04.mzML	396	0	120.080397288005	1	17721.36	0.0
8	input_spectra/3-B2R04.mzML	397	0	120.080397288005	1	17732.82	0.0
29	input_spectra/3-B2R04.mzML	398	0	131.929319254557	1	17744.28	0.0
29	input_spectra/3-B2R04.mzML	399	0	131.929319254557	1	17755.739999999998	0.0
55	input_spectra/3-B2R04.mzML	400	0	166.085723876953	1	17795.16	0.0
56	input_spectra/3-B2R04.mzML	401	0	166.085723876953	1	17806.62	0.0
7	input_spectra/3-B2R04.mzML	402	0	120.080397288005	1	17818.08	0.0
8	input_spectra/3-B2R04.mzML	403	0	120.080397288005	1	17829.54	0.0
7	input_spectra/3-B2R04.mzML	404	0	120.080397288005	1	17868.9	0.0
8	input_spectra/3-B2R04.mzML	405	0	120.080397288005	1	17880.359999999997	0.0
24	input_spectra/3-B2R04.mzML	406	0	130.9658203125	1	18088.08	0.0
24	input_spectra/3-B2R04.mzML	407	0	130.9658203125	1	18099.600000000002	0.0
48	input_spectra/3-B2R04.mzML	408	0	158.96057434082	1	18307.26	0.0
48	input_spectra/3-B2R04.mzML	409	0	158.96057434082	1	18318.78	0.0
24	input_spectra/3-B2R04.mzML	410	0	130.9658203125	1	18394.2	0.0
24	input_spectra/3-B2R04.mzML	411	0	130.9658203125	1	18405.66	0.0
36	input_spectra/3-B2R04.mzML	412	0	141.957959856306	1	18445.08	0.0
36	input_spectra/3-B2R04.mzML	413	0	141.957959856306	1	18456.539999999997	0.0
36	input_spectra/3-B2R04.mzML	414	0	141.957959856306	1	18495.899999999998	0.0
36	input_spectra/3-B2R04.mzML	415	0	141.957959856306	1	18507.42	0.0
36	input_spectra/3-B2R04.mzML	416	0	141.957959856306	1	18546.78	0.0
36	input_spectra/3-B2R04.mzML	417	0	141.957959856306	1	18558.239999999998	0.0
48	input_spectra/3-B2R04.mzML	418	0	158.96057434082	1	18681.78	0.0
48	input_spectra/3-B2R04.mzML	419	0	158.96057434082	1	18693.239999999998	0.0
72	input_spectra/3-B2R04.mzML	420	0	189.122622172038	1	18732.6	0.0
48	input_spectra/3-B2R04.mzML	421	0	158.96057434082	1	18755.58	0.0
48	input_spectra/3-B2R04.mzML	422	0	158.96057434082	1	18767.04	0.0
72	input_spectra/3-B2R04.mzML	423	0	189.122622172038	1	18806.4	0.0
72	input_spectra/3-B2R04.mzML	424	0	189.122622172038	1	18817.859999999997	0.0
55	input_spectra/3-B2R04.mzML	425	0	166.085723876953	1	18829.32	0.0
56	input_spectra/3-B2R04.mzML	426	0	166.085723876953	1	18840.84	0.0
29	input_spectra/3-B2R04.mzML	427	0	131.929319254557	1	18852.3	0.0
29	input_spectra/3-B2R04.mzML	428	0	131.929319254557	1	18863.760000000002	0.0
72	input_spectra/3-B2R04.mzML	429	0	189.122622172038	1	18903.18	0.0
72	input_spectra/3-B2R04.mzML	430	0	189.122622172038	1	18914.640000000003	0.0
29	input_spectra/3-B2R04.mzML	431	0	131.929319254557	1	18926.1	0.0
29	input_spectra/3-B2R04.mzML	432	0	131.929319254557	1	18937.559999999998	0.0
29	input_spectra/3-B2R04.mzML	433	0	131.929319254557	1	18976.92	0.0
29	input_spectra/3-B2R04.mzML	434	0	131.929319254557	1	18988.38	0.0
24	input_spectra/3-B2R04.mzML	435	0	130.9658203125	1	19160.04	0.0
24	input_spectra/3-B2R04.mzML	436	0	130.9658203125	1	19171.5	0.0
12	input_spectra/3-B2R04.mzML	437	0	122.095983505249	1	19319.100000000002	0.0
13	input_spectra/3-B2R04.mzML	438	0	122.095983505249	1	19330.559999999998	0.0
12	input_spectra/3-B2R04.mzML	439	0	122.095983505249	1	19369.980000000003	0.0
13	input_spectra/3-B2R04.mzML	440	0	122.095983505249	1	19381.44	0.0
12	input_spectra/3-B2R04.mzML	441	0	122.095983505249	1	19420.8	0.0
13	input_spectra/3-B2R04.mzML	442	0	122.095983505249	1	19432.26	0.0
36	input_spectra/3-B2R04.mzML	443	0	141.957959856306	1	19591.86	0.0
36	input_spectra/3-B2R04.mzML	444	0	141.957959856306	1	19603.38	0.0
36	input_spectra/3-B2R04.mzML	445	0	141.957959856306	1	19642.74	0.0
36	input_spectra/3-B2R04.mzML	446	0	141.957959856306	1	19654.2	0.0
36	input_spectra/3-B2R04.mzML	447	0	141.957959856306	1	19693.56	0.0
36	input_spectra/3-B2R04.mzML	448	0	141.957959856306	1	19705.019999999997	0.0
192	input_spectra/3-B2R04.mzML	449	0	446.222941080729	1	19756.44	0.0
192	input_spectra/3-B2R04.mzML	450	0	446.222941080729	1	19767.96	0.0
192	input_spectra/3-B2R04.mzML	451	0	446.222941080729	1	19867.440000000002	0.0
192	input_spectra/3-B2R04.mzML	452	0	446.222941080729	1	19878.96	0.0
192	input_spectra/3-B2R04.mzML	453	0	446.222941080729	1	19918.32	0.0
192	input_spectra/3-B2R04.mzML	454	0	446.222941080729	1	19929.84	0.0
48	input_spectra/3-B2R04.mzML	455	0	158.96057434082	1	20017.32	0.0
48	input_spectra/3-B2R04.mzML	456	0	158.96057434082	1	20028.78	0.0
48	input_spectra/3-B2R04.mzML	457	0	158.96057434082	1	20224.5	0.0
48	input_spectra/3-B2R04.mzML	458	0	158.96057434082	1	20235.960000000003	0.0
36	input_spectra/3-B2R04.mzML	459	0	141.957959856306	1	20732.219999999998	0.0
36	input_spectra/3-B2R04.mzML	460	0	141.957959856306	1	20743.739999999998	0.0
36	input_spectra/3-B2R04.mzML	461	0	141.957959856306	1	20783.1	0.0
36	input_spectra/3-B2R04.mzML	462	0	141.957959856306	1	20794.56	0.0
36	input_spectra/3-B2R04.mzML	463	0	141.957959856306	1	20833.920000000002	0.0
36	input_spectra/3-B2R04.mzML	464	0	141.957959856306	1	20845.44	0.0
212	input_spectra/3-B2R04.mzML	465	0	499.212066650391	1	21767.04	0.0
212	input_spectra/3-B2R04.mzML	466	0	499.212066650391	1	21778.56	0.0
114	input_spectra/3-B2R04.mzML	467	0	274.174682617188	1	21829.980000000003	0.0
114	input_spectra/3-B2R04.mzML	468	0	274.174682617188	1	21841.5	0.0
114	input_spectra/3-B2R04.mzML	469	0	274.174682617188	1	21880.86	0.0
114	input_spectra/3-B2R04.mzML	470	0	274.174682617188	1	21892.32	0.0
36	input_spectra/3-B2R04.mzML	471	0	141.957959856306	1	21903.84	0.0
36	input_spectra/3-B2R04.mzML	472	0	141.957959856306	1	21915.3	0.0
36	input_spectra/3-B2R04.mzML	473	0	141.957959856306	1	21977.58	0.0
36	input_spectra/3-B2R04.mzML	474	0	141.957959856306	1	21989.100000000002	0.0
36	input_spectra/3-B2R04.mzML	475	0	141.957959856306	1	22051.38	0.0
36	input_spectra/3-B2R04.mzML	476	0	141.957959856306	1	22062.84	0.0
169	input_spectra/3-B2R04.mzML	477	0	414.233215332031	1	22910.58	0.0
169	input_spectra/3-B2R04.mzML	478	0	414.233215332031	1	22922.100000000002	0.0
169	input_spectra/3-B2R04.mzML	479	0	414.233215332031	1	22961.4	0.0
169	input_spectra/3-B2R04.mzML	480	0	414.233215332031	1	22972.920000000002	0.0
169	input_spectra/3-B2R04.mzML	481	0	414.233215332031	1	23012.28	0.0
169	input_spectra/3-B2R04.mzML	482	0	414.233215332031	1	23023.800000000003	0.0
36	input_spectra/3-B2R04.mzML	483	0	141.957959856306	1	23063.16	0.0
36	input_spectra/3-B2R04.mzML	484	0	141.957959856306	1	23074.68	0.0
36	input_spectra/3-B2R04.mzML	485	0	141.957959856306	1	23114.039999999997	0.0
36	input_spectra/3-B2R04.mzML	486	0	141.957959856306	1	23125.5	0.0
36	input_spectra/3-B2R04.mzML	487	0	141.957959856306	1	23164.86	0.0
36	input_spectra/3-B2R04.mzML	488	0	141.957959856306	1	23176.32	0.0
73	input_spectra/3-B2R04.mzML	489	0	195.112116495768	1	23227.74	0.0
73	input_spectra/3-B2R04.mzML	490	0	195.112116495768	1	23239.260000000002	0.0
73	input_spectra/3-B2R04.mzML	491	0	195.112116495768	1	23278.62	0.0
73	input_spectra/3-B2R04.mzML	492	0	195.112116495768	1	23290.08	0.0
119	input_spectra/3-B2R04.mzML	493	0	286.17529296875	1	23329.440000000002	0.0
120	input_spectra/3-B2R04.mzML	494	0	286.17529296875	1	23340.960000000003	0.0
73	input_spectra/3-B2R04.mzML	495	0	195.112116495768	1	23352.42	0.0
73	input_spectra/3-B2R04.mzML	496	0	195.112116495768	1	23363.88	0.0
119	input_spectra/3-B2R04.mzML	497	0	286.17529296875	1	23403.239999999998	0.0
120	input_spectra/3-B2R04.mzML	498	0	286.17529296875	1	23414.76	0.0
119	input_spectra/3-B2R04.mzML	499	0	286.17529296875	1	23454.12	0.0
120	input_spectra/3-B2R04.mzML	500	0	286.17529296875	1	23465.58	0.0
157	input_spectra/3-B2R04.mzML	501	0	357.211395263672	1	23613.18	0.0
157	input_spectra/3-B2R04.mzML	502	0	357.211395263672	1	23624.7	0.0
227	input_spectra/3-B2R04.mzML	503	0	527.280639648438	1	23664.06	0.0
227	input_spectra/3-B2R04.mzML	504	0	527.280639648438	1	23675.58	0.0
227	input_spectra/3-B2R04.mzML	505	0	527.280639648438	1	23714.940000000002	0.0
227	input_spectra/3-B2R04.mzML	506	0	527.280639648438	1	23726.46	0.0
227	input_spectra/3-B2R04.mzML	507	0	527.280639648438	1	23788.800000000003	0.0
227	input_spectra/3-B2R04.mzML	508	0	527.280639648438	1	23800.32	0.0
280	input_spectra/3-B2R04.mzML	509	0	736.35888671875	1	23823.420000000002	0.0
280	input_spectra/3-B2R04.mzML	510	0	736.35888671875	1	23874.239999999998	0.0
280	input_spectra/3-B2R04.mzML	511	0	736.35888671875	1	23925.18	0.0
273	input_spectra/3-B2R04.mzML	512	0	669.317504882813	1	23964.54	0.0
273	input_spectra/3-B2R04.mzML	513	0	669.317504882813	1	23976.06	0.0
291	input_spectra/3-B2R04.mzML	514	0	922.422302246094	1	23999.16	0.0
291	input_spectra/3-B2R04.mzML	515	0	922.422302246094	1	24050.1	0.0
252	input_spectra/3-B2R04.mzML	516	0	590.2822265625	1	24061.68	0.0
252	input_spectra/3-B2R04.mzML	517	0	590.2822265625	1	24073.14	0.0
273	input_spectra/3-B2R04.mzML	518	0	669.317504882813	1	24112.559999999998	0.0
273	input_spectra/3-B2R04.mzML	519	0	669.317504882813	1	24124.079999999998	0.0
265	input_spectra/3-B2R04.mzML	520	0	618.322021484375	1	24135.6	0.0
266	input_spectra/3-B2R04.mzML	521	0	618.322021484375	1	24147.12	0.0
242	input_spectra/3-B2R04.mzML	522	0	561.760375976563	1	24158.64	0.0
242	input_spectra/3-B2R04.mzML	523	0	561.760375976563	1	24170.16	0.0
265	input_spectra/3-B2R04.mzML	524	0	618.322021484375	1	24232.62	0.0
266	input_spectra/3-B2R04.mzML	525	0	618.322021484375	1	24244.14	0.0
285	input_spectra/3-B2R04.mzML	526	0	783.432739257813	1	24255.72	0.0
286	input_spectra/3-B2R04.mzML	527	0	783.432739257813	1	24267.24	0.0
272	input_spectra/3-B2R04.mzML	528	0	667.320739746094	1	24278.760000000002	0.0
272	input_spectra/3-B2R04.mzML	529	0	667.320739746094	1	24290.280000000002	0.0
285	input_spectra/3-B2R04.mzML	530	0	783.432739257813	1	24352.74	0.0
286	input_spectra/3-B2R04.mzML	531	0	783.432739257813	1	24364.260000000002	0.0
265	input_spectra/3-B2R04.mzML	532	0	618.322021484375	1	24375.78	0.0
266	input_spectra/3-B2R04.mzML	533	0	618.322021484375	1	24387.3	0.0
298	input_spectra/3-B2R04.mzML	534	0	1105.569702148438	1	24398.94	0.0
287	input_spectra/3-B2R04.mzML	535	0	811.390991210938	1	24433.62	0.0
284	input_spectra/3-B2R04.mzML	536	0	756.348205566406	1	24456.66	0.0
299	input_spectra/3-B2R04.mzML	537	0	1106.55712890625	1	24496.079999999998	0.0
300	input_spectra/3-B2R04.mzML	538	0	1106.55712890625	1	24507.66	0.0
285	input_spectra/3-B2R04.mzML	539	0	783.432739257813	1	24519.18	0.0
286	input_spectra/3-B2R04.mzML	540	0	783.432739257813	1	24530.760000000002	0.0
174	input_spectra/3-B2R04.mzML	541	0	427.229095458984	1	24542.28	0.0
174	input_spectra/3-B2R04.mzML	542	0	427.229095458984	1	24553.800000000003	0.0
169	input_spectra/3-B2R04.mzML	543	0	414.233215332031	1	24588.420000000002	0.0
169	input_spectra/3-B2R04.mzML	544	0	414.233215332031	1	24599.940000000002	0.0
206	input_spectra/3-B2R04.mzML	545	0	488.234008789063	1	24639.3	0.0
206	input_spectra/3-B2R04.mzML	546	0	488.234008789063	1	24650.82	0.0
262	input_spectra/3-B2R04.mzML	547	0	615.307373046875	1	24708.66	0.0
263	input_spectra/3-B2R04.mzML	548	0	615.307373046875	1	24720.18	0.0
206	input_spectra/3-B2R04.mzML	549	0	488.234008789063	1	24782.7	0.0
206	input_spectra/3-B2R04.mzML	550	0	488.234008789063	1	24794.22	0.0
177	input_spectra/3-B2R04.mzML	551	0	430.22802734375	1	24805.739999999998	0.0
177	input_spectra/3-B2R04.mzML	552	0	430.22802734375	1	24817.2	0.0
137	input_spectra/3-B2R04.mzML	553	0	318.12841796875	1	24828.72	0.0
137	input_spectra/3-B2R04.mzML	554	0	318.12841796875	1	24840.18	0.0
166	input_spectra/3-B2R04.mzML	555	0	393.175704956055	1	24874.980000000003	0.0
166	input_spectra/3-B2R04.mzML	556	0	393.175704956055	1	24886.44	0.0
206	input_spectra/3-B2R04.mzML	557	0	488.234008789063	1	24925.86	0.0
206	input_spectra/3-B2R04.mzML	558	0	488.234008789063	1	24937.38	0.0
177	input_spectra/3-B2R04.mzML	559	0	430.22802734375	1	24948.84	0.0
177	input_spectra/3-B2R04.mzML	560	0	430.22802734375	1	24960.359999999997	0.0
249	input_spectra/3-B2R04.mzML	561	0	584.301788330078	1	24971.879999999997	0.0
250	input_spectra/3-B2R04.mzML	562	0	584.301788330078	1	24983.399999999998	0.0
166	input_spectra/3-B2R04.mzML	563	0	393.175704956055	1	25017.96	0.0
166	input_spectra/3-B2R04.mzML	564	0	393.175704956055	1	25029.48	0.0
249	input_spectra/3-B2R04.mzML	565	0	584.301788330078	1	25068.84	0.0
250	input_spectra/3-B2R04.mzML	566	0	584.301788330078	1	25080.359999999997	0.0
228	input_spectra/3-B2R04.mzML	567	0	527.280639648438	1	25091.879999999997	0.0
227	input_spectra/3-B2R04.mzML	568	0	527.280639648438	1	25103.399999999998	0.0
301	input_spectra/3-B2R04.mzML	569	0	1149.549133300781	1	25149.66	0.0
197	input_spectra/3-B2R04.mzML	570	0	460.239105224609	1	25172.76	0.0
228	input_spectra/3-B2R04.mzML	571	0	527.280639648438	1	25212.12	0.0
227	input_spectra/3-B2R04.mzML	572	0	527.280639648438	1	25223.64	0.0
240	input_spectra/3-B2R04.mzML	573	0	557.290954589844	1	25355.46	0.0
240	input_spectra/3-B2R04.mzML	574	0	557.290954589844	1	25366.98	0.0
175	input_spectra/3-B2R04.mzML	575	0	428.248886108398	1	25378.5	0.0
175	input_spectra/3-B2R04.mzML	576	0	428.248886108398	1	25390.019999999997	0.0
297	input_spectra/3-B2R04.mzML	577	0	1064.532348632813	1	25413.18	0.0
227	input_spectra/3-B2R04.mzML	578	0	527.280639648438	1	25459.379999999997	0.0
295	input_spectra/3-B2R04.mzML	579	0	1007.511688232422	1	25498.800000000003	0.0
296	input_spectra/3-B2R04.mzML	580	0	1007.511688232422	1	25510.32	0.0
196	input_spectra/3-B2R04.mzML	581	0	458.25927734375	1	25521.9	0.0
196	input_spectra/3-B2R04.mzML	582	0	458.25927734375	1	25533.420000000002	0.0
293	input_spectra/3-B2R04.mzML	583	0	936.474517822266	1	25556.52	0.0
176	input_spectra/3-B2R04.mzML	584	0	428.248886108398	1	25568.1	0.0
176	input_spectra/3-B2R04.mzML	585	0	428.248886108398	1	25579.56	0.0
240	input_spectra/3-B2R04.mzML	586	0	557.290954589844	1	25591.14	0.0
240	input_spectra/3-B2R04.mzML	587	0	557.290954589844	1	25602.6	0.0
183	input_spectra/3-B2R04.mzML	588	0	440.249069213867	1	25642.02	0.0
183	input_spectra/3-B2R04.mzML	589	0	440.249069213867	1	25653.54	0.0
293	input_spectra/3-B2R04.mzML	590	0	936.474517822266	1	25676.64	0.0
220	input_spectra/3-B2R04.mzML	591	0	522.218017578125	1	25688.22	0.0
220	input_spectra/3-B2R04.mzML	592	0	522.218017578125	1	25699.74	0.0
183	input_spectra/3-B2R04.mzML	593	0	440.249069213867	1	25785.359999999997	0.0
183	input_spectra/3-B2R04.mzML	594	0	440.249069213867	1	25796.879999999997	0.0
256	input_spectra/3-B2R04.mzML	595	0	612.332916259766	1	25808.399999999998	0.0
257	input_spectra/3-B2R04.mzML	596	0	612.332916259766	1	25819.92	0.0
215	input_spectra/3-B2R04.mzML	597	0	511.2861328125	1	25831.44	0.0
215	input_spectra/3-B2R04.mzML	598	0	511.2861328125	1	25842.96	0.0
187	input_spectra/3-B2R04.mzML	599	0	442.263702392578	1	25854.42	0.0
187	input_spectra/3-B2R04.mzML	600	0	442.263702392578	1	25865.94	0.0
251	input_spectra/3-B2R04.mzML	601	0	586.317626953125	1	25877.46	0.0
251	input_spectra/3-B2R04.mzML	602	0	586.317626953125	1	25888.98	0.0
251	input_spectra/3-B2R04.mzML	603	0	586.317626953125	1	25928.399999999998	0.0
251	input_spectra/3-B2R04.mzML	604	0	586.317626953125	1	25939.92	0.0
150	input_spectra/3-B2R04.mzML	605	0	344.226898193359	1	25951.44	0.0
78	input_spectra/3-B2R04.mzML	606	0	205.096588134766	1	26071.5	0.0
79	input_spectra/3-B2R04.mzML	607	0	205.096588134766	1	26082.96	0.0
68	input_spectra/3-B2R04.mzML	608	0	188.069931030273	1	26094.42	0.0
69	input_spectra/3-B2R04.mzML	609	0	188.069931030273	1	26105.94	0.0
116	input_spectra/3-B2R04.mzML	610	0	279.133605957031	1	26140.5	0.0
116	input_spectra/3-B2R04.mzML	611	0	279.133605957031	1	26151.96	0.0
289	input_spectra/3-B2R04.mzML	612	0	871.448913574219	1	26163.54	0.0
290	input_spectra/3-B2R04.mzML	613	0	871.448913574219	1	26175.12	0.0
258	input_spectra/3-B2R04.mzML	614	0	612.332916259766	1	26214.48	0.0
258	input_spectra/3-B2R04.mzML	615	0	612.332916259766	1	26226.0	0.0
289	input_spectra/3-B2R04.mzML	616	0	871.448913574219	1	26237.58	0.0
290	input_spectra/3-B2R04.mzML	617	0	871.448913574219	1	26249.100000000002	0.0
164	input_spectra/3-B2R04.mzML	618	0	388.253158569336	1	26260.68	0.0
164	input_spectra/3-B2R04.mzML	619	0	388.253158569336	1	26272.140000000003	0.0
78	input_spectra/3-B2R04.mzML	620	0	205.096588134766	1	26283.66	0.0
79	input_spectra/3-B2R04.mzML	621	0	205.096588134766	1	26295.12	0.0
68	input_spectra/3-B2R04.mzML	622	0	188.069931030273	1	26306.579999999998	0.0
164	input_spectra/3-B2R04.mzML	623	0	388.253158569336	1	26357.46	0.0
164	input_spectra/3-B2R04.mzML	624	0	388.253158569336	1	26368.98	0.0
260	input_spectra/3-B2R04.mzML	625	0	614.349060058594	1	26449.56	0.0
260	input_spectra/3-B2R04.mzML	626	0	614.349060058594	1	26461.079999999998	0.0
260	input_spectra/3-B2R04.mzML	627	0	614.349060058594	1	26500.5	0.0
260	input_spectra/3-B2R04.mzML	628	0	614.349060058594	1	26512.02	0.0
282	input_spectra/3-B2R04.mzML	629	0	743.390808105469	1	26523.54	0.0
283	input_spectra/3-B2R04.mzML	630	0	743.390808105469	1	26535.059999999998	0.0
180	input_spectra/3-B2R04.mzML	631	0	432.279541015625	1	26546.579999999998	0.0
180	input_spectra/3-B2R04.mzML	632	0	432.279541015625	1	26558.1	0.0
180	input_spectra/3-B2R04.mzML	633	0	432.279541015625	1	26643.84	0.0
180	input_spectra/3-B2R04.mzML	634	0	432.279541015625	1	26655.3	0.0
182	input_spectra/3-B2R04.mzML	635	0	437.234619140625	1	26678.34	0.0
282	input_spectra/3-B2R04.mzML	636	0	743.390808105469	1	26689.92	0.0
283	input_spectra/3-B2R04.mzML	637	0	743.390808105469	1	26701.44	0.0
170	input_spectra/3-B2R04.mzML	638	0	415.252227783203	1	26712.96	0.0
204	input_spectra/3-B2R04.mzML	639	0	483.290130615234	1	26735.94	0.0
204	input_spectra/3-B2R04.mzML	640	0	483.290130615234	1	26747.46	0.0
200	input_spectra/3-B2R04.mzML	641	0	476.306223551432	1	26786.879999999997	0.0
200	input_spectra/3-B2R04.mzML	642	0	476.306223551432	1	26798.399999999998	0.0
180	input_spectra/3-B2R04.mzML	643	0	432.279541015625	1	26809.86	0.0
305	input_spectra/3-B2R04.mzML	644	0	1216.544555664063	1	26856.06	0.0
306	input_spectra/3-B2R04.mzML	645	0	1216.544555664063	1	26867.58	0.0
163	input_spectra/3-B2R04.mzML	646	0	385.243255615234	1	26879.16	0.0
163	input_spectra/3-B2R04.mzML	647	0	385.243255615234	1	26890.68	0.0
200	input_spectra/3-B2R04.mzML	648	0	476.306223551432	1	26930.04	0.0
200	input_spectra/3-B2R04.mzML	649	0	476.306223551432	1	26941.56	0.0
90	input_spectra/3-B2R04.mzML	650	0	227.138580322266	1	26953.08	0.0
90	input_spectra/3-B2R04.mzML	651	0	227.138580322266	1	26964.54	0.0
229	input_spectra/3-B2R04.mzML	652	0	527.315673828125	1	26999.100000000002	0.0
229	input_spectra/3-B2R04.mzML	653	0	527.315673828125	1	27010.620000000003	0.0
219	input_spectra/3-B2R04.mzML	654	0	520.332702636719	1	27073.02	0.0
219	input_spectra/3-B2R04.mzML	655	0	520.332702636719	1	27084.54	0.0
223	input_spectra/3-B2R04.mzML	656	0	525.28662109375	1	27107.519999999997	0.0
91	input_spectra/3-B2R04.mzML	657	0	227.138580322266	1	27119.039999999997	0.0
90	input_spectra/3-B2R04.mzML	658	0	227.138580322266	1	27130.559999999998	0.0
200	input_spectra/3-B2R04.mzML	659	0	476.306223551432	1	27142.079999999998	0.0
303	input_spectra/3-B2R04.mzML	660	0	1200.54833984375	1	27165.18	0.0
304	input_spectra/3-B2R04.mzML	661	0	1200.54833984375	1	27176.760000000002	0.0
243	input_spectra/3-B2R04.mzML	662	0	564.35801188151	1	27216.18	0.0
243	input_spectra/3-B2R04.mzML	663	0	564.35801188151	1	27227.7	0.0
219	input_spectra/3-B2R04.mzML	664	0	520.332702636719	1	27239.22	0.0
219	input_spectra/3-B2R04.mzML	665	0	520.332702636719	1	27250.68	0.0
91	input_spectra/3-B2R04.mzML	666	0	227.138580322266	1	27262.2	0.0
90	input_spectra/3-B2R04.mzML	667	0	227.138580322266	1	27273.72	0.0
223	input_spectra/3-B2R04.mzML	668	0	525.28662109375	1	27319.74	0.0
243	input_spectra/3-B2R04.mzML	669	0	564.35801188151	1	27359.100000000002	0.0
243	input_spectra/3-B2R04.mzML	670	0	564.35801188151	1	27370.620000000003	0.0
254	input_spectra/3-B2R04.mzML	671	0	608.383321126302	1	27382.140000000003	0.0
254	input_spectra/3-B2R04.mzML	672	0	608.383321126302	1	27393.66	0.0
108	input_spectra/3-B2R04.mzML	673	0	261.122843424479	1	27405.18	0.0
108	input_spectra/3-B2R04.mzML	674	0	261.122843424479	1	27416.64	0.0
244	input_spectra/3-B2R04.mzML	675	0	569.312927246094	1	27439.68	0.0
171	input_spectra/3-B2R04.mzML	676	0	419.227569580078	1	27451.199999999997	0.0
171	input_spectra/3-B2R04.mzML	677	0	419.227569580078	1	27462.72	0.0
254	input_spectra/3-B2R04.mzML	678	0	608.383321126302	1	27502.079999999998	0.0
254	input_spectra/3-B2R04.mzML	679	0	608.383321126302	1	27513.66	0.0
108	input_spectra/3-B2R04.mzML	680	0	261.122843424479	1	27525.12	0.0
108	input_spectra/3-B2R04.mzML	681	0	261.122843424479	1	27536.64	0.0
268	input_spectra/3-B2R04.mzML	682	0	652.409606933594	1	27548.16	0.0
268	input_spectra/3-B2R04.mzML	683	0	652.409606933594	1	27559.68	0.0
243	input_spectra/3-B2R04.mzML	684	0	564.35801188151	1	27594.3	0.0
268	input_spectra/3-B2R04.mzML	685	0	652.409606933594	1	27645.18	0.0
268	input_spectra/3-B2R04.mzML	686	0	652.409606933594	1	27656.7	0.0
276	input_spectra/3-B2R04.mzML	687	0	696.435394287109	1	27668.22	0.0
276	input_spectra/3-B2R04.mzML	688	0	696.435394287109	1	27679.74	0.0
254	input_spectra/3-B2R04.mzML	689	0	608.383321126302	1	27691.260000000002	0.0
2	input_spectra/3-B2R04.mzML	690	0	117.0729032244	1	27714.3	0.0
2	input_spectra/3-B2R04.mzML	691	0	117.0729032244	1	27725.760000000002	0.0
276	input_spectra/3-B2R04.mzML	692	0	696.435394287109	1	27788.28	0.0
276	input_spectra/3-B2R04.mzML	693	0	696.435394287109	1	27799.8	0.0
281	input_spectra/3-B2R04.mzML	694	0	740.461456298828	1	27811.32	0.0
281	input_spectra/3-B2R04.mzML	695	0	740.461456298828	1	27822.84	0.0
2	input_spectra/3-B2R04.mzML	696	0	117.0729032244	1	27834.42	0.0
2	input_spectra/3-B2R04.mzML	697	0	117.0729032244	1	27845.88	0.0
102	input_spectra/3-B2R04.mzML	698	0	243.133430480957	1	27931.32	0.0
102	input_spectra/3-B2R04.mzML	699	0	243.133430480957	1	27942.780000000002	0.0
281	input_spectra/3-B2R04.mzML	700	0	740.461456298828	1	27954.36	0.0
281	input_spectra/3-B2R04.mzML	701	0	740.461456298828	1	27965.88	0.0
2	input_spectra/3-B2R04.mzML	702	0	117.0729032244	1	27977.4	0.0
2	input_spectra/3-B2R04.mzML	703	0	117.0729032244	1	27988.86	0.0
81	input_spectra/3-B2R04.mzML	704	0	211.143483479818	1	28000.38	0.0
81	input_spectra/3-B2R04.mzML	705	0	211.143483479818	1	28011.84	0.0
181	input_spectra/3-B2R04.mzML	706	0	433.243988037109	1	28023.36	0.0
181	input_spectra/3-B2R04.mzML	707	0	433.243988037109	1	28034.88	0.0
109	input_spectra/3-B2R04.mzML	708	0	261.122843424479	1	28074.239999999998	0.0
109	input_spectra/3-B2R04.mzML	709	0	261.122843424479	1	28085.760000000002	0.0
102	input_spectra/3-B2R04.mzML	710	0	243.133430480957	1	28120.44	0.0
178	input_spectra/3-B2R04.mzML	711	0	430.242970784505	1	28194.42	0.0
179	input_spectra/3-B2R04.mzML	712	0	430.242970784505	1	28205.88	0.0
178	input_spectra/3-B2R04.mzML	713	0	430.242970784505	1	28245.24	0.0
179	input_spectra/3-B2R04.mzML	714	0	430.242970784505	1	28256.760000000002	0.0
81	input_spectra/3-B2R04.mzML	715	0	211.143483479818	1	28296.12	0.0
81	input_spectra/3-B2R04.mzML	716	0	211.143483479818	1	28307.64	0.0
178	input_spectra/3-B2R04.mzML	717	0	430.242970784505	1	28319.16	0.0
179	input_spectra/3-B2R04.mzML	718	0	430.242970784505	1	28330.620000000003	0.0
81	input_spectra/3-B2R04.mzML	719	0	211.143483479818	1	28369.980000000003	0.0
81	input_spectra/3-B2R04.mzML	720	0	211.143483479818	1	28381.5	0.0
103	input_spectra/3-B2R04.mzML	721	0	245.12776184082	1	28805.64	0.0
103	input_spectra/3-B2R04.mzML	722	0	245.12776184082	1	28817.100000000002	0.0
103	input_spectra/3-B2R04.mzML	723	0	245.12776184082	1	28856.52	0.0
103	input_spectra/3-B2R04.mzML	724	0	245.12776184082	1	28867.98	0.0
103	input_spectra/3-B2R04.mzML	725	0	245.12776184082	1	28907.34	0.0
103	input_spectra/3-B2R04.mzML	726	0	245.12776184082	1	28918.86	0.0
151	input_spectra/3-B2R04.mzML	727	0	345.248825073242	1	29186.16	0.0
151	input_spectra/3-B2R04.mzML	728	0	345.248825073242	1	29237.04	0.0
135	input_spectra/3-B2R04.mzML	729	0	311.174865722656	1	29919.18	0.0
135	input_spectra/3-B2R04.mzML	730	0	311.174865722656	1	29930.7	0.0
135	input_spectra/3-B2R04.mzML	731	0	311.174865722656	1	29970.059999999998	0.0
135	input_spectra/3-B2R04.mzML	732	0	311.174865722656	1	29981.579999999998	0.0
135	input_spectra/3-B2R04.mzML	733	0	311.174865722656	1	30020.94	0.0
135	input_spectra/3-B2R04.mzML	734	0	311.174865722656	1	30032.46	0.0
138	input_spectra/3-B2R04.mzML	735	0	328.268239339193	1	30492.66	0.0
139	input_spectra/3-B2R04.mzML	736	0	328.268239339193	1	30504.12	0.0
140	input_spectra/3-B2R04.mzML	737	0	328.268239339193	1	30543.54	0.0
139	input_spectra/3-B2R04.mzML	738	0	328.268239339193	1	30555.059999999998	0.0
141	input_spectra/3-B2R04.mzML	739	0	328.268239339193	1	30618.48	0.0
141	input_spectra/3-B2R04.mzML	740	0	328.268239339193	1	30629.940000000002	0.0
128	input_spectra/3-B2R04.mzML	741	0	295.020385742188	1	30729.420000000002	0.0
128	input_spectra/3-B2R04.mzML	742	0	295.020385742188	1	30740.940000000002	0.0
128	input_spectra/3-B2R04.mzML	743	0	295.020385742188	1	30780.24	0.0
128	input_spectra/3-B2R04.mzML	744	0	295.020385742188	1	30791.760000000002	0.0
128	input_spectra/3-B2R04.mzML	745	0	295.020385742188	1	30831.12	0.0
128	input_spectra/3-B2R04.mzML	746	0	295.020385742188	1	30842.64	0.0
88	input_spectra/3-B2R04.mzML	747	0	226.982828776042	1	30865.620000000003	0.0
88	input_spectra/3-B2R04.mzML	748	0	226.982828776042	1	30916.44	0.0
88	input_spectra/3-B2R04.mzML	749	0	226.982828776042	1	30967.319999999996	0.0
67	input_spectra/3-B2R04.mzML	750	0	186.221539815267	1	31175.16	0.0
67	input_spectra/3-B2R04.mzML	751	0	186.221539815267	1	31288.86	0.0
140	input_spectra/3-B2R04.mzML	752	0	328.268239339193	1	31712.460000000003	0.0
139	input_spectra/3-B2R04.mzML	753	0	328.268239339193	1	31723.979999999996	0.0
142	input_spectra/3-B2R04.mzML	754	0	328.268239339193	1	31763.34	0.0
141	input_spectra/3-B2R04.mzML	755	0	328.268239339193	1	31774.800000000003	0.0
139	input_spectra/3-B2R04.mzML	756	0	328.268239339193	1	31814.219999999998	0.0
143	input_spectra/3-B2R04.mzML	757	0	328.268239339193	1	31825.68	0.0
67	input_spectra/3-B2R04.mzML	758	0	186.221539815267	1	32366.4	0.0
67	input_spectra/3-B2R04.mzML	759	0	186.221539815267	1	32377.859999999997	0.0
67	input_spectra/3-B2R04.mzML	760	0	186.221539815267	1	32417.28	0.0
115	input_spectra/3-B2R04.mzML	761	0	274.274108886719	1	32468.1	0.0
115	input_spectra/3-B2R04.mzML	762	0	274.274108886719	1	32479.62	0.0
67	input_spectra/3-B2R04.mzML	763	0	186.221539815267	1	32491.08	0.0
115	input_spectra/3-B2R04.mzML	764	0	274.274108886719	1	32541.9	0.0
115	input_spectra/3-B2R04.mzML	765	0	274.274108886719	1	32553.420000000002	0.0
115	input_spectra/3-B2R04.mzML	766	0	274.274108886719	1	32592.78	0.0
115	input_spectra/3-B2R04.mzML	767	0	274.274108886719	1	32604.239999999998	0.0
198	input_spectra/3-B2R04.mzML	768	0	466.316289265951	1	32922.96	0.0
199	input_spectra/3-B2R04.mzML	769	0	466.316289265951	1	32934.48	0.0
140	input_spectra/3-B2R04.mzML	770	0	328.268239339193	1	32946.0	0.0
144	input_spectra/3-B2R04.mzML	771	0	328.268239339193	1	32957.46000000001	0.0
198	input_spectra/3-B2R04.mzML	772	0	466.316289265951	1	33019.92	0.0
199	input_spectra/3-B2R04.mzML	773	0	466.316289265951	1	33031.380000000005	0.0
235	input_spectra/3-B2R04.mzML	774	0	534.353373209635	1	33042.9	0.0
235	input_spectra/3-B2R04.mzML	775	0	534.353373209635	1	33054.420000000006	0.0
140	input_spectra/3-B2R04.mzML	776	0	328.268239339193	1	33088.92	0.0
145	input_spectra/3-B2R04.mzML	777	0	328.268239339193	1	33100.44	0.0
235	input_spectra/3-B2R04.mzML	778	0	534.353373209635	1	33185.88	0.0
292	input_spectra/3-B2R04.mzML	779	0	931.623657226563	1	33208.979999999996	0.0
143	input_spectra/3-B2R04.mzML	780	0	328.268239339193	1	33255.06	0.0
141	input_spectra/3-B2R04.mzML	781	0	328.268239339193	1	33266.58	0.0
235	input_spectra/3-B2R04.mzML	782	0	534.353373209635	1	33305.94	0.0
235	input_spectra/3-B2R04.mzML	783	0	534.353373209635	1	33317.46000000001	0.0
292	input_spectra/3-B2R04.mzML	784	0	931.623657226563	1	33375.06	0.0
140	input_spectra/3-B2R04.mzML	785	0	328.268239339193	1	34115.94	0.0
140	input_spectra/3-B2R04.mzML	786	0	328.268239339193	1	34189.8	0.0
144	input_spectra/3-B2R04.mzML	787	0	328.268239339193	1	34201.32	0.0
141	input_spectra/3-B2R04.mzML	788	0	328.268239339193	1	34240.68	0.0
144	input_spectra/3-B2R04.mzML	789	0	328.268239339193	1	34252.14	0.0
94	input_spectra/3-B2R04.mzML	790	0	230.247812906901	1	34423.8	0.0
94	input_spectra/3-B2R04.mzML	791	0	230.247812906901	1	34435.32	0.0
94	input_spectra/3-B2R04.mzML	792	0	230.247812906901	1	34474.68	0.0
94	input_spectra/3-B2R04.mzML	793	0	230.247812906901	1	34486.14	0.0
94	input_spectra/3-B2R04.mzML	794	0	230.247812906901	1	34525.5	0.0
94	input_spectra/3-B2R04.mzML	795	0	230.247812906901	1	34537.02	0.0
131	input_spectra/3-B2R04.mzML	796	0	304.212707519531	1	34624.439999999995	0.0
131	input_spectra/3-B2R04.mzML	797	0	304.212707519531	1	34635.96	0.0
131	input_spectra/3-B2R04.mzML	798	0	304.212707519531	1	34675.32	0.0
131	input_spectra/3-B2R04.mzML	799	0	304.212707519531	1	34726.2	0.0
131	input_spectra/3-B2R04.mzML	800	0	304.212707519531	1	34737.66	0.0
142	input_spectra/3-B2R04.mzML	801	0	328.268239339193	1	35282.1	0.0
144	input_spectra/3-B2R04.mzML	802	0	328.268239339193	1	35293.56	0.0
140	input_spectra/3-B2R04.mzML	803	0	328.268239339193	1	35332.92	0.0
145	input_spectra/3-B2R04.mzML	804	0	328.268239339193	1	35344.439999999995	0.0
140	input_spectra/3-B2R04.mzML	805	0	328.268239339193	1	35383.8	0.0
144	input_spectra/3-B2R04.mzML	806	0	328.268239339193	1	35395.26	0.0
233	input_spectra/3-B2R04.mzML	807	0	533.325398763021	1	35843.46	0.0
158	input_spectra/3-B2R04.mzML	808	0	358.240778605143	1	35866.5	0.0
158	input_spectra/3-B2R04.mzML	809	0	358.240778605143	1	35878.02	0.0
210	input_spectra/3-B2R04.mzML	810	0	498.288350423177	1	35901.0	0.0
188	input_spectra/3-B2R04.mzML	811	0	444.288734436035	1	35912.520000000004	0.0
188	input_spectra/3-B2R04.mzML	812	0	444.288734436035	1	35924.04	0.0
233	input_spectra/3-B2R04.mzML	813	0	533.325398763021	1	35963.4	0.0
211	input_spectra/3-B2R04.mzML	814	0	498.288350423177	1	35986.44	0.0
210	input_spectra/3-B2R04.mzML	815	0	498.288350423177	1	35997.96	0.0
217	input_spectra/3-B2R04.mzML	816	0	516.298258463542	1	36043.979999999996	0.0
158	input_spectra/3-B2R04.mzML	817	0	358.240778605143	1	36055.5	0.0
158	input_spectra/3-B2R04.mzML	818	0	358.240778605143	1	36066.96	0.0
211	input_spectra/3-B2R04.mzML	819	0	498.288350423177	1	36106.380000000005	0.0
210	input_spectra/3-B2R04.mzML	820	0	498.288350423177	1	36117.9	0.0
233	input_spectra/3-B2R04.mzML	821	0	533.325398763021	1	36129.420000000006	0.0
234	input_spectra/3-B2R04.mzML	822	0	533.325398763021	1	36140.88	0.0
217	input_spectra/3-B2R04.mzML	823	0	516.298258463542	1	36186.96	0.0
158	input_spectra/3-B2R04.mzML	824	0	358.240778605143	1	36198.479999999996	0.0
158	input_spectra/3-B2R04.mzML	825	0	358.240778605143	1	36209.94	0.0
188	input_spectra/3-B2R04.mzML	826	0	444.288734436035	1	36295.38	0.0
188	input_spectra/3-B2R04.mzML	827	0	444.288734436035	1	36306.9	0.0
245	input_spectra/3-B2R04.mzML	828	0	570.217102050781	1	36341.46	0.0
188	input_spectra/3-B2R04.mzML	829	0	444.288734436035	1	36392.34	0.0
188	input_spectra/3-B2R04.mzML	830	0	444.288734436035	1	36403.86	0.0
245	input_spectra/3-B2R04.mzML	831	0	570.217102050781	1	36415.38	0.0
140	input_spectra/3-B2R04.mzML	832	0	328.268239339193	1	36466.259999999995	0.0
144	input_spectra/3-B2R04.mzML	833	0	328.268239339193	1	36477.72	0.0
142	input_spectra/3-B2R04.mzML	834	0	328.268239339193	1	36517.14	0.0
144	input_spectra/3-B2R04.mzML	835	0	328.268239339193	1	36528.6	0.0
142	input_spectra/3-B2R04.mzML	836	0	328.268239339193	1	36567.96	0.0
145	input_spectra/3-B2R04.mzML	837	0	328.268239339193	1	36579.48	0.0
155	input_spectra/3-B2R04.mzML	838	0	355.263041178385	1	36956.22	0.0
156	input_spectra/3-B2R04.mzML	839	0	355.263041178385	1	36967.68	0.0
201	input_spectra/3-B2R04.mzML	840	0	477.331583658854	1	36979.200000000004	0.0
201	input_spectra/3-B2R04.mzML	841	0	477.331583658854	1	36990.719999999994	0.0
161	input_spectra/3-B2R04.mzML	842	0	373.273722330729	1	37041.6	0.0
173	input_spectra/3-B2R04.mzML	843	0	426.320871988932	1	37053.12	0.0
201	input_spectra/3-B2R04.mzML	844	0	477.331583658854	1	37087.619999999995	0.0
288	input_spectra/3-B2R04.mzML	845	0	817.581176757813	1	37099.200000000004	0.0
288	input_spectra/3-B2R04.mzML	846	0	817.581176757813	1	37110.78	0.0
155	input_spectra/3-B2R04.mzML	847	0	355.263041178385	1	37122.3	0.0
156	input_spectra/3-B2R04.mzML	848	0	355.263041178385	1	37133.759999999995	0.0
173	input_spectra/3-B2R04.mzML	849	0	426.320871988932	1	37173.18	0.0
201	input_spectra/3-B2R04.mzML	850	0	477.331583658854	1	37196.16	0.0
201	input_spectra/3-B2R04.mzML	851	0	477.331583658854	1	37207.68	0.0
156	input_spectra/3-B2R04.mzML	852	0	355.263041178385	1	37219.200000000004	0.0
288	input_spectra/3-B2R04.mzML	853	0	817.581176757813	1	37242.24	0.0
288	input_spectra/3-B2R04.mzML	854	0	817.581176757813	1	37253.82	0.0
158	input_spectra/3-B2R04.mzML	855	0	358.240778605143	1	37265.340000000004	0.0
158	input_spectra/3-B2R04.mzML	856	0	358.240778605143	1	37276.799999999996	0.0
158	input_spectra/3-B2R04.mzML	857	0	358.240778605143	1	37316.22	0.0
158	input_spectra/3-B2R04.mzML	858	0	358.240778605143	1	37327.68	0.0
188	input_spectra/3-B2R04.mzML	859	0	444.288734436035	1	37367.1	0.0
188	input_spectra/3-B2R04.mzML	860	0	444.288734436035	1	37378.619999999995	0.0
158	input_spectra/3-B2R04.mzML	861	0	358.240778605143	1	37390.08	0.0
158	input_spectra/3-B2R04.mzML	862	0	358.240778605143	1	37401.6	0.0
142	input_spectra/3-B2R04.mzML	863	0	328.268239339193	1	37621.259999999995	0.0
144	input_spectra/3-B2R04.mzML	864	0	328.268239339193	1	37632.78	0.0
142	input_spectra/3-B2R04.mzML	865	0	328.268239339193	1	37672.14	0.0
144	input_spectra/3-B2R04.mzML	866	0	328.268239339193	1	37683.6	0.0
140	input_spectra/3-B2R04.mzML	867	0	328.268239339193	1	37746.0	0.0
144	input_spectra/3-B2R04.mzML	868	0	328.268239339193	1	37757.520000000004	0.0
106	input_spectra/3-B2R04.mzML	869	0	258.279154459635	1	38111.28	0.0
106	input_spectra/3-B2R04.mzML	870	0	258.279154459635	1	38122.74	0.0
106	input_spectra/3-B2R04.mzML	871	0	258.279154459635	1	38162.1	0.0
106	input_spectra/3-B2R04.mzML	872	0	258.279154459635	1	38173.56	0.0
106	input_spectra/3-B2R04.mzML	873	0	258.279154459635	1	38212.92	0.0
106	input_spectra/3-B2R04.mzML	874	0	258.279154459635	1	38224.439999999995	0.0
194	input_spectra/3-B2R04.mzML	875	0	450.321360270182	1	38298.36	0.0
194	input_spectra/3-B2R04.mzML	876	0	450.321360270182	1	38349.24	0.0
218	input_spectra/3-B2R04.mzML	877	0	518.358276367188	1	38360.76	0.0
218	input_spectra/3-B2R04.mzML	878	0	518.358276367188	1	38372.28	0.0
218	input_spectra/3-B2R04.mzML	879	0	518.358276367188	1	38434.68	0.0
218	input_spectra/3-B2R04.mzML	880	0	518.358276367188	1	38446.2	0.0
218	input_spectra/3-B2R04.mzML	881	0	518.358276367188	1	38508.6	0.0
218	input_spectra/3-B2R04.mzML	882	0	518.358276367188	1	38520.119999999995	0.0
140	input_spectra/3-B2R04.mzML	883	0	328.268239339193	1	38762.82	0.0
145	input_spectra/3-B2R04.mzML	884	0	328.268239339193	1	38774.280000000006	0.0
140	input_spectra/3-B2R04.mzML	885	0	328.268239339193	1	38813.64	0.0
144	input_spectra/3-B2R04.mzML	886	0	328.268239339193	1	38825.16	0.0
133	input_spectra/3-B2R04.mzML	887	0	304.299926757813	1	38836.62	0.0
133	input_spectra/3-B2R04.mzML	888	0	304.299926757813	1	38848.14	0.0
142	input_spectra/3-B2R04.mzML	889	0	328.268239339193	1	38887.5	0.0
144	input_spectra/3-B2R04.mzML	890	0	328.268239339193	1	38898.96	0.0
133	input_spectra/3-B2R04.mzML	891	0	304.299926757813	1	38910.48	0.0
133	input_spectra/3-B2R04.mzML	892	0	304.299926757813	1	38921.939999999995	0.0
241	input_spectra/3-B2R04.mzML	893	0	558.383697509766	1	38933.520000000004	0.0
241	input_spectra/3-B2R04.mzML	894	0	558.383697509766	1	38945.03999999999	0.0
133	input_spectra/3-B2R04.mzML	895	0	304.299926757813	1	38984.4	0.0
133	input_spectra/3-B2R04.mzML	896	0	304.299926757813	1	38995.86	0.0
241	input_spectra/3-B2R04.mzML	897	0	558.383697509766	1	39007.44	0.0
241	input_spectra/3-B2R04.mzML	898	0	558.383697509766	1	39018.96	0.0
216	input_spectra/3-B2R04.mzML	899	0	514.358520507813	1	39058.32	0.0
216	input_spectra/3-B2R04.mzML	900	0	514.358520507813	1	39069.84	0.0
216	input_spectra/3-B2R04.mzML	901	0	514.358520507813	1	39109.200000000004	0.0
216	input_spectra/3-B2R04.mzML	902	0	514.358520507813	1	39120.719999999994	0.0
216	input_spectra/3-B2R04.mzML	903	0	514.358520507813	1	39160.08	0.0
216	input_spectra/3-B2R04.mzML	904	0	514.358520507813	1	39171.6	0.0
142	input_spectra/3-B2R04.mzML	905	0	328.268239339193	1	39932.46000000001	0.0
145	input_spectra/3-B2R04.mzML	906	0	328.268239339193	1	39943.92	0.0
140	input_spectra/3-B2R04.mzML	907	0	328.268239339193	1	39983.28	0.0
144	input_spectra/3-B2R04.mzML	908	0	328.268239339193	1	39994.74	0.0
142	input_spectra/3-B2R04.mzML	909	0	328.268239339193	1	40034.1	0.0
145	input_spectra/3-B2R04.mzML	910	0	328.268239339193	1	40045.62	0.0
121	input_spectra/3-B2R04.mzML	911	0	286.219669507897	1	40133.04	0.0
122	input_spectra/3-B2R04.mzML	912	0	286.219669507897	1	40144.56	0.0
122	input_spectra/3-B2R04.mzML	913	0	286.219669507897	1	40219.439999999995	0.0
122	input_spectra/3-B2R04.mzML	914	0	286.219669507897	1	40294.38	0.0
140	input_spectra/3-B2R04.mzML	915	0	328.268239339193	1	41103.299999999996	0.0
144	input_spectra/3-B2R04.mzML	916	0	328.268239339193	1	41114.82	0.0
142	input_spectra/3-B2R04.mzML	917	0	328.268239339193	1	41154.18	0.0
144	input_spectra/3-B2R04.mzML	918	0	328.268239339193	1	41165.64	0.0
142	input_spectra/3-B2R04.mzML	919	0	328.268239339193	1	41205.0	0.0
144	input_spectra/3-B2R04.mzML	920	0	328.268239339193	1	41216.520000000004	0.0
123	input_spectra/3-B2R04.mzML	921	0	286.219669507897	1	41364.12	0.0
122	input_spectra/3-B2R04.mzML	922	0	286.219669507897	1	41375.579999999994	0.0
121	input_spectra/3-B2R04.mzML	923	0	286.219669507897	1	41414.94	0.0
124	input_spectra/3-B2R04.mzML	924	0	286.219669507897	1	41426.4	0.0
121	input_spectra/3-B2R04.mzML	925	0	286.219669507897	1	41465.82	0.0
122	input_spectra/3-B2R04.mzML	926	0	286.219669507897	1	41477.28	0.0
142	input_spectra/3-B2R04.mzML	927	0	328.268239339193	1	42262.2	0.0
144	input_spectra/3-B2R04.mzML	928	0	328.268239339193	1	42273.66	0.0
142	input_spectra/3-B2R04.mzML	929	0	328.268239339193	1	42313.02	0.0
144	input_spectra/3-B2R04.mzML	930	0	328.268239339193	1	42324.48	0.0
142	input_spectra/3-B2R04.mzML	931	0	328.268239339193	1	42363.9	0.0
144	input_spectra/3-B2R04.mzML	932	0	328.268239339193	1	42375.36	0.0
125	input_spectra/3-B2R04.mzML	933	0	286.219669507897	1	42510.96	0.0
124	input_spectra/3-B2R04.mzML	934	0	286.219669507897	1	42522.42	0.0
125	input_spectra/3-B2R04.mzML	935	0	286.219669507897	1	42561.780000000006	0.0
122	input_spectra/3-B2R04.mzML	936	0	286.219669507897	1	42573.299999999996	0.0
122	input_spectra/3-B2R04.mzML	937	0	286.219669507897	1	42612.66	0.0
122	input_spectra/3-B2R04.mzML	938	0	286.219669507897	1	42624.12	0.0
148	input_spectra/3-B2R04.mzML	939	0	332.330993652344	1	42940.08	0.0
148	input_spectra/3-B2R04.mzML	940	0	332.330993652344	1	42951.54	0.0
148	input_spectra/3-B2R04.mzML	941	0	332.330993652344	1	42990.96	0.0
148	input_spectra/3-B2R04.mzML	942	0	332.330993652344	1	43002.42	0.0
148	input_spectra/3-B2R04.mzML	943	0	332.330993652344	1	43041.840000000004	0.0
148	input_spectra/3-B2R04.mzML	944	0	332.330993652344	1	43053.299999999996	0.0
142	input_spectra/3-B2R04.mzML	945	0	328.268239339193	1	43405.32	0.0
144	input_spectra/3-B2R04.mzML	946	0	328.268239339193	1	43416.780000000006	0.0
142	input_spectra/3-B2R04.mzML	947	0	328.268239339193	1	43456.14	0.0
144	input_spectra/3-B2R04.mzML	948	0	328.268239339193	1	43467.66	0.0
144	input_spectra/3-B2R04.mzML	949	0	328.268239339193	1	43507.02	0.0
144	input_spectra/3-B2R04.mzML	950	0	328.268239339193	1	43518.479999999996	0.0
203	input_spectra/3-B2R04.mzML	951	0	483.248362223307	1	43617.96	0.0
203	input_spectra/3-B2R04.mzML	952	0	483.248362223307	1	43629.48	0.0
203	input_spectra/3-B2R04.mzML	953	0	483.248362223307	1	43668.84	0.0
203	input_spectra/3-B2R04.mzML	954	0	483.248362223307	1	43680.36	0.0
203	input_spectra/3-B2R04.mzML	955	0	483.248362223307	1	43719.72	0.0
203	input_spectra/3-B2R04.mzML	956	0	483.248362223307	1	43731.240000000005	0.0
121	input_spectra/3-B2R04.mzML	957	0	286.219669507897	1	43742.76	0.0
185	input_spectra/3-B2R04.mzML	958	0	440.409800211589	1	43793.64	0.0
186	input_spectra/3-B2R04.mzML	959	0	440.409800211589	1	43805.100000000006	0.0
121	input_spectra/3-B2R04.mzML	960	0	286.219669507897	1	43816.62	0.0
124	input_spectra/3-B2R04.mzML	961	0	286.219669507897	1	43828.14	0.0
185	input_spectra/3-B2R04.mzML	962	0	440.409800211589	1	43867.44	0.0
186	input_spectra/3-B2R04.mzML	963	0	440.409800211589	1	43878.96	0.0
124	input_spectra/3-B2R04.mzML	964	0	286.219669507897	1	43901.939999999995	0.0
185	input_spectra/3-B2R04.mzML	965	0	440.409800211589	1	43964.4	0.0
186	input_spectra/3-B2R04.mzML	966	0	440.409800211589	1	43975.92	0.0
213	input_spectra/3-B2R04.mzML	967	0	500.303456624349	1	43987.44	0.0
214	input_spectra/3-B2R04.mzML	968	0	500.303456624349	1	43998.9	0.0
213	input_spectra/3-B2R04.mzML	969	0	500.303456624349	1	44038.32	0.0
214	input_spectra/3-B2R04.mzML	970	0	500.303456624349	1	44049.78	0.0
189	input_spectra/3-B2R04.mzML	971	0	444.296669006348	1	44089.200000000004	0.0
189	input_spectra/3-B2R04.mzML	972	0	444.296669006348	1	44100.659999999996	0.0
189	input_spectra/3-B2R04.mzML	973	0	444.296669006348	1	44140.08	0.0
189	input_spectra/3-B2R04.mzML	974	0	444.296669006348	1	44151.54	0.0
189	input_spectra/3-B2R04.mzML	975	0	444.296669006348	1	44251.08	0.0
189	input_spectra/3-B2R04.mzML	976	0	444.296669006348	1	44262.53999999999	0.0
189	input_spectra/3-B2R04.mzML	977	0	444.296669006348	1	44338.02	0.0
189	input_spectra/3-B2R04.mzML	978	0	444.296669006348	1	44349.54	0.0
142	input_spectra/3-B2R04.mzML	979	0	328.268239339193	1	44545.2	0.0
144	input_spectra/3-B2R04.mzML	980	0	328.268239339193	1	44556.72	0.0
142	input_spectra/3-B2R04.mzML	981	0	328.268239339193	1	44596.08	0.0
144	input_spectra/3-B2R04.mzML	982	0	328.268239339193	1	44607.53999999999	0.0
142	input_spectra/3-B2R04.mzML	983	0	328.268239339193	1	44646.9	0.0
144	input_spectra/3-B2R04.mzML	984	0	328.268239339193	1	44658.42	0.0
124	input_spectra/3-B2R04.mzML	985	0	286.219669507897	1	44902.2	0.0
122	input_spectra/3-B2R04.mzML	986	0	286.219669507897	1	44913.72	0.0
122	input_spectra/3-B2R04.mzML	987	0	286.219669507897	1	44953.079999999994	0.0
122	input_spectra/3-B2R04.mzML	988	0	286.219669507897	1	44964.54	0.0
121	input_spectra/3-B2R04.mzML	989	0	286.219669507897	1	45003.96	0.0
124	input_spectra/3-B2R04.mzML	990	0	286.219669507897	1	45015.42	0.0
152	input_spectra/3-B2R04.mzML	991	0	346.276875215418	1	45403.5	0.0
153	input_spectra/3-B2R04.mzML	992	0	346.276875215418	1	45415.020000000004	0.0
152	input_spectra/3-B2R04.mzML	993	0	346.276875215418	1	45550.560000000005	0.0
153	input_spectra/3-B2R04.mzML	994	0	346.276875215418	1	45562.08	0.0
152	input_spectra/3-B2R04.mzML	995	0	346.276875215418	1	45673.619999999995	0.0
152	input_spectra/3-B2R04.mzML	996	0	346.276875215418	1	45685.14	0.0
142	input_spectra/3-B2R04.mzML	997	0	328.268239339193	1	45724.5	0.0
144	input_spectra/3-B2R04.mzML	998	0	328.268239339193	1	45735.96	0.0
142	input_spectra/3-B2R04.mzML	999	0	328.268239339193	1	45775.38	0.0
144	input_spectra/3-B2R04.mzML	1000	0	328.268239339193	1	45786.9	0.0
142	input_spectra/3-B2R04.mzML	1001	0	328.268239339193	1	45826.259999999995	0.0
144	input_spectra/3-B2R04.mzML	1002	0	328.268239339193	1	45837.72	0.0
122	input_spectra/3-B2R04.mzML	1003	0	286.219669507897	1	46045.5	0.0
124	input_spectra/3-B2R04.mzML	1004	0	286.219669507897	1	46056.96	0.0
121	input_spectra/3-B2R04.mzML	1005	0	286.219669507897	1	46096.32	0.0
124	input_spectra/3-B2R04.mzML	1006	0	286.219669507897	1	46107.840000000004	0.0
122	input_spectra/3-B2R04.mzML	1007	0	286.219669507897	1	46147.2	0.0
124	input_spectra/3-B2R04.mzML	1008	0	286.219669507897	1	46158.66	0.0
279	input_spectra/3-B2R04.mzML	1009	0	704.514322916667	1	46594.86	0.0
279	input_spectra/3-B2R04.mzML	1010	0	704.514322916667	1	46606.380000000005	0.0
279	input_spectra/3-B2R04.mzML	1011	0	704.514322916667	1	46645.74	0.0
279	input_spectra/3-B2R04.mzML	1012	0	704.514322916667	1	46657.26	0.0
279	input_spectra/3-B2R04.mzML	1013	0	704.514322916667	1	46696.62	0.0
279	input_spectra/3-B2R04.mzML	1014	0	704.514322916667	1	46708.14	0.0
271	input_spectra/3-B2R04.mzML	1015	0	660.487935384115	1	46795.62	0.0
271	input_spectra/3-B2R04.mzML	1016	0	660.487935384115	1	46807.14	0.0
271	input_spectra/3-B2R04.mzML	1017	0	660.487935384115	1	46846.56	0.0
271	input_spectra/3-B2R04.mzML	1018	0	660.487935384115	1	46858.079999999994	0.0
152	input_spectra/3-B2R04.mzML	1019	0	346.276875215418	1	46869.6	0.0
153	input_spectra/3-B2R04.mzML	1020	0	346.276875215418	1	46881.119999999995	0.0
142	input_spectra/3-B2R04.mzML	1021	0	328.268239339193	1	46920.42	0.0
144	input_spectra/3-B2R04.mzML	1022	0	328.268239339193	1	46931.939999999995	0.0
271	input_spectra/3-B2R04.mzML	1023	0	660.487935384115	1	46943.520000000004	0.0
271	input_spectra/3-B2R04.mzML	1024	0	660.487935384115	1	46955.03999999999	0.0
274	input_spectra/3-B2R04.mzML	1025	0	671.300964355469	1	46966.56	0.0
274	input_spectra/3-B2R04.mzML	1026	0	671.300964355469	1	46978.079999999994	0.0
142	input_spectra/3-B2R04.mzML	1027	0	328.268239339193	1	47017.44	0.0
144	input_spectra/3-B2R04.mzML	1028	0	328.268239339193	1	47028.96	0.0
274	input_spectra/3-B2R04.mzML	1029	0	671.300964355469	1	47040.48	0.0
274	input_spectra/3-B2R04.mzML	1030	0	671.300964355469	1	47052.06	0.0
152	input_spectra/3-B2R04.mzML	1031	0	346.276875215418	1	47063.58	0.0
153	input_spectra/3-B2R04.mzML	1032	0	346.276875215418	1	47075.03999999999	0.0
142	input_spectra/3-B2R04.mzML	1033	0	328.268239339193	1	47114.4	0.0
144	input_spectra/3-B2R04.mzML	1034	0	328.268239339193	1	47125.92	0.0
264	input_spectra/3-B2R04.mzML	1035	0	616.462666829427	1	47137.44	0.0
264	input_spectra/3-B2R04.mzML	1036	0	616.462666829427	1	47148.96	0.0
152	input_spectra/3-B2R04.mzML	1037	0	346.276875215418	1	47160.48	0.0
153	input_spectra/3-B2R04.mzML	1038	0	346.276875215418	1	47172.0	0.0
264	input_spectra/3-B2R04.mzML	1039	0	616.462666829427	1	47211.36	0.0
264	input_spectra/3-B2R04.mzML	1040	0	616.462666829427	1	47222.88	0.0
122	input_spectra/3-B2R04.mzML	1041	0	286.219669507897	1	47234.4	0.0
124	input_spectra/3-B2R04.mzML	1042	0	286.219669507897	1	47245.92	0.0
264	input_spectra/3-B2R04.mzML	1043	0	616.462666829427	1	47285.28	0.0
264	input_spectra/3-B2R04.mzML	1044	0	616.462666829427	1	47296.799999999996	0.0
121	input_spectra/3-B2R04.mzML	1045	0	286.219669507897	1	47308.32	0.0
124	input_spectra/3-B2R04.mzML	1046	0	286.219669507897	1	47319.84	0.0
121	input_spectra/3-B2R04.mzML	1047	0	286.219669507897	1	47359.200000000004	0.0
121	input_spectra/3-B2R04.mzML	1048	0	286.219669507897	1	47370.659999999996	0.0
160	input_spectra/3-B2R04.mzML	1049	0	360.362416585286	1	47382.18	0.0
160	input_spectra/3-B2R04.mzML	1050	0	360.362416585286	1	47393.7	0.0
248	input_spectra/3-B2R04.mzML	1051	0	572.436726888021	1	47433.060000000005	0.0
248	input_spectra/3-B2R04.mzML	1052	0	572.436726888021	1	47444.58	0.0
160	input_spectra/3-B2R04.mzML	1053	0	360.362416585286	1	47456.1	0.0
160	input_spectra/3-B2R04.mzML	1054	0	360.362416585286	1	47467.56	0.0
248	input_spectra/3-B2R04.mzML	1055	0	572.436726888021	1	47506.98	0.0
248	input_spectra/3-B2R04.mzML	1056	0	572.436726888021	1	47518.5	0.0
160	input_spectra/3-B2R04.mzML	1057	0	360.362416585286	1	47530.020000000004	0.0
160	input_spectra/3-B2R04.mzML	1058	0	360.362416585286	1	47541.479999999996	0.0
248	input_spectra/3-B2R04.mzML	1059	0	572.436726888021	1	47580.9	0.0
248	input_spectra/3-B2R04.mzML	1060	0	572.436726888021	1	47592.36	0.0
230	input_spectra/3-B2R04.mzML	1061	0	528.410135904948	1	47703.9	0.0
230	input_spectra/3-B2R04.mzML	1062	0	528.410135904948	1	47715.42	0.0
230	input_spectra/3-B2R04.mzML	1063	0	528.410135904948	1	47754.78	0.0
230	input_spectra/3-B2R04.mzML	1064	0	528.410135904948	1	47766.3	0.0
221	input_spectra/3-B2R04.mzML	1065	0	522.354919433594	1	47777.76	0.0
222	input_spectra/3-B2R04.mzML	1066	0	522.354919433594	1	47789.280000000006	0.0
230	input_spectra/3-B2R04.mzML	1067	0	528.410135904948	1	47828.64	0.0
230	input_spectra/3-B2R04.mzML	1068	0	528.410135904948	1	47840.16	0.0
221	input_spectra/3-B2R04.mzML	1069	0	522.354919433594	1	47851.68	0.0
222	input_spectra/3-B2R04.mzML	1070	0	522.354919433594	1	47863.200000000004	0.0
221	input_spectra/3-B2R04.mzML	1071	0	522.354919433594	1	47902.56	0.0
222	input_spectra/3-B2R04.mzML	1072	0	522.354919433594	1	47914.08	0.0
205	input_spectra/3-B2R04.mzML	1073	0	484.383941650391	1	48078.299999999996	0.0
205	input_spectra/3-B2R04.mzML	1074	0	484.383941650391	1	48089.82	0.0
142	input_spectra/3-B2R04.mzML	1075	0	328.268239339193	1	48129.18	0.0
144	input_spectra/3-B2R04.mzML	1076	0	328.268239339193	1	48140.64	0.0
205	input_spectra/3-B2R04.mzML	1077	0	484.383941650391	1	48152.159999999996	0.0
205	input_spectra/3-B2R04.mzML	1078	0	484.383941650391	1	48163.68	0.0
142	input_spectra/3-B2R04.mzML	1079	0	328.268239339193	1	48203.04	0.0
144	input_spectra/3-B2R04.mzML	1080	0	328.268239339193	1	48214.5	0.0
205	input_spectra/3-B2R04.mzML	1081	0	484.383941650391	1	48226.020000000004	0.0
205	input_spectra/3-B2R04.mzML	1082	0	484.383941650391	1	48237.53999999999	0.0
142	input_spectra/3-B2R04.mzML	1083	0	328.268239339193	1	48299.94	0.0
144	input_spectra/3-B2R04.mzML	1084	0	328.268239339193	1	48311.46	0.0
236	input_spectra/3-B2R04.mzML	1085	0	535.394571940104	1	48345.96	0.0
236	input_spectra/3-B2R04.mzML	1086	0	535.394571940104	1	48357.479999999996	0.0
122	input_spectra/3-B2R04.mzML	1087	0	286.219669507897	1	48419.880000000005	0.0
122	input_spectra/3-B2R04.mzML	1088	0	286.219669507897	1	48431.4	0.0
236	input_spectra/3-B2R04.mzML	1089	0	535.394571940104	1	48442.92	0.0
236	input_spectra/3-B2R04.mzML	1090	0	535.394571940104	1	48454.439999999995	0.0
152	input_spectra/3-B2R04.mzML	1091	0	346.276875215418	1	48465.96	0.0
153	input_spectra/3-B2R04.mzML	1092	0	346.276875215418	1	48477.42	0.0
184	input_spectra/3-B2R04.mzML	1093	0	440.35942586263	1	48539.82	0.0
184	input_spectra/3-B2R04.mzML	1094	0	440.35942586263	1	48551.34	0.0
124	input_spectra/3-B2R04.mzML	1095	0	286.219669507897	1	48562.86	0.0
124	input_spectra/3-B2R04.mzML	1096	0	286.219669507897	1	48574.32	0.0
236	input_spectra/3-B2R04.mzML	1097	0	535.394571940104	1	48585.9	0.0
236	input_spectra/3-B2R04.mzML	1098	0	535.394571940104	1	48597.42	0.0
184	input_spectra/3-B2R04.mzML	1099	0	440.35942586263	1	48636.780000000006	0.0
184	input_spectra/3-B2R04.mzML	1100	0	440.35942586263	1	48648.299999999996	0.0
122	input_spectra/3-B2R04.mzML	1101	0	286.219669507897	1	48682.8	0.0
124	input_spectra/3-B2R04.mzML	1102	0	286.219669507897	1	48694.32	0.0
207	input_spectra/3-B2R04.mzML	1103	0	491.368509928385	1	48705.840000000004	0.0
207	input_spectra/3-B2R04.mzML	1104	0	491.368509928385	1	48717.36	0.0
172	input_spectra/3-B2R04.mzML	1105	0	423.331380208333	1	48728.82	0.0
172	input_spectra/3-B2R04.mzML	1106	0	423.331380208333	1	48740.340000000004	0.0
184	input_spectra/3-B2R04.mzML	1107	0	440.35942586263	1	48779.76	0.0
184	input_spectra/3-B2R04.mzML	1108	0	440.35942586263	1	48791.22	0.0
207	input_spectra/3-B2R04.mzML	1109	0	491.368509928385	1	48825.78	0.0
172	input_spectra/3-B2R04.mzML	1110	0	423.331380208333	1	48848.82	0.0
172	input_spectra/3-B2R04.mzML	1111	0	423.331380208333	1	48860.28	0.0
152	input_spectra/3-B2R04.mzML	1112	0	346.276875215418	1	48871.799999999996	0.0
153	input_spectra/3-B2R04.mzML	1113	0	346.276875215418	1	48883.26	0.0
190	input_spectra/3-B2R04.mzML	1114	0	445.313547770182	1	48922.68	0.0
190	input_spectra/3-B2R04.mzML	1115	0	445.313547770182	1	48934.14	0.0
207	input_spectra/3-B2R04.mzML	1116	0	491.368509928385	1	48945.659999999996	0.0
172	input_spectra/3-B2R04.mzML	1117	0	423.331380208333	1	48968.7	0.0
172	input_spectra/3-B2R04.mzML	1118	0	423.331380208333	1	48980.22	0.0
152	input_spectra/3-B2R04.mzML	1119	0	346.276875215418	1	48991.68	0.0
152	input_spectra/3-B2R04.mzML	1120	0	346.276875215418	1	49003.200000000004	0.0
167	input_spectra/3-B2R04.mzML	1121	0	396.333536783854	1	49042.56	0.0
167	input_spectra/3-B2R04.mzML	1122	0	396.333536783854	1	49054.08	0.0
162	input_spectra/3-B2R04.mzML	1123	0	379.305145263672	1	49111.62	0.0
162	input_spectra/3-B2R04.mzML	1124	0	379.305145263672	1	49123.079999999994	0.0
167	input_spectra/3-B2R04.mzML	1125	0	396.333536783854	1	49162.5	0.0
167	input_spectra/3-B2R04.mzML	1126	0	396.333536783854	1	49173.96	0.0
168	input_spectra/3-B2R04.mzML	1127	0	401.288431803385	1	49185.48	0.0
162	input_spectra/3-B2R04.mzML	1128	0	379.305145263672	1	49231.5	0.0
162	input_spectra/3-B2R04.mzML	1129	0	379.305145263672	1	49243.02	0.0
167	input_spectra/3-B2R04.mzML	1130	0	396.333536783854	1	49282.380000000005	0.0
167	input_spectra/3-B2R04.mzML	1131	0	396.333536783854	1	49293.9	0.0
162	input_spectra/3-B2R04.mzML	1132	0	379.305145263672	1	49351.44	0.0
162	input_spectra/3-B2R04.mzML	1133	0	379.305145263672	1	49362.9	0.0
142	input_spectra/3-B2R04.mzML	1134	0	328.268239339193	1	49402.32	0.0
144	input_spectra/3-B2R04.mzML	1135	0	328.268239339193	1	49413.78	0.0
142	input_spectra/3-B2R04.mzML	1136	0	328.268239339193	1	49453.14	0.0
144	input_spectra/3-B2R04.mzML	1137	0	328.268239339193	1	49464.659999999996	0.0
142	input_spectra/3-B2R04.mzML	1138	0	328.268239339193	1	49504.020000000004	0.0
144	input_spectra/3-B2R04.mzML	1139	0	328.268239339193	1	49515.54	0.0
154	input_spectra/3-B2R04.mzML	1140	0	352.306264241536	1	49550.03999999999	0.0
154	input_spectra/3-B2R04.mzML	1141	0	352.306264241536	1	49561.5	0.0
149	input_spectra/3-B2R04.mzML	1142	0	335.27939860026	1	49596.0	0.0
149	input_spectra/3-B2R04.mzML	1143	0	335.27939860026	1	49607.520000000004	0.0
154	input_spectra/3-B2R04.mzML	1144	0	352.306264241536	1	49692.9	0.0
154	input_spectra/3-B2R04.mzML	1145	0	352.306264241536	1	49704.36	0.0
149	input_spectra/3-B2R04.mzML	1146	0	335.27939860026	1	49715.88	0.0
149	input_spectra/3-B2R04.mzML	1147	0	335.27939860026	1	49727.399999999994	0.0
121	input_spectra/3-B2R04.mzML	1148	0	286.219669507897	1	49738.86	0.0
122	input_spectra/3-B2R04.mzML	1149	0	286.219669507897	1	49750.38	0.0
154	input_spectra/3-B2R04.mzML	1150	0	352.306264241536	1	49812.72	0.0
154	input_spectra/3-B2R04.mzML	1151	0	352.306264241536	1	49824.24	0.0
149	input_spectra/3-B2R04.mzML	1152	0	335.27939860026	1	49858.740000000005	0.0
149	input_spectra/3-B2R04.mzML	1153	0	335.27939860026	1	49870.2	0.0
121	input_spectra/3-B2R04.mzML	1154	0	286.219669507897	1	49881.72	0.0
122	input_spectra/3-B2R04.mzML	1155	0	286.219669507897	1	49893.18	0.0
121	input_spectra/3-B2R04.mzML	1156	0	286.219669507897	1	49932.600000000006	0.0
124	input_spectra/3-B2R04.mzML	1157	0	286.219669507897	1	49944.06	0.0
152	input_spectra/3-B2R04.mzML	1158	0	346.276875215418	1	49955.579999999994	0.0
153	input_spectra/3-B2R04.mzML	1159	0	346.276875215418	1	49967.04	0.0
153	input_spectra/3-B2R04.mzML	1160	0	346.276875215418	1	50006.46	0.0
153	input_spectra/3-B2R04.mzML	1161	0	346.276875215418	1	50017.92	0.0
152	input_spectra/3-B2R04.mzML	1162	0	346.276875215418	1	50057.28	0.0
153	input_spectra/3-B2R04.mzML	1163	0	346.276875215418	1	50068.8	0.0
127	input_spectra/3-B2R04.mzML	1164	0	291.252960205078	1	50080.26	0.0
127	input_spectra/3-B2R04.mzML	1165	0	291.252960205078	1	50091.780000000006	0.0
134	input_spectra/3-B2R04.mzML	1166	0	308.279327392578	1	50103.299999999996	0.0
134	input_spectra/3-B2R04.mzML	1167	0	308.279327392578	1	50114.76	0.0
127	input_spectra/3-B2R04.mzML	1168	0	291.252960205078	1	50165.64	0.0
134	input_spectra/3-B2R04.mzML	1169	0	308.279327392578	1	50177.1	0.0
134	input_spectra/3-B2R04.mzML	1170	0	308.279327392578	1	50188.619999999995	0.0
127	input_spectra/3-B2R04.mzML	1171	0	291.252960205078	1	50250.96	0.0
127	input_spectra/3-B2R04.mzML	1172	0	291.252960205078	1	50262.479999999996	0.0
134	input_spectra/3-B2R04.mzML	1173	0	308.279327392578	1	50273.94	0.0
134	input_spectra/3-B2R04.mzML	1174	0	308.279327392578	1	50285.46	0.0
132	input_spectra/3-B2R04.mzML	1175	0	304.229956490653	1	50410.68	0.0
132	input_spectra/3-B2R04.mzML	1176	0	304.229956490653	1	50422.2	0.0
132	input_spectra/3-B2R04.mzML	1177	0	304.229956490653	1	50461.56	0.0
132	input_spectra/3-B2R04.mzML	1178	0	304.229956490653	1	50473.02	0.0
142	input_spectra/3-B2R04.mzML	1179	0	328.268239339193	1	50548.5	0.0
144	input_spectra/3-B2R04.mzML	1180	0	328.268239339193	1	50559.96000000001	0.0
142	input_spectra/3-B2R04.mzML	1181	0	328.268239339193	1	50599.32	0.0
144	input_spectra/3-B2R04.mzML	1182	0	328.268239339193	1	50610.840000000004	0.0
132	input_spectra/3-B2R04.mzML	1183	0	304.229956490653	1	50622.3	0.0
132	input_spectra/3-B2R04.mzML	1184	0	304.229956490653	1	50633.82	0.0
142	input_spectra/3-B2R04.mzML	1185	0	328.268239339193	1	50673.24	0.0
144	input_spectra/3-B2R04.mzML	1186	0	328.268239339193	1	50684.7	0.0
122	input_spectra/3-B2R04.mzML	1187	0	286.219669507897	1	50880.42	0.0
124	input_spectra/3-B2R04.mzML	1188	0	286.219669507897	1	50891.88	0.0
121	input_spectra/3-B2R04.mzML	1189	0	286.219669507897	1	50931.3	0.0
124	input_spectra/3-B2R04.mzML	1190	0	286.219669507897	1	50942.76	0.0
121	input_spectra/3-B2R04.mzML	1191	0	286.219669507897	1	50982.12	0.0
124	input_spectra/3-B2R04.mzML	1192	0	286.219669507897	1	50993.64	0.0
152	input_spectra/3-B2R04.mzML	1193	0	346.276875215418	1	51116.22	0.0
153	input_spectra/3-B2R04.mzML	1194	0	346.276875215418	1	51127.74	0.0
152	input_spectra/3-B2R04.mzML	1195	0	346.276875215418	1	51167.04	0.0
153	input_spectra/3-B2R04.mzML	1196	0	346.276875215418	1	51178.56	0.0
277	input_spectra/3-B2R04.mzML	1197	0	702.498006184896	1	51190.14	0.0
278	input_spectra/3-B2R04.mzML	1198	0	702.498006184896	1	51201.659999999996	0.0
277	input_spectra/3-B2R04.mzML	1199	0	702.498006184896	1	51241.020000000004	0.0
277	input_spectra/3-B2R04.mzML	1200	0	702.498006184896	1	51252.53999999999	0.0
152	input_spectra/3-B2R04.mzML	1201	0	346.276875215418	1	51264.06	0.0
153	input_spectra/3-B2R04.mzML	1202	0	346.276875215418	1	51275.52	0.0
278	input_spectra/3-B2R04.mzML	1203	0	702.498006184896	1	51314.94	0.0
278	input_spectra/3-B2R04.mzML	1204	0	702.498006184896	1	51326.46	0.0
269	input_spectra/3-B2R04.mzML	1205	0	658.472412109375	1	51522.12	0.0
270	input_spectra/3-B2R04.mzML	1206	0	658.472412109375	1	51533.64	0.0
269	input_spectra/3-B2R04.mzML	1207	0	658.472412109375	1	51573.0	0.0
269	input_spectra/3-B2R04.mzML	1208	0	658.472412109375	1	51584.58	0.0
270	input_spectra/3-B2R04.mzML	1209	0	658.472412109375	1	51623.880000000005	0.0
270	input_spectra/3-B2R04.mzML	1210	0	658.472412109375	1	51635.4	0.0
142	input_spectra/3-B2R04.mzML	1211	0	328.268239339193	1	51686.82	0.0
144	input_spectra/3-B2R04.mzML	1212	0	328.268239339193	1	51698.28	0.0
132	input_spectra/3-B2R04.mzML	1213	0	304.229956490653	1	51709.8	0.0
132	input_spectra/3-B2R04.mzML	1214	0	304.229956490653	1	51721.259999999995	0.0
142	input_spectra/3-B2R04.mzML	1215	0	328.268239339193	1	51760.68	0.0
144	input_spectra/3-B2R04.mzML	1216	0	328.268239339193	1	51772.14	0.0
132	input_spectra/3-B2R04.mzML	1217	0	304.229956490653	1	51783.66	0.0
132	input_spectra/3-B2R04.mzML	1218	0	304.229956490653	1	51795.119999999995	0.0
142	input_spectra/3-B2R04.mzML	1219	0	328.268239339193	1	51834.54	0.0
144	input_spectra/3-B2R04.mzML	1220	0	328.268239339193	1	51846.0	0.0
132	input_spectra/3-B2R04.mzML	1221	0	304.229956490653	1	51857.520000000004	0.0
132	input_spectra/3-B2R04.mzML	1222	0	304.229956490653	1	51868.979999999996	0.0
261	input_spectra/3-B2R04.mzML	1223	0	614.446655273438	1	51908.28	0.0
261	input_spectra/3-B2R04.mzML	1224	0	614.446655273438	1	51919.8	0.0
261	input_spectra/3-B2R04.mzML	1225	0	614.446655273438	1	51959.22	0.0
261	input_spectra/3-B2R04.mzML	1226	0	614.446655273438	1	52010.100000000006	0.0
261	input_spectra/3-B2R04.mzML	1227	0	614.446655273438	1	52021.62	0.0
121	input_spectra/3-B2R04.mzML	1228	0	286.219669507897	1	52060.979999999996	0.0
124	input_spectra/3-B2R04.mzML	1229	0	286.219669507897	1	52072.5	0.0
121	input_spectra/3-B2R04.mzML	1230	0	286.219669507897	1	52111.86	0.0
124	input_spectra/3-B2R04.mzML	1231	0	286.219669507897	1	52123.38	0.0
121	input_spectra/3-B2R04.mzML	1232	0	286.219669507897	1	52162.74	0.0
121	input_spectra/3-B2R04.mzML	1233	0	286.219669507897	1	52174.200000000004	0.0
152	input_spectra/3-B2R04.mzML	1234	0	346.276875215418	1	52261.68	0.0
153	input_spectra/3-B2R04.mzML	1235	0	346.276875215418	1	52273.200000000004	0.0
152	input_spectra/3-B2R04.mzML	1236	0	346.276875215418	1	52312.56	0.0
153	input_spectra/3-B2R04.mzML	1237	0	346.276875215418	1	52324.020000000004	0.0
247	input_spectra/3-B2R04.mzML	1238	0	570.420186360677	1	52335.54	0.0
247	input_spectra/3-B2R04.mzML	1239	0	570.420186360677	1	52347.06	0.0
247	input_spectra/3-B2R04.mzML	1240	0	570.420186360677	1	52386.42	0.0
247	input_spectra/3-B2R04.mzML	1241	0	570.420186360677	1	52397.94	0.0
153	input_spectra/3-B2R04.mzML	1242	0	346.276875215418	1	52409.46	0.0
153	input_spectra/3-B2R04.mzML	1243	0	346.276875215418	1	52420.92	0.0
247	input_spectra/3-B2R04.mzML	1244	0	570.420186360677	1	52471.799999999996	0.0
129	input_spectra/3-B2R04.mzML	1245	0	298.255554199219	1	52696.08	0.0
129	input_spectra/3-B2R04.mzML	1246	0	298.255554199219	1	52707.600000000006	0.0
225	input_spectra/3-B2R04.mzML	1247	0	526.394165039063	1	52771.020000000004	0.0
226	input_spectra/3-B2R04.mzML	1248	0	526.394165039063	1	52782.53999999999	0.0
225	input_spectra/3-B2R04.mzML	1249	0	526.394165039063	1	52821.9	0.0
226	input_spectra/3-B2R04.mzML	1250	0	526.394165039063	1	52833.42	0.0
142	input_spectra/3-B2R04.mzML	1251	0	328.268239339193	1	52872.78	0.0
144	input_spectra/3-B2R04.mzML	1252	0	328.268239339193	1	52884.24	0.0
225	input_spectra/3-B2R04.mzML	1253	0	526.394165039063	1	52895.76	0.0
225	input_spectra/3-B2R04.mzML	1254	0	526.394165039063	1	52907.28	0.0
132	input_spectra/3-B2R04.mzML	1255	0	304.229956490653	1	52918.8	0.0
132	input_spectra/3-B2R04.mzML	1256	0	304.229956490653	1	52930.32	0.0
232	input_spectra/3-B2R04.mzML	1257	0	531.349324544271	1	52941.840000000004	0.0
142	input_spectra/3-B2R04.mzML	1258	0	328.268239339193	1	52992.72	0.0
144	input_spectra/3-B2R04.mzML	1259	0	328.268239339193	1	53004.24	0.0
232	input_spectra/3-B2R04.mzML	1260	0	531.349324544271	1	53015.76	0.0
232	input_spectra/3-B2R04.mzML	1261	0	531.349324544271	1	53027.28	0.0
132	input_spectra/3-B2R04.mzML	1262	0	304.229956490653	1	53038.8	0.0
132	input_spectra/3-B2R04.mzML	1263	0	304.229956490653	1	53050.26	0.0
142	input_spectra/3-B2R04.mzML	1264	0	328.268239339193	1	53089.62	0.0
144	input_spectra/3-B2R04.mzML	1265	0	328.268239339193	1	53101.14	0.0
232	input_spectra/3-B2R04.mzML	1266	0	531.349324544271	1	53124.18	0.0
132	input_spectra/3-B2R04.mzML	1267	0	304.229956490653	1	53135.700000000004	0.0
132	input_spectra/3-B2R04.mzML	1268	0	304.229956490653	1	53147.159999999996	0.0
121	input_spectra/3-B2R04.mzML	1269	0	286.219669507897	1	53210.579999999994	0.0
124	input_spectra/3-B2R04.mzML	1270	0	286.219669507897	1	53222.1	0.0
121	input_spectra/3-B2R04.mzML	1271	0	286.219669507897	1	53261.46	0.0
121	input_spectra/3-B2R04.mzML	1272	0	286.219669507897	1	53272.98	0.0
129	input_spectra/3-B2R04.mzML	1273	0	298.255554199219	1	53284.439999999995	0.0
129	input_spectra/3-B2R04.mzML	1274	0	298.255554199219	1	53295.96	0.0
121	input_spectra/3-B2R04.mzML	1275	0	286.219669507897	1	53335.26	0.0
124	input_spectra/3-B2R04.mzML	1276	0	286.219669507897	1	53346.780000000006	0.0
202	input_spectra/3-B2R04.mzML	1277	0	482.368001302083	1	53386.14	0.0
202	input_spectra/3-B2R04.mzML	1278	0	482.368001302083	1	53397.66	0.0
152	input_spectra/3-B2R04.mzML	1279	0	346.276875215418	1	53460.0	0.0
153	input_spectra/3-B2R04.mzML	1280	0	346.276875215418	1	53471.520000000004	0.0
202	input_spectra/3-B2R04.mzML	1281	0	482.368001302083	1	53483.04	0.0
202	input_spectra/3-B2R04.mzML	1282	0	482.368001302083	1	53494.5	0.0
152	input_spectra/3-B2R04.mzML	1283	0	346.276875215418	1	53556.9	0.0
153	input_spectra/3-B2R04.mzML	1284	0	346.276875215418	1	53568.42	0.0
202	input_spectra/3-B2R04.mzML	1285	0	482.368001302083	1	53579.94	0.0
202	input_spectra/3-B2R04.mzML	1286	0	482.368001302083	1	53591.46	0.0
152	input_spectra/3-B2R04.mzML	1287	0	346.276875215418	1	53653.979999999996	0.0
153	input_spectra/3-B2R04.mzML	1288	0	346.276875215418	1	53665.44	0.0
129	input_spectra/3-B2R04.mzML	1289	0	298.255554199219	1	53977.8	0.0
129	input_spectra/3-B2R04.mzML	1290	0	298.255554199219	1	53989.26	0.0
142	input_spectra/3-B2R04.mzML	1291	0	328.268239339193	1	54088.8	0.0
144	input_spectra/3-B2R04.mzML	1292	0	328.268239339193	1	54100.26	0.0
132	input_spectra/3-B2R04.mzML	1293	0	304.229956490653	1	54111.780000000006	0.0
132	input_spectra/3-B2R04.mzML	1294	0	304.229956490653	1	54123.24	0.0
142	input_spectra/3-B2R04.mzML	1295	0	328.268239339193	1	54162.66	0.0
144	input_spectra/3-B2R04.mzML	1296	0	328.268239339193	1	54174.12	0.0
132	input_spectra/3-B2R04.mzML	1297	0	304.229956490653	1	54185.64	0.0
132	input_spectra/3-B2R04.mzML	1298	0	304.229956490653	1	54197.1	0.0
142	input_spectra/3-B2R04.mzML	1299	0	328.268239339193	1	54236.520000000004	0.0
144	input_spectra/3-B2R04.mzML	1300	0	328.268239339193	1	54247.98	0.0
132	input_spectra/3-B2R04.mzML	1301	0	304.229956490653	1	54259.439999999995	0.0
132	input_spectra/3-B2R04.mzML	1302	0	304.229956490653	1	54270.96	0.0
146	input_spectra/3-B2R04.mzML	1303	0	329.270539347331	1	54322.32	0.0
146	input_spectra/3-B2R04.mzML	1304	0	329.270539347331	1	54333.84	0.0
146	input_spectra/3-B2R04.mzML	1305	0	329.270539347331	1	54373.200000000004	0.0
146	input_spectra/3-B2R04.mzML	1306	0	329.270539347331	1	54384.659999999996	0.0
121	input_spectra/3-B2R04.mzML	1307	0	286.219669507897	1	54396.18	0.0
121	input_spectra/3-B2R04.mzML	1308	0	286.219669507897	1	54407.64	0.0
121	input_spectra/3-B2R04.mzML	1309	0	286.219669507897	1	54447.0	0.0
124	input_spectra/3-B2R04.mzML	1310	0	286.219669507897	1	54458.46	0.0
121	input_spectra/3-B2R04.mzML	1311	0	286.219669507897	1	54497.88	0.0
122	input_spectra/3-B2R04.mzML	1312	0	286.219669507897	1	54509.340000000004	0.0
146	input_spectra/3-B2R04.mzML	1313	0	329.270539347331	1	54520.86	0.0
146	input_spectra/3-B2R04.mzML	1314	0	329.270539347331	1	54532.32	0.0
152	input_spectra/3-B2R04.mzML	1315	0	346.276875215418	1	54655.86	0.0
153	input_spectra/3-B2R04.mzML	1316	0	346.276875215418	1	54667.380000000005	0.0
152	input_spectra/3-B2R04.mzML	1317	0	346.276875215418	1	54706.68	0.0
153	input_spectra/3-B2R04.mzML	1318	0	346.276875215418	1	54718.200000000004	0.0
152	input_spectra/3-B2R04.mzML	1319	0	346.276875215418	1	54757.56	0.0
153	input_spectra/3-B2R04.mzML	1320	0	346.276875215418	1	54769.08	0.0
132	input_spectra/3-B2R04.mzML	1321	0	304.229956490653	1	55256.1	0.0
132	input_spectra/3-B2R04.mzML	1322	0	304.229956490653	1	55267.619999999995	0.0
132	input_spectra/3-B2R04.mzML	1323	0	304.229956490653	1	55306.98	0.0
132	input_spectra/3-B2R04.mzML	1324	0	304.229956490653	1	55318.44	0.0
132	input_spectra/3-B2R04.mzML	1325	0	304.229956490653	1	55357.86	0.0
132	input_spectra/3-B2R04.mzML	1326	0	304.229956490653	1	55369.32	0.0
129	input_spectra/3-B2R04.mzML	1327	0	298.255554199219	1	55507.68	0.0
129	input_spectra/3-B2R04.mzML	1328	0	298.255554199219	1	55519.200000000004	0.0
121	input_spectra/3-B2R04.mzML	1329	0	286.219669507897	1	55558.5	0.0
124	input_spectra/3-B2R04.mzML	1330	0	286.219669507897	1	55570.020000000004	0.0
146	input_spectra/3-B2R04.mzML	1331	0	329.270539347331	1	55609.38	0.0
146	input_spectra/3-B2R04.mzML	1332	0	329.270539347331	1	55620.840000000004	0.0
121	input_spectra/3-B2R04.mzML	1333	0	286.219669507897	1	55632.36	0.0
124	input_spectra/3-B2R04.mzML	1334	0	286.219669507897	1	55643.82	0.0
124	input_spectra/3-B2R04.mzML	1335	0	286.219669507897	1	55683.18	0.0
121	input_spectra/3-B2R04.mzML	1336	0	286.219669507897	1	55694.7	0.0
146	input_spectra/3-B2R04.mzML	1337	0	329.270539347331	1	55706.16	0.0
146	input_spectra/3-B2R04.mzML	1338	0	329.270539347331	1	55717.68	0.0
146	input_spectra/3-B2R04.mzML	1339	0	329.270539347331	1	55757.04	0.0
146	input_spectra/3-B2R04.mzML	1340	0	329.270539347331	1	55768.56	0.0
129	input_spectra/3-B2R04.mzML	1341	0	298.255554199219	1	55780.020000000004	0.0
129	input_spectra/3-B2R04.mzML	1342	0	298.255554199219	1	55791.54	0.0
152	input_spectra/3-B2R04.mzML	1343	0	346.276875215418	1	55830.9	0.0
153	input_spectra/3-B2R04.mzML	1344	0	346.276875215418	1	55842.36	0.0
153	input_spectra/3-B2R04.mzML	1345	0	346.276875215418	1	55881.780000000006	0.0
153	input_spectra/3-B2R04.mzML	1346	0	346.276875215418	1	55893.24	0.0
129	input_spectra/3-B2R04.mzML	1347	0	298.255554199219	1	55904.76	0.0
129	input_spectra/3-B2R04.mzML	1348	0	298.255554199219	1	55916.22	0.0
152	input_spectra/3-B2R04.mzML	1349	0	346.276875215418	1	55955.579999999994	0.0
153	input_spectra/3-B2R04.mzML	1350	0	346.276875215418	1	55967.1	0.0
132	input_spectra/3-B2R04.mzML	1351	0	304.229956490653	1	56394.18	0.0
132	input_spectra/3-B2R04.mzML	1352	0	304.229956490653	1	56405.64	0.0
132	input_spectra/3-B2R04.mzML	1353	0	304.229956490653	1	56445.0	0.0
132	input_spectra/3-B2R04.mzML	1354	0	304.229956490653	1	56456.520000000004	0.0
132	input_spectra/3-B2R04.mzML	1355	0	304.229956490653	1	56495.88	0.0
132	input_spectra/3-B2R04.mzML	1356	0	304.229956490653	1	56507.399999999994	0.0
121	input_spectra/3-B2R04.mzML	1357	0	286.219669507897	1	56691.06	0.0
124	input_spectra/3-B2R04.mzML	1358	0	286.219669507897	1	56702.58	0.0
121	input_spectra/3-B2R04.mzML	1359	0	286.219669507897	1	56741.88	0.0
122	input_spectra/3-B2R04.mzML	1360	0	286.219669507897	1	56753.4	0.0
146	input_spectra/3-B2R04.mzML	1361	0	329.270539347331	1	56792.76	0.0
146	input_spectra/3-B2R04.mzML	1362	0	329.270539347331	1	56804.280000000006	0.0
121	input_spectra/3-B2R04.mzML	1363	0	286.219669507897	1	56815.74	0.0
121	input_spectra/3-B2R04.mzML	1364	0	286.219669507897	1	56827.2	0.0
146	input_spectra/3-B2R04.mzML	1365	0	329.270539347331	1	56866.56	0.0
146	input_spectra/3-B2R04.mzML	1366	0	329.270539347331	1	56878.079999999994	0.0
146	input_spectra/3-B2R04.mzML	1367	0	329.270539347331	1	56917.44	0.0
146	input_spectra/3-B2R04.mzML	1368	0	329.270539347331	1	56928.9	0.0
129	input_spectra/3-B2R04.mzML	1369	0	298.255554199219	1	56968.26	0.0
129	input_spectra/3-B2R04.mzML	1370	0	298.255554199219	1	56979.78	0.0
152	input_spectra/3-B2R04.mzML	1371	0	346.276875215418	1	57019.14	0.0
153	input_spectra/3-B2R04.mzML	1372	0	346.276875215418	1	57030.659999999996	0.0
152	input_spectra/3-B2R04.mzML	1373	0	346.276875215418	1	57070.020000000004	0.0
153	input_spectra/3-B2R04.mzML	1374	0	346.276875215418	1	57081.54	0.0
152	input_spectra/3-B2R04.mzML	1375	0	346.276875215418	1	57120.9	0.0
153	input_spectra/3-B2R04.mzML	1376	0	346.276875215418	1	57132.42	0.0
129	input_spectra/3-B2R04.mzML	1377	0	298.255554199219	1	57183.78	0.0
129	input_spectra/3-B2R04.mzML	1378	0	298.255554199219	1	57195.3	0.0
129	input_spectra/3-B2R04.mzML	1379	0	298.255554199219	1	57280.68	0.0
129	input_spectra/3-B2R04.mzML	1380	0	298.255554199219	1	57292.14	0.0
132	input_spectra/3-B2R04.mzML	1381	0	304.229956490653	1	57538.740000000005	0.0
132	input_spectra/3-B2R04.mzML	1382	0	304.229956490653	1	57550.2	0.0
132	input_spectra/3-B2R04.mzML	1383	0	304.229956490653	1	57589.56	0.0
132	input_spectra/3-B2R04.mzML	1384	0	304.229956490653	1	57601.08	0.0
132	input_spectra/3-B2R04.mzML	1385	0	304.229956490653	1	57640.44	0.0
132	input_spectra/3-B2R04.mzML	1386	0	304.229956490653	1	57651.96	0.0
121	input_spectra/3-B2R04.mzML	1387	0	286.219669507897	1	57835.62	0.0
124	input_spectra/3-B2R04.mzML	1388	0	286.219669507897	1	57847.08	0.0
121	input_spectra/3-B2R04.mzML	1389	0	286.219669507897	1	57886.44	0.0
124	input_spectra/3-B2R04.mzML	1390	0	286.219669507897	1	57897.96	0.0
121	input_spectra/3-B2R04.mzML	1391	0	286.219669507897	1	57937.32	0.0
124	input_spectra/3-B2R04.mzML	1392	0	286.219669507897	1	57948.78	0.0
146	input_spectra/3-B2R04.mzML	1393	0	329.270539347331	1	57988.200000000004	0.0
146	input_spectra/3-B2R04.mzML	1394	0	329.270539347331	1	57999.659999999996	0.0
146	input_spectra/3-B2R04.mzML	1395	0	329.270539347331	1	58039.08	0.0
146	input_spectra/3-B2R04.mzML	1396	0	329.270539347331	1	58050.54	0.0
146	input_spectra/3-B2R04.mzML	1397	0	329.270539347331	1	58089.899999999994	0.0
146	input_spectra/3-B2R04.mzML	1398	0	329.270539347331	1	58101.42	0.0
152	input_spectra/3-B2R04.mzML	1399	0	346.276875215418	1	58164.84	0.0
153	input_spectra/3-B2R04.mzML	1400	0	346.276875215418	1	58176.3	0.0
153	input_spectra/3-B2R04.mzML	1401	0	346.276875215418	1	58215.659999999996	0.0
153	input_spectra/3-B2R04.mzML	1402	0	346.276875215418	1	58227.18	0.0
152	input_spectra/3-B2R04.mzML	1403	0	346.276875215418	1	58266.54	0.0
153	input_spectra/3-B2R04.mzML	1404	0	346.276875215418	1	58278.060000000005	0.0
132	input_spectra/3-B2R04.mzML	1405	0	304.229956490653	1	58710.54	0.0
132	input_spectra/3-B2R04.mzML	1406	0	304.229956490653	1	58722.0	0.0
132	input_spectra/3-B2R04.mzML	1407	0	304.229956490653	1	58761.36	0.0
132	input_spectra/3-B2R04.mzML	1408	0	304.229956490653	1	58772.88	0.0
132	input_spectra/3-B2R04.mzML	1409	0	304.229956490653	1	58812.24	0.0
132	input_spectra/3-B2R04.mzML	1410	0	304.229956490653	1	58823.7	0.0
121	input_spectra/3-B2R04.mzML	1411	0	286.219669507897	1	58971.3	0.0
124	input_spectra/3-B2R04.mzML	1412	0	286.219669507897	1	58982.82	0.0
121	input_spectra/3-B2R04.mzML	1413	0	286.219669507897	1	59022.18	0.0
124	input_spectra/3-B2R04.mzML	1414	0	286.219669507897	1	59033.64	0.0
121	input_spectra/3-B2R04.mzML	1415	0	286.219669507897	1	59073.060000000005	0.0
124	input_spectra/3-B2R04.mzML	1416	0	286.219669507897	1	59084.58	0.0
146	input_spectra/3-B2R04.mzML	1417	0	329.270539347331	1	59123.94	0.0
146	input_spectra/3-B2R04.mzML	1418	0	329.270539347331	1	59135.4	0.0
146	input_spectra/3-B2R04.mzML	1419	0	329.270539347331	1	59174.76	0.0
146	input_spectra/3-B2R04.mzML	1420	0	329.270539347331	1	59186.28	0.0
146	input_spectra/3-B2R04.mzML	1421	0	329.270539347331	1	59225.64	0.0
146	input_spectra/3-B2R04.mzML	1422	0	329.270539347331	1	59237.159999999996	0.0
2	input_spectra/3-B2R04.mzML	1423	0	117.0729032244	1	59276.520000000004	0.0
2	input_spectra/3-B2R04.mzML	1424	0	117.0729032244	1	59287.98	0.0
152	input_spectra/3-B2R04.mzML	1425	0	346.276875215418	1	59327.399999999994	0.0
153	input_spectra/3-B2R04.mzML	1426	0	346.276875215418	1	59338.86	0.0
152	input_spectra/3-B2R04.mzML	1427	0	346.276875215418	1	59378.520000000004	0.0
153	input_spectra/3-B2R04.mzML	1428	0	346.276875215418	1	59389.979999999996	0.0
152	input_spectra/3-B2R04.mzML	1429	0	346.276875215418	1	59429.340000000004	0.0
153	input_spectra/3-B2R04.mzML	1430	0	346.276875215418	1	59440.86	0.0
2	input_spectra/3-B2R04.mzML	1431	0	117.0729032244	1	59563.32	0.0
2	input_spectra/3-B2R04.mzML	1432	0	117.0729032244	1	59574.78	0.0
2	input_spectra/3-B2R04.mzML	1433	0	117.0729032244	1	59788.079999999994	0.0
2	input_spectra/3-B2R04.mzML	1434	0	117.0729032244	1	59799.54	0.0
132	input_spectra/3-B2R04.mzML	1435	0	304.229956490653	1	59874.96000000001	0.0
132	input_spectra/3-B2R04.mzML	1436	0	304.229956490653	1	59886.42	0.0
132	input_spectra/3-B2R04.mzML	1437	0	304.229956490653	1	59925.840000000004	0.0
132	input_spectra/3-B2R04.mzML	1438	0	304.229956490653	1	59937.3	0.0
132	input_spectra/3-B2R04.mzML	1439	0	304.229956490653	1	59976.72	0.0
132	input_spectra/3-B2R04.mzML	1440	0	304.229956490653	1	59988.18	0.0
253	input_spectra/3-B2R04.mzML	1441	0	598.451700846354	1	59999.76	0.0
253	input_spectra/3-B2R04.mzML	1442	0	598.451700846354	1	1000.19	0.0
253	input_spectra/3-B2R04.mzML	1443	0	598.451700846354	1	1000.84	0.0
253	input_spectra/3-B2R04.mzML	1444	0	598.451700846354	1	1001.04	0.0
253	input_spectra/3-B2R04.mzML	1445	0	598.451700846354	1	1001.69	0.0
253	input_spectra/3-B2R04.mzML	1446	0	598.451700846354	1	1001.88	0.0
121	input_spectra/3-B2R04.mzML	1447	0	286.219669507897	1	1002.54	0.0
124	input_spectra/3-B2R04.mzML	1448	0	286.219669507897	1	1002.73	0.0
121	input_spectra/3-B2R04.mzML	1449	0	286.219669507897	1	1003.39	0.0
124	input_spectra/3-B2R04.mzML	1450	0	286.219669507897	1	1003.58	0.0
121	input_spectra/3-B2R04.mzML	1451	0	286.219669507897	1	1004.24	0.0
124	input_spectra/3-B2R04.mzML	1452	0	286.219669507897	1	1004.43	0.0
146	input_spectra/3-B2R04.mzML	1453	0	329.270539347331	1	1005.08	0.0
146	input_spectra/3-B2R04.mzML	1454	0	329.270539347331	1	1005.27	0.0
66	input_spectra/3-B2R04.mzML	1455	0	185.110213724772	1	1005.47	0.0
66	input_spectra/3-B2R04.mzML	1456	0	185.110213724772	1	1005.66	0.0
146	input_spectra/3-B2R04.mzML	1457	0	329.270539347331	1	1006.71	0.0
146	input_spectra/3-B2R04.mzML	1458	0	329.270539347331	1	1006.91	0.0
146	input_spectra/3-B2R04.mzML	1459	0	329.270539347331	1	1007.56	0.0
146	input_spectra/3-B2R04.mzML	1460	0	329.270539347331	1	1007.75	0.0
152	input_spectra/3-B2R04.mzML	1461	0	346.276875215418	1	1008.41	0.0
153	input_spectra/3-B2R04.mzML	1462	0	346.276875215418	1	1008.6	0.0
152	input_spectra/3-B2R04.mzML	1463	0	346.276875215418	1	1009.26	0.0
153	input_spectra/3-B2R04.mzML	1464	0	346.276875215418	1	1009.45	0.0
152	input_spectra/3-B2R04.mzML	1465	0	346.276875215418	1	1010.11	0.0
153	input_spectra/3-B2R04.mzML	1466	0	346.276875215418	1	1010.3	0.0
66	input_spectra/3-B2R04.mzML	1467	0	185.110213724772	1	1010.95	0.0
66	input_spectra/3-B2R04.mzML	1468	0	185.110213724772	1	1011.15	0.0
2	input_spectra/3-B2R04.mzML	1469	0	117.0729032244	1	1014.54	0.0
2	input_spectra/3-B2R04.mzML	1470	0	117.0729032244	1	1014.74	0.0
2	input_spectra/3-B2R04.mzML	1471	0	117.0729032244	1	1015.39	0.0
2	input_spectra/3-B2R04.mzML	1472	0	117.0729032244	1	1015.58	0.0
2	input_spectra/3-B2R04.mzML	1473	0	117.0729032244	1	1016.24	0.0
2	input_spectra/3-B2R04.mzML	1474	0	117.0729032244	1	1016.43	0.0
132	input_spectra/3-B2R04.mzML	1475	0	304.229956490653	1	1017.09	0.0
132	input_spectra/3-B2R04.mzML	1476	0	304.229956490653	1	1017.28	0.0
132	input_spectra/3-B2R04.mzML	1477	0	304.229956490653	1	1017.93	0.0
132	input_spectra/3-B2R04.mzML	1478	0	304.229956490653	1	1018.13	0.0
132	input_spectra/3-B2R04.mzML	1479	0	304.229956490653	1	1018.78	0.0
132	input_spectra/3-B2R04.mzML	1480	0	304.229956490653	1	1018.97	0.0
66	input_spectra/3-B2R04.mzML	1481	0	185.110213724772	1	1020.43	0.0
66	input_spectra/3-B2R04.mzML	1482	0	185.110213724772	1	1020.62	0.0
121	input_spectra/3-B2R04.mzML	1483	0	286.219669507897	1	1021.88	0.0
124	input_spectra/3-B2R04.mzML	1484	0	286.219669507897	1	1022.07	0.0
121	input_spectra/3-B2R04.mzML	1485	0	286.219669507897	1	1022.73	0.0
124	input_spectra/3-B2R04.mzML	1486	0	286.219669507897	1	1022.92	0.0
121	input_spectra/3-B2R04.mzML	1487	0	286.219669507897	1	1023.57	0.0
124	input_spectra/3-B2R04.mzML	1488	0	286.219669507897	1	1023.77	0.0
146	input_spectra/3-B2R04.mzML	1489	0	329.270539347331	1	1024.82	0.0
146	input_spectra/3-B2R04.mzML	1490	0	329.270539347331	1	1025.01	0.0
146	input_spectra/3-B2R04.mzML	1491	0	329.270539347331	1	1025.67	0.0
146	input_spectra/3-B2R04.mzML	1492	0	329.270539347331	1	1025.86	0.0
146	input_spectra/3-B2R04.mzML	1493	0	329.270539347331	1	1026.52	0.0
146	input_spectra/3-B2R04.mzML	1494	0	329.270539347331	1	1026.71	0.0
152	input_spectra/3-B2R04.mzML	1495	0	346.276875215418	1	1027.37	0.0
153	input_spectra/3-B2R04.mzML	1496	0	346.276875215418	1	1027.56	0.0
152	input_spectra/3-B2R04.mzML	1497	0	346.276875215418	1	1028.6	0.0
153	input_spectra/3-B2R04.mzML	1498	0	346.276875215418	1	1028.79	0.0
152	input_spectra/3-B2R04.mzML	1499	0	346.276875215418	1	1029.45	0.0
153	input_spectra/3-B2R04.mzML	1500	0	346.276875215418	1	1029.64	0.0
2	input_spectra/3-B2R04.mzML	1501	0	117.0729032244	1	1034.61	0.0
2	input_spectra/3-B2R04.mzML	1502	0	117.0729032244	1	1034.8	0.0
2	input_spectra/3-B2R04.mzML	1503	0	117.0729032244	1	1035.45	0.0
2	input_spectra/3-B2R04.mzML	1504	0	117.0729032244	1	1035.65	0.0
132	input_spectra/3-B2R04.mzML	1505	0	304.229956490653	1	1036.5	0.0
132	input_spectra/3-B2R04.mzML	1506	0	304.229956490653	1	1036.69	0.0
2	input_spectra/3-B2R04.mzML	1507	0	117.0729032244	1	1036.88	0.0
2	input_spectra/3-B2R04.mzML	1508	0	117.0729032244	1	1037.07	0.0
132	input_spectra/3-B2R04.mzML	1509	0	304.229956490653	1	1037.73	0.0
132	input_spectra/3-B2R04.mzML	1510	0	304.229956490653	1	1037.92	0.0
132	input_spectra/3-B2R04.mzML	1511	0	304.229956490653	1	1038.58	0.0
132	input_spectra/3-B2R04.mzML	1512	0	304.229956490653	1	1038.77	0.0
66	input_spectra/3-B2R04.mzML	1513	0	185.110213724772	1	1039.43	0.0
66	input_spectra/3-B2R04.mzML	1514	0	185.110213724772	1	1039.62	0.0
66	input_spectra/3-B2R04.mzML	1515	0	185.110213724772	1	1040.27	0.0
66	input_spectra/3-B2R04.mzML	1516	0	185.110213724772	1	1040.46	0.0
121	input_spectra/3-B2R04.mzML	1517	0	286.219669507897	1	1041.12	0.0
124	input_spectra/3-B2R04.mzML	1518	0	286.219669507897	1	1041.31	0.0
66	input_spectra/3-B2R04.mzML	1519	0	185.110213724772	1	1041.5	0.0
66	input_spectra/3-B2R04.mzML	1520	0	185.110213724772	1	1041.69	0.0
121	input_spectra/3-B2R04.mzML	1521	0	286.219669507897	1	1042.35	0.0
124	input_spectra/3-B2R04.mzML	1522	0	286.219669507897	1	1042.54	0.0
121	input_spectra/3-B2R04.mzML	1523	0	286.219669507897	1	1043.2	0.0
124	input_spectra/3-B2R04.mzML	1524	0	286.219669507897	1	1043.39	0.0
146	input_spectra/3-B2R04.mzML	1525	0	329.270539347331	1	1044.05	0.0
146	input_spectra/3-B2R04.mzML	1526	0	329.270539347331	1	1044.24	0.0
146	input_spectra/3-B2R04.mzML	1527	0	329.270539347331	1	1045.1	0.0
146	input_spectra/3-B2R04.mzML	1528	0	329.270539347331	1	1045.29	0.0
146	input_spectra/3-B2R04.mzML	1529	0	329.270539347331	1	1045.94	0.0
146	input_spectra/3-B2R04.mzML	1530	0	329.270539347331	1	1046.13	0.0
152	input_spectra/3-B2R04.mzML	1531	0	346.276875215418	1	1046.99	0.0
153	input_spectra/3-B2R04.mzML	1532	0	346.276875215418	1	1047.18	0.0
152	input_spectra/3-B2R04.mzML	1533	0	346.276875215418	1	1047.84	0.0
153	input_spectra/3-B2R04.mzML	1534	0	346.276875215418	1	1048.03	0.0
152	input_spectra/3-B2R04.mzML	1535	0	346.276875215418	1	1048.69	0.0
153	input_spectra/3-B2R04.mzML	1536	0	346.276875215418	1	1048.88	0.0
2	input_spectra/3-B2R04.mzML	1537	0	117.0729032244	1	1054.62	0.0
2	input_spectra/3-B2R04.mzML	1538	0	117.0729032244	1	1054.81	0.0
2	input_spectra/3-B2R04.mzML	1539	0	117.0729032244	1	1055.47	0.0
2	input_spectra/3-B2R04.mzML	1540	0	117.0729032244	1	1055.66	0.0
132	input_spectra/3-B2R04.mzML	1541	0	304.229956490653	1	1056.32	0.0
132	input_spectra/3-B2R04.mzML	1542	0	304.229956490653	1	1056.51	0.0
132	input_spectra/3-B2R04.mzML	1543	0	304.229956490653	1	1057.16	0.0
132	input_spectra/3-B2R04.mzML	1544	0	304.229956490653	1	1057.36	0.0
2	input_spectra/3-B2R04.mzML	1545	0	117.0729032244	1	1057.55	0.0
2	input_spectra/3-B2R04.mzML	1546	0	117.0729032244	1	1057.74	0.0
132	input_spectra/3-B2R04.mzML	1547	0	304.229956490653	1	1058.39	0.0
132	input_spectra/3-B2R04.mzML	1548	0	304.229956490653	1	1058.59	0.0
66	input_spectra/3-B2R04.mzML	1549	0	185.110213724772	1	1058.78	0.0
66	input_spectra/3-B2R04.mzML	1550	0	185.110213724772	1	1058.97	0.0
66	input_spectra/3-B2R04.mzML	1551	0	185.110213724772	1	1059.62	0.0
66	input_spectra/3-B2R04.mzML	1552	0	185.110213724772	1	1059.81	0.0
66	input_spectra/3-B2R04.mzML	1553	0	185.110213724772	1	1060.47	0.0
121	input_spectra/3-B2R04.mzML	1554	0	286.219669507897	1	1061.32	0.0
124	input_spectra/3-B2R04.mzML	1555	0	286.219669507897	1	1061.51	0.0
121	input_spectra/3-B2R04.mzML	1556	0	286.219669507897	1	1062.17	0.0
124	input_spectra/3-B2R04.mzML	1557	0	286.219669507897	1	1062.36	0.0
121	input_spectra/3-B2R04.mzML	1558	0	286.219669507897	1	1063.02	0.0
124	input_spectra/3-B2R04.mzML	1559	0	286.219669507897	1	1063.21	0.0
146	input_spectra/3-B2R04.mzML	1560	0	329.270539347331	1	1063.86	0.0
146	input_spectra/3-B2R04.mzML	1561	0	329.270539347331	1	1064.05	0.0
146	input_spectra/3-B2R04.mzML	1562	0	329.270539347331	1	1064.71	0.0
146	input_spectra/3-B2R04.mzML	1563	0	329.270539347331	1	1064.9	0.0
146	input_spectra/3-B2R04.mzML	1564	0	329.270539347331	1	1065.56	0.0
146	input_spectra/3-B2R04.mzML	1565	0	329.270539347331	1	1065.75	0.0
152	input_spectra/3-B2R04.mzML	1566	0	346.276875215418	1	1066.41	0.0
153	input_spectra/3-B2R04.mzML	1567	0	346.276875215418	1	1066.6	0.0
152	input_spectra/3-B2R04.mzML	1568	0	346.276875215418	1	1067.25	0.0
153	input_spectra/3-B2R04.mzML	1569	0	346.276875215418	1	1067.44	0.0
152	input_spectra/3-B2R04.mzML	1570	0	346.276875215418	1	1068.1	0.0
153	input_spectra/3-B2R04.mzML	1571	0	346.276875215418	1	1068.29	0.0
2	input_spectra/3-B2R04.mzML	1572	0	117.0729032244	1	1074.84	0.0
2	input_spectra/3-B2R04.mzML	1573	0	117.0729032244	1	1075.03	0.0
132	input_spectra/3-B2R04.mzML	1574	0	304.229956490653	1	1075.68	0.0
132	input_spectra/3-B2R04.mzML	1575	0	304.229956490653	1	1075.88	0.0
2	input_spectra/3-B2R04.mzML	1576	0	117.0729032244	1	1076.07	0.0
2	input_spectra/3-B2R04.mzML	1577	0	117.0729032244	1	1076.26	0.0
132	input_spectra/3-B2R04.mzML	1578	0	304.229956490653	1	1076.91	0.0
132	input_spectra/3-B2R04.mzML	1579	0	304.229956490653	1	1077.11	0.0
132	input_spectra/3-B2R04.mzML	1580	0	304.229956490653	1	1077.76	0.0
132	input_spectra/3-B2R04.mzML	1581	0	304.229956490653	1	1077.95	0.0
2	input_spectra/3-B2R04.mzML	1582	0	117.0729032244	1	1078.14	0.0
2	input_spectra/3-B2R04.mzML	1583	0	117.0729032244	1	1078.34	0.0
66	input_spectra/3-B2R04.mzML	1584	0	185.110213724772	1	1078.99	0.0
66	input_spectra/3-B2R04.mzML	1585	0	185.110213724772	1	1079.18	0.0
66	input_spectra/3-B2R04.mzML	1586	0	185.110213724772	1	1079.84	0.0
66	input_spectra/3-B2R04.mzML	1587	0	185.110213724772	1	1080.03	0.0
121	input_spectra/3-B2R04.mzML	1588	0	286.219669507897	1	1080.69	0.0
124	input_spectra/3-B2R04.mzML	1589	0	286.219669507897	1	1080.88	0.0
66	input_spectra/3-B2R04.mzML	1590	0	185.110213724772	1	1081.07	0.0
66	input_spectra/3-B2R04.mzML	1591	0	185.110213724772	1	1081.26	0.0
121	input_spectra/3-B2R04.mzML	1592	0	286.219669507897	1	1081.92	0.0
124	input_spectra/3-B2R04.mzML	1593	0	286.219669507897	1	1082.11	0.0
121	input_spectra/3-B2R04.mzML	1594	0	286.219669507897	1	1082.76	0.0
124	input_spectra/3-B2R04.mzML	1595	0	286.219669507897	1	1082.95	0.0
146	input_spectra/3-B2R04.mzML	1596	0	329.270539347331	1	1083.61	0.0
146	input_spectra/3-B2R04.mzML	1597	0	329.270539347331	1	1083.8	0.0
146	input_spectra/3-B2R04.mzML	1598	0	329.270539347331	1	1084.46	0.0
146	input_spectra/3-B2R04.mzML	1599	0	329.270539347331	1	1084.65	0.0
146	input_spectra/3-B2R04.mzML	1600	0	329.270539347331	1	1085.31	0.0
146	input_spectra/3-B2R04.mzML	1601	0	329.270539347331	1	1085.5	0.0
152	input_spectra/3-B2R04.mzML	1602	0	346.276875215418	1	1085.69	0.0
153	input_spectra/3-B2R04.mzML	1603	0	346.276875215418	1	1085.88	0.0
153	input_spectra/3-B2R04.mzML	1604	0	346.276875215418	1	1086.54	0.0
153	input_spectra/3-B2R04.mzML	1605	0	346.276875215418	1	1086.73	0.0
152	input_spectra/3-B2R04.mzML	1606	0	346.276875215418	1	1087.39	0.0
153	input_spectra/3-B2R04.mzML	1607	0	346.276875215418	1	1087.58	0.0
132	input_spectra/3-B2R04.mzML	1608	0	304.229956490653	1	1095.33	0.0
132	input_spectra/3-B2R04.mzML	1609	0	304.229956490653	1	1095.52	0.0
2	input_spectra/3-B2R04.mzML	1610	0	117.0729032244	1	1095.71	0.0
2	input_spectra/3-B2R04.mzML	1611	0	117.0729032244	1	1095.9	0.0
132	input_spectra/3-B2R04.mzML	1612	0	304.229956490653	1	1096.56	0.0
132	input_spectra/3-B2R04.mzML	1613	0	304.229956490653	1	1096.75	0.0
2	input_spectra/3-B2R04.mzML	1614	0	117.0729032244	1	1096.94	0.0
2	input_spectra/3-B2R04.mzML	1615	0	117.0729032244	1	1097.13	0.0
132	input_spectra/3-B2R04.mzML	1616	0	304.229956490653	1	1097.79	0.0
132	input_spectra/3-B2R04.mzML	1617	0	304.229956490653	1	1097.98	0.0
2	input_spectra/3-B2R04.mzML	1618	0	117.0729032244	1	1098.17	0.0
2	input_spectra/3-B2R04.mzML	1619	0	117.0729032244	1	1098.36	0.0
66	input_spectra/3-B2R04.mzML	1620	0	185.110213724772	1	1099.02	0.0
66	input_spectra/3-B2R04.mzML	1621	0	185.110213724772	1	1099.21	0.0
66	input_spectra/3-B2R04.mzML	1622	0	185.110213724772	1	1099.86	0.0
66	input_spectra/3-B2R04.mzML	1623	0	185.110213724772	1	1100.06	0.0
121	input_spectra/3-B2R04.mzML	1624	0	286.219669507897	1	1100.71	0.0
124	input_spectra/3-B2R04.mzML	1625	0	286.219669507897	1	1100.9	0.0
66	input_spectra/3-B2R04.mzML	1626	0	185.110213724772	1	1101.09	0.0
66	input_spectra/3-B2R04.mzML	1627	0	185.110213724772	1	1101.28	0.0
121	input_spectra/3-B2R04.mzML	1628	0	286.219669507897	1	1101.94	0.0
124	input_spectra/3-B2R04.mzML	1629	0	286.219669507897	1	1102.13	0.0
124	input_spectra/3-B2R04.mzML	1630	0	286.219669507897	1	1102.79	0.0
124	input_spectra/3-B2R04.mzML	1631	0	286.219669507897	1	1102.98	0.0
142	input_spectra/3-B2R04.mzML	1632	0	328.268239339193	1	1103.64	0.0
144	input_spectra/3-B2R04.mzML	1633	0	328.268239339193	1	1103.83	0.0
142	input_spectra/3-B2R04.mzML	1634	0	328.268239339193	1	1104.48	0.0
144	input_spectra/3-B2R04.mzML	1635	0	328.268239339193	1	1104.68	0.0
142	input_spectra/3-B2R04.mzML	1636	0	328.268239339193	1	1105.33	0.0
144	input_spectra/3-B2R04.mzML	1637	0	328.268239339193	1	1105.52	0.0
66	input_spectra/3-B2R04.mzML	1638	0	185.110213724772	1	1118.34	0.0
66	input_spectra/3-B2R04.mzML	1639	0	185.110213724772	1	1118.53	0.0
66	input_spectra/3-B2R04.mzML	1640	0	185.110213724772	1	1119.19	0.0
66	input_spectra/3-B2R04.mzML	1641	0	185.110213724772	1	1119.38	0.0
66	input_spectra/3-B2R04.mzML	1642	0	185.110213724772	1	1120.04	0.0
66	input_spectra/3-B2R04.mzML	1643	0	185.110213724772	1	1120.23	0.0
142	input_spectra/3-B2R04.mzML	1644	0	328.268239339193	1	1122.89	0.0
144	input_spectra/3-B2R04.mzML	1645	0	328.268239339193	1	1123.08	0.0
142	input_spectra/3-B2R04.mzML	1646	0	328.268239339193	1	1123.74	0.0
144	input_spectra/3-B2R04.mzML	1647	0	328.268239339193	1	1123.93	0.0
142	input_spectra/3-B2R04.mzML	1648	0	328.268239339193	1	1124.58	0.0
144	input_spectra/3-B2R04.mzML	1649	0	328.268239339193	1	1124.78	0.0
66	input_spectra/3-B2R04.mzML	1650	0	185.110213724772	1	1137.38	0.0
66	input_spectra/3-B2R04.mzML	1651	0	185.110213724772	1	1137.57	0.0
66	input_spectra/3-B2R04.mzML	1652	0	185.110213724772	1	1138.22	0.0
66	input_spectra/3-B2R04.mzML	1653	0	185.110213724772	1	1138.41	0.0
66	input_spectra/3-B2R04.mzML	1654	0	185.110213724772	1	1139.07	0.0
66	input_spectra/3-B2R04.mzML	1655	0	185.110213724772	1	1139.26	0.0
142	input_spectra/3-B2R04.mzML	1656	0	328.268239339193	1	1141.92	0.0
144	input_spectra/3-B2R04.mzML	1657	0	328.268239339193	1	1142.12	0.0
139	input_spectra/3-B2R04.mzML	1658	0	328.268239339193	1	1142.77	0.0
144	input_spectra/3-B2R04.mzML	1659	0	328.268239339193	1	1142.96	0.0
142	input_spectra/3-B2R04.mzML	1660	0	328.268239339193	1	1143.62	0.0
144	input_spectra/3-B2R04.mzML	1661	0	328.268239339193	1	1143.81	0.0
66	input_spectra/3-B2R04.mzML	1662	0	185.110213724772	1	1156.43	0.0
66	input_spectra/3-B2R04.mzML	1663	0	185.110213724772	1	1156.62	0.0
66	input_spectra/3-B2R04.mzML	1664	0	185.110213724772	1	1157.28	0.0
66	input_spectra/3-B2R04.mzML	1665	0	185.110213724772	1	1157.47	0.0
66	input_spectra/3-B2R04.mzML	1666	0	185.110213724772	1	1158.12	0.0
66	input_spectra/3-B2R04.mzML	1667	0	185.110213724772	1	1158.32	0.0
141	input_spectra/3-B2R04.mzML	1668	0	328.268239339193	1	1160.98	0.0
144	input_spectra/3-B2R04.mzML	1669	0	328.268239339193	1	1161.17	0.0
140	input_spectra/3-B2R04.mzML	1670	0	328.268239339193	1	1161.82	0.0
144	input_spectra/3-B2R04.mzML	1671	0	328.268239339193	1	1162.02	0.0
142	input_spectra/3-B2R04.mzML	1672	0	328.268239339193	1	1162.67	0.0
145	input_spectra/3-B2R04.mzML	1673	0	328.268239339193	1	1162.86	0.0
231	input_spectra/3-B2R04.mzML	1674	0	530.379313151042	1	1163.92	0.0
231	input_spectra/3-B2R04.mzML	1675	0	530.379313151042	1	1164.11	0.0
237	input_spectra/3-B2R04.mzML	1676	0	542.350301106771	1	1164.77	0.0
237	input_spectra/3-B2R04.mzML	1677	0	542.350301106771	1	1164.96	0.0
237	input_spectra/3-B2R04.mzML	1678	0	542.350301106771	1	1166.0	0.0
237	input_spectra/3-B2R04.mzML	1679	0	542.350301106771	1	1166.19	0.0
237	input_spectra/3-B2R04.mzML	1680	0	542.350301106771	1	1167.23	0.0
237	input_spectra/3-B2R04.mzML	1681	0	542.350301106771	1	1167.42	0.0
231	input_spectra/3-B2R04.mzML	1682	0	530.379313151042	1	1172.94	0.0
231	input_spectra/3-B2R04.mzML	1683	0	530.379313151042	1	1173.13	0.0
208	input_spectra/3-B2R04.mzML	1684	0	495.469619750977	1	1173.32	0.0
209	input_spectra/3-B2R04.mzML	1685	0	495.469619750977	1	1173.51	0.0
231	input_spectra/3-B2R04.mzML	1686	0	530.379313151042	1	1174.57	0.0
231	input_spectra/3-B2R04.mzML	1687	0	530.379313151042	1	1174.76	0.0
66	input_spectra/3-B2R04.mzML	1688	0	185.110213724772	1	1175.42	0.0
66	input_spectra/3-B2R04.mzML	1689	0	185.110213724772	1	1175.61	0.0
66	input_spectra/3-B2R04.mzML	1690	0	185.110213724772	1	1176.26	0.0
66	input_spectra/3-B2R04.mzML	1691	0	185.110213724772	1	1176.45	0.0
66	input_spectra/3-B2R04.mzML	1692	0	185.110213724772	1	1177.11	0.0
66	input_spectra/3-B2R04.mzML	1693	0	185.110213724772	1	1177.3	0.0
208	input_spectra/3-B2R04.mzML	1694	0	495.469619750977	1	1178.76	0.0
209	input_spectra/3-B2R04.mzML	1695	0	495.469619750977	1	1178.95	0.0
208	input_spectra/3-B2R04.mzML	1696	0	495.469619750977	1	1179.81	0.0
209	input_spectra/3-B2R04.mzML	1697	0	495.469619750977	1	1180.0	0.0
140	input_spectra/3-B2R04.mzML	1698	0	328.268239339193	1	1180.66	0.0
144	input_spectra/3-B2R04.mzML	1699	0	328.268239339193	1	1180.85	0.0
141	input_spectra/3-B2R04.mzML	1700	0	328.268239339193	1	1181.5	0.0
145	input_spectra/3-B2R04.mzML	1701	0	328.268239339193	1	1181.7	0.0
140	input_spectra/3-B2R04.mzML	1702	0	328.268239339193	1	1182.35	0.0
144	input_spectra/3-B2R04.mzML	1703	0	328.268239339193	1	1182.54	0.0
130	input_spectra/3-B2R04.mzML	1704	0	302.287027994792	1	1185.2	0.0
130	input_spectra/3-B2R04.mzML	1705	0	302.287027994792	1	1185.39	0.0
130	input_spectra/3-B2R04.mzML	1706	0	302.287027994792	1	1187.28	0.0
130	input_spectra/3-B2R04.mzML	1707	0	302.287027994792	1	1187.47	0.0
130	input_spectra/3-B2R04.mzML	1708	0	302.287027994792	1	1189.58	0.0
130	input_spectra/3-B2R04.mzML	1709	0	302.287027994792	1	1189.77	0.0
231	input_spectra/3-B2R04.mzML	1710	0	530.379313151042	1	1192.83	0.0
231	input_spectra/3-B2R04.mzML	1711	0	530.379313151042	1	1193.02	0.0
231	input_spectra/3-B2R04.mzML	1712	0	530.379313151042	1	1193.88	0.0
231	input_spectra/3-B2R04.mzML	1713	0	530.379313151042	1	1194.07	0.0
66	input_spectra/3-B2R04.mzML	1714	0	185.110213724772	1	1194.73	0.0
66	input_spectra/3-B2R04.mzML	1715	0	185.110213724772	1	1194.92	0.0
231	input_spectra/3-B2R04.mzML	1716	0	530.379313151042	1	1195.11	0.0
231	input_spectra/3-B2R04.mzML	1717	0	530.379313151042	1	1195.3	0.0
66	input_spectra/3-B2R04.mzML	1718	0	185.110213724772	1	1195.96	0.0
66	input_spectra/3-B2R04.mzML	1719	0	185.110213724772	1	1196.15	0.0
66	input_spectra/3-B2R04.mzML	1720	0	185.110213724772	1	1196.81	0.0
66	input_spectra/3-B2R04.mzML	1721	0	185.110213724772	1	1197.0	0.0
208	input_spectra/3-B2R04.mzML	1722	0	495.469619750977	1	1197.86	0.0
209	input_spectra/3-B2R04.mzML	1723	0	495.469619750977	1	1198.05	0.0
208	input_spectra/3-B2R04.mzML	1724	0	495.469619750977	1	1198.7	0.0
209	input_spectra/3-B2R04.mzML	1725	0	495.469619750977	1	1198.89	0.0
208	input_spectra/3-B2R04.mzML	1726	0	495.469619750977	1	1199.55	0.0
209	input_spectra/3-B2R04.mzML	1727	0	495.469619750977	1	1199.74	0.0
1	input_spectra/bkgrnd-marine-broth.mzML	1728	0	110.009817759196	1	6384.900000000001	0.0
1	input_spectra/bkgrnd-marine-broth.mzML	1729	0	110.009817759196	1	6396.36	0.0
1	input_spectra/bkgrnd-marine-broth.mzML	1730	0	110.009817759196	1	6435.66	0.0
1	input_spectra/bkgrnd-marine-broth.mzML	1731	0	110.009817759196	1	6447.18	0.0
37	input_spectra/bkgrnd-marine-broth.mzML	1732	0	146.166600545247	1	6458.64	0.0
37	input_spectra/bkgrnd-marine-broth.mzML	1733	0	146.166600545247	1	6470.099999999999	0.0
15	input_spectra/bkgrnd-marine-broth.mzML	1734	0	125.987463378906	1	6481.5599999999995	0.0
15	input_spectra/bkgrnd-marine-broth.mzML	1735	0	125.987463378906	1	6493.08	0.0
41	input_spectra/bkgrnd-marine-broth.mzML	1736	0	151.036672973633	1	6504.54	0.0
41	input_spectra/bkgrnd-marine-broth.mzML	1737	0	151.036672973633	1	6516.0	0.0
1	input_spectra/bkgrnd-marine-broth.mzML	1738	0	110.009817759196	1	6555.36	0.0
1	input_spectra/bkgrnd-marine-broth.mzML	1739	0	110.009817759196	1	6566.879999999999	0.0
15	input_spectra/bkgrnd-marine-broth.mzML	1740	0	125.987463378906	1	6578.34	0.0
15	input_spectra/bkgrnd-marine-broth.mzML	1741	0	125.987463378906	1	6589.8	0.0
37	input_spectra/bkgrnd-marine-broth.mzML	1742	0	146.166600545247	1	6601.26	0.0
37	input_spectra/bkgrnd-marine-broth.mzML	1743	0	146.166600545247	1	6612.78	0.0
41	input_spectra/bkgrnd-marine-broth.mzML	1744	0	151.036672973633	1	6624.24	0.0
41	input_spectra/bkgrnd-marine-broth.mzML	1745	0	151.036672973633	1	6635.7	0.0
86	input_spectra/bkgrnd-marine-broth.mzML	1746	0	223.991306304932	1	6647.22	0.0
86	input_spectra/bkgrnd-marine-broth.mzML	1747	0	223.991306304932	1	6658.679999999999	0.0
15	input_spectra/bkgrnd-marine-broth.mzML	1748	0	125.987463378906	1	6698.1	0.0
15	input_spectra/bkgrnd-marine-broth.mzML	1749	0	125.987463378906	1	6709.5599999999995	0.0
37	input_spectra/bkgrnd-marine-broth.mzML	1750	0	146.166600545247	1	6721.08	0.0
37	input_spectra/bkgrnd-marine-broth.mzML	1751	0	146.166600545247	1	6732.54	0.0
74	input_spectra/bkgrnd-marine-broth.mzML	1752	0	198.94199625651	1	6744.0	0.0
74	input_spectra/bkgrnd-marine-broth.mzML	1753	0	198.94199625651	1	6755.5199999999995	0.0
86	input_spectra/bkgrnd-marine-broth.mzML	1754	0	223.991306304932	1	6766.9800000000005	0.0
86	input_spectra/bkgrnd-marine-broth.mzML	1755	0	223.991306304932	1	6778.4400000000005	0.0
41	input_spectra/bkgrnd-marine-broth.mzML	1756	0	151.036672973633	1	6789.96	0.0
41	input_spectra/bkgrnd-marine-broth.mzML	1757	0	151.036672973633	1	6801.42	0.0
74	input_spectra/bkgrnd-marine-broth.mzML	1758	0	198.94199625651	1	6840.780000000001	0.0
74	input_spectra/bkgrnd-marine-broth.mzML	1759	0	198.94199625651	1	6852.3	0.0
86	input_spectra/bkgrnd-marine-broth.mzML	1760	0	223.991306304932	1	6863.76	0.0
86	input_spectra/bkgrnd-marine-broth.mzML	1761	0	223.991306304932	1	6875.22	0.0
64	input_spectra/bkgrnd-marine-broth.mzML	1762	0	182.964279174805	1	6886.74	0.0
65	input_spectra/bkgrnd-marine-broth.mzML	1763	0	182.964279174805	1	6898.2	0.0
101	input_spectra/bkgrnd-marine-broth.mzML	1764	0	239.968907674154	1	6909.72	0.0
101	input_spectra/bkgrnd-marine-broth.mzML	1765	0	239.968907674154	1	6921.179999999999	0.0
77	input_spectra/bkgrnd-marine-broth.mzML	1766	0	203.224990844727	1	6932.639999999999	0.0
77	input_spectra/bkgrnd-marine-broth.mzML	1767	0	203.224990844727	1	6944.16	0.0
74	input_spectra/bkgrnd-marine-broth.mzML	1768	0	198.94199625651	1	6983.5199999999995	0.0
74	input_spectra/bkgrnd-marine-broth.mzML	1769	0	198.94199625651	1	6994.98	0.0
64	input_spectra/bkgrnd-marine-broth.mzML	1770	0	182.964279174805	1	7006.5	0.0
65	input_spectra/bkgrnd-marine-broth.mzML	1771	0	182.964279174805	1	7017.96	0.0
101	input_spectra/bkgrnd-marine-broth.mzML	1772	0	239.968907674154	1	7029.42	0.0
101	input_spectra/bkgrnd-marine-broth.mzML	1773	0	239.968907674154	1	7040.9400000000005	0.0
77	input_spectra/bkgrnd-marine-broth.mzML	1774	0	203.224990844727	1	7052.400000000001	0.0
77	input_spectra/bkgrnd-marine-broth.mzML	1775	0	203.224990844727	1	7063.92	0.0
112	input_spectra/bkgrnd-marine-broth.mzML	1776	0	265.018218994141	1	7075.38	0.0
112	input_spectra/bkgrnd-marine-broth.mzML	1777	0	265.018218994141	1	7086.9	0.0
64	input_spectra/bkgrnd-marine-broth.mzML	1778	0	182.964279174805	1	7126.26	0.0
65	input_spectra/bkgrnd-marine-broth.mzML	1779	0	182.964279174805	1	7137.72	0.0
101	input_spectra/bkgrnd-marine-broth.mzML	1780	0	239.968907674154	1	7149.24	0.0
101	input_spectra/bkgrnd-marine-broth.mzML	1781	0	239.968907674154	1	7160.7	0.0
82	input_spectra/bkgrnd-marine-broth.mzML	1782	0	214.91953531901	1	7172.16	0.0
82	input_spectra/bkgrnd-marine-broth.mzML	1783	0	214.91953531901	1	7183.679999999999	0.0
77	input_spectra/bkgrnd-marine-broth.mzML	1784	0	203.224990844727	1	7195.139999999999	0.0
77	input_spectra/bkgrnd-marine-broth.mzML	1785	0	203.224990844727	1	7206.6	0.0
112	input_spectra/bkgrnd-marine-broth.mzML	1786	0	265.018218994141	1	7218.120000000001	0.0
112	input_spectra/bkgrnd-marine-broth.mzML	1787	0	265.018218994141	1	7229.58	0.0
82	input_spectra/bkgrnd-marine-broth.mzML	1788	0	214.91953531901	1	7269.0	0.0
82	input_spectra/bkgrnd-marine-broth.mzML	1789	0	214.91953531901	1	7280.46	0.0
112	input_spectra/bkgrnd-marine-broth.mzML	1790	0	265.018218994141	1	7291.9800000000005	0.0
112	input_spectra/bkgrnd-marine-broth.mzML	1791	0	265.018218994141	1	7303.4400000000005	0.0
82	input_spectra/bkgrnd-marine-broth.mzML	1792	0	214.91953531901	1	7342.799999999999	0.0
82	input_spectra/bkgrnd-marine-broth.mzML	1793	0	214.91953531901	1	7354.32	0.0
1	input_spectra/bkgrnd-marine-broth.mzML	1794	0	110.009817759196	1	7549.98	0.0
1	input_spectra/bkgrnd-marine-broth.mzML	1795	0	110.009817759196	1	7561.5	0.0
1	input_spectra/bkgrnd-marine-broth.mzML	1796	0	110.009817759196	1	7600.8	0.0
1	input_spectra/bkgrnd-marine-broth.mzML	1797	0	110.009817759196	1	7612.259999999999	0.0
1	input_spectra/bkgrnd-marine-broth.mzML	1798	0	110.009817759196	1	7651.62	0.0
1	input_spectra/bkgrnd-marine-broth.mzML	1799	0	110.009817759196	1	7663.139999999999	0.0
37	input_spectra/bkgrnd-marine-broth.mzML	1800	0	146.166600545247	1	7702.5	0.0
37	input_spectra/bkgrnd-marine-broth.mzML	1801	0	146.166600545247	1	7713.96	0.0
15	input_spectra/bkgrnd-marine-broth.mzML	1802	0	125.987463378906	1	7725.42	0.0
15	input_spectra/bkgrnd-marine-broth.mzML	1803	0	125.987463378906	1	7736.88	0.0
41	input_spectra/bkgrnd-marine-broth.mzML	1804	0	151.036672973633	1	7748.4	0.0
41	input_spectra/bkgrnd-marine-broth.mzML	1805	0	151.036672973633	1	7759.86	0.0
37	input_spectra/bkgrnd-marine-broth.mzML	1806	0	146.166600545247	1	7799.219999999999	0.0
37	input_spectra/bkgrnd-marine-broth.mzML	1807	0	146.166600545247	1	7810.74	0.0
86	input_spectra/bkgrnd-marine-broth.mzML	1808	0	223.991306304932	1	7822.200000000001	0.0
86	input_spectra/bkgrnd-marine-broth.mzML	1809	0	223.991306304932	1	7833.720000000001	0.0
15	input_spectra/bkgrnd-marine-broth.mzML	1810	0	125.987463378906	1	7845.179999999999	0.0
15	input_spectra/bkgrnd-marine-broth.mzML	1811	0	125.987463378906	1	7856.639999999999	0.0
41	input_spectra/bkgrnd-marine-broth.mzML	1812	0	151.036672973633	1	7868.099999999999	0.0
41	input_spectra/bkgrnd-marine-broth.mzML	1813	0	151.036672973633	1	7879.62	0.0
37	input_spectra/bkgrnd-marine-broth.mzML	1814	0	146.166600545247	1	7918.9800000000005	0.0
37	input_spectra/bkgrnd-marine-broth.mzML	1815	0	146.166600545247	1	7930.4400000000005	0.0
5	input_spectra/bkgrnd-marine-broth.mzML	1816	0	118.087252298991	1	8847.6	0.0
6	input_spectra/bkgrnd-marine-broth.mzML	1817	0	118.087252298991	1	8859.060000000001	0.0
5	input_spectra/bkgrnd-marine-broth.mzML	1818	0	118.087252298991	1	8898.42	0.0
6	input_spectra/bkgrnd-marine-broth.mzML	1819	0	118.087252298991	1	8909.94	0.0
5	input_spectra/bkgrnd-marine-broth.mzML	1820	0	118.087252298991	1	8949.24	0.0
6	input_spectra/bkgrnd-marine-broth.mzML	1821	0	118.087252298991	1	8960.76	0.0
23	input_spectra/bkgrnd-marine-broth.mzML	1822	0	130.098500569661	1	9000.12	0.0
23	input_spectra/bkgrnd-marine-broth.mzML	1823	0	130.098500569661	1	9011.58	0.0
23	input_spectra/bkgrnd-marine-broth.mzML	1824	0	130.098500569661	1	9050.939999999999	0.0
23	input_spectra/bkgrnd-marine-broth.mzML	1825	0	130.098500569661	1	9062.4	0.0
23	input_spectra/bkgrnd-marine-broth.mzML	1826	0	130.098500569661	1	9101.76	0.0
23	input_spectra/bkgrnd-marine-broth.mzML	1827	0	130.098500569661	1	9113.22	0.0
46	input_spectra/bkgrnd-marine-broth.mzML	1828	0	158.093879699707	1	9645.599999999999	0.0
47	input_spectra/bkgrnd-marine-broth.mzML	1829	0	158.093879699707	1	9657.06	0.0
46	input_spectra/bkgrnd-marine-broth.mzML	1830	0	158.093879699707	1	9696.48	0.0
47	input_spectra/bkgrnd-marine-broth.mzML	1831	0	158.093879699707	1	9707.94	0.0
46	input_spectra/bkgrnd-marine-broth.mzML	1832	0	158.093879699707	1	9747.359999999999	0.0
47	input_spectra/bkgrnd-marine-broth.mzML	1833	0	158.093879699707	1	9758.82	0.0
40	input_spectra/bkgrnd-marine-broth.mzML	1834	0	150.059661865234	1	9770.279999999999	0.0
40	input_spectra/bkgrnd-marine-broth.mzML	1835	0	150.059661865234	1	9821.16	0.0
40	input_spectra/bkgrnd-marine-broth.mzML	1836	0	150.059661865234	1	9832.62	0.0
40	input_spectra/bkgrnd-marine-broth.mzML	1837	0	150.059661865234	1	9872.039999999999	0.0
40	input_spectra/bkgrnd-marine-broth.mzML	1838	0	150.059661865234	1	9883.5	0.0
17	input_spectra/bkgrnd-marine-broth.mzML	1839	0	130.05116780599	1	9982.980000000001	0.0
18	input_spectra/bkgrnd-marine-broth.mzML	1840	0	130.05116780599	1	9994.44	0.0
6	input_spectra/bkgrnd-marine-broth.mzML	1841	0	118.087252298991	1	10033.8	0.0
6	input_spectra/bkgrnd-marine-broth.mzML	1842	0	118.087252298991	1	10045.26	0.0
17	input_spectra/bkgrnd-marine-broth.mzML	1843	0	130.05116780599	1	10056.72	0.0
21	input_spectra/bkgrnd-marine-broth.mzML	1844	0	130.05116780599	1	10068.18	0.0
6	input_spectra/bkgrnd-marine-broth.mzML	1845	0	118.087252298991	1	10107.54	0.0
6	input_spectra/bkgrnd-marine-broth.mzML	1846	0	118.087252298991	1	10119.0	0.0
17	input_spectra/bkgrnd-marine-broth.mzML	1847	0	130.05116780599	1	10130.460000000001	0.0
21	input_spectra/bkgrnd-marine-broth.mzML	1848	0	130.05116780599	1	10141.92	0.0
6	input_spectra/bkgrnd-marine-broth.mzML	1849	0	118.087252298991	1	10181.279999999999	0.0
6	input_spectra/bkgrnd-marine-broth.mzML	1850	0	118.087252298991	1	10192.74	0.0
30	input_spectra/bkgrnd-marine-broth.mzML	1851	0	132.103280318411	1	10424.519999999999	0.0
30	input_spectra/bkgrnd-marine-broth.mzML	1852	0	132.103280318411	1	10435.98	0.0
30	input_spectra/bkgrnd-marine-broth.mzML	1853	0	132.103280318411	1	10475.34	0.0
30	input_spectra/bkgrnd-marine-broth.mzML	1854	0	132.103280318411	1	10486.86	0.0
30	input_spectra/bkgrnd-marine-broth.mzML	1855	0	132.103280318411	1	10526.220000000001	0.0
30	input_spectra/bkgrnd-marine-broth.mzML	1856	0	132.103280318411	1	10537.679999999998	0.0
46	input_spectra/bkgrnd-marine-broth.mzML	1857	0	158.093879699707	1	10781.460000000001	0.0
47	input_spectra/bkgrnd-marine-broth.mzML	1858	0	158.093879699707	1	10792.92	0.0
46	input_spectra/bkgrnd-marine-broth.mzML	1859	0	158.093879699707	1	10832.34	0.0
47	input_spectra/bkgrnd-marine-broth.mzML	1860	0	158.093879699707	1	10843.8	0.0
46	input_spectra/bkgrnd-marine-broth.mzML	1861	0	158.093879699707	1	10883.16	0.0
47	input_spectra/bkgrnd-marine-broth.mzML	1862	0	158.093879699707	1	10894.619999999999	0.0
6	input_spectra/bkgrnd-marine-broth.mzML	1863	0	118.087252298991	1	11198.58	0.0
6	input_spectra/bkgrnd-marine-broth.mzML	1864	0	118.087252298991	1	11210.04	0.0
6	input_spectra/bkgrnd-marine-broth.mzML	1865	0	118.087252298991	1	11249.400000000001	0.0
6	input_spectra/bkgrnd-marine-broth.mzML	1866	0	118.087252298991	1	11260.86	0.0
20	input_spectra/bkgrnd-marine-broth.mzML	1867	0	130.05116780599	1	11272.320000000002	0.0
6	input_spectra/bkgrnd-marine-broth.mzML	1868	0	118.087252298991	1	11323.2	0.0
6	input_spectra/bkgrnd-marine-broth.mzML	1869	0	118.087252298991	1	11334.66	0.0
22	input_spectra/bkgrnd-marine-broth.mzML	1870	0	130.05116780599	1	11505.24	0.0
22	input_spectra/bkgrnd-marine-broth.mzML	1871	0	130.05116780599	1	11556.12	0.0
107	input_spectra/bkgrnd-marine-broth.mzML	1872	0	260.199279785156	1	11579.1	0.0
107	input_spectra/bkgrnd-marine-broth.mzML	1873	0	260.199279785156	1	11590.56	0.0
61	input_spectra/bkgrnd-marine-broth.mzML	1874	0	175.109786987305	1	11602.08	0.0
61	input_spectra/bkgrnd-marine-broth.mzML	1875	0	175.109786987305	1	11613.539999999999	0.0
32	input_spectra/bkgrnd-marine-broth.mzML	1876	0	132.107032775879	1	11675.939999999999	0.0
113	input_spectra/bkgrnd-marine-broth.mzML	1877	0	268.106628417969	1	11698.86	0.0
113	input_spectra/bkgrnd-marine-broth.mzML	1878	0	268.106628417969	1	11710.380000000001	0.0
61	input_spectra/bkgrnd-marine-broth.mzML	1879	0	175.109786987305	1	11721.84	0.0
61	input_spectra/bkgrnd-marine-broth.mzML	1880	0	175.109786987305	1	11733.36	0.0
34	input_spectra/bkgrnd-marine-broth.mzML	1881	0	137.04709370931	1	11744.820000000002	0.0
35	input_spectra/bkgrnd-marine-broth.mzML	1882	0	137.04709370931	1	11756.279999999999	0.0
32	input_spectra/bkgrnd-marine-broth.mzML	1883	0	132.109466552734	1	11830.26	0.0
113	input_spectra/bkgrnd-marine-broth.mzML	1884	0	268.106628417969	1	11841.78	0.0
113	input_spectra/bkgrnd-marine-broth.mzML	1885	0	268.106628417969	1	11853.24	0.0
275	input_spectra/bkgrnd-marine-broth.mzML	1886	0	683.354614257813	1	11876.34	0.0
32	input_spectra/bkgrnd-marine-broth.mzML	1887	0	132.107032775879	1	11961.66	0.0
104	input_spectra/bkgrnd-marine-broth.mzML	1888	0	254.163650512695	1	11984.64	0.0
105	input_spectra/bkgrnd-marine-broth.mzML	1889	0	254.163650512695	1	11996.1	0.0
113	input_spectra/bkgrnd-marine-broth.mzML	1890	0	268.106628417969	1	12007.62	0.0
113	input_spectra/bkgrnd-marine-broth.mzML	1891	0	268.106628417969	1	12019.08	0.0
44	input_spectra/bkgrnd-marine-broth.mzML	1892	0	155.082990010579	1	12030.599999999999	0.0
44	input_spectra/bkgrnd-marine-broth.mzML	1893	0	155.082990010579	1	12042.06	0.0
11	input_spectra/bkgrnd-marine-broth.mzML	1894	0	121.065930684408	1	12053.52	0.0
11	input_spectra/bkgrnd-marine-broth.mzML	1895	0	121.065930684408	1	12065.04	0.0
31	input_spectra/bkgrnd-marine-broth.mzML	1896	0	132.103280318411	1	12104.400000000001	0.0
30	input_spectra/bkgrnd-marine-broth.mzML	1897	0	132.103280318411	1	12115.86	0.0
11	input_spectra/bkgrnd-marine-broth.mzML	1898	0	121.065930684408	1	12127.320000000002	0.0
11	input_spectra/bkgrnd-marine-broth.mzML	1899	0	121.065930684408	1	12138.779999999999	0.0
44	input_spectra/bkgrnd-marine-broth.mzML	1900	0	155.082990010579	1	12150.24	0.0
44	input_spectra/bkgrnd-marine-broth.mzML	1901	0	155.082990010579	1	12161.76	0.0
83	input_spectra/bkgrnd-marine-broth.mzML	1902	0	215.141209920247	1	12173.22	0.0
83	input_spectra/bkgrnd-marine-broth.mzML	1903	0	215.141209920247	1	12184.74	0.0
63	input_spectra/bkgrnd-marine-broth.mzML	1904	0	182.083048502604	1	12196.2	0.0
63	input_spectra/bkgrnd-marine-broth.mzML	1905	0	182.083048502604	1	12207.66	0.0
31	input_spectra/bkgrnd-marine-broth.mzML	1906	0	132.103280318411	1	12247.019999999999	0.0
44	input_spectra/bkgrnd-marine-broth.mzML	1907	0	155.082990010579	1	12270.0	0.0
44	input_spectra/bkgrnd-marine-broth.mzML	1908	0	155.082990010579	1	12281.460000000001	0.0
63	input_spectra/bkgrnd-marine-broth.mzML	1909	0	182.083048502604	1	12292.980000000001	0.0
63	input_spectra/bkgrnd-marine-broth.mzML	1910	0	182.083048502604	1	12304.44	0.0
11	input_spectra/bkgrnd-marine-broth.mzML	1911	0	121.065930684408	1	12315.9	0.0
11	input_spectra/bkgrnd-marine-broth.mzML	1912	0	121.065930684408	1	12327.359999999999	0.0
83	input_spectra/bkgrnd-marine-broth.mzML	1913	0	215.141209920247	1	12338.88	0.0
83	input_spectra/bkgrnd-marine-broth.mzML	1914	0	215.141209920247	1	12350.34	0.0
63	input_spectra/bkgrnd-marine-broth.mzML	1915	0	182.083048502604	1	12401.220000000001	0.0
31	input_spectra/bkgrnd-marine-broth.mzML	1916	0	132.103280318411	1	12412.679999999998	0.0
30	input_spectra/bkgrnd-marine-broth.mzML	1917	0	132.103280318411	1	12424.199999999999	0.0
33	input_spectra/bkgrnd-marine-broth.mzML	1918	0	136.077031453451	1	12435.66	0.0
33	input_spectra/bkgrnd-marine-broth.mzML	1919	0	136.077031453451	1	12447.119999999999	0.0
52	input_spectra/bkgrnd-marine-broth.mzML	1920	0	165.056243896484	1	12458.64	0.0
54	input_spectra/bkgrnd-marine-broth.mzML	1921	0	165.056243896484	1	12470.1	0.0
83	input_spectra/bkgrnd-marine-broth.mzML	1922	0	215.141209920247	1	12481.560000000001	0.0
83	input_spectra/bkgrnd-marine-broth.mzML	1923	0	215.141209920247	1	12493.08	0.0
31	input_spectra/bkgrnd-marine-broth.mzML	1924	0	132.103280318411	1	12532.44	0.0
30	input_spectra/bkgrnd-marine-broth.mzML	1925	0	132.103280318411	1	12543.9	0.0
33	input_spectra/bkgrnd-marine-broth.mzML	1926	0	136.077031453451	1	12555.42	0.0
33	input_spectra/bkgrnd-marine-broth.mzML	1927	0	136.077031453451	1	12566.880000000001	0.0
52	input_spectra/bkgrnd-marine-broth.mzML	1928	0	165.056243896484	1	12578.34	0.0
54	input_spectra/bkgrnd-marine-broth.mzML	1929	0	165.056243896484	1	12589.859999999999	0.0
14	input_spectra/bkgrnd-marine-broth.mzML	1930	0	123.045349121094	1	12612.779999999999	0.0
54	input_spectra/bkgrnd-marine-broth.mzML	1931	0	165.056243896484	1	12663.66	0.0
33	input_spectra/bkgrnd-marine-broth.mzML	1932	0	136.077031453451	1	12675.12	0.0
99	input_spectra/bkgrnd-marine-broth.mzML	1933	0	237.088798522949	1	12698.099999999999	0.0
100	input_spectra/bkgrnd-marine-broth.mzML	1934	0	237.088798522949	1	12709.56	0.0
14	input_spectra/bkgrnd-marine-broth.mzML	1935	0	123.045349121094	1	12732.54	0.0
34	input_spectra/bkgrnd-marine-broth.mzML	1936	0	137.04709370931	1	12771.900000000001	0.0
35	input_spectra/bkgrnd-marine-broth.mzML	1937	0	137.04709370931	1	12783.36	0.0
99	input_spectra/bkgrnd-marine-broth.mzML	1938	0	237.088798522949	1	12794.88	0.0
100	input_spectra/bkgrnd-marine-broth.mzML	1939	0	237.088798522949	1	12806.34	0.0
42	input_spectra/bkgrnd-marine-broth.mzML	1940	0	152.058049519857	1	13016.82	0.0
42	input_spectra/bkgrnd-marine-broth.mzML	1941	0	152.058049519857	1	13028.28	0.0
42	input_spectra/bkgrnd-marine-broth.mzML	1942	0	152.058049519857	1	13067.640000000001	0.0
42	input_spectra/bkgrnd-marine-broth.mzML	1943	0	152.058049519857	1	13079.16	0.0
117	input_spectra/bkgrnd-marine-broth.mzML	1944	0	284.101715087891	1	13090.619999999999	0.0
118	input_spectra/bkgrnd-marine-broth.mzML	1945	0	284.101715087891	1	13102.14	0.0
42	input_spectra/bkgrnd-marine-broth.mzML	1946	0	152.058049519857	1	13141.5	0.0
42	input_spectra/bkgrnd-marine-broth.mzML	1947	0	152.058049519857	1	13152.960000000001	0.0
117	input_spectra/bkgrnd-marine-broth.mzML	1948	0	284.101715087891	1	13164.48	0.0
118	input_spectra/bkgrnd-marine-broth.mzML	1949	0	284.101715087891	1	13175.939999999999	0.0
117	input_spectra/bkgrnd-marine-broth.mzML	1950	0	284.101715087891	1	13215.3	0.0
118	input_spectra/bkgrnd-marine-broth.mzML	1951	0	284.101715087891	1	13226.82	0.0
44	input_spectra/bkgrnd-marine-broth.mzML	1952	0	155.082990010579	1	13238.28	0.0
44	input_spectra/bkgrnd-marine-broth.mzML	1953	0	155.082990010579	1	13249.800000000001	0.0
44	input_spectra/bkgrnd-marine-broth.mzML	1954	0	155.082990010579	1	13289.1	0.0
44	input_spectra/bkgrnd-marine-broth.mzML	1955	0	155.082990010579	1	13300.619999999999	0.0
44	input_spectra/bkgrnd-marine-broth.mzML	1956	0	155.082990010579	1	13339.98	0.0
44	input_spectra/bkgrnd-marine-broth.mzML	1957	0	155.082990010579	1	13351.44	0.0
30	input_spectra/bkgrnd-marine-broth.mzML	1958	0	132.103280318411	1	13487.039999999999	0.0
30	input_spectra/bkgrnd-marine-broth.mzML	1959	0	132.103280318411	1	13498.5	0.0
30	input_spectra/bkgrnd-marine-broth.mzML	1960	0	132.103280318411	1	13537.8	0.0
30	input_spectra/bkgrnd-marine-broth.mzML	1961	0	132.103280318411	1	13549.26	0.0
30	input_spectra/bkgrnd-marine-broth.mzML	1962	0	132.103280318411	1	13588.68	0.0
30	input_spectra/bkgrnd-marine-broth.mzML	1963	0	132.103280318411	1	13600.140000000001	0.0
84	input_spectra/bkgrnd-marine-broth.mzML	1964	0	217.156880696615	1	14240.76	0.0
84	input_spectra/bkgrnd-marine-broth.mzML	1965	0	217.156880696615	1	14252.220000000001	0.0
84	input_spectra/bkgrnd-marine-broth.mzML	1966	0	217.156880696615	1	14291.64	0.0
84	input_spectra/bkgrnd-marine-broth.mzML	1967	0	217.156880696615	1	14303.099999999999	0.0
84	input_spectra/bkgrnd-marine-broth.mzML	1968	0	217.156880696615	1	14342.46	0.0
84	input_spectra/bkgrnd-marine-broth.mzML	1969	0	217.156880696615	1	14353.98	0.0
30	input_spectra/bkgrnd-marine-broth.mzML	1970	0	132.103280318411	1	14657.880000000001	0.0
30	input_spectra/bkgrnd-marine-broth.mzML	1971	0	132.103280318411	1	14669.34	0.0
30	input_spectra/bkgrnd-marine-broth.mzML	1972	0	132.103280318411	1	14708.7	0.0
30	input_spectra/bkgrnd-marine-broth.mzML	1973	0	132.103280318411	1	14720.16	0.0
30	input_spectra/bkgrnd-marine-broth.mzML	1974	0	132.103280318411	1	14759.58	0.0
30	input_spectra/bkgrnd-marine-broth.mzML	1975	0	132.103280318411	1	14771.039999999999	0.0
36	input_spectra/bkgrnd-marine-broth.mzML	1976	0	141.95991734096	1	14810.4	0.0
36	input_spectra/bkgrnd-marine-broth.mzML	1977	0	141.95991734096	1	14821.92	0.0
80	input_spectra/bkgrnd-marine-broth.mzML	1978	0	211.109888712565	1	14909.400000000001	0.0
80	input_spectra/bkgrnd-marine-broth.mzML	1979	0	211.109888712565	1	14972.28	0.0
80	input_spectra/bkgrnd-marine-broth.mzML	1980	0	211.109888712565	1	14983.740000000002	0.0
80	input_spectra/bkgrnd-marine-broth.mzML	1981	0	211.109888712565	1	15023.099999999999	0.0
80	input_spectra/bkgrnd-marine-broth.mzML	1982	0	211.109888712565	1	15034.619999999999	0.0
36	input_spectra/bkgrnd-marine-broth.mzML	1983	0	141.95991734096	1	15158.099999999999	0.0
36	input_spectra/bkgrnd-marine-broth.mzML	1984	0	141.95991734096	1	15169.619999999999	0.0
159	input_spectra/bkgrnd-marine-broth.mzML	1985	0	359.196111043294	1	15245.04	0.0
159	input_spectra/bkgrnd-marine-broth.mzML	1986	0	359.196111043294	1	15256.560000000001	0.0
159	input_spectra/bkgrnd-marine-broth.mzML	1987	0	359.196111043294	1	15392.100000000002	0.0
159	input_spectra/bkgrnd-marine-broth.mzML	1988	0	359.196111043294	1	15403.619999999999	0.0
159	input_spectra/bkgrnd-marine-broth.mzML	1989	0	359.196111043294	1	15442.98	0.0
159	input_spectra/bkgrnd-marine-broth.mzML	1990	0	359.196111043294	1	15454.44	0.0
29	input_spectra/bkgrnd-marine-broth.mzML	1991	0	131.930934906006	1	15493.800000000001	0.0
29	input_spectra/bkgrnd-marine-broth.mzML	1992	0	131.930934906006	1	15505.320000000002	0.0
36	input_spectra/bkgrnd-marine-broth.mzML	1993	0	141.95991734096	1	15556.68	0.0
36	input_spectra/bkgrnd-marine-broth.mzML	1994	0	141.95991734096	1	15568.14	0.0
29	input_spectra/bkgrnd-marine-broth.mzML	1995	0	131.930934906006	1	15703.74	0.0
29	input_spectra/bkgrnd-marine-broth.mzML	1996	0	131.930934906006	1	15715.2	0.0
29	input_spectra/bkgrnd-marine-broth.mzML	1997	0	131.930934906006	1	15778.619999999999	0.0
29	input_spectra/bkgrnd-marine-broth.mzML	1998	0	131.930934906006	1	15790.08	0.0
30	input_spectra/bkgrnd-marine-broth.mzML	1999	0	132.103280318411	1	15829.38	0.0
30	input_spectra/bkgrnd-marine-broth.mzML	2000	0	132.103280318411	1	15840.9	0.0
30	input_spectra/bkgrnd-marine-broth.mzML	2001	0	132.103280318411	1	15880.26	0.0
30	input_spectra/bkgrnd-marine-broth.mzML	2002	0	132.103280318411	1	15891.720000000001	0.0
30	input_spectra/bkgrnd-marine-broth.mzML	2003	0	132.103280318411	1	15943.14	0.0
30	input_spectra/bkgrnd-marine-broth.mzML	2004	0	132.103280318411	1	15954.600000000002	0.0
70	input_spectra/bkgrnd-marine-broth.mzML	2005	0	189.088806152344	1	16030.08	0.0
71	input_spectra/bkgrnd-marine-broth.mzML	2006	0	189.088806152344	1	16041.539999999999	0.0
70	input_spectra/bkgrnd-marine-broth.mzML	2007	0	189.088806152344	1	16080.9	0.0
71	input_spectra/bkgrnd-marine-broth.mzML	2008	0	189.088806152344	1	16092.36	0.0
70	input_spectra/bkgrnd-marine-broth.mzML	2009	0	189.088806152344	1	16131.720000000001	0.0
70	input_spectra/bkgrnd-marine-broth.mzML	2010	0	189.088806152344	1	16143.239999999998	0.0
55	input_spectra/bkgrnd-marine-broth.mzML	2011	0	166.088059743245	1	16350.9	0.0
56	input_spectra/bkgrnd-marine-broth.mzML	2012	0	166.088059743245	1	16362.42	0.0
55	input_spectra/bkgrnd-marine-broth.mzML	2013	0	166.088059743245	1	16401.72	0.0
56	input_spectra/bkgrnd-marine-broth.mzML	2014	0	166.088059743245	1	16413.239999999998	0.0
7	input_spectra/bkgrnd-marine-broth.mzML	2015	0	120.082079569499	1	16424.7	0.0
8	input_spectra/bkgrnd-marine-broth.mzML	2016	0	120.082079569499	1	16436.16	0.0
55	input_spectra/bkgrnd-marine-broth.mzML	2017	0	166.088059743245	1	16475.52	0.0
56	input_spectra/bkgrnd-marine-broth.mzML	2018	0	166.088059743245	1	16486.98	0.0
7	input_spectra/bkgrnd-marine-broth.mzML	2019	0	120.082079569499	1	16498.44	0.0
8	input_spectra/bkgrnd-marine-broth.mzML	2020	0	120.082079569499	1	16509.96	0.0
72	input_spectra/bkgrnd-marine-broth.mzML	2021	0	189.125183105469	1	16521.420000000002	0.0
72	input_spectra/bkgrnd-marine-broth.mzML	2022	0	189.125183105469	1	16532.88	0.0
7	input_spectra/bkgrnd-marine-broth.mzML	2023	0	120.082079569499	1	16572.24	0.0
8	input_spectra/bkgrnd-marine-broth.mzML	2024	0	120.082079569499	1	16583.699999999997	0.0
159	input_spectra/bkgrnd-marine-broth.mzML	2025	0	359.196111043294	1	16595.280000000002	0.0
159	input_spectra/bkgrnd-marine-broth.mzML	2026	0	359.196111043294	1	16606.739999999998	0.0
72	input_spectra/bkgrnd-marine-broth.mzML	2027	0	189.125183105469	1	16618.260000000002	0.0
72	input_spectra/bkgrnd-marine-broth.mzML	2028	0	189.125183105469	1	16629.719999999998	0.0
27	input_spectra/bkgrnd-marine-broth.mzML	2029	0	131.05034383138	1	16641.18	0.0
28	input_spectra/bkgrnd-marine-broth.mzML	2030	0	131.05034383138	1	16652.64	0.0
57	input_spectra/bkgrnd-marine-broth.mzML	2031	0	166.093887329102	1	16692.06	0.0
58	input_spectra/bkgrnd-marine-broth.mzML	2032	0	166.093887329102	1	16703.52	0.0
9	input_spectra/bkgrnd-marine-broth.mzML	2033	0	120.084854125977	1	16714.980000000003	0.0
10	input_spectra/bkgrnd-marine-broth.mzML	2034	0	120.084854125977	1	16726.44	0.0
72	input_spectra/bkgrnd-marine-broth.mzML	2035	0	189.125183105469	1	16737.96	0.0
72	input_spectra/bkgrnd-marine-broth.mzML	2036	0	189.125183105469	1	16749.42	0.0
159	input_spectra/bkgrnd-marine-broth.mzML	2037	0	359.196111043294	1	16760.94	0.0
159	input_spectra/bkgrnd-marine-broth.mzML	2038	0	359.196111043294	1	16772.46	0.0
27	input_spectra/bkgrnd-marine-broth.mzML	2039	0	131.05034383138	1	16783.920000000002	0.0
28	input_spectra/bkgrnd-marine-broth.mzML	2040	0	131.05034383138	1	16795.38	0.0
9	input_spectra/bkgrnd-marine-broth.mzML	2041	0	120.086292266846	1	16834.8	0.0
10	input_spectra/bkgrnd-marine-broth.mzML	2042	0	120.086292266846	1	16846.260000000002	0.0
159	input_spectra/bkgrnd-marine-broth.mzML	2043	0	359.196111043294	1	16857.780000000002	0.0
159	input_spectra/bkgrnd-marine-broth.mzML	2044	0	359.196111043294	1	16869.239999999998	0.0
27	input_spectra/bkgrnd-marine-broth.mzML	2045	0	131.05034383138	1	16880.760000000002	0.0
28	input_spectra/bkgrnd-marine-broth.mzML	2046	0	131.05034383138	1	16892.219999999998	0.0
38	input_spectra/bkgrnd-marine-broth.mzML	2047	0	149.061024983724	1	16903.68	0.0
39	input_spectra/bkgrnd-marine-broth.mzML	2048	0	149.061024983724	1	16915.2	0.0
9	input_spectra/bkgrnd-marine-broth.mzML	2049	0	120.086292266846	1	16977.54	0.0
10	input_spectra/bkgrnd-marine-broth.mzML	2050	0	120.086292266846	1	16989.0	0.0
38	input_spectra/bkgrnd-marine-broth.mzML	2051	0	149.061024983724	1	17000.46	0.0
39	input_spectra/bkgrnd-marine-broth.mzML	2052	0	149.061024983724	1	17011.92	0.0
38	input_spectra/bkgrnd-marine-broth.mzML	2053	0	149.061024983724	1	17051.34	0.0
39	input_spectra/bkgrnd-marine-broth.mzML	2054	0	149.061024983724	1	17062.8	0.0
57	input_spectra/bkgrnd-marine-broth.mzML	2055	0	166.093887329102	1	17102.16	0.0
58	input_spectra/bkgrnd-marine-broth.mzML	2056	0	166.093887329102	1	17113.68	0.0
147	input_spectra/bkgrnd-marine-broth.mzML	2057	0	331.200653076172	1	17125.14	0.0
147	input_spectra/bkgrnd-marine-broth.mzML	2058	0	331.200653076172	1	17136.66	0.0
57	input_spectra/bkgrnd-marine-broth.mzML	2059	0	166.093887329102	1	17176.02	0.0
58	input_spectra/bkgrnd-marine-broth.mzML	2060	0	166.093887329102	1	17187.480000000003	0.0
147	input_spectra/bkgrnd-marine-broth.mzML	2061	0	331.200653076172	1	17199.0	0.0
147	input_spectra/bkgrnd-marine-broth.mzML	2062	0	331.200653076172	1	17210.52	0.0
147	input_spectra/bkgrnd-marine-broth.mzML	2063	0	331.200653076172	1	17249.88	0.0
147	input_spectra/bkgrnd-marine-broth.mzML	2064	0	331.200653076172	1	17261.34	0.0
36	input_spectra/bkgrnd-marine-broth.mzML	2065	0	141.95991734096	1	17272.859999999997	0.0
36	input_spectra/bkgrnd-marine-broth.mzML	2066	0	141.95991734096	1	17284.32	0.0
36	input_spectra/bkgrnd-marine-broth.mzML	2067	0	141.95991734096	1	17323.68	0.0
36	input_spectra/bkgrnd-marine-broth.mzML	2068	0	141.95991734096	1	17335.2	0.0
36	input_spectra/bkgrnd-marine-broth.mzML	2069	0	141.95991734096	1	17374.56	0.0
36	input_spectra/bkgrnd-marine-broth.mzML	2070	0	141.95991734096	1	17386.02	0.0
55	input_spectra/bkgrnd-marine-broth.mzML	2071	0	166.088059743245	1	17497.559999999998	0.0
56	input_spectra/bkgrnd-marine-broth.mzML	2072	0	166.088059743245	1	17509.02	0.0
55	input_spectra/bkgrnd-marine-broth.mzML	2073	0	166.088059743245	1	17548.38	0.0
56	input_spectra/bkgrnd-marine-broth.mzML	2074	0	166.088059743245	1	17559.84	0.0
55	input_spectra/bkgrnd-marine-broth.mzML	2075	0	166.088059743245	1	17599.2	0.0
56	input_spectra/bkgrnd-marine-broth.mzML	2076	0	166.088059743245	1	17610.72	0.0
7	input_spectra/bkgrnd-marine-broth.mzML	2077	0	120.082079569499	1	17622.18	0.0
8	input_spectra/bkgrnd-marine-broth.mzML	2078	0	120.082079569499	1	17633.64	0.0
7	input_spectra/bkgrnd-marine-broth.mzML	2079	0	120.082079569499	1	17673.0	0.0
8	input_spectra/bkgrnd-marine-broth.mzML	2080	0	120.082079569499	1	17684.52	0.0
7	input_spectra/bkgrnd-marine-broth.mzML	2081	0	120.082079569499	1	17723.82	0.0
8	input_spectra/bkgrnd-marine-broth.mzML	2082	0	120.082079569499	1	17735.34	0.0
48	input_spectra/bkgrnd-marine-broth.mzML	2083	0	158.962689717611	1	17822.76	0.0
48	input_spectra/bkgrnd-marine-broth.mzML	2084	0	158.962689717611	1	17834.22	0.0
48	input_spectra/bkgrnd-marine-broth.mzML	2085	0	158.962689717611	1	18234.36	0.0
48	input_spectra/bkgrnd-marine-broth.mzML	2086	0	158.962689717611	1	18245.82	0.0
48	input_spectra/bkgrnd-marine-broth.mzML	2087	0	158.962689717611	1	18297.24	0.0
48	input_spectra/bkgrnd-marine-broth.mzML	2088	0	158.962689717611	1	18308.699999999997	0.0
29	input_spectra/bkgrnd-marine-broth.mzML	2089	0	131.930934906006	1	18396.18	0.0
29	input_spectra/bkgrnd-marine-broth.mzML	2090	0	131.930934906006	1	18407.64	0.0
36	input_spectra/bkgrnd-marine-broth.mzML	2091	0	141.95991734096	1	18447.0	0.0
36	input_spectra/bkgrnd-marine-broth.mzML	2092	0	141.95991734096	1	18458.460000000003	0.0
36	input_spectra/bkgrnd-marine-broth.mzML	2093	0	141.95991734096	1	18497.88	0.0
36	input_spectra/bkgrnd-marine-broth.mzML	2094	0	141.95991734096	1	18509.34	0.0
36	input_spectra/bkgrnd-marine-broth.mzML	2095	0	141.95991734096	1	18548.699999999997	0.0
36	input_spectra/bkgrnd-marine-broth.mzML	2096	0	141.95991734096	1	18560.16	0.0
72	input_spectra/bkgrnd-marine-broth.mzML	2097	0	189.125183105469	1	18599.579999999998	0.0
55	input_spectra/bkgrnd-marine-broth.mzML	2098	0	166.088059743245	1	18650.399999999998	0.0
56	input_spectra/bkgrnd-marine-broth.mzML	2099	0	166.088059743245	1	18661.92	0.0
72	input_spectra/bkgrnd-marine-broth.mzML	2100	0	189.125183105469	1	18673.38	0.0
72	input_spectra/bkgrnd-marine-broth.mzML	2101	0	189.125183105469	1	18684.84	0.0
55	input_spectra/bkgrnd-marine-broth.mzML	2102	0	166.088059743245	1	18724.2	0.0
56	input_spectra/bkgrnd-marine-broth.mzML	2103	0	166.088059743245	1	18735.72	0.0
72	input_spectra/bkgrnd-marine-broth.mzML	2104	0	189.125183105469	1	18747.18	0.0
72	input_spectra/bkgrnd-marine-broth.mzML	2105	0	189.125183105469	1	18758.64	0.0
55	input_spectra/bkgrnd-marine-broth.mzML	2106	0	166.088059743245	1	18798.0	0.0
56	input_spectra/bkgrnd-marine-broth.mzML	2107	0	166.088059743245	1	18809.46	0.0
7	input_spectra/bkgrnd-marine-broth.mzML	2108	0	120.082079569499	1	18820.920000000002	0.0
8	input_spectra/bkgrnd-marine-broth.mzML	2109	0	120.082079569499	1	18832.440000000002	0.0
7	input_spectra/bkgrnd-marine-broth.mzML	2110	0	120.082079569499	1	18871.739999999998	0.0
8	input_spectra/bkgrnd-marine-broth.mzML	2111	0	120.082079569499	1	18883.2	0.0
30	input_spectra/bkgrnd-marine-broth.mzML	2112	0	132.103280318411	1	18894.719999999998	0.0
30	input_spectra/bkgrnd-marine-broth.mzML	2113	0	132.103280318411	1	18906.18	0.0
7	input_spectra/bkgrnd-marine-broth.mzML	2114	0	120.082079569499	1	18945.54	0.0
8	input_spectra/bkgrnd-marine-broth.mzML	2115	0	120.082079569499	1	18957.0	0.0
30	input_spectra/bkgrnd-marine-broth.mzML	2116	0	132.103280318411	1	18968.460000000003	0.0
30	input_spectra/bkgrnd-marine-broth.mzML	2117	0	132.103280318411	1	18979.980000000003	0.0
30	input_spectra/bkgrnd-marine-broth.mzML	2118	0	132.103280318411	1	19019.34	0.0
30	input_spectra/bkgrnd-marine-broth.mzML	2119	0	132.103280318411	1	19030.8	0.0
48	input_spectra/bkgrnd-marine-broth.mzML	2120	0	158.962689717611	1	19467.0	0.0
48	input_spectra/bkgrnd-marine-broth.mzML	2121	0	158.962689717611	1	19478.460000000003	0.0
48	input_spectra/bkgrnd-marine-broth.mzML	2122	0	158.962689717611	1	19541.879999999997	0.0
48	input_spectra/bkgrnd-marine-broth.mzML	2123	0	158.962689717611	1	19553.34	0.0
36	input_spectra/bkgrnd-marine-broth.mzML	2124	0	141.95991734096	1	19604.7	0.0
36	input_spectra/bkgrnd-marine-broth.mzML	2125	0	141.95991734096	1	19616.22	0.0
36	input_spectra/bkgrnd-marine-broth.mzML	2126	0	141.95991734096	1	19655.58	0.0
36	input_spectra/bkgrnd-marine-broth.mzML	2127	0	141.95991734096	1	19667.04	0.0
36	input_spectra/bkgrnd-marine-broth.mzML	2128	0	141.95991734096	1	19706.4	0.0
36	input_spectra/bkgrnd-marine-broth.mzML	2129	0	141.95991734096	1	19717.859999999997	0.0
93	input_spectra/bkgrnd-marine-broth.mzML	2130	0	229.157028198242	1	19769.28	0.0
93	input_spectra/bkgrnd-marine-broth.mzML	2131	0	229.157028198242	1	19780.739999999998	0.0
55	input_spectra/bkgrnd-marine-broth.mzML	2132	0	166.088059743245	1	19820.1	0.0
56	input_spectra/bkgrnd-marine-broth.mzML	2133	0	166.088059743245	1	19831.62	0.0
93	input_spectra/bkgrnd-marine-broth.mzML	2134	0	229.157028198242	1	19843.08	0.0
93	input_spectra/bkgrnd-marine-broth.mzML	2135	0	229.157028198242	1	19854.600000000002	0.0
93	input_spectra/bkgrnd-marine-broth.mzML	2136	0	229.157028198242	1	19893.96	0.0
93	input_spectra/bkgrnd-marine-broth.mzML	2137	0	229.157028198242	1	19905.420000000002	0.0
55	input_spectra/bkgrnd-marine-broth.mzML	2138	0	166.088059743245	1	19916.940000000002	0.0
56	input_spectra/bkgrnd-marine-broth.mzML	2139	0	166.088059743245	1	19928.399999999998	0.0
55	input_spectra/bkgrnd-marine-broth.mzML	2140	0	166.088059743245	1	19967.76	0.0
56	input_spectra/bkgrnd-marine-broth.mzML	2141	0	166.088059743245	1	19979.28	0.0
7	input_spectra/bkgrnd-marine-broth.mzML	2142	0	120.082079569499	1	19990.739999999998	0.0
8	input_spectra/bkgrnd-marine-broth.mzML	2143	0	120.082079569499	1	20002.2	0.0
7	input_spectra/bkgrnd-marine-broth.mzML	2144	0	120.082079569499	1	20053.56	0.0
8	input_spectra/bkgrnd-marine-broth.mzML	2145	0	120.082079569499	1	20065.019999999997	0.0
48	input_spectra/bkgrnd-marine-broth.mzML	2146	0	158.962689717611	1	20104.379999999997	0.0
48	input_spectra/bkgrnd-marine-broth.mzML	2147	0	158.962689717611	1	20115.84	0.0
7	input_spectra/bkgrnd-marine-broth.mzML	2148	0	120.082079569499	1	20127.3	0.0
8	input_spectra/bkgrnd-marine-broth.mzML	2149	0	120.082079569499	1	20138.760000000002	0.0
36	input_spectra/bkgrnd-marine-broth.mzML	2150	0	141.95991734096	1	20743.260000000002	0.0
36	input_spectra/bkgrnd-marine-broth.mzML	2151	0	141.95991734096	1	20754.719999999998	0.0
36	input_spectra/bkgrnd-marine-broth.mzML	2152	0	141.95991734096	1	20794.079999999998	0.0
36	input_spectra/bkgrnd-marine-broth.mzML	2153	0	141.95991734096	1	20805.6	0.0
36	input_spectra/bkgrnd-marine-broth.mzML	2154	0	141.95991734096	1	20844.96	0.0
36	input_spectra/bkgrnd-marine-broth.mzML	2155	0	141.95991734096	1	20856.420000000002	0.0
114	input_spectra/bkgrnd-marine-broth.mzML	2156	0	274.178975423177	1	21641.28	0.0
114	input_spectra/bkgrnd-marine-broth.mzML	2157	0	274.178975423177	1	21652.8	0.0
114	input_spectra/bkgrnd-marine-broth.mzML	2158	0	274.178975423177	1	21692.16	0.0
114	input_spectra/bkgrnd-marine-broth.mzML	2159	0	274.178975423177	1	21703.62	0.0
114	input_spectra/bkgrnd-marine-broth.mzML	2160	0	274.178975423177	1	21743.04	0.0
114	input_spectra/bkgrnd-marine-broth.mzML	2161	0	274.178975423177	1	21754.5	0.0
36	input_spectra/bkgrnd-marine-broth.mzML	2162	0	141.95991734096	1	21918.54	0.0
36	input_spectra/bkgrnd-marine-broth.mzML	2163	0	141.95991734096	1	21930.0	0.0
95	input_spectra/bkgrnd-marine-broth.mzML	2164	0	231.172617594401	1	21941.52	0.0
95	input_spectra/bkgrnd-marine-broth.mzML	2165	0	231.172617594401	1	21992.34	0.0
36	input_spectra/bkgrnd-marine-broth.mzML	2166	0	141.95991734096	1	22015.32	0.0
36	input_spectra/bkgrnd-marine-broth.mzML	2167	0	141.95991734096	1	22026.78	0.0
95	input_spectra/bkgrnd-marine-broth.mzML	2168	0	231.172617594401	1	22066.079999999998	0.0
95	input_spectra/bkgrnd-marine-broth.mzML	2169	0	231.172617594401	1	22077.6	0.0
36	input_spectra/bkgrnd-marine-broth.mzML	2170	0	141.95991734096	1	22089.06	0.0
36	input_spectra/bkgrnd-marine-broth.mzML	2171	0	141.95991734096	1	22100.52	0.0
93	input_spectra/bkgrnd-marine-broth.mzML	2172	0	229.157028198242	1	22717.079999999998	0.0
93	input_spectra/bkgrnd-marine-broth.mzML	2173	0	229.157028198242	1	22728.54	0.0
93	input_spectra/bkgrnd-marine-broth.mzML	2174	0	229.157028198242	1	22767.899999999998	0.0
93	input_spectra/bkgrnd-marine-broth.mzML	2175	0	229.157028198242	1	22779.36	0.0
93	input_spectra/bkgrnd-marine-broth.mzML	2176	0	229.157028198242	1	22818.78	0.0
93	input_spectra/bkgrnd-marine-broth.mzML	2177	0	229.157028198242	1	22830.24	0.0
36	input_spectra/bkgrnd-marine-broth.mzML	2178	0	141.95991734096	1	23098.08	0.0
36	input_spectra/bkgrnd-marine-broth.mzML	2179	0	141.95991734096	1	23109.54	0.0
36	input_spectra/bkgrnd-marine-broth.mzML	2180	0	141.95991734096	1	23148.96	0.0
36	input_spectra/bkgrnd-marine-broth.mzML	2181	0	141.95991734096	1	23160.420000000002	0.0
36	input_spectra/bkgrnd-marine-broth.mzML	2182	0	141.95991734096	1	23199.78	0.0
36	input_spectra/bkgrnd-marine-broth.mzML	2183	0	141.95991734096	1	23211.239999999998	0.0
93	input_spectra/bkgrnd-marine-broth.mzML	2184	0	229.157028198242	1	23863.86	0.0
93	input_spectra/bkgrnd-marine-broth.mzML	2185	0	229.157028198242	1	23875.38	0.0
227	input_spectra/bkgrnd-marine-broth.mzML	2186	0	527.287231445313	1	23886.9	0.0
227	input_spectra/bkgrnd-marine-broth.mzML	2187	0	527.287231445313	1	23898.420000000002	0.0
93	input_spectra/bkgrnd-marine-broth.mzML	2188	0	229.157028198242	1	23937.780000000002	0.0
93	input_spectra/bkgrnd-marine-broth.mzML	2189	0	229.157028198242	1	23949.3	0.0
93	input_spectra/bkgrnd-marine-broth.mzML	2190	0	229.157028198242	1	23988.6	0.0
93	input_spectra/bkgrnd-marine-broth.mzML	2191	0	229.157028198242	1	24000.12	0.0
291	input_spectra/bkgrnd-marine-broth.mzML	2192	0	922.434387207031	1	24063.059999999998	0.0
284	input_spectra/bkgrnd-marine-broth.mzML	2193	0	756.358744303385	1	24114.0	0.0
284	input_spectra/bkgrnd-marine-broth.mzML	2194	0	756.358744303385	1	24164.88	0.0
284	input_spectra/bkgrnd-marine-broth.mzML	2195	0	756.358744303385	1	24215.760000000002	0.0
265	input_spectra/bkgrnd-marine-broth.mzML	2196	0	618.330220540365	1	24250.44	0.0
266	input_spectra/bkgrnd-marine-broth.mzML	2197	0	618.330220540365	1	24261.96	0.0
285	input_spectra/bkgrnd-marine-broth.mzML	2198	0	783.443644205729	1	24273.48	0.0
286	input_spectra/bkgrnd-marine-broth.mzML	2199	0	783.443644205729	1	24285.059999999998	0.0
285	input_spectra/bkgrnd-marine-broth.mzML	2200	0	783.443644205729	1	24324.42	0.0
286	input_spectra/bkgrnd-marine-broth.mzML	2201	0	783.443644205729	1	24335.94	0.0
265	input_spectra/bkgrnd-marine-broth.mzML	2202	0	618.330220540365	1	24347.519999999997	0.0
266	input_spectra/bkgrnd-marine-broth.mzML	2203	0	618.330220540365	1	24359.039999999997	0.0
298	input_spectra/bkgrnd-marine-broth.mzML	2204	0	1105.584289550781	1	24370.620000000003	0.0
287	input_spectra/bkgrnd-marine-broth.mzML	2205	0	811.401672363281	1	24405.3	0.0
265	input_spectra/bkgrnd-marine-broth.mzML	2206	0	618.330220540365	1	24444.66	0.0
266	input_spectra/bkgrnd-marine-broth.mzML	2207	0	618.330220540365	1	24456.18	0.0
285	input_spectra/bkgrnd-marine-broth.mzML	2208	0	783.443644205729	1	24467.76	0.0
286	input_spectra/bkgrnd-marine-broth.mzML	2209	0	783.443644205729	1	24479.28	0.0
298	input_spectra/bkgrnd-marine-broth.mzML	2210	0	1105.584289550781	1	24490.86	0.0
299	input_spectra/bkgrnd-marine-broth.mzML	2211	0	1106.570190429688	1	24564.96	0.0
300	input_spectra/bkgrnd-marine-broth.mzML	2212	0	1106.570190429688	1	24576.539999999997	0.0
250	input_spectra/bkgrnd-marine-broth.mzML	2213	0	584.30995686849	1	24622.68	0.0
206	input_spectra/bkgrnd-marine-broth.mzML	2214	0	488.240407307943	1	24685.2	0.0
206	input_spectra/bkgrnd-marine-broth.mzML	2215	0	488.240407307943	1	24696.72	0.0
262	input_spectra/bkgrnd-marine-broth.mzML	2216	0	615.315612792969	1	24708.239999999998	0.0
263	input_spectra/bkgrnd-marine-broth.mzML	2217	0	615.315612792969	1	24719.76	0.0
206	input_spectra/bkgrnd-marine-broth.mzML	2218	0	488.240407307943	1	24828.54	0.0
206	input_spectra/bkgrnd-marine-broth.mzML	2219	0	488.240407307943	1	24840.059999999998	0.0
177	input_spectra/bkgrnd-marine-broth.mzML	2220	0	430.233734130859	1	24851.579999999998	0.0
177	input_spectra/bkgrnd-marine-broth.mzML	2221	0	430.233734130859	1	24863.04	0.0
137	input_spectra/bkgrnd-marine-broth.mzML	2222	0	318.133056640625	1	24874.56	0.0
206	input_spectra/bkgrnd-marine-broth.mzML	2223	0	488.240407307943	1	24925.44	0.0
206	input_spectra/bkgrnd-marine-broth.mzML	2224	0	488.240407307943	1	24936.96	0.0
177	input_spectra/bkgrnd-marine-broth.mzML	2225	0	430.233734130859	1	24948.48	0.0
177	input_spectra/bkgrnd-marine-broth.mzML	2226	0	430.233734130859	1	24959.940000000002	0.0
249	input_spectra/bkgrnd-marine-broth.mzML	2227	0	584.30995686849	1	24999.36	0.0
250	input_spectra/bkgrnd-marine-broth.mzML	2228	0	584.30995686849	1	25010.88	0.0
177	input_spectra/bkgrnd-marine-broth.mzML	2229	0	430.233734130859	1	25022.4	0.0
177	input_spectra/bkgrnd-marine-broth.mzML	2230	0	430.233734130859	1	25033.86	0.0
197	input_spectra/bkgrnd-marine-broth.mzML	2231	0	460.244934082031	1	25045.38	0.0
197	input_spectra/bkgrnd-marine-broth.mzML	2232	0	460.244934082031	1	25056.9	0.0
249	input_spectra/bkgrnd-marine-broth.mzML	2233	0	584.30995686849	1	25096.260000000002	0.0
250	input_spectra/bkgrnd-marine-broth.mzML	2234	0	584.30995686849	1	25107.780000000002	0.0
302	input_spectra/bkgrnd-marine-broth.mzML	2235	0	1149.564208984375	1	25147.140000000003	0.0
301	input_spectra/bkgrnd-marine-broth.mzML	2236	0	1149.564208984375	1	25158.72	0.0
302	input_spectra/bkgrnd-marine-broth.mzML	2237	0	1149.564208984375	1	25198.08	0.0
301	input_spectra/bkgrnd-marine-broth.mzML	2238	0	1149.564208984375	1	25209.66	0.0
297	input_spectra/bkgrnd-marine-broth.mzML	2239	0	1064.546752929688	1	25352.58	0.0
175	input_spectra/bkgrnd-marine-broth.mzML	2240	0	428.254776000977	1	25364.16	0.0
175	input_spectra/bkgrnd-marine-broth.mzML	2241	0	428.254776000977	1	25375.68	0.0
195	input_spectra/bkgrnd-marine-broth.mzML	2242	0	456.249816894531	1	25410.420000000002	0.0
195	input_spectra/bkgrnd-marine-broth.mzML	2243	0	456.249816894531	1	25421.940000000002	0.0
175	input_spectra/bkgrnd-marine-broth.mzML	2244	0	428.254776000977	1	25484.4	0.0
175	input_spectra/bkgrnd-marine-broth.mzML	2245	0	428.254776000977	1	25495.920000000002	0.0
240	input_spectra/bkgrnd-marine-broth.mzML	2246	0	557.298522949219	1	25507.440000000002	0.0
240	input_spectra/bkgrnd-marine-broth.mzML	2247	0	557.298522949219	1	25518.96	0.0
296	input_spectra/bkgrnd-marine-broth.mzML	2248	0	1007.525634765625	1	25542.06	0.0
196	input_spectra/bkgrnd-marine-broth.mzML	2249	0	458.265899658203	1	25553.64	0.0
196	input_spectra/bkgrnd-marine-broth.mzML	2250	0	458.265899658203	1	25565.16	0.0
183	input_spectra/bkgrnd-marine-broth.mzML	2251	0	440.25493367513	1	25627.68	0.0
183	input_spectra/bkgrnd-marine-broth.mzML	2252	0	440.25493367513	1	25639.2	0.0
295	input_spectra/bkgrnd-marine-broth.mzML	2253	0	1007.525634765625	1	25650.84	0.0
296	input_spectra/bkgrnd-marine-broth.mzML	2254	0	1007.525634765625	1	25662.36	0.0
220	input_spectra/bkgrnd-marine-broth.mzML	2255	0	522.224914550781	1	25673.94	0.0
220	input_spectra/bkgrnd-marine-broth.mzML	2256	0	522.224914550781	1	25685.46	0.0
196	input_spectra/bkgrnd-marine-broth.mzML	2257	0	458.265899658203	1	25696.92	0.0
183	input_spectra/bkgrnd-marine-broth.mzML	2258	0	440.25493367513	1	25747.859999999997	0.0
183	input_spectra/bkgrnd-marine-broth.mzML	2259	0	440.25493367513	1	25759.379999999997	0.0
256	input_spectra/bkgrnd-marine-broth.mzML	2260	0	612.341369628906	1	25770.899999999998	0.0
257	input_spectra/bkgrnd-marine-broth.mzML	2261	0	612.341369628906	1	25782.42	0.0
215	input_spectra/bkgrnd-marine-broth.mzML	2262	0	511.292541503906	1	25817.100000000002	0.0
215	input_spectra/bkgrnd-marine-broth.mzML	2263	0	511.292541503906	1	25828.56	0.0
220	input_spectra/bkgrnd-marine-broth.mzML	2264	0	522.224914550781	1	25840.08	0.0
251	input_spectra/bkgrnd-marine-broth.mzML	2265	0	586.325286865234	1	25891.02	0.0
251	input_spectra/bkgrnd-marine-broth.mzML	2266	0	586.325286865234	1	25902.480000000003	0.0
150	input_spectra/bkgrnd-marine-broth.mzML	2267	0	344.231323242188	1	25914.0	0.0
150	input_spectra/bkgrnd-marine-broth.mzML	2268	0	344.231323242188	1	25925.52	0.0
183	input_spectra/bkgrnd-marine-broth.mzML	2269	0	440.25493367513	1	25937.04	0.0
183	input_spectra/bkgrnd-marine-broth.mzML	2270	0	440.25493367513	1	25948.56	0.0
215	input_spectra/bkgrnd-marine-broth.mzML	2271	0	511.292541503906	1	25960.019999999997	0.0
215	input_spectra/bkgrnd-marine-broth.mzML	2272	0	511.292541503906	1	25971.539999999997	0.0
78	input_spectra/bkgrnd-marine-broth.mzML	2273	0	205.099311828613	1	26033.94	0.0
79	input_spectra/bkgrnd-marine-broth.mzML	2274	0	205.099311828613	1	26045.399999999998	0.0
68	input_spectra/bkgrnd-marine-broth.mzML	2275	0	188.072463989258	1	26056.86	0.0
69	input_spectra/bkgrnd-marine-broth.mzML	2276	0	188.072463989258	1	26068.38	0.0
251	input_spectra/bkgrnd-marine-broth.mzML	2277	0	586.325286865234	1	26079.9	0.0
78	input_spectra/bkgrnd-marine-broth.mzML	2278	0	205.099311828613	1	26176.92	0.0
79	input_spectra/bkgrnd-marine-broth.mzML	2279	0	205.099311828613	1	26188.38	0.0
68	input_spectra/bkgrnd-marine-broth.mzML	2280	0	188.072463989258	1	26199.9	0.0
69	input_spectra/bkgrnd-marine-broth.mzML	2281	0	188.072463989258	1	26211.36	0.0
258	input_spectra/bkgrnd-marine-broth.mzML	2282	0	612.341369628906	1	26222.94	0.0
258	input_spectra/bkgrnd-marine-broth.mzML	2283	0	612.341369628906	1	26234.46	0.0
290	input_spectra/bkgrnd-marine-broth.mzML	2284	0	871.461029052734	1	26257.559999999998	0.0
111	input_spectra/bkgrnd-marine-broth.mzML	2285	0	263.141876220703	1	26269.079999999998	0.0
111	input_spectra/bkgrnd-marine-broth.mzML	2286	0	263.141876220703	1	26280.6	0.0
164	input_spectra/bkgrnd-marine-broth.mzML	2287	0	388.258239746094	1	26319.96	0.0
164	input_spectra/bkgrnd-marine-broth.mzML	2288	0	388.258239746094	1	26331.48	0.0
259	input_spectra/bkgrnd-marine-broth.mzML	2289	0	612.341369628906	1	26365.98	0.0
259	input_spectra/bkgrnd-marine-broth.mzML	2290	0	612.341369628906	1	26377.5	0.0
294	input_spectra/bkgrnd-marine-broth.mzML	2291	0	947.457214355469	1	26400.66	0.0
260	input_spectra/bkgrnd-marine-broth.mzML	2292	0	614.357238769531	1	26463.120000000003	0.0
260	input_spectra/bkgrnd-marine-broth.mzML	2293	0	614.357238769531	1	26474.640000000003	0.0
164	input_spectra/bkgrnd-marine-broth.mzML	2294	0	388.258239746094	1	26486.16	0.0
294	input_spectra/bkgrnd-marine-broth.mzML	2295	0	947.457214355469	1	26520.84	0.0
163	input_spectra/bkgrnd-marine-broth.mzML	2296	0	385.249328613281	1	26532.36	0.0
163	input_spectra/bkgrnd-marine-broth.mzML	2297	0	385.249328613281	1	26543.88	0.0
180	input_spectra/bkgrnd-marine-broth.mzML	2298	0	432.285171508789	1	26606.22	0.0
180	input_spectra/bkgrnd-marine-broth.mzML	2299	0	432.285171508789	1	26617.74	0.0
282	input_spectra/bkgrnd-marine-broth.mzML	2300	0	743.401062011719	1	26629.260000000002	0.0
283	input_spectra/bkgrnd-marine-broth.mzML	2301	0	743.401062011719	1	26640.84	0.0
260	input_spectra/bkgrnd-marine-broth.mzML	2302	0	614.357238769531	1	26675.399999999998	0.0
260	input_spectra/bkgrnd-marine-broth.mzML	2303	0	614.357238769531	1	26686.92	0.0
170	input_spectra/bkgrnd-marine-broth.mzML	2304	0	415.257965087891	1	26698.44	0.0
180	input_spectra/bkgrnd-marine-broth.mzML	2305	0	432.285171508789	1	26749.32	0.0
180	input_spectra/bkgrnd-marine-broth.mzML	2306	0	432.285171508789	1	26760.78	0.0
182	input_spectra/bkgrnd-marine-broth.mzML	2307	0	437.240173339844	1	26783.82	0.0
200	input_spectra/bkgrnd-marine-broth.mzML	2308	0	476.311747233073	1	26795.34	0.0
200	input_spectra/bkgrnd-marine-broth.mzML	2309	0	476.311747233073	1	26806.86	0.0
305	input_spectra/bkgrnd-marine-broth.mzML	2310	0	1216.558837890625	1	26841.48	0.0
306	input_spectra/bkgrnd-marine-broth.mzML	2311	0	1216.558837890625	1	26853.059999999998	0.0
200	input_spectra/bkgrnd-marine-broth.mzML	2312	0	476.311747233073	1	26892.42	0.0
200	input_spectra/bkgrnd-marine-broth.mzML	2313	0	476.311747233073	1	26903.94	0.0
92	input_spectra/bkgrnd-marine-broth.mzML	2314	0	227.141393025716	1	26938.44	0.0
92	input_spectra/bkgrnd-marine-broth.mzML	2315	0	227.141393025716	1	26949.96	0.0
303	input_spectra/bkgrnd-marine-broth.mzML	2316	0	1200.565185546875	1	26961.600000000002	0.0
304	input_spectra/bkgrnd-marine-broth.mzML	2317	0	1200.565185546875	1	26973.120000000003	0.0
305	input_spectra/bkgrnd-marine-broth.mzML	2318	0	1216.558837890625	1	26984.7	0.0
219	input_spectra/bkgrnd-marine-broth.mzML	2319	0	520.338562011719	1	27035.64	0.0
219	input_spectra/bkgrnd-marine-broth.mzML	2320	0	520.338562011719	1	27047.16	0.0
200	input_spectra/bkgrnd-marine-broth.mzML	2321	0	476.311747233073	1	27058.68	0.0
200	input_spectra/bkgrnd-marine-broth.mzML	2322	0	476.311747233073	1	27070.2	0.0
92	input_spectra/bkgrnd-marine-broth.mzML	2323	0	227.141393025716	1	27081.72	0.0
92	input_spectra/bkgrnd-marine-broth.mzML	2324	0	227.141393025716	1	27093.18	0.0
223	input_spectra/bkgrnd-marine-broth.mzML	2325	0	525.293518066406	1	27116.22	0.0
303	input_spectra/bkgrnd-marine-broth.mzML	2326	0	1200.565185546875	1	27127.859999999997	0.0
219	input_spectra/bkgrnd-marine-broth.mzML	2327	0	520.338562011719	1	27178.800000000003	0.0
219	input_spectra/bkgrnd-marine-broth.mzML	2328	0	520.338562011719	1	27190.32	0.0
243	input_spectra/bkgrnd-marine-broth.mzML	2329	0	564.364949544271	1	27224.88	0.0
243	input_spectra/bkgrnd-marine-broth.mzML	2330	0	564.364949544271	1	27236.4	0.0
91	input_spectra/bkgrnd-marine-broth.mzML	2331	0	227.141393025716	1	27247.920000000002	0.0
92	input_spectra/bkgrnd-marine-broth.mzML	2332	0	227.141393025716	1	27259.379999999997	0.0
243	input_spectra/bkgrnd-marine-broth.mzML	2333	0	564.364949544271	1	27321.84	0.0
243	input_spectra/bkgrnd-marine-broth.mzML	2334	0	564.364949544271	1	27333.36	0.0
244	input_spectra/bkgrnd-marine-broth.mzML	2335	0	569.3232421875	1	27356.34	0.0
219	input_spectra/bkgrnd-marine-broth.mzML	2336	0	520.338562011719	1	27390.899999999998	0.0
254	input_spectra/bkgrnd-marine-broth.mzML	2337	0	608.391581217448	1	27413.94	0.0
254	input_spectra/bkgrnd-marine-broth.mzML	2338	0	608.391581217448	1	27425.46	0.0
254	input_spectra/bkgrnd-marine-broth.mzML	2339	0	608.391581217448	1	27464.82	0.0
254	input_spectra/bkgrnd-marine-broth.mzML	2340	0	608.391581217448	1	27476.34	0.0
110	input_spectra/bkgrnd-marine-broth.mzML	2341	0	261.126291910807	1	27487.859999999997	0.0
110	input_spectra/bkgrnd-marine-broth.mzML	2342	0	261.126291910807	1	27499.379999999997	0.0
243	input_spectra/bkgrnd-marine-broth.mzML	2343	0	564.364949544271	1	27533.94	0.0
243	input_spectra/bkgrnd-marine-broth.mzML	2344	0	564.364949544271	1	27545.46	0.0
171	input_spectra/bkgrnd-marine-broth.mzML	2345	0	419.233673095703	1	27556.98	0.0
171	input_spectra/bkgrnd-marine-broth.mzML	2346	0	419.233673095703	1	27568.5	0.0
254	input_spectra/bkgrnd-marine-broth.mzML	2347	0	608.391581217448	1	27607.859999999997	0.0
254	input_spectra/bkgrnd-marine-broth.mzML	2348	0	608.391581217448	1	27619.379999999997	0.0
2	input_spectra/bkgrnd-marine-broth.mzML	2349	0	117.074203491211	1	27653.94	0.0
2	input_spectra/bkgrnd-marine-broth.mzML	2350	0	117.074203491211	1	27665.399999999998	0.0
276	input_spectra/bkgrnd-marine-broth.mzML	2351	0	696.444763183594	1	27750.899999999998	0.0
276	input_spectra/bkgrnd-marine-broth.mzML	2352	0	696.444763183594	1	27762.42	0.0
268	input_spectra/bkgrnd-marine-broth.mzML	2353	0	652.41796875	1	27773.94	0.0
268	input_spectra/bkgrnd-marine-broth.mzML	2354	0	652.41796875	1	27785.46	0.0
2	input_spectra/bkgrnd-marine-broth.mzML	2355	0	117.074203491211	1	27796.98	0.0
2	input_spectra/bkgrnd-marine-broth.mzML	2356	0	117.074203491211	1	27808.44	0.0
281	input_spectra/bkgrnd-marine-broth.mzML	2357	0	740.471008300781	1	27893.88	0.0
281	input_spectra/bkgrnd-marine-broth.mzML	2358	0	740.471008300781	1	27905.399999999998	0.0
2	input_spectra/bkgrnd-marine-broth.mzML	2359	0	117.074203491211	1	27916.98	0.0
2	input_spectra/bkgrnd-marine-broth.mzML	2360	0	117.074203491211	1	27928.44	0.0
276	input_spectra/bkgrnd-marine-broth.mzML	2361	0	696.444763183594	1	27940.019999999997	0.0
102	input_spectra/bkgrnd-marine-broth.mzML	2362	0	243.13648223877	1	27963.059999999998	0.0
109	input_spectra/bkgrnd-marine-broth.mzML	2363	0	261.126291910807	1	28013.94	0.0
102	input_spectra/bkgrnd-marine-broth.mzML	2364	0	243.13648223877	1	28036.92	0.0
81	input_spectra/bkgrnd-marine-broth.mzML	2365	0	211.146428426107	1	28315.26	0.0
81	input_spectra/bkgrnd-marine-broth.mzML	2366	0	211.146428426107	1	28326.78	0.0
81	input_spectra/bkgrnd-marine-broth.mzML	2367	0	211.146428426107	1	28366.14	0.0
81	input_spectra/bkgrnd-marine-broth.mzML	2368	0	211.146428426107	1	28377.6	0.0
81	input_spectra/bkgrnd-marine-broth.mzML	2369	0	211.146428426107	1	28417.02	0.0
81	input_spectra/bkgrnd-marine-broth.mzML	2370	0	211.146428426107	1	28428.48	0.0
103	input_spectra/bkgrnd-marine-broth.mzML	2371	0	245.130767822266	1	28876.68	0.0
103	input_spectra/bkgrnd-marine-broth.mzML	2372	0	245.130767822266	1	28888.14	0.0
141	input_spectra/bkgrnd-marine-broth.mzML	2373	0	328.273207122204	1	32234.280000000002	0.0
139	input_spectra/bkgrnd-marine-broth.mzML	2374	0	328.273207122204	1	32245.739999999998	0.0
139	input_spectra/bkgrnd-marine-broth.mzML	2375	0	328.273207122204	1	32465.52	0.0
143	input_spectra/bkgrnd-marine-broth.mzML	2376	0	328.273207122204	1	32476.98	0.0
138	input_spectra/bkgrnd-marine-broth.mzML	2377	0	328.273207122204	1	32528.399999999998	0.0
138	input_spectra/bkgrnd-marine-broth.mzML	2378	0	328.273207122204	1	32539.92	0.0
115	input_spectra/bkgrnd-marine-broth.mzML	2379	0	274.277679443359	1	32551.38	0.0
115	input_spectra/bkgrnd-marine-broth.mzML	2380	0	274.277679443359	1	32602.26	0.0
115	input_spectra/bkgrnd-marine-broth.mzML	2381	0	274.277679443359	1	32613.72	0.0
115	input_spectra/bkgrnd-marine-broth.mzML	2382	0	274.277679443359	1	32653.079999999998	0.0
199	input_spectra/bkgrnd-marine-broth.mzML	2383	0	466.323577880859	1	32958.78	0.0
198	input_spectra/bkgrnd-marine-broth.mzML	2384	0	466.323577880859	1	33021.18	0.0
199	input_spectra/bkgrnd-marine-broth.mzML	2385	0	466.323577880859	1	33032.64	0.0
235	input_spectra/bkgrnd-marine-broth.mzML	2386	0	534.361673990885	1	33044.159999999996	0.0
235	input_spectra/bkgrnd-marine-broth.mzML	2387	0	534.361673990885	1	33055.68	0.0
235	input_spectra/bkgrnd-marine-broth.mzML	2388	0	534.361673990885	1	33164.1	0.0
235	input_spectra/bkgrnd-marine-broth.mzML	2389	0	534.361673990885	1	33175.62	0.0
292	input_spectra/bkgrnd-marine-broth.mzML	2390	0	931.638000488281	1	33210.24	0.0
235	input_spectra/bkgrnd-marine-broth.mzML	2391	0	534.361673990885	1	33261.18	0.0
235	input_spectra/bkgrnd-marine-broth.mzML	2392	0	534.361673990885	1	33272.7	0.0
138	input_spectra/bkgrnd-marine-broth.mzML	2393	0	328.273207122204	1	33611.64	0.0
145	input_spectra/bkgrnd-marine-broth.mzML	2394	0	328.273207122204	1	33623.159999999996	0.0
139	input_spectra/bkgrnd-marine-broth.mzML	2395	0	328.273207122204	1	33662.46000000001	0.0
138	input_spectra/bkgrnd-marine-broth.mzML	2396	0	328.273207122204	1	33673.979999999996	0.0
142	input_spectra/bkgrnd-marine-broth.mzML	2397	0	328.273207122204	1	33713.340000000004	0.0
145	input_spectra/bkgrnd-marine-broth.mzML	2398	0	328.273207122204	1	33724.86	0.0
94	input_spectra/bkgrnd-marine-broth.mzML	2399	0	230.25151570638	1	34557.840000000004	0.0
94	input_spectra/bkgrnd-marine-broth.mzML	2400	0	230.25151570638	1	34569.299999999996	0.0
94	input_spectra/bkgrnd-marine-broth.mzML	2401	0	230.25151570638	1	34608.72	0.0
94	input_spectra/bkgrnd-marine-broth.mzML	2402	0	230.25151570638	1	34620.18	0.0
94	input_spectra/bkgrnd-marine-broth.mzML	2403	0	230.25151570638	1	34659.54	0.0
94	input_spectra/bkgrnd-marine-broth.mzML	2404	0	230.25151570638	1	34671.06	0.0
138	input_spectra/bkgrnd-marine-broth.mzML	2405	0	328.273207122204	1	34746.479999999996	0.0
143	input_spectra/bkgrnd-marine-broth.mzML	2406	0	328.273207122204	1	34757.94	0.0
139	input_spectra/bkgrnd-marine-broth.mzML	2407	0	328.273207122204	1	34797.36	0.0
141	input_spectra/bkgrnd-marine-broth.mzML	2408	0	328.273207122204	1	34808.82	0.0
140	input_spectra/bkgrnd-marine-broth.mzML	2409	0	328.273207122204	1	34848.18	0.0
145	input_spectra/bkgrnd-marine-broth.mzML	2410	0	328.273207122204	1	34859.7	0.0
233	input_spectra/bkgrnd-marine-broth.mzML	2411	0	533.332600911458	1	35680.62	0.0
234	input_spectra/bkgrnd-marine-broth.mzML	2412	0	533.332600911458	1	35692.14	0.0
233	input_spectra/bkgrnd-marine-broth.mzML	2413	0	533.332600911458	1	35731.56	0.0
233	input_spectra/bkgrnd-marine-broth.mzML	2414	0	533.332600911458	1	35805.36	0.0
211	input_spectra/bkgrnd-marine-broth.mzML	2415	0	498.295522054036	1	35828.4	0.0
210	input_spectra/bkgrnd-marine-broth.mzML	2416	0	498.295522054036	1	35839.92	0.0
211	input_spectra/bkgrnd-marine-broth.mzML	2417	0	498.295522054036	1	35879.280000000006	0.0
143	input_spectra/bkgrnd-marine-broth.mzML	2418	0	328.273207122204	1	35941.68	0.0
141	input_spectra/bkgrnd-marine-broth.mzML	2419	0	328.273207122204	1	35980.979999999996	0.0
144	input_spectra/bkgrnd-marine-broth.mzML	2420	0	328.273207122204	1	35992.5	0.0
141	input_spectra/bkgrnd-marine-broth.mzML	2421	0	328.273207122204	1	36031.86	0.0
144	input_spectra/bkgrnd-marine-broth.mzML	2422	0	328.273207122204	1	36043.32	0.0
161	input_spectra/bkgrnd-marine-broth.mzML	2423	0	373.279357910156	1	36974.76	0.0
156	input_spectra/bkgrnd-marine-broth.mzML	2424	0	355.268636067708	1	37020.719999999994	0.0
161	input_spectra/bkgrnd-marine-broth.mzML	2425	0	373.279357910156	1	37071.6	0.0
288	input_spectra/bkgrnd-marine-broth.mzML	2426	0	817.595153808594	1	37106.22	0.0
288	input_spectra/bkgrnd-marine-broth.mzML	2427	0	817.595153808594	1	37117.74	0.0
201	input_spectra/bkgrnd-marine-broth.mzML	2428	0	477.339263916016	1	37152.3	0.0
201	input_spectra/bkgrnd-marine-broth.mzML	2429	0	477.339263916016	1	37163.82	0.0
139	input_spectra/bkgrnd-marine-broth.mzML	2430	0	328.273207122204	1	37203.18	0.0
144	input_spectra/bkgrnd-marine-broth.mzML	2431	0	328.273207122204	1	37214.7	0.0
156	input_spectra/bkgrnd-marine-broth.mzML	2432	0	355.268636067708	1	37260.659999999996	0.0
140	input_spectra/bkgrnd-marine-broth.mzML	2433	0	328.273207122204	1	37300.08	0.0
144	input_spectra/bkgrnd-marine-broth.mzML	2434	0	328.273207122204	1	37311.54	0.0
140	input_spectra/bkgrnd-marine-broth.mzML	2435	0	328.273207122204	1	37350.9	0.0
141	input_spectra/bkgrnd-marine-broth.mzML	2436	0	328.273207122204	1	37362.42	0.0
106	input_spectra/bkgrnd-marine-broth.mzML	2437	0	258.283406575521	1	38353.44	0.0
106	input_spectra/bkgrnd-marine-broth.mzML	2438	0	258.283406575521	1	38364.899999999994	0.0
140	input_spectra/bkgrnd-marine-broth.mzML	2439	0	328.273207122204	1	38404.26	0.0
145	input_spectra/bkgrnd-marine-broth.mzML	2440	0	328.273207122204	1	38415.78	0.0
106	input_spectra/bkgrnd-marine-broth.mzML	2441	0	258.283406575521	1	38450.28	0.0
106	input_spectra/bkgrnd-marine-broth.mzML	2442	0	258.283406575521	1	38461.799999999996	0.0
142	input_spectra/bkgrnd-marine-broth.mzML	2443	0	328.273207122204	1	38501.16	0.0
141	input_spectra/bkgrnd-marine-broth.mzML	2444	0	328.273207122204	1	38512.68	0.0
106	input_spectra/bkgrnd-marine-broth.mzML	2445	0	258.283406575521	1	38524.14	0.0
106	input_spectra/bkgrnd-marine-broth.mzML	2446	0	258.283406575521	1	38535.6	0.0
140	input_spectra/bkgrnd-marine-broth.mzML	2447	0	328.273207122204	1	38575.020000000004	0.0
145	input_spectra/bkgrnd-marine-broth.mzML	2448	0	328.273207122204	1	38586.479999999996	0.0
133	input_spectra/bkgrnd-marine-broth.mzML	2449	0	304.304504394531	1	38962.56	0.0
133	input_spectra/bkgrnd-marine-broth.mzML	2450	0	304.304504394531	1	38974.020000000004	0.0
133	input_spectra/bkgrnd-marine-broth.mzML	2451	0	304.304504394531	1	39013.38	0.0
133	input_spectra/bkgrnd-marine-broth.mzML	2452	0	304.304504394531	1	39024.84	0.0
133	input_spectra/bkgrnd-marine-broth.mzML	2453	0	304.304504394531	1	39064.200000000004	0.0
133	input_spectra/bkgrnd-marine-broth.mzML	2454	0	304.304504394531	1	39075.719999999994	0.0
139	input_spectra/bkgrnd-marine-broth.mzML	2455	0	328.273207122204	1	39608.1	0.0
141	input_spectra/bkgrnd-marine-broth.mzML	2456	0	328.273207122204	1	39619.56	0.0
142	input_spectra/bkgrnd-marine-broth.mzML	2457	0	328.273207122204	1	39658.92	0.0
145	input_spectra/bkgrnd-marine-broth.mzML	2458	0	328.273207122204	1	39670.44	0.0
142	input_spectra/bkgrnd-marine-broth.mzML	2459	0	328.273207122204	1	39709.8	0.0
145	input_spectra/bkgrnd-marine-broth.mzML	2460	0	328.273207122204	1	39721.32	0.0
142	input_spectra/bkgrnd-marine-broth.mzML	2461	0	328.273207122204	1	40746.659999999996	0.0
144	input_spectra/bkgrnd-marine-broth.mzML	2462	0	328.273207122204	1	40758.18	0.0
140	input_spectra/bkgrnd-marine-broth.mzML	2463	0	328.273207122204	1	40797.479999999996	0.0
145	input_spectra/bkgrnd-marine-broth.mzML	2464	0	328.273207122204	1	40809.0	0.0
139	input_spectra/bkgrnd-marine-broth.mzML	2465	0	328.273207122204	1	40848.36	0.0
144	input_spectra/bkgrnd-marine-broth.mzML	2466	0	328.273207122204	1	40859.82	0.0
140	input_spectra/bkgrnd-marine-broth.mzML	2467	0	328.273207122204	1	41885.28	0.0
144	input_spectra/bkgrnd-marine-broth.mzML	2468	0	328.273207122204	1	41896.74	0.0
142	input_spectra/bkgrnd-marine-broth.mzML	2469	0	328.273207122204	1	41936.1	0.0
144	input_spectra/bkgrnd-marine-broth.mzML	2470	0	328.273207122204	1	41947.619999999995	0.0
140	input_spectra/bkgrnd-marine-broth.mzML	2471	0	328.273207122204	1	41986.98	0.0
144	input_spectra/bkgrnd-marine-broth.mzML	2472	0	328.273207122204	1	41998.44	0.0
142	input_spectra/bkgrnd-marine-broth.mzML	2473	0	328.273207122204	1	43023.84	0.0
144	input_spectra/bkgrnd-marine-broth.mzML	2474	0	328.273207122204	1	43035.3	0.0
142	input_spectra/bkgrnd-marine-broth.mzML	2475	0	328.273207122204	1	43074.72	0.0
145	input_spectra/bkgrnd-marine-broth.mzML	2476	0	328.273207122204	1	43086.18	0.0
142	input_spectra/bkgrnd-marine-broth.mzML	2477	0	328.273207122204	1	43125.54	0.0
141	input_spectra/bkgrnd-marine-broth.mzML	2478	0	328.273207122204	1	43137.06	0.0
148	input_spectra/bkgrnd-marine-broth.mzML	2479	0	332.336435953776	1	43176.42	0.0
148	input_spectra/bkgrnd-marine-broth.mzML	2480	0	332.336435953776	1	43187.94	0.0
148	input_spectra/bkgrnd-marine-broth.mzML	2481	0	332.336435953776	1	43227.3	0.0
148	input_spectra/bkgrnd-marine-broth.mzML	2482	0	332.336435953776	1	43238.759999999995	0.0
148	input_spectra/bkgrnd-marine-broth.mzML	2483	0	332.336435953776	1	43278.12	0.0
148	input_spectra/bkgrnd-marine-broth.mzML	2484	0	332.336435953776	1	43289.64	0.0
203	input_spectra/bkgrnd-marine-broth.mzML	2485	0	483.256673177083	1	43635.18	0.0
203	input_spectra/bkgrnd-marine-broth.mzML	2486	0	483.256673177083	1	43646.700000000004	0.0
203	input_spectra/bkgrnd-marine-broth.mzML	2487	0	483.256673177083	1	43686.06	0.0
203	input_spectra/bkgrnd-marine-broth.mzML	2488	0	483.256673177083	1	43697.520000000004	0.0
213	input_spectra/bkgrnd-marine-broth.mzML	2489	0	500.310668945313	1	43709.04	0.0
203	input_spectra/bkgrnd-marine-broth.mzML	2490	0	483.256673177083	1	43759.92	0.0
203	input_spectra/bkgrnd-marine-broth.mzML	2491	0	483.256673177083	1	43771.44	0.0
185	input_spectra/bkgrnd-marine-broth.mzML	2492	0	440.416982014974	1	43955.100000000006	0.0
186	input_spectra/bkgrnd-marine-broth.mzML	2493	0	440.416982014974	1	43966.62	0.0
185	input_spectra/bkgrnd-marine-broth.mzML	2494	0	440.416982014974	1	44005.92	0.0
186	input_spectra/bkgrnd-marine-broth.mzML	2495	0	440.416982014974	1	44017.44	0.0
185	input_spectra/bkgrnd-marine-broth.mzML	2496	0	440.416982014974	1	44056.799999999996	0.0
186	input_spectra/bkgrnd-marine-broth.mzML	2497	0	440.416982014974	1	44068.32	0.0
189	input_spectra/bkgrnd-marine-broth.mzML	2498	0	444.304077148438	1	44143.740000000005	0.0
189	input_spectra/bkgrnd-marine-broth.mzML	2499	0	444.304077148438	1	44155.26	0.0
142	input_spectra/bkgrnd-marine-broth.mzML	2500	0	328.273207122204	1	44194.62	0.0
144	input_spectra/bkgrnd-marine-broth.mzML	2501	0	328.273207122204	1	44206.14	0.0
189	input_spectra/bkgrnd-marine-broth.mzML	2502	0	444.304077148438	1	44217.66	0.0
189	input_spectra/bkgrnd-marine-broth.mzML	2503	0	444.304077148438	1	44229.18	0.0
142	input_spectra/bkgrnd-marine-broth.mzML	2504	0	328.273207122204	1	44268.479999999996	0.0
144	input_spectra/bkgrnd-marine-broth.mzML	2505	0	328.273207122204	1	44280.0	0.0
142	input_spectra/bkgrnd-marine-broth.mzML	2506	0	328.273207122204	1	44319.36	0.0
144	input_spectra/bkgrnd-marine-broth.mzML	2507	0	328.273207122204	1	44330.82	0.0
142	input_spectra/bkgrnd-marine-broth.mzML	2508	0	328.273207122204	1	45368.219999999994	0.0
141	input_spectra/bkgrnd-marine-broth.mzML	2509	0	328.273207122204	1	45379.74	0.0
142	input_spectra/bkgrnd-marine-broth.mzML	2510	0	328.273207122204	1	45419.1	0.0
145	input_spectra/bkgrnd-marine-broth.mzML	2511	0	328.273207122204	1	45430.62	0.0
142	input_spectra/bkgrnd-marine-broth.mzML	2512	0	328.273207122204	1	45469.979999999996	0.0
145	input_spectra/bkgrnd-marine-broth.mzML	2513	0	328.273207122204	1	45481.5	0.0
123	input_spectra/bkgrnd-marine-broth.mzML	2514	0	286.223715888129	1	45713.219999999994	0.0
122	input_spectra/bkgrnd-marine-broth.mzML	2515	0	286.223715888129	1	45724.74	0.0
122	input_spectra/bkgrnd-marine-broth.mzML	2516	0	286.223715888129	1	46076.700000000004	0.0
124	input_spectra/bkgrnd-marine-broth.mzML	2517	0	286.223715888129	1	46088.219999999994	0.0
121	input_spectra/bkgrnd-marine-broth.mzML	2518	0	286.223715888129	1	46380.06	0.0
121	input_spectra/bkgrnd-marine-broth.mzML	2519	0	286.223715888129	1	46391.58	0.0
142	input_spectra/bkgrnd-marine-broth.mzML	2520	0	328.273207122204	1	46503.060000000005	0.0
144	input_spectra/bkgrnd-marine-broth.mzML	2521	0	328.273207122204	1	46514.58	0.0
142	input_spectra/bkgrnd-marine-broth.mzML	2522	0	328.273207122204	1	46553.94	0.0
145	input_spectra/bkgrnd-marine-broth.mzML	2523	0	328.273207122204	1	46565.4	0.0
142	input_spectra/bkgrnd-marine-broth.mzML	2524	0	328.273207122204	1	46604.82	0.0
144	input_spectra/bkgrnd-marine-broth.mzML	2525	0	328.273207122204	1	46616.28	0.0
271	input_spectra/bkgrnd-marine-broth.mzML	2526	0	660.498321533203	1	46920.18	0.0
271	input_spectra/bkgrnd-marine-broth.mzML	2527	0	660.498321533203	1	46931.700000000004	0.0
271	input_spectra/bkgrnd-marine-broth.mzML	2528	0	660.498321533203	1	46971.119999999995	0.0
271	input_spectra/bkgrnd-marine-broth.mzML	2529	0	660.498321533203	1	46982.64	0.0
264	input_spectra/bkgrnd-marine-broth.mzML	2530	0	616.471638997396	1	47094.12	0.0
264	input_spectra/bkgrnd-marine-broth.mzML	2531	0	616.471638997396	1	47105.64	0.0
264	input_spectra/bkgrnd-marine-broth.mzML	2532	0	616.471638997396	1	47145.0	0.0
264	input_spectra/bkgrnd-marine-broth.mzML	2533	0	616.471638997396	1	47156.520000000004	0.0
264	input_spectra/bkgrnd-marine-broth.mzML	2534	0	616.471638997396	1	47195.88	0.0
264	input_spectra/bkgrnd-marine-broth.mzML	2535	0	616.471638997396	1	47207.399999999994	0.0
248	input_spectra/bkgrnd-marine-broth.mzML	2536	0	572.445821126302	1	47391.06	0.0
248	input_spectra/bkgrnd-marine-broth.mzML	2537	0	572.445821126302	1	47402.58	0.0
248	input_spectra/bkgrnd-marine-broth.mzML	2538	0	572.445821126302	1	47441.939999999995	0.0
248	input_spectra/bkgrnd-marine-broth.mzML	2539	0	572.445821126302	1	47453.46	0.0
248	input_spectra/bkgrnd-marine-broth.mzML	2540	0	572.445821126302	1	47492.82	0.0
248	input_spectra/bkgrnd-marine-broth.mzML	2541	0	572.445821126302	1	47504.340000000004	0.0
124	input_spectra/bkgrnd-marine-broth.mzML	2542	0	286.223715888129	1	47555.22	0.0
122	input_spectra/bkgrnd-marine-broth.mzML	2543	0	286.223715888129	1	47594.58	0.0
124	input_spectra/bkgrnd-marine-broth.mzML	2544	0	286.223715888129	1	47606.1	0.0
142	input_spectra/bkgrnd-marine-broth.mzML	2545	0	328.273207122204	1	47645.46	0.0
144	input_spectra/bkgrnd-marine-broth.mzML	2546	0	328.273207122204	1	47656.920000000006	0.0
122	input_spectra/bkgrnd-marine-broth.mzML	2547	0	286.223715888129	1	47668.44	0.0
122	input_spectra/bkgrnd-marine-broth.mzML	2548	0	286.223715888129	1	47679.899999999994	0.0
142	input_spectra/bkgrnd-marine-broth.mzML	2549	0	328.273207122204	1	47719.26	0.0
144	input_spectra/bkgrnd-marine-broth.mzML	2550	0	328.273207122204	1	47730.719999999994	0.0
230	input_spectra/bkgrnd-marine-broth.mzML	2551	0	528.418233235677	1	47742.24	0.0
230	input_spectra/bkgrnd-marine-broth.mzML	2552	0	528.418233235677	1	47753.759999999995	0.0
142	input_spectra/bkgrnd-marine-broth.mzML	2553	0	328.273207122204	1	47793.12	0.0
144	input_spectra/bkgrnd-marine-broth.mzML	2554	0	328.273207122204	1	47804.64	0.0
230	input_spectra/bkgrnd-marine-broth.mzML	2555	0	528.418233235677	1	47816.16	0.0
230	input_spectra/bkgrnd-marine-broth.mzML	2556	0	528.418233235677	1	47827.68	0.0
230	input_spectra/bkgrnd-marine-broth.mzML	2557	0	528.418233235677	1	47867.04	0.0
230	input_spectra/bkgrnd-marine-broth.mzML	2558	0	528.418233235677	1	47878.56	0.0
205	input_spectra/bkgrnd-marine-broth.mzML	2559	0	484.391591389974	1	48070.560000000005	0.0
205	input_spectra/bkgrnd-marine-broth.mzML	2560	0	484.391591389974	1	48082.08	0.0
205	input_spectra/bkgrnd-marine-broth.mzML	2561	0	484.391591389974	1	48121.44	0.0
205	input_spectra/bkgrnd-marine-broth.mzML	2562	0	484.391591389974	1	48132.9	0.0
205	input_spectra/bkgrnd-marine-broth.mzML	2563	0	484.391591389974	1	48172.32	0.0
205	input_spectra/bkgrnd-marine-broth.mzML	2564	0	484.391591389974	1	48183.78	0.0
236	input_spectra/bkgrnd-marine-broth.mzML	2565	0	535.402770996094	1	48375.78	0.0
236	input_spectra/bkgrnd-marine-broth.mzML	2566	0	535.402770996094	1	48387.3	0.0
236	input_spectra/bkgrnd-marine-broth.mzML	2567	0	535.402770996094	1	48426.659999999996	0.0
236	input_spectra/bkgrnd-marine-broth.mzML	2568	0	535.402770996094	1	48438.18	0.0
184	input_spectra/bkgrnd-marine-broth.mzML	2569	0	440.364939371745	1	48477.53999999999	0.0
184	input_spectra/bkgrnd-marine-broth.mzML	2570	0	440.364939371745	1	48528.42	0.0
184	input_spectra/bkgrnd-marine-broth.mzML	2571	0	440.364939371745	1	48539.94	0.0
184	input_spectra/bkgrnd-marine-broth.mzML	2572	0	440.364939371745	1	48602.28	0.0
184	input_spectra/bkgrnd-marine-broth.mzML	2573	0	440.364939371745	1	48613.8	0.0
207	input_spectra/bkgrnd-marine-broth.mzML	2574	0	491.376139322917	1	48648.36	0.0
207	input_spectra/bkgrnd-marine-broth.mzML	2575	0	491.376139322917	1	48659.82	0.0
207	input_spectra/bkgrnd-marine-broth.mzML	2576	0	491.376139322917	1	48722.28	0.0
207	input_spectra/bkgrnd-marine-broth.mzML	2577	0	491.376139322917	1	48733.740000000005	0.0
172	input_spectra/bkgrnd-marine-broth.mzML	2578	0	423.338185628255	1	48745.26	0.0
172	input_spectra/bkgrnd-marine-broth.mzML	2579	0	423.338185628255	1	48756.780000000006	0.0
121	input_spectra/bkgrnd-marine-broth.mzML	2580	0	286.223715888129	1	48768.24	0.0
122	input_spectra/bkgrnd-marine-broth.mzML	2581	0	286.223715888129	1	48779.76	0.0
142	input_spectra/bkgrnd-marine-broth.mzML	2582	0	328.273207122204	1	48819.12	0.0
144	input_spectra/bkgrnd-marine-broth.mzML	2583	0	328.273207122204	1	48830.64	0.0
207	input_spectra/bkgrnd-marine-broth.mzML	2584	0	491.376139322917	1	48842.159999999996	0.0
207	input_spectra/bkgrnd-marine-broth.mzML	2585	0	491.376139322917	1	48853.68	0.0
172	input_spectra/bkgrnd-marine-broth.mzML	2586	0	423.338185628255	1	48865.14	0.0
172	input_spectra/bkgrnd-marine-broth.mzML	2587	0	423.338185628255	1	48876.659999999996	0.0
124	input_spectra/bkgrnd-marine-broth.mzML	2588	0	286.223715888129	1	48888.18	0.0
122	input_spectra/bkgrnd-marine-broth.mzML	2589	0	286.223715888129	1	48899.64	0.0
142	input_spectra/bkgrnd-marine-broth.mzML	2590	0	328.273207122204	1	48939.0	0.0
144	input_spectra/bkgrnd-marine-broth.mzML	2591	0	328.273207122204	1	48950.52	0.0
167	input_spectra/bkgrnd-marine-broth.mzML	2592	0	396.338185628255	1	48985.020000000004	0.0
167	input_spectra/bkgrnd-marine-broth.mzML	2593	0	396.338185628255	1	48996.54	0.0
172	input_spectra/bkgrnd-marine-broth.mzML	2594	0	423.338185628255	1	49008.0	0.0
172	input_spectra/bkgrnd-marine-broth.mzML	2595	0	423.338185628255	1	49019.52	0.0
122	input_spectra/bkgrnd-marine-broth.mzML	2596	0	286.223715888129	1	49031.04	0.0
124	input_spectra/bkgrnd-marine-broth.mzML	2597	0	286.223715888129	1	49042.5	0.0
142	input_spectra/bkgrnd-marine-broth.mzML	2598	0	328.273207122204	1	49081.920000000006	0.0
144	input_spectra/bkgrnd-marine-broth.mzML	2599	0	328.273207122204	1	49093.38	0.0
167	input_spectra/bkgrnd-marine-broth.mzML	2600	0	396.338185628255	1	49127.88	0.0
167	input_spectra/bkgrnd-marine-broth.mzML	2601	0	396.338185628255	1	49139.4	0.0
193	input_spectra/bkgrnd-marine-broth.mzML	2602	0	447.349294026693	1	49162.380000000005	0.0
162	input_spectra/bkgrnd-marine-broth.mzML	2603	0	379.310892740885	1	49173.9	0.0
162	input_spectra/bkgrnd-marine-broth.mzML	2604	0	379.310892740885	1	49185.42	0.0
168	input_spectra/bkgrnd-marine-broth.mzML	2605	0	401.293874104818	1	49224.78	0.0
167	input_spectra/bkgrnd-marine-broth.mzML	2606	0	396.338185628255	1	49247.76	0.0
167	input_spectra/bkgrnd-marine-broth.mzML	2607	0	396.338185628255	1	49259.280000000006	0.0
193	input_spectra/bkgrnd-marine-broth.mzML	2608	0	447.349294026693	1	49270.799999999996	0.0
162	input_spectra/bkgrnd-marine-broth.mzML	2609	0	379.310892740885	1	49293.78	0.0
162	input_spectra/bkgrnd-marine-broth.mzML	2610	0	379.310892740885	1	49305.3	0.0
193	input_spectra/bkgrnd-marine-broth.mzML	2611	0	447.349294026693	1	49344.659999999996	0.0
162	input_spectra/bkgrnd-marine-broth.mzML	2612	0	379.310892740885	1	49367.7	0.0
162	input_spectra/bkgrnd-marine-broth.mzML	2613	0	379.310892740885	1	49379.159999999996	0.0
154	input_spectra/bkgrnd-marine-broth.mzML	2614	0	352.311096191406	1	49516.44	0.0
154	input_spectra/bkgrnd-marine-broth.mzML	2615	0	352.311096191406	1	49527.96	0.0
149	input_spectra/bkgrnd-marine-broth.mzML	2616	0	335.284332275391	1	49562.46000000001	0.0
149	input_spectra/bkgrnd-marine-broth.mzML	2617	0	335.284332275391	1	49573.92	0.0
154	input_spectra/bkgrnd-marine-broth.mzML	2618	0	352.311096191406	1	49636.259999999995	0.0
154	input_spectra/bkgrnd-marine-broth.mzML	2619	0	352.311096191406	1	49647.78	0.0
149	input_spectra/bkgrnd-marine-broth.mzML	2620	0	335.284332275391	1	49682.28	0.0
149	input_spectra/bkgrnd-marine-broth.mzML	2621	0	335.284332275391	1	49693.8	0.0
154	input_spectra/bkgrnd-marine-broth.mzML	2622	0	352.311096191406	1	49733.159999999996	0.0
154	input_spectra/bkgrnd-marine-broth.mzML	2623	0	352.311096191406	1	49744.68	0.0
149	input_spectra/bkgrnd-marine-broth.mzML	2624	0	335.284332275391	1	49779.18	0.0
149	input_spectra/bkgrnd-marine-broth.mzML	2625	0	335.284332275391	1	49790.64	0.0
122	input_spectra/bkgrnd-marine-broth.mzML	2626	0	286.223715888129	1	49926.240000000005	0.0
124	input_spectra/bkgrnd-marine-broth.mzML	2627	0	286.223715888129	1	49937.76	0.0
124	input_spectra/bkgrnd-marine-broth.mzML	2628	0	286.223715888129	1	49977.12	0.0
122	input_spectra/bkgrnd-marine-broth.mzML	2629	0	286.223715888129	1	49988.58	0.0
121	input_spectra/bkgrnd-marine-broth.mzML	2630	0	286.223715888129	1	50028.0	0.0
124	input_spectra/bkgrnd-marine-broth.mzML	2631	0	286.223715888129	1	50039.52	0.0
142	input_spectra/bkgrnd-marine-broth.mzML	2632	0	328.273207122204	1	50078.880000000005	0.0
144	input_spectra/bkgrnd-marine-broth.mzML	2633	0	328.273207122204	1	50090.340000000004	0.0
127	input_spectra/bkgrnd-marine-broth.mzML	2634	0	291.257059733073	1	50124.78	0.0
127	input_spectra/bkgrnd-marine-broth.mzML	2635	0	291.257059733073	1	50136.3	0.0
134	input_spectra/bkgrnd-marine-broth.mzML	2636	0	308.283996582031	1	50147.82	0.0
134	input_spectra/bkgrnd-marine-broth.mzML	2637	0	308.283996582031	1	50159.280000000006	0.0
142	input_spectra/bkgrnd-marine-broth.mzML	2638	0	328.273207122204	1	50198.64	0.0
144	input_spectra/bkgrnd-marine-broth.mzML	2639	0	328.273207122204	1	50210.16	0.0
127	input_spectra/bkgrnd-marine-broth.mzML	2640	0	291.257059733073	1	50244.6	0.0
127	input_spectra/bkgrnd-marine-broth.mzML	2641	0	291.257059733073	1	50256.119999999995	0.0
134	input_spectra/bkgrnd-marine-broth.mzML	2642	0	308.283996582031	1	50267.58	0.0
134	input_spectra/bkgrnd-marine-broth.mzML	2643	0	308.283996582031	1	50279.1	0.0
142	input_spectra/bkgrnd-marine-broth.mzML	2644	0	328.273207122204	1	50318.46	0.0
144	input_spectra/bkgrnd-marine-broth.mzML	2645	0	328.273207122204	1	50329.979999999996	0.0
134	input_spectra/bkgrnd-marine-broth.mzML	2646	0	308.283996582031	1	50387.399999999994	0.0
134	input_spectra/bkgrnd-marine-broth.mzML	2647	0	308.283996582031	1	50398.92	0.0
124	input_spectra/bkgrnd-marine-broth.mzML	2648	0	286.223715888129	1	51063.54	0.0
124	input_spectra/bkgrnd-marine-broth.mzML	2649	0	286.223715888129	1	51075.06	0.0
122	input_spectra/bkgrnd-marine-broth.mzML	2650	0	286.223715888129	1	51114.420000000006	0.0
122	input_spectra/bkgrnd-marine-broth.mzML	2651	0	286.223715888129	1	51125.88	0.0
121	input_spectra/bkgrnd-marine-broth.mzML	2652	0	286.223715888129	1	51165.3	0.0
124	input_spectra/bkgrnd-marine-broth.mzML	2653	0	286.223715888129	1	51176.76	0.0
142	input_spectra/bkgrnd-marine-broth.mzML	2654	0	328.273207122204	1	51312.3	0.0
144	input_spectra/bkgrnd-marine-broth.mzML	2655	0	328.273207122204	1	51323.82	0.0
142	input_spectra/bkgrnd-marine-broth.mzML	2656	0	328.273207122204	1	51363.12	0.0
144	input_spectra/bkgrnd-marine-broth.mzML	2657	0	328.273207122204	1	51374.64	0.0
142	input_spectra/bkgrnd-marine-broth.mzML	2658	0	328.273207122204	1	51414.0	0.0
144	input_spectra/bkgrnd-marine-broth.mzML	2659	0	328.273207122204	1	51425.46	0.0
270	input_spectra/bkgrnd-marine-broth.mzML	2660	0	658.48252360026	1	51549.0	0.0
270	input_spectra/bkgrnd-marine-broth.mzML	2661	0	658.48252360026	1	51560.52	0.0
270	input_spectra/bkgrnd-marine-broth.mzML	2662	0	658.48252360026	1	51599.880000000005	0.0
270	input_spectra/bkgrnd-marine-broth.mzML	2663	0	658.48252360026	1	51611.4	0.0
270	input_spectra/bkgrnd-marine-broth.mzML	2664	0	658.48252360026	1	51650.76	0.0
270	input_spectra/bkgrnd-marine-broth.mzML	2665	0	658.48252360026	1	51662.28	0.0
261	input_spectra/bkgrnd-marine-broth.mzML	2666	0	614.45615641276	1	51906.119999999995	0.0
261	input_spectra/bkgrnd-marine-broth.mzML	2667	0	614.45615641276	1	51917.64	0.0
261	input_spectra/bkgrnd-marine-broth.mzML	2668	0	614.45615641276	1	51957.0	0.0
261	input_spectra/bkgrnd-marine-broth.mzML	2669	0	614.45615641276	1	51968.520000000004	0.0
261	input_spectra/bkgrnd-marine-broth.mzML	2670	0	614.45615641276	1	52007.88	0.0
261	input_spectra/bkgrnd-marine-broth.mzML	2671	0	614.45615641276	1	52019.4	0.0
121	input_spectra/bkgrnd-marine-broth.mzML	2672	0	286.223715888129	1	52203.0	0.0
124	input_spectra/bkgrnd-marine-broth.mzML	2673	0	286.223715888129	1	52214.52	0.0
121	input_spectra/bkgrnd-marine-broth.mzML	2674	0	286.223715888129	1	52253.880000000005	0.0
124	input_spectra/bkgrnd-marine-broth.mzML	2675	0	286.223715888129	1	52265.340000000004	0.0
121	input_spectra/bkgrnd-marine-broth.mzML	2676	0	286.223715888129	1	52304.880000000005	0.0
124	input_spectra/bkgrnd-marine-broth.mzML	2677	0	286.223715888129	1	52316.4	0.0
247	input_spectra/bkgrnd-marine-broth.mzML	2678	0	570.428792317708	1	52327.92	0.0
247	input_spectra/bkgrnd-marine-broth.mzML	2679	0	570.428792317708	1	52339.439999999995	0.0
247	input_spectra/bkgrnd-marine-broth.mzML	2680	0	570.428792317708	1	52378.740000000005	0.0
247	input_spectra/bkgrnd-marine-broth.mzML	2681	0	570.428792317708	1	52390.26	0.0
247	input_spectra/bkgrnd-marine-broth.mzML	2682	0	570.428792317708	1	52429.62	0.0
247	input_spectra/bkgrnd-marine-broth.mzML	2683	0	570.428792317708	1	52441.14	0.0
142	input_spectra/bkgrnd-marine-broth.mzML	2684	0	328.273207122204	1	52480.5	0.0
144	input_spectra/bkgrnd-marine-broth.mzML	2685	0	328.273207122204	1	52492.02	0.0
142	input_spectra/bkgrnd-marine-broth.mzML	2686	0	328.273207122204	1	52531.380000000005	0.0
144	input_spectra/bkgrnd-marine-broth.mzML	2687	0	328.273207122204	1	52542.840000000004	0.0
142	input_spectra/bkgrnd-marine-broth.mzML	2688	0	328.273207122204	1	52582.26	0.0
144	input_spectra/bkgrnd-marine-broth.mzML	2689	0	328.273207122204	1	52593.72	0.0
225	input_spectra/bkgrnd-marine-broth.mzML	2690	0	526.40185546875	1	52789.38	0.0
225	input_spectra/bkgrnd-marine-broth.mzML	2691	0	526.40185546875	1	52800.9	0.0
225	input_spectra/bkgrnd-marine-broth.mzML	2692	0	526.40185546875	1	52840.26	0.0
225	input_spectra/bkgrnd-marine-broth.mzML	2693	0	526.40185546875	1	52851.780000000006	0.0
225	input_spectra/bkgrnd-marine-broth.mzML	2694	0	526.40185546875	1	52891.14	0.0
225	input_spectra/bkgrnd-marine-broth.mzML	2695	0	526.40185546875	1	52902.66	0.0
232	input_spectra/bkgrnd-marine-broth.mzML	2696	0	531.358133951823	1	52925.700000000004	0.0
232	input_spectra/bkgrnd-marine-broth.mzML	2697	0	531.358133951823	1	52965.0	0.0
232	input_spectra/bkgrnd-marine-broth.mzML	2698	0	531.358133951823	1	52976.520000000004	0.0
122	input_spectra/bkgrnd-marine-broth.mzML	2699	0	286.223715888129	1	53343.36	0.0
124	input_spectra/bkgrnd-marine-broth.mzML	2700	0	286.223715888129	1	53354.880000000005	0.0
121	input_spectra/bkgrnd-marine-broth.mzML	2701	0	286.223715888129	1	53394.24	0.0
124	input_spectra/bkgrnd-marine-broth.mzML	2702	0	286.223715888129	1	53405.700000000004	0.0
121	input_spectra/bkgrnd-marine-broth.mzML	2703	0	286.223715888129	1	53468.1	0.0
124	input_spectra/bkgrnd-marine-broth.mzML	2704	0	286.223715888129	1	53479.56	0.0
142	input_spectra/bkgrnd-marine-broth.mzML	2705	0	328.273207122204	1	53650.14	0.0
144	input_spectra/bkgrnd-marine-broth.mzML	2706	0	328.273207122204	1	53661.659999999996	0.0
142	input_spectra/bkgrnd-marine-broth.mzML	2707	0	328.273207122204	1	53701.020000000004	0.0
144	input_spectra/bkgrnd-marine-broth.mzML	2708	0	328.273207122204	1	53712.479999999996	0.0
142	input_spectra/bkgrnd-marine-broth.mzML	2709	0	328.273207122204	1	53751.840000000004	0.0
144	input_spectra/bkgrnd-marine-broth.mzML	2710	0	328.273207122204	1	53763.36	0.0
121	input_spectra/bkgrnd-marine-broth.mzML	2711	0	286.223715888129	1	54484.439999999995	0.0
124	input_spectra/bkgrnd-marine-broth.mzML	2712	0	286.223715888129	1	54495.9	0.0
121	input_spectra/bkgrnd-marine-broth.mzML	2713	0	286.223715888129	1	54535.26	0.0
124	input_spectra/bkgrnd-marine-broth.mzML	2714	0	286.223715888129	1	54546.780000000006	0.0
121	input_spectra/bkgrnd-marine-broth.mzML	2715	0	286.223715888129	1	54586.14	0.0
124	input_spectra/bkgrnd-marine-broth.mzML	2716	0	286.223715888129	1	54597.600000000006	0.0
142	input_spectra/bkgrnd-marine-broth.mzML	2717	0	328.273207122204	1	54817.380000000005	0.0
144	input_spectra/bkgrnd-marine-broth.mzML	2718	0	328.273207122204	1	54828.84	0.0
142	input_spectra/bkgrnd-marine-broth.mzML	2719	0	328.273207122204	1	54868.200000000004	0.0
144	input_spectra/bkgrnd-marine-broth.mzML	2720	0	328.273207122204	1	54879.72	0.0
142	input_spectra/bkgrnd-marine-broth.mzML	2721	0	328.273207122204	1	54919.08	0.0
144	input_spectra/bkgrnd-marine-broth.mzML	2722	0	328.273207122204	1	54930.54	0.0
153	input_spectra/bkgrnd-marine-broth.mzML	2723	0	346.281604003906	1	55294.56	0.0
153	input_spectra/bkgrnd-marine-broth.mzML	2724	0	346.281604003906	1	55306.08	0.0
152	input_spectra/bkgrnd-marine-broth.mzML	2725	0	346.281604003906	1	55477.74	0.0
153	input_spectra/bkgrnd-marine-broth.mzML	2726	0	346.281604003906	1	55489.200000000004	0.0
121	input_spectra/bkgrnd-marine-broth.mzML	2727	0	286.223715888129	1	55624.74	0.0
124	input_spectra/bkgrnd-marine-broth.mzML	2728	0	286.223715888129	1	55636.259999999995	0.0
121	input_spectra/bkgrnd-marine-broth.mzML	2729	0	286.223715888129	1	55675.62	0.0
121	input_spectra/bkgrnd-marine-broth.mzML	2730	0	286.223715888129	1	55687.08	0.0
121	input_spectra/bkgrnd-marine-broth.mzML	2731	0	286.223715888129	1	55726.44	0.0
122	input_spectra/bkgrnd-marine-broth.mzML	2732	0	286.223715888129	1	55737.96	0.0
142	input_spectra/bkgrnd-marine-broth.mzML	2733	0	328.273207122204	1	55957.74	0.0
144	input_spectra/bkgrnd-marine-broth.mzML	2734	0	328.273207122204	1	55969.200000000004	0.0
142	input_spectra/bkgrnd-marine-broth.mzML	2735	0	328.273207122204	1	56008.619999999995	0.0
144	input_spectra/bkgrnd-marine-broth.mzML	2736	0	328.273207122204	1	56020.08	0.0
142	input_spectra/bkgrnd-marine-broth.mzML	2737	0	328.273207122204	1	56059.5	0.0
144	input_spectra/bkgrnd-marine-broth.mzML	2738	0	328.273207122204	1	56070.96	0.0
152	input_spectra/bkgrnd-marine-broth.mzML	2739	0	346.281604003906	1	56374.86	0.0
153	input_spectra/bkgrnd-marine-broth.mzML	2740	0	346.281604003906	1	56386.380000000005	0.0
122	input_spectra/bkgrnd-marine-broth.mzML	2741	0	286.223715888129	1	56762.399999999994	0.0
124	input_spectra/bkgrnd-marine-broth.mzML	2742	0	286.223715888129	1	56773.92	0.0
122	input_spectra/bkgrnd-marine-broth.mzML	2743	0	286.223715888129	1	56813.28	0.0
124	input_spectra/bkgrnd-marine-broth.mzML	2744	0	286.223715888129	1	56824.8	0.0
121	input_spectra/bkgrnd-marine-broth.mzML	2745	0	286.223715888129	1	56864.159999999996	0.0
124	input_spectra/bkgrnd-marine-broth.mzML	2746	0	286.223715888129	1	56875.68	0.0
142	input_spectra/bkgrnd-marine-broth.mzML	2747	0	328.273207122204	1	57095.4	0.0
144	input_spectra/bkgrnd-marine-broth.mzML	2748	0	328.273207122204	1	57106.86	0.0
142	input_spectra/bkgrnd-marine-broth.mzML	2749	0	328.273207122204	1	57146.22	0.0
144	input_spectra/bkgrnd-marine-broth.mzML	2750	0	328.273207122204	1	57157.68	0.0
142	input_spectra/bkgrnd-marine-broth.mzML	2751	0	328.273207122204	1	57197.1	0.0
144	input_spectra/bkgrnd-marine-broth.mzML	2752	0	328.273207122204	1	57208.56	0.0
152	input_spectra/bkgrnd-marine-broth.mzML	2753	0	346.281604003906	1	57897.3	0.0
153	input_spectra/bkgrnd-marine-broth.mzML	2754	0	346.281604003906	1	57908.759999999995	0.0
121	input_spectra/bkgrnd-marine-broth.mzML	2755	0	286.223715888129	1	57948.12	0.0
124	input_spectra/bkgrnd-marine-broth.mzML	2756	0	286.223715888129	1	57959.64	0.0
121	input_spectra/bkgrnd-marine-broth.mzML	2757	0	286.223715888129	1	57999.0	0.0
124	input_spectra/bkgrnd-marine-broth.mzML	2758	0	286.223715888129	1	58010.46	0.0
122	input_spectra/bkgrnd-marine-broth.mzML	2759	0	286.223715888129	1	58049.82	0.0
124	input_spectra/bkgrnd-marine-broth.mzML	2760	0	286.223715888129	1	58061.34	0.0
152	input_spectra/bkgrnd-marine-broth.mzML	2761	0	346.281604003906	1	58148.759999999995	0.0
152	input_spectra/bkgrnd-marine-broth.mzML	2762	0	346.281604003906	1	58160.28	0.0
142	input_spectra/bkgrnd-marine-broth.mzML	2763	0	328.273207122204	1	58235.700000000004	0.0
144	input_spectra/bkgrnd-marine-broth.mzML	2764	0	328.273207122204	1	58247.22	0.0
142	input_spectra/bkgrnd-marine-broth.mzML	2765	0	328.273207122204	1	58286.520000000004	0.0
144	input_spectra/bkgrnd-marine-broth.mzML	2766	0	328.273207122204	1	58298.04	0.0
142	input_spectra/bkgrnd-marine-broth.mzML	2767	0	328.273207122204	1	58337.399999999994	0.0
144	input_spectra/bkgrnd-marine-broth.mzML	2768	0	328.273207122204	1	58348.86	0.0
152	input_spectra/bkgrnd-marine-broth.mzML	2769	0	346.281604003906	1	58360.38	0.0
153	input_spectra/bkgrnd-marine-broth.mzML	2770	0	346.281604003906	1	58371.9	0.0
121	input_spectra/bkgrnd-marine-broth.mzML	2771	0	286.223715888129	1	59108.7	0.0
124	input_spectra/bkgrnd-marine-broth.mzML	2772	0	286.223715888129	1	59120.16	0.0
121	input_spectra/bkgrnd-marine-broth.mzML	2773	0	286.223715888129	1	59159.52	0.0
122	input_spectra/bkgrnd-marine-broth.mzML	2774	0	286.223715888129	1	59171.04	0.0
121	input_spectra/bkgrnd-marine-broth.mzML	2775	0	286.223715888129	1	59210.4	0.0
124	input_spectra/bkgrnd-marine-broth.mzML	2776	0	286.223715888129	1	59221.920000000006	0.0
142	input_spectra/bkgrnd-marine-broth.mzML	2777	0	328.273207122204	1	59381.520000000004	0.0
144	input_spectra/bkgrnd-marine-broth.mzML	2778	0	328.273207122204	1	59393.04	0.0
152	input_spectra/bkgrnd-marine-broth.mzML	2779	0	346.281604003906	1	59404.5	0.0
153	input_spectra/bkgrnd-marine-broth.mzML	2780	0	346.281604003906	1	59416.020000000004	0.0
142	input_spectra/bkgrnd-marine-broth.mzML	2781	0	328.273207122204	1	59455.38	0.0
144	input_spectra/bkgrnd-marine-broth.mzML	2782	0	328.273207122204	1	59466.840000000004	0.0
142	input_spectra/bkgrnd-marine-broth.mzML	2783	0	328.273207122204	1	59506.259999999995	0.0
144	input_spectra/bkgrnd-marine-broth.mzML	2784	0	328.273207122204	1	59517.72	0.0
152	input_spectra/bkgrnd-marine-broth.mzML	2785	0	346.281604003906	1	59581.2	0.0
153	input_spectra/bkgrnd-marine-broth.mzML	2786	0	346.281604003906	1	59592.66	0.0
152	input_spectra/bkgrnd-marine-broth.mzML	2787	0	346.281604003906	1	59740.26	0.0
153	input_spectra/bkgrnd-marine-broth.mzML	2788	0	346.281604003906	1	59751.72	0.0
121	input_spectra/bkgrnd-marine-broth.mzML	2789	0	286.223715888129	1	1004.13	0.0
124	input_spectra/bkgrnd-marine-broth.mzML	2790	0	286.223715888129	1	1004.32	0.0
121	input_spectra/bkgrnd-marine-broth.mzML	2791	0	286.223715888129	1	1004.98	0.0
124	input_spectra/bkgrnd-marine-broth.mzML	2792	0	286.223715888129	1	1005.17	0.0
121	input_spectra/bkgrnd-marine-broth.mzML	2793	0	286.223715888129	1	1005.83	0.0
124	input_spectra/bkgrnd-marine-broth.mzML	2794	0	286.223715888129	1	1006.02	0.0
142	input_spectra/bkgrnd-marine-broth.mzML	2795	0	328.273207122204	1	1009.08	0.0
144	input_spectra/bkgrnd-marine-broth.mzML	2796	0	328.273207122204	1	1009.27	0.0
142	input_spectra/bkgrnd-marine-broth.mzML	2797	0	328.273207122204	1	1009.93	0.0
144	input_spectra/bkgrnd-marine-broth.mzML	2798	0	328.273207122204	1	1010.12	0.0
142	input_spectra/bkgrnd-marine-broth.mzML	2799	0	328.273207122204	1	1010.78	0.0
144	input_spectra/bkgrnd-marine-broth.mzML	2800	0	328.273207122204	1	1010.97	0.0
152	input_spectra/bkgrnd-marine-broth.mzML	2801	0	346.281604003906	1	1014.03	0.0
153	input_spectra/bkgrnd-marine-broth.mzML	2802	0	346.281604003906	1	1014.22	0.0
152	input_spectra/bkgrnd-marine-broth.mzML	2803	0	346.281604003906	1	1014.88	0.0
152	input_spectra/bkgrnd-marine-broth.mzML	2804	0	346.281604003906	1	1015.07	0.0
152	input_spectra/bkgrnd-marine-broth.mzML	2805	0	346.281604003906	1	1020.53	0.0
153	input_spectra/bkgrnd-marine-broth.mzML	2806	0	346.281604003906	1	1020.73	0.0
121	input_spectra/bkgrnd-marine-broth.mzML	2807	0	286.223715888129	1	1023.19	0.0
124	input_spectra/bkgrnd-marine-broth.mzML	2808	0	286.223715888129	1	1023.38	0.0
124	input_spectra/bkgrnd-marine-broth.mzML	2809	0	286.223715888129	1	1024.03	0.0
124	input_spectra/bkgrnd-marine-broth.mzML	2810	0	286.223715888129	1	1024.23	0.0
121	input_spectra/bkgrnd-marine-broth.mzML	2811	0	286.223715888129	1	1024.88	0.0
124	input_spectra/bkgrnd-marine-broth.mzML	2812	0	286.223715888129	1	1025.07	0.0
142	input_spectra/bkgrnd-marine-broth.mzML	2813	0	328.273207122204	1	1028.13	0.0
144	input_spectra/bkgrnd-marine-broth.mzML	2814	0	328.273207122204	1	1028.33	0.0
132	input_spectra/bkgrnd-marine-broth.mzML	2815	0	304.233856201172	1	1028.52	0.0
132	input_spectra/bkgrnd-marine-broth.mzML	2816	0	304.233856201172	1	1028.71	0.0
142	input_spectra/bkgrnd-marine-broth.mzML	2817	0	328.273207122204	1	1029.36	0.0
144	input_spectra/bkgrnd-marine-broth.mzML	2818	0	328.273207122204	1	1029.56	0.0
142	input_spectra/bkgrnd-marine-broth.mzML	2819	0	328.273207122204	1	1030.21	0.0
144	input_spectra/bkgrnd-marine-broth.mzML	2820	0	328.273207122204	1	1030.4	0.0
132	input_spectra/bkgrnd-marine-broth.mzML	2821	0	304.233856201172	1	1031.06	0.0
132	input_spectra/bkgrnd-marine-broth.mzML	2822	0	304.233856201172	1	1031.25	0.0
132	input_spectra/bkgrnd-marine-broth.mzML	2823	0	304.233856201172	1	1041.33	0.0
132	input_spectra/bkgrnd-marine-broth.mzML	2824	0	304.233856201172	1	1041.52	0.0
122	input_spectra/bkgrnd-marine-broth.mzML	2825	0	286.223715888129	1	1042.57	0.0
122	input_spectra/bkgrnd-marine-broth.mzML	2826	0	286.223715888129	1	1042.77	0.0
121	input_spectra/bkgrnd-marine-broth.mzML	2827	0	286.223715888129	1	1043.42	0.0
124	input_spectra/bkgrnd-marine-broth.mzML	2828	0	286.223715888129	1	1043.61	0.0
121	input_spectra/bkgrnd-marine-broth.mzML	2829	0	286.223715888129	1	1044.27	0.0
124	input_spectra/bkgrnd-marine-broth.mzML	2830	0	286.223715888129	1	1044.46	0.0
152	input_spectra/bkgrnd-marine-broth.mzML	2831	0	346.281604003906	1	1046.72	0.0
153	input_spectra/bkgrnd-marine-broth.mzML	2832	0	346.281604003906	1	1046.91	0.0
142	input_spectra/bkgrnd-marine-broth.mzML	2833	0	328.273207122204	1	1047.57	0.0
144	input_spectra/bkgrnd-marine-broth.mzML	2834	0	328.273207122204	1	1047.76	0.0
142	input_spectra/bkgrnd-marine-broth.mzML	2835	0	328.273207122204	1	1048.42	0.0
144	input_spectra/bkgrnd-marine-broth.mzML	2836	0	328.273207122204	1	1048.61	0.0
142	input_spectra/bkgrnd-marine-broth.mzML	2837	0	328.273207122204	1	1049.26	0.0
144	input_spectra/bkgrnd-marine-broth.mzML	2838	0	328.273207122204	1	1049.46	0.0
152	input_spectra/bkgrnd-marine-broth.mzML	2839	0	346.281604003906	1	1055.72	0.0
153	input_spectra/bkgrnd-marine-broth.mzML	2840	0	346.281604003906	1	1055.91	0.0
121	input_spectra/bkgrnd-marine-broth.mzML	2841	0	286.223715888129	1	1061.58	0.0
124	input_spectra/bkgrnd-marine-broth.mzML	2842	0	286.223715888129	1	1061.77	0.0
122	input_spectra/bkgrnd-marine-broth.mzML	2843	0	286.223715888129	1	1062.43	0.0
124	input_spectra/bkgrnd-marine-broth.mzML	2844	0	286.223715888129	1	1062.62	0.0
121	input_spectra/bkgrnd-marine-broth.mzML	2845	0	286.223715888129	1	1063.28	0.0
124	input_spectra/bkgrnd-marine-broth.mzML	2846	0	286.223715888129	1	1063.47	0.0
142	input_spectra/bkgrnd-marine-broth.mzML	2847	0	328.273207122204	1	1066.53	0.0
144	input_spectra/bkgrnd-marine-broth.mzML	2848	0	328.273207122204	1	1066.72	0.0
142	input_spectra/bkgrnd-marine-broth.mzML	2849	0	328.273207122204	1	1067.37	0.0
144	input_spectra/bkgrnd-marine-broth.mzML	2850	0	328.273207122204	1	1067.57	0.0
142	input_spectra/bkgrnd-marine-broth.mzML	2851	0	328.273207122204	1	1068.22	0.0
144	input_spectra/bkgrnd-marine-broth.mzML	2852	0	328.273207122204	1	1068.41	0.0
152	input_spectra/bkgrnd-marine-broth.mzML	2853	0	346.281604003906	1	1069.67	0.0
153	input_spectra/bkgrnd-marine-broth.mzML	2854	0	346.281604003906	1	1069.86	0.0
132	input_spectra/bkgrnd-marine-broth.mzML	2855	0	304.233856201172	1	1074.33	0.0
132	input_spectra/bkgrnd-marine-broth.mzML	2856	0	304.233856201172	1	1074.52	0.0
132	input_spectra/bkgrnd-marine-broth.mzML	2857	0	304.233856201172	1	1076.98	0.0
132	input_spectra/bkgrnd-marine-broth.mzML	2858	0	304.233856201172	1	1077.17	0.0
132	input_spectra/bkgrnd-marine-broth.mzML	2859	0	304.233856201172	1	1078.23	0.0
132	input_spectra/bkgrnd-marine-broth.mzML	2860	0	304.233856201172	1	1078.42	0.0
121	input_spectra/bkgrnd-marine-broth.mzML	2861	0	286.223715888129	1	1080.68	0.0
121	input_spectra/bkgrnd-marine-broth.mzML	2862	0	286.223715888129	1	1080.87	0.0
121	input_spectra/bkgrnd-marine-broth.mzML	2863	0	286.223715888129	1	1081.52	0.0
122	input_spectra/bkgrnd-marine-broth.mzML	2864	0	286.223715888129	1	1081.71	0.0
121	input_spectra/bkgrnd-marine-broth.mzML	2865	0	286.223715888129	1	1082.37	0.0
124	input_spectra/bkgrnd-marine-broth.mzML	2866	0	286.223715888129	1	1082.56	0.0
142	input_spectra/bkgrnd-marine-broth.mzML	2867	0	328.273207122204	1	1085.67	0.0
144	input_spectra/bkgrnd-marine-broth.mzML	2868	0	328.273207122204	1	1085.86	0.0
142	input_spectra/bkgrnd-marine-broth.mzML	2869	0	328.273207122204	1	1086.52	0.0
144	input_spectra/bkgrnd-marine-broth.mzML	2870	0	328.273207122204	1	1086.71	0.0
142	input_spectra/bkgrnd-marine-broth.mzML	2871	0	328.273207122204	1	1087.36	0.0
144	input_spectra/bkgrnd-marine-broth.mzML	2872	0	328.273207122204	1	1087.56	0.0
66	input_spectra/bkgrnd-marine-broth.mzML	2873	0	185.112635294596	1	1094.92	0.0
66	input_spectra/bkgrnd-marine-broth.mzML	2874	0	185.112635294596	1	1095.11	0.0
66	input_spectra/bkgrnd-marine-broth.mzML	2875	0	185.112635294596	1	1096.37	0.0
66	input_spectra/bkgrnd-marine-broth.mzML	2876	0	185.112635294596	1	1096.56	0.0
66	input_spectra/bkgrnd-marine-broth.mzML	2877	0	185.112635294596	1	1097.42	0.0
66	input_spectra/bkgrnd-marine-broth.mzML	2878	0	185.112635294596	1	1097.61	0.0
132	input_spectra/bkgrnd-marine-broth.mzML	2879	0	304.233856201172	1	1099.47	0.0
132	input_spectra/bkgrnd-marine-broth.mzML	2880	0	304.233856201172	1	1099.66	0.0
121	input_spectra/bkgrnd-marine-broth.mzML	2881	0	286.223715888129	1	1100.31	0.0
124	input_spectra/bkgrnd-marine-broth.mzML	2882	0	286.223715888129	1	1100.5	0.0
121	input_spectra/bkgrnd-marine-broth.mzML	2883	0	286.223715888129	1	1101.16	0.0
124	input_spectra/bkgrnd-marine-broth.mzML	2884	0	286.223715888129	1	1101.35	0.0
132	input_spectra/bkgrnd-marine-broth.mzML	2885	0	304.233856201172	1	1101.54	0.0
132	input_spectra/bkgrnd-marine-broth.mzML	2886	0	304.233856201172	1	1101.73	0.0
121	input_spectra/bkgrnd-marine-broth.mzML	2887	0	286.223715888129	1	1102.39	0.0
124	input_spectra/bkgrnd-marine-broth.mzML	2888	0	286.223715888129	1	1102.58	0.0
132	input_spectra/bkgrnd-marine-broth.mzML	2889	0	304.233856201172	1	1103.24	0.0
132	input_spectra/bkgrnd-marine-broth.mzML	2890	0	304.233856201172	1	1103.43	0.0
140	input_spectra/bkgrnd-marine-broth.mzML	2891	0	328.273207122204	1	1105.09	0.0
145	input_spectra/bkgrnd-marine-broth.mzML	2892	0	328.273207122204	1	1105.28	0.0
142	input_spectra/bkgrnd-marine-broth.mzML	2893	0	328.273207122204	1	1105.94	0.0
145	input_spectra/bkgrnd-marine-broth.mzML	2894	0	328.273207122204	1	1106.13	0.0
142	input_spectra/bkgrnd-marine-broth.mzML	2895	0	328.273207122204	1	1106.78	0.0
145	input_spectra/bkgrnd-marine-broth.mzML	2896	0	328.273207122204	1	1106.97	0.0
141	input_spectra/bkgrnd-marine-broth.mzML	2897	0	328.273207122204	1	1124.06	0.0
145	input_spectra/bkgrnd-marine-broth.mzML	2898	0	328.273207122204	1	1124.26	0.0
140	input_spectra/bkgrnd-marine-broth.mzML	2899	0	328.273207122204	1	1124.91	0.0
145	input_spectra/bkgrnd-marine-broth.mzML	2900	0	328.273207122204	1	1125.1	0.0
140	input_spectra/bkgrnd-marine-broth.mzML	2901	0	328.273207122204	1	1125.76	0.0
141	input_spectra/bkgrnd-marine-broth.mzML	2902	0	328.273207122204	1	1125.95	0.0
208	input_spectra/bkgrnd-marine-broth.mzML	2903	0	495.476874457465	1	1135.83	0.0
209	input_spectra/bkgrnd-marine-broth.mzML	2904	0	495.476874457465	1	1136.02	0.0
208	input_spectra/bkgrnd-marine-broth.mzML	2905	0	495.476874457465	1	1141.28	0.0
209	input_spectra/bkgrnd-marine-broth.mzML	2906	0	495.476874457465	1	1141.47	0.0
141	input_spectra/bkgrnd-marine-broth.mzML	2907	0	328.273207122204	1	1143.13	0.0
139	input_spectra/bkgrnd-marine-broth.mzML	2908	0	328.273207122204	1	1143.32	0.0
142	input_spectra/bkgrnd-marine-broth.mzML	2909	0	328.273207122204	1	1143.98	0.0
145	input_spectra/bkgrnd-marine-broth.mzML	2910	0	328.273207122204	1	1144.17	0.0
141	input_spectra/bkgrnd-marine-broth.mzML	2911	0	328.273207122204	1	1144.83	0.0
145	input_spectra/bkgrnd-marine-broth.mzML	2912	0	328.273207122204	1	1145.02	0.0
208	input_spectra/bkgrnd-marine-broth.mzML	2913	0	495.476874457465	1	1145.68	0.0
209	input_spectra/bkgrnd-marine-broth.mzML	2914	0	495.476874457465	1	1145.87	0.0
66	input_spectra/bkgrnd-marine-broth.mzML	2915	0	185.112635294596	1	1162.16	0.0
66	input_spectra/bkgrnd-marine-broth.mzML	2916	0	185.112635294596	1	1162.35	0.0
145	input_spectra/bkgrnd-marine-broth.mzML	2917	0	328.273207122204	1	1163.0	0.0
141	input_spectra/bkgrnd-marine-broth.mzML	2918	0	328.273207122204	1	1163.2	0.0
208	input_spectra/bkgrnd-marine-broth.mzML	2919	0	495.476874457465	1	1163.39	0.0
209	input_spectra/bkgrnd-marine-broth.mzML	2920	0	495.476874457465	1	1163.58	0.0
140	input_spectra/bkgrnd-marine-broth.mzML	2921	0	328.273207122204	1	1164.24	0.0
145	input_spectra/bkgrnd-marine-broth.mzML	2922	0	328.273207122204	1	1164.43	0.0
208	input_spectra/bkgrnd-marine-broth.mzML	2923	0	495.476874457465	1	1164.62	0.0
209	input_spectra/bkgrnd-marine-broth.mzML	2924	0	495.476874457465	1	1164.81	0.0
140	input_spectra/bkgrnd-marine-broth.mzML	2925	0	328.273207122204	1	1165.47	0.0
145	input_spectra/bkgrnd-marine-broth.mzML	2926	0	328.273207122204	1	1165.66	0.0
208	input_spectra/bkgrnd-marine-broth.mzML	2927	0	495.476874457465	1	1165.85	0.0
209	input_spectra/bkgrnd-marine-broth.mzML	2928	0	495.476874457465	1	1166.04	0.0
66	input_spectra/bkgrnd-marine-broth.mzML	2929	0	185.112635294596	1	1167.1	0.0
66	input_spectra/bkgrnd-marine-broth.mzML	2930	0	185.112635294596	1	1167.29	0.0
66	input_spectra/bkgrnd-marine-broth.mzML	2931	0	185.112635294596	1	1170.15	0.0
66	input_spectra/bkgrnd-marine-broth.mzML	2932	0	185.112635294596	1	1170.34	0.0
142	input_spectra/bkgrnd-marine-broth.mzML	2933	0	328.273207122204	1	1182.51	0.0
145	input_spectra/bkgrnd-marine-broth.mzML	2934	0	328.273207122204	1	1182.71	0.0
208	input_spectra/bkgrnd-marine-broth.mzML	2935	0	495.476874457465	1	1182.9	0.0
209	input_spectra/bkgrnd-marine-broth.mzML	2936	0	495.476874457465	1	1183.09	0.0
138	input_spectra/bkgrnd-marine-broth.mzML	2937	0	328.273207122204	1	1183.75	0.0
141	input_spectra/bkgrnd-marine-broth.mzML	2938	0	328.273207122204	1	1183.94	0.0
208	input_spectra/bkgrnd-marine-broth.mzML	2939	0	495.476874457465	1	1184.13	0.0
209	input_spectra/bkgrnd-marine-broth.mzML	2940	0	495.476874457465	1	1184.32	0.0
140	input_spectra/bkgrnd-marine-broth.mzML	2941	0	328.273207122204	1	1184.98	0.0
145	input_spectra/bkgrnd-marine-broth.mzML	2942	0	328.273207122204	1	1185.17	0.0
208	input_spectra/bkgrnd-marine-broth.mzML	2943	0	495.476874457465	1	1185.36	0.0
209	input_spectra/bkgrnd-marine-broth.mzML	2944	0	495.476874457465	1	1185.55	0.0
66	input_spectra/bkgrnd-marine-broth.mzML	2945	0	185.112635294596	1	1188.06	0.0
66	input_spectra/bkgrnd-marine-broth.mzML	2946	0	185.112635294596	1	1188.25	0.0
66	input_spectra/bkgrnd-marine-broth.mzML	2947	0	185.112635294596	1	1188.91	0.0
66	input_spectra/bkgrnd-marine-broth.mzML	2948	0	185.112635294596	1	1189.1	0.0
66	input_spectra/bkgrnd-marine-broth.mzML	2949	0	185.112635294596	1	1189.75	0.0
66	input_spectra/bkgrnd-marine-broth.mzML	2950	0	185.112635294596	1	1189.95	0.0
