#ClusterIdx	#Filename	#SpecIdx	#Scan	#ParentMass	#Charge	#RetTime	#PrecIntensity
1	input_spectra/4-B2R08.mzML	0	0	110.008482615153	1	6348.0	0.0
1	input_spectra/4-B2R08.mzML	1	0	110.008482615153	1	6359.46	0.0
2	input_spectra/4-B2R08.mzML	2	0	110.008482615153	1	6398.820000000001	0.0
1	input_spectra/4-B2R08.mzML	3	0	110.008482615153	1	6410.28	0.0
54	input_spectra/4-B2R08.mzML	4	0	151.034589131673	1	6421.8	0.0
54	input_spectra/4-B2R08.mzML	5	0	151.034589131673	1	6433.26	0.0
18	input_spectra/4-B2R08.mzML	6	0	125.985809326172	1	6444.72	0.0
18	input_spectra/4-B2R08.mzML	7	0	125.985809326172	1	6456.179999999999	0.0
2	input_spectra/4-B2R08.mzML	8	0	110.008482615153	1	6495.6	0.0
2	input_spectra/4-B2R08.mzML	9	0	110.008482615153	1	6507.0599999999995	0.0
54	input_spectra/4-B2R08.mzML	10	0	151.034589131673	1	6518.5199999999995	0.0
54	input_spectra/4-B2R08.mzML	11	0	151.034589131673	1	6530.04	0.0
18	input_spectra/4-B2R08.mzML	12	0	125.985809326172	1	6541.5	0.0
18	input_spectra/4-B2R08.mzML	13	0	125.985809326172	1	6552.96	0.0
94	input_spectra/4-B2R08.mzML	14	0	223.988277435303	1	6564.4800000000005	0.0
94	input_spectra/4-B2R08.mzML	15	0	223.988277435303	1	6575.9400000000005	0.0
50	input_spectra/4-B2R08.mzML	16	0	146.164703369141	1	6587.400000000001	0.0
50	input_spectra/4-B2R08.mzML	17	0	146.164703369141	1	6598.92	0.0
94	input_spectra/4-B2R08.mzML	18	0	223.988277435303	1	6638.280000000001	0.0
94	input_spectra/4-B2R08.mzML	19	0	223.988277435303	1	6649.74	0.0
54	input_spectra/4-B2R08.mzML	20	0	151.034589131673	1	6661.26	0.0
54	input_spectra/4-B2R08.mzML	21	0	151.034589131673	1	6672.72	0.0
18	input_spectra/4-B2R08.mzML	22	0	125.985809326172	1	6684.18	0.0
18	input_spectra/4-B2R08.mzML	23	0	125.985809326172	1	6695.639999999999	0.0
50	input_spectra/4-B2R08.mzML	24	0	146.164703369141	1	6707.16	0.0
50	input_spectra/4-B2R08.mzML	25	0	146.164703369141	1	6718.62	0.0
72	input_spectra/4-B2R08.mzML	26	0	182.962000528971	1	6730.08	0.0
73	input_spectra/4-B2R08.mzML	27	0	182.962000528971	1	6741.6	0.0
94	input_spectra/4-B2R08.mzML	28	0	223.988277435303	1	6780.96	0.0
94	input_spectra/4-B2R08.mzML	29	0	223.988277435303	1	6792.42	0.0
84	input_spectra/4-B2R08.mzML	30	0	198.93955485026	1	6803.9400000000005	0.0
84	input_spectra/4-B2R08.mzML	31	0	198.93955485026	1	6815.400000000001	0.0
72	input_spectra/4-B2R08.mzML	32	0	182.962000528971	1	6826.860000000001	0.0
73	input_spectra/4-B2R08.mzML	33	0	182.962000528971	1	6838.38	0.0
50	input_spectra/4-B2R08.mzML	34	0	146.164703369141	1	6849.84	0.0
50	input_spectra/4-B2R08.mzML	35	0	146.164703369141	1	6861.3	0.0
106	input_spectra/4-B2R08.mzML	36	0	239.965911865234	1	6872.82	0.0
106	input_spectra/4-B2R08.mzML	37	0	239.965911865234	1	6884.28	0.0
84	input_spectra/4-B2R08.mzML	38	0	198.93955485026	1	6923.64	0.0
84	input_spectra/4-B2R08.mzML	39	0	198.93955485026	1	6935.16	0.0
72	input_spectra/4-B2R08.mzML	40	0	182.962000528971	1	6946.62	0.0
73	input_spectra/4-B2R08.mzML	41	0	182.962000528971	1	6958.08	0.0
106	input_spectra/4-B2R08.mzML	42	0	239.965911865234	1	6969.599999999999	0.0
106	input_spectra/4-B2R08.mzML	43	0	239.965911865234	1	6981.0599999999995	0.0
118	input_spectra/4-B2R08.mzML	44	0	265.014943440755	1	6992.58	0.0
118	input_spectra/4-B2R08.mzML	45	0	265.014943440755	1	7004.04	0.0
85	input_spectra/4-B2R08.mzML	46	0	203.222351074219	1	7015.56	0.0
85	input_spectra/4-B2R08.mzML	47	0	203.222351074219	1	7027.02	0.0
84	input_spectra/4-B2R08.mzML	48	0	198.93955485026	1	7066.38	0.0
84	input_spectra/4-B2R08.mzML	49	0	198.93955485026	1	7077.900000000001	0.0
106	input_spectra/4-B2R08.mzML	50	0	239.965911865234	1	7089.360000000001	0.0
106	input_spectra/4-B2R08.mzML	51	0	239.965911865234	1	7100.88	0.0
118	input_spectra/4-B2R08.mzML	52	0	265.014943440755	1	7112.34	0.0
118	input_spectra/4-B2R08.mzML	53	0	265.014943440755	1	7123.86	0.0
85	input_spectra/4-B2R08.mzML	54	0	203.222351074219	1	7135.32	0.0
85	input_spectra/4-B2R08.mzML	55	0	203.222351074219	1	7146.78	0.0
90	input_spectra/4-B2R08.mzML	56	0	214.916661580404	1	7158.3	0.0
90	input_spectra/4-B2R08.mzML	57	0	214.916661580404	1	7169.759999999999	0.0
118	input_spectra/4-B2R08.mzML	58	0	265.014943440755	1	7209.18	0.0
118	input_spectra/4-B2R08.mzML	59	0	265.014943440755	1	7220.639999999999	0.0
85	input_spectra/4-B2R08.mzML	60	0	203.222351074219	1	7232.099999999999	0.0
85	input_spectra/4-B2R08.mzML	61	0	203.222351074219	1	7243.62	0.0
90	input_spectra/4-B2R08.mzML	62	0	214.916661580404	1	7255.08	0.0
90	input_spectra/4-B2R08.mzML	63	0	214.916661580404	1	7266.6	0.0
22	input_spectra/4-B2R08.mzML	64	0	129.13823445638	1	7278.06	0.0
22	input_spectra/4-B2R08.mzML	65	0	129.13823445638	1	7289.52	0.0
90	input_spectra/4-B2R08.mzML	66	0	214.916661580404	1	7328.9400000000005	0.0
90	input_spectra/4-B2R08.mzML	67	0	214.916661580404	1	7340.400000000001	0.0
22	input_spectra/4-B2R08.mzML	68	0	129.13823445638	1	7351.860000000001	0.0
22	input_spectra/4-B2R08.mzML	69	0	129.13823445638	1	7363.38	0.0
22	input_spectra/4-B2R08.mzML	70	0	129.13823445638	1	7402.740000000001	0.0
22	input_spectra/4-B2R08.mzML	71	0	129.13823445638	1	7414.2	0.0
2	input_spectra/4-B2R08.mzML	72	0	110.008482615153	1	7513.679999999999	0.0
2	input_spectra/4-B2R08.mzML	73	0	110.008482615153	1	7525.139999999999	0.0
2	input_spectra/4-B2R08.mzML	74	0	110.008482615153	1	7564.5599999999995	0.0
2	input_spectra/4-B2R08.mzML	75	0	110.008482615153	1	7576.0199999999995	0.0
2	input_spectra/4-B2R08.mzML	76	0	110.008482615153	1	7615.4400000000005	0.0
2	input_spectra/4-B2R08.mzML	77	0	110.008482615153	1	7626.9	0.0
54	input_spectra/4-B2R08.mzML	78	0	151.034589131673	1	7638.36	0.0
54	input_spectra/4-B2R08.mzML	79	0	151.034589131673	1	7649.82	0.0
18	input_spectra/4-B2R08.mzML	80	0	125.985809326172	1	7661.339999999999	0.0
18	input_spectra/4-B2R08.mzML	81	0	125.985809326172	1	7672.799999999999	0.0
54	input_spectra/4-B2R08.mzML	82	0	151.034589131673	1	7712.16	0.0
54	input_spectra/4-B2R08.mzML	83	0	151.034589131673	1	7723.62	0.0
18	input_spectra/4-B2R08.mzML	84	0	125.985809326172	1	7735.14	0.0
18	input_spectra/4-B2R08.mzML	85	0	125.985809326172	1	7746.6	0.0
50	input_spectra/4-B2R08.mzML	86	0	146.164703369141	1	7785.959999999999	0.0
50	input_spectra/4-B2R08.mzML	87	0	146.164703369141	1	7797.42	0.0
94	input_spectra/4-B2R08.mzML	88	0	223.988277435303	1	7808.9400000000005	0.0
94	input_spectra/4-B2R08.mzML	89	0	223.988277435303	1	7820.400000000001	0.0
54	input_spectra/4-B2R08.mzML	90	0	151.034589131673	1	7831.920000000001	0.0
54	input_spectra/4-B2R08.mzML	91	0	151.034589131673	1	7843.380000000001	0.0
18	input_spectra/4-B2R08.mzML	92	0	125.985809326172	1	7854.839999999999	0.0
18	input_spectra/4-B2R08.mzML	93	0	125.985809326172	1	7866.299999999999	0.0
50	input_spectra/4-B2R08.mzML	94	0	146.164703369141	1	7905.72	0.0
50	input_spectra/4-B2R08.mzML	95	0	146.164703369141	1	7917.18	0.0
50	input_spectra/4-B2R08.mzML	96	0	146.164703369141	1	7956.540000000001	0.0
50	input_spectra/4-B2R08.mzML	97	0	146.164703369141	1	7968.000000000001	0.0
33	input_spectra/4-B2R08.mzML	98	0	132.065013885498	1	8500.44	0.0
33	input_spectra/4-B2R08.mzML	99	0	132.065013885498	1	8511.900000000001	0.0
33	input_spectra/4-B2R08.mzML	100	0	132.065013885498	1	8551.2	0.0
33	input_spectra/4-B2R08.mzML	101	0	132.065013885498	1	8562.72	0.0
33	input_spectra/4-B2R08.mzML	102	0	132.065013885498	1	8602.08	0.0
33	input_spectra/4-B2R08.mzML	103	0	132.065013885498	1	8613.539999999999	0.0
6	input_spectra/4-B2R08.mzML	104	0	118.085753758748	1	8625.0	0.0
6	input_spectra/4-B2R08.mzML	105	0	118.085753758748	1	8636.52	0.0
6	input_spectra/4-B2R08.mzML	106	0	118.085753758748	1	8675.880000000001	0.0
6	input_spectra/4-B2R08.mzML	107	0	118.085753758748	1	8687.34	0.0
6	input_spectra/4-B2R08.mzML	108	0	118.085753758748	1	8726.699999999999	0.0
6	input_spectra/4-B2R08.mzML	109	0	118.085753758748	1	8738.16	0.0
49	input_spectra/4-B2R08.mzML	110	0	146.091690063477	1	9222.42	0.0
49	input_spectra/4-B2R08.mzML	111	0	146.091690063477	1	9273.24	0.0
49	input_spectra/4-B2R08.mzML	112	0	146.091690063477	1	9347.1	0.0
101	input_spectra/4-B2R08.mzML	113	0	235.118026733398	1	9370.02	0.0
101	input_spectra/4-B2R08.mzML	114	0	235.118026733398	1	9381.54	0.0
101	input_spectra/4-B2R08.mzML	115	0	235.118026733398	1	9443.88	0.0
21	input_spectra/4-B2R08.mzML	116	0	129.065216064453	1	9466.86	0.0
21	input_spectra/4-B2R08.mzML	117	0	129.065216064453	1	9478.32	0.0
21	input_spectra/4-B2R08.mzML	118	0	129.065216064453	1	9540.66	0.0
21	input_spectra/4-B2R08.mzML	119	0	129.065216064453	1	9552.119999999999	0.0
58	input_spectra/4-B2R08.mzML	120	0	158.091707865397	1	9563.64	0.0
58	input_spectra/4-B2R08.mzML	121	0	158.091707865397	1	9575.1	0.0
58	input_spectra/4-B2R08.mzML	122	0	158.091707865397	1	9614.460000000001	0.0
58	input_spectra/4-B2R08.mzML	123	0	158.091707865397	1	9625.98	0.0
58	input_spectra/4-B2R08.mzML	124	0	158.091707865397	1	9665.279999999999	0.0
58	input_spectra/4-B2R08.mzML	125	0	158.091707865397	1	9676.8	0.0
6	input_spectra/4-B2R08.mzML	126	0	118.085753758748	1	9764.22	0.0
6	input_spectra/4-B2R08.mzML	127	0	118.085753758748	1	9775.74	0.0
6	input_spectra/4-B2R08.mzML	128	0	118.085753758748	1	9815.1	0.0
6	input_spectra/4-B2R08.mzML	129	0	118.085753758748	1	9826.560000000001	0.0
6	input_spectra/4-B2R08.mzML	130	0	118.085753758748	1	9865.92	0.0
6	input_spectra/4-B2R08.mzML	131	0	118.085753758748	1	9877.44	0.0
23	input_spectra/4-B2R08.mzML	132	0	130.049352010091	1	9888.9	0.0
24	input_spectra/4-B2R08.mzML	133	0	130.049352010091	1	9900.36	0.0
23	input_spectra/4-B2R08.mzML	134	0	130.049352010091	1	9939.720000000001	0.0
24	input_spectra/4-B2R08.mzML	135	0	130.049352010091	1	9951.18	0.0
23	input_spectra/4-B2R08.mzML	136	0	130.049352010091	1	9990.599999999999	0.0
24	input_spectra/4-B2R08.mzML	137	0	130.049352010091	1	10002.06	0.0
35	input_spectra/4-B2R08.mzML	138	0	132.101379394531	1	10371.6	0.0
37	input_spectra/4-B2R08.mzML	139	0	132.101379394531	1	10383.06	0.0
35	input_spectra/4-B2R08.mzML	140	0	132.101379394531	1	10422.48	0.0
37	input_spectra/4-B2R08.mzML	141	0	132.101379394531	1	10433.94	0.0
35	input_spectra/4-B2R08.mzML	142	0	132.101379394531	1	10473.300000000001	0.0
37	input_spectra/4-B2R08.mzML	143	0	132.101379394531	1	10484.76	0.0
58	input_spectra/4-B2R08.mzML	144	0	158.091707865397	1	10728.539999999999	0.0
58	input_spectra/4-B2R08.mzML	145	0	158.091707865397	1	10740.0	0.0
58	input_spectra/4-B2R08.mzML	146	0	158.091707865397	1	10779.36	0.0
58	input_spectra/4-B2R08.mzML	147	0	158.091707865397	1	10790.880000000001	0.0
58	input_spectra/4-B2R08.mzML	148	0	158.091707865397	1	10830.24	0.0
58	input_spectra/4-B2R08.mzML	149	0	158.091707865397	1	10841.699999999999	0.0
6	input_spectra/4-B2R08.mzML	150	0	118.085753758748	1	10905.12	0.0
6	input_spectra/4-B2R08.mzML	151	0	118.085753758748	1	10916.58	0.0
6	input_spectra/4-B2R08.mzML	152	0	118.085753758748	1	10955.939999999999	0.0
6	input_spectra/4-B2R08.mzML	153	0	118.085753758748	1	10967.4	0.0
6	input_spectra/4-B2R08.mzML	154	0	118.085753758748	1	11006.76	0.0
6	input_spectra/4-B2R08.mzML	155	0	118.085753758748	1	11018.22	0.0
23	input_spectra/4-B2R08.mzML	156	0	130.049352010091	1	11057.640000000001	0.0
25	input_spectra/4-B2R08.mzML	157	0	130.049352010091	1	11069.1	0.0
23	input_spectra/4-B2R08.mzML	158	0	130.049352010091	1	11108.46	0.0
25	input_spectra/4-B2R08.mzML	159	0	130.049352010091	1	11119.98	0.0
23	input_spectra/4-B2R08.mzML	160	0	130.049352010091	1	11159.34	0.0
25	input_spectra/4-B2R08.mzML	161	0	130.049352010091	1	11170.800000000001	0.0
3	input_spectra/4-B2R08.mzML	162	0	113.033991495768	1	11342.46	0.0
3	input_spectra/4-B2R08.mzML	163	0	113.033991495768	1	11353.92	0.0
3	input_spectra/4-B2R08.mzML	164	0	113.033991495768	1	11393.28	0.0
3	input_spectra/4-B2R08.mzML	165	0	113.033991495768	1	11404.74	0.0
3	input_spectra/4-B2R08.mzML	166	0	113.033991495768	1	11444.16	0.0
3	input_spectra/4-B2R08.mzML	167	0	113.033991495768	1	11455.619999999999	0.0
35	input_spectra/4-B2R08.mzML	168	0	132.101379394531	1	11557.86	0.0
121	input_spectra/4-B2R08.mzML	169	0	270.143493652344	1	11580.84	0.0
121	input_spectra/4-B2R08.mzML	170	0	270.143493652344	1	11592.300000000001	0.0
139	input_spectra/4-B2R08.mzML	171	0	312.154205322266	1	11603.82	0.0
36	input_spectra/4-B2R08.mzML	172	0	132.104476928711	1	11654.64	0.0
39	input_spectra/4-B2R08.mzML	173	0	132.104476928711	1	11666.16	0.0
42	input_spectra/4-B2R08.mzML	174	0	137.045364379883	1	11677.62	0.0
43	input_spectra/4-B2R08.mzML	175	0	137.045364379883	1	11689.08	0.0
139	input_spectra/4-B2R08.mzML	176	0	312.154205322266	1	11700.599999999999	0.0
110	input_spectra/4-B2R08.mzML	177	0	254.160705566406	1	11735.04	0.0
36	input_spectra/4-B2R08.mzML	178	0	132.104476928711	1	11797.44	0.0
40	input_spectra/4-B2R08.mzML	179	0	132.104476928711	1	11808.9	0.0
42	input_spectra/4-B2R08.mzML	180	0	137.045364379883	1	11820.36	0.0
43	input_spectra/4-B2R08.mzML	181	0	137.045364379883	1	11831.880000000001	0.0
119	input_spectra/4-B2R08.mzML	182	0	268.103240966797	1	11843.34	0.0
119	input_spectra/4-B2R08.mzML	183	0	268.103240966797	1	11854.859999999999	0.0
120	input_spectra/4-B2R08.mzML	184	0	268.138824462891	1	11889.3	0.0
120	input_spectra/4-B2R08.mzML	185	0	268.138824462891	1	11900.82	0.0
36	input_spectra/4-B2R08.mzML	186	0	132.104476928711	1	11940.179999999998	0.0
40	input_spectra/4-B2R08.mzML	187	0	132.104476928711	1	11951.64	0.0
56	input_spectra/4-B2R08.mzML	188	0	155.080891927083	1	11963.16	0.0
56	input_spectra/4-B2R08.mzML	189	0	155.080891927083	1	11974.619999999999	0.0
44	input_spectra/4-B2R08.mzML	190	0	137.045364379883	1	11997.54	0.0
15	input_spectra/4-B2R08.mzML	191	0	121.064483642578	1	12032.039999999999	0.0
15	input_spectra/4-B2R08.mzML	192	0	121.064483642578	1	12043.5	0.0
35	input_spectra/4-B2R08.mzML	193	0	132.101379394531	1	12082.86	0.0
37	input_spectra/4-B2R08.mzML	194	0	132.101379394531	1	12094.32	0.0
56	input_spectra/4-B2R08.mzML	195	0	155.080891927083	1	12105.84	0.0
56	input_spectra/4-B2R08.mzML	196	0	155.080891927083	1	12117.300000000001	0.0
15	input_spectra/4-B2R08.mzML	197	0	121.064483642578	1	12128.759999999998	0.0
15	input_spectra/4-B2R08.mzML	198	0	121.064483642578	1	12140.22	0.0
45	input_spectra/4-B2R08.mzML	199	0	138.090932210286	1	12151.74	0.0
46	input_spectra/4-B2R08.mzML	200	0	138.090932210286	1	12163.2	0.0
70	input_spectra/4-B2R08.mzML	201	0	182.080581665039	1	12174.66	0.0
71	input_spectra/4-B2R08.mzML	202	0	182.080581665039	1	12186.18	0.0
56	input_spectra/4-B2R08.mzML	203	0	155.080891927083	1	12225.539999999999	0.0
56	input_spectra/4-B2R08.mzML	204	0	155.080891927083	1	12237.0	0.0
15	input_spectra/4-B2R08.mzML	205	0	121.064483642578	1	12248.46	0.0
15	input_spectra/4-B2R08.mzML	206	0	121.064483642578	1	12259.98	0.0
45	input_spectra/4-B2R08.mzML	207	0	138.090932210286	1	12271.44	0.0
46	input_spectra/4-B2R08.mzML	208	0	138.090932210286	1	12282.9	0.0
70	input_spectra/4-B2R08.mzML	209	0	182.080581665039	1	12294.42	0.0
71	input_spectra/4-B2R08.mzML	210	0	182.080581665039	1	12305.880000000001	0.0
7	input_spectra/4-B2R08.mzML	211	0	118.085753758748	1	12317.34	0.0
8	input_spectra/4-B2R08.mzML	212	0	118.085753758748	1	12328.8	0.0
70	input_spectra/4-B2R08.mzML	213	0	182.080581665039	1	12368.22	0.0
71	input_spectra/4-B2R08.mzML	214	0	182.080581665039	1	12379.68	0.0
45	input_spectra/4-B2R08.mzML	215	0	138.090932210286	1	12391.14	0.0
46	input_spectra/4-B2R08.mzML	216	0	138.090932210286	1	12402.6	0.0
41	input_spectra/4-B2R08.mzML	217	0	136.075200398763	1	12414.119999999999	0.0
41	input_spectra/4-B2R08.mzML	218	0	136.075200398763	1	12425.58	0.0
61	input_spectra/4-B2R08.mzML	219	0	165.053995768229	1	12437.039999999999	0.0
62	input_spectra/4-B2R08.mzML	220	0	165.053995768229	1	12448.56	0.0
7	input_spectra/4-B2R08.mzML	221	0	118.085753758748	1	12460.02	0.0
8	input_spectra/4-B2R08.mzML	222	0	118.085753758748	1	12471.48	0.0
41	input_spectra/4-B2R08.mzML	223	0	136.075200398763	1	12510.84	0.0
41	input_spectra/4-B2R08.mzML	224	0	136.075200398763	1	12522.359999999999	0.0
61	input_spectra/4-B2R08.mzML	225	0	165.053995768229	1	12533.82	0.0
62	input_spectra/4-B2R08.mzML	226	0	165.053995768229	1	12545.279999999999	0.0
102	input_spectra/4-B2R08.mzML	227	0	237.086097717285	1	12579.78	0.0
103	input_spectra/4-B2R08.mzML	228	0	237.086097717285	1	12591.240000000002	0.0
7	input_spectra/4-B2R08.mzML	229	0	118.085753758748	1	12602.699999999999	0.0
8	input_spectra/4-B2R08.mzML	230	0	118.085753758748	1	12614.16	0.0
41	input_spectra/4-B2R08.mzML	231	0	136.075200398763	1	12653.58	0.0
41	input_spectra/4-B2R08.mzML	232	0	136.075200398763	1	12665.04	0.0
102	input_spectra/4-B2R08.mzML	233	0	237.086097717285	1	12676.560000000001	0.0
103	input_spectra/4-B2R08.mzML	234	0	237.086097717285	1	12688.02	0.0
61	input_spectra/4-B2R08.mzML	235	0	165.053995768229	1	12699.539999999999	0.0
62	input_spectra/4-B2R08.mzML	236	0	165.053995768229	1	12711.0	0.0
23	input_spectra/4-B2R08.mzML	237	0	130.049352010091	1	12722.46	0.0
25	input_spectra/4-B2R08.mzML	238	0	130.049352010091	1	12733.92	0.0
102	input_spectra/4-B2R08.mzML	239	0	237.086097717285	1	12773.34	0.0
103	input_spectra/4-B2R08.mzML	240	0	237.086097717285	1	12784.800000000001	0.0
23	input_spectra/4-B2R08.mzML	241	0	130.049352010091	1	12796.32	0.0
25	input_spectra/4-B2R08.mzML	242	0	130.049352010091	1	12807.779999999999	0.0
23	input_spectra/4-B2R08.mzML	243	0	130.049352010091	1	12847.14	0.0
25	input_spectra/4-B2R08.mzML	244	0	130.049352010091	1	12858.6	0.0
37	input_spectra/4-B2R08.mzML	245	0	132.101379394531	1	13033.02	0.0
37	input_spectra/4-B2R08.mzML	246	0	132.101379394531	1	13044.48	0.0
37	input_spectra/4-B2R08.mzML	247	0	132.101379394531	1	13083.84	0.0
37	input_spectra/4-B2R08.mzML	248	0	132.101379394531	1	13095.36	0.0
37	input_spectra/4-B2R08.mzML	249	0	132.101379394531	1	13134.720000000001	0.0
37	input_spectra/4-B2R08.mzML	250	0	132.101379394531	1	13146.18	0.0
56	input_spectra/4-B2R08.mzML	251	0	155.080891927083	1	13185.539999999999	0.0
56	input_spectra/4-B2R08.mzML	252	0	155.080891927083	1	13197.0	0.0
56	input_spectra/4-B2R08.mzML	253	0	155.080891927083	1	13236.36	0.0
56	input_spectra/4-B2R08.mzML	254	0	155.080891927083	1	13247.880000000001	0.0
56	input_spectra/4-B2R08.mzML	255	0	155.080891927083	1	13287.24	0.0
56	input_spectra/4-B2R08.mzML	256	0	155.080891927083	1	13298.7	0.0
93	input_spectra/4-B2R08.mzML	257	0	221.091267903646	1	13374.18	0.0
93	input_spectra/4-B2R08.mzML	258	0	221.091267903646	1	13385.64	0.0
93	input_spectra/4-B2R08.mzML	259	0	221.091267903646	1	13425.0	0.0
93	input_spectra/4-B2R08.mzML	260	0	221.091267903646	1	13436.52	0.0
93	input_spectra/4-B2R08.mzML	261	0	221.091267903646	1	13475.880000000001	0.0
93	input_spectra/4-B2R08.mzML	262	0	221.091267903646	1	13487.34	0.0
60	input_spectra/4-B2R08.mzML	263	0	160.074996948242	1	13498.86	0.0
60	input_spectra/4-B2R08.mzML	264	0	160.074996948242	1	13510.32	0.0
60	input_spectra/4-B2R08.mzML	265	0	160.074996948242	1	13549.68	0.0
60	input_spectra/4-B2R08.mzML	266	0	160.074996948242	1	13561.14	0.0
60	input_spectra/4-B2R08.mzML	267	0	160.074996948242	1	13600.5	0.0
60	input_spectra/4-B2R08.mzML	268	0	160.074996948242	1	13611.960000000001	0.0
19	input_spectra/4-B2R08.mzML	269	0	127.049560546875	1	13711.44	0.0
20	input_spectra/4-B2R08.mzML	270	0	127.049560546875	1	13722.960000000001	0.0
19	input_spectra/4-B2R08.mzML	271	0	127.049560546875	1	13762.320000000002	0.0
20	input_spectra/4-B2R08.mzML	272	0	127.049560546875	1	13773.779999999999	0.0
102	input_spectra/4-B2R08.mzML	273	0	237.086097717285	1	13785.24	0.0
19	input_spectra/4-B2R08.mzML	274	0	127.049560546875	1	13836.06	0.0
37	input_spectra/4-B2R08.mzML	275	0	132.101379394531	1	13859.04	0.0
37	input_spectra/4-B2R08.mzML	276	0	132.101379394531	1	13870.5	0.0
37	input_spectra/4-B2R08.mzML	277	0	132.101379394531	1	14225.279999999999	0.0
37	input_spectra/4-B2R08.mzML	278	0	132.101379394531	1	14236.74	0.0
56	input_spectra/4-B2R08.mzML	279	0	155.080891927083	1	14324.22	0.0
56	input_spectra/4-B2R08.mzML	280	0	155.080891927083	1	14335.68	0.0
56	input_spectra/4-B2R08.mzML	281	0	155.080891927083	1	14375.04	0.0
56	input_spectra/4-B2R08.mzML	282	0	155.080891927083	1	14386.560000000001	0.0
56	input_spectra/4-B2R08.mzML	283	0	155.080891927083	1	14425.92	0.0
56	input_spectra/4-B2R08.mzML	284	0	155.080891927083	1	14437.44	0.0
32	input_spectra/4-B2R08.mzML	285	0	131.929147338867	1	14536.92	0.0
32	input_spectra/4-B2R08.mzML	286	0	131.929147338867	1	14548.380000000001	0.0
32	input_spectra/4-B2R08.mzML	287	0	131.929147338867	1	14635.86	0.0
32	input_spectra/4-B2R08.mzML	288	0	131.929147338867	1	14647.38	0.0
32	input_spectra/4-B2R08.mzML	289	0	131.929147338867	1	14698.740000000002	0.0
32	input_spectra/4-B2R08.mzML	290	0	131.929147338867	1	14710.199999999999	0.0
88	input_spectra/4-B2R08.mzML	291	0	211.106892903646	1	14785.68	0.0
88	input_spectra/4-B2R08.mzML	292	0	211.106892903646	1	14797.14	0.0
88	input_spectra/4-B2R08.mzML	293	0	211.106892903646	1	14859.539999999999	0.0
88	input_spectra/4-B2R08.mzML	294	0	211.106892903646	1	14871.0	0.0
88	input_spectra/4-B2R08.mzML	295	0	211.106892903646	1	14910.42	0.0
88	input_spectra/4-B2R08.mzML	296	0	211.106892903646	1	14921.880000000001	0.0
57	input_spectra/4-B2R08.mzML	297	0	157.096338907878	1	15206.16	0.0
57	input_spectra/4-B2R08.mzML	298	0	157.096338907878	1	15217.679999999998	0.0
57	input_spectra/4-B2R08.mzML	299	0	157.096338907878	1	15257.039999999999	0.0
57	input_spectra/4-B2R08.mzML	300	0	157.096338907878	1	15268.5	0.0
57	input_spectra/4-B2R08.mzML	301	0	157.096338907878	1	15307.86	0.0
57	input_spectra/4-B2R08.mzML	302	0	157.096338907878	1	15319.380000000001	0.0
68	input_spectra/4-B2R08.mzML	303	0	169.096201578776	1	15478.98	0.0
68	input_spectra/4-B2R08.mzML	304	0	169.096201578776	1	15490.439999999999	0.0
68	input_spectra/4-B2R08.mzML	305	0	169.096201578776	1	15529.86	0.0
68	input_spectra/4-B2R08.mzML	306	0	169.096201578776	1	15541.32	0.0
68	input_spectra/4-B2R08.mzML	307	0	169.096201578776	1	15580.739999999998	0.0
68	input_spectra/4-B2R08.mzML	308	0	169.096201578776	1	15592.2	0.0
32	input_spectra/4-B2R08.mzML	309	0	131.929147338867	1	15787.92	0.0
32	input_spectra/4-B2R08.mzML	310	0	131.929147338867	1	15799.38	0.0
32	input_spectra/4-B2R08.mzML	311	0	131.929147338867	1	15838.74	0.0
32	input_spectra/4-B2R08.mzML	312	0	131.929147338867	1	15850.2	0.0
4	input_spectra/4-B2R08.mzML	313	0	113.963114420573	1	15985.800000000001	0.0
4	input_spectra/4-B2R08.mzML	314	0	113.963114420573	1	15997.259999999998	0.0
32	input_spectra/4-B2R08.mzML	315	0	131.929147338867	1	16008.779999999999	0.0
32	input_spectra/4-B2R08.mzML	316	0	131.929147338867	1	16020.240000000002	0.0
47	input_spectra/4-B2R08.mzML	317	0	141.957918439593	1	16167.84	0.0
47	input_spectra/4-B2R08.mzML	318	0	141.957918439593	1	16179.3	0.0
4	input_spectra/4-B2R08.mzML	319	0	113.963114420573	1	16218.659999999998	0.0
4	input_spectra/4-B2R08.mzML	320	0	113.963114420573	1	16230.12	0.0
47	input_spectra/4-B2R08.mzML	321	0	141.957918439593	1	16269.480000000001	0.0
47	input_spectra/4-B2R08.mzML	322	0	141.957918439593	1	16280.939999999999	0.0
47	input_spectra/4-B2R08.mzML	323	0	141.957918439593	1	16320.3	0.0
47	input_spectra/4-B2R08.mzML	324	0	141.957918439593	1	16331.94	0.0
63	input_spectra/4-B2R08.mzML	325	0	166.085623168945	1	16371.300000000001	0.0
65	input_spectra/4-B2R08.mzML	326	0	166.085623168945	1	16382.76	0.0
63	input_spectra/4-B2R08.mzML	327	0	166.085623168945	1	16422.12	0.0
65	input_spectra/4-B2R08.mzML	328	0	166.085623168945	1	16433.579999999998	0.0
9	input_spectra/4-B2R08.mzML	329	0	120.080339813232	1	16445.1	0.0
12	input_spectra/4-B2R08.mzML	330	0	120.080339813232	1	16456.56	0.0
63	input_spectra/4-B2R08.mzML	331	0	166.085623168945	1	16495.920000000002	0.0
65	input_spectra/4-B2R08.mzML	332	0	166.085623168945	1	16507.38	0.0
9	input_spectra/4-B2R08.mzML	333	0	120.080339813232	1	16518.9	0.0
12	input_spectra/4-B2R08.mzML	334	0	120.080339813232	1	16530.359999999997	0.0
9	input_spectra/4-B2R08.mzML	335	0	120.080339813232	1	16569.719999999998	0.0
12	input_spectra/4-B2R08.mzML	336	0	120.080339813232	1	16581.18	0.0
95	input_spectra/4-B2R08.mzML	337	0	227.101750691732	1	16592.7	0.0
95	input_spectra/4-B2R08.mzML	338	0	227.101750691732	1	16604.16	0.0
168	input_spectra/4-B2R08.mzML	339	0	392.180002848307	1	16643.52	0.0
168	input_spectra/4-B2R08.mzML	340	0	392.180002848307	1	16655.04	0.0
95	input_spectra/4-B2R08.mzML	341	0	227.101750691732	1	16666.5	0.0
95	input_spectra/4-B2R08.mzML	342	0	227.101750691732	1	16678.02	0.0
30	input_spectra/4-B2R08.mzML	343	0	131.048446655273	1	16689.48	0.0
31	input_spectra/4-B2R08.mzML	344	0	131.048446655273	1	16700.94	0.0
64	input_spectra/4-B2R08.mzML	345	0	166.090947469076	1	16740.3	0.0
66	input_spectra/4-B2R08.mzML	346	0	166.090947469076	1	16751.82	0.0
168	input_spectra/4-B2R08.mzML	347	0	392.180002848307	1	16763.34	0.0
168	input_spectra/4-B2R08.mzML	348	0	392.180002848307	1	16774.8	0.0
95	input_spectra/4-B2R08.mzML	349	0	227.101750691732	1	16786.32	0.0
95	input_spectra/4-B2R08.mzML	350	0	227.101750691732	1	16797.780000000002	0.0
192	input_spectra/4-B2R08.mzML	351	0	449.201741536458	1	16809.3	0.0
192	input_spectra/4-B2R08.mzML	352	0	449.201741536458	1	16820.82	0.0
30	input_spectra/4-B2R08.mzML	353	0	131.048446655273	1	16832.34	0.0
31	input_spectra/4-B2R08.mzML	354	0	131.048446655273	1	16843.800000000003	0.0
11	input_spectra/4-B2R08.mzML	355	0	120.083629608154	1	16883.16	0.0
14	input_spectra/4-B2R08.mzML	356	0	120.083629608154	1	16894.68	0.0
168	input_spectra/4-B2R08.mzML	357	0	392.180002848307	1	16906.199999999997	0.0
168	input_spectra/4-B2R08.mzML	358	0	392.180002848307	1	16917.66	0.0
192	input_spectra/4-B2R08.mzML	359	0	449.201741536458	1	16929.18	0.0
192	input_spectra/4-B2R08.mzML	360	0	449.201741536458	1	16940.7	0.0
30	input_spectra/4-B2R08.mzML	361	0	131.048446655273	1	16952.16	0.0
31	input_spectra/4-B2R08.mzML	362	0	131.048446655273	1	16963.68	0.0
51	input_spectra/4-B2R08.mzML	363	0	149.059150695801	1	16975.14	0.0
52	input_spectra/4-B2R08.mzML	364	0	149.059150695801	1	16986.600000000002	0.0
11	input_spectra/4-B2R08.mzML	365	0	120.083629608154	1	17026.02	0.0
14	input_spectra/4-B2R08.mzML	366	0	120.083629608154	1	17037.480000000003	0.0
64	input_spectra/4-B2R08.mzML	367	0	166.090947469076	1	17048.94	0.0
66	input_spectra/4-B2R08.mzML	368	0	166.090947469076	1	17060.46	0.0
192	input_spectra/4-B2R08.mzML	369	0	449.201741536458	1	17071.98	0.0
192	input_spectra/4-B2R08.mzML	370	0	449.201741536458	1	17083.5	0.0
51	input_spectra/4-B2R08.mzML	371	0	149.059150695801	1	17094.96	0.0
52	input_spectra/4-B2R08.mzML	372	0	149.059150695801	1	17106.48	0.0
64	input_spectra/4-B2R08.mzML	373	0	166.090947469076	1	17145.84	0.0
66	input_spectra/4-B2R08.mzML	374	0	166.090947469076	1	17157.36	0.0
32	input_spectra/4-B2R08.mzML	375	0	131.929147338867	1	17353.02	0.0
32	input_spectra/4-B2R08.mzML	376	0	131.929147338867	1	17364.48	0.0
47	input_spectra/4-B2R08.mzML	377	0	141.957918439593	1	17439.9	0.0
47	input_spectra/4-B2R08.mzML	378	0	141.957918439593	1	17451.36	0.0
32	input_spectra/4-B2R08.mzML	379	0	131.929147338867	1	17502.780000000002	0.0
32	input_spectra/4-B2R08.mzML	380	0	131.929147338867	1	17514.239999999998	0.0
63	input_spectra/4-B2R08.mzML	381	0	166.085623168945	1	17553.6	0.0
65	input_spectra/4-B2R08.mzML	382	0	166.085623168945	1	17565.12	0.0
47	input_spectra/4-B2R08.mzML	383	0	141.957918439593	1	17576.579999999998	0.0
47	input_spectra/4-B2R08.mzML	384	0	141.957918439593	1	17588.04	0.0
32	input_spectra/4-B2R08.mzML	385	0	131.929147338867	1	17599.5	0.0
32	input_spectra/4-B2R08.mzML	386	0	131.929147338867	1	17611.02	0.0
63	input_spectra/4-B2R08.mzML	387	0	166.085623168945	1	17650.38	0.0
65	input_spectra/4-B2R08.mzML	388	0	166.085623168945	1	17661.84	0.0
9	input_spectra/4-B2R08.mzML	389	0	120.080339813232	1	17673.36	0.0
12	input_spectra/4-B2R08.mzML	390	0	120.080339813232	1	17684.82	0.0
47	input_spectra/4-B2R08.mzML	391	0	141.957918439593	1	17696.28	0.0
47	input_spectra/4-B2R08.mzML	392	0	141.957918439593	1	17707.74	0.0
63	input_spectra/4-B2R08.mzML	393	0	166.085623168945	1	17747.16	0.0
65	input_spectra/4-B2R08.mzML	394	0	166.085623168945	1	17758.62	0.0
9	input_spectra/4-B2R08.mzML	395	0	120.080339813232	1	17770.08	0.0
12	input_spectra/4-B2R08.mzML	396	0	120.080339813232	1	17781.539999999997	0.0
9	input_spectra/4-B2R08.mzML	397	0	120.080339813232	1	17820.960000000003	0.0
12	input_spectra/4-B2R08.mzML	398	0	120.080339813232	1	17832.42	0.0
4	input_spectra/4-B2R08.mzML	399	0	113.963114420573	1	18220.5	0.0
4	input_spectra/4-B2R08.mzML	400	0	113.963114420573	1	18231.96	0.0
9	input_spectra/4-B2R08.mzML	401	0	120.080339813232	1	18331.44	0.0
12	input_spectra/4-B2R08.mzML	402	0	120.080339813232	1	18342.899999999998	0.0
59	input_spectra/4-B2R08.mzML	403	0	158.960580444336	1	18526.56	0.0
59	input_spectra/4-B2R08.mzML	404	0	158.960580444336	1	18538.08	0.0
32	input_spectra/4-B2R08.mzML	405	0	131.929147338867	1	18613.5	0.0
32	input_spectra/4-B2R08.mzML	406	0	131.929147338867	1	18624.96	0.0
47	input_spectra/4-B2R08.mzML	407	0	141.957918439593	1	18664.440000000002	0.0
47	input_spectra/4-B2R08.mzML	408	0	141.957918439593	1	18675.899999999998	0.0
32	input_spectra/4-B2R08.mzML	409	0	131.929147338867	1	18687.36	0.0
32	input_spectra/4-B2R08.mzML	410	0	131.929147338867	1	18698.82	0.0
47	input_spectra/4-B2R08.mzML	411	0	141.957918439593	1	18738.239999999998	0.0
47	input_spectra/4-B2R08.mzML	412	0	141.957918439593	1	18749.7	0.0
63	input_spectra/4-B2R08.mzML	413	0	166.085623168945	1	18789.06	0.0
65	input_spectra/4-B2R08.mzML	414	0	166.085623168945	1	18800.58	0.0
47	input_spectra/4-B2R08.mzML	415	0	141.957918439593	1	18812.04	0.0
47	input_spectra/4-B2R08.mzML	416	0	141.957918439593	1	18823.5	0.0
32	input_spectra/4-B2R08.mzML	417	0	131.929147338867	1	18834.96	0.0
32	input_spectra/4-B2R08.mzML	418	0	131.929147338867	1	18846.48	0.0
63	input_spectra/4-B2R08.mzML	419	0	166.085623168945	1	18885.84	0.0
65	input_spectra/4-B2R08.mzML	420	0	166.085623168945	1	18897.3	0.0
9	input_spectra/4-B2R08.mzML	421	0	120.080339813232	1	18908.82	0.0
12	input_spectra/4-B2R08.mzML	422	0	120.080339813232	1	18920.280000000002	0.0
63	input_spectra/4-B2R08.mzML	423	0	166.085623168945	1	18959.640000000003	0.0
65	input_spectra/4-B2R08.mzML	424	0	166.085623168945	1	18971.1	0.0
9	input_spectra/4-B2R08.mzML	425	0	120.080339813232	1	18982.62	0.0
12	input_spectra/4-B2R08.mzML	426	0	120.080339813232	1	18994.079999999998	0.0
9	input_spectra/4-B2R08.mzML	427	0	120.080339813232	1	19033.44	0.0
12	input_spectra/4-B2R08.mzML	428	0	120.080339813232	1	19044.9	0.0
59	input_spectra/4-B2R08.mzML	429	0	158.960580444336	1	19084.32	0.0
59	input_spectra/4-B2R08.mzML	430	0	158.960580444336	1	19095.78	0.0
59	input_spectra/4-B2R08.mzML	431	0	158.960580444336	1	19159.2	0.0
59	input_spectra/4-B2R08.mzML	432	0	158.960580444336	1	19170.66	0.0
29	input_spectra/4-B2R08.mzML	433	0	130.965723673503	1	19246.079999999998	0.0
29	input_spectra/4-B2R08.mzML	434	0	130.965723673503	1	19257.54	0.0
29	input_spectra/4-B2R08.mzML	435	0	130.965723673503	1	19369.079999999998	0.0
29	input_spectra/4-B2R08.mzML	436	0	130.965723673503	1	19380.6	0.0
4	input_spectra/4-B2R08.mzML	437	0	113.963114420573	1	19444.02	0.0
4	input_spectra/4-B2R08.mzML	438	0	113.963114420573	1	19455.48	0.0
4	input_spectra/4-B2R08.mzML	439	0	113.963114420573	1	19530.899999999998	0.0
4	input_spectra/4-B2R08.mzML	440	0	113.963114420573	1	19542.36	0.0
16	input_spectra/4-B2R08.mzML	441	0	122.963478088379	1	19653.9	0.0
16	input_spectra/4-B2R08.mzML	442	0	122.963478088379	1	19665.359999999997	0.0
29	input_spectra/4-B2R08.mzML	443	0	130.965723673503	1	19728.78	0.0
29	input_spectra/4-B2R08.mzML	444	0	130.965723673503	1	19740.24	0.0
4	input_spectra/4-B2R08.mzML	445	0	113.963114420573	1	19779.66	0.0
4	input_spectra/4-B2R08.mzML	446	0	113.963114420573	1	19791.12	0.0
47	input_spectra/4-B2R08.mzML	447	0	141.957918439593	1	19842.54	0.0
47	input_spectra/4-B2R08.mzML	448	0	141.957918439593	1	19854.0	0.0
32	input_spectra/4-B2R08.mzML	449	0	131.929147338867	1	19865.46	0.0
32	input_spectra/4-B2R08.mzML	450	0	131.929147338867	1	19876.92	0.0
47	input_spectra/4-B2R08.mzML	451	0	141.957918439593	1	19916.34	0.0
47	input_spectra/4-B2R08.mzML	452	0	141.957918439593	1	19927.8	0.0
47	input_spectra/4-B2R08.mzML	453	0	141.957918439593	1	19967.16	0.0
47	input_spectra/4-B2R08.mzML	454	0	141.957918439593	1	19978.68	0.0
32	input_spectra/4-B2R08.mzML	455	0	131.929147338867	1	20054.100000000002	0.0
32	input_spectra/4-B2R08.mzML	456	0	131.929147338867	1	20065.559999999998	0.0
63	input_spectra/4-B2R08.mzML	457	0	166.085623168945	1	20127.899999999998	0.0
65	input_spectra/4-B2R08.mzML	458	0	166.085623168945	1	20139.36	0.0
32	input_spectra/4-B2R08.mzML	459	0	131.929147338867	1	20150.88	0.0
32	input_spectra/4-B2R08.mzML	460	0	131.929147338867	1	20162.34	0.0
59	input_spectra/4-B2R08.mzML	461	0	158.960580444336	1	20315.399999999998	0.0
59	input_spectra/4-B2R08.mzML	462	0	158.960580444336	1	20326.92	0.0
59	input_spectra/4-B2R08.mzML	463	0	158.960580444336	1	20366.28	0.0
59	input_spectra/4-B2R08.mzML	464	0	158.960580444336	1	20377.74	0.0
47	input_spectra/4-B2R08.mzML	465	0	141.957918439593	1	21006.300000000003	0.0
47	input_spectra/4-B2R08.mzML	466	0	141.957918439593	1	21017.82	0.0
47	input_spectra/4-B2R08.mzML	467	0	141.957918439593	1	21057.18	0.0
47	input_spectra/4-B2R08.mzML	468	0	141.957918439593	1	21068.64	0.0
47	input_spectra/4-B2R08.mzML	469	0	141.957918439593	1	21108.0	0.0
47	input_spectra/4-B2R08.mzML	470	0	141.957918439593	1	21119.52	0.0
109	input_spectra/4-B2R08.mzML	471	0	247.127942766462	1	21447.42	0.0
109	input_spectra/4-B2R08.mzML	472	0	247.127942766462	1	21498.239999999998	0.0
109	input_spectra/4-B2R08.mzML	473	0	247.127942766462	1	21509.76	0.0
109	input_spectra/4-B2R08.mzML	474	0	247.127942766462	1	21595.019999999997	0.0
137	input_spectra/4-B2R08.mzML	475	0	307.18516031901	1	21765.72	0.0
137	input_spectra/4-B2R08.mzML	476	0	307.18516031901	1	21777.18	0.0
137	input_spectra/4-B2R08.mzML	477	0	307.18516031901	1	21816.600000000002	0.0
137	input_spectra/4-B2R08.mzML	478	0	307.18516031901	1	21828.059999999998	0.0
137	input_spectra/4-B2R08.mzML	479	0	307.18516031901	1	21867.42	0.0
137	input_spectra/4-B2R08.mzML	480	0	307.18516031901	1	21878.94	0.0
111	input_spectra/4-B2R08.mzML	481	0	256.174194335938	1	21941.28	0.0
111	input_spectra/4-B2R08.mzML	482	0	256.174194335938	1	21992.16	0.0
47	input_spectra/4-B2R08.mzML	483	0	141.957918439593	1	22151.22	0.0
47	input_spectra/4-B2R08.mzML	484	0	141.957918439593	1	22162.68	0.0
47	input_spectra/4-B2R08.mzML	485	0	141.957918439593	1	22202.100000000002	0.0
47	input_spectra/4-B2R08.mzML	486	0	141.957918439593	1	22213.56	0.0
47	input_spectra/4-B2R08.mzML	487	0	141.957918439593	1	22252.920000000002	0.0
47	input_spectra/4-B2R08.mzML	488	0	141.957918439593	1	22264.440000000002	0.0
83	input_spectra/4-B2R08.mzML	489	0	195.112345377604	1	23112.18	0.0
83	input_spectra/4-B2R08.mzML	490	0	195.112345377604	1	23123.64	0.0
83	input_spectra/4-B2R08.mzML	491	0	195.112345377604	1	23163.0	0.0
83	input_spectra/4-B2R08.mzML	492	0	195.112345377604	1	23174.52	0.0
83	input_spectra/4-B2R08.mzML	493	0	195.112345377604	1	23213.88	0.0
83	input_spectra/4-B2R08.mzML	494	0	195.112345377604	1	23225.399999999998	0.0
47	input_spectra/4-B2R08.mzML	495	0	141.957918439593	1	23288.82	0.0
47	input_spectra/4-B2R08.mzML	496	0	141.957918439593	1	23300.280000000002	0.0
47	input_spectra/4-B2R08.mzML	497	0	141.957918439593	1	23339.7	0.0
47	input_spectra/4-B2R08.mzML	498	0	141.957918439593	1	23351.16	0.0
47	input_spectra/4-B2R08.mzML	499	0	141.957918439593	1	23390.52	0.0
47	input_spectra/4-B2R08.mzML	500	0	141.957918439593	1	23402.04	0.0
239	input_spectra/4-B2R08.mzML	501	0	554.290669759115	1	23609.76	0.0
240	input_spectra/4-B2R08.mzML	502	0	554.290669759115	1	23621.28	0.0
239	input_spectra/4-B2R08.mzML	503	0	554.290669759115	1	23660.58	0.0
240	input_spectra/4-B2R08.mzML	504	0	554.290669759115	1	23672.100000000002	0.0
239	input_spectra/4-B2R08.mzML	505	0	554.290669759115	1	23711.52	0.0
240	input_spectra/4-B2R08.mzML	506	0	554.290669759115	1	23722.98	0.0
109	input_spectra/4-B2R08.mzML	507	0	247.127942766462	1	23870.58	0.0
109	input_spectra/4-B2R08.mzML	508	0	247.127942766462	1	23882.100000000002	0.0
109	input_spectra/4-B2R08.mzML	509	0	247.127942766462	1	23921.46	0.0
109	input_spectra/4-B2R08.mzML	510	0	247.127942766462	1	23932.920000000002	0.0
109	input_spectra/4-B2R08.mzML	511	0	247.127942766462	1	23972.34	0.0
178	input_spectra/4-B2R08.mzML	512	0	426.233032226563	1	24046.14	0.0
178	input_spectra/4-B2R08.mzML	513	0	426.233032226563	1	24057.66	0.0
243	input_spectra/4-B2R08.mzML	514	0	569.290649414063	1	24097.02	0.0
244	input_spectra/4-B2R08.mzML	515	0	569.290649414063	1	24108.54	0.0
178	input_spectra/4-B2R08.mzML	516	0	426.233032226563	1	24120.059999999998	0.0
178	input_spectra/4-B2R08.mzML	517	0	426.233032226563	1	24131.579999999998	0.0
266	input_spectra/4-B2R08.mzML	518	0	652.327178955078	1	24177.66	0.0
243	input_spectra/4-B2R08.mzML	519	0	569.290649414063	1	24217.02	0.0
244	input_spectra/4-B2R08.mzML	520	0	569.290649414063	1	24228.54	0.0
178	input_spectra/4-B2R08.mzML	521	0	426.233032226563	1	24240.059999999998	0.0
178	input_spectra/4-B2R08.mzML	522	0	426.233032226563	1	24251.52	0.0
266	input_spectra/4-B2R08.mzML	523	0	652.327178955078	1	24297.66	0.0
243	input_spectra/4-B2R08.mzML	524	0	569.290649414063	1	24337.02	0.0
244	input_spectra/4-B2R08.mzML	525	0	569.290649414063	1	24348.54	0.0
255	input_spectra/4-B2R08.mzML	526	0	602.275614420573	1	24544.2	0.0
255	input_spectra/4-B2R08.mzML	527	0	602.275614420573	1	24555.72	0.0
255	input_spectra/4-B2R08.mzML	528	0	602.275614420573	1	24595.08	0.0
255	input_spectra/4-B2R08.mzML	529	0	602.275614420573	1	24606.600000000002	0.0
255	input_spectra/4-B2R08.mzML	530	0	602.275614420573	1	24645.960000000003	0.0
255	input_spectra/4-B2R08.mzML	531	0	602.275614420573	1	24657.480000000003	0.0
211	input_spectra/4-B2R08.mzML	532	0	488.233418782552	1	24696.84	0.0
211	input_spectra/4-B2R08.mzML	533	0	488.233418782552	1	24708.36	0.0
292	input_spectra/4-B2R08.mzML	534	0	934.458618164063	1	24747.72	0.0
293	input_spectra/4-B2R08.mzML	535	0	934.458618164063	1	24759.3	0.0
211	input_spectra/4-B2R08.mzML	536	0	488.233418782552	1	24770.82	0.0
211	input_spectra/4-B2R08.mzML	537	0	488.233418782552	1	24782.34	0.0
211	input_spectra/4-B2R08.mzML	538	0	488.233418782552	1	24821.7	0.0
211	input_spectra/4-B2R08.mzML	539	0	488.233418782552	1	24833.22	0.0
292	input_spectra/4-B2R08.mzML	540	0	934.458618164063	1	24844.8	0.0
293	input_spectra/4-B2R08.mzML	541	0	934.458618164063	1	24856.32	0.0
293	input_spectra/4-B2R08.mzML	542	0	934.458618164063	1	24907.26	0.0
285	input_spectra/4-B2R08.mzML	543	0	806.400512695313	1	24918.84	0.0
286	input_spectra/4-B2R08.mzML	544	0	806.400512695313	1	24930.359999999997	0.0
252	input_spectra/4-B2R08.mzML	545	0	585.287272135417	1	24941.879999999997	0.0
253	input_spectra/4-B2R08.mzML	546	0	585.287272135417	1	24953.399999999998	0.0
252	input_spectra/4-B2R08.mzML	547	0	585.287272135417	1	24992.76	0.0
253	input_spectra/4-B2R08.mzML	548	0	585.287272135417	1	25004.28	0.0
285	input_spectra/4-B2R08.mzML	549	0	806.400512695313	1	25015.86	0.0
286	input_spectra/4-B2R08.mzML	550	0	806.400512695313	1	25027.38	0.0
133	input_spectra/4-B2R08.mzML	551	0	300.20068359375	1	25089.84	0.0
133	input_spectra/4-B2R08.mzML	552	0	300.20068359375	1	25101.36	0.0
125	input_spectra/4-B2R08.mzML	553	0	283.174102783203	1	25112.82	0.0
125	input_spectra/4-B2R08.mzML	554	0	283.174102783203	1	25124.28	0.0
252	input_spectra/4-B2R08.mzML	555	0	585.287272135417	1	25135.86	0.0
253	input_spectra/4-B2R08.mzML	556	0	585.287272135417	1	25147.38	0.0
133	input_spectra/4-B2R08.mzML	557	0	300.20068359375	1	25209.78	0.0
133	input_spectra/4-B2R08.mzML	558	0	300.20068359375	1	25221.239999999998	0.0
125	input_spectra/4-B2R08.mzML	559	0	283.174102783203	1	25244.22	0.0
156	input_spectra/4-B2R08.mzML	560	0	351.211364746094	1	25278.72	0.0
156	input_spectra/4-B2R08.mzML	561	0	351.211364746094	1	25290.18	0.0
109	input_spectra/4-B2R08.mzML	562	0	247.127942766462	1	25301.7	0.0
133	input_spectra/4-B2R08.mzML	563	0	300.20068359375	1	25352.58	0.0
268	input_spectra/4-B2R08.mzML	564	0	654.343200683594	1	25495.559999999998	0.0
268	input_spectra/4-B2R08.mzML	565	0	654.343200683594	1	25507.079999999998	0.0
184	input_spectra/4-B2R08.mzML	566	0	440.248626708984	1	25630.620000000003	0.0
184	input_spectra/4-B2R08.mzML	567	0	440.248626708984	1	25642.079999999998	0.0
184	input_spectra/4-B2R08.mzML	568	0	440.248626708984	1	25681.5	0.0
184	input_spectra/4-B2R08.mzML	569	0	440.248626708984	1	25692.96	0.0
153	input_spectra/4-B2R08.mzML	570	0	344.227427164714	1	25732.38	0.0
153	input_spectra/4-B2R08.mzML	571	0	344.227427164714	1	25743.84	0.0
140	input_spectra/4-B2R08.mzML	572	0	316.210556030273	1	25755.359999999997	0.0
140	input_spectra/4-B2R08.mzML	573	0	316.210556030273	1	25766.82	0.0
184	input_spectra/4-B2R08.mzML	574	0	440.248626708984	1	25778.34	0.0
184	input_spectra/4-B2R08.mzML	575	0	440.248626708984	1	25789.86	0.0
141	input_spectra/4-B2R08.mzML	576	0	327.200388590495	1	25824.36	0.0
153	input_spectra/4-B2R08.mzML	577	0	344.227427164714	1	25875.24	0.0
153	input_spectra/4-B2R08.mzML	578	0	344.227427164714	1	25886.7	0.0
141	input_spectra/4-B2R08.mzML	579	0	327.200388590495	1	25898.22	0.0
170	input_spectra/4-B2R08.mzML	580	0	395.237884521484	1	25944.42	0.0
170	input_spectra/4-B2R08.mzML	581	0	395.237884521484	1	25955.94	0.0
140	input_spectra/4-B2R08.mzML	582	0	316.210556030273	1	25967.46	0.0
153	input_spectra/4-B2R08.mzML	583	0	344.227427164714	1	26018.34	0.0
153	input_spectra/4-B2R08.mzML	584	0	344.227427164714	1	26029.8	0.0
98	input_spectra/4-B2R08.mzML	585	0	229.153900146484	1	26087.28	0.0
98	input_spectra/4-B2R08.mzML	586	0	229.153900146484	1	26098.739999999998	0.0
173	input_spectra/4-B2R08.mzML	587	0	415.252705891927	1	26110.26	0.0
173	input_spectra/4-B2R08.mzML	588	0	415.252705891927	1	26121.78	0.0
167	input_spectra/4-B2R08.mzML	589	0	388.253265380859	1	26161.14	0.0
167	input_spectra/4-B2R08.mzML	590	0	388.253265380859	1	26172.66	0.0
204	input_spectra/4-B2R08.mzML	591	0	472.275054931641	1	26184.18	0.0
205	input_spectra/4-B2R08.mzML	592	0	472.275054931641	1	26195.7	0.0
124	input_spectra/4-B2R08.mzML	593	0	281.112335205078	1	26207.219999999998	0.0
124	input_spectra/4-B2R08.mzML	594	0	281.112335205078	1	26218.68	0.0
169	input_spectra/4-B2R08.mzML	595	0	393.208587646484	1	26241.66	0.0
163	input_spectra/4-B2R08.mzML	596	0	371.226684570313	1	26253.18	0.0
163	input_spectra/4-B2R08.mzML	597	0	371.226684570313	1	26264.7	0.0
167	input_spectra/4-B2R08.mzML	598	0	388.258392333984	1	26304.06	0.0
167	input_spectra/4-B2R08.mzML	599	0	388.258392333984	1	26315.58	0.0
169	input_spectra/4-B2R08.mzML	600	0	393.208587646484	1	26338.56	0.0
163	input_spectra/4-B2R08.mzML	601	0	371.226684570313	1	26350.08	0.0
163	input_spectra/4-B2R08.mzML	602	0	371.226684570313	1	26361.539999999997	0.0
183	input_spectra/4-B2R08.mzML	603	0	439.263122558594	1	26373.059999999998	0.0
183	input_spectra/4-B2R08.mzML	604	0	439.263122558594	1	26384.579999999998	0.0
204	input_spectra/4-B2R08.mzML	605	0	472.275054931641	1	26396.1	0.0
205	input_spectra/4-B2R08.mzML	606	0	472.275054931641	1	26407.559999999998	0.0
167	input_spectra/4-B2R08.mzML	607	0	388.253265380859	1	26446.98	0.0
167	input_spectra/4-B2R08.mzML	608	0	388.253265380859	1	26458.44	0.0
182	input_spectra/4-B2R08.mzML	609	0	432.280212402344	1	26493.0	0.0
182	input_spectra/4-B2R08.mzML	610	0	432.280212402344	1	26504.46	0.0
182	input_spectra/4-B2R08.mzML	611	0	432.286437988281	1	26589.84	0.0
182	input_spectra/4-B2R08.mzML	612	0	432.286437988281	1	26601.36	0.0
174	input_spectra/4-B2R08.mzML	613	0	415.252705891927	1	26635.86	0.0
174	input_spectra/4-B2R08.mzML	614	0	415.252705891927	1	26647.38	0.0
209	input_spectra/4-B2R08.mzML	615	0	483.28955078125	1	26658.9	0.0
209	input_spectra/4-B2R08.mzML	616	0	483.28955078125	1	26670.359999999997	0.0
5	input_spectra/4-B2R08.mzML	617	0	117.072715759277	1	26681.879999999997	0.0
5	input_spectra/4-B2R08.mzML	618	0	117.072715759277	1	26693.34	0.0
182	input_spectra/4-B2R08.mzML	619	0	432.280212402344	1	26732.7	0.0
182	input_spectra/4-B2R08.mzML	620	0	432.280212402344	1	26744.22	0.0
206	input_spectra/4-B2R08.mzML	621	0	476.3056640625	1	26755.739999999998	0.0
206	input_spectra/4-B2R08.mzML	622	0	476.3056640625	1	26767.26	0.0
48	input_spectra/4-B2R08.mzML	623	0	146.0595703125	1	26790.24	0.0
206	input_spectra/4-B2R08.mzML	624	0	476.314453125	1	26875.68	0.0
206	input_spectra/4-B2R08.mzML	625	0	476.314453125	1	26887.2	0.0
96	input_spectra/4-B2R08.mzML	626	0	227.138692220052	1	26898.66	0.0
96	input_spectra/4-B2R08.mzML	627	0	227.138692220052	1	26910.18	0.0
197	input_spectra/4-B2R08.mzML	628	0	459.278564453125	1	26944.68	0.0
197	input_spectra/4-B2R08.mzML	629	0	459.278564453125	1	26956.199999999997	0.0
229	input_spectra/4-B2R08.mzML	630	0	527.315307617188	1	26967.72	0.0
229	input_spectra/4-B2R08.mzML	631	0	527.315307617188	1	26979.239999999998	0.0
225	input_spectra/4-B2R08.mzML	632	0	520.334309895833	1	27018.6	0.0
225	input_spectra/4-B2R08.mzML	633	0	520.334309895833	1	27030.12	0.0
206	input_spectra/4-B2R08.mzML	634	0	476.3056640625	1	27041.64	0.0
206	input_spectra/4-B2R08.mzML	635	0	476.3056640625	1	27053.16	0.0
96	input_spectra/4-B2R08.mzML	636	0	227.138692220052	1	27064.68	0.0
96	input_spectra/4-B2R08.mzML	637	0	227.138692220052	1	27076.14	0.0
225	input_spectra/4-B2R08.mzML	638	0	520.334309895833	1	27161.579999999998	0.0
225	input_spectra/4-B2R08.mzML	639	0	520.334309895833	1	27173.1	0.0
242	input_spectra/4-B2R08.mzML	640	0	564.357360839844	1	27184.62	0.0
242	input_spectra/4-B2R08.mzML	641	0	564.357360839844	1	27196.14	0.0
67	input_spectra/4-B2R08.mzML	642	0	169.075477600098	1	27230.7	0.0
67	input_spectra/4-B2R08.mzML	643	0	169.075477600098	1	27242.16	0.0
246	input_spectra/4-B2R08.mzML	644	0	571.341430664063	1	27253.68	0.0
246	input_spectra/4-B2R08.mzML	645	0	571.341430664063	1	27265.2	0.0
242	input_spectra/4-B2R08.mzML	646	0	564.363586425781	1	27304.62	0.0
242	input_spectra/4-B2R08.mzML	647	0	564.363586425781	1	27316.14	0.0
225	input_spectra/4-B2R08.mzML	648	0	520.334309895833	1	27327.66	0.0
225	input_spectra/4-B2R08.mzML	649	0	520.334309895833	1	27339.12	0.0
256	input_spectra/4-B2R08.mzML	650	0	608.384541829427	1	27373.68	0.0
256	input_spectra/4-B2R08.mzML	651	0	608.384541829427	1	27385.2	0.0
256	input_spectra/4-B2R08.mzML	652	0	608.384541829427	1	27447.6	0.0
256	input_spectra/4-B2R08.mzML	653	0	608.384541829427	1	27459.12	0.0
114	input_spectra/4-B2R08.mzML	654	0	261.122639973958	1	27470.64	0.0
114	input_spectra/4-B2R08.mzML	655	0	261.122639973958	1	27482.100000000002	0.0
242	input_spectra/4-B2R08.mzML	656	0	564.357360839844	1	27493.68	0.0
242	input_spectra/4-B2R08.mzML	657	0	564.357360839844	1	27505.2	0.0
5	input_spectra/4-B2R08.mzML	658	0	117.072715759277	1	27539.76	0.0
5	input_spectra/4-B2R08.mzML	659	0	117.072715759277	1	27551.22	0.0
267	input_spectra/4-B2R08.mzML	660	0	652.409200032552	1	27590.58	0.0
267	input_spectra/4-B2R08.mzML	661	0	652.409200032552	1	27602.100000000002	0.0
256	input_spectra/4-B2R08.mzML	662	0	608.384541829427	1	27613.62	0.0
256	input_spectra/4-B2R08.mzML	663	0	608.384541829427	1	27625.14	0.0
5	input_spectra/4-B2R08.mzML	664	0	117.072715759277	1	27636.66	0.0
5	input_spectra/4-B2R08.mzML	665	0	117.072715759277	1	27648.120000000003	0.0
114	input_spectra/4-B2R08.mzML	666	0	261.122639973958	1	27659.640000000003	0.0
269	input_spectra/4-B2R08.mzML	667	0	657.36474609375	1	27682.68	0.0
269	input_spectra/4-B2R08.mzML	668	0	657.36474609375	1	27694.2	0.0
274	input_spectra/4-B2R08.mzML	669	0	696.435089111328	1	27733.62	0.0
274	input_spectra/4-B2R08.mzML	670	0	696.435089111328	1	27745.14	0.0
267	input_spectra/4-B2R08.mzML	671	0	652.409200032552	1	27756.66	0.0
267	input_spectra/4-B2R08.mzML	672	0	652.409200032552	1	27768.18	0.0
74	input_spectra/4-B2R08.mzML	673	0	183.091178894043	1	27779.7	0.0
74	input_spectra/4-B2R08.mzML	674	0	183.091178894043	1	27791.16	0.0
278	input_spectra/4-B2R08.mzML	675	0	740.461364746094	1	27825.78	0.0
278	input_spectra/4-B2R08.mzML	676	0	740.461364746094	1	27837.36	0.0
278	input_spectra/4-B2R08.mzML	677	0	740.461364746094	1	27876.72	0.0
278	input_spectra/4-B2R08.mzML	678	0	740.461364746094	1	27888.239999999998	0.0
274	input_spectra/4-B2R08.mzML	679	0	696.435089111328	1	27899.76	0.0
274	input_spectra/4-B2R08.mzML	680	0	696.435089111328	1	27911.34	0.0
283	input_spectra/4-B2R08.mzML	681	0	784.487060546875	1	27922.859999999997	0.0
283	input_spectra/4-B2R08.mzML	682	0	784.487060546875	1	27934.379999999997	0.0
267	input_spectra/4-B2R08.mzML	683	0	652.409200032552	1	27945.899999999998	0.0
267	input_spectra/4-B2R08.mzML	684	0	652.409200032552	1	27957.480000000003	0.0
115	input_spectra/4-B2R08.mzML	685	0	261.122639973958	1	28019.82	0.0
114	input_spectra/4-B2R08.mzML	686	0	261.122639973958	1	28031.28	0.0
283	input_spectra/4-B2R08.mzML	687	0	784.487060546875	1	28042.859999999997	0.0
283	input_spectra/4-B2R08.mzML	688	0	784.487060546875	1	28054.440000000002	0.0
278	input_spectra/4-B2R08.mzML	689	0	740.461364746094	1	28065.960000000003	0.0
278	input_spectra/4-B2R08.mzML	690	0	740.461364746094	1	28077.480000000003	0.0
288	input_spectra/4-B2R08.mzML	691	0	828.513397216797	1	28089.06	0.0
288	input_spectra/4-B2R08.mzML	692	0	828.513397216797	1	28100.58	0.0
89	input_spectra/4-B2R08.mzML	693	0	211.143269856771	1	28112.100000000002	0.0
89	input_spectra/4-B2R08.mzML	694	0	211.143269856771	1	28123.62	0.0
290	input_spectra/4-B2R08.mzML	695	0	872.539306640625	1	28162.98	0.0
290	input_spectra/4-B2R08.mzML	696	0	872.539306640625	1	28174.5	0.0
288	input_spectra/4-B2R08.mzML	697	0	828.513397216797	1	28186.079999999998	0.0
288	input_spectra/4-B2R08.mzML	698	0	828.513397216797	1	28197.6	0.0
181	input_spectra/4-B2R08.mzML	699	0	430.242635091146	1	28220.64	0.0
181	input_spectra/4-B2R08.mzML	700	0	430.242635091146	1	28271.52	0.0
89	input_spectra/4-B2R08.mzML	701	0	211.143269856771	1	28334.039999999997	0.0
89	input_spectra/4-B2R08.mzML	702	0	211.143269856771	1	28345.5	0.0
181	input_spectra/4-B2R08.mzML	703	0	430.242635091146	1	28368.54	0.0
89	input_spectra/4-B2R08.mzML	704	0	211.143269856771	1	28430.94	0.0
89	input_spectra/4-B2R08.mzML	705	0	211.143269856771	1	28442.4	0.0
41	input_spectra/4-B2R08.mzML	706	0	136.075200398763	1	28453.920000000002	0.0
41	input_spectra/4-B2R08.mzML	707	0	136.075200398763	1	28465.38	0.0
41	input_spectra/4-B2R08.mzML	708	0	136.075200398763	1	28504.74	0.0
41	input_spectra/4-B2R08.mzML	709	0	136.075200398763	1	28516.199999999997	0.0
275	input_spectra/4-B2R08.mzML	710	0	702.936279296875	1	28527.780000000002	0.0
275	input_spectra/4-B2R08.mzML	711	0	702.936279296875	1	28539.36	0.0
41	input_spectra/4-B2R08.mzML	712	0	136.075200398763	1	28578.66	0.0
41	input_spectra/4-B2R08.mzML	713	0	136.075200398763	1	28590.18	0.0
108	input_spectra/4-B2R08.mzML	714	0	245.127593994141	1	28797.899999999998	0.0
108	input_spectra/4-B2R08.mzML	715	0	245.127593994141	1	28809.36	0.0
108	input_spectra/4-B2R08.mzML	716	0	245.127593994141	1	28848.72	0.0
108	input_spectra/4-B2R08.mzML	717	0	245.127593994141	1	28860.18	0.0
108	input_spectra/4-B2R08.mzML	718	0	245.127593994141	1	28899.54	0.0
108	input_spectra/4-B2R08.mzML	719	0	245.127593994141	1	28911.06	0.0
82	input_spectra/4-B2R08.mzML	720	0	195.061655680339	1	29334.66	0.0
82	input_spectra/4-B2R08.mzML	721	0	195.061655680339	1	29385.48	0.0
82	input_spectra/4-B2R08.mzML	722	0	195.061655680339	1	29436.36	0.0
142	input_spectra/4-B2R08.mzML	723	0	328.268125557605	1	30535.559999999998	0.0
143	input_spectra/4-B2R08.mzML	724	0	328.268125557605	1	30547.079999999998	0.0
142	input_spectra/4-B2R08.mzML	725	0	328.268125557605	1	30586.44	0.0
144	input_spectra/4-B2R08.mzML	726	0	328.268125557605	1	30597.899999999998	0.0
142	input_spectra/4-B2R08.mzML	727	0	328.268125557605	1	30637.32	0.0
143	input_spectra/4-B2R08.mzML	728	0	328.268125557605	1	30648.78	0.0
76	input_spectra/4-B2R08.mzML	729	0	186.221613566081	1	31135.799999999996	0.0
142	input_spectra/4-B2R08.mzML	730	0	328.268125557605	1	31694.46	0.0
144	input_spectra/4-B2R08.mzML	731	0	328.268125557605	1	31705.920000000002	0.0
145	input_spectra/4-B2R08.mzML	732	0	328.268125557605	1	31745.340000000004	0.0
144	input_spectra/4-B2R08.mzML	733	0	328.268125557605	1	31756.8	0.0
143	input_spectra/4-B2R08.mzML	734	0	328.268125557605	1	31796.22	0.0
144	input_spectra/4-B2R08.mzML	735	0	328.268125557605	1	31807.680000000004	0.0
76	input_spectra/4-B2R08.mzML	736	0	186.221613566081	1	32228.159999999996	0.0
76	input_spectra/4-B2R08.mzML	737	0	186.221613566081	1	32239.62	0.0
76	input_spectra/4-B2R08.mzML	738	0	186.221613566081	1	32278.979999999996	0.0
76	input_spectra/4-B2R08.mzML	739	0	186.221613566081	1	32329.800000000003	0.0
76	input_spectra/4-B2R08.mzML	740	0	186.221613566081	1	32341.320000000003	0.0
123	input_spectra/4-B2R08.mzML	741	0	274.274200439453	1	32380.68	0.0
123	input_spectra/4-B2R08.mzML	742	0	274.274200439453	1	32392.140000000003	0.0
123	input_spectra/4-B2R08.mzML	743	0	274.274200439453	1	32431.5	0.0
123	input_spectra/4-B2R08.mzML	744	0	274.274200439453	1	32443.02	0.0
123	input_spectra/4-B2R08.mzML	745	0	274.274200439453	1	32482.380000000005	0.0
123	input_spectra/4-B2R08.mzML	746	0	274.274200439453	1	32493.839999999997	0.0
199	input_spectra/4-B2R08.mzML	747	0	466.316502888997	1	32846.1	0.0
199	input_spectra/4-B2R08.mzML	748	0	466.316502888997	1	32896.98	0.0
200	input_spectra/4-B2R08.mzML	749	0	466.316502888997	1	32908.5	0.0
146	input_spectra/4-B2R08.mzML	750	0	328.268125557605	1	32919.96000000001	0.0
143	input_spectra/4-B2R08.mzML	751	0	328.268125557605	1	32931.479999999996	0.0
199	input_spectra/4-B2R08.mzML	752	0	466.316502888997	1	32993.880000000005	0.0
200	input_spectra/4-B2R08.mzML	753	0	466.316502888997	1	33005.340000000004	0.0
235	input_spectra/4-B2R08.mzML	754	0	534.353576660156	1	33016.86	0.0
146	input_spectra/4-B2R08.mzML	755	0	328.268125557605	1	33062.94	0.0
147	input_spectra/4-B2R08.mzML	756	0	328.268125557605	1	33074.4	0.0
291	input_spectra/4-B2R08.mzML	757	0	931.624237060547	1	33182.94	0.0
144	input_spectra/4-B2R08.mzML	758	0	328.268125557605	1	33229.020000000004	0.0
148	input_spectra/4-B2R08.mzML	759	0	328.268125557605	1	33240.54	0.0
235	input_spectra/4-B2R08.mzML	760	0	534.353576660156	1	33279.899999999994	0.0
291	input_spectra/4-B2R08.mzML	761	0	931.624237060547	1	33349.020000000004	0.0
146	input_spectra/4-B2R08.mzML	762	0	328.268125557605	1	34101.9	0.0
147	input_spectra/4-B2R08.mzML	763	0	328.268125557605	1	34113.42	0.0
146	input_spectra/4-B2R08.mzML	764	0	328.268125557605	1	34175.76	0.0
143	input_spectra/4-B2R08.mzML	765	0	328.268125557605	1	34187.28	0.0
144	input_spectra/4-B2R08.mzML	766	0	328.268125557605	1	34226.64	0.0
148	input_spectra/4-B2R08.mzML	767	0	328.268125557605	1	34238.1	0.0
99	input_spectra/4-B2R08.mzML	768	0	230.247670491536	1	34349.64	0.0
99	input_spectra/4-B2R08.mzML	769	0	230.247670491536	1	34361.1	0.0
99	input_spectra/4-B2R08.mzML	770	0	230.247670491536	1	34400.46	0.0
99	input_spectra/4-B2R08.mzML	771	0	230.247670491536	1	34411.920000000006	0.0
99	input_spectra/4-B2R08.mzML	772	0	230.247670491536	1	34451.34	0.0
99	input_spectra/4-B2R08.mzML	773	0	230.247670491536	1	34462.8	0.0
146	input_spectra/4-B2R08.mzML	774	0	328.268125557605	1	35283.78	0.0
143	input_spectra/4-B2R08.mzML	775	0	328.268125557605	1	35295.24	0.0
146	input_spectra/4-B2R08.mzML	776	0	328.268125557605	1	35334.6	0.0
145	input_spectra/4-B2R08.mzML	777	0	328.268125557605	1	35346.06	0.0
142	input_spectra/4-B2R08.mzML	778	0	328.268125557605	1	35385.48	0.0
144	input_spectra/4-B2R08.mzML	779	0	328.268125557605	1	35396.939999999995	0.0
188	input_spectra/4-B2R08.mzML	780	0	444.289054870605	1	35881.259999999995	0.0
188	input_spectra/4-B2R08.mzML	781	0	444.289054870605	1	35892.72	0.0
232	input_spectra/4-B2R08.mzML	782	0	533.325398763021	1	35932.14	0.0
217	input_spectra/4-B2R08.mzML	783	0	498.288350423177	1	35955.18	0.0
218	input_spectra/4-B2R08.mzML	784	0	498.288350423177	1	35966.64	0.0
159	input_spectra/4-B2R08.mzML	785	0	358.240692138672	1	35978.159999999996	0.0
159	input_spectra/4-B2R08.mzML	786	0	358.240692138672	1	35989.68	0.0
188	input_spectra/4-B2R08.mzML	787	0	444.289054870605	1	36001.2	0.0
188	input_spectra/4-B2R08.mzML	788	0	444.289054870605	1	36012.66	0.0
232	input_spectra/4-B2R08.mzML	789	0	533.325398763021	1	36075.119999999995	0.0
233	input_spectra/4-B2R08.mzML	790	0	533.325398763021	1	36086.64	0.0
223	input_spectra/4-B2R08.mzML	791	0	516.298400878906	1	36098.159999999996	0.0
159	input_spectra/4-B2R08.mzML	792	0	358.240692138672	1	36144.18	0.0
159	input_spectra/4-B2R08.mzML	793	0	358.240692138672	1	36155.64	0.0
217	input_spectra/4-B2R08.mzML	794	0	498.288350423177	1	36195.06	0.0
218	input_spectra/4-B2R08.mzML	795	0	498.288350423177	1	36206.58	0.0
232	input_spectra/4-B2R08.mzML	796	0	533.325398763021	1	36218.1	0.0
233	input_spectra/4-B2R08.mzML	797	0	533.325398763021	1	36229.62	0.0
223	input_spectra/4-B2R08.mzML	798	0	516.298400878906	1	36264.12	0.0
159	input_spectra/4-B2R08.mzML	799	0	358.240692138672	1	36287.159999999996	0.0
159	input_spectra/4-B2R08.mzML	800	0	358.240692138672	1	36298.68	0.0
188	input_spectra/4-B2R08.mzML	801	0	444.289054870605	1	36361.020000000004	0.0
188	input_spectra/4-B2R08.mzML	802	0	444.289054870605	1	36372.53999999999	0.0
237	input_spectra/4-B2R08.mzML	803	0	538.280456542969	1	36407.1	0.0
237	input_spectra/4-B2R08.mzML	804	0	538.280456542969	1	36418.619999999995	0.0
142	input_spectra/4-B2R08.mzML	805	0	328.268125557605	1	36481.020000000004	0.0
147	input_spectra/4-B2R08.mzML	806	0	328.268125557605	1	36492.53999999999	0.0
146	input_spectra/4-B2R08.mzML	807	0	328.268125557605	1	36531.9	0.0
148	input_spectra/4-B2R08.mzML	808	0	328.268125557605	1	36543.36	0.0
144	input_spectra/4-B2R08.mzML	809	0	328.268125557605	1	36582.78	0.0
145	input_spectra/4-B2R08.mzML	810	0	328.268125557605	1	36594.24	0.0
207	input_spectra/4-B2R08.mzML	811	0	477.331736246745	1	36934.38	0.0
158	input_spectra/4-B2R08.mzML	812	0	355.263112386068	1	36945.9	0.0
158	input_spectra/4-B2R08.mzML	813	0	355.263112386068	1	36957.36	0.0
164	input_spectra/4-B2R08.mzML	814	0	373.273864746094	1	37008.24	0.0
287	input_spectra/4-B2R08.mzML	815	0	817.582061767578	1	37042.8	0.0
287	input_spectra/4-B2R08.mzML	816	0	817.582061767578	1	37054.38	0.0
158	input_spectra/4-B2R08.mzML	817	0	355.263112386068	1	37065.9	0.0
158	input_spectra/4-B2R08.mzML	818	0	355.263112386068	1	37077.42	0.0
207	input_spectra/4-B2R08.mzML	819	0	477.331736246745	1	37088.94	0.0
207	input_spectra/4-B2R08.mzML	820	0	477.331736246745	1	37162.8	0.0
207	input_spectra/4-B2R08.mzML	821	0	477.331736246745	1	37174.32	0.0
158	input_spectra/4-B2R08.mzML	822	0	355.263112386068	1	37185.840000000004	0.0
158	input_spectra/4-B2R08.mzML	823	0	355.263112386068	1	37197.3	0.0
287	input_spectra/4-B2R08.mzML	824	0	817.582061767578	1	37208.880000000005	0.0
287	input_spectra/4-B2R08.mzML	825	0	817.582061767578	1	37220.46	0.0
159	input_spectra/4-B2R08.mzML	826	0	358.240692138672	1	37259.82	0.0
159	input_spectra/4-B2R08.mzML	827	0	358.240692138672	1	37271.34	0.0
188	input_spectra/4-B2R08.mzML	828	0	444.289054870605	1	37310.64	0.0
188	input_spectra/4-B2R08.mzML	829	0	444.289054870605	1	37322.159999999996	0.0
159	input_spectra/4-B2R08.mzML	830	0	358.240692138672	1	37333.68	0.0
159	input_spectra/4-B2R08.mzML	831	0	358.240692138672	1	37345.2	0.0
159	input_spectra/4-B2R08.mzML	832	0	358.240692138672	1	37384.56	0.0
159	input_spectra/4-B2R08.mzML	833	0	358.240692138672	1	37396.020000000004	0.0
136	input_spectra/4-B2R08.mzML	834	0	304.300170898438	1	37495.5	0.0
136	input_spectra/4-B2R08.mzML	835	0	304.300170898438	1	37507.02	0.0
136	input_spectra/4-B2R08.mzML	836	0	304.300170898438	1	37546.32	0.0
136	input_spectra/4-B2R08.mzML	837	0	304.300170898438	1	37557.840000000004	0.0
136	input_spectra/4-B2R08.mzML	838	0	304.300170898438	1	37597.2	0.0
136	input_spectra/4-B2R08.mzML	839	0	304.300170898438	1	37608.66	0.0
146	input_spectra/4-B2R08.mzML	840	0	328.268125557605	1	37648.079999999994	0.0
148	input_spectra/4-B2R08.mzML	841	0	328.268125557605	1	37659.6	0.0
146	input_spectra/4-B2R08.mzML	842	0	328.268125557605	1	37721.939999999995	0.0
147	input_spectra/4-B2R08.mzML	843	0	328.268125557605	1	37733.4	0.0
146	input_spectra/4-B2R08.mzML	844	0	328.268125557605	1	37795.799999999996	0.0
148	input_spectra/4-B2R08.mzML	845	0	328.268125557605	1	37807.26	0.0
112	input_spectra/4-B2R08.mzML	846	0	258.278930664063	1	38037.96	0.0
112	input_spectra/4-B2R08.mzML	847	0	258.278930664063	1	38049.420000000006	0.0
112	input_spectra/4-B2R08.mzML	848	0	258.278930664063	1	38088.78	0.0
112	input_spectra/4-B2R08.mzML	849	0	258.278930664063	1	38100.24	0.0
112	input_spectra/4-B2R08.mzML	850	0	258.278930664063	1	38139.659999999996	0.0
112	input_spectra/4-B2R08.mzML	851	0	258.278930664063	1	38151.119999999995	0.0
193	input_spectra/4-B2R08.mzML	852	0	450.32139078776	1	38252.88	0.0
194	input_spectra/4-B2R08.mzML	853	0	450.32139078776	1	38292.24	0.0
224	input_spectra/4-B2R08.mzML	854	0	518.358520507813	1	38343.12	0.0
224	input_spectra/4-B2R08.mzML	855	0	518.358520507813	1	38354.64	0.0
224	input_spectra/4-B2R08.mzML	856	0	518.358520507813	1	38416.98	0.0
224	input_spectra/4-B2R08.mzML	857	0	518.358520507813	1	38428.5	0.0
224	input_spectra/4-B2R08.mzML	858	0	518.358520507813	1	38490.78	0.0
224	input_spectra/4-B2R08.mzML	859	0	518.358520507813	1	38502.3	0.0
136	input_spectra/4-B2R08.mzML	860	0	304.300170898438	1	38648.880000000005	0.0
136	input_spectra/4-B2R08.mzML	861	0	304.300170898438	1	38660.340000000004	0.0
136	input_spectra/4-B2R08.mzML	862	0	304.300170898438	1	38699.7	0.0
136	input_spectra/4-B2R08.mzML	863	0	304.300170898438	1	38711.22	0.0
136	input_spectra/4-B2R08.mzML	864	0	304.300170898438	1	38750.579999999994	0.0
136	input_spectra/4-B2R08.mzML	865	0	304.300170898438	1	38762.1	0.0
241	input_spectra/4-B2R08.mzML	866	0	558.384541829427	1	38801.4	0.0
241	input_spectra/4-B2R08.mzML	867	0	558.384541829427	1	38812.92	0.0
146	input_spectra/4-B2R08.mzML	868	0	328.268125557605	1	38852.34	0.0
145	input_spectra/4-B2R08.mzML	869	0	328.268125557605	1	38863.8	0.0
241	input_spectra/4-B2R08.mzML	870	0	558.384541829427	1	38875.32	0.0
241	input_spectra/4-B2R08.mzML	871	0	558.384541829427	1	38886.840000000004	0.0
146	input_spectra/4-B2R08.mzML	872	0	328.268125557605	1	38926.2	0.0
143	input_spectra/4-B2R08.mzML	873	0	328.268125557605	1	38937.72	0.0
241	input_spectra/4-B2R08.mzML	874	0	558.384541829427	1	38949.24	0.0
241	input_spectra/4-B2R08.mzML	875	0	558.384541829427	1	38960.76	0.0
147	input_spectra/4-B2R08.mzML	876	0	328.268125557605	1	39000.119999999995	0.0
147	input_spectra/4-B2R08.mzML	877	0	328.268125557605	1	39011.58	0.0
222	input_spectra/4-B2R08.mzML	878	0	514.358418782552	1	39023.1	0.0
222	input_spectra/4-B2R08.mzML	879	0	514.358418782552	1	39034.62	0.0
222	input_spectra/4-B2R08.mzML	880	0	514.358418782552	1	39073.979999999996	0.0
222	input_spectra/4-B2R08.mzML	881	0	514.358418782552	1	39085.5	0.0
222	input_spectra/4-B2R08.mzML	882	0	514.358418782552	1	39124.92	0.0
222	input_spectra/4-B2R08.mzML	883	0	514.358418782552	1	39136.44	0.0
202	input_spectra/4-B2R08.mzML	884	0	470.332041422526	1	39187.8	0.0
203	input_spectra/4-B2R08.mzML	885	0	470.332041422526	1	39199.32	0.0
202	input_spectra/4-B2R08.mzML	886	0	470.332041422526	1	39238.68	0.0
203	input_spectra/4-B2R08.mzML	887	0	470.332041422526	1	39250.2	0.0
202	input_spectra/4-B2R08.mzML	888	0	470.332041422526	1	39289.56	0.0
203	input_spectra/4-B2R08.mzML	889	0	470.332041422526	1	39301.020000000004	0.0
128	input_spectra/4-B2R08.mzML	890	0	286.219377600628	1	39929.64	0.0
129	input_spectra/4-B2R08.mzML	891	0	286.219377600628	1	39941.1	0.0
146	input_spectra/4-B2R08.mzML	892	0	328.268125557605	1	40028.520000000004	0.0
145	input_spectra/4-B2R08.mzML	893	0	328.268125557605	1	40040.03999999999	0.0
146	input_spectra/4-B2R08.mzML	894	0	328.268125557605	1	40079.4	0.0
145	input_spectra/4-B2R08.mzML	895	0	328.268125557605	1	40090.92	0.0
146	input_spectra/4-B2R08.mzML	896	0	328.268125557605	1	40130.28	0.0
148	input_spectra/4-B2R08.mzML	897	0	328.268125557605	1	40141.74	0.0
130	input_spectra/4-B2R08.mzML	898	0	286.219377600628	1	40336.920000000006	0.0
128	input_spectra/4-B2R08.mzML	899	0	286.219377600628	1	40376.28	0.0
129	input_spectra/4-B2R08.mzML	900	0	286.219377600628	1	40387.74	0.0
146	input_spectra/4-B2R08.mzML	901	0	328.268125557605	1	41172.600000000006	0.0
145	input_spectra/4-B2R08.mzML	902	0	328.268125557605	1	41184.12	0.0
147	input_spectra/4-B2R08.mzML	903	0	328.268125557605	1	41223.479999999996	0.0
145	input_spectra/4-B2R08.mzML	904	0	328.268125557605	1	41234.94	0.0
145	input_spectra/4-B2R08.mzML	905	0	328.268125557605	1	41274.36	0.0
148	input_spectra/4-B2R08.mzML	906	0	328.268125557605	1	41285.82	0.0
128	input_spectra/4-B2R08.mzML	907	0	286.219377600628	1	41433.42	0.0
130	input_spectra/4-B2R08.mzML	908	0	286.219377600628	1	41444.94	0.0
129	input_spectra/4-B2R08.mzML	909	0	286.219377600628	1	41495.82	0.0
151	input_spectra/4-B2R08.mzML	910	0	332.331527709961	1	41535.18	0.0
151	input_spectra/4-B2R08.mzML	911	0	332.331527709961	1	41546.700000000004	0.0
151	input_spectra/4-B2R08.mzML	912	0	332.331527709961	1	41586.06	0.0
151	input_spectra/4-B2R08.mzML	913	0	332.331527709961	1	41597.520000000004	0.0
130	input_spectra/4-B2R08.mzML	914	0	286.219377600628	1	41609.04	0.0
129	input_spectra/4-B2R08.mzML	915	0	286.219377600628	1	41620.5	0.0
151	input_spectra/4-B2R08.mzML	916	0	332.331527709961	1	41659.92	0.0
151	input_spectra/4-B2R08.mzML	917	0	332.331527709961	1	41671.380000000005	0.0
146	input_spectra/4-B2R08.mzML	918	0	328.268125557605	1	42336.06	0.0
148	input_spectra/4-B2R08.mzML	919	0	328.268125557605	1	42347.520000000004	0.0
146	input_spectra/4-B2R08.mzML	920	0	328.268125557605	1	42386.88	0.0
145	input_spectra/4-B2R08.mzML	921	0	328.268125557605	1	42398.4	0.0
146	input_spectra/4-B2R08.mzML	922	0	328.268125557605	1	42437.76	0.0
145	input_spectra/4-B2R08.mzML	923	0	328.268125557605	1	42449.280000000006	0.0
130	input_spectra/4-B2R08.mzML	924	0	286.219377600628	1	42644.4	0.0
130	input_spectra/4-B2R08.mzML	925	0	286.219377600628	1	42683.759999999995	0.0
130	input_spectra/4-B2R08.mzML	926	0	286.219377600628	1	42695.28	0.0
130	input_spectra/4-B2R08.mzML	927	0	286.219377600628	1	42734.82	0.0
129	input_spectra/4-B2R08.mzML	928	0	286.219377600628	1	42746.28	0.0
151	input_spectra/4-B2R08.mzML	929	0	332.331527709961	1	42785.64	0.0
151	input_spectra/4-B2R08.mzML	930	0	332.331527709961	1	42797.159999999996	0.0
151	input_spectra/4-B2R08.mzML	931	0	332.331527709961	1	42836.520000000004	0.0
151	input_spectra/4-B2R08.mzML	932	0	332.331527709961	1	42847.98	0.0
151	input_spectra/4-B2R08.mzML	933	0	332.331527709961	1	42887.399999999994	0.0
151	input_spectra/4-B2R08.mzML	934	0	332.331527709961	1	42898.86	0.0
146	input_spectra/4-B2R08.mzML	935	0	328.268125557605	1	43473.060000000005	0.0
148	input_spectra/4-B2R08.mzML	936	0	328.268125557605	1	43484.52	0.0
146	input_spectra/4-B2R08.mzML	937	0	328.268125557605	1	43523.880000000005	0.0
145	input_spectra/4-B2R08.mzML	938	0	328.268125557605	1	43535.4	0.0
146	input_spectra/4-B2R08.mzML	939	0	328.268125557605	1	43574.76	0.0
145	input_spectra/4-B2R08.mzML	940	0	328.268125557605	1	43586.22	0.0
208	input_spectra/4-B2R08.mzML	941	0	483.248229980469	1	43625.579999999994	0.0
208	input_spectra/4-B2R08.mzML	942	0	483.248229980469	1	43637.1	0.0
208	input_spectra/4-B2R08.mzML	943	0	483.248229980469	1	43676.46	0.0
208	input_spectra/4-B2R08.mzML	944	0	483.248229980469	1	43687.98	0.0
208	input_spectra/4-B2R08.mzML	945	0	483.248229980469	1	43727.34	0.0
208	input_spectra/4-B2R08.mzML	946	0	483.248229980469	1	43738.86	0.0
130	input_spectra/4-B2R08.mzML	947	0	286.219377600628	1	43778.219999999994	0.0
129	input_spectra/4-B2R08.mzML	948	0	286.219377600628	1	43789.68	0.0
128	input_spectra/4-B2R08.mzML	949	0	286.219377600628	1	43829.04	0.0
129	input_spectra/4-B2R08.mzML	950	0	286.219377600628	1	43840.560000000005	0.0
129	input_spectra/4-B2R08.mzML	951	0	286.219377600628	1	43879.92	0.0
129	input_spectra/4-B2R08.mzML	952	0	286.219377600628	1	43891.44	0.0
219	input_spectra/4-B2R08.mzML	953	0	500.303090413411	1	44002.44	0.0
219	input_spectra/4-B2R08.mzML	954	0	500.303090413411	1	44053.26	0.0
189	input_spectra/4-B2R08.mzML	955	0	444.296807861328	1	44064.78	0.0
189	input_spectra/4-B2R08.mzML	956	0	444.296807861328	1	44076.3	0.0
189	input_spectra/4-B2R08.mzML	957	0	444.296807861328	1	44115.659999999996	0.0
189	input_spectra/4-B2R08.mzML	958	0	444.296807861328	1	44127.18	0.0
189	input_spectra/4-B2R08.mzML	959	0	444.296807861328	1	44201.58	0.0
189	input_spectra/4-B2R08.mzML	960	0	444.296807861328	1	44213.1	0.0
189	input_spectra/4-B2R08.mzML	961	0	444.296807861328	1	44252.46000000001	0.0
189	input_spectra/4-B2R08.mzML	962	0	444.296807861328	1	44263.979999999996	0.0
189	input_spectra/4-B2R08.mzML	963	0	444.296807861328	1	44351.46	0.0
189	input_spectra/4-B2R08.mzML	964	0	444.296807861328	1	44362.98	0.0
146	input_spectra/4-B2R08.mzML	965	0	328.268125557605	1	44619.0	0.0
145	input_spectra/4-B2R08.mzML	966	0	328.268125557605	1	44630.52	0.0
146	input_spectra/4-B2R08.mzML	967	0	328.268125557605	1	44669.82	0.0
148	input_spectra/4-B2R08.mzML	968	0	328.268125557605	1	44681.34	0.0
146	input_spectra/4-B2R08.mzML	969	0	328.268125557605	1	44720.76	0.0
145	input_spectra/4-B2R08.mzML	970	0	328.268125557605	1	44732.22	0.0
128	input_spectra/4-B2R08.mzML	971	0	286.219377600628	1	44915.88	0.0
129	input_spectra/4-B2R08.mzML	972	0	286.219377600628	1	44927.399999999994	0.0
128	input_spectra/4-B2R08.mzML	973	0	286.219377600628	1	44966.76	0.0
129	input_spectra/4-B2R08.mzML	974	0	286.219377600628	1	44978.219999999994	0.0
129	input_spectra/4-B2R08.mzML	975	0	286.219377600628	1	45017.58	0.0
129	input_spectra/4-B2R08.mzML	976	0	286.219377600628	1	45029.1	0.0
289	input_spectra/4-B2R08.mzML	977	0	836.593200683594	1	45705.78	0.0
289	input_spectra/4-B2R08.mzML	978	0	836.593200683594	1	45717.3	0.0
146	input_spectra/4-B2R08.mzML	979	0	328.268125557605	1	45756.659999999996	0.0
145	input_spectra/4-B2R08.mzML	980	0	328.268125557605	1	45768.18	0.0
289	input_spectra/4-B2R08.mzML	981	0	836.593200683594	1	45779.76	0.0
289	input_spectra/4-B2R08.mzML	982	0	836.593200683594	1	45791.28	0.0
154	input_spectra/4-B2R08.mzML	983	0	346.276652018229	1	45802.86	0.0
155	input_spectra/4-B2R08.mzML	984	0	346.276652018229	1	45814.32	0.0
146	input_spectra/4-B2R08.mzML	985	0	328.268125557605	1	45853.740000000005	0.0
145	input_spectra/4-B2R08.mzML	986	0	328.268125557605	1	45865.2	0.0
154	input_spectra/4-B2R08.mzML	987	0	346.276652018229	1	45876.72	0.0
155	input_spectra/4-B2R08.mzML	988	0	346.276652018229	1	45888.18	0.0
146	input_spectra/4-B2R08.mzML	989	0	328.268125557605	1	45927.600000000006	0.0
145	input_spectra/4-B2R08.mzML	990	0	328.268125557605	1	45939.06	0.0
284	input_spectra/4-B2R08.mzML	991	0	792.567036946615	1	45950.64	0.0
284	input_spectra/4-B2R08.mzML	992	0	792.567036946615	1	45962.22	0.0
154	input_spectra/4-B2R08.mzML	993	0	346.276652018229	1	45973.740000000005	0.0
155	input_spectra/4-B2R08.mzML	994	0	346.276652018229	1	45985.2	0.0
284	input_spectra/4-B2R08.mzML	995	0	792.567036946615	1	46024.62	0.0
284	input_spectra/4-B2R08.mzML	996	0	792.567036946615	1	46036.14	0.0
284	input_spectra/4-B2R08.mzML	997	0	792.567036946615	1	46075.5	0.0
284	input_spectra/4-B2R08.mzML	998	0	792.567036946615	1	46087.02	0.0
130	input_spectra/4-B2R08.mzML	999	0	286.219377600628	1	46098.54	0.0
130	input_spectra/4-B2R08.mzML	1000	0	286.219377600628	1	46110.06	0.0
279	input_spectra/4-B2R08.mzML	1001	0	748.540323893229	1	46149.420000000006	0.0
279	input_spectra/4-B2R08.mzML	1002	0	748.540323893229	1	46160.94	0.0
130	input_spectra/4-B2R08.mzML	1003	0	286.219377600628	1	46172.46000000001	0.0
129	input_spectra/4-B2R08.mzML	1004	0	286.219377600628	1	46183.979999999996	0.0
279	input_spectra/4-B2R08.mzML	1005	0	748.540323893229	1	46223.28	0.0
279	input_spectra/4-B2R08.mzML	1006	0	748.540323893229	1	46234.8	0.0
129	input_spectra/4-B2R08.mzML	1007	0	286.219377600628	1	46246.32	0.0
129	input_spectra/4-B2R08.mzML	1008	0	286.219377600628	1	46257.840000000004	0.0
279	input_spectra/4-B2R08.mzML	1009	0	748.540323893229	1	46297.2	0.0
279	input_spectra/4-B2R08.mzML	1010	0	748.540323893229	1	46308.72	0.0
276	input_spectra/4-B2R08.mzML	1011	0	704.514567057292	1	46348.079999999994	0.0
276	input_spectra/4-B2R08.mzML	1012	0	704.514567057292	1	46359.6	0.0
276	input_spectra/4-B2R08.mzML	1013	0	704.514567057292	1	46398.96	0.0
276	input_spectra/4-B2R08.mzML	1014	0	704.514567057292	1	46410.54	0.0
276	input_spectra/4-B2R08.mzML	1015	0	704.514567057292	1	46449.899999999994	0.0
276	input_spectra/4-B2R08.mzML	1016	0	704.514567057292	1	46461.42	0.0
271	input_spectra/4-B2R08.mzML	1017	0	660.488362630208	1	46633.02	0.0
271	input_spectra/4-B2R08.mzML	1018	0	660.488362630208	1	46644.54	0.0
271	input_spectra/4-B2R08.mzML	1019	0	660.488362630208	1	46683.96	0.0
271	input_spectra/4-B2R08.mzML	1020	0	660.488362630208	1	46695.48	0.0
271	input_spectra/4-B2R08.mzML	1021	0	660.488362630208	1	46734.84	0.0
271	input_spectra/4-B2R08.mzML	1022	0	660.488362630208	1	46746.36	0.0
277	input_spectra/4-B2R08.mzML	1023	0	711.499176025391	1	46883.759999999995	0.0
277	input_spectra/4-B2R08.mzML	1024	0	711.499176025391	1	46895.28	0.0
277	input_spectra/4-B2R08.mzML	1025	0	711.499176025391	1	46934.64	0.0
277	input_spectra/4-B2R08.mzML	1026	0	711.499176025391	1	46946.16	0.0
261	input_spectra/4-B2R08.mzML	1027	0	616.462544759115	1	46957.68	0.0
261	input_spectra/4-B2R08.mzML	1028	0	616.462544759115	1	46969.200000000004	0.0
272	input_spectra/4-B2R08.mzML	1029	0	665.44384765625	1	46980.719999999994	0.0
272	input_spectra/4-B2R08.mzML	1030	0	665.44384765625	1	46992.3	0.0
146	input_spectra/4-B2R08.mzML	1031	0	328.268125557605	1	47031.659999999996	0.0
145	input_spectra/4-B2R08.mzML	1032	0	328.268125557605	1	47043.12	0.0
261	input_spectra/4-B2R08.mzML	1033	0	616.462544759115	1	47054.7	0.0
261	input_spectra/4-B2R08.mzML	1034	0	616.462544759115	1	47066.22	0.0
146	input_spectra/4-B2R08.mzML	1035	0	328.268125557605	1	47105.579999999994	0.0
145	input_spectra/4-B2R08.mzML	1036	0	328.268125557605	1	47117.04	0.0
261	input_spectra/4-B2R08.mzML	1037	0	616.462544759115	1	47128.619999999995	0.0
261	input_spectra/4-B2R08.mzML	1038	0	616.462544759115	1	47140.14	0.0
162	input_spectra/4-B2R08.mzML	1039	0	360.36235555013	1	47151.659999999996	0.0
162	input_spectra/4-B2R08.mzML	1040	0	360.36235555013	1	47163.18	0.0
273	input_spectra/4-B2R08.mzML	1041	0	667.473541259766	1	47197.74	0.0
273	input_spectra/4-B2R08.mzML	1042	0	667.473541259766	1	47209.26	0.0
146	input_spectra/4-B2R08.mzML	1043	0	328.268125557605	1	47248.619999999995	0.0
148	input_spectra/4-B2R08.mzML	1044	0	328.268125557605	1	47260.14	0.0
162	input_spectra/4-B2R08.mzML	1045	0	360.36235555013	1	47271.659999999996	0.0
162	input_spectra/4-B2R08.mzML	1046	0	360.36235555013	1	47283.12	0.0
264	input_spectra/4-B2R08.mzML	1047	0	621.417948404948	1	47294.7	0.0
264	input_spectra/4-B2R08.mzML	1048	0	621.417948404948	1	47306.22	0.0
273	input_spectra/4-B2R08.mzML	1049	0	667.473541259766	1	47317.74	0.0
273	input_spectra/4-B2R08.mzML	1050	0	667.473541259766	1	47329.26	0.0
154	input_spectra/4-B2R08.mzML	1051	0	346.276652018229	1	47340.78	0.0
155	input_spectra/4-B2R08.mzML	1052	0	346.276652018229	1	47352.3	0.0
247	input_spectra/4-B2R08.mzML	1053	0	572.43837483724	1	47391.659999999996	0.0
247	input_spectra/4-B2R08.mzML	1054	0	572.43837483724	1	47403.18	0.0
162	input_spectra/4-B2R08.mzML	1055	0	360.36235555013	1	47414.7	0.0
162	input_spectra/4-B2R08.mzML	1056	0	360.36235555013	1	47426.16	0.0
129	input_spectra/4-B2R08.mzML	1057	0	286.219377600628	1	47437.68	0.0
129	input_spectra/4-B2R08.mzML	1058	0	286.219377600628	1	47449.200000000004	0.0
264	input_spectra/4-B2R08.mzML	1059	0	621.417948404948	1	47483.759999999995	0.0
264	input_spectra/4-B2R08.mzML	1060	0	621.417948404948	1	47495.28	0.0
247	input_spectra/4-B2R08.mzML	1061	0	572.43837483724	1	47534.64	0.0
247	input_spectra/4-B2R08.mzML	1062	0	572.43837483724	1	47546.16	0.0
128	input_spectra/4-B2R08.mzML	1063	0	286.219377600628	1	47580.719999999994	0.0
129	input_spectra/4-B2R08.mzML	1064	0	286.219377600628	1	47592.18	0.0
265	input_spectra/4-B2R08.mzML	1065	0	623.446533203125	1	47603.759999999995	0.0
154	input_spectra/4-B2R08.mzML	1066	0	346.276652018229	1	47626.799999999996	0.0
155	input_spectra/4-B2R08.mzML	1067	0	346.276652018229	1	47638.32	0.0
247	input_spectra/4-B2R08.mzML	1068	0	572.43837483724	1	47677.68	0.0
247	input_spectra/4-B2R08.mzML	1069	0	572.43837483724	1	47689.200000000004	0.0
230	input_spectra/4-B2R08.mzML	1070	0	528.413289388021	1	47700.719999999994	0.0
230	input_spectra/4-B2R08.mzML	1071	0	528.413289388021	1	47712.18	0.0
128	input_spectra/4-B2R08.mzML	1072	0	286.219377600628	1	47723.7	0.0
129	input_spectra/4-B2R08.mzML	1073	0	286.219377600628	1	47735.22	0.0
248	input_spectra/4-B2R08.mzML	1074	0	577.391479492188	1	47746.74	0.0
248	input_spectra/4-B2R08.mzML	1075	0	577.391479492188	1	47758.26	0.0
265	input_spectra/4-B2R08.mzML	1076	0	623.446533203125	1	47769.78	0.0
265	input_spectra/4-B2R08.mzML	1077	0	623.446533203125	1	47781.3	0.0
230	input_spectra/4-B2R08.mzML	1078	0	528.413289388021	1	47820.719999999994	0.0
230	input_spectra/4-B2R08.mzML	1079	0	528.413289388021	1	47832.24	0.0
249	input_spectra/4-B2R08.mzML	1080	0	579.420288085938	1	47866.74	0.0
249	input_spectra/4-B2R08.mzML	1081	0	579.420288085938	1	47878.26	0.0
230	input_spectra/4-B2R08.mzML	1082	0	528.413289388021	1	47917.68	0.0
230	input_spectra/4-B2R08.mzML	1083	0	528.413289388021	1	47929.200000000004	0.0
234	input_spectra/4-B2R08.mzML	1084	0	533.36533610026	1	47952.18	0.0
249	input_spectra/4-B2R08.mzML	1085	0	579.420288085938	1	47963.759999999995	0.0
249	input_spectra/4-B2R08.mzML	1086	0	579.420288085938	1	47975.22	0.0
221	input_spectra/4-B2R08.mzML	1087	0	511.383392333984	1	47986.74	0.0
221	input_spectra/4-B2R08.mzML	1088	0	511.383392333984	1	47998.26	0.0
154	input_spectra/4-B2R08.mzML	1089	0	346.276652018229	1	48009.78	0.0
155	input_spectra/4-B2R08.mzML	1090	0	346.276652018229	1	48021.240000000005	0.0
210	input_spectra/4-B2R08.mzML	1091	0	484.385299682617	1	48060.659999999996	0.0
210	input_spectra/4-B2R08.mzML	1092	0	484.385299682617	1	48072.18	0.0
234	input_spectra/4-B2R08.mzML	1093	0	533.36533610026	1	48083.7	0.0
234	input_spectra/4-B2R08.mzML	1094	0	533.36533610026	1	48095.16	0.0
249	input_spectra/4-B2R08.mzML	1095	0	579.420288085938	1	48106.68	0.0
249	input_spectra/4-B2R08.mzML	1096	0	579.420288085938	1	48118.200000000004	0.0
210	input_spectra/4-B2R08.mzML	1097	0	484.385299682617	1	48157.619999999995	0.0
210	input_spectra/4-B2R08.mzML	1098	0	484.385299682617	1	48169.08	0.0
212	input_spectra/4-B2R08.mzML	1099	0	489.33891805013	1	48180.6	0.0
236	input_spectra/4-B2R08.mzML	1100	0	535.394246419271	1	48203.64	0.0
236	input_spectra/4-B2R08.mzML	1101	0	535.394246419271	1	48215.16	0.0
201	input_spectra/4-B2R08.mzML	1102	0	467.357167561849	1	48226.68	0.0
201	input_spectra/4-B2R08.mzML	1103	0	467.357167561849	1	48238.14	0.0
210	input_spectra/4-B2R08.mzML	1104	0	484.392700195313	1	48277.56	0.0
210	input_spectra/4-B2R08.mzML	1105	0	484.392700195313	1	48289.020000000004	0.0
146	input_spectra/4-B2R08.mzML	1106	0	328.268125557605	1	48300.54	0.0
148	input_spectra/4-B2R08.mzML	1107	0	328.268125557605	1	48312.06	0.0
212	input_spectra/4-B2R08.mzML	1108	0	489.33891805013	1	48323.58	0.0
236	input_spectra/4-B2R08.mzML	1109	0	535.394246419271	1	48358.079999999994	0.0
201	input_spectra/4-B2R08.mzML	1110	0	467.357167561849	1	48369.6	0.0
201	input_spectra/4-B2R08.mzML	1111	0	467.357167561849	1	48381.119999999995	0.0
146	input_spectra/4-B2R08.mzML	1112	0	328.268125557605	1	48420.48	0.0
145	input_spectra/4-B2R08.mzML	1113	0	328.268125557605	1	48432.0	0.0
213	input_spectra/4-B2R08.mzML	1114	0	489.33891805013	1	48443.520000000004	0.0
213	input_spectra/4-B2R08.mzML	1115	0	489.33891805013	1	48455.03999999999	0.0
236	input_spectra/4-B2R08.mzML	1116	0	535.394246419271	1	48466.56	0.0
236	input_spectra/4-B2R08.mzML	1117	0	535.394246419271	1	48478.02	0.0
201	input_spectra/4-B2R08.mzML	1118	0	467.357167561849	1	48489.54	0.0
201	input_spectra/4-B2R08.mzML	1119	0	467.357167561849	1	48501.06	0.0
185	input_spectra/4-B2R08.mzML	1120	0	440.358734130859	1	48512.58	0.0
185	input_spectra/4-B2R08.mzML	1121	0	440.358734130859	1	48524.04	0.0
146	input_spectra/4-B2R08.mzML	1122	0	328.268125557605	1	48563.46	0.0
148	input_spectra/4-B2R08.mzML	1123	0	328.268125557605	1	48574.979999999996	0.0
185	input_spectra/4-B2R08.mzML	1124	0	440.358734130859	1	48586.44	0.0
185	input_spectra/4-B2R08.mzML	1125	0	440.358734130859	1	48597.96	0.0
176	input_spectra/4-B2R08.mzML	1126	0	423.331227620443	1	48655.5	0.0
177	input_spectra/4-B2R08.mzML	1127	0	423.331227620443	1	48667.02	0.0
185	input_spectra/4-B2R08.mzML	1128	0	440.366485595703	1	48706.380000000005	0.0
185	input_spectra/4-B2R08.mzML	1129	0	440.366485595703	1	48717.9	0.0
214	input_spectra/4-B2R08.mzML	1130	0	491.368347167969	1	48752.399999999994	0.0
176	input_spectra/4-B2R08.mzML	1131	0	423.331227620443	1	48775.44	0.0
177	input_spectra/4-B2R08.mzML	1132	0	423.331227620443	1	48786.96	0.0
128	input_spectra/4-B2R08.mzML	1133	0	286.219377600628	1	48798.42	0.0
129	input_spectra/4-B2R08.mzML	1134	0	286.219377600628	1	48809.94	0.0
190	input_spectra/4-B2R08.mzML	1135	0	445.313659667969	1	48849.299999999996	0.0
190	input_spectra/4-B2R08.mzML	1136	0	445.313659667969	1	48860.82	0.0
176	input_spectra/4-B2R08.mzML	1137	0	423.331227620443	1	48895.32	0.0
177	input_spectra/4-B2R08.mzML	1138	0	423.331227620443	1	48906.840000000004	0.0
128	input_spectra/4-B2R08.mzML	1139	0	286.219377600628	1	48918.36	0.0
129	input_spectra/4-B2R08.mzML	1140	0	286.219377600628	1	48929.82	0.0
171	input_spectra/4-B2R08.mzML	1141	0	396.331237792969	1	48969.24	0.0
171	input_spectra/4-B2R08.mzML	1142	0	396.331237792969	1	48980.700000000004	0.0
129	input_spectra/4-B2R08.mzML	1143	0	286.219377600628	1	49038.24	0.0
129	input_spectra/4-B2R08.mzML	1144	0	286.219377600628	1	49049.7	0.0
165	input_spectra/4-B2R08.mzML	1145	0	379.305043538411	1	49061.22	0.0
165	input_spectra/4-B2R08.mzML	1146	0	379.305043538411	1	49072.74	0.0
171	input_spectra/4-B2R08.mzML	1147	0	396.337341308594	1	49112.1	0.0
171	input_spectra/4-B2R08.mzML	1148	0	396.337341308594	1	49123.619999999995	0.0
172	input_spectra/4-B2R08.mzML	1149	0	401.289265950521	1	49135.14	0.0
165	input_spectra/4-B2R08.mzML	1150	0	379.305043538411	1	49181.16	0.0
165	input_spectra/4-B2R08.mzML	1151	0	379.305043538411	1	49192.619999999995	0.0
154	input_spectra/4-B2R08.mzML	1152	0	346.276652018229	1	49204.14	0.0
155	input_spectra/4-B2R08.mzML	1153	0	346.276652018229	1	49215.6	0.0
171	input_spectra/4-B2R08.mzML	1154	0	396.337341308594	1	49255.020000000004	0.0
171	input_spectra/4-B2R08.mzML	1155	0	396.337341308594	1	49266.479999999996	0.0
165	input_spectra/4-B2R08.mzML	1156	0	379.305043538411	1	49324.020000000004	0.0
165	input_spectra/4-B2R08.mzML	1157	0	379.305043538411	1	49335.54	0.0
154	input_spectra/4-B2R08.mzML	1158	0	346.276652018229	1	49347.0	0.0
155	input_spectra/4-B2R08.mzML	1159	0	346.276652018229	1	49358.520000000004	0.0
154	input_spectra/4-B2R08.mzML	1160	0	346.276652018229	1	49397.94	0.0
155	input_spectra/4-B2R08.mzML	1161	0	346.276652018229	1	49409.4	0.0
157	input_spectra/4-B2R08.mzML	1162	0	352.305857340495	1	49420.92	0.0
157	input_spectra/4-B2R08.mzML	1163	0	352.305857340495	1	49432.380000000005	0.0
157	input_spectra/4-B2R08.mzML	1164	0	352.305857340495	1	49517.76	0.0
157	input_spectra/4-B2R08.mzML	1165	0	352.305857340495	1	49529.22	0.0
152	input_spectra/4-B2R08.mzML	1166	0	335.279469807943	1	49563.72	0.0
152	input_spectra/4-B2R08.mzML	1167	0	335.279469807943	1	49575.24	0.0
146	input_spectra/4-B2R08.mzML	1168	0	328.268125557605	1	49614.6	0.0
145	input_spectra/4-B2R08.mzML	1169	0	328.268125557605	1	49626.119999999995	0.0
157	input_spectra/4-B2R08.mzML	1170	0	352.305857340495	1	49637.58	0.0
157	input_spectra/4-B2R08.mzML	1171	0	352.305857340495	1	49649.1	0.0
152	input_spectra/4-B2R08.mzML	1172	0	335.279469807943	1	49706.58	0.0
152	input_spectra/4-B2R08.mzML	1173	0	335.279469807943	1	49718.1	0.0
146	input_spectra/4-B2R08.mzML	1174	0	328.268125557605	1	49757.46000000001	0.0
145	input_spectra/4-B2R08.mzML	1175	0	328.268125557605	1	49768.979999999996	0.0
152	input_spectra/4-B2R08.mzML	1176	0	335.279469807943	1	49803.479999999996	0.0
152	input_spectra/4-B2R08.mzML	1177	0	335.279469807943	1	49814.94	0.0
146	input_spectra/4-B2R08.mzML	1178	0	328.268125557605	1	49877.34	0.0
145	input_spectra/4-B2R08.mzML	1179	0	328.268125557605	1	49888.8	0.0
128	input_spectra/4-B2R08.mzML	1180	0	286.219377600628	1	49979.04	0.0
130	input_spectra/4-B2R08.mzML	1181	0	286.219377600628	1	49990.5	0.0
131	input_spectra/4-B2R08.mzML	1182	0	291.25244140625	1	50002.02	0.0
131	input_spectra/4-B2R08.mzML	1183	0	291.25244140625	1	50013.54	0.0
138	input_spectra/4-B2R08.mzML	1184	0	308.279032389323	1	50025.0	0.0
138	input_spectra/4-B2R08.mzML	1185	0	308.279032389323	1	50036.520000000004	0.0
131	input_spectra/4-B2R08.mzML	1186	0	291.25244140625	1	50098.86	0.0
131	input_spectra/4-B2R08.mzML	1187	0	291.25244140625	1	50110.38	0.0
138	input_spectra/4-B2R08.mzML	1188	0	308.279032389323	1	50121.840000000004	0.0
138	input_spectra/4-B2R08.mzML	1189	0	308.279032389323	1	50133.36	0.0
128	input_spectra/4-B2R08.mzML	1190	0	286.219377600628	1	50167.8	0.0
129	input_spectra/4-B2R08.mzML	1191	0	286.219377600628	1	50179.32	0.0
161	input_spectra/4-B2R08.mzML	1192	0	359.289459228516	1	50190.840000000004	0.0
161	input_spectra/4-B2R08.mzML	1193	0	359.289459228516	1	50202.3	0.0
138	input_spectra/4-B2R08.mzML	1194	0	308.279032389323	1	50241.72	0.0
138	input_spectra/4-B2R08.mzML	1195	0	308.279032389323	1	50253.18	0.0
128	input_spectra/4-B2R08.mzML	1196	0	286.219377600628	1	50287.68	0.0
129	input_spectra/4-B2R08.mzML	1197	0	286.219377600628	1	50299.14	0.0
161	input_spectra/4-B2R08.mzML	1198	0	359.289459228516	1	50310.659999999996	0.0
161	input_spectra/4-B2R08.mzML	1199	0	359.289459228516	1	50322.18	0.0
154	input_spectra/4-B2R08.mzML	1200	0	346.276652018229	1	50361.54	0.0
155	input_spectra/4-B2R08.mzML	1201	0	346.276652018229	1	50373.060000000005	0.0
155	input_spectra/4-B2R08.mzML	1202	0	346.276652018229	1	50412.42	0.0
155	input_spectra/4-B2R08.mzML	1203	0	346.276652018229	1	50423.880000000005	0.0
154	input_spectra/4-B2R08.mzML	1204	0	346.276652018229	1	50463.24	0.0
155	input_spectra/4-B2R08.mzML	1205	0	346.276652018229	1	50474.76	0.0
135	input_spectra/4-B2R08.mzML	1206	0	304.229731968471	1	50486.28	0.0
135	input_spectra/4-B2R08.mzML	1207	0	304.229731968471	1	50497.74	0.0
135	input_spectra/4-B2R08.mzML	1208	0	304.229731968471	1	50537.1	0.0
135	input_spectra/4-B2R08.mzML	1209	0	304.229731968471	1	50548.56	0.0
135	input_spectra/4-B2R08.mzML	1210	0	304.229731968471	1	50599.979999999996	0.0
135	input_spectra/4-B2R08.mzML	1211	0	304.229731968471	1	50611.44	0.0
146	input_spectra/4-B2R08.mzML	1212	0	328.268125557605	1	50855.22	0.0
148	input_spectra/4-B2R08.mzML	1213	0	328.268125557605	1	50866.74	0.0
146	input_spectra/4-B2R08.mzML	1214	0	328.268125557605	1	50906.04	0.0
145	input_spectra/4-B2R08.mzML	1215	0	328.268125557605	1	50917.56	0.0
146	input_spectra/4-B2R08.mzML	1216	0	328.268125557605	1	50956.920000000006	0.0
145	input_spectra/4-B2R08.mzML	1217	0	328.268125557605	1	50968.44	0.0
130	input_spectra/4-B2R08.mzML	1218	0	286.219377600628	1	51188.159999999996	0.0
129	input_spectra/4-B2R08.mzML	1219	0	286.219377600628	1	51199.68	0.0
128	input_spectra/4-B2R08.mzML	1220	0	286.219377600628	1	51239.04	0.0
129	input_spectra/4-B2R08.mzML	1221	0	286.219377600628	1	51250.5	0.0
128	input_spectra/4-B2R08.mzML	1222	0	286.219377600628	1	51289.92	0.0
129	input_spectra/4-B2R08.mzML	1223	0	286.219377600628	1	51301.380000000005	0.0
154	input_spectra/4-B2R08.mzML	1224	0	346.276652018229	1	51510.78	0.0
155	input_spectra/4-B2R08.mzML	1225	0	346.276652018229	1	51522.3	0.0
154	input_spectra/4-B2R08.mzML	1226	0	346.276652018229	1	51561.6	0.0
155	input_spectra/4-B2R08.mzML	1227	0	346.276652018229	1	51573.12	0.0
154	input_spectra/4-B2R08.mzML	1228	0	346.276652018229	1	51612.479999999996	0.0
155	input_spectra/4-B2R08.mzML	1229	0	346.276652018229	1	51624.0	0.0
135	input_spectra/4-B2R08.mzML	1230	0	304.229731968471	1	51699.420000000006	0.0
135	input_spectra/4-B2R08.mzML	1231	0	304.229731968471	1	51710.94	0.0
135	input_spectra/4-B2R08.mzML	1232	0	304.229731968471	1	51750.24	0.0
135	input_spectra/4-B2R08.mzML	1233	0	304.229731968471	1	51761.76	0.0
135	input_spectra/4-B2R08.mzML	1234	0	304.229731968471	1	51801.119999999995	0.0
135	input_spectra/4-B2R08.mzML	1235	0	304.229731968471	1	51812.64	0.0
132	input_spectra/4-B2R08.mzML	1236	0	298.255482991536	1	51984.299999999996	0.0
132	input_spectra/4-B2R08.mzML	1237	0	298.255482991536	1	51995.76	0.0
146	input_spectra/4-B2R08.mzML	1238	0	328.268125557605	1	52035.119999999995	0.0
145	input_spectra/4-B2R08.mzML	1239	0	328.268125557605	1	52046.64	0.0
146	input_spectra/4-B2R08.mzML	1240	0	328.268125557605	1	52086.0	0.0
148	input_spectra/4-B2R08.mzML	1241	0	328.268125557605	1	52097.520000000004	0.0
146	input_spectra/4-B2R08.mzML	1242	0	328.268125557605	1	52136.88	0.0
145	input_spectra/4-B2R08.mzML	1243	0	328.268125557605	1	52148.4	0.0
130	input_spectra/4-B2R08.mzML	1244	0	286.219377600628	1	52332.06	0.0
129	input_spectra/4-B2R08.mzML	1245	0	286.219377600628	1	52343.520000000004	0.0
128	input_spectra/4-B2R08.mzML	1246	0	286.219377600628	1	52382.88	0.0
129	input_spectra/4-B2R08.mzML	1247	0	286.219377600628	1	52394.340000000004	0.0
128	input_spectra/4-B2R08.mzML	1248	0	286.219377600628	1	52433.759999999995	0.0
129	input_spectra/4-B2R08.mzML	1249	0	286.219377600628	1	52445.22	0.0
154	input_spectra/4-B2R08.mzML	1250	0	346.276652018229	1	52652.94	0.0
155	input_spectra/4-B2R08.mzML	1251	0	346.276652018229	1	52664.46	0.0
154	input_spectra/4-B2R08.mzML	1252	0	346.276652018229	1	52703.759999999995	0.0
155	input_spectra/4-B2R08.mzML	1253	0	346.276652018229	1	52715.28	0.0
154	input_spectra/4-B2R08.mzML	1254	0	346.276652018229	1	52754.64	0.0
155	input_spectra/4-B2R08.mzML	1255	0	346.276652018229	1	52766.16	0.0
135	input_spectra/4-B2R08.mzML	1256	0	304.229731968471	1	52841.58	0.0
135	input_spectra/4-B2R08.mzML	1257	0	304.229731968471	1	52853.1	0.0
135	input_spectra/4-B2R08.mzML	1258	0	304.229731968471	1	52892.46000000001	0.0
135	input_spectra/4-B2R08.mzML	1259	0	304.229731968471	1	52903.92	0.0
135	input_spectra/4-B2R08.mzML	1260	0	304.229731968471	1	52943.340000000004	0.0
135	input_spectra/4-B2R08.mzML	1261	0	304.229731968471	1	52954.8	0.0
132	input_spectra/4-B2R08.mzML	1262	0	298.255482991536	1	53018.219999999994	0.0
132	input_spectra/4-B2R08.mzML	1263	0	298.255482991536	1	53029.74	0.0
146	input_spectra/4-B2R08.mzML	1264	0	328.268125557605	1	53201.34	0.0
145	input_spectra/4-B2R08.mzML	1265	0	328.268125557605	1	53212.86	0.0
146	input_spectra/4-B2R08.mzML	1266	0	328.268125557605	1	53252.22	0.0
145	input_spectra/4-B2R08.mzML	1267	0	328.268125557605	1	53263.68	0.0
146	input_spectra/4-B2R08.mzML	1268	0	328.268125557605	1	53303.04	0.0
145	input_spectra/4-B2R08.mzML	1269	0	328.268125557605	1	53314.56	0.0
128	input_spectra/4-B2R08.mzML	1270	0	286.219377600628	1	53498.219999999994	0.0
129	input_spectra/4-B2R08.mzML	1271	0	286.219377600628	1	53509.68	0.0
130	input_spectra/4-B2R08.mzML	1272	0	286.219377600628	1	53549.04	0.0
129	input_spectra/4-B2R08.mzML	1273	0	286.219377600628	1	53560.560000000005	0.0
128	input_spectra/4-B2R08.mzML	1274	0	286.219377600628	1	53599.92	0.0
129	input_spectra/4-B2R08.mzML	1275	0	286.219377600628	1	53611.380000000005	0.0
154	input_spectra/4-B2R08.mzML	1276	0	346.276652018229	1	53795.100000000006	0.0
155	input_spectra/4-B2R08.mzML	1277	0	346.276652018229	1	53806.56	0.0
154	input_spectra/4-B2R08.mzML	1278	0	346.276652018229	1	53845.979999999996	0.0
155	input_spectra/4-B2R08.mzML	1279	0	346.276652018229	1	53857.44	0.0
154	input_spectra/4-B2R08.mzML	1280	0	346.276652018229	1	53896.86	0.0
155	input_spectra/4-B2R08.mzML	1281	0	346.276652018229	1	53908.32	0.0
135	input_spectra/4-B2R08.mzML	1282	0	304.229731968471	1	54007.8	0.0
135	input_spectra/4-B2R08.mzML	1283	0	304.229731968471	1	54019.32	0.0
135	input_spectra/4-B2R08.mzML	1284	0	304.229731968471	1	54058.619999999995	0.0
135	input_spectra/4-B2R08.mzML	1285	0	304.229731968471	1	54070.14	0.0
135	input_spectra/4-B2R08.mzML	1286	0	304.229731968471	1	54109.5	0.0
135	input_spectra/4-B2R08.mzML	1287	0	304.229731968471	1	54120.96	0.0
149	input_spectra/4-B2R08.mzML	1288	0	329.270333954782	1	54208.44	0.0
149	input_spectra/4-B2R08.mzML	1289	0	329.270333954782	1	54219.96000000001	0.0
149	input_spectra/4-B2R08.mzML	1290	0	329.270333954782	1	54295.38	0.0
149	input_spectra/4-B2R08.mzML	1291	0	329.270333954782	1	54306.840000000004	0.0
146	input_spectra/4-B2R08.mzML	1292	0	328.268125557605	1	54370.26	0.0
148	input_spectra/4-B2R08.mzML	1293	0	328.268125557605	1	54381.780000000006	0.0
149	input_spectra/4-B2R08.mzML	1294	0	329.270333954782	1	54421.14	0.0
149	input_spectra/4-B2R08.mzML	1295	0	329.270333954782	1	54432.600000000006	0.0
132	input_spectra/4-B2R08.mzML	1296	0	298.255482991536	1	54444.12	0.0
132	input_spectra/4-B2R08.mzML	1297	0	298.255482991536	1	54455.579999999994	0.0
146	input_spectra/4-B2R08.mzML	1298	0	328.268125557605	1	54494.94	0.0
148	input_spectra/4-B2R08.mzML	1299	0	328.268125557605	1	54506.46	0.0
146	input_spectra/4-B2R08.mzML	1300	0	328.268125557605	1	54581.88	0.0
145	input_spectra/4-B2R08.mzML	1301	0	328.268125557605	1	54593.4	0.0
128	input_spectra/4-B2R08.mzML	1302	0	286.219377600628	1	54632.76	0.0
129	input_spectra/4-B2R08.mzML	1303	0	286.219377600628	1	54644.22	0.0
128	input_spectra/4-B2R08.mzML	1304	0	286.219377600628	1	54683.58	0.0
129	input_spectra/4-B2R08.mzML	1305	0	286.219377600628	1	54695.100000000006	0.0
128	input_spectra/4-B2R08.mzML	1306	0	286.219377600628	1	54734.46	0.0
129	input_spectra/4-B2R08.mzML	1307	0	286.219377600628	1	54745.979999999996	0.0
155	input_spectra/4-B2R08.mzML	1308	0	346.276652018229	1	54932.34	0.0
155	input_spectra/4-B2R08.mzML	1309	0	346.276652018229	1	54943.86	0.0
154	input_spectra/4-B2R08.mzML	1310	0	346.276652018229	1	54983.219999999994	0.0
155	input_spectra/4-B2R08.mzML	1311	0	346.276652018229	1	54994.68	0.0
154	input_spectra/4-B2R08.mzML	1312	0	346.276652018229	1	55034.1	0.0
155	input_spectra/4-B2R08.mzML	1313	0	346.276652018229	1	55045.560000000005	0.0
135	input_spectra/4-B2R08.mzML	1314	0	304.229731968471	1	55145.03999999999	0.0
135	input_spectra/4-B2R08.mzML	1315	0	304.229731968471	1	55156.56	0.0
135	input_spectra/4-B2R08.mzML	1316	0	304.229731968471	1	55195.92	0.0
135	input_spectra/4-B2R08.mzML	1317	0	304.229731968471	1	55207.44	0.0
135	input_spectra/4-B2R08.mzML	1318	0	304.229731968471	1	55246.799999999996	0.0
135	input_spectra/4-B2R08.mzML	1319	0	304.229731968471	1	55258.32	0.0
149	input_spectra/4-B2R08.mzML	1320	0	329.270333954782	1	55471.56	0.0
149	input_spectra/4-B2R08.mzML	1321	0	329.270333954782	1	55483.079999999994	0.0
149	input_spectra/4-B2R08.mzML	1322	0	329.270333954782	1	55522.44	0.0
149	input_spectra/4-B2R08.mzML	1323	0	329.270333954782	1	55533.9	0.0
149	input_spectra/4-B2R08.mzML	1324	0	329.270333954782	1	55573.26	0.0
149	input_spectra/4-B2R08.mzML	1325	0	329.270333954782	1	55584.78	0.0
132	input_spectra/4-B2R08.mzML	1326	0	298.255482991536	1	55756.380000000005	0.0
132	input_spectra/4-B2R08.mzML	1327	0	298.255482991536	1	55767.9	0.0
128	input_spectra/4-B2R08.mzML	1328	0	286.219377600628	1	55807.2	0.0
129	input_spectra/4-B2R08.mzML	1329	0	286.219377600628	1	55818.72	0.0
128	input_spectra/4-B2R08.mzML	1330	0	286.219377600628	1	55858.079999999994	0.0
129	input_spectra/4-B2R08.mzML	1331	0	286.219377600628	1	55869.54	0.0
128	input_spectra/4-B2R08.mzML	1332	0	286.219377600628	1	55908.96	0.0
129	input_spectra/4-B2R08.mzML	1333	0	286.219377600628	1	55920.42	0.0
132	input_spectra/4-B2R08.mzML	1334	0	298.255482991536	1	55959.96000000001	0.0
132	input_spectra/4-B2R08.mzML	1335	0	298.255482991536	1	55971.479999999996	0.0
154	input_spectra/4-B2R08.mzML	1336	0	346.276652018229	1	56070.96	0.0
155	input_spectra/4-B2R08.mzML	1337	0	346.276652018229	1	56082.479999999996	0.0
132	input_spectra/4-B2R08.mzML	1338	0	298.255482991536	1	56093.94	0.0
132	input_spectra/4-B2R08.mzML	1339	0	298.255482991536	1	56105.46	0.0
155	input_spectra/4-B2R08.mzML	1340	0	346.276652018229	1	56144.880000000005	0.0
155	input_spectra/4-B2R08.mzML	1341	0	346.276652018229	1	56156.34	0.0
154	input_spectra/4-B2R08.mzML	1342	0	346.276652018229	1	56195.700000000004	0.0
155	input_spectra/4-B2R08.mzML	1343	0	346.276652018229	1	56207.22	0.0
135	input_spectra/4-B2R08.mzML	1344	0	304.229731968471	1	56282.64	0.0
135	input_spectra/4-B2R08.mzML	1345	0	304.229731968471	1	56294.1	0.0
135	input_spectra/4-B2R08.mzML	1346	0	304.229731968471	1	56333.46	0.0
135	input_spectra/4-B2R08.mzML	1347	0	304.229731968471	1	56344.979999999996	0.0
135	input_spectra/4-B2R08.mzML	1348	0	304.229731968471	1	56384.340000000004	0.0
135	input_spectra/4-B2R08.mzML	1349	0	304.229731968471	1	56395.799999999996	0.0
149	input_spectra/4-B2R08.mzML	1350	0	329.270333954782	1	56611.86	0.0
149	input_spectra/4-B2R08.mzML	1351	0	329.270333954782	1	56623.32	0.0
149	input_spectra/4-B2R08.mzML	1352	0	329.270333954782	1	56662.74	0.0
149	input_spectra/4-B2R08.mzML	1353	0	329.270333954782	1	56674.200000000004	0.0
149	input_spectra/4-B2R08.mzML	1354	0	329.270333954782	1	56713.56	0.0
149	input_spectra/4-B2R08.mzML	1355	0	329.270333954782	1	56725.08	0.0
128	input_spectra/4-B2R08.mzML	1356	0	286.219377600628	1	56944.8	0.0
129	input_spectra/4-B2R08.mzML	1357	0	286.219377600628	1	56956.32	0.0
128	input_spectra/4-B2R08.mzML	1358	0	286.219377600628	1	56995.68	0.0
129	input_spectra/4-B2R08.mzML	1359	0	286.219377600628	1	57007.2	0.0
128	input_spectra/4-B2R08.mzML	1360	0	286.219377600628	1	57046.56	0.0
129	input_spectra/4-B2R08.mzML	1361	0	286.219377600628	1	57058.02	0.0
132	input_spectra/4-B2R08.mzML	1362	0	298.255482991536	1	57157.5	0.0
132	input_spectra/4-B2R08.mzML	1363	0	298.255482991536	1	57169.020000000004	0.0
154	input_spectra/4-B2R08.mzML	1364	0	346.276652018229	1	57244.439999999995	0.0
155	input_spectra/4-B2R08.mzML	1365	0	346.276652018229	1	57255.96	0.0
132	input_spectra/4-B2R08.mzML	1366	0	298.255482991536	1	57267.42	0.0
132	input_spectra/4-B2R08.mzML	1367	0	298.255482991536	1	57278.94	0.0
154	input_spectra/4-B2R08.mzML	1368	0	346.276652018229	1	57318.299999999996	0.0
155	input_spectra/4-B2R08.mzML	1369	0	346.276652018229	1	57329.82	0.0
132	input_spectra/4-B2R08.mzML	1370	0	298.255482991536	1	57341.34	0.0
132	input_spectra/4-B2R08.mzML	1371	0	298.255482991536	1	57352.8	0.0
154	input_spectra/4-B2R08.mzML	1372	0	346.276652018229	1	57392.22	0.0
155	input_spectra/4-B2R08.mzML	1373	0	346.276652018229	1	57403.68	0.0
135	input_spectra/4-B2R08.mzML	1374	0	304.229731968471	1	57443.1	0.0
135	input_spectra/4-B2R08.mzML	1375	0	304.229731968471	1	57454.56	0.0
135	input_spectra/4-B2R08.mzML	1376	0	304.229731968471	1	57493.92	0.0
135	input_spectra/4-B2R08.mzML	1377	0	304.229731968471	1	57505.44	0.0
135	input_spectra/4-B2R08.mzML	1378	0	304.229731968471	1	57544.8	0.0
135	input_spectra/4-B2R08.mzML	1379	0	304.229731968471	1	57556.259999999995	0.0
149	input_spectra/4-B2R08.mzML	1380	0	329.270333954782	1	57784.38	0.0
149	input_spectra/4-B2R08.mzML	1381	0	329.270333954782	1	57795.840000000004	0.0
149	input_spectra/4-B2R08.mzML	1382	0	329.270333954782	1	57835.2	0.0
149	input_spectra/4-B2R08.mzML	1383	0	329.270333954782	1	57846.72	0.0
149	input_spectra/4-B2R08.mzML	1384	0	329.270333954782	1	57886.14	0.0
149	input_spectra/4-B2R08.mzML	1385	0	329.270333954782	1	57897.600000000006	0.0
5	input_spectra/4-B2R08.mzML	1386	0	117.072715759277	1	57961.020000000004	0.0
5	input_spectra/4-B2R08.mzML	1387	0	117.072715759277	1	57972.479999999996	0.0
128	input_spectra/4-B2R08.mzML	1388	0	286.219377600628	1	58084.26	0.0
129	input_spectra/4-B2R08.mzML	1389	0	286.219377600628	1	58095.719999999994	0.0
129	input_spectra/4-B2R08.mzML	1390	0	286.219377600628	1	58135.08	0.0
129	input_spectra/4-B2R08.mzML	1391	0	286.219377600628	1	58146.6	0.0
128	input_spectra/4-B2R08.mzML	1392	0	286.219377600628	1	58185.96	0.0
129	input_spectra/4-B2R08.mzML	1393	0	286.219377600628	1	58197.479999999996	0.0
5	input_spectra/4-B2R08.mzML	1394	0	117.072715759277	1	58272.9	0.0
5	input_spectra/4-B2R08.mzML	1395	0	117.072715759277	1	58284.36	0.0
154	input_spectra/4-B2R08.mzML	1396	0	346.276652018229	1	58419.96000000001	0.0
155	input_spectra/4-B2R08.mzML	1397	0	346.276652018229	1	58431.42	0.0
154	input_spectra/4-B2R08.mzML	1398	0	346.276652018229	1	58470.78	0.0
155	input_spectra/4-B2R08.mzML	1399	0	346.276652018229	1	58482.3	0.0
154	input_spectra/4-B2R08.mzML	1400	0	346.276652018229	1	58521.659999999996	0.0
155	input_spectra/4-B2R08.mzML	1401	0	346.276652018229	1	58533.12	0.0
135	input_spectra/4-B2R08.mzML	1402	0	304.229731968471	1	58596.6	0.0
135	input_spectra/4-B2R08.mzML	1403	0	304.229731968471	1	58608.060000000005	0.0
135	input_spectra/4-B2R08.mzML	1404	0	304.229731968471	1	58647.479999999996	0.0
135	input_spectra/4-B2R08.mzML	1405	0	304.229731968471	1	58658.94	0.0
135	input_spectra/4-B2R08.mzML	1406	0	304.229731968471	1	58698.36	0.0
135	input_spectra/4-B2R08.mzML	1407	0	304.229731968471	1	58709.82	0.0
149	input_spectra/4-B2R08.mzML	1408	0	329.270333954782	1	58925.82	0.0
149	input_spectra/4-B2R08.mzML	1409	0	329.270333954782	1	58937.34	0.0
149	input_spectra/4-B2R08.mzML	1410	0	329.270333954782	1	58976.700000000004	0.0
149	input_spectra/4-B2R08.mzML	1411	0	329.270333954782	1	58988.219999999994	0.0
149	input_spectra/4-B2R08.mzML	1412	0	329.270333954782	1	59027.58	0.0
149	input_spectra/4-B2R08.mzML	1413	0	329.270333954782	1	59039.04	0.0
5	input_spectra/4-B2R08.mzML	1414	0	117.072715759277	1	59150.579999999994	0.0
5	input_spectra/4-B2R08.mzML	1415	0	117.072715759277	1	59162.04	0.0
129	input_spectra/4-B2R08.mzML	1416	0	286.219377600628	1	59225.46	0.0
128	input_spectra/4-B2R08.mzML	1417	0	286.219377600628	1	59236.920000000006	0.0
128	input_spectra/4-B2R08.mzML	1418	0	286.219377600628	1	59276.28	0.0
129	input_spectra/4-B2R08.mzML	1419	0	286.219377600628	1	59287.8	0.0
130	input_spectra/4-B2R08.mzML	1420	0	286.219377600628	1	59327.159999999996	0.0
129	input_spectra/4-B2R08.mzML	1421	0	286.219377600628	1	59338.68	0.0
154	input_spectra/4-B2R08.mzML	1422	0	346.276652018229	1	59582.46000000001	0.0
155	input_spectra/4-B2R08.mzML	1423	0	346.276652018229	1	59593.92	0.0
154	input_spectra/4-B2R08.mzML	1424	0	346.276652018229	1	59633.28	0.0
155	input_spectra/4-B2R08.mzML	1425	0	346.276652018229	1	59644.74	0.0
154	input_spectra/4-B2R08.mzML	1426	0	346.276652018229	1	59684.1	0.0
155	input_spectra/4-B2R08.mzML	1427	0	346.276652018229	1	59695.62	0.0
135	input_spectra/4-B2R08.mzML	1428	0	304.229731968471	1	59734.979999999996	0.0
135	input_spectra/4-B2R08.mzML	1429	0	304.229731968471	1	59746.5	0.0
135	input_spectra/4-B2R08.mzML	1430	0	304.229731968471	1	59785.86	0.0
135	input_spectra/4-B2R08.mzML	1431	0	304.229731968471	1	59797.32	0.0
135	input_spectra/4-B2R08.mzML	1432	0	304.229731968471	1	59836.68	0.0
135	input_spectra/4-B2R08.mzML	1433	0	304.229731968471	1	59848.200000000004	0.0
149	input_spectra/4-B2R08.mzML	1434	0	329.270333954782	1	1001.07	0.0
149	input_spectra/4-B2R08.mzML	1435	0	329.270333954782	1	1001.26	0.0
149	input_spectra/4-B2R08.mzML	1436	0	329.270333954782	1	1001.92	0.0
149	input_spectra/4-B2R08.mzML	1437	0	329.270333954782	1	1002.11	0.0
149	input_spectra/4-B2R08.mzML	1438	0	329.270333954782	1	1002.77	0.0
149	input_spectra/4-B2R08.mzML	1439	0	329.270333954782	1	1002.96	0.0
5	input_spectra/4-B2R08.mzML	1440	0	117.072715759277	1	1005.42	0.0
5	input_spectra/4-B2R08.mzML	1441	0	117.072715759277	1	1005.61	0.0
129	input_spectra/4-B2R08.mzML	1442	0	286.219377600628	1	1006.26	0.0
129	input_spectra/4-B2R08.mzML	1443	0	286.219377600628	1	1006.45	0.0
129	input_spectra/4-B2R08.mzML	1444	0	286.219377600628	1	1007.11	0.0
129	input_spectra/4-B2R08.mzML	1445	0	286.219377600628	1	1007.3	0.0
128	input_spectra/4-B2R08.mzML	1446	0	286.219377600628	1	1007.96	0.0
129	input_spectra/4-B2R08.mzML	1447	0	286.219377600628	1	1008.15	0.0
5	input_spectra/4-B2R08.mzML	1448	0	117.072715759277	1	1008.34	0.0
5	input_spectra/4-B2R08.mzML	1449	0	117.072715759277	1	1008.53	0.0
5	input_spectra/4-B2R08.mzML	1450	0	117.072715759277	1	1009.59	0.0
5	input_spectra/4-B2R08.mzML	1451	0	117.072715759277	1	1009.78	0.0
154	input_spectra/4-B2R08.mzML	1452	0	346.276652018229	1	1012.04	0.0
155	input_spectra/4-B2R08.mzML	1453	0	346.276652018229	1	1012.23	0.0
154	input_spectra/4-B2R08.mzML	1454	0	346.276652018229	1	1012.89	0.0
155	input_spectra/4-B2R08.mzML	1455	0	346.276652018229	1	1013.08	0.0
154	input_spectra/4-B2R08.mzML	1456	0	346.276652018229	1	1013.73	0.0
155	input_spectra/4-B2R08.mzML	1457	0	346.276652018229	1	1013.93	0.0
135	input_spectra/4-B2R08.mzML	1458	0	304.229731968471	1	1014.58	0.0
135	input_spectra/4-B2R08.mzML	1459	0	304.229731968471	1	1014.78	0.0
135	input_spectra/4-B2R08.mzML	1460	0	304.229731968471	1	1015.43	0.0
135	input_spectra/4-B2R08.mzML	1461	0	304.229731968471	1	1015.62	0.0
135	input_spectra/4-B2R08.mzML	1462	0	304.229731968471	1	1016.28	0.0
135	input_spectra/4-B2R08.mzML	1463	0	304.229731968471	1	1016.47	0.0
149	input_spectra/4-B2R08.mzML	1464	0	329.270333954782	1	1020.07	0.0
149	input_spectra/4-B2R08.mzML	1465	0	329.270333954782	1	1020.26	0.0
149	input_spectra/4-B2R08.mzML	1466	0	329.270333954782	1	1020.92	0.0
149	input_spectra/4-B2R08.mzML	1467	0	329.270333954782	1	1021.11	0.0
149	input_spectra/4-B2R08.mzML	1468	0	329.270333954782	1	1021.77	0.0
149	input_spectra/4-B2R08.mzML	1469	0	329.270333954782	1	1021.96	0.0
75	input_spectra/4-B2R08.mzML	1470	0	185.110046951859	1	1025.06	0.0
75	input_spectra/4-B2R08.mzML	1471	0	185.110046951859	1	1025.26	0.0
129	input_spectra/4-B2R08.mzML	1472	0	286.219377600628	1	1025.91	0.0
129	input_spectra/4-B2R08.mzML	1473	0	286.219377600628	1	1026.1	0.0
128	input_spectra/4-B2R08.mzML	1474	0	286.219377600628	1	1026.76	0.0
129	input_spectra/4-B2R08.mzML	1475	0	286.219377600628	1	1026.95	0.0
75	input_spectra/4-B2R08.mzML	1476	0	185.110046951859	1	1027.14	0.0
75	input_spectra/4-B2R08.mzML	1477	0	185.110046951859	1	1027.33	0.0
128	input_spectra/4-B2R08.mzML	1478	0	286.219377600628	1	1027.99	0.0
129	input_spectra/4-B2R08.mzML	1479	0	286.219377600628	1	1028.18	0.0
5	input_spectra/4-B2R08.mzML	1480	0	117.072715759277	1	1028.37	0.0
5	input_spectra/4-B2R08.mzML	1481	0	117.072715759277	1	1028.56	0.0
5	input_spectra/4-B2R08.mzML	1482	0	117.072715759277	1	1029.22	0.0
5	input_spectra/4-B2R08.mzML	1483	0	117.072715759277	1	1029.41	0.0
5	input_spectra/4-B2R08.mzML	1484	0	117.072715759277	1	1030.92	0.0
5	input_spectra/4-B2R08.mzML	1485	0	117.072715759277	1	1031.11	0.0
75	input_spectra/4-B2R08.mzML	1486	0	185.110046951859	1	1031.3	0.0
75	input_spectra/4-B2R08.mzML	1487	0	185.110046951859	1	1031.49	0.0
154	input_spectra/4-B2R08.mzML	1488	0	346.276652018229	1	1032.15	0.0
155	input_spectra/4-B2R08.mzML	1489	0	346.276652018229	1	1032.34	0.0
154	input_spectra/4-B2R08.mzML	1490	0	346.276652018229	1	1033.38	0.0
155	input_spectra/4-B2R08.mzML	1491	0	346.276652018229	1	1033.57	0.0
154	input_spectra/4-B2R08.mzML	1492	0	346.276652018229	1	1034.22	0.0
155	input_spectra/4-B2R08.mzML	1493	0	346.276652018229	1	1034.42	0.0
135	input_spectra/4-B2R08.mzML	1494	0	304.229731968471	1	1034.61	0.0
135	input_spectra/4-B2R08.mzML	1495	0	304.229731968471	1	1034.8	0.0
135	input_spectra/4-B2R08.mzML	1496	0	304.229731968471	1	1035.46	0.0
135	input_spectra/4-B2R08.mzML	1497	0	304.229731968471	1	1035.65	0.0
135	input_spectra/4-B2R08.mzML	1498	0	304.229731968471	1	1036.3	0.0
135	input_spectra/4-B2R08.mzML	1499	0	304.229731968471	1	1036.5	0.0
149	input_spectra/4-B2R08.mzML	1500	0	329.270333954782	1	1039.69	0.0
149	input_spectra/4-B2R08.mzML	1501	0	329.270333954782	1	1039.89	0.0
149	input_spectra/4-B2R08.mzML	1502	0	329.270333954782	1	1040.54	0.0
149	input_spectra/4-B2R08.mzML	1503	0	329.270333954782	1	1040.73	0.0
149	input_spectra/4-B2R08.mzML	1504	0	329.270333954782	1	1041.39	0.0
149	input_spectra/4-B2R08.mzML	1505	0	329.270333954782	1	1041.58	0.0
128	input_spectra/4-B2R08.mzML	1506	0	286.219377600628	1	1045.04	0.0
129	input_spectra/4-B2R08.mzML	1507	0	286.219377600628	1	1045.24	0.0
128	input_spectra/4-B2R08.mzML	1508	0	286.219377600628	1	1045.89	0.0
129	input_spectra/4-B2R08.mzML	1509	0	286.219377600628	1	1046.08	0.0
128	input_spectra/4-B2R08.mzML	1510	0	286.219377600628	1	1046.74	0.0
129	input_spectra/4-B2R08.mzML	1511	0	286.219377600628	1	1046.93	0.0
75	input_spectra/4-B2R08.mzML	1512	0	185.110046951859	1	1048.59	0.0
75	input_spectra/4-B2R08.mzML	1513	0	185.110046951859	1	1048.78	0.0
5	input_spectra/4-B2R08.mzML	1514	0	117.072715759277	1	1048.97	0.0
5	input_spectra/4-B2R08.mzML	1515	0	117.072715759277	1	1049.16	0.0
75	input_spectra/4-B2R08.mzML	1516	0	185.110046951859	1	1050.2	0.0
75	input_spectra/4-B2R08.mzML	1517	0	185.110046951859	1	1050.39	0.0
75	input_spectra/4-B2R08.mzML	1518	0	185.110046951859	1	1051.43	0.0
75	input_spectra/4-B2R08.mzML	1519	0	185.110046951859	1	1051.63	0.0
154	input_spectra/4-B2R08.mzML	1520	0	346.276652018229	1	1052.28	0.0
155	input_spectra/4-B2R08.mzML	1521	0	346.276652018229	1	1052.47	0.0
5	input_spectra/4-B2R08.mzML	1522	0	117.072715759277	1	1053.05	0.0
5	input_spectra/4-B2R08.mzML	1523	0	117.072715759277	1	1053.24	0.0
154	input_spectra/4-B2R08.mzML	1524	0	346.276652018229	1	1053.9	0.0
155	input_spectra/4-B2R08.mzML	1525	0	346.276652018229	1	1054.09	0.0
135	input_spectra/4-B2R08.mzML	1526	0	304.229731968471	1	1054.28	0.0
135	input_spectra/4-B2R08.mzML	1527	0	304.229731968471	1	1054.47	0.0
5	input_spectra/4-B2R08.mzML	1528	0	117.072715759277	1	1054.66	0.0
5	input_spectra/4-B2R08.mzML	1529	0	117.072715759277	1	1054.85	0.0
154	input_spectra/4-B2R08.mzML	1530	0	346.276652018229	1	1055.51	0.0
155	input_spectra/4-B2R08.mzML	1531	0	346.276652018229	1	1055.7	0.0
135	input_spectra/4-B2R08.mzML	1532	0	304.229731968471	1	1055.89	0.0
135	input_spectra/4-B2R08.mzML	1533	0	304.229731968471	1	1056.08	0.0
135	input_spectra/4-B2R08.mzML	1534	0	304.229731968471	1	1056.74	0.0
135	input_spectra/4-B2R08.mzML	1535	0	304.229731968471	1	1056.93	0.0
149	input_spectra/4-B2R08.mzML	1536	0	329.270333954782	1	1059.87	0.0
149	input_spectra/4-B2R08.mzML	1537	0	329.270333954782	1	1060.06	0.0
149	input_spectra/4-B2R08.mzML	1538	0	329.270333954782	1	1060.92	0.0
149	input_spectra/4-B2R08.mzML	1539	0	329.270333954782	1	1061.11	0.0
149	input_spectra/4-B2R08.mzML	1540	0	329.270333954782	1	1061.76	0.0
149	input_spectra/4-B2R08.mzML	1541	0	329.270333954782	1	1061.96	0.0
128	input_spectra/4-B2R08.mzML	1542	0	286.219377600628	1	1064.01	0.0
129	input_spectra/4-B2R08.mzML	1543	0	286.219377600628	1	1064.21	0.0
128	input_spectra/4-B2R08.mzML	1544	0	286.219377600628	1	1064.86	0.0
129	input_spectra/4-B2R08.mzML	1545	0	286.219377600628	1	1065.05	0.0
129	input_spectra/4-B2R08.mzML	1546	0	286.219377600628	1	1065.71	0.0
129	input_spectra/4-B2R08.mzML	1547	0	286.219377600628	1	1065.9	0.0
75	input_spectra/4-B2R08.mzML	1548	0	185.110046951859	1	1068.16	0.0
75	input_spectra/4-B2R08.mzML	1549	0	185.110046951859	1	1068.35	0.0
75	input_spectra/4-B2R08.mzML	1550	0	185.110046951859	1	1069.01	0.0
75	input_spectra/4-B2R08.mzML	1551	0	185.110046951859	1	1069.2	0.0
75	input_spectra/4-B2R08.mzML	1552	0	185.110046951859	1	1070.24	0.0
75	input_spectra/4-B2R08.mzML	1553	0	185.110046951859	1	1070.43	0.0
5	input_spectra/4-B2R08.mzML	1554	0	117.072715759277	1	1071.47	0.0
5	input_spectra/4-B2R08.mzML	1555	0	117.072715759277	1	1071.66	0.0
154	input_spectra/4-B2R08.mzML	1556	0	346.276652018229	1	1072.32	0.0
155	input_spectra/4-B2R08.mzML	1557	0	346.276652018229	1	1072.51	0.0
5	input_spectra/4-B2R08.mzML	1558	0	117.072715759277	1	1073.09	0.0
5	input_spectra/4-B2R08.mzML	1559	0	117.072715759277	1	1073.28	0.0
154	input_spectra/4-B2R08.mzML	1560	0	346.276652018229	1	1073.93	0.0
155	input_spectra/4-B2R08.mzML	1561	0	346.276652018229	1	1074.12	0.0
5	input_spectra/4-B2R08.mzML	1562	0	117.072715759277	1	1074.32	0.0
5	input_spectra/4-B2R08.mzML	1563	0	117.072715759277	1	1074.51	0.0
154	input_spectra/4-B2R08.mzML	1564	0	346.276652018229	1	1075.16	0.0
155	input_spectra/4-B2R08.mzML	1565	0	346.276652018229	1	1075.35	0.0
135	input_spectra/4-B2R08.mzML	1566	0	304.229731968471	1	1075.55	0.0
135	input_spectra/4-B2R08.mzML	1567	0	304.229731968471	1	1075.74	0.0
135	input_spectra/4-B2R08.mzML	1568	0	304.229731968471	1	1076.39	0.0
135	input_spectra/4-B2R08.mzML	1569	0	304.229731968471	1	1076.58	0.0
135	input_spectra/4-B2R08.mzML	1570	0	304.229731968471	1	1077.63	0.0
135	input_spectra/4-B2R08.mzML	1571	0	304.229731968471	1	1077.82	0.0
149	input_spectra/4-B2R08.mzML	1572	0	329.270333954782	1	1079.7	0.0
149	input_spectra/4-B2R08.mzML	1573	0	329.270333954782	1	1079.9	0.0
149	input_spectra/4-B2R08.mzML	1574	0	329.270333954782	1	1080.55	0.0
149	input_spectra/4-B2R08.mzML	1575	0	329.270333954782	1	1080.74	0.0
149	input_spectra/4-B2R08.mzML	1576	0	329.270333954782	1	1081.4	0.0
149	input_spectra/4-B2R08.mzML	1577	0	329.270333954782	1	1081.59	0.0
128	input_spectra/4-B2R08.mzML	1578	0	286.219377600628	1	1083.05	0.0
129	input_spectra/4-B2R08.mzML	1579	0	286.219377600628	1	1083.24	0.0
128	input_spectra/4-B2R08.mzML	1580	0	286.219377600628	1	1083.9	0.0
129	input_spectra/4-B2R08.mzML	1581	0	286.219377600628	1	1084.09	0.0
128	input_spectra/4-B2R08.mzML	1582	0	286.219377600628	1	1084.74	0.0
129	input_spectra/4-B2R08.mzML	1583	0	286.219377600628	1	1084.93	0.0
75	input_spectra/4-B2R08.mzML	1584	0	185.110046951859	1	1087.59	0.0
75	input_spectra/4-B2R08.mzML	1585	0	185.110046951859	1	1087.79	0.0
75	input_spectra/4-B2R08.mzML	1586	0	185.110046951859	1	1088.44	0.0
75	input_spectra/4-B2R08.mzML	1587	0	185.110046951859	1	1088.63	0.0
75	input_spectra/4-B2R08.mzML	1588	0	185.110046951859	1	1089.29	0.0
75	input_spectra/4-B2R08.mzML	1589	0	185.110046951859	1	1089.48	0.0
5	input_spectra/4-B2R08.mzML	1590	0	117.072715759277	1	1091.37	0.0
5	input_spectra/4-B2R08.mzML	1591	0	117.072715759277	1	1091.56	0.0
154	input_spectra/4-B2R08.mzML	1592	0	346.276652018229	1	1092.21	0.0
155	input_spectra/4-B2R08.mzML	1593	0	346.276652018229	1	1092.41	0.0
5	input_spectra/4-B2R08.mzML	1594	0	117.072715759277	1	1092.98	0.0
5	input_spectra/4-B2R08.mzML	1595	0	117.072715759277	1	1093.17	0.0
154	input_spectra/4-B2R08.mzML	1596	0	346.276652018229	1	1093.83	0.0
155	input_spectra/4-B2R08.mzML	1597	0	346.276652018229	1	1094.02	0.0
5	input_spectra/4-B2R08.mzML	1598	0	117.072715759277	1	1094.21	0.0
5	input_spectra/4-B2R08.mzML	1599	0	117.072715759277	1	1094.4	0.0
154	input_spectra/4-B2R08.mzML	1600	0	346.276652018229	1	1095.06	0.0
155	input_spectra/4-B2R08.mzML	1601	0	346.276652018229	1	1095.25	0.0
135	input_spectra/4-B2R08.mzML	1602	0	304.229731968471	1	1095.44	0.0
135	input_spectra/4-B2R08.mzML	1603	0	304.229731968471	1	1095.64	0.0
135	input_spectra/4-B2R08.mzML	1604	0	304.229731968471	1	1096.68	0.0
135	input_spectra/4-B2R08.mzML	1605	0	304.229731968471	1	1096.87	0.0
135	input_spectra/4-B2R08.mzML	1606	0	304.229731968471	1	1097.52	0.0
135	input_spectra/4-B2R08.mzML	1607	0	304.229731968471	1	1097.71	0.0
149	input_spectra/4-B2R08.mzML	1608	0	329.270333954782	1	1099.6	0.0
149	input_spectra/4-B2R08.mzML	1609	0	329.270333954782	1	1099.79	0.0
149	input_spectra/4-B2R08.mzML	1610	0	329.270333954782	1	1100.45	0.0
149	input_spectra/4-B2R08.mzML	1611	0	329.270333954782	1	1100.64	0.0
149	input_spectra/4-B2R08.mzML	1612	0	329.270333954782	1	1101.3	0.0
149	input_spectra/4-B2R08.mzML	1613	0	329.270333954782	1	1101.49	0.0
146	input_spectra/4-B2R08.mzML	1614	0	328.268125557605	1	1102.14	0.0
145	input_spectra/4-B2R08.mzML	1615	0	328.268125557605	1	1102.34	0.0
128	input_spectra/4-B2R08.mzML	1616	0	286.219377600628	1	1102.53	0.0
129	input_spectra/4-B2R08.mzML	1617	0	286.219377600628	1	1102.72	0.0
146	input_spectra/4-B2R08.mzML	1618	0	328.268125557605	1	1103.37	0.0
148	input_spectra/4-B2R08.mzML	1619	0	328.268125557605	1	1103.57	0.0
128	input_spectra/4-B2R08.mzML	1620	0	286.219377600628	1	1103.76	0.0
129	input_spectra/4-B2R08.mzML	1621	0	286.219377600628	1	1103.95	0.0
146	input_spectra/4-B2R08.mzML	1622	0	328.268125557605	1	1104.61	0.0
145	input_spectra/4-B2R08.mzML	1623	0	328.268125557605	1	1104.8	0.0
128	input_spectra/4-B2R08.mzML	1624	0	286.219377600628	1	1104.99	0.0
129	input_spectra/4-B2R08.mzML	1625	0	286.219377600628	1	1105.18	0.0
75	input_spectra/4-B2R08.mzML	1626	0	185.110046951859	1	1106.64	0.0
75	input_spectra/4-B2R08.mzML	1627	0	185.110046951859	1	1106.83	0.0
75	input_spectra/4-B2R08.mzML	1628	0	185.110046951859	1	1107.49	0.0
75	input_spectra/4-B2R08.mzML	1629	0	185.110046951859	1	1107.68	0.0
75	input_spectra/4-B2R08.mzML	1630	0	185.110046951859	1	1108.33	0.0
75	input_spectra/4-B2R08.mzML	1631	0	185.110046951859	1	1108.52	0.0
146	input_spectra/4-B2R08.mzML	1632	0	328.268125557605	1	1116.73	0.0
145	input_spectra/4-B2R08.mzML	1633	0	328.268125557605	1	1116.93	0.0
146	input_spectra/4-B2R08.mzML	1634	0	328.268125557605	1	1121.59	0.0
145	input_spectra/4-B2R08.mzML	1635	0	328.268125557605	1	1121.78	0.0
147	input_spectra/4-B2R08.mzML	1636	0	328.268125557605	1	1122.44	0.0
145	input_spectra/4-B2R08.mzML	1637	0	328.268125557605	1	1122.63	0.0
75	input_spectra/4-B2R08.mzML	1638	0	185.110046951859	1	1126.09	0.0
75	input_spectra/4-B2R08.mzML	1639	0	185.110046951859	1	1126.28	0.0
75	input_spectra/4-B2R08.mzML	1640	0	185.110046951859	1	1126.94	0.0
75	input_spectra/4-B2R08.mzML	1641	0	185.110046951859	1	1127.13	0.0
75	input_spectra/4-B2R08.mzML	1642	0	185.110046951859	1	1127.79	0.0
75	input_spectra/4-B2R08.mzML	1643	0	185.110046951859	1	1127.98	0.0
231	input_spectra/4-B2R08.mzML	1644	0	530.379252115885	1	1129.02	0.0
231	input_spectra/4-B2R08.mzML	1645	0	530.379252115885	1	1129.21	0.0
146	input_spectra/4-B2R08.mzML	1646	0	328.268125557605	1	1139.98	0.0
145	input_spectra/4-B2R08.mzML	1647	0	328.268125557605	1	1140.17	0.0
146	input_spectra/4-B2R08.mzML	1648	0	328.268125557605	1	1140.83	0.0
147	input_spectra/4-B2R08.mzML	1649	0	328.268125557605	1	1141.02	0.0
146	input_spectra/4-B2R08.mzML	1650	0	328.268125557605	1	1141.67	0.0
147	input_spectra/4-B2R08.mzML	1651	0	328.268125557605	1	1141.86	0.0
75	input_spectra/4-B2R08.mzML	1652	0	185.110046951859	1	1144.97	0.0
75	input_spectra/4-B2R08.mzML	1653	0	185.110046951859	1	1145.16	0.0
75	input_spectra/4-B2R08.mzML	1654	0	185.110046951859	1	1145.82	0.0
75	input_spectra/4-B2R08.mzML	1655	0	185.110046951859	1	1146.01	0.0
75	input_spectra/4-B2R08.mzML	1656	0	185.110046951859	1	1146.67	0.0
75	input_spectra/4-B2R08.mzML	1657	0	185.110046951859	1	1146.86	0.0
231	input_spectra/4-B2R08.mzML	1658	0	530.379252115885	1	1157.47	0.0
231	input_spectra/4-B2R08.mzML	1659	0	530.379252115885	1	1157.66	0.0
231	input_spectra/4-B2R08.mzML	1660	0	530.379252115885	1	1158.92	0.0
231	input_spectra/4-B2R08.mzML	1661	0	530.379252115885	1	1159.11	0.0
146	input_spectra/4-B2R08.mzML	1662	0	328.268125557605	1	1159.77	0.0
145	input_spectra/4-B2R08.mzML	1663	0	328.268125557605	1	1159.96	0.0
144	input_spectra/4-B2R08.mzML	1664	0	328.268125557605	1	1160.62	0.0
148	input_spectra/4-B2R08.mzML	1665	0	328.268125557605	1	1160.81	0.0
147	input_spectra/4-B2R08.mzML	1666	0	328.268125557605	1	1161.46	0.0
145	input_spectra/4-B2R08.mzML	1667	0	328.268125557605	1	1161.66	0.0
238	input_spectra/4-B2R08.mzML	1668	0	542.349487304688	1	1163.31	0.0
238	input_spectra/4-B2R08.mzML	1669	0	542.349487304688	1	1163.51	0.0
75	input_spectra/4-B2R08.mzML	1670	0	185.110046951859	1	1164.16	0.0
75	input_spectra/4-B2R08.mzML	1671	0	185.110046951859	1	1164.35	0.0
238	input_spectra/4-B2R08.mzML	1672	0	542.349487304688	1	1164.55	0.0
238	input_spectra/4-B2R08.mzML	1673	0	542.349487304688	1	1164.74	0.0
75	input_spectra/4-B2R08.mzML	1674	0	185.110046951859	1	1165.39	0.0
75	input_spectra/4-B2R08.mzML	1675	0	185.110046951859	1	1165.59	0.0
238	input_spectra/4-B2R08.mzML	1676	0	542.349487304688	1	1165.78	0.0
238	input_spectra/4-B2R08.mzML	1677	0	542.349487304688	1	1165.97	0.0
75	input_spectra/4-B2R08.mzML	1678	0	185.110046951859	1	1166.63	0.0
75	input_spectra/4-B2R08.mzML	1679	0	185.110046951859	1	1166.82	0.0
142	input_spectra/4-B2R08.mzML	1680	0	328.268125557605	1	1179.03	0.0
145	input_spectra/4-B2R08.mzML	1681	0	328.268125557605	1	1179.23	0.0
146	input_spectra/4-B2R08.mzML	1682	0	328.268125557605	1	1179.88	0.0
147	input_spectra/4-B2R08.mzML	1683	0	328.268125557605	1	1180.07	0.0
148	input_spectra/4-B2R08.mzML	1684	0	328.268125557605	1	1180.73	0.0
145	input_spectra/4-B2R08.mzML	1685	0	328.268125557605	1	1180.92	0.0
231	input_spectra/4-B2R08.mzML	1686	0	530.379252115885	1	1181.78	0.0
231	input_spectra/4-B2R08.mzML	1687	0	530.379252115885	1	1181.97	0.0
231	input_spectra/4-B2R08.mzML	1688	0	530.379252115885	1	1183.43	0.0
231	input_spectra/4-B2R08.mzML	1689	0	530.379252115885	1	1183.62	0.0
75	input_spectra/4-B2R08.mzML	1690	0	185.110046951859	1	1184.28	0.0
75	input_spectra/4-B2R08.mzML	1691	0	185.110046951859	1	1184.47	0.0
75	input_spectra/4-B2R08.mzML	1692	0	185.110046951859	1	1185.12	0.0
75	input_spectra/4-B2R08.mzML	1693	0	185.110046951859	1	1185.31	0.0
231	input_spectra/4-B2R08.mzML	1694	0	530.379252115885	1	1185.51	0.0
231	input_spectra/4-B2R08.mzML	1695	0	530.379252115885	1	1185.7	0.0
75	input_spectra/4-B2R08.mzML	1696	0	185.110046951859	1	1186.35	0.0
75	input_spectra/4-B2R08.mzML	1697	0	185.110046951859	1	1186.55	0.0
134	input_spectra/4-B2R08.mzML	1698	0	302.287180582682	1	1189.95	0.0
134	input_spectra/4-B2R08.mzML	1699	0	302.287180582682	1	1190.14	0.0
134	input_spectra/4-B2R08.mzML	1700	0	302.287180582682	1	1190.79	0.0
134	input_spectra/4-B2R08.mzML	1701	0	302.287180582682	1	1190.99	0.0
134	input_spectra/4-B2R08.mzML	1702	0	302.287180582682	1	1193.65	0.0
134	input_spectra/4-B2R08.mzML	1703	0	302.287180582682	1	1193.84	0.0
215	input_spectra/4-B2R08.mzML	1704	0	495.468902587891	1	1195.7	0.0
216	input_spectra/4-B2R08.mzML	1705	0	495.468902587891	1	1195.89	0.0
215	input_spectra/4-B2R08.mzML	1706	0	495.468902587891	1	1196.74	0.0
216	input_spectra/4-B2R08.mzML	1707	0	495.468902587891	1	1196.94	0.0
146	input_spectra/4-B2R08.mzML	1708	0	328.268125557605	1	1197.99	0.0
145	input_spectra/4-B2R08.mzML	1709	0	328.268125557605	1	1198.19	0.0
142	input_spectra/4-B2R08.mzML	1710	0	328.268125557605	1	1198.84	0.0
148	input_spectra/4-B2R08.mzML	1711	0	328.268125557605	1	1199.03	0.0
146	input_spectra/4-B2R08.mzML	1712	0	328.268125557605	1	1199.69	0.0
147	input_spectra/4-B2R08.mzML	1713	0	328.268125557605	1	1199.88	0.0
1	input_spectra/bkgrnd-marine-broth.mzML	1714	0	110.009817759196	1	6384.900000000001	0.0
1	input_spectra/bkgrnd-marine-broth.mzML	1715	0	110.009817759196	1	6396.36	0.0
2	input_spectra/bkgrnd-marine-broth.mzML	1716	0	110.009817759196	1	6435.66	0.0
1	input_spectra/bkgrnd-marine-broth.mzML	1717	0	110.009817759196	1	6447.18	0.0
50	input_spectra/bkgrnd-marine-broth.mzML	1718	0	146.166600545247	1	6458.64	0.0
50	input_spectra/bkgrnd-marine-broth.mzML	1719	0	146.166600545247	1	6470.099999999999	0.0
18	input_spectra/bkgrnd-marine-broth.mzML	1720	0	125.987463378906	1	6481.5599999999995	0.0
18	input_spectra/bkgrnd-marine-broth.mzML	1721	0	125.987463378906	1	6493.08	0.0
54	input_spectra/bkgrnd-marine-broth.mzML	1722	0	151.036672973633	1	6504.54	0.0
54	input_spectra/bkgrnd-marine-broth.mzML	1723	0	151.036672973633	1	6516.0	0.0
2	input_spectra/bkgrnd-marine-broth.mzML	1724	0	110.009817759196	1	6555.36	0.0
2	input_spectra/bkgrnd-marine-broth.mzML	1725	0	110.009817759196	1	6566.879999999999	0.0
18	input_spectra/bkgrnd-marine-broth.mzML	1726	0	125.987463378906	1	6578.34	0.0
18	input_spectra/bkgrnd-marine-broth.mzML	1727	0	125.987463378906	1	6589.8	0.0
50	input_spectra/bkgrnd-marine-broth.mzML	1728	0	146.166600545247	1	6601.26	0.0
50	input_spectra/bkgrnd-marine-broth.mzML	1729	0	146.166600545247	1	6612.78	0.0
54	input_spectra/bkgrnd-marine-broth.mzML	1730	0	151.036672973633	1	6624.24	0.0
54	input_spectra/bkgrnd-marine-broth.mzML	1731	0	151.036672973633	1	6635.7	0.0
94	input_spectra/bkgrnd-marine-broth.mzML	1732	0	223.991306304932	1	6647.22	0.0
94	input_spectra/bkgrnd-marine-broth.mzML	1733	0	223.991306304932	1	6658.679999999999	0.0
18	input_spectra/bkgrnd-marine-broth.mzML	1734	0	125.987463378906	1	6698.1	0.0
18	input_spectra/bkgrnd-marine-broth.mzML	1735	0	125.987463378906	1	6709.5599999999995	0.0
50	input_spectra/bkgrnd-marine-broth.mzML	1736	0	146.166600545247	1	6721.08	0.0
50	input_spectra/bkgrnd-marine-broth.mzML	1737	0	146.166600545247	1	6732.54	0.0
84	input_spectra/bkgrnd-marine-broth.mzML	1738	0	198.94199625651	1	6744.0	0.0
84	input_spectra/bkgrnd-marine-broth.mzML	1739	0	198.94199625651	1	6755.5199999999995	0.0
94	input_spectra/bkgrnd-marine-broth.mzML	1740	0	223.991306304932	1	6766.9800000000005	0.0
94	input_spectra/bkgrnd-marine-broth.mzML	1741	0	223.991306304932	1	6778.4400000000005	0.0
54	input_spectra/bkgrnd-marine-broth.mzML	1742	0	151.036672973633	1	6789.96	0.0
54	input_spectra/bkgrnd-marine-broth.mzML	1743	0	151.036672973633	1	6801.42	0.0
84	input_spectra/bkgrnd-marine-broth.mzML	1744	0	198.94199625651	1	6840.780000000001	0.0
84	input_spectra/bkgrnd-marine-broth.mzML	1745	0	198.94199625651	1	6852.3	0.0
94	input_spectra/bkgrnd-marine-broth.mzML	1746	0	223.991306304932	1	6863.76	0.0
94	input_spectra/bkgrnd-marine-broth.mzML	1747	0	223.991306304932	1	6875.22	0.0
72	input_spectra/bkgrnd-marine-broth.mzML	1748	0	182.964279174805	1	6886.74	0.0
73	input_spectra/bkgrnd-marine-broth.mzML	1749	0	182.964279174805	1	6898.2	0.0
106	input_spectra/bkgrnd-marine-broth.mzML	1750	0	239.968907674154	1	6909.72	0.0
106	input_spectra/bkgrnd-marine-broth.mzML	1751	0	239.968907674154	1	6921.179999999999	0.0
85	input_spectra/bkgrnd-marine-broth.mzML	1752	0	203.224990844727	1	6932.639999999999	0.0
85	input_spectra/bkgrnd-marine-broth.mzML	1753	0	203.224990844727	1	6944.16	0.0
84	input_spectra/bkgrnd-marine-broth.mzML	1754	0	198.94199625651	1	6983.5199999999995	0.0
84	input_spectra/bkgrnd-marine-broth.mzML	1755	0	198.94199625651	1	6994.98	0.0
72	input_spectra/bkgrnd-marine-broth.mzML	1756	0	182.964279174805	1	7006.5	0.0
73	input_spectra/bkgrnd-marine-broth.mzML	1757	0	182.964279174805	1	7017.96	0.0
106	input_spectra/bkgrnd-marine-broth.mzML	1758	0	239.968907674154	1	7029.42	0.0
106	input_spectra/bkgrnd-marine-broth.mzML	1759	0	239.968907674154	1	7040.9400000000005	0.0
85	input_spectra/bkgrnd-marine-broth.mzML	1760	0	203.224990844727	1	7052.400000000001	0.0
85	input_spectra/bkgrnd-marine-broth.mzML	1761	0	203.224990844727	1	7063.92	0.0
118	input_spectra/bkgrnd-marine-broth.mzML	1762	0	265.018218994141	1	7075.38	0.0
118	input_spectra/bkgrnd-marine-broth.mzML	1763	0	265.018218994141	1	7086.9	0.0
72	input_spectra/bkgrnd-marine-broth.mzML	1764	0	182.964279174805	1	7126.26	0.0
73	input_spectra/bkgrnd-marine-broth.mzML	1765	0	182.964279174805	1	7137.72	0.0
106	input_spectra/bkgrnd-marine-broth.mzML	1766	0	239.968907674154	1	7149.24	0.0
106	input_spectra/bkgrnd-marine-broth.mzML	1767	0	239.968907674154	1	7160.7	0.0
90	input_spectra/bkgrnd-marine-broth.mzML	1768	0	214.91953531901	1	7172.16	0.0
90	input_spectra/bkgrnd-marine-broth.mzML	1769	0	214.91953531901	1	7183.679999999999	0.0
85	input_spectra/bkgrnd-marine-broth.mzML	1770	0	203.224990844727	1	7195.139999999999	0.0
85	input_spectra/bkgrnd-marine-broth.mzML	1771	0	203.224990844727	1	7206.6	0.0
118	input_spectra/bkgrnd-marine-broth.mzML	1772	0	265.018218994141	1	7218.120000000001	0.0
118	input_spectra/bkgrnd-marine-broth.mzML	1773	0	265.018218994141	1	7229.58	0.0
90	input_spectra/bkgrnd-marine-broth.mzML	1774	0	214.91953531901	1	7269.0	0.0
90	input_spectra/bkgrnd-marine-broth.mzML	1775	0	214.91953531901	1	7280.46	0.0
118	input_spectra/bkgrnd-marine-broth.mzML	1776	0	265.018218994141	1	7291.9800000000005	0.0
118	input_spectra/bkgrnd-marine-broth.mzML	1777	0	265.018218994141	1	7303.4400000000005	0.0
90	input_spectra/bkgrnd-marine-broth.mzML	1778	0	214.91953531901	1	7342.799999999999	0.0
90	input_spectra/bkgrnd-marine-broth.mzML	1779	0	214.91953531901	1	7354.32	0.0
2	input_spectra/bkgrnd-marine-broth.mzML	1780	0	110.009817759196	1	7549.98	0.0
2	input_spectra/bkgrnd-marine-broth.mzML	1781	0	110.009817759196	1	7561.5	0.0
2	input_spectra/bkgrnd-marine-broth.mzML	1782	0	110.009817759196	1	7600.8	0.0
2	input_spectra/bkgrnd-marine-broth.mzML	1783	0	110.009817759196	1	7612.259999999999	0.0
2	input_spectra/bkgrnd-marine-broth.mzML	1784	0	110.009817759196	1	7651.62	0.0
2	input_spectra/bkgrnd-marine-broth.mzML	1785	0	110.009817759196	1	7663.139999999999	0.0
50	input_spectra/bkgrnd-marine-broth.mzML	1786	0	146.166600545247	1	7702.5	0.0
50	input_spectra/bkgrnd-marine-broth.mzML	1787	0	146.166600545247	1	7713.96	0.0
18	input_spectra/bkgrnd-marine-broth.mzML	1788	0	125.987463378906	1	7725.42	0.0
18	input_spectra/bkgrnd-marine-broth.mzML	1789	0	125.987463378906	1	7736.88	0.0
54	input_spectra/bkgrnd-marine-broth.mzML	1790	0	151.036672973633	1	7748.4	0.0
54	input_spectra/bkgrnd-marine-broth.mzML	1791	0	151.036672973633	1	7759.86	0.0
50	input_spectra/bkgrnd-marine-broth.mzML	1792	0	146.166600545247	1	7799.219999999999	0.0
50	input_spectra/bkgrnd-marine-broth.mzML	1793	0	146.166600545247	1	7810.74	0.0
94	input_spectra/bkgrnd-marine-broth.mzML	1794	0	223.991306304932	1	7822.200000000001	0.0
94	input_spectra/bkgrnd-marine-broth.mzML	1795	0	223.991306304932	1	7833.720000000001	0.0
18	input_spectra/bkgrnd-marine-broth.mzML	1796	0	125.987463378906	1	7845.179999999999	0.0
18	input_spectra/bkgrnd-marine-broth.mzML	1797	0	125.987463378906	1	7856.639999999999	0.0
54	input_spectra/bkgrnd-marine-broth.mzML	1798	0	151.036672973633	1	7868.099999999999	0.0
54	input_spectra/bkgrnd-marine-broth.mzML	1799	0	151.036672973633	1	7879.62	0.0
50	input_spectra/bkgrnd-marine-broth.mzML	1800	0	146.166600545247	1	7918.9800000000005	0.0
50	input_spectra/bkgrnd-marine-broth.mzML	1801	0	146.166600545247	1	7930.4400000000005	0.0
6	input_spectra/bkgrnd-marine-broth.mzML	1802	0	118.087252298991	1	8847.6	0.0
6	input_spectra/bkgrnd-marine-broth.mzML	1803	0	118.087252298991	1	8859.060000000001	0.0
6	input_spectra/bkgrnd-marine-broth.mzML	1804	0	118.087252298991	1	8898.42	0.0
6	input_spectra/bkgrnd-marine-broth.mzML	1805	0	118.087252298991	1	8909.94	0.0
6	input_spectra/bkgrnd-marine-broth.mzML	1806	0	118.087252298991	1	8949.24	0.0
6	input_spectra/bkgrnd-marine-broth.mzML	1807	0	118.087252298991	1	8960.76	0.0
28	input_spectra/bkgrnd-marine-broth.mzML	1808	0	130.098500569661	1	9000.12	0.0
28	input_spectra/bkgrnd-marine-broth.mzML	1809	0	130.098500569661	1	9011.58	0.0
28	input_spectra/bkgrnd-marine-broth.mzML	1810	0	130.098500569661	1	9050.939999999999	0.0
28	input_spectra/bkgrnd-marine-broth.mzML	1811	0	130.098500569661	1	9062.4	0.0
28	input_spectra/bkgrnd-marine-broth.mzML	1812	0	130.098500569661	1	9101.76	0.0
28	input_spectra/bkgrnd-marine-broth.mzML	1813	0	130.098500569661	1	9113.22	0.0
58	input_spectra/bkgrnd-marine-broth.mzML	1814	0	158.093879699707	1	9645.599999999999	0.0
58	input_spectra/bkgrnd-marine-broth.mzML	1815	0	158.093879699707	1	9657.06	0.0
58	input_spectra/bkgrnd-marine-broth.mzML	1816	0	158.093879699707	1	9696.48	0.0
58	input_spectra/bkgrnd-marine-broth.mzML	1817	0	158.093879699707	1	9707.94	0.0
58	input_spectra/bkgrnd-marine-broth.mzML	1818	0	158.093879699707	1	9747.359999999999	0.0
58	input_spectra/bkgrnd-marine-broth.mzML	1819	0	158.093879699707	1	9758.82	0.0
53	input_spectra/bkgrnd-marine-broth.mzML	1820	0	150.059661865234	1	9770.279999999999	0.0
53	input_spectra/bkgrnd-marine-broth.mzML	1821	0	150.059661865234	1	9821.16	0.0
53	input_spectra/bkgrnd-marine-broth.mzML	1822	0	150.059661865234	1	9832.62	0.0
53	input_spectra/bkgrnd-marine-broth.mzML	1823	0	150.059661865234	1	9872.039999999999	0.0
53	input_spectra/bkgrnd-marine-broth.mzML	1824	0	150.059661865234	1	9883.5	0.0
26	input_spectra/bkgrnd-marine-broth.mzML	1825	0	130.05116780599	1	9982.980000000001	0.0
6	input_spectra/bkgrnd-marine-broth.mzML	1826	0	118.087252298991	1	10033.8	0.0
6	input_spectra/bkgrnd-marine-broth.mzML	1827	0	118.087252298991	1	10045.26	0.0
26	input_spectra/bkgrnd-marine-broth.mzML	1828	0	130.05116780599	1	10056.72	0.0
27	input_spectra/bkgrnd-marine-broth.mzML	1829	0	130.05116780599	1	10068.18	0.0
6	input_spectra/bkgrnd-marine-broth.mzML	1830	0	118.087252298991	1	10107.54	0.0
6	input_spectra/bkgrnd-marine-broth.mzML	1831	0	118.087252298991	1	10119.0	0.0
26	input_spectra/bkgrnd-marine-broth.mzML	1832	0	130.05116780599	1	10130.460000000001	0.0
27	input_spectra/bkgrnd-marine-broth.mzML	1833	0	130.05116780599	1	10141.92	0.0
6	input_spectra/bkgrnd-marine-broth.mzML	1834	0	118.087252298991	1	10181.279999999999	0.0
6	input_spectra/bkgrnd-marine-broth.mzML	1835	0	118.087252298991	1	10192.74	0.0
37	input_spectra/bkgrnd-marine-broth.mzML	1836	0	132.103280318411	1	10424.519999999999	0.0
38	input_spectra/bkgrnd-marine-broth.mzML	1837	0	132.103280318411	1	10435.98	0.0
36	input_spectra/bkgrnd-marine-broth.mzML	1838	0	132.103280318411	1	10475.34	0.0
38	input_spectra/bkgrnd-marine-broth.mzML	1839	0	132.103280318411	1	10486.86	0.0
36	input_spectra/bkgrnd-marine-broth.mzML	1840	0	132.103280318411	1	10526.220000000001	0.0
38	input_spectra/bkgrnd-marine-broth.mzML	1841	0	132.103280318411	1	10537.679999999998	0.0
58	input_spectra/bkgrnd-marine-broth.mzML	1842	0	158.093879699707	1	10781.460000000001	0.0
58	input_spectra/bkgrnd-marine-broth.mzML	1843	0	158.093879699707	1	10792.92	0.0
58	input_spectra/bkgrnd-marine-broth.mzML	1844	0	158.093879699707	1	10832.34	0.0
58	input_spectra/bkgrnd-marine-broth.mzML	1845	0	158.093879699707	1	10843.8	0.0
58	input_spectra/bkgrnd-marine-broth.mzML	1846	0	158.093879699707	1	10883.16	0.0
58	input_spectra/bkgrnd-marine-broth.mzML	1847	0	158.093879699707	1	10894.619999999999	0.0
6	input_spectra/bkgrnd-marine-broth.mzML	1848	0	118.087252298991	1	11198.58	0.0
6	input_spectra/bkgrnd-marine-broth.mzML	1849	0	118.087252298991	1	11210.04	0.0
6	input_spectra/bkgrnd-marine-broth.mzML	1850	0	118.087252298991	1	11249.400000000001	0.0
6	input_spectra/bkgrnd-marine-broth.mzML	1851	0	118.087252298991	1	11260.86	0.0
23	input_spectra/bkgrnd-marine-broth.mzML	1852	0	130.05116780599	1	11272.320000000002	0.0
6	input_spectra/bkgrnd-marine-broth.mzML	1853	0	118.087252298991	1	11323.2	0.0
6	input_spectra/bkgrnd-marine-broth.mzML	1854	0	118.087252298991	1	11334.66	0.0
23	input_spectra/bkgrnd-marine-broth.mzML	1855	0	130.05116780599	1	11505.24	0.0
23	input_spectra/bkgrnd-marine-broth.mzML	1856	0	130.05116780599	1	11556.12	0.0
113	input_spectra/bkgrnd-marine-broth.mzML	1857	0	260.199279785156	1	11579.1	0.0
113	input_spectra/bkgrnd-marine-broth.mzML	1858	0	260.199279785156	1	11590.56	0.0
69	input_spectra/bkgrnd-marine-broth.mzML	1859	0	175.109786987305	1	11602.08	0.0
69	input_spectra/bkgrnd-marine-broth.mzML	1860	0	175.109786987305	1	11613.539999999999	0.0
34	input_spectra/bkgrnd-marine-broth.mzML	1861	0	132.107032775879	1	11675.939999999999	0.0
39	input_spectra/bkgrnd-marine-broth.mzML	1862	0	132.107032775879	1	11687.4	0.0
119	input_spectra/bkgrnd-marine-broth.mzML	1863	0	268.106628417969	1	11698.86	0.0
119	input_spectra/bkgrnd-marine-broth.mzML	1864	0	268.106628417969	1	11710.380000000001	0.0
69	input_spectra/bkgrnd-marine-broth.mzML	1865	0	175.109786987305	1	11721.84	0.0
69	input_spectra/bkgrnd-marine-broth.mzML	1866	0	175.109786987305	1	11733.36	0.0
42	input_spectra/bkgrnd-marine-broth.mzML	1867	0	137.04709370931	1	11744.820000000002	0.0
43	input_spectra/bkgrnd-marine-broth.mzML	1868	0	137.04709370931	1	11756.279999999999	0.0
34	input_spectra/bkgrnd-marine-broth.mzML	1869	0	132.109466552734	1	11830.26	0.0
119	input_spectra/bkgrnd-marine-broth.mzML	1870	0	268.106628417969	1	11841.78	0.0
119	input_spectra/bkgrnd-marine-broth.mzML	1871	0	268.106628417969	1	11853.24	0.0
44	input_spectra/bkgrnd-marine-broth.mzML	1872	0	137.04709370931	1	11922.300000000001	0.0
34	input_spectra/bkgrnd-marine-broth.mzML	1873	0	132.107032775879	1	11961.66	0.0
40	input_spectra/bkgrnd-marine-broth.mzML	1874	0	132.107032775879	1	11973.119999999999	0.0
110	input_spectra/bkgrnd-marine-broth.mzML	1875	0	254.163650512695	1	11996.1	0.0
119	input_spectra/bkgrnd-marine-broth.mzML	1876	0	268.106628417969	1	12007.62	0.0
119	input_spectra/bkgrnd-marine-broth.mzML	1877	0	268.106628417969	1	12019.08	0.0
56	input_spectra/bkgrnd-marine-broth.mzML	1878	0	155.082990010579	1	12030.599999999999	0.0
56	input_spectra/bkgrnd-marine-broth.mzML	1879	0	155.082990010579	1	12042.06	0.0
15	input_spectra/bkgrnd-marine-broth.mzML	1880	0	121.065930684408	1	12053.52	0.0
15	input_spectra/bkgrnd-marine-broth.mzML	1881	0	121.065930684408	1	12065.04	0.0
36	input_spectra/bkgrnd-marine-broth.mzML	1882	0	132.103280318411	1	12104.400000000001	0.0
36	input_spectra/bkgrnd-marine-broth.mzML	1883	0	132.103280318411	1	12115.86	0.0
15	input_spectra/bkgrnd-marine-broth.mzML	1884	0	121.065930684408	1	12127.320000000002	0.0
15	input_spectra/bkgrnd-marine-broth.mzML	1885	0	121.065930684408	1	12138.779999999999	0.0
56	input_spectra/bkgrnd-marine-broth.mzML	1886	0	155.082990010579	1	12150.24	0.0
56	input_spectra/bkgrnd-marine-broth.mzML	1887	0	155.082990010579	1	12161.76	0.0
91	input_spectra/bkgrnd-marine-broth.mzML	1888	0	215.141209920247	1	12173.22	0.0
91	input_spectra/bkgrnd-marine-broth.mzML	1889	0	215.141209920247	1	12184.74	0.0
70	input_spectra/bkgrnd-marine-broth.mzML	1890	0	182.083048502604	1	12196.2	0.0
71	input_spectra/bkgrnd-marine-broth.mzML	1891	0	182.083048502604	1	12207.66	0.0
36	input_spectra/bkgrnd-marine-broth.mzML	1892	0	132.103280318411	1	12247.019999999999	0.0
56	input_spectra/bkgrnd-marine-broth.mzML	1893	0	155.082990010579	1	12270.0	0.0
56	input_spectra/bkgrnd-marine-broth.mzML	1894	0	155.082990010579	1	12281.460000000001	0.0
70	input_spectra/bkgrnd-marine-broth.mzML	1895	0	182.083048502604	1	12292.980000000001	0.0
71	input_spectra/bkgrnd-marine-broth.mzML	1896	0	182.083048502604	1	12304.44	0.0
15	input_spectra/bkgrnd-marine-broth.mzML	1897	0	121.065930684408	1	12315.9	0.0
15	input_spectra/bkgrnd-marine-broth.mzML	1898	0	121.065930684408	1	12327.359999999999	0.0
91	input_spectra/bkgrnd-marine-broth.mzML	1899	0	215.141209920247	1	12338.88	0.0
91	input_spectra/bkgrnd-marine-broth.mzML	1900	0	215.141209920247	1	12350.34	0.0
71	input_spectra/bkgrnd-marine-broth.mzML	1901	0	182.083048502604	1	12401.220000000001	0.0
36	input_spectra/bkgrnd-marine-broth.mzML	1902	0	132.103280318411	1	12412.679999999998	0.0
37	input_spectra/bkgrnd-marine-broth.mzML	1903	0	132.103280318411	1	12424.199999999999	0.0
41	input_spectra/bkgrnd-marine-broth.mzML	1904	0	136.077031453451	1	12435.66	0.0
41	input_spectra/bkgrnd-marine-broth.mzML	1905	0	136.077031453451	1	12447.119999999999	0.0
61	input_spectra/bkgrnd-marine-broth.mzML	1906	0	165.056243896484	1	12458.64	0.0
62	input_spectra/bkgrnd-marine-broth.mzML	1907	0	165.056243896484	1	12470.1	0.0
91	input_spectra/bkgrnd-marine-broth.mzML	1908	0	215.141209920247	1	12481.560000000001	0.0
91	input_spectra/bkgrnd-marine-broth.mzML	1909	0	215.141209920247	1	12493.08	0.0
36	input_spectra/bkgrnd-marine-broth.mzML	1910	0	132.103280318411	1	12532.44	0.0
37	input_spectra/bkgrnd-marine-broth.mzML	1911	0	132.103280318411	1	12543.9	0.0
41	input_spectra/bkgrnd-marine-broth.mzML	1912	0	136.077031453451	1	12555.42	0.0
41	input_spectra/bkgrnd-marine-broth.mzML	1913	0	136.077031453451	1	12566.880000000001	0.0
61	input_spectra/bkgrnd-marine-broth.mzML	1914	0	165.056243896484	1	12578.34	0.0
62	input_spectra/bkgrnd-marine-broth.mzML	1915	0	165.056243896484	1	12589.859999999999	0.0
17	input_spectra/bkgrnd-marine-broth.mzML	1916	0	123.045349121094	1	12612.779999999999	0.0
62	input_spectra/bkgrnd-marine-broth.mzML	1917	0	165.056243896484	1	12663.66	0.0
41	input_spectra/bkgrnd-marine-broth.mzML	1918	0	136.077031453451	1	12675.12	0.0
104	input_spectra/bkgrnd-marine-broth.mzML	1919	0	237.088798522949	1	12698.099999999999	0.0
105	input_spectra/bkgrnd-marine-broth.mzML	1920	0	237.088798522949	1	12709.56	0.0
17	input_spectra/bkgrnd-marine-broth.mzML	1921	0	123.045349121094	1	12732.54	0.0
42	input_spectra/bkgrnd-marine-broth.mzML	1922	0	137.04709370931	1	12771.900000000001	0.0
43	input_spectra/bkgrnd-marine-broth.mzML	1923	0	137.04709370931	1	12783.36	0.0
104	input_spectra/bkgrnd-marine-broth.mzML	1924	0	237.088798522949	1	12794.88	0.0
105	input_spectra/bkgrnd-marine-broth.mzML	1925	0	237.088798522949	1	12806.34	0.0
55	input_spectra/bkgrnd-marine-broth.mzML	1926	0	152.058049519857	1	13016.82	0.0
55	input_spectra/bkgrnd-marine-broth.mzML	1927	0	152.058049519857	1	13028.28	0.0
55	input_spectra/bkgrnd-marine-broth.mzML	1928	0	152.058049519857	1	13067.640000000001	0.0
55	input_spectra/bkgrnd-marine-broth.mzML	1929	0	152.058049519857	1	13079.16	0.0
126	input_spectra/bkgrnd-marine-broth.mzML	1930	0	284.101715087891	1	13090.619999999999	0.0
127	input_spectra/bkgrnd-marine-broth.mzML	1931	0	284.101715087891	1	13102.14	0.0
55	input_spectra/bkgrnd-marine-broth.mzML	1932	0	152.058049519857	1	13141.5	0.0
55	input_spectra/bkgrnd-marine-broth.mzML	1933	0	152.058049519857	1	13152.960000000001	0.0
126	input_spectra/bkgrnd-marine-broth.mzML	1934	0	284.101715087891	1	13164.48	0.0
127	input_spectra/bkgrnd-marine-broth.mzML	1935	0	284.101715087891	1	13175.939999999999	0.0
126	input_spectra/bkgrnd-marine-broth.mzML	1936	0	284.101715087891	1	13215.3	0.0
127	input_spectra/bkgrnd-marine-broth.mzML	1937	0	284.101715087891	1	13226.82	0.0
56	input_spectra/bkgrnd-marine-broth.mzML	1938	0	155.082990010579	1	13238.28	0.0
56	input_spectra/bkgrnd-marine-broth.mzML	1939	0	155.082990010579	1	13249.800000000001	0.0
56	input_spectra/bkgrnd-marine-broth.mzML	1940	0	155.082990010579	1	13289.1	0.0
56	input_spectra/bkgrnd-marine-broth.mzML	1941	0	155.082990010579	1	13300.619999999999	0.0
56	input_spectra/bkgrnd-marine-broth.mzML	1942	0	155.082990010579	1	13339.98	0.0
56	input_spectra/bkgrnd-marine-broth.mzML	1943	0	155.082990010579	1	13351.44	0.0
36	input_spectra/bkgrnd-marine-broth.mzML	1944	0	132.103280318411	1	13487.039999999999	0.0
37	input_spectra/bkgrnd-marine-broth.mzML	1945	0	132.103280318411	1	13498.5	0.0
36	input_spectra/bkgrnd-marine-broth.mzML	1946	0	132.103280318411	1	13537.8	0.0
37	input_spectra/bkgrnd-marine-broth.mzML	1947	0	132.103280318411	1	13549.26	0.0
36	input_spectra/bkgrnd-marine-broth.mzML	1948	0	132.103280318411	1	13588.68	0.0
37	input_spectra/bkgrnd-marine-broth.mzML	1949	0	132.103280318411	1	13600.140000000001	0.0
92	input_spectra/bkgrnd-marine-broth.mzML	1950	0	217.156880696615	1	14240.76	0.0
92	input_spectra/bkgrnd-marine-broth.mzML	1951	0	217.156880696615	1	14252.220000000001	0.0
92	input_spectra/bkgrnd-marine-broth.mzML	1952	0	217.156880696615	1	14291.64	0.0
92	input_spectra/bkgrnd-marine-broth.mzML	1953	0	217.156880696615	1	14303.099999999999	0.0
92	input_spectra/bkgrnd-marine-broth.mzML	1954	0	217.156880696615	1	14342.46	0.0
92	input_spectra/bkgrnd-marine-broth.mzML	1955	0	217.156880696615	1	14353.98	0.0
37	input_spectra/bkgrnd-marine-broth.mzML	1956	0	132.103280318411	1	14657.880000000001	0.0
37	input_spectra/bkgrnd-marine-broth.mzML	1957	0	132.103280318411	1	14669.34	0.0
37	input_spectra/bkgrnd-marine-broth.mzML	1958	0	132.103280318411	1	14708.7	0.0
37	input_spectra/bkgrnd-marine-broth.mzML	1959	0	132.103280318411	1	14720.16	0.0
37	input_spectra/bkgrnd-marine-broth.mzML	1960	0	132.103280318411	1	14759.58	0.0
37	input_spectra/bkgrnd-marine-broth.mzML	1961	0	132.103280318411	1	14771.039999999999	0.0
47	input_spectra/bkgrnd-marine-broth.mzML	1962	0	141.95991734096	1	14810.4	0.0
47	input_spectra/bkgrnd-marine-broth.mzML	1963	0	141.95991734096	1	14821.92	0.0
88	input_spectra/bkgrnd-marine-broth.mzML	1964	0	211.109888712565	1	14909.400000000001	0.0
88	input_spectra/bkgrnd-marine-broth.mzML	1965	0	211.109888712565	1	14972.28	0.0
88	input_spectra/bkgrnd-marine-broth.mzML	1966	0	211.109888712565	1	14983.740000000002	0.0
88	input_spectra/bkgrnd-marine-broth.mzML	1967	0	211.109888712565	1	15023.099999999999	0.0
88	input_spectra/bkgrnd-marine-broth.mzML	1968	0	211.109888712565	1	15034.619999999999	0.0
47	input_spectra/bkgrnd-marine-broth.mzML	1969	0	141.95991734096	1	15158.099999999999	0.0
47	input_spectra/bkgrnd-marine-broth.mzML	1970	0	141.95991734096	1	15169.619999999999	0.0
160	input_spectra/bkgrnd-marine-broth.mzML	1971	0	359.196111043294	1	15245.04	0.0
160	input_spectra/bkgrnd-marine-broth.mzML	1972	0	359.196111043294	1	15256.560000000001	0.0
160	input_spectra/bkgrnd-marine-broth.mzML	1973	0	359.196111043294	1	15392.100000000002	0.0
160	input_spectra/bkgrnd-marine-broth.mzML	1974	0	359.196111043294	1	15403.619999999999	0.0
160	input_spectra/bkgrnd-marine-broth.mzML	1975	0	359.196111043294	1	15442.98	0.0
160	input_spectra/bkgrnd-marine-broth.mzML	1976	0	359.196111043294	1	15454.44	0.0
32	input_spectra/bkgrnd-marine-broth.mzML	1977	0	131.930934906006	1	15493.800000000001	0.0
32	input_spectra/bkgrnd-marine-broth.mzML	1978	0	131.930934906006	1	15505.320000000002	0.0
47	input_spectra/bkgrnd-marine-broth.mzML	1979	0	141.95991734096	1	15556.68	0.0
47	input_spectra/bkgrnd-marine-broth.mzML	1980	0	141.95991734096	1	15568.14	0.0
32	input_spectra/bkgrnd-marine-broth.mzML	1981	0	131.930934906006	1	15703.74	0.0
32	input_spectra/bkgrnd-marine-broth.mzML	1982	0	131.930934906006	1	15715.2	0.0
32	input_spectra/bkgrnd-marine-broth.mzML	1983	0	131.930934906006	1	15778.619999999999	0.0
32	input_spectra/bkgrnd-marine-broth.mzML	1984	0	131.930934906006	1	15790.08	0.0
37	input_spectra/bkgrnd-marine-broth.mzML	1985	0	132.103280318411	1	15829.38	0.0
37	input_spectra/bkgrnd-marine-broth.mzML	1986	0	132.103280318411	1	15840.9	0.0
37	input_spectra/bkgrnd-marine-broth.mzML	1987	0	132.103280318411	1	15880.26	0.0
37	input_spectra/bkgrnd-marine-broth.mzML	1988	0	132.103280318411	1	15891.720000000001	0.0
37	input_spectra/bkgrnd-marine-broth.mzML	1989	0	132.103280318411	1	15943.14	0.0
37	input_spectra/bkgrnd-marine-broth.mzML	1990	0	132.103280318411	1	15954.600000000002	0.0
79	input_spectra/bkgrnd-marine-broth.mzML	1991	0	189.088806152344	1	16030.08	0.0
80	input_spectra/bkgrnd-marine-broth.mzML	1992	0	189.088806152344	1	16041.539999999999	0.0
79	input_spectra/bkgrnd-marine-broth.mzML	1993	0	189.088806152344	1	16080.9	0.0
80	input_spectra/bkgrnd-marine-broth.mzML	1994	0	189.088806152344	1	16092.36	0.0
79	input_spectra/bkgrnd-marine-broth.mzML	1995	0	189.088806152344	1	16131.720000000001	0.0
63	input_spectra/bkgrnd-marine-broth.mzML	1996	0	166.088059743245	1	16350.9	0.0
65	input_spectra/bkgrnd-marine-broth.mzML	1997	0	166.088059743245	1	16362.42	0.0
63	input_spectra/bkgrnd-marine-broth.mzML	1998	0	166.088059743245	1	16401.72	0.0
65	input_spectra/bkgrnd-marine-broth.mzML	1999	0	166.088059743245	1	16413.239999999998	0.0
9	input_spectra/bkgrnd-marine-broth.mzML	2000	0	120.082079569499	1	16424.7	0.0
12	input_spectra/bkgrnd-marine-broth.mzML	2001	0	120.082079569499	1	16436.16	0.0
63	input_spectra/bkgrnd-marine-broth.mzML	2002	0	166.088059743245	1	16475.52	0.0
65	input_spectra/bkgrnd-marine-broth.mzML	2003	0	166.088059743245	1	16486.98	0.0
9	input_spectra/bkgrnd-marine-broth.mzML	2004	0	120.082079569499	1	16498.44	0.0
12	input_spectra/bkgrnd-marine-broth.mzML	2005	0	120.082079569499	1	16509.96	0.0
81	input_spectra/bkgrnd-marine-broth.mzML	2006	0	189.125183105469	1	16521.420000000002	0.0
81	input_spectra/bkgrnd-marine-broth.mzML	2007	0	189.125183105469	1	16532.88	0.0
9	input_spectra/bkgrnd-marine-broth.mzML	2008	0	120.082079569499	1	16572.24	0.0
12	input_spectra/bkgrnd-marine-broth.mzML	2009	0	120.082079569499	1	16583.699999999997	0.0
160	input_spectra/bkgrnd-marine-broth.mzML	2010	0	359.196111043294	1	16595.280000000002	0.0
160	input_spectra/bkgrnd-marine-broth.mzML	2011	0	359.196111043294	1	16606.739999999998	0.0
81	input_spectra/bkgrnd-marine-broth.mzML	2012	0	189.125183105469	1	16618.260000000002	0.0
81	input_spectra/bkgrnd-marine-broth.mzML	2013	0	189.125183105469	1	16629.719999999998	0.0
30	input_spectra/bkgrnd-marine-broth.mzML	2014	0	131.05034383138	1	16641.18	0.0
31	input_spectra/bkgrnd-marine-broth.mzML	2015	0	131.05034383138	1	16652.64	0.0
64	input_spectra/bkgrnd-marine-broth.mzML	2016	0	166.093887329102	1	16692.06	0.0
66	input_spectra/bkgrnd-marine-broth.mzML	2017	0	166.093887329102	1	16703.52	0.0
11	input_spectra/bkgrnd-marine-broth.mzML	2018	0	120.084854125977	1	16714.980000000003	0.0
14	input_spectra/bkgrnd-marine-broth.mzML	2019	0	120.084854125977	1	16726.44	0.0
81	input_spectra/bkgrnd-marine-broth.mzML	2020	0	189.125183105469	1	16737.96	0.0
81	input_spectra/bkgrnd-marine-broth.mzML	2021	0	189.125183105469	1	16749.42	0.0
160	input_spectra/bkgrnd-marine-broth.mzML	2022	0	359.196111043294	1	16760.94	0.0
160	input_spectra/bkgrnd-marine-broth.mzML	2023	0	359.196111043294	1	16772.46	0.0
30	input_spectra/bkgrnd-marine-broth.mzML	2024	0	131.05034383138	1	16783.920000000002	0.0
31	input_spectra/bkgrnd-marine-broth.mzML	2025	0	131.05034383138	1	16795.38	0.0
10	input_spectra/bkgrnd-marine-broth.mzML	2026	0	120.086292266846	1	16834.8	0.0
13	input_spectra/bkgrnd-marine-broth.mzML	2027	0	120.086292266846	1	16846.260000000002	0.0
160	input_spectra/bkgrnd-marine-broth.mzML	2028	0	359.196111043294	1	16857.780000000002	0.0
160	input_spectra/bkgrnd-marine-broth.mzML	2029	0	359.196111043294	1	16869.239999999998	0.0
30	input_spectra/bkgrnd-marine-broth.mzML	2030	0	131.05034383138	1	16880.760000000002	0.0
31	input_spectra/bkgrnd-marine-broth.mzML	2031	0	131.05034383138	1	16892.219999999998	0.0
51	input_spectra/bkgrnd-marine-broth.mzML	2032	0	149.061024983724	1	16903.68	0.0
52	input_spectra/bkgrnd-marine-broth.mzML	2033	0	149.061024983724	1	16915.2	0.0
10	input_spectra/bkgrnd-marine-broth.mzML	2034	0	120.086292266846	1	16977.54	0.0
13	input_spectra/bkgrnd-marine-broth.mzML	2035	0	120.086292266846	1	16989.0	0.0
51	input_spectra/bkgrnd-marine-broth.mzML	2036	0	149.061024983724	1	17000.46	0.0
52	input_spectra/bkgrnd-marine-broth.mzML	2037	0	149.061024983724	1	17011.92	0.0
51	input_spectra/bkgrnd-marine-broth.mzML	2038	0	149.061024983724	1	17051.34	0.0
52	input_spectra/bkgrnd-marine-broth.mzML	2039	0	149.061024983724	1	17062.8	0.0
64	input_spectra/bkgrnd-marine-broth.mzML	2040	0	166.093887329102	1	17102.16	0.0
66	input_spectra/bkgrnd-marine-broth.mzML	2041	0	166.093887329102	1	17113.68	0.0
150	input_spectra/bkgrnd-marine-broth.mzML	2042	0	331.200653076172	1	17125.14	0.0
150	input_spectra/bkgrnd-marine-broth.mzML	2043	0	331.200653076172	1	17136.66	0.0
64	input_spectra/bkgrnd-marine-broth.mzML	2044	0	166.093887329102	1	17176.02	0.0
66	input_spectra/bkgrnd-marine-broth.mzML	2045	0	166.093887329102	1	17187.480000000003	0.0
150	input_spectra/bkgrnd-marine-broth.mzML	2046	0	331.200653076172	1	17199.0	0.0
150	input_spectra/bkgrnd-marine-broth.mzML	2047	0	331.200653076172	1	17210.52	0.0
150	input_spectra/bkgrnd-marine-broth.mzML	2048	0	331.200653076172	1	17249.88	0.0
150	input_spectra/bkgrnd-marine-broth.mzML	2049	0	331.200653076172	1	17261.34	0.0
47	input_spectra/bkgrnd-marine-broth.mzML	2050	0	141.95991734096	1	17272.859999999997	0.0
47	input_spectra/bkgrnd-marine-broth.mzML	2051	0	141.95991734096	1	17284.32	0.0
47	input_spectra/bkgrnd-marine-broth.mzML	2052	0	141.95991734096	1	17323.68	0.0
47	input_spectra/bkgrnd-marine-broth.mzML	2053	0	141.95991734096	1	17335.2	0.0
47	input_spectra/bkgrnd-marine-broth.mzML	2054	0	141.95991734096	1	17374.56	0.0
47	input_spectra/bkgrnd-marine-broth.mzML	2055	0	141.95991734096	1	17386.02	0.0
63	input_spectra/bkgrnd-marine-broth.mzML	2056	0	166.088059743245	1	17497.559999999998	0.0
65	input_spectra/bkgrnd-marine-broth.mzML	2057	0	166.088059743245	1	17509.02	0.0
63	input_spectra/bkgrnd-marine-broth.mzML	2058	0	166.088059743245	1	17548.38	0.0
65	input_spectra/bkgrnd-marine-broth.mzML	2059	0	166.088059743245	1	17559.84	0.0
63	input_spectra/bkgrnd-marine-broth.mzML	2060	0	166.088059743245	1	17599.2	0.0
65	input_spectra/bkgrnd-marine-broth.mzML	2061	0	166.088059743245	1	17610.72	0.0
9	input_spectra/bkgrnd-marine-broth.mzML	2062	0	120.082079569499	1	17622.18	0.0
12	input_spectra/bkgrnd-marine-broth.mzML	2063	0	120.082079569499	1	17633.64	0.0
9	input_spectra/bkgrnd-marine-broth.mzML	2064	0	120.082079569499	1	17673.0	0.0
12	input_spectra/bkgrnd-marine-broth.mzML	2065	0	120.082079569499	1	17684.52	0.0
9	input_spectra/bkgrnd-marine-broth.mzML	2066	0	120.082079569499	1	17723.82	0.0
12	input_spectra/bkgrnd-marine-broth.mzML	2067	0	120.082079569499	1	17735.34	0.0
59	input_spectra/bkgrnd-marine-broth.mzML	2068	0	158.962689717611	1	17822.76	0.0
59	input_spectra/bkgrnd-marine-broth.mzML	2069	0	158.962689717611	1	17834.22	0.0
59	input_spectra/bkgrnd-marine-broth.mzML	2070	0	158.962689717611	1	18234.36	0.0
59	input_spectra/bkgrnd-marine-broth.mzML	2071	0	158.962689717611	1	18245.82	0.0
59	input_spectra/bkgrnd-marine-broth.mzML	2072	0	158.962689717611	1	18297.24	0.0
59	input_spectra/bkgrnd-marine-broth.mzML	2073	0	158.962689717611	1	18308.699999999997	0.0
32	input_spectra/bkgrnd-marine-broth.mzML	2074	0	131.930934906006	1	18396.18	0.0
32	input_spectra/bkgrnd-marine-broth.mzML	2075	0	131.930934906006	1	18407.64	0.0
47	input_spectra/bkgrnd-marine-broth.mzML	2076	0	141.95991734096	1	18447.0	0.0
47	input_spectra/bkgrnd-marine-broth.mzML	2077	0	141.95991734096	1	18458.460000000003	0.0
47	input_spectra/bkgrnd-marine-broth.mzML	2078	0	141.95991734096	1	18497.88	0.0
47	input_spectra/bkgrnd-marine-broth.mzML	2079	0	141.95991734096	1	18509.34	0.0
47	input_spectra/bkgrnd-marine-broth.mzML	2080	0	141.95991734096	1	18548.699999999997	0.0
47	input_spectra/bkgrnd-marine-broth.mzML	2081	0	141.95991734096	1	18560.16	0.0
81	input_spectra/bkgrnd-marine-broth.mzML	2082	0	189.125183105469	1	18599.579999999998	0.0
63	input_spectra/bkgrnd-marine-broth.mzML	2083	0	166.088059743245	1	18650.399999999998	0.0
65	input_spectra/bkgrnd-marine-broth.mzML	2084	0	166.088059743245	1	18661.92	0.0
81	input_spectra/bkgrnd-marine-broth.mzML	2085	0	189.125183105469	1	18673.38	0.0
81	input_spectra/bkgrnd-marine-broth.mzML	2086	0	189.125183105469	1	18684.84	0.0
63	input_spectra/bkgrnd-marine-broth.mzML	2087	0	166.088059743245	1	18724.2	0.0
65	input_spectra/bkgrnd-marine-broth.mzML	2088	0	166.088059743245	1	18735.72	0.0
81	input_spectra/bkgrnd-marine-broth.mzML	2089	0	189.125183105469	1	18747.18	0.0
81	input_spectra/bkgrnd-marine-broth.mzML	2090	0	189.125183105469	1	18758.64	0.0
63	input_spectra/bkgrnd-marine-broth.mzML	2091	0	166.088059743245	1	18798.0	0.0
65	input_spectra/bkgrnd-marine-broth.mzML	2092	0	166.088059743245	1	18809.46	0.0
9	input_spectra/bkgrnd-marine-broth.mzML	2093	0	120.082079569499	1	18820.920000000002	0.0
12	input_spectra/bkgrnd-marine-broth.mzML	2094	0	120.082079569499	1	18832.440000000002	0.0
9	input_spectra/bkgrnd-marine-broth.mzML	2095	0	120.082079569499	1	18871.739999999998	0.0
12	input_spectra/bkgrnd-marine-broth.mzML	2096	0	120.082079569499	1	18883.2	0.0
37	input_spectra/bkgrnd-marine-broth.mzML	2097	0	132.103280318411	1	18894.719999999998	0.0
37	input_spectra/bkgrnd-marine-broth.mzML	2098	0	132.103280318411	1	18906.18	0.0
9	input_spectra/bkgrnd-marine-broth.mzML	2099	0	120.082079569499	1	18945.54	0.0
12	input_spectra/bkgrnd-marine-broth.mzML	2100	0	120.082079569499	1	18957.0	0.0
37	input_spectra/bkgrnd-marine-broth.mzML	2101	0	132.103280318411	1	18968.460000000003	0.0
37	input_spectra/bkgrnd-marine-broth.mzML	2102	0	132.103280318411	1	18979.980000000003	0.0
37	input_spectra/bkgrnd-marine-broth.mzML	2103	0	132.103280318411	1	19019.34	0.0
37	input_spectra/bkgrnd-marine-broth.mzML	2104	0	132.103280318411	1	19030.8	0.0
59	input_spectra/bkgrnd-marine-broth.mzML	2105	0	158.962689717611	1	19467.0	0.0
59	input_spectra/bkgrnd-marine-broth.mzML	2106	0	158.962689717611	1	19478.460000000003	0.0
59	input_spectra/bkgrnd-marine-broth.mzML	2107	0	158.962689717611	1	19541.879999999997	0.0
59	input_spectra/bkgrnd-marine-broth.mzML	2108	0	158.962689717611	1	19553.34	0.0
47	input_spectra/bkgrnd-marine-broth.mzML	2109	0	141.95991734096	1	19604.7	0.0
47	input_spectra/bkgrnd-marine-broth.mzML	2110	0	141.95991734096	1	19616.22	0.0
47	input_spectra/bkgrnd-marine-broth.mzML	2111	0	141.95991734096	1	19655.58	0.0
47	input_spectra/bkgrnd-marine-broth.mzML	2112	0	141.95991734096	1	19667.04	0.0
47	input_spectra/bkgrnd-marine-broth.mzML	2113	0	141.95991734096	1	19706.4	0.0
47	input_spectra/bkgrnd-marine-broth.mzML	2114	0	141.95991734096	1	19717.859999999997	0.0
98	input_spectra/bkgrnd-marine-broth.mzML	2115	0	229.157028198242	1	19769.28	0.0
98	input_spectra/bkgrnd-marine-broth.mzML	2116	0	229.157028198242	1	19780.739999999998	0.0
63	input_spectra/bkgrnd-marine-broth.mzML	2117	0	166.088059743245	1	19820.1	0.0
65	input_spectra/bkgrnd-marine-broth.mzML	2118	0	166.088059743245	1	19831.62	0.0
98	input_spectra/bkgrnd-marine-broth.mzML	2119	0	229.157028198242	1	19843.08	0.0
98	input_spectra/bkgrnd-marine-broth.mzML	2120	0	229.157028198242	1	19854.600000000002	0.0
98	input_spectra/bkgrnd-marine-broth.mzML	2121	0	229.157028198242	1	19893.96	0.0
98	input_spectra/bkgrnd-marine-broth.mzML	2122	0	229.157028198242	1	19905.420000000002	0.0
63	input_spectra/bkgrnd-marine-broth.mzML	2123	0	166.088059743245	1	19916.940000000002	0.0
65	input_spectra/bkgrnd-marine-broth.mzML	2124	0	166.088059743245	1	19928.399999999998	0.0
63	input_spectra/bkgrnd-marine-broth.mzML	2125	0	166.088059743245	1	19967.76	0.0
65	input_spectra/bkgrnd-marine-broth.mzML	2126	0	166.088059743245	1	19979.28	0.0
9	input_spectra/bkgrnd-marine-broth.mzML	2127	0	120.082079569499	1	19990.739999999998	0.0
12	input_spectra/bkgrnd-marine-broth.mzML	2128	0	120.082079569499	1	20002.2	0.0
9	input_spectra/bkgrnd-marine-broth.mzML	2129	0	120.082079569499	1	20053.56	0.0
12	input_spectra/bkgrnd-marine-broth.mzML	2130	0	120.082079569499	1	20065.019999999997	0.0
59	input_spectra/bkgrnd-marine-broth.mzML	2131	0	158.962689717611	1	20104.379999999997	0.0
59	input_spectra/bkgrnd-marine-broth.mzML	2132	0	158.962689717611	1	20115.84	0.0
9	input_spectra/bkgrnd-marine-broth.mzML	2133	0	120.082079569499	1	20127.3	0.0
12	input_spectra/bkgrnd-marine-broth.mzML	2134	0	120.082079569499	1	20138.760000000002	0.0
47	input_spectra/bkgrnd-marine-broth.mzML	2135	0	141.95991734096	1	20743.260000000002	0.0
47	input_spectra/bkgrnd-marine-broth.mzML	2136	0	141.95991734096	1	20754.719999999998	0.0
47	input_spectra/bkgrnd-marine-broth.mzML	2137	0	141.95991734096	1	20794.079999999998	0.0
47	input_spectra/bkgrnd-marine-broth.mzML	2138	0	141.95991734096	1	20805.6	0.0
47	input_spectra/bkgrnd-marine-broth.mzML	2139	0	141.95991734096	1	20844.96	0.0
47	input_spectra/bkgrnd-marine-broth.mzML	2140	0	141.95991734096	1	20856.420000000002	0.0
122	input_spectra/bkgrnd-marine-broth.mzML	2141	0	274.178975423177	1	21641.28	0.0
122	input_spectra/bkgrnd-marine-broth.mzML	2142	0	274.178975423177	1	21652.8	0.0
122	input_spectra/bkgrnd-marine-broth.mzML	2143	0	274.178975423177	1	21692.16	0.0
122	input_spectra/bkgrnd-marine-broth.mzML	2144	0	274.178975423177	1	21703.62	0.0
122	input_spectra/bkgrnd-marine-broth.mzML	2145	0	274.178975423177	1	21743.04	0.0
122	input_spectra/bkgrnd-marine-broth.mzML	2146	0	274.178975423177	1	21754.5	0.0
47	input_spectra/bkgrnd-marine-broth.mzML	2147	0	141.95991734096	1	21918.54	0.0
47	input_spectra/bkgrnd-marine-broth.mzML	2148	0	141.95991734096	1	21930.0	0.0
100	input_spectra/bkgrnd-marine-broth.mzML	2149	0	231.172617594401	1	21941.52	0.0
100	input_spectra/bkgrnd-marine-broth.mzML	2150	0	231.172617594401	1	21992.34	0.0
47	input_spectra/bkgrnd-marine-broth.mzML	2151	0	141.95991734096	1	22015.32	0.0
47	input_spectra/bkgrnd-marine-broth.mzML	2152	0	141.95991734096	1	22026.78	0.0
100	input_spectra/bkgrnd-marine-broth.mzML	2153	0	231.172617594401	1	22066.079999999998	0.0
100	input_spectra/bkgrnd-marine-broth.mzML	2154	0	231.172617594401	1	22077.6	0.0
47	input_spectra/bkgrnd-marine-broth.mzML	2155	0	141.95991734096	1	22089.06	0.0
47	input_spectra/bkgrnd-marine-broth.mzML	2156	0	141.95991734096	1	22100.52	0.0
98	input_spectra/bkgrnd-marine-broth.mzML	2157	0	229.157028198242	1	22717.079999999998	0.0
98	input_spectra/bkgrnd-marine-broth.mzML	2158	0	229.157028198242	1	22728.54	0.0
98	input_spectra/bkgrnd-marine-broth.mzML	2159	0	229.157028198242	1	22767.899999999998	0.0
98	input_spectra/bkgrnd-marine-broth.mzML	2160	0	229.157028198242	1	22779.36	0.0
98	input_spectra/bkgrnd-marine-broth.mzML	2161	0	229.157028198242	1	22818.78	0.0
98	input_spectra/bkgrnd-marine-broth.mzML	2162	0	229.157028198242	1	22830.24	0.0
47	input_spectra/bkgrnd-marine-broth.mzML	2163	0	141.95991734096	1	23098.08	0.0
47	input_spectra/bkgrnd-marine-broth.mzML	2164	0	141.95991734096	1	23109.54	0.0
47	input_spectra/bkgrnd-marine-broth.mzML	2165	0	141.95991734096	1	23148.96	0.0
47	input_spectra/bkgrnd-marine-broth.mzML	2166	0	141.95991734096	1	23160.420000000002	0.0
47	input_spectra/bkgrnd-marine-broth.mzML	2167	0	141.95991734096	1	23199.78	0.0
47	input_spectra/bkgrnd-marine-broth.mzML	2168	0	141.95991734096	1	23211.239999999998	0.0
98	input_spectra/bkgrnd-marine-broth.mzML	2169	0	229.157028198242	1	23863.86	0.0
98	input_spectra/bkgrnd-marine-broth.mzML	2170	0	229.157028198242	1	23875.38	0.0
228	input_spectra/bkgrnd-marine-broth.mzML	2171	0	527.287231445313	1	23886.9	0.0
228	input_spectra/bkgrnd-marine-broth.mzML	2172	0	527.287231445313	1	23898.420000000002	0.0
98	input_spectra/bkgrnd-marine-broth.mzML	2173	0	229.157028198242	1	23937.780000000002	0.0
98	input_spectra/bkgrnd-marine-broth.mzML	2174	0	229.157028198242	1	23949.3	0.0
98	input_spectra/bkgrnd-marine-broth.mzML	2175	0	229.157028198242	1	23988.6	0.0
98	input_spectra/bkgrnd-marine-broth.mzML	2176	0	229.157028198242	1	24000.12	0.0
280	input_spectra/bkgrnd-marine-broth.mzML	2177	0	756.358744303385	1	24114.0	0.0
280	input_spectra/bkgrnd-marine-broth.mzML	2178	0	756.358744303385	1	24164.88	0.0
280	input_spectra/bkgrnd-marine-broth.mzML	2179	0	756.358744303385	1	24215.760000000002	0.0
262	input_spectra/bkgrnd-marine-broth.mzML	2180	0	618.330220540365	1	24250.44	0.0
263	input_spectra/bkgrnd-marine-broth.mzML	2181	0	618.330220540365	1	24261.96	0.0
281	input_spectra/bkgrnd-marine-broth.mzML	2182	0	783.443644205729	1	24273.48	0.0
282	input_spectra/bkgrnd-marine-broth.mzML	2183	0	783.443644205729	1	24285.059999999998	0.0
281	input_spectra/bkgrnd-marine-broth.mzML	2184	0	783.443644205729	1	24324.42	0.0
282	input_spectra/bkgrnd-marine-broth.mzML	2185	0	783.443644205729	1	24335.94	0.0
262	input_spectra/bkgrnd-marine-broth.mzML	2186	0	618.330220540365	1	24347.519999999997	0.0
263	input_spectra/bkgrnd-marine-broth.mzML	2187	0	618.330220540365	1	24359.039999999997	0.0
295	input_spectra/bkgrnd-marine-broth.mzML	2188	0	1105.584289550781	1	24370.620000000003	0.0
262	input_spectra/bkgrnd-marine-broth.mzML	2189	0	618.330220540365	1	24444.66	0.0
263	input_spectra/bkgrnd-marine-broth.mzML	2190	0	618.330220540365	1	24456.18	0.0
281	input_spectra/bkgrnd-marine-broth.mzML	2191	0	783.443644205729	1	24467.76	0.0
295	input_spectra/bkgrnd-marine-broth.mzML	2192	0	1105.584289550781	1	24490.86	0.0
250	input_spectra/bkgrnd-marine-broth.mzML	2193	0	584.30995686849	1	24622.68	0.0
211	input_spectra/bkgrnd-marine-broth.mzML	2194	0	488.240407307943	1	24685.2	0.0
211	input_spectra/bkgrnd-marine-broth.mzML	2195	0	488.240407307943	1	24696.72	0.0
211	input_spectra/bkgrnd-marine-broth.mzML	2196	0	488.240407307943	1	24828.54	0.0
211	input_spectra/bkgrnd-marine-broth.mzML	2197	0	488.240407307943	1	24840.059999999998	0.0
180	input_spectra/bkgrnd-marine-broth.mzML	2198	0	430.233734130859	1	24851.579999999998	0.0
180	input_spectra/bkgrnd-marine-broth.mzML	2199	0	430.233734130859	1	24863.04	0.0
211	input_spectra/bkgrnd-marine-broth.mzML	2200	0	488.240407307943	1	24925.44	0.0
211	input_spectra/bkgrnd-marine-broth.mzML	2201	0	488.240407307943	1	24936.96	0.0
180	input_spectra/bkgrnd-marine-broth.mzML	2202	0	430.233734130859	1	24948.48	0.0
180	input_spectra/bkgrnd-marine-broth.mzML	2203	0	430.233734130859	1	24959.940000000002	0.0
251	input_spectra/bkgrnd-marine-broth.mzML	2204	0	584.30995686849	1	24999.36	0.0
250	input_spectra/bkgrnd-marine-broth.mzML	2205	0	584.30995686849	1	25010.88	0.0
180	input_spectra/bkgrnd-marine-broth.mzML	2206	0	430.233734130859	1	25022.4	0.0
180	input_spectra/bkgrnd-marine-broth.mzML	2207	0	430.233734130859	1	25033.86	0.0
198	input_spectra/bkgrnd-marine-broth.mzML	2208	0	460.244934082031	1	25045.38	0.0
198	input_spectra/bkgrnd-marine-broth.mzML	2209	0	460.244934082031	1	25056.9	0.0
251	input_spectra/bkgrnd-marine-broth.mzML	2210	0	584.30995686849	1	25096.260000000002	0.0
250	input_spectra/bkgrnd-marine-broth.mzML	2211	0	584.30995686849	1	25107.780000000002	0.0
296	input_spectra/bkgrnd-marine-broth.mzML	2212	0	1149.564208984375	1	25147.140000000003	0.0
297	input_spectra/bkgrnd-marine-broth.mzML	2213	0	1149.564208984375	1	25158.72	0.0
296	input_spectra/bkgrnd-marine-broth.mzML	2214	0	1149.564208984375	1	25198.08	0.0
297	input_spectra/bkgrnd-marine-broth.mzML	2215	0	1149.564208984375	1	25209.66	0.0
179	input_spectra/bkgrnd-marine-broth.mzML	2216	0	428.254776000977	1	25364.16	0.0
179	input_spectra/bkgrnd-marine-broth.mzML	2217	0	428.254776000977	1	25375.68	0.0
195	input_spectra/bkgrnd-marine-broth.mzML	2218	0	456.249816894531	1	25410.420000000002	0.0
195	input_spectra/bkgrnd-marine-broth.mzML	2219	0	456.249816894531	1	25421.940000000002	0.0
179	input_spectra/bkgrnd-marine-broth.mzML	2220	0	428.254776000977	1	25484.4	0.0
179	input_spectra/bkgrnd-marine-broth.mzML	2221	0	428.254776000977	1	25495.920000000002	0.0
196	input_spectra/bkgrnd-marine-broth.mzML	2222	0	458.265899658203	1	25553.64	0.0
196	input_spectra/bkgrnd-marine-broth.mzML	2223	0	458.265899658203	1	25565.16	0.0
184	input_spectra/bkgrnd-marine-broth.mzML	2224	0	440.25493367513	1	25627.68	0.0
184	input_spectra/bkgrnd-marine-broth.mzML	2225	0	440.25493367513	1	25639.2	0.0
226	input_spectra/bkgrnd-marine-broth.mzML	2226	0	522.224914550781	1	25673.94	0.0
226	input_spectra/bkgrnd-marine-broth.mzML	2227	0	522.224914550781	1	25685.46	0.0
196	input_spectra/bkgrnd-marine-broth.mzML	2228	0	458.265899658203	1	25696.92	0.0
184	input_spectra/bkgrnd-marine-broth.mzML	2229	0	440.25493367513	1	25747.859999999997	0.0
184	input_spectra/bkgrnd-marine-broth.mzML	2230	0	440.25493367513	1	25759.379999999997	0.0
220	input_spectra/bkgrnd-marine-broth.mzML	2231	0	511.292541503906	1	25817.100000000002	0.0
220	input_spectra/bkgrnd-marine-broth.mzML	2232	0	511.292541503906	1	25828.56	0.0
226	input_spectra/bkgrnd-marine-broth.mzML	2233	0	522.224914550781	1	25840.08	0.0
254	input_spectra/bkgrnd-marine-broth.mzML	2234	0	586.325286865234	1	25891.02	0.0
254	input_spectra/bkgrnd-marine-broth.mzML	2235	0	586.325286865234	1	25902.480000000003	0.0
153	input_spectra/bkgrnd-marine-broth.mzML	2236	0	344.231323242188	1	25914.0	0.0
153	input_spectra/bkgrnd-marine-broth.mzML	2237	0	344.231323242188	1	25925.52	0.0
184	input_spectra/bkgrnd-marine-broth.mzML	2238	0	440.25493367513	1	25937.04	0.0
184	input_spectra/bkgrnd-marine-broth.mzML	2239	0	440.25493367513	1	25948.56	0.0
220	input_spectra/bkgrnd-marine-broth.mzML	2240	0	511.292541503906	1	25960.019999999997	0.0
220	input_spectra/bkgrnd-marine-broth.mzML	2241	0	511.292541503906	1	25971.539999999997	0.0
86	input_spectra/bkgrnd-marine-broth.mzML	2242	0	205.099311828613	1	26033.94	0.0
87	input_spectra/bkgrnd-marine-broth.mzML	2243	0	205.099311828613	1	26045.399999999998	0.0
77	input_spectra/bkgrnd-marine-broth.mzML	2244	0	188.072463989258	1	26056.86	0.0
78	input_spectra/bkgrnd-marine-broth.mzML	2245	0	188.072463989258	1	26068.38	0.0
254	input_spectra/bkgrnd-marine-broth.mzML	2246	0	586.325286865234	1	26079.9	0.0
86	input_spectra/bkgrnd-marine-broth.mzML	2247	0	205.099311828613	1	26176.92	0.0
87	input_spectra/bkgrnd-marine-broth.mzML	2248	0	205.099311828613	1	26188.38	0.0
77	input_spectra/bkgrnd-marine-broth.mzML	2249	0	188.072463989258	1	26199.9	0.0
78	input_spectra/bkgrnd-marine-broth.mzML	2250	0	188.072463989258	1	26211.36	0.0
257	input_spectra/bkgrnd-marine-broth.mzML	2251	0	612.341369628906	1	26222.94	0.0
257	input_spectra/bkgrnd-marine-broth.mzML	2252	0	612.341369628906	1	26234.46	0.0
117	input_spectra/bkgrnd-marine-broth.mzML	2253	0	263.141876220703	1	26269.079999999998	0.0
117	input_spectra/bkgrnd-marine-broth.mzML	2254	0	263.141876220703	1	26280.6	0.0
167	input_spectra/bkgrnd-marine-broth.mzML	2255	0	388.258239746094	1	26319.96	0.0
167	input_spectra/bkgrnd-marine-broth.mzML	2256	0	388.258239746094	1	26331.48	0.0
258	input_spectra/bkgrnd-marine-broth.mzML	2257	0	612.341369628906	1	26365.98	0.0
258	input_spectra/bkgrnd-marine-broth.mzML	2258	0	612.341369628906	1	26377.5	0.0
294	input_spectra/bkgrnd-marine-broth.mzML	2259	0	947.457214355469	1	26400.66	0.0
259	input_spectra/bkgrnd-marine-broth.mzML	2260	0	614.357238769531	1	26463.120000000003	0.0
259	input_spectra/bkgrnd-marine-broth.mzML	2261	0	614.357238769531	1	26474.640000000003	0.0
167	input_spectra/bkgrnd-marine-broth.mzML	2262	0	388.258239746094	1	26486.16	0.0
294	input_spectra/bkgrnd-marine-broth.mzML	2263	0	947.457214355469	1	26520.84	0.0
166	input_spectra/bkgrnd-marine-broth.mzML	2264	0	385.249328613281	1	26532.36	0.0
166	input_spectra/bkgrnd-marine-broth.mzML	2265	0	385.249328613281	1	26543.88	0.0
182	input_spectra/bkgrnd-marine-broth.mzML	2266	0	432.285171508789	1	26606.22	0.0
182	input_spectra/bkgrnd-marine-broth.mzML	2267	0	432.285171508789	1	26617.74	0.0
259	input_spectra/bkgrnd-marine-broth.mzML	2268	0	614.357238769531	1	26675.399999999998	0.0
259	input_spectra/bkgrnd-marine-broth.mzML	2269	0	614.357238769531	1	26686.92	0.0
182	input_spectra/bkgrnd-marine-broth.mzML	2270	0	432.285171508789	1	26749.32	0.0
182	input_spectra/bkgrnd-marine-broth.mzML	2271	0	432.285171508789	1	26760.78	0.0
206	input_spectra/bkgrnd-marine-broth.mzML	2272	0	476.311747233073	1	26795.34	0.0
206	input_spectra/bkgrnd-marine-broth.mzML	2273	0	476.311747233073	1	26806.86	0.0
48	input_spectra/bkgrnd-marine-broth.mzML	2274	0	146.061645507813	1	26829.84	0.0
299	input_spectra/bkgrnd-marine-broth.mzML	2275	0	1216.558837890625	1	26841.48	0.0
206	input_spectra/bkgrnd-marine-broth.mzML	2276	0	476.311747233073	1	26892.42	0.0
206	input_spectra/bkgrnd-marine-broth.mzML	2277	0	476.311747233073	1	26903.94	0.0
97	input_spectra/bkgrnd-marine-broth.mzML	2278	0	227.141393025716	1	26938.44	0.0
97	input_spectra/bkgrnd-marine-broth.mzML	2279	0	227.141393025716	1	26949.96	0.0
298	input_spectra/bkgrnd-marine-broth.mzML	2280	0	1200.565185546875	1	26961.600000000002	0.0
299	input_spectra/bkgrnd-marine-broth.mzML	2281	0	1216.558837890625	1	26984.7	0.0
225	input_spectra/bkgrnd-marine-broth.mzML	2282	0	520.338562011719	1	27035.64	0.0
225	input_spectra/bkgrnd-marine-broth.mzML	2283	0	520.338562011719	1	27047.16	0.0
206	input_spectra/bkgrnd-marine-broth.mzML	2284	0	476.311747233073	1	27058.68	0.0
206	input_spectra/bkgrnd-marine-broth.mzML	2285	0	476.311747233073	1	27070.2	0.0
97	input_spectra/bkgrnd-marine-broth.mzML	2286	0	227.141393025716	1	27081.72	0.0
97	input_spectra/bkgrnd-marine-broth.mzML	2287	0	227.141393025716	1	27093.18	0.0
298	input_spectra/bkgrnd-marine-broth.mzML	2288	0	1200.565185546875	1	27127.859999999997	0.0
225	input_spectra/bkgrnd-marine-broth.mzML	2289	0	520.338562011719	1	27178.800000000003	0.0
225	input_spectra/bkgrnd-marine-broth.mzML	2290	0	520.338562011719	1	27190.32	0.0
242	input_spectra/bkgrnd-marine-broth.mzML	2291	0	564.364949544271	1	27224.88	0.0
242	input_spectra/bkgrnd-marine-broth.mzML	2292	0	564.364949544271	1	27236.4	0.0
97	input_spectra/bkgrnd-marine-broth.mzML	2293	0	227.141393025716	1	27259.379999999997	0.0
242	input_spectra/bkgrnd-marine-broth.mzML	2294	0	564.364949544271	1	27321.84	0.0
242	input_spectra/bkgrnd-marine-broth.mzML	2295	0	564.364949544271	1	27333.36	0.0
225	input_spectra/bkgrnd-marine-broth.mzML	2296	0	520.338562011719	1	27390.899999999998	0.0
225	input_spectra/bkgrnd-marine-broth.mzML	2297	0	520.338562011719	1	27402.42	0.0
256	input_spectra/bkgrnd-marine-broth.mzML	2298	0	608.391581217448	1	27413.94	0.0
256	input_spectra/bkgrnd-marine-broth.mzML	2299	0	608.391581217448	1	27425.46	0.0
256	input_spectra/bkgrnd-marine-broth.mzML	2300	0	608.391581217448	1	27464.82	0.0
256	input_spectra/bkgrnd-marine-broth.mzML	2301	0	608.391581217448	1	27476.34	0.0
116	input_spectra/bkgrnd-marine-broth.mzML	2302	0	261.126291910807	1	27487.859999999997	0.0
116	input_spectra/bkgrnd-marine-broth.mzML	2303	0	261.126291910807	1	27499.379999999997	0.0
242	input_spectra/bkgrnd-marine-broth.mzML	2304	0	564.364949544271	1	27533.94	0.0
242	input_spectra/bkgrnd-marine-broth.mzML	2305	0	564.364949544271	1	27545.46	0.0
175	input_spectra/bkgrnd-marine-broth.mzML	2306	0	419.233673095703	1	27556.98	0.0
175	input_spectra/bkgrnd-marine-broth.mzML	2307	0	419.233673095703	1	27568.5	0.0
256	input_spectra/bkgrnd-marine-broth.mzML	2308	0	608.391581217448	1	27607.859999999997	0.0
256	input_spectra/bkgrnd-marine-broth.mzML	2309	0	608.391581217448	1	27619.379999999997	0.0
5	input_spectra/bkgrnd-marine-broth.mzML	2310	0	117.074203491211	1	27653.94	0.0
5	input_spectra/bkgrnd-marine-broth.mzML	2311	0	117.074203491211	1	27665.399999999998	0.0
274	input_spectra/bkgrnd-marine-broth.mzML	2312	0	696.444763183594	1	27750.899999999998	0.0
274	input_spectra/bkgrnd-marine-broth.mzML	2313	0	696.444763183594	1	27762.42	0.0
267	input_spectra/bkgrnd-marine-broth.mzML	2314	0	652.41796875	1	27773.94	0.0
267	input_spectra/bkgrnd-marine-broth.mzML	2315	0	652.41796875	1	27785.46	0.0
5	input_spectra/bkgrnd-marine-broth.mzML	2316	0	117.074203491211	1	27796.98	0.0
5	input_spectra/bkgrnd-marine-broth.mzML	2317	0	117.074203491211	1	27808.44	0.0
74	input_spectra/bkgrnd-marine-broth.mzML	2318	0	183.09358215332	1	27831.420000000002	0.0
278	input_spectra/bkgrnd-marine-broth.mzML	2319	0	740.471008300781	1	27893.88	0.0
278	input_spectra/bkgrnd-marine-broth.mzML	2320	0	740.471008300781	1	27905.399999999998	0.0
5	input_spectra/bkgrnd-marine-broth.mzML	2321	0	117.074203491211	1	27916.98	0.0
5	input_spectra/bkgrnd-marine-broth.mzML	2322	0	117.074203491211	1	27928.44	0.0
274	input_spectra/bkgrnd-marine-broth.mzML	2323	0	696.444763183594	1	27940.019999999997	0.0
107	input_spectra/bkgrnd-marine-broth.mzML	2324	0	243.13648223877	1	27963.059999999998	0.0
115	input_spectra/bkgrnd-marine-broth.mzML	2325	0	261.126291910807	1	28013.94	0.0
107	input_spectra/bkgrnd-marine-broth.mzML	2326	0	243.13648223877	1	28036.92	0.0
283	input_spectra/bkgrnd-marine-broth.mzML	2327	0	784.497497558594	1	28059.96	0.0
89	input_spectra/bkgrnd-marine-broth.mzML	2328	0	211.146428426107	1	28315.26	0.0
89	input_spectra/bkgrnd-marine-broth.mzML	2329	0	211.146428426107	1	28326.78	0.0
89	input_spectra/bkgrnd-marine-broth.mzML	2330	0	211.146428426107	1	28366.14	0.0
89	input_spectra/bkgrnd-marine-broth.mzML	2331	0	211.146428426107	1	28377.6	0.0
89	input_spectra/bkgrnd-marine-broth.mzML	2332	0	211.146428426107	1	28417.02	0.0
89	input_spectra/bkgrnd-marine-broth.mzML	2333	0	211.146428426107	1	28428.48	0.0
108	input_spectra/bkgrnd-marine-broth.mzML	2334	0	245.130767822266	1	28876.68	0.0
108	input_spectra/bkgrnd-marine-broth.mzML	2335	0	245.130767822266	1	28888.14	0.0
144	input_spectra/bkgrnd-marine-broth.mzML	2336	0	328.273207122204	1	32234.280000000002	0.0
143	input_spectra/bkgrnd-marine-broth.mzML	2337	0	328.273207122204	1	32245.739999999998	0.0
142	input_spectra/bkgrnd-marine-broth.mzML	2338	0	328.273207122204	1	32465.52	0.0
144	input_spectra/bkgrnd-marine-broth.mzML	2339	0	328.273207122204	1	32476.98	0.0
147	input_spectra/bkgrnd-marine-broth.mzML	2340	0	328.273207122204	1	32528.399999999998	0.0
148	input_spectra/bkgrnd-marine-broth.mzML	2341	0	328.273207122204	1	32539.92	0.0
123	input_spectra/bkgrnd-marine-broth.mzML	2342	0	274.277679443359	1	32562.9	0.0
123	input_spectra/bkgrnd-marine-broth.mzML	2343	0	274.277679443359	1	32602.26	0.0
123	input_spectra/bkgrnd-marine-broth.mzML	2344	0	274.277679443359	1	32653.079999999998	0.0
200	input_spectra/bkgrnd-marine-broth.mzML	2345	0	466.323577880859	1	32958.78	0.0
199	input_spectra/bkgrnd-marine-broth.mzML	2346	0	466.323577880859	1	33021.18	0.0
200	input_spectra/bkgrnd-marine-broth.mzML	2347	0	466.323577880859	1	33032.64	0.0
235	input_spectra/bkgrnd-marine-broth.mzML	2348	0	534.361673990885	1	33044.159999999996	0.0
235	input_spectra/bkgrnd-marine-broth.mzML	2349	0	534.361673990885	1	33055.68	0.0
235	input_spectra/bkgrnd-marine-broth.mzML	2350	0	534.361673990885	1	33164.1	0.0
235	input_spectra/bkgrnd-marine-broth.mzML	2351	0	534.361673990885	1	33175.62	0.0
291	input_spectra/bkgrnd-marine-broth.mzML	2352	0	931.638000488281	1	33210.24	0.0
235	input_spectra/bkgrnd-marine-broth.mzML	2353	0	534.361673990885	1	33261.18	0.0
235	input_spectra/bkgrnd-marine-broth.mzML	2354	0	534.361673990885	1	33272.7	0.0
147	input_spectra/bkgrnd-marine-broth.mzML	2355	0	328.273207122204	1	33611.64	0.0
147	input_spectra/bkgrnd-marine-broth.mzML	2356	0	328.273207122204	1	33623.159999999996	0.0
144	input_spectra/bkgrnd-marine-broth.mzML	2357	0	328.273207122204	1	33662.46000000001	0.0
147	input_spectra/bkgrnd-marine-broth.mzML	2358	0	328.273207122204	1	33673.979999999996	0.0
142	input_spectra/bkgrnd-marine-broth.mzML	2359	0	328.273207122204	1	33713.340000000004	0.0
147	input_spectra/bkgrnd-marine-broth.mzML	2360	0	328.273207122204	1	33724.86	0.0
99	input_spectra/bkgrnd-marine-broth.mzML	2361	0	230.25151570638	1	34557.840000000004	0.0
99	input_spectra/bkgrnd-marine-broth.mzML	2362	0	230.25151570638	1	34569.299999999996	0.0
99	input_spectra/bkgrnd-marine-broth.mzML	2363	0	230.25151570638	1	34608.72	0.0
99	input_spectra/bkgrnd-marine-broth.mzML	2364	0	230.25151570638	1	34620.18	0.0
99	input_spectra/bkgrnd-marine-broth.mzML	2365	0	230.25151570638	1	34659.54	0.0
99	input_spectra/bkgrnd-marine-broth.mzML	2366	0	230.25151570638	1	34671.06	0.0
148	input_spectra/bkgrnd-marine-broth.mzML	2367	0	328.273207122204	1	34746.479999999996	0.0
147	input_spectra/bkgrnd-marine-broth.mzML	2368	0	328.273207122204	1	34757.94	0.0
142	input_spectra/bkgrnd-marine-broth.mzML	2369	0	328.273207122204	1	34797.36	0.0
145	input_spectra/bkgrnd-marine-broth.mzML	2370	0	328.273207122204	1	34808.82	0.0
147	input_spectra/bkgrnd-marine-broth.mzML	2371	0	328.273207122204	1	34848.18	0.0
147	input_spectra/bkgrnd-marine-broth.mzML	2372	0	328.273207122204	1	34859.7	0.0
232	input_spectra/bkgrnd-marine-broth.mzML	2373	0	533.332600911458	1	35680.62	0.0
233	input_spectra/bkgrnd-marine-broth.mzML	2374	0	533.332600911458	1	35692.14	0.0
232	input_spectra/bkgrnd-marine-broth.mzML	2375	0	533.332600911458	1	35731.56	0.0
217	input_spectra/bkgrnd-marine-broth.mzML	2376	0	498.295522054036	1	35754.54	0.0
232	input_spectra/bkgrnd-marine-broth.mzML	2377	0	533.332600911458	1	35805.36	0.0
217	input_spectra/bkgrnd-marine-broth.mzML	2378	0	498.295522054036	1	35828.4	0.0
217	input_spectra/bkgrnd-marine-broth.mzML	2379	0	498.295522054036	1	35879.280000000006	0.0
144	input_spectra/bkgrnd-marine-broth.mzML	2380	0	328.273207122204	1	35941.68	0.0
144	input_spectra/bkgrnd-marine-broth.mzML	2381	0	328.273207122204	1	35980.979999999996	0.0
148	input_spectra/bkgrnd-marine-broth.mzML	2382	0	328.273207122204	1	35992.5	0.0
144	input_spectra/bkgrnd-marine-broth.mzML	2383	0	328.273207122204	1	36031.86	0.0
145	input_spectra/bkgrnd-marine-broth.mzML	2384	0	328.273207122204	1	36043.32	0.0
164	input_spectra/bkgrnd-marine-broth.mzML	2385	0	373.279357910156	1	36974.76	0.0
158	input_spectra/bkgrnd-marine-broth.mzML	2386	0	355.268636067708	1	37009.26	0.0
158	input_spectra/bkgrnd-marine-broth.mzML	2387	0	355.268636067708	1	37020.719999999994	0.0
164	input_spectra/bkgrnd-marine-broth.mzML	2388	0	373.279357910156	1	37071.6	0.0
287	input_spectra/bkgrnd-marine-broth.mzML	2389	0	817.595153808594	1	37106.22	0.0
287	input_spectra/bkgrnd-marine-broth.mzML	2390	0	817.595153808594	1	37117.74	0.0
207	input_spectra/bkgrnd-marine-broth.mzML	2391	0	477.339263916016	1	37152.3	0.0
207	input_spectra/bkgrnd-marine-broth.mzML	2392	0	477.339263916016	1	37163.82	0.0
142	input_spectra/bkgrnd-marine-broth.mzML	2393	0	328.273207122204	1	37203.18	0.0
145	input_spectra/bkgrnd-marine-broth.mzML	2394	0	328.273207122204	1	37214.7	0.0
158	input_spectra/bkgrnd-marine-broth.mzML	2395	0	355.268636067708	1	37260.659999999996	0.0
142	input_spectra/bkgrnd-marine-broth.mzML	2396	0	328.273207122204	1	37300.08	0.0
145	input_spectra/bkgrnd-marine-broth.mzML	2397	0	328.273207122204	1	37311.54	0.0
147	input_spectra/bkgrnd-marine-broth.mzML	2398	0	328.273207122204	1	37350.9	0.0
143	input_spectra/bkgrnd-marine-broth.mzML	2399	0	328.273207122204	1	37362.42	0.0
193	input_spectra/bkgrnd-marine-broth.mzML	2400	0	450.327799479167	1	38341.920000000006	0.0
112	input_spectra/bkgrnd-marine-broth.mzML	2401	0	258.283406575521	1	38353.44	0.0
112	input_spectra/bkgrnd-marine-broth.mzML	2402	0	258.283406575521	1	38364.899999999994	0.0
144	input_spectra/bkgrnd-marine-broth.mzML	2403	0	328.273207122204	1	38404.26	0.0
147	input_spectra/bkgrnd-marine-broth.mzML	2404	0	328.273207122204	1	38415.78	0.0
194	input_spectra/bkgrnd-marine-broth.mzML	2405	0	450.327799479167	1	38427.3	0.0
112	input_spectra/bkgrnd-marine-broth.mzML	2406	0	258.283406575521	1	38450.28	0.0
112	input_spectra/bkgrnd-marine-broth.mzML	2407	0	258.283406575521	1	38461.799999999996	0.0
146	input_spectra/bkgrnd-marine-broth.mzML	2408	0	328.273207122204	1	38501.16	0.0
144	input_spectra/bkgrnd-marine-broth.mzML	2409	0	328.273207122204	1	38512.68	0.0
112	input_spectra/bkgrnd-marine-broth.mzML	2410	0	258.283406575521	1	38524.14	0.0
112	input_spectra/bkgrnd-marine-broth.mzML	2411	0	258.283406575521	1	38535.6	0.0
147	input_spectra/bkgrnd-marine-broth.mzML	2412	0	328.273207122204	1	38575.020000000004	0.0
143	input_spectra/bkgrnd-marine-broth.mzML	2413	0	328.273207122204	1	38586.479999999996	0.0
136	input_spectra/bkgrnd-marine-broth.mzML	2414	0	304.304504394531	1	38962.56	0.0
136	input_spectra/bkgrnd-marine-broth.mzML	2415	0	304.304504394531	1	38974.020000000004	0.0
136	input_spectra/bkgrnd-marine-broth.mzML	2416	0	304.304504394531	1	39013.38	0.0
136	input_spectra/bkgrnd-marine-broth.mzML	2417	0	304.304504394531	1	39024.84	0.0
136	input_spectra/bkgrnd-marine-broth.mzML	2418	0	304.304504394531	1	39064.200000000004	0.0
136	input_spectra/bkgrnd-marine-broth.mzML	2419	0	304.304504394531	1	39075.719999999994	0.0
142	input_spectra/bkgrnd-marine-broth.mzML	2420	0	328.273207122204	1	39608.1	0.0
143	input_spectra/bkgrnd-marine-broth.mzML	2421	0	328.273207122204	1	39619.56	0.0
146	input_spectra/bkgrnd-marine-broth.mzML	2422	0	328.273207122204	1	39658.92	0.0
147	input_spectra/bkgrnd-marine-broth.mzML	2423	0	328.273207122204	1	39670.44	0.0
148	input_spectra/bkgrnd-marine-broth.mzML	2424	0	328.273207122204	1	39709.8	0.0
147	input_spectra/bkgrnd-marine-broth.mzML	2425	0	328.273207122204	1	39721.32	0.0
148	input_spectra/bkgrnd-marine-broth.mzML	2426	0	328.273207122204	1	40746.659999999996	0.0
145	input_spectra/bkgrnd-marine-broth.mzML	2427	0	328.273207122204	1	40758.18	0.0
147	input_spectra/bkgrnd-marine-broth.mzML	2428	0	328.273207122204	1	40797.479999999996	0.0
147	input_spectra/bkgrnd-marine-broth.mzML	2429	0	328.273207122204	1	40809.0	0.0
142	input_spectra/bkgrnd-marine-broth.mzML	2430	0	328.273207122204	1	40848.36	0.0
145	input_spectra/bkgrnd-marine-broth.mzML	2431	0	328.273207122204	1	40859.82	0.0
147	input_spectra/bkgrnd-marine-broth.mzML	2432	0	328.273207122204	1	41885.28	0.0
145	input_spectra/bkgrnd-marine-broth.mzML	2433	0	328.273207122204	1	41896.74	0.0
146	input_spectra/bkgrnd-marine-broth.mzML	2434	0	328.273207122204	1	41936.1	0.0
148	input_spectra/bkgrnd-marine-broth.mzML	2435	0	328.273207122204	1	41947.619999999995	0.0
147	input_spectra/bkgrnd-marine-broth.mzML	2436	0	328.273207122204	1	41986.98	0.0
148	input_spectra/bkgrnd-marine-broth.mzML	2437	0	328.273207122204	1	41998.44	0.0
146	input_spectra/bkgrnd-marine-broth.mzML	2438	0	328.273207122204	1	43023.84	0.0
145	input_spectra/bkgrnd-marine-broth.mzML	2439	0	328.273207122204	1	43035.3	0.0
146	input_spectra/bkgrnd-marine-broth.mzML	2440	0	328.273207122204	1	43074.72	0.0
147	input_spectra/bkgrnd-marine-broth.mzML	2441	0	328.273207122204	1	43086.18	0.0
146	input_spectra/bkgrnd-marine-broth.mzML	2442	0	328.273207122204	1	43125.54	0.0
145	input_spectra/bkgrnd-marine-broth.mzML	2443	0	328.273207122204	1	43137.06	0.0
151	input_spectra/bkgrnd-marine-broth.mzML	2444	0	332.336435953776	1	43176.42	0.0
151	input_spectra/bkgrnd-marine-broth.mzML	2445	0	332.336435953776	1	43187.94	0.0
151	input_spectra/bkgrnd-marine-broth.mzML	2446	0	332.336435953776	1	43227.3	0.0
151	input_spectra/bkgrnd-marine-broth.mzML	2447	0	332.336435953776	1	43238.759999999995	0.0
151	input_spectra/bkgrnd-marine-broth.mzML	2448	0	332.336435953776	1	43278.12	0.0
151	input_spectra/bkgrnd-marine-broth.mzML	2449	0	332.336435953776	1	43289.64	0.0
219	input_spectra/bkgrnd-marine-broth.mzML	2450	0	500.310668945313	1	43595.82	0.0
208	input_spectra/bkgrnd-marine-broth.mzML	2451	0	483.256673177083	1	43635.18	0.0
208	input_spectra/bkgrnd-marine-broth.mzML	2452	0	483.256673177083	1	43646.700000000004	0.0
208	input_spectra/bkgrnd-marine-broth.mzML	2453	0	483.256673177083	1	43686.06	0.0
208	input_spectra/bkgrnd-marine-broth.mzML	2454	0	483.256673177083	1	43697.520000000004	0.0
208	input_spectra/bkgrnd-marine-broth.mzML	2455	0	483.256673177083	1	43759.92	0.0
208	input_spectra/bkgrnd-marine-broth.mzML	2456	0	483.256673177083	1	43771.44	0.0
186	input_spectra/bkgrnd-marine-broth.mzML	2457	0	440.416982014974	1	43955.100000000006	0.0
187	input_spectra/bkgrnd-marine-broth.mzML	2458	0	440.416982014974	1	43966.62	0.0
186	input_spectra/bkgrnd-marine-broth.mzML	2459	0	440.416982014974	1	44005.92	0.0
187	input_spectra/bkgrnd-marine-broth.mzML	2460	0	440.416982014974	1	44017.44	0.0
186	input_spectra/bkgrnd-marine-broth.mzML	2461	0	440.416982014974	1	44056.799999999996	0.0
187	input_spectra/bkgrnd-marine-broth.mzML	2462	0	440.416982014974	1	44068.32	0.0
189	input_spectra/bkgrnd-marine-broth.mzML	2463	0	444.304077148438	1	44143.740000000005	0.0
189	input_spectra/bkgrnd-marine-broth.mzML	2464	0	444.304077148438	1	44155.26	0.0
146	input_spectra/bkgrnd-marine-broth.mzML	2465	0	328.273207122204	1	44194.62	0.0
145	input_spectra/bkgrnd-marine-broth.mzML	2466	0	328.273207122204	1	44206.14	0.0
189	input_spectra/bkgrnd-marine-broth.mzML	2467	0	444.304077148438	1	44217.66	0.0
189	input_spectra/bkgrnd-marine-broth.mzML	2468	0	444.304077148438	1	44229.18	0.0
146	input_spectra/bkgrnd-marine-broth.mzML	2469	0	328.273207122204	1	44268.479999999996	0.0
145	input_spectra/bkgrnd-marine-broth.mzML	2470	0	328.273207122204	1	44280.0	0.0
146	input_spectra/bkgrnd-marine-broth.mzML	2471	0	328.273207122204	1	44319.36	0.0
148	input_spectra/bkgrnd-marine-broth.mzML	2472	0	328.273207122204	1	44330.82	0.0
146	input_spectra/bkgrnd-marine-broth.mzML	2473	0	328.273207122204	1	45368.219999999994	0.0
145	input_spectra/bkgrnd-marine-broth.mzML	2474	0	328.273207122204	1	45379.74	0.0
146	input_spectra/bkgrnd-marine-broth.mzML	2475	0	328.273207122204	1	45419.1	0.0
147	input_spectra/bkgrnd-marine-broth.mzML	2476	0	328.273207122204	1	45430.62	0.0
146	input_spectra/bkgrnd-marine-broth.mzML	2477	0	328.273207122204	1	45469.979999999996	0.0
147	input_spectra/bkgrnd-marine-broth.mzML	2478	0	328.273207122204	1	45481.5	0.0
130	input_spectra/bkgrnd-marine-broth.mzML	2479	0	286.223715888129	1	45713.219999999994	0.0
130	input_spectra/bkgrnd-marine-broth.mzML	2480	0	286.223715888129	1	45724.74	0.0
130	input_spectra/bkgrnd-marine-broth.mzML	2481	0	286.223715888129	1	46076.700000000004	0.0
128	input_spectra/bkgrnd-marine-broth.mzML	2482	0	286.223715888129	1	46380.06	0.0
129	input_spectra/bkgrnd-marine-broth.mzML	2483	0	286.223715888129	1	46391.58	0.0
146	input_spectra/bkgrnd-marine-broth.mzML	2484	0	328.273207122204	1	46503.060000000005	0.0
145	input_spectra/bkgrnd-marine-broth.mzML	2485	0	328.273207122204	1	46514.58	0.0
146	input_spectra/bkgrnd-marine-broth.mzML	2486	0	328.273207122204	1	46553.94	0.0
147	input_spectra/bkgrnd-marine-broth.mzML	2487	0	328.273207122204	1	46565.4	0.0
146	input_spectra/bkgrnd-marine-broth.mzML	2488	0	328.273207122204	1	46604.82	0.0
145	input_spectra/bkgrnd-marine-broth.mzML	2489	0	328.273207122204	1	46616.28	0.0
271	input_spectra/bkgrnd-marine-broth.mzML	2490	0	660.498321533203	1	46920.18	0.0
271	input_spectra/bkgrnd-marine-broth.mzML	2491	0	660.498321533203	1	46931.700000000004	0.0
271	input_spectra/bkgrnd-marine-broth.mzML	2492	0	660.498321533203	1	46971.119999999995	0.0
271	input_spectra/bkgrnd-marine-broth.mzML	2493	0	660.498321533203	1	46982.64	0.0
261	input_spectra/bkgrnd-marine-broth.mzML	2494	0	616.471638997396	1	47094.12	0.0
261	input_spectra/bkgrnd-marine-broth.mzML	2495	0	616.471638997396	1	47105.64	0.0
261	input_spectra/bkgrnd-marine-broth.mzML	2496	0	616.471638997396	1	47145.0	0.0
261	input_spectra/bkgrnd-marine-broth.mzML	2497	0	616.471638997396	1	47156.520000000004	0.0
261	input_spectra/bkgrnd-marine-broth.mzML	2498	0	616.471638997396	1	47195.88	0.0
261	input_spectra/bkgrnd-marine-broth.mzML	2499	0	616.471638997396	1	47207.399999999994	0.0
247	input_spectra/bkgrnd-marine-broth.mzML	2500	0	572.445821126302	1	47391.06	0.0
247	input_spectra/bkgrnd-marine-broth.mzML	2501	0	572.445821126302	1	47402.58	0.0
247	input_spectra/bkgrnd-marine-broth.mzML	2502	0	572.445821126302	1	47441.939999999995	0.0
247	input_spectra/bkgrnd-marine-broth.mzML	2503	0	572.445821126302	1	47453.46	0.0
247	input_spectra/bkgrnd-marine-broth.mzML	2504	0	572.445821126302	1	47492.82	0.0
247	input_spectra/bkgrnd-marine-broth.mzML	2505	0	572.445821126302	1	47504.340000000004	0.0
129	input_spectra/bkgrnd-marine-broth.mzML	2506	0	286.223715888129	1	47555.22	0.0
129	input_spectra/bkgrnd-marine-broth.mzML	2507	0	286.223715888129	1	47594.58	0.0
129	input_spectra/bkgrnd-marine-broth.mzML	2508	0	286.223715888129	1	47606.1	0.0
146	input_spectra/bkgrnd-marine-broth.mzML	2509	0	328.273207122204	1	47645.46	0.0
145	input_spectra/bkgrnd-marine-broth.mzML	2510	0	328.273207122204	1	47656.920000000006	0.0
130	input_spectra/bkgrnd-marine-broth.mzML	2511	0	286.223715888129	1	47668.44	0.0
130	input_spectra/bkgrnd-marine-broth.mzML	2512	0	286.223715888129	1	47679.899999999994	0.0
146	input_spectra/bkgrnd-marine-broth.mzML	2513	0	328.273207122204	1	47719.26	0.0
148	input_spectra/bkgrnd-marine-broth.mzML	2514	0	328.273207122204	1	47730.719999999994	0.0
230	input_spectra/bkgrnd-marine-broth.mzML	2515	0	528.418233235677	1	47742.24	0.0
230	input_spectra/bkgrnd-marine-broth.mzML	2516	0	528.418233235677	1	47753.759999999995	0.0
146	input_spectra/bkgrnd-marine-broth.mzML	2517	0	328.273207122204	1	47793.12	0.0
145	input_spectra/bkgrnd-marine-broth.mzML	2518	0	328.273207122204	1	47804.64	0.0
230	input_spectra/bkgrnd-marine-broth.mzML	2519	0	528.418233235677	1	47816.16	0.0
230	input_spectra/bkgrnd-marine-broth.mzML	2520	0	528.418233235677	1	47827.68	0.0
230	input_spectra/bkgrnd-marine-broth.mzML	2521	0	528.418233235677	1	47867.04	0.0
230	input_spectra/bkgrnd-marine-broth.mzML	2522	0	528.418233235677	1	47878.56	0.0
234	input_spectra/bkgrnd-marine-broth.mzML	2523	0	533.373738606771	1	48031.2	0.0
210	input_spectra/bkgrnd-marine-broth.mzML	2524	0	484.391591389974	1	48070.560000000005	0.0
210	input_spectra/bkgrnd-marine-broth.mzML	2525	0	484.391591389974	1	48082.08	0.0
210	input_spectra/bkgrnd-marine-broth.mzML	2526	0	484.391591389974	1	48121.44	0.0
210	input_spectra/bkgrnd-marine-broth.mzML	2527	0	484.391591389974	1	48132.9	0.0
210	input_spectra/bkgrnd-marine-broth.mzML	2528	0	484.391591389974	1	48172.32	0.0
210	input_spectra/bkgrnd-marine-broth.mzML	2529	0	484.391591389974	1	48183.78	0.0
236	input_spectra/bkgrnd-marine-broth.mzML	2530	0	535.402770996094	1	48375.78	0.0
236	input_spectra/bkgrnd-marine-broth.mzML	2531	0	535.402770996094	1	48387.3	0.0
236	input_spectra/bkgrnd-marine-broth.mzML	2532	0	535.402770996094	1	48426.659999999996	0.0
236	input_spectra/bkgrnd-marine-broth.mzML	2533	0	535.402770996094	1	48438.18	0.0
185	input_spectra/bkgrnd-marine-broth.mzML	2534	0	440.364939371745	1	48477.53999999999	0.0
185	input_spectra/bkgrnd-marine-broth.mzML	2535	0	440.364939371745	1	48528.42	0.0
185	input_spectra/bkgrnd-marine-broth.mzML	2536	0	440.364939371745	1	48539.94	0.0
185	input_spectra/bkgrnd-marine-broth.mzML	2537	0	440.364939371745	1	48602.28	0.0
185	input_spectra/bkgrnd-marine-broth.mzML	2538	0	440.364939371745	1	48613.8	0.0
214	input_spectra/bkgrnd-marine-broth.mzML	2539	0	491.376139322917	1	48648.36	0.0
214	input_spectra/bkgrnd-marine-broth.mzML	2540	0	491.376139322917	1	48659.82	0.0
214	input_spectra/bkgrnd-marine-broth.mzML	2541	0	491.376139322917	1	48722.28	0.0
214	input_spectra/bkgrnd-marine-broth.mzML	2542	0	491.376139322917	1	48733.740000000005	0.0
176	input_spectra/bkgrnd-marine-broth.mzML	2543	0	423.338185628255	1	48745.26	0.0
177	input_spectra/bkgrnd-marine-broth.mzML	2544	0	423.338185628255	1	48756.780000000006	0.0
128	input_spectra/bkgrnd-marine-broth.mzML	2545	0	286.223715888129	1	48768.24	0.0
130	input_spectra/bkgrnd-marine-broth.mzML	2546	0	286.223715888129	1	48779.76	0.0
146	input_spectra/bkgrnd-marine-broth.mzML	2547	0	328.273207122204	1	48819.12	0.0
145	input_spectra/bkgrnd-marine-broth.mzML	2548	0	328.273207122204	1	48830.64	0.0
214	input_spectra/bkgrnd-marine-broth.mzML	2549	0	491.376139322917	1	48842.159999999996	0.0
214	input_spectra/bkgrnd-marine-broth.mzML	2550	0	491.376139322917	1	48853.68	0.0
176	input_spectra/bkgrnd-marine-broth.mzML	2551	0	423.338185628255	1	48865.14	0.0
177	input_spectra/bkgrnd-marine-broth.mzML	2552	0	423.338185628255	1	48876.659999999996	0.0
129	input_spectra/bkgrnd-marine-broth.mzML	2553	0	286.223715888129	1	48888.18	0.0
129	input_spectra/bkgrnd-marine-broth.mzML	2554	0	286.223715888129	1	48899.64	0.0
146	input_spectra/bkgrnd-marine-broth.mzML	2555	0	328.273207122204	1	48939.0	0.0
145	input_spectra/bkgrnd-marine-broth.mzML	2556	0	328.273207122204	1	48950.52	0.0
171	input_spectra/bkgrnd-marine-broth.mzML	2557	0	396.338185628255	1	48985.020000000004	0.0
171	input_spectra/bkgrnd-marine-broth.mzML	2558	0	396.338185628255	1	48996.54	0.0
176	input_spectra/bkgrnd-marine-broth.mzML	2559	0	423.338185628255	1	49008.0	0.0
177	input_spectra/bkgrnd-marine-broth.mzML	2560	0	423.338185628255	1	49019.52	0.0
128	input_spectra/bkgrnd-marine-broth.mzML	2561	0	286.223715888129	1	49031.04	0.0
146	input_spectra/bkgrnd-marine-broth.mzML	2562	0	328.273207122204	1	49081.920000000006	0.0
145	input_spectra/bkgrnd-marine-broth.mzML	2563	0	328.273207122204	1	49093.38	0.0
172	input_spectra/bkgrnd-marine-broth.mzML	2564	0	401.293874104818	1	49104.899999999994	0.0
171	input_spectra/bkgrnd-marine-broth.mzML	2565	0	396.338185628255	1	49127.88	0.0
171	input_spectra/bkgrnd-marine-broth.mzML	2566	0	396.338185628255	1	49139.4	0.0
191	input_spectra/bkgrnd-marine-broth.mzML	2567	0	447.349294026693	1	49162.380000000005	0.0
165	input_spectra/bkgrnd-marine-broth.mzML	2568	0	379.310892740885	1	49173.9	0.0
165	input_spectra/bkgrnd-marine-broth.mzML	2569	0	379.310892740885	1	49185.42	0.0
172	input_spectra/bkgrnd-marine-broth.mzML	2570	0	401.293874104818	1	49224.78	0.0
171	input_spectra/bkgrnd-marine-broth.mzML	2571	0	396.338185628255	1	49247.76	0.0
171	input_spectra/bkgrnd-marine-broth.mzML	2572	0	396.338185628255	1	49259.280000000006	0.0
191	input_spectra/bkgrnd-marine-broth.mzML	2573	0	447.349294026693	1	49270.799999999996	0.0
165	input_spectra/bkgrnd-marine-broth.mzML	2574	0	379.310892740885	1	49293.78	0.0
165	input_spectra/bkgrnd-marine-broth.mzML	2575	0	379.310892740885	1	49305.3	0.0
191	input_spectra/bkgrnd-marine-broth.mzML	2576	0	447.349294026693	1	49344.659999999996	0.0
165	input_spectra/bkgrnd-marine-broth.mzML	2577	0	379.310892740885	1	49367.7	0.0
165	input_spectra/bkgrnd-marine-broth.mzML	2578	0	379.310892740885	1	49379.159999999996	0.0
157	input_spectra/bkgrnd-marine-broth.mzML	2579	0	352.311096191406	1	49516.44	0.0
157	input_spectra/bkgrnd-marine-broth.mzML	2580	0	352.311096191406	1	49527.96	0.0
152	input_spectra/bkgrnd-marine-broth.mzML	2581	0	335.284332275391	1	49562.46000000001	0.0
152	input_spectra/bkgrnd-marine-broth.mzML	2582	0	335.284332275391	1	49573.92	0.0
157	input_spectra/bkgrnd-marine-broth.mzML	2583	0	352.311096191406	1	49636.259999999995	0.0
157	input_spectra/bkgrnd-marine-broth.mzML	2584	0	352.311096191406	1	49647.78	0.0
152	input_spectra/bkgrnd-marine-broth.mzML	2585	0	335.284332275391	1	49682.28	0.0
152	input_spectra/bkgrnd-marine-broth.mzML	2586	0	335.284332275391	1	49693.8	0.0
157	input_spectra/bkgrnd-marine-broth.mzML	2587	0	352.311096191406	1	49733.159999999996	0.0
157	input_spectra/bkgrnd-marine-broth.mzML	2588	0	352.311096191406	1	49744.68	0.0
152	input_spectra/bkgrnd-marine-broth.mzML	2589	0	335.284332275391	1	49779.18	0.0
152	input_spectra/bkgrnd-marine-broth.mzML	2590	0	335.284332275391	1	49790.64	0.0
130	input_spectra/bkgrnd-marine-broth.mzML	2591	0	286.223715888129	1	49926.240000000005	0.0
129	input_spectra/bkgrnd-marine-broth.mzML	2592	0	286.223715888129	1	49937.76	0.0
128	input_spectra/bkgrnd-marine-broth.mzML	2593	0	286.223715888129	1	49977.12	0.0
130	input_spectra/bkgrnd-marine-broth.mzML	2594	0	286.223715888129	1	49988.58	0.0
128	input_spectra/bkgrnd-marine-broth.mzML	2595	0	286.223715888129	1	50028.0	0.0
129	input_spectra/bkgrnd-marine-broth.mzML	2596	0	286.223715888129	1	50039.52	0.0
146	input_spectra/bkgrnd-marine-broth.mzML	2597	0	328.273207122204	1	50078.880000000005	0.0
145	input_spectra/bkgrnd-marine-broth.mzML	2598	0	328.273207122204	1	50090.340000000004	0.0
131	input_spectra/bkgrnd-marine-broth.mzML	2599	0	291.257059733073	1	50124.78	0.0
131	input_spectra/bkgrnd-marine-broth.mzML	2600	0	291.257059733073	1	50136.3	0.0
138	input_spectra/bkgrnd-marine-broth.mzML	2601	0	308.283996582031	1	50147.82	0.0
138	input_spectra/bkgrnd-marine-broth.mzML	2602	0	308.283996582031	1	50159.280000000006	0.0
146	input_spectra/bkgrnd-marine-broth.mzML	2603	0	328.273207122204	1	50198.64	0.0
145	input_spectra/bkgrnd-marine-broth.mzML	2604	0	328.273207122204	1	50210.16	0.0
131	input_spectra/bkgrnd-marine-broth.mzML	2605	0	291.257059733073	1	50244.6	0.0
131	input_spectra/bkgrnd-marine-broth.mzML	2606	0	291.257059733073	1	50256.119999999995	0.0
138	input_spectra/bkgrnd-marine-broth.mzML	2607	0	308.283996582031	1	50267.58	0.0
138	input_spectra/bkgrnd-marine-broth.mzML	2608	0	308.283996582031	1	50279.1	0.0
146	input_spectra/bkgrnd-marine-broth.mzML	2609	0	328.273207122204	1	50318.46	0.0
148	input_spectra/bkgrnd-marine-broth.mzML	2610	0	328.273207122204	1	50329.979999999996	0.0
138	input_spectra/bkgrnd-marine-broth.mzML	2611	0	308.283996582031	1	50387.399999999994	0.0
138	input_spectra/bkgrnd-marine-broth.mzML	2612	0	308.283996582031	1	50398.92	0.0
129	input_spectra/bkgrnd-marine-broth.mzML	2613	0	286.223715888129	1	51063.54	0.0
129	input_spectra/bkgrnd-marine-broth.mzML	2614	0	286.223715888129	1	51075.06	0.0
130	input_spectra/bkgrnd-marine-broth.mzML	2615	0	286.223715888129	1	51114.420000000006	0.0
130	input_spectra/bkgrnd-marine-broth.mzML	2616	0	286.223715888129	1	51125.88	0.0
130	input_spectra/bkgrnd-marine-broth.mzML	2617	0	286.223715888129	1	51165.3	0.0
129	input_spectra/bkgrnd-marine-broth.mzML	2618	0	286.223715888129	1	51176.76	0.0
146	input_spectra/bkgrnd-marine-broth.mzML	2619	0	328.273207122204	1	51312.3	0.0
148	input_spectra/bkgrnd-marine-broth.mzML	2620	0	328.273207122204	1	51323.82	0.0
146	input_spectra/bkgrnd-marine-broth.mzML	2621	0	328.273207122204	1	51363.12	0.0
145	input_spectra/bkgrnd-marine-broth.mzML	2622	0	328.273207122204	1	51374.64	0.0
146	input_spectra/bkgrnd-marine-broth.mzML	2623	0	328.273207122204	1	51414.0	0.0
145	input_spectra/bkgrnd-marine-broth.mzML	2624	0	328.273207122204	1	51425.46	0.0
270	input_spectra/bkgrnd-marine-broth.mzML	2625	0	658.48252360026	1	51549.0	0.0
270	input_spectra/bkgrnd-marine-broth.mzML	2626	0	658.48252360026	1	51560.52	0.0
270	input_spectra/bkgrnd-marine-broth.mzML	2627	0	658.48252360026	1	51599.880000000005	0.0
270	input_spectra/bkgrnd-marine-broth.mzML	2628	0	658.48252360026	1	51611.4	0.0
270	input_spectra/bkgrnd-marine-broth.mzML	2629	0	658.48252360026	1	51650.76	0.0
270	input_spectra/bkgrnd-marine-broth.mzML	2630	0	658.48252360026	1	51662.28	0.0
260	input_spectra/bkgrnd-marine-broth.mzML	2631	0	614.45615641276	1	51906.119999999995	0.0
260	input_spectra/bkgrnd-marine-broth.mzML	2632	0	614.45615641276	1	51917.64	0.0
260	input_spectra/bkgrnd-marine-broth.mzML	2633	0	614.45615641276	1	51957.0	0.0
260	input_spectra/bkgrnd-marine-broth.mzML	2634	0	614.45615641276	1	51968.520000000004	0.0
260	input_spectra/bkgrnd-marine-broth.mzML	2635	0	614.45615641276	1	52007.88	0.0
260	input_spectra/bkgrnd-marine-broth.mzML	2636	0	614.45615641276	1	52019.4	0.0
128	input_spectra/bkgrnd-marine-broth.mzML	2637	0	286.223715888129	1	52203.0	0.0
129	input_spectra/bkgrnd-marine-broth.mzML	2638	0	286.223715888129	1	52214.52	0.0
128	input_spectra/bkgrnd-marine-broth.mzML	2639	0	286.223715888129	1	52253.880000000005	0.0
129	input_spectra/bkgrnd-marine-broth.mzML	2640	0	286.223715888129	1	52265.340000000004	0.0
128	input_spectra/bkgrnd-marine-broth.mzML	2641	0	286.223715888129	1	52304.880000000005	0.0
129	input_spectra/bkgrnd-marine-broth.mzML	2642	0	286.223715888129	1	52316.4	0.0
245	input_spectra/bkgrnd-marine-broth.mzML	2643	0	570.428792317708	1	52327.92	0.0
245	input_spectra/bkgrnd-marine-broth.mzML	2644	0	570.428792317708	1	52339.439999999995	0.0
245	input_spectra/bkgrnd-marine-broth.mzML	2645	0	570.428792317708	1	52378.740000000005	0.0
245	input_spectra/bkgrnd-marine-broth.mzML	2646	0	570.428792317708	1	52390.26	0.0
245	input_spectra/bkgrnd-marine-broth.mzML	2647	0	570.428792317708	1	52429.62	0.0
245	input_spectra/bkgrnd-marine-broth.mzML	2648	0	570.428792317708	1	52441.14	0.0
146	input_spectra/bkgrnd-marine-broth.mzML	2649	0	328.273207122204	1	52480.5	0.0
148	input_spectra/bkgrnd-marine-broth.mzML	2650	0	328.273207122204	1	52492.02	0.0
146	input_spectra/bkgrnd-marine-broth.mzML	2651	0	328.273207122204	1	52531.380000000005	0.0
145	input_spectra/bkgrnd-marine-broth.mzML	2652	0	328.273207122204	1	52542.840000000004	0.0
146	input_spectra/bkgrnd-marine-broth.mzML	2653	0	328.273207122204	1	52582.26	0.0
145	input_spectra/bkgrnd-marine-broth.mzML	2654	0	328.273207122204	1	52593.72	0.0
227	input_spectra/bkgrnd-marine-broth.mzML	2655	0	526.40185546875	1	52789.38	0.0
227	input_spectra/bkgrnd-marine-broth.mzML	2656	0	526.40185546875	1	52800.9	0.0
227	input_spectra/bkgrnd-marine-broth.mzML	2657	0	526.40185546875	1	52840.26	0.0
227	input_spectra/bkgrnd-marine-broth.mzML	2658	0	526.40185546875	1	52851.780000000006	0.0
227	input_spectra/bkgrnd-marine-broth.mzML	2659	0	526.40185546875	1	52891.14	0.0
227	input_spectra/bkgrnd-marine-broth.mzML	2660	0	526.40185546875	1	52902.66	0.0
130	input_spectra/bkgrnd-marine-broth.mzML	2661	0	286.223715888129	1	53343.36	0.0
129	input_spectra/bkgrnd-marine-broth.mzML	2662	0	286.223715888129	1	53354.880000000005	0.0
129	input_spectra/bkgrnd-marine-broth.mzML	2663	0	286.223715888129	1	53394.24	0.0
129	input_spectra/bkgrnd-marine-broth.mzML	2664	0	286.223715888129	1	53405.700000000004	0.0
129	input_spectra/bkgrnd-marine-broth.mzML	2665	0	286.223715888129	1	53468.1	0.0
129	input_spectra/bkgrnd-marine-broth.mzML	2666	0	286.223715888129	1	53479.56	0.0
146	input_spectra/bkgrnd-marine-broth.mzML	2667	0	328.273207122204	1	53650.14	0.0
148	input_spectra/bkgrnd-marine-broth.mzML	2668	0	328.273207122204	1	53661.659999999996	0.0
146	input_spectra/bkgrnd-marine-broth.mzML	2669	0	328.273207122204	1	53701.020000000004	0.0
145	input_spectra/bkgrnd-marine-broth.mzML	2670	0	328.273207122204	1	53712.479999999996	0.0
146	input_spectra/bkgrnd-marine-broth.mzML	2671	0	328.273207122204	1	53751.840000000004	0.0
145	input_spectra/bkgrnd-marine-broth.mzML	2672	0	328.273207122204	1	53763.36	0.0
128	input_spectra/bkgrnd-marine-broth.mzML	2673	0	286.223715888129	1	54484.439999999995	0.0
129	input_spectra/bkgrnd-marine-broth.mzML	2674	0	286.223715888129	1	54495.9	0.0
128	input_spectra/bkgrnd-marine-broth.mzML	2675	0	286.223715888129	1	54535.26	0.0
129	input_spectra/bkgrnd-marine-broth.mzML	2676	0	286.223715888129	1	54546.780000000006	0.0
128	input_spectra/bkgrnd-marine-broth.mzML	2677	0	286.223715888129	1	54586.14	0.0
128	input_spectra/bkgrnd-marine-broth.mzML	2678	0	286.223715888129	1	54597.600000000006	0.0
146	input_spectra/bkgrnd-marine-broth.mzML	2679	0	328.273207122204	1	54817.380000000005	0.0
145	input_spectra/bkgrnd-marine-broth.mzML	2680	0	328.273207122204	1	54828.84	0.0
146	input_spectra/bkgrnd-marine-broth.mzML	2681	0	328.273207122204	1	54868.200000000004	0.0
148	input_spectra/bkgrnd-marine-broth.mzML	2682	0	328.273207122204	1	54879.72	0.0
146	input_spectra/bkgrnd-marine-broth.mzML	2683	0	328.273207122204	1	54919.08	0.0
145	input_spectra/bkgrnd-marine-broth.mzML	2684	0	328.273207122204	1	54930.54	0.0
155	input_spectra/bkgrnd-marine-broth.mzML	2685	0	346.281604003906	1	55294.56	0.0
155	input_spectra/bkgrnd-marine-broth.mzML	2686	0	346.281604003906	1	55306.08	0.0
154	input_spectra/bkgrnd-marine-broth.mzML	2687	0	346.281604003906	1	55477.74	0.0
155	input_spectra/bkgrnd-marine-broth.mzML	2688	0	346.281604003906	1	55489.200000000004	0.0
128	input_spectra/bkgrnd-marine-broth.mzML	2689	0	286.223715888129	1	55624.74	0.0
129	input_spectra/bkgrnd-marine-broth.mzML	2690	0	286.223715888129	1	55636.259999999995	0.0
128	input_spectra/bkgrnd-marine-broth.mzML	2691	0	286.223715888129	1	55675.62	0.0
128	input_spectra/bkgrnd-marine-broth.mzML	2692	0	286.223715888129	1	55687.08	0.0
128	input_spectra/bkgrnd-marine-broth.mzML	2693	0	286.223715888129	1	55726.44	0.0
130	input_spectra/bkgrnd-marine-broth.mzML	2694	0	286.223715888129	1	55737.96	0.0
146	input_spectra/bkgrnd-marine-broth.mzML	2695	0	328.273207122204	1	55957.74	0.0
145	input_spectra/bkgrnd-marine-broth.mzML	2696	0	328.273207122204	1	55969.200000000004	0.0
146	input_spectra/bkgrnd-marine-broth.mzML	2697	0	328.273207122204	1	56008.619999999995	0.0
145	input_spectra/bkgrnd-marine-broth.mzML	2698	0	328.273207122204	1	56020.08	0.0
146	input_spectra/bkgrnd-marine-broth.mzML	2699	0	328.273207122204	1	56059.5	0.0
148	input_spectra/bkgrnd-marine-broth.mzML	2700	0	328.273207122204	1	56070.96	0.0
154	input_spectra/bkgrnd-marine-broth.mzML	2701	0	346.281604003906	1	56374.86	0.0
155	input_spectra/bkgrnd-marine-broth.mzML	2702	0	346.281604003906	1	56386.380000000005	0.0
128	input_spectra/bkgrnd-marine-broth.mzML	2703	0	286.223715888129	1	56762.399999999994	0.0
129	input_spectra/bkgrnd-marine-broth.mzML	2704	0	286.223715888129	1	56773.92	0.0
130	input_spectra/bkgrnd-marine-broth.mzML	2705	0	286.223715888129	1	56813.28	0.0
129	input_spectra/bkgrnd-marine-broth.mzML	2706	0	286.223715888129	1	56824.8	0.0
128	input_spectra/bkgrnd-marine-broth.mzML	2707	0	286.223715888129	1	56864.159999999996	0.0
129	input_spectra/bkgrnd-marine-broth.mzML	2708	0	286.223715888129	1	56875.68	0.0
146	input_spectra/bkgrnd-marine-broth.mzML	2709	0	328.273207122204	1	57095.4	0.0
145	input_spectra/bkgrnd-marine-broth.mzML	2710	0	328.273207122204	1	57106.86	0.0
146	input_spectra/bkgrnd-marine-broth.mzML	2711	0	328.273207122204	1	57146.22	0.0
148	input_spectra/bkgrnd-marine-broth.mzML	2712	0	328.273207122204	1	57157.68	0.0
146	input_spectra/bkgrnd-marine-broth.mzML	2713	0	328.273207122204	1	57197.1	0.0
145	input_spectra/bkgrnd-marine-broth.mzML	2714	0	328.273207122204	1	57208.56	0.0
154	input_spectra/bkgrnd-marine-broth.mzML	2715	0	346.281604003906	1	57897.3	0.0
155	input_spectra/bkgrnd-marine-broth.mzML	2716	0	346.281604003906	1	57908.759999999995	0.0
128	input_spectra/bkgrnd-marine-broth.mzML	2717	0	286.223715888129	1	57948.12	0.0
129	input_spectra/bkgrnd-marine-broth.mzML	2718	0	286.223715888129	1	57959.64	0.0
128	input_spectra/bkgrnd-marine-broth.mzML	2719	0	286.223715888129	1	57999.0	0.0
129	input_spectra/bkgrnd-marine-broth.mzML	2720	0	286.223715888129	1	58010.46	0.0
128	input_spectra/bkgrnd-marine-broth.mzML	2721	0	286.223715888129	1	58049.82	0.0
129	input_spectra/bkgrnd-marine-broth.mzML	2722	0	286.223715888129	1	58061.34	0.0
154	input_spectra/bkgrnd-marine-broth.mzML	2723	0	346.281604003906	1	58148.759999999995	0.0
154	input_spectra/bkgrnd-marine-broth.mzML	2724	0	346.281604003906	1	58160.28	0.0
146	input_spectra/bkgrnd-marine-broth.mzML	2725	0	328.273207122204	1	58235.700000000004	0.0
145	input_spectra/bkgrnd-marine-broth.mzML	2726	0	328.273207122204	1	58247.22	0.0
146	input_spectra/bkgrnd-marine-broth.mzML	2727	0	328.273207122204	1	58286.520000000004	0.0
145	input_spectra/bkgrnd-marine-broth.mzML	2728	0	328.273207122204	1	58298.04	0.0
146	input_spectra/bkgrnd-marine-broth.mzML	2729	0	328.273207122204	1	58337.399999999994	0.0
145	input_spectra/bkgrnd-marine-broth.mzML	2730	0	328.273207122204	1	58348.86	0.0
154	input_spectra/bkgrnd-marine-broth.mzML	2731	0	346.281604003906	1	58360.38	0.0
155	input_spectra/bkgrnd-marine-broth.mzML	2732	0	346.281604003906	1	58371.9	0.0
128	input_spectra/bkgrnd-marine-broth.mzML	2733	0	286.223715888129	1	59108.7	0.0
129	input_spectra/bkgrnd-marine-broth.mzML	2734	0	286.223715888129	1	59120.16	0.0
128	input_spectra/bkgrnd-marine-broth.mzML	2735	0	286.223715888129	1	59159.52	0.0
130	input_spectra/bkgrnd-marine-broth.mzML	2736	0	286.223715888129	1	59171.04	0.0
128	input_spectra/bkgrnd-marine-broth.mzML	2737	0	286.223715888129	1	59210.4	0.0
129	input_spectra/bkgrnd-marine-broth.mzML	2738	0	286.223715888129	1	59221.920000000006	0.0
146	input_spectra/bkgrnd-marine-broth.mzML	2739	0	328.273207122204	1	59381.520000000004	0.0
145	input_spectra/bkgrnd-marine-broth.mzML	2740	0	328.273207122204	1	59393.04	0.0
154	input_spectra/bkgrnd-marine-broth.mzML	2741	0	346.281604003906	1	59404.5	0.0
155	input_spectra/bkgrnd-marine-broth.mzML	2742	0	346.281604003906	1	59416.020000000004	0.0
146	input_spectra/bkgrnd-marine-broth.mzML	2743	0	328.273207122204	1	59455.38	0.0
145	input_spectra/bkgrnd-marine-broth.mzML	2744	0	328.273207122204	1	59466.840000000004	0.0
146	input_spectra/bkgrnd-marine-broth.mzML	2745	0	328.273207122204	1	59506.259999999995	0.0
145	input_spectra/bkgrnd-marine-broth.mzML	2746	0	328.273207122204	1	59517.72	0.0
154	input_spectra/bkgrnd-marine-broth.mzML	2747	0	346.281604003906	1	59581.2	0.0
155	input_spectra/bkgrnd-marine-broth.mzML	2748	0	346.281604003906	1	59592.66	0.0
154	input_spectra/bkgrnd-marine-broth.mzML	2749	0	346.281604003906	1	59740.26	0.0
155	input_spectra/bkgrnd-marine-broth.mzML	2750	0	346.281604003906	1	59751.72	0.0
128	input_spectra/bkgrnd-marine-broth.mzML	2751	0	286.223715888129	1	1004.13	0.0
129	input_spectra/bkgrnd-marine-broth.mzML	2752	0	286.223715888129	1	1004.32	0.0
128	input_spectra/bkgrnd-marine-broth.mzML	2753	0	286.223715888129	1	1004.98	0.0
129	input_spectra/bkgrnd-marine-broth.mzML	2754	0	286.223715888129	1	1005.17	0.0
128	input_spectra/bkgrnd-marine-broth.mzML	2755	0	286.223715888129	1	1005.83	0.0
129	input_spectra/bkgrnd-marine-broth.mzML	2756	0	286.223715888129	1	1006.02	0.0
146	input_spectra/bkgrnd-marine-broth.mzML	2757	0	328.273207122204	1	1009.08	0.0
145	input_spectra/bkgrnd-marine-broth.mzML	2758	0	328.273207122204	1	1009.27	0.0
146	input_spectra/bkgrnd-marine-broth.mzML	2759	0	328.273207122204	1	1009.93	0.0
145	input_spectra/bkgrnd-marine-broth.mzML	2760	0	328.273207122204	1	1010.12	0.0
146	input_spectra/bkgrnd-marine-broth.mzML	2761	0	328.273207122204	1	1010.78	0.0
148	input_spectra/bkgrnd-marine-broth.mzML	2762	0	328.273207122204	1	1010.97	0.0
154	input_spectra/bkgrnd-marine-broth.mzML	2763	0	346.281604003906	1	1014.03	0.0
155	input_spectra/bkgrnd-marine-broth.mzML	2764	0	346.281604003906	1	1014.22	0.0
154	input_spectra/bkgrnd-marine-broth.mzML	2765	0	346.281604003906	1	1014.88	0.0
154	input_spectra/bkgrnd-marine-broth.mzML	2766	0	346.281604003906	1	1015.07	0.0
154	input_spectra/bkgrnd-marine-broth.mzML	2767	0	346.281604003906	1	1020.53	0.0
155	input_spectra/bkgrnd-marine-broth.mzML	2768	0	346.281604003906	1	1020.73	0.0
128	input_spectra/bkgrnd-marine-broth.mzML	2769	0	286.223715888129	1	1023.19	0.0
129	input_spectra/bkgrnd-marine-broth.mzML	2770	0	286.223715888129	1	1023.38	0.0
129	input_spectra/bkgrnd-marine-broth.mzML	2771	0	286.223715888129	1	1024.03	0.0
129	input_spectra/bkgrnd-marine-broth.mzML	2772	0	286.223715888129	1	1024.23	0.0
128	input_spectra/bkgrnd-marine-broth.mzML	2773	0	286.223715888129	1	1024.88	0.0
129	input_spectra/bkgrnd-marine-broth.mzML	2774	0	286.223715888129	1	1025.07	0.0
146	input_spectra/bkgrnd-marine-broth.mzML	2775	0	328.273207122204	1	1028.13	0.0
145	input_spectra/bkgrnd-marine-broth.mzML	2776	0	328.273207122204	1	1028.33	0.0
135	input_spectra/bkgrnd-marine-broth.mzML	2777	0	304.233856201172	1	1028.52	0.0
135	input_spectra/bkgrnd-marine-broth.mzML	2778	0	304.233856201172	1	1028.71	0.0
146	input_spectra/bkgrnd-marine-broth.mzML	2779	0	328.273207122204	1	1029.36	0.0
145	input_spectra/bkgrnd-marine-broth.mzML	2780	0	328.273207122204	1	1029.56	0.0
146	input_spectra/bkgrnd-marine-broth.mzML	2781	0	328.273207122204	1	1030.21	0.0
145	input_spectra/bkgrnd-marine-broth.mzML	2782	0	328.273207122204	1	1030.4	0.0
135	input_spectra/bkgrnd-marine-broth.mzML	2783	0	304.233856201172	1	1031.06	0.0
135	input_spectra/bkgrnd-marine-broth.mzML	2784	0	304.233856201172	1	1031.25	0.0
135	input_spectra/bkgrnd-marine-broth.mzML	2785	0	304.233856201172	1	1041.33	0.0
135	input_spectra/bkgrnd-marine-broth.mzML	2786	0	304.233856201172	1	1041.52	0.0
130	input_spectra/bkgrnd-marine-broth.mzML	2787	0	286.223715888129	1	1042.57	0.0
130	input_spectra/bkgrnd-marine-broth.mzML	2788	0	286.223715888129	1	1042.77	0.0
129	input_spectra/bkgrnd-marine-broth.mzML	2789	0	286.223715888129	1	1043.42	0.0
129	input_spectra/bkgrnd-marine-broth.mzML	2790	0	286.223715888129	1	1043.61	0.0
128	input_spectra/bkgrnd-marine-broth.mzML	2791	0	286.223715888129	1	1044.27	0.0
129	input_spectra/bkgrnd-marine-broth.mzML	2792	0	286.223715888129	1	1044.46	0.0
154	input_spectra/bkgrnd-marine-broth.mzML	2793	0	346.281604003906	1	1046.72	0.0
155	input_spectra/bkgrnd-marine-broth.mzML	2794	0	346.281604003906	1	1046.91	0.0
146	input_spectra/bkgrnd-marine-broth.mzML	2795	0	328.273207122204	1	1047.57	0.0
145	input_spectra/bkgrnd-marine-broth.mzML	2796	0	328.273207122204	1	1047.76	0.0
146	input_spectra/bkgrnd-marine-broth.mzML	2797	0	328.273207122204	1	1048.42	0.0
145	input_spectra/bkgrnd-marine-broth.mzML	2798	0	328.273207122204	1	1048.61	0.0
146	input_spectra/bkgrnd-marine-broth.mzML	2799	0	328.273207122204	1	1049.26	0.0
148	input_spectra/bkgrnd-marine-broth.mzML	2800	0	328.273207122204	1	1049.46	0.0
154	input_spectra/bkgrnd-marine-broth.mzML	2801	0	346.281604003906	1	1055.72	0.0
155	input_spectra/bkgrnd-marine-broth.mzML	2802	0	346.281604003906	1	1055.91	0.0
129	input_spectra/bkgrnd-marine-broth.mzML	2803	0	286.223715888129	1	1061.58	0.0
129	input_spectra/bkgrnd-marine-broth.mzML	2804	0	286.223715888129	1	1061.77	0.0
130	input_spectra/bkgrnd-marine-broth.mzML	2805	0	286.223715888129	1	1062.43	0.0
129	input_spectra/bkgrnd-marine-broth.mzML	2806	0	286.223715888129	1	1062.62	0.0
128	input_spectra/bkgrnd-marine-broth.mzML	2807	0	286.223715888129	1	1063.28	0.0
129	input_spectra/bkgrnd-marine-broth.mzML	2808	0	286.223715888129	1	1063.47	0.0
146	input_spectra/bkgrnd-marine-broth.mzML	2809	0	328.273207122204	1	1066.53	0.0
145	input_spectra/bkgrnd-marine-broth.mzML	2810	0	328.273207122204	1	1066.72	0.0
146	input_spectra/bkgrnd-marine-broth.mzML	2811	0	328.273207122204	1	1067.37	0.0
148	input_spectra/bkgrnd-marine-broth.mzML	2812	0	328.273207122204	1	1067.57	0.0
146	input_spectra/bkgrnd-marine-broth.mzML	2813	0	328.273207122204	1	1068.22	0.0
145	input_spectra/bkgrnd-marine-broth.mzML	2814	0	328.273207122204	1	1068.41	0.0
154	input_spectra/bkgrnd-marine-broth.mzML	2815	0	346.281604003906	1	1069.67	0.0
155	input_spectra/bkgrnd-marine-broth.mzML	2816	0	346.281604003906	1	1069.86	0.0
135	input_spectra/bkgrnd-marine-broth.mzML	2817	0	304.233856201172	1	1074.33	0.0
135	input_spectra/bkgrnd-marine-broth.mzML	2818	0	304.233856201172	1	1074.52	0.0
135	input_spectra/bkgrnd-marine-broth.mzML	2819	0	304.233856201172	1	1076.98	0.0
135	input_spectra/bkgrnd-marine-broth.mzML	2820	0	304.233856201172	1	1077.17	0.0
135	input_spectra/bkgrnd-marine-broth.mzML	2821	0	304.233856201172	1	1078.23	0.0
135	input_spectra/bkgrnd-marine-broth.mzML	2822	0	304.233856201172	1	1078.42	0.0
128	input_spectra/bkgrnd-marine-broth.mzML	2823	0	286.223715888129	1	1080.68	0.0
129	input_spectra/bkgrnd-marine-broth.mzML	2824	0	286.223715888129	1	1080.87	0.0
128	input_spectra/bkgrnd-marine-broth.mzML	2825	0	286.223715888129	1	1081.52	0.0
129	input_spectra/bkgrnd-marine-broth.mzML	2826	0	286.223715888129	1	1081.71	0.0
128	input_spectra/bkgrnd-marine-broth.mzML	2827	0	286.223715888129	1	1082.37	0.0
128	input_spectra/bkgrnd-marine-broth.mzML	2828	0	286.223715888129	1	1082.56	0.0
146	input_spectra/bkgrnd-marine-broth.mzML	2829	0	328.273207122204	1	1085.67	0.0
145	input_spectra/bkgrnd-marine-broth.mzML	2830	0	328.273207122204	1	1085.86	0.0
146	input_spectra/bkgrnd-marine-broth.mzML	2831	0	328.273207122204	1	1086.52	0.0
145	input_spectra/bkgrnd-marine-broth.mzML	2832	0	328.273207122204	1	1086.71	0.0
146	input_spectra/bkgrnd-marine-broth.mzML	2833	0	328.273207122204	1	1087.36	0.0
145	input_spectra/bkgrnd-marine-broth.mzML	2834	0	328.273207122204	1	1087.56	0.0
75	input_spectra/bkgrnd-marine-broth.mzML	2835	0	185.112635294596	1	1094.92	0.0
75	input_spectra/bkgrnd-marine-broth.mzML	2836	0	185.112635294596	1	1095.11	0.0
75	input_spectra/bkgrnd-marine-broth.mzML	2837	0	185.112635294596	1	1096.37	0.0
75	input_spectra/bkgrnd-marine-broth.mzML	2838	0	185.112635294596	1	1096.56	0.0
75	input_spectra/bkgrnd-marine-broth.mzML	2839	0	185.112635294596	1	1097.42	0.0
75	input_spectra/bkgrnd-marine-broth.mzML	2840	0	185.112635294596	1	1097.61	0.0
135	input_spectra/bkgrnd-marine-broth.mzML	2841	0	304.233856201172	1	1099.47	0.0
135	input_spectra/bkgrnd-marine-broth.mzML	2842	0	304.233856201172	1	1099.66	0.0
128	input_spectra/bkgrnd-marine-broth.mzML	2843	0	286.223715888129	1	1100.31	0.0
129	input_spectra/bkgrnd-marine-broth.mzML	2844	0	286.223715888129	1	1100.5	0.0
128	input_spectra/bkgrnd-marine-broth.mzML	2845	0	286.223715888129	1	1101.16	0.0
129	input_spectra/bkgrnd-marine-broth.mzML	2846	0	286.223715888129	1	1101.35	0.0
135	input_spectra/bkgrnd-marine-broth.mzML	2847	0	304.233856201172	1	1101.54	0.0
135	input_spectra/bkgrnd-marine-broth.mzML	2848	0	304.233856201172	1	1101.73	0.0
128	input_spectra/bkgrnd-marine-broth.mzML	2849	0	286.223715888129	1	1102.39	0.0
129	input_spectra/bkgrnd-marine-broth.mzML	2850	0	286.223715888129	1	1102.58	0.0
135	input_spectra/bkgrnd-marine-broth.mzML	2851	0	304.233856201172	1	1103.24	0.0
135	input_spectra/bkgrnd-marine-broth.mzML	2852	0	304.233856201172	1	1103.43	0.0
144	input_spectra/bkgrnd-marine-broth.mzML	2853	0	328.273207122204	1	1105.09	0.0
147	input_spectra/bkgrnd-marine-broth.mzML	2854	0	328.273207122204	1	1105.28	0.0
146	input_spectra/bkgrnd-marine-broth.mzML	2855	0	328.273207122204	1	1105.94	0.0
147	input_spectra/bkgrnd-marine-broth.mzML	2856	0	328.273207122204	1	1106.13	0.0
146	input_spectra/bkgrnd-marine-broth.mzML	2857	0	328.273207122204	1	1106.78	0.0
147	input_spectra/bkgrnd-marine-broth.mzML	2858	0	328.273207122204	1	1106.97	0.0
146	input_spectra/bkgrnd-marine-broth.mzML	2859	0	328.273207122204	1	1124.06	0.0
147	input_spectra/bkgrnd-marine-broth.mzML	2860	0	328.273207122204	1	1124.26	0.0
147	input_spectra/bkgrnd-marine-broth.mzML	2861	0	328.273207122204	1	1124.91	0.0
147	input_spectra/bkgrnd-marine-broth.mzML	2862	0	328.273207122204	1	1125.1	0.0
147	input_spectra/bkgrnd-marine-broth.mzML	2863	0	328.273207122204	1	1125.76	0.0
144	input_spectra/bkgrnd-marine-broth.mzML	2864	0	328.273207122204	1	1125.95	0.0
215	input_spectra/bkgrnd-marine-broth.mzML	2865	0	495.476874457465	1	1135.83	0.0
216	input_spectra/bkgrnd-marine-broth.mzML	2866	0	495.476874457465	1	1136.02	0.0
215	input_spectra/bkgrnd-marine-broth.mzML	2867	0	495.476874457465	1	1141.28	0.0
216	input_spectra/bkgrnd-marine-broth.mzML	2868	0	495.476874457465	1	1141.47	0.0
142	input_spectra/bkgrnd-marine-broth.mzML	2869	0	328.273207122204	1	1143.13	0.0
144	input_spectra/bkgrnd-marine-broth.mzML	2870	0	328.273207122204	1	1143.32	0.0
142	input_spectra/bkgrnd-marine-broth.mzML	2871	0	328.273207122204	1	1143.98	0.0
147	input_spectra/bkgrnd-marine-broth.mzML	2872	0	328.273207122204	1	1144.17	0.0
144	input_spectra/bkgrnd-marine-broth.mzML	2873	0	328.273207122204	1	1144.83	0.0
144	input_spectra/bkgrnd-marine-broth.mzML	2874	0	328.273207122204	1	1145.02	0.0
215	input_spectra/bkgrnd-marine-broth.mzML	2875	0	495.476874457465	1	1145.68	0.0
216	input_spectra/bkgrnd-marine-broth.mzML	2876	0	495.476874457465	1	1145.87	0.0
75	input_spectra/bkgrnd-marine-broth.mzML	2877	0	185.112635294596	1	1162.16	0.0
75	input_spectra/bkgrnd-marine-broth.mzML	2878	0	185.112635294596	1	1162.35	0.0
147	input_spectra/bkgrnd-marine-broth.mzML	2879	0	328.273207122204	1	1163.0	0.0
144	input_spectra/bkgrnd-marine-broth.mzML	2880	0	328.273207122204	1	1163.2	0.0
215	input_spectra/bkgrnd-marine-broth.mzML	2881	0	495.476874457465	1	1163.39	0.0
216	input_spectra/bkgrnd-marine-broth.mzML	2882	0	495.476874457465	1	1163.58	0.0
147	input_spectra/bkgrnd-marine-broth.mzML	2883	0	328.273207122204	1	1164.24	0.0
145	input_spectra/bkgrnd-marine-broth.mzML	2884	0	328.273207122204	1	1164.43	0.0
215	input_spectra/bkgrnd-marine-broth.mzML	2885	0	495.476874457465	1	1164.62	0.0
216	input_spectra/bkgrnd-marine-broth.mzML	2886	0	495.476874457465	1	1164.81	0.0
142	input_spectra/bkgrnd-marine-broth.mzML	2887	0	328.273207122204	1	1165.47	0.0
147	input_spectra/bkgrnd-marine-broth.mzML	2888	0	328.273207122204	1	1165.66	0.0
215	input_spectra/bkgrnd-marine-broth.mzML	2889	0	495.476874457465	1	1165.85	0.0
216	input_spectra/bkgrnd-marine-broth.mzML	2890	0	495.476874457465	1	1166.04	0.0
75	input_spectra/bkgrnd-marine-broth.mzML	2891	0	185.112635294596	1	1167.1	0.0
75	input_spectra/bkgrnd-marine-broth.mzML	2892	0	185.112635294596	1	1167.29	0.0
75	input_spectra/bkgrnd-marine-broth.mzML	2893	0	185.112635294596	1	1170.15	0.0
75	input_spectra/bkgrnd-marine-broth.mzML	2894	0	185.112635294596	1	1170.34	0.0
147	input_spectra/bkgrnd-marine-broth.mzML	2895	0	328.273207122204	1	1182.71	0.0
215	input_spectra/bkgrnd-marine-broth.mzML	2896	0	495.476874457465	1	1182.9	0.0
216	input_spectra/bkgrnd-marine-broth.mzML	2897	0	495.476874457465	1	1183.09	0.0
146	input_spectra/bkgrnd-marine-broth.mzML	2898	0	328.273207122204	1	1183.75	0.0
143	input_spectra/bkgrnd-marine-broth.mzML	2899	0	328.273207122204	1	1183.94	0.0
215	input_spectra/bkgrnd-marine-broth.mzML	2900	0	495.476874457465	1	1184.13	0.0
216	input_spectra/bkgrnd-marine-broth.mzML	2901	0	495.476874457465	1	1184.32	0.0
142	input_spectra/bkgrnd-marine-broth.mzML	2902	0	328.273207122204	1	1184.98	0.0
147	input_spectra/bkgrnd-marine-broth.mzML	2903	0	328.273207122204	1	1185.17	0.0
215	input_spectra/bkgrnd-marine-broth.mzML	2904	0	495.476874457465	1	1185.36	0.0
216	input_spectra/bkgrnd-marine-broth.mzML	2905	0	495.476874457465	1	1185.55	0.0
75	input_spectra/bkgrnd-marine-broth.mzML	2906	0	185.112635294596	1	1188.06	0.0
75	input_spectra/bkgrnd-marine-broth.mzML	2907	0	185.112635294596	1	1188.25	0.0
75	input_spectra/bkgrnd-marine-broth.mzML	2908	0	185.112635294596	1	1188.91	0.0
75	input_spectra/bkgrnd-marine-broth.mzML	2909	0	185.112635294596	1	1189.1	0.0
75	input_spectra/bkgrnd-marine-broth.mzML	2910	0	185.112635294596	1	1189.75	0.0
75	input_spectra/bkgrnd-marine-broth.mzML	2911	0	185.112635294596	1	1189.95	0.0
