cluster index	number of spectra	parent mass	precursor charge	precursor mass	sum(precursor intensity)	RTMean	ATTRIBUTE_GROUP:GNPSGROUP:G1	ATTRIBUTE_GROUP:GNPSGROUP:G2	ATTRIBUTE_ORGANISM:GNPSGROUP:Vibrio_1A01	ATTRIBUTE_ORGANISM:GNPSGROUP:Vibrio_6D03	ATTRIBUTE_ORGANISM:GNPSGROUP:Phaeobacter_B2R04	ATTRIBUTE_ORGANISM:GNPSGROUP:Shewanella_B2R08	ATTRIBUTE_ORGANISM:GNPSGROUP:Roseovarius_B2R09	ATTRIBUTE_ORGANISM:GNPSGROUP:Colwellia_C2M19	ATTRIBUTE_ORGANISM:GNPSGROUP:Paracoccus_C2R07	ATTRIBUTE_ORGANISM:GNPSGROUP:Salipiger_C3M06	ATTRIBUTE_ORGANISM:GNPSGROUP:Acinetobacter_D3M06	ATTRIBUTE_ORGANISM:GNPSGROUP:Arenibacter_D3M17	ATTRIBUTE_ORGANISM:GNPSGROUP:Motilimonas_G1M02	ATTRIBUTE_ORGANISM:GNPSGROUP:nan	ATTRIBUTE_PERFILEGROUPING:GNPSGROUP:1-1A01.mzML	ATTRIBUTE_PERFILEGROUPING:GNPSGROUP:2-6D03.mzML	ATTRIBUTE_PERFILEGROUPING:GNPSGROUP:3-B2R04.mzML	ATTRIBUTE_PERFILEGROUPING:GNPSGROUP:4-B2R08.mzML	ATTRIBUTE_PERFILEGROUPING:GNPSGROUP:5-B2R09.mzML	ATTRIBUTE_PERFILEGROUPING:GNPSGROUP:6-C2M19.mzML	ATTRIBUTE_PERFILEGROUPING:GNPSGROUP:7-C2R07_2.mzML	ATTRIBUTE_PERFILEGROUPING:GNPSGROUP:8-C3M06.mzML	ATTRIBUTE_PERFILEGROUPING:GNPSGROUP:9-D3M06.mzML	ATTRIBUTE_PERFILEGROUPING:GNPSGROUP:10-D3M17.mzML	ATTRIBUTE_PERFILEGROUPING:GNPSGROUP:11-G1M02.mzML	ATTRIBUTE_PERFILEGROUPING:GNPSGROUP:bkgrnd-marine-broth.mzML	ATTRIBUTE_GROUP	ATTRIBUTE_ORGANISM	ATTRIBUTE_PERFILEGROUPING	component	SpectrumID	#Scan#	SpectrumFile	LibraryName	MQScore	TIC_Query	RT_Query	MZErrorPPM	SharedPeaks	MassDiff	SpecMZ	SpecCharge	FileScanUniqueID	NumberHits	Compound_Name	Ion_Source	Instrument	Compound_Source	PI	Data_Collector	Adduct	Precursor_MZ	ExactMass	Charge	CAS_Number	Pubmed_ID	Smiles	INCHI	INCHI_AUX	Library_Class	IonMode	Organism	LibMZ	UpdateWorkflowName	LibraryQualityString	tags	molecular_formula	InChIKey	InChIKey-Planar	superclass	class	subclass	npclassifier_superclass	npclassifier_class	npclassifier_pathway	library_usi
1	14	103.05396670386892	1	103.05396670386892	0.0	282.62807142857145	14	0	0	0	0	0	1	3	2	2	3	3	0	0	0	0	0	0	1	3	2	2	3	3	0	0	G1	Roseovarius_B2R09,Colwellia_C2M19,Paracoccus_C2R07,Salipiger_C3M06,Acinetobacter_D3M06,Arenibacter_D3M17	5-B2R09.mzML,6-C2M19.mzML,7-C2R07_2.mzML,8-C3M06.mzML,9-D3M06.mzML,10-D3M17.mzML	7	CCMSLIB00017431222	1.0	specs_ms.mgf	GNPS-ION-MOBILITY-LIBRARY.mgf	0.822599	143550.0	280.762	9363.44	6.0	0.97406	103.054	1.0	temp/specs_ms.mgf1	1.0	3-hydroxybenzaldehyde [CCS=112.9464111328125]	LC-ESI	ToF	Crude	Pieter Dorrestein	victoriadeleray	[M+H-H2O]+	104.028	122.037	1.0			O=CC1=CC=CC(O)=C1	InChI=1S/C7H6O2/c8-5-6-2-1-3-7(9)4-6/h1-5,9H		1.0	Positive	GNPS-ION-MOBILITY-LIBRARY	104.028	UPDATE-SINGLE-ANNOTATED-GOLD	Gold		C7H6O2	IAVREABSGIHHMO-UHFFFAOYSA-N	IAVREABSGIHHMO	Organic oxygen compounds	Organooxygen compounds	Carbonyl compounds	Phenolic acids (C6-C1)	Shikimic acids and derivatives|Simple phenolic acids	Shikimates and Phenylpropanoids	mzspec:GNPS:GNPS-LIBRARY:CCMSLIB00017431222
2	15	103.05397186279284	1	103.05397186279284	0.0	282.8816666666667	15	0	0	0	0	0	1	3	2	3	3	3	0	0	0	0	0	0	1	3	2	3	3	3	0	0	G1	Roseovarius_B2R09,Colwellia_C2M19,Paracoccus_C2R07,Salipiger_C3M06,Acinetobacter_D3M06,Arenibacter_D3M17	5-B2R09.mzML,6-C2M19.mzML,7-C2R07_2.mzML,8-C3M06.mzML,9-D3M06.mzML,10-D3M17.mzML	7																																														
3	6	105.06956481933598	1	105.06956481933598	0.0	316.66283333333337	6	0	0	0	0	0	0	0	0	0	0	6	0	0	0	0	0	0	0	0	0	0	0	6	0	0	G1	Arenibacter_D3M17	10-D3M17.mzML	7																																														
4	36	110.00889068179656	1	110.00889068179652	0.0	106.21819444444444	33	3	3	3	3	3	3	3	3	3	3	3	3	0	3	3	3	3	3	3	3	3	3	3	3	3	G1,G2	Vibrio_1A01,Vibrio_6D03,Phaeobacter_B2R04,Shewanella_B2R08,Roseovarius_B2R09,Colwellia_C2M19,Paracoccus_C2R07,Salipiger_C3M06,Acinetobacter_D3M06,Arenibacter_D3M17,Motilimonas_G1M02	1-1A01.mzML,2-6D03.mzML,3-B2R04.mzML,4-B2R08.mzML,5-B2R09.mzML,6-C2M19.mzML,7-C2R07_2.mzML,8-C3M06.mzML,9-D3M06.mzML,10-D3M17.mzML,11-G1M02.mzML,bkgrnd-marine-broth.mzML	-1																																														
5	108	110.00889068179652	1	110.00889068179649	0.0	119.97274074074076	99	9	9	9	9	9	9	9	9	9	9	9	9	0	9	9	9	9	9	9	9	9	9	9	9	9	G1,G2	Vibrio_1A01,Vibrio_6D03,Phaeobacter_B2R04,Shewanella_B2R08,Roseovarius_B2R09,Colwellia_C2M19,Paracoccus_C2R07,Salipiger_C3M06,Acinetobacter_D3M06,Arenibacter_D3M17,Motilimonas_G1M02	1-1A01.mzML,2-6D03.mzML,3-B2R04.mzML,4-B2R08.mzML,5-B2R09.mzML,6-C2M19.mzML,7-C2R07_2.mzML,8-C3M06.mzML,9-D3M06.mzML,10-D3M17.mzML,11-G1M02.mzML,bkgrnd-marine-broth.mzML	7																																														
6	6	113.033991495768	1	113.033991495768	0.0	189.9838333333333	6	0	0	0	0	6	0	0	0	0	0	0	0	0	0	0	0	6	0	0	0	0	0	0	0	0	G1	Shewanella_B2R08	4-B2R08.mzML	-1																																														
7	46	113.9631894982382	1	113.96318949823818	0.0	296.19778260869566	46	0	0	0	0	12	0	16	0	0	0	6	12	0	0	0	0	12	0	16	0	0	0	6	12	0	G1	Shewanella_B2R08,Colwellia_C2M19,Arenibacter_D3M17,Motilimonas_G1M02	4-B2R08.mzML,6-C2M19.mzML,10-D3M17.mzML,11-G1M02.mzML	7																																														
8	6	116.07022942437102	1	116.07022942437102	0.0	143.92883333333336	6	0	0	0	0	0	0	0	0	0	0	6	0	0	0	0	0	0	0	0	0	0	0	6	0	0	G1	Arenibacter_D3M17	10-D3M17.mzML	7																																														
9	6	116.07022942437102	1	116.07022942437102	0.0	173.57533333333336	6	0	0	0	0	0	0	0	0	0	0	6	0	0	0	0	0	0	0	0	0	0	0	6	0	0	G1	Arenibacter_D3M17	10-D3M17.mzML	94																																														
10	6	116.07022942437102	1	116.07022942437102	0.0	173.7663333333333	6	0	0	0	0	0	0	0	0	0	0	6	0	0	0	0	0	0	0	0	0	0	0	6	0	0	G1	Arenibacter_D3M17	10-D3M17.mzML	94																																														
11	131	117.0728418019039	1	117.07284180190402	0.0	208.2566017811705	130	1	2	11	9	12	17	11	18	7	14	14	15	0	2	11	9	12	17	11	18	7	14	14	15	1	G1,G2	Vibrio_1A01,Vibrio_6D03,Phaeobacter_B2R04,Shewanella_B2R08,Roseovarius_B2R09,Colwellia_C2M19,Paracoccus_C2R07,Salipiger_C3M06,Acinetobacter_D3M06,Arenibacter_D3M17,Motilimonas_G1M02	1-1A01.mzML,2-6D03.mzML,3-B2R04.mzML,4-B2R08.mzML,5-B2R09.mzML,6-C2M19.mzML,7-C2R07_2.mzML,8-C3M06.mzML,9-D3M06.mzML,10-D3M17.mzML,11-G1M02.mzML,bkgrnd-marine-broth.mzML	10																																														
12	30	117.07281668123105	1	117.07281668123105	0.0	207.51523333333333	30	0	0	1	3	2	5	1	3	4	4	4	3	0	0	1	3	2	5	1	3	4	4	4	3	0	G1	Vibrio_6D03,Phaeobacter_B2R04,Shewanella_B2R08,Roseovarius_B2R09,Colwellia_C2M19,Paracoccus_C2R07,Salipiger_C3M06,Acinetobacter_D3M06,Arenibacter_D3M17,Motilimonas_G1M02	2-6D03.mzML,3-B2R04.mzML,4-B2R08.mzML,5-B2R09.mzML,6-C2M19.mzML,7-C2R07_2.mzML,8-C3M06.mzML,9-D3M06.mzML,10-D3M17.mzML,11-G1M02.mzML	10																																														
13	56	117.07286763785908	1	117.07286763785922	0.0	222.39955059523808	55	1	1	4	4	5	4	8	6	7	5	7	4	0	1	4	4	5	4	8	6	7	5	7	4	1	G1,G2	Vibrio_1A01,Vibrio_6D03,Phaeobacter_B2R04,Shewanella_B2R08,Roseovarius_B2R09,Colwellia_C2M19,Paracoccus_C2R07,Salipiger_C3M06,Acinetobacter_D3M06,Arenibacter_D3M17,Motilimonas_G1M02	1-1A01.mzML,2-6D03.mzML,3-B2R04.mzML,4-B2R08.mzML,5-B2R09.mzML,6-C2M19.mzML,7-C2R07_2.mzML,8-C3M06.mzML,9-D3M06.mzML,10-D3M17.mzML,11-G1M02.mzML,bkgrnd-marine-broth.mzML	10																																														
14	24	117.07308912277222	1	117.0730891227722	0.0	298.5283125	22	2	2	0	4	1	2	3	0	2	2	3	3	0	2	0	4	1	2	3	0	2	2	3	3	2	G1,G2	Vibrio_1A01,Phaeobacter_B2R04,Shewanella_B2R08,Roseovarius_B2R09,Colwellia_C2M19,Salipiger_C3M06,Acinetobacter_D3M06,Arenibacter_D3M17,Motilimonas_G1M02	1-1A01.mzML,3-B2R04.mzML,4-B2R08.mzML,5-B2R09.mzML,6-C2M19.mzML,8-C3M06.mzML,9-D3M06.mzML,10-D3M17.mzML,11-G1M02.mzML,bkgrnd-marine-broth.mzML	10																																														
15	61	117.07280633724385	1	117.0728063372439	0.0	203.6066885245901	61	0	0	8	5	6	7	4	7	7	7	2	8	0	0	8	5	6	7	4	7	7	7	2	8	0	G1	Vibrio_6D03,Phaeobacter_B2R04,Shewanella_B2R08,Roseovarius_B2R09,Colwellia_C2M19,Paracoccus_C2R07,Salipiger_C3M06,Acinetobacter_D3M06,Arenibacter_D3M17,Motilimonas_G1M02	2-6D03.mzML,3-B2R04.mzML,4-B2R08.mzML,5-B2R09.mzML,6-C2M19.mzML,7-C2R07_2.mzML,8-C3M06.mzML,9-D3M06.mzML,10-D3M17.mzML,11-G1M02.mzML	10																																														
16	49	117.07282274998148	1	117.07282274998153	0.0	125.69079931972789	49	0	0	7	7	5	3	3	2	9	4	3	6	0	0	7	7	5	3	3	2	9	4	3	6	0	G1	Vibrio_6D03,Phaeobacter_B2R04,Shewanella_B2R08,Roseovarius_B2R09,Colwellia_C2M19,Paracoccus_C2R07,Salipiger_C3M06,Acinetobacter_D3M06,Arenibacter_D3M17,Motilimonas_G1M02	2-6D03.mzML,3-B2R04.mzML,4-B2R08.mzML,5-B2R09.mzML,6-C2M19.mzML,7-C2R07_2.mzML,8-C3M06.mzML,9-D3M06.mzML,10-D3M17.mzML,11-G1M02.mzML	10																																														
17	35	117.07279948366464	1	117.07279948366468	0.0	223.42544285714288	35	0	0	5	4	5	3	4	5	1	2	2	4	0	0	5	4	5	3	4	5	1	2	2	4	0	G1	Vibrio_6D03,Phaeobacter_B2R04,Shewanella_B2R08,Roseovarius_B2R09,Colwellia_C2M19,Paracoccus_C2R07,Salipiger_C3M06,Acinetobacter_D3M06,Arenibacter_D3M17,Motilimonas_G1M02	2-6D03.mzML,3-B2R04.mzML,4-B2R08.mzML,5-B2R09.mzML,6-C2M19.mzML,7-C2R07_2.mzML,8-C3M06.mzML,9-D3M06.mzML,10-D3M17.mzML,11-G1M02.mzML	10																																														
18	45	117.07292509936778	1	117.07292509936777	0.0	373.7608444444445	43	2	1	0	6	6	1	8	1	5	4	6	5	0	1	0	6	6	1	8	1	5	4	6	5	2	G1,G2	Vibrio_1A01,Phaeobacter_B2R04,Shewanella_B2R08,Roseovarius_B2R09,Colwellia_C2M19,Paracoccus_C2R07,Salipiger_C3M06,Acinetobacter_D3M06,Arenibacter_D3M17,Motilimonas_G1M02	1-1A01.mzML,3-B2R04.mzML,4-B2R08.mzML,5-B2R09.mzML,6-C2M19.mzML,7-C2R07_2.mzML,8-C3M06.mzML,9-D3M06.mzML,10-D3M17.mzML,11-G1M02.mzML,bkgrnd-marine-broth.mzML	10																																														
19	70	118.08644343239908	1	118.08644343239914	0.0	162.47562857142856	64	6	9	9	0	6	0	9	9	3	7	6	6	0	9	9	0	6	0	9	9	3	7	6	6	6	G1,G2	Vibrio_1A01,Vibrio_6D03,Shewanella_B2R08,Colwellia_C2M19,Paracoccus_C2R07,Salipiger_C3M06,Acinetobacter_D3M06,Arenibacter_D3M17,Motilimonas_G1M02	1-1A01.mzML,2-6D03.mzML,4-B2R08.mzML,6-C2M19.mzML,7-C2R07_2.mzML,8-C3M06.mzML,9-D3M06.mzML,10-D3M17.mzML,11-G1M02.mzML,bkgrnd-marine-broth.mzML	7	CCMSLIB00006121006	19.0	specs_ms.mgf	BIRMINGHAM-UHPLC-MS-POS.mgf	0.900989	30090.3	182.872	1.29218	7.0	0.000152588	118.086	1.0	temp/specs_ms.mgf19	1.0	Carboxy-N,N,N-trimethylmethanaminium - 40.0 eV	ESI	Orbitrap	Isolated	PI	Data Collector	M	118.086	0.0	1.0			C[N+](C)(C)CC(=O)O	InChI=1S/C5H11NO2/c1-6(2,3)4-5(7)8/h4H2,1-3H3/p+1		1.0	Positive	BIRMINGHAM-UHPLC-MS-POS	118.086	UPDATE-SINGLE-ANNOTATED-GOLD	Gold			KWIUHFFTVRNATP-UHFFFAOYSA-O	KWIUHFFTVRNATP	Organic acids and derivatives	Carboxylic acids and derivatives	Amino acids, peptides, and analogues				mzspec:GNPS:GNPS-LIBRARY:CCMSLIB00006121006
20	86	118.08638586542077	1	118.0863858654208	0.0	164.8120581395349	77	9	9	9	0	9	0	9	9	8	9	9	6	0	9	9	0	9	0	9	9	8	9	9	6	9	G1,G2	Vibrio_1A01,Vibrio_6D03,Shewanella_B2R08,Colwellia_C2M19,Paracoccus_C2R07,Salipiger_C3M06,Acinetobacter_D3M06,Arenibacter_D3M17,Motilimonas_G1M02	1-1A01.mzML,2-6D03.mzML,4-B2R08.mzML,6-C2M19.mzML,7-C2R07_2.mzML,8-C3M06.mzML,9-D3M06.mzML,10-D3M17.mzML,11-G1M02.mzML,bkgrnd-marine-broth.mzML	7																																														
21	20	118.0860794067382	1	118.08607940673826	0.0	166.61124999999998	17	3	0	0	3	3	0	0	0	6	2	3	0	0	0	0	3	3	0	0	0	6	2	3	0	3	G1,G2	Phaeobacter_B2R04,Shewanella_B2R08,Salipiger_C3M06,Acinetobacter_D3M06,Arenibacter_D3M17	3-B2R04.mzML,4-B2R08.mzML,8-C3M06.mzML,9-D3M06.mzML,10-D3M17.mzML,bkgrnd-marine-broth.mzML	94																																														
22	12	118.08583638932951	1	118.08583638932951	0.0	209.72583333333336	12	0	0	0	0	3	0	1	3	0	2	3	0	0	0	0	0	3	0	1	3	0	2	3	0	0	G1	Shewanella_B2R08,Colwellia_C2M19,Paracoccus_C2R07,Acinetobacter_D3M06,Arenibacter_D3M17	4-B2R08.mzML,6-C2M19.mzML,7-C2R07_2.mzML,9-D3M06.mzML,10-D3M17.mzML	5																																														
23	9	118.08583814832878	1	118.08583814832878	0.0	208.44722222222225	9	0	0	0	0	3	0	1	2	0	2	1	0	0	0	0	0	3	0	1	2	0	2	1	0	0	G1	Shewanella_B2R08,Colwellia_C2M19,Paracoccus_C2R07,Acinetobacter_D3M06,Arenibacter_D3M17	4-B2R08.mzML,6-C2M19.mzML,7-C2R07_2.mzML,9-D3M06.mzML,10-D3M17.mzML	5																																														
24	3	118.08587985568568	1	118.08587985568568	0.0	212.734	3	0	0	0	0	0	0	0	1	0	1	1	0	0	0	0	0	0	0	0	1	0	1	1	0	0	G1	Paracoccus_C2R07,Acinetobacter_D3M06,Arenibacter_D3M17	7-C2R07_2.mzML,9-D3M06.mzML,10-D3M17.mzML	5																																														
25	3	118.085833231608	1	118.085833231608	0.0	153.29066666666668	3	0	0	0	3	0	0	0	0	0	0	0	0	0	0	0	3	0	0	0	0	0	0	0	0	0	G1	Phaeobacter_B2R04	3-B2R04.mzML	7																																														
26	2	118.086082458496	1	118.086082458496	0.0	180.1125	2	0	0	0	0	0	0	0	0	0	0	0	2	0	0	0	0	0	0	0	0	0	0	0	2	0	G1	Motilimonas_G1M02	11-G1M02.mzML	-1																																														
27	4	120.044278462728	1	120.044278462728	0.0	524.0065	4	0	0	0	0	0	0	0	0	0	0	4	0	0	0	0	0	0	0	0	0	0	0	4	0	0	G1	Arenibacter_D3M17	10-D3M17.mzML	119																																														
28	2	120.044278462728	1	120.044278462728	0.0	524.4979999999999	2	0	0	0	0	0	0	0	0	0	0	2	0	0	0	0	0	0	0	0	0	0	0	2	0	0	G1	Arenibacter_D3M17	10-D3M17.mzML	119																																														
29	55	120.08084286041388	1	120.08084286041392	0.0	316.0324545454545	49	6	3	2	4	4	6	5	6	5	3	6	5	0	3	2	4	4	6	5	6	5	3	6	5	6	G1,G2	Vibrio_1A01,Vibrio_6D03,Phaeobacter_B2R04,Shewanella_B2R08,Roseovarius_B2R09,Colwellia_C2M19,Paracoccus_C2R07,Salipiger_C3M06,Acinetobacter_D3M06,Arenibacter_D3M17,Motilimonas_G1M02	1-1A01.mzML,2-6D03.mzML,3-B2R04.mzML,4-B2R08.mzML,5-B2R09.mzML,6-C2M19.mzML,7-C2R07_2.mzML,8-C3M06.mzML,9-D3M06.mzML,10-D3M17.mzML,11-G1M02.mzML,bkgrnd-marine-broth.mzML	7																																														
30	12	120.08511670430508	1	120.08511670430508	0.0	281.75083333333333	9	3	0	0	0	0	2	3	2	2	0	0	0	0	0	0	0	0	2	3	2	2	0	0	0	3	G1,G2	Roseovarius_B2R09,Colwellia_C2M19,Paracoccus_C2R07,Salipiger_C3M06	5-B2R09.mzML,6-C2M19.mzML,7-C2R07_2.mzML,8-C3M06.mzML,bkgrnd-marine-broth.mzML	7																																														
31	64	120.08051685680697	1	120.08051685680704	0.0	293.29676562500003	64	0	0	0	4	6	8	9	8	8	6	11	4	0	0	0	4	6	8	9	8	8	6	11	4	0	G1	Phaeobacter_B2R04,Shewanella_B2R08,Roseovarius_B2R09,Colwellia_C2M19,Paracoccus_C2R07,Salipiger_C3M06,Acinetobacter_D3M06,Arenibacter_D3M17,Motilimonas_G1M02	3-B2R04.mzML,4-B2R08.mzML,5-B2R09.mzML,6-C2M19.mzML,7-C2R07_2.mzML,8-C3M06.mzML,9-D3M06.mzML,10-D3M17.mzML,11-G1M02.mzML	7																																														
32	22	120.08300022934426	1	120.08300022934426	0.0	284.7689545454546	15	7	0	3	0	2	0	0	1	2	4	3	0	0	0	3	0	2	0	0	1	2	4	3	0	7	G1,G2	Vibrio_6D03,Shewanella_B2R08,Paracoccus_C2R07,Salipiger_C3M06,Acinetobacter_D3M06,Arenibacter_D3M17	2-6D03.mzML,4-B2R08.mzML,7-C2R07_2.mzML,8-C3M06.mzML,9-D3M06.mzML,10-D3M17.mzML,bkgrnd-marine-broth.mzML	7																																														
33	12	120.08511670430508	1	120.08511670430508	0.0	281.55966666666666	9	3	0	0	0	0	2	3	2	2	0	0	0	0	0	0	0	0	2	3	2	2	0	0	0	3	G1,G2	Roseovarius_B2R09,Colwellia_C2M19,Paracoccus_C2R07,Salipiger_C3M06	5-B2R09.mzML,6-C2M19.mzML,7-C2R07_2.mzML,8-C3M06.mzML,bkgrnd-marine-broth.mzML	7																																														
34	47	120.08051897275452	1	120.08051897275456	0.0	285.1966170212766	47	0	0	0	2	6	6	7	6	5	5	6	4	0	0	0	2	6	6	7	6	5	5	6	4	0	G1	Phaeobacter_B2R04,Shewanella_B2R08,Roseovarius_B2R09,Colwellia_C2M19,Paracoccus_C2R07,Salipiger_C3M06,Acinetobacter_D3M06,Arenibacter_D3M17,Motilimonas_G1M02	3-B2R04.mzML,4-B2R08.mzML,5-B2R09.mzML,6-C2M19.mzML,7-C2R07_2.mzML,8-C3M06.mzML,9-D3M06.mzML,10-D3M17.mzML,11-G1M02.mzML	7																																														
35	21	120.08304407028928	1	120.08304407028928	0.0	283.09280952380954	15	6	0	3	0	2	0	0	1	2	4	3	0	0	0	3	0	2	0	0	1	2	4	3	0	6	G1,G2	Vibrio_6D03,Shewanella_B2R08,Paracoccus_C2R07,Salipiger_C3M06,Acinetobacter_D3M06,Arenibacter_D3M17	2-6D03.mzML,4-B2R08.mzML,7-C2R07_2.mzML,8-C3M06.mzML,9-D3M06.mzML,10-D3M17.mzML,bkgrnd-marine-broth.mzML	7																																														
36	35	120.08098973247456	1	120.0809897324746	0.0	315.1516571428572	30	5	3	2	2	4	4	3	1	2	2	2	5	0	3	2	2	4	4	3	1	2	2	2	5	5	G1,G2	Vibrio_1A01,Vibrio_6D03,Phaeobacter_B2R04,Shewanella_B2R08,Roseovarius_B2R09,Colwellia_C2M19,Paracoccus_C2R07,Salipiger_C3M06,Acinetobacter_D3M06,Arenibacter_D3M17,Motilimonas_G1M02	1-1A01.mzML,2-6D03.mzML,3-B2R04.mzML,4-B2R08.mzML,5-B2R09.mzML,6-C2M19.mzML,7-C2R07_2.mzML,8-C3M06.mzML,9-D3M06.mzML,10-D3M17.mzML,11-G1M02.mzML,bkgrnd-marine-broth.mzML	7																																														
37	3	120.080488840739	1	120.080488840739	0.0	334.34433333333334	3	0	0	0	0	0	0	0	3	0	0	0	0	0	0	0	0	0	0	0	3	0	0	0	0	0	G1	Paracoccus_C2R07	7-C2R07_2.mzML	-1																																														
38	60	121.06482518514	1	121.06482518513992	0.0	201.9304	54	6	6	0	0	6	6	6	6	6	6	6	6	0	6	0	0	6	6	6	6	6	6	6	6	6	G1,G2	Vibrio_1A01,Shewanella_B2R08,Roseovarius_B2R09,Colwellia_C2M19,Paracoccus_C2R07,Salipiger_C3M06,Acinetobacter_D3M06,Arenibacter_D3M17,Motilimonas_G1M02	1-1A01.mzML,4-B2R08.mzML,5-B2R09.mzML,6-C2M19.mzML,7-C2R07_2.mzML,8-C3M06.mzML,9-D3M06.mzML,10-D3M17.mzML,11-G1M02.mzML,bkgrnd-marine-broth.mzML	7	CCMSLIB00003134604	38.0	specs_ms.mgf	GNPS-NIST14-MATCHES.mgf	0.967046	58932.6	201.816	16095.4	6.0	1.98045	121.065	1.0	temp/specs_ms.mgf38	1.0	Spectral Match to Benzoic acid from NIST14	ESI	QQQ	Isolated	Data from Rob Knight	Data deposited by aaksenov	M+H	123.045	122.037	1.0	65850		C1=CC=C(C=C1)C(=O)O	InChI=1S/C7H6O2/c8-7(9)6-4-2-1-3-5-6/h1-5H,(H,8,9)		3.0	Positive	GNPS-NIST14-MATCHES	123.045	UPDATE-SINGLE-ANNOTATED-BRONZE	Bronze		C7H6O2	WPYMKLBDIGXBTP-UHFFFAOYSA-N	WPYMKLBDIGXBTP	Benzenoids	Benzene and substituted derivatives	Benzoic acids and derivatives	Phenolic acids (C6-C1)	Simple phenolic acids	Shikimates and Phenylpropanoids	mzspec:GNPS:GNPS-LIBRARY:CCMSLIB00003134604
39	10	122.096512031555	1	122.09651203155502	0.0	319.0994	10	0	0	3	3	0	0	1	0	0	0	3	0	0	0	3	3	0	0	1	0	0	0	3	0	0	G1	Vibrio_6D03,Phaeobacter_B2R04,Colwellia_C2M19,Arenibacter_D3M17	2-6D03.mzML,3-B2R04.mzML,6-C2M19.mzML,10-D3M17.mzML	7																																														
40	10	122.096512031555	1	122.09651203155502	0.0	319.2905	10	0	0	3	3	0	0	1	0	0	0	3	0	0	0	3	3	0	0	1	0	0	0	3	0	0	G1	Vibrio_6D03,Phaeobacter_B2R04,Colwellia_C2M19,Arenibacter_D3M17	2-6D03.mzML,3-B2R04.mzML,6-C2M19.mzML,10-D3M17.mzML	7																																														
41	6	122.09605587853316	1	122.09605587853316	0.0	18.9845	6	0	0	0	1	0	1	0	1	0	1	0	2	0	0	0	1	0	1	0	1	0	1	0	2	0	G1	Phaeobacter_B2R04,Roseovarius_B2R09,Paracoccus_C2R07,Acinetobacter_D3M06,Motilimonas_G1M02	3-B2R04.mzML,5-B2R09.mzML,7-C2R07_2.mzML,9-D3M06.mzML,11-G1M02.mzML	142																																														
42	2	122.0960782368975	1	122.0960782368975	0.0	18.82875	2	0	0	0	0	0	0	0	0	0	1	0	1	0	0	0	0	0	0	0	0	0	1	0	1	0	G1	Acinetobacter_D3M06,Motilimonas_G1M02	9-D3M06.mzML,11-G1M02.mzML	142																																														
43	48	122.96373526255316	1	122.9637352625532	0.0	292.3574791666667	48	0	0	0	0	2	0	0	0	0	0	0	46	0	0	0	0	2	0	0	0	0	0	0	46	0	G1	Shewanella_B2R08,Motilimonas_G1M02	4-B2R08.mzML,11-G1M02.mzML	-1																																														
44	23	123.04385641346794	1	123.04385641346794	0.0	210.2775652173913	20	3	0	0	0	0	4	6	0	6	0	4	0	0	0	0	0	0	4	6	0	6	0	4	0	3	G1,G2	Roseovarius_B2R09,Colwellia_C2M19,Salipiger_C3M06,Arenibacter_D3M17	5-B2R09.mzML,6-C2M19.mzML,8-C3M06.mzML,10-D3M17.mzML,bkgrnd-marine-broth.mzML	-1																																														
45	109	125.986260529031	1	125.9862605290309	0.0	115.85888073394496	102	7	6	8	12	8	12	7	10	12	10	9	8	0	6	8	12	8	12	7	10	12	10	9	8	7	G1,G2	Vibrio_1A01,Vibrio_6D03,Phaeobacter_B2R04,Shewanella_B2R08,Roseovarius_B2R09,Colwellia_C2M19,Paracoccus_C2R07,Salipiger_C3M06,Acinetobacter_D3M06,Arenibacter_D3M17,Motilimonas_G1M02	1-1A01.mzML,2-6D03.mzML,3-B2R04.mzML,4-B2R08.mzML,5-B2R09.mzML,6-C2M19.mzML,7-C2R07_2.mzML,8-C3M06.mzML,9-D3M06.mzML,10-D3M17.mzML,11-G1M02.mzML,bkgrnd-marine-broth.mzML	7																																														
46	25	125.9865172526042	1	125.9865172526042	0.0	128.68824	22	3	2	4	0	4	0	5	2	0	2	3	0	0	2	4	0	4	0	5	2	0	2	3	0	3	G1,G2	Vibrio_1A01,Vibrio_6D03,Shewanella_B2R08,Colwellia_C2M19,Paracoccus_C2R07,Acinetobacter_D3M06,Arenibacter_D3M17	1-1A01.mzML,2-6D03.mzML,4-B2R08.mzML,6-C2M19.mzML,7-C2R07_2.mzML,9-D3M06.mzML,10-D3M17.mzML,bkgrnd-marine-broth.mzML	-1																																														
47	5	127.049627685547	1	127.049627685547	0.0	230.124	5	0	0	0	0	3	0	0	0	0	0	2	0	0	0	0	0	3	0	0	0	0	0	2	0	0	G1	Shewanella_B2R08,Arenibacter_D3M17	4-B2R08.mzML,10-D3M17.mzML	98	CCMSLIB00006125396	47.0	specs_ms.mgf	BIRMINGHAM-UHPLC-MS-NEG.mgf	0.851742	10851.5	230.447	7803.27	7.0	0.983727	127.05	1.0	temp/specs_ms.mgf47	1.0	5-Methylcytosine - 40.0 eV	ESI	Orbitrap	Isolated	PI	Data Collector	M+H	126.066	0.0	1.0			Cc1cnc([nH]c1=N)O	InChI=1S/C5H7N3O/c1-3-2-7-5(9)8-4(3)6/h2H,1H3,(H3,6,7,8,9)		1.0	Positive	BIRMINGHAM-UHPLC-MS-NEG	126.066	UPDATE-SINGLE-ANNOTATED-GOLD	Gold		C5H7N3O	LRSASMSXMSNRBT-UHFFFAOYSA-N	LRSASMSXMSNRBT	Organoheterocyclic compounds	Diazines	Pyrimidines and pyrimidine derivatives	Nicotinic acid alkaloids	Pyridine alkaloids	Alkaloids	mzspec:GNPS:GNPS-LIBRARY:CCMSLIB00006125396
48	5	127.0496643066408	1	127.0496643066408	0.0	249.06840000000005	5	0	0	0	0	2	0	0	0	0	1	2	0	0	0	0	0	2	0	0	0	0	1	2	0	0	G1	Shewanella_B2R08,Acinetobacter_D3M06,Arenibacter_D3M17	4-B2R08.mzML,9-D3M06.mzML,10-D3M17.mzML	98																																														
49	5	127.0497090657556	1	127.0497090657556	0.0	229.92300000000003	5	0	0	0	0	0	0	2	3	0	0	0	0	0	0	0	0	0	0	2	3	0	0	0	0	0	G1	Colwellia_C2M19,Paracoccus_C2R07	6-C2M19.mzML,7-C2R07_2.mzML	98	CCMSLIB00006122548	49.0	specs_ms.mgf	BIRMINGHAM-UHPLC-MS-POS.mgf	0.8634	8708.0	230.913	7803.14	6.0	0.983711	127.05	1.0	temp/specs_ms.mgf49	1.0	5-Methylcytosine - 40.0 eV	ESI	Orbitrap	Isolated	PI	Data Collector	M+H	126.066	0.0	1.0			Cc1cnc([nH]c1=N)O	InChI=1S/C5H7N3O/c1-3-2-7-5(9)8-4(3)6/h2H,1H3,(H3,6,7,8,9)		1.0	Positive	BIRMINGHAM-UHPLC-MS-POS	126.066	UPDATE-SINGLE-ANNOTATED-GOLD	Gold		C5H7N3O	LRSASMSXMSNRBT-UHFFFAOYSA-N	LRSASMSXMSNRBT	Organoheterocyclic compounds	Diazines	Pyrimidines and pyrimidine derivatives	Nicotinic acid alkaloids	Pyridine alkaloids	Alkaloids	mzspec:GNPS:GNPS-LIBRARY:CCMSLIB00006122548
50	8	127.049743652344	1	127.049743652344	0.0	264.608	8	0	0	0	0	0	1	2	3	0	2	0	0	0	0	0	0	0	1	2	3	0	2	0	0	0	G1	Roseovarius_B2R09,Colwellia_C2M19,Paracoccus_C2R07,Acinetobacter_D3M06	5-B2R09.mzML,6-C2M19.mzML,7-C2R07_2.mzML,9-D3M06.mzML	98																																														
51	9	127.049835205078	1	127.049835205078	0.0	311.90155555555555	9	0	0	0	0	0	5	1	0	0	3	0	0	0	0	0	0	0	5	1	0	0	3	0	0	0	G1	Roseovarius_B2R09,Colwellia_C2M19,Acinetobacter_D3M06	5-B2R09.mzML,6-C2M19.mzML,9-D3M06.mzML	98	CCMSLIB00006122548	51.0	specs_ms.mgf	BIRMINGHAM-UHPLC-MS-POS.mgf	0.781084	6627.9	322.75	7803.39	6.0	0.983742	127.05	1.0	temp/specs_ms.mgf51	1.0	5-Methylcytosine - 40.0 eV	ESI	Orbitrap	Isolated	PI	Data Collector	M+H	126.066	0.0	1.0			Cc1cnc([nH]c1=N)O	InChI=1S/C5H7N3O/c1-3-2-7-5(9)8-4(3)6/h2H,1H3,(H3,6,7,8,9)		1.0	Positive	BIRMINGHAM-UHPLC-MS-POS	126.066	UPDATE-SINGLE-ANNOTATED-GOLD	Gold		C5H7N3O	LRSASMSXMSNRBT-UHFFFAOYSA-N	LRSASMSXMSNRBT	Organoheterocyclic compounds	Diazines	Pyrimidines and pyrimidine derivatives	Nicotinic acid alkaloids	Pyridine alkaloids	Alkaloids	mzspec:GNPS:GNPS-LIBRARY:CCMSLIB00006122548
52	25	129.06544738769543	1	129.06544738769537	0.0	158.86752000000004	25	0	0	0	4	0	0	0	6	3	6	6	0	0	0	0	4	0	0	0	6	3	6	6	0	0	G1	Phaeobacter_B2R04,Paracoccus_C2R07,Salipiger_C3M06,Acinetobacter_D3M06,Arenibacter_D3M17	3-B2R04.mzML,7-C2R07_2.mzML,8-C3M06.mzML,9-D3M06.mzML,10-D3M17.mzML	7																																														
53	8	129.0652923583985	1	129.0652923583985	0.0	158.431125	8	0	0	0	0	4	0	4	0	0	0	0	0	0	0	0	0	4	0	4	0	0	0	0	0	0	G1	Shewanella_B2R08,Colwellia_C2M19	4-B2R08.mzML,6-C2M19.mzML	7																																														
54	4	129.065322875977	1	129.065322875977	0.0	158.658	4	0	0	0	0	0	4	0	0	0	0	0	0	0	0	0	0	0	4	0	0	0	0	0	0	0	G1	Roseovarius_B2R09	5-B2R09.mzML	7																																														
55	6	129.065567016602	1	129.065567016602	0.0	163.83383333333333	6	0	0	0	0	0	0	0	0	0	0	0	6	0	0	0	0	0	0	0	0	0	0	0	6	0	G1	Motilimonas_G1M02	11-G1M02.mzML	-1																																														
56	18	129.13820393880198	1	129.13820393880198	0.0	122.46277777777776	18	0	0	0	0	6	0	6	0	0	0	6	0	0	0	0	0	6	0	6	0	0	0	6	0	0	G1	Shewanella_B2R08,Colwellia_C2M19,Arenibacter_D3M17	4-B2R08.mzML,6-C2M19.mzML,10-D3M17.mzML	45																																														
57	26	130.050085581266	1	130.05008558126602	0.0	172.00515384615386	23	3	6	0	3	3	5	0	0	3	0	3	0	0	6	0	3	3	5	0	0	3	0	3	0	3	G1,G2	Vibrio_1A01,Phaeobacter_B2R04,Shewanella_B2R08,Roseovarius_B2R09,Salipiger_C3M06,Arenibacter_D3M17	1-1A01.mzML,3-B2R04.mzML,4-B2R08.mzML,5-B2R09.mzML,8-C3M06.mzML,10-D3M17.mzML,bkgrnd-marine-broth.mzML	7																																														
58	40	130.0494519710541	1	130.0494519710541	0.0	184.9732	39	1	0	0	11	9	5	0	0	4	0	5	5	0	0	0	11	9	5	0	0	4	0	5	5	1	G1,G2	Phaeobacter_B2R04,Shewanella_B2R08,Roseovarius_B2R09,Salipiger_C3M06,Arenibacter_D3M17,Motilimonas_G1M02	3-B2R04.mzML,4-B2R08.mzML,5-B2R09.mzML,8-C3M06.mzML,10-D3M17.mzML,11-G1M02.mzML,bkgrnd-marine-broth.mzML	7																																														
59	22	130.0496414935951	1	130.04964149359512	0.0	194.7179545454545	19	3	0	0	4	6	0	0	0	3	0	5	1	0	0	0	4	6	0	0	0	3	0	5	1	3	G1,G2	Phaeobacter_B2R04,Shewanella_B2R08,Salipiger_C3M06,Arenibacter_D3M17,Motilimonas_G1M02	3-B2R04.mzML,4-B2R08.mzML,8-C3M06.mzML,10-D3M17.mzML,11-G1M02.mzML,bkgrnd-marine-broth.mzML	7																																														
60	5	130.0497896830244	1	130.0497896830244	0.0	187.1128	4	1	0	0	0	0	0	0	0	2	0	2	0	0	0	0	0	0	0	0	0	2	0	2	0	1	G1,G2	Salipiger_C3M06,Arenibacter_D3M17	8-C3M06.mzML,10-D3M17.mzML,bkgrnd-marine-broth.mzML	7																																														
61	6	130.0513526068793	1	130.0513526068793	0.0	176.37433333333334	4	2	4	0	0	0	0	0	0	0	0	0	0	0	4	0	0	0	0	0	0	0	0	0	0	2	G1,G2	Vibrio_1A01	1-1A01.mzML,bkgrnd-marine-broth.mzML	7																																														
62	2	130.051445007324	1	130.051445007324	0.0	179.08149999999998	2	0	2	0	0	0	0	0	0	0	0	0	0	0	2	0	0	0	0	0	0	0	0	0	0	0	G1	Vibrio_1A01	1-1A01.mzML	7																																														
63	3	130.085698445638	1	130.085698445638	0.0	150.8493333333333	3	0	0	0	0	0	3	0	0	0	0	0	0	0	0	0	0	0	3	0	0	0	0	0	0	0	G1	Roseovarius_B2R09	5-B2R09.mzML	7																																														
64	3	130.085698445638	1	130.085698445638	0.0	151.04033333333334	3	0	0	0	0	0	3	0	0	0	0	0	0	0	0	0	0	0	3	0	0	0	0	0	0	0	G1	Roseovarius_B2R09	5-B2R09.mzML	7																																														
65	48	130.09766832987475	1	130.09766832987472	0.0	150.322625	42	6	6	6	6	0	0	0	6	6	6	0	6	0	6	6	6	0	0	0	6	6	6	0	6	6	G1,G2	Vibrio_1A01,Vibrio_6D03,Phaeobacter_B2R04,Paracoccus_C2R07,Salipiger_C3M06,Acinetobacter_D3M06,Motilimonas_G1M02	1-1A01.mzML,2-6D03.mzML,3-B2R04.mzML,7-C2R07_2.mzML,8-C3M06.mzML,9-D3M06.mzML,11-G1M02.mzML,bkgrnd-marine-broth.mzML	7																																														
66	6	130.122512817383	1	130.122512817383	0.0	511.01566666666673	6	0	0	6	0	0	0	0	0	0	0	0	0	0	0	6	0	0	0	0	0	0	0	0	0	0	G1	Vibrio_6D03	2-6D03.mzML	-1																																														
67	36	130.9661602444119	1	130.9661602444118	0.0	193.7498611111111	36	0	4	2	6	6	0	4	4	0	4	2	4	0	4	2	6	6	0	4	4	0	4	2	4	0	G1	Vibrio_1A01,Vibrio_6D03,Phaeobacter_B2R04,Shewanella_B2R08,Colwellia_C2M19,Paracoccus_C2R07,Acinetobacter_D3M06,Arenibacter_D3M17,Motilimonas_G1M02	1-1A01.mzML,2-6D03.mzML,3-B2R04.mzML,4-B2R08.mzML,6-C2M19.mzML,7-C2R07_2.mzML,9-D3M06.mzML,10-D3M17.mzML,11-G1M02.mzML	7																																														
68	29	131.0488665350552	1	131.04886653505525	0.0	279.04503448275864	26	3	0	0	2	3	3	3	3	3	3	3	3	0	0	0	2	3	3	3	3	3	3	3	3	3	G1,G2	Phaeobacter_B2R04,Shewanella_B2R08,Roseovarius_B2R09,Colwellia_C2M19,Paracoccus_C2R07,Salipiger_C3M06,Acinetobacter_D3M06,Arenibacter_D3M17,Motilimonas_G1M02	3-B2R04.mzML,4-B2R08.mzML,5-B2R09.mzML,6-C2M19.mzML,7-C2R07_2.mzML,8-C3M06.mzML,9-D3M06.mzML,10-D3M17.mzML,11-G1M02.mzML,bkgrnd-marine-broth.mzML	7																																														
69	29	131.0488665350552	1	131.04886653505525	0.0	279.2361724137931	26	3	0	0	2	3	3	3	3	3	3	3	3	0	0	0	2	3	3	3	3	3	3	3	3	3	G1,G2	Phaeobacter_B2R04,Shewanella_B2R08,Roseovarius_B2R09,Colwellia_C2M19,Paracoccus_C2R07,Salipiger_C3M06,Acinetobacter_D3M06,Arenibacter_D3M17,Motilimonas_G1M02	3-B2R04.mzML,4-B2R08.mzML,5-B2R09.mzML,6-C2M19.mzML,7-C2R07_2.mzML,8-C3M06.mzML,9-D3M06.mzML,10-D3M17.mzML,11-G1M02.mzML,bkgrnd-marine-broth.mzML	7																																														
70	71	131.92940545541867	1	131.92940545541865	0.0	262.5330563380282	65	6	0	0	16	17	5	14	3	0	0	0	10	0	0	0	16	17	5	14	3	0	0	0	10	6	G1,G2	Phaeobacter_B2R04,Shewanella_B2R08,Roseovarius_B2R09,Colwellia_C2M19,Paracoccus_C2R07,Motilimonas_G1M02	3-B2R04.mzML,4-B2R08.mzML,5-B2R09.mzML,6-C2M19.mzML,7-C2R07_2.mzML,11-G1M02.mzML,bkgrnd-marine-broth.mzML	7																																														
71	45	131.92937135354055	1	131.92937135354052	0.0	253.23348888888887	43	2	0	0	7	9	3	8	3	0	0	0	13	0	0	0	7	9	3	8	3	0	0	0	13	2	G1,G2	Phaeobacter_B2R04,Shewanella_B2R08,Roseovarius_B2R09,Colwellia_C2M19,Paracoccus_C2R07,Motilimonas_G1M02	3-B2R04.mzML,4-B2R08.mzML,5-B2R09.mzML,6-C2M19.mzML,7-C2R07_2.mzML,11-G1M02.mzML,bkgrnd-marine-broth.mzML	7																																														
72	19	131.92925092977703	1	131.92925092977703	0.0	286.3182631578948	19	0	0	0	7	4	4	4	0	0	0	0	0	0	0	0	7	4	4	4	0	0	0	0	0	0	G1	Phaeobacter_B2R04,Shewanella_B2R08,Roseovarius_B2R09,Colwellia_C2M19	3-B2R04.mzML,4-B2R08.mzML,5-B2R09.mzML,6-C2M19.mzML	7																																														
73	6	132.06501388549802	1	132.06501388549802	0.0	142.61633333333336	6	0	0	0	0	6	0	0	0	0	0	0	0	0	0	0	0	6	0	0	0	0	0	0	0	0	G1	Shewanella_B2R08	4-B2R08.mzML	11																																														
74	3	132.10912068684866	1	132.10912068684866	0.0	197.45466666666667	2	1	0	0	0	0	0	0	0	0	2	0	0	0	0	0	0	0	0	0	0	0	2	0	0	1	G1,G2	Acinetobacter_D3M06	9-D3M06.mzML,bkgrnd-marine-broth.mzML	7	CCMSLIB00006112739	74.0	specs_ms.mgf	BIRMINGHAM-UHPLC-MS-POS.mgf	0.711356	25579.4	196.597	52.556	6.0	0.00694275	132.109	1.0	temp/specs_ms.mgf74	1.0	L-Alloisoleucine - 30.0 eV	ESI	Orbitrap	Isolated	PI	Data Collector	M+H	132.102	0.0	1.0			CC[C@@H](C)[C@@H](C(=O)O)N	InChI=1S/C6H13NO2/c1-3-4(2)5(7)6(8)9/h4-5H,3,7H2,1-2H3,(H,8,9)/t4-,5+/m1/s1		1.0	Positive	BIRMINGHAM-UHPLC-MS-POS	132.102	UPDATE-SINGLE-ANNOTATED-GOLD	Gold		C6H13NO2	AGPKZVBTJJNPAG-UHNVWZDZSA-N	AGPKZVBTJJNPAG	Organic acids and derivatives	Carboxylic acids and derivatives	Amino acids, peptides, and analogues	Small peptides	Aminoacids	Amino acids and Peptides	mzspec:GNPS:GNPS-LIBRARY:CCMSLIB00006112739
75	8	132.10740375518824	1	132.10740375518824	0.0	195.55375	6	2	0	0	0	0	0	0	0	3	0	1	2	0	0	0	0	0	0	0	0	3	0	1	2	2	G1,G2	Salipiger_C3M06,Arenibacter_D3M17,Motilimonas_G1M02	8-C3M06.mzML,10-D3M17.mzML,11-G1M02.mzML,bkgrnd-marine-broth.mzML	7																																														
76	40	132.10164549328044	1	132.1016454932805	0.0	193.2461	40	0	0	0	1	5	2	3	3	8	7	9	2	0	0	0	1	5	2	3	3	8	7	9	2	0	G1	Phaeobacter_B2R04,Shewanella_B2R08,Roseovarius_B2R09,Colwellia_C2M19,Paracoccus_C2R07,Salipiger_C3M06,Acinetobacter_D3M06,Arenibacter_D3M17,Motilimonas_G1M02	3-B2R04.mzML,4-B2R08.mzML,5-B2R09.mzML,6-C2M19.mzML,7-C2R07_2.mzML,8-C3M06.mzML,9-D3M06.mzML,10-D3M17.mzML,11-G1M02.mzML	7																																														
77	19	132.10373512331475	1	132.10373512331475	0.0	197.0492631578948	15	4	3	3	3	3	0	0	0	0	0	1	2	0	3	3	3	3	0	0	0	0	0	1	2	4	G1,G2	Vibrio_1A01,Vibrio_6D03,Phaeobacter_B2R04,Shewanella_B2R08,Arenibacter_D3M17,Motilimonas_G1M02	1-1A01.mzML,2-6D03.mzML,3-B2R04.mzML,4-B2R08.mzML,10-D3M17.mzML,11-G1M02.mzML,bkgrnd-marine-broth.mzML	7																																														
78	17	132.1015798189394	1	132.1015798189394	0.0	194.27094117647056	17	0	0	0	4	2	3	1	1	3	1	1	1	0	0	0	4	2	3	1	1	3	1	1	1	0	G1	Phaeobacter_B2R04,Shewanella_B2R08,Roseovarius_B2R09,Colwellia_C2M19,Paracoccus_C2R07,Salipiger_C3M06,Acinetobacter_D3M06,Arenibacter_D3M17,Motilimonas_G1M02	3-B2R04.mzML,4-B2R08.mzML,5-B2R09.mzML,6-C2M19.mzML,7-C2R07_2.mzML,8-C3M06.mzML,9-D3M06.mzML,10-D3M17.mzML,11-G1M02.mzML	7																																														
79	26	132.10205178261742	1	132.10205178261742	0.0	190.64646153846152	22	4	1	1	0	2	0	0	2	5	4	6	1	0	1	1	0	2	0	0	2	5	4	6	1	4	G1,G2	Vibrio_1A01,Vibrio_6D03,Shewanella_B2R08,Paracoccus_C2R07,Salipiger_C3M06,Acinetobacter_D3M06,Arenibacter_D3M17,Motilimonas_G1M02	1-1A01.mzML,2-6D03.mzML,4-B2R08.mzML,7-C2R07_2.mzML,8-C3M06.mzML,9-D3M06.mzML,10-D3M17.mzML,11-G1M02.mzML,bkgrnd-marine-broth.mzML	7																																														
80	3	132.107116699219	1	132.107116699219	0.0	194.5043333333333	2	1	0	0	0	0	0	0	0	1	0	1	0	0	0	0	0	0	0	0	0	1	0	1	0	1	G1,G2	Salipiger_C3M06,Arenibacter_D3M17	8-C3M06.mzML,10-D3M17.mzML,bkgrnd-marine-broth.mzML	7	CCMSLIB00006113094	80.0	specs_ms.mgf	BIRMINGHAM-UHPLC-MS-POS.mgf	0.789978	68092.4	194.862	43.5464	6.0	0.00575256	132.108	1.0	temp/specs_ms.mgf80	1.0	L-(+)-Isoleucine - 40.0 eV	ESI	Orbitrap	Isolated	PI	Data Collector	M+H	132.102	0.0	1.0			CC[C@H](C)[C@@H](C(=O)O)N	InChI=1S/C6H13NO2/c1-3-4(2)5(7)6(8)9/h4-5H,3,7H2,1-2H3,(H,8,9)/t4-,5-/m0/s1		1.0	Positive	BIRMINGHAM-UHPLC-MS-POS	132.102	UPDATE-SINGLE-ANNOTATED-GOLD	Gold		C6H13NO2	AGPKZVBTJJNPAG-WHFBIAKZSA-N	AGPKZVBTJJNPAG	Organic acids and derivatives	Carboxylic acids and derivatives	Amino acids, peptides, and analogues	Small peptides	Aminoacids	Amino acids and Peptides	mzspec:GNPS:GNPS-LIBRARY:CCMSLIB00006113094
81	12	132.10167401026175	1	132.10167401026175	0.0	192.53041666666664	12	0	0	0	0	1	0	2	2	1	2	3	1	0	0	0	0	1	0	2	2	1	2	3	1	0	G1	Shewanella_B2R08,Colwellia_C2M19,Paracoccus_C2R07,Salipiger_C3M06,Acinetobacter_D3M06,Arenibacter_D3M17,Motilimonas_G1M02	4-B2R08.mzML,6-C2M19.mzML,7-C2R07_2.mzML,8-C3M06.mzML,9-D3M06.mzML,10-D3M17.mzML,11-G1M02.mzML	7																																														
82	7	132.10388546898244	1	132.10388546898244	0.0	192.4051428571429	7	0	2	2	0	1	0	0	0	0	0	0	2	0	2	2	0	1	0	0	0	0	0	0	2	0	G1	Vibrio_1A01,Vibrio_6D03,Shewanella_B2R08,Motilimonas_G1M02	1-1A01.mzML,2-6D03.mzML,4-B2R08.mzML,11-G1M02.mzML	7																																														
83	3	132.107460021973	1	132.107460021973	0.0	194.33300000000003	2	1	0	0	0	0	0	0	0	0	0	0	2	0	0	0	0	0	0	0	0	0	0	0	2	1	G1,G2	Motilimonas_G1M02	11-G1M02.mzML,bkgrnd-marine-broth.mzML	7																																														
84	44	132.1017115853052	1	132.10171158530522	0.0	226.81531818181827	44	0	0	0	3	4	1	0	5	7	15	7	2	0	0	0	3	4	1	0	5	7	15	7	2	0	G1	Phaeobacter_B2R04,Shewanella_B2R08,Roseovarius_B2R09,Paracoccus_C2R07,Salipiger_C3M06,Acinetobacter_D3M06,Arenibacter_D3M17,Motilimonas_G1M02	3-B2R04.mzML,4-B2R08.mzML,5-B2R09.mzML,7-C2R07_2.mzML,8-C3M06.mzML,9-D3M06.mzML,10-D3M17.mzML,11-G1M02.mzML	7																																														
85	14	132.1033651595727	1	132.1033651595727	0.0	210.8914285714285	2	12	0	0	1	1	0	0	0	0	0	0	0	0	0	0	1	1	0	0	0	0	0	0	0	12	G1,G2	Phaeobacter_B2R04,Shewanella_B2R08	3-B2R04.mzML,4-B2R08.mzML,bkgrnd-marine-broth.mzML	7																																														
86	32	132.10214981984996	1	132.10214981984996	0.0	255.094	22	10	0	0	3	3	0	0	2	4	4	3	3	0	0	0	3	3	0	0	2	4	4	3	3	10	G1,G2	Phaeobacter_B2R04,Shewanella_B2R08,Paracoccus_C2R07,Salipiger_C3M06,Acinetobacter_D3M06,Arenibacter_D3M17,Motilimonas_G1M02	3-B2R04.mzML,4-B2R08.mzML,7-C2R07_2.mzML,8-C3M06.mzML,9-D3M06.mzML,10-D3M17.mzML,11-G1M02.mzML,bkgrnd-marine-broth.mzML	7																																														
87	39	132.10202080328463	1	132.10202080328463	0.0	241.5708205128205	31	8	0	0	3	3	0	0	2	7	9	1	6	0	0	0	3	3	0	0	2	7	9	1	6	8	G1,G2	Phaeobacter_B2R04,Shewanella_B2R08,Paracoccus_C2R07,Salipiger_C3M06,Acinetobacter_D3M06,Arenibacter_D3M17,Motilimonas_G1M02	3-B2R04.mzML,4-B2R08.mzML,7-C2R07_2.mzML,8-C3M06.mzML,9-D3M06.mzML,10-D3M17.mzML,11-G1M02.mzML,bkgrnd-marine-broth.mzML	7																																														
88	2	132.10467529296898	1	132.10467529296898	0.0	198.524	2	0	0	0	0	1	0	0	0	0	0	1	0	0	0	0	0	1	0	0	0	0	0	1	0	0	G1	Shewanella_B2R08,Arenibacter_D3M17	4-B2R08.mzML,10-D3M17.mzML	7																																														
89	2	136.0613327026365	1	136.0613327026365	0.0	199.1825	2	0	0	0	0	0	0	0	0	0	1	1	0	0	0	0	0	0	0	0	0	0	1	1	0	0	G1	Acinetobacter_D3M06,Arenibacter_D3M17	9-D3M06.mzML,10-D3M17.mzML	-1	CCMSLIB00017432750	89.0	specs_ms.mgf	GNPS-ION-MOBILITY-LIBRARY.mgf	0.721143	18125.3	199.171	355.938	6.0	0.0484467	136.062	1.0	temp/specs_ms.mgf89	1.0	2,4,6-trimethylaniline [CCS=136.8988494873047]	LC-ESI	ToF	Crude	Pieter Dorrestein	victoriadeleray	[M+H]+	136.11	135.103	1.0			NC1=C(C)C=C(C)C=C1C	InChI=1S/C9H13N/c1-6-4-7(2)9(10)8(3)5-6/h4-5H,10H2,1-3H3		1.0	Positive	GNPS-ION-MOBILITY-LIBRARY	136.11	UPDATE-SINGLE-ANNOTATED-GOLD	Gold		C9H13N	KWVPRPSXBZNOHS-UHFFFAOYSA-N	KWVPRPSXBZNOHS	Benzenoids	Benzene and substituted derivatives	Aniline and substituted anilines				mzspec:GNPS:GNPS-LIBRARY:CCMSLIB00017432750
90	2	136.0613327026365	1	136.0613327026365	0.0	199.374	2	0	0	0	0	0	0	0	0	0	1	1	0	0	0	0	0	0	0	0	0	0	1	1	0	0	G1	Acinetobacter_D3M06,Arenibacter_D3M17	9-D3M06.mzML,10-D3M17.mzML	7	CCMSLIB00017432757	90.0	specs_ms.mgf	GNPS-ION-MOBILITY-LIBRARY.mgf	0.703418	21919.6	199.362	355.938	7.0	0.0484467	136.062	1.0	temp/specs_ms.mgf90	1.0	2,4,6-trimethylaniline [CCS=136.0012664794922]	LC-ESI	ToF	Crude	Pieter Dorrestein	victoriadeleray	[M+H]+	136.11	135.103	1.0			NC1=C(C)C=C(C)C=C1C	InChI=1S/C9H13N/c1-6-4-7(2)9(10)8(3)5-6/h4-5H,10H2,1-3H3		1.0	Positive	GNPS-ION-MOBILITY-LIBRARY	136.11	UPDATE-SINGLE-ANNOTATED-GOLD	Gold		C9H13N	KWVPRPSXBZNOHS-UHFFFAOYSA-N	KWVPRPSXBZNOHS	Benzenoids	Benzene and substituted derivatives	Aniline and substituted anilines				mzspec:GNPS:GNPS-LIBRARY:CCMSLIB00017432757
91	6	136.061462402344	1	136.061462402344	0.0	197.0128333333333	6	0	0	0	0	0	2	0	0	2	2	0	0	0	0	0	0	0	2	0	0	2	2	0	0	0	G1	Roseovarius_B2R09,Salipiger_C3M06,Acinetobacter_D3M06	5-B2R09.mzML,8-C3M06.mzML,9-D3M06.mzML	114	CCMSLIB00006117187	91.0	specs_ms.mgf	BIRMINGHAM-UHPLC-MS-POS.mgf	0.987902	17266.4	196.719	4.1494	7.0	0.000564575	136.061	1.0	temp/specs_ms.mgf91	1.0	Adenine - 40.0 eV	ESI	Orbitrap	Isolated	PI	Data Collector	M+H	136.062	0.0	1.0			c1[nH]c(c-2ncnc2n1)N	InChI=1S/C5H5N5/c6-4-3-5(9-1-7-3)10-2-8-4/h1-2H,(H3,6,7,8,9,10)		1.0	Positive	BIRMINGHAM-UHPLC-MS-POS	136.062	UPDATE-SINGLE-ANNOTATED-GOLD	Gold		C5H5N5	GFFGJBXGBJISGV-UHFFFAOYSA-N	GFFGJBXGBJISGV	Organoheterocyclic compounds	Imidazopyrimidines	Purines and purine derivatives	Pseudoalkaloids		Alkaloids	mzspec:GNPS:GNPS-LIBRARY:CCMSLIB00006117187
92	65	136.07557740822833	1	136.07557740822838	0.0	231.9262307692308	60	5	0	6	6	12	6	6	6	6	0	6	6	0	0	6	6	12	6	6	6	6	0	6	6	5	G1,G2	Vibrio_6D03,Phaeobacter_B2R04,Shewanella_B2R08,Roseovarius_B2R09,Colwellia_C2M19,Paracoccus_C2R07,Salipiger_C3M06,Arenibacter_D3M17,Motilimonas_G1M02	2-6D03.mzML,3-B2R04.mzML,4-B2R08.mzML,5-B2R09.mzML,6-C2M19.mzML,7-C2R07_2.mzML,8-C3M06.mzML,10-D3M17.mzML,11-G1M02.mzML,bkgrnd-marine-broth.mzML	-1																																														
93	19	137.0455407929001	1	137.0455407929001	0.0	205.16336842105267	17	2	0	0	0	2	3	0	0	3	3	3	3	0	0	0	0	2	3	0	0	3	3	3	3	2	G1,G2	Shewanella_B2R08,Roseovarius_B2R09,Salipiger_C3M06,Acinetobacter_D3M06,Arenibacter_D3M17,Motilimonas_G1M02	4-B2R08.mzML,5-B2R09.mzML,8-C3M06.mzML,9-D3M06.mzML,10-D3M17.mzML,11-G1M02.mzML,bkgrnd-marine-broth.mzML	114	CCMSLIB00010103297	93.0	specs_ms.mgf	BERKELEY-LAB.mgf	0.866731	15371.7	213.642	5.34435	6.0	0.000732422	137.045	1.0	temp/specs_ms.mgf93	1.0	hypoxanthine CollisionEnergy:102040	LC-ESI	Orbitrap	Commercial	Trent Northen	JGI	M+H	137.046	0.0	1.0			Oc1ncnc2[nH]cnc12	"""InChI=1S/C5H4N4O/c10-5-3-4(7-1-6-3)8-2-9-5/h1-2H,(H2,6,7,8,9,10)"""		3.0	Positive	BERKELEY-LAB	137.046	UPDATE-SINGLE-ANNOTATED-BRONZE	Bronze		C5H4N4O	FDGQSTZJBFJUBT-UHFFFAOYSA-N	FDGQSTZJBFJUBT	Organoheterocyclic compounds	Imidazopyrimidines	Purines and purine derivatives	Pseudoalkaloids	pteridine alkaloids	Alkaloids	mzspec:GNPS:GNPS-LIBRARY:CCMSLIB00010103297
94	19	137.0455407929001	1	137.0455407929001	0.0	205.35463157894733	17	2	0	0	0	2	3	0	0	3	3	3	3	0	0	0	0	2	3	0	0	3	3	3	3	2	G1,G2	Shewanella_B2R08,Roseovarius_B2R09,Salipiger_C3M06,Acinetobacter_D3M06,Arenibacter_D3M17,Motilimonas_G1M02	4-B2R08.mzML,5-B2R09.mzML,8-C3M06.mzML,9-D3M06.mzML,10-D3M17.mzML,11-G1M02.mzML,bkgrnd-marine-broth.mzML	114	CCMSLIB00000425122	94.0	specs_ms.mgf	HMDB.mgf	0.945189	23886.5	196.24	5.12167	7.0	0.000701904	137.045	1.0	temp/specs_ms.mgf94	1.0	HMDB:HMDB00157-243 Hypoxanthine	Positive	Quattro_QQQ:25eV	Isolated	HMDB	HMDB	M+H	137.046	136.039	1.0	68-94-0		OC1=NC=NC2=C1NC=N2	InChI=1S/C5H4N4O/c10-5-3-4(7-1-6-3)8-2-9-5/h1-2H,(H2,6,7,8,9,10)		3.0	Positive	HMDB	137.046	UPDATE-SINGLE-ANNOTATED-BRONZE	Bronze		C5H4N4O	FDGQSTZJBFJUBT-UHFFFAOYSA-N	FDGQSTZJBFJUBT	Organoheterocyclic compounds	Imidazopyrimidines	Purines and purine derivatives	Pseudoalkaloids	Purine alkaloids	Alkaloids	mzspec:GNPS:GNPS-LIBRARY:CCMSLIB00000425122
95	2	137.0462290445965	1	137.0462290445965	0.0	199.332	1	1	0	0	0	1	0	0	0	0	0	0	0	0	0	0	0	1	0	0	0	0	0	0	0	1	G1,G2	Shewanella_B2R08	4-B2R08.mzML,bkgrnd-marine-broth.mzML	7	CCMSLIB00017432757	95.0	specs_ms.mgf	GNPS-ION-MOBILITY-LIBRARY.mgf	0.716005	6293.0	198.705	6884.78	6.0	0.937088	137.047	1.0	temp/specs_ms.mgf95	1.0	2,4,6-trimethylaniline [CCS=136.0012664794922]	LC-ESI	ToF	Crude	Pieter Dorrestein	victoriadeleray	[M+H]+	136.11	135.103	1.0			NC1=C(C)C=C(C)C=C1C	InChI=1S/C9H13N/c1-6-4-7(2)9(10)8(3)5-6/h4-5H,10H2,1-3H3		1.0	Positive	GNPS-ION-MOBILITY-LIBRARY	136.11	UPDATE-SINGLE-ANNOTATED-GOLD	Gold		C9H13N	KWVPRPSXBZNOHS-UHFFFAOYSA-N	KWVPRPSXBZNOHS	Benzenoids	Benzene and substituted derivatives	Aniline and substituted anilines				mzspec:GNPS:GNPS-LIBRARY:CCMSLIB00017432757
96	2	138.054718017578	1	138.054718017578	0.0	526.193	2	0	0	0	0	0	0	0	0	0	0	2	0	0	0	0	0	0	0	0	0	0	0	2	0	0	G1	Arenibacter_D3M17	10-D3M17.mzML	119																																														
97	2	138.054718017578	1	138.054718017578	0.0	526.3845	2	0	0	0	0	0	0	0	0	0	0	2	0	0	0	0	0	0	0	0	0	0	0	2	0	0	G1	Arenibacter_D3M17	10-D3M17.mzML	119	CCMSLIB00006683859	97.0	specs_ms.mgf	MONA.mgf	0.71329	9163.6	526.808	7360.4	6.0	1.00871	138.055	1.0	temp/specs_ms.mgf97	1.0	HYPOXANTHINE	ESI	qTof	isolated	MoNA	MoNA:MoNA033473	M+H	137.046	0.0	1.0			C1=NC2=C(N=CN=C2N1)O	"""InChI=1S/C5H4N4O/c10-5-3-4(7-1-6-3)8-2-9-5/h1-2H,(H2,6,7,8,9,10)"""		3.0	positive	MONA	137.046	UPDATE-SINGLE-ANNOTATED-BRONZE	Bronze		C5H4N4O	FDGQSTZJBFJUBT-UHFFFAOYSA-N	FDGQSTZJBFJUBT	Organoheterocyclic compounds	Imidazopyrimidines	Purines and purine derivatives	Pseudoalkaloids	pteridine alkaloids	Alkaloids	mzspec:GNPS:GNPS-LIBRARY:CCMSLIB00006683859
98	22	138.0912107987836	1	138.0912107987836	0.0	203.5174545454545	22	0	3	0	0	3	3	3	3	2	2	1	2	0	3	0	0	3	3	3	3	2	2	1	2	0	G1	Vibrio_1A01,Shewanella_B2R08,Roseovarius_B2R09,Colwellia_C2M19,Paracoccus_C2R07,Salipiger_C3M06,Acinetobacter_D3M06,Arenibacter_D3M17,Motilimonas_G1M02	1-1A01.mzML,4-B2R08.mzML,5-B2R09.mzML,6-C2M19.mzML,7-C2R07_2.mzML,8-C3M06.mzML,9-D3M06.mzML,10-D3M17.mzML,11-G1M02.mzML	7	CCMSLIB00017432750	98.0	specs_ms.mgf	GNPS-ION-MOBILITY-LIBRARY.mgf	0.778987	32938.6	201.668	14552.5	6.0	1.98074	138.091	1.0	temp/specs_ms.mgf98	1.0	2,4,6-trimethylaniline [CCS=136.8988494873047]	LC-ESI	ToF	Crude	Pieter Dorrestein	victoriadeleray	[M+H]+	136.11	135.103	1.0			NC1=C(C)C=C(C)C=C1C	InChI=1S/C9H13N/c1-6-4-7(2)9(10)8(3)5-6/h4-5H,10H2,1-3H3		1.0	Positive	GNPS-ION-MOBILITY-LIBRARY	136.11	UPDATE-SINGLE-ANNOTATED-GOLD	Gold		C9H13N	KWVPRPSXBZNOHS-UHFFFAOYSA-N	KWVPRPSXBZNOHS	Benzenoids	Benzene and substituted derivatives	Aniline and substituted anilines				mzspec:GNPS:GNPS-LIBRARY:CCMSLIB00017432750
99	22	138.0912107987836	1	138.0912107987836	0.0	203.70881818181817	22	0	3	0	0	3	3	3	3	2	2	1	2	0	3	0	0	3	3	3	3	2	2	1	2	0	G1	Vibrio_1A01,Shewanella_B2R08,Roseovarius_B2R09,Colwellia_C2M19,Paracoccus_C2R07,Salipiger_C3M06,Acinetobacter_D3M06,Arenibacter_D3M17,Motilimonas_G1M02	1-1A01.mzML,4-B2R08.mzML,5-B2R09.mzML,6-C2M19.mzML,7-C2R07_2.mzML,8-C3M06.mzML,9-D3M06.mzML,10-D3M17.mzML,11-G1M02.mzML	7	CCMSLIB00017432750	99.0	specs_ms.mgf	GNPS-ION-MOBILITY-LIBRARY.mgf	0.758708	26210.7	203.697	14554.0	6.0	1.98094	138.091	1.0	temp/specs_ms.mgf99	1.0	2,4,6-trimethylaniline [CCS=136.8988494873047]	LC-ESI	ToF	Crude	Pieter Dorrestein	victoriadeleray	[M+H]+	136.11	135.103	1.0			NC1=C(C)C=C(C)C=C1C	InChI=1S/C9H13N/c1-6-4-7(2)9(10)8(3)5-6/h4-5H,10H2,1-3H3		1.0	Positive	GNPS-ION-MOBILITY-LIBRARY	136.11	UPDATE-SINGLE-ANNOTATED-GOLD	Gold		C9H13N	KWVPRPSXBZNOHS-UHFFFAOYSA-N	KWVPRPSXBZNOHS	Benzenoids	Benzene and substituted derivatives	Aniline and substituted anilines				mzspec:GNPS:GNPS-LIBRARY:CCMSLIB00017432750
100	14	141.95801439183614	1	141.95801439183614	0.0	352.6979285714286	14	0	0	0	4	3	1	1	1	1	0	1	2	0	0	0	4	3	1	1	1	1	0	1	2	0	G1	Phaeobacter_B2R04,Shewanella_B2R08,Roseovarius_B2R09,Colwellia_C2M19,Paracoccus_C2R07,Salipiger_C3M06,Arenibacter_D3M17,Motilimonas_G1M02	3-B2R04.mzML,4-B2R08.mzML,5-B2R09.mzML,6-C2M19.mzML,7-C2R07_2.mzML,8-C3M06.mzML,10-D3M17.mzML,11-G1M02.mzML	22																																														
101	82	141.9583138499684	1	141.9583138499683	0.0	340.3103414634146	73	9	2	0	12	11	8	7	2	3	0	5	23	0	2	0	12	11	8	7	2	3	0	5	23	9	G1,G2	Vibrio_1A01,Phaeobacter_B2R04,Shewanella_B2R08,Roseovarius_B2R09,Colwellia_C2M19,Paracoccus_C2R07,Salipiger_C3M06,Arenibacter_D3M17,Motilimonas_G1M02	1-1A01.mzML,3-B2R04.mzML,4-B2R08.mzML,5-B2R09.mzML,6-C2M19.mzML,7-C2R07_2.mzML,8-C3M06.mzML,10-D3M17.mzML,11-G1M02.mzML,bkgrnd-marine-broth.mzML	22																																														
102	61	141.95846906022737	1	141.95846906022734	0.0	319.75706557377055	49	12	1	0	8	6	2	6	3	2	1	2	18	0	1	0	8	6	2	6	3	2	1	2	18	12	G1,G2	Vibrio_1A01,Phaeobacter_B2R04,Shewanella_B2R08,Roseovarius_B2R09,Colwellia_C2M19,Paracoccus_C2R07,Salipiger_C3M06,Acinetobacter_D3M06,Arenibacter_D3M17,Motilimonas_G1M02	1-1A01.mzML,3-B2R04.mzML,4-B2R08.mzML,5-B2R09.mzML,6-C2M19.mzML,7-C2R07_2.mzML,8-C3M06.mzML,9-D3M06.mzML,10-D3M17.mzML,11-G1M02.mzML,bkgrnd-marine-broth.mzML	22																																														
103	34	141.95853395408977	1	141.95853395408972	0.0	321.01167647058816	27	7	2	0	4	6	3	4	0	0	1	2	5	0	2	0	4	6	3	4	0	0	1	2	5	7	G1,G2	Vibrio_1A01,Phaeobacter_B2R04,Shewanella_B2R08,Roseovarius_B2R09,Colwellia_C2M19,Acinetobacter_D3M06,Arenibacter_D3M17,Motilimonas_G1M02	1-1A01.mzML,3-B2R04.mzML,4-B2R08.mzML,5-B2R09.mzML,6-C2M19.mzML,9-D3M06.mzML,10-D3M17.mzML,11-G1M02.mzML,bkgrnd-marine-broth.mzML	22																																														
104	48	141.9583005831946	1	141.9583005831945	0.0	319.70050000000003	43	5	1	0	5	4	7	7	6	1	0	1	11	0	1	0	5	4	7	7	6	1	0	1	11	5	G1,G2	Vibrio_1A01,Phaeobacter_B2R04,Shewanella_B2R08,Roseovarius_B2R09,Colwellia_C2M19,Paracoccus_C2R07,Salipiger_C3M06,Arenibacter_D3M17,Motilimonas_G1M02	1-1A01.mzML,3-B2R04.mzML,4-B2R08.mzML,5-B2R09.mzML,6-C2M19.mzML,7-C2R07_2.mzML,8-C3M06.mzML,10-D3M17.mzML,11-G1M02.mzML,bkgrnd-marine-broth.mzML	22																																														
105	32	141.95806602377542	1	141.9580660237754	0.0	366.8864375	32	0	0	0	2	5	6	4	3	1	1	1	9	0	0	0	2	5	6	4	3	1	1	1	9	0	G1	Phaeobacter_B2R04,Shewanella_B2R08,Roseovarius_B2R09,Colwellia_C2M19,Paracoccus_C2R07,Salipiger_C3M06,Acinetobacter_D3M06,Arenibacter_D3M17,Motilimonas_G1M02	3-B2R04.mzML,4-B2R08.mzML,5-B2R09.mzML,6-C2M19.mzML,7-C2R07_2.mzML,8-C3M06.mzML,9-D3M06.mzML,10-D3M17.mzML,11-G1M02.mzML	22																																														
106	32	141.95863363799432	1	141.95863363799427	0.0	336.1886875	25	7	3	0	4	6	1	2	1	0	3	0	5	0	3	0	4	6	1	2	1	0	3	0	5	7	G1,G2	Vibrio_1A01,Phaeobacter_B2R04,Shewanella_B2R08,Roseovarius_B2R09,Colwellia_C2M19,Paracoccus_C2R07,Acinetobacter_D3M06,Motilimonas_G1M02	1-1A01.mzML,3-B2R04.mzML,4-B2R08.mzML,5-B2R09.mzML,6-C2M19.mzML,7-C2R07_2.mzML,9-D3M06.mzML,11-G1M02.mzML,bkgrnd-marine-broth.mzML	22																																														
107	22	141.95851267880843	1	141.95851267880838	0.0	336.3336363636363	20	2	3	0	3	1	3	3	2	0	0	0	5	0	3	0	3	1	3	3	2	0	0	0	5	2	G1,G2	Vibrio_1A01,Phaeobacter_B2R04,Shewanella_B2R08,Roseovarius_B2R09,Colwellia_C2M19,Paracoccus_C2R07,Motilimonas_G1M02	1-1A01.mzML,3-B2R04.mzML,4-B2R08.mzML,5-B2R09.mzML,6-C2M19.mzML,7-C2R07_2.mzML,11-G1M02.mzML,bkgrnd-marine-broth.mzML	22																																														
108	6	144.065007527669	1	144.065007527669	0.0	227.20750000000004	6	0	0	0	0	0	6	0	0	0	0	0	0	0	0	0	0	0	6	0	0	0	0	0	0	0	G1	Roseovarius_B2R09	5-B2R09.mzML	-1																																														
109	6	144.065007527669	1	144.065007527669	0.0	227.39883333333333	6	0	0	0	0	0	6	0	0	0	0	0	0	0	0	0	0	0	6	0	0	0	0	0	0	0	G1	Roseovarius_B2R09	5-B2R09.mzML	-1																																														
110	34	145.07574343213855	1	145.07574343213858	0.0	490.9916176470588	34	0	0	0	2	2	5	5	5	5	5	5	0	0	0	0	2	2	5	5	5	5	5	5	0	0	G1	Phaeobacter_B2R04,Shewanella_B2R08,Roseovarius_B2R09,Colwellia_C2M19,Paracoccus_C2R07,Salipiger_C3M06,Acinetobacter_D3M06,Arenibacter_D3M17	3-B2R04.mzML,4-B2R08.mzML,5-B2R09.mzML,6-C2M19.mzML,7-C2R07_2.mzML,8-C3M06.mzML,9-D3M06.mzML,10-D3M17.mzML	-1																																														
111	10	146.0601127624513	1	146.0601127624513	0.0	447.4849	9	1	1	0	0	1	0	2	1	1	1	1	1	0	1	0	0	1	0	2	1	1	1	1	1	1	G1,G2	Vibrio_1A01,Shewanella_B2R08,Colwellia_C2M19,Paracoccus_C2R07,Salipiger_C3M06,Acinetobacter_D3M06,Arenibacter_D3M17,Motilimonas_G1M02	1-1A01.mzML,4-B2R08.mzML,6-C2M19.mzML,7-C2R07_2.mzML,8-C3M06.mzML,9-D3M06.mzML,10-D3M17.mzML,11-G1M02.mzML,bkgrnd-marine-broth.mzML	7	CCMSLIB00000218857	111.0	specs_ms.mgf	MASSBANK.mgf	0.947767	20686.7	446.504	408.016	7.0	0.0595703	146.06	1.0	temp/specs_ms.mgf111	1.0	Massbank:KO003170 4-Hydroxyquinoline|Quinolin-4-ol	ESI	LC-ESI-QQ	Isolated	Putative Massbank Match	Massbank	[M+H]+	146.0	0.0	1.0	611-36-9		Oc(c1)c(c2)c(ccc2)nc1	1S/C9H7NO/c11-9-5-6-10-8-4-2-1-3-7(8)9/h1-6H,(H,10,11)		3.0	Positive	MASSBANK	146.0	UPDATE-SINGLE-ANNOTATED-BRONZE	Bronze		C9H7NO	PMZDQRJGMBOQBF-UHFFFAOYSA-N	PMZDQRJGMBOQBF	Organoheterocyclic compounds	Quinolines and derivatives	Quinolones and derivatives	Tryptophan alkaloids|Anthranilic acid alkaloids	Quinazoline alkaloids|Quinoline alkaloids	Alkaloids	mzspec:GNPS:GNPS-LIBRARY:CCMSLIB00000218857
112	2	146.0596618652345	1	146.0596618652345	0.0	446.372	2	0	0	0	0	0	0	1	0	0	1	0	0	0	0	0	0	0	0	1	0	0	1	0	0	0	G1	Colwellia_C2M19,Acinetobacter_D3M06	6-C2M19.mzML,9-D3M06.mzML	-1																																														
113	22	146.09184820001772	1	146.09184820001772	0.0	154.86040909090906	22	0	0	0	0	4	0	6	6	0	0	2	4	0	0	0	0	4	0	6	6	0	0	2	4	0	G1	Shewanella_B2R08,Colwellia_C2M19,Paracoccus_C2R07,Arenibacter_D3M17,Motilimonas_G1M02	4-B2R08.mzML,6-C2M19.mzML,7-C2R07_2.mzML,10-D3M17.mzML,11-G1M02.mzML	-1																																														
114	2	146.091888427734	1	146.091888427734	0.0	154.2435	2	0	0	0	0	0	0	0	0	0	0	2	0	0	0	0	0	0	0	0	0	0	0	2	0	0	G1	Arenibacter_D3M17	10-D3M17.mzML	-1																																														
115	80	146.16537475585938	1	146.16537475585938	0.0	119.8717125	68	12	6	6	0	12	0	12	6	6	6	10	4	0	6	6	0	12	0	12	6	6	6	10	4	12	G1,G2	Vibrio_1A01,Vibrio_6D03,Shewanella_B2R08,Colwellia_C2M19,Paracoccus_C2R07,Salipiger_C3M06,Acinetobacter_D3M06,Arenibacter_D3M17,Motilimonas_G1M02	1-1A01.mzML,2-6D03.mzML,4-B2R08.mzML,6-C2M19.mzML,7-C2R07_2.mzML,8-C3M06.mzML,9-D3M06.mzML,10-D3M17.mzML,11-G1M02.mzML,bkgrnd-marine-broth.mzML	84	CCMSLIB00006678412	115.0	specs_ms.mgf	MONA.mgf	0.870951	37039.4	115.195	1.35713	6.0	0.000198364	146.165	1.0	temp/specs_ms.mgf115	1.0	SPERMIDINE	ESI	Orbitrap	isolated	MoNA	MoNA:MoNA037229	M+H	146.165	0.0	1.0			C(CCNCCCN)CN	"""InChI=1S/C7H19N3/c8-4-1-2-6-10-7-3-5-9/h10H,1-9H2"""		3.0	positive	MONA	146.165	UPDATE-SINGLE-ANNOTATED-BRONZE	Bronze		C7H19N3	ATHGHQPFGPMSJY-UHFFFAOYSA-N	ATHGHQPFGPMSJY	Organic nitrogen compounds	Organonitrogen compounds	Amines	Ornithine alkaloids	Polyamines	Alkaloids	mzspec:GNPS:GNPS-LIBRARY:CCMSLIB00006678412
116	46	149.05947146208402	1	149.05947146208402	0.0	281.90676086956523	40	6	0	0	0	4	6	6	6	6	6	6	0	0	0	0	0	4	6	6	6	6	6	6	0	6	G1,G2	Shewanella_B2R08,Roseovarius_B2R09,Colwellia_C2M19,Paracoccus_C2R07,Salipiger_C3M06,Acinetobacter_D3M06,Arenibacter_D3M17	4-B2R08.mzML,5-B2R09.mzML,6-C2M19.mzML,7-C2R07_2.mzML,8-C3M06.mzML,9-D3M06.mzML,10-D3M17.mzML,bkgrnd-marine-broth.mzML	7																																														
117	41	150.0579193859567	1	150.05791938595672	0.0	167.87600000000003	40	1	0	0	0	0	0	10	0	12	6	6	6	0	0	0	0	0	0	10	0	12	6	6	6	1	G1,G2	Colwellia_C2M19,Salipiger_C3M06,Acinetobacter_D3M06,Arenibacter_D3M17,Motilimonas_G1M02	6-C2M19.mzML,8-C3M06.mzML,9-D3M06.mzML,10-D3M17.mzML,11-G1M02.mzML,bkgrnd-marine-broth.mzML	63																																														
118	5	150.059661865234	1	150.059661865234	0.0	163.932	0	5	0	0	0	0	0	0	0	0	0	0	0	0	0	0	0	0	0	0	0	0	0	0	0	5	G2		bkgrnd-marine-broth.mzML	63																																														
119	67	151.03532455216583	1	151.03532455216583	0.0	118.3174776119403	62	5	6	5	6	6	6	6	6	6	6	6	3	0	6	5	6	6	6	6	6	6	6	6	3	5	G1,G2	Vibrio_1A01,Vibrio_6D03,Phaeobacter_B2R04,Shewanella_B2R08,Roseovarius_B2R09,Colwellia_C2M19,Paracoccus_C2R07,Salipiger_C3M06,Acinetobacter_D3M06,Arenibacter_D3M17,Motilimonas_G1M02	1-1A01.mzML,2-6D03.mzML,3-B2R04.mzML,4-B2R08.mzML,5-B2R09.mzML,6-C2M19.mzML,7-C2R07_2.mzML,8-C3M06.mzML,9-D3M06.mzML,10-D3M17.mzML,11-G1M02.mzML,bkgrnd-marine-broth.mzML	7																																														
120	67	151.03532455216583	1	151.03532455216583	0.0	118.50885074626864	62	5	6	5	6	6	6	6	6	6	6	6	3	0	6	5	6	6	6	6	6	6	6	6	3	5	G1,G2	Vibrio_1A01,Vibrio_6D03,Phaeobacter_B2R04,Shewanella_B2R08,Roseovarius_B2R09,Colwellia_C2M19,Paracoccus_C2R07,Salipiger_C3M06,Acinetobacter_D3M06,Arenibacter_D3M17,Motilimonas_G1M02	1-1A01.mzML,2-6D03.mzML,3-B2R04.mzML,4-B2R08.mzML,5-B2R09.mzML,6-C2M19.mzML,7-C2R07_2.mzML,8-C3M06.mzML,9-D3M06.mzML,10-D3M17.mzML,11-G1M02.mzML,bkgrnd-marine-broth.mzML	7																																														
121	3	152.056106567383	1	152.056106567383	0.0	155.882	3	0	0	0	0	1	0	0	0	0	0	0	2	0	0	0	0	1	0	0	0	0	0	0	2	0	G1	Shewanella_B2R08,Motilimonas_G1M02	4-B2R08.mzML,11-G1M02.mzML	-1																																														
122	2	152.056079864502	1	152.056079864502	0.0	156.14449999999997	2	0	0	0	0	1	0	0	0	0	0	0	1	0	0	0	0	1	0	0	0	0	0	0	1	0	G1	Shewanella_B2R08,Motilimonas_G1M02	4-B2R08.mzML,11-G1M02.mzML	114	CCMSLIB00000425870	122.0	specs_ms.mgf	HMDB.mgf	0.858039	5009.7	155.128	6436.19	6.0	0.985001	152.056	1.0	temp/specs_ms.mgf122	1.0	HMDB:HMDB00292-496 Xanthine	Positive	Quattro_QQQ:25eV	Isolated	HMDB	HMDB	M+H	153.041	152.033	1.0	69-89-6		O=C1NC2=C(NC=N2)C(=O)N1	InChI=1S/C5H4N4O2/c10-4-2-3(7-1-6-2)8-5(11)9-4/h1H,(H3,6,7,8,9,10,11)		3.0	Positive	HMDB	153.041	UPDATE-SINGLE-ANNOTATED-BRONZE	Bronze		C5H4N4O2	LRFVTYWOQMYALW-UHFFFAOYSA-N	LRFVTYWOQMYALW	Organoheterocyclic compounds	Imidazopyrimidines	Purines and purine derivatives	Pseudoalkaloids	Purine alkaloids	Alkaloids	mzspec:GNPS:GNPS-LIBRARY:CCMSLIB00000425870
123	42	152.0564749581476	1	152.05647495814765	0.0	225.3012380952381	36	6	0	0	0	0	12	0	0	6	12	6	0	0	0	0	0	0	12	0	0	6	12	6	0	6	G1,G2	Roseovarius_B2R09,Salipiger_C3M06,Acinetobacter_D3M06,Arenibacter_D3M17	5-B2R09.mzML,8-C3M06.mzML,9-D3M06.mzML,10-D3M17.mzML,bkgrnd-marine-broth.mzML	22																																														
124	10	153.04160766601564	1	153.04160766601564	0.0	205.1561	10	0	0	6	0	0	0	0	0	0	4	0	0	0	0	6	0	0	0	0	0	0	4	0	0	0	G1	Vibrio_6D03,Acinetobacter_D3M06	2-6D03.mzML,9-D3M06.mzML	22																																														
125	52	155.08105675490572	1	155.08105675490577	0.0	211.8252884615385	52	0	0	0	8	6	6	6	5	6	6	6	3	0	0	0	8	6	6	6	5	6	6	6	3	0	G1	Phaeobacter_B2R04,Shewanella_B2R08,Roseovarius_B2R09,Colwellia_C2M19,Paracoccus_C2R07,Salipiger_C3M06,Acinetobacter_D3M06,Arenibacter_D3M17,Motilimonas_G1M02	3-B2R04.mzML,4-B2R08.mzML,5-B2R09.mzML,6-C2M19.mzML,7-C2R07_2.mzML,8-C3M06.mzML,9-D3M06.mzML,10-D3M17.mzML,11-G1M02.mzML	22	CCMSLIB00005743029	125.0	specs_ms.mgf	MASSBANK.mgf	0.710186	70515.3	203.759	0.688747	6.0	0.000106812	155.081	1.0	temp/specs_ms.mgf125	1.0	Massbank:PR300401 Cyclo-prolylglycine	ESI	qTof	Isolated	Massbank	Massbank	M+H	155.081	0.0	1.0			OC1=NCC(=O)N2CCC[C@@H]12	1S/C7H10N2O2/c10-6-4-8-7(11)5-2-1-3-9(5)6/h5H,1-4H2,(H,8,11)/t5-/m0/s1		3.0	Positive	MASSBANK	155.081	UPDATE-SINGLE-ANNOTATED-BRONZE	Bronze		C7H10N2O2	OWOHLURDBZHNGG-YFKPBYRVSA-N	OWOHLURDBZHNGG	Organic acids and derivatives	Carboxylic acids and derivatives	Amino acids, peptides, and analogues			Alkaloids|Amino acids and Peptides	mzspec:GNPS:GNPS-LIBRARY:CCMSLIB00005743029
126	19	155.0833049573394	1	155.0833049573394	0.0	209.81336842105264	13	6	6	5	1	0	0	0	1	0	0	0	0	0	6	5	1	0	0	0	1	0	0	0	0	6	G1,G2	Vibrio_1A01,Vibrio_6D03,Phaeobacter_B2R04,Paracoccus_C2R07	1-1A01.mzML,2-6D03.mzML,3-B2R04.mzML,7-C2R07_2.mzML,bkgrnd-marine-broth.mzML	22	CCMSLIB00005743029	126.0	specs_ms.mgf	MASSBANK.mgf	0.707388	25898.9	202.504	12.8894	6.0	0.0019989	155.083	1.0	temp/specs_ms.mgf126	1.0	Massbank:PR300401 Cyclo-prolylglycine	ESI	qTof	Isolated	Massbank	Massbank	M+H	155.081	0.0	1.0			OC1=NCC(=O)N2CCC[C@@H]12	1S/C7H10N2O2/c10-6-4-8-7(11)5-2-1-3-9(5)6/h5H,1-4H2,(H,8,11)/t5-/m0/s1		3.0	Positive	MASSBANK	155.081	UPDATE-SINGLE-ANNOTATED-BRONZE	Bronze		C7H10N2O2	OWOHLURDBZHNGG-YFKPBYRVSA-N	OWOHLURDBZHNGG	Organic acids and derivatives	Carboxylic acids and derivatives	Amino acids, peptides, and analogues			Alkaloids|Amino acids and Peptides	mzspec:GNPS:GNPS-LIBRARY:CCMSLIB00005743029
127	51	155.081056064085	1	155.08105606408506	0.0	211.7145882352941	51	0	0	0	8	6	6	6	5	6	6	5	3	0	0	0	8	6	6	6	5	6	6	5	3	0	G1	Phaeobacter_B2R04,Shewanella_B2R08,Roseovarius_B2R09,Colwellia_C2M19,Paracoccus_C2R07,Salipiger_C3M06,Acinetobacter_D3M06,Arenibacter_D3M17,Motilimonas_G1M02	3-B2R04.mzML,4-B2R08.mzML,5-B2R09.mzML,6-C2M19.mzML,7-C2R07_2.mzML,8-C3M06.mzML,9-D3M06.mzML,10-D3M17.mzML,11-G1M02.mzML	22																																														
128	18	155.0833025331848	1	155.0833025331848	0.0	209.45883333333333	12	6	5	5	1	0	0	0	1	0	0	0	0	0	5	5	1	0	0	0	1	0	0	0	0	6	G1,G2	Vibrio_1A01,Vibrio_6D03,Phaeobacter_B2R04,Paracoccus_C2R07	1-1A01.mzML,2-6D03.mzML,3-B2R04.mzML,7-C2R07_2.mzML,bkgrnd-marine-broth.mzML	22																																														
129	25	155.08114071932692	1	155.08114071932695	0.0	240.67736	25	0	0	1	3	3	3	3	3	3	3	3	0	0	0	1	3	3	3	3	3	3	3	3	0	0	G1	Vibrio_6D03,Phaeobacter_B2R04,Shewanella_B2R08,Roseovarius_B2R09,Colwellia_C2M19,Paracoccus_C2R07,Salipiger_C3M06,Acinetobacter_D3M06,Arenibacter_D3M17	2-6D03.mzML,3-B2R04.mzML,4-B2R08.mzML,5-B2R09.mzML,6-C2M19.mzML,7-C2R07_2.mzML,8-C3M06.mzML,9-D3M06.mzML,10-D3M17.mzML	22																																														
130	26	155.0811431487585	1	155.0811431487585	0.0	240.3467307692308	26	0	1	0	3	3	3	3	3	3	3	4	0	0	1	0	3	3	3	3	3	3	3	4	0	0	G1	Vibrio_1A01,Phaeobacter_B2R04,Shewanella_B2R08,Roseovarius_B2R09,Colwellia_C2M19,Paracoccus_C2R07,Salipiger_C3M06,Acinetobacter_D3M06,Arenibacter_D3M17	1-1A01.mzML,3-B2R04.mzML,4-B2R08.mzML,5-B2R09.mzML,6-C2M19.mzML,7-C2R07_2.mzML,8-C3M06.mzML,9-D3M06.mzML,10-D3M17.mzML	-1																																														
131	4	156.101715087891	1	156.101715087891	0.0	464.50925	4	0	0	4	0	0	0	0	0	0	0	0	0	0	0	4	0	0	0	0	0	0	0	0	0	0	G1	Vibrio_6D03	2-6D03.mzML	31																																														
132	54	157.09686787923195	1	157.09686787923195	0.0	254.81281481481483	54	0	2	4	6	6	6	6	6	6	6	6	0	0	2	4	6	6	6	6	6	6	6	6	0	0	G1	Vibrio_1A01,Vibrio_6D03,Phaeobacter_B2R04,Shewanella_B2R08,Roseovarius_B2R09,Colwellia_C2M19,Paracoccus_C2R07,Salipiger_C3M06,Acinetobacter_D3M06,Arenibacter_D3M17	1-1A01.mzML,2-6D03.mzML,3-B2R04.mzML,4-B2R08.mzML,5-B2R09.mzML,6-C2M19.mzML,7-C2R07_2.mzML,8-C3M06.mzML,9-D3M06.mzML,10-D3M17.mzML	31																																														
133	110	158.09211231578476	1	158.09211231578485	0.0	170.0876181818182	98	12	0	0	12	12	12	12	12	12	12	12	2	0	0	0	12	12	12	12	12	12	12	12	2	12	G1,G2	Phaeobacter_B2R04,Shewanella_B2R08,Roseovarius_B2R09,Colwellia_C2M19,Paracoccus_C2R07,Salipiger_C3M06,Acinetobacter_D3M06,Arenibacter_D3M17,Motilimonas_G1M02	3-B2R04.mzML,4-B2R08.mzML,5-B2R09.mzML,6-C2M19.mzML,7-C2R07_2.mzML,8-C3M06.mzML,9-D3M06.mzML,10-D3M17.mzML,11-G1M02.mzML,bkgrnd-marine-broth.mzML	7																																														
134	4	158.099472045898	1	158.099472045898	0.0	458.3	4	0	0	0	0	0	0	0	0	0	0	0	4	0	0	0	0	0	0	0	0	0	0	0	4	0	G1	Motilimonas_G1M02	11-G1M02.mzML	-1																																														
135	58	158.96109798036767	1	158.96109798036758	0.0	296.790724137931	46	12	0	0	10	10	0	0	0	0	0	0	26	0	0	0	10	10	0	0	0	0	0	0	26	12	G1,G2	Phaeobacter_B2R04,Shewanella_B2R08,Motilimonas_G1M02	3-B2R04.mzML,4-B2R08.mzML,11-G1M02.mzML,bkgrnd-marine-broth.mzML	-1																																														
136	3	158.963729858398	1	158.963729858398	0.0	130.92233333333334	3	0	0	0	0	0	0	0	0	0	0	0	3	0	0	0	0	0	0	0	0	0	0	0	3	0	G1	Motilimonas_G1M02	11-G1M02.mzML	117																																														
137	54	160.07571354618764	1	160.0757135461876	0.0	225.5860185185185	54	0	6	6	6	6	0	6	6	6	6	6	0	0	6	6	6	6	0	6	6	6	6	6	0	0	G1	Vibrio_1A01,Vibrio_6D03,Phaeobacter_B2R04,Shewanella_B2R08,Colwellia_C2M19,Paracoccus_C2R07,Salipiger_C3M06,Acinetobacter_D3M06,Arenibacter_D3M17	1-1A01.mzML,2-6D03.mzML,3-B2R04.mzML,4-B2R08.mzML,6-C2M19.mzML,7-C2R07_2.mzML,8-C3M06.mzML,9-D3M06.mzML,10-D3M17.mzML	48	CCMSLIB00003139423	137.0	specs_ms.mgf	GNPS-NIST14-MATCHES.mgf	0.716784	20900.7	223.83	6379.59	7.0	1.02777	160.075	1.0	temp/specs_ms.mgf137	1.0	Spectral Match to 2-Propylbenzimidazole from NIST14	ESI	qTof	Isolated	Data from Kim Prather	Data deposited by mjmeehan	M+H	161.103	160.1	1.0	5465292		CCCC1=NC2=CC=CC=C2N1	InChI=1S/C10H12N2/c1-2-5-10-11-8-6-3-4-7-9(8)12-10/h3-4,6-7H,2,5H2,1H3,(H,11,12)		3.0	Positive	GNPS-NIST14-MATCHES	161.103	UPDATE-SINGLE-ANNOTATED-BRONZE	Bronze		C10H12N2	FBLJZPQLNMVEMR-UHFFFAOYSA-N	FBLJZPQLNMVEMR				Anthranilic acid alkaloids	Quinazoline alkaloids	Alkaloids	mzspec:GNPS:GNPS-LIBRARY:CCMSLIB00003139423
138	6	160.13258361816403	1	160.13258361816403	0.0	147.7841666666667	6	0	0	0	6	0	0	0	0	0	0	0	0	0	0	0	6	0	0	0	0	0	0	0	0	0	G1	Phaeobacter_B2R04	3-B2R04.mzML	-1																																														
139	6	160.180470784505	1	160.180470784505	0.0	117.92533333333334	6	0	0	0	0	0	0	0	0	0	0	6	0	0	0	0	0	0	0	0	0	0	0	6	0	0	G1	Arenibacter_D3M17	10-D3M17.mzML	84																																														
140	26	165.0542714045599	1	165.0542714045599	0.0	207.7516923076924	24	2	0	0	3	3	3	3	3	3	0	3	3	0	0	0	3	3	3	3	3	3	0	3	3	2	G1,G2	Phaeobacter_B2R04,Shewanella_B2R08,Roseovarius_B2R09,Colwellia_C2M19,Paracoccus_C2R07,Salipiger_C3M06,Arenibacter_D3M17,Motilimonas_G1M02	3-B2R04.mzML,4-B2R08.mzML,5-B2R09.mzML,6-C2M19.mzML,7-C2R07_2.mzML,8-C3M06.mzML,10-D3M17.mzML,11-G1M02.mzML,bkgrnd-marine-broth.mzML	7	CCMSLIB00003137181	140.0	specs_ms.mgf	GNPS-NIST14-MATCHES.mgf	0.906151	40118.9	207.554	4.99212	6.0	0.000823975	165.054	1.0	temp/specs_ms.mgf140	1.0	Spectral Match to L-Tyrosine from NIST14	ESI	HCD	Isolated	Data from Jairam KP Vanamala, PhD	Data deposited by mjmeehan	M+H-NH3	165.055	0.0	1.0	60184					3.0	Positive	GNPS-NIST14-MATCHES	165.055	UPDATE-SINGLE-ANNOTATED-BRONZE	Bronze											mzspec:GNPS:GNPS-LIBRARY:CCMSLIB00003137181
141	27	165.05434445981635	1	165.05434445981635	0.0	208.0584444444444	24	3	0	0	3	3	3	3	3	3	0	3	3	0	0	0	3	3	3	3	3	3	0	3	3	3	G1,G2	Phaeobacter_B2R04,Shewanella_B2R08,Roseovarius_B2R09,Colwellia_C2M19,Paracoccus_C2R07,Salipiger_C3M06,Arenibacter_D3M17,Motilimonas_G1M02	3-B2R04.mzML,4-B2R08.mzML,5-B2R09.mzML,6-C2M19.mzML,7-C2R07_2.mzML,8-C3M06.mzML,10-D3M17.mzML,11-G1M02.mzML,bkgrnd-marine-broth.mzML	7																																														
142	6	166.08612504182034	1	166.08612504182034	0.0	271.61	6	0	0	0	0	1	1	1	1	0	0	2	0	0	0	0	0	1	1	1	1	0	0	2	0	0	G1	Shewanella_B2R08,Roseovarius_B2R09,Colwellia_C2M19,Paracoccus_C2R07,Arenibacter_D3M17	4-B2R08.mzML,5-B2R09.mzML,6-C2M19.mzML,7-C2R07_2.mzML,10-D3M17.mzML	-1																																														
143	11	166.08625664759143	1	166.08625664759143	0.0	272.5967272727273	11	0	0	1	1	2	1	2	2	1	0	1	0	0	0	1	1	2	1	2	2	1	0	1	0	0	G1	Vibrio_6D03,Phaeobacter_B2R04,Shewanella_B2R08,Roseovarius_B2R09,Colwellia_C2M19,Paracoccus_C2R07,Salipiger_C3M06,Arenibacter_D3M17	2-6D03.mzML,3-B2R04.mzML,4-B2R08.mzML,5-B2R09.mzML,6-C2M19.mzML,7-C2R07_2.mzML,8-C3M06.mzML,10-D3M17.mzML	7																																														
144	17	166.09184983197397	1	166.09184983197397	0.0	284.1687058823529	14	3	0	0	0	3	1	0	2	3	2	3	0	0	0	0	0	3	1	0	2	3	2	3	0	3	G1,G2	Shewanella_B2R08,Roseovarius_B2R09,Paracoccus_C2R07,Salipiger_C3M06,Acinetobacter_D3M06,Arenibacter_D3M17	4-B2R08.mzML,5-B2R09.mzML,7-C2R07_2.mzML,8-C3M06.mzML,9-D3M06.mzML,10-D3M17.mzML,bkgrnd-marine-broth.mzML	7	CCMSLIB00000208978	144.0	specs_ms.mgf	RESPECT.mgf	0.90271	433335.0	284.149	547.846	6.0	0.0909424	166.091	1.0	temp/specs_ms.mgf144	1.0	ReSpect:PM000939 L-Phenylalanine	ESI	QqQ	Isolated	Putative ReSpect Match	ReSpect	[M+H]	166.0	0.0	1.0	63-91-2	12811753				3.0	Positive	RESPECT	166.0	UPDATE-SINGLE-ANNOTATED-BRONZE	Bronze											mzspec:GNPS:GNPS-LIBRARY:CCMSLIB00000208978
145	94	166.08608404946986	1	166.08608404946986	0.0	306.9086382978723	94	0	0	0	7	9	11	17	11	10	10	13	6	0	0	0	7	9	11	17	11	10	10	13	6	0	G1	Phaeobacter_B2R04,Shewanella_B2R08,Roseovarius_B2R09,Colwellia_C2M19,Paracoccus_C2R07,Salipiger_C3M06,Acinetobacter_D3M06,Arenibacter_D3M17,Motilimonas_G1M02	3-B2R04.mzML,4-B2R08.mzML,5-B2R09.mzML,6-C2M19.mzML,7-C2R07_2.mzML,8-C3M06.mzML,9-D3M06.mzML,10-D3M17.mzML,11-G1M02.mzML	7	CCMSLIB00003134584	145.0	specs_ms.mgf	GNPS-NIST14-MATCHES.mgf	0.944979	122198.0	270.616	0.459364	6.0	7.62939e-05	166.086	1.0	temp/specs_ms.mgf145	1.0	Spectral Match to DL-Phenylalanine from NIST14	ESI	QQQ	Isolated	Data from James McKerrow	Data deposited by lamccall	M+H	166.086	165.079	1.0	150301		C1=CC=C(C=C1)CC(C(=O)O)N	InChI=1S/C9H11NO2/c10-8(9(11)12)6-7-4-2-1-3-5-7/h1-5,8H,6,10H2,(H,11,12)		3.0	Positive	GNPS-NIST14-MATCHES	166.086	UPDATE-SINGLE-ANNOTATED-BRONZE	Bronze		C9H11NO2	COLNVLDHVKWLRT-UHFFFAOYSA-N	COLNVLDHVKWLRT	Organic acids and derivatives	Carboxylic acids and derivatives	Amino acids, peptides, and analogues	Small peptides	Aminoacids	Amino acids and Peptides|Shikimates and Phenylpropanoids	mzspec:GNPS:GNPS-LIBRARY:CCMSLIB00003134584
146	27	166.08843711570438	1	166.08843711570444	0.0	290.46244444444443	15	12	3	6	0	0	0	0	0	1	2	0	3	0	3	6	0	0	0	0	0	1	2	0	3	12	G1,G2	Vibrio_1A01,Vibrio_6D03,Salipiger_C3M06,Acinetobacter_D3M06,Motilimonas_G1M02	1-1A01.mzML,2-6D03.mzML,8-C3M06.mzML,9-D3M06.mzML,11-G1M02.mzML,bkgrnd-marine-broth.mzML	7																																														
147	17	166.09184983197397	1	166.09184983197397	0.0	284.3601764705882	14	3	0	0	0	3	1	0	2	3	2	3	0	0	0	0	0	3	1	0	2	3	2	3	0	3	G1,G2	Shewanella_B2R08,Roseovarius_B2R09,Paracoccus_C2R07,Salipiger_C3M06,Acinetobacter_D3M06,Arenibacter_D3M17	4-B2R08.mzML,5-B2R09.mzML,7-C2R07_2.mzML,8-C3M06.mzML,9-D3M06.mzML,10-D3M17.mzML,bkgrnd-marine-broth.mzML	7	CCMSLIB00000426130	147.0	specs_ms.mgf	HMDB.mgf	0.902484	575860.0	276.385	26.3673	6.0	0.00437927	166.091	1.0	temp/specs_ms.mgf147	1.0	HMDB:HMDB00159-250 L-Phenylalanine	Positive	Quattro_QQQ:40eV	Isolated	HMDB	HMDB	M+H	166.087	165.079	1.0	63-91-2		N[C@@H](CC1=CC=CC=C1)C(O)=O	InChI=1S/C9H11NO2/c10-8(9(11)12)6-7-4-2-1-3-5-7/h1-5,8H,6,10H2,(H,11,12)/t8-/m0/s1		3.0	Positive	HMDB	166.087	UPDATE-SINGLE-ANNOTATED-BRONZE	Bronze		C9H11NO2	COLNVLDHVKWLRT-QMMMGPOBSA-N	COLNVLDHVKWLRT	Organic acids and derivatives	Carboxylic acids and derivatives	Amino acids, peptides, and analogues	Small peptides	Aminoacids	Amino acids and Peptides|Shikimates and Phenylpropanoids	mzspec:GNPS:GNPS-LIBRARY:CCMSLIB00000426130
148	89	166.0860952152835	1	166.0860952152835	0.0	308.28124719101123	89	0	0	0	6	7	11	16	10	9	10	14	6	0	0	0	6	7	11	16	10	9	10	14	6	0	G1	Phaeobacter_B2R04,Shewanella_B2R08,Roseovarius_B2R09,Colwellia_C2M19,Paracoccus_C2R07,Salipiger_C3M06,Acinetobacter_D3M06,Arenibacter_D3M17,Motilimonas_G1M02	3-B2R04.mzML,4-B2R08.mzML,5-B2R09.mzML,6-C2M19.mzML,7-C2R07_2.mzML,8-C3M06.mzML,9-D3M06.mzML,10-D3M17.mzML,11-G1M02.mzML	7	CCMSLIB00013639998	148.0	specs_ms.mgf	WINE-DB-QTOF.mgf	0.991867	194846.0	289.851	4.59364	6.0	0.000762939	166.087	1.0	temp/specs_ms.mgf148	1.0	Phenylalanine_(L-)_30EV	ESI	qTof	Commercial	Axel_Marchal	TE_MLS	M+H	166.086	165.19	1.0	63-91-2		C([C@@H](C(O)=O)N)C1=CC=CC=C1	InChI=1S/C9H11NO2/c10-8(9(11)12)6-7-4-2-1-3-5-7/h1-5,8H,6,10H2,(H,11,12)/t8-/m0/s1		1.0	Positive	WINE-DB-QTOF	166.086	UPDATE-SINGLE-ANNOTATED-GOLD	Gold		C9H11NO2	COLNVLDHVKWLRT-QMMMGPOBSA-N	COLNVLDHVKWLRT	Organic acids and derivatives	Carboxylic acids and derivatives	Amino acids, peptides, and analogues	Small peptides	Aminoacids	Amino acids and Peptides|Shikimates and Phenylpropanoids	mzspec:GNPS:GNPS-LIBRARY:CCMSLIB00013639998
149	26	166.08844356047783	1	166.08844356047786	0.0	291.33107692307686	14	12	3	5	0	0	0	0	0	1	2	0	3	0	3	5	0	0	0	0	0	1	2	0	3	12	G1,G2	Vibrio_1A01,Vibrio_6D03,Salipiger_C3M06,Acinetobacter_D3M06,Motilimonas_G1M02	1-1A01.mzML,2-6D03.mzML,8-C3M06.mzML,9-D3M06.mzML,11-G1M02.mzML,bkgrnd-marine-broth.mzML	7																																														
150	13	169.0757857102615	1	169.0757857102615	0.0	455.03100000000006	12	1	0	0	1	2	2	2	1	0	2	1	1	0	0	0	1	2	2	2	1	0	2	1	1	1	G1,G2	Phaeobacter_B2R04,Shewanella_B2R08,Roseovarius_B2R09,Colwellia_C2M19,Paracoccus_C2R07,Acinetobacter_D3M06,Arenibacter_D3M17,Motilimonas_G1M02	3-B2R04.mzML,4-B2R08.mzML,5-B2R09.mzML,6-C2M19.mzML,7-C2R07_2.mzML,9-D3M06.mzML,10-D3M17.mzML,11-G1M02.mzML,bkgrnd-marine-broth.mzML	20																																														
151	54	169.09681136519805	1	169.09681136519808	0.0	259.7540555555556	54	0	0	6	6	6	6	6	6	6	6	6	0	0	0	6	6	6	6	6	6	6	6	6	0	0	G1	Vibrio_6D03,Phaeobacter_B2R04,Shewanella_B2R08,Roseovarius_B2R09,Colwellia_C2M19,Paracoccus_C2R07,Salipiger_C3M06,Acinetobacter_D3M06,Arenibacter_D3M17	2-6D03.mzML,3-B2R04.mzML,4-B2R08.mzML,5-B2R09.mzML,6-C2M19.mzML,7-C2R07_2.mzML,8-C3M06.mzML,9-D3M06.mzML,10-D3M17.mzML	-1																																														
152	3	170.118057250977	1	170.118057250977	0.0	499.8176666666667	3	0	0	3	0	0	0	0	0	0	0	0	0	0	0	3	0	0	0	0	0	0	0	0	0	0	G1	Vibrio_6D03	2-6D03.mzML	31																																														
153	3	170.118057250977	1	170.118057250977	0.0	500.009	3	0	0	3	0	0	0	0	0	0	0	0	0	0	0	3	0	0	0	0	0	0	0	0	0	0	G1	Vibrio_6D03	2-6D03.mzML	31																																														
154	6	173.09155782063797	1	173.09155782063797	0.0	151.21866666666668	6	0	0	0	0	0	0	0	0	0	0	6	0	0	0	0	0	0	0	0	0	0	0	6	0	0	G1	Arenibacter_D3M17	10-D3M17.mzML	225	CCMSLIB00006112725	154.0	specs_ms.mgf	BIRMINGHAM-UHPLC-MS-POS.mgf	0.932669	13102.0	151.97	11233.1	6.0	1.96645	173.092	1.0	temp/specs_ms.mgf154	1.0	Xylitol - 40.0 eV	ESI	Orbitrap	Isolated	PI	Data Collector	M+Na	175.058	0.0	1.0			C([C@H]([C@@H]([C@H](CO)O)O)O)O	InChI=1S/C5H12O5/c6-1-3(8)5(10)4(9)2-7/h3-10H,1-2H2/t3-,4+,5+		1.0	Positive	BIRMINGHAM-UHPLC-MS-POS	175.058	UPDATE-SINGLE-ANNOTATED-GOLD	Gold		C5H12O5	HEBKCHPVOIAQTA-SCDXWVJYSA-N	HEBKCHPVOIAQTA	Organic oxygen compounds	Organooxygen compounds	Carbohydrates and carbohydrate conjugates	Saccharides	Monosaccharides	Carbohydrates	mzspec:GNPS:GNPS-LIBRARY:CCMSLIB00006112725
155	9	174.05426025390597	1	174.05426025390597	0.0	211.21911111111112	9	0	0	0	4	0	3	0	0	0	0	2	0	0	0	0	4	0	3	0	0	0	0	2	0	0	G1	Phaeobacter_B2R04,Roseovarius_B2R09,Arenibacter_D3M17	3-B2R04.mzML,5-B2R09.mzML,10-D3M17.mzML	48	CCMSLIB00000224017	155.0	specs_ms.mgf	GNPS-LIBRARY.mgf	0.765215	11581.0	210.064	5688.33	6.0	0.995743	174.054	1.0	temp/specs_ms.mgf155	1.0	quinoxaline-2-carboxylic acid	DI-ESI	qTof	Other	Giuliano Clososki	Daniel Demarque	M+H	175.05	174.043	1.0	 	 	OC(C1=NC2=CC=CC=C2N=C1)=O	InChI=1S/C9H6N2O2/c12-9(13)8-5-10-6-3-1-2-4-7(6)11-8/h1-5H,(H,12,13)	 	3.0	Positive	GNPS-LIBRARY	175.05	UPDATE-SINGLE-ANNOTATED-BRONZE	Bronze		C9H6N2O2	UPUZGXILYFKSGE-UHFFFAOYSA-N	UPUZGXILYFKSGE	Organoheterocyclic compounds	Diazanaphthalenes	Benzodiazines	Anthranilic acid alkaloids	Phenazine alkaloids	Alkaloids	mzspec:GNPS:GNPS-LIBRARY:CCMSLIB00000224017
156	2	174.054270426432	1	174.054270426432	0.0	209.6095	2	0	0	0	0	0	2	0	0	0	0	0	0	0	0	0	0	0	2	0	0	0	0	0	0	0	G1	Roseovarius_B2R09	5-B2R09.mzML	48	CCMSLIB00012359812	156.0	specs_ms.mgf	MSNLIB-POSITIVE.mgf	0.88768	11915.8	210.607	4.12032	6.0	0.000717163	174.054	1.0	temp/specs_ms.mgf156	1.0	Quinoline-4-carboxylic acid	ESI	Orbitrap	Crude	Tomas Pluskal	Corinna Brungs	[M+H]+	174.055	173.048	1.0			O=C(O)c1ccnc2ccccc12	InChI=1S/C10H7NO2/c12-10(13)8-5-6-11-9-4-2-1-3-7(8)9/h1-6H,(H,12,13)	VQMSRUREDGBWKT-UHFFFAOYSA-N	1.0	Positive	MSNLIB-POSITIVE	174.055	UPDATE-SINGLE-ANNOTATED-GOLD	Gold		C10H7NO2	VQMSRUREDGBWKT-UHFFFAOYSA-N	VQMSRUREDGBWKT	Organoheterocyclic compounds	Quinolines and derivatives	Quinoline carboxylic acids	Tryptophan alkaloids|Anthranilic acid alkaloids	Quinoline alkaloids	Alkaloids	mzspec:GNPS:GNPS-LIBRARY:CCMSLIB00012359812
157	3	174.112360636393	1	174.112360636393	0.0	465.2863333333333	3	0	0	3	0	0	0	0	0	0	0	0	0	0	0	3	0	0	0	0	0	0	0	0	0	0	G1	Vibrio_6D03	2-6D03.mzML	31																																														
158	2	174.112360636393	1	174.112360636393	0.0	464.02900000000005	2	0	0	2	0	0	0	0	0	0	0	0	0	0	0	2	0	0	0	0	0	0	0	0	0	0	G1	Vibrio_6D03	2-6D03.mzML	31																																														
159	12	175.1085001627605	1	175.1085001627605	0.0	194.587	8	4	0	0	2	0	0	0	0	4	2	0	0	0	0	0	2	0	0	0	0	4	2	0	0	4	G1,G2	Phaeobacter_B2R04,Salipiger_C3M06,Acinetobacter_D3M06	3-B2R04.mzML,8-C3M06.mzML,9-D3M06.mzML,bkgrnd-marine-broth.mzML	-1																																														
160	34	175.1184046128218	1	175.1184046128218	0.0	141.68238235294118	34	0	0	0	6	0	0	0	6	6	6	6	4	0	0	0	6	0	0	0	6	6	6	6	4	0	G1	Phaeobacter_B2R04,Paracoccus_C2R07,Salipiger_C3M06,Acinetobacter_D3M06,Arenibacter_D3M17,Motilimonas_G1M02	3-B2R04.mzML,7-C2R07_2.mzML,8-C3M06.mzML,9-D3M06.mzML,10-D3M17.mzML,11-G1M02.mzML	225	CCMSLIB00006112725	160.0	specs_ms.mgf	BIRMINGHAM-UHPLC-MS-POS.mgf	0.926564	7678.8	143.494	345.083	6.0	0.0604095	175.118	1.0	temp/specs_ms.mgf160	1.0	Xylitol - 40.0 eV	ESI	Orbitrap	Isolated	PI	Data Collector	M+Na	175.058	0.0	1.0			C([C@H]([C@@H]([C@H](CO)O)O)O)O	InChI=1S/C5H12O5/c6-1-3(8)5(10)4(9)2-7/h3-10H,1-2H2/t3-,4+,5+		1.0	Positive	BIRMINGHAM-UHPLC-MS-POS	175.058	UPDATE-SINGLE-ANNOTATED-GOLD	Gold		C5H12O5	HEBKCHPVOIAQTA-SCDXWVJYSA-N	HEBKCHPVOIAQTA	Organic oxygen compounds	Organooxygen compounds	Carbohydrates and carbohydrate conjugates	Saccharides	Monosaccharides	Carbohydrates	mzspec:GNPS:GNPS-LIBRARY:CCMSLIB00006112725
161	11	176.1277340975671	1	176.12773409756707	0.0	415.1933636363637	11	0	0	0	0	0	0	4	0	0	3	4	0	0	0	0	0	0	0	4	0	0	3	4	0	0	G1	Colwellia_C2M19,Acinetobacter_D3M06,Arenibacter_D3M17	6-C2M19.mzML,9-D3M06.mzML,10-D3M17.mzML	-1																																														
162	2	180.104133605957	1	180.104133605957	0.0	469.6525	2	0	2	0	0	0	0	0	0	0	0	0	0	0	2	0	0	0	0	0	0	0	0	0	0	0	G1	Vibrio_1A01	1-1A01.mzML	222																																														
163	2	180.104133605957	1	180.104133605957	0.0	469.844	2	0	2	0	0	0	0	0	0	0	0	0	0	0	2	0	0	0	0	0	0	0	0	0	0	0	G1	Vibrio_1A01	1-1A01.mzML	222																																														
164	70	182.0811017717634	1	182.0811017717633	0.0	206.8167857142857	64	6	0	6	6	6	6	12	6	8	0	8	6	0	0	6	6	6	6	12	6	8	0	8	6	6	G1,G2	Vibrio_6D03,Phaeobacter_B2R04,Shewanella_B2R08,Roseovarius_B2R09,Colwellia_C2M19,Paracoccus_C2R07,Salipiger_C3M06,Arenibacter_D3M17,Motilimonas_G1M02	2-6D03.mzML,3-B2R04.mzML,4-B2R08.mzML,5-B2R09.mzML,6-C2M19.mzML,7-C2R07_2.mzML,8-C3M06.mzML,10-D3M17.mzML,11-G1M02.mzML,bkgrnd-marine-broth.mzML	-1	CCMSLIB00000427096	164.0	specs_ms.mgf	HMDB.mgf	0.964854	24494.9	202.964	6.36893	6.0	0.00115967	182.081	1.0	temp/specs_ms.mgf164	1.0	HMDB:HMDB00158-246 L-Tyrosine	Positive	Quattro_QQQ:25eV	Isolated	HMDB	HMDB	M+H	182.082	181.074	1.0	60-18-4		N[C@@H](CC1=CC=C(O)C=C1)C(O)=O	InChI=1S/C9H11NO3/c10-8(9(12)13)5-6-1-3-7(11)4-2-6/h1-4,8,11H,5,10H2,(H,12,13)/t8-/m0/s1		3.0	Positive	HMDB	182.082	UPDATE-SINGLE-ANNOTATED-BRONZE	Bronze		C9H11NO3	OUYCCCASQSFEME-QMMMGPOBSA-N	OUYCCCASQSFEME	Organic acids and derivatives	Carboxylic acids and derivatives	Amino acids, peptides, and analogues	Small peptides	Aminoacids	Amino acids and Peptides|Shikimates and Phenylpropanoids	mzspec:GNPS:GNPS-LIBRARY:CCMSLIB00000427096
165	37	182.96271659232488	1	182.9627165923249	0.0	114.41654054054057	34	3	3	3	3	3	3	4	3	3	3	3	3	0	3	3	3	3	3	4	3	3	3	3	3	3	G1,G2	Vibrio_1A01,Vibrio_6D03,Phaeobacter_B2R04,Shewanella_B2R08,Roseovarius_B2R09,Colwellia_C2M19,Paracoccus_C2R07,Salipiger_C3M06,Acinetobacter_D3M06,Arenibacter_D3M17,Motilimonas_G1M02	1-1A01.mzML,2-6D03.mzML,3-B2R04.mzML,4-B2R08.mzML,5-B2R09.mzML,6-C2M19.mzML,7-C2R07_2.mzML,8-C3M06.mzML,9-D3M06.mzML,10-D3M17.mzML,11-G1M02.mzML,bkgrnd-marine-broth.mzML	92																																														
166	37	182.96271659232488	1	182.9627165923249	0.0	114.60802702702702	34	3	3	3	3	3	3	4	3	3	3	3	3	0	3	3	3	3	3	4	3	3	3	3	3	3	G1,G2	Vibrio_1A01,Vibrio_6D03,Phaeobacter_B2R04,Shewanella_B2R08,Roseovarius_B2R09,Colwellia_C2M19,Paracoccus_C2R07,Salipiger_C3M06,Acinetobacter_D3M06,Arenibacter_D3M17,Motilimonas_G1M02	1-1A01.mzML,2-6D03.mzML,3-B2R04.mzML,4-B2R08.mzML,5-B2R09.mzML,6-C2M19.mzML,7-C2R07_2.mzML,8-C3M06.mzML,9-D3M06.mzML,10-D3M17.mzML,11-G1M02.mzML,bkgrnd-marine-broth.mzML	92																																														
167	14	183.0916442871093	1	183.0916442871093	0.0	463.4309999999999	13	1	1	1	1	2	2	2	1	0	1	2	0	0	1	1	1	2	2	2	1	0	1	2	0	1	G1,G2	Vibrio_1A01,Vibrio_6D03,Phaeobacter_B2R04,Shewanella_B2R08,Roseovarius_B2R09,Colwellia_C2M19,Paracoccus_C2R07,Acinetobacter_D3M06,Arenibacter_D3M17	1-1A01.mzML,2-6D03.mzML,3-B2R04.mzML,4-B2R08.mzML,5-B2R09.mzML,6-C2M19.mzML,7-C2R07_2.mzML,9-D3M06.mzML,10-D3M17.mzML,bkgrnd-marine-broth.mzML	20	CCMSLIB00003138079	167.0	specs_ms.mgf	GNPS-NIST14-MATCHES.mgf	0.759276	11900.3	462.559	4.66701	6.0	0.000854492	183.091	1.0	temp/specs_ms.mgf167	1.0	Spectral Match to Harmane from NIST14	ESI	qTof	Isolated	Data from Kit Pogliano	Data deposited by fevargas	M+H	183.092	182.084	1.0	486840		CC1=NC=CC2=C1NC3=CC=CC=C23	InChI=1S/C12H10N2/c1-8-12-10(6-7-13-8)9-4-2-3-5-11(9)14-12/h2-7,14H,1H3		3.0	Positive	GNPS-NIST14-MATCHES	183.092	UPDATE-SINGLE-ANNOTATED-BRONZE	Bronze		C12H10N2	PSFDQSOCUJVVGF-UHFFFAOYSA-N	PSFDQSOCUJVVGF				Tryptophan alkaloids	Carboline alkaloids	Alkaloids	mzspec:GNPS:GNPS-LIBRARY:CCMSLIB00003138079
168	2	183.091320037842	1	183.091320037842	0.0	465.6915	2	0	0	0	0	1	0	0	0	1	0	0	0	0	0	0	0	1	0	0	0	1	0	0	0	0	G1	Shewanella_B2R08,Salipiger_C3M06	4-B2R08.mzML,8-C3M06.mzML	20																																														
169	3	183.0912551879883	1	183.0912551879883	0.0	465.4806666666666	3	0	0	0	0	1	1	0	0	1	0	0	0	0	0	0	0	1	1	0	0	1	0	0	0	0	G1	Shewanella_B2R08,Roseovarius_B2R09,Salipiger_C3M06	4-B2R08.mzML,5-B2R09.mzML,8-C3M06.mzML	20																																														
170	4	183.164527893066	1	183.164527893066	0.0	156.20775	4	0	0	4	0	0	0	0	0	0	0	0	0	0	0	4	0	0	0	0	0	0	0	0	0	0	G1	Vibrio_6D03	2-6D03.mzML	-1																																														
171	9	185.09266323513447	1	185.09266323513447	0.0	196.838	9	0	2	2	1	0	2	2	0	0	0	0	0	0	2	2	1	0	2	2	0	0	0	0	0	0	G1	Vibrio_1A01,Vibrio_6D03,Phaeobacter_B2R04,Roseovarius_B2R09,Colwellia_C2M19	1-1A01.mzML,2-6D03.mzML,3-B2R04.mzML,5-B2R09.mzML,6-C2M19.mzML	138																																														
172	2	185.0914306640625	1	185.0914306640625	0.0	197.736	2	0	0	0	1	1	0	0	0	0	0	0	0	0	0	0	1	1	0	0	0	0	0	0	0	0	G1	Phaeobacter_B2R04,Shewanella_B2R08	3-B2R04.mzML,4-B2R08.mzML	184																																														
173	4	185.0914878845215	1	185.0914878845215	0.0	199.2555	4	0	0	0	0	0	0	2	2	0	0	0	0	0	0	0	0	0	0	2	2	0	0	0	0	0	G1	Colwellia_C2M19,Paracoccus_C2R07	6-C2M19.mzML,7-C2R07_2.mzML	184																																														
174	71	185.11024239994893	1	185.11024239994893	0.0	18.03884037558685	71	0	0	10	8	7	7	5	10	4	7	7	6	0	0	10	8	7	7	5	10	4	7	7	6	0	G1	Vibrio_6D03,Phaeobacter_B2R04,Shewanella_B2R08,Roseovarius_B2R09,Colwellia_C2M19,Paracoccus_C2R07,Salipiger_C3M06,Acinetobacter_D3M06,Arenibacter_D3M17,Motilimonas_G1M02	2-6D03.mzML,3-B2R04.mzML,4-B2R08.mzML,5-B2R09.mzML,6-C2M19.mzML,7-C2R07_2.mzML,8-C3M06.mzML,9-D3M06.mzML,10-D3M17.mzML,11-G1M02.mzML	20																																														
175	66	185.11035010727844	1	185.1103501072785	0.0	18.06003787878788	64	2	1	12	9	7	6	5	6	6	2	5	5	0	1	12	9	7	6	5	6	6	2	5	5	2	G1,G2	Vibrio_1A01,Vibrio_6D03,Phaeobacter_B2R04,Shewanella_B2R08,Roseovarius_B2R09,Colwellia_C2M19,Paracoccus_C2R07,Salipiger_C3M06,Acinetobacter_D3M06,Arenibacter_D3M17,Motilimonas_G1M02	1-1A01.mzML,2-6D03.mzML,3-B2R04.mzML,4-B2R08.mzML,5-B2R09.mzML,6-C2M19.mzML,7-C2R07_2.mzML,8-C3M06.mzML,9-D3M06.mzML,10-D3M17.mzML,11-G1M02.mzML,bkgrnd-marine-broth.mzML	20																																														
176	81	185.11062848703853	1	185.11062848703864	0.0	35.47375925925927	72	9	3	8	8	3	8	5	8	9	7	5	8	0	3	8	8	3	8	5	8	9	7	5	8	9	G1,G2	Vibrio_1A01,Vibrio_6D03,Phaeobacter_B2R04,Shewanella_B2R08,Roseovarius_B2R09,Colwellia_C2M19,Paracoccus_C2R07,Salipiger_C3M06,Acinetobacter_D3M06,Arenibacter_D3M17,Motilimonas_G1M02	1-1A01.mzML,2-6D03.mzML,3-B2R04.mzML,4-B2R08.mzML,5-B2R09.mzML,6-C2M19.mzML,7-C2R07_2.mzML,8-C3M06.mzML,9-D3M06.mzML,10-D3M17.mzML,11-G1M02.mzML,bkgrnd-marine-broth.mzML	20																																														
177	85	185.11039915192453	1	185.11039915192453	0.0	18.83466862745098	81	4	1	5	7	8	10	14	9	5	8	8	6	0	1	5	7	8	10	14	9	5	8	8	6	4	G1,G2	Vibrio_1A01,Vibrio_6D03,Phaeobacter_B2R04,Shewanella_B2R08,Roseovarius_B2R09,Colwellia_C2M19,Paracoccus_C2R07,Salipiger_C3M06,Acinetobacter_D3M06,Arenibacter_D3M17,Motilimonas_G1M02	1-1A01.mzML,2-6D03.mzML,3-B2R04.mzML,4-B2R08.mzML,5-B2R09.mzML,6-C2M19.mzML,7-C2R07_2.mzML,8-C3M06.mzML,9-D3M06.mzML,10-D3M17.mzML,11-G1M02.mzML,bkgrnd-marine-broth.mzML	20																																														
178	143	185.1102536002812	1	185.1102536002808	0.0	21.575280885780884	143	0	0	12	14	17	16	17	12	15	12	15	13	0	0	12	14	17	16	17	12	15	12	15	13	0	G1	Vibrio_6D03,Phaeobacter_B2R04,Shewanella_B2R08,Roseovarius_B2R09,Colwellia_C2M19,Paracoccus_C2R07,Salipiger_C3M06,Acinetobacter_D3M06,Arenibacter_D3M17,Motilimonas_G1M02	2-6D03.mzML,3-B2R04.mzML,4-B2R08.mzML,5-B2R09.mzML,6-C2M19.mzML,7-C2R07_2.mzML,8-C3M06.mzML,9-D3M06.mzML,10-D3M17.mzML,11-G1M02.mzML	20																																														
179	143	185.11031272374493	1	185.11031272374464	0.0	30.965924242424244	140	3	0	13	14	12	12	8	15	18	18	14	16	0	0	13	14	12	12	8	15	18	18	14	16	3	G1,G2	Vibrio_6D03,Phaeobacter_B2R04,Shewanella_B2R08,Roseovarius_B2R09,Colwellia_C2M19,Paracoccus_C2R07,Salipiger_C3M06,Acinetobacter_D3M06,Arenibacter_D3M17,Motilimonas_G1M02	2-6D03.mzML,3-B2R04.mzML,4-B2R08.mzML,5-B2R09.mzML,6-C2M19.mzML,7-C2R07_2.mzML,8-C3M06.mzML,9-D3M06.mzML,10-D3M17.mzML,11-G1M02.mzML,bkgrnd-marine-broth.mzML	20																																														
180	76	186.22164751115	1	186.22164751114988	0.0	531.4478815789474	76	0	0	7	7	7	8	8	7	9	8	6	9	0	0	7	7	7	8	8	7	9	8	6	9	0	G1	Vibrio_6D03,Phaeobacter_B2R04,Shewanella_B2R08,Roseovarius_B2R09,Colwellia_C2M19,Paracoccus_C2R07,Salipiger_C3M06,Acinetobacter_D3M06,Arenibacter_D3M17,Motilimonas_G1M02	2-6D03.mzML,3-B2R04.mzML,4-B2R08.mzML,5-B2R09.mzML,6-C2M19.mzML,7-C2R07_2.mzML,8-C3M06.mzML,9-D3M06.mzML,10-D3M17.mzML,11-G1M02.mzML	-1																																														
181	35	188.0705655779157	1	188.0705655779157	0.0	436.4887428571428	31	4	0	0	4	0	4	4	2	4	4	6	3	0	0	0	4	0	4	4	2	4	4	6	3	4	G1,G2	Phaeobacter_B2R04,Roseovarius_B2R09,Colwellia_C2M19,Paracoccus_C2R07,Salipiger_C3M06,Acinetobacter_D3M06,Arenibacter_D3M17,Motilimonas_G1M02	3-B2R04.mzML,5-B2R09.mzML,6-C2M19.mzML,7-C2R07_2.mzML,8-C3M06.mzML,9-D3M06.mzML,10-D3M17.mzML,11-G1M02.mzML,bkgrnd-marine-broth.mzML	143	CCMSLIB00003138038	181.0	specs_ms.mgf	GNPS-NIST14-MATCHES.mgf	0.981872	48819.7	435.003	15.0095	7.0	0.00282288	188.07	1.0	temp/specs_ms.mgf181	1.0	Spectral Match to L-Tryptophan from NIST14	ESI	HCD	Isolated	Data from Pieter Dorrestein	Data deposited by dfloros	M+H-NH3	188.073	0.0	1.0	73223					3.0	Positive	GNPS-NIST14-MATCHES	188.073	UPDATE-SINGLE-ANNOTATED-BRONZE	Bronze											mzspec:GNPS:GNPS-LIBRARY:CCMSLIB00003138038
182	3	188.128514607747	1	188.128514607747	0.0	498.3333333333333	3	0	0	3	0	0	0	0	0	0	0	0	0	0	0	3	0	0	0	0	0	0	0	0	0	0	G1	Vibrio_6D03	2-6D03.mzML	31																																														
183	3	188.128514607747	1	188.128514607747	0.0	498.5243333333334	3	0	0	3	0	0	0	0	0	0	0	0	0	0	0	3	0	0	0	0	0	0	0	0	0	0	G1	Vibrio_6D03	2-6D03.mzML	31																																														
184	26	189.08671358548685	1	189.08671358548688	0.0	267.41457692307694	22	4	0	0	6	0	5	0	4	2	3	0	2	0	0	0	6	0	5	0	4	2	3	0	2	4	G1,G2	Phaeobacter_B2R04,Roseovarius_B2R09,Paracoccus_C2R07,Salipiger_C3M06,Acinetobacter_D3M06,Motilimonas_G1M02	3-B2R04.mzML,5-B2R09.mzML,7-C2R07_2.mzML,8-C3M06.mzML,9-D3M06.mzML,11-G1M02.mzML,bkgrnd-marine-broth.mzML	-1																																														
185	26	189.0864205580492	1	189.0864205580492	0.0	268.3790769230769	25	1	0	0	6	0	5	0	6	4	3	0	1	0	0	0	6	0	5	0	6	4	3	0	1	1	G1,G2	Phaeobacter_B2R04,Roseovarius_B2R09,Paracoccus_C2R07,Salipiger_C3M06,Acinetobacter_D3M06,Motilimonas_G1M02	3-B2R04.mzML,5-B2R09.mzML,7-C2R07_2.mzML,8-C3M06.mzML,9-D3M06.mzML,11-G1M02.mzML,bkgrnd-marine-broth.mzML	11																																														
186	2	189.0876655578615	1	189.0876655578615	0.0	266.8145	1	1	0	0	0	0	0	0	0	0	0	0	1	0	0	0	0	0	0	0	0	0	0	0	1	1	G1,G2	Motilimonas_G1M02	11-G1M02.mzML,bkgrnd-marine-broth.mzML	-1																																														
187	40	189.12346204121928	1	189.12346204121928	0.0	295.02385	29	11	0	0	8	0	0	0	0	10	11	0	0	0	0	0	8	0	0	0	0	10	11	0	0	11	G1,G2	Phaeobacter_B2R04,Salipiger_C3M06,Acinetobacter_D3M06	3-B2R04.mzML,8-C3M06.mzML,9-D3M06.mzML,bkgrnd-marine-broth.mzML	37	CCMSLIB00003137413	187.0	specs_ms.mgf	GNPS-NIST14-MATCHES.mgf	0.757825	40094.4	276.042	10567.9	6.0	1.97774	189.123	1.0	temp/specs_ms.mgf187	1.0	Spectral Match to Ile-Leu-Lys from NIST14	ESI	QqQ	Isolated	Data from Gabriel Haddad	Data deposited by mjmeehan	M+2H]	187.145	0.0	1.0						3.0	Positive	GNPS-NIST14-MATCHES	187.145	UPDATE-SINGLE-ANNOTATED-BRONZE	Bronze											mzspec:GNPS:GNPS-LIBRARY:CCMSLIB00003137413
188	6	189.1227251688641	1	189.1227251688641	0.0	276.4005	6	0	0	0	3	0	0	0	0	2	1	0	0	0	0	0	3	0	0	0	0	2	1	0	0	0	G1	Phaeobacter_B2R04,Salipiger_C3M06,Acinetobacter_D3M06	3-B2R04.mzML,8-C3M06.mzML,9-D3M06.mzML	11																																														
189	3	195.061655680339	1	195.061655680339	0.0	489.7583333333333	3	0	0	0	0	3	0	0	0	0	0	0	0	0	0	0	0	3	0	0	0	0	0	0	0	0	G1	Shewanella_B2R08	4-B2R08.mzML	-1																																														
190	48	195.11223411560067	1	195.1122341156006	0.0	386.9902291666667	48	0	0	0	6	6	6	6	6	6	6	6	0	0	0	0	6	6	6	6	6	6	6	6	0	0	G1	Phaeobacter_B2R04,Shewanella_B2R08,Roseovarius_B2R09,Colwellia_C2M19,Paracoccus_C2R07,Salipiger_C3M06,Acinetobacter_D3M06,Arenibacter_D3M17	3-B2R04.mzML,4-B2R08.mzML,5-B2R09.mzML,6-C2M19.mzML,7-C2R07_2.mzML,8-C3M06.mzML,9-D3M06.mzML,10-D3M17.mzML	-1																																														
191	89	198.9402171359974	1	198.9402171359974	0.0	115.63405617977529	83	6	8	7	8	6	10	6	8	8	8	8	6	0	8	7	8	6	10	6	8	8	8	8	6	6	G1,G2	Vibrio_1A01,Vibrio_6D03,Phaeobacter_B2R04,Shewanella_B2R08,Roseovarius_B2R09,Colwellia_C2M19,Paracoccus_C2R07,Salipiger_C3M06,Acinetobacter_D3M06,Arenibacter_D3M17,Motilimonas_G1M02	1-1A01.mzML,2-6D03.mzML,3-B2R04.mzML,4-B2R08.mzML,5-B2R09.mzML,6-C2M19.mzML,7-C2R07_2.mzML,8-C3M06.mzML,9-D3M06.mzML,10-D3M17.mzML,11-G1M02.mzML,bkgrnd-marine-broth.mzML	30																																														
192	37	202.18009818137207	1	202.180098181372	0.0	154.17367567567572	37	0	4	4	6	1	6	6	6	0	0	0	4	0	4	4	6	1	6	6	6	0	0	0	4	0	G1	Vibrio_1A01,Vibrio_6D03,Phaeobacter_B2R04,Shewanella_B2R08,Roseovarius_B2R09,Colwellia_C2M19,Paracoccus_C2R07,Motilimonas_G1M02	1-1A01.mzML,2-6D03.mzML,3-B2R04.mzML,4-B2R08.mzML,5-B2R09.mzML,6-C2M19.mzML,7-C2R07_2.mzML,11-G1M02.mzML	-1																																														
193	30	203.2228698730469	1	203.2228698730469	0.0	119.56576666666668	24	6	0	0	0	6	0	6	6	0	0	6	0	0	0	0	0	6	0	6	6	0	0	6	0	6	G1,G2	Shewanella_B2R08,Colwellia_C2M19,Paracoccus_C2R07,Arenibacter_D3M17	4-B2R08.mzML,6-C2M19.mzML,7-C2R07_2.mzML,10-D3M17.mzML,bkgrnd-marine-broth.mzML	45																																														
194	35	205.09711172921328	1	205.09711172921325	0.0	436.3139142857144	31	4	0	0	4	0	4	4	2	4	4	6	3	0	0	0	4	0	4	4	2	4	4	6	3	4	G1,G2	Phaeobacter_B2R04,Roseovarius_B2R09,Colwellia_C2M19,Paracoccus_C2R07,Salipiger_C3M06,Acinetobacter_D3M06,Arenibacter_D3M17,Motilimonas_G1M02	3-B2R04.mzML,5-B2R09.mzML,6-C2M19.mzML,7-C2R07_2.mzML,8-C3M06.mzML,9-D3M06.mzML,10-D3M17.mzML,11-G1M02.mzML,bkgrnd-marine-broth.mzML	143	CCMSLIB00005883950	194.0	specs_ms.mgf	GNPS-LIBRARY.mgf	0.885394	8406.8	435.814	1.26476	7.0	0.000259399	205.097	1.0	temp/specs_ms.mgf194	1.0	D-TRYPTOPHAN - 70.0 eV	ESI	Orbitrap	Isolated	Madeleine Ernst	Anna Abrahamsson	M+H	205.097	0.0	1.0	153-94-6		N[C@H](CC1=CNC2=CC=CC=C12)C(O)=O	InChI=1S/C11H12N2O2/c12-9(11(14)15)5-7-6-13-10-4-2-1-3-8(7)10/h1-4,6,9,13H,5,12H2,(H,14,15)/t9-/m1/s1		1.0	Positive	GNPS-LIBRARY	205.097	UPDATE-SINGLE-ANNOTATED-GOLD	Gold		C11H12N2O2	QIVBCDIJIAJPQS-SECBINFHSA-N	QIVBCDIJIAJPQS	Organoheterocyclic compounds	Indoles and derivatives	Indolyl carboxylic acids and derivatives	Small peptides	Aminoacids	Amino acids and Peptides|Shikimates and Phenylpropanoids	mzspec:GNPS:GNPS-LIBRARY:CCMSLIB00005883950
195	63	211.10782490079367	1	211.10782490079384	0.0	247.78065079365075	59	4	6	6	6	6	5	6	6	6	6	6	0	0	6	6	6	6	5	6	6	6	6	6	0	4	G1,G2	Vibrio_1A01,Vibrio_6D03,Phaeobacter_B2R04,Shewanella_B2R08,Roseovarius_B2R09,Colwellia_C2M19,Paracoccus_C2R07,Salipiger_C3M06,Acinetobacter_D3M06,Arenibacter_D3M17	1-1A01.mzML,2-6D03.mzML,3-B2R04.mzML,4-B2R08.mzML,5-B2R09.mzML,6-C2M19.mzML,7-C2R07_2.mzML,8-C3M06.mzML,9-D3M06.mzML,10-D3M17.mzML,bkgrnd-marine-broth.mzML	138																																														
196	68	211.144157110476	1	211.144157110476	0.0	472.3526176470588	62	6	6	6	6	6	6	6	6	6	4	6	4	0	6	6	6	6	6	6	6	6	4	6	4	6	G1,G2	Vibrio_1A01,Vibrio_6D03,Phaeobacter_B2R04,Shewanella_B2R08,Roseovarius_B2R09,Colwellia_C2M19,Paracoccus_C2R07,Salipiger_C3M06,Acinetobacter_D3M06,Arenibacter_D3M17,Motilimonas_G1M02	1-1A01.mzML,2-6D03.mzML,3-B2R04.mzML,4-B2R08.mzML,5-B2R09.mzML,6-C2M19.mzML,7-C2R07_2.mzML,8-C3M06.mzML,9-D3M06.mzML,10-D3M17.mzML,11-G1M02.mzML,bkgrnd-marine-broth.mzML	-1	CCMSLIB00012440742	196.0	specs_ms.mgf	MSNLIB-POSITIVE.mgf	0.857408	19581.7	472.833	2.45709	6.0	0.000518799	211.143	1.0	temp/specs_ms.mgf196	1.0	5654-86-4	ESI	Orbitrap	Crude	Tomas Pluskal	Corinna Brungs	[M+H]+	211.144	210.137	1.0			CC(C)CC1NC(=O)C2CCCN2C1=O	InChI=1S/C11H18N2O2/c1-7(2)6-8-11(15)13-5-3-4-9(13)10(14)12-8/h7-9H,3-6H2,1-2H3,(H,12,14)	SZJNCZMRZAUNQT-UHFFFAOYSA-N	1.0	Positive	MSNLIB-POSITIVE	211.144	UPDATE-SINGLE-ANNOTATED-GOLD	Gold		C11H18N2O2	SZJNCZMRZAUNQT-UHFFFAOYSA-N	SZJNCZMRZAUNQT	Organic acids and derivatives	Carboxylic acids and derivatives	Amino acids, peptides, and analogues	Small peptides	Dipeptides	Amino acids and Peptides	mzspec:GNPS:GNPS-LIBRARY:CCMSLIB00012440742
197	2	212.102447509766	1	212.102447509766	0.0	200.5	2	0	0	0	1	1	0	0	0	0	0	0	0	0	0	0	1	1	0	0	0	0	0	0	0	0	G1	Phaeobacter_B2R04,Shewanella_B2R08	3-B2R04.mzML,4-B2R08.mzML	-1																																														
198	72	214.91772842407212	1	214.9177284240722	0.0	118.84076388888889	66	6	6	6	6	6	6	6	6	6	6	6	6	0	6	6	6	6	6	6	6	6	6	6	6	6	G1,G2	Vibrio_1A01,Vibrio_6D03,Phaeobacter_B2R04,Shewanella_B2R08,Roseovarius_B2R09,Colwellia_C2M19,Paracoccus_C2R07,Salipiger_C3M06,Acinetobacter_D3M06,Arenibacter_D3M17,Motilimonas_G1M02	1-1A01.mzML,2-6D03.mzML,3-B2R04.mzML,4-B2R08.mzML,5-B2R09.mzML,6-C2M19.mzML,7-C2R07_2.mzML,8-C3M06.mzML,9-D3M06.mzML,10-D3M17.mzML,11-G1M02.mzML,bkgrnd-marine-broth.mzML	30																																														
199	18	215.139483981662	1	215.139483981662	0.0	204.31794444444444	12	6	0	0	0	0	0	0	0	6	6	0	0	0	0	0	0	0	0	0	0	6	6	0	0	6	G1,G2	Salipiger_C3M06,Acinetobacter_D3M06	8-C3M06.mzML,9-D3M06.mzML,bkgrnd-marine-broth.mzML	7																																														
200	3	216.097147623698	1	216.097147623698	0.0	192.925	3	0	0	0	0	0	0	0	1	0	0	2	0	0	0	0	0	0	0	0	1	0	0	2	0	0	G1	Paracoccus_C2R07,Arenibacter_D3M17	7-C2R07_2.mzML,10-D3M17.mzML	-1																																														
201	18	217.1551191541884	1	217.1551191541884	0.0	236.81222222222223	12	6	0	0	0	0	0	0	0	6	6	0	0	0	0	0	0	0	0	0	0	6	6	0	0	6	G1,G2	Salipiger_C3M06,Acinetobacter_D3M06	8-C3M06.mzML,9-D3M06.mzML,bkgrnd-marine-broth.mzML	-1																																														
202	3	220.11821831597203	1	220.11821831597203	0.0	338.372	3	0	1	0	0	1	0	1	0	0	0	0	0	0	1	0	0	1	0	1	0	0	0	0	0	0	G1	Vibrio_1A01,Shewanella_B2R08,Colwellia_C2M19	1-1A01.mzML,4-B2R08.mzML,6-C2M19.mzML	-1	CCMSLIB00000219919	202.0	specs_ms.mgf	MASSBANK.mgf	0.897548	4370.3	337.542	533.017	7.0	0.117264	220.117	1.0	temp/specs_ms.mgf202	1.0	Massbank:KO003698 Pantothenate|(R)-Pantothenate|Pantothenic acid|D-(+)-Pantothenic acid	ESI	LC-ESI-QQ	Isolated	Putative Massbank Match	Massbank	[M+H]+	220.0	0.0	1.0	79-83-4		OCC(C)(C)[C@@H](O)C(=O)NCCC(O)=O	1S/C9H17NO5/c1-9(2,5-11)7(14)8(15)10-4-3-6(12)13/h7,11,14H,3-5H2,1-2H3,(H,10,15)(H,12,13)/t7-/m0/s1		3.0	Positive	MASSBANK	220.0	UPDATE-SINGLE-ANNOTATED-BRONZE	Bronze		C9H17NO5	GHOKWGTUZJEAQD-ZETCQYMHSA-N	GHOKWGTUZJEAQD	Organic oxygen compounds	Organooxygen compounds	Alcohols and polyols	Small peptides	Dipeptides	Amino acids and Peptides	mzspec:GNPS:GNPS-LIBRARY:CCMSLIB00000219919
203	42	221.0913550967263	1	221.0913550967264	0.0	225.26066666666665	42	0	0	0	6	6	6	6	6	6	2	4	0	0	0	0	6	6	6	6	6	6	2	4	0	0	G1	Phaeobacter_B2R04,Shewanella_B2R08,Roseovarius_B2R09,Colwellia_C2M19,Paracoccus_C2R07,Salipiger_C3M06,Acinetobacter_D3M06,Arenibacter_D3M17	3-B2R04.mzML,4-B2R08.mzML,5-B2R09.mzML,6-C2M19.mzML,7-C2R07_2.mzML,8-C3M06.mzML,9-D3M06.mzML,10-D3M17.mzML	-1																																														
204	6	222.1123046875	1	222.1123046875	0.0	514.8558333333334	6	0	0	6	0	0	0	0	0	0	0	0	0	0	0	6	0	0	0	0	0	0	0	0	0	0	G1	Vibrio_6D03	2-6D03.mzML	-1																																														
205	8	223.1081314086915	1	223.10813140869152	0.0	419.688375	6	2	0	0	0	0	0	0	0	2	4	0	0	0	0	0	0	0	0	0	0	2	4	0	0	2	G1,G2	Salipiger_C3M06,Acinetobacter_D3M06	8-C3M06.mzML,9-D3M06.mzML,bkgrnd-marine-broth.mzML	7																																														
206	94	223.9892558645696	1	223.9892558645696	0.0	115.76815957446804	86	8	8	8	8	8	8	8	8	8	8	8	6	0	8	8	8	8	8	8	8	8	8	8	6	8	G1,G2	Vibrio_1A01,Vibrio_6D03,Phaeobacter_B2R04,Shewanella_B2R08,Roseovarius_B2R09,Colwellia_C2M19,Paracoccus_C2R07,Salipiger_C3M06,Acinetobacter_D3M06,Arenibacter_D3M17,Motilimonas_G1M02	1-1A01.mzML,2-6D03.mzML,3-B2R04.mzML,4-B2R08.mzML,5-B2R09.mzML,6-C2M19.mzML,7-C2R07_2.mzML,8-C3M06.mzML,9-D3M06.mzML,10-D3M17.mzML,11-G1M02.mzML,bkgrnd-marine-broth.mzML	92																																														
207	33	226.1542236636382	1	226.15422366363825	0.0	183.5330909090909	33	0	0	0	6	0	6	4	4	5	4	4	0	0	0	0	6	0	6	4	4	5	4	4	0	0	G1	Phaeobacter_B2R04,Roseovarius_B2R09,Colwellia_C2M19,Paracoccus_C2R07,Salipiger_C3M06,Acinetobacter_D3M06,Arenibacter_D3M17	3-B2R04.mzML,5-B2R09.mzML,6-C2M19.mzML,7-C2R07_2.mzML,8-C3M06.mzML,9-D3M06.mzML,10-D3M17.mzML	-1																																														
208	3	226.95100402832	1	226.95100402832	0.0	129.30933333333334	3	0	0	0	0	0	0	0	0	0	0	0	3	0	0	0	0	0	0	0	0	0	0	0	3	0	G1	Motilimonas_G1M02	11-G1M02.mzML	117																																														
209	3	226.982828776042	1	226.982828776042	0.0	515.2743333333333	3	0	0	0	3	0	0	0	0	0	0	0	0	0	0	0	3	0	0	0	0	0	0	0	0	0	G1	Phaeobacter_B2R04	3-B2R04.mzML	-1																																														
210	48	227.10184605916325	1	227.1018460591633	0.0	279.20725000000004	48	0	0	0	6	6	6	6	6	6	6	6	0	0	0	0	6	6	6	6	6	6	6	6	0	0	G1	Phaeobacter_B2R04,Shewanella_B2R08,Roseovarius_B2R09,Colwellia_C2M19,Paracoccus_C2R07,Salipiger_C3M06,Acinetobacter_D3M06,Arenibacter_D3M17	3-B2R04.mzML,4-B2R08.mzML,5-B2R09.mzML,6-C2M19.mzML,7-C2R07_2.mzML,8-C3M06.mzML,9-D3M06.mzML,10-D3M17.mzML	217	CCMSLIB00003135898	210.0	specs_ms.mgf	GNPS-NIST14-MATCHES.mgf	0.866457	10958.1	278.483	4.90479	8.0	0.00111389	227.102	1.0	temp/specs_ms.mgf210	1.0	Spectral Match to PyroGlu-Pro from NIST14	ESI	qTof	Isolated	Data from Pieter Dorrestein	Data deposited by lfnothias	M+H	227.103	226.095	1.0			C1CC(N(C1)C(=O)C2CCC(=O)N2)C(=O)O	InChI=1S/C10H14N2O4/c13-8-4-3-6(11-8)9(14)12-5-1-2-7(12)10(15)16/h6-7H,1-5H2,(H,11,13)(H,15,16)		3.0	Positive	GNPS-NIST14-MATCHES	227.103	UPDATE-SINGLE-ANNOTATED-BRONZE	Bronze		C10H14N2O4	PFEJJYZYEFRQEA-UHFFFAOYSA-N	PFEJJYZYEFRQEA	Organic acids and derivatives	Carboxylic acids and derivatives	Amino acids, peptides, and analogues	Small peptides	Dipeptides	Amino acids and Peptides	mzspec:GNPS:GNPS-LIBRARY:CCMSLIB00003135898
211	60	227.13888219197605	1	227.138882191976	0.0	452.0570666666667	59	1	1	6	6	4	6	6	6	6	6	6	6	0	1	6	6	4	6	6	6	6	6	6	6	1	G1,G2	Vibrio_1A01,Vibrio_6D03,Phaeobacter_B2R04,Shewanella_B2R08,Roseovarius_B2R09,Colwellia_C2M19,Paracoccus_C2R07,Salipiger_C3M06,Acinetobacter_D3M06,Arenibacter_D3M17,Motilimonas_G1M02	1-1A01.mzML,2-6D03.mzML,3-B2R04.mzML,4-B2R08.mzML,5-B2R09.mzML,6-C2M19.mzML,7-C2R07_2.mzML,8-C3M06.mzML,9-D3M06.mzML,10-D3M17.mzML,11-G1M02.mzML,bkgrnd-marine-broth.mzML	120	CCMSLIB00012870537	211.0	specs_ms.mgf	MSNLIB-POSITIVE.mgf	0.70663	23876.4	451.078	4398.48	6.0	0.99469	227.139	1.0	temp/specs_ms.mgf211	1.0	2-(Cyclopent-3-ene-1-carboxamido)-3,3-dimethylbutanoic acid	ESI	Orbitrap	Commercial	Tomas Pluskal	Corinna Brungs	[M+H]+	226.144	225.136	1.0			CC(C)(C)C(NC(=O)C1CC=CC1)C(=O)O	InChI=1S/C12H19NO3/c1-12(2,3)9(11(15)16)13-10(14)8-6-4-5-7-8/h4-5,8-9H,6-7H2,1-3H3,(H,13,14)(H,15,16)	NDNGILAHKUDFSW-UHFFFAOYSA-N	1.0	Positive	MSNLIB-POSITIVE	226.144	UPDATE-SINGLE-ANNOTATED-GOLD	Gold		C12H19NO3	NDNGILAHKUDFSW-UHFFFAOYSA-N	NDNGILAHKUDFSW				Small peptides		Amino acids and Peptides	mzspec:GNPS:GNPS-LIBRARY:CCMSLIB00012870537
212	10	227.1418431599935	1	227.1418431599936	0.0	450.8198	5	5	5	0	0	0	0	0	0	0	0	0	0	0	5	0	0	0	0	0	0	0	0	0	0	5	G1,G2	Vibrio_1A01	1-1A01.mzML,bkgrnd-marine-broth.mzML	120	CCMSLIB00012870527	212.0	specs_ms.mgf	MSNLIB-POSITIVE.mgf	0.82118	21753.2	450.542	4414.4	6.0	0.998291	227.142	1.0	temp/specs_ms.mgf212	1.0	2-(Cyclopent-3-ene-1-carboxamido)-3,3-dimethylbutanoic acid	ESI	Orbitrap	Commercial	Tomas Pluskal	Corinna Brungs	[M+H]+	226.144	225.136	1.0			CC(C)(C)C(NC(=O)C1CC=CC1)C(=O)O	InChI=1S/C12H19NO3/c1-12(2,3)9(11(15)16)13-10(14)8-6-4-5-7-8/h4-5,8-9H,6-7H2,1-3H3,(H,13,14)(H,15,16)	NDNGILAHKUDFSW-UHFFFAOYSA-N	1.0	Positive	MSNLIB-POSITIVE	226.144	UPDATE-SINGLE-ANNOTATED-GOLD	Gold		C12H19NO3	NDNGILAHKUDFSW-UHFFFAOYSA-N	NDNGILAHKUDFSW				Small peptides		Amino acids and Peptides	mzspec:GNPS:GNPS-LIBRARY:CCMSLIB00012870527
213	6	229.11766967773403	1	229.11766967773403	0.0	146.13433333333336	6	0	0	0	0	0	0	0	0	0	0	6	0	0	0	0	0	0	0	0	0	0	0	6	0	0	G1	Arenibacter_D3M17	10-D3M17.mzML	7																																														
214	3	229.117669677734	1	229.117669677734	0.0	424.6813333333334	3	0	0	0	0	0	0	0	0	0	0	3	0	0	0	0	0	0	0	0	0	0	0	3	0	0	G1	Arenibacter_D3M17	10-D3M17.mzML	-1	CCMSLIB00012948549	214.0	specs_ms.mgf	MSNLIB-POSITIVE.mgf	0.767803	5372.4	424.141	4360.26	6.0	0.994675	229.118	1.0	temp/specs_ms.mgf214	1.0	1-(oxolane-2-carbonyl)piperidine-2-carboxylic acid	ESI	Orbitrap	Commercial	Tomas Pluskal	Corinna Brungs	[M+H]+	228.123	227.116	1.0			O=C(O)C1CCCCN1C(=O)C1CCCO1	InChI=1S/C11H17NO4/c13-10(9-5-3-7-16-9)12-6-2-1-4-8(12)11(14)15/h8-9H,1-7H2,(H,14,15)	GZVXPKKVXAMGPM-UHFFFAOYSA-N	1.0	Positive	MSNLIB-POSITIVE	228.123	UPDATE-SINGLE-ANNOTATED-GOLD	Gold		C11H17NO4	GZVXPKKVXAMGPM-UHFFFAOYSA-N	GZVXPKKVXAMGPM				Small peptides	Dipeptides	Amino acids and Peptides	mzspec:GNPS:GNPS-LIBRARY:CCMSLIB00012948549
215	68	229.1548730151144	1	229.15487301511465	0.0	361.1154411764706	50	18	0	0	0	2	0	0	0	24	24	0	0	0	0	0	0	2	0	0	0	24	24	0	0	18	G1,G2	Shewanella_B2R08,Salipiger_C3M06,Acinetobacter_D3M06	4-B2R08.mzML,8-C3M06.mzML,9-D3M06.mzML,bkgrnd-marine-broth.mzML	-1	CCMSLIB00009918988	215.0	specs_ms.mgf	GNPS-LIBRARY.mgf	0.731268	7384.5	342.02	8566.11	6.0	1.97992	229.154	1.0	temp/specs_ms.mgf215	1.0	Proline 	LC-ESI	Orbitrap	Lysate	Koellensperger	Yasin El Abiead	2M+H	231.134	0.0	0.0	344-25-2		OC(=O)[C@H]1CCCN1	InChI=1S/C5H9NO2/c7-5(8)4-2-1-3-6-4/h4,6H,1-3H2,(H,7,8)/t4-/m1/s1		3.0	Positive	GNPS-LIBRARY	231.134	UPDATE-SINGLE-ANNOTATED-BRONZE	Bronze		C5H9NO2	ONIBWKKTOPOVIA-SCSAIBSYSA-N	ONIBWKKTOPOVIA	Organic acids and derivatives	Carboxylic acids and derivatives	Amino acids, peptides, and analogues	Small peptides	Aminoacids|Dipeptides	Amino acids and Peptides	mzspec:GNPS:GNPS-LIBRARY:CCMSLIB00009918988
216	4	230.112594604492	1	230.112594604492	0.0	202.46575	4	0	0	0	2	0	0	0	2	0	0	0	0	0	0	0	2	0	0	0	2	0	0	0	0	0	G1	Phaeobacter_B2R04,Paracoccus_C2R07	3-B2R04.mzML,7-C2R07_2.mzML	-1																																														
217	72	230.24859534369563	1	230.2485953436957	0.0	573.9006527777779	66	6	6	6	6	6	6	6	6	6	6	6	6	0	6	6	6	6	6	6	6	6	6	6	6	6	G1,G2	Vibrio_1A01,Vibrio_6D03,Phaeobacter_B2R04,Shewanella_B2R08,Roseovarius_B2R09,Colwellia_C2M19,Paracoccus_C2R07,Salipiger_C3M06,Acinetobacter_D3M06,Arenibacter_D3M17,Motilimonas_G1M02	1-1A01.mzML,2-6D03.mzML,3-B2R04.mzML,4-B2R08.mzML,5-B2R09.mzML,6-C2M19.mzML,7-C2R07_2.mzML,8-C3M06.mzML,9-D3M06.mzML,10-D3M17.mzML,11-G1M02.mzML,bkgrnd-marine-broth.mzML	162	CCMSLIB00004719579	217.0	specs_ms.mgf	MONA.mgf	0.874362	17459.2	573.341	8168.77	6.0	1.89633	230.248	1.0	temp/specs_ms.mgf217	1.0	Harmaline		ESI-QFT	isolated	MoNA	MoNA:VF-NPL-QEHF026687	[M+NH4]+	232.144	0.0	1.0			COc1ccc2c(c1)=NC1=C(C)NCCC=21	InChI=1S/C13H14N2O/c1-8-13-11(5-6-14-8)10-4-3-9(16-2)7-12(10)15-13/h3-4,7,14H,5-6H2,1-2H3		3.0	positive	MONA	232.144	UPDATE-SINGLE-ANNOTATED-BRONZE	Bronze		C13H14N2O	QJOZJXNKVMFAET-UHFFFAOYSA-N	QJOZJXNKVMFAET				Tryptophan alkaloids	Carboline alkaloids	Alkaloids	mzspec:GNPS:GNPS-LIBRARY:CCMSLIB00004719579
218	16	231.1705633799233	1	231.1705633799233	0.0	362.3338125	11	5	0	0	0	0	0	0	0	5	6	0	0	0	0	0	0	0	0	0	0	5	6	0	0	5	G1,G2	Salipiger_C3M06,Acinetobacter_D3M06	8-C3M06.mzML,9-D3M06.mzML,bkgrnd-marine-broth.mzML	-1																																														
219	40	235.1182144165037	1	235.1182144165038	0.0	156.54754999999997	40	0	0	0	6	4	6	4	4	6	4	4	2	0	0	0	6	4	6	4	4	6	4	4	2	0	G1	Phaeobacter_B2R04,Shewanella_B2R08,Roseovarius_B2R09,Colwellia_C2M19,Paracoccus_C2R07,Salipiger_C3M06,Acinetobacter_D3M06,Arenibacter_D3M17,Motilimonas_G1M02	3-B2R04.mzML,4-B2R08.mzML,5-B2R09.mzML,6-C2M19.mzML,7-C2R07_2.mzML,8-C3M06.mzML,9-D3M06.mzML,10-D3M17.mzML,11-G1M02.mzML	-1	CCMSLIB00010133243	219.0	specs_ms.mgf	MCE-DRUG.mgf	0.897255	9293.2	156.854	4.15348	6.0	0.000976562	235.118	1.0	temp/specs_ms.mgf219	1.0	Cyclo(-His-Pro)	ESI	Orbitrap	Crude	Tomas Pluskal	Corinna Brungs	M+H	235.119	234.112	1.0			O=C1N[C@@H](Cc2cnc[nH]2)C(=O)N2CCC[C@@H]12	"""InChI=1S/C11H14N4O2/c16-10-9-2-1-3-15(9)11(17)8(14-10)4-7-5-12-6-13-7/h5-6,8-9H,1-4H2,(H,12,13)(H,14,16)/t8-,9-/m0/s1"""	NAKUGCPAQTUSBE-IUCAKERBSA-N	3.0	Positive	MCE-DRUG	235.119	UPDATE-SINGLE-ANNOTATED-BRONZE	Bronze		C11H14N4O2	NAKUGCPAQTUSBE-IUCAKERBSA-N	NAKUGCPAQTUSBE	Organic acids and derivatives	Carboxylic acids and derivatives	Amino acids, peptides, and analogues	Small peptides	Dipeptides	Amino acids and Peptides	mzspec:GNPS:GNPS-LIBRARY:CCMSLIB00010133243
220	55	237.0864495942087	1	237.08644959420863	0.0	213.09707272727272	53	2	2	0	6	7	5	7	6	8	6	6	0	0	2	0	6	7	5	7	6	8	6	6	0	2	G1,G2	Vibrio_1A01,Phaeobacter_B2R04,Shewanella_B2R08,Roseovarius_B2R09,Colwellia_C2M19,Paracoccus_C2R07,Salipiger_C3M06,Acinetobacter_D3M06,Arenibacter_D3M17	1-1A01.mzML,3-B2R04.mzML,4-B2R08.mzML,5-B2R09.mzML,6-C2M19.mzML,7-C2R07_2.mzML,8-C3M06.mzML,9-D3M06.mzML,10-D3M17.mzML,bkgrnd-marine-broth.mzML	-1																																														
221	2	237.0879249572755	1	237.0879249572755	0.0	220.9345	2	0	1	0	0	1	0	0	0	0	0	0	0	0	1	0	0	1	0	0	0	0	0	0	0	0	G1	Vibrio_1A01,Shewanella_B2R08	1-1A01.mzML,4-B2R08.mzML	62																																														
222	2	237.088798522949	1	237.088798522949	0.0	212.6325	0	2	0	0	0	0	0	0	0	0	0	0	0	0	0	0	0	0	0	0	0	0	0	0	0	2	G2		bkgrnd-marine-broth.mzML	62																																														
223	72	239.9667930603028	1	239.9667930603028	0.0	116.10633333333334	66	6	6	6	6	6	6	6	6	6	6	6	6	0	6	6	6	6	6	6	6	6	6	6	6	6	G1,G2	Vibrio_1A01,Vibrio_6D03,Phaeobacter_B2R04,Shewanella_B2R08,Roseovarius_B2R09,Colwellia_C2M19,Paracoccus_C2R07,Salipiger_C3M06,Acinetobacter_D3M06,Arenibacter_D3M17,Motilimonas_G1M02	1-1A01.mzML,2-6D03.mzML,3-B2R04.mzML,4-B2R08.mzML,5-B2R09.mzML,6-C2M19.mzML,7-C2R07_2.mzML,8-C3M06.mzML,9-D3M06.mzML,10-D3M17.mzML,11-G1M02.mzML,bkgrnd-marine-broth.mzML	30																																														
224	23	243.13431482729692	1	243.13431482729692	0.0	467.3270869565218	20	3	3	0	3	0	4	0	0	2	4	4	0	0	3	0	3	0	4	0	0	2	4	4	0	3	G1,G2	Vibrio_1A01,Phaeobacter_B2R04,Roseovarius_B2R09,Salipiger_C3M06,Acinetobacter_D3M06,Arenibacter_D3M17	1-1A01.mzML,3-B2R04.mzML,5-B2R09.mzML,8-C3M06.mzML,9-D3M06.mzML,10-D3M17.mzML,bkgrnd-marine-broth.mzML	217																																														
225	60	245.1282760620116	1	245.1282760620116	0.0	481.3190499999999	58	2	4	6	6	6	6	6	6	6	6	6	0	0	4	6	6	6	6	6	6	6	6	6	0	2	G1,G2	Vibrio_1A01,Vibrio_6D03,Phaeobacter_B2R04,Shewanella_B2R08,Roseovarius_B2R09,Colwellia_C2M19,Paracoccus_C2R07,Salipiger_C3M06,Acinetobacter_D3M06,Arenibacter_D3M17	1-1A01.mzML,2-6D03.mzML,3-B2R04.mzML,4-B2R08.mzML,5-B2R09.mzML,6-C2M19.mzML,7-C2R07_2.mzML,8-C3M06.mzML,9-D3M06.mzML,10-D3M17.mzML,bkgrnd-marine-broth.mzML	-1	CCMSLIB00000007132	225.0	specs_ms.mgf	GNPS-LIBRARY.mgf	0.846213	16482.1	480.759	0.0622482	7.0	1.52588e-05	245.128	1.0	temp/specs_ms.mgf225	1.0	cyclo(L-Phe-D-Pro)	DI-ESI	qTof	Isolated	Keyzers	R Keyzers	M+H	245.128	244.121	1.0	32021-26-4					3.0	Positive	GNPS-LIBRARY	245.128	UPDATE-SINGLE-ANNOTATED-BRONZE	Bronze	Human:Urine[Sample Type Detected]										mzspec:GNPS:GNPS-LIBRARY:CCMSLIB00000007132
226	25	245.14966349283853	1	245.14966349283856	0.0	208.88336	25	0	6	0	0	0	0	5	2	0	0	12	0	0	6	0	0	0	0	5	2	0	0	12	0	0	G1	Vibrio_1A01,Colwellia_C2M19,Paracoccus_C2R07,Arenibacter_D3M17	1-1A01.mzML,6-C2M19.mzML,7-C2R07_2.mzML,10-D3M17.mzML	37	CCMSLIB00003139477	226.0	specs_ms.mgf	GNPS-NIST14-MATCHES.mgf	0.789162	16154.0	216.77	4043.2	7.0	0.995209	245.149	1.0	temp/specs_ms.mgf226	1.0	Spectral Match to Ile-Asn from NIST14	ESI	QqQ	Isolated	Data from Pieter Dorrestein	Data deposited by lfnothias	M+H	246.144	0.0	1.0						3.0	Positive	GNPS-NIST14-MATCHES	246.144	UPDATE-SINGLE-ANNOTATED-BRONZE	Bronze											mzspec:GNPS:GNPS-LIBRARY:CCMSLIB00003139477
227	16	247.1279682431901	1	247.12796824319008	0.0	390.386375	16	0	0	0	0	11	0	4	0	0	0	1	0	0	0	0	0	11	0	4	0	0	0	1	0	0	G1	Shewanella_B2R08,Colwellia_C2M19,Arenibacter_D3M17	4-B2R08.mzML,6-C2M19.mzML,10-D3M17.mzML	213																																														
228	50	254.1611322021484	1	254.16113220214828	0.0	198.49868	48	2	4	4	6	2	4	4	6	4	4	6	4	0	4	4	6	2	4	4	6	4	4	6	4	2	G1,G2	Vibrio_1A01,Vibrio_6D03,Phaeobacter_B2R04,Shewanella_B2R08,Roseovarius_B2R09,Colwellia_C2M19,Paracoccus_C2R07,Salipiger_C3M06,Acinetobacter_D3M06,Arenibacter_D3M17,Motilimonas_G1M02	1-1A01.mzML,2-6D03.mzML,3-B2R04.mzML,4-B2R08.mzML,5-B2R09.mzML,6-C2M19.mzML,7-C2R07_2.mzML,8-C3M06.mzML,9-D3M06.mzML,10-D3M17.mzML,11-G1M02.mzML,bkgrnd-marine-broth.mzML	164																																														
229	5	256.1742004394534	1	256.1742004394534	0.0	365.5144	5	0	0	0	0	2	0	2	1	0	0	0	0	0	0	0	0	2	0	2	1	0	0	0	0	0	G1	Shewanella_B2R08,Colwellia_C2M19,Paracoccus_C2R07	4-B2R08.mzML,6-C2M19.mzML,7-C2R07_2.mzML	-1																																														
230	72	258.2798724704319	1	258.27987247043166	0.0	635.4303888888888	66	6	6	6	6	6	6	6	6	6	6	6	6	0	6	6	6	6	6	6	6	6	6	6	6	6	G1,G2	Vibrio_1A01,Vibrio_6D03,Phaeobacter_B2R04,Shewanella_B2R08,Roseovarius_B2R09,Colwellia_C2M19,Paracoccus_C2R07,Salipiger_C3M06,Acinetobacter_D3M06,Arenibacter_D3M17,Motilimonas_G1M02	1-1A01.mzML,2-6D03.mzML,3-B2R04.mzML,4-B2R08.mzML,5-B2R09.mzML,6-C2M19.mzML,7-C2R07_2.mzML,8-C3M06.mzML,9-D3M06.mzML,10-D3M17.mzML,11-G1M02.mzML,bkgrnd-marine-broth.mzML	162	CCMSLIB00012728820	230.0	specs_ms.mgf	ECRFS_DB.mgf	0.921674	10223.7	634.797	0.354472	8.0	9.15527e-05	258.279	1.0	temp/specs_ms.mgf230	1.0	Myristamine oxide	ESI	Orbitrap	Commercial	Federico Padilla	"""Sjors Rasker, Wout Bergkamp"""	M+H	258.279	257.272	1.0	3332-27-2		CCCCCCCCCCCCCC[N+](C)(C)[O-]	ONHFWHCMZAJCFB-UHFFFAOYSA-N		1.0	Positive	ECRFS_DB	258.279	UPDATE-SINGLE-ANNOTATED-GOLD	Gold			ONHFWHCMZAJCFB-UHFFFAOYSA-N	ONHFWHCMZAJCFB	Organic nitrogen compounds	Organonitrogen compounds	Aminoxides				mzspec:GNPS:GNPS-LIBRARY:CCMSLIB00012728820
231	4	260.123764038086	1	260.123764038086	0.0	415.0557500000001	4	0	0	0	0	0	2	0	0	2	0	0	0	0	0	0	0	0	2	0	0	2	0	0	0	0	G1	Roseovarius_B2R09,Salipiger_C3M06	5-B2R09.mzML,8-C3M06.mzML	11																																														
232	10	260.1968261718752	1	260.1968261718752	0.0	192.2329	8	2	0	0	0	0	0	0	0	4	4	0	0	0	0	0	0	0	0	0	0	4	4	0	0	2	G1,G2	Salipiger_C3M06,Acinetobacter_D3M06	8-C3M06.mzML,9-D3M06.mzML,bkgrnd-marine-broth.mzML	-1																																														
233	35	261.1228884742373	1	261.12288847423724	0.0	458.6868857142857	35	0	0	2	4	3	4	4	4	4	3	4	3	0	0	2	4	3	4	4	4	4	3	4	3	0	G1	Vibrio_6D03,Phaeobacter_B2R04,Shewanella_B2R08,Roseovarius_B2R09,Colwellia_C2M19,Paracoccus_C2R07,Salipiger_C3M06,Acinetobacter_D3M06,Arenibacter_D3M17,Motilimonas_G1M02	2-6D03.mzML,3-B2R04.mzML,4-B2R08.mzML,5-B2R09.mzML,6-C2M19.mzML,7-C2R07_2.mzML,8-C3M06.mzML,9-D3M06.mzML,10-D3M17.mzML,11-G1M02.mzML	120	CCMSLIB00000007114	233.0	specs_ms.mgf	GNPS-LIBRARY.mgf	0.923645	59034.9	457.844	5.14228	10.0	0.00134277	261.123	1.0	temp/specs_ms.mgf233	1.0	cyclo(Phe-4-Hyp)	DI-ESI	qTof	Isolated	Keyzers	R Keyzers	M+H	261.124	260.116	1.0	0					3.0	Positive	GNPS-LIBRARY	261.124	UPDATE-SINGLE-ANNOTATED-BRONZE	Bronze											mzspec:GNPS:GNPS-LIBRARY:CCMSLIB00000007114
234	26	261.1234490810296	1	261.12344908102955	0.0	468.13492307692303	24	2	2	4	2	2	2	2	2	2	2	2	2	0	2	4	2	2	2	2	2	2	2	2	2	2	G1,G2	Vibrio_1A01,Vibrio_6D03,Phaeobacter_B2R04,Shewanella_B2R08,Roseovarius_B2R09,Colwellia_C2M19,Paracoccus_C2R07,Salipiger_C3M06,Acinetobacter_D3M06,Arenibacter_D3M17,Motilimonas_G1M02	1-1A01.mzML,2-6D03.mzML,3-B2R04.mzML,4-B2R08.mzML,5-B2R09.mzML,6-C2M19.mzML,7-C2R07_2.mzML,8-C3M06.mzML,9-D3M06.mzML,10-D3M17.mzML,11-G1M02.mzML,bkgrnd-marine-broth.mzML	-1	CCMSLIB00000007118	234.0	specs_ms.mgf	GNPS-LIBRARY.mgf	0.754134	26996.5	467.743	3.97358	9.0	0.0010376	261.123	1.0	temp/specs_ms.mgf234	1.0	cyclo(Phe-4-Hyp)	DI-ESI	qTof	Isolated	Keyzers	R Keyzers	M+H	261.124	260.116	1.0	0					3.0	Positive	GNPS-LIBRARY	261.124	UPDATE-SINGLE-ANNOTATED-BRONZE	Bronze											mzspec:GNPS:GNPS-LIBRARY:CCMSLIB00000007118
235	5	261.12654215494786	1	261.12654215494786	0.0	458.8058	3	2	3	0	0	0	0	0	0	0	0	0	0	0	3	0	0	0	0	0	0	0	0	0	0	2	G1,G2	Vibrio_1A01	1-1A01.mzML,bkgrnd-marine-broth.mzML	120	CCMSLIB00000007114	235.0	specs_ms.mgf	GNPS-LIBRARY.mgf	0.836677	17400.0	458.131	8.76525	7.0	0.00228882	261.126	1.0	temp/specs_ms.mgf235	1.0	cyclo(Phe-4-Hyp)	DI-ESI	qTof	Isolated	Keyzers	R Keyzers	M+H	261.124	260.116	1.0	0					3.0	Positive	GNPS-LIBRARY	261.124	UPDATE-SINGLE-ANNOTATED-BRONZE	Bronze											mzspec:GNPS:GNPS-LIBRARY:CCMSLIB00000007114
236	2	263.13856506347645	1	263.13856506347645	0.0	437.218	2	0	0	0	0	0	0	1	0	0	1	0	0	0	0	0	0	0	0	1	0	0	1	0	0	0	G1	Colwellia_C2M19,Acinetobacter_D3M06	6-C2M19.mzML,9-D3M06.mzML	180	CCMSLIB00003136635	236.0	specs_ms.mgf	GNPS-NIST14-MATCHES.mgf	0.840977	6039.2	436.152	2.7834	6.0	0.000732422	263.138	1.0	temp/specs_ms.mgf236	1.0	Spectral Match to Phe-Pro from NIST14	ESI	QqQ	Isolated	Data from Gabriel Haddad	Data deposited by mjmeehan	M+H	263.139	0.0	1.0						3.0	Positive	GNPS-NIST14-MATCHES	263.139	UPDATE-SINGLE-ANNOTATED-BRONZE	Bronze											mzspec:GNPS:GNPS-LIBRARY:CCMSLIB00003136635
237	5	263.13994750976565	1	263.13994750976565	0.0	436.5262	3	2	0	0	0	0	0	1	0	0	2	0	0	0	0	0	0	0	0	1	0	0	2	0	0	2	G1,G2	Colwellia_C2M19,Acinetobacter_D3M06	6-C2M19.mzML,9-D3M06.mzML,bkgrnd-marine-broth.mzML	7																																														
238	72	265.01574283175995	1	265.0157428317599	0.0	118.53854166666666	66	6	6	6	6	6	6	6	6	6	6	6	6	0	6	6	6	6	6	6	6	6	6	6	6	6	G1,G2	Vibrio_1A01,Vibrio_6D03,Phaeobacter_B2R04,Shewanella_B2R08,Roseovarius_B2R09,Colwellia_C2M19,Paracoccus_C2R07,Salipiger_C3M06,Acinetobacter_D3M06,Arenibacter_D3M17,Motilimonas_G1M02	1-1A01.mzML,2-6D03.mzML,3-B2R04.mzML,4-B2R08.mzML,5-B2R09.mzML,6-C2M19.mzML,7-C2R07_2.mzML,8-C3M06.mzML,9-D3M06.mzML,10-D3M17.mzML,11-G1M02.mzML,bkgrnd-marine-broth.mzML	92																																														
239	42	268.10450526646224	1	268.1045052664622	0.0	196.7371666666667	36	6	2	2	2	2	6	2	2	6	6	6	0	0	2	2	2	2	6	2	2	6	6	6	0	6	G1,G2	Vibrio_1A01,Vibrio_6D03,Phaeobacter_B2R04,Shewanella_B2R08,Roseovarius_B2R09,Colwellia_C2M19,Paracoccus_C2R07,Salipiger_C3M06,Acinetobacter_D3M06,Arenibacter_D3M17	1-1A01.mzML,2-6D03.mzML,3-B2R04.mzML,4-B2R08.mzML,5-B2R09.mzML,6-C2M19.mzML,7-C2R07_2.mzML,8-C3M06.mzML,9-D3M06.mzML,10-D3M17.mzML,bkgrnd-marine-broth.mzML	100	CCMSLIB00013024577	239.0	specs_ms.mgf	MSNLIB-POSITIVE.mgf	0.916363	47835.2	193.952	1.02445	7.0	0.000274658	268.104	1.0	temp/specs_ms.mgf239	1.0	adenosine	ESI	Orbitrap	Commercial	Tomas Pluskal	Corinna Brungs	[M+H]+	268.104	267.097	1.0			Nc1c2ncn([C@@H]3O[C@H](CO)[C@@H](O)[C@H]3O)c2ncn1	InChI=1S/C10H13N5O4/c11-8-5-9(13-2-12-8)15(3-14-5)10-7(18)6(17)4(1-16)19-10/h2-4,6-7,10,16-18H,1H2,(H2,11,12,13)/t4-,6-,7-,10-/m1/s1	OIRDTQYFTABQOQ-KQYNXXCUSA-N	1.0	Positive	MSNLIB-POSITIVE	268.104	UPDATE-SINGLE-ANNOTATED-GOLD	Gold		C10H13N5O4	OIRDTQYFTABQOQ-KQYNXXCUSA-N	OIRDTQYFTABQOQ				Nucleosides	Purine nucleos(t)ides	Carbohydrates	mzspec:GNPS:GNPS-LIBRARY:CCMSLIB00013024577
240	2	268.138824462891	1	268.138824462891	0.0	198.251	2	0	0	0	0	2	0	0	0	0	0	0	0	0	0	0	0	2	0	0	0	0	0	0	0	0	G1	Shewanella_B2R08	4-B2R08.mzML	100	CCMSLIB00000213958	240.0	specs_ms.mgf	RESPECT.mgf	0.786058	7781.7	198.347	4274.89	6.0	1.15118	268.139	1.0	temp/specs_ms.mgf240	1.0	ReSpect:PS025606 Inosine|INO|(?)-Inosine|beta-Inosine|Hypoxanthine 9-beta-D-ribofuranoside|9-beta-D-ribofuranosylhypoxanthine|Hypoxanthine ribonucleoside|Oxiamin|Ribonosine|Trophicardyl	ESI	Flow-injection QqQ/MS	Isolated	Putative ReSpect Match	ReSpect	[M+H]	269.29	0.0	1.0	58-63-9		C1=NC(=O)C2=C(N1)N(C=N2)C3C(C(C(O3)CO)O)O	InChI=1S/C10H12N4O5/c15-1-4-6(16)7(17)10(19-4)14-3-13-5-8(14)11-2-12-9(5)18/h2-4,6-7,10,15-17H,1H2,(H,11,12,18)		3.0	Positive	RESPECT	269.29	UPDATE-SINGLE-ANNOTATED-BRONZE	Bronze		C10H12N4O5	UGQMRVRMYYASKQ-UHFFFAOYSA-N	UGQMRVRMYYASKQ				Nucleosides	Purine nucleos(t)ides	Carbohydrates	mzspec:GNPS:GNPS-LIBRARY:CCMSLIB00000213958
241	3	268.139572143555	1	268.139572143555	0.0	189.65833333333333	3	0	0	0	0	0	0	0	0	0	0	0	3	0	0	0	0	0	0	0	0	0	0	0	3	0	G1	Motilimonas_G1M02	11-G1M02.mzML	100	CCMSLIB00006119720	241.0	specs_ms.mgf	BIRMINGHAM-UHPLC-MS-POS.mgf	0.741579	9993.7	188.645	2274.81	6.0	0.608582	268.14	1.0	temp/specs_ms.mgf241	1.0	Adenosine - 40.0 eV	ESI	Orbitrap	Isolated	PI	Data Collector	Unknown	267.531	0.0	1.0			c1nc(c2c(n1)n(cn2)[C@H]3[C@@H]([C@@H]([C@H](O3)CO)O)O)N	InChI=1S/C10H13N5O4/c11-8-5-9(13-2-12-8)15(3-14-5)10-7(18)6(17)4(1-16)19-10/h2-4,6-7,10,16-18H,1H2,(H2,11,12,13)/t4-,6-,7-,10-/m1/s1		1.0	Positive	BIRMINGHAM-UHPLC-MS-POS	267.531	UPDATE-SINGLE-ANNOTATED-GOLD	Gold		C10H13N5O4	OIRDTQYFTABQOQ-KQYNXXCUSA-N	OIRDTQYFTABQOQ				Nucleosides	Purine nucleos(t)ides	Carbohydrates	mzspec:GNPS:GNPS-LIBRARY:CCMSLIB00006119720
242	16	269.0875930786132	1	269.0875930786131	0.0	216.8261875	14	2	0	0	0	0	6	0	0	6	2	0	0	0	0	0	0	0	6	0	0	6	2	0	0	2	G1,G2	Roseovarius_B2R09,Salipiger_C3M06,Acinetobacter_D3M06	5-B2R09.mzML,8-C3M06.mzML,9-D3M06.mzML,bkgrnd-marine-broth.mzML	100	CCMSLIB00005732731	242.0	specs_ms.mgf	MASSBANK.mgf	0.936481	10551.5	214.599	3667.06	7.0	0.983154	269.087	1.0	temp/specs_ms.mgf242	1.0	Massbank:EQ330406 Adenosine|(2R,3R,4S,5R)-2-(6-aminopurin-9-yl)-5-(hydroxymethyl)oxolane-3,4-diol	ESI	Hybrid FT	Isolated	Massbank	Massbank	M+H	268.104	0.0	1.0	58-61-7		C1=NC(=C2C(=N1)N(C=N2)[C@H]3[C@@H]([C@@H]([C@H](O3)CO)O)O)N	1S/C10H13N5O4/c11-8-5-9(13-2-12-8)15(3-14-5)10-7(18)6(17)4(1-16)19-10/h2-4,6-7,10,16-18H,1H2,(H2,11,12,13)/t4-,6-,7-,10-/m1/s1		3.0	Positive	MASSBANK	268.104	UPDATE-SINGLE-ANNOTATED-BRONZE	Bronze		C10H13N5O4	OIRDTQYFTABQOQ-KQYNXXCUSA-N	OIRDTQYFTABQOQ				Nucleosides	Purine nucleos(t)ides	Carbohydrates	mzspec:GNPS:GNPS-LIBRARY:CCMSLIB00005732731
243	6	270.14387003580737	1	270.14387003580737	0.0	194.335	6	0	0	0	0	2	0	4	0	0	0	0	0	0	0	0	0	2	0	4	0	0	0	0	0	0	G1	Shewanella_B2R08,Colwellia_C2M19	4-B2R08.mzML,6-C2M19.mzML	97																																														
244	3	270.19151814778667	1	270.19151814778667	0.0	400.2776666666667	3	0	0	0	0	1	0	1	0	0	0	1	0	0	0	0	0	1	0	1	0	0	0	1	0	0	G1	Shewanella_B2R08,Colwellia_C2M19,Arenibacter_D3M17	4-B2R08.mzML,6-C2M19.mzML,10-D3M17.mzML	164																																														
245	3	273.187754313151	1	273.187754313151	0.0	200.1283333333333	3	0	0	3	0	0	0	0	0	0	0	0	0	0	0	3	0	0	0	0	0	0	0	0	0	0	G1	Vibrio_6D03	2-6D03.mzML	-1																																														
246	2	273.187754313151	1	273.187754313151	0.0	200.9355	2	0	0	2	0	0	0	0	0	0	0	0	0	0	0	2	0	0	0	0	0	0	0	0	0	0	G1	Vibrio_6D03	2-6D03.mzML	-1																																														
247	28	274.1761561802455	1	274.1761561802456	0.0	358.7540357142857	22	6	0	0	4	0	6	0	0	6	6	0	0	0	0	0	4	0	6	0	0	6	6	0	0	6	G1,G2	Phaeobacter_B2R04,Roseovarius_B2R09,Salipiger_C3M06,Acinetobacter_D3M06	3-B2R04.mzML,5-B2R09.mzML,8-C3M06.mzML,9-D3M06.mzML,bkgrnd-marine-broth.mzML	58																																														
248	70	274.274761672247	1	274.274761672247	0.0	540.9966857142857	64	6	4	6	6	6	6	6	6	6	6	6	6	0	4	6	6	6	6	6	6	6	6	6	6	6	G1,G2	Vibrio_1A01,Vibrio_6D03,Phaeobacter_B2R04,Shewanella_B2R08,Roseovarius_B2R09,Colwellia_C2M19,Paracoccus_C2R07,Salipiger_C3M06,Acinetobacter_D3M06,Arenibacter_D3M17,Motilimonas_G1M02	1-1A01.mzML,2-6D03.mzML,3-B2R04.mzML,4-B2R08.mzML,5-B2R09.mzML,6-C2M19.mzML,7-C2R07_2.mzML,8-C3M06.mzML,9-D3M06.mzML,10-D3M17.mzML,11-G1M02.mzML,bkgrnd-marine-broth.mzML	-1	CCMSLIB00005761025	248.0	specs_ms.mgf	MASSBANK.mgf	0.8653	6896.6	540.527	0.445067	7.0	0.00012207	274.274	1.0	temp/specs_ms.mgf248	1.0	Massbank:LU030804 Lauryldiethanolamine|2-[dodecyl(2-hydroxyethyl)amino]ethanol	ESI	Hybrid FT	Isolated	Massbank	Massbank	M+H	274.274	0.0	1.0	1541-67-9		CCCCCCCCCCCCN(CCO)CCO	1S/C16H35NO2/c1-2-3-4-5-6-7-8-9-10-11-12-17(13-15-18)14-16-19/h18-19H,2-16H2,1H3		3.0	Positive	MASSBANK	274.274	UPDATE-SINGLE-ANNOTATED-BRONZE	Bronze		C16H35NO2	NKFNBVMJTSYZDV-UHFFFAOYSA-N	NKFNBVMJTSYZDV	Organic nitrogen compounds	Organonitrogen compounds	Amines	Fatty acyls|Fatty amides	Fatty alcohols|N-acyl ethanolamines (endocannabinoids)	Fatty acids	mzspec:GNPS:GNPS-LIBRARY:CCMSLIB00005761025
249	36	279.1331634521489	1	279.1331634521489	0.0	360.7748333333333	36	0	0	0	0	0	0	6	0	0	0	30	0	0	0	0	0	0	0	6	0	0	0	30	0	0	G1	Colwellia_C2M19,Arenibacter_D3M17	6-C2M19.mzML,10-D3M17.mzML	180																																														
250	2	279.133605957031	1	279.133605957031	0.0	435.7705	2	0	0	0	2	0	0	0	0	0	0	0	0	0	0	0	2	0	0	0	0	0	0	0	0	0	G1	Phaeobacter_B2R04	3-B2R04.mzML	100																																														
251	2	281.112335205078	1	281.112335205078	0.0	436.8825	2	0	0	0	0	2	0	0	0	0	0	0	0	0	0	0	0	2	0	0	0	0	0	0	0	0	G1	Shewanella_B2R08	4-B2R08.mzML	213	CCMSLIB00016350731	251.0	specs_ms.mgf	GNPS-ALKYLAMINES-LIBRARY.mgf	0.731902	12032.9	436.787	3621.21	6.0	1.02167	281.112	1.0	temp/specs_ms.mgf251	1.0	o-acetyl threonine_p-Anisaldehyde (known isomers: 0; isobaric peaks in run: 5)	LC-ESI	Orbitrap	Crude	Pieter Dorrestein	Julius	[M+H]+	282.134	281.126	1.0		p-Anisaldehyde_Amine_batch2_P2_A9.mzML:scan:813	COc1ccc(CN[C@H](C(=O)O)[C@@H](C)OC(C)=O)cc1	InChI=1S/C14H19NO5/c1-9(20-10(2)16)13(14(17)18)15-8-11-4-6-12(19-3)7-5-11/h4-7,9,13,15H,8H2,1-3H3,(H,17,18)/t9-,13+/m1/s1		1.0	Positive	GNPS-ALKYLAMINES-LIBRARY	282.134	UPDATE-SINGLE-ANNOTATED-GOLD	Gold		C14H19NO5	WQYVPYPCMVZDPE-RNCFNFMXSA-N	WQYVPYPCMVZDPE				Small peptides	Aminoacids	Amino acids and Peptides	mzspec:GNPS:GNPS-LIBRARY:CCMSLIB00016350731
252	3	282.118576049805	1	282.118576049805	0.0	234.6013333333333	3	0	0	0	0	0	0	0	0	0	0	3	0	0	0	0	0	0	0	0	0	0	0	3	0	0	G1	Arenibacter_D3M17	10-D3M17.mzML	102																																														
253	3	282.118576049805	1	282.118576049805	0.0	234.7923333333333	3	0	0	0	0	0	0	0	0	0	0	3	0	0	0	0	0	0	0	0	0	0	0	3	0	0	G1	Arenibacter_D3M17	10-D3M17.mzML	102																																														
254	12	282.1189041137696	1	282.1189041137696	0.0	262.04966666666667	12	0	0	0	0	0	0	0	0	0	6	6	0	0	0	0	0	0	0	0	0	0	6	6	0	0	G1	Acinetobacter_D3M06,Arenibacter_D3M17	9-D3M06.mzML,10-D3M17.mzML	-1	CCMSLIB00006117313	254.0	specs_ms.mgf	BIRMINGHAM-UHPLC-MS-POS.mgf	0.791142	7603.7	259.438	6970.84	6.0	1.98041	282.119	1.0	temp/specs_ms.mgf254	1.0	Guanosine - 40.0 eV	ESI	Orbitrap	Isolated	PI	Data Collector	M+H	284.099	0.0	1.0			c1nc2c(=O)[nH]c(nc2n1[C@H]3[C@@H]([C@@H]([C@H](O3)CO)O)O)N	InChI=1S/C10H13N5O5/c11-10-13-7-4(8(19)14-10)12-2-15(7)9-6(18)5(17)3(1-16)20-9/h2-3,5-6,9,16-18H,1H2,(H3,11,13,14,19)/t3-,5-,6-,9-/m1/s1		1.0	Positive	BIRMINGHAM-UHPLC-MS-POS	284.099	UPDATE-SINGLE-ANNOTATED-GOLD	Gold		C10H13N5O5	NYHBQMYGNKIUIF-UUOKFMHZSA-N	NYHBQMYGNKIUIF				Nucleosides	Purine nucleos(t)ides	Carbohydrates	mzspec:GNPS:GNPS-LIBRARY:CCMSLIB00006117313
255	17	283.1754976160386	1	283.1754976160387	0.0	421.0254117647058	16	1	3	0	0	3	2	2	0	0	2	2	2	0	3	0	0	3	2	2	0	0	2	2	2	1	G1,G2	Vibrio_1A01,Shewanella_B2R08,Roseovarius_B2R09,Colwellia_C2M19,Acinetobacter_D3M06,Arenibacter_D3M17,Motilimonas_G1M02	1-1A01.mzML,4-B2R08.mzML,5-B2R09.mzML,6-C2M19.mzML,9-D3M06.mzML,10-D3M17.mzML,11-G1M02.mzML,bkgrnd-marine-broth.mzML	-1																																														
256	30	284.0988342285156	1	284.0988342285156	0.0	220.9925	24	6	0	0	0	0	6	0	0	6	6	6	0	0	0	0	0	0	6	0	0	6	6	6	0	6	G1,G2	Roseovarius_B2R09,Salipiger_C3M06,Acinetobacter_D3M06,Arenibacter_D3M17	5-B2R09.mzML,8-C3M06.mzML,9-D3M06.mzML,10-D3M17.mzML,bkgrnd-marine-broth.mzML	100	CCMSLIB00010128631	256.0	specs_ms.mgf	GNPS-LIBRARY.mgf	0.920414	23552.7	222.459	3.75966	6.0	0.00106812	284.098	1.0	temp/specs_ms.mgf256	1.0	Guanosine	LC-ESI	qTof	Other	Moying Li	 	M+H	284.099	283.092	1.0	 	 	 	 	 	3.0	Positive	GNPS-LIBRARY	284.099	UPDATE-SINGLE-ANNOTATED-BRONZE	Bronze											mzspec:GNPS:GNPS-LIBRARY:CCMSLIB00010128631
257	6	286.138763427734	1	286.138763427734	0.0	150.44466666666668	6	0	0	0	0	0	0	6	0	0	0	0	0	0	0	0	0	0	0	6	0	0	0	0	0	0	G1	Colwellia_C2M19	6-C2M19.mzML	7																																														
258	36	286.1751607259116	1	286.1751607259116	0.0	392.76475	36	0	0	0	6	0	6	6	6	6	6	0	0	0	0	0	6	0	6	6	6	6	6	0	0	0	G1	Phaeobacter_B2R04,Roseovarius_B2R09,Colwellia_C2M19,Paracoccus_C2R07,Salipiger_C3M06,Acinetobacter_D3M06	3-B2R04.mzML,5-B2R09.mzML,6-C2M19.mzML,7-C2R07_2.mzML,8-C3M06.mzML,9-D3M06.mzML	-1																																														
259	1520	286.2202131283636	1	286.2202131283618	0.0	607.3163708333334	1415	105	107	123	130	134	130	134	130	128	133	131	135	0	107	123	130	134	130	134	130	128	133	131	135	105	G1,G2	Vibrio_1A01,Vibrio_6D03,Phaeobacter_B2R04,Shewanella_B2R08,Roseovarius_B2R09,Colwellia_C2M19,Paracoccus_C2R07,Salipiger_C3M06,Acinetobacter_D3M06,Arenibacter_D3M17,Motilimonas_G1M02	1-1A01.mzML,2-6D03.mzML,3-B2R04.mzML,4-B2R08.mzML,5-B2R09.mzML,6-C2M19.mzML,7-C2R07_2.mzML,8-C3M06.mzML,9-D3M06.mzML,10-D3M17.mzML,11-G1M02.mzML,bkgrnd-marine-broth.mzML	10																																														
260	2	286.21957861858846	1	286.21957861858846	0.0	699.0755	2	0	0	0	0	1	0	0	0	1	0	0	0	0	0	0	0	1	0	0	0	1	0	0	0	0	G1	Shewanella_B2R08,Salipiger_C3M06	4-B2R08.mzML,8-C3M06.mzML	-1																																														
261	2	286.219560706097	1	286.219560706097	0.0	714.937	2	0	0	0	0	0	1	0	0	0	0	1	0	0	0	0	0	0	1	0	0	0	0	1	0	0	G1	Roseovarius_B2R09,Arenibacter_D3M17	5-B2R09.mzML,10-D3M17.mzML	24																																														
262	4	286.21967438080526	1	286.21967438080526	0.0	554.5239999999999	4	0	0	1	0	0	0	1	0	1	0	0	1	0	0	1	0	0	0	1	0	1	0	0	1	0	G1	Vibrio_6D03,Colwellia_C2M19,Salipiger_C3M06,Motilimonas_G1M02	2-6D03.mzML,6-C2M19.mzML,8-C3M06.mzML,11-G1M02.mzML	10																																														
263	2	286.2196004649135	1	286.2196004649135	0.0	706.3009999999999	2	0	0	0	0	0	0	1	0	0	0	1	0	0	0	0	0	0	0	1	0	0	0	1	0	0	G1	Colwellia_C2M19,Arenibacter_D3M17	6-C2M19.mzML,10-D3M17.mzML	-1																																														
264	2	286.21961245329453	1	286.21961245329453	0.0	689.874	2	0	0	1	0	0	0	0	0	0	1	0	0	0	0	1	0	0	0	0	0	0	1	0	0	0	G1	Vibrio_6D03,Acinetobacter_D3M06	2-6D03.mzML,9-D3M06.mzML	-1																																														
265	4	286.21965715509924	1	286.21965715509924	0.0	704.9100000000001	4	0	0	2	1	0	0	0	0	0	0	0	1	0	0	2	1	0	0	0	0	0	0	0	1	0	G1	Vibrio_6D03,Phaeobacter_B2R04,Motilimonas_G1M02	2-6D03.mzML,3-B2R04.mzML,11-G1M02.mzML	24																																														
266	2	286.219603165336	1	286.219603165336	0.0	710.3444999999999	2	0	0	2	0	0	0	0	0	0	0	0	0	0	0	2	0	0	0	0	0	0	0	0	0	0	G1	Vibrio_6D03	2-6D03.mzML	-1																																														
267	2	286.219673488451	1	286.219673488451	0.0	668.428	2	0	0	0	1	0	0	0	1	0	0	0	0	0	0	0	1	0	0	0	1	0	0	0	0	0	G1	Phaeobacter_B2R04,Paracoccus_C2R07	3-B2R04.mzML,7-C2R07_2.mzML	24																																														
268	2	286.219649605129	1	286.219649605129	0.0	689.4860000000001	2	0	0	0	0	0	0	0	1	0	1	0	0	0	0	0	0	0	0	0	1	0	1	0	0	0	G1	Paracoccus_C2R07,Acinetobacter_D3M06	7-C2R07_2.mzML,9-D3M06.mzML	10																																														
269	6	287.122741699219	1	287.122741699219	0.0	226.4255	6	0	0	0	0	0	6	0	0	0	0	0	0	0	0	0	0	0	6	0	0	0	0	0	0	0	G1	Roseovarius_B2R09	5-B2R09.mzML	-1																																														
270	2	288.117767333984	1	288.117767333984	0.0	193.7575	2	0	0	0	0	0	0	2	0	0	0	0	0	0	0	0	0	0	0	2	0	0	0	0	0	0	G1	Colwellia_C2M19	6-C2M19.mzML	130																																														
271	38	290.13376496967527	1	290.1337649696752	0.0	229.43260526315788	38	0	0	0	6	2	6	6	0	6	6	6	0	0	0	0	6	2	6	6	0	6	6	6	0	0	G1	Phaeobacter_B2R04,Shewanella_B2R08,Roseovarius_B2R09,Colwellia_C2M19,Salipiger_C3M06,Acinetobacter_D3M06,Arenibacter_D3M17	3-B2R04.mzML,4-B2R08.mzML,5-B2R09.mzML,6-C2M19.mzML,8-C3M06.mzML,9-D3M06.mzML,10-D3M17.mzML	130																																														
272	61	291.2535412064016	1	291.2535412064017	0.0	835.4492950819672	57	4	6	6	6	4	6	6	6	5	6	6	0	0	6	6	6	4	6	6	6	5	6	6	0	4	G1,G2	Vibrio_1A01,Vibrio_6D03,Phaeobacter_B2R04,Shewanella_B2R08,Roseovarius_B2R09,Colwellia_C2M19,Paracoccus_C2R07,Salipiger_C3M06,Acinetobacter_D3M06,Arenibacter_D3M17	1-1A01.mzML,2-6D03.mzML,3-B2R04.mzML,4-B2R08.mzML,5-B2R09.mzML,6-C2M19.mzML,7-C2R07_2.mzML,8-C3M06.mzML,9-D3M06.mzML,10-D3M17.mzML,bkgrnd-marine-broth.mzML	1																																														
273	6	295.020385742188	1	295.020385742188	0.0	513.1003333333333	6	0	0	0	6	0	0	0	0	0	0	0	0	0	0	0	6	0	0	0	0	0	0	0	0	0	G1	Phaeobacter_B2R04	3-B2R04.mzML	-1																																														
274	98	298.2555847167968	1	298.2555847167967	0.0	929.7476530612244	98	0	0	18	18	18	12	8	6	6	6	6	0	0	0	18	18	18	12	8	6	6	6	6	0	0	G1	Vibrio_6D03,Phaeobacter_B2R04,Shewanella_B2R08,Roseovarius_B2R09,Colwellia_C2M19,Paracoccus_C2R07,Salipiger_C3M06,Acinetobacter_D3M06,Arenibacter_D3M17	2-6D03.mzML,3-B2R04.mzML,4-B2R08.mzML,5-B2R09.mzML,6-C2M19.mzML,7-C2R07_2.mzML,8-C3M06.mzML,9-D3M06.mzML,10-D3M17.mzML	-1																																														
275	13	300.20197237454937	1	300.20197237454937	0.0	420.2227692307692	13	0	3	1	0	5	0	2	0	0	0	1	1	0	3	1	0	5	0	2	0	0	0	1	1	0	G1	Vibrio_1A01,Vibrio_6D03,Shewanella_B2R08,Colwellia_C2M19,Arenibacter_D3M17,Motilimonas_G1M02	1-1A01.mzML,2-6D03.mzML,4-B2R08.mzML,6-C2M19.mzML,10-D3M17.mzML,11-G1M02.mzML	82																																														
276	8	300.2023963928224	1	300.2023963928224	0.0	421.4335	6	2	0	1	0	0	2	0	1	2	0	0	0	0	0	1	0	0	2	0	1	2	0	0	0	2	G1,G2	Vibrio_6D03,Roseovarius_B2R09,Paracoccus_C2R07,Salipiger_C3M06	2-6D03.mzML,5-B2R09.mzML,7-C2R07_2.mzML,8-C3M06.mzML,bkgrnd-marine-broth.mzML	-1																																														
277	2	300.217569986979	1	300.217569986979	0.0	727.155	2	0	0	2	0	0	0	0	0	0	0	0	0	0	0	2	0	0	0	0	0	0	0	0	0	0	G1	Vibrio_6D03	2-6D03.mzML	-1																																														
278	4	302.170013427734	1	302.170013427734	0.0	207.743	4	0	0	0	0	0	0	0	4	0	0	0	0	0	0	0	0	0	0	0	4	0	0	0	0	0	G1	Paracoccus_C2R07	7-C2R07_2.mzML	-1	CCMSLIB00012427940	278.0	specs_ms.mgf	MSNLIB-POSITIVE.mgf	0.927227	7162.1	206.841	3189.91	6.0	0.96698	302.17	1.0	temp/specs_ms.mgf278	1.0	401564-30-5	ESI	Orbitrap	Crude	Tomas Pluskal	Corinna Brungs	[M+H]+	303.137	302.13	1.0			CC(C)(C)OC(=O)N1C[C@H](O)C[C@H]1C(=O)N1CCSC1	InChI=1S/C13H22N2O4S/c1-13(2,3)19-12(18)15-7-9(16)6-10(15)11(17)14-4-5-20-8-14/h9-10,16H,4-8H2,1-3H3/t9-,10+/m1/s1	CABJFRFFUZMDSS-ZJUUUORDSA-N	1.0	Positive	MSNLIB-POSITIVE	303.137	UPDATE-SINGLE-ANNOTATED-GOLD	Gold		C13H22N2O4S	CABJFRFFUZMDSS-ZJUUUORDSA-N	CABJFRFFUZMDSS	Organic acids and derivatives	Carboxylic acids and derivatives	Amino acids, peptides, and analogues	Lysine alkaloids	Piperidine alkaloids	Alkaloids	mzspec:GNPS:GNPS-LIBRARY:CCMSLIB00012427940
279	60	302.2869415283204	1	302.28694152832026	0.0	19.85113055555556	60	0	0	6	6	6	6	6	6	6	6	6	6	0	0	6	6	6	6	6	6	6	6	6	6	0	G1	Vibrio_6D03,Phaeobacter_B2R04,Shewanella_B2R08,Roseovarius_B2R09,Colwellia_C2M19,Paracoccus_C2R07,Salipiger_C3M06,Acinetobacter_D3M06,Arenibacter_D3M17,Motilimonas_G1M02	2-6D03.mzML,3-B2R04.mzML,4-B2R08.mzML,5-B2R09.mzML,6-C2M19.mzML,7-C2R07_2.mzML,8-C3M06.mzML,9-D3M06.mzML,10-D3M17.mzML,11-G1M02.mzML	24																																														
280	5	304.212707519531	1	304.212707519531	0.0	577.9986	5	0	0	0	5	0	0	0	0	0	0	0	0	0	0	0	5	0	0	0	0	0	0	0	0	0	G1	Phaeobacter_B2R04	3-B2R04.mzML	16																																														
281	880	304.2301118834744	1	304.23011188347454	0.0	554.2173049242425	862	18	12	84	84	83	84	84	84	90	84	84	89	0	12	84	84	83	84	84	84	90	84	84	89	18	G1,G2	Vibrio_1A01,Vibrio_6D03,Phaeobacter_B2R04,Shewanella_B2R08,Roseovarius_B2R09,Colwellia_C2M19,Paracoccus_C2R07,Salipiger_C3M06,Acinetobacter_D3M06,Arenibacter_D3M17,Motilimonas_G1M02	1-1A01.mzML,2-6D03.mzML,3-B2R04.mzML,4-B2R08.mzML,5-B2R09.mzML,6-C2M19.mzML,7-C2R07_2.mzML,8-C3M06.mzML,9-D3M06.mzML,10-D3M17.mzML,11-G1M02.mzML,bkgrnd-marine-broth.mzML	10																																														
282	84	304.3010493687222	1	304.30104936872226	0.0	643.3325119047619	78	6	6	6	6	12	6	6	6	12	6	6	6	0	6	6	6	12	6	6	6	12	6	6	6	6	G1,G2	Vibrio_1A01,Vibrio_6D03,Phaeobacter_B2R04,Shewanella_B2R08,Roseovarius_B2R09,Colwellia_C2M19,Paracoccus_C2R07,Salipiger_C3M06,Acinetobacter_D3M06,Arenibacter_D3M17,Motilimonas_G1M02	1-1A01.mzML,2-6D03.mzML,3-B2R04.mzML,4-B2R08.mzML,5-B2R09.mzML,6-C2M19.mzML,7-C2R07_2.mzML,8-C3M06.mzML,9-D3M06.mzML,10-D3M17.mzML,11-G1M02.mzML,bkgrnd-marine-broth.mzML	78	CCMSLIB00012350786	282.0	specs_ms.mgf	MSNLIB-POSITIVE.mgf	0.929151	39139.9	643.271	0.802302	6.0	0.000244141	304.3	1.0	temp/specs_ms.mgf282	1.0	Benzododecinium	ESI	Orbitrap	Crude	Tomas Pluskal	Corinna Brungs	[M]+	304.3	304.3	1.0			CCCCCCCCCCCC[N+](C)(C)Cc1ccccc1	InChI=1S/C21H38N/c1-4-5-6-7-8-9-10-11-12-16-19-22(2,3)20-21-17-14-13-15-18-21/h13-15,17-18H,4-12,16,19-20H2,1-3H3/q+1	CYDRXTMLKJDRQH-UHFFFAOYSA-N	1.0	Positive	MSNLIB-POSITIVE	304.3	UPDATE-SINGLE-ANNOTATED-GOLD	Gold			CYDRXTMLKJDRQH-UHFFFAOYSA-N	CYDRXTMLKJDRQH	Benzenoids	Benzene and substituted derivatives	Phenylmethylamines				mzspec:GNPS:GNPS-LIBRARY:CCMSLIB00012350786
283	4	305.304153442383	1	305.304153442383	0.0	646.0695	4	0	0	0	0	0	0	0	0	4	0	0	0	0	0	0	0	0	0	0	0	4	0	0	0	0	G1	Salipiger_C3M06	8-C3M06.mzML	78	CCMSLIB00010115561	283.0	specs_ms.mgf	BERKELEY-LAB.mgf	0.926272	75041.2	646.589	741.338	7.0	0.226166	305.304	1.0	temp/specs_ms.mgf283	1.0	"""3,3'-Dimethoxyflavone CollisionEnergy:205060"""	LC-ESI	Orbitrap	Commercial	Trent Northen	JGI	M+Na	305.078	0.0	1.0			COc1cccc(-c2oc3ccccc3c(=O)c2OC)c1	"""InChI=1S/C17H14O4/c1-19-12-7-5-6-11(10-12)16-17(20-2)15(18)13-8-3-4-9-14(13)21-16/h3-10H,1-2H3"""		3.0	Positive	BERKELEY-LAB	305.078	UPDATE-SINGLE-ANNOTATED-BRONZE	Bronze		C17H14O4	AUAXNNILRNCQAX-UHFFFAOYSA-N	AUAXNNILRNCQAX	Phenylpropanoids and polyketides	Flavonoids	O-methylated flavonoids	Flavonoids	Flavonols	Shikimates and Phenylpropanoids	mzspec:GNPS:GNPS-LIBRARY:CCMSLIB00010115561
284	12	307.18506876627595	1	307.185068766276	0.0	363.33183333333335	12	0	0	0	0	6	0	6	0	0	0	0	0	0	0	0	0	6	0	6	0	0	0	0	0	0	G1	Shewanella_B2R08,Colwellia_C2M19	4-B2R08.mzML,6-C2M19.mzML	-1	CCMSLIB00012825577	284.0	specs_ms.mgf	MSNLIB-POSITIVE.mgf	0.925509	9083.4	364.649	3179.66	6.0	0.979858	307.185	1.0	temp/specs_ms.mgf284	1.0	AKOS033333909	ESI	Orbitrap	Commercial	Tomas Pluskal	Corinna Brungs	[M+H-H2O]+	308.165	325.168	1.0			O=C(Cc1ccc(O)cc1)N1CCCC1CC(O)c1ccccc1	InChI=1S/C20H23NO3/c22-18-10-8-15(9-11-18)13-20(24)21-12-4-7-17(21)14-19(23)16-5-2-1-3-6-16/h1-3,5-6,8-11,17,19,22-23H,4,7,12-14H2	BUCHUYOPHINHGV-UHFFFAOYSA-N	1.0	Positive	MSNLIB-POSITIVE	308.165	UPDATE-SINGLE-ANNOTATED-GOLD	Gold		C20H23NO3	BUCHUYOPHINHGV-UHFFFAOYSA-N	BUCHUYOPHINHGV				Lysine alkaloids	Piperidine alkaloids	Alkaloids	mzspec:GNPS:GNPS-LIBRARY:CCMSLIB00012825577
285	66	308.2802031545929	1	308.2802031545928	0.0	836.0166515151516	60	6	6	6	6	6	6	6	6	6	6	6	0	0	6	6	6	6	6	6	6	6	6	6	0	6	G1,G2	Vibrio_1A01,Vibrio_6D03,Phaeobacter_B2R04,Shewanella_B2R08,Roseovarius_B2R09,Colwellia_C2M19,Paracoccus_C2R07,Salipiger_C3M06,Acinetobacter_D3M06,Arenibacter_D3M17	1-1A01.mzML,2-6D03.mzML,3-B2R04.mzML,4-B2R08.mzML,5-B2R09.mzML,6-C2M19.mzML,7-C2R07_2.mzML,8-C3M06.mzML,9-D3M06.mzML,10-D3M17.mzML,bkgrnd-marine-broth.mzML	1																																														
286	36	311.1750030517578	1	311.17500305175776	0.0	499.0219166666667	36	0	0	0	6	0	6	6	0	6	6	6	0	0	0	0	6	0	6	6	0	6	6	6	0	0	G1	Phaeobacter_B2R04,Roseovarius_B2R09,Colwellia_C2M19,Salipiger_C3M06,Acinetobacter_D3M06,Arenibacter_D3M17	3-B2R04.mzML,5-B2R09.mzML,6-C2M19.mzML,8-C3M06.mzML,9-D3M06.mzML,10-D3M17.mzML	-1																																														
287	2	312.154205322266	1	312.154205322266	0.0	194.2035	2	0	0	0	0	2	0	0	0	0	0	0	0	0	0	0	0	2	0	0	0	0	0	0	0	0	G1	Shewanella_B2R08	4-B2R08.mzML	-1																																														
288	2	312.154296875	1	312.154296875	0.0	193.529	2	0	0	0	0	1	0	1	0	0	0	0	0	0	0	0	0	1	0	1	0	0	0	0	0	0	G1	Shewanella_B2R08,Colwellia_C2M19	4-B2R08.mzML,6-C2M19.mzML	-1																																														
289	9	316.2120344373913	1	316.2120344373913	0.0	431.0604444444445	9	0	2	0	0	3	0	1	0	0	0	3	0	0	2	0	0	3	0	1	0	0	0	3	0	0	G1	Vibrio_1A01,Shewanella_B2R08,Colwellia_C2M19,Arenibacter_D3M17	1-1A01.mzML,4-B2R08.mzML,6-C2M19.mzML,10-D3M17.mzML	-1																																														
290	23	317.1809365092843	1	317.1809365092843	0.0	254.190695652174	23	0	0	0	6	0	5	0	0	6	6	0	0	0	0	0	6	0	5	0	0	6	6	0	0	0	G1	Phaeobacter_B2R04,Roseovarius_B2R09,Salipiger_C3M06,Acinetobacter_D3M06	3-B2R04.mzML,5-B2R09.mzML,8-C3M06.mzML,9-D3M06.mzML	-1																																														
291	15	318.12916259765643	1	318.1291625976564	0.0	413.8184	14	1	0	0	2	0	4	0	4	2	2	0	0	0	0	0	2	0	4	0	4	2	2	0	0	1	G1,G2	Phaeobacter_B2R04,Roseovarius_B2R09,Paracoccus_C2R07,Salipiger_C3M06,Acinetobacter_D3M06	3-B2R04.mzML,5-B2R09.mzML,7-C2R07_2.mzML,8-C3M06.mzML,9-D3M06.mzML,bkgrnd-marine-broth.mzML	-1																																														
292	4	320.159744262695	1	320.159744262695	0.0	445.2375	4	0	0	0	0	0	0	0	0	0	0	4	0	0	0	0	0	0	0	0	0	0	0	4	0	0	G1	Arenibacter_D3M17	10-D3M17.mzML	7																																														
293	8	327.2010726928713	1	327.2010726928713	0.0	431.75525	8	0	1	1	0	3	0	2	0	0	0	1	0	0	1	1	0	3	0	2	0	0	0	1	0	0	G1	Vibrio_1A01,Vibrio_6D03,Shewanella_B2R08,Colwellia_C2M19,Arenibacter_D3M17	1-1A01.mzML,2-6D03.mzML,4-B2R08.mzML,6-C2M19.mzML,10-D3M17.mzML	82																																														
294	1956	328.26929716805745	1	328.2692971680568	0.0	558.3458087934561	1753	203	208	153	153	156	157	146	153	152	158	157	160	0	208	153	153	156	157	146	153	152	158	157	160	203	G1,G2	Vibrio_1A01,Vibrio_6D03,Phaeobacter_B2R04,Shewanella_B2R08,Roseovarius_B2R09,Colwellia_C2M19,Paracoccus_C2R07,Salipiger_C3M06,Acinetobacter_D3M06,Arenibacter_D3M17,Motilimonas_G1M02	1-1A01.mzML,2-6D03.mzML,3-B2R04.mzML,4-B2R08.mzML,5-B2R09.mzML,6-C2M19.mzML,7-C2R07_2.mzML,8-C3M06.mzML,9-D3M06.mzML,10-D3M17.mzML,11-G1M02.mzML,bkgrnd-marine-broth.mzML	10																																														
295	2	328.268135541751	1	328.268135541751	0.0	520.286	2	0	0	0	0	1	1	0	0	0	0	0	0	0	0	0	0	1	1	0	0	0	0	0	0	0	G1	Shewanella_B2R08,Roseovarius_B2R09	4-B2R08.mzML,5-B2R09.mzML	10																																														
296	2	328.268290259786	1	328.268290259786	0.0	509.3475	2	0	0	0	0	0	0	0	0	1	1	0	0	0	0	0	0	0	0	0	0	1	1	0	0	0	G1	Salipiger_C3M06,Acinetobacter_D3M06	8-C3M06.mzML,9-D3M06.mzML	24																																														
297	2	328.2708063895385	1	328.2708063895385	0.0	535.1745	1	1	0	0	0	0	0	0	0	0	0	0	1	0	0	0	0	0	0	0	0	0	0	0	1	1	G1,G2	Motilimonas_G1M02	11-G1M02.mzML,bkgrnd-marine-broth.mzML	10																																														
298	2	329.181060791016	1	329.181060791016	0.0	208.3985	2	0	0	0	0	0	0	0	0	0	2	0	0	0	0	0	0	0	0	0	0	0	2	0	0	0	G1	Acinetobacter_D3M06	9-D3M06.mzML	-1	CCMSLIB00012387385	298.0	specs_ms.mgf	MSNLIB-POSITIVE.mgf	0.806179	10870.2	208.303	2919.71	8.0	0.963928	329.181	1.0	temp/specs_ms.mgf298	1.0	67341-40-6	ESI	Orbitrap	Crude	Tomas Pluskal	Corinna Brungs	[M+H]+	330.145	329.138	1.0			Cc1cc(=O)oc2c1ccc(NC(=O)[C@@H]1CCCN1C(=O)CN)c2	InChI=1S/C17H19N3O4/c1-10-7-16(22)24-14-8-11(4-5-12(10)14)19-17(23)13-3-2-6-20(13)15(21)9-18/h4-5,7-8,13H,2-3,6,9,18H2,1H3,(H,19,23)/t13-/m0/s1	UTDVHCQTKWTQEA-ZDUSSCGKSA-N	1.0	Positive	MSNLIB-POSITIVE	330.145	UPDATE-SINGLE-ANNOTATED-GOLD	Gold		C17H19N3O4	UTDVHCQTKWTQEA-ZDUSSCGKSA-N	UTDVHCQTKWTQEA	Organic acids and derivatives	Carboxylic acids and derivatives	Amino acids, peptides, and analogues	Coumarins	Simple coumarins	Shikimates and Phenylpropanoids	mzspec:GNPS:GNPS-LIBRARY:CCMSLIB00012387385
299	640	329.27061824798574	1	329.2706182479878	0.0	473.0569721354167	640	0	0	60	60	66	66	64	66	66	66	66	60	0	0	60	60	66	66	64	66	66	66	66	60	0	G1	Vibrio_6D03,Phaeobacter_B2R04,Shewanella_B2R08,Roseovarius_B2R09,Colwellia_C2M19,Paracoccus_C2R07,Salipiger_C3M06,Acinetobacter_D3M06,Arenibacter_D3M17,Motilimonas_G1M02	2-6D03.mzML,3-B2R04.mzML,4-B2R08.mzML,5-B2R09.mzML,6-C2M19.mzML,7-C2R07_2.mzML,8-C3M06.mzML,9-D3M06.mzML,10-D3M17.mzML,11-G1M02.mzML	10																																														
300	30	331.1973124186198	1	331.1973124186198	0.0	285.91713333333337	24	6	0	0	6	0	6	0	0	6	6	0	0	0	0	0	6	0	6	0	0	6	6	0	0	6	G1,G2	Phaeobacter_B2R04,Roseovarius_B2R09,Salipiger_C3M06,Acinetobacter_D3M06	3-B2R04.mzML,5-B2R09.mzML,8-C3M06.mzML,9-D3M06.mzML,bkgrnd-marine-broth.mzML	58																																														
301	72	332.3313496907554	1	332.3313496907551	0.0	709.5763333333332	72	0	0	6	6	12	6	6	6	12	6	6	6	0	0	6	6	12	6	6	6	12	6	6	6	0	G1	Vibrio_6D03,Phaeobacter_B2R04,Shewanella_B2R08,Roseovarius_B2R09,Colwellia_C2M19,Paracoccus_C2R07,Salipiger_C3M06,Acinetobacter_D3M06,Arenibacter_D3M17,Motilimonas_G1M02	2-6D03.mzML,3-B2R04.mzML,4-B2R08.mzML,5-B2R09.mzML,6-C2M19.mzML,7-C2R07_2.mzML,8-C3M06.mzML,9-D3M06.mzML,10-D3M17.mzML,11-G1M02.mzML	78	CCMSLIB00003139865	301.0	specs_ms.mgf	GNPS-NIST14-MATCHES.mgf	0.926093	51058.8	713.094	1.65292	6.0	0.000549316	332.332	1.0	temp/specs_ms.mgf301	1.0	Spectral Match to Benzyltetradecyldimethylammonium from NIST14	ESI	QqQ	Isolated	Data from Pieter Dorrestein;Ruben Abagayan	Data deposited by lfnothias	Cat	332.331	0.0	1.0	16287711					3.0	Positive	GNPS-NIST14-MATCHES	332.331	UPDATE-SINGLE-ANNOTATED-BRONZE	Bronze											mzspec:GNPS:GNPS-LIBRARY:CCMSLIB00003139865
302	14	332.3370012555806	1	332.3370012555806	0.0	718.1759999999999	8	6	6	0	0	0	0	0	0	2	0	0	0	0	6	0	0	0	0	0	0	2	0	0	0	6	G1,G2	Vibrio_1A01,Salipiger_C3M06	1-1A01.mzML,8-C3M06.mzML,bkgrnd-marine-broth.mzML	78	CCMSLIB00003137803	302.0	specs_ms.mgf	GNPS-NIST14-MATCHES.mgf	0.904505	43011.4	717.616	18.2739	6.0	0.006073	332.337	1.0	temp/specs_ms.mgf302	1.0	Spectral Match to Benzyltetradecyldimethylammonium from NIST14	ESI	QqQ	Isolated	Data from Pieter Dorrestein;Ruben Abagayan	Data deposited by lfnothias	Cat	332.331	0.0	1.0	16287711					3.0	Positive	GNPS-NIST14-MATCHES	332.331	UPDATE-SINGLE-ANNOTATED-BRONZE	Bronze											mzspec:GNPS:GNPS-LIBRARY:CCMSLIB00003137803
303	6	333.335652669271	1	333.335652669271	0.0	713.0939999999999	6	0	0	0	0	0	0	0	0	6	0	0	0	0	0	0	0	0	0	0	0	6	0	0	0	0	G1	Salipiger_C3M06	8-C3M06.mzML	78	CCMSLIB00003139865	303.0	specs_ms.mgf	GNPS-NIST14-MATCHES.mgf	0.825135	85960.3	713.19	3023.1	6.0	1.00467	333.336	1.0	temp/specs_ms.mgf303	1.0	Spectral Match to Benzyltetradecyldimethylammonium from NIST14	ESI	QqQ	Isolated	Data from Pieter Dorrestein;Ruben Abagayan	Data deposited by lfnothias	Cat	332.331	0.0	1.0	16287711					3.0	Positive	GNPS-NIST14-MATCHES	332.331	UPDATE-SINGLE-ANNOTATED-BRONZE	Bronze											mzspec:GNPS:GNPS-LIBRARY:CCMSLIB00003139865
304	71	335.2803275954556	1	335.2803275954555	0.0	828.3847887323943	65	6	6	6	6	6	6	6	6	6	6	6	5	0	6	6	6	6	6	6	6	6	6	6	5	6	G1,G2	Vibrio_1A01,Vibrio_6D03,Phaeobacter_B2R04,Shewanella_B2R08,Roseovarius_B2R09,Colwellia_C2M19,Paracoccus_C2R07,Salipiger_C3M06,Acinetobacter_D3M06,Arenibacter_D3M17,Motilimonas_G1M02	1-1A01.mzML,2-6D03.mzML,3-B2R04.mzML,4-B2R08.mzML,5-B2R09.mzML,6-C2M19.mzML,7-C2R07_2.mzML,8-C3M06.mzML,9-D3M06.mzML,10-D3M17.mzML,11-G1M02.mzML,bkgrnd-marine-broth.mzML	1																																														
305	6	336.15453084309905	1	336.15453084309905	0.0	389.4453333333333	6	0	0	0	0	0	0	0	6	0	0	0	0	0	0	0	0	0	0	0	6	0	0	0	0	0	G1	Paracoccus_C2R07	7-C2R07_2.mzML	-1																																														
306	2	343.196228027344	1	343.196228027344	0.0	276.5815	2	0	0	0	0	0	2	0	0	0	0	0	0	0	0	0	0	0	2	0	0	0	0	0	0	0	G1	Roseovarius_B2R09	5-B2R09.mzML	-1																																														
307	44	344.22773950750184	1	344.22773950750184	0.0	432.1523409090909	42	2	3	6	1	6	4	5	5	2	2	4	4	0	3	6	1	6	4	5	5	2	2	4	4	2	G1,G2	Vibrio_1A01,Vibrio_6D03,Phaeobacter_B2R04,Shewanella_B2R08,Roseovarius_B2R09,Colwellia_C2M19,Paracoccus_C2R07,Salipiger_C3M06,Acinetobacter_D3M06,Arenibacter_D3M17,Motilimonas_G1M02	1-1A01.mzML,2-6D03.mzML,3-B2R04.mzML,4-B2R08.mzML,5-B2R09.mzML,6-C2M19.mzML,7-C2R07_2.mzML,8-C3M06.mzML,9-D3M06.mzML,10-D3M17.mzML,11-G1M02.mzML,bkgrnd-marine-broth.mzML	82																																														
308	2	345.248825073242	1	345.248825073242	0.0	486.86	2	0	0	0	2	0	0	0	0	0	0	0	0	0	0	0	2	0	0	0	0	0	0	0	0	0	G1	Phaeobacter_B2R04	3-B2R04.mzML	-1																																														
309	1085	346.27714913286155	1	346.2771491328648	0.0	619.743587250384	1057	28	29	96	101	101	101	100	99	108	108	107	107	0	29	96	101	101	101	100	99	108	108	107	107	28	G1,G2	Vibrio_1A01,Vibrio_6D03,Phaeobacter_B2R04,Shewanella_B2R08,Roseovarius_B2R09,Colwellia_C2M19,Paracoccus_C2R07,Salipiger_C3M06,Acinetobacter_D3M06,Arenibacter_D3M17,Motilimonas_G1M02	1-1A01.mzML,2-6D03.mzML,3-B2R04.mzML,4-B2R08.mzML,5-B2R09.mzML,6-C2M19.mzML,7-C2R07_2.mzML,8-C3M06.mzML,9-D3M06.mzML,10-D3M17.mzML,11-G1M02.mzML,bkgrnd-marine-broth.mzML	10	CCMSLIB00016349923	309.0	specs_ms.mgf	GNPS-ALKYLAMINES-LIBRARY.mgf	0.84943	17220.4	1049.67	5642.58	6.0	1.94293	346.277	1.0	temp/specs_ms.mgf309	1.0	Methylthioethylamine_Octadecanal (known isomers: 0; isobaric peaks in run: 1)	LC-ESI	Orbitrap	Crude	Pieter Dorrestein	Julius	[M+H]+	344.334	343.327	1.0		Octadecanal_Amine_batch5_P5_B8.mzML:scan:204	CCCCCCCCCCCCCCCCCCNCCSC	InChI=1S/C21H45NS/c1-3-4-5-6-7-8-9-10-11-12-13-14-15-16-17-18-19-22-20-21-23-2/h22H,3-21H2,1-2H3		1.0	Positive	GNPS-ALKYLAMINES-LIBRARY	344.334	UPDATE-SINGLE-ANNOTATED-GOLD	Gold		C21H45NS	KKOVCJJSUZIJKM-UHFFFAOYSA-N	KKOVCJJSUZIJKM						Fatty acids	mzspec:GNPS:GNPS-LIBRARY:CCMSLIB00016349923
310	2	346.277022251636	1	346.277022251636	0.0	760.0894999999999	2	0	0	0	0	0	0	0	1	0	0	0	1	0	0	0	0	0	0	0	1	0	0	0	1	0	G1	Paracoccus_C2R07,Motilimonas_G1M02	7-C2R07_2.mzML,11-G1M02.mzML	10																																														
311	4	351.21145629882847	1	351.21145629882847	0.0	421.747	4	0	0	0	0	2	0	2	0	0	0	0	0	0	0	0	0	2	0	2	0	0	0	0	0	0	G1	Shewanella_B2R08,Colwellia_C2M19	4-B2R08.mzML,6-C2M19.mzML	-1	CCMSLIB00012757990	311.0	specs_ms.mgf	MSNLIB-POSITIVE.mgf	0.874546	12470.4	421.312	2843.87	6.0	1.00165	351.211	1.0	temp/specs_ms.mgf311	1.0	Z1589946986	ESI	Orbitrap	Commercial	Tomas Pluskal	Corinna Brungs	[M+H]+	352.213	351.206	1.0			Cc1n[nH]c(C)c1C1CCCN1C(=O)NCCc1c[nH]c2ccccc12	InChI=1S/C20H25N5O/c1-13-19(14(2)24-23-13)18-8-5-11-25(18)20(26)21-10-9-15-12-22-17-7-4-3-6-16(15)17/h3-4,6-7,12,18,22H,5,8-11H2,1-2H3,(H,21,26)(H,23,24)	DDJFVVSRGCYCJN-UHFFFAOYSA-N	1.0	Positive	MSNLIB-POSITIVE	352.213	UPDATE-SINGLE-ANNOTATED-GOLD	Gold		C20H25N5O	DDJFVVSRGCYCJN-UHFFFAOYSA-N	DDJFVVSRGCYCJN				Tryptophan alkaloids	Carboline alkaloids	Alkaloids	mzspec:GNPS:GNPS-LIBRARY:CCMSLIB00012757990
312	72	352.307147555881	1	352.3071475558808	0.0	827.0774722222224	66	6	6	6	6	6	6	6	6	6	6	6	6	0	6	6	6	6	6	6	6	6	6	6	6	6	G1,G2	Vibrio_1A01,Vibrio_6D03,Phaeobacter_B2R04,Shewanella_B2R08,Roseovarius_B2R09,Colwellia_C2M19,Paracoccus_C2R07,Salipiger_C3M06,Acinetobacter_D3M06,Arenibacter_D3M17,Motilimonas_G1M02	1-1A01.mzML,2-6D03.mzML,3-B2R04.mzML,4-B2R08.mzML,5-B2R09.mzML,6-C2M19.mzML,7-C2R07_2.mzML,8-C3M06.mzML,9-D3M06.mzML,10-D3M17.mzML,11-G1M02.mzML,bkgrnd-marine-broth.mzML	1																																														
313	50	355.2635171508788	1	355.2635171508788	0.0	618.73084	47	3	1	6	6	6	6	5	6	6	2	3	0	0	1	6	6	6	6	5	6	6	2	3	0	3	G1,G2	Vibrio_1A01,Vibrio_6D03,Phaeobacter_B2R04,Shewanella_B2R08,Roseovarius_B2R09,Colwellia_C2M19,Paracoccus_C2R07,Salipiger_C3M06,Acinetobacter_D3M06,Arenibacter_D3M17	1-1A01.mzML,2-6D03.mzML,3-B2R04.mzML,4-B2R08.mzML,5-B2R09.mzML,6-C2M19.mzML,7-C2R07_2.mzML,8-C3M06.mzML,9-D3M06.mzML,10-D3M17.mzML,bkgrnd-marine-broth.mzML	8																																														
314	4	355.263631184896	1	355.263631184896	0.0	618.8172500000001	4	0	0	0	0	0	0	0	0	0	4	0	0	0	0	0	0	0	0	0	0	0	4	0	0	0	G1	Acinetobacter_D3M06	9-D3M06.mzML	8																																														
315	2	357.211395263672	1	357.211395263672	0.0	393.64900000000006	2	0	0	0	2	0	0	0	0	0	0	0	0	0	0	0	2	0	0	0	0	0	0	0	0	0	G1	Phaeobacter_B2R04	3-B2R04.mzML	-1																																														
316	61	358.24085823434297	1	358.24085823434297	0.0	614.2833278688523	61	0	0	4	8	9	8	8	7	6	2	6	3	0	0	4	8	9	8	8	7	6	2	6	3	0	G1	Vibrio_6D03,Phaeobacter_B2R04,Shewanella_B2R08,Roseovarius_B2R09,Colwellia_C2M19,Paracoccus_C2R07,Salipiger_C3M06,Acinetobacter_D3M06,Arenibacter_D3M17,Motilimonas_G1M02	2-6D03.mzML,3-B2R04.mzML,4-B2R08.mzML,5-B2R09.mzML,6-C2M19.mzML,7-C2R07_2.mzML,8-C3M06.mzML,9-D3M06.mzML,10-D3M17.mzML,11-G1M02.mzML	172																																														
317	43	358.240930601608	1	358.2409306016081	0.0	608.6682325581395	43	0	0	6	4	3	4	4	5	6	4	4	3	0	0	6	4	3	4	4	5	6	4	4	3	0	G1	Vibrio_6D03,Phaeobacter_B2R04,Shewanella_B2R08,Roseovarius_B2R09,Colwellia_C2M19,Paracoccus_C2R07,Salipiger_C3M06,Acinetobacter_D3M06,Arenibacter_D3M17,Motilimonas_G1M02	2-6D03.mzML,3-B2R04.mzML,4-B2R08.mzML,5-B2R09.mzML,6-C2M19.mzML,7-C2R07_2.mzML,8-C3M06.mzML,9-D3M06.mzML,10-D3M17.mzML,11-G1M02.mzML	172																																														
318	84	359.19211687360485	1	359.19211687360485	0.0	263.9874047619048	72	12	0	0	18	0	12	0	12	12	12	0	6	0	0	0	18	0	12	0	12	12	12	0	6	12	G1,G2	Phaeobacter_B2R04,Roseovarius_B2R09,Paracoccus_C2R07,Salipiger_C3M06,Acinetobacter_D3M06,Motilimonas_G1M02	3-B2R04.mzML,5-B2R09.mzML,7-C2R07_2.mzML,8-C3M06.mzML,9-D3M06.mzML,11-G1M02.mzML,bkgrnd-marine-broth.mzML	37																																														
319	16	359.28984451293974	1	359.2898445129398	0.0	837.9795625000002	16	0	0	4	0	4	2	2	2	0	2	0	0	0	0	4	0	4	2	2	2	0	2	0	0	0	G1	Vibrio_6D03,Shewanella_B2R08,Roseovarius_B2R09,Colwellia_C2M19,Paracoccus_C2R07,Acinetobacter_D3M06	2-6D03.mzML,4-B2R08.mzML,5-B2R09.mzML,6-C2M19.mzML,7-C2R07_2.mzML,9-D3M06.mzML	27																																														
320	38	360.3626596551191	1	360.3626596551189	0.0	787.094947368421	38	0	2	4	6	6	0	2	2	6	6	4	0	0	2	4	6	6	0	2	2	6	6	4	0	0	G1	Vibrio_1A01,Vibrio_6D03,Phaeobacter_B2R04,Shewanella_B2R08,Colwellia_C2M19,Paracoccus_C2R07,Salipiger_C3M06,Acinetobacter_D3M06,Arenibacter_D3M17	1-1A01.mzML,2-6D03.mzML,3-B2R04.mzML,4-B2R08.mzML,6-C2M19.mzML,7-C2R07_2.mzML,8-C3M06.mzML,9-D3M06.mzML,10-D3M17.mzML	78	CCMSLIB00012338206	320.0	specs_ms.mgf	MSNLIB-POSITIVE.mgf	0.930141	74857.3	783.423	2.20183	6.0	0.000793457	360.363	1.0	temp/specs_ms.mgf320	1.0	Cetalkonium	ESI	Orbitrap	Crude	Tomas Pluskal	Corinna Brungs	[M]+	360.362	360.362	1.0			CCCCCCCCCCCCCCCC[N+](C)(C)Cc1ccccc1	InChI=1S/C25H46N/c1-4-5-6-7-8-9-10-11-12-13-14-15-16-20-23-26(2,3)24-25-21-18-17-19-22-25/h17-19,21-22H,4-16,20,23-24H2,1-3H3/q+1	QDYLMAYUEZBUFO-UHFFFAOYSA-N	1.0	Positive	MSNLIB-POSITIVE	360.362	UPDATE-SINGLE-ANNOTATED-GOLD	Gold			QDYLMAYUEZBUFO-UHFFFAOYSA-N	QDYLMAYUEZBUFO	Benzenoids	Benzene and substituted derivatives	Phenylmethylamines				mzspec:GNPS:GNPS-LIBRARY:CCMSLIB00012338206
321	6	362.92556762695307	1	362.92556762695307	0.0	134.6308333333333	6	0	0	0	0	0	0	0	0	0	0	0	6	0	0	0	0	0	0	0	0	0	0	0	6	0	G1	Motilimonas_G1M02	11-G1M02.mzML	117	CCMSLIB00012839796	321.0	specs_ms.mgf	MSNLIB-POSITIVE.mgf	0.81445	7121.7	132.92	3406.19	6.0	1.24042	362.926	1.0	temp/specs_ms.mgf321	1.0	Z1145039212	ESI	Orbitrap	Commercial	Tomas Pluskal	Corinna Brungs	[M+H]+	364.166	363.158	1.0			CN(C(=O)c1nn(Cc2ccccc2)c(=O)c2ccccc12)C1CCOC1	InChI=1S/C21H21N3O3/c1-23(16-11-12-27-14-16)21(26)19-17-9-5-6-10-18(17)20(25)24(22-19)13-15-7-3-2-4-8-15/h2-10,16H,11-14H2,1H3	OMICZSPBWPBNLD-UHFFFAOYSA-N	1.0	Positive	MSNLIB-POSITIVE	364.166	UPDATE-SINGLE-ANNOTATED-GOLD	Gold		C21H21N3O3	OMICZSPBWPBNLD-UHFFFAOYSA-N	OMICZSPBWPBNLD							mzspec:GNPS:GNPS-LIBRARY:CCMSLIB00012839796
322	5	370.295084635417	1	370.295084635417	0.0	961.8628	5	0	0	0	0	0	0	0	5	0	0	0	0	0	0	0	0	0	0	0	5	0	0	0	0	0	G1	Paracoccus_C2R07	7-C2R07_2.mzML	16																																														
323	6	371.154459635417	1	371.154459635417	0.0	221.4526666666667	6	0	0	0	0	0	0	0	0	0	0	6	0	0	0	0	0	0	0	0	0	0	0	6	0	0	G1	Arenibacter_D3M17	10-D3M17.mzML	97																																														
324	7	371.2268502371653	1	371.2268502371653	0.0	440.8080000000001	7	0	0	0	2	0	0	0	2	2	0	0	1	0	0	0	2	0	0	0	2	2	0	0	1	0	G1	Phaeobacter_B2R04,Paracoccus_C2R07,Salipiger_C3M06,Motilimonas_G1M02	3-B2R04.mzML,7-C2R07_2.mzML,8-C3M06.mzML,11-G1M02.mzML	-1																																														
325	13	371.22789353590775	1	371.22789353590775	0.0	439.2043076923077	13	0	3	1	0	4	0	2	0	0	0	3	0	0	3	1	0	4	0	2	0	0	0	3	0	0	G1	Vibrio_1A01,Vibrio_6D03,Shewanella_B2R08,Colwellia_C2M19,Arenibacter_D3M17	1-1A01.mzML,2-6D03.mzML,4-B2R08.mzML,6-C2M19.mzML,10-D3M17.mzML	82	CCMSLIB00010122719	325.0	specs_ms.mgf	BERKELEY-LAB.mgf	0.703424	8020.6	438.533	5126.19	6.0	1.91278	371.226	1.0	temp/specs_ms.mgf325	1.0	3-(4-hydroxyphenyl)-2-{2-[(phenylmethoxy)carbonylamino]acetylamino}propanoic a cid CollisionEnergy:205060	LC-ESI	Orbitrap	Commercial	Trent Northen	JGI	M+H	373.139	0.0	1.0			O=C(O)C(Cc1ccc(O)cc1)N=C(O)CN=C(O)OCc1ccccc1	"""InChI=1S/C19H20N2O6/c22-15-8-6-13(7-9-15)10-16(18(24)25)21-17(23)11-20-19(26)27-12-14-4-2-1-3-5-14/h1-9,16,22H,10-12H2,(H,20,26)(H,21,23)(H,24,25)"""		3.0	Positive	BERKELEY-LAB	373.139	UPDATE-SINGLE-ANNOTATED-BRONZE	Bronze		C19H20N2O6	YYPNBRMRXNXSDE-UHFFFAOYSA-N	YYPNBRMRXNXSDE	Organic acids and derivatives	Carboxylic acids and derivatives	Amino acids, peptides, and analogues			Shikimates and Phenylpropanoids	mzspec:GNPS:GNPS-LIBRARY:CCMSLIB00010122719
326	4	371.227935791016	1	371.227935791016	0.0	423.0465	4	0	0	0	0	0	0	0	0	2	2	0	0	0	0	0	0	0	0	0	0	2	2	0	0	0	G1	Salipiger_C3M06,Acinetobacter_D3M06	8-C3M06.mzML,9-D3M06.mzML	18																																														
327	25	373.2747123209634	1	373.2747123209634	0.0	616.4917600000001	23	2	2	2	3	2	3	2	2	2	3	2	0	0	2	2	3	2	3	2	2	2	3	2	0	2	G1,G2	Vibrio_1A01,Vibrio_6D03,Phaeobacter_B2R04,Shewanella_B2R08,Roseovarius_B2R09,Colwellia_C2M19,Paracoccus_C2R07,Salipiger_C3M06,Acinetobacter_D3M06,Arenibacter_D3M17	1-1A01.mzML,2-6D03.mzML,3-B2R04.mzML,4-B2R08.mzML,5-B2R09.mzML,6-C2M19.mzML,7-C2R07_2.mzML,8-C3M06.mzML,9-D3M06.mzML,10-D3M17.mzML,bkgrnd-marine-broth.mzML	8	CCMSLIB00013047420	327.0	specs_ms.mgf	MSNLIB-POSITIVE.mgf	0.854692	49834.9	617.146	0.163513	10.0	6.10352e-05	373.274	1.0	temp/specs_ms.mgf327	1.0	cholic acid	ESI	Orbitrap	Commercial	Tomas Pluskal	Corinna Brungs	[M+H-2H2O]+	373.274	408.288	1.0			C[C@H](CCC(=O)O)[C@H]1CC[C@H]2[C@@H]3[C@H](O)C[C@@H]4C[C@H](O)CC[C@]4(C)[C@H]3C[C@H](O)[C@]12C	InChI=1S/C24H40O5/c1-13(4-7-21(28)29)16-5-6-17-22-18(12-20(27)24(16,17)3)23(2)9-8-15(25)10-14(23)11-19(22)26/h13-20,22,25-27H,4-12H2,1-3H3,(H,28,29)/t13-,14+,15-,16-,17+,18+,19-,20+,22+,23+,24-/m1/s1	BHQCQFFYRZLCQQ-OELDTZBJSA-N	1.0	Positive	MSNLIB-POSITIVE	373.274	UPDATE-SINGLE-ANNOTATED-GOLD	Gold		C24H40O5	BHQCQFFYRZLCQQ-OELDTZBJSA-N	BHQCQFFYRZLCQQ	Lipids and lipid-like molecules	Steroids and steroid derivatives	Bile acids, alcohols and derivatives	Steroids	Cholane steroids	Terpenoids	mzspec:GNPS:GNPS-LIBRARY:CCMSLIB00013047420
328	9	373.2737664116751	1	373.2737664116751	0.0	617.4266666666667	9	0	0	1	1	0	1	1	1	1	1	2	0	0	0	1	1	0	1	1	1	1	1	2	0	0	G1	Vibrio_6D03,Phaeobacter_B2R04,Roseovarius_B2R09,Colwellia_C2M19,Paracoccus_C2R07,Salipiger_C3M06,Acinetobacter_D3M06,Arenibacter_D3M17	2-6D03.mzML,3-B2R04.mzML,5-B2R09.mzML,6-C2M19.mzML,7-C2R07_2.mzML,8-C3M06.mzML,9-D3M06.mzML,10-D3M17.mzML	8	CCMSLIB00012361803	328.0	specs_ms.mgf	MSNLIB-POSITIVE.mgf	0.870919	49160.2	616.955	0.163513	13.0	6.10352e-05	373.274	1.0	temp/specs_ms.mgf328	1.0	cholic acid	ESI	Orbitrap	Crude	Tomas Pluskal	Corinna Brungs	[M+H-2H2O]+	373.274	408.288	1.0			C[C@H](CCC(=O)O)[C@H]1CC[C@H]2[C@@H]3[C@H](O)C[C@@H]4C[C@H](O)CC[C@]4(C)[C@H]3C[C@H](O)[C@]12C	InChI=1S/C24H40O5/c1-13(4-7-21(28)29)16-5-6-17-22-18(12-20(27)24(16,17)3)23(2)9-8-15(25)10-14(23)11-19(22)26/h13-20,22,25-27H,4-12H2,1-3H3,(H,28,29)/t13-,14+,15-,16-,17+,18+,19-,20+,22+,23+,24-/m1/s1	BHQCQFFYRZLCQQ-OELDTZBJSA-N	1.0	Positive	MSNLIB-POSITIVE	373.274	UPDATE-SINGLE-ANNOTATED-GOLD	Gold		C24H40O5	BHQCQFFYRZLCQQ-OELDTZBJSA-N	BHQCQFFYRZLCQQ	Lipids and lipid-like molecules	Steroids and steroid derivatives	Bile acids, alcohols and derivatives	Steroids	Cholane steroids	Terpenoids	mzspec:GNPS:GNPS-LIBRARY:CCMSLIB00012361803
329	68	379.3061900419347	1	379.3061900419348	0.0	820.8349411764706	62	6	6	6	6	6	6	6	6	6	6	6	2	0	6	6	6	6	6	6	6	6	6	6	2	6	G1,G2	Vibrio_1A01,Vibrio_6D03,Phaeobacter_B2R04,Shewanella_B2R08,Roseovarius_B2R09,Colwellia_C2M19,Paracoccus_C2R07,Salipiger_C3M06,Acinetobacter_D3M06,Arenibacter_D3M17,Motilimonas_G1M02	1-1A01.mzML,2-6D03.mzML,3-B2R04.mzML,4-B2R08.mzML,5-B2R09.mzML,6-C2M19.mzML,7-C2R07_2.mzML,8-C3M06.mzML,9-D3M06.mzML,10-D3M17.mzML,11-G1M02.mzML,bkgrnd-marine-broth.mzML	1																																														
330	2	383.228668212891	1	383.228668212891	0.0	424.405	2	0	0	0	0	0	0	0	0	2	0	0	0	0	0	0	0	0	0	0	0	2	0	0	0	0	G1	Salipiger_C3M06	8-C3M06.mzML	18																																														
331	10	385.2446411132811	1	385.2446411132811	0.0	446.0136	8	2	0	0	2	0	2	0	0	2	2	0	0	0	0	0	2	0	2	0	0	2	2	0	0	2	G1,G2	Phaeobacter_B2R04,Roseovarius_B2R09,Salipiger_C3M06,Acinetobacter_D3M06	3-B2R04.mzML,5-B2R09.mzML,8-C3M06.mzML,9-D3M06.mzML,bkgrnd-marine-broth.mzML	18																																														
332	56	388.25452232360834	1	388.2545223236087	0.0	439.0889285714286	53	3	6	6	4	6	4	6	4	4	3	5	5	0	6	6	4	6	4	6	4	4	3	5	5	3	G1,G2	Vibrio_1A01,Vibrio_6D03,Phaeobacter_B2R04,Shewanella_B2R08,Roseovarius_B2R09,Colwellia_C2M19,Paracoccus_C2R07,Salipiger_C3M06,Acinetobacter_D3M06,Arenibacter_D3M17,Motilimonas_G1M02	1-1A01.mzML,2-6D03.mzML,3-B2R04.mzML,4-B2R08.mzML,5-B2R09.mzML,6-C2M19.mzML,7-C2R07_2.mzML,8-C3M06.mzML,9-D3M06.mzML,10-D3M17.mzML,11-G1M02.mzML,bkgrnd-marine-broth.mzML	82	CCMSLIB00004721221	332.0	specs_ms.mgf	MONA.mgf	0.820862	16900.7	437.047	4651.48	10.0	1.81439	388.254	1.0	temp/specs_ms.mgf332	1.0	GALANTHAMINE HYDROBROMIDE		ESI-QFT	isolated	MoNA	MoNA:VF-NPL-QEHF027640	[M+Na]+	390.068	0.0	1.0			Br.COc1ccc2c3c1OC1CC(O)C=CC31CCN(C)C2	InChI=1S/C17H21NO3.BrH/c1-18-8-7-17-6-5-12(19)9-14(17)21-16-13(20-2)4-3-11(10-18)15(16)17;/h3-6,12,14,19H,7-10H2,1-2H3;1H		3.0	positive	MONA	390.068	UPDATE-SINGLE-ANNOTATED-BRONZE	Bronze		C17H22BrNO3	QORVDGQLPPAFRS-UHFFFAOYSA-N	QORVDGQLPPAFRS	Alkaloids and derivatives	Amaryllidaceae alkaloids	Galanthamine-type amaryllidaceae alkaloids	Tyrosine alkaloids	Amarylidaceae alkaloids	Alkaloids	mzspec:GNPS:GNPS-LIBRARY:CCMSLIB00004721221
333	52	392.1803471491887	1	392.1803471491888	0.0	278.82992307692314	52	0	0	0	6	6	6	6	6	6	6	6	4	0	0	0	6	6	6	6	6	6	6	6	4	0	G1	Phaeobacter_B2R04,Shewanella_B2R08,Roseovarius_B2R09,Colwellia_C2M19,Paracoccus_C2R07,Salipiger_C3M06,Acinetobacter_D3M06,Arenibacter_D3M17,Motilimonas_G1M02	3-B2R04.mzML,4-B2R08.mzML,5-B2R09.mzML,6-C2M19.mzML,7-C2R07_2.mzML,8-C3M06.mzML,9-D3M06.mzML,10-D3M17.mzML,11-G1M02.mzML	88																																														
334	6	393.176005045573	1	393.176005045573	0.0	415.6446666666668	6	0	0	0	4	0	0	0	2	0	0	0	0	0	0	0	4	0	0	0	2	0	0	0	0	0	G1	Phaeobacter_B2R04,Paracoccus_C2R07	3-B2R04.mzML,7-C2R07_2.mzML	-1																																														
335	5	393.2086181640624	1	393.2086181640624	0.0	438.8108	5	0	0	1	0	1	0	1	0	0	1	1	0	0	0	1	0	1	0	1	0	0	1	1	0	0	G1	Vibrio_6D03,Shewanella_B2R08,Colwellia_C2M19,Acinetobacter_D3M06,Arenibacter_D3M17	2-6D03.mzML,4-B2R08.mzML,6-C2M19.mzML,9-D3M06.mzML,10-D3M17.mzML	12																																														
336	8	393.20854759216286	1	393.20854759216286	0.0	438.597875	8	0	0	2	0	2	0	2	1	0	0	1	0	0	0	2	0	2	0	2	1	0	0	1	0	0	G1	Vibrio_6D03,Shewanella_B2R08,Colwellia_C2M19,Paracoccus_C2R07,Arenibacter_D3M17	2-6D03.mzML,4-B2R08.mzML,6-C2M19.mzML,7-C2R07_2.mzML,10-D3M17.mzML	-1																																														
337	3	393.208511352539	1	393.208511352539	0.0	439.8913333333333	3	0	0	0	1	0	0	1	0	1	0	0	0	0	0	0	1	0	0	1	0	1	0	0	0	0	G1	Phaeobacter_B2R04,Colwellia_C2M19,Salipiger_C3M06	3-B2R04.mzML,6-C2M19.mzML,8-C3M06.mzML	12																																														
338	4	395.2379913330075	1	395.2379913330075	0.0	432.99225	4	0	0	0	0	2	0	2	0	0	0	0	0	0	0	0	0	2	0	2	0	0	0	0	0	0	G1	Shewanella_B2R08,Colwellia_C2M19	4-B2R08.mzML,6-C2M19.mzML	107																																														
339	72	396.33476003011066	1	396.3347600301106	0.0	818.497375	66	6	6	6	6	6	6	6	6	6	6	6	6	0	6	6	6	6	6	6	6	6	6	6	6	6	G1,G2	Vibrio_1A01,Vibrio_6D03,Phaeobacter_B2R04,Shewanella_B2R08,Roseovarius_B2R09,Colwellia_C2M19,Paracoccus_C2R07,Salipiger_C3M06,Acinetobacter_D3M06,Arenibacter_D3M17,Motilimonas_G1M02	1-1A01.mzML,2-6D03.mzML,3-B2R04.mzML,4-B2R08.mzML,5-B2R09.mzML,6-C2M19.mzML,7-C2R07_2.mzML,8-C3M06.mzML,9-D3M06.mzML,10-D3M17.mzML,11-G1M02.mzML,bkgrnd-marine-broth.mzML	1																																														
340	6	398.326232910156	1	398.326232910156	0.0	17.934250000000002	6	0	0	0	0	0	0	0	6	0	0	0	0	0	0	0	0	0	0	0	6	0	0	0	0	0	G1	Paracoccus_C2R07	7-C2R07_2.mzML	16																																														
341	20	401.2895843505861	1	401.2895843505861	0.0	819.3913	18	2	2	1	2	2	2	2	2	2	2	1	0	0	2	1	2	2	2	2	2	2	2	1	0	2	G1,G2	Vibrio_1A01,Vibrio_6D03,Phaeobacter_B2R04,Shewanella_B2R08,Roseovarius_B2R09,Colwellia_C2M19,Paracoccus_C2R07,Salipiger_C3M06,Acinetobacter_D3M06,Arenibacter_D3M17	1-1A01.mzML,2-6D03.mzML,3-B2R04.mzML,4-B2R08.mzML,5-B2R09.mzML,6-C2M19.mzML,7-C2R07_2.mzML,8-C3M06.mzML,9-D3M06.mzML,10-D3M17.mzML,bkgrnd-marine-broth.mzML	12																																														
342	3	401.289476182726	1	401.289476182726	0.0	821.2456666666666	3	0	0	1	0	1	0	0	0	0	0	1	0	0	0	1	0	1	0	0	0	0	0	1	0	0	G1	Vibrio_6D03,Shewanella_B2R08,Arenibacter_D3M17	2-6D03.mzML,4-B2R08.mzML,10-D3M17.mzML	12																																														
343	2	401.2903238932295	1	401.2903238932295	0.0	821.8634999999999	2	0	0	1	0	1	0	0	0	0	0	0	0	0	0	1	0	1	0	0	0	0	0	0	0	0	G1	Vibrio_6D03,Shewanella_B2R08	2-6D03.mzML,4-B2R08.mzML	-1																																														
344	9	403.31761112919565	1	403.3176111291957	0.0	828.3366666666666	8	1	1	0	0	0	0	0	0	1	0	0	6	0	1	0	0	0	0	0	0	1	0	0	6	1	G1,G2	Vibrio_1A01,Salipiger_C3M06,Motilimonas_G1M02	1-1A01.mzML,8-C3M06.mzML,11-G1M02.mzML,bkgrnd-marine-broth.mzML	27																																														
345	3	407.2123718261721	1	407.2123718261721	0.0	355.1233333333333	3	0	0	0	0	0	3	0	0	0	0	0	0	0	0	0	0	0	3	0	0	0	0	0	0	0	G1	Roseovarius_B2R09	5-B2R09.mzML	-1																																														
346	2	413.348892211914	1	413.348892211914	0.0	635.8209999999999	2	0	0	0	0	0	0	0	0	0	2	0	0	0	0	0	0	0	0	0	0	0	2	0	0	0	G1	Acinetobacter_D3M06	9-D3M06.mzML	-1																																														
347	27	414.2333374023437	1	414.2333374023437	0.0	384.3458148148148	27	0	0	0	8	0	6	0	1	6	6	0	0	0	0	0	8	0	6	0	1	6	6	0	0	0	G1	Phaeobacter_B2R04,Roseovarius_B2R09,Paracoccus_C2R07,Salipiger_C3M06,Acinetobacter_D3M06	3-B2R04.mzML,5-B2R09.mzML,7-C2R07_2.mzML,8-C3M06.mzML,9-D3M06.mzML	-1																																														
348	8	415.21086120605503	1	415.21086120605503	0.0	731.0982499999999	8	0	0	0	0	0	0	0	2	4	0	2	0	0	0	0	0	0	0	0	2	4	0	2	0	0	G1	Paracoccus_C2R07,Salipiger_C3M06,Arenibacter_D3M17	7-C2R07_2.mzML,8-C3M06.mzML,10-D3M17.mzML	-1	CCMSLIB00010139347	348.0	specs_ms.mgf	MCE-DRUG.mgf	0.890981	7038.5	731.173	0.367495	6.0	0.000152588	415.211	1.0	temp/specs_ms.mgf348	1.0	Trospium	ESI	Orbitrap	Crude	Tomas Pluskal	Corinna Brungs	M+H	415.211	392.222	1.0			O=C(OC1C[C@H]2CC[C@@H](C1)[N+]21CCCC1)C(O)(c1ccccc1)c1ccccc1	"""InChI=1S/C25H30NO3/c27-24(25(28,19-9-3-1-4-10-19)20-11-5-2-6-12-20)29-23-17-21-13-14-22(18-23)26(21)15-7-8-16-26/h1-6,9-12,21-23,28H,7-8,13-18H2/q+1/t21-,22+,23?"""	OYYDSUSKLWTMMQ-AIZNXBIQSA-N	3.0	Positive	MCE-DRUG	415.211	UPDATE-SINGLE-ANNOTATED-BRONZE	Bronze			OYYDSUSKLWTMMQ-AIZNXBIQSA-N	OYYDSUSKLWTMMQ	Benzenoids	Benzene and substituted derivatives	Diphenylmethanes				mzspec:GNPS:GNPS-LIBRARY:CCMSLIB00010139347
349	23	415.2538370325947	1	415.2538370325947	0.0	445.0432608695652	22	1	3	2	1	2	2	2	2	2	2	4	0	0	3	2	1	2	2	2	2	2	2	4	0	1	G1,G2	Vibrio_1A01,Vibrio_6D03,Phaeobacter_B2R04,Shewanella_B2R08,Roseovarius_B2R09,Colwellia_C2M19,Paracoccus_C2R07,Salipiger_C3M06,Acinetobacter_D3M06,Arenibacter_D3M17	1-1A01.mzML,2-6D03.mzML,3-B2R04.mzML,4-B2R08.mzML,5-B2R09.mzML,6-C2M19.mzML,7-C2R07_2.mzML,8-C3M06.mzML,9-D3M06.mzML,10-D3M17.mzML,bkgrnd-marine-broth.mzML	-1																																														
350	2	415.252705891927	1	415.252705891927	0.0	435.267	2	0	0	0	0	2	0	0	0	0	0	0	0	0	0	0	0	2	0	0	0	0	0	0	0	0	G1	Shewanella_B2R08	4-B2R08.mzML	-1																																														
351	6	416.336588541667	1	416.336588541667	0.0	17.21930555555555	6	0	0	0	0	0	0	0	6	0	0	0	0	0	0	0	0	0	0	0	6	0	0	0	0	0	G1	Paracoccus_C2R07	7-C2R07_2.mzML	16																																														
352	4	417.203094482422	1	417.203094482422	0.0	419.83475	4	0	4	0	0	0	0	0	0	0	0	0	0	0	4	0	0	0	0	0	0	0	0	0	0	0	G1	Vibrio_1A01	1-1A01.mzML	-1																																														
353	12	419.2288258870445	1	419.2288258870445	0.0	458.2525833333333	10	2	0	0	2	0	2	0	0	2	4	0	0	0	0	0	2	0	2	0	0	2	4	0	0	2	G1,G2	Phaeobacter_B2R04,Roseovarius_B2R09,Salipiger_C3M06,Acinetobacter_D3M06	3-B2R04.mzML,5-B2R09.mzML,8-C3M06.mzML,9-D3M06.mzML,bkgrnd-marine-broth.mzML	18	CCMSLIB00012315475	353.0	specs_ms.mgf	MSNLIB-NEGATIVE.mgf	0.776455	17684.6	457.908	1923.68	6.0	0.808014	419.228	1.0	temp/specs_ms.mgf353	1.0	223499-30-7	ESI	Orbitrap	Crude	Tomas Pluskal	Corinna Brungs	[M-H]-	420.036	421.043	1.0			Cc1c(C(=O)Nc2ccc(-n3nc(C(F)(F)F)cc3C(F)(F)F)cc2)snn1	InChI=1S/C15H9F6N5OS/c1-7-12(28-25-23-7)13(27)22-8-2-4-9(5-3-8)26-11(15(19,20)21)6-10(24-26)14(16,17)18/h2-6H,1H3,(H,22,27)	XPRZIORDEVHURQ-UHFFFAOYSA-N	1.0	Negative	MSNLIB-NEGATIVE	420.036	UPDATE-SINGLE-ANNOTATED-GOLD	Gold		C15H9F6N5OS	XPRZIORDEVHURQ-UHFFFAOYSA-N	XPRZIORDEVHURQ	Benzenoids	Benzene and substituted derivatives	Anilides			Alkaloids	mzspec:GNPS:GNPS-LIBRARY:CCMSLIB00012315475
354	66	423.3326147830846	1	423.33261478308486	0.0	813.9292878787878	60	6	6	6	6	6	6	6	6	6	6	6	0	0	6	6	6	6	6	6	6	6	6	6	0	6	G1,G2	Vibrio_1A01,Vibrio_6D03,Phaeobacter_B2R04,Shewanella_B2R08,Roseovarius_B2R09,Colwellia_C2M19,Paracoccus_C2R07,Salipiger_C3M06,Acinetobacter_D3M06,Arenibacter_D3M17	1-1A01.mzML,2-6D03.mzML,3-B2R04.mzML,4-B2R08.mzML,5-B2R09.mzML,6-C2M19.mzML,7-C2R07_2.mzML,8-C3M06.mzML,9-D3M06.mzML,10-D3M17.mzML,bkgrnd-marine-broth.mzML	1																																														
355	6	426.233032226563	1	426.233032226563	0.0	402.3528333333333	6	0	0	0	0	6	0	0	0	0	0	0	0	0	0	0	0	6	0	0	0	0	0	0	0	0	G1	Shewanella_B2R08	4-B2R08.mzML	67																																														
356	28	426.3215767996653	1	426.32157679966537	0.0	617.7226785714286	28	0	2	3	3	3	3	3	3	3	3	2	0	0	2	3	3	3	3	3	3	3	3	2	0	0	G1	Vibrio_1A01,Vibrio_6D03,Phaeobacter_B2R04,Shewanella_B2R08,Roseovarius_B2R09,Colwellia_C2M19,Paracoccus_C2R07,Salipiger_C3M06,Acinetobacter_D3M06,Arenibacter_D3M17	1-1A01.mzML,2-6D03.mzML,3-B2R04.mzML,4-B2R08.mzML,5-B2R09.mzML,6-C2M19.mzML,7-C2R07_2.mzML,8-C3M06.mzML,9-D3M06.mzML,10-D3M17.mzML	8	CCMSLIB00004691588	356.0	specs_ms.mgf	MONA.mgf	0.874554	43229.3	617.338	1.36009	17.0	0.000579834	426.322	1.0	temp/specs_ms.mgf356	1.0	Cholic Acid		ESI-QFT	isolated	MoNA	MoNA:VF-NPL-QEHF000525	[M+NH4]+	426.321	0.0	1.0			C[C@H](CCC(=O)O)[C@H]1CC[C@H]2[C@@H]3[C@H](O)C[C@@H]4C[C@H](O)CC[C@]4(C)[C@H]3C[C@H](O)[C@]12C	InChI=1S/C24H40O5/c1-13(4-7-21(28)29)16-5-6-17-22-18(12-20(27)24(16,17)3)23(2)9-8-15(25)10-14(23)11-19(22)26/h13-20,22,25-27H,4-12H2,1-3H3,(H,28,29)/t13-,14+,15-,16-,17+,18+,19-,20+,22+,23+,24-/m1/s1		3.0	positive	MONA	426.321	UPDATE-SINGLE-ANNOTATED-BRONZE	Bronze		C24H40O5	BHQCQFFYRZLCQQ-OELDTZBJSA-N	BHQCQFFYRZLCQQ	Lipids and lipid-like molecules	Steroids and steroid derivatives	Bile acids, alcohols and derivatives	Steroids	Cholane steroids	Terpenoids	mzspec:GNPS:GNPS-LIBRARY:CCMSLIB00004691588
357	11	426.32111150568176	1	426.32111150568176	0.0	617.1342727272727	11	0	0	1	2	1	1	2	0	0	3	1	0	0	0	1	2	1	1	2	0	0	3	1	0	0	G1	Vibrio_6D03,Phaeobacter_B2R04,Shewanella_B2R08,Roseovarius_B2R09,Colwellia_C2M19,Acinetobacter_D3M06,Arenibacter_D3M17	2-6D03.mzML,3-B2R04.mzML,4-B2R08.mzML,5-B2R09.mzML,6-C2M19.mzML,9-D3M06.mzML,10-D3M17.mzML	8	CCMSLIB00012361811	357.0	specs_ms.mgf	MSNLIB-POSITIVE.mgf	0.809839	17938.6	617.744	0.357918	12.0	0.000152588	426.321	1.0	temp/specs_ms.mgf357	1.0	cholic acid	ESI	Orbitrap	Crude	Tomas Pluskal	Corinna Brungs	[M+NH4]+	426.321	408.288	1.0			C[C@H](CCC(=O)O)[C@H]1CC[C@H]2[C@@H]3[C@H](O)C[C@@H]4C[C@H](O)CC[C@]4(C)[C@H]3C[C@H](O)[C@]12C	InChI=1S/C24H40O5/c1-13(4-7-21(28)29)16-5-6-17-22-18(12-20(27)24(16,17)3)23(2)9-8-15(25)10-14(23)11-19(22)26/h13-20,22,25-27H,4-12H2,1-3H3,(H,28,29)/t13-,14+,15-,16-,17+,18+,19-,20+,22+,23+,24-/m1/s1	BHQCQFFYRZLCQQ-OELDTZBJSA-N	1.0	Positive	MSNLIB-POSITIVE	426.321	UPDATE-SINGLE-ANNOTATED-GOLD	Gold		C24H40O5	BHQCQFFYRZLCQQ-OELDTZBJSA-N	BHQCQFFYRZLCQQ	Lipids and lipid-like molecules	Steroids and steroid derivatives	Bile acids, alcohols and derivatives	Steroids	Cholane steroids	Terpenoids	mzspec:GNPS:GNPS-LIBRARY:CCMSLIB00012361811
358	8	427.2289123535155	1	427.2289123535156	0.0	409.67325	8	0	0	0	2	0	2	0	0	2	0	0	2	0	0	0	2	0	2	0	0	2	0	0	2	0	G1	Phaeobacter_B2R04,Roseovarius_B2R09,Salipiger_C3M06,Motilimonas_G1M02	3-B2R04.mzML,5-B2R09.mzML,8-C3M06.mzML,11-G1M02.mzML	-1																																														
359	24	428.2502466837565	1	428.2502466837566	0.0	424.3963333333333	20	4	0	0	4	0	4	0	0	4	4	0	4	0	0	0	4	0	4	0	0	4	4	0	4	4	G1,G2	Phaeobacter_B2R04,Roseovarius_B2R09,Salipiger_C3M06,Acinetobacter_D3M06,Motilimonas_G1M02	3-B2R04.mzML,5-B2R09.mzML,8-C3M06.mzML,9-D3M06.mzML,11-G1M02.mzML,bkgrnd-marine-broth.mzML	67																																														
360	32	430.2294769287109	1	430.2294769287108	0.0	415.1448125	26	6	0	0	4	0	4	0	2	4	4	2	6	0	0	0	4	0	4	0	2	4	4	2	6	6	G1,G2	Phaeobacter_B2R04,Roseovarius_B2R09,Paracoccus_C2R07,Salipiger_C3M06,Acinetobacter_D3M06,Arenibacter_D3M17,Motilimonas_G1M02	3-B2R04.mzML,5-B2R09.mzML,7-C2R07_2.mzML,8-C3M06.mzML,9-D3M06.mzML,10-D3M17.mzML,11-G1M02.mzML,bkgrnd-marine-broth.mzML	37																																														
361	23	430.2434369515684	1	430.2434369515682	0.0	471.1918260869566	23	0	2	2	3	2	3	2	2	2	3	2	0	0	2	2	3	2	3	2	2	2	3	2	0	0	G1	Vibrio_1A01,Vibrio_6D03,Phaeobacter_B2R04,Shewanella_B2R08,Roseovarius_B2R09,Colwellia_C2M19,Paracoccus_C2R07,Salipiger_C3M06,Acinetobacter_D3M06,Arenibacter_D3M17	1-1A01.mzML,2-6D03.mzML,3-B2R04.mzML,4-B2R08.mzML,5-B2R09.mzML,6-C2M19.mzML,7-C2R07_2.mzML,8-C3M06.mzML,9-D3M06.mzML,10-D3M17.mzML	-1																																														
362	24	430.2434255811904	1	430.2434255811904	0.0	471.4784166666667	24	0	2	3	3	3	2	2	2	2	3	2	0	0	2	3	3	3	2	2	2	2	3	2	0	0	G1	Vibrio_1A01,Vibrio_6D03,Phaeobacter_B2R04,Shewanella_B2R08,Roseovarius_B2R09,Colwellia_C2M19,Paracoccus_C2R07,Salipiger_C3M06,Acinetobacter_D3M06,Arenibacter_D3M17	1-1A01.mzML,2-6D03.mzML,3-B2R04.mzML,4-B2R08.mzML,5-B2R09.mzML,6-C2M19.mzML,7-C2R07_2.mzML,8-C3M06.mzML,9-D3M06.mzML,10-D3M17.mzML	-1																																														
363	2	430.29499816894497	1	430.29499816894497	0.0	551.4334999999999	2	0	0	1	0	0	0	0	0	0	0	1	0	0	0	1	0	0	0	0	0	0	0	1	0	0	G1	Vibrio_6D03,Arenibacter_D3M17	2-6D03.mzML,10-D3M17.mzML	8																																														
364	6	430.91259765625	1	430.91259765625	0.0	132.76016666666666	6	0	0	0	0	0	0	0	0	0	0	0	6	0	0	0	0	0	0	0	0	0	0	0	6	0	G1	Motilimonas_G1M02	11-G1M02.mzML	117																																														
365	12	431.20654296875006	1	431.20654296875006	0.0	535.9885	12	0	6	6	0	0	0	0	0	0	0	0	0	0	6	6	0	0	0	0	0	0	0	0	0	0	G1	Vibrio_1A01,Vibrio_6D03	1-1A01.mzML,2-6D03.mzML	27																																														
366	4	431.248886108398	1	431.248886108398	0.0	414.62299999999993	4	0	0	0	0	0	0	4	0	0	0	0	0	0	0	0	0	0	0	4	0	0	0	0	0	0	G1	Colwellia_C2M19	6-C2M19.mzML	-1																																														
367	67	432.2811311180911	1	432.281131118091	0.0	444.5867462686567	63	4	6	6	6	6	5	6	6	6	4	6	6	0	6	6	6	6	5	6	6	6	4	6	6	4	G1,G2	Vibrio_1A01,Vibrio_6D03,Phaeobacter_B2R04,Shewanella_B2R08,Roseovarius_B2R09,Colwellia_C2M19,Paracoccus_C2R07,Salipiger_C3M06,Acinetobacter_D3M06,Arenibacter_D3M17,Motilimonas_G1M02	1-1A01.mzML,2-6D03.mzML,3-B2R04.mzML,4-B2R08.mzML,5-B2R09.mzML,6-C2M19.mzML,7-C2R07_2.mzML,8-C3M06.mzML,9-D3M06.mzML,10-D3M17.mzML,11-G1M02.mzML,bkgrnd-marine-broth.mzML	82	CCMSLIB00004708389	367.0	specs_ms.mgf	MONA.mgf	0.71855	52882.6	444.064	297.442	7.0	0.12854	432.28	1.0	temp/specs_ms.mgf367	1.0	3-[3-[3,4-dihydroxy-5-(6-oxo-3H-purin-9-yl)oxolan-2-yl]propanoyl]benzoic acid		ESI-QFT	isolated	MoNA	MoNA:VF-NPL-QEHF017326	[M+NH4]+	432.151	0.0	1.0			O=C(O)c1cccc(C(=O)CCC2OC(n3cnc4c(O)ncnc43)C(O)C2O)c1	InChI=1S/C19H18N4O7/c24-11(9-2-1-3-10(6-9)19(28)29)4-5-12-14(25)15(26)18(30-12)23-8-22-13-16(23)20-7-21-17(13)27/h1-3,6-8,12,14-15,18,25-26H,4-5H2,(H,28,29)(H,20,21,27)		3.0	positive	MONA	432.151	UPDATE-SINGLE-ANNOTATED-BRONZE	Bronze		C19H18N4O7	VEDWXCWBMDQNCV-UHFFFAOYSA-N	VEDWXCWBMDQNCV				Nucleosides	Purine nucleos(t)ides	Carbohydrates	mzspec:GNPS:GNPS-LIBRARY:CCMSLIB00004708389
368	4	433.24365234375	1	433.24365234375	0.0	467.07125	4	0	0	0	2	0	0	0	0	0	2	0	0	0	0	0	2	0	0	0	0	0	2	0	0	0	G1	Phaeobacter_B2R04,Acinetobacter_D3M06	3-B2R04.mzML,9-D3M06.mzML	-1																																														
369	2	437.2343114217125	1	437.2343114217125	0.0	444.0415	2	0	0	0	0	1	0	1	0	0	0	0	0	0	0	0	0	1	0	1	0	0	0	0	0	0	G1	Shewanella_B2R08,Colwellia_C2M19	4-B2R08.mzML,6-C2M19.mzML	12																																														
370	2	437.2343114217125	1	437.2343114217125	0.0	443.3295	2	0	0	0	0	1	0	1	0	0	0	0	0	0	0	0	0	1	0	1	0	0	0	0	0	0	G1	Shewanella_B2R08,Colwellia_C2M19	4-B2R08.mzML,6-C2M19.mzML	12																																														
371	2	437.23461151123047	1	437.23461151123047	0.0	444.85	2	0	0	0	0	0	1	0	0	0	1	0	0	0	0	0	0	0	1	0	0	0	1	0	0	0	G1	Roseovarius_B2R09,Acinetobacter_D3M06	5-B2R09.mzML,9-D3M06.mzML	-1																																														
372	2	437.2373962402345	1	437.2373962402345	0.0	445.518	1	1	0	0	1	0	0	0	0	0	0	0	0	0	0	0	1	0	0	0	0	0	0	0	0	1	G1,G2	Phaeobacter_B2R04	3-B2R04.mzML,bkgrnd-marine-broth.mzML	-1																																														
373	2	437.234954833984	1	437.234954833984	0.0	444.375	2	0	0	0	0	0	0	0	0	0	0	2	0	0	0	0	0	0	0	0	0	0	0	2	0	0	G1	Arenibacter_D3M17	10-D3M17.mzML	12																																														
374	8	439.2664794921877	1	439.2664794921876	0.0	439.890875	8	0	4	0	0	2	0	2	0	0	0	0	0	0	4	0	0	2	0	2	0	0	0	0	0	0	G1	Vibrio_1A01,Shewanella_B2R08,Colwellia_C2M19	1-1A01.mzML,4-B2R08.mzML,6-C2M19.mzML	107																																														
375	10	440.2153442382812	1	440.2153442382812	0.0	428.6176	10	0	2	2	0	0	0	0	0	0	0	6	0	0	2	2	0	0	0	0	0	0	0	6	0	0	G1	Vibrio_1A01,Vibrio_6D03,Arenibacter_D3M17	1-1A01.mzML,2-6D03.mzML,10-D3M17.mzML	-1																																														
376	2	440.242980957031	1	440.242980957031	0.0	409.07	2	0	2	0	0	0	0	0	0	0	0	0	0	0	2	0	0	0	0	0	0	0	0	0	0	0	G1	Vibrio_1A01	1-1A01.mzML	-1																																														
377	34	440.2501597684972	1	440.25015976849727	0.0	428.9068823529413	28	6	0	0	4	6	4	0	0	4	4	0	6	0	0	0	4	6	4	0	0	4	4	0	6	6	G1,G2	Phaeobacter_B2R04,Shewanella_B2R08,Roseovarius_B2R09,Salipiger_C3M06,Acinetobacter_D3M06,Motilimonas_G1M02	3-B2R04.mzML,4-B2R08.mzML,5-B2R09.mzML,8-C3M06.mzML,9-D3M06.mzML,11-G1M02.mzML,bkgrnd-marine-broth.mzML	18																																														
378	38	440.3609686065138	1	440.360968606514	0.0	810.439210526316	35	3	3	3	3	3	3	3	4	3	3	3	4	0	3	3	3	3	3	3	4	3	3	3	4	3	G1,G2	Vibrio_1A01,Vibrio_6D03,Phaeobacter_B2R04,Shewanella_B2R08,Roseovarius_B2R09,Colwellia_C2M19,Paracoccus_C2R07,Salipiger_C3M06,Acinetobacter_D3M06,Arenibacter_D3M17,Motilimonas_G1M02	1-1A01.mzML,2-6D03.mzML,3-B2R04.mzML,4-B2R08.mzML,5-B2R09.mzML,6-C2M19.mzML,7-C2R07_2.mzML,8-C3M06.mzML,9-D3M06.mzML,10-D3M17.mzML,11-G1M02.mzML,bkgrnd-marine-broth.mzML	1																																														
379	35	440.3610275995164	1	440.3610275995165	0.0	810.6773142857143	33	2	3	3	3	3	3	3	4	3	3	3	2	0	3	3	3	3	3	3	4	3	3	3	2	2	G1,G2	Vibrio_1A01,Vibrio_6D03,Phaeobacter_B2R04,Shewanella_B2R08,Roseovarius_B2R09,Colwellia_C2M19,Paracoccus_C2R07,Salipiger_C3M06,Acinetobacter_D3M06,Arenibacter_D3M17,Motilimonas_G1M02	1-1A01.mzML,2-6D03.mzML,3-B2R04.mzML,4-B2R08.mzML,5-B2R09.mzML,6-C2M19.mzML,7-C2R07_2.mzML,8-C3M06.mzML,9-D3M06.mzML,10-D3M17.mzML,11-G1M02.mzML,bkgrnd-marine-broth.mzML	1																																														
380	26	440.4112114539514	1	440.4112114539514	0.0	729.6008076923077	23	3	2	3	3	0	3	3	3	3	0	3	0	0	2	3	3	0	3	3	3	3	0	3	0	3	G1,G2	Vibrio_1A01,Vibrio_6D03,Phaeobacter_B2R04,Roseovarius_B2R09,Colwellia_C2M19,Paracoccus_C2R07,Salipiger_C3M06,Arenibacter_D3M17	1-1A01.mzML,2-6D03.mzML,3-B2R04.mzML,5-B2R09.mzML,6-C2M19.mzML,7-C2R07_2.mzML,8-C3M06.mzML,10-D3M17.mzML,bkgrnd-marine-broth.mzML	178																																														
381	26	440.4112114539514	1	440.4112114539514	0.0	729.7926153846154	23	3	2	3	3	0	3	3	3	3	0	3	0	0	2	3	3	0	3	3	3	3	0	3	0	3	G1,G2	Vibrio_1A01,Vibrio_6D03,Phaeobacter_B2R04,Roseovarius_B2R09,Colwellia_C2M19,Paracoccus_C2R07,Salipiger_C3M06,Arenibacter_D3M17	1-1A01.mzML,2-6D03.mzML,3-B2R04.mzML,5-B2R09.mzML,6-C2M19.mzML,7-C2R07_2.mzML,8-C3M06.mzML,10-D3M17.mzML,bkgrnd-marine-broth.mzML	178																																														
382	4	442.263656616211	1	442.263656616211	0.0	431.772	4	0	0	0	2	0	0	0	0	0	0	0	2	0	0	0	2	0	0	0	0	0	0	0	2	0	G1	Phaeobacter_B2R04,Motilimonas_G1M02	3-B2R04.mzML,11-G1M02.mzML	18																																														
383	78	444.2885468311797	1	444.2885468311794	0.0	608.9857307692307	78	0	0	6	8	8	10	10	10	6	6	8	6	0	0	6	8	8	10	10	10	6	6	8	6	0	G1	Vibrio_6D03,Phaeobacter_B2R04,Shewanella_B2R08,Roseovarius_B2R09,Colwellia_C2M19,Paracoccus_C2R07,Salipiger_C3M06,Acinetobacter_D3M06,Arenibacter_D3M17,Motilimonas_G1M02	2-6D03.mzML,3-B2R04.mzML,4-B2R08.mzML,5-B2R09.mzML,6-C2M19.mzML,7-C2R07_2.mzML,8-C3M06.mzML,9-D3M06.mzML,10-D3M17.mzML,11-G1M02.mzML	107																																														
384	74	444.2977715569573	1	444.29777155695774	0.0	736.4879054054055	70	4	6	6	8	10	6	8	4	6	6	10	0	0	6	6	8	10	6	8	4	6	6	10	0	4	G1,G2	Vibrio_1A01,Vibrio_6D03,Phaeobacter_B2R04,Shewanella_B2R08,Roseovarius_B2R09,Colwellia_C2M19,Paracoccus_C2R07,Salipiger_C3M06,Acinetobacter_D3M06,Arenibacter_D3M17	1-1A01.mzML,2-6D03.mzML,3-B2R04.mzML,4-B2R08.mzML,5-B2R09.mzML,6-C2M19.mzML,7-C2R07_2.mzML,8-C3M06.mzML,9-D3M06.mzML,10-D3M17.mzML,bkgrnd-marine-broth.mzML	-1																																														
385	17	445.314494413488	1	445.3144944134879	0.0	811.8575294117647	17	0	2	2	1	2	2	1	2	1	3	1	0	0	2	2	1	2	2	1	2	1	3	1	0	0	G1	Vibrio_1A01,Vibrio_6D03,Phaeobacter_B2R04,Shewanella_B2R08,Roseovarius_B2R09,Colwellia_C2M19,Paracoccus_C2R07,Salipiger_C3M06,Acinetobacter_D3M06,Arenibacter_D3M17	1-1A01.mzML,2-6D03.mzML,3-B2R04.mzML,4-B2R08.mzML,5-B2R09.mzML,6-C2M19.mzML,7-C2R07_2.mzML,8-C3M06.mzML,9-D3M06.mzML,10-D3M17.mzML	12																																														
386	14	445.31363278343554	1	445.3136327834355	0.0	814.4527142857143	14	0	0	2	2	2	1	2	2	0	1	2	0	0	0	2	2	2	1	2	2	0	1	2	0	0	G1	Vibrio_6D03,Phaeobacter_B2R04,Shewanella_B2R08,Roseovarius_B2R09,Colwellia_C2M19,Paracoccus_C2R07,Acinetobacter_D3M06,Arenibacter_D3M17	2-6D03.mzML,3-B2R04.mzML,4-B2R08.mzML,5-B2R09.mzML,6-C2M19.mzML,7-C2R07_2.mzML,9-D3M06.mzML,10-D3M17.mzML	12																																														
387	2	446.186462402344	1	446.186462402344	0.0	193.798	2	0	0	0	2	0	0	0	0	0	0	0	0	0	0	0	2	0	0	0	0	0	0	0	0	0	G1	Phaeobacter_B2R04	3-B2R04.mzML	-1																																														
388	42	446.22302100771947	1	446.2230210077191	0.0	348.53571428571433	42	0	0	0	6	0	12	0	0	12	12	0	0	0	0	0	6	0	12	0	0	12	12	0	0	0	G1	Phaeobacter_B2R04,Roseovarius_B2R09,Salipiger_C3M06,Acinetobacter_D3M06	3-B2R04.mzML,5-B2R09.mzML,8-C3M06.mzML,9-D3M06.mzML	-1																																														
389	11	447.3449577562735	1	447.3449577562735	0.0	820.368	8	3	1	0	0	0	0	0	0	0	0	1	6	0	1	0	0	0	0	0	0	0	0	1	6	3	G1,G2	Vibrio_1A01,Arenibacter_D3M17,Motilimonas_G1M02	1-1A01.mzML,10-D3M17.mzML,11-G1M02.mzML,bkgrnd-marine-broth.mzML	27																																														
390	15	448.3059305826824	1	448.3059305826824	0.0	551.8563333333333	15	0	0	1	2	2	1	3	1	2	2	1	0	0	0	1	2	2	1	3	1	2	2	1	0	0	G1	Vibrio_6D03,Phaeobacter_B2R04,Shewanella_B2R08,Roseovarius_B2R09,Colwellia_C2M19,Paracoccus_C2R07,Salipiger_C3M06,Acinetobacter_D3M06,Arenibacter_D3M17	2-6D03.mzML,3-B2R04.mzML,4-B2R08.mzML,5-B2R09.mzML,6-C2M19.mzML,7-C2R07_2.mzML,8-C3M06.mzML,9-D3M06.mzML,10-D3M17.mzML	8	CCMSLIB00005435514	390.0	specs_ms.mgf	BILELIB19.mgf	0.731608	24252.7	551.099	0.408439	15.0	0.000183105	448.306	1.0	temp/specs_ms.mgf390	1.0	glycocholic acid	ESI	Orbitrap	commercial	Dorrestein	A. Jarmusch	M-H2O+H	448.306	465.309	1.0	475-31-0		C[C@H](CCC(=O)NCC(=O)O)[C@H]1CC[C@@H]2[C@@]1([C@H](C[C@H]3[C@H]2[C@@H](C[C@H]4[C@@]3(CC[C@H](C4)O)C)O)O)C	1S/C26H43NO6/c1-14(4-7-22(31)27-13-23(32)33)17-5-6-18-24-19(12-21(30)26(17,18)3)25(2)9-8-16(28)10-15(25)11-20(24)29/h14-21,24,28-30H,4-13H2,1-3H3,(H,27,31)(H,32,33)/t14?,15-,16+,17+,18-,19-,20+,21-,24-,25?,26?/m0/s1		1.0	Positive	BILELIB19	448.306	UPDATE-SINGLE-ANNOTATED-GOLD	Gold		C26H43NO6	RFDAIACWWDREDC-FRVQLJSFSA-N	RFDAIACWWDREDC	Lipids and lipid-like molecules	Steroids and steroid derivatives	Bile acids, alcohols and derivatives	Steroids	Cholane steroids	Terpenoids	mzspec:GNPS:GNPS-LIBRARY:CCMSLIB00005435514
391	22	448.3066239790482	1	448.3066239790482	0.0	551.9570454545457	22	0	2	1	2	3	1	3	3	2	3	2	0	0	2	1	2	3	1	3	3	2	3	2	0	0	G1	Vibrio_1A01,Vibrio_6D03,Phaeobacter_B2R04,Shewanella_B2R08,Roseovarius_B2R09,Colwellia_C2M19,Paracoccus_C2R07,Salipiger_C3M06,Acinetobacter_D3M06,Arenibacter_D3M17	1-1A01.mzML,2-6D03.mzML,3-B2R04.mzML,4-B2R08.mzML,5-B2R09.mzML,6-C2M19.mzML,7-C2R07_2.mzML,8-C3M06.mzML,9-D3M06.mzML,10-D3M17.mzML	8																																														
392	2	448.305887858073	1	448.305887858073	0.0	549.8354999999999	2	0	0	0	1	0	0	0	1	0	0	0	0	0	0	0	1	0	0	0	1	0	0	0	0	0	G1	Phaeobacter_B2R04,Paracoccus_C2R07	3-B2R04.mzML,7-C2R07_2.mzML	8	CCMSLIB00005464592	392.0	specs_ms.mgf	GNPS-MSMLS.mgf	0.743677	17868.2	549.483	1.83798	17.0	0.000823975	448.306	1.0	temp/specs_ms.mgf392	1.0	GLYCOCHOLATE	ESI	Orbitrap	Commercial	Dorrestein	Kelly Weldon	M-H2O+H	448.305	465.309	1.0	475-31-0		[H][C@@]12CC[C@H]([C@H](C)CCC(=O)NCC(O)=O)[C@@]1(C)[C@@H](O)C[C@@]1([H])[C@@]2([H])[C@H](O)CC2C[C@H](O)CC[C@]12C	"""InChI=1S/C26H43NO6/c1-14(4-7-22(31)27-13-23(32)33)17-5-6-18-24-19(12-21(30)26(17,18)3)25(2)9-8-16(28)10-15(25)11-20(24)29/h14-21,24,28-30H,4-13H2,1-3H3,(H,27,31)(H,32,33)/t14-,15?,16-,17-,18+,19+,20-,21+,24+,25+,26-/m1/s1"""		1.0	Positive	GNPS-MSMLS	448.305	UPDATE-SINGLE-ANNOTATED-GOLD	Gold		C26H43NO6	RFDAIACWWDREDC-MZMBZMQMSA-N	RFDAIACWWDREDC	Lipids and lipid-like molecules	Steroids and steroid derivatives	Bile acids, alcohols and derivatives	Steroids	Cholane steroids	Terpenoids	mzspec:GNPS:GNPS-LIBRARY:CCMSLIB00005464592
393	2	448.30598449707	1	448.30598449707	0.0	552.5755	2	0	0	0	0	0	0	0	1	0	0	1	0	0	0	0	0	0	0	0	1	0	0	1	0	0	G1	Paracoccus_C2R07,Arenibacter_D3M17	7-C2R07_2.mzML,10-D3M17.mzML	8	CCMSLIB00005435514	393.0	specs_ms.mgf	BILELIB19.mgf	0.724478	24749.5	550.579	0.0680731	14.0	3.05176e-05	448.306	1.0	temp/specs_ms.mgf393	1.0	glycocholic acid	ESI	Orbitrap	commercial	Dorrestein	A. Jarmusch	M-H2O+H	448.306	465.309	1.0	475-31-0		C[C@H](CCC(=O)NCC(=O)O)[C@H]1CC[C@@H]2[C@@]1([C@H](C[C@H]3[C@H]2[C@@H](C[C@H]4[C@@]3(CC[C@H](C4)O)C)O)O)C	1S/C26H43NO6/c1-14(4-7-22(31)27-13-23(32)33)17-5-6-18-24-19(12-21(30)26(17,18)3)25(2)9-8-16(28)10-15(25)11-20(24)29/h14-21,24,28-30H,4-13H2,1-3H3,(H,27,31)(H,32,33)/t14?,15-,16+,17+,18-,19-,20+,21-,24-,25?,26?/m0/s1		1.0	Positive	BILELIB19	448.306	UPDATE-SINGLE-ANNOTATED-GOLD	Gold		C26H43NO6	RFDAIACWWDREDC-FRVQLJSFSA-N	RFDAIACWWDREDC	Lipids and lipid-like molecules	Steroids and steroid derivatives	Bile acids, alcohols and derivatives	Steroids	Cholane steroids	Terpenoids	mzspec:GNPS:GNPS-LIBRARY:CCMSLIB00005435514
394	12	449.2015686035156	1	449.2015686035156	0.0	280.7789166666667	12	0	0	0	0	6	0	0	0	0	0	6	0	0	0	0	0	6	0	0	0	0	0	6	0	0	G1	Shewanella_B2R08,Arenibacter_D3M17	4-B2R08.mzML,10-D3M17.mzML	88																																														
395	23	450.3221333821615	1	450.3221333821615	0.0	638.3875217391305	22	1	1	3	2	2	3	2	2	2	2	3	0	0	1	3	2	2	3	2	2	2	2	3	0	1	G1,G2	Vibrio_1A01,Vibrio_6D03,Phaeobacter_B2R04,Shewanella_B2R08,Roseovarius_B2R09,Colwellia_C2M19,Paracoccus_C2R07,Salipiger_C3M06,Acinetobacter_D3M06,Arenibacter_D3M17	1-1A01.mzML,2-6D03.mzML,3-B2R04.mzML,4-B2R08.mzML,5-B2R09.mzML,6-C2M19.mzML,7-C2R07_2.mzML,8-C3M06.mzML,9-D3M06.mzML,10-D3M17.mzML,bkgrnd-marine-broth.mzML	8	CCMSLIB00010135640	395.0	specs_ms.mgf	MCE-DRUG.mgf	0.764497	21938.9	639.154	0.745453	9.0	0.000335693	450.321	1.0	temp/specs_ms.mgf395	1.0	Glycoursodeoxycholic acid	ESI	Orbitrap	Crude	Tomas Pluskal	Corinna Brungs	M+H	450.321	449.314	1.0			C[C@H](CCC(=O)NCC(=O)O)[C@H]1CC[C@H]2[C@@H]3[C@@H](O)C[C@@H]4C[C@H](O)CC[C@]4(C)[C@H]3CC[C@]12C	"""InChI=1S/C26H43NO5/c1-15(4-7-22(30)27-14-23(31)32)18-5-6-19-24-20(9-11-26(18,19)3)25(2)10-8-17(28)12-16(25)13-21(24)29/h15-21,24,28-29H,4-14H2,1-3H3,(H,27,30)(H,31,32)/t15-,16+,17-,18-,19+,20+,21+,24+,25+,26-/m1/s1"""	GHCZAUBVMUEKKP-XROMFQGDSA-N	3.0	Positive	MCE-DRUG	450.321	UPDATE-SINGLE-ANNOTATED-BRONZE	Bronze		C26H43NO5	GHCZAUBVMUEKKP-XROMFQGDSA-N	GHCZAUBVMUEKKP	Lipids and lipid-like molecules	Steroids and steroid derivatives	Bile acids, alcohols and derivatives	Steroids	Cholane steroids	Terpenoids	mzspec:GNPS:GNPS-LIBRARY:CCMSLIB00010135640
396	10	450.3215810139973	1	450.3215810139974	0.0	638.7507	10	0	0	1	1	0	0	1	2	2	2	1	0	0	0	1	1	0	0	1	2	2	2	1	0	0	G1	Vibrio_6D03,Phaeobacter_B2R04,Colwellia_C2M19,Paracoccus_C2R07,Salipiger_C3M06,Acinetobacter_D3M06,Arenibacter_D3M17	2-6D03.mzML,3-B2R04.mzML,6-C2M19.mzML,7-C2R07_2.mzML,8-C3M06.mzML,9-D3M06.mzML,10-D3M17.mzML	8	CCMSLIB00005738045	396.0	specs_ms.mgf	MASSBANK.mgf	0.787302	23000.4	638.962	0.745453	16.0	0.000335693	450.321	1.0	temp/specs_ms.mgf396	1.0	Massbank:RP005403 Glycodeoxycholic acid|2-[[(4R)-4-[(3R,8R,9S,10S,12S,13R,14S,17R)-3,12-dihydroxy-10,13-dimethyl-2,3,4,5,6,7,8,9,11,12,14,15,16,17-tetradecahydro-1H-cyclopenta[a]phenanthren-17-yl]pentanoyl]amino]acetic	ESI	qTof	Isolated	Massbank	Massbank	M+H	450.321	0.0	1.0	360-65-6		C[C@H](CCC(=O)NCC(=O)O)[C@H]1CC[C@@H]2[C@@]1([C@H](C[C@H]3[C@H]2CCC4[C@@]3(CC[C@H](C4)O)C)O)C	1S/C26H43NO5/c1-15(4-9-23(30)27-14-24(31)32)19-7-8-20-18-6-5-16-12-17(28)10-11-25(16,2)21(18)13-22(29)26(19,20)3/h15-22,28-29H,4-14H2,1-3H3,(H,27,30)(H,31,32)/t15-,16?,17-,18+,19-,20+,21+,22+,25+,26-/m1/s1		3.0	Positive	MASSBANK	450.321	UPDATE-SINGLE-ANNOTATED-BRONZE	Bronze		C26H43NO5	WVULKSPCQVQLCU-XMPMLJJQSA-N	WVULKSPCQVQLCU	Lipids and lipid-like molecules	Steroids and steroid derivatives	Bile acids, alcohols and derivatives	Steroids	Cholane steroids	Terpenoids	mzspec:GNPS:GNPS-LIBRARY:CCMSLIB00005738045
397	2	450.3245951334635	1	450.3245951334635	0.0	638.2900000000001	1	1	0	0	0	1	0	0	0	0	0	0	0	0	0	0	0	1	0	0	0	0	0	0	0	1	G1,G2	Shewanella_B2R08	4-B2R08.mzML,bkgrnd-marine-broth.mzML	8																																														
398	2	450.3245951334635	1	450.3245951334635	0.0	639.3295	1	1	0	0	0	1	0	0	0	0	0	0	0	0	0	0	0	1	0	0	0	0	0	0	0	1	G1,G2	Shewanella_B2R08	4-B2R08.mzML,bkgrnd-marine-broth.mzML	8	CCMSLIB00005738045	398.0	specs_ms.mgf	MASSBANK.mgf	0.815696	13867.8	640.455	15.0446	16.0	0.0067749	450.328	1.0	temp/specs_ms.mgf398	1.0	Massbank:RP005403 Glycodeoxycholic acid|2-[[(4R)-4-[(3R,8R,9S,10S,12S,13R,14S,17R)-3,12-dihydroxy-10,13-dimethyl-2,3,4,5,6,7,8,9,11,12,14,15,16,17-tetradecahydro-1H-cyclopenta[a]phenanthren-17-yl]pentanoyl]amino]acetic	ESI	qTof	Isolated	Massbank	Massbank	M+H	450.321	0.0	1.0	360-65-6		C[C@H](CCC(=O)NCC(=O)O)[C@H]1CC[C@@H]2[C@@]1([C@H](C[C@H]3[C@H]2CCC4[C@@]3(CC[C@H](C4)O)C)O)C	1S/C26H43NO5/c1-15(4-9-23(30)27-14-24(31)32)19-7-8-20-18-6-5-16-12-17(28)10-11-25(16,2)21(18)13-22(29)26(19,20)3/h15-22,28-29H,4-14H2,1-3H3,(H,27,30)(H,31,32)/t15-,16?,17-,18+,19-,20+,21+,22+,25+,26-/m1/s1		3.0	Positive	MASSBANK	450.321	UPDATE-SINGLE-ANNOTATED-BRONZE	Bronze		C26H43NO5	WVULKSPCQVQLCU-XMPMLJJQSA-N	WVULKSPCQVQLCU	Lipids and lipid-like molecules	Steroids and steroid derivatives	Bile acids, alcohols and derivatives	Steroids	Cholane steroids	Terpenoids	mzspec:GNPS:GNPS-LIBRARY:CCMSLIB00005738045
399	2	452.276545206706	1	452.276545206706	0.0	683.7209999999999	2	0	0	0	0	0	0	2	0	0	0	0	0	0	0	0	0	0	0	2	0	0	0	0	0	0	G1	Colwellia_C2M19	6-C2M19.mzML	46																																														
400	2	452.276545206706	1	452.276545206706	0.0	702.319	2	0	0	0	0	0	0	2	0	0	0	0	0	0	0	0	0	0	0	2	0	0	0	0	0	0	G1	Colwellia_C2M19	6-C2M19.mzML	46																																														
401	2	453.718322753906	1	453.718322753906	0.0	405.6449999999999	2	0	0	0	0	0	0	0	2	0	0	0	0	0	0	0	0	0	0	0	2	0	0	0	0	0	G1	Paracoccus_C2R07	7-C2R07_2.mzML	156																																														
402	4	456.24716186523455	1	456.24716186523455	0.0	424.196	2	2	0	0	0	0	0	0	0	2	0	0	0	0	0	0	0	0	0	0	0	2	0	0	0	2	G1,G2	Salipiger_C3M06	8-C3M06.mzML,bkgrnd-marine-broth.mzML	59																																														
403	11	458.261513449929	1	458.261513449929	0.0	425.8527272727273	8	3	0	0	2	0	2	0	0	2	2	0	0	0	0	0	2	0	2	0	0	2	2	0	0	3	G1,G2	Phaeobacter_B2R04,Roseovarius_B2R09,Salipiger_C3M06,Acinetobacter_D3M06	3-B2R04.mzML,5-B2R09.mzML,8-C3M06.mzML,9-D3M06.mzML,bkgrnd-marine-broth.mzML	59																																														
404	3	458.261983235677	1	458.261983235677	0.0	428.722	2	1	0	0	0	0	0	0	0	0	2	0	0	0	0	0	0	0	0	0	0	0	2	0	0	1	G1,G2	Acinetobacter_D3M06	9-D3M06.mzML,bkgrnd-marine-broth.mzML	-1																																														
405	11	459.279890580611	1	459.279890580611	0.0	449.86345454545454	11	0	2	1	0	2	1	1	1	1	1	1	0	0	2	1	0	2	1	1	1	1	1	1	0	0	G1	Vibrio_1A01,Vibrio_6D03,Shewanella_B2R08,Roseovarius_B2R09,Colwellia_C2M19,Paracoccus_C2R07,Salipiger_C3M06,Acinetobacter_D3M06,Arenibacter_D3M17	1-1A01.mzML,2-6D03.mzML,4-B2R08.mzML,5-B2R09.mzML,6-C2M19.mzML,7-C2R07_2.mzML,8-C3M06.mzML,9-D3M06.mzML,10-D3M17.mzML	-1																																														
406	9	460.2406446668835	1	460.2406446668835	0.0	417.4887777777778	7	2	0	0	1	0	2	0	0	2	2	0	0	0	0	0	1	0	2	0	0	2	2	0	0	2	G1,G2	Phaeobacter_B2R04,Roseovarius_B2R09,Salipiger_C3M06,Acinetobacter_D3M06	3-B2R04.mzML,5-B2R09.mzML,8-C3M06.mzML,9-D3M06.mzML,bkgrnd-marine-broth.mzML	-1																																														
407	30	466.3173789130317	1	466.3173789130318	0.0	549.8276999999999	28	2	2	2	2	2	2	3	3	3	3	3	3	0	2	2	2	2	2	3	3	3	3	3	3	2	G1,G2	Vibrio_1A01,Vibrio_6D03,Phaeobacter_B2R04,Shewanella_B2R08,Roseovarius_B2R09,Colwellia_C2M19,Paracoccus_C2R07,Salipiger_C3M06,Acinetobacter_D3M06,Arenibacter_D3M17,Motilimonas_G1M02	1-1A01.mzML,2-6D03.mzML,3-B2R04.mzML,4-B2R08.mzML,5-B2R09.mzML,6-C2M19.mzML,7-C2R07_2.mzML,8-C3M06.mzML,9-D3M06.mzML,10-D3M17.mzML,11-G1M02.mzML,bkgrnd-marine-broth.mzML	8	CCMSLIB00010133706	407.0	specs_ms.mgf	MCE-DRUG.mgf	0.927966	88541.7	552.437	2.61776	16.0	0.0012207	466.317	1.0	temp/specs_ms.mgf407	1.0	Glycocholic acid	ESI	Orbitrap	Crude	Tomas Pluskal	Corinna Brungs	M+H	466.316	465.309	1.0			C[C@H](CCC(=O)NCC(=O)O)[C@H]1CC[C@H]2[C@@H]3[C@H](O)C[C@@H]4C[C@H](O)CC[C@]4(C)[C@H]3C[C@H](O)[C@]12C	"""InChI=1S/C26H43NO6/c1-14(4-7-22(31)27-13-23(32)33)17-5-6-18-24-19(12-21(30)26(17,18)3)25(2)9-8-16(28)10-15(25)11-20(24)29/h14-21,24,28-30H,4-13H2,1-3H3,(H,27,31)(H,32,33)/t14-,15+,16-,17-,18+,19+,20-,21+,24+,25+,26-/m1/s1"""	RFDAIACWWDREDC-FRVQLJSFSA-N	3.0	Positive	MCE-DRUG	466.316	UPDATE-SINGLE-ANNOTATED-BRONZE	Bronze		C26H43NO6	RFDAIACWWDREDC-FRVQLJSFSA-N	RFDAIACWWDREDC	Lipids and lipid-like molecules	Steroids and steroid derivatives	Bile acids, alcohols and derivatives	Steroids	Cholane steroids	Terpenoids	mzspec:GNPS:GNPS-LIBRARY:CCMSLIB00010133706
408	29	466.31719830392416	1	466.3171983039243	0.0	549.541379310345	28	1	2	2	3	3	3	3	3	2	3	2	2	0	2	2	3	3	3	3	3	2	3	2	2	1	G1,G2	Vibrio_1A01,Vibrio_6D03,Phaeobacter_B2R04,Shewanella_B2R08,Roseovarius_B2R09,Colwellia_C2M19,Paracoccus_C2R07,Salipiger_C3M06,Acinetobacter_D3M06,Arenibacter_D3M17,Motilimonas_G1M02	1-1A01.mzML,2-6D03.mzML,3-B2R04.mzML,4-B2R08.mzML,5-B2R09.mzML,6-C2M19.mzML,7-C2R07_2.mzML,8-C3M06.mzML,9-D3M06.mzML,10-D3M17.mzML,11-G1M02.mzML,bkgrnd-marine-broth.mzML	8	CCMSLIB00004716316	408.0	specs_ms.mgf	MONA.mgf	0.937409	86780.3	550.831	0.850772	22.0	0.000396729	466.316	1.0	temp/specs_ms.mgf408	1.0	Glycocholic Acid		ESI-QFT	isolated	MoNA	MoNA:VF-NPL-QEHF025253	[M+H]+	466.316	0.0	1.0			C[C@H](CCC(O)=NCC(=O)O)[C@H]1CC[C@H]2[C@@H]3[C@H](O)C[C@@H]4C[C@H](O)CC[C@]4(C)[C@H]3C[C@H](O)[C@]12C	InChI=1S/C26H43NO6/c1-14(4-7-22(31)27-13-23(32)33)17-5-6-18-24-19(12-21(30)26(17,18)3)25(2)9-8-16(28)10-15(25)11-20(24)29/h14-21,24,28-30H,4-13H2,1-3H3,(H,27,31)(H,32,33)/t14-,15+,16-,17-,18+,19+,20-,21+,24+,25+,26-/m1/s1		3.0	positive	MONA	466.316	UPDATE-SINGLE-ANNOTATED-BRONZE	Bronze		C26H43NO6	RFDAIACWWDREDC-FRVQLJSFSA-N	RFDAIACWWDREDC	Lipids and lipid-like molecules	Steroids and steroid derivatives	Bile acids, alcohols and derivatives	Steroids	Cholane steroids	Terpenoids	mzspec:GNPS:GNPS-LIBRARY:CCMSLIB00004716316
409	2	467.300354003906	1	467.300354003906	0.0	471.6859999999999	2	0	0	0	0	1	0	1	0	0	0	0	0	0	0	0	0	1	0	1	0	0	0	0	0	0	G1	Shewanella_B2R08,Colwellia_C2M19	4-B2R08.mzML,6-C2M19.mzML	-1																																														
410	39	467.3579054612381	1	467.357905461238	0.0	807.237512820513	39	0	3	4	2	6	4	4	4	4	4	4	0	0	3	4	2	6	4	4	4	4	4	4	0	0	G1	Vibrio_1A01,Vibrio_6D03,Phaeobacter_B2R04,Shewanella_B2R08,Roseovarius_B2R09,Colwellia_C2M19,Paracoccus_C2R07,Salipiger_C3M06,Acinetobacter_D3M06,Arenibacter_D3M17	1-1A01.mzML,2-6D03.mzML,3-B2R04.mzML,4-B2R08.mzML,5-B2R09.mzML,6-C2M19.mzML,7-C2R07_2.mzML,8-C3M06.mzML,9-D3M06.mzML,10-D3M17.mzML	-1																																														
411	26	470.3318317119893	1	470.3318317119893	0.0	655.0192307692307	26	0	0	6	0	6	2	2	4	0	6	0	0	0	0	6	0	6	2	2	4	0	6	0	0	0	G1	Vibrio_6D03,Shewanella_B2R08,Roseovarius_B2R09,Colwellia_C2M19,Paracoccus_C2R07,Acinetobacter_D3M06	2-6D03.mzML,4-B2R08.mzML,5-B2R09.mzML,6-C2M19.mzML,7-C2R07_2.mzML,9-D3M06.mzML	3																																														
412	2	472.275054931641	1	472.275054931641	0.0	438.169	2	0	0	0	0	2	0	0	0	0	0	0	0	0	0	0	0	2	0	0	0	0	0	0	0	0	G1	Shewanella_B2R08	4-B2R08.mzML	-1																																														
413	2	472.275054931641	1	472.275054931641	0.0	438.3605	2	0	0	0	0	2	0	0	0	0	0	0	0	0	0	0	0	2	0	0	0	0	0	0	0	0	G1	Shewanella_B2R08	4-B2R08.mzML	-1																																														
414	64	476.3078702290852	1	476.3078702290856	0.0	449.047125	58	6	4	6	5	6	5	6	6	5	4	5	6	0	4	6	5	6	5	6	6	5	4	5	6	6	G1,G2	Vibrio_1A01,Vibrio_6D03,Phaeobacter_B2R04,Shewanella_B2R08,Roseovarius_B2R09,Colwellia_C2M19,Paracoccus_C2R07,Salipiger_C3M06,Acinetobacter_D3M06,Arenibacter_D3M17,Motilimonas_G1M02	1-1A01.mzML,2-6D03.mzML,3-B2R04.mzML,4-B2R08.mzML,5-B2R09.mzML,6-C2M19.mzML,7-C2R07_2.mzML,8-C3M06.mzML,9-D3M06.mzML,10-D3M17.mzML,11-G1M02.mzML,bkgrnd-marine-broth.mzML	82																																														
415	3	476.306193033854	1	476.306193033854	0.0	452.55500000000006	3	0	0	0	1	0	1	0	0	1	0	0	0	0	0	0	1	0	1	0	0	1	0	0	0	0	G1	Phaeobacter_B2R04,Roseovarius_B2R09,Salipiger_C3M06	3-B2R04.mzML,5-B2R09.mzML,8-C3M06.mzML	53																																														
416	47	477.3329037064355	1	477.33290370643545	0.0	618.179	45	2	4	4	5	4	5	5	5	6	1	6	0	0	4	4	5	4	5	5	5	6	1	6	0	2	G1,G2	Vibrio_1A01,Vibrio_6D03,Phaeobacter_B2R04,Shewanella_B2R08,Roseovarius_B2R09,Colwellia_C2M19,Paracoccus_C2R07,Salipiger_C3M06,Acinetobacter_D3M06,Arenibacter_D3M17	1-1A01.mzML,2-6D03.mzML,3-B2R04.mzML,4-B2R08.mzML,5-B2R09.mzML,6-C2M19.mzML,7-C2R07_2.mzML,8-C3M06.mzML,9-D3M06.mzML,10-D3M17.mzML,bkgrnd-marine-broth.mzML	27																																														
417	3	480.27746582031233	1	480.27746582031233	0.0	606.7813333333332	3	0	0	0	1	0	0	0	1	0	0	1	0	0	0	0	1	0	0	0	1	0	0	1	0	0	G1	Phaeobacter_B2R04,Paracoccus_C2R07,Arenibacter_D3M17	3-B2R04.mzML,7-C2R07_2.mzML,10-D3M17.mzML	8	CCMSLIB00005435563	417.0	specs_ms.mgf	BILELIB19.mgf	0.706671	8580.2	604.155	2.98644	13.0	0.00143433	480.278	1.0	temp/specs_ms.mgf417	1.0	taurocholic acid	ESI	Orbitrap	commercial	Dorrestein	A. Jarmusch	M-2H2O+H	480.279	515.292	1.0	?81-24-3		C[C@H](CCC(=O)NCCS(=O)(=O)O)[C@H]1CC[C@@H]2[C@@]1([C@H](C[C@H]3[C@H]2[C@@H](C[C@H]4[C@@]3(CC[C@H](C4)O)C)O)O)C	1S/C26H45NO7S/c1-15(4-7-23(31)27-10-11-35(32,33)34)18-5-6-19-24-20(14-22(30)26(18,19)3)25(2)9-8-17(28)12-16(25)13-21(24)29/h15-22,24,28-30H,4-14H2,1-3H3,(H,27,31)(H,32,33,34)/t15?,16-,17+,18+,19-,20-,21+,22-,24-,25?,26?/m0/s1		1.0	Positive	BILELIB19	480.279	UPDATE-SINGLE-ANNOTATED-GOLD	Gold		C26H45NO7S	WBWWGRHZICKQGZ-HZAMXZRMSA-N	WBWWGRHZICKQGZ	Lipids and lipid-like molecules	Steroids and steroid derivatives	Bile acids, alcohols and derivatives	Steroids	Cholane steroids	Terpenoids	mzspec:GNPS:GNPS-LIBRARY:CCMSLIB00005435563
418	4	480.2775650024415	1	480.2775650024415	0.0	602.93275	4	0	0	1	0	1	0	1	1	0	0	0	0	0	0	1	0	1	0	1	1	0	0	0	0	0	G1	Vibrio_6D03,Shewanella_B2R08,Colwellia_C2M19,Paracoccus_C2R07	2-6D03.mzML,4-B2R08.mzML,6-C2M19.mzML,7-C2R07_2.mzML	8																																														
419	23	481.26133219401055	1	481.2613321940106	0.0	449.1162608695652	23	0	2	4	3	0	3	2	1	3	2	3	0	0	2	4	3	0	3	2	1	3	2	3	0	0	G1	Vibrio_1A01,Vibrio_6D03,Phaeobacter_B2R04,Roseovarius_B2R09,Colwellia_C2M19,Paracoccus_C2R07,Salipiger_C3M06,Acinetobacter_D3M06,Arenibacter_D3M17	1-1A01.mzML,2-6D03.mzML,3-B2R04.mzML,5-B2R09.mzML,6-C2M19.mzML,7-C2R07_2.mzML,8-C3M06.mzML,9-D3M06.mzML,10-D3M17.mzML	12																																														
420	3	481.2628343370227	1	481.2628343370227	0.0	449.1276666666666	2	1	0	1	0	0	0	1	0	0	0	0	0	0	0	1	0	0	0	1	0	0	0	0	0	1	G1,G2	Vibrio_6D03,Colwellia_C2M19	2-6D03.mzML,6-C2M19.mzML,bkgrnd-marine-broth.mzML	12																																														
421	35	482.36810796828496	1	482.3681079682849	0.0	889.7721714285713	35	0	0	4	6	0	4	4	4	5	4	4	0	0	0	4	6	0	4	4	4	5	4	4	0	0	G1	Vibrio_6D03,Phaeobacter_B2R04,Roseovarius_B2R09,Colwellia_C2M19,Paracoccus_C2R07,Salipiger_C3M06,Acinetobacter_D3M06,Arenibacter_D3M17	2-6D03.mzML,3-B2R04.mzML,5-B2R09.mzML,6-C2M19.mzML,7-C2R07_2.mzML,8-C3M06.mzML,9-D3M06.mzML,10-D3M17.mzML	3																																														
422	13	482.36811319986987	1	482.36811319986987	0.0	889.7424615384612	13	0	0	2	0	0	2	2	2	1	2	2	0	0	0	2	0	0	2	2	2	1	2	2	0	0	G1	Vibrio_6D03,Roseovarius_B2R09,Colwellia_C2M19,Paracoccus_C2R07,Salipiger_C3M06,Acinetobacter_D3M06,Arenibacter_D3M17	2-6D03.mzML,5-B2R09.mzML,6-C2M19.mzML,7-C2R07_2.mzML,8-C3M06.mzML,9-D3M06.mzML,10-D3M17.mzML	3																																														
423	8	483.0496368408208	1	483.0496368408208	0.0	282.85825	8	0	0	0	0	0	0	6	0	0	0	2	0	0	0	0	0	0	0	6	0	0	0	2	0	0	G1	Colwellia_C2M19,Arenibacter_D3M17	6-C2M19.mzML,10-D3M17.mzML	-1																																														
424	66	483.2501350171639	1	483.2501350171639	0.0	728.6979393939394	60	6	6	6	6	6	6	6	6	6	6	6	0	0	6	6	6	6	6	6	6	6	6	6	0	6	G1,G2	Vibrio_1A01,Vibrio_6D03,Phaeobacter_B2R04,Shewanella_B2R08,Roseovarius_B2R09,Colwellia_C2M19,Paracoccus_C2R07,Salipiger_C3M06,Acinetobacter_D3M06,Arenibacter_D3M17	1-1A01.mzML,2-6D03.mzML,3-B2R04.mzML,4-B2R08.mzML,5-B2R09.mzML,6-C2M19.mzML,7-C2R07_2.mzML,8-C3M06.mzML,9-D3M06.mzML,10-D3M17.mzML,bkgrnd-marine-broth.mzML	-1																																														
425	20	483.2914672851563	1	483.29146728515633	0.0	445.60235	20	0	4	2	2	2	2	2	2	2	0	2	0	0	4	2	2	2	2	2	2	2	0	2	0	0	G1	Vibrio_1A01,Vibrio_6D03,Phaeobacter_B2R04,Shewanella_B2R08,Roseovarius_B2R09,Colwellia_C2M19,Paracoccus_C2R07,Salipiger_C3M06,Arenibacter_D3M17	1-1A01.mzML,2-6D03.mzML,3-B2R04.mzML,4-B2R08.mzML,5-B2R09.mzML,6-C2M19.mzML,7-C2R07_2.mzML,8-C3M06.mzML,10-D3M17.mzML	27																																														
426	10	484.3244093718352	1	484.3244093718351	0.0	19.2939	10	0	0	0	0	1	1	1	2	0	0	0	5	0	0	0	0	1	1	1	2	0	0	0	5	0	G1	Shewanella_B2R08,Roseovarius_B2R09,Colwellia_C2M19,Paracoccus_C2R07,Motilimonas_G1M02	4-B2R08.mzML,5-B2R09.mzML,6-C2M19.mzML,7-C2R07_2.mzML,11-G1M02.mzML	-1																																														
427	72	484.3865271674262	1	484.3865271674262	0.0	802.7294861111111	66	6	6	6	6	6	6	6	6	6	6	6	6	0	6	6	6	6	6	6	6	6	6	6	6	6	G1,G2	Vibrio_1A01,Vibrio_6D03,Phaeobacter_B2R04,Shewanella_B2R08,Roseovarius_B2R09,Colwellia_C2M19,Paracoccus_C2R07,Salipiger_C3M06,Acinetobacter_D3M06,Arenibacter_D3M17,Motilimonas_G1M02	1-1A01.mzML,2-6D03.mzML,3-B2R04.mzML,4-B2R08.mzML,5-B2R09.mzML,6-C2M19.mzML,7-C2R07_2.mzML,8-C3M06.mzML,9-D3M06.mzML,10-D3M17.mzML,11-G1M02.mzML,bkgrnd-marine-broth.mzML	1																																														
428	42	488.2349461146765	1	488.2349461146764	0.0	413.3197142857143	36	6	0	0	6	6	6	0	6	4	2	0	6	0	0	0	6	6	6	0	6	4	2	0	6	6	G1,G2	Phaeobacter_B2R04,Shewanella_B2R08,Roseovarius_B2R09,Paracoccus_C2R07,Salipiger_C3M06,Acinetobacter_D3M06,Motilimonas_G1M02	3-B2R04.mzML,4-B2R08.mzML,5-B2R09.mzML,7-C2R07_2.mzML,8-C3M06.mzML,9-D3M06.mzML,11-G1M02.mzML,bkgrnd-marine-broth.mzML	37																																														
429	4	489.3390604654948	1	489.3390604654948	0.0	804.61225	4	0	0	1	0	0	1	1	0	0	0	1	0	0	0	1	0	0	1	1	0	0	0	1	0	0	G1	Vibrio_6D03,Roseovarius_B2R09,Colwellia_C2M19,Arenibacter_D3M17	2-6D03.mzML,5-B2R09.mzML,6-C2M19.mzML,10-D3M17.mzML	12																																														
430	4	489.3391850789387	1	489.3391850789387	0.0	804.8505	4	0	0	0	0	2	0	0	1	0	1	0	0	0	0	0	0	2	0	0	1	0	1	0	0	0	G1	Shewanella_B2R08,Paracoccus_C2R07,Acinetobacter_D3M06	4-B2R08.mzML,7-C2R07_2.mzML,9-D3M06.mzML	12																																														
431	17	489.33932136086855	1	489.33932136086855	0.0	806.8781764705883	17	0	0	4	1	3	0	3	2	1	2	1	0	0	0	4	1	3	0	3	2	1	2	1	0	0	G1	Vibrio_6D03,Phaeobacter_B2R04,Shewanella_B2R08,Colwellia_C2M19,Paracoccus_C2R07,Salipiger_C3M06,Acinetobacter_D3M06,Arenibacter_D3M17	2-6D03.mzML,3-B2R04.mzML,4-B2R08.mzML,6-C2M19.mzML,7-C2R07_2.mzML,8-C3M06.mzML,9-D3M06.mzML,10-D3M17.mzML	12																																														
432	39	491.37092420789935	1	491.3709242078992	0.0	812.7624102564102	33	6	6	2	4	1	3	5	2	3	2	5	0	0	6	2	4	1	3	5	2	3	2	5	0	6	G1,G2	Vibrio_1A01,Vibrio_6D03,Phaeobacter_B2R04,Shewanella_B2R08,Roseovarius_B2R09,Colwellia_C2M19,Paracoccus_C2R07,Salipiger_C3M06,Acinetobacter_D3M06,Arenibacter_D3M17	1-1A01.mzML,2-6D03.mzML,3-B2R04.mzML,4-B2R08.mzML,5-B2R09.mzML,6-C2M19.mzML,7-C2R07_2.mzML,8-C3M06.mzML,9-D3M06.mzML,10-D3M17.mzML,bkgrnd-marine-broth.mzML	27																																														
433	26	495.47210458608777	1	495.47210458608765	0.0	19.59766666666667	17	9	0	9	6	2	0	0	0	0	0	0	0	0	0	9	6	2	0	0	0	0	0	0	0	9	G1,G2	Vibrio_6D03,Phaeobacter_B2R04,Shewanella_B2R08	2-6D03.mzML,3-B2R04.mzML,4-B2R08.mzML,bkgrnd-marine-broth.mzML	171																																														
434	26	495.47210458608777	1	495.47210458608765	0.0	19.600846153846152	17	9	0	9	6	2	0	0	0	0	0	0	0	0	0	9	6	2	0	0	0	0	0	0	0	9	G1,G2	Vibrio_6D03,Phaeobacter_B2R04,Shewanella_B2R08	2-6D03.mzML,3-B2R04.mzML,4-B2R08.mzML,bkgrnd-marine-broth.mzML	171																																														
435	6	497.270914713542	1	497.270914713542	0.0	403.48766666666666	6	0	0	0	0	0	0	0	0	0	0	0	6	0	0	0	0	0	0	0	0	0	0	0	6	0	G1	Motilimonas_G1M02	11-G1M02.mzML	-1																																														
436	28	498.2896303449357	1	498.2896303449357	0.0	602.1800714285715	25	3	2	3	2	3	3	3	3	3	0	3	0	0	2	3	2	3	3	3	3	3	0	3	0	3	G1,G2	Vibrio_1A01,Vibrio_6D03,Phaeobacter_B2R04,Shewanella_B2R08,Roseovarius_B2R09,Colwellia_C2M19,Paracoccus_C2R07,Salipiger_C3M06,Arenibacter_D3M17	1-1A01.mzML,2-6D03.mzML,3-B2R04.mzML,4-B2R08.mzML,5-B2R09.mzML,6-C2M19.mzML,7-C2R07_2.mzML,8-C3M06.mzML,10-D3M17.mzML,bkgrnd-marine-broth.mzML	8	CCMSLIB00005465772	436.0	specs_ms.mgf	BILELIB19.mgf	0.877845	24827.7	608.478	0.306224	18.0	0.000152588	498.288	1.0	temp/specs_ms.mgf436	1.0	"""2-((R)-4-((3R,5S,7S,8R,9S,10S,12S,13R,14S,17R)-3,7,12-trihydroxy-10,13-dimethylhexadecahydro-1H-cyclopenta[a]phenanthren-17-yl)pentanamido)ethane-1-sulfonic acid"""	ESI	qTof	crude	Dorrestein	Emily Gentry	M-H2O+H	498.288	515.292	1.0			C[C@@H]([C@H]1CC[C@]2([H])[C@]1(C)[C@@H](O)C[C@@]3([H])[C@@]2([H])[C@@H](O)C[C@@]4([H])[C@]3(C)CC[C@@H](O)C4)CCC(NCCS(O)(=O)=O)=O	"""InChI=1S/C26H45NO7S/c1-15(4-7-23(31)27-10-11-35(32,33)34)18-5-6-19-24-20(14-22(30)26(18,19)3)25(2)9-8-17(28)12-16(25)13-21(24)29/h15-22,24,28-30H,4-14H2,1-3H3,(H,27,31)(H,32,33,34)/t15-,16+,17-,18-,19+,20+,21+,22+,24+,25+,26-/m1/s1"""		1.0	Positive	BILELIB19	498.288	UPDATE-SINGLE-ANNOTATED-GOLD	Gold		C26H45NO7S	WBWWGRHZICKQGZ-FREJXKSPSA-N	WBWWGRHZICKQGZ	Lipids and lipid-like molecules	Steroids and steroid derivatives	Bile acids, alcohols and derivatives	Steroids	Cholane steroids	Terpenoids	mzspec:GNPS:GNPS-LIBRARY:CCMSLIB00005465772
437	28	498.28937421526217	1	498.28937421526217	0.0	602.3036428571429	26	2	2	3	3	3	3	3	3	3	0	3	0	0	2	3	3	3	3	3	3	3	0	3	0	2	G1,G2	Vibrio_1A01,Vibrio_6D03,Phaeobacter_B2R04,Shewanella_B2R08,Roseovarius_B2R09,Colwellia_C2M19,Paracoccus_C2R07,Salipiger_C3M06,Arenibacter_D3M17	1-1A01.mzML,2-6D03.mzML,3-B2R04.mzML,4-B2R08.mzML,5-B2R09.mzML,6-C2M19.mzML,7-C2R07_2.mzML,8-C3M06.mzML,10-D3M17.mzML,bkgrnd-marine-broth.mzML	8	CCMSLIB00011429941	437.0	specs_ms.mgf	BILELIB19.mgf	0.752503	20520.3	604.301	0.367469	11.0	0.000183105	498.288	1.0	temp/specs_ms.mgf437	1.0	(((3a,7a,12b)-3,7,12-trihydroxy-24-oxocholan-24-yl)amino)ethanesulfonic acid	ESI	Orbitrap	Isolated	Dorrestein	Ipsita Mohanty	M-H2O+H	498.288	515.292	1.0			O=S(O)(CCNC(CC[C@@H](C)C1CC[C@@]2([H])[C@]3([H])[C@H](O)CC4C[C@H](O)CC[C@]4(C)[C@@]3([H])C[C@@H](O)[C@]12C)=O)=O	InChI=1S/C26H45NO7S/c1-15(4-7-23(31)27-10-11-35(32,33)34)18-5-6-19-24-20(14-22(30)26(18,19)3)25(2)9-8-17(28)12-16(25)13-21(24)29/h15-22,24,28-30H,4-14H2,1-3H3,(H,27,31)(H,32,33,34)/t15-,16?,17-,18?,19+,20+,21-,22-,24+,25+,26-/m1/s1		1.0	Positive	BILELIB19	498.288	UPDATE-SINGLE-ANNOTATED-GOLD	Gold		C26H45NO7S	WBWWGRHZICKQGZ-HWRPTZMOSA-N	WBWWGRHZICKQGZ				Steroids	Cholane steroids	Terpenoids	mzspec:GNPS:GNPS-LIBRARY:CCMSLIB00011429941
438	6	498.89985148112	1	498.89985148112	0.0	135.29683333333335	6	0	0	0	0	0	0	0	0	0	0	0	6	0	0	0	0	0	0	0	0	0	0	0	6	0	G1	Motilimonas_G1M02	11-G1M02.mzML	117																																														
439	50	499.2128283691408	1	499.21282836914094	0.0	360.9053200000001	50	0	0	0	2	0	12	0	12	12	12	0	0	0	0	0	2	0	12	0	12	12	12	0	0	0	G1	Phaeobacter_B2R04,Roseovarius_B2R09,Paracoccus_C2R07,Salipiger_C3M06,Acinetobacter_D3M06	3-B2R04.mzML,5-B2R09.mzML,7-C2R07_2.mzML,8-C3M06.mzML,9-D3M06.mzML	-1																																														
440	6	499.23629760742193	1	499.23629760742193	0.0	729.2936666666666	6	0	6	0	0	0	0	0	0	0	0	0	0	0	6	0	0	0	0	0	0	0	0	0	0	0	G1	Vibrio_1A01	1-1A01.mzML	-1																																														
441	13	500.3039112580128	1	500.3039112580128	0.0	736.005692307692	12	1	0	1	3	3	2	0	2	1	0	0	0	0	0	1	3	3	2	0	2	1	0	0	0	1	G1,G2	Vibrio_6D03,Phaeobacter_B2R04,Shewanella_B2R08,Roseovarius_B2R09,Paracoccus_C2R07,Salipiger_C3M06	2-6D03.mzML,3-B2R04.mzML,4-B2R08.mzML,5-B2R09.mzML,7-C2R07_2.mzML,8-C3M06.mzML,bkgrnd-marine-broth.mzML	8	CCMSLIB00006113073	441.0	specs_ms.mgf	BIRMINGHAM-UHPLC-MS-POS.mgf	0.737369	9076.4	734.221	1.76894	8.0	0.00088501	500.303	1.0	temp/specs_ms.mgf441	1.0	Sodium taurochenodeoxycholate - 40.0 eV	ESI	Orbitrap	Isolated	PI	Data Collector	Unknown	500.304	0.0	1.0			C[C@H](CCC(=O)NCCS(=O)(=O)[O-])[C@H]1CC[C@@H]2[C@@]1(CC[C@H]3[C@H]2[C@@H](C[C@H]4[C@@]3(CC[C@H](C4)O)C)O)C.[Na+]	InChI=1S/C26H45NO6S.Na/c1-16(4-7-23(30)27-12-13-34(31,32)33)19-5-6-20-24-21(9-11-26(19,20)3)25(2)10-8-18(28)14-17(25)15-22(24)29;/h16-22,24,28-29H,4-15H2,1-3H3,(H,27,30)(H,31,32,33);/q;+1/p-1/t16-,17+,18-,19-,20+,21+,22-,24+,25+,26-;/m1./s1		1.0	Positive	BIRMINGHAM-UHPLC-MS-POS	500.304	UPDATE-SINGLE-ANNOTATED-GOLD	Gold			IYPNVUSIMGAJFC-HLEJRKHJSA-M	IYPNVUSIMGAJFC	Lipids and lipid-like molecules	Steroids and steroid derivatives	Bile acids, alcohols and derivatives				mzspec:GNPS:GNPS-LIBRARY:CCMSLIB00006113073
442	12	500.3046680026585	1	500.3046680026585	0.0	736.39525	11	1	1	2	2	0	2	1	2	1	0	0	0	0	1	2	2	0	2	1	2	1	0	0	0	1	G1,G2	Vibrio_1A01,Vibrio_6D03,Phaeobacter_B2R04,Roseovarius_B2R09,Colwellia_C2M19,Paracoccus_C2R07,Salipiger_C3M06	1-1A01.mzML,2-6D03.mzML,3-B2R04.mzML,5-B2R09.mzML,6-C2M19.mzML,7-C2R07_2.mzML,8-C3M06.mzML,bkgrnd-marine-broth.mzML	8	CCMSLIB00016224890	442.0	specs_ms.mgf	GNPS-ION-MOBILITY-LIBRARY.mgf	0.703067	11947.7	741.337	0.792975	16.0	0.000396729	500.304	1.0	temp/specs_ms.mgf442	1.0	TAURODEOXYCHOLIC ACID [CCS=211.46849060058594]	LC-ESI	ToF	Crude	Pieter Dorrestein	victoriadeleray	[M+H]+	500.304	499.296	1.0			CC(CCC(=O)NCCS(=O)(=O)O)C1CCC2C3CCC4CC(O)CCC4(C)C3CC(O)C12C	InChI=1S/C26H45NO6S/c1-16(4-9-24(30)27-12-13-34(31,32)33)20-7-8-21-19-6-5-17-14-18(28)10-11-25(17,2)22(19)15-23(29)26(20,21)3/h16-23,28-29H,4-15H2,1-3H3,(H,27,30)(H,31,32,33)		1.0	Positive	GNPS-ION-MOBILITY-LIBRARY	500.304	UPDATE-SINGLE-ANNOTATED-GOLD	Gold		C26H45NO6S	AWDRATDZQPNJFN-UHFFFAOYSA-N	AWDRATDZQPNJFN	Lipids and lipid-like molecules	Steroids and steroid derivatives	Bile acids, alcohols and derivatives	Steroids	Cholane steroids	Terpenoids	mzspec:GNPS:GNPS-LIBRARY:CCMSLIB00016224890
443	6	511.25713094075496	1	511.25713094075496	0.0	200.92600000000004	6	0	6	0	0	0	0	0	0	0	0	0	0	0	6	0	0	0	0	0	0	0	0	0	0	0	G1	Vibrio_1A01	1-1A01.mzML	18																																														
444	20	511.28753967285166	1	511.2875396728516	0.0	431.17095	16	4	0	0	2	0	2	2	0	2	4	0	4	0	0	0	2	0	2	2	0	2	4	0	4	4	G1,G2	Phaeobacter_B2R04,Roseovarius_B2R09,Colwellia_C2M19,Salipiger_C3M06,Acinetobacter_D3M06,Motilimonas_G1M02	3-B2R04.mzML,5-B2R09.mzML,6-C2M19.mzML,8-C3M06.mzML,9-D3M06.mzML,11-G1M02.mzML,bkgrnd-marine-broth.mzML	18																																														
445	4	511.3829040527343	1	511.3829040527343	0.0	800.37825	4	0	0	1	0	2	0	0	1	0	0	0	0	0	0	1	0	2	0	0	1	0	0	0	0	0	G1	Vibrio_6D03,Shewanella_B2R08,Paracoccus_C2R07	2-6D03.mzML,4-B2R08.mzML,7-C2R07_2.mzML	-1																																														
446	3	512.269755045573	1	512.269755045573	0.0	404.8406666666667	3	0	0	0	0	0	0	3	0	0	0	0	0	0	0	0	0	0	0	3	0	0	0	0	0	0	G1	Colwellia_C2M19	6-C2M19.mzML	152																																														
447	3	512.269755045573	1	512.269755045573	0.0	405.0323333333333	3	0	0	0	0	0	0	3	0	0	0	0	0	0	0	0	0	0	0	3	0	0	0	0	0	0	G1	Colwellia_C2M19	6-C2M19.mzML	-1																																														
448	3	513.265482584635	1	513.265482584635	0.0	414.14699999999993	3	0	0	0	0	0	0	0	0	0	0	3	0	0	0	0	0	0	0	0	0	0	0	3	0	0	G1	Arenibacter_D3M17	10-D3M17.mzML	-1																																														
449	3	513.265482584635	1	513.265482584635	0.0	414.339	3	0	0	0	0	0	0	0	0	0	0	3	0	0	0	0	0	0	0	0	0	0	0	3	0	0	G1	Arenibacter_D3M17	10-D3M17.mzML	18																																														
450	54	514.3580457899307	1	514.3580457899309	0.0	651.7861296296297	54	0	0	6	6	6	6	6	6	6	6	6	0	0	0	6	6	6	6	6	6	6	6	6	0	0	G1	Vibrio_6D03,Phaeobacter_B2R04,Shewanella_B2R08,Roseovarius_B2R09,Colwellia_C2M19,Paracoccus_C2R07,Salipiger_C3M06,Acinetobacter_D3M06,Arenibacter_D3M17	2-6D03.mzML,3-B2R04.mzML,4-B2R08.mzML,5-B2R09.mzML,6-C2M19.mzML,7-C2R07_2.mzML,8-C3M06.mzML,9-D3M06.mzML,10-D3M17.mzML	3																																														
451	17	516.2985935585173	1	516.2985935585174	0.0	606.6096470588235	17	0	0	3	3	2	1	1	2	3	0	2	0	0	0	3	3	2	1	1	2	3	0	2	0	0	G1	Vibrio_6D03,Phaeobacter_B2R04,Shewanella_B2R08,Roseovarius_B2R09,Colwellia_C2M19,Paracoccus_C2R07,Salipiger_C3M06,Arenibacter_D3M17	2-6D03.mzML,3-B2R04.mzML,4-B2R08.mzML,5-B2R09.mzML,6-C2M19.mzML,7-C2R07_2.mzML,8-C3M06.mzML,10-D3M17.mzML	8	CCMSLIB00003136277	451.0	specs_ms.mgf	GNPS-NIST14-MATCHES.mgf	0.77582	13683.9	605.26	0.472867	16.0	0.000244141	516.299	1.0	temp/specs_ms.mgf451	1.0	Spectral Match to Taurocholic acid from NIST14	ESI	Q-TOF	Isolated	Data from Joshua Wollam	Data deposited by fevargas	M+H	516.299	0.0	1.0	81243					3.0	Positive	GNPS-NIST14-MATCHES	516.299	UPDATE-SINGLE-ANNOTATED-BRONZE	Bronze											mzspec:GNPS:GNPS-LIBRARY:CCMSLIB00003136277
452	7	516.2983427501862	1	516.2983427501862	0.0	605.2909999999999	7	0	0	0	3	1	1	1	0	1	0	0	0	0	0	0	3	1	1	1	0	1	0	0	0	0	G1	Phaeobacter_B2R04,Shewanella_B2R08,Roseovarius_B2R09,Colwellia_C2M19,Salipiger_C3M06	3-B2R04.mzML,4-B2R08.mzML,5-B2R09.mzML,6-C2M19.mzML,8-C3M06.mzML	8																																														
453	2	516.298736572266	1	516.298736572266	0.0	608.043	2	0	0	0	0	0	1	0	1	0	0	0	0	0	0	0	0	0	1	0	1	0	0	0	0	0	G1	Roseovarius_B2R09,Paracoccus_C2R07	5-B2R09.mzML,7-C2R07_2.mzML	8	CCMSLIB00003136277	453.0	specs_ms.mgf	GNPS-NIST14-MATCHES.mgf	0.720366	12607.5	607.646	0.472867	14.0	0.000244141	516.299	1.0	temp/specs_ms.mgf453	1.0	Spectral Match to Taurocholic acid from NIST14	ESI	Q-TOF	Isolated	Data from Joshua Wollam	Data deposited by fevargas	M+H	516.299	0.0	1.0	81243					3.0	Positive	GNPS-NIST14-MATCHES	516.299	UPDATE-SINGLE-ANNOTATED-BRONZE	Bronze											mzspec:GNPS:GNPS-LIBRARY:CCMSLIB00003136277
454	10	517.2437255859375	1	517.2437255859375	0.0	572.4482	10	0	6	4	0	0	0	0	0	0	0	0	0	0	6	4	0	0	0	0	0	0	0	0	0	0	G1	Vibrio_1A01,Vibrio_6D03	1-1A01.mzML,2-6D03.mzML	-1																																														
455	52	518.3584383451024	1	518.3584383451026	0.0	640.6356730769231	52	0	0	6	6	6	6	5	6	6	6	5	0	0	0	6	6	6	6	5	6	6	6	5	0	0	G1	Vibrio_6D03,Phaeobacter_B2R04,Shewanella_B2R08,Roseovarius_B2R09,Colwellia_C2M19,Paracoccus_C2R07,Salipiger_C3M06,Acinetobacter_D3M06,Arenibacter_D3M17	2-6D03.mzML,3-B2R04.mzML,4-B2R08.mzML,5-B2R09.mzML,6-C2M19.mzML,7-C2R07_2.mzML,8-C3M06.mzML,9-D3M06.mzML,10-D3M17.mzML	27																																														
456	63	520.334207201761	1	520.3342072017612	0.0	453.295111111111	57	6	6	5	4	6	4	5	5	4	6	6	6	0	6	5	4	6	4	5	5	4	6	6	6	6	G1,G2	Vibrio_1A01,Vibrio_6D03,Phaeobacter_B2R04,Shewanella_B2R08,Roseovarius_B2R09,Colwellia_C2M19,Paracoccus_C2R07,Salipiger_C3M06,Acinetobacter_D3M06,Arenibacter_D3M17,Motilimonas_G1M02	1-1A01.mzML,2-6D03.mzML,3-B2R04.mzML,4-B2R08.mzML,5-B2R09.mzML,6-C2M19.mzML,7-C2R07_2.mzML,8-C3M06.mzML,9-D3M06.mzML,10-D3M17.mzML,11-G1M02.mzML,bkgrnd-marine-broth.mzML	82																																														
457	2	520.33295694987	1	520.33295694987	0.0	457.8245	2	0	0	0	0	0	0	1	1	0	0	0	0	0	0	0	0	0	0	1	1	0	0	0	0	0	G1	Colwellia_C2M19,Paracoccus_C2R07	6-C2M19.mzML,7-C2R07_2.mzML	53																																														
458	16	522.2198028564453	1	522.2198028564454	0.0	428.56275	12	4	0	0	2	0	2	0	2	2	2	0	2	0	0	0	2	0	2	0	2	2	2	0	2	4	G1,G2	Phaeobacter_B2R04,Roseovarius_B2R09,Paracoccus_C2R07,Salipiger_C3M06,Acinetobacter_D3M06,Motilimonas_G1M02	3-B2R04.mzML,5-B2R09.mzML,7-C2R07_2.mzML,8-C3M06.mzML,9-D3M06.mzML,11-G1M02.mzML,bkgrnd-marine-broth.mzML	-1																																														
459	3	522.354919433594	1	522.354919433594	0.0	797.4	3	0	0	0	3	0	0	0	0	0	0	0	0	0	0	0	3	0	0	0	0	0	0	0	0	0	G1	Phaeobacter_B2R04	3-B2R04.mzML	169	CCMSLIB00003136940	459.0	specs_ms.mgf	GNPS-NIST14-MATCHES.mgf	0.937317	42229.9	798.376	0.116846	12.0	6.10352e-05	522.355	1.0	temp/specs_ms.mgf459	1.0	Spectral Match to 1-(9Z-Octadecenoyl)-sn-glycero-3-phosphocholine from NIST14	ESI	qTof	Isolated	Data from Joshua Wollam	Data deposited by fevargas	M+H	522.355	521.348	1.0	19420565		CCCCCCCC/C=C\CCCCCCCC(=O)OC[C@H](COP(=O)([O-])OCC[N+](C)(C)C)O	InChI=1S/C26H52NO7P/c1-5-6-7-8-9-10-11-12-13-14-15-16-17-18-19-20-26(29)32-23-25(28)24-34-35(30,31)33-22-21-27(2,3)4/h12-13,25,28H,5-11,14-24H2,1-4H3/b13-12-/t25-/m1/s1		3.0	Positive	GNPS-NIST14-MATCHES	522.355	UPDATE-SINGLE-ANNOTATED-BRONZE	Bronze			YAMUFBLWGFFICM-PTGWMXDISA-N	YAMUFBLWGFFICM	Lipids and lipid-like molecules	Glycerophospholipids	Glycerophosphocholines				mzspec:GNPS:GNPS-LIBRARY:CCMSLIB00003136940
460	3	522.354919433594	1	522.354919433594	0.0	797.592	3	0	0	0	3	0	0	0	0	0	0	0	0	0	0	0	3	0	0	0	0	0	0	0	0	0	G1	Phaeobacter_B2R04	3-B2R04.mzML	169	CCMSLIB00003139797	460.0	specs_ms.mgf	GNPS-NIST14-MATCHES.mgf	0.86215	41186.4	798.568	2.10323	7.0	0.00109863	522.355	1.0	temp/specs_ms.mgf460	1.0	Spectral Match to 1-(9Z-Octadecenoyl)-sn-glycero-3-phosphocholine from NIST14	ESI	qTof	Isolated	Data from James McKerrow	Data deposited by lamccall	M+H	522.356	521.348	1.0	19420565		CCCCCCCC/C=C\CCCCCCCC(=O)OC[C@H](COP(=O)([O-])OCC[N+](C)(C)C)O	InChI=1S/C26H52NO7P/c1-5-6-7-8-9-10-11-12-13-14-15-16-17-18-19-20-26(29)32-23-25(28)24-34-35(30,31)33-22-21-27(2,3)4/h12-13,25,28H,5-11,14-24H2,1-4H3/b13-12-/t25-/m1/s1		3.0	Positive	GNPS-NIST14-MATCHES	522.356	UPDATE-SINGLE-ANNOTATED-BRONZE	Bronze			YAMUFBLWGFFICM-PTGWMXDISA-N	YAMUFBLWGFFICM	Lipids and lipid-like molecules	Glycerophospholipids	Glycerophosphocholines				mzspec:GNPS:GNPS-LIBRARY:CCMSLIB00003139797
461	7	525.2877110072544	1	525.2877110072544	0.0	453.7255714285714	6	1	0	0	2	0	0	0	1	1	2	0	0	0	0	0	2	0	0	0	1	1	2	0	0	1	G1,G2	Phaeobacter_B2R04,Paracoccus_C2R07,Salipiger_C3M06,Acinetobacter_D3M06	3-B2R04.mzML,7-C2R07_2.mzML,8-C3M06.mzML,9-D3M06.mzML,bkgrnd-marine-broth.mzML	12																																														
462	9	525.287584092882	1	525.287584092882	0.0	452.1422222222223	8	1	0	1	1	1	0	1	0	1	2	1	0	0	0	1	1	1	0	1	0	1	2	1	0	1	G1,G2	Vibrio_6D03,Phaeobacter_B2R04,Shewanella_B2R08,Colwellia_C2M19,Salipiger_C3M06,Acinetobacter_D3M06,Arenibacter_D3M17	2-6D03.mzML,3-B2R04.mzML,4-B2R08.mzML,6-C2M19.mzML,8-C3M06.mzML,9-D3M06.mzML,10-D3M17.mzML,bkgrnd-marine-broth.mzML	12																																														
463	2	525.28662109375	1	525.28662109375	0.0	451.764	2	0	0	0	0	1	0	1	0	0	0	0	0	0	0	0	0	1	0	1	0	0	0	0	0	0	G1	Shewanella_B2R08,Colwellia_C2M19	4-B2R08.mzML,6-C2M19.mzML	12																																														
464	4	525.2868652343752	1	525.2868652343752	0.0	452.84775	4	0	0	2	0	0	0	0	0	1	0	1	0	0	0	2	0	0	0	0	0	1	0	1	0	0	G1	Vibrio_6D03,Salipiger_C3M06,Arenibacter_D3M17	2-6D03.mzML,8-C3M06.mzML,10-D3M17.mzML	12																																														
465	16	526.2603225708009	1	526.2603225708008	0.0	193.175375	16	0	0	0	2	0	6	0	4	2	2	0	0	0	0	0	2	0	6	0	4	2	2	0	0	0	G1	Phaeobacter_B2R04,Roseovarius_B2R09,Paracoccus_C2R07,Salipiger_C3M06,Acinetobacter_D3M06	3-B2R04.mzML,5-B2R09.mzML,7-C2R07_2.mzML,8-C3M06.mzML,9-D3M06.mzML	-1																																														
466	16	526.3943036397299	1	526.3943036397297	0.0	879.15125	16	0	0	0	2	0	2	4	2	1	2	3	0	0	0	0	2	0	2	4	2	1	2	3	0	0	G1	Phaeobacter_B2R04,Roseovarius_B2R09,Colwellia_C2M19,Paracoccus_C2R07,Salipiger_C3M06,Acinetobacter_D3M06,Arenibacter_D3M17	3-B2R04.mzML,5-B2R09.mzML,6-C2M19.mzML,7-C2R07_2.mzML,8-C3M06.mzML,9-D3M06.mzML,10-D3M17.mzML	3																																														
467	44	526.396644823479	1	526.396644823479	0.0	880.1632727272728	38	6	6	6	4	0	4	2	4	5	4	3	0	0	6	6	4	0	4	2	4	5	4	3	0	6	G1,G2	Vibrio_1A01,Vibrio_6D03,Phaeobacter_B2R04,Roseovarius_B2R09,Colwellia_C2M19,Paracoccus_C2R07,Salipiger_C3M06,Acinetobacter_D3M06,Arenibacter_D3M17	1-1A01.mzML,2-6D03.mzML,3-B2R04.mzML,5-B2R09.mzML,6-C2M19.mzML,7-C2R07_2.mzML,8-C3M06.mzML,9-D3M06.mzML,10-D3M17.mzML,bkgrnd-marine-broth.mzML	3																																														
468	31	527.2812539377522	1	527.2812539377522	0.0	399.2271612903226	29	2	0	0	9	0	6	0	0	6	6	0	2	0	0	0	9	0	6	0	0	6	6	0	2	2	G1,G2	Phaeobacter_B2R04,Roseovarius_B2R09,Salipiger_C3M06,Acinetobacter_D3M06,Motilimonas_G1M02	3-B2R04.mzML,5-B2R09.mzML,8-C3M06.mzML,9-D3M06.mzML,11-G1M02.mzML,bkgrnd-marine-broth.mzML	18																																														
469	4	527.280914306641	1	527.280914306641	0.0	420.0865	4	0	0	0	2	0	0	0	0	0	0	0	2	0	0	0	2	0	0	0	0	0	0	0	2	0	G1	Phaeobacter_B2R04,Motilimonas_G1M02	3-B2R04.mzML,11-G1M02.mzML	41																																														
470	18	527.3166775173613	1	527.3166775173612	0.0	450.1164444444445	18	0	2	2	2	2	2	2	2	2	0	2	0	0	2	2	2	2	2	2	2	2	0	2	0	0	G1	Vibrio_1A01,Vibrio_6D03,Phaeobacter_B2R04,Shewanella_B2R08,Roseovarius_B2R09,Colwellia_C2M19,Paracoccus_C2R07,Salipiger_C3M06,Arenibacter_D3M17	1-1A01.mzML,2-6D03.mzML,3-B2R04.mzML,4-B2R08.mzML,5-B2R09.mzML,6-C2M19.mzML,7-C2R07_2.mzML,8-C3M06.mzML,10-D3M17.mzML	-1																																														
471	4	528.227844238281	1	528.227844238281	0.0	197.5195	4	0	0	0	0	0	0	4	0	0	0	0	0	0	0	0	0	0	0	4	0	0	0	0	0	0	G1	Colwellia_C2M19	6-C2M19.mzML	18																																														
472	72	528.412105984158	1	528.412105984158	0.0	796.3362083333334	66	6	6	6	6	6	6	6	6	6	6	6	6	0	6	6	6	6	6	6	6	6	6	6	6	6	G1,G2	Vibrio_1A01,Vibrio_6D03,Phaeobacter_B2R04,Shewanella_B2R08,Roseovarius_B2R09,Colwellia_C2M19,Paracoccus_C2R07,Salipiger_C3M06,Acinetobacter_D3M06,Arenibacter_D3M17,Motilimonas_G1M02	1-1A01.mzML,2-6D03.mzML,3-B2R04.mzML,4-B2R08.mzML,5-B2R09.mzML,6-C2M19.mzML,7-C2R07_2.mzML,8-C3M06.mzML,9-D3M06.mzML,10-D3M17.mzML,11-G1M02.mzML,bkgrnd-marine-broth.mzML	1																																														
473	4	529.2604064941405	1	529.2604064941405	0.0	394.877	4	0	0	0	2	0	2	0	0	0	0	0	0	0	0	0	2	0	2	0	0	0	0	0	0	0	G1	Phaeobacter_B2R04,Roseovarius_B2R09	3-B2R04.mzML,5-B2R09.mzML	-1																																														
474	2	529.296142578125	1	529.296142578125	0.0	436.537	2	0	0	0	0	0	0	0	0	0	0	0	2	0	0	0	0	0	0	0	0	0	0	0	2	0	G1	Motilimonas_G1M02	11-G1M02.mzML	-1																																														
475	48	530.379280090332	1	530.3792800903325	0.0	19.476197916666663	48	0	0	18	12	12	6	0	0	0	0	0	0	0	0	18	12	12	6	0	0	0	0	0	0	0	G1	Vibrio_6D03,Phaeobacter_B2R04,Shewanella_B2R08,Roseovarius_B2R09	2-6D03.mzML,3-B2R04.mzML,4-B2R08.mzML,5-B2R09.mzML	27																																														
476	3	531.276000976563	1	531.276000976563	0.0	413.9923333333333	3	0	0	0	0	0	0	0	0	0	0	0	3	0	0	0	0	0	0	0	0	0	0	0	3	0	G1	Motilimonas_G1M02	11-G1M02.mzML	-1																																														
477	3	531.276000976563	1	531.276000976563	0.0	414.1843333333333	3	0	0	0	0	0	0	0	0	0	0	0	3	0	0	0	0	0	0	0	0	0	0	0	3	0	G1	Motilimonas_G1M02	11-G1M02.mzML	-1																																														
478	31	531.3508317188551	1	531.3508317188554	0.0	882.8319677419353	28	3	0	4	6	0	3	4	3	2	3	3	0	0	0	4	6	0	3	4	3	2	3	3	0	3	G1,G2	Vibrio_6D03,Phaeobacter_B2R04,Roseovarius_B2R09,Colwellia_C2M19,Paracoccus_C2R07,Salipiger_C3M06,Acinetobacter_D3M06,Arenibacter_D3M17	2-6D03.mzML,3-B2R04.mzML,5-B2R09.mzML,6-C2M19.mzML,7-C2R07_2.mzML,8-C3M06.mzML,9-D3M06.mzML,10-D3M17.mzML,bkgrnd-marine-broth.mzML	12																																														
479	31	533.3268130722867	1	533.3268130722868	0.0	602.4143870967744	28	3	3	3	3	3	3	3	2	3	0	3	2	0	3	3	3	3	3	3	2	3	0	3	2	3	G1,G2	Vibrio_1A01,Vibrio_6D03,Phaeobacter_B2R04,Shewanella_B2R08,Roseovarius_B2R09,Colwellia_C2M19,Paracoccus_C2R07,Salipiger_C3M06,Arenibacter_D3M17,Motilimonas_G1M02	1-1A01.mzML,2-6D03.mzML,3-B2R04.mzML,4-B2R08.mzML,5-B2R09.mzML,6-C2M19.mzML,7-C2R07_2.mzML,8-C3M06.mzML,10-D3M17.mzML,11-G1M02.mzML,bkgrnd-marine-broth.mzML	8	CCMSLIB00006680127	479.0	specs_ms.mgf	MONA.mgf	0.724475	35281.8	604.493	1.25887	16.0	0.000671387	533.325	1.0	temp/specs_ms.mgf479	1.0	TAUROCHOLIC ACID	ESI	Orbitrap	isolated	MoNA	MoNA:MoNA038726	M+NH4	533.326	0.0	1.0			C[C@H](CC/C(=N/CCS(=O)(=O)O)/O)[C@H]1CC[C@H]2[C@H]3[C@H](C[C@@H]([C@]12C)O)[C@@]4(C)CC[C@H](C[C@H]4C[C@H]3O)O	"""InChI=1S/C26H45NO7S/c1-15(4-7-23(31)27-10-11-35(32,33)34)18-5-6-19-24-20(14-22(30)26(18,19)3)25(2)9-8-17(28)12-16(25)13-21(24)29/h15-22,24,28-30H,4-14H2,1-3H3,(H,27,31)(H,32,33,34)/t15-,16+,17-,18-,19+,20+,21-,22+,24+,25+,26-/m1/s1"""		3.0	positive	MONA	533.326	UPDATE-SINGLE-ANNOTATED-BRONZE	Bronze		C26H45NO7S	WBWWGRHZICKQGZ-HZAMXZRMSA-N	WBWWGRHZICKQGZ	Lipids and lipid-like molecules	Steroids and steroid derivatives	Bile acids, alcohols and derivatives	Steroids	Cholane steroids|Cholestane steroids	Terpenoids	mzspec:GNPS:GNPS-LIBRARY:CCMSLIB00006680127
480	30	533.3266269259983	1	533.3266269259984	0.0	602.5131333333333	28	2	3	3	3	3	3	3	3	3	0	3	1	0	3	3	3	3	3	3	3	3	0	3	1	2	G1,G2	Vibrio_1A01,Vibrio_6D03,Phaeobacter_B2R04,Shewanella_B2R08,Roseovarius_B2R09,Colwellia_C2M19,Paracoccus_C2R07,Salipiger_C3M06,Arenibacter_D3M17,Motilimonas_G1M02	1-1A01.mzML,2-6D03.mzML,3-B2R04.mzML,4-B2R08.mzML,5-B2R09.mzML,6-C2M19.mzML,7-C2R07_2.mzML,8-C3M06.mzML,10-D3M17.mzML,11-G1M02.mzML,bkgrnd-marine-broth.mzML	8	CCMSLIB00011429876	480.0	specs_ms.mgf	BILELIB19.mgf	0.759957	23799.2	602.302	1.25887	15.0	0.000671387	533.325	1.0	temp/specs_ms.mgf480	1.0	(((3a,7a,12a)-3,7,12-trihydroxy-24-oxocholan-24-yl)amino)ethanesulfonic acid	ESI	Orbitrap	Isolated	Dorrestein	Ipsita Mohanty	M+NH4	533.326	515.292	1.0			O=S(O)(CCNC(CC[C@@H](C)C1CC[C@@]2([H])[C@]3([H])[C@H](O)CC4C[C@H](O)CC[C@]4(C)[C@@]3([H])C[C@H](O)[C@]12C)=O)=O	InChI=1S/C26H45NO8S/c1-14(4-5-22(32)27-8-9-36(33,34)35)24-20(30)12-18-23-17(13-21(31)26(18,24)3)25(2)7-6-16(28)10-15(25)11-19(23)29/h14-21,23-24,28-31H,4-13H2,1-3H3,(H,27,32)(H,33,34,35)/t14-,15-,16-,17+,18+,19-,20-,21+,23-,24?,25+,26-/m1/s1		1.0	Positive	BILELIB19	533.326	UPDATE-SINGLE-ANNOTATED-GOLD	Gold		C26H45NO7S	WBWWGRHZICKQGZ-DAQNLZHRSA-N	WBWWGRHZICKQGZ				Steroids	Cholane steroids	Terpenoids	mzspec:GNPS:GNPS-LIBRARY:CCMSLIB00011429876
481	32	533.3668378194172	1	533.366837819417	0.0	799.30453125	30	2	3	5	3	5	2	2	4	2	3	1	0	0	3	5	3	5	2	2	4	2	3	1	0	2	G1,G2	Vibrio_1A01,Vibrio_6D03,Phaeobacter_B2R04,Shewanella_B2R08,Roseovarius_B2R09,Colwellia_C2M19,Paracoccus_C2R07,Salipiger_C3M06,Acinetobacter_D3M06,Arenibacter_D3M17	1-1A01.mzML,2-6D03.mzML,3-B2R04.mzML,4-B2R08.mzML,5-B2R09.mzML,6-C2M19.mzML,7-C2R07_2.mzML,8-C3M06.mzML,9-D3M06.mzML,10-D3M17.mzML,bkgrnd-marine-broth.mzML	12																																														
482	37	534.3560230152027	1	534.3560230152026	0.0	552.8990810810811	31	6	5	4	5	2	4	1	2	3	1	2	2	0	5	4	5	2	4	1	2	3	1	2	2	6	G1,G2	Vibrio_1A01,Vibrio_6D03,Phaeobacter_B2R04,Shewanella_B2R08,Roseovarius_B2R09,Colwellia_C2M19,Paracoccus_C2R07,Salipiger_C3M06,Acinetobacter_D3M06,Arenibacter_D3M17,Motilimonas_G1M02	1-1A01.mzML,2-6D03.mzML,3-B2R04.mzML,4-B2R08.mzML,5-B2R09.mzML,6-C2M19.mzML,7-C2R07_2.mzML,8-C3M06.mzML,9-D3M06.mzML,10-D3M17.mzML,11-G1M02.mzML,bkgrnd-marine-broth.mzML	27																																														
483	59	535.39607540497	1	535.3960754049702	0.0	806.5975423728814	55	4	6	6	6	5	6	4	6	4	6	6	0	0	6	6	6	5	6	4	6	4	6	6	0	4	G1,G2	Vibrio_1A01,Vibrio_6D03,Phaeobacter_B2R04,Shewanella_B2R08,Roseovarius_B2R09,Colwellia_C2M19,Paracoccus_C2R07,Salipiger_C3M06,Acinetobacter_D3M06,Arenibacter_D3M17	1-1A01.mzML,2-6D03.mzML,3-B2R04.mzML,4-B2R08.mzML,5-B2R09.mzML,6-C2M19.mzML,7-C2R07_2.mzML,8-C3M06.mzML,9-D3M06.mzML,10-D3M17.mzML,bkgrnd-marine-broth.mzML	27																																														
484	2	537.266418457031	1	537.266418457031	0.0	445.208	2	0	0	2	0	0	0	0	0	0	0	0	0	0	0	2	0	0	0	0	0	0	0	0	0	0	G1	Vibrio_6D03	2-6D03.mzML	18																																														
485	8	537.301513671875	1	537.301513671875	0.0	435.82475	8	0	0	0	2	0	2	0	0	2	2	0	0	0	0	0	2	0	2	0	0	2	2	0	0	0	G1	Phaeobacter_B2R04,Roseovarius_B2R09,Salipiger_C3M06,Acinetobacter_D3M06	3-B2R04.mzML,5-B2R09.mzML,8-C3M06.mzML,9-D3M06.mzML	18																																														
486	26	538.2799682617189	1	538.2799682617189	0.0	609.395	26	0	0	2	2	2	4	4	4	2	0	6	0	0	0	2	2	2	4	4	4	2	0	6	0	0	G1	Vibrio_6D03,Phaeobacter_B2R04,Shewanella_B2R08,Roseovarius_B2R09,Colwellia_C2M19,Paracoccus_C2R07,Salipiger_C3M06,Arenibacter_D3M17	2-6D03.mzML,3-B2R04.mzML,4-B2R08.mzML,5-B2R09.mzML,6-C2M19.mzML,7-C2R07_2.mzML,8-C3M06.mzML,10-D3M17.mzML	-1	CCMSLIB00003136458	486.0	specs_ms.mgf	GNPS-NIST14-MATCHES.mgf	0.738861	10868.4	608.029	1.36067	10.0	0.000732422	538.28	1.0	temp/specs_ms.mgf486	1.0	Spectral Match to Taurocholic acid from NIST14	ESI	qTof	Isolated	Data from Joshua Wollam	Data deposited by fevargas	M+Na	538.281	515.292	1.0	81243		C[C@H](CCC(=O)NCCS(=O)(=O)O)[C@H]1CC[C@@H]2[C@@]1([C@H](C[C@H]3[C@H]2[C@@H](C[C@H]4[C@@]3(CC[C@H](C4)O)C)O)O)C	InChI=1S/C26H45NO7S/c1-15(4-7-23(31)27-10-11-35(32,33)34)18-5-6-19-24-20(14-22(30)26(18,19)3)25(2)9-8-17(28)12-16(25)13-21(24)29/h15-22,24,28-30H,4-14H2,1-3H3,(H,27,31)(H,32,33,34)/t15-,16+,17-,18-,19+,20+,21-,22+,24+,25+,26-/m1/s1		3.0	Positive	GNPS-NIST14-MATCHES	538.281	UPDATE-SINGLE-ANNOTATED-BRONZE	Bronze		C26H45NO7S	WBWWGRHZICKQGZ-HZAMXZRMSA-N	WBWWGRHZICKQGZ	Lipids and lipid-like molecules	Steroids and steroid derivatives	Bile acids, alcohols and derivatives	Steroids	Cholane steroids	Terpenoids	mzspec:GNPS:GNPS-LIBRARY:CCMSLIB00003136458
487	6	539.289184570313	1	539.289184570313	0.0	399.7421666666667	6	0	0	6	0	0	0	0	0	0	0	0	0	0	0	6	0	0	0	0	0	0	0	0	0	0	G1	Vibrio_6D03	2-6D03.mzML	-1																																														
488	44	542.3501226251776	1	542.3501226251774	0.0	19.42642045454545	44	0	0	6	6	6	6	4	4	6	4	2	0	0	0	6	6	6	6	4	4	6	4	2	0	0	G1	Vibrio_6D03,Phaeobacter_B2R04,Shewanella_B2R08,Roseovarius_B2R09,Colwellia_C2M19,Paracoccus_C2R07,Salipiger_C3M06,Acinetobacter_D3M06,Arenibacter_D3M17	2-6D03.mzML,3-B2R04.mzML,4-B2R08.mzML,5-B2R09.mzML,6-C2M19.mzML,7-C2R07_2.mzML,8-C3M06.mzML,9-D3M06.mzML,10-D3M17.mzML	-1																																														
489	2	542.388671875	1	542.388671875	0.0	755.1659999999999	2	0	0	0	0	0	0	0	2	0	0	0	0	0	0	0	0	0	0	0	2	0	0	0	0	0	G1	Paracoccus_C2R07	7-C2R07_2.mzML	3																																														
490	2	543.238372802734	1	543.238372802734	0.0	201.2725	2	0	0	0	2	0	0	0	0	0	0	0	0	0	0	0	2	0	0	0	0	0	0	0	0	0	G1	Phaeobacter_B2R04	3-B2R04.mzML	41																																														
491	2	543.238372802734	1	543.238372802734	0.0	201.4645	2	0	0	0	2	0	0	0	0	0	0	0	0	0	0	0	2	0	0	0	0	0	0	0	0	0	G1	Phaeobacter_B2R04	3-B2R04.mzML	-1																																														
492	2	544.770324707031	1	544.770324707031	0.0	424.3615	2	0	0	0	0	0	0	0	2	0	0	0	0	0	0	0	0	0	0	0	2	0	0	0	0	0	G1	Paracoccus_C2R07	7-C2R07_2.mzML	-1																																														
493	2	553.288696289063	1	553.288696289063	0.0	404.979	2	0	0	0	0	0	0	0	0	0	2	0	0	0	0	0	0	0	0	0	0	0	2	0	0	0	G1	Acinetobacter_D3M06	9-D3M06.mzML	-1																																														
494	6	553.305094401042	1	553.305094401042	0.0	422.2576666666666	6	0	6	0	0	0	0	0	0	0	0	0	0	0	6	0	0	0	0	0	0	0	0	0	0	0	G1	Vibrio_1A01	1-1A01.mzML	18																																														
495	18	554.2936876085073	1	554.2936876085073	0.0	393.86016666666666	18	0	0	6	0	6	0	0	0	0	0	0	6	0	0	6	0	6	0	0	0	0	0	0	6	0	G1	Vibrio_6D03,Shewanella_B2R08,Motilimonas_G1M02	2-6D03.mzML,4-B2R08.mzML,11-G1M02.mzML	-1																																														
496	6	554.4251708984376	1	554.4251708984376	0.0	16.794472222222222	6	0	0	0	0	0	2	0	4	0	0	0	0	0	0	0	0	0	2	0	4	0	0	0	0	0	G1	Roseovarius_B2R09,Paracoccus_C2R07	5-B2R09.mzML,7-C2R07_2.mzML	3																																														
497	19	557.2940673828127	1	557.2940673828126	0.0	425.17447368421045	17	2	4	0	4	0	0	0	4	1	2	0	2	0	4	0	4	0	0	0	4	1	2	0	2	2	G1,G2	Vibrio_1A01,Phaeobacter_B2R04,Paracoccus_C2R07,Salipiger_C3M06,Acinetobacter_D3M06,Motilimonas_G1M02	1-1A01.mzML,3-B2R04.mzML,7-C2R07_2.mzML,8-C3M06.mzML,9-D3M06.mzML,11-G1M02.mzML,bkgrnd-marine-broth.mzML	67																																														
498	48	558.3839950561525	1	558.3839950561522	0.0	648.804	48	0	0	6	4	6	6	6	6	2	6	6	0	0	0	6	4	6	6	6	6	2	6	6	0	0	G1	Vibrio_6D03,Phaeobacter_B2R04,Shewanella_B2R08,Roseovarius_B2R09,Colwellia_C2M19,Paracoccus_C2R07,Salipiger_C3M06,Acinetobacter_D3M06,Arenibacter_D3M17	2-6D03.mzML,3-B2R04.mzML,4-B2R08.mzML,5-B2R09.mzML,6-C2M19.mzML,7-C2R07_2.mzML,8-C3M06.mzML,9-D3M06.mzML,10-D3M17.mzML	3																																														
499	4	561.7605285644535	1	561.7605285644535	0.0	402.998	4	0	0	0	2	0	0	0	2	0	0	0	0	0	0	0	2	0	0	0	2	0	0	0	0	0	G1	Phaeobacter_B2R04,Paracoccus_C2R07	3-B2R04.mzML,7-C2R07_2.mzML	156																																														
500	2	562.29443359375	1	562.29443359375	0.0	456.556	2	0	2	0	0	0	0	0	0	0	0	0	0	0	2	0	0	0	0	0	0	0	0	0	0	0	G1	Vibrio_1A01	1-1A01.mzML	82																																														
501	68	564.35963529699	1	564.3596352969901	0.0	456.6068088235295	62	6	4	6	6	6	6	6	6	6	6	6	4	0	4	6	6	6	6	6	6	6	6	6	4	6	G1,G2	Vibrio_1A01,Vibrio_6D03,Phaeobacter_B2R04,Shewanella_B2R08,Roseovarius_B2R09,Colwellia_C2M19,Paracoccus_C2R07,Salipiger_C3M06,Acinetobacter_D3M06,Arenibacter_D3M17,Motilimonas_G1M02	1-1A01.mzML,2-6D03.mzML,3-B2R04.mzML,4-B2R08.mzML,5-B2R09.mzML,6-C2M19.mzML,7-C2R07_2.mzML,8-C3M06.mzML,9-D3M06.mzML,10-D3M17.mzML,11-G1M02.mzML,bkgrnd-marine-broth.mzML	82																																														
502	6	568.279296875	1	568.279296875	0.0	196.5455	6	0	6	0	0	0	0	0	0	0	0	0	0	0	6	0	0	0	0	0	0	0	0	0	0	0	G1	Vibrio_1A01	1-1A01.mzML	-1																																														
503	3	569.290303548177	1	569.290303548177	0.0	399.0183333333334	3	0	0	0	0	0	0	3	0	0	0	0	0	0	0	0	0	0	0	3	0	0	0	0	0	0	G1	Colwellia_C2M19	6-C2M19.mzML	152																																														
504	9	569.2937418619792	1	569.2937418619792	0.0	402.4817777777778	9	0	3	0	0	3	0	3	0	0	0	0	0	0	3	0	0	3	0	3	0	0	0	0	0	0	G1	Vibrio_1A01,Shewanella_B2R08,Colwellia_C2M19	1-1A01.mzML,4-B2R08.mzML,6-C2M19.mzML	18																																														
505	6	569.2954610188805	1	569.2954610188805	0.0	403.92550000000006	6	0	3	0	0	3	0	0	0	0	0	0	0	0	3	0	0	3	0	0	0	0	0	0	0	0	G1	Vibrio_1A01,Shewanella_B2R08	1-1A01.mzML,4-B2R08.mzML	-1																																														
506	2	569.312896728516	1	569.312896728516	0.0	455.86	2	0	0	1	0	1	0	0	0	0	0	0	0	0	0	1	0	1	0	0	0	0	0	0	0	0	G1	Vibrio_6D03,Shewanella_B2R08	2-6D03.mzML,4-B2R08.mzML	12																																														
507	2	569.312469482422	1	569.312469482422	0.0	455.312	2	0	0	0	0	0	0	2	0	0	0	0	0	0	0	0	0	0	0	2	0	0	0	0	0	0	G1	Colwellia_C2M19	6-C2M19.mzML	12																																														
508	22	569.3156377618964	1	569.3156377618964	0.0	456.3353181818182	19	3	2	1	1	0	3	1	2	3	2	3	1	0	2	1	1	0	3	1	2	3	2	3	1	3	G1,G2	Vibrio_1A01,Vibrio_6D03,Phaeobacter_B2R04,Roseovarius_B2R09,Colwellia_C2M19,Paracoccus_C2R07,Salipiger_C3M06,Acinetobacter_D3M06,Arenibacter_D3M17,Motilimonas_G1M02	1-1A01.mzML,2-6D03.mzML,3-B2R04.mzML,5-B2R09.mzML,6-C2M19.mzML,7-C2R07_2.mzML,8-C3M06.mzML,9-D3M06.mzML,10-D3M17.mzML,11-G1M02.mzML,bkgrnd-marine-broth.mzML	12																																														
509	9	570.2171291775172	1	570.2171291775173	0.0	607.140888888889	9	0	0	3	2	1	1	1	1	0	0	0	0	0	0	3	2	1	1	1	1	0	0	0	0	0	G1	Vibrio_6D03,Phaeobacter_B2R04,Shewanella_B2R08,Roseovarius_B2R09,Colwellia_C2M19,Paracoccus_C2R07	2-6D03.mzML,3-B2R04.mzML,4-B2R08.mzML,5-B2R09.mzML,6-C2M19.mzML,7-C2R07_2.mzML	-1																																														
510	22	570.2859829989346	1	570.2859829989347	0.0	276.87054545454544	22	0	0	0	6	0	4	0	0	6	6	0	0	0	0	0	6	0	4	0	0	6	6	0	0	0	G1	Phaeobacter_B2R04,Roseovarius_B2R09,Salipiger_C3M06,Acinetobacter_D3M06	3-B2R04.mzML,5-B2R09.mzML,8-C3M06.mzML,9-D3M06.mzML	-1																																														
511	15	570.4203803168405	1	570.4203803168406	0.0	872.1976666666667	15	0	0	1	1	0	2	4	2	0	2	3	0	0	0	1	1	0	2	4	2	0	2	3	0	0	G1	Vibrio_6D03,Phaeobacter_B2R04,Roseovarius_B2R09,Colwellia_C2M19,Paracoccus_C2R07,Acinetobacter_D3M06,Arenibacter_D3M17	2-6D03.mzML,3-B2R04.mzML,5-B2R09.mzML,6-C2M19.mzML,7-C2R07_2.mzML,9-D3M06.mzML,10-D3M17.mzML	3	CCMSLIB00004715668	511.0	specs_ms.mgf	MONA.mgf	0.73228	22937.7	871.024	2168.67	6.0	1.23438	570.42	1.0	temp/specs_ms.mgf511	1.0	5-methoxy-3-methyl-4-[(2S,3R,4S,5S,6R)-3,4,5-trihydroxy-6-[[(2R,3R,4S,5S,6R)-3,4,5-trihydroxy-6-(hydroxymethyl)oxan-2-yl]oxymethyl]oxan-2-yl]oxy-3H-benzo[f][2]benzofuran-1-one		ESI-QFT	isolated	MoNA	MoNA:VF-NPL-QEHF024605	[M+H]+	569.186	0.0	1.0			COc1cccc2cc3c(c(O[C@@H]4O[C@H](CO[C@@H]5O[C@H](CO)[C@@H](O)[C@H](O)[C@H]5O)[C@@H](O)[C@H](O)[C@H]4O)c12)C(C)OC3=O	InChI=1S/C26H32O14/c1-9-15-11(24(34)37-9)6-10-4-3-5-12(35-2)16(10)23(15)40-26-22(33)20(31)18(29)14(39-26)8-36-25-21(32)19(30)17(28)13(7-27)38-25/h3-6,9,13-14,17-22,25-33H,7-8H2,1-2H3/t9?,13-,14-,17-,18-,19+,20+,21-,22-,25-,26+/m1/s1		3.0	positive	MONA	569.186	UPDATE-SINGLE-ANNOTATED-BRONZE	Bronze		C26H32O14	PAEOIXITAYMQRF-BYSCJPLWSA-N	PAEOIXITAYMQRF	Organic oxygen compounds	Organooxygen compounds	Carbohydrates and carbohydrate conjugates	Naphthalenes	Naphthalenes and derivatives	Polyketides	mzspec:GNPS:GNPS-LIBRARY:CCMSLIB00004715668
512	45	570.4226689091435	1	570.4226689091435	0.0	872.3964444444446	39	6	6	5	5	0	4	2	4	6	4	3	0	0	6	5	5	0	4	2	4	6	4	3	0	6	G1,G2	Vibrio_1A01,Vibrio_6D03,Phaeobacter_B2R04,Roseovarius_B2R09,Colwellia_C2M19,Paracoccus_C2R07,Salipiger_C3M06,Acinetobacter_D3M06,Arenibacter_D3M17	1-1A01.mzML,2-6D03.mzML,3-B2R04.mzML,5-B2R09.mzML,6-C2M19.mzML,7-C2R07_2.mzML,8-C3M06.mzML,9-D3M06.mzML,10-D3M17.mzML,bkgrnd-marine-broth.mzML	3																																														
513	6	571.262288411458	1	571.262288411458	0.0	417.412	6	0	6	0	0	0	0	0	0	0	0	0	0	0	6	0	0	0	0	0	0	0	0	0	0	0	G1	Vibrio_1A01	1-1A01.mzML	-1																																														
514	4	571.3415832519535	1	571.3415832519535	0.0	453.62700000000007	4	0	0	0	0	2	0	2	0	0	0	0	0	0	0	0	0	2	0	2	0	0	0	0	0	0	G1	Shewanella_B2R08,Colwellia_C2M19	4-B2R08.mzML,6-C2M19.mzML	-1																																														
515	72	572.4382375081381	1	572.4382375081386	0.0	790.797861111111	66	6	6	6	6	6	6	6	6	6	6	6	6	0	6	6	6	6	6	6	6	6	6	6	6	6	G1,G2	Vibrio_1A01,Vibrio_6D03,Phaeobacter_B2R04,Shewanella_B2R08,Roseovarius_B2R09,Colwellia_C2M19,Paracoccus_C2R07,Salipiger_C3M06,Acinetobacter_D3M06,Arenibacter_D3M17,Motilimonas_G1M02	1-1A01.mzML,2-6D03.mzML,3-B2R04.mzML,4-B2R08.mzML,5-B2R09.mzML,6-C2M19.mzML,7-C2R07_2.mzML,8-C3M06.mzML,9-D3M06.mzML,10-D3M17.mzML,11-G1M02.mzML,bkgrnd-marine-broth.mzML	1																																														
516	3	573.294514973958	1	573.294514973958	0.0	414.304	3	0	3	0	0	0	0	0	0	0	0	0	0	0	3	0	0	0	0	0	0	0	0	0	0	0	G1	Vibrio_1A01	1-1A01.mzML	-1																																														
517	3	573.294514973958	1	573.294514973958	0.0	414.496	3	0	3	0	0	0	0	0	0	0	0	0	0	0	3	0	0	0	0	0	0	0	0	0	0	0	G1	Vibrio_1A01	1-1A01.mzML	-1																																														
518	2	577.268432617188	1	577.268432617188	0.0	426.891	2	0	2	0	0	0	0	0	0	0	0	0	0	0	2	0	0	0	0	0	0	0	0	0	0	0	G1	Vibrio_1A01	1-1A01.mzML	89																																														
519	15	577.3935289171006	1	577.3935289171006	0.0	795.1681333333332	15	0	3	4	0	3	2	0	2	0	1	0	0	0	3	4	0	3	2	0	2	0	1	0	0	0	G1	Vibrio_1A01,Vibrio_6D03,Shewanella_B2R08,Roseovarius_B2R09,Paracoccus_C2R07,Acinetobacter_D3M06	1-1A01.mzML,2-6D03.mzML,4-B2R08.mzML,5-B2R09.mzML,7-C2R07_2.mzML,9-D3M06.mzML	12																																														
520	38	579.4219520970395	1	579.4219520970393	0.0	800.401263157895	38	0	6	6	0	6	6	4	6	0	4	0	0	0	6	6	0	6	6	4	6	0	4	0	0	0	G1	Vibrio_1A01,Vibrio_6D03,Shewanella_B2R08,Roseovarius_B2R09,Colwellia_C2M19,Paracoccus_C2R07,Acinetobacter_D3M06	1-1A01.mzML,2-6D03.mzML,4-B2R08.mzML,5-B2R09.mzML,6-C2M19.mzML,7-C2R07_2.mzML,9-D3M06.mzML	27																																														
521	39	584.3046186398234	1	584.3046186398234	0.0	417.17535897435897	34	5	0	6	4	0	5	0	4	2	5	2	6	0	0	6	4	0	5	0	4	2	5	2	6	5	G1,G2	Vibrio_6D03,Phaeobacter_B2R04,Roseovarius_B2R09,Paracoccus_C2R07,Salipiger_C3M06,Acinetobacter_D3M06,Arenibacter_D3M17,Motilimonas_G1M02	2-6D03.mzML,3-B2R04.mzML,5-B2R09.mzML,7-C2R07_2.mzML,8-C3M06.mzML,9-D3M06.mzML,10-D3M17.mzML,11-G1M02.mzML,bkgrnd-marine-broth.mzML	90																																														
522	2	584.302480061849	1	584.302480061849	0.0	410.024	2	0	0	0	0	0	1	0	0	0	1	0	0	0	0	0	0	0	1	0	0	0	1	0	0	0	G1	Roseovarius_B2R09,Acinetobacter_D3M06	5-B2R09.mzML,9-D3M06.mzML	-1																																														
523	6	585.274943033854	1	585.274943033854	0.0	744.3363333333333	6	0	6	0	0	0	0	0	0	0	0	0	0	0	6	0	0	0	0	0	0	0	0	0	0	0	G1	Vibrio_1A01	1-1A01.mzML	27																																														
524	3	585.287272135417	1	585.287272135417	0.0	417.0583333333333	3	0	0	0	0	3	0	0	0	0	0	0	0	0	0	0	0	3	0	0	0	0	0	0	0	0	G1	Shewanella_B2R08	4-B2R08.mzML	-1																																														
525	3	585.287272135417	1	585.287272135417	0.0	417.2503333333333	3	0	0	0	0	3	0	0	0	0	0	0	0	0	0	0	0	3	0	0	0	0	0	0	0	0	G1	Shewanella_B2R08	4-B2R08.mzML	-1																																														
526	4	585.295532226563	1	585.295532226563	0.0	435.3760000000001	4	0	4	0	0	0	0	0	0	0	0	0	0	0	4	0	0	0	0	0	0	0	0	0	0	0	G1	Vibrio_1A01	1-1A01.mzML	-1																																														
527	24	586.3191121419271	1	586.3191121419271	0.0	432.48991666666666	20	4	0	2	4	0	4	0	2	4	2	0	2	0	0	2	4	0	4	0	2	4	2	0	2	4	G1,G2	Vibrio_6D03,Phaeobacter_B2R04,Roseovarius_B2R09,Paracoccus_C2R07,Salipiger_C3M06,Acinetobacter_D3M06,Motilimonas_G1M02	2-6D03.mzML,3-B2R04.mzML,5-B2R09.mzML,7-C2R07_2.mzML,8-C3M06.mzML,9-D3M06.mzML,11-G1M02.mzML,bkgrnd-marine-broth.mzML	90																																														
528	4	587.3169555664065	1	587.3169555664065	0.0	468.636	4	0	0	2	0	0	0	0	0	0	2	0	0	0	0	2	0	0	0	0	0	0	2	0	0	0	G1	Vibrio_6D03,Acinetobacter_D3M06	2-6D03.mzML,9-D3M06.mzML	18																																														
529	4	590.2830810546875	1	590.2830810546875	0.0	401.40375000000006	4	0	0	0	2	0	0	0	0	2	0	0	0	0	0	0	2	0	0	0	0	2	0	0	0	0	G1	Phaeobacter_B2R04,Salipiger_C3M06	3-B2R04.mzML,8-C3M06.mzML	-1																																														
530	3	592.2710266113282	1	592.2710266113282	0.0	424.8026666666667	3	0	0	1	0	0	1	0	0	0	0	0	1	0	0	1	0	0	1	0	0	0	0	0	1	0	G1	Vibrio_6D03,Roseovarius_B2R09,Motilimonas_G1M02	2-6D03.mzML,5-B2R09.mzML,11-G1M02.mzML	-1																																														
531	4	592.2710571289065	1	592.2710571289065	0.0	425.2115	4	0	0	1	0	0	1	0	0	0	0	0	2	0	0	1	0	0	1	0	0	0	0	0	2	0	G1	Vibrio_6D03,Roseovarius_B2R09,Motilimonas_G1M02	2-6D03.mzML,5-B2R09.mzML,11-G1M02.mzML	-1																																														
532	6	596.3399251302084	1	596.3399251302084	0.0	440.7705	6	0	1	1	1	0	2	0	0	0	1	0	0	0	1	1	1	0	2	0	0	0	1	0	0	0	G1	Vibrio_1A01,Vibrio_6D03,Phaeobacter_B2R04,Roseovarius_B2R09,Acinetobacter_D3M06	1-1A01.mzML,2-6D03.mzML,3-B2R04.mzML,5-B2R09.mzML,9-D3M06.mzML	18																																														
533	4	596.3409118652345	1	596.3409118652345	0.0	440.4045	4	0	1	1	1	0	0	0	0	0	1	0	0	0	1	1	1	0	0	0	0	0	1	0	0	0	G1	Vibrio_1A01,Vibrio_6D03,Phaeobacter_B2R04,Acinetobacter_D3M06	1-1A01.mzML,2-6D03.mzML,3-B2R04.mzML,9-D3M06.mzML	-1																																														
534	22	598.4514049183236	1	598.4514049183236	0.0	552.5913712121212	22	0	0	0	6	0	6	0	6	4	0	0	0	0	0	0	6	0	6	0	6	4	0	0	0	0	G1	Phaeobacter_B2R04,Roseovarius_B2R09,Paracoccus_C2R07,Salipiger_C3M06	3-B2R04.mzML,5-B2R09.mzML,7-C2R07_2.mzML,8-C3M06.mzML	3																																														
535	32	602.2783546447754	1	602.2783546447754	0.0	410.166125	32	0	6	2	0	6	2	4	4	4	4	0	0	0	6	2	0	6	2	4	4	4	4	0	0	0	G1	Vibrio_1A01,Vibrio_6D03,Shewanella_B2R08,Roseovarius_B2R09,Colwellia_C2M19,Paracoccus_C2R07,Salipiger_C3M06,Acinetobacter_D3M06	1-1A01.mzML,2-6D03.mzML,4-B2R08.mzML,5-B2R09.mzML,6-C2M19.mzML,7-C2R07_2.mzML,8-C3M06.mzML,9-D3M06.mzML	-1																																														
536	2	603.284240722656	1	603.284240722656	0.0	607.115	2	0	2	0	0	0	0	0	0	0	0	0	0	0	2	0	0	0	0	0	0	0	0	0	0	0	G1	Vibrio_1A01	1-1A01.mzML	27																																														
537	66	608.385561548098	1	608.385561548098	0.0	459.01868181818185	60	6	6	6	5	6	5	6	6	6	4	6	4	0	6	6	5	6	5	6	6	6	4	6	4	6	G1,G2	Vibrio_1A01,Vibrio_6D03,Phaeobacter_B2R04,Shewanella_B2R08,Roseovarius_B2R09,Colwellia_C2M19,Paracoccus_C2R07,Salipiger_C3M06,Acinetobacter_D3M06,Arenibacter_D3M17,Motilimonas_G1M02	1-1A01.mzML,2-6D03.mzML,3-B2R04.mzML,4-B2R08.mzML,5-B2R09.mzML,6-C2M19.mzML,7-C2R07_2.mzML,8-C3M06.mzML,9-D3M06.mzML,10-D3M17.mzML,11-G1M02.mzML,bkgrnd-marine-broth.mzML	82	CCMSLIB00004698561	537.0	specs_ms.mgf	MONA.mgf	0.816376	65429.1	458.928	1713.45	10.0	1.04065	608.384	1.0	temp/specs_ms.mgf537	1.0	dehydroxynocardamine		ESI-QFT	isolated	MoNA	MoNA:VF-NPL-QEHF007498	[M+Na]+	607.343	0.0	1.0			O=C1CCC(O)=NCCCCCN=C(O)CCC(O)=NCCCCCN(O)C(=O)CCC(O)=NCCCCCN1O	InChI=1S/C27H48N6O8/c34-22-10-11-23(35)29-18-6-2-8-20-32(40)27(39)15-13-25(37)31-19-7-3-9-21-33(41)26(38)14-12-24(36)30-17-5-1-4-16-28-22/h40-41H,1-21H2,(H,28,34)(H,29,35)(H,30,36)(H,31,37)		3.0	positive	MONA	607.343	UPDATE-SINGLE-ANNOTATED-BRONZE	Bronze		C27H48N6O8	ABHHIGWFFMCQOC-UHFFFAOYSA-N	ABHHIGWFFMCQOC						Alkaloids	mzspec:GNPS:GNPS-LIBRARY:CCMSLIB00004698561
538	12	610.2827962239584	1	610.2827962239584	0.0	196.201	12	0	2	0	2	0	2	0	0	2	2	0	2	0	2	0	2	0	2	0	0	2	2	0	2	0	G1	Vibrio_1A01,Phaeobacter_B2R04,Roseovarius_B2R09,Salipiger_C3M06,Acinetobacter_D3M06,Motilimonas_G1M02	1-1A01.mzML,3-B2R04.mzML,5-B2R09.mzML,8-C3M06.mzML,9-D3M06.mzML,11-G1M02.mzML	-1																																														
539	10	612.3341562906902	1	612.3341562906902	0.0	429.5517	9	1	0	1	1	0	2	0	2	2	1	0	0	0	0	1	1	0	2	0	2	2	1	0	0	1	G1,G2	Vibrio_6D03,Phaeobacter_B2R04,Roseovarius_B2R09,Paracoccus_C2R07,Salipiger_C3M06,Acinetobacter_D3M06	2-6D03.mzML,3-B2R04.mzML,5-B2R09.mzML,7-C2R07_2.mzML,8-C3M06.mzML,9-D3M06.mzML,bkgrnd-marine-broth.mzML	41																																														
540	10	612.3341562906902	1	612.3341562906902	0.0	429.74369999999993	9	1	0	1	1	0	2	0	2	2	1	0	0	0	0	1	1	0	2	0	2	2	1	0	0	1	G1,G2	Vibrio_6D03,Phaeobacter_B2R04,Roseovarius_B2R09,Paracoccus_C2R07,Salipiger_C3M06,Acinetobacter_D3M06	2-6D03.mzML,3-B2R04.mzML,5-B2R09.mzML,7-C2R07_2.mzML,8-C3M06.mzML,9-D3M06.mzML,bkgrnd-marine-broth.mzML	90																																														
541	16	612.3343187967937	1	612.3343187967938	0.0	436.82975	14	2	0	2	2	0	2	0	2	2	2	0	2	0	0	2	2	0	2	0	2	2	2	0	2	2	G1,G2	Vibrio_6D03,Phaeobacter_B2R04,Roseovarius_B2R09,Paracoccus_C2R07,Salipiger_C3M06,Acinetobacter_D3M06,Motilimonas_G1M02	2-6D03.mzML,3-B2R04.mzML,5-B2R09.mzML,7-C2R07_2.mzML,8-C3M06.mzML,9-D3M06.mzML,11-G1M02.mzML,bkgrnd-marine-broth.mzML	-1																																														
542	4	612.3375244140625	1	612.3375244140625	0.0	440.147	2	2	0	0	0	0	0	0	0	0	2	0	0	0	0	0	0	0	0	0	0	0	2	0	0	2	G1,G2	Acinetobacter_D3M06	9-D3M06.mzML,bkgrnd-marine-broth.mzML	38																																														
543	9	613.3390096028647	1	613.3390096028647	0.0	459.1632222222223	9	0	0	2	0	2	0	0	1	0	2	2	0	0	0	2	0	2	0	0	1	0	2	2	0	0	G1	Vibrio_6D03,Shewanella_B2R08,Paracoccus_C2R07,Acinetobacter_D3M06,Arenibacter_D3M17	2-6D03.mzML,4-B2R08.mzML,7-C2R07_2.mzML,9-D3M06.mzML,10-D3M17.mzML	12																																														
544	26	614.3504075270434	1	614.3504075270432	0.0	442.3693846153846	22	4	0	0	4	0	4	0	2	4	4	0	4	0	0	0	4	0	4	0	2	4	4	0	4	4	G1,G2	Phaeobacter_B2R04,Roseovarius_B2R09,Paracoccus_C2R07,Salipiger_C3M06,Acinetobacter_D3M06,Motilimonas_G1M02	3-B2R04.mzML,5-B2R09.mzML,7-C2R07_2.mzML,8-C3M06.mzML,9-D3M06.mzML,11-G1M02.mzML,bkgrnd-marine-broth.mzML	38																																														
545	49	614.4490946036619	1	614.4490946036618	0.0	865.5845918367346	43	6	6	6	5	0	4	5	5	4	3	5	0	0	6	6	5	0	4	5	5	4	3	5	0	6	G1,G2	Vibrio_1A01,Vibrio_6D03,Phaeobacter_B2R04,Roseovarius_B2R09,Colwellia_C2M19,Paracoccus_C2R07,Salipiger_C3M06,Acinetobacter_D3M06,Arenibacter_D3M17	1-1A01.mzML,2-6D03.mzML,3-B2R04.mzML,5-B2R09.mzML,6-C2M19.mzML,7-C2R07_2.mzML,8-C3M06.mzML,9-D3M06.mzML,10-D3M17.mzML,bkgrnd-marine-broth.mzML	3																																														
546	11	614.4467422022967	1	614.4467422022966	0.0	865.8102727272727	11	0	0	0	1	0	2	1	1	2	3	1	0	0	0	0	1	0	2	1	1	2	3	1	0	0	G1	Phaeobacter_B2R04,Roseovarius_B2R09,Colwellia_C2M19,Paracoccus_C2R07,Salipiger_C3M06,Acinetobacter_D3M06,Arenibacter_D3M17	3-B2R04.mzML,5-B2R09.mzML,6-C2M19.mzML,7-C2R07_2.mzML,8-C3M06.mzML,9-D3M06.mzML,10-D3M17.mzML	3																																														
547	9	615.3084106445314	1	615.3084106445315	0.0	413.2074444444445	8	1	0	0	1	0	2	0	2	1	2	0	0	0	0	0	1	0	2	0	2	1	2	0	0	1	G1,G2	Phaeobacter_B2R04,Roseovarius_B2R09,Paracoccus_C2R07,Salipiger_C3M06,Acinetobacter_D3M06	3-B2R04.mzML,5-B2R09.mzML,7-C2R07_2.mzML,8-C3M06.mzML,9-D3M06.mzML,bkgrnd-marine-broth.mzML	-1																																														
548	6	615.3089701334637	1	615.3089701334637	0.0	412.14866666666666	5	1	0	0	1	0	1	0	1	0	2	0	0	0	0	0	1	0	1	0	1	0	2	0	0	1	G1,G2	Phaeobacter_B2R04,Roseovarius_B2R09,Paracoccus_C2R07,Acinetobacter_D3M06	3-B2R04.mzML,5-B2R09.mzML,7-C2R07_2.mzML,9-D3M06.mzML,bkgrnd-marine-broth.mzML	-1																																														
549	66	616.464305530895	1	616.4643055308953	0.0	785.2942424242424	60	6	6	6	6	6	6	6	6	6	6	6	0	0	6	6	6	6	6	6	6	6	6	6	0	6	G1,G2	Vibrio_1A01,Vibrio_6D03,Phaeobacter_B2R04,Shewanella_B2R08,Roseovarius_B2R09,Colwellia_C2M19,Paracoccus_C2R07,Salipiger_C3M06,Acinetobacter_D3M06,Arenibacter_D3M17	1-1A01.mzML,2-6D03.mzML,3-B2R04.mzML,4-B2R08.mzML,5-B2R09.mzML,6-C2M19.mzML,7-C2R07_2.mzML,8-C3M06.mzML,9-D3M06.mzML,10-D3M17.mzML,bkgrnd-marine-broth.mzML	1																																														
550	23	618.3256915548573	1	618.3256915548573	0.0	405.5257391304348	20	3	3	2	3	0	3	0	3	3	3	0	0	0	3	2	3	0	3	0	3	3	3	0	0	3	G1,G2	Vibrio_1A01,Vibrio_6D03,Phaeobacter_B2R04,Roseovarius_B2R09,Paracoccus_C2R07,Salipiger_C3M06,Acinetobacter_D3M06	1-1A01.mzML,2-6D03.mzML,3-B2R04.mzML,5-B2R09.mzML,7-C2R07_2.mzML,8-C3M06.mzML,9-D3M06.mzML,bkgrnd-marine-broth.mzML	86																																														
551	23	618.3256915548573	1	618.3256915548573	0.0	405.7177391304349	20	3	3	2	3	0	3	0	3	3	3	0	0	0	3	2	3	0	3	0	3	3	3	0	0	3	G1,G2	Vibrio_1A01,Vibrio_6D03,Phaeobacter_B2R04,Roseovarius_B2R09,Paracoccus_C2R07,Salipiger_C3M06,Acinetobacter_D3M06	1-1A01.mzML,2-6D03.mzML,3-B2R04.mzML,5-B2R09.mzML,7-C2R07_2.mzML,8-C3M06.mzML,9-D3M06.mzML,bkgrnd-marine-broth.mzML	90																																														
552	6	619.3166707356769	1	619.3166707356769	0.0	455.78899999999993	6	0	6	0	0	0	0	0	0	0	0	0	0	0	6	0	0	0	0	0	0	0	0	0	0	0	G1	Vibrio_1A01	1-1A01.mzML	26																																														
553	13	621.4193796011119	1	621.4193796011119	0.0	789.2637692307692	13	0	2	4	0	4	0	0	3	0	0	0	0	0	2	4	0	4	0	0	3	0	0	0	0	0	G1	Vibrio_1A01,Vibrio_6D03,Shewanella_B2R08,Paracoccus_C2R07	1-1A01.mzML,2-6D03.mzML,4-B2R08.mzML,7-C2R07_2.mzML	12																																														
554	17	623.4476174747243	1	623.4476174747244	0.0	794.7036470588234	17	0	2	6	0	3	0	0	6	0	0	0	0	0	2	6	0	3	0	0	6	0	0	0	0	0	G1	Vibrio_1A01,Vibrio_6D03,Shewanella_B2R08,Paracoccus_C2R07	1-1A01.mzML,2-6D03.mzML,4-B2R08.mzML,7-C2R07_2.mzML	27																																														
555	12	625.5551554361981	1	625.5551554361981	0.0	17.15056944444444	12	0	6	6	0	0	0	0	0	0	0	0	0	0	6	6	0	0	0	0	0	0	0	0	0	0	G1	Vibrio_1A01,Vibrio_6D03	1-1A01.mzML,2-6D03.mzML	47	CCMSLIB00006678144	555.0	specs_ms.mgf	GNPS-LIBRARY.mgf	0.722508	18011.5	1029.01	14.2453	11.0	0.00891113	625.56	1.0	temp/specs_ms.mgf555	1.0	OL (32:0)	LC-ESI	Orbitrap	Other	S Ding	Su Ding	M+H	625.551	0.0	1.0						3.0	Positive	GNPS-LIBRARY	625.551	UPDATE-SINGLE-ANNOTATED-BRONZE	Bronze											mzspec:GNPS:GNPS-LIBRARY:CCMSLIB00006678144
556	6	626.3136494954427	1	626.3136494954427	0.0	413.6721666666666	6	0	0	1	1	0	0	3	0	0	0	1	0	0	0	1	1	0	0	3	0	0	0	1	0	0	G1	Vibrio_6D03,Phaeobacter_B2R04,Colwellia_C2M19,Arenibacter_D3M17	2-6D03.mzML,3-B2R04.mzML,6-C2M19.mzML,10-D3M17.mzML	-1																																														
557	10	626.3134582519531	1	626.3134582519531	0.0	415.1493	10	0	0	1	1	0	0	3	0	2	2	1	0	0	0	1	1	0	0	3	0	2	2	1	0	0	G1	Vibrio_6D03,Phaeobacter_B2R04,Colwellia_C2M19,Salipiger_C3M06,Acinetobacter_D3M06,Arenibacter_D3M17	2-6D03.mzML,3-B2R04.mzML,6-C2M19.mzML,8-C3M06.mzML,9-D3M06.mzML,10-D3M17.mzML	50																																														
558	2	636.397277832031	1	636.397277832031	0.0	474.441	2	0	0	0	0	0	0	0	0	0	0	2	0	0	0	0	0	0	0	0	0	0	0	2	0	0	G1	Arenibacter_D3M17	10-D3M17.mzML	135																																														
559	6	641.3356933593753	1	641.3356933593753	0.0	193.87000000000003	6	0	0	0	2	0	0	0	2	0	2	0	0	0	0	0	2	0	0	0	2	0	2	0	0	0	G1	Phaeobacter_B2R04,Paracoccus_C2R07,Acinetobacter_D3M06	3-B2R04.mzML,7-C2R07_2.mzML,9-D3M06.mzML	-1																																														
560	2	642.47705078125	1	642.47705078125	0.0	990.839	2	0	0	0	0	0	0	0	2	0	0	0	0	0	0	0	0	0	0	0	2	0	0	0	0	0	G1	Paracoccus_C2R07	7-C2R07_2.mzML	3																																														
561	2	648.306182861328	1	648.306182861328	0.0	432.705	2	0	2	0	0	0	0	0	0	0	0	0	0	0	2	0	0	0	0	0	0	0	0	0	0	0	G1	Vibrio_1A01	1-1A01.mzML	-1																																														
562	2	648.306182861328	1	648.306182861328	0.0	432.897	2	0	2	0	0	0	0	0	0	0	0	0	0	0	2	0	0	0	0	0	0	0	0	0	0	0	G1	Vibrio_1A01	1-1A01.mzML	89																																														
563	6	651.565592447917	1	651.565592447917	0.0	17.274694444444442	6	0	0	6	0	0	0	0	0	0	0	0	0	0	0	6	0	0	0	0	0	0	0	0	0	0	G1	Vibrio_6D03	2-6D03.mzML	47																																														
564	2	652.327178955078	1	652.327178955078	0.0	403.961	2	0	0	0	0	2	0	0	0	0	0	0	0	0	0	0	0	2	0	0	0	0	0	0	0	0	G1	Shewanella_B2R08	4-B2R08.mzML	-1																																														
565	53	652.4107992304197	1	652.4107992304196	0.0	461.8351132075471	51	2	4	4	4	6	5	6	4	6	2	6	4	0	4	4	4	6	5	6	4	6	2	6	4	2	G1,G2	Vibrio_1A01,Vibrio_6D03,Phaeobacter_B2R04,Shewanella_B2R08,Roseovarius_B2R09,Colwellia_C2M19,Paracoccus_C2R07,Salipiger_C3M06,Acinetobacter_D3M06,Arenibacter_D3M17,Motilimonas_G1M02	1-1A01.mzML,2-6D03.mzML,3-B2R04.mzML,4-B2R08.mzML,5-B2R09.mzML,6-C2M19.mzML,7-C2R07_2.mzML,8-C3M06.mzML,9-D3M06.mzML,10-D3M17.mzML,11-G1M02.mzML,bkgrnd-marine-broth.mzML	82																																														
566	6	654.3499145507812	1	654.3499145507812	0.0	425.5636666666666	6	0	4	0	0	2	0	0	0	0	0	0	0	0	4	0	0	2	0	0	0	0	0	0	0	0	G1	Vibrio_1A01,Shewanella_B2R08	1-1A01.mzML,4-B2R08.mzML	18																																														
567	25	655.3390030924481	1	655.3390030924479	0.0	422.80724	25	0	0	4	2	0	4	0	4	4	3	1	3	0	0	4	2	0	4	0	4	4	3	1	3	0	G1	Vibrio_6D03,Phaeobacter_B2R04,Roseovarius_B2R09,Paracoccus_C2R07,Salipiger_C3M06,Acinetobacter_D3M06,Arenibacter_D3M17,Motilimonas_G1M02	2-6D03.mzML,3-B2R04.mzML,5-B2R09.mzML,7-C2R07_2.mzML,8-C3M06.mzML,9-D3M06.mzML,10-D3M17.mzML,11-G1M02.mzML	90																																														
568	7	655.339096795945	1	655.339096795945	0.0	424.2435714285714	7	0	0	1	0	0	1	0	2	2	1	0	0	0	0	1	0	0	1	0	2	2	1	0	0	0	G1	Vibrio_6D03,Roseovarius_B2R09,Paracoccus_C2R07,Salipiger_C3M06,Acinetobacter_D3M06	2-6D03.mzML,5-B2R09.mzML,7-C2R07_2.mzML,8-C3M06.mzML,9-D3M06.mzML	41																																														
569	2	657.36474609375	1	657.36474609375	0.0	461.4740000000001	2	0	0	0	0	2	0	0	0	0	0	0	0	0	0	0	0	2	0	0	0	0	0	0	0	0	G1	Shewanella_B2R08	4-B2R08.mzML	12																																														
570	46	658.4752396293312	1	658.4752396293313	0.0	858.883608695652	40	6	6	6	3	0	3	4	4	6	4	4	0	0	6	6	3	0	3	4	4	6	4	4	0	6	G1,G2	Vibrio_1A01,Vibrio_6D03,Phaeobacter_B2R04,Roseovarius_B2R09,Colwellia_C2M19,Paracoccus_C2R07,Salipiger_C3M06,Acinetobacter_D3M06,Arenibacter_D3M17	1-1A01.mzML,2-6D03.mzML,3-B2R04.mzML,5-B2R09.mzML,6-C2M19.mzML,7-C2R07_2.mzML,8-C3M06.mzML,9-D3M06.mzML,10-D3M17.mzML,bkgrnd-marine-broth.mzML	3																																														
571	14	658.4725559779579	1	658.4725559779579	0.0	858.707285714286	14	0	0	0	3	0	3	2	2	0	2	2	0	0	0	0	3	0	3	2	2	0	2	2	0	0	G1	Phaeobacter_B2R04,Roseovarius_B2R09,Colwellia_C2M19,Paracoccus_C2R07,Acinetobacter_D3M06,Arenibacter_D3M17	3-B2R04.mzML,5-B2R09.mzML,6-C2M19.mzML,7-C2R07_2.mzML,9-D3M06.mzML,10-D3M17.mzML	3																																														
572	64	660.4901180267334	1	660.4901180267334	0.0	780.045	60	4	6	6	6	6	6	6	6	6	6	6	0	0	6	6	6	6	6	6	6	6	6	6	0	4	G1,G2	Vibrio_1A01,Vibrio_6D03,Phaeobacter_B2R04,Shewanella_B2R08,Roseovarius_B2R09,Colwellia_C2M19,Paracoccus_C2R07,Salipiger_C3M06,Acinetobacter_D3M06,Arenibacter_D3M17	1-1A01.mzML,2-6D03.mzML,3-B2R04.mzML,4-B2R08.mzML,5-B2R09.mzML,6-C2M19.mzML,7-C2R07_2.mzML,8-C3M06.mzML,9-D3M06.mzML,10-D3M17.mzML,bkgrnd-marine-broth.mzML	1																																														
573	2	665.359802246094	1	665.359802246094	0.0	437.572	2	0	0	1	0	0	0	0	0	0	0	1	0	0	0	1	0	0	0	0	0	0	0	1	0	0	G1	Vibrio_6D03,Arenibacter_D3M17	2-6D03.mzML,10-D3M17.mzML	-1																																														
574	3	665.443837483724	1	665.443837483724	0.0	783.1306666666667	3	0	0	1	0	2	0	0	0	0	0	0	0	0	0	1	0	2	0	0	0	0	0	0	0	0	G1	Vibrio_6D03,Shewanella_B2R08	2-6D03.mzML,4-B2R08.mzML	12																																														
575	6	667.322672526042	1	667.322672526042	0.0	404.3128333333333	6	0	0	0	2	0	2	0	2	0	0	0	0	0	0	0	2	0	2	0	2	0	0	0	0	0	G1	Phaeobacter_B2R04,Roseovarius_B2R09,Paracoccus_C2R07	3-B2R04.mzML,5-B2R09.mzML,7-C2R07_2.mzML	65	CCMSLIB00004693103	575.0	specs_ms.mgf	MONA.mgf	0.767812	29780.5	404.838	1619.2	8.0	1.08228	667.321	1.0	temp/specs_ms.mgf575	1.0	7-benzyl-11,14,20-trimethyl-16-(2-methylpropyl)-10,13-di(propan-2-yl)-17-oxa-1,5,8,11,14-pentazabicyclo[17.3.0]docosane-2,6,9,12,15,18-hexone		ESI-QFT	isolated	MoNA	MoNA:VF-NPL-QEHF002040	[M-H]-	668.403	0.0	1.0			CC(C)CC1OC(=O)C2C(C)CCN2C(=O)CCN=C(O)C(Cc2ccccc2)N=C(O)C(C(C)C)N(C)C(=O)C(C(C)C)N(C)C1=O	InChI=1S/C36H55N5O7/c1-21(2)19-27-34(45)40(9)30(23(5)6)35(46)39(8)29(22(3)4)33(44)38-26(20-25-13-11-10-12-14-25)32(43)37-17-15-28(42)41-18-16-24(7)31(41)36(47)48-27/h10-14,21-24,26-27,29-31H,15-20H2,1-9H3,(H,37,43)(H,38,44)		3.0	negative	MONA	668.403	UPDATE-SINGLE-ANNOTATED-BRONZE	Bronze		C36H55N5O7	UCLZXGHPVJMYSQ-UHFFFAOYSA-N	UCLZXGHPVJMYSQ	Organic acids and derivatives	Peptidomimetics	Depsipeptides	Oligopeptides	Cyclic peptides|Depsipeptides	Amino acids and Peptides|Polyketides	mzspec:GNPS:GNPS-LIBRARY:CCMSLIB00004693103
576	12	667.472930908203	1	667.472930908203	0.0	788.5413333333333	12	0	0	6	0	4	0	0	2	0	0	0	0	0	0	6	0	4	0	0	2	0	0	0	0	0	G1	Vibrio_6D03,Shewanella_B2R08,Paracoccus_C2R07	2-6D03.mzML,4-B2R08.mzML,7-C2R07_2.mzML	27																																														
577	18	669.3177625868058	1	669.3177625868058	0.0	399.01822222222216	18	0	0	0	4	0	4	4	0	2	4	0	0	0	0	0	4	0	4	4	0	2	4	0	0	0	G1	Phaeobacter_B2R04,Roseovarius_B2R09,Colwellia_C2M19,Salipiger_C3M06,Acinetobacter_D3M06	3-B2R04.mzML,5-B2R09.mzML,6-C2M19.mzML,8-C3M06.mzML,9-D3M06.mzML	65																																														
578	10	671.303271484375	1	671.3032714843752	0.0	782.6687999999999	10	0	2	4	4	0	0	0	0	0	0	0	0	0	2	4	4	0	0	0	0	0	0	0	0	0	G1	Vibrio_1A01,Vibrio_6D03,Phaeobacter_B2R04	1-1A01.mzML,2-6D03.mzML,3-B2R04.mzML	27																																														
579	2	673.349792480469	1	673.349792480469	0.0	431.494	2	0	0	0	0	0	0	0	0	1	1	0	0	0	0	0	0	0	0	0	0	1	1	0	0	0	G1	Salipiger_C3M06,Acinetobacter_D3M06	8-C3M06.mzML,9-D3M06.mzML	-1																																														
580	3	673.349833170573	1	673.349833170573	0.0	431.281	3	0	0	0	0	0	0	0	1	1	1	0	0	0	0	0	0	0	0	0	1	1	1	0	0	0	G1	Paracoccus_C2R07,Salipiger_C3M06,Acinetobacter_D3M06	7-C2R07_2.mzML,8-C3M06.mzML,9-D3M06.mzML	90																																														
581	2	679.302876790365	1	679.302876790365	0.0	411.3925	2	0	0	0	0	0	0	0	0	0	0	2	0	0	0	0	0	0	0	0	0	0	0	2	0	0	G1	Arenibacter_D3M17	10-D3M17.mzML	-1																																														
582	3	679.302876790365	1	679.302876790365	0.0	412.71633333333335	3	0	0	0	0	0	0	0	0	0	0	3	0	0	0	0	0	0	0	0	0	0	0	3	0	0	G1	Arenibacter_D3M17	10-D3M17.mzML	-1																																														
583	4	680.422332763672	1	680.422332763672	0.0	474.8995000000001	4	0	0	2	0	0	2	0	0	0	0	0	0	0	0	2	0	0	2	0	0	0	0	0	0	0	G1	Vibrio_6D03,Roseovarius_B2R09	2-6D03.mzML,5-B2R09.mzML	135																																														
584	5	683.3471801757813	1	683.3471801757813	0.0	197.7836	4	1	0	0	1	0	0	0	1	1	1	0	0	0	0	0	1	0	0	0	1	1	1	0	0	1	G1,G2	Phaeobacter_B2R04,Paracoccus_C2R07,Salipiger_C3M06,Acinetobacter_D3M06	3-B2R04.mzML,7-C2R07_2.mzML,8-C3M06.mzML,9-D3M06.mzML,bkgrnd-marine-broth.mzML	-1																																														
585	6	683.3714090983073	1	683.3714090983073	0.0	434.30616666666657	5	1	0	1	1	0	1	0	1	1	0	0	0	0	0	1	1	0	1	0	1	1	0	0	0	1	G1,G2	Vibrio_6D03,Phaeobacter_B2R04,Roseovarius_B2R09,Paracoccus_C2R07,Salipiger_C3M06	2-6D03.mzML,3-B2R04.mzML,5-B2R09.mzML,7-C2R07_2.mzML,8-C3M06.mzML,bkgrnd-marine-broth.mzML	90																																														
586	2	683.370391845703	1	683.370391845703	0.0	433.834	2	0	0	0	0	0	0	0	1	1	0	0	0	0	0	0	0	0	0	0	1	1	0	0	0	0	G1	Paracoccus_C2R07,Salipiger_C3M06	7-C2R07_2.mzML,8-C3M06.mzML	41																																														
587	6	693.3548380533854	1	693.3548380533854	0.0	453.3336666666667	6	0	0	0	0	0	2	0	2	0	0	2	0	0	0	0	0	0	2	0	2	0	0	2	0	0	G1	Roseovarius_B2R09,Paracoccus_C2R07,Arenibacter_D3M17	5-B2R09.mzML,7-C2R07_2.mzML,10-D3M17.mzML	-1																																														
588	48	696.436997519599	1	696.436997519599	0.0	463.3214375	45	3	4	5	4	4	4	6	5	4	3	4	2	0	4	5	4	4	4	6	5	4	3	4	2	3	G1,G2	Vibrio_1A01,Vibrio_6D03,Phaeobacter_B2R04,Shewanella_B2R08,Roseovarius_B2R09,Colwellia_C2M19,Paracoccus_C2R07,Salipiger_C3M06,Acinetobacter_D3M06,Arenibacter_D3M17,Motilimonas_G1M02	1-1A01.mzML,2-6D03.mzML,3-B2R04.mzML,4-B2R08.mzML,5-B2R09.mzML,6-C2M19.mzML,7-C2R07_2.mzML,8-C3M06.mzML,9-D3M06.mzML,10-D3M17.mzML,11-G1M02.mzML,bkgrnd-marine-broth.mzML	82																																														
589	30	702.4982957628039	1	702.4982957628037	0.0	853.3253	30	0	0	3	3	0	6	4	2	4	5	3	0	0	0	3	3	0	6	4	2	4	5	3	0	0	G1	Vibrio_6D03,Phaeobacter_B2R04,Roseovarius_B2R09,Colwellia_C2M19,Paracoccus_C2R07,Salipiger_C3M06,Acinetobacter_D3M06,Arenibacter_D3M17	2-6D03.mzML,3-B2R04.mzML,5-B2R09.mzML,6-C2M19.mzML,7-C2R07_2.mzML,8-C3M06.mzML,9-D3M06.mzML,10-D3M17.mzML	3																																														
590	18	702.4984797724974	1	702.4984797724971	0.0	853.5856111111111	18	0	0	3	3	0	0	2	4	2	1	3	0	0	0	3	3	0	0	2	4	2	1	3	0	0	G1	Vibrio_6D03,Phaeobacter_B2R04,Colwellia_C2M19,Paracoccus_C2R07,Salipiger_C3M06,Acinetobacter_D3M06,Arenibacter_D3M17	2-6D03.mzML,3-B2R04.mzML,6-C2M19.mzML,7-C2R07_2.mzML,8-C3M06.mzML,9-D3M06.mzML,10-D3M17.mzML	3																																														
591	2	702.936279296875	1	702.936279296875	0.0	475.5595	2	0	0	0	0	2	0	0	0	0	0	0	0	0	0	0	0	2	0	0	0	0	0	0	0	0	G1	Shewanella_B2R08	4-B2R08.mzML	135																																														
592	56	704.5158233642579	1	704.5158233642584	0.0	775.1910357142857	56	0	6	6	6	6	6	6	6	2	6	6	0	0	6	6	6	6	6	6	6	2	6	6	0	0	G1	Vibrio_1A01,Vibrio_6D03,Phaeobacter_B2R04,Shewanella_B2R08,Roseovarius_B2R09,Colwellia_C2M19,Paracoccus_C2R07,Salipiger_C3M06,Acinetobacter_D3M06,Arenibacter_D3M17	1-1A01.mzML,2-6D03.mzML,3-B2R04.mzML,4-B2R08.mzML,5-B2R09.mzML,6-C2M19.mzML,7-C2R07_2.mzML,8-C3M06.mzML,9-D3M06.mzML,10-D3M17.mzML	1																																														
593	16	705.3199310302736	1	705.3199310302734	0.0	433.7293125	15	1	0	2	2	0	2	0	4	2	2	0	1	0	0	2	2	0	2	0	4	2	2	0	1	1	G1,G2	Vibrio_6D03,Phaeobacter_B2R04,Roseovarius_B2R09,Paracoccus_C2R07,Salipiger_C3M06,Acinetobacter_D3M06,Motilimonas_G1M02	2-6D03.mzML,3-B2R04.mzML,5-B2R09.mzML,7-C2R07_2.mzML,8-C3M06.mzML,9-D3M06.mzML,11-G1M02.mzML,bkgrnd-marine-broth.mzML	-1																																														
594	8	711.4994354248049	1	711.4994354248049	0.0	782.57375	8	0	0	4	0	4	0	0	0	0	0	0	0	0	0	4	0	4	0	0	0	0	0	0	0	0	G1	Vibrio_6D03,Shewanella_B2R08	2-6D03.mzML,4-B2R08.mzML	-1																																														
595	3	724.3715616861979	1	724.3715616861979	0.0	412.365	3	0	0	3	0	0	0	0	0	0	0	0	0	0	0	3	0	0	0	0	0	0	0	0	0	0	G1	Vibrio_6D03	2-6D03.mzML	108																																														
596	2	725.3505706787109	1	725.3505706787109	0.0	416.397	2	0	0	1	0	1	0	0	0	0	0	0	0	0	0	1	0	1	0	0	0	0	0	0	0	0	G1	Vibrio_6D03,Shewanella_B2R08	2-6D03.mzML,4-B2R08.mzML	108																																														
597	12	736.3619435628256	1	736.3619435628256	0.0	398.3594166666666	12	0	3	0	3	0	1	0	4	1	0	0	0	0	3	0	3	0	1	0	4	1	0	0	0	0	G1	Vibrio_1A01,Phaeobacter_B2R04,Roseovarius_B2R09,Paracoccus_C2R07,Salipiger_C3M06	1-1A01.mzML,3-B2R04.mzML,5-B2R09.mzML,7-C2R07_2.mzML,8-C3M06.mzML	-1																																														
598	40	740.463286336263	1	740.4632863362629	0.0	465.3274000000001	38	2	4	2	4	6	4	4	4	4	2	4	0	0	4	2	4	6	4	4	4	4	2	4	0	2	G1,G2	Vibrio_1A01,Vibrio_6D03,Phaeobacter_B2R04,Shewanella_B2R08,Roseovarius_B2R09,Colwellia_C2M19,Paracoccus_C2R07,Salipiger_C3M06,Acinetobacter_D3M06,Arenibacter_D3M17	1-1A01.mzML,2-6D03.mzML,3-B2R04.mzML,4-B2R08.mzML,5-B2R09.mzML,6-C2M19.mzML,7-C2R07_2.mzML,8-C3M06.mzML,9-D3M06.mzML,10-D3M17.mzML,bkgrnd-marine-broth.mzML	82																																														
599	12	741.572499593099	1	741.5724995930988	0.0	19.807166666666667	12	0	0	12	0	0	0	0	0	0	0	0	0	0	0	12	0	0	0	0	0	0	0	0	0	0	G1	Vibrio_6D03	2-6D03.mzML	-1																																														
600	12	743.3922593858507	1	743.3922593858507	0.0	443.6133333333334	11	1	0	0	2	0	2	0	2	2	2	0	1	0	0	0	2	0	2	0	2	2	2	0	1	1	G1,G2	Phaeobacter_B2R04,Roseovarius_B2R09,Paracoccus_C2R07,Salipiger_C3M06,Acinetobacter_D3M06,Motilimonas_G1M02	3-B2R04.mzML,5-B2R09.mzML,7-C2R07_2.mzML,8-C3M06.mzML,9-D3M06.mzML,11-G1M02.mzML,bkgrnd-marine-broth.mzML	-1																																														
601	12	743.3922593858507	1	743.3922593858507	0.0	443.8056666666667	11	1	0	0	2	0	2	0	2	2	2	0	1	0	0	0	2	0	2	0	2	2	2	0	1	1	G1,G2	Phaeobacter_B2R04,Roseovarius_B2R09,Paracoccus_C2R07,Salipiger_C3M06,Acinetobacter_D3M06,Motilimonas_G1M02	3-B2R04.mzML,5-B2R09.mzML,7-C2R07_2.mzML,8-C3M06.mzML,9-D3M06.mzML,11-G1M02.mzML,bkgrnd-marine-broth.mzML	38																																														
602	5	746.5236450195314	1	746.5236450195314	0.0	848.6767999999998	5	0	0	0	1	0	0	1	1	2	0	0	0	0	0	0	1	0	0	1	1	2	0	0	0	0	G1	Phaeobacter_B2R04,Colwellia_C2M19,Paracoccus_C2R07,Salipiger_C3M06	3-B2R04.mzML,6-C2M19.mzML,7-C2R07_2.mzML,8-C3M06.mzML	3																																														
603	9	746.5240139431426	1	746.5240139431423	0.0	848.7281111111112	9	0	0	2	1	0	2	3	1	0	0	0	0	0	0	2	1	0	2	3	1	0	0	0	0	0	G1	Vibrio_6D03,Phaeobacter_B2R04,Roseovarius_B2R09,Colwellia_C2M19,Paracoccus_C2R07	2-6D03.mzML,3-B2R04.mzML,5-B2R09.mzML,6-C2M19.mzML,7-C2R07_2.mzML	3																																														
604	30	748.5430338541667	1	748.5430338541667	0.0	771.0641333333333	30	0	6	6	0	6	2	0	6	0	4	0	0	0	6	6	0	6	2	0	6	0	4	0	0	0	G1	Vibrio_1A01,Vibrio_6D03,Shewanella_B2R08,Roseovarius_B2R09,Paracoccus_C2R07,Acinetobacter_D3M06	1-1A01.mzML,2-6D03.mzML,4-B2R08.mzML,5-B2R09.mzML,7-C2R07_2.mzML,9-D3M06.mzML	1																																														
605	7	751.3710239955356	1	751.3710239955356	0.0	257.1	7	0	0	0	0	0	0	0	1	3	3	0	0	0	0	0	0	0	0	0	1	3	3	0	0	0	G1	Paracoccus_C2R07,Salipiger_C3M06,Acinetobacter_D3M06	7-C2R07_2.mzML,8-C3M06.mzML,9-D3M06.mzML	-1																																														
606	2	751.370585123698	1	751.370585123698	0.0	258.47450000000003	2	0	0	0	0	0	0	0	0	2	0	0	0	0	0	0	0	0	0	0	0	2	0	0	0	0	G1	Salipiger_C3M06	8-C3M06.mzML	-1																																														
607	8	755.3552284240725	1	755.3552284240725	0.0	420.801625	8	0	0	2	0	0	2	0	1	1	1	1	0	0	0	2	0	0	2	0	1	1	1	1	0	0	G1	Vibrio_6D03,Roseovarius_B2R09,Paracoccus_C2R07,Salipiger_C3M06,Acinetobacter_D3M06,Arenibacter_D3M17	2-6D03.mzML,5-B2R09.mzML,7-C2R07_2.mzML,8-C3M06.mzML,9-D3M06.mzML,10-D3M17.mzML	-1																																														
608	10	755.3552795410158	1	755.3552795410158	0.0	421.2875000000001	10	0	0	2	1	0	2	0	1	1	1	2	0	0	0	2	1	0	2	0	1	1	1	2	0	0	G1	Vibrio_6D03,Phaeobacter_B2R04,Roseovarius_B2R09,Paracoccus_C2R07,Salipiger_C3M06,Acinetobacter_D3M06,Arenibacter_D3M17	2-6D03.mzML,3-B2R04.mzML,5-B2R09.mzML,7-C2R07_2.mzML,8-C3M06.mzML,9-D3M06.mzML,10-D3M17.mzML	50																																														
609	9	756.3524644639755	1	756.3524644639755	0.0	402.9566666666668	6	3	0	0	1	0	1	0	0	3	1	0	0	0	0	0	1	0	1	0	0	3	1	0	0	3	G1,G2	Phaeobacter_B2R04,Roseovarius_B2R09,Salipiger_C3M06,Acinetobacter_D3M06	3-B2R04.mzML,5-B2R09.mzML,8-C3M06.mzML,9-D3M06.mzML,bkgrnd-marine-broth.mzML	104																																														
610	6	756.351081000434	1	756.351081000434	0.0	402.0581666666667	5	1	0	0	0	0	1	0	0	3	1	0	0	0	0	0	0	0	1	0	0	3	1	0	0	1	G1,G2	Roseovarius_B2R09,Salipiger_C3M06,Acinetobacter_D3M06	5-B2R09.mzML,8-C3M06.mzML,9-D3M06.mzML,bkgrnd-marine-broth.mzML	-1																																														
611	6	766.382486979167	1	766.382486979167	0.0	405.3781666666667	6	0	3	3	0	0	0	0	0	0	0	0	0	0	3	3	0	0	0	0	0	0	0	0	0	0	G1	Vibrio_1A01,Vibrio_6D03	1-1A01.mzML,2-6D03.mzML	-1																																														
612	3	766.382527669271	1	766.382527669271	0.0	409.83566666666667	3	0	0	3	0	0	0	0	0	0	0	0	0	0	0	3	0	0	0	0	0	0	0	0	0	0	G1	Vibrio_6D03	2-6D03.mzML	-1																																														
613	6	767.4019165039066	1	767.4019165039066	0.0	195.45416666666668	6	0	0	0	1	0	1	0	2	1	1	0	0	0	0	0	1	0	1	0	2	1	1	0	0	0	G1	Phaeobacter_B2R04,Roseovarius_B2R09,Paracoccus_C2R07,Salipiger_C3M06,Acinetobacter_D3M06	3-B2R04.mzML,5-B2R09.mzML,7-C2R07_2.mzML,8-C3M06.mzML,9-D3M06.mzML	-1																																														
614	2	767.4014739990234	1	767.4014739990234	0.0	194.4465	2	0	0	0	0	0	1	0	1	0	0	0	0	0	0	0	0	0	1	0	1	0	0	0	0	0	G1	Roseovarius_B2R09,Paracoccus_C2R07	5-B2R09.mzML,7-C2R07_2.mzML	-1																																														
615	2	773.380737304688	1	773.380737304688	0.0	456.452	2	0	0	2	0	0	0	0	0	0	0	0	0	0	0	2	0	0	0	0	0	0	0	0	0	0	G1	Vibrio_6D03	2-6D03.mzML	26																																														
616	2	773.380737304688	1	773.380737304688	0.0	456.644	2	0	0	2	0	0	0	0	0	0	0	0	0	0	0	2	0	0	0	0	0	0	0	0	0	0	G1	Vibrio_6D03	2-6D03.mzML	26																																														
617	15	783.4368733723958	1	783.4368733723958	0.0	405.8287333333333	12	3	0	2	3	0	2	0	1	2	2	0	0	0	0	2	3	0	2	0	1	2	2	0	0	3	G1,G2	Vibrio_6D03,Phaeobacter_B2R04,Roseovarius_B2R09,Paracoccus_C2R07,Salipiger_C3M06,Acinetobacter_D3M06	2-6D03.mzML,3-B2R04.mzML,5-B2R09.mzML,7-C2R07_2.mzML,8-C3M06.mzML,9-D3M06.mzML,bkgrnd-marine-broth.mzML	86																																														
618	15	783.4368733723958	1	783.4368733723958	0.0	406.0209333333333	12	3	0	2	3	0	2	0	1	2	2	0	0	0	0	2	3	0	2	0	1	2	2	0	0	3	G1,G2	Vibrio_6D03,Phaeobacter_B2R04,Roseovarius_B2R09,Paracoccus_C2R07,Salipiger_C3M06,Acinetobacter_D3M06	2-6D03.mzML,3-B2R04.mzML,5-B2R09.mzML,7-C2R07_2.mzML,8-C3M06.mzML,9-D3M06.mzML,bkgrnd-marine-broth.mzML	-1																																														
619	32	784.4896697998049	1	784.4896697998047	0.0	467.505	30	2	4	4	1	4	3	3	4	3	2	2	0	0	4	4	1	4	3	3	4	3	2	2	0	2	G1,G2	Vibrio_1A01,Vibrio_6D03,Phaeobacter_B2R04,Shewanella_B2R08,Roseovarius_B2R09,Colwellia_C2M19,Paracoccus_C2R07,Salipiger_C3M06,Acinetobacter_D3M06,Arenibacter_D3M17	1-1A01.mzML,2-6D03.mzML,3-B2R04.mzML,4-B2R08.mzML,5-B2R09.mzML,6-C2M19.mzML,7-C2R07_2.mzML,8-C3M06.mzML,9-D3M06.mzML,10-D3M17.mzML,bkgrnd-marine-broth.mzML	82																																														
620	3	785.5922241210941	1	785.5922241210941	0.0	768.7296666666665	3	0	0	0	0	0	0	0	0	0	3	0	0	0	0	0	0	0	0	0	0	0	3	0	0	0	G1	Acinetobacter_D3M06	9-D3M06.mzML	-1	CCMSLIB00003134943	620.0	specs_ms.mgf	GNPS-NIST14-MATCHES.mgf	0.841164	12572.5	767.753	1.55387	15.0	0.0012207	785.592	1.0	temp/specs_ms.mgf620	1.0	Spectral Match to Deoxycholic acid from NIST14	ESI	qTof	Isolated	Data from Joshua Wollam	Data deposited by fevargas	2M+H	785.591	392.293	1.0	83443		C[C@H](CCC(=O)O)[C@H]1CC[C@@H]2[C@@]1([C@H](C[C@H]3[C@H]2CC[C@H]4[C@@]3(CC[C@H](C4)O)C)O)C	InChI=1S/C24H40O4/c1-14(4-9-22(27)28)18-7-8-19-17-6-5-15-12-16(25)10-11-23(15,2)20(17)13-21(26)24(18,19)3/h14-21,25-26H,4-13H2,1-3H3,(H,27,28)/t14-,15-,16-,17+,18-,19+,20+,21+,23+,24-/m1/s1		3.0	Positive	GNPS-NIST14-MATCHES	785.591	UPDATE-SINGLE-ANNOTATED-BRONZE	Bronze		C24H40O4	KXGVEGMKQFWNSR-LLQZFEROSA-N	KXGVEGMKQFWNSR	Lipids and lipid-like molecules	Steroids and steroid derivatives	Bile acids, alcohols and derivatives	Steroids	Cholane steroids	Terpenoids	mzspec:GNPS:GNPS-LIBRARY:CCMSLIB00003134943
621	22	792.5694469105115	1	792.5694469105115	0.0	766.7927272727271	22	0	4	6	0	6	0	0	6	0	0	0	0	0	4	6	0	6	0	0	6	0	0	0	0	0	G1	Vibrio_1A01,Vibrio_6D03,Shewanella_B2R08,Paracoccus_C2R07	1-1A01.mzML,2-6D03.mzML,4-B2R08.mzML,7-C2R07_2.mzML	1																																														
622	2	795.408752441406	1	795.408752441406	0.0	413.238	2	0	0	2	0	0	0	0	0	0	0	0	0	0	0	2	0	0	0	0	0	0	0	0	0	0	G1	Vibrio_6D03	2-6D03.mzML	-1																																														
623	2	806.400512695313	1	806.400512695313	0.0	416.1225	2	0	0	0	0	2	0	0	0	0	0	0	0	0	0	0	0	2	0	0	0	0	0	0	0	0	G1	Shewanella_B2R08	4-B2R08.mzML	34																																														
624	2	806.400512695313	1	806.400512695313	0.0	416.3145	2	0	0	0	0	2	0	0	0	0	0	0	0	0	0	0	0	2	0	0	0	0	0	0	0	0	G1	Shewanella_B2R08	4-B2R08.mzML	-1																																														
625	2	808.416961669922	1	808.416961669922	0.0	429.3295	2	0	0	1	0	0	0	1	0	0	0	0	0	0	0	1	0	0	0	1	0	0	0	0	0	0	G1	Vibrio_6D03,Colwellia_C2M19	2-6D03.mzML,6-C2M19.mzML	80																																														
626	2	808.416961669922	1	808.416961669922	0.0	429.5225	2	0	0	1	0	0	0	1	0	0	0	0	0	0	0	1	0	0	0	1	0	0	0	0	0	0	G1	Vibrio_6D03,Colwellia_C2M19	2-6D03.mzML,6-C2M19.mzML	-1																																														
627	8	811.3932876586916	1	811.3932876586916	0.0	406.897125	7	1	0	0	1	0	2	0	2	1	1	0	0	0	0	0	1	0	2	0	2	1	1	0	0	1	G1,G2	Phaeobacter_B2R04,Roseovarius_B2R09,Paracoccus_C2R07,Salipiger_C3M06,Acinetobacter_D3M06	3-B2R04.mzML,5-B2R09.mzML,7-C2R07_2.mzML,8-C3M06.mzML,9-D3M06.mzML,bkgrnd-marine-broth.mzML	104																																														
628	2	811.3920135498049	1	811.3920135498049	0.0	406.0045	2	0	0	0	0	0	1	0	1	0	0	0	0	0	0	0	0	0	1	0	1	0	0	0	0	0	G1	Roseovarius_B2R09,Paracoccus_C2R07	5-B2R09.mzML,7-C2R07_2.mzML	-1																																														
629	47	817.583477047318	1	817.5834770473183	0.0	619.2028723404255	45	2	2	4	4	4	4	6	4	6	6	5	0	0	2	4	4	4	4	6	4	6	6	5	0	2	G1,G2	Vibrio_1A01,Vibrio_6D03,Phaeobacter_B2R04,Shewanella_B2R08,Roseovarius_B2R09,Colwellia_C2M19,Paracoccus_C2R07,Salipiger_C3M06,Acinetobacter_D3M06,Arenibacter_D3M17	1-1A01.mzML,2-6D03.mzML,3-B2R04.mzML,4-B2R08.mzML,5-B2R09.mzML,6-C2M19.mzML,7-C2R07_2.mzML,8-C3M06.mzML,9-D3M06.mzML,10-D3M17.mzML,bkgrnd-marine-broth.mzML	-1	CCMSLIB00005465349	629.0	specs_ms.mgf	BILELIB19.mgf	0.886101	31398.0	618.32	0.970492	11.0	0.000793457	817.581	1.0	temp/specs_ms.mgf629	1.0	"""(4R)-4-((3R,5S,7S,9S,10S,12S,13R,17R)-3,7,12-trihydroxy-10,13-dimethylhexadecahydro-1H-cyclopenta[a]phenanthren-17-yl)pentanoic acid"""	ESI	qTof	crude	Dorrestein	Emily Gentry	2M+H	817.582	408.288	1.0			[H][C@]12[C@@]3([C@@H](O)C[C@@H]4C[C@H](O)CC[C@]4(C)[C@H]3C[C@H](O)[C@]1(C)[C@@H]([C@@H](CCC(O)=O)C)CC2)[H]	"""InChI=1S/C24H40O5/c1-13(4-7-21(28)29)16-5-6-17-22-18(12-20(27)24(16,17)3)23(2)9-8-15(25)10-14(23)11-19(22)26/h13-20,22,25-27H,4-12H2,1-3H3,(H,28,29)/t13-,14+,15-,16-,17+,18+,19+,20+,22+,23+,24-/m1/s1"""		1.0	Positive	BILELIB19	817.582	UPDATE-SINGLE-ANNOTATED-GOLD	Gold		C24H40O5	BHQCQFFYRZLCQQ-UTLSPDKDSA-N	BHQCQFFYRZLCQQ	Lipids and lipid-like molecules	Steroids and steroid derivatives	Bile acids, alcohols and derivatives	Steroids	Cholane steroids	Terpenoids	mzspec:GNPS:GNPS-LIBRARY:CCMSLIB00005465349
630	20	828.5133972167971	1	828.5133972167969	0.0	469.0864	20	0	0	2	2	4	2	2	4	2	0	2	0	0	0	2	2	4	2	2	4	2	0	2	0	0	G1	Vibrio_6D03,Phaeobacter_B2R04,Shewanella_B2R08,Roseovarius_B2R09,Colwellia_C2M19,Paracoccus_C2R07,Salipiger_C3M06,Arenibacter_D3M17	2-6D03.mzML,3-B2R04.mzML,4-B2R08.mzML,5-B2R09.mzML,6-C2M19.mzML,7-C2R07_2.mzML,8-C3M06.mzML,10-D3M17.mzML	82																																														
631	2	835.44081624349	1	835.44081624349	0.0	425.9295	2	0	2	0	0	0	0	0	0	0	0	0	0	0	2	0	0	0	0	0	0	0	0	0	0	0	G1	Vibrio_1A01	1-1A01.mzML	80																																														
632	3	835.4408162434898	1	835.4408162434898	0.0	426.99533333333335	3	0	3	0	0	0	0	0	0	0	0	0	0	0	3	0	0	0	0	0	0	0	0	0	0	0	G1	Vibrio_1A01	1-1A01.mzML	60																																														
633	10	836.5926879882812	1	836.5926879882812	0.0	763.1743000000001	10	0	0	6	0	4	0	0	0	0	0	0	0	0	0	6	0	4	0	0	0	0	0	0	0	0	G1	Vibrio_6D03,Shewanella_B2R08	2-6D03.mzML,4-B2R08.mzML	1																																														
634	4	839.564025878906	1	839.564025878906	0.0	621.20225	4	0	0	0	0	0	0	0	0	0	4	0	0	0	0	0	0	0	0	0	0	0	4	0	0	0	G1	Acinetobacter_D3M06	9-D3M06.mzML	-1	CCMSLIB00005465130	634.0	specs_ms.mgf	BILELIB19.mgf	0.88606	42075.1	620.489	0.0	6.0	0.0	839.564	1.0	temp/specs_ms.mgf634	1.0	"""(4R)-4-((3R,5R,6R,9S,10R,12S,13R,14S,17R)-3,6,12-trihydroxy-10,13-dimethylhexadecahydro-1H-cyclopenta[a]phenanthren-17-yl)pentanoic acid"""	ESI	qTof	crude	Dorrestein	Emily Gentry	2M+Na	839.564	408.288	1.0			C[C@H](CCC(O)=O)[C@H]1CC[C@H]2[C@]3([H])C[C@@H](O)[C@]4([H])C[C@H](O)CC[C@]4(C)[C@H]3C[C@H](O)[C@@]21C	"""InChI=1S/C24H40O5/c1-13(4-7-22(28)29)16-5-6-17-15-11-20(26)19-10-14(25)8-9-23(19,2)18(15)12-21(27)24(16,17)3/h13-21,25-27H,4-12H2,1-3H3,(H,28,29)/t13-,14-,15+,16-,17+,18+,19+,20-,21+,23-,24-/m1/s1"""		1.0	Positive	BILELIB19	839.564	UPDATE-SINGLE-ANNOTATED-GOLD	Gold		C24H40O5	GCAHOAMXTYBLNZ-KKKVDMSXSA-N	GCAHOAMXTYBLNZ	Lipids and lipid-like molecules	Steroids and steroid derivatives	Bile acids, alcohols and derivatives	Steroids	Cholane steroids	Terpenoids	mzspec:GNPS:GNPS-LIBRARY:CCMSLIB00005465130
635	4	853.4497222900392	1	853.4497222900392	0.0	409.7517500000001	4	0	0	0	1	0	0	0	1	1	1	0	0	0	0	0	1	0	0	0	1	1	1	0	0	0	G1	Phaeobacter_B2R04,Paracoccus_C2R07,Salipiger_C3M06,Acinetobacter_D3M06	3-B2R04.mzML,7-C2R07_2.mzML,8-C3M06.mzML,9-D3M06.mzML	-1																																														
636	11	853.4515935724434	1	853.4515935724434	0.0	411.0622727272728	9	2	0	0	2	0	1	0	2	2	2	0	0	0	0	0	2	0	1	0	2	2	2	0	0	2	G1,G2	Phaeobacter_B2R04,Roseovarius_B2R09,Paracoccus_C2R07,Salipiger_C3M06,Acinetobacter_D3M06	3-B2R04.mzML,5-B2R09.mzML,7-C2R07_2.mzML,8-C3M06.mzML,9-D3M06.mzML,bkgrnd-marine-broth.mzML	-1																																														
637	4	855.3821563720704	1	855.3821563720704	0.0	417.12074999999993	4	0	0	0	0	0	0	1	1	1	0	1	0	0	0	0	0	0	0	1	1	1	0	1	0	0	G1	Colwellia_C2M19,Paracoccus_C2R07,Salipiger_C3M06,Arenibacter_D3M17	6-C2M19.mzML,7-C2R07_2.mzML,8-C3M06.mzML,10-D3M17.mzML	-1																																														
638	10	871.4490783691408	1	871.4490783691406	0.0	436.8969	10	0	0	1	2	0	2	0	1	2	1	1	0	0	0	1	2	0	2	0	1	2	1	1	0	0	G1	Vibrio_6D03,Phaeobacter_B2R04,Roseovarius_B2R09,Paracoccus_C2R07,Salipiger_C3M06,Acinetobacter_D3M06,Arenibacter_D3M17	2-6D03.mzML,3-B2R04.mzML,5-B2R09.mzML,7-C2R07_2.mzML,8-C3M06.mzML,9-D3M06.mzML,10-D3M17.mzML	-1																																														
639	11	871.450164794922	1	871.4501647949219	0.0	437.13818181818175	10	1	0	1	2	0	2	0	1	2	1	1	0	0	0	1	2	0	2	0	1	2	1	1	0	1	G1,G2	Vibrio_6D03,Phaeobacter_B2R04,Roseovarius_B2R09,Paracoccus_C2R07,Salipiger_C3M06,Acinetobacter_D3M06,Arenibacter_D3M17	2-6D03.mzML,3-B2R04.mzML,5-B2R09.mzML,7-C2R07_2.mzML,8-C3M06.mzML,9-D3M06.mzML,10-D3M17.mzML,bkgrnd-marine-broth.mzML	166																																														
640	10	872.5390258789064	1	872.5390258789063	0.0	469.9574	10	0	0	2	0	2	0	2	2	2	0	0	0	0	0	2	0	2	0	2	2	2	0	0	0	0	G1	Vibrio_6D03,Shewanella_B2R08,Colwellia_C2M19,Paracoccus_C2R07,Salipiger_C3M06	2-6D03.mzML,4-B2R08.mzML,6-C2M19.mzML,7-C2R07_2.mzML,8-C3M06.mzML	82																																														
641	2	879.4544372558595	1	879.4544372558595	0.0	429.664	2	0	0	1	0	0	0	0	0	0	0	0	1	0	0	1	0	0	0	0	0	0	0	0	1	0	G1	Vibrio_6D03,Motilimonas_G1M02	2-6D03.mzML,11-G1M02.mzML	80																																														
642	3	879.4585774739584	1	879.4585774739584	0.0	429.7413333333333	3	0	1	1	0	0	0	0	0	0	0	0	1	0	1	1	0	0	0	0	0	0	0	0	1	0	G1	Vibrio_1A01,Vibrio_6D03,Motilimonas_G1M02	1-1A01.mzML,2-6D03.mzML,11-G1M02.mzML	-1																																														
643	2	879.478373209635	1	879.478373209635	0.0	404.722	2	0	2	0	0	0	0	0	0	0	0	0	0	0	2	0	0	0	0	0	0	0	0	0	0	0	G1	Vibrio_1A01	1-1A01.mzML	-1																																														
644	2	881.352752685547	1	881.352752685547	0.0	399.1155	2	0	0	0	0	0	1	0	0	0	0	1	0	0	0	0	0	0	1	0	0	0	0	1	0	0	G1	Roseovarius_B2R09,Arenibacter_D3M17	5-B2R09.mzML,10-D3M17.mzML	-1																																														
645	7	883.4494803292412	1	883.4494803292412	0.0	429.2231428571428	7	0	0	0	1	0	1	0	2	1	2	0	0	0	0	0	1	0	1	0	2	1	2	0	0	0	G1	Phaeobacter_B2R04,Roseovarius_B2R09,Paracoccus_C2R07,Salipiger_C3M06,Acinetobacter_D3M06	3-B2R04.mzML,5-B2R09.mzML,7-C2R07_2.mzML,8-C3M06.mzML,9-D3M06.mzML	-1																																														
646	6	891.5888061523439	1	891.5888061523439	0.0	19.79158333333333	6	0	0	6	0	0	0	0	0	0	0	0	0	0	0	6	0	0	0	0	0	0	0	0	0	0	G1	Vibrio_6D03	2-6D03.mzML	-1																																														
647	10	895.3956604003906	1	895.3956604003906	0.0	416.10239999999993	10	0	0	0	1	0	1	1	2	1	1	3	0	0	0	0	1	0	1	1	2	1	1	3	0	0	G1	Phaeobacter_B2R04,Roseovarius_B2R09,Colwellia_C2M19,Paracoccus_C2R07,Salipiger_C3M06,Acinetobacter_D3M06,Arenibacter_D3M17	3-B2R04.mzML,5-B2R09.mzML,6-C2M19.mzML,7-C2R07_2.mzML,8-C3M06.mzML,9-D3M06.mzML,10-D3M17.mzML	-1																																														
648	3	895.3956909179689	1	895.3956909179689	0.0	417.3973333333333	3	0	0	0	0	0	0	1	2	0	0	0	0	0	0	0	0	0	0	1	2	0	0	0	0	0	G1	Colwellia_C2M19,Paracoccus_C2R07	6-C2M19.mzML,7-C2R07_2.mzML	-1																																														
649	6	906.4301215277776	1	906.4301215277776	0.0	402.9943333333334	5	1	0	0	0	0	0	0	3	0	1	1	0	0	0	0	0	0	0	0	3	0	1	1	0	1	G1,G2	Paracoccus_C2R07,Acinetobacter_D3M06,Arenibacter_D3M17	7-C2R07_2.mzML,9-D3M06.mzML,10-D3M17.mzML,bkgrnd-marine-broth.mzML	34																																														
650	17	906.4289407169116	1	906.4289407169116	0.0	403.9721764705882	16	1	0	0	1	0	3	0	3	3	3	3	0	0	0	0	1	0	3	0	3	3	3	3	0	1	G1,G2	Phaeobacter_B2R04,Roseovarius_B2R09,Paracoccus_C2R07,Salipiger_C3M06,Acinetobacter_D3M06,Arenibacter_D3M17	3-B2R04.mzML,5-B2R09.mzML,7-C2R07_2.mzML,8-C3M06.mzML,9-D3M06.mzML,10-D3M17.mzML,bkgrnd-marine-broth.mzML	60																																														
651	9	906.4283289026332	1	906.4283289026332	0.0	403.4061111111111	9	0	0	0	1	0	3	0	0	2	1	2	0	0	0	0	1	0	3	0	0	2	1	2	0	0	G1	Phaeobacter_B2R04,Roseovarius_B2R09,Salipiger_C3M06,Acinetobacter_D3M06,Arenibacter_D3M17	3-B2R04.mzML,5-B2R09.mzML,8-C3M06.mzML,9-D3M06.mzML,10-D3M17.mzML	34																																														
652	18	922.4237026638456	1	922.4237026638456	0.0	400.5589444444444	17	1	0	0	2	0	3	0	3	3	3	3	0	0	0	0	2	0	3	0	3	3	3	3	0	1	G1,G2	Phaeobacter_B2R04,Roseovarius_B2R09,Paracoccus_C2R07,Salipiger_C3M06,Acinetobacter_D3M06,Arenibacter_D3M17	3-B2R04.mzML,5-B2R09.mzML,7-C2R07_2.mzML,8-C3M06.mzML,9-D3M06.mzML,10-D3M17.mzML,bkgrnd-marine-broth.mzML	-1																																														
653	4	922.4231414794922	1	922.4231414794922	0.0	401.24125	4	0	0	0	1	0	1	0	0	0	1	1	0	0	0	0	1	0	1	0	0	0	1	1	0	0	G1	Phaeobacter_B2R04,Roseovarius_B2R09,Acinetobacter_D3M06,Arenibacter_D3M17	3-B2R04.mzML,5-B2R09.mzML,9-D3M06.mzML,10-D3M17.mzML	34																																														
654	9	922.4230934425638	1	922.4230934425636	0.0	399.9391111111111	9	0	0	0	0	0	1	0	3	2	1	2	0	0	0	0	0	0	1	0	3	2	1	2	0	0	G1	Roseovarius_B2R09,Paracoccus_C2R07,Salipiger_C3M06,Acinetobacter_D3M06,Arenibacter_D3M17	5-B2R09.mzML,7-C2R07_2.mzML,8-C3M06.mzML,9-D3M06.mzML,10-D3M17.mzML	34																																														
655	20	931.625521850586	1	931.625521850586	0.0	554.1305	19	1	1	1	2	2	2	2	2	3	2	2	0	0	1	1	2	2	2	2	2	3	2	2	0	1	G1,G2	Vibrio_1A01,Vibrio_6D03,Phaeobacter_B2R04,Shewanella_B2R08,Roseovarius_B2R09,Colwellia_C2M19,Paracoccus_C2R07,Salipiger_C3M06,Acinetobacter_D3M06,Arenibacter_D3M17	1-1A01.mzML,2-6D03.mzML,3-B2R04.mzML,4-B2R08.mzML,5-B2R09.mzML,6-C2M19.mzML,7-C2R07_2.mzML,8-C3M06.mzML,9-D3M06.mzML,10-D3M17.mzML,bkgrnd-marine-broth.mzML	-1	CCMSLIB00005464875	655.0	specs_ms.mgf	BILELIB19.mgf	0.857336	33268.3	553.483	1.44132	16.0	0.00134277	931.624	1.0	temp/specs_ms.mgf655	1.0	"""((R)-4-((3R,5S,7S,8R,9S,10S,12S,13R,14S,17R)-3,7,12-trihydroxy-10,13-dimethylhexadecahydro-1H-cyclopenta[a]phenanthren-17-yl)pentanoyl)glycine"""	ESI	qTof	crude	Dorrestein	Emily Gentry	2M+H	931.625	465.309	1.0			C[C@@H]([C@H]1CC[C@]2([H])[C@]1(C)[C@@H](O)C[C@@]3([H])[C@@]2([H])[C@@H](O)C[C@@]4([H])[C@]3(C)CC[C@@H](O)C4)CCC(NCC(O)=O)=O	"""InChI=1S/C26H43NO6/c1-14(4-7-22(31)27-13-23(32)33)17-5-6-18-24-19(12-21(30)26(17,18)3)25(2)9-8-16(28)10-15(25)11-20(24)29/h14-21,24,28-30H,4-13H2,1-3H3,(H,27,31)(H,32,33)/t14-,15+,16-,17-,18+,19+,20+,21+,24+,25+,26-/m1/s1"""		1.0	Positive	BILELIB19	931.625	UPDATE-SINGLE-ANNOTATED-GOLD	Gold		C26H43NO6	RFDAIACWWDREDC-IFZPJRIXSA-N	RFDAIACWWDREDC	Lipids and lipid-like molecules	Steroids and steroid derivatives	Bile acids, alcohols and derivatives	Steroids	Cholane steroids	Terpenoids	mzspec:GNPS:GNPS-LIBRARY:CCMSLIB00005464875
656	14	931.624221801758	1	931.624221801758	0.0	554.0586428571428	14	0	0	1	0	1	1	2	2	3	2	2	0	0	0	1	0	1	1	2	2	3	2	2	0	0	G1	Vibrio_6D03,Shewanella_B2R08,Roseovarius_B2R09,Colwellia_C2M19,Paracoccus_C2R07,Salipiger_C3M06,Acinetobacter_D3M06,Arenibacter_D3M17	2-6D03.mzML,4-B2R08.mzML,5-B2R09.mzML,6-C2M19.mzML,7-C2R07_2.mzML,8-C3M06.mzML,9-D3M06.mzML,10-D3M17.mzML	8	CCMSLIB00005435517	656.0	specs_ms.mgf	BILELIB19.mgf	0.781917	57204.0	552.176	1.37581	17.0	0.00128174	931.624	1.0	temp/specs_ms.mgf656	1.0	glycocholic acid	ESI	Orbitrap	commercial	Dorrestein	A. Jarmusch	2M+H	931.625	465.309	1.0	475-31-0		C[C@H](CCC(=O)NCC(=O)O)[C@H]1CC[C@@H]2[C@@]1([C@H](C[C@H]3[C@H]2[C@@H](C[C@H]4[C@@]3(CC[C@H](C4)O)C)O)O)C	1S/C26H43NO6/c1-14(4-7-22(31)27-13-23(32)33)17-5-6-18-24-19(12-21(30)26(17,18)3)25(2)9-8-16(28)10-15(25)11-20(24)29/h14-21,24,28-30H,4-13H2,1-3H3,(H,27,31)(H,32,33)/t14?,15-,16+,17+,18-,19-,20+,21-,24-,25?,26?/m0/s1		1.0	Positive	BILELIB19	931.625	UPDATE-SINGLE-ANNOTATED-GOLD	Gold		C26H43NO6	RFDAIACWWDREDC-FRVQLJSFSA-N	RFDAIACWWDREDC	Lipids and lipid-like molecules	Steroids and steroid derivatives	Bile acids, alcohols and derivatives	Steroids	Cholane steroids	Terpenoids	mzspec:GNPS:GNPS-LIBRARY:CCMSLIB00005435517
657	2	934.458618164063	1	934.458618164063	0.0	413.271	2	0	0	0	0	2	0	0	0	0	0	0	0	0	0	0	0	2	0	0	0	0	0	0	0	0	G1	Shewanella_B2R08	4-B2R08.mzML	34																																														
658	3	934.458618164063	1	934.458618164063	0.0	414.0159999999999	3	0	0	0	0	3	0	0	0	0	0	0	0	0	0	0	0	3	0	0	0	0	0	0	0	0	G1	Shewanella_B2R08	4-B2R08.mzML	-1																																														
659	8	936.4750747680664	1	936.4750747680664	0.0	427.380375	8	0	0	2	2	0	0	0	1	0	1	2	0	0	0	2	2	0	0	0	1	0	1	2	0	0	G1	Vibrio_6D03,Phaeobacter_B2R04,Paracoccus_C2R07,Acinetobacter_D3M06,Arenibacter_D3M17	2-6D03.mzML,3-B2R04.mzML,7-C2R07_2.mzML,9-D3M06.mzML,10-D3M17.mzML	60																																														
660	2	936.488983154297	1	936.488983154297	0.0	427.9325	2	0	2	0	0	0	0	0	0	0	0	0	0	0	2	0	0	0	0	0	0	0	0	0	0	0	G1	Vibrio_1A01	1-1A01.mzML	80																																														
661	2	936.488983154297	1	936.488983154297	0.0	428.125	2	0	2	0	0	0	0	0	0	0	0	0	0	0	2	0	0	0	0	0	0	0	0	0	0	0	G1	Vibrio_1A01	1-1A01.mzML	60																																														
662	8	938.421588897705	1	938.421588897705	0.0	408.542	7	1	0	1	0	0	1	0	2	1	1	1	0	0	0	1	0	0	1	0	2	1	1	1	0	1	G1,G2	Vibrio_6D03,Roseovarius_B2R09,Paracoccus_C2R07,Salipiger_C3M06,Acinetobacter_D3M06,Arenibacter_D3M17	2-6D03.mzML,5-B2R09.mzML,7-C2R07_2.mzML,8-C3M06.mzML,9-D3M06.mzML,10-D3M17.mzML,bkgrnd-marine-broth.mzML	-1																																														
663	8	938.421588897705	1	938.421588897705	0.0	408.734625	7	1	0	1	0	0	1	0	2	1	1	1	0	0	0	1	0	0	1	0	2	1	1	1	0	1	G1,G2	Vibrio_6D03,Roseovarius_B2R09,Paracoccus_C2R07,Salipiger_C3M06,Acinetobacter_D3M06,Arenibacter_D3M17	2-6D03.mzML,5-B2R09.mzML,7-C2R07_2.mzML,8-C3M06.mzML,9-D3M06.mzML,10-D3M17.mzML,bkgrnd-marine-broth.mzML	-1																																														
664	9	947.4477878146702	1	947.4477878146702	0.0	441.01888888888885	7	2	0	2	0	0	0	0	1	1	1	1	1	0	0	2	0	0	0	0	1	1	1	1	1	2	G1,G2	Vibrio_6D03,Paracoccus_C2R07,Salipiger_C3M06,Acinetobacter_D3M06,Arenibacter_D3M17,Motilimonas_G1M02	2-6D03.mzML,7-C2R07_2.mzML,8-C3M06.mzML,9-D3M06.mzML,10-D3M17.mzML,11-G1M02.mzML,bkgrnd-marine-broth.mzML	166																																														
665	6	947.4473368326824	1	947.4473368326824	0.0	440.3441666666666	5	1	0	1	0	0	0	0	1	1	1	1	0	0	0	1	0	0	0	0	1	1	1	1	0	1	G1,G2	Vibrio_6D03,Paracoccus_C2R07,Salipiger_C3M06,Acinetobacter_D3M06,Arenibacter_D3M17	2-6D03.mzML,7-C2R07_2.mzML,8-C3M06.mzML,9-D3M06.mzML,10-D3M17.mzML,bkgrnd-marine-broth.mzML	-1																																														
666	4	953.606079101563	1	953.606079101563	0.0	554.3405	4	0	0	0	0	0	0	0	0	2	0	2	0	0	0	0	0	0	0	0	0	2	0	2	0	0	G1	Salipiger_C3M06,Arenibacter_D3M17	8-C3M06.mzML,10-D3M17.mzML	-1	CCMSLIB00005464872	666.0	specs_ms.mgf	BILELIB19.mgf	0.86887	29031.5	553.926	0.960068	9.0	0.000915527	953.606	1.0	temp/specs_ms.mgf666	1.0	"""((R)-4-((3R,5S,7S,8R,9S,10S,12S,13R,14S,17R)-3,7,12-trihydroxy-10,13-dimethylhexadecahydro-1H-cyclopenta[a]phenanthren-17-yl)pentanoyl)glycine"""	ESI	qTof	crude	Dorrestein	Emily Gentry	2M+Na	953.607	465.309	1.0			C[C@@H]([C@H]1CC[C@]2([H])[C@]1(C)[C@@H](O)C[C@@]3([H])[C@@]2([H])[C@@H](O)C[C@@]4([H])[C@]3(C)CC[C@@H](O)C4)CCC(NCC(O)=O)=O	"""InChI=1S/C26H43NO6/c1-14(4-7-22(31)27-13-23(32)33)17-5-6-18-24-19(12-21(30)26(17,18)3)25(2)9-8-16(28)10-15(25)11-20(24)29/h14-21,24,28-30H,4-13H2,1-3H3,(H,27,31)(H,32,33)/t14-,15+,16-,17-,18+,19+,20+,21+,24+,25+,26-/m1/s1"""		1.0	Positive	BILELIB19	953.607	UPDATE-SINGLE-ANNOTATED-GOLD	Gold		C26H43NO6	RFDAIACWWDREDC-IFZPJRIXSA-N	RFDAIACWWDREDC	Lipids and lipid-like molecules	Steroids and steroid derivatives	Bile acids, alcohols and derivatives	Steroids	Cholane steroids	Terpenoids	mzspec:GNPS:GNPS-LIBRARY:CCMSLIB00005464872
667	2	967.480010986328	1	967.480010986328	0.0	420.5685	2	0	0	0	0	0	1	0	0	0	1	0	0	0	0	0	0	0	1	0	0	0	1	0	0	0	G1	Roseovarius_B2R09,Acinetobacter_D3M06	5-B2R09.mzML,9-D3M06.mzML	-1																																														
668	5	991.5170471191408	1	991.5170471191408	0.0	442.6436000000001	5	0	0	0	1	0	1	0	0	1	1	1	0	0	0	0	1	0	1	0	0	1	1	1	0	0	G1	Phaeobacter_B2R04,Roseovarius_B2R09,Salipiger_C3M06,Acinetobacter_D3M06,Arenibacter_D3M17	3-B2R04.mzML,5-B2R09.mzML,8-C3M06.mzML,9-D3M06.mzML,10-D3M17.mzML	60																																														
669	5	997.4572875976562	1	997.4572875976562	0.0	412.335	4	1	0	0	1	0	1	0	1	1	0	0	0	0	0	0	1	0	1	0	1	1	0	0	0	1	G1,G2	Phaeobacter_B2R04,Roseovarius_B2R09,Paracoccus_C2R07,Salipiger_C3M06	3-B2R04.mzML,5-B2R09.mzML,7-C2R07_2.mzML,8-C3M06.mzML,bkgrnd-marine-broth.mzML	-1																																														
670	7	1007.5140409923736	1	1007.5140409923736	0.0	425.4264285714285	6	1	0	0	1	0	2	0	1	0	1	0	1	0	0	0	1	0	2	0	1	0	1	0	1	1	G1,G2	Phaeobacter_B2R04,Roseovarius_B2R09,Paracoccus_C2R07,Acinetobacter_D3M06,Motilimonas_G1M02	3-B2R04.mzML,5-B2R09.mzML,7-C2R07_2.mzML,9-D3M06.mzML,11-G1M02.mzML,bkgrnd-marine-broth.mzML	110																																														
671	9	1007.5150881166816	1	1007.5150881166816	0.0	425.74677777777777	7	2	0	1	1	0	2	0	1	0	1	0	1	0	0	1	1	0	2	0	1	0	1	0	1	2	G1,G2	Vibrio_6D03,Phaeobacter_B2R04,Roseovarius_B2R09,Paracoccus_C2R07,Acinetobacter_D3M06,Motilimonas_G1M02	2-6D03.mzML,3-B2R04.mzML,5-B2R09.mzML,7-C2R07_2.mzML,9-D3M06.mzML,11-G1M02.mzML,bkgrnd-marine-broth.mzML	60																																														
672	8	1031.588348388672	1	1031.588348388672	0.0	608.840875	8	0	0	1	0	0	1	2	1	1	0	2	0	0	0	1	0	0	1	2	1	1	0	2	0	0	G1	Vibrio_6D03,Roseovarius_B2R09,Colwellia_C2M19,Paracoccus_C2R07,Salipiger_C3M06,Arenibacter_D3M17	2-6D03.mzML,5-B2R09.mzML,6-C2M19.mzML,7-C2R07_2.mzML,8-C3M06.mzML,10-D3M17.mzML	-1	CCMSLIB00005464856	672.0	specs_ms.mgf	BILELIB19.mgf	0.795633	21203.8	612.904	1.41999	12.0	0.00146484	1031.59	1.0	temp/specs_ms.mgf672	1.0	"""2-((R)-4-((3R,5S,7S,8R,9S,10S,12R,13R,14S,17R)-3,7,12-trihydroxy-10,13-dimethylhexadecahydro-1H-cyclopenta[a]phenanthren-17-yl)pentanamido)ethane-1-sulfonic acid"""	ESI	qTof	crude	Dorrestein	Emily Gentry	2M+H	1031.59	515.292	1.0			C[C@@H]([C@H]1CC[C@]2([H])[C@]1(C)[C@H](O)C[C@@]3([H])[C@@]2([H])[C@@H](O)C[C@@]4([H])[C@]3(C)CC[C@@H](O)C4)CCC(NCCS(=O)(O)=O)=O	"""InChI=1S/C26H45NO7S/c1-15(4-7-23(31)27-10-11-35(32,33)34)18-5-6-19-24-20(14-22(30)26(18,19)3)25(2)9-8-17(28)12-16(25)13-21(24)29/h15-22,24,28-30H,4-14H2,1-3H3,(H,27,31)(H,32,33,34)/t15-,16+,17-,18-,19+,20+,21+,22-,24+,25+,26-/m1/s1"""		1.0	Positive	BILELIB19	1031.59	UPDATE-SINGLE-ANNOTATED-GOLD	Gold		C26H45NO7S	WBWWGRHZICKQGZ-GLHJPAOKSA-N	WBWWGRHZICKQGZ	Lipids and lipid-like molecules	Steroids and steroid derivatives	Bile acids, alcohols and derivatives	Steroids	Cholane steroids	Terpenoids	mzspec:GNPS:GNPS-LIBRARY:CCMSLIB00005464856
673	8	1031.588348388672	1	1031.588348388672	0.0	609.033625	8	0	0	1	0	0	1	2	1	1	0	2	0	0	0	1	0	0	1	2	1	1	0	2	0	0	G1	Vibrio_6D03,Roseovarius_B2R09,Colwellia_C2M19,Paracoccus_C2R07,Salipiger_C3M06,Arenibacter_D3M17	2-6D03.mzML,5-B2R09.mzML,6-C2M19.mzML,7-C2R07_2.mzML,8-C3M06.mzML,10-D3M17.mzML	8	CCMSLIB00005435565	673.0	specs_ms.mgf	BILELIB19.mgf	0.791732	23324.6	611.094	1.41999	16.0	0.00146484	1031.59	1.0	temp/specs_ms.mgf673	1.0	taurocholic acid	ESI	Orbitrap	commercial	Dorrestein	A. Jarmusch	2M+H	1031.59	515.292	1.0	?81-24-3		C[C@H](CCC(=O)NCCS(=O)(=O)O)[C@H]1CC[C@@H]2[C@@]1([C@H](C[C@H]3[C@H]2[C@@H](C[C@H]4[C@@]3(CC[C@H](C4)O)C)O)O)C	1S/C26H45NO7S/c1-15(4-7-23(31)27-10-11-35(32,33)34)18-5-6-19-24-20(14-22(30)26(18,19)3)25(2)9-8-17(28)12-16(25)13-21(24)29/h15-22,24,28-30H,4-14H2,1-3H3,(H,27,31)(H,32,33,34)/t15?,16-,17+,18+,19-,20-,21+,22-,24-,25?,26?/m0/s1		1.0	Positive	BILELIB19	1031.59	UPDATE-SINGLE-ANNOTATED-GOLD	Gold		C26H45NO7S	WBWWGRHZICKQGZ-HZAMXZRMSA-N	WBWWGRHZICKQGZ	Lipids and lipid-like molecules	Steroids and steroid derivatives	Bile acids, alcohols and derivatives	Steroids	Cholane steroids	Terpenoids	mzspec:GNPS:GNPS-LIBRARY:CCMSLIB00005435565
674	7	1064.5332815987726	1	1064.5332815987726	0.0	423.2051428571429	7	0	0	1	1	0	1	0	1	1	1	1	0	0	0	1	1	0	1	0	1	1	1	1	0	0	G1	Vibrio_6D03,Phaeobacter_B2R04,Roseovarius_B2R09,Paracoccus_C2R07,Salipiger_C3M06,Acinetobacter_D3M06,Arenibacter_D3M17	2-6D03.mzML,3-B2R04.mzML,5-B2R09.mzML,7-C2R07_2.mzML,8-C3M06.mzML,9-D3M06.mzML,10-D3M17.mzML	110																																														
675	9	1064.5347018771706	1	1064.5347018771704	0.0	423.47977777777777	8	1	0	1	1	0	1	0	1	1	1	2	0	0	0	1	1	0	1	0	1	1	1	2	0	1	G1,G2	Vibrio_6D03,Phaeobacter_B2R04,Roseovarius_B2R09,Paracoccus_C2R07,Salipiger_C3M06,Acinetobacter_D3M06,Arenibacter_D3M17	2-6D03.mzML,3-B2R04.mzML,5-B2R09.mzML,7-C2R07_2.mzML,8-C3M06.mzML,9-D3M06.mzML,10-D3M17.mzML,bkgrnd-marine-broth.mzML	60																																														
676	2	1088.5354614257817	1	1088.5354614257817	0.0	426.482	2	0	0	0	0	0	0	0	1	1	0	0	0	0	0	0	0	0	0	0	1	1	0	0	0	0	G1	Paracoccus_C2R07,Salipiger_C3M06	7-C2R07_2.mzML,8-C3M06.mzML	-1																																														
677	9	1105.5736219618057	1	1105.5736219618057	0.0	406.7698888888889	7	2	0	0	1	0	2	0	1	1	1	1	0	0	0	0	1	0	2	0	1	1	1	1	0	2	G1,G2	Phaeobacter_B2R04,Roseovarius_B2R09,Paracoccus_C2R07,Salipiger_C3M06,Acinetobacter_D3M06,Arenibacter_D3M17	3-B2R04.mzML,5-B2R09.mzML,7-C2R07_2.mzML,8-C3M06.mzML,9-D3M06.mzML,10-D3M17.mzML,bkgrnd-marine-broth.mzML	21																																														
678	9	1105.5736219618057	1	1105.5736219618057	0.0	406.9628888888889	7	2	0	0	1	0	2	0	1	1	1	1	0	0	0	0	1	0	2	0	1	1	1	1	0	2	G1,G2	Phaeobacter_B2R04,Roseovarius_B2R09,Paracoccus_C2R07,Salipiger_C3M06,Acinetobacter_D3M06,Arenibacter_D3M17	3-B2R04.mzML,5-B2R09.mzML,7-C2R07_2.mzML,8-C3M06.mzML,9-D3M06.mzML,10-D3M17.mzML,bkgrnd-marine-broth.mzML	106																																														
679	9	1106.5596245659722	1	1106.5596245659724	0.0	408.6122222222222	8	1	0	0	1	0	1	0	1	1	1	3	0	0	0	0	1	0	1	0	1	1	1	3	0	1	G1,G2	Phaeobacter_B2R04,Roseovarius_B2R09,Paracoccus_C2R07,Salipiger_C3M06,Acinetobacter_D3M06,Arenibacter_D3M17	3-B2R04.mzML,5-B2R09.mzML,7-C2R07_2.mzML,8-C3M06.mzML,9-D3M06.mzML,10-D3M17.mzML,bkgrnd-marine-broth.mzML	21																																														
680	9	1106.5596245659722	1	1106.5596245659724	0.0	408.8051111111112	8	1	0	0	1	0	1	0	1	1	1	3	0	0	0	0	1	0	1	0	1	1	1	3	0	1	G1,G2	Phaeobacter_B2R04,Roseovarius_B2R09,Paracoccus_C2R07,Salipiger_C3M06,Acinetobacter_D3M06,Arenibacter_D3M17	3-B2R04.mzML,5-B2R09.mzML,7-C2R07_2.mzML,8-C3M06.mzML,9-D3M06.mzML,10-D3M17.mzML,bkgrnd-marine-broth.mzML	106																																														
681	11	1149.5494606711648	1	1149.5494606711648	0.0	419.82809090909086	11	0	0	0	2	0	2	0	2	2	1	2	0	0	0	0	2	0	2	0	2	2	1	2	0	0	G1	Phaeobacter_B2R04,Roseovarius_B2R09,Paracoccus_C2R07,Salipiger_C3M06,Acinetobacter_D3M06,Arenibacter_D3M17	3-B2R04.mzML,5-B2R09.mzML,7-C2R07_2.mzML,8-C3M06.mzML,9-D3M06.mzML,10-D3M17.mzML	174																																														
682	13	1149.551729642428	1	1149.551729642428	0.0	419.9772307692307	11	2	0	0	2	0	2	0	2	2	1	2	0	0	0	0	2	0	2	0	2	2	1	2	0	2	G1,G2	Phaeobacter_B2R04,Roseovarius_B2R09,Paracoccus_C2R07,Salipiger_C3M06,Acinetobacter_D3M06,Arenibacter_D3M17	3-B2R04.mzML,5-B2R09.mzML,7-C2R07_2.mzML,8-C3M06.mzML,9-D3M06.mzML,10-D3M17.mzML,bkgrnd-marine-broth.mzML	144																																														
683	2	1149.564208984375	1	1149.564208984375	0.0	419.5435	0	2	0	0	0	0	0	0	0	0	0	0	0	0	0	0	0	0	0	0	0	0	0	0	0	2	G2		bkgrnd-marine-broth.mzML	174																																														
684	5	1150.541072591146	1	1150.541072591146	0.0	423.3502	4	1	0	0	1	0	0	0	1	0	1	1	0	0	0	0	1	0	0	0	1	0	1	1	0	1	G1,G2	Phaeobacter_B2R04,Paracoccus_C2R07,Acinetobacter_D3M06,Arenibacter_D3M17	3-B2R04.mzML,7-C2R07_2.mzML,9-D3M06.mzML,10-D3M17.mzML,bkgrnd-marine-broth.mzML	174																																														
685	4	1150.5362040201826	1	1150.5362040201826	0.0	428.338	4	0	0	0	0	0	0	3	0	0	0	1	0	0	0	0	0	0	0	3	0	0	0	1	0	0	G1	Colwellia_C2M19,Arenibacter_D3M17	6-C2M19.mzML,10-D3M17.mzML	51																																														
686	5	1150.5364827473963	1	1150.5364827473963	0.0	428.1936	5	0	0	0	0	0	0	3	1	0	0	1	0	0	0	0	0	0	0	3	1	0	0	1	0	0	G1	Colwellia_C2M19,Paracoccus_C2R07,Arenibacter_D3M17	6-C2M19.mzML,7-C2R07_2.mzML,10-D3M17.mzML	-1																																														
687	6	1150.5406222873269	1	1150.5406222873269	0.0	423.7671666666666	5	1	0	1	0	0	0	0	1	0	1	2	0	0	0	1	0	0	0	0	1	0	1	2	0	1	G1,G2	Vibrio_6D03,Paracoccus_C2R07,Acinetobacter_D3M06,Arenibacter_D3M17	2-6D03.mzML,7-C2R07_2.mzML,9-D3M06.mzML,10-D3M17.mzML,bkgrnd-marine-broth.mzML	144																																														
688	2	1161.549377441406	1	1161.549377441406	0.0	412.4475	2	0	0	0	0	0	0	2	0	0	0	0	0	0	0	0	0	0	0	2	0	0	0	0	0	0	G1	Colwellia_C2M19	6-C2M19.mzML	-1																																														
689	2	1177.580444335938	1	1177.580444335938	0.0	441.7945	2	0	0	0	0	0	0	1	0	0	1	0	0	0	0	0	0	0	0	1	0	0	1	0	0	0	G1	Colwellia_C2M19,Acinetobacter_D3M06	6-C2M19.mzML,9-D3M06.mzML	60																																														
690	6	1200.554158528646	1	1200.554158528646	0.0	452.1053333333333	4	2	0	0	1	0	1	0	1	1	0	0	0	0	0	0	1	0	1	0	1	1	0	0	0	2	G1,G2	Phaeobacter_B2R04,Roseovarius_B2R09,Paracoccus_C2R07,Salipiger_C3M06	3-B2R04.mzML,5-B2R09.mzML,7-C2R07_2.mzML,8-C3M06.mzML,bkgrnd-marine-broth.mzML	72																																														
691	5	1200.5519531250002	1	1200.5519531250002	0.0	452.29300000000006	4	1	0	0	1	0	1	0	1	1	0	0	0	0	0	0	1	0	1	0	1	1	0	0	0	1	G1,G2	Phaeobacter_B2R04,Roseovarius_B2R09,Paracoccus_C2R07,Salipiger_C3M06	3-B2R04.mzML,5-B2R09.mzML,7-C2R07_2.mzML,8-C3M06.mzML,bkgrnd-marine-broth.mzML	4																																														
692	6	1216.5492960611982	1	1216.5492960611982	0.0	448.2811666666668	4	2	0	0	1	0	1	0	1	0	1	0	0	0	0	0	1	0	1	0	1	0	1	0	0	2	G1,G2	Phaeobacter_B2R04,Roseovarius_B2R09,Paracoccus_C2R07,Acinetobacter_D3M06	3-B2R04.mzML,5-B2R09.mzML,7-C2R07_2.mzML,9-D3M06.mzML,bkgrnd-marine-broth.mzML	72																																														
693	5	1216.5473876953129	1	1216.5473876953129	0.0	448.1810000000001	4	1	0	0	1	0	1	0	1	0	1	0	0	0	0	0	1	0	1	0	1	0	1	0	0	1	G1,G2	Phaeobacter_B2R04,Roseovarius_B2R09,Paracoccus_C2R07,Acinetobacter_D3M06	3-B2R04.mzML,5-B2R09.mzML,7-C2R07_2.mzML,9-D3M06.mzML,bkgrnd-marine-broth.mzML	4																																														
694	2	1279.5751953125005	1	1279.5751953125005	0.0	433.095	2	0	0	0	0	0	0	1	0	0	0	1	0	0	0	0	0	0	0	1	0	0	0	1	0	0	G1	Colwellia_C2M19,Arenibacter_D3M17	6-C2M19.mzML,10-D3M17.mzML	51																																														
695	2	1279.5751953125005	1	1279.5751953125005	0.0	433.288	2	0	0	0	0	0	0	1	0	0	0	1	0	0	0	0	0	0	0	1	0	0	0	1	0	0	G1	Colwellia_C2M19,Arenibacter_D3M17	6-C2M19.mzML,10-D3M17.mzML	-1																																														
