cluster index	number of spectra	parent mass	precursor charge	precursor mass	sum(precursor intensity)	RTMean	ATTRIBUTE_GROUP:GNPSGROUP:G1	ATTRIBUTE_GROUP:GNPSGROUP:G2	ATTRIBUTE_ORGANISM:GNPSGROUP:Vibrio_1A01	ATTRIBUTE_ORGANISM:GNPSGROUP:Vibrio_6D03	ATTRIBUTE_ORGANISM:GNPSGROUP:Phaeobacter_B2R04	ATTRIBUTE_ORGANISM:GNPSGROUP:Shewanella_B2R08	ATTRIBUTE_ORGANISM:GNPSGROUP:Roseovarius_B2R09	ATTRIBUTE_ORGANISM:GNPSGROUP:Colwellia_C2M19	ATTRIBUTE_ORGANISM:GNPSGROUP:Paracoccus_C2R07	ATTRIBUTE_ORGANISM:GNPSGROUP:Salipiger_C3M06	ATTRIBUTE_ORGANISM:GNPSGROUP:Acinetobacter_D3M06	ATTRIBUTE_ORGANISM:GNPSGROUP:Arenibacter_D3M17	ATTRIBUTE_ORGANISM:GNPSGROUP:Motilimonas_G1M02	ATTRIBUTE_ORGANISM:GNPSGROUP:nan	ATTRIBUTE_PERFILEGROUPING:GNPSGROUP:1-1A01.mzML	ATTRIBUTE_PERFILEGROUPING:GNPSGROUP:2-6D03.mzML	ATTRIBUTE_PERFILEGROUPING:GNPSGROUP:3-B2R04.mzML	ATTRIBUTE_PERFILEGROUPING:GNPSGROUP:4-B2R08.mzML	ATTRIBUTE_PERFILEGROUPING:GNPSGROUP:5-B2R09.mzML	ATTRIBUTE_PERFILEGROUPING:GNPSGROUP:6-C2M19.mzML	ATTRIBUTE_PERFILEGROUPING:GNPSGROUP:7-C2R07_2.mzML	ATTRIBUTE_PERFILEGROUPING:GNPSGROUP:8-C3M06.mzML	ATTRIBUTE_PERFILEGROUPING:GNPSGROUP:9-D3M06.mzML	ATTRIBUTE_PERFILEGROUPING:GNPSGROUP:10-D3M17.mzML	ATTRIBUTE_PERFILEGROUPING:GNPSGROUP:11-G1M02.mzML	ATTRIBUTE_PERFILEGROUPING:GNPSGROUP:bkgrnd-marine-broth.mzML	ATTRIBUTE_GROUP	ATTRIBUTE_ORGANISM	ATTRIBUTE_PERFILEGROUPING
1	14	103.05396670386892	1	103.05396670386892	0.0	282.62807142857145	14	0	0	0	0	0	1	3	2	2	3	3	0	0	0	0	0	0	1	3	2	2	3	3	0	0	G1	Roseovarius_B2R09,Colwellia_C2M19,Paracoccus_C2R07,Salipiger_C3M06,Acinetobacter_D3M06,Arenibacter_D3M17	5-B2R09.mzML,6-C2M19.mzML,7-C2R07_2.mzML,8-C3M06.mzML,9-D3M06.mzML,10-D3M17.mzML
2	15	103.05397186279284	1	103.05397186279284	0.0	282.8816666666667	15	0	0	0	0	0	1	3	2	3	3	3	0	0	0	0	0	0	1	3	2	3	3	3	0	0	G1	Roseovarius_B2R09,Colwellia_C2M19,Paracoccus_C2R07,Salipiger_C3M06,Acinetobacter_D3M06,Arenibacter_D3M17	5-B2R09.mzML,6-C2M19.mzML,7-C2R07_2.mzML,8-C3M06.mzML,9-D3M06.mzML,10-D3M17.mzML
3	6	105.06956481933598	1	105.06956481933598	0.0	316.66283333333337	6	0	0	0	0	0	0	0	0	0	0	6	0	0	0	0	0	0	0	0	0	0	0	6	0	0	G1	Arenibacter_D3M17	10-D3M17.mzML
4	36	110.00889068179656	1	110.00889068179652	0.0	106.21819444444444	33	3	3	3	3	3	3	3	3	3	3	3	3	0	3	3	3	3	3	3	3	3	3	3	3	3	G1,G2	Vibrio_1A01,Vibrio_6D03,Phaeobacter_B2R04,Shewanella_B2R08,Roseovarius_B2R09,Colwellia_C2M19,Paracoccus_C2R07,Salipiger_C3M06,Acinetobacter_D3M06,Arenibacter_D3M17,Motilimonas_G1M02	1-1A01.mzML,2-6D03.mzML,3-B2R04.mzML,4-B2R08.mzML,5-B2R09.mzML,6-C2M19.mzML,7-C2R07_2.mzML,8-C3M06.mzML,9-D3M06.mzML,10-D3M17.mzML,11-G1M02.mzML,bkgrnd-marine-broth.mzML
5	108	110.00889068179652	1	110.00889068179649	0.0	119.97274074074076	99	9	9	9	9	9	9	9	9	9	9	9	9	0	9	9	9	9	9	9	9	9	9	9	9	9	G1,G2	Vibrio_1A01,Vibrio_6D03,Phaeobacter_B2R04,Shewanella_B2R08,Roseovarius_B2R09,Colwellia_C2M19,Paracoccus_C2R07,Salipiger_C3M06,Acinetobacter_D3M06,Arenibacter_D3M17,Motilimonas_G1M02	1-1A01.mzML,2-6D03.mzML,3-B2R04.mzML,4-B2R08.mzML,5-B2R09.mzML,6-C2M19.mzML,7-C2R07_2.mzML,8-C3M06.mzML,9-D3M06.mzML,10-D3M17.mzML,11-G1M02.mzML,bkgrnd-marine-broth.mzML
6	6	113.033991495768	1	113.033991495768	0.0	189.9838333333333	6	0	0	0	0	6	0	0	0	0	0	0	0	0	0	0	0	6	0	0	0	0	0	0	0	0	G1	Shewanella_B2R08	4-B2R08.mzML
7	46	113.9631894982382	1	113.96318949823818	0.0	296.19778260869566	46	0	0	0	0	12	0	16	0	0	0	6	12	0	0	0	0	12	0	16	0	0	0	6	12	0	G1	Shewanella_B2R08,Colwellia_C2M19,Arenibacter_D3M17,Motilimonas_G1M02	4-B2R08.mzML,6-C2M19.mzML,10-D3M17.mzML,11-G1M02.mzML
8	6	116.07022942437102	1	116.07022942437102	0.0	143.92883333333336	6	0	0	0	0	0	0	0	0	0	0	6	0	0	0	0	0	0	0	0	0	0	0	6	0	0	G1	Arenibacter_D3M17	10-D3M17.mzML
9	6	116.07022942437102	1	116.07022942437102	0.0	173.57533333333336	6	0	0	0	0	0	0	0	0	0	0	6	0	0	0	0	0	0	0	0	0	0	0	6	0	0	G1	Arenibacter_D3M17	10-D3M17.mzML
10	6	116.07022942437102	1	116.07022942437102	0.0	173.7663333333333	6	0	0	0	0	0	0	0	0	0	0	6	0	0	0	0	0	0	0	0	0	0	0	6	0	0	G1	Arenibacter_D3M17	10-D3M17.mzML
11	131	117.0728418019039	1	117.07284180190402	0.0	208.2566017811705	130	1	2	11	9	12	17	11	18	7	14	14	15	0	2	11	9	12	17	11	18	7	14	14	15	1	G1,G2	Vibrio_1A01,Vibrio_6D03,Phaeobacter_B2R04,Shewanella_B2R08,Roseovarius_B2R09,Colwellia_C2M19,Paracoccus_C2R07,Salipiger_C3M06,Acinetobacter_D3M06,Arenibacter_D3M17,Motilimonas_G1M02	1-1A01.mzML,2-6D03.mzML,3-B2R04.mzML,4-B2R08.mzML,5-B2R09.mzML,6-C2M19.mzML,7-C2R07_2.mzML,8-C3M06.mzML,9-D3M06.mzML,10-D3M17.mzML,11-G1M02.mzML,bkgrnd-marine-broth.mzML
12	30	117.07281668123105	1	117.07281668123105	0.0	207.51523333333333	30	0	0	1	3	2	5	1	3	4	4	4	3	0	0	1	3	2	5	1	3	4	4	4	3	0	G1	Vibrio_6D03,Phaeobacter_B2R04,Shewanella_B2R08,Roseovarius_B2R09,Colwellia_C2M19,Paracoccus_C2R07,Salipiger_C3M06,Acinetobacter_D3M06,Arenibacter_D3M17,Motilimonas_G1M02	2-6D03.mzML,3-B2R04.mzML,4-B2R08.mzML,5-B2R09.mzML,6-C2M19.mzML,7-C2R07_2.mzML,8-C3M06.mzML,9-D3M06.mzML,10-D3M17.mzML,11-G1M02.mzML
13	56	117.07286763785908	1	117.07286763785922	0.0	222.39955059523808	55	1	1	4	4	5	4	8	6	7	5	7	4	0	1	4	4	5	4	8	6	7	5	7	4	1	G1,G2	Vibrio_1A01,Vibrio_6D03,Phaeobacter_B2R04,Shewanella_B2R08,Roseovarius_B2R09,Colwellia_C2M19,Paracoccus_C2R07,Salipiger_C3M06,Acinetobacter_D3M06,Arenibacter_D3M17,Motilimonas_G1M02	1-1A01.mzML,2-6D03.mzML,3-B2R04.mzML,4-B2R08.mzML,5-B2R09.mzML,6-C2M19.mzML,7-C2R07_2.mzML,8-C3M06.mzML,9-D3M06.mzML,10-D3M17.mzML,11-G1M02.mzML,bkgrnd-marine-broth.mzML
14	24	117.07308912277222	1	117.0730891227722	0.0	298.5283125	22	2	2	0	4	1	2	3	0	2	2	3	3	0	2	0	4	1	2	3	0	2	2	3	3	2	G1,G2	Vibrio_1A01,Phaeobacter_B2R04,Shewanella_B2R08,Roseovarius_B2R09,Colwellia_C2M19,Salipiger_C3M06,Acinetobacter_D3M06,Arenibacter_D3M17,Motilimonas_G1M02	1-1A01.mzML,3-B2R04.mzML,4-B2R08.mzML,5-B2R09.mzML,6-C2M19.mzML,8-C3M06.mzML,9-D3M06.mzML,10-D3M17.mzML,11-G1M02.mzML,bkgrnd-marine-broth.mzML
15	61	117.07280633724385	1	117.0728063372439	0.0	203.6066885245901	61	0	0	8	5	6	7	4	7	7	7	2	8	0	0	8	5	6	7	4	7	7	7	2	8	0	G1	Vibrio_6D03,Phaeobacter_B2R04,Shewanella_B2R08,Roseovarius_B2R09,Colwellia_C2M19,Paracoccus_C2R07,Salipiger_C3M06,Acinetobacter_D3M06,Arenibacter_D3M17,Motilimonas_G1M02	2-6D03.mzML,3-B2R04.mzML,4-B2R08.mzML,5-B2R09.mzML,6-C2M19.mzML,7-C2R07_2.mzML,8-C3M06.mzML,9-D3M06.mzML,10-D3M17.mzML,11-G1M02.mzML
16	49	117.07282274998148	1	117.07282274998153	0.0	125.69079931972789	49	0	0	7	7	5	3	3	2	9	4	3	6	0	0	7	7	5	3	3	2	9	4	3	6	0	G1	Vibrio_6D03,Phaeobacter_B2R04,Shewanella_B2R08,Roseovarius_B2R09,Colwellia_C2M19,Paracoccus_C2R07,Salipiger_C3M06,Acinetobacter_D3M06,Arenibacter_D3M17,Motilimonas_G1M02	2-6D03.mzML,3-B2R04.mzML,4-B2R08.mzML,5-B2R09.mzML,6-C2M19.mzML,7-C2R07_2.mzML,8-C3M06.mzML,9-D3M06.mzML,10-D3M17.mzML,11-G1M02.mzML
17	35	117.07279948366464	1	117.07279948366468	0.0	223.42544285714288	35	0	0	5	4	5	3	4	5	1	2	2	4	0	0	5	4	5	3	4	5	1	2	2	4	0	G1	Vibrio_6D03,Phaeobacter_B2R04,Shewanella_B2R08,Roseovarius_B2R09,Colwellia_C2M19,Paracoccus_C2R07,Salipiger_C3M06,Acinetobacter_D3M06,Arenibacter_D3M17,Motilimonas_G1M02	2-6D03.mzML,3-B2R04.mzML,4-B2R08.mzML,5-B2R09.mzML,6-C2M19.mzML,7-C2R07_2.mzML,8-C3M06.mzML,9-D3M06.mzML,10-D3M17.mzML,11-G1M02.mzML
18	45	117.07292509936778	1	117.07292509936777	0.0	373.7608444444445	43	2	1	0	6	6	1	8	1	5	4	6	5	0	1	0	6	6	1	8	1	5	4	6	5	2	G1,G2	Vibrio_1A01,Phaeobacter_B2R04,Shewanella_B2R08,Roseovarius_B2R09,Colwellia_C2M19,Paracoccus_C2R07,Salipiger_C3M06,Acinetobacter_D3M06,Arenibacter_D3M17,Motilimonas_G1M02	1-1A01.mzML,3-B2R04.mzML,4-B2R08.mzML,5-B2R09.mzML,6-C2M19.mzML,7-C2R07_2.mzML,8-C3M06.mzML,9-D3M06.mzML,10-D3M17.mzML,11-G1M02.mzML,bkgrnd-marine-broth.mzML
19	70	118.08644343239908	1	118.08644343239914	0.0	162.47562857142856	64	6	9	9	0	6	0	9	9	3	7	6	6	0	9	9	0	6	0	9	9	3	7	6	6	6	G1,G2	Vibrio_1A01,Vibrio_6D03,Shewanella_B2R08,Colwellia_C2M19,Paracoccus_C2R07,Salipiger_C3M06,Acinetobacter_D3M06,Arenibacter_D3M17,Motilimonas_G1M02	1-1A01.mzML,2-6D03.mzML,4-B2R08.mzML,6-C2M19.mzML,7-C2R07_2.mzML,8-C3M06.mzML,9-D3M06.mzML,10-D3M17.mzML,11-G1M02.mzML,bkgrnd-marine-broth.mzML
20	86	118.08638586542077	1	118.0863858654208	0.0	164.8120581395349	77	9	9	9	0	9	0	9	9	8	9	9	6	0	9	9	0	9	0	9	9	8	9	9	6	9	G1,G2	Vibrio_1A01,Vibrio_6D03,Shewanella_B2R08,Colwellia_C2M19,Paracoccus_C2R07,Salipiger_C3M06,Acinetobacter_D3M06,Arenibacter_D3M17,Motilimonas_G1M02	1-1A01.mzML,2-6D03.mzML,4-B2R08.mzML,6-C2M19.mzML,7-C2R07_2.mzML,8-C3M06.mzML,9-D3M06.mzML,10-D3M17.mzML,11-G1M02.mzML,bkgrnd-marine-broth.mzML
21	20	118.0860794067382	1	118.08607940673826	0.0	166.61124999999998	17	3	0	0	3	3	0	0	0	6	2	3	0	0	0	0	3	3	0	0	0	6	2	3	0	3	G1,G2	Phaeobacter_B2R04,Shewanella_B2R08,Salipiger_C3M06,Acinetobacter_D3M06,Arenibacter_D3M17	3-B2R04.mzML,4-B2R08.mzML,8-C3M06.mzML,9-D3M06.mzML,10-D3M17.mzML,bkgrnd-marine-broth.mzML
22	12	118.08583638932951	1	118.08583638932951	0.0	209.72583333333336	12	0	0	0	0	3	0	1	3	0	2	3	0	0	0	0	0	3	0	1	3	0	2	3	0	0	G1	Shewanella_B2R08,Colwellia_C2M19,Paracoccus_C2R07,Acinetobacter_D3M06,Arenibacter_D3M17	4-B2R08.mzML,6-C2M19.mzML,7-C2R07_2.mzML,9-D3M06.mzML,10-D3M17.mzML
23	9	118.08583814832878	1	118.08583814832878	0.0	208.44722222222225	9	0	0	0	0	3	0	1	2	0	2	1	0	0	0	0	0	3	0	1	2	0	2	1	0	0	G1	Shewanella_B2R08,Colwellia_C2M19,Paracoccus_C2R07,Acinetobacter_D3M06,Arenibacter_D3M17	4-B2R08.mzML,6-C2M19.mzML,7-C2R07_2.mzML,9-D3M06.mzML,10-D3M17.mzML
24	3	118.08587985568568	1	118.08587985568568	0.0	212.734	3	0	0	0	0	0	0	0	1	0	1	1	0	0	0	0	0	0	0	0	1	0	1	1	0	0	G1	Paracoccus_C2R07,Acinetobacter_D3M06,Arenibacter_D3M17	7-C2R07_2.mzML,9-D3M06.mzML,10-D3M17.mzML
25	3	118.085833231608	1	118.085833231608	0.0	153.29066666666668	3	0	0	0	3	0	0	0	0	0	0	0	0	0	0	0	3	0	0	0	0	0	0	0	0	0	G1	Phaeobacter_B2R04	3-B2R04.mzML
26	2	118.086082458496	1	118.086082458496	0.0	180.1125	2	0	0	0	0	0	0	0	0	0	0	0	2	0	0	0	0	0	0	0	0	0	0	0	2	0	G1	Motilimonas_G1M02	11-G1M02.mzML
27	4	120.044278462728	1	120.044278462728	0.0	524.0065	4	0	0	0	0	0	0	0	0	0	0	4	0	0	0	0	0	0	0	0	0	0	0	4	0	0	G1	Arenibacter_D3M17	10-D3M17.mzML
28	2	120.044278462728	1	120.044278462728	0.0	524.4979999999999	2	0	0	0	0	0	0	0	0	0	0	2	0	0	0	0	0	0	0	0	0	0	0	2	0	0	G1	Arenibacter_D3M17	10-D3M17.mzML
29	55	120.08084286041388	1	120.08084286041392	0.0	316.0324545454545	49	6	3	2	4	4	6	5	6	5	3	6	5	0	3	2	4	4	6	5	6	5	3	6	5	6	G1,G2	Vibrio_1A01,Vibrio_6D03,Phaeobacter_B2R04,Shewanella_B2R08,Roseovarius_B2R09,Colwellia_C2M19,Paracoccus_C2R07,Salipiger_C3M06,Acinetobacter_D3M06,Arenibacter_D3M17,Motilimonas_G1M02	1-1A01.mzML,2-6D03.mzML,3-B2R04.mzML,4-B2R08.mzML,5-B2R09.mzML,6-C2M19.mzML,7-C2R07_2.mzML,8-C3M06.mzML,9-D3M06.mzML,10-D3M17.mzML,11-G1M02.mzML,bkgrnd-marine-broth.mzML
30	12	120.08511670430508	1	120.08511670430508	0.0	281.75083333333333	9	3	0	0	0	0	2	3	2	2	0	0	0	0	0	0	0	0	2	3	2	2	0	0	0	3	G1,G2	Roseovarius_B2R09,Colwellia_C2M19,Paracoccus_C2R07,Salipiger_C3M06	5-B2R09.mzML,6-C2M19.mzML,7-C2R07_2.mzML,8-C3M06.mzML,bkgrnd-marine-broth.mzML
31	64	120.08051685680697	1	120.08051685680704	0.0	293.29676562500003	64	0	0	0	4	6	8	9	8	8	6	11	4	0	0	0	4	6	8	9	8	8	6	11	4	0	G1	Phaeobacter_B2R04,Shewanella_B2R08,Roseovarius_B2R09,Colwellia_C2M19,Paracoccus_C2R07,Salipiger_C3M06,Acinetobacter_D3M06,Arenibacter_D3M17,Motilimonas_G1M02	3-B2R04.mzML,4-B2R08.mzML,5-B2R09.mzML,6-C2M19.mzML,7-C2R07_2.mzML,8-C3M06.mzML,9-D3M06.mzML,10-D3M17.mzML,11-G1M02.mzML
32	22	120.08300022934426	1	120.08300022934426	0.0	284.7689545454546	15	7	0	3	0	2	0	0	1	2	4	3	0	0	0	3	0	2	0	0	1	2	4	3	0	7	G1,G2	Vibrio_6D03,Shewanella_B2R08,Paracoccus_C2R07,Salipiger_C3M06,Acinetobacter_D3M06,Arenibacter_D3M17	2-6D03.mzML,4-B2R08.mzML,7-C2R07_2.mzML,8-C3M06.mzML,9-D3M06.mzML,10-D3M17.mzML,bkgrnd-marine-broth.mzML
33	12	120.08511670430508	1	120.08511670430508	0.0	281.55966666666666	9	3	0	0	0	0	2	3	2	2	0	0	0	0	0	0	0	0	2	3	2	2	0	0	0	3	G1,G2	Roseovarius_B2R09,Colwellia_C2M19,Paracoccus_C2R07,Salipiger_C3M06	5-B2R09.mzML,6-C2M19.mzML,7-C2R07_2.mzML,8-C3M06.mzML,bkgrnd-marine-broth.mzML
34	47	120.08051897275452	1	120.08051897275456	0.0	285.1966170212766	47	0	0	0	2	6	6	7	6	5	5	6	4	0	0	0	2	6	6	7	6	5	5	6	4	0	G1	Phaeobacter_B2R04,Shewanella_B2R08,Roseovarius_B2R09,Colwellia_C2M19,Paracoccus_C2R07,Salipiger_C3M06,Acinetobacter_D3M06,Arenibacter_D3M17,Motilimonas_G1M02	3-B2R04.mzML,4-B2R08.mzML,5-B2R09.mzML,6-C2M19.mzML,7-C2R07_2.mzML,8-C3M06.mzML,9-D3M06.mzML,10-D3M17.mzML,11-G1M02.mzML
35	21	120.08304407028928	1	120.08304407028928	0.0	283.09280952380954	15	6	0	3	0	2	0	0	1	2	4	3	0	0	0	3	0	2	0	0	1	2	4	3	0	6	G1,G2	Vibrio_6D03,Shewanella_B2R08,Paracoccus_C2R07,Salipiger_C3M06,Acinetobacter_D3M06,Arenibacter_D3M17	2-6D03.mzML,4-B2R08.mzML,7-C2R07_2.mzML,8-C3M06.mzML,9-D3M06.mzML,10-D3M17.mzML,bkgrnd-marine-broth.mzML
36	35	120.08098973247456	1	120.0809897324746	0.0	315.1516571428572	30	5	3	2	2	4	4	3	1	2	2	2	5	0	3	2	2	4	4	3	1	2	2	2	5	5	G1,G2	Vibrio_1A01,Vibrio_6D03,Phaeobacter_B2R04,Shewanella_B2R08,Roseovarius_B2R09,Colwellia_C2M19,Paracoccus_C2R07,Salipiger_C3M06,Acinetobacter_D3M06,Arenibacter_D3M17,Motilimonas_G1M02	1-1A01.mzML,2-6D03.mzML,3-B2R04.mzML,4-B2R08.mzML,5-B2R09.mzML,6-C2M19.mzML,7-C2R07_2.mzML,8-C3M06.mzML,9-D3M06.mzML,10-D3M17.mzML,11-G1M02.mzML,bkgrnd-marine-broth.mzML
37	3	120.080488840739	1	120.080488840739	0.0	334.34433333333334	3	0	0	0	0	0	0	0	3	0	0	0	0	0	0	0	0	0	0	0	3	0	0	0	0	0	G1	Paracoccus_C2R07	7-C2R07_2.mzML
38	60	121.06482518514	1	121.06482518513992	0.0	201.9304	54	6	6	0	0	6	6	6	6	6	6	6	6	0	6	0	0	6	6	6	6	6	6	6	6	6	G1,G2	Vibrio_1A01,Shewanella_B2R08,Roseovarius_B2R09,Colwellia_C2M19,Paracoccus_C2R07,Salipiger_C3M06,Acinetobacter_D3M06,Arenibacter_D3M17,Motilimonas_G1M02	1-1A01.mzML,4-B2R08.mzML,5-B2R09.mzML,6-C2M19.mzML,7-C2R07_2.mzML,8-C3M06.mzML,9-D3M06.mzML,10-D3M17.mzML,11-G1M02.mzML,bkgrnd-marine-broth.mzML
39	10	122.096512031555	1	122.09651203155502	0.0	319.0994	10	0	0	3	3	0	0	1	0	0	0	3	0	0	0	3	3	0	0	1	0	0	0	3	0	0	G1	Vibrio_6D03,Phaeobacter_B2R04,Colwellia_C2M19,Arenibacter_D3M17	2-6D03.mzML,3-B2R04.mzML,6-C2M19.mzML,10-D3M17.mzML
40	10	122.096512031555	1	122.09651203155502	0.0	319.2905	10	0	0	3	3	0	0	1	0	0	0	3	0	0	0	3	3	0	0	1	0	0	0	3	0	0	G1	Vibrio_6D03,Phaeobacter_B2R04,Colwellia_C2M19,Arenibacter_D3M17	2-6D03.mzML,3-B2R04.mzML,6-C2M19.mzML,10-D3M17.mzML
41	6	122.09605587853316	1	122.09605587853316	0.0	18.9845	6	0	0	0	1	0	1	0	1	0	1	0	2	0	0	0	1	0	1	0	1	0	1	0	2	0	G1	Phaeobacter_B2R04,Roseovarius_B2R09,Paracoccus_C2R07,Acinetobacter_D3M06,Motilimonas_G1M02	3-B2R04.mzML,5-B2R09.mzML,7-C2R07_2.mzML,9-D3M06.mzML,11-G1M02.mzML
42	2	122.0960782368975	1	122.0960782368975	0.0	18.82875	2	0	0	0	0	0	0	0	0	0	1	0	1	0	0	0	0	0	0	0	0	0	1	0	1	0	G1	Acinetobacter_D3M06,Motilimonas_G1M02	9-D3M06.mzML,11-G1M02.mzML
43	48	122.96373526255316	1	122.9637352625532	0.0	292.3574791666667	48	0	0	0	0	2	0	0	0	0	0	0	46	0	0	0	0	2	0	0	0	0	0	0	46	0	G1	Shewanella_B2R08,Motilimonas_G1M02	4-B2R08.mzML,11-G1M02.mzML
44	23	123.04385641346794	1	123.04385641346794	0.0	210.2775652173913	20	3	0	0	0	0	4	6	0	6	0	4	0	0	0	0	0	0	4	6	0	6	0	4	0	3	G1,G2	Roseovarius_B2R09,Colwellia_C2M19,Salipiger_C3M06,Arenibacter_D3M17	5-B2R09.mzML,6-C2M19.mzML,8-C3M06.mzML,10-D3M17.mzML,bkgrnd-marine-broth.mzML
45	109	125.986260529031	1	125.9862605290309	0.0	115.85888073394496	102	7	6	8	12	8	12	7	10	12	10	9	8	0	6	8	12	8	12	7	10	12	10	9	8	7	G1,G2	Vibrio_1A01,Vibrio_6D03,Phaeobacter_B2R04,Shewanella_B2R08,Roseovarius_B2R09,Colwellia_C2M19,Paracoccus_C2R07,Salipiger_C3M06,Acinetobacter_D3M06,Arenibacter_D3M17,Motilimonas_G1M02	1-1A01.mzML,2-6D03.mzML,3-B2R04.mzML,4-B2R08.mzML,5-B2R09.mzML,6-C2M19.mzML,7-C2R07_2.mzML,8-C3M06.mzML,9-D3M06.mzML,10-D3M17.mzML,11-G1M02.mzML,bkgrnd-marine-broth.mzML
46	25	125.9865172526042	1	125.9865172526042	0.0	128.68824	22	3	2	4	0	4	0	5	2	0	2	3	0	0	2	4	0	4	0	5	2	0	2	3	0	3	G1,G2	Vibrio_1A01,Vibrio_6D03,Shewanella_B2R08,Colwellia_C2M19,Paracoccus_C2R07,Acinetobacter_D3M06,Arenibacter_D3M17	1-1A01.mzML,2-6D03.mzML,4-B2R08.mzML,6-C2M19.mzML,7-C2R07_2.mzML,9-D3M06.mzML,10-D3M17.mzML,bkgrnd-marine-broth.mzML
47	5	127.049627685547	1	127.049627685547	0.0	230.124	5	0	0	0	0	3	0	0	0	0	0	2	0	0	0	0	0	3	0	0	0	0	0	2	0	0	G1	Shewanella_B2R08,Arenibacter_D3M17	4-B2R08.mzML,10-D3M17.mzML
48	5	127.0496643066408	1	127.0496643066408	0.0	249.06840000000005	5	0	0	0	0	2	0	0	0	0	1	2	0	0	0	0	0	2	0	0	0	0	1	2	0	0	G1	Shewanella_B2R08,Acinetobacter_D3M06,Arenibacter_D3M17	4-B2R08.mzML,9-D3M06.mzML,10-D3M17.mzML
49	5	127.0497090657556	1	127.0497090657556	0.0	229.92300000000003	5	0	0	0	0	0	0	2	3	0	0	0	0	0	0	0	0	0	0	2	3	0	0	0	0	0	G1	Colwellia_C2M19,Paracoccus_C2R07	6-C2M19.mzML,7-C2R07_2.mzML
50	8	127.049743652344	1	127.049743652344	0.0	264.608	8	0	0	0	0	0	1	2	3	0	2	0	0	0	0	0	0	0	1	2	3	0	2	0	0	0	G1	Roseovarius_B2R09,Colwellia_C2M19,Paracoccus_C2R07,Acinetobacter_D3M06	5-B2R09.mzML,6-C2M19.mzML,7-C2R07_2.mzML,9-D3M06.mzML
51	9	127.049835205078	1	127.049835205078	0.0	311.90155555555555	9	0	0	0	0	0	5	1	0	0	3	0	0	0	0	0	0	0	5	1	0	0	3	0	0	0	G1	Roseovarius_B2R09,Colwellia_C2M19,Acinetobacter_D3M06	5-B2R09.mzML,6-C2M19.mzML,9-D3M06.mzML
52	25	129.06544738769543	1	129.06544738769537	0.0	158.86752000000004	25	0	0	0	4	0	0	0	6	3	6	6	0	0	0	0	4	0	0	0	6	3	6	6	0	0	G1	Phaeobacter_B2R04,Paracoccus_C2R07,Salipiger_C3M06,Acinetobacter_D3M06,Arenibacter_D3M17	3-B2R04.mzML,7-C2R07_2.mzML,8-C3M06.mzML,9-D3M06.mzML,10-D3M17.mzML
53	8	129.0652923583985	1	129.0652923583985	0.0	158.431125	8	0	0	0	0	4	0	4	0	0	0	0	0	0	0	0	0	4	0	4	0	0	0	0	0	0	G1	Shewanella_B2R08,Colwellia_C2M19	4-B2R08.mzML,6-C2M19.mzML
54	4	129.065322875977	1	129.065322875977	0.0	158.658	4	0	0	0	0	0	4	0	0	0	0	0	0	0	0	0	0	0	4	0	0	0	0	0	0	0	G1	Roseovarius_B2R09	5-B2R09.mzML
55	6	129.065567016602	1	129.065567016602	0.0	163.83383333333333	6	0	0	0	0	0	0	0	0	0	0	0	6	0	0	0	0	0	0	0	0	0	0	0	6	0	G1	Motilimonas_G1M02	11-G1M02.mzML
56	18	129.13820393880198	1	129.13820393880198	0.0	122.46277777777776	18	0	0	0	0	6	0	6	0	0	0	6	0	0	0	0	0	6	0	6	0	0	0	6	0	0	G1	Shewanella_B2R08,Colwellia_C2M19,Arenibacter_D3M17	4-B2R08.mzML,6-C2M19.mzML,10-D3M17.mzML
57	26	130.050085581266	1	130.05008558126602	0.0	172.00515384615386	23	3	6	0	3	3	5	0	0	3	0	3	0	0	6	0	3	3	5	0	0	3	0	3	0	3	G1,G2	Vibrio_1A01,Phaeobacter_B2R04,Shewanella_B2R08,Roseovarius_B2R09,Salipiger_C3M06,Arenibacter_D3M17	1-1A01.mzML,3-B2R04.mzML,4-B2R08.mzML,5-B2R09.mzML,8-C3M06.mzML,10-D3M17.mzML,bkgrnd-marine-broth.mzML
58	40	130.0494519710541	1	130.0494519710541	0.0	184.9732	39	1	0	0	11	9	5	0	0	4	0	5	5	0	0	0	11	9	5	0	0	4	0	5	5	1	G1,G2	Phaeobacter_B2R04,Shewanella_B2R08,Roseovarius_B2R09,Salipiger_C3M06,Arenibacter_D3M17,Motilimonas_G1M02	3-B2R04.mzML,4-B2R08.mzML,5-B2R09.mzML,8-C3M06.mzML,10-D3M17.mzML,11-G1M02.mzML,bkgrnd-marine-broth.mzML
59	22	130.0496414935951	1	130.04964149359512	0.0	194.71795454545452	19	3	0	0	4	6	0	0	0	3	0	5	1	0	0	0	4	6	0	0	0	3	0	5	1	3	G1,G2	Phaeobacter_B2R04,Shewanella_B2R08,Salipiger_C3M06,Arenibacter_D3M17,Motilimonas_G1M02	3-B2R04.mzML,4-B2R08.mzML,8-C3M06.mzML,10-D3M17.mzML,11-G1M02.mzML,bkgrnd-marine-broth.mzML
60	5	130.0497896830244	1	130.0497896830244	0.0	187.1128	4	1	0	0	0	0	0	0	0	2	0	2	0	0	0	0	0	0	0	0	0	2	0	2	0	1	G1,G2	Salipiger_C3M06,Arenibacter_D3M17	8-C3M06.mzML,10-D3M17.mzML,bkgrnd-marine-broth.mzML
61	6	130.0513526068793	1	130.0513526068793	0.0	176.37433333333334	4	2	4	0	0	0	0	0	0	0	0	0	0	0	4	0	0	0	0	0	0	0	0	0	0	2	G1,G2	Vibrio_1A01	1-1A01.mzML,bkgrnd-marine-broth.mzML
62	2	130.051445007324	1	130.051445007324	0.0	179.08149999999998	2	0	2	0	0	0	0	0	0	0	0	0	0	0	2	0	0	0	0	0	0	0	0	0	0	0	G1	Vibrio_1A01	1-1A01.mzML
63	3	130.085698445638	1	130.085698445638	0.0	150.8493333333333	3	0	0	0	0	0	3	0	0	0	0	0	0	0	0	0	0	0	3	0	0	0	0	0	0	0	G1	Roseovarius_B2R09	5-B2R09.mzML
64	3	130.085698445638	1	130.085698445638	0.0	151.04033333333334	3	0	0	0	0	0	3	0	0	0	0	0	0	0	0	0	0	0	3	0	0	0	0	0	0	0	G1	Roseovarius_B2R09	5-B2R09.mzML
65	48	130.09766832987475	1	130.09766832987472	0.0	150.322625	42	6	6	6	6	0	0	0	6	6	6	0	6	0	6	6	6	0	0	0	6	6	6	0	6	6	G1,G2	Vibrio_1A01,Vibrio_6D03,Phaeobacter_B2R04,Paracoccus_C2R07,Salipiger_C3M06,Acinetobacter_D3M06,Motilimonas_G1M02	1-1A01.mzML,2-6D03.mzML,3-B2R04.mzML,7-C2R07_2.mzML,8-C3M06.mzML,9-D3M06.mzML,11-G1M02.mzML,bkgrnd-marine-broth.mzML
66	6	130.122512817383	1	130.122512817383	0.0	511.01566666666673	6	0	0	6	0	0	0	0	0	0	0	0	0	0	0	6	0	0	0	0	0	0	0	0	0	0	G1	Vibrio_6D03	2-6D03.mzML
67	36	130.9661602444119	1	130.9661602444118	0.0	193.7498611111111	36	0	4	2	6	6	0	4	4	0	4	2	4	0	4	2	6	6	0	4	4	0	4	2	4	0	G1	Vibrio_1A01,Vibrio_6D03,Phaeobacter_B2R04,Shewanella_B2R08,Colwellia_C2M19,Paracoccus_C2R07,Acinetobacter_D3M06,Arenibacter_D3M17,Motilimonas_G1M02	1-1A01.mzML,2-6D03.mzML,3-B2R04.mzML,4-B2R08.mzML,6-C2M19.mzML,7-C2R07_2.mzML,9-D3M06.mzML,10-D3M17.mzML,11-G1M02.mzML
68	29	131.0488665350552	1	131.04886653505525	0.0	279.04503448275864	26	3	0	0	2	3	3	3	3	3	3	3	3	0	0	0	2	3	3	3	3	3	3	3	3	3	G1,G2	Phaeobacter_B2R04,Shewanella_B2R08,Roseovarius_B2R09,Colwellia_C2M19,Paracoccus_C2R07,Salipiger_C3M06,Acinetobacter_D3M06,Arenibacter_D3M17,Motilimonas_G1M02	3-B2R04.mzML,4-B2R08.mzML,5-B2R09.mzML,6-C2M19.mzML,7-C2R07_2.mzML,8-C3M06.mzML,9-D3M06.mzML,10-D3M17.mzML,11-G1M02.mzML,bkgrnd-marine-broth.mzML
69	29	131.0488665350552	1	131.04886653505525	0.0	279.2361724137931	26	3	0	0	2	3	3	3	3	3	3	3	3	0	0	0	2	3	3	3	3	3	3	3	3	3	G1,G2	Phaeobacter_B2R04,Shewanella_B2R08,Roseovarius_B2R09,Colwellia_C2M19,Paracoccus_C2R07,Salipiger_C3M06,Acinetobacter_D3M06,Arenibacter_D3M17,Motilimonas_G1M02	3-B2R04.mzML,4-B2R08.mzML,5-B2R09.mzML,6-C2M19.mzML,7-C2R07_2.mzML,8-C3M06.mzML,9-D3M06.mzML,10-D3M17.mzML,11-G1M02.mzML,bkgrnd-marine-broth.mzML
70	71	131.92940545541867	1	131.92940545541865	0.0	262.5330563380282	65	6	0	0	16	17	5	14	3	0	0	0	10	0	0	0	16	17	5	14	3	0	0	0	10	6	G1,G2	Phaeobacter_B2R04,Shewanella_B2R08,Roseovarius_B2R09,Colwellia_C2M19,Paracoccus_C2R07,Motilimonas_G1M02	3-B2R04.mzML,4-B2R08.mzML,5-B2R09.mzML,6-C2M19.mzML,7-C2R07_2.mzML,11-G1M02.mzML,bkgrnd-marine-broth.mzML
71	45	131.92937135354055	1	131.92937135354052	0.0	253.23348888888887	43	2	0	0	7	9	3	8	3	0	0	0	13	0	0	0	7	9	3	8	3	0	0	0	13	2	G1,G2	Phaeobacter_B2R04,Shewanella_B2R08,Roseovarius_B2R09,Colwellia_C2M19,Paracoccus_C2R07,Motilimonas_G1M02	3-B2R04.mzML,4-B2R08.mzML,5-B2R09.mzML,6-C2M19.mzML,7-C2R07_2.mzML,11-G1M02.mzML,bkgrnd-marine-broth.mzML
72	19	131.92925092977703	1	131.92925092977703	0.0	286.3182631578948	19	0	0	0	7	4	4	4	0	0	0	0	0	0	0	0	7	4	4	4	0	0	0	0	0	0	G1	Phaeobacter_B2R04,Shewanella_B2R08,Roseovarius_B2R09,Colwellia_C2M19	3-B2R04.mzML,4-B2R08.mzML,5-B2R09.mzML,6-C2M19.mzML
73	6	132.06501388549802	1	132.06501388549802	0.0	142.61633333333336	6	0	0	0	0	6	0	0	0	0	0	0	0	0	0	0	0	6	0	0	0	0	0	0	0	0	G1	Shewanella_B2R08	4-B2R08.mzML
74	3	132.10912068684866	1	132.10912068684866	0.0	197.45466666666667	2	1	0	0	0	0	0	0	0	0	2	0	0	0	0	0	0	0	0	0	0	0	2	0	0	1	G1,G2	Acinetobacter_D3M06	9-D3M06.mzML,bkgrnd-marine-broth.mzML
75	8	132.10740375518824	1	132.10740375518824	0.0	195.55375	6	2	0	0	0	0	0	0	0	3	0	1	2	0	0	0	0	0	0	0	0	3	0	1	2	2	G1,G2	Salipiger_C3M06,Arenibacter_D3M17,Motilimonas_G1M02	8-C3M06.mzML,10-D3M17.mzML,11-G1M02.mzML,bkgrnd-marine-broth.mzML
76	40	132.10164549328044	1	132.1016454932805	0.0	193.2461	40	0	0	0	1	5	2	3	3	8	7	9	2	0	0	0	1	5	2	3	3	8	7	9	2	0	G1	Phaeobacter_B2R04,Shewanella_B2R08,Roseovarius_B2R09,Colwellia_C2M19,Paracoccus_C2R07,Salipiger_C3M06,Acinetobacter_D3M06,Arenibacter_D3M17,Motilimonas_G1M02	3-B2R04.mzML,4-B2R08.mzML,5-B2R09.mzML,6-C2M19.mzML,7-C2R07_2.mzML,8-C3M06.mzML,9-D3M06.mzML,10-D3M17.mzML,11-G1M02.mzML
77	19	132.10373512331475	1	132.10373512331475	0.0	197.04926315789476	15	4	3	3	3	3	0	0	0	0	0	1	2	0	3	3	3	3	0	0	0	0	0	1	2	4	G1,G2	Vibrio_1A01,Vibrio_6D03,Phaeobacter_B2R04,Shewanella_B2R08,Arenibacter_D3M17,Motilimonas_G1M02	1-1A01.mzML,2-6D03.mzML,3-B2R04.mzML,4-B2R08.mzML,10-D3M17.mzML,11-G1M02.mzML,bkgrnd-marine-broth.mzML
78	17	132.1015798189394	1	132.1015798189394	0.0	194.27094117647056	17	0	0	0	4	2	3	1	1	3	1	1	1	0	0	0	4	2	3	1	1	3	1	1	1	0	G1	Phaeobacter_B2R04,Shewanella_B2R08,Roseovarius_B2R09,Colwellia_C2M19,Paracoccus_C2R07,Salipiger_C3M06,Acinetobacter_D3M06,Arenibacter_D3M17,Motilimonas_G1M02	3-B2R04.mzML,4-B2R08.mzML,5-B2R09.mzML,6-C2M19.mzML,7-C2R07_2.mzML,8-C3M06.mzML,9-D3M06.mzML,10-D3M17.mzML,11-G1M02.mzML
79	26	132.10205178261742	1	132.10205178261742	0.0	190.64646153846152	22	4	1	1	0	2	0	0	2	5	4	6	1	0	1	1	0	2	0	0	2	5	4	6	1	4	G1,G2	Vibrio_1A01,Vibrio_6D03,Shewanella_B2R08,Paracoccus_C2R07,Salipiger_C3M06,Acinetobacter_D3M06,Arenibacter_D3M17,Motilimonas_G1M02	1-1A01.mzML,2-6D03.mzML,4-B2R08.mzML,7-C2R07_2.mzML,8-C3M06.mzML,9-D3M06.mzML,10-D3M17.mzML,11-G1M02.mzML,bkgrnd-marine-broth.mzML
80	3	132.107116699219	1	132.107116699219	0.0	194.5043333333333	2	1	0	0	0	0	0	0	0	1	0	1	0	0	0	0	0	0	0	0	0	1	0	1	0	1	G1,G2	Salipiger_C3M06,Arenibacter_D3M17	8-C3M06.mzML,10-D3M17.mzML,bkgrnd-marine-broth.mzML
81	12	132.10167401026175	1	132.10167401026175	0.0	192.53041666666664	12	0	0	0	0	1	0	2	2	1	2	3	1	0	0	0	0	1	0	2	2	1	2	3	1	0	G1	Shewanella_B2R08,Colwellia_C2M19,Paracoccus_C2R07,Salipiger_C3M06,Acinetobacter_D3M06,Arenibacter_D3M17,Motilimonas_G1M02	4-B2R08.mzML,6-C2M19.mzML,7-C2R07_2.mzML,8-C3M06.mzML,9-D3M06.mzML,10-D3M17.mzML,11-G1M02.mzML
82	7	132.10388546898244	1	132.10388546898244	0.0	192.4051428571429	7	0	2	2	0	1	0	0	0	0	0	0	2	0	2	2	0	1	0	0	0	0	0	0	2	0	G1	Vibrio_1A01,Vibrio_6D03,Shewanella_B2R08,Motilimonas_G1M02	1-1A01.mzML,2-6D03.mzML,4-B2R08.mzML,11-G1M02.mzML
83	3	132.107460021973	1	132.107460021973	0.0	194.33300000000003	2	1	0	0	0	0	0	0	0	0	0	0	2	0	0	0	0	0	0	0	0	0	0	0	2	1	G1,G2	Motilimonas_G1M02	11-G1M02.mzML,bkgrnd-marine-broth.mzML
84	44	132.1017115853052	1	132.10171158530522	0.0	226.81531818181827	44	0	0	0	3	4	1	0	5	7	15	7	2	0	0	0	3	4	1	0	5	7	15	7	2	0	G1	Phaeobacter_B2R04,Shewanella_B2R08,Roseovarius_B2R09,Paracoccus_C2R07,Salipiger_C3M06,Acinetobacter_D3M06,Arenibacter_D3M17,Motilimonas_G1M02	3-B2R04.mzML,4-B2R08.mzML,5-B2R09.mzML,7-C2R07_2.mzML,8-C3M06.mzML,9-D3M06.mzML,10-D3M17.mzML,11-G1M02.mzML
85	14	132.1033651595727	1	132.1033651595727	0.0	210.89142857142852	2	12	0	0	1	1	0	0	0	0	0	0	0	0	0	0	1	1	0	0	0	0	0	0	0	12	G1,G2	Phaeobacter_B2R04,Shewanella_B2R08	3-B2R04.mzML,4-B2R08.mzML,bkgrnd-marine-broth.mzML
86	32	132.10214981984996	1	132.10214981984996	0.0	255.094	22	10	0	0	3	3	0	0	2	4	4	3	3	0	0	0	3	3	0	0	2	4	4	3	3	10	G1,G2	Phaeobacter_B2R04,Shewanella_B2R08,Paracoccus_C2R07,Salipiger_C3M06,Acinetobacter_D3M06,Arenibacter_D3M17,Motilimonas_G1M02	3-B2R04.mzML,4-B2R08.mzML,7-C2R07_2.mzML,8-C3M06.mzML,9-D3M06.mzML,10-D3M17.mzML,11-G1M02.mzML,bkgrnd-marine-broth.mzML
87	39	132.10202080328463	1	132.10202080328463	0.0	241.5708205128205	31	8	0	0	3	3	0	0	2	7	9	1	6	0	0	0	3	3	0	0	2	7	9	1	6	8	G1,G2	Phaeobacter_B2R04,Shewanella_B2R08,Paracoccus_C2R07,Salipiger_C3M06,Acinetobacter_D3M06,Arenibacter_D3M17,Motilimonas_G1M02	3-B2R04.mzML,4-B2R08.mzML,7-C2R07_2.mzML,8-C3M06.mzML,9-D3M06.mzML,10-D3M17.mzML,11-G1M02.mzML,bkgrnd-marine-broth.mzML
88	2	132.10467529296898	1	132.10467529296898	0.0	198.524	2	0	0	0	0	1	0	0	0	0	0	1	0	0	0	0	0	1	0	0	0	0	0	1	0	0	G1	Shewanella_B2R08,Arenibacter_D3M17	4-B2R08.mzML,10-D3M17.mzML
89	2	136.0613327026365	1	136.0613327026365	0.0	199.1825	2	0	0	0	0	0	0	0	0	0	1	1	0	0	0	0	0	0	0	0	0	0	1	1	0	0	G1	Acinetobacter_D3M06,Arenibacter_D3M17	9-D3M06.mzML,10-D3M17.mzML
90	2	136.0613327026365	1	136.0613327026365	0.0	199.374	2	0	0	0	0	0	0	0	0	0	1	1	0	0	0	0	0	0	0	0	0	0	1	1	0	0	G1	Acinetobacter_D3M06,Arenibacter_D3M17	9-D3M06.mzML,10-D3M17.mzML
91	6	136.061462402344	1	136.061462402344	0.0	197.0128333333333	6	0	0	0	0	0	2	0	0	2	2	0	0	0	0	0	0	0	2	0	0	2	2	0	0	0	G1	Roseovarius_B2R09,Salipiger_C3M06,Acinetobacter_D3M06	5-B2R09.mzML,8-C3M06.mzML,9-D3M06.mzML
92	65	136.07557740822833	1	136.07557740822838	0.0	231.9262307692308	60	5	0	6	6	12	6	6	6	6	0	6	6	0	0	6	6	12	6	6	6	6	0	6	6	5	G1,G2	Vibrio_6D03,Phaeobacter_B2R04,Shewanella_B2R08,Roseovarius_B2R09,Colwellia_C2M19,Paracoccus_C2R07,Salipiger_C3M06,Arenibacter_D3M17,Motilimonas_G1M02	2-6D03.mzML,3-B2R04.mzML,4-B2R08.mzML,5-B2R09.mzML,6-C2M19.mzML,7-C2R07_2.mzML,8-C3M06.mzML,10-D3M17.mzML,11-G1M02.mzML,bkgrnd-marine-broth.mzML
93	19	137.0455407929001	1	137.0455407929001	0.0	205.16336842105267	17	2	0	0	0	2	3	0	0	3	3	3	3	0	0	0	0	2	3	0	0	3	3	3	3	2	G1,G2	Shewanella_B2R08,Roseovarius_B2R09,Salipiger_C3M06,Acinetobacter_D3M06,Arenibacter_D3M17,Motilimonas_G1M02	4-B2R08.mzML,5-B2R09.mzML,8-C3M06.mzML,9-D3M06.mzML,10-D3M17.mzML,11-G1M02.mzML,bkgrnd-marine-broth.mzML
94	19	137.0455407929001	1	137.0455407929001	0.0	205.35463157894733	17	2	0	0	0	2	3	0	0	3	3	3	3	0	0	0	0	2	3	0	0	3	3	3	3	2	G1,G2	Shewanella_B2R08,Roseovarius_B2R09,Salipiger_C3M06,Acinetobacter_D3M06,Arenibacter_D3M17,Motilimonas_G1M02	4-B2R08.mzML,5-B2R09.mzML,8-C3M06.mzML,9-D3M06.mzML,10-D3M17.mzML,11-G1M02.mzML,bkgrnd-marine-broth.mzML
95	2	137.0462290445965	1	137.0462290445965	0.0	199.332	1	1	0	0	0	1	0	0	0	0	0	0	0	0	0	0	0	1	0	0	0	0	0	0	0	1	G1,G2	Shewanella_B2R08	4-B2R08.mzML,bkgrnd-marine-broth.mzML
96	2	138.054718017578	1	138.054718017578	0.0	526.193	2	0	0	0	0	0	0	0	0	0	0	2	0	0	0	0	0	0	0	0	0	0	0	2	0	0	G1	Arenibacter_D3M17	10-D3M17.mzML
97	2	138.054718017578	1	138.054718017578	0.0	526.3845	2	0	0	0	0	0	0	0	0	0	0	2	0	0	0	0	0	0	0	0	0	0	0	2	0	0	G1	Arenibacter_D3M17	10-D3M17.mzML
98	22	138.0912107987836	1	138.0912107987836	0.0	203.5174545454545	22	0	3	0	0	3	3	3	3	2	2	1	2	0	3	0	0	3	3	3	3	2	2	1	2	0	G1	Vibrio_1A01,Shewanella_B2R08,Roseovarius_B2R09,Colwellia_C2M19,Paracoccus_C2R07,Salipiger_C3M06,Acinetobacter_D3M06,Arenibacter_D3M17,Motilimonas_G1M02	1-1A01.mzML,4-B2R08.mzML,5-B2R09.mzML,6-C2M19.mzML,7-C2R07_2.mzML,8-C3M06.mzML,9-D3M06.mzML,10-D3M17.mzML,11-G1M02.mzML
99	22	138.0912107987836	1	138.0912107987836	0.0	203.70881818181817	22	0	3	0	0	3	3	3	3	2	2	1	2	0	3	0	0	3	3	3	3	2	2	1	2	0	G1	Vibrio_1A01,Shewanella_B2R08,Roseovarius_B2R09,Colwellia_C2M19,Paracoccus_C2R07,Salipiger_C3M06,Acinetobacter_D3M06,Arenibacter_D3M17,Motilimonas_G1M02	1-1A01.mzML,4-B2R08.mzML,5-B2R09.mzML,6-C2M19.mzML,7-C2R07_2.mzML,8-C3M06.mzML,9-D3M06.mzML,10-D3M17.mzML,11-G1M02.mzML
100	14	141.95801439183614	1	141.95801439183614	0.0	352.6979285714286	14	0	0	0	4	3	1	1	1	1	0	1	2	0	0	0	4	3	1	1	1	1	0	1	2	0	G1	Phaeobacter_B2R04,Shewanella_B2R08,Roseovarius_B2R09,Colwellia_C2M19,Paracoccus_C2R07,Salipiger_C3M06,Arenibacter_D3M17,Motilimonas_G1M02	3-B2R04.mzML,4-B2R08.mzML,5-B2R09.mzML,6-C2M19.mzML,7-C2R07_2.mzML,8-C3M06.mzML,10-D3M17.mzML,11-G1M02.mzML
101	82	141.9583138499684	1	141.9583138499683	0.0	340.3103414634146	73	9	2	0	12	11	8	7	2	3	0	5	23	0	2	0	12	11	8	7	2	3	0	5	23	9	G1,G2	Vibrio_1A01,Phaeobacter_B2R04,Shewanella_B2R08,Roseovarius_B2R09,Colwellia_C2M19,Paracoccus_C2R07,Salipiger_C3M06,Arenibacter_D3M17,Motilimonas_G1M02	1-1A01.mzML,3-B2R04.mzML,4-B2R08.mzML,5-B2R09.mzML,6-C2M19.mzML,7-C2R07_2.mzML,8-C3M06.mzML,10-D3M17.mzML,11-G1M02.mzML,bkgrnd-marine-broth.mzML
102	61	141.95846906022737	1	141.95846906022734	0.0	319.75706557377055	49	12	1	0	8	6	2	6	3	2	1	2	18	0	1	0	8	6	2	6	3	2	1	2	18	12	G1,G2	Vibrio_1A01,Phaeobacter_B2R04,Shewanella_B2R08,Roseovarius_B2R09,Colwellia_C2M19,Paracoccus_C2R07,Salipiger_C3M06,Acinetobacter_D3M06,Arenibacter_D3M17,Motilimonas_G1M02	1-1A01.mzML,3-B2R04.mzML,4-B2R08.mzML,5-B2R09.mzML,6-C2M19.mzML,7-C2R07_2.mzML,8-C3M06.mzML,9-D3M06.mzML,10-D3M17.mzML,11-G1M02.mzML,bkgrnd-marine-broth.mzML
103	34	141.95853395408977	1	141.95853395408972	0.0	321.01167647058816	27	7	2	0	4	6	3	4	0	0	1	2	5	0	2	0	4	6	3	4	0	0	1	2	5	7	G1,G2	Vibrio_1A01,Phaeobacter_B2R04,Shewanella_B2R08,Roseovarius_B2R09,Colwellia_C2M19,Acinetobacter_D3M06,Arenibacter_D3M17,Motilimonas_G1M02	1-1A01.mzML,3-B2R04.mzML,4-B2R08.mzML,5-B2R09.mzML,6-C2M19.mzML,9-D3M06.mzML,10-D3M17.mzML,11-G1M02.mzML,bkgrnd-marine-broth.mzML
104	48	141.9583005831946	1	141.9583005831945	0.0	319.70050000000003	43	5	1	0	5	4	7	7	6	1	0	1	11	0	1	0	5	4	7	7	6	1	0	1	11	5	G1,G2	Vibrio_1A01,Phaeobacter_B2R04,Shewanella_B2R08,Roseovarius_B2R09,Colwellia_C2M19,Paracoccus_C2R07,Salipiger_C3M06,Arenibacter_D3M17,Motilimonas_G1M02	1-1A01.mzML,3-B2R04.mzML,4-B2R08.mzML,5-B2R09.mzML,6-C2M19.mzML,7-C2R07_2.mzML,8-C3M06.mzML,10-D3M17.mzML,11-G1M02.mzML,bkgrnd-marine-broth.mzML
105	32	141.95806602377542	1	141.9580660237754	0.0	366.8864375	32	0	0	0	2	5	6	4	3	1	1	1	9	0	0	0	2	5	6	4	3	1	1	1	9	0	G1	Phaeobacter_B2R04,Shewanella_B2R08,Roseovarius_B2R09,Colwellia_C2M19,Paracoccus_C2R07,Salipiger_C3M06,Acinetobacter_D3M06,Arenibacter_D3M17,Motilimonas_G1M02	3-B2R04.mzML,4-B2R08.mzML,5-B2R09.mzML,6-C2M19.mzML,7-C2R07_2.mzML,8-C3M06.mzML,9-D3M06.mzML,10-D3M17.mzML,11-G1M02.mzML
106	32	141.95863363799432	1	141.95863363799427	0.0	336.1886875	25	7	3	0	4	6	1	2	1	0	3	0	5	0	3	0	4	6	1	2	1	0	3	0	5	7	G1,G2	Vibrio_1A01,Phaeobacter_B2R04,Shewanella_B2R08,Roseovarius_B2R09,Colwellia_C2M19,Paracoccus_C2R07,Acinetobacter_D3M06,Motilimonas_G1M02	1-1A01.mzML,3-B2R04.mzML,4-B2R08.mzML,5-B2R09.mzML,6-C2M19.mzML,7-C2R07_2.mzML,9-D3M06.mzML,11-G1M02.mzML,bkgrnd-marine-broth.mzML
107	22	141.95851267880843	1	141.95851267880838	0.0	336.3336363636363	20	2	3	0	3	1	3	3	2	0	0	0	5	0	3	0	3	1	3	3	2	0	0	0	5	2	G1,G2	Vibrio_1A01,Phaeobacter_B2R04,Shewanella_B2R08,Roseovarius_B2R09,Colwellia_C2M19,Paracoccus_C2R07,Motilimonas_G1M02	1-1A01.mzML,3-B2R04.mzML,4-B2R08.mzML,5-B2R09.mzML,6-C2M19.mzML,7-C2R07_2.mzML,11-G1M02.mzML,bkgrnd-marine-broth.mzML
108	6	144.065007527669	1	144.065007527669	0.0	227.20750000000004	6	0	0	0	0	0	6	0	0	0	0	0	0	0	0	0	0	0	6	0	0	0	0	0	0	0	G1	Roseovarius_B2R09	5-B2R09.mzML
109	6	144.065007527669	1	144.065007527669	0.0	227.39883333333333	6	0	0	0	0	0	6	0	0	0	0	0	0	0	0	0	0	0	6	0	0	0	0	0	0	0	G1	Roseovarius_B2R09	5-B2R09.mzML
110	34	145.07574343213855	1	145.07574343213858	0.0	490.9916176470588	34	0	0	0	2	2	5	5	5	5	5	5	0	0	0	0	2	2	5	5	5	5	5	5	0	0	G1	Phaeobacter_B2R04,Shewanella_B2R08,Roseovarius_B2R09,Colwellia_C2M19,Paracoccus_C2R07,Salipiger_C3M06,Acinetobacter_D3M06,Arenibacter_D3M17	3-B2R04.mzML,4-B2R08.mzML,5-B2R09.mzML,6-C2M19.mzML,7-C2R07_2.mzML,8-C3M06.mzML,9-D3M06.mzML,10-D3M17.mzML
111	10	146.0601127624513	1	146.0601127624513	0.0	447.4849	9	1	1	0	0	1	0	2	1	1	1	1	1	0	1	0	0	1	0	2	1	1	1	1	1	1	G1,G2	Vibrio_1A01,Shewanella_B2R08,Colwellia_C2M19,Paracoccus_C2R07,Salipiger_C3M06,Acinetobacter_D3M06,Arenibacter_D3M17,Motilimonas_G1M02	1-1A01.mzML,4-B2R08.mzML,6-C2M19.mzML,7-C2R07_2.mzML,8-C3M06.mzML,9-D3M06.mzML,10-D3M17.mzML,11-G1M02.mzML,bkgrnd-marine-broth.mzML
112	2	146.0596618652345	1	146.0596618652345	0.0	446.372	2	0	0	0	0	0	0	1	0	0	1	0	0	0	0	0	0	0	0	1	0	0	1	0	0	0	G1	Colwellia_C2M19,Acinetobacter_D3M06	6-C2M19.mzML,9-D3M06.mzML
113	22	146.09184820001772	1	146.09184820001772	0.0	154.86040909090906	22	0	0	0	0	4	0	6	6	0	0	2	4	0	0	0	0	4	0	6	6	0	0	2	4	0	G1	Shewanella_B2R08,Colwellia_C2M19,Paracoccus_C2R07,Arenibacter_D3M17,Motilimonas_G1M02	4-B2R08.mzML,6-C2M19.mzML,7-C2R07_2.mzML,10-D3M17.mzML,11-G1M02.mzML
114	2	146.091888427734	1	146.091888427734	0.0	154.2435	2	0	0	0	0	0	0	0	0	0	0	2	0	0	0	0	0	0	0	0	0	0	0	2	0	0	G1	Arenibacter_D3M17	10-D3M17.mzML
115	80	146.16537475585938	1	146.16537475585938	0.0	119.8717125	68	12	6	6	0	12	0	12	6	6	6	10	4	0	6	6	0	12	0	12	6	6	6	10	4	12	G1,G2	Vibrio_1A01,Vibrio_6D03,Shewanella_B2R08,Colwellia_C2M19,Paracoccus_C2R07,Salipiger_C3M06,Acinetobacter_D3M06,Arenibacter_D3M17,Motilimonas_G1M02	1-1A01.mzML,2-6D03.mzML,4-B2R08.mzML,6-C2M19.mzML,7-C2R07_2.mzML,8-C3M06.mzML,9-D3M06.mzML,10-D3M17.mzML,11-G1M02.mzML,bkgrnd-marine-broth.mzML
116	46	149.05947146208402	1	149.05947146208402	0.0	281.90676086956523	40	6	0	0	0	4	6	6	6	6	6	6	0	0	0	0	0	4	6	6	6	6	6	6	0	6	G1,G2	Shewanella_B2R08,Roseovarius_B2R09,Colwellia_C2M19,Paracoccus_C2R07,Salipiger_C3M06,Acinetobacter_D3M06,Arenibacter_D3M17	4-B2R08.mzML,5-B2R09.mzML,6-C2M19.mzML,7-C2R07_2.mzML,8-C3M06.mzML,9-D3M06.mzML,10-D3M17.mzML,bkgrnd-marine-broth.mzML
117	41	150.0579193859567	1	150.05791938595672	0.0	167.87600000000003	40	1	0	0	0	0	0	10	0	12	6	6	6	0	0	0	0	0	0	10	0	12	6	6	6	1	G1,G2	Colwellia_C2M19,Salipiger_C3M06,Acinetobacter_D3M06,Arenibacter_D3M17,Motilimonas_G1M02	6-C2M19.mzML,8-C3M06.mzML,9-D3M06.mzML,10-D3M17.mzML,11-G1M02.mzML,bkgrnd-marine-broth.mzML
118	5	150.059661865234	1	150.059661865234	0.0	163.932	0	5	0	0	0	0	0	0	0	0	0	0	0	0	0	0	0	0	0	0	0	0	0	0	0	5	G2		bkgrnd-marine-broth.mzML
119	67	151.03532455216583	1	151.03532455216583	0.0	118.3174776119403	62	5	6	5	6	6	6	6	6	6	6	6	3	0	6	5	6	6	6	6	6	6	6	6	3	5	G1,G2	Vibrio_1A01,Vibrio_6D03,Phaeobacter_B2R04,Shewanella_B2R08,Roseovarius_B2R09,Colwellia_C2M19,Paracoccus_C2R07,Salipiger_C3M06,Acinetobacter_D3M06,Arenibacter_D3M17,Motilimonas_G1M02	1-1A01.mzML,2-6D03.mzML,3-B2R04.mzML,4-B2R08.mzML,5-B2R09.mzML,6-C2M19.mzML,7-C2R07_2.mzML,8-C3M06.mzML,9-D3M06.mzML,10-D3M17.mzML,11-G1M02.mzML,bkgrnd-marine-broth.mzML
120	67	151.03532455216583	1	151.03532455216583	0.0	118.50885074626864	62	5	6	5	6	6	6	6	6	6	6	6	3	0	6	5	6	6	6	6	6	6	6	6	3	5	G1,G2	Vibrio_1A01,Vibrio_6D03,Phaeobacter_B2R04,Shewanella_B2R08,Roseovarius_B2R09,Colwellia_C2M19,Paracoccus_C2R07,Salipiger_C3M06,Acinetobacter_D3M06,Arenibacter_D3M17,Motilimonas_G1M02	1-1A01.mzML,2-6D03.mzML,3-B2R04.mzML,4-B2R08.mzML,5-B2R09.mzML,6-C2M19.mzML,7-C2R07_2.mzML,8-C3M06.mzML,9-D3M06.mzML,10-D3M17.mzML,11-G1M02.mzML,bkgrnd-marine-broth.mzML
121	3	152.056106567383	1	152.056106567383	0.0	155.882	3	0	0	0	0	1	0	0	0	0	0	0	2	0	0	0	0	1	0	0	0	0	0	0	2	0	G1	Shewanella_B2R08,Motilimonas_G1M02	4-B2R08.mzML,11-G1M02.mzML
122	2	152.056079864502	1	152.056079864502	0.0	156.14449999999997	2	0	0	0	0	1	0	0	0	0	0	0	1	0	0	0	0	1	0	0	0	0	0	0	1	0	G1	Shewanella_B2R08,Motilimonas_G1M02	4-B2R08.mzML,11-G1M02.mzML
123	42	152.0564749581476	1	152.05647495814765	0.0	225.3012380952381	36	6	0	0	0	0	12	0	0	6	12	6	0	0	0	0	0	0	12	0	0	6	12	6	0	6	G1,G2	Roseovarius_B2R09,Salipiger_C3M06,Acinetobacter_D3M06,Arenibacter_D3M17	5-B2R09.mzML,8-C3M06.mzML,9-D3M06.mzML,10-D3M17.mzML,bkgrnd-marine-broth.mzML
124	10	153.04160766601564	1	153.04160766601564	0.0	205.1561	10	0	0	6	0	0	0	0	0	0	4	0	0	0	0	6	0	0	0	0	0	0	4	0	0	0	G1	Vibrio_6D03,Acinetobacter_D3M06	2-6D03.mzML,9-D3M06.mzML
125	52	155.08105675490572	1	155.08105675490577	0.0	211.8252884615385	52	0	0	0	8	6	6	6	5	6	6	6	3	0	0	0	8	6	6	6	5	6	6	6	3	0	G1	Phaeobacter_B2R04,Shewanella_B2R08,Roseovarius_B2R09,Colwellia_C2M19,Paracoccus_C2R07,Salipiger_C3M06,Acinetobacter_D3M06,Arenibacter_D3M17,Motilimonas_G1M02	3-B2R04.mzML,4-B2R08.mzML,5-B2R09.mzML,6-C2M19.mzML,7-C2R07_2.mzML,8-C3M06.mzML,9-D3M06.mzML,10-D3M17.mzML,11-G1M02.mzML
126	19	155.0833049573394	1	155.0833049573394	0.0	209.81336842105264	13	6	6	5	1	0	0	0	1	0	0	0	0	0	6	5	1	0	0	0	1	0	0	0	0	6	G1,G2	Vibrio_1A01,Vibrio_6D03,Phaeobacter_B2R04,Paracoccus_C2R07	1-1A01.mzML,2-6D03.mzML,3-B2R04.mzML,7-C2R07_2.mzML,bkgrnd-marine-broth.mzML
127	51	155.081056064085	1	155.08105606408506	0.0	211.7145882352941	51	0	0	0	8	6	6	6	5	6	6	5	3	0	0	0	8	6	6	6	5	6	6	5	3	0	G1	Phaeobacter_B2R04,Shewanella_B2R08,Roseovarius_B2R09,Colwellia_C2M19,Paracoccus_C2R07,Salipiger_C3M06,Acinetobacter_D3M06,Arenibacter_D3M17,Motilimonas_G1M02	3-B2R04.mzML,4-B2R08.mzML,5-B2R09.mzML,6-C2M19.mzML,7-C2R07_2.mzML,8-C3M06.mzML,9-D3M06.mzML,10-D3M17.mzML,11-G1M02.mzML
128	18	155.0833025331848	1	155.0833025331848	0.0	209.45883333333333	12	6	5	5	1	0	0	0	1	0	0	0	0	0	5	5	1	0	0	0	1	0	0	0	0	6	G1,G2	Vibrio_1A01,Vibrio_6D03,Phaeobacter_B2R04,Paracoccus_C2R07	1-1A01.mzML,2-6D03.mzML,3-B2R04.mzML,7-C2R07_2.mzML,bkgrnd-marine-broth.mzML
129	25	155.08114071932692	1	155.08114071932695	0.0	240.67736	25	0	0	1	3	3	3	3	3	3	3	3	0	0	0	1	3	3	3	3	3	3	3	3	0	0	G1	Vibrio_6D03,Phaeobacter_B2R04,Shewanella_B2R08,Roseovarius_B2R09,Colwellia_C2M19,Paracoccus_C2R07,Salipiger_C3M06,Acinetobacter_D3M06,Arenibacter_D3M17	2-6D03.mzML,3-B2R04.mzML,4-B2R08.mzML,5-B2R09.mzML,6-C2M19.mzML,7-C2R07_2.mzML,8-C3M06.mzML,9-D3M06.mzML,10-D3M17.mzML
130	26	155.0811431487585	1	155.0811431487585	0.0	240.3467307692308	26	0	1	0	3	3	3	3	3	3	3	4	0	0	1	0	3	3	3	3	3	3	3	4	0	0	G1	Vibrio_1A01,Phaeobacter_B2R04,Shewanella_B2R08,Roseovarius_B2R09,Colwellia_C2M19,Paracoccus_C2R07,Salipiger_C3M06,Acinetobacter_D3M06,Arenibacter_D3M17	1-1A01.mzML,3-B2R04.mzML,4-B2R08.mzML,5-B2R09.mzML,6-C2M19.mzML,7-C2R07_2.mzML,8-C3M06.mzML,9-D3M06.mzML,10-D3M17.mzML
131	4	156.101715087891	1	156.101715087891	0.0	464.50925	4	0	0	4	0	0	0	0	0	0	0	0	0	0	0	4	0	0	0	0	0	0	0	0	0	0	G1	Vibrio_6D03	2-6D03.mzML
132	54	157.09686787923195	1	157.09686787923195	0.0	254.81281481481483	54	0	2	4	6	6	6	6	6	6	6	6	0	0	2	4	6	6	6	6	6	6	6	6	0	0	G1	Vibrio_1A01,Vibrio_6D03,Phaeobacter_B2R04,Shewanella_B2R08,Roseovarius_B2R09,Colwellia_C2M19,Paracoccus_C2R07,Salipiger_C3M06,Acinetobacter_D3M06,Arenibacter_D3M17	1-1A01.mzML,2-6D03.mzML,3-B2R04.mzML,4-B2R08.mzML,5-B2R09.mzML,6-C2M19.mzML,7-C2R07_2.mzML,8-C3M06.mzML,9-D3M06.mzML,10-D3M17.mzML
133	110	158.09211231578476	1	158.09211231578485	0.0	170.0876181818182	98	12	0	0	12	12	12	12	12	12	12	12	2	0	0	0	12	12	12	12	12	12	12	12	2	12	G1,G2	Phaeobacter_B2R04,Shewanella_B2R08,Roseovarius_B2R09,Colwellia_C2M19,Paracoccus_C2R07,Salipiger_C3M06,Acinetobacter_D3M06,Arenibacter_D3M17,Motilimonas_G1M02	3-B2R04.mzML,4-B2R08.mzML,5-B2R09.mzML,6-C2M19.mzML,7-C2R07_2.mzML,8-C3M06.mzML,9-D3M06.mzML,10-D3M17.mzML,11-G1M02.mzML,bkgrnd-marine-broth.mzML
134	4	158.099472045898	1	158.099472045898	0.0	458.3	4	0	0	0	0	0	0	0	0	0	0	0	4	0	0	0	0	0	0	0	0	0	0	0	4	0	G1	Motilimonas_G1M02	11-G1M02.mzML
135	58	158.96109798036767	1	158.96109798036758	0.0	296.790724137931	46	12	0	0	10	10	0	0	0	0	0	0	26	0	0	0	10	10	0	0	0	0	0	0	26	12	G1,G2	Phaeobacter_B2R04,Shewanella_B2R08,Motilimonas_G1M02	3-B2R04.mzML,4-B2R08.mzML,11-G1M02.mzML,bkgrnd-marine-broth.mzML
136	3	158.963729858398	1	158.963729858398	0.0	130.92233333333334	3	0	0	0	0	0	0	0	0	0	0	0	3	0	0	0	0	0	0	0	0	0	0	0	3	0	G1	Motilimonas_G1M02	11-G1M02.mzML
137	54	160.07571354618764	1	160.0757135461876	0.0	225.5860185185185	54	0	6	6	6	6	0	6	6	6	6	6	0	0	6	6	6	6	0	6	6	6	6	6	0	0	G1	Vibrio_1A01,Vibrio_6D03,Phaeobacter_B2R04,Shewanella_B2R08,Colwellia_C2M19,Paracoccus_C2R07,Salipiger_C3M06,Acinetobacter_D3M06,Arenibacter_D3M17	1-1A01.mzML,2-6D03.mzML,3-B2R04.mzML,4-B2R08.mzML,6-C2M19.mzML,7-C2R07_2.mzML,8-C3M06.mzML,9-D3M06.mzML,10-D3M17.mzML
138	6	160.13258361816403	1	160.13258361816403	0.0	147.7841666666667	6	0	0	0	6	0	0	0	0	0	0	0	0	0	0	0	6	0	0	0	0	0	0	0	0	0	G1	Phaeobacter_B2R04	3-B2R04.mzML
139	6	160.180470784505	1	160.180470784505	0.0	117.92533333333334	6	0	0	0	0	0	0	0	0	0	0	6	0	0	0	0	0	0	0	0	0	0	0	6	0	0	G1	Arenibacter_D3M17	10-D3M17.mzML
140	26	165.0542714045599	1	165.0542714045599	0.0	207.7516923076924	24	2	0	0	3	3	3	3	3	3	0	3	3	0	0	0	3	3	3	3	3	3	0	3	3	2	G1,G2	Phaeobacter_B2R04,Shewanella_B2R08,Roseovarius_B2R09,Colwellia_C2M19,Paracoccus_C2R07,Salipiger_C3M06,Arenibacter_D3M17,Motilimonas_G1M02	3-B2R04.mzML,4-B2R08.mzML,5-B2R09.mzML,6-C2M19.mzML,7-C2R07_2.mzML,8-C3M06.mzML,10-D3M17.mzML,11-G1M02.mzML,bkgrnd-marine-broth.mzML
141	27	165.05434445981635	1	165.05434445981635	0.0	208.0584444444444	24	3	0	0	3	3	3	3	3	3	0	3	3	0	0	0	3	3	3	3	3	3	0	3	3	3	G1,G2	Phaeobacter_B2R04,Shewanella_B2R08,Roseovarius_B2R09,Colwellia_C2M19,Paracoccus_C2R07,Salipiger_C3M06,Arenibacter_D3M17,Motilimonas_G1M02	3-B2R04.mzML,4-B2R08.mzML,5-B2R09.mzML,6-C2M19.mzML,7-C2R07_2.mzML,8-C3M06.mzML,10-D3M17.mzML,11-G1M02.mzML,bkgrnd-marine-broth.mzML
142	6	166.08612504182034	1	166.08612504182034	0.0	271.61	6	0	0	0	0	1	1	1	1	0	0	2	0	0	0	0	0	1	1	1	1	0	0	2	0	0	G1	Shewanella_B2R08,Roseovarius_B2R09,Colwellia_C2M19,Paracoccus_C2R07,Arenibacter_D3M17	4-B2R08.mzML,5-B2R09.mzML,6-C2M19.mzML,7-C2R07_2.mzML,10-D3M17.mzML
143	11	166.08625664759143	1	166.08625664759143	0.0	272.5967272727273	11	0	0	1	1	2	1	2	2	1	0	1	0	0	0	1	1	2	1	2	2	1	0	1	0	0	G1	Vibrio_6D03,Phaeobacter_B2R04,Shewanella_B2R08,Roseovarius_B2R09,Colwellia_C2M19,Paracoccus_C2R07,Salipiger_C3M06,Arenibacter_D3M17	2-6D03.mzML,3-B2R04.mzML,4-B2R08.mzML,5-B2R09.mzML,6-C2M19.mzML,7-C2R07_2.mzML,8-C3M06.mzML,10-D3M17.mzML
144	17	166.09184983197397	1	166.09184983197397	0.0	284.1687058823529	14	3	0	0	0	3	1	0	2	3	2	3	0	0	0	0	0	3	1	0	2	3	2	3	0	3	G1,G2	Shewanella_B2R08,Roseovarius_B2R09,Paracoccus_C2R07,Salipiger_C3M06,Acinetobacter_D3M06,Arenibacter_D3M17	4-B2R08.mzML,5-B2R09.mzML,7-C2R07_2.mzML,8-C3M06.mzML,9-D3M06.mzML,10-D3M17.mzML,bkgrnd-marine-broth.mzML
145	94	166.08608404946986	1	166.08608404946986	0.0	306.9086382978723	94	0	0	0	7	9	11	17	11	10	10	13	6	0	0	0	7	9	11	17	11	10	10	13	6	0	G1	Phaeobacter_B2R04,Shewanella_B2R08,Roseovarius_B2R09,Colwellia_C2M19,Paracoccus_C2R07,Salipiger_C3M06,Acinetobacter_D3M06,Arenibacter_D3M17,Motilimonas_G1M02	3-B2R04.mzML,4-B2R08.mzML,5-B2R09.mzML,6-C2M19.mzML,7-C2R07_2.mzML,8-C3M06.mzML,9-D3M06.mzML,10-D3M17.mzML,11-G1M02.mzML
146	27	166.08843711570438	1	166.08843711570444	0.0	290.46244444444443	15	12	3	6	0	0	0	0	0	1	2	0	3	0	3	6	0	0	0	0	0	1	2	0	3	12	G1,G2	Vibrio_1A01,Vibrio_6D03,Salipiger_C3M06,Acinetobacter_D3M06,Motilimonas_G1M02	1-1A01.mzML,2-6D03.mzML,8-C3M06.mzML,9-D3M06.mzML,11-G1M02.mzML,bkgrnd-marine-broth.mzML
147	17	166.09184983197397	1	166.09184983197397	0.0	284.3601764705882	14	3	0	0	0	3	1	0	2	3	2	3	0	0	0	0	0	3	1	0	2	3	2	3	0	3	G1,G2	Shewanella_B2R08,Roseovarius_B2R09,Paracoccus_C2R07,Salipiger_C3M06,Acinetobacter_D3M06,Arenibacter_D3M17	4-B2R08.mzML,5-B2R09.mzML,7-C2R07_2.mzML,8-C3M06.mzML,9-D3M06.mzML,10-D3M17.mzML,bkgrnd-marine-broth.mzML
148	89	166.0860952152835	1	166.0860952152835	0.0	308.28124719101123	89	0	0	0	6	7	11	16	10	9	10	14	6	0	0	0	6	7	11	16	10	9	10	14	6	0	G1	Phaeobacter_B2R04,Shewanella_B2R08,Roseovarius_B2R09,Colwellia_C2M19,Paracoccus_C2R07,Salipiger_C3M06,Acinetobacter_D3M06,Arenibacter_D3M17,Motilimonas_G1M02	3-B2R04.mzML,4-B2R08.mzML,5-B2R09.mzML,6-C2M19.mzML,7-C2R07_2.mzML,8-C3M06.mzML,9-D3M06.mzML,10-D3M17.mzML,11-G1M02.mzML
149	26	166.08844356047783	1	166.08844356047786	0.0	291.33107692307686	14	12	3	5	0	0	0	0	0	1	2	0	3	0	3	5	0	0	0	0	0	1	2	0	3	12	G1,G2	Vibrio_1A01,Vibrio_6D03,Salipiger_C3M06,Acinetobacter_D3M06,Motilimonas_G1M02	1-1A01.mzML,2-6D03.mzML,8-C3M06.mzML,9-D3M06.mzML,11-G1M02.mzML,bkgrnd-marine-broth.mzML
150	13	169.0757857102615	1	169.0757857102615	0.0	455.03100000000006	12	1	0	0	1	2	2	2	1	0	2	1	1	0	0	0	1	2	2	2	1	0	2	1	1	1	G1,G2	Phaeobacter_B2R04,Shewanella_B2R08,Roseovarius_B2R09,Colwellia_C2M19,Paracoccus_C2R07,Acinetobacter_D3M06,Arenibacter_D3M17,Motilimonas_G1M02	3-B2R04.mzML,4-B2R08.mzML,5-B2R09.mzML,6-C2M19.mzML,7-C2R07_2.mzML,9-D3M06.mzML,10-D3M17.mzML,11-G1M02.mzML,bkgrnd-marine-broth.mzML
151	54	169.09681136519805	1	169.09681136519808	0.0	259.7540555555556	54	0	0	6	6	6	6	6	6	6	6	6	0	0	0	6	6	6	6	6	6	6	6	6	0	0	G1	Vibrio_6D03,Phaeobacter_B2R04,Shewanella_B2R08,Roseovarius_B2R09,Colwellia_C2M19,Paracoccus_C2R07,Salipiger_C3M06,Acinetobacter_D3M06,Arenibacter_D3M17	2-6D03.mzML,3-B2R04.mzML,4-B2R08.mzML,5-B2R09.mzML,6-C2M19.mzML,7-C2R07_2.mzML,8-C3M06.mzML,9-D3M06.mzML,10-D3M17.mzML
152	3	170.118057250977	1	170.118057250977	0.0	499.8176666666667	3	0	0	3	0	0	0	0	0	0	0	0	0	0	0	3	0	0	0	0	0	0	0	0	0	0	G1	Vibrio_6D03	2-6D03.mzML
153	3	170.118057250977	1	170.118057250977	0.0	500.009	3	0	0	3	0	0	0	0	0	0	0	0	0	0	0	3	0	0	0	0	0	0	0	0	0	0	G1	Vibrio_6D03	2-6D03.mzML
154	6	173.09155782063797	1	173.09155782063797	0.0	151.21866666666668	6	0	0	0	0	0	0	0	0	0	0	6	0	0	0	0	0	0	0	0	0	0	0	6	0	0	G1	Arenibacter_D3M17	10-D3M17.mzML
155	9	174.05426025390597	1	174.05426025390597	0.0	211.21911111111112	9	0	0	0	4	0	3	0	0	0	0	2	0	0	0	0	4	0	3	0	0	0	0	2	0	0	G1	Phaeobacter_B2R04,Roseovarius_B2R09,Arenibacter_D3M17	3-B2R04.mzML,5-B2R09.mzML,10-D3M17.mzML
156	2	174.054270426432	1	174.054270426432	0.0	209.6095	2	0	0	0	0	0	2	0	0	0	0	0	0	0	0	0	0	0	2	0	0	0	0	0	0	0	G1	Roseovarius_B2R09	5-B2R09.mzML
157	3	174.112360636393	1	174.112360636393	0.0	465.2863333333333	3	0	0	3	0	0	0	0	0	0	0	0	0	0	0	3	0	0	0	0	0	0	0	0	0	0	G1	Vibrio_6D03	2-6D03.mzML
158	2	174.112360636393	1	174.112360636393	0.0	464.02900000000005	2	0	0	2	0	0	0	0	0	0	0	0	0	0	0	2	0	0	0	0	0	0	0	0	0	0	G1	Vibrio_6D03	2-6D03.mzML
159	12	175.1085001627605	1	175.1085001627605	0.0	194.587	8	4	0	0	2	0	0	0	0	4	2	0	0	0	0	0	2	0	0	0	0	4	2	0	0	4	G1,G2	Phaeobacter_B2R04,Salipiger_C3M06,Acinetobacter_D3M06	3-B2R04.mzML,8-C3M06.mzML,9-D3M06.mzML,bkgrnd-marine-broth.mzML
160	34	175.1184046128218	1	175.1184046128218	0.0	141.68238235294118	34	0	0	0	6	0	0	0	6	6	6	6	4	0	0	0	6	0	0	0	6	6	6	6	4	0	G1	Phaeobacter_B2R04,Paracoccus_C2R07,Salipiger_C3M06,Acinetobacter_D3M06,Arenibacter_D3M17,Motilimonas_G1M02	3-B2R04.mzML,7-C2R07_2.mzML,8-C3M06.mzML,9-D3M06.mzML,10-D3M17.mzML,11-G1M02.mzML
161	11	176.1277340975671	1	176.12773409756707	0.0	415.1933636363637	11	0	0	0	0	0	0	4	0	0	3	4	0	0	0	0	0	0	0	4	0	0	3	4	0	0	G1	Colwellia_C2M19,Acinetobacter_D3M06,Arenibacter_D3M17	6-C2M19.mzML,9-D3M06.mzML,10-D3M17.mzML
162	2	180.104133605957	1	180.104133605957	0.0	469.6525	2	0	2	0	0	0	0	0	0	0	0	0	0	0	2	0	0	0	0	0	0	0	0	0	0	0	G1	Vibrio_1A01	1-1A01.mzML
163	2	180.104133605957	1	180.104133605957	0.0	469.844	2	0	2	0	0	0	0	0	0	0	0	0	0	0	2	0	0	0	0	0	0	0	0	0	0	0	G1	Vibrio_1A01	1-1A01.mzML
164	70	182.0811017717634	1	182.08110177176331	0.0	206.8167857142857	64	6	0	6	6	6	6	12	6	8	0	8	6	0	0	6	6	6	6	12	6	8	0	8	6	6	G1,G2	Vibrio_6D03,Phaeobacter_B2R04,Shewanella_B2R08,Roseovarius_B2R09,Colwellia_C2M19,Paracoccus_C2R07,Salipiger_C3M06,Arenibacter_D3M17,Motilimonas_G1M02	2-6D03.mzML,3-B2R04.mzML,4-B2R08.mzML,5-B2R09.mzML,6-C2M19.mzML,7-C2R07_2.mzML,8-C3M06.mzML,10-D3M17.mzML,11-G1M02.mzML,bkgrnd-marine-broth.mzML
165	37	182.96271659232488	1	182.9627165923249	0.0	114.41654054054057	34	3	3	3	3	3	3	4	3	3	3	3	3	0	3	3	3	3	3	4	3	3	3	3	3	3	G1,G2	Vibrio_1A01,Vibrio_6D03,Phaeobacter_B2R04,Shewanella_B2R08,Roseovarius_B2R09,Colwellia_C2M19,Paracoccus_C2R07,Salipiger_C3M06,Acinetobacter_D3M06,Arenibacter_D3M17,Motilimonas_G1M02	1-1A01.mzML,2-6D03.mzML,3-B2R04.mzML,4-B2R08.mzML,5-B2R09.mzML,6-C2M19.mzML,7-C2R07_2.mzML,8-C3M06.mzML,9-D3M06.mzML,10-D3M17.mzML,11-G1M02.mzML,bkgrnd-marine-broth.mzML
166	37	182.96271659232488	1	182.9627165923249	0.0	114.60802702702702	34	3	3	3	3	3	3	4	3	3	3	3	3	0	3	3	3	3	3	4	3	3	3	3	3	3	G1,G2	Vibrio_1A01,Vibrio_6D03,Phaeobacter_B2R04,Shewanella_B2R08,Roseovarius_B2R09,Colwellia_C2M19,Paracoccus_C2R07,Salipiger_C3M06,Acinetobacter_D3M06,Arenibacter_D3M17,Motilimonas_G1M02	1-1A01.mzML,2-6D03.mzML,3-B2R04.mzML,4-B2R08.mzML,5-B2R09.mzML,6-C2M19.mzML,7-C2R07_2.mzML,8-C3M06.mzML,9-D3M06.mzML,10-D3M17.mzML,11-G1M02.mzML,bkgrnd-marine-broth.mzML
167	14	183.0916442871093	1	183.0916442871093	0.0	463.4309999999999	13	1	1	1	1	2	2	2	1	0	1	2	0	0	1	1	1	2	2	2	1	0	1	2	0	1	G1,G2	Vibrio_1A01,Vibrio_6D03,Phaeobacter_B2R04,Shewanella_B2R08,Roseovarius_B2R09,Colwellia_C2M19,Paracoccus_C2R07,Acinetobacter_D3M06,Arenibacter_D3M17	1-1A01.mzML,2-6D03.mzML,3-B2R04.mzML,4-B2R08.mzML,5-B2R09.mzML,6-C2M19.mzML,7-C2R07_2.mzML,9-D3M06.mzML,10-D3M17.mzML,bkgrnd-marine-broth.mzML
168	2	183.091320037842	1	183.091320037842	0.0	465.6915	2	0	0	0	0	1	0	0	0	1	0	0	0	0	0	0	0	1	0	0	0	1	0	0	0	0	G1	Shewanella_B2R08,Salipiger_C3M06	4-B2R08.mzML,8-C3M06.mzML
169	3	183.0912551879883	1	183.0912551879883	0.0	465.4806666666666	3	0	0	0	0	1	1	0	0	1	0	0	0	0	0	0	0	1	1	0	0	1	0	0	0	0	G1	Shewanella_B2R08,Roseovarius_B2R09,Salipiger_C3M06	4-B2R08.mzML,5-B2R09.mzML,8-C3M06.mzML
170	4	183.164527893066	1	183.164527893066	0.0	156.20775	4	0	0	4	0	0	0	0	0	0	0	0	0	0	0	4	0	0	0	0	0	0	0	0	0	0	G1	Vibrio_6D03	2-6D03.mzML
171	9	185.09266323513452	1	185.09266323513447	0.0	196.838	9	0	2	2	1	0	2	2	0	0	0	0	0	0	2	2	1	0	2	2	0	0	0	0	0	0	G1	Vibrio_1A01,Vibrio_6D03,Phaeobacter_B2R04,Roseovarius_B2R09,Colwellia_C2M19	1-1A01.mzML,2-6D03.mzML,3-B2R04.mzML,5-B2R09.mzML,6-C2M19.mzML
172	2	185.0914306640625	1	185.0914306640625	0.0	197.736	2	0	0	0	1	1	0	0	0	0	0	0	0	0	0	0	1	1	0	0	0	0	0	0	0	0	G1	Phaeobacter_B2R04,Shewanella_B2R08	3-B2R04.mzML,4-B2R08.mzML
173	4	185.0914878845215	1	185.0914878845215	0.0	199.2555	4	0	0	0	0	0	0	2	2	0	0	0	0	0	0	0	0	0	0	2	2	0	0	0	0	0	G1	Colwellia_C2M19,Paracoccus_C2R07	6-C2M19.mzML,7-C2R07_2.mzML
174	71	185.11024239994893	1	185.11024239994893	0.0	18.038840375586854	71	0	0	10	8	7	7	5	10	4	7	7	6	0	0	10	8	7	7	5	10	4	7	7	6	0	G1	Vibrio_6D03,Phaeobacter_B2R04,Shewanella_B2R08,Roseovarius_B2R09,Colwellia_C2M19,Paracoccus_C2R07,Salipiger_C3M06,Acinetobacter_D3M06,Arenibacter_D3M17,Motilimonas_G1M02	2-6D03.mzML,3-B2R04.mzML,4-B2R08.mzML,5-B2R09.mzML,6-C2M19.mzML,7-C2R07_2.mzML,8-C3M06.mzML,9-D3M06.mzML,10-D3M17.mzML,11-G1M02.mzML
175	66	185.11035010727844	1	185.1103501072785	0.0	18.06003787878788	64	2	1	12	9	7	6	5	6	6	2	5	5	0	1	12	9	7	6	5	6	6	2	5	5	2	G1,G2	Vibrio_1A01,Vibrio_6D03,Phaeobacter_B2R04,Shewanella_B2R08,Roseovarius_B2R09,Colwellia_C2M19,Paracoccus_C2R07,Salipiger_C3M06,Acinetobacter_D3M06,Arenibacter_D3M17,Motilimonas_G1M02	1-1A01.mzML,2-6D03.mzML,3-B2R04.mzML,4-B2R08.mzML,5-B2R09.mzML,6-C2M19.mzML,7-C2R07_2.mzML,8-C3M06.mzML,9-D3M06.mzML,10-D3M17.mzML,11-G1M02.mzML,bkgrnd-marine-broth.mzML
176	81	185.11062848703855	1	185.11062848703864	0.0	35.47375925925927	72	9	3	8	8	3	8	5	8	9	7	5	8	0	3	8	8	3	8	5	8	9	7	5	8	9	G1,G2	Vibrio_1A01,Vibrio_6D03,Phaeobacter_B2R04,Shewanella_B2R08,Roseovarius_B2R09,Colwellia_C2M19,Paracoccus_C2R07,Salipiger_C3M06,Acinetobacter_D3M06,Arenibacter_D3M17,Motilimonas_G1M02	1-1A01.mzML,2-6D03.mzML,3-B2R04.mzML,4-B2R08.mzML,5-B2R09.mzML,6-C2M19.mzML,7-C2R07_2.mzML,8-C3M06.mzML,9-D3M06.mzML,10-D3M17.mzML,11-G1M02.mzML,bkgrnd-marine-broth.mzML
177	85	185.11039915192453	1	185.11039915192453	0.0	18.83466862745098	81	4	1	5	7	8	10	14	9	5	8	8	6	0	1	5	7	8	10	14	9	5	8	8	6	4	G1,G2	Vibrio_1A01,Vibrio_6D03,Phaeobacter_B2R04,Shewanella_B2R08,Roseovarius_B2R09,Colwellia_C2M19,Paracoccus_C2R07,Salipiger_C3M06,Acinetobacter_D3M06,Arenibacter_D3M17,Motilimonas_G1M02	1-1A01.mzML,2-6D03.mzML,3-B2R04.mzML,4-B2R08.mzML,5-B2R09.mzML,6-C2M19.mzML,7-C2R07_2.mzML,8-C3M06.mzML,9-D3M06.mzML,10-D3M17.mzML,11-G1M02.mzML,bkgrnd-marine-broth.mzML
178	143	185.1102536002812	1	185.1102536002808	0.0	21.575280885780884	143	0	0	12	14	17	16	17	12	15	12	15	13	0	0	12	14	17	16	17	12	15	12	15	13	0	G1	Vibrio_6D03,Phaeobacter_B2R04,Shewanella_B2R08,Roseovarius_B2R09,Colwellia_C2M19,Paracoccus_C2R07,Salipiger_C3M06,Acinetobacter_D3M06,Arenibacter_D3M17,Motilimonas_G1M02	2-6D03.mzML,3-B2R04.mzML,4-B2R08.mzML,5-B2R09.mzML,6-C2M19.mzML,7-C2R07_2.mzML,8-C3M06.mzML,9-D3M06.mzML,10-D3M17.mzML,11-G1M02.mzML
179	143	185.11031272374493	1	185.11031272374464	0.0	30.965924242424244	140	3	0	13	14	12	12	8	15	18	18	14	16	0	0	13	14	12	12	8	15	18	18	14	16	3	G1,G2	Vibrio_6D03,Phaeobacter_B2R04,Shewanella_B2R08,Roseovarius_B2R09,Colwellia_C2M19,Paracoccus_C2R07,Salipiger_C3M06,Acinetobacter_D3M06,Arenibacter_D3M17,Motilimonas_G1M02	2-6D03.mzML,3-B2R04.mzML,4-B2R08.mzML,5-B2R09.mzML,6-C2M19.mzML,7-C2R07_2.mzML,8-C3M06.mzML,9-D3M06.mzML,10-D3M17.mzML,11-G1M02.mzML,bkgrnd-marine-broth.mzML
180	76	186.22164751114997	1	186.22164751114988	0.0	531.4478815789474	76	0	0	7	7	7	8	8	7	9	8	6	9	0	0	7	7	7	8	8	7	9	8	6	9	0	G1	Vibrio_6D03,Phaeobacter_B2R04,Shewanella_B2R08,Roseovarius_B2R09,Colwellia_C2M19,Paracoccus_C2R07,Salipiger_C3M06,Acinetobacter_D3M06,Arenibacter_D3M17,Motilimonas_G1M02	2-6D03.mzML,3-B2R04.mzML,4-B2R08.mzML,5-B2R09.mzML,6-C2M19.mzML,7-C2R07_2.mzML,8-C3M06.mzML,9-D3M06.mzML,10-D3M17.mzML,11-G1M02.mzML
181	35	188.0705655779157	1	188.0705655779157	0.0	436.4887428571428	31	4	0	0	4	0	4	4	2	4	4	6	3	0	0	0	4	0	4	4	2	4	4	6	3	4	G1,G2	Phaeobacter_B2R04,Roseovarius_B2R09,Colwellia_C2M19,Paracoccus_C2R07,Salipiger_C3M06,Acinetobacter_D3M06,Arenibacter_D3M17,Motilimonas_G1M02	3-B2R04.mzML,5-B2R09.mzML,6-C2M19.mzML,7-C2R07_2.mzML,8-C3M06.mzML,9-D3M06.mzML,10-D3M17.mzML,11-G1M02.mzML,bkgrnd-marine-broth.mzML
182	3	188.128514607747	1	188.128514607747	0.0	498.3333333333333	3	0	0	3	0	0	0	0	0	0	0	0	0	0	0	3	0	0	0	0	0	0	0	0	0	0	G1	Vibrio_6D03	2-6D03.mzML
183	3	188.128514607747	1	188.128514607747	0.0	498.5243333333334	3	0	0	3	0	0	0	0	0	0	0	0	0	0	0	3	0	0	0	0	0	0	0	0	0	0	G1	Vibrio_6D03	2-6D03.mzML
184	26	189.08671358548685	1	189.08671358548688	0.0	267.41457692307694	22	4	0	0	6	0	5	0	4	2	3	0	2	0	0	0	6	0	5	0	4	2	3	0	2	4	G1,G2	Phaeobacter_B2R04,Roseovarius_B2R09,Paracoccus_C2R07,Salipiger_C3M06,Acinetobacter_D3M06,Motilimonas_G1M02	3-B2R04.mzML,5-B2R09.mzML,7-C2R07_2.mzML,8-C3M06.mzML,9-D3M06.mzML,11-G1M02.mzML,bkgrnd-marine-broth.mzML
185	26	189.0864205580492	1	189.0864205580492	0.0	268.3790769230769	25	1	0	0	6	0	5	0	6	4	3	0	1	0	0	0	6	0	5	0	6	4	3	0	1	1	G1,G2	Phaeobacter_B2R04,Roseovarius_B2R09,Paracoccus_C2R07,Salipiger_C3M06,Acinetobacter_D3M06,Motilimonas_G1M02	3-B2R04.mzML,5-B2R09.mzML,7-C2R07_2.mzML,8-C3M06.mzML,9-D3M06.mzML,11-G1M02.mzML,bkgrnd-marine-broth.mzML
186	2	189.0876655578615	1	189.0876655578615	0.0	266.8145	1	1	0	0	0	0	0	0	0	0	0	0	1	0	0	0	0	0	0	0	0	0	0	0	1	1	G1,G2	Motilimonas_G1M02	11-G1M02.mzML,bkgrnd-marine-broth.mzML
187	40	189.12346204121928	1	189.12346204121928	0.0	295.02385	29	11	0	0	8	0	0	0	0	10	11	0	0	0	0	0	8	0	0	0	0	10	11	0	0	11	G1,G2	Phaeobacter_B2R04,Salipiger_C3M06,Acinetobacter_D3M06	3-B2R04.mzML,8-C3M06.mzML,9-D3M06.mzML,bkgrnd-marine-broth.mzML
188	6	189.12272516886412	1	189.12272516886412	0.0	276.4005	6	0	0	0	3	0	0	0	0	2	1	0	0	0	0	0	3	0	0	0	0	2	1	0	0	0	G1	Phaeobacter_B2R04,Salipiger_C3M06,Acinetobacter_D3M06	3-B2R04.mzML,8-C3M06.mzML,9-D3M06.mzML
189	3	195.061655680339	1	195.061655680339	0.0	489.7583333333333	3	0	0	0	0	3	0	0	0	0	0	0	0	0	0	0	0	3	0	0	0	0	0	0	0	0	G1	Shewanella_B2R08	4-B2R08.mzML
190	48	195.11223411560067	1	195.1122341156006	0.0	386.9902291666667	48	0	0	0	6	6	6	6	6	6	6	6	0	0	0	0	6	6	6	6	6	6	6	6	0	0	G1	Phaeobacter_B2R04,Shewanella_B2R08,Roseovarius_B2R09,Colwellia_C2M19,Paracoccus_C2R07,Salipiger_C3M06,Acinetobacter_D3M06,Arenibacter_D3M17	3-B2R04.mzML,4-B2R08.mzML,5-B2R09.mzML,6-C2M19.mzML,7-C2R07_2.mzML,8-C3M06.mzML,9-D3M06.mzML,10-D3M17.mzML
191	89	198.9402171359974	1	198.9402171359974	0.0	115.63405617977529	83	6	8	7	8	6	10	6	8	8	8	8	6	0	8	7	8	6	10	6	8	8	8	8	6	6	G1,G2	Vibrio_1A01,Vibrio_6D03,Phaeobacter_B2R04,Shewanella_B2R08,Roseovarius_B2R09,Colwellia_C2M19,Paracoccus_C2R07,Salipiger_C3M06,Acinetobacter_D3M06,Arenibacter_D3M17,Motilimonas_G1M02	1-1A01.mzML,2-6D03.mzML,3-B2R04.mzML,4-B2R08.mzML,5-B2R09.mzML,6-C2M19.mzML,7-C2R07_2.mzML,8-C3M06.mzML,9-D3M06.mzML,10-D3M17.mzML,11-G1M02.mzML,bkgrnd-marine-broth.mzML
192	37	202.18009818137207	1	202.180098181372	0.0	154.17367567567572	37	0	4	4	6	1	6	6	6	0	0	0	4	0	4	4	6	1	6	6	6	0	0	0	4	0	G1	Vibrio_1A01,Vibrio_6D03,Phaeobacter_B2R04,Shewanella_B2R08,Roseovarius_B2R09,Colwellia_C2M19,Paracoccus_C2R07,Motilimonas_G1M02	1-1A01.mzML,2-6D03.mzML,3-B2R04.mzML,4-B2R08.mzML,5-B2R09.mzML,6-C2M19.mzML,7-C2R07_2.mzML,11-G1M02.mzML
193	30	203.2228698730469	1	203.2228698730469	0.0	119.56576666666668	24	6	0	0	0	6	0	6	6	0	0	6	0	0	0	0	0	6	0	6	6	0	0	6	0	6	G1,G2	Shewanella_B2R08,Colwellia_C2M19,Paracoccus_C2R07,Arenibacter_D3M17	4-B2R08.mzML,6-C2M19.mzML,7-C2R07_2.mzML,10-D3M17.mzML,bkgrnd-marine-broth.mzML
194	35	205.09711172921328	1	205.09711172921325	0.0	436.3139142857144	31	4	0	0	4	0	4	4	2	4	4	6	3	0	0	0	4	0	4	4	2	4	4	6	3	4	G1,G2	Phaeobacter_B2R04,Roseovarius_B2R09,Colwellia_C2M19,Paracoccus_C2R07,Salipiger_C3M06,Acinetobacter_D3M06,Arenibacter_D3M17,Motilimonas_G1M02	3-B2R04.mzML,5-B2R09.mzML,6-C2M19.mzML,7-C2R07_2.mzML,8-C3M06.mzML,9-D3M06.mzML,10-D3M17.mzML,11-G1M02.mzML,bkgrnd-marine-broth.mzML
195	63	211.10782490079367	1	211.10782490079384	0.0	247.78065079365075	59	4	6	6	6	6	5	6	6	6	6	6	0	0	6	6	6	6	5	6	6	6	6	6	0	4	G1,G2	Vibrio_1A01,Vibrio_6D03,Phaeobacter_B2R04,Shewanella_B2R08,Roseovarius_B2R09,Colwellia_C2M19,Paracoccus_C2R07,Salipiger_C3M06,Acinetobacter_D3M06,Arenibacter_D3M17	1-1A01.mzML,2-6D03.mzML,3-B2R04.mzML,4-B2R08.mzML,5-B2R09.mzML,6-C2M19.mzML,7-C2R07_2.mzML,8-C3M06.mzML,9-D3M06.mzML,10-D3M17.mzML,bkgrnd-marine-broth.mzML
196	68	211.144157110476	1	211.14415711047596	0.0	472.3526176470588	62	6	6	6	6	6	6	6	6	6	4	6	4	0	6	6	6	6	6	6	6	6	4	6	4	6	G1,G2	Vibrio_1A01,Vibrio_6D03,Phaeobacter_B2R04,Shewanella_B2R08,Roseovarius_B2R09,Colwellia_C2M19,Paracoccus_C2R07,Salipiger_C3M06,Acinetobacter_D3M06,Arenibacter_D3M17,Motilimonas_G1M02	1-1A01.mzML,2-6D03.mzML,3-B2R04.mzML,4-B2R08.mzML,5-B2R09.mzML,6-C2M19.mzML,7-C2R07_2.mzML,8-C3M06.mzML,9-D3M06.mzML,10-D3M17.mzML,11-G1M02.mzML,bkgrnd-marine-broth.mzML
197	2	212.102447509766	1	212.102447509766	0.0	200.5	2	0	0	0	1	1	0	0	0	0	0	0	0	0	0	0	1	1	0	0	0	0	0	0	0	0	G1	Phaeobacter_B2R04,Shewanella_B2R08	3-B2R04.mzML,4-B2R08.mzML
198	72	214.91772842407215	1	214.9177284240722	0.0	118.84076388888889	66	6	6	6	6	6	6	6	6	6	6	6	6	0	6	6	6	6	6	6	6	6	6	6	6	6	G1,G2	Vibrio_1A01,Vibrio_6D03,Phaeobacter_B2R04,Shewanella_B2R08,Roseovarius_B2R09,Colwellia_C2M19,Paracoccus_C2R07,Salipiger_C3M06,Acinetobacter_D3M06,Arenibacter_D3M17,Motilimonas_G1M02	1-1A01.mzML,2-6D03.mzML,3-B2R04.mzML,4-B2R08.mzML,5-B2R09.mzML,6-C2M19.mzML,7-C2R07_2.mzML,8-C3M06.mzML,9-D3M06.mzML,10-D3M17.mzML,11-G1M02.mzML,bkgrnd-marine-broth.mzML
199	18	215.139483981662	1	215.139483981662	0.0	204.31794444444444	12	6	0	0	0	0	0	0	0	6	6	0	0	0	0	0	0	0	0	0	0	6	6	0	0	6	G1,G2	Salipiger_C3M06,Acinetobacter_D3M06	8-C3M06.mzML,9-D3M06.mzML,bkgrnd-marine-broth.mzML
200	3	216.097147623698	1	216.097147623698	0.0	192.925	3	0	0	0	0	0	0	0	1	0	0	2	0	0	0	0	0	0	0	0	1	0	0	2	0	0	G1	Paracoccus_C2R07,Arenibacter_D3M17	7-C2R07_2.mzML,10-D3M17.mzML
201	18	217.1551191541884	1	217.1551191541884	0.0	236.81222222222223	12	6	0	0	0	0	0	0	0	6	6	0	0	0	0	0	0	0	0	0	0	6	6	0	0	6	G1,G2	Salipiger_C3M06,Acinetobacter_D3M06	8-C3M06.mzML,9-D3M06.mzML,bkgrnd-marine-broth.mzML
202	3	220.11821831597203	1	220.11821831597203	0.0	338.372	3	0	1	0	0	1	0	1	0	0	0	0	0	0	1	0	0	1	0	1	0	0	0	0	0	0	G1	Vibrio_1A01,Shewanella_B2R08,Colwellia_C2M19	1-1A01.mzML,4-B2R08.mzML,6-C2M19.mzML
203	42	221.0913550967263	1	221.0913550967264	0.0	225.26066666666665	42	0	0	0	6	6	6	6	6	6	2	4	0	0	0	0	6	6	6	6	6	6	2	4	0	0	G1	Phaeobacter_B2R04,Shewanella_B2R08,Roseovarius_B2R09,Colwellia_C2M19,Paracoccus_C2R07,Salipiger_C3M06,Acinetobacter_D3M06,Arenibacter_D3M17	3-B2R04.mzML,4-B2R08.mzML,5-B2R09.mzML,6-C2M19.mzML,7-C2R07_2.mzML,8-C3M06.mzML,9-D3M06.mzML,10-D3M17.mzML
204	6	222.1123046875	1	222.1123046875	0.0	514.8558333333334	6	0	0	6	0	0	0	0	0	0	0	0	0	0	0	6	0	0	0	0	0	0	0	0	0	0	G1	Vibrio_6D03	2-6D03.mzML
205	8	223.1081314086915	1	223.10813140869152	0.0	419.688375	6	2	0	0	0	0	0	0	0	2	4	0	0	0	0	0	0	0	0	0	0	2	4	0	0	2	G1,G2	Salipiger_C3M06,Acinetobacter_D3M06	8-C3M06.mzML,9-D3M06.mzML,bkgrnd-marine-broth.mzML
206	94	223.9892558645696	1	223.9892558645696	0.0	115.76815957446804	86	8	8	8	8	8	8	8	8	8	8	8	6	0	8	8	8	8	8	8	8	8	8	8	6	8	G1,G2	Vibrio_1A01,Vibrio_6D03,Phaeobacter_B2R04,Shewanella_B2R08,Roseovarius_B2R09,Colwellia_C2M19,Paracoccus_C2R07,Salipiger_C3M06,Acinetobacter_D3M06,Arenibacter_D3M17,Motilimonas_G1M02	1-1A01.mzML,2-6D03.mzML,3-B2R04.mzML,4-B2R08.mzML,5-B2R09.mzML,6-C2M19.mzML,7-C2R07_2.mzML,8-C3M06.mzML,9-D3M06.mzML,10-D3M17.mzML,11-G1M02.mzML,bkgrnd-marine-broth.mzML
207	33	226.1542236636382	1	226.15422366363825	0.0	183.5330909090909	33	0	0	0	6	0	6	4	4	5	4	4	0	0	0	0	6	0	6	4	4	5	4	4	0	0	G1	Phaeobacter_B2R04,Roseovarius_B2R09,Colwellia_C2M19,Paracoccus_C2R07,Salipiger_C3M06,Acinetobacter_D3M06,Arenibacter_D3M17	3-B2R04.mzML,5-B2R09.mzML,6-C2M19.mzML,7-C2R07_2.mzML,8-C3M06.mzML,9-D3M06.mzML,10-D3M17.mzML
208	3	226.95100402832	1	226.95100402832	0.0	129.30933333333334	3	0	0	0	0	0	0	0	0	0	0	0	3	0	0	0	0	0	0	0	0	0	0	0	3	0	G1	Motilimonas_G1M02	11-G1M02.mzML
209	3	226.982828776042	1	226.982828776042	0.0	515.2743333333333	3	0	0	0	3	0	0	0	0	0	0	0	0	0	0	0	3	0	0	0	0	0	0	0	0	0	G1	Phaeobacter_B2R04	3-B2R04.mzML
210	48	227.10184605916325	1	227.1018460591633	0.0	279.20725000000004	48	0	0	0	6	6	6	6	6	6	6	6	0	0	0	0	6	6	6	6	6	6	6	6	0	0	G1	Phaeobacter_B2R04,Shewanella_B2R08,Roseovarius_B2R09,Colwellia_C2M19,Paracoccus_C2R07,Salipiger_C3M06,Acinetobacter_D3M06,Arenibacter_D3M17	3-B2R04.mzML,4-B2R08.mzML,5-B2R09.mzML,6-C2M19.mzML,7-C2R07_2.mzML,8-C3M06.mzML,9-D3M06.mzML,10-D3M17.mzML
211	60	227.13888219197605	1	227.13888219197597	0.0	452.0570666666667	59	1	1	6	6	4	6	6	6	6	6	6	6	0	1	6	6	4	6	6	6	6	6	6	6	1	G1,G2	Vibrio_1A01,Vibrio_6D03,Phaeobacter_B2R04,Shewanella_B2R08,Roseovarius_B2R09,Colwellia_C2M19,Paracoccus_C2R07,Salipiger_C3M06,Acinetobacter_D3M06,Arenibacter_D3M17,Motilimonas_G1M02	1-1A01.mzML,2-6D03.mzML,3-B2R04.mzML,4-B2R08.mzML,5-B2R09.mzML,6-C2M19.mzML,7-C2R07_2.mzML,8-C3M06.mzML,9-D3M06.mzML,10-D3M17.mzML,11-G1M02.mzML,bkgrnd-marine-broth.mzML
212	10	227.1418431599935	1	227.1418431599936	0.0	450.8198	5	5	5	0	0	0	0	0	0	0	0	0	0	0	5	0	0	0	0	0	0	0	0	0	0	5	G1,G2	Vibrio_1A01	1-1A01.mzML,bkgrnd-marine-broth.mzML
213	6	229.11766967773403	1	229.11766967773403	0.0	146.13433333333336	6	0	0	0	0	0	0	0	0	0	0	6	0	0	0	0	0	0	0	0	0	0	0	6	0	0	G1	Arenibacter_D3M17	10-D3M17.mzML
214	3	229.117669677734	1	229.117669677734	0.0	424.6813333333334	3	0	0	0	0	0	0	0	0	0	0	3	0	0	0	0	0	0	0	0	0	0	0	3	0	0	G1	Arenibacter_D3M17	10-D3M17.mzML
215	68	229.1548730151144	1	229.15487301511465	0.0	361.1154411764706	50	18	0	0	0	2	0	0	0	24	24	0	0	0	0	0	0	2	0	0	0	24	24	0	0	18	G1,G2	Shewanella_B2R08,Salipiger_C3M06,Acinetobacter_D3M06	4-B2R08.mzML,8-C3M06.mzML,9-D3M06.mzML,bkgrnd-marine-broth.mzML
216	4	230.112594604492	1	230.112594604492	0.0	202.46575	4	0	0	0	2	0	0	0	2	0	0	0	0	0	0	0	2	0	0	0	2	0	0	0	0	0	G1	Phaeobacter_B2R04,Paracoccus_C2R07	3-B2R04.mzML,7-C2R07_2.mzML
217	72	230.24859534369563	1	230.2485953436957	0.0	573.9006527777779	66	6	6	6	6	6	6	6	6	6	6	6	6	0	6	6	6	6	6	6	6	6	6	6	6	6	G1,G2	Vibrio_1A01,Vibrio_6D03,Phaeobacter_B2R04,Shewanella_B2R08,Roseovarius_B2R09,Colwellia_C2M19,Paracoccus_C2R07,Salipiger_C3M06,Acinetobacter_D3M06,Arenibacter_D3M17,Motilimonas_G1M02	1-1A01.mzML,2-6D03.mzML,3-B2R04.mzML,4-B2R08.mzML,5-B2R09.mzML,6-C2M19.mzML,7-C2R07_2.mzML,8-C3M06.mzML,9-D3M06.mzML,10-D3M17.mzML,11-G1M02.mzML,bkgrnd-marine-broth.mzML
218	16	231.17056337992332	1	231.1705633799233	0.0	362.3338125	11	5	0	0	0	0	0	0	0	5	6	0	0	0	0	0	0	0	0	0	0	5	6	0	0	5	G1,G2	Salipiger_C3M06,Acinetobacter_D3M06	8-C3M06.mzML,9-D3M06.mzML,bkgrnd-marine-broth.mzML
219	40	235.1182144165037	1	235.1182144165038	0.0	156.54754999999997	40	0	0	0	6	4	6	4	4	6	4	4	2	0	0	0	6	4	6	4	4	6	4	4	2	0	G1	Phaeobacter_B2R04,Shewanella_B2R08,Roseovarius_B2R09,Colwellia_C2M19,Paracoccus_C2R07,Salipiger_C3M06,Acinetobacter_D3M06,Arenibacter_D3M17,Motilimonas_G1M02	3-B2R04.mzML,4-B2R08.mzML,5-B2R09.mzML,6-C2M19.mzML,7-C2R07_2.mzML,8-C3M06.mzML,9-D3M06.mzML,10-D3M17.mzML,11-G1M02.mzML
220	55	237.0864495942087	1	237.08644959420863	0.0	213.09707272727272	53	2	2	0	6	7	5	7	6	8	6	6	0	0	2	0	6	7	5	7	6	8	6	6	0	2	G1,G2	Vibrio_1A01,Phaeobacter_B2R04,Shewanella_B2R08,Roseovarius_B2R09,Colwellia_C2M19,Paracoccus_C2R07,Salipiger_C3M06,Acinetobacter_D3M06,Arenibacter_D3M17	1-1A01.mzML,3-B2R04.mzML,4-B2R08.mzML,5-B2R09.mzML,6-C2M19.mzML,7-C2R07_2.mzML,8-C3M06.mzML,9-D3M06.mzML,10-D3M17.mzML,bkgrnd-marine-broth.mzML
221	2	237.0879249572755	1	237.0879249572755	0.0	220.9345	2	0	1	0	0	1	0	0	0	0	0	0	0	0	1	0	0	1	0	0	0	0	0	0	0	0	G1	Vibrio_1A01,Shewanella_B2R08	1-1A01.mzML,4-B2R08.mzML
222	2	237.088798522949	1	237.088798522949	0.0	212.6325	0	2	0	0	0	0	0	0	0	0	0	0	0	0	0	0	0	0	0	0	0	0	0	0	0	2	G2		bkgrnd-marine-broth.mzML
223	72	239.96679306030276	1	239.96679306030276	0.0	116.10633333333334	66	6	6	6	6	6	6	6	6	6	6	6	6	0	6	6	6	6	6	6	6	6	6	6	6	6	G1,G2	Vibrio_1A01,Vibrio_6D03,Phaeobacter_B2R04,Shewanella_B2R08,Roseovarius_B2R09,Colwellia_C2M19,Paracoccus_C2R07,Salipiger_C3M06,Acinetobacter_D3M06,Arenibacter_D3M17,Motilimonas_G1M02	1-1A01.mzML,2-6D03.mzML,3-B2R04.mzML,4-B2R08.mzML,5-B2R09.mzML,6-C2M19.mzML,7-C2R07_2.mzML,8-C3M06.mzML,9-D3M06.mzML,10-D3M17.mzML,11-G1M02.mzML,bkgrnd-marine-broth.mzML
224	23	243.13431482729695	1	243.13431482729695	0.0	467.3270869565218	20	3	3	0	3	0	4	0	0	2	4	4	0	0	3	0	3	0	4	0	0	2	4	4	0	3	G1,G2	Vibrio_1A01,Phaeobacter_B2R04,Roseovarius_B2R09,Salipiger_C3M06,Acinetobacter_D3M06,Arenibacter_D3M17	1-1A01.mzML,3-B2R04.mzML,5-B2R09.mzML,8-C3M06.mzML,9-D3M06.mzML,10-D3M17.mzML,bkgrnd-marine-broth.mzML
225	60	245.1282760620116	1	245.1282760620116	0.0	481.3190499999999	58	2	4	6	6	6	6	6	6	6	6	6	0	0	4	6	6	6	6	6	6	6	6	6	0	2	G1,G2	Vibrio_1A01,Vibrio_6D03,Phaeobacter_B2R04,Shewanella_B2R08,Roseovarius_B2R09,Colwellia_C2M19,Paracoccus_C2R07,Salipiger_C3M06,Acinetobacter_D3M06,Arenibacter_D3M17	1-1A01.mzML,2-6D03.mzML,3-B2R04.mzML,4-B2R08.mzML,5-B2R09.mzML,6-C2M19.mzML,7-C2R07_2.mzML,8-C3M06.mzML,9-D3M06.mzML,10-D3M17.mzML,bkgrnd-marine-broth.mzML
226	25	245.14966349283853	1	245.14966349283856	0.0	208.88336	25	0	6	0	0	0	0	5	2	0	0	12	0	0	6	0	0	0	0	5	2	0	0	12	0	0	G1	Vibrio_1A01,Colwellia_C2M19,Paracoccus_C2R07,Arenibacter_D3M17	1-1A01.mzML,6-C2M19.mzML,7-C2R07_2.mzML,10-D3M17.mzML
227	16	247.1279682431901	1	247.12796824319008	0.0	390.386375	16	0	0	0	0	11	0	4	0	0	0	1	0	0	0	0	0	11	0	4	0	0	0	1	0	0	G1	Shewanella_B2R08,Colwellia_C2M19,Arenibacter_D3M17	4-B2R08.mzML,6-C2M19.mzML,10-D3M17.mzML
228	50	254.16113220214837	1	254.16113220214828	0.0	198.49868	48	2	4	4	6	2	4	4	6	4	4	6	4	0	4	4	6	2	4	4	6	4	4	6	4	2	G1,G2	Vibrio_1A01,Vibrio_6D03,Phaeobacter_B2R04,Shewanella_B2R08,Roseovarius_B2R09,Colwellia_C2M19,Paracoccus_C2R07,Salipiger_C3M06,Acinetobacter_D3M06,Arenibacter_D3M17,Motilimonas_G1M02	1-1A01.mzML,2-6D03.mzML,3-B2R04.mzML,4-B2R08.mzML,5-B2R09.mzML,6-C2M19.mzML,7-C2R07_2.mzML,8-C3M06.mzML,9-D3M06.mzML,10-D3M17.mzML,11-G1M02.mzML,bkgrnd-marine-broth.mzML
229	5	256.1742004394534	1	256.1742004394534	0.0	365.5144	5	0	0	0	0	2	0	2	1	0	0	0	0	0	0	0	0	2	0	2	1	0	0	0	0	0	G1	Shewanella_B2R08,Colwellia_C2M19,Paracoccus_C2R07	4-B2R08.mzML,6-C2M19.mzML,7-C2R07_2.mzML
230	72	258.2798724704319	1	258.27987247043166	0.0	635.4303888888888	66	6	6	6	6	6	6	6	6	6	6	6	6	0	6	6	6	6	6	6	6	6	6	6	6	6	G1,G2	Vibrio_1A01,Vibrio_6D03,Phaeobacter_B2R04,Shewanella_B2R08,Roseovarius_B2R09,Colwellia_C2M19,Paracoccus_C2R07,Salipiger_C3M06,Acinetobacter_D3M06,Arenibacter_D3M17,Motilimonas_G1M02	1-1A01.mzML,2-6D03.mzML,3-B2R04.mzML,4-B2R08.mzML,5-B2R09.mzML,6-C2M19.mzML,7-C2R07_2.mzML,8-C3M06.mzML,9-D3M06.mzML,10-D3M17.mzML,11-G1M02.mzML,bkgrnd-marine-broth.mzML
231	4	260.123764038086	1	260.123764038086	0.0	415.0557500000001	4	0	0	0	0	0	2	0	0	2	0	0	0	0	0	0	0	0	2	0	0	2	0	0	0	0	G1	Roseovarius_B2R09,Salipiger_C3M06	5-B2R09.mzML,8-C3M06.mzML
232	10	260.1968261718752	1	260.1968261718752	0.0	192.2329	8	2	0	0	0	0	0	0	0	4	4	0	0	0	0	0	0	0	0	0	0	4	4	0	0	2	G1,G2	Salipiger_C3M06,Acinetobacter_D3M06	8-C3M06.mzML,9-D3M06.mzML,bkgrnd-marine-broth.mzML
233	35	261.1228884742373	1	261.12288847423724	0.0	458.6868857142857	35	0	0	2	4	3	4	4	4	4	3	4	3	0	0	2	4	3	4	4	4	4	3	4	3	0	G1	Vibrio_6D03,Phaeobacter_B2R04,Shewanella_B2R08,Roseovarius_B2R09,Colwellia_C2M19,Paracoccus_C2R07,Salipiger_C3M06,Acinetobacter_D3M06,Arenibacter_D3M17,Motilimonas_G1M02	2-6D03.mzML,3-B2R04.mzML,4-B2R08.mzML,5-B2R09.mzML,6-C2M19.mzML,7-C2R07_2.mzML,8-C3M06.mzML,9-D3M06.mzML,10-D3M17.mzML,11-G1M02.mzML
234	26	261.1234490810296	1	261.12344908102955	0.0	468.13492307692303	24	2	2	4	2	2	2	2	2	2	2	2	2	0	2	4	2	2	2	2	2	2	2	2	2	2	G1,G2	Vibrio_1A01,Vibrio_6D03,Phaeobacter_B2R04,Shewanella_B2R08,Roseovarius_B2R09,Colwellia_C2M19,Paracoccus_C2R07,Salipiger_C3M06,Acinetobacter_D3M06,Arenibacter_D3M17,Motilimonas_G1M02	1-1A01.mzML,2-6D03.mzML,3-B2R04.mzML,4-B2R08.mzML,5-B2R09.mzML,6-C2M19.mzML,7-C2R07_2.mzML,8-C3M06.mzML,9-D3M06.mzML,10-D3M17.mzML,11-G1M02.mzML,bkgrnd-marine-broth.mzML
235	5	261.12654215494786	1	261.12654215494786	0.0	458.8058	3	2	3	0	0	0	0	0	0	0	0	0	0	0	3	0	0	0	0	0	0	0	0	0	0	2	G1,G2	Vibrio_1A01	1-1A01.mzML,bkgrnd-marine-broth.mzML
236	2	263.13856506347645	1	263.13856506347645	0.0	437.218	2	0	0	0	0	0	0	1	0	0	1	0	0	0	0	0	0	0	0	1	0	0	1	0	0	0	G1	Colwellia_C2M19,Acinetobacter_D3M06	6-C2M19.mzML,9-D3M06.mzML
237	5	263.13994750976565	1	263.13994750976565	0.0	436.5262	3	2	0	0	0	0	0	1	0	0	2	0	0	0	0	0	0	0	0	1	0	0	2	0	0	2	G1,G2	Colwellia_C2M19,Acinetobacter_D3M06	6-C2M19.mzML,9-D3M06.mzML,bkgrnd-marine-broth.mzML
238	72	265.01574283175995	1	265.0157428317599	0.0	118.53854166666666	66	6	6	6	6	6	6	6	6	6	6	6	6	0	6	6	6	6	6	6	6	6	6	6	6	6	G1,G2	Vibrio_1A01,Vibrio_6D03,Phaeobacter_B2R04,Shewanella_B2R08,Roseovarius_B2R09,Colwellia_C2M19,Paracoccus_C2R07,Salipiger_C3M06,Acinetobacter_D3M06,Arenibacter_D3M17,Motilimonas_G1M02	1-1A01.mzML,2-6D03.mzML,3-B2R04.mzML,4-B2R08.mzML,5-B2R09.mzML,6-C2M19.mzML,7-C2R07_2.mzML,8-C3M06.mzML,9-D3M06.mzML,10-D3M17.mzML,11-G1M02.mzML,bkgrnd-marine-broth.mzML
239	42	268.10450526646224	1	268.1045052664622	0.0	196.7371666666667	36	6	2	2	2	2	6	2	2	6	6	6	0	0	2	2	2	2	6	2	2	6	6	6	0	6	G1,G2	Vibrio_1A01,Vibrio_6D03,Phaeobacter_B2R04,Shewanella_B2R08,Roseovarius_B2R09,Colwellia_C2M19,Paracoccus_C2R07,Salipiger_C3M06,Acinetobacter_D3M06,Arenibacter_D3M17	1-1A01.mzML,2-6D03.mzML,3-B2R04.mzML,4-B2R08.mzML,5-B2R09.mzML,6-C2M19.mzML,7-C2R07_2.mzML,8-C3M06.mzML,9-D3M06.mzML,10-D3M17.mzML,bkgrnd-marine-broth.mzML
240	2	268.138824462891	1	268.138824462891	0.0	198.251	2	0	0	0	0	2	0	0	0	0	0	0	0	0	0	0	0	2	0	0	0	0	0	0	0	0	G1	Shewanella_B2R08	4-B2R08.mzML
241	3	268.139572143555	1	268.139572143555	0.0	189.65833333333333	3	0	0	0	0	0	0	0	0	0	0	0	3	0	0	0	0	0	0	0	0	0	0	0	3	0	G1	Motilimonas_G1M02	11-G1M02.mzML
242	16	269.0875930786132	1	269.0875930786131	0.0	216.8261875	14	2	0	0	0	0	6	0	0	6	2	0	0	0	0	0	0	0	6	0	0	6	2	0	0	2	G1,G2	Roseovarius_B2R09,Salipiger_C3M06,Acinetobacter_D3M06	5-B2R09.mzML,8-C3M06.mzML,9-D3M06.mzML,bkgrnd-marine-broth.mzML
243	6	270.14387003580737	1	270.14387003580737	0.0	194.335	6	0	0	0	0	2	0	4	0	0	0	0	0	0	0	0	0	2	0	4	0	0	0	0	0	0	G1	Shewanella_B2R08,Colwellia_C2M19	4-B2R08.mzML,6-C2M19.mzML
244	3	270.19151814778667	1	270.19151814778667	0.0	400.2776666666667	3	0	0	0	0	1	0	1	0	0	0	1	0	0	0	0	0	1	0	1	0	0	0	1	0	0	G1	Shewanella_B2R08,Colwellia_C2M19,Arenibacter_D3M17	4-B2R08.mzML,6-C2M19.mzML,10-D3M17.mzML
245	3	273.187754313151	1	273.187754313151	0.0	200.1283333333333	3	0	0	3	0	0	0	0	0	0	0	0	0	0	0	3	0	0	0	0	0	0	0	0	0	0	G1	Vibrio_6D03	2-6D03.mzML
246	2	273.187754313151	1	273.187754313151	0.0	200.9355	2	0	0	2	0	0	0	0	0	0	0	0	0	0	0	2	0	0	0	0	0	0	0	0	0	0	G1	Vibrio_6D03	2-6D03.mzML
247	28	274.1761561802455	1	274.1761561802456	0.0	358.7540357142857	22	6	0	0	4	0	6	0	0	6	6	0	0	0	0	0	4	0	6	0	0	6	6	0	0	6	G1,G2	Phaeobacter_B2R04,Roseovarius_B2R09,Salipiger_C3M06,Acinetobacter_D3M06	3-B2R04.mzML,5-B2R09.mzML,8-C3M06.mzML,9-D3M06.mzML,bkgrnd-marine-broth.mzML
248	70	274.274761672247	1	274.274761672247	0.0	540.9966857142857	64	6	4	6	6	6	6	6	6	6	6	6	6	0	4	6	6	6	6	6	6	6	6	6	6	6	G1,G2	Vibrio_1A01,Vibrio_6D03,Phaeobacter_B2R04,Shewanella_B2R08,Roseovarius_B2R09,Colwellia_C2M19,Paracoccus_C2R07,Salipiger_C3M06,Acinetobacter_D3M06,Arenibacter_D3M17,Motilimonas_G1M02	1-1A01.mzML,2-6D03.mzML,3-B2R04.mzML,4-B2R08.mzML,5-B2R09.mzML,6-C2M19.mzML,7-C2R07_2.mzML,8-C3M06.mzML,9-D3M06.mzML,10-D3M17.mzML,11-G1M02.mzML,bkgrnd-marine-broth.mzML
249	36	279.1331634521489	1	279.1331634521489	0.0	360.7748333333333	36	0	0	0	0	0	0	6	0	0	0	30	0	0	0	0	0	0	0	6	0	0	0	30	0	0	G1	Colwellia_C2M19,Arenibacter_D3M17	6-C2M19.mzML,10-D3M17.mzML
250	2	279.133605957031	1	279.133605957031	0.0	435.7705	2	0	0	0	2	0	0	0	0	0	0	0	0	0	0	0	2	0	0	0	0	0	0	0	0	0	G1	Phaeobacter_B2R04	3-B2R04.mzML
251	2	281.112335205078	1	281.112335205078	0.0	436.8825	2	0	0	0	0	2	0	0	0	0	0	0	0	0	0	0	0	2	0	0	0	0	0	0	0	0	G1	Shewanella_B2R08	4-B2R08.mzML
252	3	282.118576049805	1	282.118576049805	0.0	234.60133333333332	3	0	0	0	0	0	0	0	0	0	0	3	0	0	0	0	0	0	0	0	0	0	0	3	0	0	G1	Arenibacter_D3M17	10-D3M17.mzML
253	3	282.118576049805	1	282.118576049805	0.0	234.79233333333332	3	0	0	0	0	0	0	0	0	0	0	3	0	0	0	0	0	0	0	0	0	0	0	3	0	0	G1	Arenibacter_D3M17	10-D3M17.mzML
254	12	282.1189041137696	1	282.1189041137696	0.0	262.04966666666667	12	0	0	0	0	0	0	0	0	0	6	6	0	0	0	0	0	0	0	0	0	0	6	6	0	0	G1	Acinetobacter_D3M06,Arenibacter_D3M17	9-D3M06.mzML,10-D3M17.mzML
255	17	283.1754976160386	1	283.1754976160387	0.0	421.0254117647058	16	1	3	0	0	3	2	2	0	0	2	2	2	0	3	0	0	3	2	2	0	0	2	2	2	1	G1,G2	Vibrio_1A01,Shewanella_B2R08,Roseovarius_B2R09,Colwellia_C2M19,Acinetobacter_D3M06,Arenibacter_D3M17,Motilimonas_G1M02	1-1A01.mzML,4-B2R08.mzML,5-B2R09.mzML,6-C2M19.mzML,9-D3M06.mzML,10-D3M17.mzML,11-G1M02.mzML,bkgrnd-marine-broth.mzML
256	30	284.0988342285156	1	284.0988342285156	0.0	220.9925	24	6	0	0	0	0	6	0	0	6	6	6	0	0	0	0	0	0	6	0	0	6	6	6	0	6	G1,G2	Roseovarius_B2R09,Salipiger_C3M06,Acinetobacter_D3M06,Arenibacter_D3M17	5-B2R09.mzML,8-C3M06.mzML,9-D3M06.mzML,10-D3M17.mzML,bkgrnd-marine-broth.mzML
257	6	286.138763427734	1	286.138763427734	0.0	150.44466666666668	6	0	0	0	0	0	0	6	0	0	0	0	0	0	0	0	0	0	0	6	0	0	0	0	0	0	G1	Colwellia_C2M19	6-C2M19.mzML
258	36	286.1751607259116	1	286.1751607259116	0.0	392.76475	36	0	0	0	6	0	6	6	6	6	6	0	0	0	0	0	6	0	6	6	6	6	6	0	0	0	G1	Phaeobacter_B2R04,Roseovarius_B2R09,Colwellia_C2M19,Paracoccus_C2R07,Salipiger_C3M06,Acinetobacter_D3M06	3-B2R04.mzML,5-B2R09.mzML,6-C2M19.mzML,7-C2R07_2.mzML,8-C3M06.mzML,9-D3M06.mzML
259	1520	286.2202131283636	1	286.2202131283618	0.0	607.3163708333334	1415	105	107	123	130	134	130	134	130	128	133	131	135	0	107	123	130	134	130	134	130	128	133	131	135	105	G1,G2	Vibrio_1A01,Vibrio_6D03,Phaeobacter_B2R04,Shewanella_B2R08,Roseovarius_B2R09,Colwellia_C2M19,Paracoccus_C2R07,Salipiger_C3M06,Acinetobacter_D3M06,Arenibacter_D3M17,Motilimonas_G1M02	1-1A01.mzML,2-6D03.mzML,3-B2R04.mzML,4-B2R08.mzML,5-B2R09.mzML,6-C2M19.mzML,7-C2R07_2.mzML,8-C3M06.mzML,9-D3M06.mzML,10-D3M17.mzML,11-G1M02.mzML,bkgrnd-marine-broth.mzML
260	2	286.21957861858846	1	286.21957861858846	0.0	699.0755	2	0	0	0	0	1	0	0	0	1	0	0	0	0	0	0	0	1	0	0	0	1	0	0	0	0	G1	Shewanella_B2R08,Salipiger_C3M06	4-B2R08.mzML,8-C3M06.mzML
261	2	286.219560706097	1	286.219560706097	0.0	714.937	2	0	0	0	0	0	1	0	0	0	0	1	0	0	0	0	0	0	1	0	0	0	0	1	0	0	G1	Roseovarius_B2R09,Arenibacter_D3M17	5-B2R09.mzML,10-D3M17.mzML
262	4	286.21967438080526	1	286.21967438080526	0.0	554.5239999999999	4	0	0	1	0	0	0	1	0	1	0	0	1	0	0	1	0	0	0	1	0	1	0	0	1	0	G1	Vibrio_6D03,Colwellia_C2M19,Salipiger_C3M06,Motilimonas_G1M02	2-6D03.mzML,6-C2M19.mzML,8-C3M06.mzML,11-G1M02.mzML
263	2	286.2196004649135	1	286.2196004649135	0.0	706.3009999999999	2	0	0	0	0	0	0	1	0	0	0	1	0	0	0	0	0	0	0	1	0	0	0	1	0	0	G1	Colwellia_C2M19,Arenibacter_D3M17	6-C2M19.mzML,10-D3M17.mzML
264	2	286.21961245329453	1	286.21961245329453	0.0	689.874	2	0	0	1	0	0	0	0	0	0	1	0	0	0	0	1	0	0	0	0	0	0	1	0	0	0	G1	Vibrio_6D03,Acinetobacter_D3M06	2-6D03.mzML,9-D3M06.mzML
265	4	286.21965715509924	1	286.21965715509924	0.0	704.9100000000001	4	0	0	2	1	0	0	0	0	0	0	0	1	0	0	2	1	0	0	0	0	0	0	0	1	0	G1	Vibrio_6D03,Phaeobacter_B2R04,Motilimonas_G1M02	2-6D03.mzML,3-B2R04.mzML,11-G1M02.mzML
266	2	286.219603165336	1	286.219603165336	0.0	710.3444999999999	2	0	0	2	0	0	0	0	0	0	0	0	0	0	0	2	0	0	0	0	0	0	0	0	0	0	G1	Vibrio_6D03	2-6D03.mzML
267	2	286.219673488451	1	286.219673488451	0.0	668.428	2	0	0	0	1	0	0	0	1	0	0	0	0	0	0	0	1	0	0	0	1	0	0	0	0	0	G1	Phaeobacter_B2R04,Paracoccus_C2R07	3-B2R04.mzML,7-C2R07_2.mzML
268	2	286.219649605129	1	286.219649605129	0.0	689.4860000000001	2	0	0	0	0	0	0	0	1	0	1	0	0	0	0	0	0	0	0	0	1	0	1	0	0	0	G1	Paracoccus_C2R07,Acinetobacter_D3M06	7-C2R07_2.mzML,9-D3M06.mzML
269	6	287.122741699219	1	287.122741699219	0.0	226.4255	6	0	0	0	0	0	6	0	0	0	0	0	0	0	0	0	0	0	6	0	0	0	0	0	0	0	G1	Roseovarius_B2R09	5-B2R09.mzML
270	2	288.117767333984	1	288.117767333984	0.0	193.7575	2	0	0	0	0	0	0	2	0	0	0	0	0	0	0	0	0	0	0	2	0	0	0	0	0	0	G1	Colwellia_C2M19	6-C2M19.mzML
271	38	290.13376496967527	1	290.1337649696752	0.0	229.43260526315788	38	0	0	0	6	2	6	6	0	6	6	6	0	0	0	0	6	2	6	6	0	6	6	6	0	0	G1	Phaeobacter_B2R04,Shewanella_B2R08,Roseovarius_B2R09,Colwellia_C2M19,Salipiger_C3M06,Acinetobacter_D3M06,Arenibacter_D3M17	3-B2R04.mzML,4-B2R08.mzML,5-B2R09.mzML,6-C2M19.mzML,8-C3M06.mzML,9-D3M06.mzML,10-D3M17.mzML
272	61	291.2535412064016	1	291.2535412064017	0.0	835.4492950819672	57	4	6	6	6	4	6	6	6	5	6	6	0	0	6	6	6	4	6	6	6	5	6	6	0	4	G1,G2	Vibrio_1A01,Vibrio_6D03,Phaeobacter_B2R04,Shewanella_B2R08,Roseovarius_B2R09,Colwellia_C2M19,Paracoccus_C2R07,Salipiger_C3M06,Acinetobacter_D3M06,Arenibacter_D3M17	1-1A01.mzML,2-6D03.mzML,3-B2R04.mzML,4-B2R08.mzML,5-B2R09.mzML,6-C2M19.mzML,7-C2R07_2.mzML,8-C3M06.mzML,9-D3M06.mzML,10-D3M17.mzML,bkgrnd-marine-broth.mzML
273	6	295.020385742188	1	295.020385742188	0.0	513.1003333333333	6	0	0	0	6	0	0	0	0	0	0	0	0	0	0	0	6	0	0	0	0	0	0	0	0	0	G1	Phaeobacter_B2R04	3-B2R04.mzML
274	98	298.2555847167968	1	298.2555847167967	0.0	929.7476530612244	98	0	0	18	18	18	12	8	6	6	6	6	0	0	0	18	18	18	12	8	6	6	6	6	0	0	G1	Vibrio_6D03,Phaeobacter_B2R04,Shewanella_B2R08,Roseovarius_B2R09,Colwellia_C2M19,Paracoccus_C2R07,Salipiger_C3M06,Acinetobacter_D3M06,Arenibacter_D3M17	2-6D03.mzML,3-B2R04.mzML,4-B2R08.mzML,5-B2R09.mzML,6-C2M19.mzML,7-C2R07_2.mzML,8-C3M06.mzML,9-D3M06.mzML,10-D3M17.mzML
275	13	300.20197237454937	1	300.20197237454937	0.0	420.2227692307692	13	0	3	1	0	5	0	2	0	0	0	1	1	0	3	1	0	5	0	2	0	0	0	1	1	0	G1	Vibrio_1A01,Vibrio_6D03,Shewanella_B2R08,Colwellia_C2M19,Arenibacter_D3M17,Motilimonas_G1M02	1-1A01.mzML,2-6D03.mzML,4-B2R08.mzML,6-C2M19.mzML,10-D3M17.mzML,11-G1M02.mzML
276	8	300.2023963928224	1	300.2023963928224	0.0	421.4335	6	2	0	1	0	0	2	0	1	2	0	0	0	0	0	1	0	0	2	0	1	2	0	0	0	2	G1,G2	Vibrio_6D03,Roseovarius_B2R09,Paracoccus_C2R07,Salipiger_C3M06	2-6D03.mzML,5-B2R09.mzML,7-C2R07_2.mzML,8-C3M06.mzML,bkgrnd-marine-broth.mzML
277	2	300.217569986979	1	300.217569986979	0.0	727.155	2	0	0	2	0	0	0	0	0	0	0	0	0	0	0	2	0	0	0	0	0	0	0	0	0	0	G1	Vibrio_6D03	2-6D03.mzML
278	4	302.170013427734	1	302.170013427734	0.0	207.743	4	0	0	0	0	0	0	0	4	0	0	0	0	0	0	0	0	0	0	0	4	0	0	0	0	0	G1	Paracoccus_C2R07	7-C2R07_2.mzML
279	60	302.2869415283204	1	302.28694152832026	0.0	19.85113055555556	60	0	0	6	6	6	6	6	6	6	6	6	6	0	0	6	6	6	6	6	6	6	6	6	6	0	G1	Vibrio_6D03,Phaeobacter_B2R04,Shewanella_B2R08,Roseovarius_B2R09,Colwellia_C2M19,Paracoccus_C2R07,Salipiger_C3M06,Acinetobacter_D3M06,Arenibacter_D3M17,Motilimonas_G1M02	2-6D03.mzML,3-B2R04.mzML,4-B2R08.mzML,5-B2R09.mzML,6-C2M19.mzML,7-C2R07_2.mzML,8-C3M06.mzML,9-D3M06.mzML,10-D3M17.mzML,11-G1M02.mzML
280	5	304.212707519531	1	304.212707519531	0.0	577.9986	5	0	0	0	5	0	0	0	0	0	0	0	0	0	0	0	5	0	0	0	0	0	0	0	0	0	G1	Phaeobacter_B2R04	3-B2R04.mzML
281	880	304.2301118834744	1	304.23011188347454	0.0	554.2173049242425	862	18	12	84	84	83	84	84	84	90	84	84	89	0	12	84	84	83	84	84	84	90	84	84	89	18	G1,G2	Vibrio_1A01,Vibrio_6D03,Phaeobacter_B2R04,Shewanella_B2R08,Roseovarius_B2R09,Colwellia_C2M19,Paracoccus_C2R07,Salipiger_C3M06,Acinetobacter_D3M06,Arenibacter_D3M17,Motilimonas_G1M02	1-1A01.mzML,2-6D03.mzML,3-B2R04.mzML,4-B2R08.mzML,5-B2R09.mzML,6-C2M19.mzML,7-C2R07_2.mzML,8-C3M06.mzML,9-D3M06.mzML,10-D3M17.mzML,11-G1M02.mzML,bkgrnd-marine-broth.mzML
282	84	304.3010493687222	1	304.30104936872226	0.0	643.3325119047619	78	6	6	6	6	12	6	6	6	12	6	6	6	0	6	6	6	12	6	6	6	12	6	6	6	6	G1,G2	Vibrio_1A01,Vibrio_6D03,Phaeobacter_B2R04,Shewanella_B2R08,Roseovarius_B2R09,Colwellia_C2M19,Paracoccus_C2R07,Salipiger_C3M06,Acinetobacter_D3M06,Arenibacter_D3M17,Motilimonas_G1M02	1-1A01.mzML,2-6D03.mzML,3-B2R04.mzML,4-B2R08.mzML,5-B2R09.mzML,6-C2M19.mzML,7-C2R07_2.mzML,8-C3M06.mzML,9-D3M06.mzML,10-D3M17.mzML,11-G1M02.mzML,bkgrnd-marine-broth.mzML
283	4	305.304153442383	1	305.304153442383	0.0	646.0695	4	0	0	0	0	0	0	0	0	4	0	0	0	0	0	0	0	0	0	0	0	4	0	0	0	0	G1	Salipiger_C3M06	8-C3M06.mzML
284	12	307.18506876627595	1	307.185068766276	0.0	363.33183333333335	12	0	0	0	0	6	0	6	0	0	0	0	0	0	0	0	0	6	0	6	0	0	0	0	0	0	G1	Shewanella_B2R08,Colwellia_C2M19	4-B2R08.mzML,6-C2M19.mzML
285	66	308.2802031545929	1	308.2802031545928	0.0	836.0166515151516	60	6	6	6	6	6	6	6	6	6	6	6	0	0	6	6	6	6	6	6	6	6	6	6	0	6	G1,G2	Vibrio_1A01,Vibrio_6D03,Phaeobacter_B2R04,Shewanella_B2R08,Roseovarius_B2R09,Colwellia_C2M19,Paracoccus_C2R07,Salipiger_C3M06,Acinetobacter_D3M06,Arenibacter_D3M17	1-1A01.mzML,2-6D03.mzML,3-B2R04.mzML,4-B2R08.mzML,5-B2R09.mzML,6-C2M19.mzML,7-C2R07_2.mzML,8-C3M06.mzML,9-D3M06.mzML,10-D3M17.mzML,bkgrnd-marine-broth.mzML
286	36	311.1750030517578	1	311.17500305175776	0.0	499.0219166666667	36	0	0	0	6	0	6	6	0	6	6	6	0	0	0	0	6	0	6	6	0	6	6	6	0	0	G1	Phaeobacter_B2R04,Roseovarius_B2R09,Colwellia_C2M19,Salipiger_C3M06,Acinetobacter_D3M06,Arenibacter_D3M17	3-B2R04.mzML,5-B2R09.mzML,6-C2M19.mzML,8-C3M06.mzML,9-D3M06.mzML,10-D3M17.mzML
287	2	312.154205322266	1	312.154205322266	0.0	194.2035	2	0	0	0	0	2	0	0	0	0	0	0	0	0	0	0	0	2	0	0	0	0	0	0	0	0	G1	Shewanella_B2R08	4-B2R08.mzML
288	2	312.154296875	1	312.154296875	0.0	193.529	2	0	0	0	0	1	0	1	0	0	0	0	0	0	0	0	0	1	0	1	0	0	0	0	0	0	G1	Shewanella_B2R08,Colwellia_C2M19	4-B2R08.mzML,6-C2M19.mzML
289	9	316.2120344373913	1	316.2120344373913	0.0	431.0604444444445	9	0	2	0	0	3	0	1	0	0	0	3	0	0	2	0	0	3	0	1	0	0	0	3	0	0	G1	Vibrio_1A01,Shewanella_B2R08,Colwellia_C2M19,Arenibacter_D3M17	1-1A01.mzML,4-B2R08.mzML,6-C2M19.mzML,10-D3M17.mzML
290	23	317.1809365092843	1	317.1809365092843	0.0	254.19069565217396	23	0	0	0	6	0	5	0	0	6	6	0	0	0	0	0	6	0	5	0	0	6	6	0	0	0	G1	Phaeobacter_B2R04,Roseovarius_B2R09,Salipiger_C3M06,Acinetobacter_D3M06	3-B2R04.mzML,5-B2R09.mzML,8-C3M06.mzML,9-D3M06.mzML
291	15	318.12916259765643	1	318.1291625976564	0.0	413.8184	14	1	0	0	2	0	4	0	4	2	2	0	0	0	0	0	2	0	4	0	4	2	2	0	0	1	G1,G2	Phaeobacter_B2R04,Roseovarius_B2R09,Paracoccus_C2R07,Salipiger_C3M06,Acinetobacter_D3M06	3-B2R04.mzML,5-B2R09.mzML,7-C2R07_2.mzML,8-C3M06.mzML,9-D3M06.mzML,bkgrnd-marine-broth.mzML
292	4	320.159744262695	1	320.159744262695	0.0	445.2375	4	0	0	0	0	0	0	0	0	0	0	4	0	0	0	0	0	0	0	0	0	0	0	4	0	0	G1	Arenibacter_D3M17	10-D3M17.mzML
293	8	327.2010726928713	1	327.2010726928713	0.0	431.75525	8	0	1	1	0	3	0	2	0	0	0	1	0	0	1	1	0	3	0	2	0	0	0	1	0	0	G1	Vibrio_1A01,Vibrio_6D03,Shewanella_B2R08,Colwellia_C2M19,Arenibacter_D3M17	1-1A01.mzML,2-6D03.mzML,4-B2R08.mzML,6-C2M19.mzML,10-D3M17.mzML
294	1956	328.26929716805745	1	328.2692971680568	0.0	558.3458087934561	1753	203	208	153	153	156	157	146	153	152	158	157	160	0	208	153	153	156	157	146	153	152	158	157	160	203	G1,G2	Vibrio_1A01,Vibrio_6D03,Phaeobacter_B2R04,Shewanella_B2R08,Roseovarius_B2R09,Colwellia_C2M19,Paracoccus_C2R07,Salipiger_C3M06,Acinetobacter_D3M06,Arenibacter_D3M17,Motilimonas_G1M02	1-1A01.mzML,2-6D03.mzML,3-B2R04.mzML,4-B2R08.mzML,5-B2R09.mzML,6-C2M19.mzML,7-C2R07_2.mzML,8-C3M06.mzML,9-D3M06.mzML,10-D3M17.mzML,11-G1M02.mzML,bkgrnd-marine-broth.mzML
295	2	328.268135541751	1	328.268135541751	0.0	520.286	2	0	0	0	0	1	1	0	0	0	0	0	0	0	0	0	0	1	1	0	0	0	0	0	0	0	G1	Shewanella_B2R08,Roseovarius_B2R09	4-B2R08.mzML,5-B2R09.mzML
296	2	328.268290259786	1	328.268290259786	0.0	509.3475	2	0	0	0	0	0	0	0	0	1	1	0	0	0	0	0	0	0	0	0	0	1	1	0	0	0	G1	Salipiger_C3M06,Acinetobacter_D3M06	8-C3M06.mzML,9-D3M06.mzML
297	2	328.2708063895385	1	328.2708063895385	0.0	535.1745	1	1	0	0	0	0	0	0	0	0	0	0	1	0	0	0	0	0	0	0	0	0	0	0	1	1	G1,G2	Motilimonas_G1M02	11-G1M02.mzML,bkgrnd-marine-broth.mzML
298	2	329.181060791016	1	329.181060791016	0.0	208.3985	2	0	0	0	0	0	0	0	0	0	2	0	0	0	0	0	0	0	0	0	0	0	2	0	0	0	G1	Acinetobacter_D3M06	9-D3M06.mzML
299	640	329.27061824798574	1	329.2706182479878	0.0	473.0569721354167	640	0	0	60	60	66	66	64	66	66	66	66	60	0	0	60	60	66	66	64	66	66	66	66	60	0	G1	Vibrio_6D03,Phaeobacter_B2R04,Shewanella_B2R08,Roseovarius_B2R09,Colwellia_C2M19,Paracoccus_C2R07,Salipiger_C3M06,Acinetobacter_D3M06,Arenibacter_D3M17,Motilimonas_G1M02	2-6D03.mzML,3-B2R04.mzML,4-B2R08.mzML,5-B2R09.mzML,6-C2M19.mzML,7-C2R07_2.mzML,8-C3M06.mzML,9-D3M06.mzML,10-D3M17.mzML,11-G1M02.mzML
300	30	331.1973124186198	1	331.1973124186198	0.0	285.91713333333337	24	6	0	0	6	0	6	0	0	6	6	0	0	0	0	0	6	0	6	0	0	6	6	0	0	6	G1,G2	Phaeobacter_B2R04,Roseovarius_B2R09,Salipiger_C3M06,Acinetobacter_D3M06	3-B2R04.mzML,5-B2R09.mzML,8-C3M06.mzML,9-D3M06.mzML,bkgrnd-marine-broth.mzML
301	72	332.3313496907554	1	332.3313496907551	0.0	709.5763333333332	72	0	0	6	6	12	6	6	6	12	6	6	6	0	0	6	6	12	6	6	6	12	6	6	6	0	G1	Vibrio_6D03,Phaeobacter_B2R04,Shewanella_B2R08,Roseovarius_B2R09,Colwellia_C2M19,Paracoccus_C2R07,Salipiger_C3M06,Acinetobacter_D3M06,Arenibacter_D3M17,Motilimonas_G1M02	2-6D03.mzML,3-B2R04.mzML,4-B2R08.mzML,5-B2R09.mzML,6-C2M19.mzML,7-C2R07_2.mzML,8-C3M06.mzML,9-D3M06.mzML,10-D3M17.mzML,11-G1M02.mzML
302	14	332.3370012555806	1	332.3370012555806	0.0	718.1759999999999	8	6	6	0	0	0	0	0	0	2	0	0	0	0	6	0	0	0	0	0	0	2	0	0	0	6	G1,G2	Vibrio_1A01,Salipiger_C3M06	1-1A01.mzML,8-C3M06.mzML,bkgrnd-marine-broth.mzML
303	6	333.335652669271	1	333.335652669271	0.0	713.0939999999999	6	0	0	0	0	0	0	0	0	6	0	0	0	0	0	0	0	0	0	0	0	6	0	0	0	0	G1	Salipiger_C3M06	8-C3M06.mzML
304	71	335.2803275954556	1	335.2803275954555	0.0	828.3847887323943	65	6	6	6	6	6	6	6	6	6	6	6	5	0	6	6	6	6	6	6	6	6	6	6	5	6	G1,G2	Vibrio_1A01,Vibrio_6D03,Phaeobacter_B2R04,Shewanella_B2R08,Roseovarius_B2R09,Colwellia_C2M19,Paracoccus_C2R07,Salipiger_C3M06,Acinetobacter_D3M06,Arenibacter_D3M17,Motilimonas_G1M02	1-1A01.mzML,2-6D03.mzML,3-B2R04.mzML,4-B2R08.mzML,5-B2R09.mzML,6-C2M19.mzML,7-C2R07_2.mzML,8-C3M06.mzML,9-D3M06.mzML,10-D3M17.mzML,11-G1M02.mzML,bkgrnd-marine-broth.mzML
305	6	336.15453084309905	1	336.15453084309905	0.0	389.4453333333333	6	0	0	0	0	0	0	0	6	0	0	0	0	0	0	0	0	0	0	0	6	0	0	0	0	0	G1	Paracoccus_C2R07	7-C2R07_2.mzML
306	2	343.196228027344	1	343.196228027344	0.0	276.5815	2	0	0	0	0	0	2	0	0	0	0	0	0	0	0	0	0	0	2	0	0	0	0	0	0	0	G1	Roseovarius_B2R09	5-B2R09.mzML
307	44	344.22773950750184	1	344.22773950750184	0.0	432.1523409090909	42	2	3	6	1	6	4	5	5	2	2	4	4	0	3	6	1	6	4	5	5	2	2	4	4	2	G1,G2	Vibrio_1A01,Vibrio_6D03,Phaeobacter_B2R04,Shewanella_B2R08,Roseovarius_B2R09,Colwellia_C2M19,Paracoccus_C2R07,Salipiger_C3M06,Acinetobacter_D3M06,Arenibacter_D3M17,Motilimonas_G1M02	1-1A01.mzML,2-6D03.mzML,3-B2R04.mzML,4-B2R08.mzML,5-B2R09.mzML,6-C2M19.mzML,7-C2R07_2.mzML,8-C3M06.mzML,9-D3M06.mzML,10-D3M17.mzML,11-G1M02.mzML,bkgrnd-marine-broth.mzML
308	2	345.248825073242	1	345.248825073242	0.0	486.86	2	0	0	0	2	0	0	0	0	0	0	0	0	0	0	0	2	0	0	0	0	0	0	0	0	0	G1	Phaeobacter_B2R04	3-B2R04.mzML
309	1085	346.27714913286155	1	346.2771491328648	0.0	619.743587250384	1057	28	29	96	101	101	101	100	99	108	108	107	107	0	29	96	101	101	101	100	99	108	108	107	107	28	G1,G2	Vibrio_1A01,Vibrio_6D03,Phaeobacter_B2R04,Shewanella_B2R08,Roseovarius_B2R09,Colwellia_C2M19,Paracoccus_C2R07,Salipiger_C3M06,Acinetobacter_D3M06,Arenibacter_D3M17,Motilimonas_G1M02	1-1A01.mzML,2-6D03.mzML,3-B2R04.mzML,4-B2R08.mzML,5-B2R09.mzML,6-C2M19.mzML,7-C2R07_2.mzML,8-C3M06.mzML,9-D3M06.mzML,10-D3M17.mzML,11-G1M02.mzML,bkgrnd-marine-broth.mzML
310	2	346.277022251636	1	346.277022251636	0.0	760.0894999999999	2	0	0	0	0	0	0	0	1	0	0	0	1	0	0	0	0	0	0	0	1	0	0	0	1	0	G1	Paracoccus_C2R07,Motilimonas_G1M02	7-C2R07_2.mzML,11-G1M02.mzML
311	4	351.21145629882847	1	351.21145629882847	0.0	421.747	4	0	0	0	0	2	0	2	0	0	0	0	0	0	0	0	0	2	0	2	0	0	0	0	0	0	G1	Shewanella_B2R08,Colwellia_C2M19	4-B2R08.mzML,6-C2M19.mzML
312	72	352.307147555881	1	352.3071475558808	0.0	827.0774722222224	66	6	6	6	6	6	6	6	6	6	6	6	6	0	6	6	6	6	6	6	6	6	6	6	6	6	G1,G2	Vibrio_1A01,Vibrio_6D03,Phaeobacter_B2R04,Shewanella_B2R08,Roseovarius_B2R09,Colwellia_C2M19,Paracoccus_C2R07,Salipiger_C3M06,Acinetobacter_D3M06,Arenibacter_D3M17,Motilimonas_G1M02	1-1A01.mzML,2-6D03.mzML,3-B2R04.mzML,4-B2R08.mzML,5-B2R09.mzML,6-C2M19.mzML,7-C2R07_2.mzML,8-C3M06.mzML,9-D3M06.mzML,10-D3M17.mzML,11-G1M02.mzML,bkgrnd-marine-broth.mzML
313	50	355.2635171508788	1	355.2635171508788	0.0	618.73084	47	3	1	6	6	6	6	5	6	6	2	3	0	0	1	6	6	6	6	5	6	6	2	3	0	3	G1,G2	Vibrio_1A01,Vibrio_6D03,Phaeobacter_B2R04,Shewanella_B2R08,Roseovarius_B2R09,Colwellia_C2M19,Paracoccus_C2R07,Salipiger_C3M06,Acinetobacter_D3M06,Arenibacter_D3M17	1-1A01.mzML,2-6D03.mzML,3-B2R04.mzML,4-B2R08.mzML,5-B2R09.mzML,6-C2M19.mzML,7-C2R07_2.mzML,8-C3M06.mzML,9-D3M06.mzML,10-D3M17.mzML,bkgrnd-marine-broth.mzML
314	4	355.263631184896	1	355.263631184896	0.0	618.8172500000001	4	0	0	0	0	0	0	0	0	0	4	0	0	0	0	0	0	0	0	0	0	0	4	0	0	0	G1	Acinetobacter_D3M06	9-D3M06.mzML
315	2	357.211395263672	1	357.211395263672	0.0	393.64900000000006	2	0	0	0	2	0	0	0	0	0	0	0	0	0	0	0	2	0	0	0	0	0	0	0	0	0	G1	Phaeobacter_B2R04	3-B2R04.mzML
316	61	358.24085823434297	1	358.24085823434297	0.0	614.2833278688523	61	0	0	4	8	9	8	8	7	6	2	6	3	0	0	4	8	9	8	8	7	6	2	6	3	0	G1	Vibrio_6D03,Phaeobacter_B2R04,Shewanella_B2R08,Roseovarius_B2R09,Colwellia_C2M19,Paracoccus_C2R07,Salipiger_C3M06,Acinetobacter_D3M06,Arenibacter_D3M17,Motilimonas_G1M02	2-6D03.mzML,3-B2R04.mzML,4-B2R08.mzML,5-B2R09.mzML,6-C2M19.mzML,7-C2R07_2.mzML,8-C3M06.mzML,9-D3M06.mzML,10-D3M17.mzML,11-G1M02.mzML
317	43	358.240930601608	1	358.2409306016081	0.0	608.6682325581395	43	0	0	6	4	3	4	4	5	6	4	4	3	0	0	6	4	3	4	4	5	6	4	4	3	0	G1	Vibrio_6D03,Phaeobacter_B2R04,Shewanella_B2R08,Roseovarius_B2R09,Colwellia_C2M19,Paracoccus_C2R07,Salipiger_C3M06,Acinetobacter_D3M06,Arenibacter_D3M17,Motilimonas_G1M02	2-6D03.mzML,3-B2R04.mzML,4-B2R08.mzML,5-B2R09.mzML,6-C2M19.mzML,7-C2R07_2.mzML,8-C3M06.mzML,9-D3M06.mzML,10-D3M17.mzML,11-G1M02.mzML
318	84	359.19211687360485	1	359.19211687360485	0.0	263.9874047619048	72	12	0	0	18	0	12	0	12	12	12	0	6	0	0	0	18	0	12	0	12	12	12	0	6	12	G1,G2	Phaeobacter_B2R04,Roseovarius_B2R09,Paracoccus_C2R07,Salipiger_C3M06,Acinetobacter_D3M06,Motilimonas_G1M02	3-B2R04.mzML,5-B2R09.mzML,7-C2R07_2.mzML,8-C3M06.mzML,9-D3M06.mzML,11-G1M02.mzML,bkgrnd-marine-broth.mzML
319	16	359.28984451293974	1	359.2898445129398	0.0	837.9795625000002	16	0	0	4	0	4	2	2	2	0	2	0	0	0	0	4	0	4	2	2	2	0	2	0	0	0	G1	Vibrio_6D03,Shewanella_B2R08,Roseovarius_B2R09,Colwellia_C2M19,Paracoccus_C2R07,Acinetobacter_D3M06	2-6D03.mzML,4-B2R08.mzML,5-B2R09.mzML,6-C2M19.mzML,7-C2R07_2.mzML,9-D3M06.mzML
320	38	360.3626596551191	1	360.3626596551189	0.0	787.094947368421	38	0	2	4	6	6	0	2	2	6	6	4	0	0	2	4	6	6	0	2	2	6	6	4	0	0	G1	Vibrio_1A01,Vibrio_6D03,Phaeobacter_B2R04,Shewanella_B2R08,Colwellia_C2M19,Paracoccus_C2R07,Salipiger_C3M06,Acinetobacter_D3M06,Arenibacter_D3M17	1-1A01.mzML,2-6D03.mzML,3-B2R04.mzML,4-B2R08.mzML,6-C2M19.mzML,7-C2R07_2.mzML,8-C3M06.mzML,9-D3M06.mzML,10-D3M17.mzML
321	6	362.92556762695307	1	362.92556762695307	0.0	134.6308333333333	6	0	0	0	0	0	0	0	0	0	0	0	6	0	0	0	0	0	0	0	0	0	0	0	6	0	G1	Motilimonas_G1M02	11-G1M02.mzML
322	5	370.295084635417	1	370.295084635417	0.0	961.8628	5	0	0	0	0	0	0	0	5	0	0	0	0	0	0	0	0	0	0	0	5	0	0	0	0	0	G1	Paracoccus_C2R07	7-C2R07_2.mzML
323	6	371.154459635417	1	371.154459635417	0.0	221.4526666666667	6	0	0	0	0	0	0	0	0	0	0	6	0	0	0	0	0	0	0	0	0	0	0	6	0	0	G1	Arenibacter_D3M17	10-D3M17.mzML
324	7	371.2268502371653	1	371.2268502371653	0.0	440.8080000000001	7	0	0	0	2	0	0	0	2	2	0	0	1	0	0	0	2	0	0	0	2	2	0	0	1	0	G1	Phaeobacter_B2R04,Paracoccus_C2R07,Salipiger_C3M06,Motilimonas_G1M02	3-B2R04.mzML,7-C2R07_2.mzML,8-C3M06.mzML,11-G1M02.mzML
325	13	371.22789353590775	1	371.22789353590775	0.0	439.2043076923077	13	0	3	1	0	4	0	2	0	0	0	3	0	0	3	1	0	4	0	2	0	0	0	3	0	0	G1	Vibrio_1A01,Vibrio_6D03,Shewanella_B2R08,Colwellia_C2M19,Arenibacter_D3M17	1-1A01.mzML,2-6D03.mzML,4-B2R08.mzML,6-C2M19.mzML,10-D3M17.mzML
326	4	371.227935791016	1	371.227935791016	0.0	423.0465	4	0	0	0	0	0	0	0	0	2	2	0	0	0	0	0	0	0	0	0	0	2	2	0	0	0	G1	Salipiger_C3M06,Acinetobacter_D3M06	8-C3M06.mzML,9-D3M06.mzML
327	25	373.2747123209634	1	373.2747123209634	0.0	616.4917600000001	23	2	2	2	3	2	3	2	2	2	3	2	0	0	2	2	3	2	3	2	2	2	3	2	0	2	G1,G2	Vibrio_1A01,Vibrio_6D03,Phaeobacter_B2R04,Shewanella_B2R08,Roseovarius_B2R09,Colwellia_C2M19,Paracoccus_C2R07,Salipiger_C3M06,Acinetobacter_D3M06,Arenibacter_D3M17	1-1A01.mzML,2-6D03.mzML,3-B2R04.mzML,4-B2R08.mzML,5-B2R09.mzML,6-C2M19.mzML,7-C2R07_2.mzML,8-C3M06.mzML,9-D3M06.mzML,10-D3M17.mzML,bkgrnd-marine-broth.mzML
328	9	373.2737664116751	1	373.2737664116751	0.0	617.4266666666667	9	0	0	1	1	0	1	1	1	1	1	2	0	0	0	1	1	0	1	1	1	1	1	2	0	0	G1	Vibrio_6D03,Phaeobacter_B2R04,Roseovarius_B2R09,Colwellia_C2M19,Paracoccus_C2R07,Salipiger_C3M06,Acinetobacter_D3M06,Arenibacter_D3M17	2-6D03.mzML,3-B2R04.mzML,5-B2R09.mzML,6-C2M19.mzML,7-C2R07_2.mzML,8-C3M06.mzML,9-D3M06.mzML,10-D3M17.mzML
329	68	379.3061900419347	1	379.3061900419348	0.0	820.8349411764706	62	6	6	6	6	6	6	6	6	6	6	6	2	0	6	6	6	6	6	6	6	6	6	6	2	6	G1,G2	Vibrio_1A01,Vibrio_6D03,Phaeobacter_B2R04,Shewanella_B2R08,Roseovarius_B2R09,Colwellia_C2M19,Paracoccus_C2R07,Salipiger_C3M06,Acinetobacter_D3M06,Arenibacter_D3M17,Motilimonas_G1M02	1-1A01.mzML,2-6D03.mzML,3-B2R04.mzML,4-B2R08.mzML,5-B2R09.mzML,6-C2M19.mzML,7-C2R07_2.mzML,8-C3M06.mzML,9-D3M06.mzML,10-D3M17.mzML,11-G1M02.mzML,bkgrnd-marine-broth.mzML
330	2	383.228668212891	1	383.228668212891	0.0	424.405	2	0	0	0	0	0	0	0	0	2	0	0	0	0	0	0	0	0	0	0	0	2	0	0	0	0	G1	Salipiger_C3M06	8-C3M06.mzML
331	10	385.2446411132811	1	385.2446411132811	0.0	446.0136	8	2	0	0	2	0	2	0	0	2	2	0	0	0	0	0	2	0	2	0	0	2	2	0	0	2	G1,G2	Phaeobacter_B2R04,Roseovarius_B2R09,Salipiger_C3M06,Acinetobacter_D3M06	3-B2R04.mzML,5-B2R09.mzML,8-C3M06.mzML,9-D3M06.mzML,bkgrnd-marine-broth.mzML
332	56	388.25452232360834	1	388.2545223236087	0.0	439.0889285714286	53	3	6	6	4	6	4	6	4	4	3	5	5	0	6	6	4	6	4	6	4	4	3	5	5	3	G1,G2	Vibrio_1A01,Vibrio_6D03,Phaeobacter_B2R04,Shewanella_B2R08,Roseovarius_B2R09,Colwellia_C2M19,Paracoccus_C2R07,Salipiger_C3M06,Acinetobacter_D3M06,Arenibacter_D3M17,Motilimonas_G1M02	1-1A01.mzML,2-6D03.mzML,3-B2R04.mzML,4-B2R08.mzML,5-B2R09.mzML,6-C2M19.mzML,7-C2R07_2.mzML,8-C3M06.mzML,9-D3M06.mzML,10-D3M17.mzML,11-G1M02.mzML,bkgrnd-marine-broth.mzML
333	52	392.1803471491887	1	392.1803471491888	0.0	278.82992307692314	52	0	0	0	6	6	6	6	6	6	6	6	4	0	0	0	6	6	6	6	6	6	6	6	4	0	G1	Phaeobacter_B2R04,Shewanella_B2R08,Roseovarius_B2R09,Colwellia_C2M19,Paracoccus_C2R07,Salipiger_C3M06,Acinetobacter_D3M06,Arenibacter_D3M17,Motilimonas_G1M02	3-B2R04.mzML,4-B2R08.mzML,5-B2R09.mzML,6-C2M19.mzML,7-C2R07_2.mzML,8-C3M06.mzML,9-D3M06.mzML,10-D3M17.mzML,11-G1M02.mzML
334	6	393.176005045573	1	393.176005045573	0.0	415.6446666666668	6	0	0	0	4	0	0	0	2	0	0	0	0	0	0	0	4	0	0	0	2	0	0	0	0	0	G1	Phaeobacter_B2R04,Paracoccus_C2R07	3-B2R04.mzML,7-C2R07_2.mzML
335	5	393.2086181640624	1	393.2086181640624	0.0	438.8108	5	0	0	1	0	1	0	1	0	0	1	1	0	0	0	1	0	1	0	1	0	0	1	1	0	0	G1	Vibrio_6D03,Shewanella_B2R08,Colwellia_C2M19,Acinetobacter_D3M06,Arenibacter_D3M17	2-6D03.mzML,4-B2R08.mzML,6-C2M19.mzML,9-D3M06.mzML,10-D3M17.mzML
336	8	393.20854759216286	1	393.20854759216286	0.0	438.597875	8	0	0	2	0	2	0	2	1	0	0	1	0	0	0	2	0	2	0	2	1	0	0	1	0	0	G1	Vibrio_6D03,Shewanella_B2R08,Colwellia_C2M19,Paracoccus_C2R07,Arenibacter_D3M17	2-6D03.mzML,4-B2R08.mzML,6-C2M19.mzML,7-C2R07_2.mzML,10-D3M17.mzML
337	3	393.208511352539	1	393.208511352539	0.0	439.8913333333333	3	0	0	0	1	0	0	1	0	1	0	0	0	0	0	0	1	0	0	1	0	1	0	0	0	0	G1	Phaeobacter_B2R04,Colwellia_C2M19,Salipiger_C3M06	3-B2R04.mzML,6-C2M19.mzML,8-C3M06.mzML
338	4	395.2379913330075	1	395.2379913330075	0.0	432.99225	4	0	0	0	0	2	0	2	0	0	0	0	0	0	0	0	0	2	0	2	0	0	0	0	0	0	G1	Shewanella_B2R08,Colwellia_C2M19	4-B2R08.mzML,6-C2M19.mzML
339	72	396.33476003011066	1	396.3347600301106	0.0	818.497375	66	6	6	6	6	6	6	6	6	6	6	6	6	0	6	6	6	6	6	6	6	6	6	6	6	6	G1,G2	Vibrio_1A01,Vibrio_6D03,Phaeobacter_B2R04,Shewanella_B2R08,Roseovarius_B2R09,Colwellia_C2M19,Paracoccus_C2R07,Salipiger_C3M06,Acinetobacter_D3M06,Arenibacter_D3M17,Motilimonas_G1M02	1-1A01.mzML,2-6D03.mzML,3-B2R04.mzML,4-B2R08.mzML,5-B2R09.mzML,6-C2M19.mzML,7-C2R07_2.mzML,8-C3M06.mzML,9-D3M06.mzML,10-D3M17.mzML,11-G1M02.mzML,bkgrnd-marine-broth.mzML
340	6	398.326232910156	1	398.326232910156	0.0	17.934250000000002	6	0	0	0	0	0	0	0	6	0	0	0	0	0	0	0	0	0	0	0	6	0	0	0	0	0	G1	Paracoccus_C2R07	7-C2R07_2.mzML
341	20	401.2895843505861	1	401.2895843505861	0.0	819.3913	18	2	2	1	2	2	2	2	2	2	2	1	0	0	2	1	2	2	2	2	2	2	2	1	0	2	G1,G2	Vibrio_1A01,Vibrio_6D03,Phaeobacter_B2R04,Shewanella_B2R08,Roseovarius_B2R09,Colwellia_C2M19,Paracoccus_C2R07,Salipiger_C3M06,Acinetobacter_D3M06,Arenibacter_D3M17	1-1A01.mzML,2-6D03.mzML,3-B2R04.mzML,4-B2R08.mzML,5-B2R09.mzML,6-C2M19.mzML,7-C2R07_2.mzML,8-C3M06.mzML,9-D3M06.mzML,10-D3M17.mzML,bkgrnd-marine-broth.mzML
342	3	401.289476182726	1	401.289476182726	0.0	821.2456666666666	3	0	0	1	0	1	0	0	0	0	0	1	0	0	0	1	0	1	0	0	0	0	0	1	0	0	G1	Vibrio_6D03,Shewanella_B2R08,Arenibacter_D3M17	2-6D03.mzML,4-B2R08.mzML,10-D3M17.mzML
343	2	401.2903238932295	1	401.2903238932295	0.0	821.8634999999999	2	0	0	1	0	1	0	0	0	0	0	0	0	0	0	1	0	1	0	0	0	0	0	0	0	0	G1	Vibrio_6D03,Shewanella_B2R08	2-6D03.mzML,4-B2R08.mzML
344	9	403.31761112919565	1	403.3176111291957	0.0	828.3366666666666	8	1	1	0	0	0	0	0	0	1	0	0	6	0	1	0	0	0	0	0	0	1	0	0	6	1	G1,G2	Vibrio_1A01,Salipiger_C3M06,Motilimonas_G1M02	1-1A01.mzML,8-C3M06.mzML,11-G1M02.mzML,bkgrnd-marine-broth.mzML
345	3	407.2123718261721	1	407.2123718261721	0.0	355.1233333333333	3	0	0	0	0	0	3	0	0	0	0	0	0	0	0	0	0	0	3	0	0	0	0	0	0	0	G1	Roseovarius_B2R09	5-B2R09.mzML
346	2	413.348892211914	1	413.348892211914	0.0	635.8209999999999	2	0	0	0	0	0	0	0	0	0	2	0	0	0	0	0	0	0	0	0	0	0	2	0	0	0	G1	Acinetobacter_D3M06	9-D3M06.mzML
347	27	414.2333374023437	1	414.2333374023437	0.0	384.3458148148148	27	0	0	0	8	0	6	0	1	6	6	0	0	0	0	0	8	0	6	0	1	6	6	0	0	0	G1	Phaeobacter_B2R04,Roseovarius_B2R09,Paracoccus_C2R07,Salipiger_C3M06,Acinetobacter_D3M06	3-B2R04.mzML,5-B2R09.mzML,7-C2R07_2.mzML,8-C3M06.mzML,9-D3M06.mzML
348	8	415.21086120605503	1	415.21086120605503	0.0	731.0982499999999	8	0	0	0	0	0	0	0	2	4	0	2	0	0	0	0	0	0	0	0	2	4	0	2	0	0	G1	Paracoccus_C2R07,Salipiger_C3M06,Arenibacter_D3M17	7-C2R07_2.mzML,8-C3M06.mzML,10-D3M17.mzML
349	23	415.2538370325947	1	415.2538370325947	0.0	445.0432608695652	22	1	3	2	1	2	2	2	2	2	2	4	0	0	3	2	1	2	2	2	2	2	2	4	0	1	G1,G2	Vibrio_1A01,Vibrio_6D03,Phaeobacter_B2R04,Shewanella_B2R08,Roseovarius_B2R09,Colwellia_C2M19,Paracoccus_C2R07,Salipiger_C3M06,Acinetobacter_D3M06,Arenibacter_D3M17	1-1A01.mzML,2-6D03.mzML,3-B2R04.mzML,4-B2R08.mzML,5-B2R09.mzML,6-C2M19.mzML,7-C2R07_2.mzML,8-C3M06.mzML,9-D3M06.mzML,10-D3M17.mzML,bkgrnd-marine-broth.mzML
350	2	415.252705891927	1	415.252705891927	0.0	435.267	2	0	0	0	0	2	0	0	0	0	0	0	0	0	0	0	0	2	0	0	0	0	0	0	0	0	G1	Shewanella_B2R08	4-B2R08.mzML
351	6	416.336588541667	1	416.336588541667	0.0	17.21930555555555	6	0	0	0	0	0	0	0	6	0	0	0	0	0	0	0	0	0	0	0	6	0	0	0	0	0	G1	Paracoccus_C2R07	7-C2R07_2.mzML
352	4	417.203094482422	1	417.203094482422	0.0	419.83475	4	0	4	0	0	0	0	0	0	0	0	0	0	0	4	0	0	0	0	0	0	0	0	0	0	0	G1	Vibrio_1A01	1-1A01.mzML
353	12	419.2288258870445	1	419.2288258870445	0.0	458.2525833333333	10	2	0	0	2	0	2	0	0	2	4	0	0	0	0	0	2	0	2	0	0	2	4	0	0	2	G1,G2	Phaeobacter_B2R04,Roseovarius_B2R09,Salipiger_C3M06,Acinetobacter_D3M06	3-B2R04.mzML,5-B2R09.mzML,8-C3M06.mzML,9-D3M06.mzML,bkgrnd-marine-broth.mzML
354	66	423.3326147830846	1	423.33261478308486	0.0	813.9292878787878	60	6	6	6	6	6	6	6	6	6	6	6	0	0	6	6	6	6	6	6	6	6	6	6	0	6	G1,G2	Vibrio_1A01,Vibrio_6D03,Phaeobacter_B2R04,Shewanella_B2R08,Roseovarius_B2R09,Colwellia_C2M19,Paracoccus_C2R07,Salipiger_C3M06,Acinetobacter_D3M06,Arenibacter_D3M17	1-1A01.mzML,2-6D03.mzML,3-B2R04.mzML,4-B2R08.mzML,5-B2R09.mzML,6-C2M19.mzML,7-C2R07_2.mzML,8-C3M06.mzML,9-D3M06.mzML,10-D3M17.mzML,bkgrnd-marine-broth.mzML
355	6	426.233032226563	1	426.233032226563	0.0	402.3528333333333	6	0	0	0	0	6	0	0	0	0	0	0	0	0	0	0	0	6	0	0	0	0	0	0	0	0	G1	Shewanella_B2R08	4-B2R08.mzML
356	28	426.3215767996653	1	426.32157679966537	0.0	617.7226785714286	28	0	2	3	3	3	3	3	3	3	3	2	0	0	2	3	3	3	3	3	3	3	3	2	0	0	G1	Vibrio_1A01,Vibrio_6D03,Phaeobacter_B2R04,Shewanella_B2R08,Roseovarius_B2R09,Colwellia_C2M19,Paracoccus_C2R07,Salipiger_C3M06,Acinetobacter_D3M06,Arenibacter_D3M17	1-1A01.mzML,2-6D03.mzML,3-B2R04.mzML,4-B2R08.mzML,5-B2R09.mzML,6-C2M19.mzML,7-C2R07_2.mzML,8-C3M06.mzML,9-D3M06.mzML,10-D3M17.mzML
357	11	426.32111150568176	1	426.32111150568176	0.0	617.1342727272727	11	0	0	1	2	1	1	2	0	0	3	1	0	0	0	1	2	1	1	2	0	0	3	1	0	0	G1	Vibrio_6D03,Phaeobacter_B2R04,Shewanella_B2R08,Roseovarius_B2R09,Colwellia_C2M19,Acinetobacter_D3M06,Arenibacter_D3M17	2-6D03.mzML,3-B2R04.mzML,4-B2R08.mzML,5-B2R09.mzML,6-C2M19.mzML,9-D3M06.mzML,10-D3M17.mzML
358	8	427.2289123535155	1	427.2289123535156	0.0	409.67325	8	0	0	0	2	0	2	0	0	2	0	0	2	0	0	0	2	0	2	0	0	2	0	0	2	0	G1	Phaeobacter_B2R04,Roseovarius_B2R09,Salipiger_C3M06,Motilimonas_G1M02	3-B2R04.mzML,5-B2R09.mzML,8-C3M06.mzML,11-G1M02.mzML
359	24	428.2502466837565	1	428.2502466837566	0.0	424.3963333333333	20	4	0	0	4	0	4	0	0	4	4	0	4	0	0	0	4	0	4	0	0	4	4	0	4	4	G1,G2	Phaeobacter_B2R04,Roseovarius_B2R09,Salipiger_C3M06,Acinetobacter_D3M06,Motilimonas_G1M02	3-B2R04.mzML,5-B2R09.mzML,8-C3M06.mzML,9-D3M06.mzML,11-G1M02.mzML,bkgrnd-marine-broth.mzML
360	32	430.2294769287109	1	430.2294769287108	0.0	415.1448125	26	6	0	0	4	0	4	0	2	4	4	2	6	0	0	0	4	0	4	0	2	4	4	2	6	6	G1,G2	Phaeobacter_B2R04,Roseovarius_B2R09,Paracoccus_C2R07,Salipiger_C3M06,Acinetobacter_D3M06,Arenibacter_D3M17,Motilimonas_G1M02	3-B2R04.mzML,5-B2R09.mzML,7-C2R07_2.mzML,8-C3M06.mzML,9-D3M06.mzML,10-D3M17.mzML,11-G1M02.mzML,bkgrnd-marine-broth.mzML
361	23	430.2434369515684	1	430.2434369515682	0.0	471.1918260869566	23	0	2	2	3	2	3	2	2	2	3	2	0	0	2	2	3	2	3	2	2	2	3	2	0	0	G1	Vibrio_1A01,Vibrio_6D03,Phaeobacter_B2R04,Shewanella_B2R08,Roseovarius_B2R09,Colwellia_C2M19,Paracoccus_C2R07,Salipiger_C3M06,Acinetobacter_D3M06,Arenibacter_D3M17	1-1A01.mzML,2-6D03.mzML,3-B2R04.mzML,4-B2R08.mzML,5-B2R09.mzML,6-C2M19.mzML,7-C2R07_2.mzML,8-C3M06.mzML,9-D3M06.mzML,10-D3M17.mzML
362	24	430.2434255811904	1	430.2434255811904	0.0	471.4784166666667	24	0	2	3	3	3	2	2	2	2	3	2	0	0	2	3	3	3	2	2	2	2	3	2	0	0	G1	Vibrio_1A01,Vibrio_6D03,Phaeobacter_B2R04,Shewanella_B2R08,Roseovarius_B2R09,Colwellia_C2M19,Paracoccus_C2R07,Salipiger_C3M06,Acinetobacter_D3M06,Arenibacter_D3M17	1-1A01.mzML,2-6D03.mzML,3-B2R04.mzML,4-B2R08.mzML,5-B2R09.mzML,6-C2M19.mzML,7-C2R07_2.mzML,8-C3M06.mzML,9-D3M06.mzML,10-D3M17.mzML
363	2	430.29499816894497	1	430.29499816894497	0.0	551.4334999999999	2	0	0	1	0	0	0	0	0	0	0	1	0	0	0	1	0	0	0	0	0	0	0	1	0	0	G1	Vibrio_6D03,Arenibacter_D3M17	2-6D03.mzML,10-D3M17.mzML
364	6	430.91259765625	1	430.91259765625	0.0	132.76016666666666	6	0	0	0	0	0	0	0	0	0	0	0	6	0	0	0	0	0	0	0	0	0	0	0	6	0	G1	Motilimonas_G1M02	11-G1M02.mzML
365	12	431.20654296875006	1	431.20654296875006	0.0	535.9885	12	0	6	6	0	0	0	0	0	0	0	0	0	0	6	6	0	0	0	0	0	0	0	0	0	0	G1	Vibrio_1A01,Vibrio_6D03	1-1A01.mzML,2-6D03.mzML
366	4	431.248886108398	1	431.248886108398	0.0	414.62299999999993	4	0	0	0	0	0	0	4	0	0	0	0	0	0	0	0	0	0	0	4	0	0	0	0	0	0	G1	Colwellia_C2M19	6-C2M19.mzML
367	67	432.2811311180911	1	432.281131118091	0.0	444.5867462686567	63	4	6	6	6	6	5	6	6	6	4	6	6	0	6	6	6	6	5	6	6	6	4	6	6	4	G1,G2	Vibrio_1A01,Vibrio_6D03,Phaeobacter_B2R04,Shewanella_B2R08,Roseovarius_B2R09,Colwellia_C2M19,Paracoccus_C2R07,Salipiger_C3M06,Acinetobacter_D3M06,Arenibacter_D3M17,Motilimonas_G1M02	1-1A01.mzML,2-6D03.mzML,3-B2R04.mzML,4-B2R08.mzML,5-B2R09.mzML,6-C2M19.mzML,7-C2R07_2.mzML,8-C3M06.mzML,9-D3M06.mzML,10-D3M17.mzML,11-G1M02.mzML,bkgrnd-marine-broth.mzML
368	4	433.24365234375	1	433.24365234375	0.0	467.07125	4	0	0	0	2	0	0	0	0	0	2	0	0	0	0	0	2	0	0	0	0	0	2	0	0	0	G1	Phaeobacter_B2R04,Acinetobacter_D3M06	3-B2R04.mzML,9-D3M06.mzML
369	2	437.2343114217125	1	437.2343114217125	0.0	444.0415	2	0	0	0	0	1	0	1	0	0	0	0	0	0	0	0	0	1	0	1	0	0	0	0	0	0	G1	Shewanella_B2R08,Colwellia_C2M19	4-B2R08.mzML,6-C2M19.mzML
370	2	437.2343114217125	1	437.2343114217125	0.0	443.3295	2	0	0	0	0	1	0	1	0	0	0	0	0	0	0	0	0	1	0	1	0	0	0	0	0	0	G1	Shewanella_B2R08,Colwellia_C2M19	4-B2R08.mzML,6-C2M19.mzML
371	2	437.23461151123047	1	437.23461151123047	0.0	444.85	2	0	0	0	0	0	1	0	0	0	1	0	0	0	0	0	0	0	1	0	0	0	1	0	0	0	G1	Roseovarius_B2R09,Acinetobacter_D3M06	5-B2R09.mzML,9-D3M06.mzML
372	2	437.2373962402345	1	437.2373962402345	0.0	445.518	1	1	0	0	1	0	0	0	0	0	0	0	0	0	0	0	1	0	0	0	0	0	0	0	0	1	G1,G2	Phaeobacter_B2R04	3-B2R04.mzML,bkgrnd-marine-broth.mzML
373	2	437.234954833984	1	437.234954833984	0.0	444.375	2	0	0	0	0	0	0	0	0	0	0	2	0	0	0	0	0	0	0	0	0	0	0	2	0	0	G1	Arenibacter_D3M17	10-D3M17.mzML
374	8	439.2664794921877	1	439.2664794921876	0.0	439.890875	8	0	4	0	0	2	0	2	0	0	0	0	0	0	4	0	0	2	0	2	0	0	0	0	0	0	G1	Vibrio_1A01,Shewanella_B2R08,Colwellia_C2M19	1-1A01.mzML,4-B2R08.mzML,6-C2M19.mzML
375	10	440.2153442382812	1	440.2153442382812	0.0	428.6176	10	0	2	2	0	0	0	0	0	0	0	6	0	0	2	2	0	0	0	0	0	0	0	6	0	0	G1	Vibrio_1A01,Vibrio_6D03,Arenibacter_D3M17	1-1A01.mzML,2-6D03.mzML,10-D3M17.mzML
376	2	440.242980957031	1	440.242980957031	0.0	409.07	2	0	2	0	0	0	0	0	0	0	0	0	0	0	2	0	0	0	0	0	0	0	0	0	0	0	G1	Vibrio_1A01	1-1A01.mzML
377	34	440.2501597684972	1	440.25015976849727	0.0	428.9068823529413	28	6	0	0	4	6	4	0	0	4	4	0	6	0	0	0	4	6	4	0	0	4	4	0	6	6	G1,G2	Phaeobacter_B2R04,Shewanella_B2R08,Roseovarius_B2R09,Salipiger_C3M06,Acinetobacter_D3M06,Motilimonas_G1M02	3-B2R04.mzML,4-B2R08.mzML,5-B2R09.mzML,8-C3M06.mzML,9-D3M06.mzML,11-G1M02.mzML,bkgrnd-marine-broth.mzML
378	38	440.3609686065138	1	440.360968606514	0.0	810.439210526316	35	3	3	3	3	3	3	3	4	3	3	3	4	0	3	3	3	3	3	3	4	3	3	3	4	3	G1,G2	Vibrio_1A01,Vibrio_6D03,Phaeobacter_B2R04,Shewanella_B2R08,Roseovarius_B2R09,Colwellia_C2M19,Paracoccus_C2R07,Salipiger_C3M06,Acinetobacter_D3M06,Arenibacter_D3M17,Motilimonas_G1M02	1-1A01.mzML,2-6D03.mzML,3-B2R04.mzML,4-B2R08.mzML,5-B2R09.mzML,6-C2M19.mzML,7-C2R07_2.mzML,8-C3M06.mzML,9-D3M06.mzML,10-D3M17.mzML,11-G1M02.mzML,bkgrnd-marine-broth.mzML
379	35	440.3610275995164	1	440.3610275995165	0.0	810.6773142857143	33	2	3	3	3	3	3	3	4	3	3	3	2	0	3	3	3	3	3	3	4	3	3	3	2	2	G1,G2	Vibrio_1A01,Vibrio_6D03,Phaeobacter_B2R04,Shewanella_B2R08,Roseovarius_B2R09,Colwellia_C2M19,Paracoccus_C2R07,Salipiger_C3M06,Acinetobacter_D3M06,Arenibacter_D3M17,Motilimonas_G1M02	1-1A01.mzML,2-6D03.mzML,3-B2R04.mzML,4-B2R08.mzML,5-B2R09.mzML,6-C2M19.mzML,7-C2R07_2.mzML,8-C3M06.mzML,9-D3M06.mzML,10-D3M17.mzML,11-G1M02.mzML,bkgrnd-marine-broth.mzML
380	26	440.4112114539514	1	440.4112114539514	0.0	729.6008076923077	23	3	2	3	3	0	3	3	3	3	0	3	0	0	2	3	3	0	3	3	3	3	0	3	0	3	G1,G2	Vibrio_1A01,Vibrio_6D03,Phaeobacter_B2R04,Roseovarius_B2R09,Colwellia_C2M19,Paracoccus_C2R07,Salipiger_C3M06,Arenibacter_D3M17	1-1A01.mzML,2-6D03.mzML,3-B2R04.mzML,5-B2R09.mzML,6-C2M19.mzML,7-C2R07_2.mzML,8-C3M06.mzML,10-D3M17.mzML,bkgrnd-marine-broth.mzML
381	26	440.4112114539514	1	440.4112114539514	0.0	729.7926153846154	23	3	2	3	3	0	3	3	3	3	0	3	0	0	2	3	3	0	3	3	3	3	0	3	0	3	G1,G2	Vibrio_1A01,Vibrio_6D03,Phaeobacter_B2R04,Roseovarius_B2R09,Colwellia_C2M19,Paracoccus_C2R07,Salipiger_C3M06,Arenibacter_D3M17	1-1A01.mzML,2-6D03.mzML,3-B2R04.mzML,5-B2R09.mzML,6-C2M19.mzML,7-C2R07_2.mzML,8-C3M06.mzML,10-D3M17.mzML,bkgrnd-marine-broth.mzML
382	4	442.263656616211	1	442.263656616211	0.0	431.772	4	0	0	0	2	0	0	0	0	0	0	0	2	0	0	0	2	0	0	0	0	0	0	0	2	0	G1	Phaeobacter_B2R04,Motilimonas_G1M02	3-B2R04.mzML,11-G1M02.mzML
383	78	444.2885468311797	1	444.2885468311794	0.0	608.9857307692307	78	0	0	6	8	8	10	10	10	6	6	8	6	0	0	6	8	8	10	10	10	6	6	8	6	0	G1	Vibrio_6D03,Phaeobacter_B2R04,Shewanella_B2R08,Roseovarius_B2R09,Colwellia_C2M19,Paracoccus_C2R07,Salipiger_C3M06,Acinetobacter_D3M06,Arenibacter_D3M17,Motilimonas_G1M02	2-6D03.mzML,3-B2R04.mzML,4-B2R08.mzML,5-B2R09.mzML,6-C2M19.mzML,7-C2R07_2.mzML,8-C3M06.mzML,9-D3M06.mzML,10-D3M17.mzML,11-G1M02.mzML
384	74	444.2977715569573	1	444.29777155695774	0.0	736.4879054054055	70	4	6	6	8	10	6	8	4	6	6	10	0	0	6	6	8	10	6	8	4	6	6	10	0	4	G1,G2	Vibrio_1A01,Vibrio_6D03,Phaeobacter_B2R04,Shewanella_B2R08,Roseovarius_B2R09,Colwellia_C2M19,Paracoccus_C2R07,Salipiger_C3M06,Acinetobacter_D3M06,Arenibacter_D3M17	1-1A01.mzML,2-6D03.mzML,3-B2R04.mzML,4-B2R08.mzML,5-B2R09.mzML,6-C2M19.mzML,7-C2R07_2.mzML,8-C3M06.mzML,9-D3M06.mzML,10-D3M17.mzML,bkgrnd-marine-broth.mzML
385	17	445.314494413488	1	445.3144944134879	0.0	811.8575294117647	17	0	2	2	1	2	2	1	2	1	3	1	0	0	2	2	1	2	2	1	2	1	3	1	0	0	G1	Vibrio_1A01,Vibrio_6D03,Phaeobacter_B2R04,Shewanella_B2R08,Roseovarius_B2R09,Colwellia_C2M19,Paracoccus_C2R07,Salipiger_C3M06,Acinetobacter_D3M06,Arenibacter_D3M17	1-1A01.mzML,2-6D03.mzML,3-B2R04.mzML,4-B2R08.mzML,5-B2R09.mzML,6-C2M19.mzML,7-C2R07_2.mzML,8-C3M06.mzML,9-D3M06.mzML,10-D3M17.mzML
386	14	445.31363278343554	1	445.3136327834355	0.0	814.4527142857143	14	0	0	2	2	2	1	2	2	0	1	2	0	0	0	2	2	2	1	2	2	0	1	2	0	0	G1	Vibrio_6D03,Phaeobacter_B2R04,Shewanella_B2R08,Roseovarius_B2R09,Colwellia_C2M19,Paracoccus_C2R07,Acinetobacter_D3M06,Arenibacter_D3M17	2-6D03.mzML,3-B2R04.mzML,4-B2R08.mzML,5-B2R09.mzML,6-C2M19.mzML,7-C2R07_2.mzML,9-D3M06.mzML,10-D3M17.mzML
387	2	446.186462402344	1	446.186462402344	0.0	193.798	2	0	0	0	2	0	0	0	0	0	0	0	0	0	0	0	2	0	0	0	0	0	0	0	0	0	G1	Phaeobacter_B2R04	3-B2R04.mzML
388	42	446.22302100771947	1	446.2230210077191	0.0	348.53571428571433	42	0	0	0	6	0	12	0	0	12	12	0	0	0	0	0	6	0	12	0	0	12	12	0	0	0	G1	Phaeobacter_B2R04,Roseovarius_B2R09,Salipiger_C3M06,Acinetobacter_D3M06	3-B2R04.mzML,5-B2R09.mzML,8-C3M06.mzML,9-D3M06.mzML
389	11	447.3449577562735	1	447.3449577562735	0.0	820.368	8	3	1	0	0	0	0	0	0	0	0	1	6	0	1	0	0	0	0	0	0	0	0	1	6	3	G1,G2	Vibrio_1A01,Arenibacter_D3M17,Motilimonas_G1M02	1-1A01.mzML,10-D3M17.mzML,11-G1M02.mzML,bkgrnd-marine-broth.mzML
390	15	448.3059305826824	1	448.3059305826824	0.0	551.8563333333333	15	0	0	1	2	2	1	3	1	2	2	1	0	0	0	1	2	2	1	3	1	2	2	1	0	0	G1	Vibrio_6D03,Phaeobacter_B2R04,Shewanella_B2R08,Roseovarius_B2R09,Colwellia_C2M19,Paracoccus_C2R07,Salipiger_C3M06,Acinetobacter_D3M06,Arenibacter_D3M17	2-6D03.mzML,3-B2R04.mzML,4-B2R08.mzML,5-B2R09.mzML,6-C2M19.mzML,7-C2R07_2.mzML,8-C3M06.mzML,9-D3M06.mzML,10-D3M17.mzML
391	22	448.3066239790482	1	448.3066239790482	0.0	551.9570454545457	22	0	2	1	2	3	1	3	3	2	3	2	0	0	2	1	2	3	1	3	3	2	3	2	0	0	G1	Vibrio_1A01,Vibrio_6D03,Phaeobacter_B2R04,Shewanella_B2R08,Roseovarius_B2R09,Colwellia_C2M19,Paracoccus_C2R07,Salipiger_C3M06,Acinetobacter_D3M06,Arenibacter_D3M17	1-1A01.mzML,2-6D03.mzML,3-B2R04.mzML,4-B2R08.mzML,5-B2R09.mzML,6-C2M19.mzML,7-C2R07_2.mzML,8-C3M06.mzML,9-D3M06.mzML,10-D3M17.mzML
392	2	448.305887858073	1	448.305887858073	0.0	549.8354999999999	2	0	0	0	1	0	0	0	1	0	0	0	0	0	0	0	1	0	0	0	1	0	0	0	0	0	G1	Phaeobacter_B2R04,Paracoccus_C2R07	3-B2R04.mzML,7-C2R07_2.mzML
393	2	448.30598449707	1	448.30598449707	0.0	552.5755	2	0	0	0	0	0	0	0	1	0	0	1	0	0	0	0	0	0	0	0	1	0	0	1	0	0	G1	Paracoccus_C2R07,Arenibacter_D3M17	7-C2R07_2.mzML,10-D3M17.mzML
394	12	449.2015686035156	1	449.2015686035156	0.0	280.7789166666667	12	0	0	0	0	6	0	0	0	0	0	6	0	0	0	0	0	6	0	0	0	0	0	6	0	0	G1	Shewanella_B2R08,Arenibacter_D3M17	4-B2R08.mzML,10-D3M17.mzML
395	23	450.3221333821615	1	450.3221333821615	0.0	638.3875217391305	22	1	1	3	2	2	3	2	2	2	2	3	0	0	1	3	2	2	3	2	2	2	2	3	0	1	G1,G2	Vibrio_1A01,Vibrio_6D03,Phaeobacter_B2R04,Shewanella_B2R08,Roseovarius_B2R09,Colwellia_C2M19,Paracoccus_C2R07,Salipiger_C3M06,Acinetobacter_D3M06,Arenibacter_D3M17	1-1A01.mzML,2-6D03.mzML,3-B2R04.mzML,4-B2R08.mzML,5-B2R09.mzML,6-C2M19.mzML,7-C2R07_2.mzML,8-C3M06.mzML,9-D3M06.mzML,10-D3M17.mzML,bkgrnd-marine-broth.mzML
396	10	450.3215810139973	1	450.3215810139974	0.0	638.7507	10	0	0	1	1	0	0	1	2	2	2	1	0	0	0	1	1	0	0	1	2	2	2	1	0	0	G1	Vibrio_6D03,Phaeobacter_B2R04,Colwellia_C2M19,Paracoccus_C2R07,Salipiger_C3M06,Acinetobacter_D3M06,Arenibacter_D3M17	2-6D03.mzML,3-B2R04.mzML,6-C2M19.mzML,7-C2R07_2.mzML,8-C3M06.mzML,9-D3M06.mzML,10-D3M17.mzML
397	2	450.3245951334635	1	450.3245951334635	0.0	638.2900000000001	1	1	0	0	0	1	0	0	0	0	0	0	0	0	0	0	0	1	0	0	0	0	0	0	0	1	G1,G2	Shewanella_B2R08	4-B2R08.mzML,bkgrnd-marine-broth.mzML
398	2	450.3245951334635	1	450.3245951334635	0.0	639.3295	1	1	0	0	0	1	0	0	0	0	0	0	0	0	0	0	0	1	0	0	0	0	0	0	0	1	G1,G2	Shewanella_B2R08	4-B2R08.mzML,bkgrnd-marine-broth.mzML
399	2	452.276545206706	1	452.276545206706	0.0	683.7209999999999	2	0	0	0	0	0	0	2	0	0	0	0	0	0	0	0	0	0	0	2	0	0	0	0	0	0	G1	Colwellia_C2M19	6-C2M19.mzML
400	2	452.276545206706	1	452.276545206706	0.0	702.319	2	0	0	0	0	0	0	2	0	0	0	0	0	0	0	0	0	0	0	2	0	0	0	0	0	0	G1	Colwellia_C2M19	6-C2M19.mzML
401	2	453.718322753906	1	453.718322753906	0.0	405.6449999999999	2	0	0	0	0	0	0	0	2	0	0	0	0	0	0	0	0	0	0	0	2	0	0	0	0	0	G1	Paracoccus_C2R07	7-C2R07_2.mzML
402	4	456.24716186523455	1	456.24716186523455	0.0	424.196	2	2	0	0	0	0	0	0	0	2	0	0	0	0	0	0	0	0	0	0	0	2	0	0	0	2	G1,G2	Salipiger_C3M06	8-C3M06.mzML,bkgrnd-marine-broth.mzML
403	11	458.261513449929	1	458.261513449929	0.0	425.8527272727273	8	3	0	0	2	0	2	0	0	2	2	0	0	0	0	0	2	0	2	0	0	2	2	0	0	3	G1,G2	Phaeobacter_B2R04,Roseovarius_B2R09,Salipiger_C3M06,Acinetobacter_D3M06	3-B2R04.mzML,5-B2R09.mzML,8-C3M06.mzML,9-D3M06.mzML,bkgrnd-marine-broth.mzML
404	3	458.261983235677	1	458.261983235677	0.0	428.722	2	1	0	0	0	0	0	0	0	0	2	0	0	0	0	0	0	0	0	0	0	0	2	0	0	1	G1,G2	Acinetobacter_D3M06	9-D3M06.mzML,bkgrnd-marine-broth.mzML
405	11	459.279890580611	1	459.279890580611	0.0	449.86345454545454	11	0	2	1	0	2	1	1	1	1	1	1	0	0	2	1	0	2	1	1	1	1	1	1	0	0	G1	Vibrio_1A01,Vibrio_6D03,Shewanella_B2R08,Roseovarius_B2R09,Colwellia_C2M19,Paracoccus_C2R07,Salipiger_C3M06,Acinetobacter_D3M06,Arenibacter_D3M17	1-1A01.mzML,2-6D03.mzML,4-B2R08.mzML,5-B2R09.mzML,6-C2M19.mzML,7-C2R07_2.mzML,8-C3M06.mzML,9-D3M06.mzML,10-D3M17.mzML
406	9	460.2406446668835	1	460.2406446668835	0.0	417.4887777777778	7	2	0	0	1	0	2	0	0	2	2	0	0	0	0	0	1	0	2	0	0	2	2	0	0	2	G1,G2	Phaeobacter_B2R04,Roseovarius_B2R09,Salipiger_C3M06,Acinetobacter_D3M06	3-B2R04.mzML,5-B2R09.mzML,8-C3M06.mzML,9-D3M06.mzML,bkgrnd-marine-broth.mzML
407	30	466.3173789130317	1	466.3173789130318	0.0	549.8276999999999	28	2	2	2	2	2	2	3	3	3	3	3	3	0	2	2	2	2	2	3	3	3	3	3	3	2	G1,G2	Vibrio_1A01,Vibrio_6D03,Phaeobacter_B2R04,Shewanella_B2R08,Roseovarius_B2R09,Colwellia_C2M19,Paracoccus_C2R07,Salipiger_C3M06,Acinetobacter_D3M06,Arenibacter_D3M17,Motilimonas_G1M02	1-1A01.mzML,2-6D03.mzML,3-B2R04.mzML,4-B2R08.mzML,5-B2R09.mzML,6-C2M19.mzML,7-C2R07_2.mzML,8-C3M06.mzML,9-D3M06.mzML,10-D3M17.mzML,11-G1M02.mzML,bkgrnd-marine-broth.mzML
408	29	466.31719830392416	1	466.3171983039243	0.0	549.541379310345	28	1	2	2	3	3	3	3	3	2	3	2	2	0	2	2	3	3	3	3	3	2	3	2	2	1	G1,G2	Vibrio_1A01,Vibrio_6D03,Phaeobacter_B2R04,Shewanella_B2R08,Roseovarius_B2R09,Colwellia_C2M19,Paracoccus_C2R07,Salipiger_C3M06,Acinetobacter_D3M06,Arenibacter_D3M17,Motilimonas_G1M02	1-1A01.mzML,2-6D03.mzML,3-B2R04.mzML,4-B2R08.mzML,5-B2R09.mzML,6-C2M19.mzML,7-C2R07_2.mzML,8-C3M06.mzML,9-D3M06.mzML,10-D3M17.mzML,11-G1M02.mzML,bkgrnd-marine-broth.mzML
409	2	467.300354003906	1	467.300354003906	0.0	471.6859999999999	2	0	0	0	0	1	0	1	0	0	0	0	0	0	0	0	0	1	0	1	0	0	0	0	0	0	G1	Shewanella_B2R08,Colwellia_C2M19	4-B2R08.mzML,6-C2M19.mzML
410	39	467.3579054612381	1	467.357905461238	0.0	807.237512820513	39	0	3	4	2	6	4	4	4	4	4	4	0	0	3	4	2	6	4	4	4	4	4	4	0	0	G1	Vibrio_1A01,Vibrio_6D03,Phaeobacter_B2R04,Shewanella_B2R08,Roseovarius_B2R09,Colwellia_C2M19,Paracoccus_C2R07,Salipiger_C3M06,Acinetobacter_D3M06,Arenibacter_D3M17	1-1A01.mzML,2-6D03.mzML,3-B2R04.mzML,4-B2R08.mzML,5-B2R09.mzML,6-C2M19.mzML,7-C2R07_2.mzML,8-C3M06.mzML,9-D3M06.mzML,10-D3M17.mzML
411	26	470.3318317119893	1	470.3318317119893	0.0	655.0192307692307	26	0	0	6	0	6	2	2	4	0	6	0	0	0	0	6	0	6	2	2	4	0	6	0	0	0	G1	Vibrio_6D03,Shewanella_B2R08,Roseovarius_B2R09,Colwellia_C2M19,Paracoccus_C2R07,Acinetobacter_D3M06	2-6D03.mzML,4-B2R08.mzML,5-B2R09.mzML,6-C2M19.mzML,7-C2R07_2.mzML,9-D3M06.mzML
412	2	472.275054931641	1	472.275054931641	0.0	438.169	2	0	0	0	0	2	0	0	0	0	0	0	0	0	0	0	0	2	0	0	0	0	0	0	0	0	G1	Shewanella_B2R08	4-B2R08.mzML
413	2	472.275054931641	1	472.275054931641	0.0	438.3605	2	0	0	0	0	2	0	0	0	0	0	0	0	0	0	0	0	2	0	0	0	0	0	0	0	0	G1	Shewanella_B2R08	4-B2R08.mzML
414	64	476.3078702290852	1	476.3078702290856	0.0	449.047125	58	6	4	6	5	6	5	6	6	5	4	5	6	0	4	6	5	6	5	6	6	5	4	5	6	6	G1,G2	Vibrio_1A01,Vibrio_6D03,Phaeobacter_B2R04,Shewanella_B2R08,Roseovarius_B2R09,Colwellia_C2M19,Paracoccus_C2R07,Salipiger_C3M06,Acinetobacter_D3M06,Arenibacter_D3M17,Motilimonas_G1M02	1-1A01.mzML,2-6D03.mzML,3-B2R04.mzML,4-B2R08.mzML,5-B2R09.mzML,6-C2M19.mzML,7-C2R07_2.mzML,8-C3M06.mzML,9-D3M06.mzML,10-D3M17.mzML,11-G1M02.mzML,bkgrnd-marine-broth.mzML
415	3	476.306193033854	1	476.306193033854	0.0	452.55500000000006	3	0	0	0	1	0	1	0	0	1	0	0	0	0	0	0	1	0	1	0	0	1	0	0	0	0	G1	Phaeobacter_B2R04,Roseovarius_B2R09,Salipiger_C3M06	3-B2R04.mzML,5-B2R09.mzML,8-C3M06.mzML
416	47	477.3329037064355	1	477.33290370643545	0.0	618.179	45	2	4	4	5	4	5	5	5	6	1	6	0	0	4	4	5	4	5	5	5	6	1	6	0	2	G1,G2	Vibrio_1A01,Vibrio_6D03,Phaeobacter_B2R04,Shewanella_B2R08,Roseovarius_B2R09,Colwellia_C2M19,Paracoccus_C2R07,Salipiger_C3M06,Acinetobacter_D3M06,Arenibacter_D3M17	1-1A01.mzML,2-6D03.mzML,3-B2R04.mzML,4-B2R08.mzML,5-B2R09.mzML,6-C2M19.mzML,7-C2R07_2.mzML,8-C3M06.mzML,9-D3M06.mzML,10-D3M17.mzML,bkgrnd-marine-broth.mzML
417	3	480.27746582031233	1	480.27746582031233	0.0	606.7813333333332	3	0	0	0	1	0	0	0	1	0	0	1	0	0	0	0	1	0	0	0	1	0	0	1	0	0	G1	Phaeobacter_B2R04,Paracoccus_C2R07,Arenibacter_D3M17	3-B2R04.mzML,7-C2R07_2.mzML,10-D3M17.mzML
418	4	480.2775650024415	1	480.2775650024415	0.0	602.93275	4	0	0	1	0	1	0	1	1	0	0	0	0	0	0	1	0	1	0	1	1	0	0	0	0	0	G1	Vibrio_6D03,Shewanella_B2R08,Colwellia_C2M19,Paracoccus_C2R07	2-6D03.mzML,4-B2R08.mzML,6-C2M19.mzML,7-C2R07_2.mzML
419	23	481.26133219401055	1	481.2613321940106	0.0	449.1162608695652	23	0	2	4	3	0	3	2	1	3	2	3	0	0	2	4	3	0	3	2	1	3	2	3	0	0	G1	Vibrio_1A01,Vibrio_6D03,Phaeobacter_B2R04,Roseovarius_B2R09,Colwellia_C2M19,Paracoccus_C2R07,Salipiger_C3M06,Acinetobacter_D3M06,Arenibacter_D3M17	1-1A01.mzML,2-6D03.mzML,3-B2R04.mzML,5-B2R09.mzML,6-C2M19.mzML,7-C2R07_2.mzML,8-C3M06.mzML,9-D3M06.mzML,10-D3M17.mzML
420	3	481.2628343370227	1	481.2628343370227	0.0	449.1276666666666	2	1	0	1	0	0	0	1	0	0	0	0	0	0	0	1	0	0	0	1	0	0	0	0	0	1	G1,G2	Vibrio_6D03,Colwellia_C2M19	2-6D03.mzML,6-C2M19.mzML,bkgrnd-marine-broth.mzML
421	35	482.36810796828496	1	482.3681079682849	0.0	889.7721714285713	35	0	0	4	6	0	4	4	4	5	4	4	0	0	0	4	6	0	4	4	4	5	4	4	0	0	G1	Vibrio_6D03,Phaeobacter_B2R04,Roseovarius_B2R09,Colwellia_C2M19,Paracoccus_C2R07,Salipiger_C3M06,Acinetobacter_D3M06,Arenibacter_D3M17	2-6D03.mzML,3-B2R04.mzML,5-B2R09.mzML,6-C2M19.mzML,7-C2R07_2.mzML,8-C3M06.mzML,9-D3M06.mzML,10-D3M17.mzML
422	13	482.36811319986987	1	482.36811319986987	0.0	889.7424615384612	13	0	0	2	0	0	2	2	2	1	2	2	0	0	0	2	0	0	2	2	2	1	2	2	0	0	G1	Vibrio_6D03,Roseovarius_B2R09,Colwellia_C2M19,Paracoccus_C2R07,Salipiger_C3M06,Acinetobacter_D3M06,Arenibacter_D3M17	2-6D03.mzML,5-B2R09.mzML,6-C2M19.mzML,7-C2R07_2.mzML,8-C3M06.mzML,9-D3M06.mzML,10-D3M17.mzML
423	8	483.0496368408208	1	483.0496368408208	0.0	282.85825	8	0	0	0	0	0	0	6	0	0	0	2	0	0	0	0	0	0	0	6	0	0	0	2	0	0	G1	Colwellia_C2M19,Arenibacter_D3M17	6-C2M19.mzML,10-D3M17.mzML
424	66	483.2501350171639	1	483.2501350171639	0.0	728.6979393939394	60	6	6	6	6	6	6	6	6	6	6	6	0	0	6	6	6	6	6	6	6	6	6	6	0	6	G1,G2	Vibrio_1A01,Vibrio_6D03,Phaeobacter_B2R04,Shewanella_B2R08,Roseovarius_B2R09,Colwellia_C2M19,Paracoccus_C2R07,Salipiger_C3M06,Acinetobacter_D3M06,Arenibacter_D3M17	1-1A01.mzML,2-6D03.mzML,3-B2R04.mzML,4-B2R08.mzML,5-B2R09.mzML,6-C2M19.mzML,7-C2R07_2.mzML,8-C3M06.mzML,9-D3M06.mzML,10-D3M17.mzML,bkgrnd-marine-broth.mzML
425	20	483.2914672851563	1	483.29146728515633	0.0	445.60235	20	0	4	2	2	2	2	2	2	2	0	2	0	0	4	2	2	2	2	2	2	2	0	2	0	0	G1	Vibrio_1A01,Vibrio_6D03,Phaeobacter_B2R04,Shewanella_B2R08,Roseovarius_B2R09,Colwellia_C2M19,Paracoccus_C2R07,Salipiger_C3M06,Arenibacter_D3M17	1-1A01.mzML,2-6D03.mzML,3-B2R04.mzML,4-B2R08.mzML,5-B2R09.mzML,6-C2M19.mzML,7-C2R07_2.mzML,8-C3M06.mzML,10-D3M17.mzML
426	10	484.3244093718352	1	484.3244093718351	0.0	19.2939	10	0	0	0	0	1	1	1	2	0	0	0	5	0	0	0	0	1	1	1	2	0	0	0	5	0	G1	Shewanella_B2R08,Roseovarius_B2R09,Colwellia_C2M19,Paracoccus_C2R07,Motilimonas_G1M02	4-B2R08.mzML,5-B2R09.mzML,6-C2M19.mzML,7-C2R07_2.mzML,11-G1M02.mzML
427	72	484.3865271674262	1	484.3865271674262	0.0	802.7294861111111	66	6	6	6	6	6	6	6	6	6	6	6	6	0	6	6	6	6	6	6	6	6	6	6	6	6	G1,G2	Vibrio_1A01,Vibrio_6D03,Phaeobacter_B2R04,Shewanella_B2R08,Roseovarius_B2R09,Colwellia_C2M19,Paracoccus_C2R07,Salipiger_C3M06,Acinetobacter_D3M06,Arenibacter_D3M17,Motilimonas_G1M02	1-1A01.mzML,2-6D03.mzML,3-B2R04.mzML,4-B2R08.mzML,5-B2R09.mzML,6-C2M19.mzML,7-C2R07_2.mzML,8-C3M06.mzML,9-D3M06.mzML,10-D3M17.mzML,11-G1M02.mzML,bkgrnd-marine-broth.mzML
428	42	488.2349461146765	1	488.2349461146764	0.0	413.3197142857143	36	6	0	0	6	6	6	0	6	4	2	0	6	0	0	0	6	6	6	0	6	4	2	0	6	6	G1,G2	Phaeobacter_B2R04,Shewanella_B2R08,Roseovarius_B2R09,Paracoccus_C2R07,Salipiger_C3M06,Acinetobacter_D3M06,Motilimonas_G1M02	3-B2R04.mzML,4-B2R08.mzML,5-B2R09.mzML,7-C2R07_2.mzML,8-C3M06.mzML,9-D3M06.mzML,11-G1M02.mzML,bkgrnd-marine-broth.mzML
429	4	489.3390604654948	1	489.3390604654948	0.0	804.61225	4	0	0	1	0	0	1	1	0	0	0	1	0	0	0	1	0	0	1	1	0	0	0	1	0	0	G1	Vibrio_6D03,Roseovarius_B2R09,Colwellia_C2M19,Arenibacter_D3M17	2-6D03.mzML,5-B2R09.mzML,6-C2M19.mzML,10-D3M17.mzML
430	4	489.3391850789387	1	489.3391850789387	0.0	804.8505	4	0	0	0	0	2	0	0	1	0	1	0	0	0	0	0	0	2	0	0	1	0	1	0	0	0	G1	Shewanella_B2R08,Paracoccus_C2R07,Acinetobacter_D3M06	4-B2R08.mzML,7-C2R07_2.mzML,9-D3M06.mzML
431	17	489.33932136086855	1	489.33932136086855	0.0	806.8781764705883	17	0	0	4	1	3	0	3	2	1	2	1	0	0	0	4	1	3	0	3	2	1	2	1	0	0	G1	Vibrio_6D03,Phaeobacter_B2R04,Shewanella_B2R08,Colwellia_C2M19,Paracoccus_C2R07,Salipiger_C3M06,Acinetobacter_D3M06,Arenibacter_D3M17	2-6D03.mzML,3-B2R04.mzML,4-B2R08.mzML,6-C2M19.mzML,7-C2R07_2.mzML,8-C3M06.mzML,9-D3M06.mzML,10-D3M17.mzML
432	39	491.37092420789935	1	491.3709242078992	0.0	812.7624102564102	33	6	6	2	4	1	3	5	2	3	2	5	0	0	6	2	4	1	3	5	2	3	2	5	0	6	G1,G2	Vibrio_1A01,Vibrio_6D03,Phaeobacter_B2R04,Shewanella_B2R08,Roseovarius_B2R09,Colwellia_C2M19,Paracoccus_C2R07,Salipiger_C3M06,Acinetobacter_D3M06,Arenibacter_D3M17	1-1A01.mzML,2-6D03.mzML,3-B2R04.mzML,4-B2R08.mzML,5-B2R09.mzML,6-C2M19.mzML,7-C2R07_2.mzML,8-C3M06.mzML,9-D3M06.mzML,10-D3M17.mzML,bkgrnd-marine-broth.mzML
433	26	495.47210458608777	1	495.47210458608765	0.0	19.59766666666667	17	9	0	9	6	2	0	0	0	0	0	0	0	0	0	9	6	2	0	0	0	0	0	0	0	9	G1,G2	Vibrio_6D03,Phaeobacter_B2R04,Shewanella_B2R08	2-6D03.mzML,3-B2R04.mzML,4-B2R08.mzML,bkgrnd-marine-broth.mzML
434	26	495.47210458608777	1	495.47210458608765	0.0	19.600846153846152	17	9	0	9	6	2	0	0	0	0	0	0	0	0	0	9	6	2	0	0	0	0	0	0	0	9	G1,G2	Vibrio_6D03,Phaeobacter_B2R04,Shewanella_B2R08	2-6D03.mzML,3-B2R04.mzML,4-B2R08.mzML,bkgrnd-marine-broth.mzML
435	6	497.270914713542	1	497.270914713542	0.0	403.48766666666666	6	0	0	0	0	0	0	0	0	0	0	0	6	0	0	0	0	0	0	0	0	0	0	0	6	0	G1	Motilimonas_G1M02	11-G1M02.mzML
436	28	498.2896303449357	1	498.2896303449357	0.0	602.1800714285715	25	3	2	3	2	3	3	3	3	3	0	3	0	0	2	3	2	3	3	3	3	3	0	3	0	3	G1,G2	Vibrio_1A01,Vibrio_6D03,Phaeobacter_B2R04,Shewanella_B2R08,Roseovarius_B2R09,Colwellia_C2M19,Paracoccus_C2R07,Salipiger_C3M06,Arenibacter_D3M17	1-1A01.mzML,2-6D03.mzML,3-B2R04.mzML,4-B2R08.mzML,5-B2R09.mzML,6-C2M19.mzML,7-C2R07_2.mzML,8-C3M06.mzML,10-D3M17.mzML,bkgrnd-marine-broth.mzML
437	28	498.28937421526217	1	498.28937421526217	0.0	602.3036428571429	26	2	2	3	3	3	3	3	3	3	0	3	0	0	2	3	3	3	3	3	3	3	0	3	0	2	G1,G2	Vibrio_1A01,Vibrio_6D03,Phaeobacter_B2R04,Shewanella_B2R08,Roseovarius_B2R09,Colwellia_C2M19,Paracoccus_C2R07,Salipiger_C3M06,Arenibacter_D3M17	1-1A01.mzML,2-6D03.mzML,3-B2R04.mzML,4-B2R08.mzML,5-B2R09.mzML,6-C2M19.mzML,7-C2R07_2.mzML,8-C3M06.mzML,10-D3M17.mzML,bkgrnd-marine-broth.mzML
438	6	498.89985148112	1	498.89985148112	0.0	135.29683333333335	6	0	0	0	0	0	0	0	0	0	0	0	6	0	0	0	0	0	0	0	0	0	0	0	6	0	G1	Motilimonas_G1M02	11-G1M02.mzML
439	50	499.2128283691408	1	499.21282836914094	0.0	360.9053200000001	50	0	0	0	2	0	12	0	12	12	12	0	0	0	0	0	2	0	12	0	12	12	12	0	0	0	G1	Phaeobacter_B2R04,Roseovarius_B2R09,Paracoccus_C2R07,Salipiger_C3M06,Acinetobacter_D3M06	3-B2R04.mzML,5-B2R09.mzML,7-C2R07_2.mzML,8-C3M06.mzML,9-D3M06.mzML
440	6	499.23629760742193	1	499.23629760742193	0.0	729.2936666666666	6	0	6	0	0	0	0	0	0	0	0	0	0	0	6	0	0	0	0	0	0	0	0	0	0	0	G1	Vibrio_1A01	1-1A01.mzML
441	13	500.3039112580128	1	500.3039112580128	0.0	736.005692307692	12	1	0	1	3	3	2	0	2	1	0	0	0	0	0	1	3	3	2	0	2	1	0	0	0	1	G1,G2	Vibrio_6D03,Phaeobacter_B2R04,Shewanella_B2R08,Roseovarius_B2R09,Paracoccus_C2R07,Salipiger_C3M06	2-6D03.mzML,3-B2R04.mzML,4-B2R08.mzML,5-B2R09.mzML,7-C2R07_2.mzML,8-C3M06.mzML,bkgrnd-marine-broth.mzML
442	12	500.3046680026585	1	500.3046680026585	0.0	736.39525	11	1	1	2	2	0	2	1	2	1	0	0	0	0	1	2	2	0	2	1	2	1	0	0	0	1	G1,G2	Vibrio_1A01,Vibrio_6D03,Phaeobacter_B2R04,Roseovarius_B2R09,Colwellia_C2M19,Paracoccus_C2R07,Salipiger_C3M06	1-1A01.mzML,2-6D03.mzML,3-B2R04.mzML,5-B2R09.mzML,6-C2M19.mzML,7-C2R07_2.mzML,8-C3M06.mzML,bkgrnd-marine-broth.mzML
443	6	511.25713094075496	1	511.25713094075496	0.0	200.92600000000004	6	0	6	0	0	0	0	0	0	0	0	0	0	0	6	0	0	0	0	0	0	0	0	0	0	0	G1	Vibrio_1A01	1-1A01.mzML
444	20	511.28753967285166	1	511.2875396728516	0.0	431.17095	16	4	0	0	2	0	2	2	0	2	4	0	4	0	0	0	2	0	2	2	0	2	4	0	4	4	G1,G2	Phaeobacter_B2R04,Roseovarius_B2R09,Colwellia_C2M19,Salipiger_C3M06,Acinetobacter_D3M06,Motilimonas_G1M02	3-B2R04.mzML,5-B2R09.mzML,6-C2M19.mzML,8-C3M06.mzML,9-D3M06.mzML,11-G1M02.mzML,bkgrnd-marine-broth.mzML
445	4	511.3829040527343	1	511.3829040527343	0.0	800.37825	4	0	0	1	0	2	0	0	1	0	0	0	0	0	0	1	0	2	0	0	1	0	0	0	0	0	G1	Vibrio_6D03,Shewanella_B2R08,Paracoccus_C2R07	2-6D03.mzML,4-B2R08.mzML,7-C2R07_2.mzML
446	3	512.269755045573	1	512.269755045573	0.0	404.8406666666667	3	0	0	0	0	0	0	3	0	0	0	0	0	0	0	0	0	0	0	3	0	0	0	0	0	0	G1	Colwellia_C2M19	6-C2M19.mzML
447	3	512.269755045573	1	512.269755045573	0.0	405.0323333333333	3	0	0	0	0	0	0	3	0	0	0	0	0	0	0	0	0	0	0	3	0	0	0	0	0	0	G1	Colwellia_C2M19	6-C2M19.mzML
448	3	513.265482584635	1	513.265482584635	0.0	414.14699999999993	3	0	0	0	0	0	0	0	0	0	0	3	0	0	0	0	0	0	0	0	0	0	0	3	0	0	G1	Arenibacter_D3M17	10-D3M17.mzML
449	3	513.265482584635	1	513.265482584635	0.0	414.339	3	0	0	0	0	0	0	0	0	0	0	3	0	0	0	0	0	0	0	0	0	0	0	3	0	0	G1	Arenibacter_D3M17	10-D3M17.mzML
450	54	514.3580457899307	1	514.3580457899309	0.0	651.7861296296297	54	0	0	6	6	6	6	6	6	6	6	6	0	0	0	6	6	6	6	6	6	6	6	6	0	0	G1	Vibrio_6D03,Phaeobacter_B2R04,Shewanella_B2R08,Roseovarius_B2R09,Colwellia_C2M19,Paracoccus_C2R07,Salipiger_C3M06,Acinetobacter_D3M06,Arenibacter_D3M17	2-6D03.mzML,3-B2R04.mzML,4-B2R08.mzML,5-B2R09.mzML,6-C2M19.mzML,7-C2R07_2.mzML,8-C3M06.mzML,9-D3M06.mzML,10-D3M17.mzML
451	17	516.2985935585173	1	516.2985935585174	0.0	606.6096470588235	17	0	0	3	3	2	1	1	2	3	0	2	0	0	0	3	3	2	1	1	2	3	0	2	0	0	G1	Vibrio_6D03,Phaeobacter_B2R04,Shewanella_B2R08,Roseovarius_B2R09,Colwellia_C2M19,Paracoccus_C2R07,Salipiger_C3M06,Arenibacter_D3M17	2-6D03.mzML,3-B2R04.mzML,4-B2R08.mzML,5-B2R09.mzML,6-C2M19.mzML,7-C2R07_2.mzML,8-C3M06.mzML,10-D3M17.mzML
452	7	516.2983427501862	1	516.2983427501862	0.0	605.2909999999999	7	0	0	0	3	1	1	1	0	1	0	0	0	0	0	0	3	1	1	1	0	1	0	0	0	0	G1	Phaeobacter_B2R04,Shewanella_B2R08,Roseovarius_B2R09,Colwellia_C2M19,Salipiger_C3M06	3-B2R04.mzML,4-B2R08.mzML,5-B2R09.mzML,6-C2M19.mzML,8-C3M06.mzML
453	2	516.298736572266	1	516.298736572266	0.0	608.043	2	0	0	0	0	0	1	0	1	0	0	0	0	0	0	0	0	0	1	0	1	0	0	0	0	0	G1	Roseovarius_B2R09,Paracoccus_C2R07	5-B2R09.mzML,7-C2R07_2.mzML
454	10	517.2437255859375	1	517.2437255859375	0.0	572.4482	10	0	6	4	0	0	0	0	0	0	0	0	0	0	6	4	0	0	0	0	0	0	0	0	0	0	G1	Vibrio_1A01,Vibrio_6D03	1-1A01.mzML,2-6D03.mzML
455	52	518.3584383451024	1	518.3584383451026	0.0	640.6356730769231	52	0	0	6	6	6	6	5	6	6	6	5	0	0	0	6	6	6	6	5	6	6	6	5	0	0	G1	Vibrio_6D03,Phaeobacter_B2R04,Shewanella_B2R08,Roseovarius_B2R09,Colwellia_C2M19,Paracoccus_C2R07,Salipiger_C3M06,Acinetobacter_D3M06,Arenibacter_D3M17	2-6D03.mzML,3-B2R04.mzML,4-B2R08.mzML,5-B2R09.mzML,6-C2M19.mzML,7-C2R07_2.mzML,8-C3M06.mzML,9-D3M06.mzML,10-D3M17.mzML
456	63	520.334207201761	1	520.3342072017612	0.0	453.295111111111	57	6	6	5	4	6	4	5	5	4	6	6	6	0	6	5	4	6	4	5	5	4	6	6	6	6	G1,G2	Vibrio_1A01,Vibrio_6D03,Phaeobacter_B2R04,Shewanella_B2R08,Roseovarius_B2R09,Colwellia_C2M19,Paracoccus_C2R07,Salipiger_C3M06,Acinetobacter_D3M06,Arenibacter_D3M17,Motilimonas_G1M02	1-1A01.mzML,2-6D03.mzML,3-B2R04.mzML,4-B2R08.mzML,5-B2R09.mzML,6-C2M19.mzML,7-C2R07_2.mzML,8-C3M06.mzML,9-D3M06.mzML,10-D3M17.mzML,11-G1M02.mzML,bkgrnd-marine-broth.mzML
457	2	520.33295694987	1	520.33295694987	0.0	457.8245	2	0	0	0	0	0	0	1	1	0	0	0	0	0	0	0	0	0	0	1	1	0	0	0	0	0	G1	Colwellia_C2M19,Paracoccus_C2R07	6-C2M19.mzML,7-C2R07_2.mzML
458	16	522.2198028564453	1	522.2198028564454	0.0	428.56275	12	4	0	0	2	0	2	0	2	2	2	0	2	0	0	0	2	0	2	0	2	2	2	0	2	4	G1,G2	Phaeobacter_B2R04,Roseovarius_B2R09,Paracoccus_C2R07,Salipiger_C3M06,Acinetobacter_D3M06,Motilimonas_G1M02	3-B2R04.mzML,5-B2R09.mzML,7-C2R07_2.mzML,8-C3M06.mzML,9-D3M06.mzML,11-G1M02.mzML,bkgrnd-marine-broth.mzML
459	3	522.354919433594	1	522.354919433594	0.0	797.4	3	0	0	0	3	0	0	0	0	0	0	0	0	0	0	0	3	0	0	0	0	0	0	0	0	0	G1	Phaeobacter_B2R04	3-B2R04.mzML
460	3	522.354919433594	1	522.354919433594	0.0	797.592	3	0	0	0	3	0	0	0	0	0	0	0	0	0	0	0	3	0	0	0	0	0	0	0	0	0	G1	Phaeobacter_B2R04	3-B2R04.mzML
461	7	525.2877110072544	1	525.2877110072544	0.0	453.7255714285714	6	1	0	0	2	0	0	0	1	1	2	0	0	0	0	0	2	0	0	0	1	1	2	0	0	1	G1,G2	Phaeobacter_B2R04,Paracoccus_C2R07,Salipiger_C3M06,Acinetobacter_D3M06	3-B2R04.mzML,7-C2R07_2.mzML,8-C3M06.mzML,9-D3M06.mzML,bkgrnd-marine-broth.mzML
462	9	525.287584092882	1	525.287584092882	0.0	452.1422222222223	8	1	0	1	1	1	0	1	0	1	2	1	0	0	0	1	1	1	0	1	0	1	2	1	0	1	G1,G2	Vibrio_6D03,Phaeobacter_B2R04,Shewanella_B2R08,Colwellia_C2M19,Salipiger_C3M06,Acinetobacter_D3M06,Arenibacter_D3M17	2-6D03.mzML,3-B2R04.mzML,4-B2R08.mzML,6-C2M19.mzML,8-C3M06.mzML,9-D3M06.mzML,10-D3M17.mzML,bkgrnd-marine-broth.mzML
463	2	525.28662109375	1	525.28662109375	0.0	451.764	2	0	0	0	0	1	0	1	0	0	0	0	0	0	0	0	0	1	0	1	0	0	0	0	0	0	G1	Shewanella_B2R08,Colwellia_C2M19	4-B2R08.mzML,6-C2M19.mzML
464	4	525.2868652343752	1	525.2868652343752	0.0	452.84775	4	0	0	2	0	0	0	0	0	1	0	1	0	0	0	2	0	0	0	0	0	1	0	1	0	0	G1	Vibrio_6D03,Salipiger_C3M06,Arenibacter_D3M17	2-6D03.mzML,8-C3M06.mzML,10-D3M17.mzML
465	16	526.2603225708009	1	526.2603225708008	0.0	193.175375	16	0	0	0	2	0	6	0	4	2	2	0	0	0	0	0	2	0	6	0	4	2	2	0	0	0	G1	Phaeobacter_B2R04,Roseovarius_B2R09,Paracoccus_C2R07,Salipiger_C3M06,Acinetobacter_D3M06	3-B2R04.mzML,5-B2R09.mzML,7-C2R07_2.mzML,8-C3M06.mzML,9-D3M06.mzML
466	16	526.3943036397299	1	526.3943036397297	0.0	879.15125	16	0	0	0	2	0	2	4	2	1	2	3	0	0	0	0	2	0	2	4	2	1	2	3	0	0	G1	Phaeobacter_B2R04,Roseovarius_B2R09,Colwellia_C2M19,Paracoccus_C2R07,Salipiger_C3M06,Acinetobacter_D3M06,Arenibacter_D3M17	3-B2R04.mzML,5-B2R09.mzML,6-C2M19.mzML,7-C2R07_2.mzML,8-C3M06.mzML,9-D3M06.mzML,10-D3M17.mzML
467	44	526.396644823479	1	526.396644823479	0.0	880.1632727272728	38	6	6	6	4	0	4	2	4	5	4	3	0	0	6	6	4	0	4	2	4	5	4	3	0	6	G1,G2	Vibrio_1A01,Vibrio_6D03,Phaeobacter_B2R04,Roseovarius_B2R09,Colwellia_C2M19,Paracoccus_C2R07,Salipiger_C3M06,Acinetobacter_D3M06,Arenibacter_D3M17	1-1A01.mzML,2-6D03.mzML,3-B2R04.mzML,5-B2R09.mzML,6-C2M19.mzML,7-C2R07_2.mzML,8-C3M06.mzML,9-D3M06.mzML,10-D3M17.mzML,bkgrnd-marine-broth.mzML
468	31	527.2812539377522	1	527.2812539377522	0.0	399.2271612903226	29	2	0	0	9	0	6	0	0	6	6	0	2	0	0	0	9	0	6	0	0	6	6	0	2	2	G1,G2	Phaeobacter_B2R04,Roseovarius_B2R09,Salipiger_C3M06,Acinetobacter_D3M06,Motilimonas_G1M02	3-B2R04.mzML,5-B2R09.mzML,8-C3M06.mzML,9-D3M06.mzML,11-G1M02.mzML,bkgrnd-marine-broth.mzML
469	4	527.280914306641	1	527.280914306641	0.0	420.0865	4	0	0	0	2	0	0	0	0	0	0	0	2	0	0	0	2	0	0	0	0	0	0	0	2	0	G1	Phaeobacter_B2R04,Motilimonas_G1M02	3-B2R04.mzML,11-G1M02.mzML
470	18	527.3166775173613	1	527.3166775173612	0.0	450.1164444444445	18	0	2	2	2	2	2	2	2	2	0	2	0	0	2	2	2	2	2	2	2	2	0	2	0	0	G1	Vibrio_1A01,Vibrio_6D03,Phaeobacter_B2R04,Shewanella_B2R08,Roseovarius_B2R09,Colwellia_C2M19,Paracoccus_C2R07,Salipiger_C3M06,Arenibacter_D3M17	1-1A01.mzML,2-6D03.mzML,3-B2R04.mzML,4-B2R08.mzML,5-B2R09.mzML,6-C2M19.mzML,7-C2R07_2.mzML,8-C3M06.mzML,10-D3M17.mzML
471	4	528.227844238281	1	528.227844238281	0.0	197.5195	4	0	0	0	0	0	0	4	0	0	0	0	0	0	0	0	0	0	0	4	0	0	0	0	0	0	G1	Colwellia_C2M19	6-C2M19.mzML
472	72	528.412105984158	1	528.412105984158	0.0	796.3362083333334	66	6	6	6	6	6	6	6	6	6	6	6	6	0	6	6	6	6	6	6	6	6	6	6	6	6	G1,G2	Vibrio_1A01,Vibrio_6D03,Phaeobacter_B2R04,Shewanella_B2R08,Roseovarius_B2R09,Colwellia_C2M19,Paracoccus_C2R07,Salipiger_C3M06,Acinetobacter_D3M06,Arenibacter_D3M17,Motilimonas_G1M02	1-1A01.mzML,2-6D03.mzML,3-B2R04.mzML,4-B2R08.mzML,5-B2R09.mzML,6-C2M19.mzML,7-C2R07_2.mzML,8-C3M06.mzML,9-D3M06.mzML,10-D3M17.mzML,11-G1M02.mzML,bkgrnd-marine-broth.mzML
473	4	529.2604064941405	1	529.2604064941405	0.0	394.877	4	0	0	0	2	0	2	0	0	0	0	0	0	0	0	0	2	0	2	0	0	0	0	0	0	0	G1	Phaeobacter_B2R04,Roseovarius_B2R09	3-B2R04.mzML,5-B2R09.mzML
474	2	529.296142578125	1	529.296142578125	0.0	436.537	2	0	0	0	0	0	0	0	0	0	0	0	2	0	0	0	0	0	0	0	0	0	0	0	2	0	G1	Motilimonas_G1M02	11-G1M02.mzML
475	48	530.379280090332	1	530.3792800903325	0.0	19.476197916666663	48	0	0	18	12	12	6	0	0	0	0	0	0	0	0	18	12	12	6	0	0	0	0	0	0	0	G1	Vibrio_6D03,Phaeobacter_B2R04,Shewanella_B2R08,Roseovarius_B2R09	2-6D03.mzML,3-B2R04.mzML,4-B2R08.mzML,5-B2R09.mzML
476	3	531.276000976563	1	531.276000976563	0.0	413.9923333333333	3	0	0	0	0	0	0	0	0	0	0	0	3	0	0	0	0	0	0	0	0	0	0	0	3	0	G1	Motilimonas_G1M02	11-G1M02.mzML
477	3	531.276000976563	1	531.276000976563	0.0	414.1843333333333	3	0	0	0	0	0	0	0	0	0	0	0	3	0	0	0	0	0	0	0	0	0	0	0	3	0	G1	Motilimonas_G1M02	11-G1M02.mzML
478	31	531.3508317188551	1	531.3508317188554	0.0	882.8319677419353	28	3	0	4	6	0	3	4	3	2	3	3	0	0	0	4	6	0	3	4	3	2	3	3	0	3	G1,G2	Vibrio_6D03,Phaeobacter_B2R04,Roseovarius_B2R09,Colwellia_C2M19,Paracoccus_C2R07,Salipiger_C3M06,Acinetobacter_D3M06,Arenibacter_D3M17	2-6D03.mzML,3-B2R04.mzML,5-B2R09.mzML,6-C2M19.mzML,7-C2R07_2.mzML,8-C3M06.mzML,9-D3M06.mzML,10-D3M17.mzML,bkgrnd-marine-broth.mzML
479	31	533.3268130722867	1	533.3268130722868	0.0	602.4143870967744	28	3	3	3	3	3	3	3	2	3	0	3	2	0	3	3	3	3	3	3	2	3	0	3	2	3	G1,G2	Vibrio_1A01,Vibrio_6D03,Phaeobacter_B2R04,Shewanella_B2R08,Roseovarius_B2R09,Colwellia_C2M19,Paracoccus_C2R07,Salipiger_C3M06,Arenibacter_D3M17,Motilimonas_G1M02	1-1A01.mzML,2-6D03.mzML,3-B2R04.mzML,4-B2R08.mzML,5-B2R09.mzML,6-C2M19.mzML,7-C2R07_2.mzML,8-C3M06.mzML,10-D3M17.mzML,11-G1M02.mzML,bkgrnd-marine-broth.mzML
480	30	533.3266269259983	1	533.3266269259984	0.0	602.5131333333333	28	2	3	3	3	3	3	3	3	3	0	3	1	0	3	3	3	3	3	3	3	3	0	3	1	2	G1,G2	Vibrio_1A01,Vibrio_6D03,Phaeobacter_B2R04,Shewanella_B2R08,Roseovarius_B2R09,Colwellia_C2M19,Paracoccus_C2R07,Salipiger_C3M06,Arenibacter_D3M17,Motilimonas_G1M02	1-1A01.mzML,2-6D03.mzML,3-B2R04.mzML,4-B2R08.mzML,5-B2R09.mzML,6-C2M19.mzML,7-C2R07_2.mzML,8-C3M06.mzML,10-D3M17.mzML,11-G1M02.mzML,bkgrnd-marine-broth.mzML
481	32	533.3668378194172	1	533.366837819417	0.0	799.30453125	30	2	3	5	3	5	2	2	4	2	3	1	0	0	3	5	3	5	2	2	4	2	3	1	0	2	G1,G2	Vibrio_1A01,Vibrio_6D03,Phaeobacter_B2R04,Shewanella_B2R08,Roseovarius_B2R09,Colwellia_C2M19,Paracoccus_C2R07,Salipiger_C3M06,Acinetobacter_D3M06,Arenibacter_D3M17	1-1A01.mzML,2-6D03.mzML,3-B2R04.mzML,4-B2R08.mzML,5-B2R09.mzML,6-C2M19.mzML,7-C2R07_2.mzML,8-C3M06.mzML,9-D3M06.mzML,10-D3M17.mzML,bkgrnd-marine-broth.mzML
482	37	534.3560230152027	1	534.3560230152026	0.0	552.8990810810811	31	6	5	4	5	2	4	1	2	3	1	2	2	0	5	4	5	2	4	1	2	3	1	2	2	6	G1,G2	Vibrio_1A01,Vibrio_6D03,Phaeobacter_B2R04,Shewanella_B2R08,Roseovarius_B2R09,Colwellia_C2M19,Paracoccus_C2R07,Salipiger_C3M06,Acinetobacter_D3M06,Arenibacter_D3M17,Motilimonas_G1M02	1-1A01.mzML,2-6D03.mzML,3-B2R04.mzML,4-B2R08.mzML,5-B2R09.mzML,6-C2M19.mzML,7-C2R07_2.mzML,8-C3M06.mzML,9-D3M06.mzML,10-D3M17.mzML,11-G1M02.mzML,bkgrnd-marine-broth.mzML
483	59	535.39607540497	1	535.3960754049702	0.0	806.5975423728814	55	4	6	6	6	5	6	4	6	4	6	6	0	0	6	6	6	5	6	4	6	4	6	6	0	4	G1,G2	Vibrio_1A01,Vibrio_6D03,Phaeobacter_B2R04,Shewanella_B2R08,Roseovarius_B2R09,Colwellia_C2M19,Paracoccus_C2R07,Salipiger_C3M06,Acinetobacter_D3M06,Arenibacter_D3M17	1-1A01.mzML,2-6D03.mzML,3-B2R04.mzML,4-B2R08.mzML,5-B2R09.mzML,6-C2M19.mzML,7-C2R07_2.mzML,8-C3M06.mzML,9-D3M06.mzML,10-D3M17.mzML,bkgrnd-marine-broth.mzML
484	2	537.266418457031	1	537.266418457031	0.0	445.208	2	0	0	2	0	0	0	0	0	0	0	0	0	0	0	2	0	0	0	0	0	0	0	0	0	0	G1	Vibrio_6D03	2-6D03.mzML
485	8	537.301513671875	1	537.301513671875	0.0	435.82475	8	0	0	0	2	0	2	0	0	2	2	0	0	0	0	0	2	0	2	0	0	2	2	0	0	0	G1	Phaeobacter_B2R04,Roseovarius_B2R09,Salipiger_C3M06,Acinetobacter_D3M06	3-B2R04.mzML,5-B2R09.mzML,8-C3M06.mzML,9-D3M06.mzML
486	26	538.2799682617189	1	538.2799682617189	0.0	609.395	26	0	0	2	2	2	4	4	4	2	0	6	0	0	0	2	2	2	4	4	4	2	0	6	0	0	G1	Vibrio_6D03,Phaeobacter_B2R04,Shewanella_B2R08,Roseovarius_B2R09,Colwellia_C2M19,Paracoccus_C2R07,Salipiger_C3M06,Arenibacter_D3M17	2-6D03.mzML,3-B2R04.mzML,4-B2R08.mzML,5-B2R09.mzML,6-C2M19.mzML,7-C2R07_2.mzML,8-C3M06.mzML,10-D3M17.mzML
487	6	539.289184570313	1	539.289184570313	0.0	399.7421666666667	6	0	0	6	0	0	0	0	0	0	0	0	0	0	0	6	0	0	0	0	0	0	0	0	0	0	G1	Vibrio_6D03	2-6D03.mzML
488	44	542.3501226251776	1	542.3501226251774	0.0	19.42642045454545	44	0	0	6	6	6	6	4	4	6	4	2	0	0	0	6	6	6	6	4	4	6	4	2	0	0	G1	Vibrio_6D03,Phaeobacter_B2R04,Shewanella_B2R08,Roseovarius_B2R09,Colwellia_C2M19,Paracoccus_C2R07,Salipiger_C3M06,Acinetobacter_D3M06,Arenibacter_D3M17	2-6D03.mzML,3-B2R04.mzML,4-B2R08.mzML,5-B2R09.mzML,6-C2M19.mzML,7-C2R07_2.mzML,8-C3M06.mzML,9-D3M06.mzML,10-D3M17.mzML
489	2	542.388671875	1	542.388671875	0.0	755.1659999999999	2	0	0	0	0	0	0	0	2	0	0	0	0	0	0	0	0	0	0	0	2	0	0	0	0	0	G1	Paracoccus_C2R07	7-C2R07_2.mzML
490	2	543.238372802734	1	543.238372802734	0.0	201.2725	2	0	0	0	2	0	0	0	0	0	0	0	0	0	0	0	2	0	0	0	0	0	0	0	0	0	G1	Phaeobacter_B2R04	3-B2R04.mzML
491	2	543.238372802734	1	543.238372802734	0.0	201.4645	2	0	0	0	2	0	0	0	0	0	0	0	0	0	0	0	2	0	0	0	0	0	0	0	0	0	G1	Phaeobacter_B2R04	3-B2R04.mzML
492	2	544.770324707031	1	544.770324707031	0.0	424.3615	2	0	0	0	0	0	0	0	2	0	0	0	0	0	0	0	0	0	0	0	2	0	0	0	0	0	G1	Paracoccus_C2R07	7-C2R07_2.mzML
493	2	553.288696289063	1	553.288696289063	0.0	404.979	2	0	0	0	0	0	0	0	0	0	2	0	0	0	0	0	0	0	0	0	0	0	2	0	0	0	G1	Acinetobacter_D3M06	9-D3M06.mzML
494	6	553.305094401042	1	553.305094401042	0.0	422.2576666666666	6	0	6	0	0	0	0	0	0	0	0	0	0	0	6	0	0	0	0	0	0	0	0	0	0	0	G1	Vibrio_1A01	1-1A01.mzML
495	18	554.2936876085073	1	554.2936876085073	0.0	393.86016666666666	18	0	0	6	0	6	0	0	0	0	0	0	6	0	0	6	0	6	0	0	0	0	0	0	6	0	G1	Vibrio_6D03,Shewanella_B2R08,Motilimonas_G1M02	2-6D03.mzML,4-B2R08.mzML,11-G1M02.mzML
496	6	554.4251708984376	1	554.4251708984376	0.0	16.794472222222222	6	0	0	0	0	0	2	0	4	0	0	0	0	0	0	0	0	0	2	0	4	0	0	0	0	0	G1	Roseovarius_B2R09,Paracoccus_C2R07	5-B2R09.mzML,7-C2R07_2.mzML
497	19	557.2940673828127	1	557.2940673828126	0.0	425.17447368421045	17	2	4	0	4	0	0	0	4	1	2	0	2	0	4	0	4	0	0	0	4	1	2	0	2	2	G1,G2	Vibrio_1A01,Phaeobacter_B2R04,Paracoccus_C2R07,Salipiger_C3M06,Acinetobacter_D3M06,Motilimonas_G1M02	1-1A01.mzML,3-B2R04.mzML,7-C2R07_2.mzML,8-C3M06.mzML,9-D3M06.mzML,11-G1M02.mzML,bkgrnd-marine-broth.mzML
498	48	558.3839950561525	1	558.3839950561522	0.0	648.804	48	0	0	6	4	6	6	6	6	2	6	6	0	0	0	6	4	6	6	6	6	2	6	6	0	0	G1	Vibrio_6D03,Phaeobacter_B2R04,Shewanella_B2R08,Roseovarius_B2R09,Colwellia_C2M19,Paracoccus_C2R07,Salipiger_C3M06,Acinetobacter_D3M06,Arenibacter_D3M17	2-6D03.mzML,3-B2R04.mzML,4-B2R08.mzML,5-B2R09.mzML,6-C2M19.mzML,7-C2R07_2.mzML,8-C3M06.mzML,9-D3M06.mzML,10-D3M17.mzML
499	4	561.7605285644535	1	561.7605285644535	0.0	402.998	4	0	0	0	2	0	0	0	2	0	0	0	0	0	0	0	2	0	0	0	2	0	0	0	0	0	G1	Phaeobacter_B2R04,Paracoccus_C2R07	3-B2R04.mzML,7-C2R07_2.mzML
500	2	562.29443359375	1	562.29443359375	0.0	456.556	2	0	2	0	0	0	0	0	0	0	0	0	0	0	2	0	0	0	0	0	0	0	0	0	0	0	G1	Vibrio_1A01	1-1A01.mzML
501	68	564.35963529699	1	564.3596352969901	0.0	456.6068088235295	62	6	4	6	6	6	6	6	6	6	6	6	4	0	4	6	6	6	6	6	6	6	6	6	4	6	G1,G2	Vibrio_1A01,Vibrio_6D03,Phaeobacter_B2R04,Shewanella_B2R08,Roseovarius_B2R09,Colwellia_C2M19,Paracoccus_C2R07,Salipiger_C3M06,Acinetobacter_D3M06,Arenibacter_D3M17,Motilimonas_G1M02	1-1A01.mzML,2-6D03.mzML,3-B2R04.mzML,4-B2R08.mzML,5-B2R09.mzML,6-C2M19.mzML,7-C2R07_2.mzML,8-C3M06.mzML,9-D3M06.mzML,10-D3M17.mzML,11-G1M02.mzML,bkgrnd-marine-broth.mzML
502	6	568.279296875	1	568.279296875	0.0	196.5455	6	0	6	0	0	0	0	0	0	0	0	0	0	0	6	0	0	0	0	0	0	0	0	0	0	0	G1	Vibrio_1A01	1-1A01.mzML
503	3	569.290303548177	1	569.290303548177	0.0	399.0183333333334	3	0	0	0	0	0	0	3	0	0	0	0	0	0	0	0	0	0	0	3	0	0	0	0	0	0	G1	Colwellia_C2M19	6-C2M19.mzML
504	9	569.2937418619792	1	569.2937418619792	0.0	402.4817777777778	9	0	3	0	0	3	0	3	0	0	0	0	0	0	3	0	0	3	0	3	0	0	0	0	0	0	G1	Vibrio_1A01,Shewanella_B2R08,Colwellia_C2M19	1-1A01.mzML,4-B2R08.mzML,6-C2M19.mzML
505	6	569.2954610188805	1	569.2954610188805	0.0	403.92550000000006	6	0	3	0	0	3	0	0	0	0	0	0	0	0	3	0	0	3	0	0	0	0	0	0	0	0	G1	Vibrio_1A01,Shewanella_B2R08	1-1A01.mzML,4-B2R08.mzML
506	2	569.312896728516	1	569.312896728516	0.0	455.86	2	0	0	1	0	1	0	0	0	0	0	0	0	0	0	1	0	1	0	0	0	0	0	0	0	0	G1	Vibrio_6D03,Shewanella_B2R08	2-6D03.mzML,4-B2R08.mzML
507	2	569.312469482422	1	569.312469482422	0.0	455.312	2	0	0	0	0	0	0	2	0	0	0	0	0	0	0	0	0	0	0	2	0	0	0	0	0	0	G1	Colwellia_C2M19	6-C2M19.mzML
508	22	569.3156377618964	1	569.3156377618964	0.0	456.3353181818182	19	3	2	1	1	0	3	1	2	3	2	3	1	0	2	1	1	0	3	1	2	3	2	3	1	3	G1,G2	Vibrio_1A01,Vibrio_6D03,Phaeobacter_B2R04,Roseovarius_B2R09,Colwellia_C2M19,Paracoccus_C2R07,Salipiger_C3M06,Acinetobacter_D3M06,Arenibacter_D3M17,Motilimonas_G1M02	1-1A01.mzML,2-6D03.mzML,3-B2R04.mzML,5-B2R09.mzML,6-C2M19.mzML,7-C2R07_2.mzML,8-C3M06.mzML,9-D3M06.mzML,10-D3M17.mzML,11-G1M02.mzML,bkgrnd-marine-broth.mzML
509	9	570.2171291775172	1	570.2171291775173	0.0	607.140888888889	9	0	0	3	2	1	1	1	1	0	0	0	0	0	0	3	2	1	1	1	1	0	0	0	0	0	G1	Vibrio_6D03,Phaeobacter_B2R04,Shewanella_B2R08,Roseovarius_B2R09,Colwellia_C2M19,Paracoccus_C2R07	2-6D03.mzML,3-B2R04.mzML,4-B2R08.mzML,5-B2R09.mzML,6-C2M19.mzML,7-C2R07_2.mzML
510	22	570.2859829989346	1	570.2859829989347	0.0	276.87054545454544	22	0	0	0	6	0	4	0	0	6	6	0	0	0	0	0	6	0	4	0	0	6	6	0	0	0	G1	Phaeobacter_B2R04,Roseovarius_B2R09,Salipiger_C3M06,Acinetobacter_D3M06	3-B2R04.mzML,5-B2R09.mzML,8-C3M06.mzML,9-D3M06.mzML
511	15	570.4203803168405	1	570.4203803168406	0.0	872.1976666666667	15	0	0	1	1	0	2	4	2	0	2	3	0	0	0	1	1	0	2	4	2	0	2	3	0	0	G1	Vibrio_6D03,Phaeobacter_B2R04,Roseovarius_B2R09,Colwellia_C2M19,Paracoccus_C2R07,Acinetobacter_D3M06,Arenibacter_D3M17	2-6D03.mzML,3-B2R04.mzML,5-B2R09.mzML,6-C2M19.mzML,7-C2R07_2.mzML,9-D3M06.mzML,10-D3M17.mzML
512	45	570.4226689091435	1	570.4226689091435	0.0	872.3964444444446	39	6	6	5	5	0	4	2	4	6	4	3	0	0	6	5	5	0	4	2	4	6	4	3	0	6	G1,G2	Vibrio_1A01,Vibrio_6D03,Phaeobacter_B2R04,Roseovarius_B2R09,Colwellia_C2M19,Paracoccus_C2R07,Salipiger_C3M06,Acinetobacter_D3M06,Arenibacter_D3M17	1-1A01.mzML,2-6D03.mzML,3-B2R04.mzML,5-B2R09.mzML,6-C2M19.mzML,7-C2R07_2.mzML,8-C3M06.mzML,9-D3M06.mzML,10-D3M17.mzML,bkgrnd-marine-broth.mzML
513	6	571.262288411458	1	571.262288411458	0.0	417.412	6	0	6	0	0	0	0	0	0	0	0	0	0	0	6	0	0	0	0	0	0	0	0	0	0	0	G1	Vibrio_1A01	1-1A01.mzML
514	4	571.3415832519535	1	571.3415832519535	0.0	453.62700000000007	4	0	0	0	0	2	0	2	0	0	0	0	0	0	0	0	0	2	0	2	0	0	0	0	0	0	G1	Shewanella_B2R08,Colwellia_C2M19	4-B2R08.mzML,6-C2M19.mzML
515	72	572.4382375081381	1	572.4382375081386	0.0	790.797861111111	66	6	6	6	6	6	6	6	6	6	6	6	6	0	6	6	6	6	6	6	6	6	6	6	6	6	G1,G2	Vibrio_1A01,Vibrio_6D03,Phaeobacter_B2R04,Shewanella_B2R08,Roseovarius_B2R09,Colwellia_C2M19,Paracoccus_C2R07,Salipiger_C3M06,Acinetobacter_D3M06,Arenibacter_D3M17,Motilimonas_G1M02	1-1A01.mzML,2-6D03.mzML,3-B2R04.mzML,4-B2R08.mzML,5-B2R09.mzML,6-C2M19.mzML,7-C2R07_2.mzML,8-C3M06.mzML,9-D3M06.mzML,10-D3M17.mzML,11-G1M02.mzML,bkgrnd-marine-broth.mzML
516	3	573.294514973958	1	573.294514973958	0.0	414.304	3	0	3	0	0	0	0	0	0	0	0	0	0	0	3	0	0	0	0	0	0	0	0	0	0	0	G1	Vibrio_1A01	1-1A01.mzML
517	3	573.294514973958	1	573.294514973958	0.0	414.496	3	0	3	0	0	0	0	0	0	0	0	0	0	0	3	0	0	0	0	0	0	0	0	0	0	0	G1	Vibrio_1A01	1-1A01.mzML
518	2	577.268432617188	1	577.268432617188	0.0	426.891	2	0	2	0	0	0	0	0	0	0	0	0	0	0	2	0	0	0	0	0	0	0	0	0	0	0	G1	Vibrio_1A01	1-1A01.mzML
519	15	577.3935289171006	1	577.3935289171006	0.0	795.1681333333332	15	0	3	4	0	3	2	0	2	0	1	0	0	0	3	4	0	3	2	0	2	0	1	0	0	0	G1	Vibrio_1A01,Vibrio_6D03,Shewanella_B2R08,Roseovarius_B2R09,Paracoccus_C2R07,Acinetobacter_D3M06	1-1A01.mzML,2-6D03.mzML,4-B2R08.mzML,5-B2R09.mzML,7-C2R07_2.mzML,9-D3M06.mzML
520	38	579.4219520970395	1	579.4219520970393	0.0	800.401263157895	38	0	6	6	0	6	6	4	6	0	4	0	0	0	6	6	0	6	6	4	6	0	4	0	0	0	G1	Vibrio_1A01,Vibrio_6D03,Shewanella_B2R08,Roseovarius_B2R09,Colwellia_C2M19,Paracoccus_C2R07,Acinetobacter_D3M06	1-1A01.mzML,2-6D03.mzML,4-B2R08.mzML,5-B2R09.mzML,6-C2M19.mzML,7-C2R07_2.mzML,9-D3M06.mzML
521	39	584.3046186398234	1	584.3046186398234	0.0	417.17535897435897	34	5	0	6	4	0	5	0	4	2	5	2	6	0	0	6	4	0	5	0	4	2	5	2	6	5	G1,G2	Vibrio_6D03,Phaeobacter_B2R04,Roseovarius_B2R09,Paracoccus_C2R07,Salipiger_C3M06,Acinetobacter_D3M06,Arenibacter_D3M17,Motilimonas_G1M02	2-6D03.mzML,3-B2R04.mzML,5-B2R09.mzML,7-C2R07_2.mzML,8-C3M06.mzML,9-D3M06.mzML,10-D3M17.mzML,11-G1M02.mzML,bkgrnd-marine-broth.mzML
522	2	584.302480061849	1	584.302480061849	0.0	410.024	2	0	0	0	0	0	1	0	0	0	1	0	0	0	0	0	0	0	1	0	0	0	1	0	0	0	G1	Roseovarius_B2R09,Acinetobacter_D3M06	5-B2R09.mzML,9-D3M06.mzML
523	6	585.274943033854	1	585.274943033854	0.0	744.3363333333333	6	0	6	0	0	0	0	0	0	0	0	0	0	0	6	0	0	0	0	0	0	0	0	0	0	0	G1	Vibrio_1A01	1-1A01.mzML
524	3	585.287272135417	1	585.287272135417	0.0	417.0583333333333	3	0	0	0	0	3	0	0	0	0	0	0	0	0	0	0	0	3	0	0	0	0	0	0	0	0	G1	Shewanella_B2R08	4-B2R08.mzML
525	3	585.287272135417	1	585.287272135417	0.0	417.2503333333333	3	0	0	0	0	3	0	0	0	0	0	0	0	0	0	0	0	3	0	0	0	0	0	0	0	0	G1	Shewanella_B2R08	4-B2R08.mzML
526	4	585.295532226563	1	585.295532226563	0.0	435.3760000000001	4	0	4	0	0	0	0	0	0	0	0	0	0	0	4	0	0	0	0	0	0	0	0	0	0	0	G1	Vibrio_1A01	1-1A01.mzML
527	24	586.3191121419271	1	586.3191121419271	0.0	432.48991666666666	20	4	0	2	4	0	4	0	2	4	2	0	2	0	0	2	4	0	4	0	2	4	2	0	2	4	G1,G2	Vibrio_6D03,Phaeobacter_B2R04,Roseovarius_B2R09,Paracoccus_C2R07,Salipiger_C3M06,Acinetobacter_D3M06,Motilimonas_G1M02	2-6D03.mzML,3-B2R04.mzML,5-B2R09.mzML,7-C2R07_2.mzML,8-C3M06.mzML,9-D3M06.mzML,11-G1M02.mzML,bkgrnd-marine-broth.mzML
528	4	587.3169555664065	1	587.3169555664065	0.0	468.636	4	0	0	2	0	0	0	0	0	0	2	0	0	0	0	2	0	0	0	0	0	0	2	0	0	0	G1	Vibrio_6D03,Acinetobacter_D3M06	2-6D03.mzML,9-D3M06.mzML
529	4	590.2830810546875	1	590.2830810546875	0.0	401.40375000000006	4	0	0	0	2	0	0	0	0	2	0	0	0	0	0	0	2	0	0	0	0	2	0	0	0	0	G1	Phaeobacter_B2R04,Salipiger_C3M06	3-B2R04.mzML,8-C3M06.mzML
530	3	592.2710266113282	1	592.2710266113282	0.0	424.8026666666667	3	0	0	1	0	0	1	0	0	0	0	0	1	0	0	1	0	0	1	0	0	0	0	0	1	0	G1	Vibrio_6D03,Roseovarius_B2R09,Motilimonas_G1M02	2-6D03.mzML,5-B2R09.mzML,11-G1M02.mzML
531	4	592.2710571289065	1	592.2710571289065	0.0	425.2115	4	0	0	1	0	0	1	0	0	0	0	0	2	0	0	1	0	0	1	0	0	0	0	0	2	0	G1	Vibrio_6D03,Roseovarius_B2R09,Motilimonas_G1M02	2-6D03.mzML,5-B2R09.mzML,11-G1M02.mzML
532	6	596.3399251302084	1	596.3399251302084	0.0	440.7705	6	0	1	1	1	0	2	0	0	0	1	0	0	0	1	1	1	0	2	0	0	0	1	0	0	0	G1	Vibrio_1A01,Vibrio_6D03,Phaeobacter_B2R04,Roseovarius_B2R09,Acinetobacter_D3M06	1-1A01.mzML,2-6D03.mzML,3-B2R04.mzML,5-B2R09.mzML,9-D3M06.mzML
533	4	596.3409118652345	1	596.3409118652345	0.0	440.4045	4	0	1	1	1	0	0	0	0	0	1	0	0	0	1	1	1	0	0	0	0	0	1	0	0	0	G1	Vibrio_1A01,Vibrio_6D03,Phaeobacter_B2R04,Acinetobacter_D3M06	1-1A01.mzML,2-6D03.mzML,3-B2R04.mzML,9-D3M06.mzML
534	22	598.4514049183236	1	598.4514049183236	0.0	552.5913712121212	22	0	0	0	6	0	6	0	6	4	0	0	0	0	0	0	6	0	6	0	6	4	0	0	0	0	G1	Phaeobacter_B2R04,Roseovarius_B2R09,Paracoccus_C2R07,Salipiger_C3M06	3-B2R04.mzML,5-B2R09.mzML,7-C2R07_2.mzML,8-C3M06.mzML
535	32	602.2783546447754	1	602.2783546447754	0.0	410.166125	32	0	6	2	0	6	2	4	4	4	4	0	0	0	6	2	0	6	2	4	4	4	4	0	0	0	G1	Vibrio_1A01,Vibrio_6D03,Shewanella_B2R08,Roseovarius_B2R09,Colwellia_C2M19,Paracoccus_C2R07,Salipiger_C3M06,Acinetobacter_D3M06	1-1A01.mzML,2-6D03.mzML,4-B2R08.mzML,5-B2R09.mzML,6-C2M19.mzML,7-C2R07_2.mzML,8-C3M06.mzML,9-D3M06.mzML
536	2	603.284240722656	1	603.284240722656	0.0	607.115	2	0	2	0	0	0	0	0	0	0	0	0	0	0	2	0	0	0	0	0	0	0	0	0	0	0	G1	Vibrio_1A01	1-1A01.mzML
537	66	608.385561548098	1	608.385561548098	0.0	459.01868181818185	60	6	6	6	5	6	5	6	6	6	4	6	4	0	6	6	5	6	5	6	6	6	4	6	4	6	G1,G2	Vibrio_1A01,Vibrio_6D03,Phaeobacter_B2R04,Shewanella_B2R08,Roseovarius_B2R09,Colwellia_C2M19,Paracoccus_C2R07,Salipiger_C3M06,Acinetobacter_D3M06,Arenibacter_D3M17,Motilimonas_G1M02	1-1A01.mzML,2-6D03.mzML,3-B2R04.mzML,4-B2R08.mzML,5-B2R09.mzML,6-C2M19.mzML,7-C2R07_2.mzML,8-C3M06.mzML,9-D3M06.mzML,10-D3M17.mzML,11-G1M02.mzML,bkgrnd-marine-broth.mzML
538	12	610.2827962239584	1	610.2827962239584	0.0	196.201	12	0	2	0	2	0	2	0	0	2	2	0	2	0	2	0	2	0	2	0	0	2	2	0	2	0	G1	Vibrio_1A01,Phaeobacter_B2R04,Roseovarius_B2R09,Salipiger_C3M06,Acinetobacter_D3M06,Motilimonas_G1M02	1-1A01.mzML,3-B2R04.mzML,5-B2R09.mzML,8-C3M06.mzML,9-D3M06.mzML,11-G1M02.mzML
539	10	612.3341562906902	1	612.3341562906902	0.0	429.5517	9	1	0	1	1	0	2	0	2	2	1	0	0	0	0	1	1	0	2	0	2	2	1	0	0	1	G1,G2	Vibrio_6D03,Phaeobacter_B2R04,Roseovarius_B2R09,Paracoccus_C2R07,Salipiger_C3M06,Acinetobacter_D3M06	2-6D03.mzML,3-B2R04.mzML,5-B2R09.mzML,7-C2R07_2.mzML,8-C3M06.mzML,9-D3M06.mzML,bkgrnd-marine-broth.mzML
540	10	612.3341562906902	1	612.3341562906902	0.0	429.74369999999993	9	1	0	1	1	0	2	0	2	2	1	0	0	0	0	1	1	0	2	0	2	2	1	0	0	1	G1,G2	Vibrio_6D03,Phaeobacter_B2R04,Roseovarius_B2R09,Paracoccus_C2R07,Salipiger_C3M06,Acinetobacter_D3M06	2-6D03.mzML,3-B2R04.mzML,5-B2R09.mzML,7-C2R07_2.mzML,8-C3M06.mzML,9-D3M06.mzML,bkgrnd-marine-broth.mzML
541	16	612.3343187967937	1	612.3343187967938	0.0	436.82975	14	2	0	2	2	0	2	0	2	2	2	0	2	0	0	2	2	0	2	0	2	2	2	0	2	2	G1,G2	Vibrio_6D03,Phaeobacter_B2R04,Roseovarius_B2R09,Paracoccus_C2R07,Salipiger_C3M06,Acinetobacter_D3M06,Motilimonas_G1M02	2-6D03.mzML,3-B2R04.mzML,5-B2R09.mzML,7-C2R07_2.mzML,8-C3M06.mzML,9-D3M06.mzML,11-G1M02.mzML,bkgrnd-marine-broth.mzML
542	4	612.3375244140625	1	612.3375244140625	0.0	440.147	2	2	0	0	0	0	0	0	0	0	2	0	0	0	0	0	0	0	0	0	0	0	2	0	0	2	G1,G2	Acinetobacter_D3M06	9-D3M06.mzML,bkgrnd-marine-broth.mzML
543	9	613.3390096028647	1	613.3390096028647	0.0	459.1632222222223	9	0	0	2	0	2	0	0	1	0	2	2	0	0	0	2	0	2	0	0	1	0	2	2	0	0	G1	Vibrio_6D03,Shewanella_B2R08,Paracoccus_C2R07,Acinetobacter_D3M06,Arenibacter_D3M17	2-6D03.mzML,4-B2R08.mzML,7-C2R07_2.mzML,9-D3M06.mzML,10-D3M17.mzML
544	26	614.3504075270434	1	614.3504075270432	0.0	442.3693846153846	22	4	0	0	4	0	4	0	2	4	4	0	4	0	0	0	4	0	4	0	2	4	4	0	4	4	G1,G2	Phaeobacter_B2R04,Roseovarius_B2R09,Paracoccus_C2R07,Salipiger_C3M06,Acinetobacter_D3M06,Motilimonas_G1M02	3-B2R04.mzML,5-B2R09.mzML,7-C2R07_2.mzML,8-C3M06.mzML,9-D3M06.mzML,11-G1M02.mzML,bkgrnd-marine-broth.mzML
545	49	614.4490946036619	1	614.4490946036618	0.0	865.5845918367346	43	6	6	6	5	0	4	5	5	4	3	5	0	0	6	6	5	0	4	5	5	4	3	5	0	6	G1,G2	Vibrio_1A01,Vibrio_6D03,Phaeobacter_B2R04,Roseovarius_B2R09,Colwellia_C2M19,Paracoccus_C2R07,Salipiger_C3M06,Acinetobacter_D3M06,Arenibacter_D3M17	1-1A01.mzML,2-6D03.mzML,3-B2R04.mzML,5-B2R09.mzML,6-C2M19.mzML,7-C2R07_2.mzML,8-C3M06.mzML,9-D3M06.mzML,10-D3M17.mzML,bkgrnd-marine-broth.mzML
546	11	614.4467422022967	1	614.4467422022966	0.0	865.8102727272727	11	0	0	0	1	0	2	1	1	2	3	1	0	0	0	0	1	0	2	1	1	2	3	1	0	0	G1	Phaeobacter_B2R04,Roseovarius_B2R09,Colwellia_C2M19,Paracoccus_C2R07,Salipiger_C3M06,Acinetobacter_D3M06,Arenibacter_D3M17	3-B2R04.mzML,5-B2R09.mzML,6-C2M19.mzML,7-C2R07_2.mzML,8-C3M06.mzML,9-D3M06.mzML,10-D3M17.mzML
547	9	615.3084106445314	1	615.3084106445315	0.0	413.2074444444445	8	1	0	0	1	0	2	0	2	1	2	0	0	0	0	0	1	0	2	0	2	1	2	0	0	1	G1,G2	Phaeobacter_B2R04,Roseovarius_B2R09,Paracoccus_C2R07,Salipiger_C3M06,Acinetobacter_D3M06	3-B2R04.mzML,5-B2R09.mzML,7-C2R07_2.mzML,8-C3M06.mzML,9-D3M06.mzML,bkgrnd-marine-broth.mzML
548	6	615.3089701334637	1	615.3089701334637	0.0	412.14866666666666	5	1	0	0	1	0	1	0	1	0	2	0	0	0	0	0	1	0	1	0	1	0	2	0	0	1	G1,G2	Phaeobacter_B2R04,Roseovarius_B2R09,Paracoccus_C2R07,Acinetobacter_D3M06	3-B2R04.mzML,5-B2R09.mzML,7-C2R07_2.mzML,9-D3M06.mzML,bkgrnd-marine-broth.mzML
549	66	616.464305530895	1	616.4643055308953	0.0	785.2942424242424	60	6	6	6	6	6	6	6	6	6	6	6	0	0	6	6	6	6	6	6	6	6	6	6	0	6	G1,G2	Vibrio_1A01,Vibrio_6D03,Phaeobacter_B2R04,Shewanella_B2R08,Roseovarius_B2R09,Colwellia_C2M19,Paracoccus_C2R07,Salipiger_C3M06,Acinetobacter_D3M06,Arenibacter_D3M17	1-1A01.mzML,2-6D03.mzML,3-B2R04.mzML,4-B2R08.mzML,5-B2R09.mzML,6-C2M19.mzML,7-C2R07_2.mzML,8-C3M06.mzML,9-D3M06.mzML,10-D3M17.mzML,bkgrnd-marine-broth.mzML
550	23	618.3256915548573	1	618.3256915548573	0.0	405.5257391304348	20	3	3	2	3	0	3	0	3	3	3	0	0	0	3	2	3	0	3	0	3	3	3	0	0	3	G1,G2	Vibrio_1A01,Vibrio_6D03,Phaeobacter_B2R04,Roseovarius_B2R09,Paracoccus_C2R07,Salipiger_C3M06,Acinetobacter_D3M06	1-1A01.mzML,2-6D03.mzML,3-B2R04.mzML,5-B2R09.mzML,7-C2R07_2.mzML,8-C3M06.mzML,9-D3M06.mzML,bkgrnd-marine-broth.mzML
551	23	618.3256915548573	1	618.3256915548573	0.0	405.7177391304349	20	3	3	2	3	0	3	0	3	3	3	0	0	0	3	2	3	0	3	0	3	3	3	0	0	3	G1,G2	Vibrio_1A01,Vibrio_6D03,Phaeobacter_B2R04,Roseovarius_B2R09,Paracoccus_C2R07,Salipiger_C3M06,Acinetobacter_D3M06	1-1A01.mzML,2-6D03.mzML,3-B2R04.mzML,5-B2R09.mzML,7-C2R07_2.mzML,8-C3M06.mzML,9-D3M06.mzML,bkgrnd-marine-broth.mzML
552	6	619.3166707356769	1	619.3166707356769	0.0	455.78899999999993	6	0	6	0	0	0	0	0	0	0	0	0	0	0	6	0	0	0	0	0	0	0	0	0	0	0	G1	Vibrio_1A01	1-1A01.mzML
553	13	621.4193796011119	1	621.4193796011119	0.0	789.2637692307692	13	0	2	4	0	4	0	0	3	0	0	0	0	0	2	4	0	4	0	0	3	0	0	0	0	0	G1	Vibrio_1A01,Vibrio_6D03,Shewanella_B2R08,Paracoccus_C2R07	1-1A01.mzML,2-6D03.mzML,4-B2R08.mzML,7-C2R07_2.mzML
554	17	623.4476174747243	1	623.4476174747244	0.0	794.7036470588234	17	0	2	6	0	3	0	0	6	0	0	0	0	0	2	6	0	3	0	0	6	0	0	0	0	0	G1	Vibrio_1A01,Vibrio_6D03,Shewanella_B2R08,Paracoccus_C2R07	1-1A01.mzML,2-6D03.mzML,4-B2R08.mzML,7-C2R07_2.mzML
555	12	625.5551554361981	1	625.5551554361981	0.0	17.15056944444444	12	0	6	6	0	0	0	0	0	0	0	0	0	0	6	6	0	0	0	0	0	0	0	0	0	0	G1	Vibrio_1A01,Vibrio_6D03	1-1A01.mzML,2-6D03.mzML
556	6	626.3136494954427	1	626.3136494954427	0.0	413.6721666666666	6	0	0	1	1	0	0	3	0	0	0	1	0	0	0	1	1	0	0	3	0	0	0	1	0	0	G1	Vibrio_6D03,Phaeobacter_B2R04,Colwellia_C2M19,Arenibacter_D3M17	2-6D03.mzML,3-B2R04.mzML,6-C2M19.mzML,10-D3M17.mzML
557	10	626.3134582519531	1	626.3134582519531	0.0	415.1493	10	0	0	1	1	0	0	3	0	2	2	1	0	0	0	1	1	0	0	3	0	2	2	1	0	0	G1	Vibrio_6D03,Phaeobacter_B2R04,Colwellia_C2M19,Salipiger_C3M06,Acinetobacter_D3M06,Arenibacter_D3M17	2-6D03.mzML,3-B2R04.mzML,6-C2M19.mzML,8-C3M06.mzML,9-D3M06.mzML,10-D3M17.mzML
558	2	636.397277832031	1	636.397277832031	0.0	474.441	2	0	0	0	0	0	0	0	0	0	0	2	0	0	0	0	0	0	0	0	0	0	0	2	0	0	G1	Arenibacter_D3M17	10-D3M17.mzML
559	6	641.3356933593753	1	641.3356933593753	0.0	193.87000000000003	6	0	0	0	2	0	0	0	2	0	2	0	0	0	0	0	2	0	0	0	2	0	2	0	0	0	G1	Phaeobacter_B2R04,Paracoccus_C2R07,Acinetobacter_D3M06	3-B2R04.mzML,7-C2R07_2.mzML,9-D3M06.mzML
560	2	642.47705078125	1	642.47705078125	0.0	990.839	2	0	0	0	0	0	0	0	2	0	0	0	0	0	0	0	0	0	0	0	2	0	0	0	0	0	G1	Paracoccus_C2R07	7-C2R07_2.mzML
561	2	648.306182861328	1	648.306182861328	0.0	432.705	2	0	2	0	0	0	0	0	0	0	0	0	0	0	2	0	0	0	0	0	0	0	0	0	0	0	G1	Vibrio_1A01	1-1A01.mzML
562	2	648.306182861328	1	648.306182861328	0.0	432.897	2	0	2	0	0	0	0	0	0	0	0	0	0	0	2	0	0	0	0	0	0	0	0	0	0	0	G1	Vibrio_1A01	1-1A01.mzML
563	6	651.565592447917	1	651.565592447917	0.0	17.274694444444442	6	0	0	6	0	0	0	0	0	0	0	0	0	0	0	6	0	0	0	0	0	0	0	0	0	0	G1	Vibrio_6D03	2-6D03.mzML
564	2	652.327178955078	1	652.327178955078	0.0	403.961	2	0	0	0	0	2	0	0	0	0	0	0	0	0	0	0	0	2	0	0	0	0	0	0	0	0	G1	Shewanella_B2R08	4-B2R08.mzML
565	53	652.4107992304197	1	652.4107992304196	0.0	461.8351132075471	51	2	4	4	4	6	5	6	4	6	2	6	4	0	4	4	4	6	5	6	4	6	2	6	4	2	G1,G2	Vibrio_1A01,Vibrio_6D03,Phaeobacter_B2R04,Shewanella_B2R08,Roseovarius_B2R09,Colwellia_C2M19,Paracoccus_C2R07,Salipiger_C3M06,Acinetobacter_D3M06,Arenibacter_D3M17,Motilimonas_G1M02	1-1A01.mzML,2-6D03.mzML,3-B2R04.mzML,4-B2R08.mzML,5-B2R09.mzML,6-C2M19.mzML,7-C2R07_2.mzML,8-C3M06.mzML,9-D3M06.mzML,10-D3M17.mzML,11-G1M02.mzML,bkgrnd-marine-broth.mzML
566	6	654.3499145507812	1	654.3499145507812	0.0	425.5636666666666	6	0	4	0	0	2	0	0	0	0	0	0	0	0	4	0	0	2	0	0	0	0	0	0	0	0	G1	Vibrio_1A01,Shewanella_B2R08	1-1A01.mzML,4-B2R08.mzML
567	25	655.3390030924481	1	655.3390030924479	0.0	422.80724	25	0	0	4	2	0	4	0	4	4	3	1	3	0	0	4	2	0	4	0	4	4	3	1	3	0	G1	Vibrio_6D03,Phaeobacter_B2R04,Roseovarius_B2R09,Paracoccus_C2R07,Salipiger_C3M06,Acinetobacter_D3M06,Arenibacter_D3M17,Motilimonas_G1M02	2-6D03.mzML,3-B2R04.mzML,5-B2R09.mzML,7-C2R07_2.mzML,8-C3M06.mzML,9-D3M06.mzML,10-D3M17.mzML,11-G1M02.mzML
568	7	655.339096795945	1	655.339096795945	0.0	424.2435714285714	7	0	0	1	0	0	1	0	2	2	1	0	0	0	0	1	0	0	1	0	2	2	1	0	0	0	G1	Vibrio_6D03,Roseovarius_B2R09,Paracoccus_C2R07,Salipiger_C3M06,Acinetobacter_D3M06	2-6D03.mzML,5-B2R09.mzML,7-C2R07_2.mzML,8-C3M06.mzML,9-D3M06.mzML
569	2	657.36474609375	1	657.36474609375	0.0	461.4740000000001	2	0	0	0	0	2	0	0	0	0	0	0	0	0	0	0	0	2	0	0	0	0	0	0	0	0	G1	Shewanella_B2R08	4-B2R08.mzML
570	46	658.4752396293312	1	658.4752396293313	0.0	858.883608695652	40	6	6	6	3	0	3	4	4	6	4	4	0	0	6	6	3	0	3	4	4	6	4	4	0	6	G1,G2	Vibrio_1A01,Vibrio_6D03,Phaeobacter_B2R04,Roseovarius_B2R09,Colwellia_C2M19,Paracoccus_C2R07,Salipiger_C3M06,Acinetobacter_D3M06,Arenibacter_D3M17	1-1A01.mzML,2-6D03.mzML,3-B2R04.mzML,5-B2R09.mzML,6-C2M19.mzML,7-C2R07_2.mzML,8-C3M06.mzML,9-D3M06.mzML,10-D3M17.mzML,bkgrnd-marine-broth.mzML
571	14	658.4725559779579	1	658.4725559779579	0.0	858.707285714286	14	0	0	0	3	0	3	2	2	0	2	2	0	0	0	0	3	0	3	2	2	0	2	2	0	0	G1	Phaeobacter_B2R04,Roseovarius_B2R09,Colwellia_C2M19,Paracoccus_C2R07,Acinetobacter_D3M06,Arenibacter_D3M17	3-B2R04.mzML,5-B2R09.mzML,6-C2M19.mzML,7-C2R07_2.mzML,9-D3M06.mzML,10-D3M17.mzML
572	64	660.4901180267334	1	660.4901180267334	0.0	780.045	60	4	6	6	6	6	6	6	6	6	6	6	0	0	6	6	6	6	6	6	6	6	6	6	0	4	G1,G2	Vibrio_1A01,Vibrio_6D03,Phaeobacter_B2R04,Shewanella_B2R08,Roseovarius_B2R09,Colwellia_C2M19,Paracoccus_C2R07,Salipiger_C3M06,Acinetobacter_D3M06,Arenibacter_D3M17	1-1A01.mzML,2-6D03.mzML,3-B2R04.mzML,4-B2R08.mzML,5-B2R09.mzML,6-C2M19.mzML,7-C2R07_2.mzML,8-C3M06.mzML,9-D3M06.mzML,10-D3M17.mzML,bkgrnd-marine-broth.mzML
573	2	665.359802246094	1	665.359802246094	0.0	437.572	2	0	0	1	0	0	0	0	0	0	0	1	0	0	0	1	0	0	0	0	0	0	0	1	0	0	G1	Vibrio_6D03,Arenibacter_D3M17	2-6D03.mzML,10-D3M17.mzML
574	3	665.443837483724	1	665.443837483724	0.0	783.1306666666667	3	0	0	1	0	2	0	0	0	0	0	0	0	0	0	1	0	2	0	0	0	0	0	0	0	0	G1	Vibrio_6D03,Shewanella_B2R08	2-6D03.mzML,4-B2R08.mzML
575	6	667.322672526042	1	667.322672526042	0.0	404.3128333333333	6	0	0	0	2	0	2	0	2	0	0	0	0	0	0	0	2	0	2	0	2	0	0	0	0	0	G1	Phaeobacter_B2R04,Roseovarius_B2R09,Paracoccus_C2R07	3-B2R04.mzML,5-B2R09.mzML,7-C2R07_2.mzML
576	12	667.472930908203	1	667.472930908203	0.0	788.5413333333333	12	0	0	6	0	4	0	0	2	0	0	0	0	0	0	6	0	4	0	0	2	0	0	0	0	0	G1	Vibrio_6D03,Shewanella_B2R08,Paracoccus_C2R07	2-6D03.mzML,4-B2R08.mzML,7-C2R07_2.mzML
577	18	669.3177625868058	1	669.3177625868058	0.0	399.01822222222216	18	0	0	0	4	0	4	4	0	2	4	0	0	0	0	0	4	0	4	4	0	2	4	0	0	0	G1	Phaeobacter_B2R04,Roseovarius_B2R09,Colwellia_C2M19,Salipiger_C3M06,Acinetobacter_D3M06	3-B2R04.mzML,5-B2R09.mzML,6-C2M19.mzML,8-C3M06.mzML,9-D3M06.mzML
578	10	671.303271484375	1	671.3032714843752	0.0	782.6687999999999	10	0	2	4	4	0	0	0	0	0	0	0	0	0	2	4	4	0	0	0	0	0	0	0	0	0	G1	Vibrio_1A01,Vibrio_6D03,Phaeobacter_B2R04	1-1A01.mzML,2-6D03.mzML,3-B2R04.mzML
579	2	673.349792480469	1	673.349792480469	0.0	431.494	2	0	0	0	0	0	0	0	0	1	1	0	0	0	0	0	0	0	0	0	0	1	1	0	0	0	G1	Salipiger_C3M06,Acinetobacter_D3M06	8-C3M06.mzML,9-D3M06.mzML
580	3	673.349833170573	1	673.349833170573	0.0	431.281	3	0	0	0	0	0	0	0	1	1	1	0	0	0	0	0	0	0	0	0	1	1	1	0	0	0	G1	Paracoccus_C2R07,Salipiger_C3M06,Acinetobacter_D3M06	7-C2R07_2.mzML,8-C3M06.mzML,9-D3M06.mzML
581	2	679.302876790365	1	679.302876790365	0.0	411.3925	2	0	0	0	0	0	0	0	0	0	0	2	0	0	0	0	0	0	0	0	0	0	0	2	0	0	G1	Arenibacter_D3M17	10-D3M17.mzML
582	3	679.302876790365	1	679.302876790365	0.0	412.71633333333335	3	0	0	0	0	0	0	0	0	0	0	3	0	0	0	0	0	0	0	0	0	0	0	3	0	0	G1	Arenibacter_D3M17	10-D3M17.mzML
583	4	680.422332763672	1	680.422332763672	0.0	474.8995000000001	4	0	0	2	0	0	2	0	0	0	0	0	0	0	0	2	0	0	2	0	0	0	0	0	0	0	G1	Vibrio_6D03,Roseovarius_B2R09	2-6D03.mzML,5-B2R09.mzML
584	5	683.3471801757813	1	683.3471801757813	0.0	197.7836	4	1	0	0	1	0	0	0	1	1	1	0	0	0	0	0	1	0	0	0	1	1	1	0	0	1	G1,G2	Phaeobacter_B2R04,Paracoccus_C2R07,Salipiger_C3M06,Acinetobacter_D3M06	3-B2R04.mzML,7-C2R07_2.mzML,8-C3M06.mzML,9-D3M06.mzML,bkgrnd-marine-broth.mzML
585	6	683.3714090983073	1	683.3714090983073	0.0	434.30616666666657	5	1	0	1	1	0	1	0	1	1	0	0	0	0	0	1	1	0	1	0	1	1	0	0	0	1	G1,G2	Vibrio_6D03,Phaeobacter_B2R04,Roseovarius_B2R09,Paracoccus_C2R07,Salipiger_C3M06	2-6D03.mzML,3-B2R04.mzML,5-B2R09.mzML,7-C2R07_2.mzML,8-C3M06.mzML,bkgrnd-marine-broth.mzML
586	2	683.370391845703	1	683.370391845703	0.0	433.834	2	0	0	0	0	0	0	0	1	1	0	0	0	0	0	0	0	0	0	0	1	1	0	0	0	0	G1	Paracoccus_C2R07,Salipiger_C3M06	7-C2R07_2.mzML,8-C3M06.mzML
587	6	693.3548380533854	1	693.3548380533854	0.0	453.3336666666667	6	0	0	0	0	0	2	0	2	0	0	2	0	0	0	0	0	0	2	0	2	0	0	2	0	0	G1	Roseovarius_B2R09,Paracoccus_C2R07,Arenibacter_D3M17	5-B2R09.mzML,7-C2R07_2.mzML,10-D3M17.mzML
588	48	696.436997519599	1	696.436997519599	0.0	463.3214375	45	3	4	5	4	4	4	6	5	4	3	4	2	0	4	5	4	4	4	6	5	4	3	4	2	3	G1,G2	Vibrio_1A01,Vibrio_6D03,Phaeobacter_B2R04,Shewanella_B2R08,Roseovarius_B2R09,Colwellia_C2M19,Paracoccus_C2R07,Salipiger_C3M06,Acinetobacter_D3M06,Arenibacter_D3M17,Motilimonas_G1M02	1-1A01.mzML,2-6D03.mzML,3-B2R04.mzML,4-B2R08.mzML,5-B2R09.mzML,6-C2M19.mzML,7-C2R07_2.mzML,8-C3M06.mzML,9-D3M06.mzML,10-D3M17.mzML,11-G1M02.mzML,bkgrnd-marine-broth.mzML
589	30	702.4982957628039	1	702.4982957628037	0.0	853.3253	30	0	0	3	3	0	6	4	2	4	5	3	0	0	0	3	3	0	6	4	2	4	5	3	0	0	G1	Vibrio_6D03,Phaeobacter_B2R04,Roseovarius_B2R09,Colwellia_C2M19,Paracoccus_C2R07,Salipiger_C3M06,Acinetobacter_D3M06,Arenibacter_D3M17	2-6D03.mzML,3-B2R04.mzML,5-B2R09.mzML,6-C2M19.mzML,7-C2R07_2.mzML,8-C3M06.mzML,9-D3M06.mzML,10-D3M17.mzML
590	18	702.4984797724974	1	702.4984797724971	0.0	853.5856111111111	18	0	0	3	3	0	0	2	4	2	1	3	0	0	0	3	3	0	0	2	4	2	1	3	0	0	G1	Vibrio_6D03,Phaeobacter_B2R04,Colwellia_C2M19,Paracoccus_C2R07,Salipiger_C3M06,Acinetobacter_D3M06,Arenibacter_D3M17	2-6D03.mzML,3-B2R04.mzML,6-C2M19.mzML,7-C2R07_2.mzML,8-C3M06.mzML,9-D3M06.mzML,10-D3M17.mzML
591	2	702.936279296875	1	702.936279296875	0.0	475.5595	2	0	0	0	0	2	0	0	0	0	0	0	0	0	0	0	0	2	0	0	0	0	0	0	0	0	G1	Shewanella_B2R08	4-B2R08.mzML
592	56	704.5158233642579	1	704.5158233642584	0.0	775.1910357142857	56	0	6	6	6	6	6	6	6	2	6	6	0	0	6	6	6	6	6	6	6	2	6	6	0	0	G1	Vibrio_1A01,Vibrio_6D03,Phaeobacter_B2R04,Shewanella_B2R08,Roseovarius_B2R09,Colwellia_C2M19,Paracoccus_C2R07,Salipiger_C3M06,Acinetobacter_D3M06,Arenibacter_D3M17	1-1A01.mzML,2-6D03.mzML,3-B2R04.mzML,4-B2R08.mzML,5-B2R09.mzML,6-C2M19.mzML,7-C2R07_2.mzML,8-C3M06.mzML,9-D3M06.mzML,10-D3M17.mzML
593	16	705.3199310302736	1	705.3199310302734	0.0	433.7293125	15	1	0	2	2	0	2	0	4	2	2	0	1	0	0	2	2	0	2	0	4	2	2	0	1	1	G1,G2	Vibrio_6D03,Phaeobacter_B2R04,Roseovarius_B2R09,Paracoccus_C2R07,Salipiger_C3M06,Acinetobacter_D3M06,Motilimonas_G1M02	2-6D03.mzML,3-B2R04.mzML,5-B2R09.mzML,7-C2R07_2.mzML,8-C3M06.mzML,9-D3M06.mzML,11-G1M02.mzML,bkgrnd-marine-broth.mzML
594	8	711.4994354248049	1	711.4994354248049	0.0	782.57375	8	0	0	4	0	4	0	0	0	0	0	0	0	0	0	4	0	4	0	0	0	0	0	0	0	0	G1	Vibrio_6D03,Shewanella_B2R08	2-6D03.mzML,4-B2R08.mzML
595	3	724.3715616861979	1	724.3715616861979	0.0	412.365	3	0	0	3	0	0	0	0	0	0	0	0	0	0	0	3	0	0	0	0	0	0	0	0	0	0	G1	Vibrio_6D03	2-6D03.mzML
596	2	725.3505706787109	1	725.3505706787109	0.0	416.397	2	0	0	1	0	1	0	0	0	0	0	0	0	0	0	1	0	1	0	0	0	0	0	0	0	0	G1	Vibrio_6D03,Shewanella_B2R08	2-6D03.mzML,4-B2R08.mzML
597	12	736.3619435628256	1	736.3619435628256	0.0	398.3594166666666	12	0	3	0	3	0	1	0	4	1	0	0	0	0	3	0	3	0	1	0	4	1	0	0	0	0	G1	Vibrio_1A01,Phaeobacter_B2R04,Roseovarius_B2R09,Paracoccus_C2R07,Salipiger_C3M06	1-1A01.mzML,3-B2R04.mzML,5-B2R09.mzML,7-C2R07_2.mzML,8-C3M06.mzML
598	40	740.463286336263	1	740.4632863362629	0.0	465.3274000000001	38	2	4	2	4	6	4	4	4	4	2	4	0	0	4	2	4	6	4	4	4	4	2	4	0	2	G1,G2	Vibrio_1A01,Vibrio_6D03,Phaeobacter_B2R04,Shewanella_B2R08,Roseovarius_B2R09,Colwellia_C2M19,Paracoccus_C2R07,Salipiger_C3M06,Acinetobacter_D3M06,Arenibacter_D3M17	1-1A01.mzML,2-6D03.mzML,3-B2R04.mzML,4-B2R08.mzML,5-B2R09.mzML,6-C2M19.mzML,7-C2R07_2.mzML,8-C3M06.mzML,9-D3M06.mzML,10-D3M17.mzML,bkgrnd-marine-broth.mzML
599	12	741.572499593099	1	741.5724995930988	0.0	19.807166666666667	12	0	0	12	0	0	0	0	0	0	0	0	0	0	0	12	0	0	0	0	0	0	0	0	0	0	G1	Vibrio_6D03	2-6D03.mzML
600	12	743.3922593858507	1	743.3922593858507	0.0	443.6133333333334	11	1	0	0	2	0	2	0	2	2	2	0	1	0	0	0	2	0	2	0	2	2	2	0	1	1	G1,G2	Phaeobacter_B2R04,Roseovarius_B2R09,Paracoccus_C2R07,Salipiger_C3M06,Acinetobacter_D3M06,Motilimonas_G1M02	3-B2R04.mzML,5-B2R09.mzML,7-C2R07_2.mzML,8-C3M06.mzML,9-D3M06.mzML,11-G1M02.mzML,bkgrnd-marine-broth.mzML
601	12	743.3922593858507	1	743.3922593858507	0.0	443.8056666666667	11	1	0	0	2	0	2	0	2	2	2	0	1	0	0	0	2	0	2	0	2	2	2	0	1	1	G1,G2	Phaeobacter_B2R04,Roseovarius_B2R09,Paracoccus_C2R07,Salipiger_C3M06,Acinetobacter_D3M06,Motilimonas_G1M02	3-B2R04.mzML,5-B2R09.mzML,7-C2R07_2.mzML,8-C3M06.mzML,9-D3M06.mzML,11-G1M02.mzML,bkgrnd-marine-broth.mzML
602	5	746.5236450195314	1	746.5236450195314	0.0	848.6767999999998	5	0	0	0	1	0	0	1	1	2	0	0	0	0	0	0	1	0	0	1	1	2	0	0	0	0	G1	Phaeobacter_B2R04,Colwellia_C2M19,Paracoccus_C2R07,Salipiger_C3M06	3-B2R04.mzML,6-C2M19.mzML,7-C2R07_2.mzML,8-C3M06.mzML
603	9	746.5240139431426	1	746.5240139431423	0.0	848.7281111111112	9	0	0	2	1	0	2	3	1	0	0	0	0	0	0	2	1	0	2	3	1	0	0	0	0	0	G1	Vibrio_6D03,Phaeobacter_B2R04,Roseovarius_B2R09,Colwellia_C2M19,Paracoccus_C2R07	2-6D03.mzML,3-B2R04.mzML,5-B2R09.mzML,6-C2M19.mzML,7-C2R07_2.mzML
604	30	748.5430338541667	1	748.5430338541667	0.0	771.0641333333333	30	0	6	6	0	6	2	0	6	0	4	0	0	0	6	6	0	6	2	0	6	0	4	0	0	0	G1	Vibrio_1A01,Vibrio_6D03,Shewanella_B2R08,Roseovarius_B2R09,Paracoccus_C2R07,Acinetobacter_D3M06	1-1A01.mzML,2-6D03.mzML,4-B2R08.mzML,5-B2R09.mzML,7-C2R07_2.mzML,9-D3M06.mzML
605	7	751.3710239955356	1	751.3710239955356	0.0	257.1	7	0	0	0	0	0	0	0	1	3	3	0	0	0	0	0	0	0	0	0	1	3	3	0	0	0	G1	Paracoccus_C2R07,Salipiger_C3M06,Acinetobacter_D3M06	7-C2R07_2.mzML,8-C3M06.mzML,9-D3M06.mzML
606	2	751.370585123698	1	751.370585123698	0.0	258.47450000000003	2	0	0	0	0	0	0	0	0	2	0	0	0	0	0	0	0	0	0	0	0	2	0	0	0	0	G1	Salipiger_C3M06	8-C3M06.mzML
607	8	755.3552284240725	1	755.3552284240725	0.0	420.801625	8	0	0	2	0	0	2	0	1	1	1	1	0	0	0	2	0	0	2	0	1	1	1	1	0	0	G1	Vibrio_6D03,Roseovarius_B2R09,Paracoccus_C2R07,Salipiger_C3M06,Acinetobacter_D3M06,Arenibacter_D3M17	2-6D03.mzML,5-B2R09.mzML,7-C2R07_2.mzML,8-C3M06.mzML,9-D3M06.mzML,10-D3M17.mzML
608	10	755.3552795410158	1	755.3552795410158	0.0	421.2875000000001	10	0	0	2	1	0	2	0	1	1	1	2	0	0	0	2	1	0	2	0	1	1	1	2	0	0	G1	Vibrio_6D03,Phaeobacter_B2R04,Roseovarius_B2R09,Paracoccus_C2R07,Salipiger_C3M06,Acinetobacter_D3M06,Arenibacter_D3M17	2-6D03.mzML,3-B2R04.mzML,5-B2R09.mzML,7-C2R07_2.mzML,8-C3M06.mzML,9-D3M06.mzML,10-D3M17.mzML
609	9	756.3524644639755	1	756.3524644639755	0.0	402.9566666666668	6	3	0	0	1	0	1	0	0	3	1	0	0	0	0	0	1	0	1	0	0	3	1	0	0	3	G1,G2	Phaeobacter_B2R04,Roseovarius_B2R09,Salipiger_C3M06,Acinetobacter_D3M06	3-B2R04.mzML,5-B2R09.mzML,8-C3M06.mzML,9-D3M06.mzML,bkgrnd-marine-broth.mzML
610	6	756.351081000434	1	756.351081000434	0.0	402.0581666666667	5	1	0	0	0	0	1	0	0	3	1	0	0	0	0	0	0	0	1	0	0	3	1	0	0	1	G1,G2	Roseovarius_B2R09,Salipiger_C3M06,Acinetobacter_D3M06	5-B2R09.mzML,8-C3M06.mzML,9-D3M06.mzML,bkgrnd-marine-broth.mzML
611	6	766.382486979167	1	766.382486979167	0.0	405.3781666666667	6	0	3	3	0	0	0	0	0	0	0	0	0	0	3	3	0	0	0	0	0	0	0	0	0	0	G1	Vibrio_1A01,Vibrio_6D03	1-1A01.mzML,2-6D03.mzML
612	3	766.382527669271	1	766.382527669271	0.0	409.83566666666667	3	0	0	3	0	0	0	0	0	0	0	0	0	0	0	3	0	0	0	0	0	0	0	0	0	0	G1	Vibrio_6D03	2-6D03.mzML
613	6	767.4019165039066	1	767.4019165039066	0.0	195.45416666666668	6	0	0	0	1	0	1	0	2	1	1	0	0	0	0	0	1	0	1	0	2	1	1	0	0	0	G1	Phaeobacter_B2R04,Roseovarius_B2R09,Paracoccus_C2R07,Salipiger_C3M06,Acinetobacter_D3M06	3-B2R04.mzML,5-B2R09.mzML,7-C2R07_2.mzML,8-C3M06.mzML,9-D3M06.mzML
614	2	767.4014739990234	1	767.4014739990234	0.0	194.4465	2	0	0	0	0	0	1	0	1	0	0	0	0	0	0	0	0	0	1	0	1	0	0	0	0	0	G1	Roseovarius_B2R09,Paracoccus_C2R07	5-B2R09.mzML,7-C2R07_2.mzML
615	2	773.380737304688	1	773.380737304688	0.0	456.452	2	0	0	2	0	0	0	0	0	0	0	0	0	0	0	2	0	0	0	0	0	0	0	0	0	0	G1	Vibrio_6D03	2-6D03.mzML
616	2	773.380737304688	1	773.380737304688	0.0	456.644	2	0	0	2	0	0	0	0	0	0	0	0	0	0	0	2	0	0	0	0	0	0	0	0	0	0	G1	Vibrio_6D03	2-6D03.mzML
617	15	783.4368733723958	1	783.4368733723958	0.0	405.8287333333333	12	3	0	2	3	0	2	0	1	2	2	0	0	0	0	2	3	0	2	0	1	2	2	0	0	3	G1,G2	Vibrio_6D03,Phaeobacter_B2R04,Roseovarius_B2R09,Paracoccus_C2R07,Salipiger_C3M06,Acinetobacter_D3M06	2-6D03.mzML,3-B2R04.mzML,5-B2R09.mzML,7-C2R07_2.mzML,8-C3M06.mzML,9-D3M06.mzML,bkgrnd-marine-broth.mzML
618	15	783.4368733723958	1	783.4368733723958	0.0	406.0209333333333	12	3	0	2	3	0	2	0	1	2	2	0	0	0	0	2	3	0	2	0	1	2	2	0	0	3	G1,G2	Vibrio_6D03,Phaeobacter_B2R04,Roseovarius_B2R09,Paracoccus_C2R07,Salipiger_C3M06,Acinetobacter_D3M06	2-6D03.mzML,3-B2R04.mzML,5-B2R09.mzML,7-C2R07_2.mzML,8-C3M06.mzML,9-D3M06.mzML,bkgrnd-marine-broth.mzML
619	32	784.4896697998049	1	784.4896697998047	0.0	467.505	30	2	4	4	1	4	3	3	4	3	2	2	0	0	4	4	1	4	3	3	4	3	2	2	0	2	G1,G2	Vibrio_1A01,Vibrio_6D03,Phaeobacter_B2R04,Shewanella_B2R08,Roseovarius_B2R09,Colwellia_C2M19,Paracoccus_C2R07,Salipiger_C3M06,Acinetobacter_D3M06,Arenibacter_D3M17	1-1A01.mzML,2-6D03.mzML,3-B2R04.mzML,4-B2R08.mzML,5-B2R09.mzML,6-C2M19.mzML,7-C2R07_2.mzML,8-C3M06.mzML,9-D3M06.mzML,10-D3M17.mzML,bkgrnd-marine-broth.mzML
620	3	785.5922241210941	1	785.5922241210941	0.0	768.7296666666665	3	0	0	0	0	0	0	0	0	0	3	0	0	0	0	0	0	0	0	0	0	0	3	0	0	0	G1	Acinetobacter_D3M06	9-D3M06.mzML
621	22	792.5694469105115	1	792.5694469105115	0.0	766.7927272727271	22	0	4	6	0	6	0	0	6	0	0	0	0	0	4	6	0	6	0	0	6	0	0	0	0	0	G1	Vibrio_1A01,Vibrio_6D03,Shewanella_B2R08,Paracoccus_C2R07	1-1A01.mzML,2-6D03.mzML,4-B2R08.mzML,7-C2R07_2.mzML
622	2	795.408752441406	1	795.408752441406	0.0	413.238	2	0	0	2	0	0	0	0	0	0	0	0	0	0	0	2	0	0	0	0	0	0	0	0	0	0	G1	Vibrio_6D03	2-6D03.mzML
623	2	806.400512695313	1	806.400512695313	0.0	416.1225	2	0	0	0	0	2	0	0	0	0	0	0	0	0	0	0	0	2	0	0	0	0	0	0	0	0	G1	Shewanella_B2R08	4-B2R08.mzML
624	2	806.400512695313	1	806.400512695313	0.0	416.3145	2	0	0	0	0	2	0	0	0	0	0	0	0	0	0	0	0	2	0	0	0	0	0	0	0	0	G1	Shewanella_B2R08	4-B2R08.mzML
625	2	808.416961669922	1	808.416961669922	0.0	429.3295	2	0	0	1	0	0	0	1	0	0	0	0	0	0	0	1	0	0	0	1	0	0	0	0	0	0	G1	Vibrio_6D03,Colwellia_C2M19	2-6D03.mzML,6-C2M19.mzML
626	2	808.416961669922	1	808.416961669922	0.0	429.5225	2	0	0	1	0	0	0	1	0	0	0	0	0	0	0	1	0	0	0	1	0	0	0	0	0	0	G1	Vibrio_6D03,Colwellia_C2M19	2-6D03.mzML,6-C2M19.mzML
627	8	811.3932876586916	1	811.3932876586916	0.0	406.897125	7	1	0	0	1	0	2	0	2	1	1	0	0	0	0	0	1	0	2	0	2	1	1	0	0	1	G1,G2	Phaeobacter_B2R04,Roseovarius_B2R09,Paracoccus_C2R07,Salipiger_C3M06,Acinetobacter_D3M06	3-B2R04.mzML,5-B2R09.mzML,7-C2R07_2.mzML,8-C3M06.mzML,9-D3M06.mzML,bkgrnd-marine-broth.mzML
628	2	811.3920135498049	1	811.3920135498049	0.0	406.0045	2	0	0	0	0	0	1	0	1	0	0	0	0	0	0	0	0	0	1	0	1	0	0	0	0	0	G1	Roseovarius_B2R09,Paracoccus_C2R07	5-B2R09.mzML,7-C2R07_2.mzML
629	47	817.583477047318	1	817.5834770473183	0.0	619.2028723404255	45	2	2	4	4	4	4	6	4	6	6	5	0	0	2	4	4	4	4	6	4	6	6	5	0	2	G1,G2	Vibrio_1A01,Vibrio_6D03,Phaeobacter_B2R04,Shewanella_B2R08,Roseovarius_B2R09,Colwellia_C2M19,Paracoccus_C2R07,Salipiger_C3M06,Acinetobacter_D3M06,Arenibacter_D3M17	1-1A01.mzML,2-6D03.mzML,3-B2R04.mzML,4-B2R08.mzML,5-B2R09.mzML,6-C2M19.mzML,7-C2R07_2.mzML,8-C3M06.mzML,9-D3M06.mzML,10-D3M17.mzML,bkgrnd-marine-broth.mzML
630	20	828.5133972167971	1	828.5133972167969	0.0	469.0864	20	0	0	2	2	4	2	2	4	2	0	2	0	0	0	2	2	4	2	2	4	2	0	2	0	0	G1	Vibrio_6D03,Phaeobacter_B2R04,Shewanella_B2R08,Roseovarius_B2R09,Colwellia_C2M19,Paracoccus_C2R07,Salipiger_C3M06,Arenibacter_D3M17	2-6D03.mzML,3-B2R04.mzML,4-B2R08.mzML,5-B2R09.mzML,6-C2M19.mzML,7-C2R07_2.mzML,8-C3M06.mzML,10-D3M17.mzML
631	2	835.44081624349	1	835.44081624349	0.0	425.9295	2	0	2	0	0	0	0	0	0	0	0	0	0	0	2	0	0	0	0	0	0	0	0	0	0	0	G1	Vibrio_1A01	1-1A01.mzML
632	3	835.4408162434898	1	835.4408162434898	0.0	426.99533333333335	3	0	3	0	0	0	0	0	0	0	0	0	0	0	3	0	0	0	0	0	0	0	0	0	0	0	G1	Vibrio_1A01	1-1A01.mzML
633	10	836.5926879882812	1	836.5926879882812	0.0	763.1743000000001	10	0	0	6	0	4	0	0	0	0	0	0	0	0	0	6	0	4	0	0	0	0	0	0	0	0	G1	Vibrio_6D03,Shewanella_B2R08	2-6D03.mzML,4-B2R08.mzML
634	4	839.564025878906	1	839.564025878906	0.0	621.20225	4	0	0	0	0	0	0	0	0	0	4	0	0	0	0	0	0	0	0	0	0	0	4	0	0	0	G1	Acinetobacter_D3M06	9-D3M06.mzML
635	4	853.4497222900392	1	853.4497222900392	0.0	409.7517500000001	4	0	0	0	1	0	0	0	1	1	1	0	0	0	0	0	1	0	0	0	1	1	1	0	0	0	G1	Phaeobacter_B2R04,Paracoccus_C2R07,Salipiger_C3M06,Acinetobacter_D3M06	3-B2R04.mzML,7-C2R07_2.mzML,8-C3M06.mzML,9-D3M06.mzML
636	11	853.4515935724434	1	853.4515935724434	0.0	411.0622727272728	9	2	0	0	2	0	1	0	2	2	2	0	0	0	0	0	2	0	1	0	2	2	2	0	0	2	G1,G2	Phaeobacter_B2R04,Roseovarius_B2R09,Paracoccus_C2R07,Salipiger_C3M06,Acinetobacter_D3M06	3-B2R04.mzML,5-B2R09.mzML,7-C2R07_2.mzML,8-C3M06.mzML,9-D3M06.mzML,bkgrnd-marine-broth.mzML
637	4	855.3821563720704	1	855.3821563720704	0.0	417.12074999999993	4	0	0	0	0	0	0	1	1	1	0	1	0	0	0	0	0	0	0	1	1	1	0	1	0	0	G1	Colwellia_C2M19,Paracoccus_C2R07,Salipiger_C3M06,Arenibacter_D3M17	6-C2M19.mzML,7-C2R07_2.mzML,8-C3M06.mzML,10-D3M17.mzML
638	10	871.4490783691408	1	871.4490783691406	0.0	436.8969	10	0	0	1	2	0	2	0	1	2	1	1	0	0	0	1	2	0	2	0	1	2	1	1	0	0	G1	Vibrio_6D03,Phaeobacter_B2R04,Roseovarius_B2R09,Paracoccus_C2R07,Salipiger_C3M06,Acinetobacter_D3M06,Arenibacter_D3M17	2-6D03.mzML,3-B2R04.mzML,5-B2R09.mzML,7-C2R07_2.mzML,8-C3M06.mzML,9-D3M06.mzML,10-D3M17.mzML
639	11	871.450164794922	1	871.4501647949219	0.0	437.13818181818175	10	1	0	1	2	0	2	0	1	2	1	1	0	0	0	1	2	0	2	0	1	2	1	1	0	1	G1,G2	Vibrio_6D03,Phaeobacter_B2R04,Roseovarius_B2R09,Paracoccus_C2R07,Salipiger_C3M06,Acinetobacter_D3M06,Arenibacter_D3M17	2-6D03.mzML,3-B2R04.mzML,5-B2R09.mzML,7-C2R07_2.mzML,8-C3M06.mzML,9-D3M06.mzML,10-D3M17.mzML,bkgrnd-marine-broth.mzML
640	10	872.5390258789064	1	872.5390258789063	0.0	469.9574	10	0	0	2	0	2	0	2	2	2	0	0	0	0	0	2	0	2	0	2	2	2	0	0	0	0	G1	Vibrio_6D03,Shewanella_B2R08,Colwellia_C2M19,Paracoccus_C2R07,Salipiger_C3M06	2-6D03.mzML,4-B2R08.mzML,6-C2M19.mzML,7-C2R07_2.mzML,8-C3M06.mzML
641	2	879.4544372558595	1	879.4544372558595	0.0	429.664	2	0	0	1	0	0	0	0	0	0	0	0	1	0	0	1	0	0	0	0	0	0	0	0	1	0	G1	Vibrio_6D03,Motilimonas_G1M02	2-6D03.mzML,11-G1M02.mzML
642	3	879.4585774739584	1	879.4585774739584	0.0	429.7413333333333	3	0	1	1	0	0	0	0	0	0	0	0	1	0	1	1	0	0	0	0	0	0	0	0	1	0	G1	Vibrio_1A01,Vibrio_6D03,Motilimonas_G1M02	1-1A01.mzML,2-6D03.mzML,11-G1M02.mzML
643	2	879.478373209635	1	879.478373209635	0.0	404.722	2	0	2	0	0	0	0	0	0	0	0	0	0	0	2	0	0	0	0	0	0	0	0	0	0	0	G1	Vibrio_1A01	1-1A01.mzML
644	2	881.352752685547	1	881.352752685547	0.0	399.1155	2	0	0	0	0	0	1	0	0	0	0	1	0	0	0	0	0	0	1	0	0	0	0	1	0	0	G1	Roseovarius_B2R09,Arenibacter_D3M17	5-B2R09.mzML,10-D3M17.mzML
645	7	883.4494803292412	1	883.4494803292412	0.0	429.2231428571428	7	0	0	0	1	0	1	0	2	1	2	0	0	0	0	0	1	0	1	0	2	1	2	0	0	0	G1	Phaeobacter_B2R04,Roseovarius_B2R09,Paracoccus_C2R07,Salipiger_C3M06,Acinetobacter_D3M06	3-B2R04.mzML,5-B2R09.mzML,7-C2R07_2.mzML,8-C3M06.mzML,9-D3M06.mzML
646	6	891.5888061523439	1	891.5888061523439	0.0	19.79158333333333	6	0	0	6	0	0	0	0	0	0	0	0	0	0	0	6	0	0	0	0	0	0	0	0	0	0	G1	Vibrio_6D03	2-6D03.mzML
647	10	895.3956604003906	1	895.3956604003906	0.0	416.10239999999993	10	0	0	0	1	0	1	1	2	1	1	3	0	0	0	0	1	0	1	1	2	1	1	3	0	0	G1	Phaeobacter_B2R04,Roseovarius_B2R09,Colwellia_C2M19,Paracoccus_C2R07,Salipiger_C3M06,Acinetobacter_D3M06,Arenibacter_D3M17	3-B2R04.mzML,5-B2R09.mzML,6-C2M19.mzML,7-C2R07_2.mzML,8-C3M06.mzML,9-D3M06.mzML,10-D3M17.mzML
648	3	895.3956909179689	1	895.3956909179689	0.0	417.3973333333333	3	0	0	0	0	0	0	1	2	0	0	0	0	0	0	0	0	0	0	1	2	0	0	0	0	0	G1	Colwellia_C2M19,Paracoccus_C2R07	6-C2M19.mzML,7-C2R07_2.mzML
649	6	906.4301215277776	1	906.4301215277776	0.0	402.9943333333334	5	1	0	0	0	0	0	0	3	0	1	1	0	0	0	0	0	0	0	0	3	0	1	1	0	1	G1,G2	Paracoccus_C2R07,Acinetobacter_D3M06,Arenibacter_D3M17	7-C2R07_2.mzML,9-D3M06.mzML,10-D3M17.mzML,bkgrnd-marine-broth.mzML
650	17	906.4289407169116	1	906.4289407169116	0.0	403.9721764705882	16	1	0	0	1	0	3	0	3	3	3	3	0	0	0	0	1	0	3	0	3	3	3	3	0	1	G1,G2	Phaeobacter_B2R04,Roseovarius_B2R09,Paracoccus_C2R07,Salipiger_C3M06,Acinetobacter_D3M06,Arenibacter_D3M17	3-B2R04.mzML,5-B2R09.mzML,7-C2R07_2.mzML,8-C3M06.mzML,9-D3M06.mzML,10-D3M17.mzML,bkgrnd-marine-broth.mzML
651	9	906.4283289026332	1	906.4283289026332	0.0	403.4061111111111	9	0	0	0	1	0	3	0	0	2	1	2	0	0	0	0	1	0	3	0	0	2	1	2	0	0	G1	Phaeobacter_B2R04,Roseovarius_B2R09,Salipiger_C3M06,Acinetobacter_D3M06,Arenibacter_D3M17	3-B2R04.mzML,5-B2R09.mzML,8-C3M06.mzML,9-D3M06.mzML,10-D3M17.mzML
652	18	922.4237026638456	1	922.4237026638456	0.0	400.5589444444444	17	1	0	0	2	0	3	0	3	3	3	3	0	0	0	0	2	0	3	0	3	3	3	3	0	1	G1,G2	Phaeobacter_B2R04,Roseovarius_B2R09,Paracoccus_C2R07,Salipiger_C3M06,Acinetobacter_D3M06,Arenibacter_D3M17	3-B2R04.mzML,5-B2R09.mzML,7-C2R07_2.mzML,8-C3M06.mzML,9-D3M06.mzML,10-D3M17.mzML,bkgrnd-marine-broth.mzML
653	4	922.4231414794922	1	922.4231414794922	0.0	401.24125	4	0	0	0	1	0	1	0	0	0	1	1	0	0	0	0	1	0	1	0	0	0	1	1	0	0	G1	Phaeobacter_B2R04,Roseovarius_B2R09,Acinetobacter_D3M06,Arenibacter_D3M17	3-B2R04.mzML,5-B2R09.mzML,9-D3M06.mzML,10-D3M17.mzML
654	9	922.4230934425638	1	922.4230934425636	0.0	399.9391111111111	9	0	0	0	0	0	1	0	3	2	1	2	0	0	0	0	0	0	1	0	3	2	1	2	0	0	G1	Roseovarius_B2R09,Paracoccus_C2R07,Salipiger_C3M06,Acinetobacter_D3M06,Arenibacter_D3M17	5-B2R09.mzML,7-C2R07_2.mzML,8-C3M06.mzML,9-D3M06.mzML,10-D3M17.mzML
655	20	931.625521850586	1	931.625521850586	0.0	554.1305	19	1	1	1	2	2	2	2	2	3	2	2	0	0	1	1	2	2	2	2	2	3	2	2	0	1	G1,G2	Vibrio_1A01,Vibrio_6D03,Phaeobacter_B2R04,Shewanella_B2R08,Roseovarius_B2R09,Colwellia_C2M19,Paracoccus_C2R07,Salipiger_C3M06,Acinetobacter_D3M06,Arenibacter_D3M17	1-1A01.mzML,2-6D03.mzML,3-B2R04.mzML,4-B2R08.mzML,5-B2R09.mzML,6-C2M19.mzML,7-C2R07_2.mzML,8-C3M06.mzML,9-D3M06.mzML,10-D3M17.mzML,bkgrnd-marine-broth.mzML
656	14	931.624221801758	1	931.624221801758	0.0	554.0586428571428	14	0	0	1	0	1	1	2	2	3	2	2	0	0	0	1	0	1	1	2	2	3	2	2	0	0	G1	Vibrio_6D03,Shewanella_B2R08,Roseovarius_B2R09,Colwellia_C2M19,Paracoccus_C2R07,Salipiger_C3M06,Acinetobacter_D3M06,Arenibacter_D3M17	2-6D03.mzML,4-B2R08.mzML,5-B2R09.mzML,6-C2M19.mzML,7-C2R07_2.mzML,8-C3M06.mzML,9-D3M06.mzML,10-D3M17.mzML
657	2	934.458618164063	1	934.458618164063	0.0	413.271	2	0	0	0	0	2	0	0	0	0	0	0	0	0	0	0	0	2	0	0	0	0	0	0	0	0	G1	Shewanella_B2R08	4-B2R08.mzML
658	3	934.458618164063	1	934.458618164063	0.0	414.0159999999999	3	0	0	0	0	3	0	0	0	0	0	0	0	0	0	0	0	3	0	0	0	0	0	0	0	0	G1	Shewanella_B2R08	4-B2R08.mzML
659	8	936.4750747680664	1	936.4750747680664	0.0	427.380375	8	0	0	2	2	0	0	0	1	0	1	2	0	0	0	2	2	0	0	0	1	0	1	2	0	0	G1	Vibrio_6D03,Phaeobacter_B2R04,Paracoccus_C2R07,Acinetobacter_D3M06,Arenibacter_D3M17	2-6D03.mzML,3-B2R04.mzML,7-C2R07_2.mzML,9-D3M06.mzML,10-D3M17.mzML
660	2	936.488983154297	1	936.488983154297	0.0	427.9325	2	0	2	0	0	0	0	0	0	0	0	0	0	0	2	0	0	0	0	0	0	0	0	0	0	0	G1	Vibrio_1A01	1-1A01.mzML
661	2	936.488983154297	1	936.488983154297	0.0	428.125	2	0	2	0	0	0	0	0	0	0	0	0	0	0	2	0	0	0	0	0	0	0	0	0	0	0	G1	Vibrio_1A01	1-1A01.mzML
662	8	938.421588897705	1	938.421588897705	0.0	408.542	7	1	0	1	0	0	1	0	2	1	1	1	0	0	0	1	0	0	1	0	2	1	1	1	0	1	G1,G2	Vibrio_6D03,Roseovarius_B2R09,Paracoccus_C2R07,Salipiger_C3M06,Acinetobacter_D3M06,Arenibacter_D3M17	2-6D03.mzML,5-B2R09.mzML,7-C2R07_2.mzML,8-C3M06.mzML,9-D3M06.mzML,10-D3M17.mzML,bkgrnd-marine-broth.mzML
663	8	938.421588897705	1	938.421588897705	0.0	408.734625	7	1	0	1	0	0	1	0	2	1	1	1	0	0	0	1	0	0	1	0	2	1	1	1	0	1	G1,G2	Vibrio_6D03,Roseovarius_B2R09,Paracoccus_C2R07,Salipiger_C3M06,Acinetobacter_D3M06,Arenibacter_D3M17	2-6D03.mzML,5-B2R09.mzML,7-C2R07_2.mzML,8-C3M06.mzML,9-D3M06.mzML,10-D3M17.mzML,bkgrnd-marine-broth.mzML
664	9	947.4477878146702	1	947.4477878146702	0.0	441.01888888888885	7	2	0	2	0	0	0	0	1	1	1	1	1	0	0	2	0	0	0	0	1	1	1	1	1	2	G1,G2	Vibrio_6D03,Paracoccus_C2R07,Salipiger_C3M06,Acinetobacter_D3M06,Arenibacter_D3M17,Motilimonas_G1M02	2-6D03.mzML,7-C2R07_2.mzML,8-C3M06.mzML,9-D3M06.mzML,10-D3M17.mzML,11-G1M02.mzML,bkgrnd-marine-broth.mzML
665	6	947.4473368326824	1	947.4473368326824	0.0	440.3441666666666	5	1	0	1	0	0	0	0	1	1	1	1	0	0	0	1	0	0	0	0	1	1	1	1	0	1	G1,G2	Vibrio_6D03,Paracoccus_C2R07,Salipiger_C3M06,Acinetobacter_D3M06,Arenibacter_D3M17	2-6D03.mzML,7-C2R07_2.mzML,8-C3M06.mzML,9-D3M06.mzML,10-D3M17.mzML,bkgrnd-marine-broth.mzML
666	4	953.606079101563	1	953.606079101563	0.0	554.3405	4	0	0	0	0	0	0	0	0	2	0	2	0	0	0	0	0	0	0	0	0	2	0	2	0	0	G1	Salipiger_C3M06,Arenibacter_D3M17	8-C3M06.mzML,10-D3M17.mzML
667	2	967.480010986328	1	967.480010986328	0.0	420.5685	2	0	0	0	0	0	1	0	0	0	1	0	0	0	0	0	0	0	1	0	0	0	1	0	0	0	G1	Roseovarius_B2R09,Acinetobacter_D3M06	5-B2R09.mzML,9-D3M06.mzML
668	5	991.5170471191408	1	991.5170471191408	0.0	442.6436000000001	5	0	0	0	1	0	1	0	0	1	1	1	0	0	0	0	1	0	1	0	0	1	1	1	0	0	G1	Phaeobacter_B2R04,Roseovarius_B2R09,Salipiger_C3M06,Acinetobacter_D3M06,Arenibacter_D3M17	3-B2R04.mzML,5-B2R09.mzML,8-C3M06.mzML,9-D3M06.mzML,10-D3M17.mzML
669	5	997.4572875976562	1	997.4572875976562	0.0	412.335	4	1	0	0	1	0	1	0	1	1	0	0	0	0	0	0	1	0	1	0	1	1	0	0	0	1	G1,G2	Phaeobacter_B2R04,Roseovarius_B2R09,Paracoccus_C2R07,Salipiger_C3M06	3-B2R04.mzML,5-B2R09.mzML,7-C2R07_2.mzML,8-C3M06.mzML,bkgrnd-marine-broth.mzML
670	7	1007.5140409923736	1	1007.5140409923736	0.0	425.4264285714285	6	1	0	0	1	0	2	0	1	0	1	0	1	0	0	0	1	0	2	0	1	0	1	0	1	1	G1,G2	Phaeobacter_B2R04,Roseovarius_B2R09,Paracoccus_C2R07,Acinetobacter_D3M06,Motilimonas_G1M02	3-B2R04.mzML,5-B2R09.mzML,7-C2R07_2.mzML,9-D3M06.mzML,11-G1M02.mzML,bkgrnd-marine-broth.mzML
671	9	1007.5150881166816	1	1007.5150881166816	0.0	425.74677777777777	7	2	0	1	1	0	2	0	1	0	1	0	1	0	0	1	1	0	2	0	1	0	1	0	1	2	G1,G2	Vibrio_6D03,Phaeobacter_B2R04,Roseovarius_B2R09,Paracoccus_C2R07,Acinetobacter_D3M06,Motilimonas_G1M02	2-6D03.mzML,3-B2R04.mzML,5-B2R09.mzML,7-C2R07_2.mzML,9-D3M06.mzML,11-G1M02.mzML,bkgrnd-marine-broth.mzML
672	8	1031.588348388672	1	1031.588348388672	0.0	608.840875	8	0	0	1	0	0	1	2	1	1	0	2	0	0	0	1	0	0	1	2	1	1	0	2	0	0	G1	Vibrio_6D03,Roseovarius_B2R09,Colwellia_C2M19,Paracoccus_C2R07,Salipiger_C3M06,Arenibacter_D3M17	2-6D03.mzML,5-B2R09.mzML,6-C2M19.mzML,7-C2R07_2.mzML,8-C3M06.mzML,10-D3M17.mzML
673	8	1031.588348388672	1	1031.588348388672	0.0	609.033625	8	0	0	1	0	0	1	2	1	1	0	2	0	0	0	1	0	0	1	2	1	1	0	2	0	0	G1	Vibrio_6D03,Roseovarius_B2R09,Colwellia_C2M19,Paracoccus_C2R07,Salipiger_C3M06,Arenibacter_D3M17	2-6D03.mzML,5-B2R09.mzML,6-C2M19.mzML,7-C2R07_2.mzML,8-C3M06.mzML,10-D3M17.mzML
674	7	1064.5332815987726	1	1064.5332815987726	0.0	423.2051428571429	7	0	0	1	1	0	1	0	1	1	1	1	0	0	0	1	1	0	1	0	1	1	1	1	0	0	G1	Vibrio_6D03,Phaeobacter_B2R04,Roseovarius_B2R09,Paracoccus_C2R07,Salipiger_C3M06,Acinetobacter_D3M06,Arenibacter_D3M17	2-6D03.mzML,3-B2R04.mzML,5-B2R09.mzML,7-C2R07_2.mzML,8-C3M06.mzML,9-D3M06.mzML,10-D3M17.mzML
675	9	1064.5347018771706	1	1064.5347018771704	0.0	423.47977777777777	8	1	0	1	1	0	1	0	1	1	1	2	0	0	0	1	1	0	1	0	1	1	1	2	0	1	G1,G2	Vibrio_6D03,Phaeobacter_B2R04,Roseovarius_B2R09,Paracoccus_C2R07,Salipiger_C3M06,Acinetobacter_D3M06,Arenibacter_D3M17	2-6D03.mzML,3-B2R04.mzML,5-B2R09.mzML,7-C2R07_2.mzML,8-C3M06.mzML,9-D3M06.mzML,10-D3M17.mzML,bkgrnd-marine-broth.mzML
676	2	1088.5354614257817	1	1088.5354614257817	0.0	426.482	2	0	0	0	0	0	0	0	1	1	0	0	0	0	0	0	0	0	0	0	1	1	0	0	0	0	G1	Paracoccus_C2R07,Salipiger_C3M06	7-C2R07_2.mzML,8-C3M06.mzML
677	9	1105.5736219618057	1	1105.5736219618057	0.0	406.7698888888889	7	2	0	0	1	0	2	0	1	1	1	1	0	0	0	0	1	0	2	0	1	1	1	1	0	2	G1,G2	Phaeobacter_B2R04,Roseovarius_B2R09,Paracoccus_C2R07,Salipiger_C3M06,Acinetobacter_D3M06,Arenibacter_D3M17	3-B2R04.mzML,5-B2R09.mzML,7-C2R07_2.mzML,8-C3M06.mzML,9-D3M06.mzML,10-D3M17.mzML,bkgrnd-marine-broth.mzML
678	9	1105.5736219618057	1	1105.5736219618057	0.0	406.9628888888889	7	2	0	0	1	0	2	0	1	1	1	1	0	0	0	0	1	0	2	0	1	1	1	1	0	2	G1,G2	Phaeobacter_B2R04,Roseovarius_B2R09,Paracoccus_C2R07,Salipiger_C3M06,Acinetobacter_D3M06,Arenibacter_D3M17	3-B2R04.mzML,5-B2R09.mzML,7-C2R07_2.mzML,8-C3M06.mzML,9-D3M06.mzML,10-D3M17.mzML,bkgrnd-marine-broth.mzML
679	9	1106.5596245659722	1	1106.5596245659724	0.0	408.6122222222222	8	1	0	0	1	0	1	0	1	1	1	3	0	0	0	0	1	0	1	0	1	1	1	3	0	1	G1,G2	Phaeobacter_B2R04,Roseovarius_B2R09,Paracoccus_C2R07,Salipiger_C3M06,Acinetobacter_D3M06,Arenibacter_D3M17	3-B2R04.mzML,5-B2R09.mzML,7-C2R07_2.mzML,8-C3M06.mzML,9-D3M06.mzML,10-D3M17.mzML,bkgrnd-marine-broth.mzML
680	9	1106.5596245659722	1	1106.5596245659724	0.0	408.8051111111112	8	1	0	0	1	0	1	0	1	1	1	3	0	0	0	0	1	0	1	0	1	1	1	3	0	1	G1,G2	Phaeobacter_B2R04,Roseovarius_B2R09,Paracoccus_C2R07,Salipiger_C3M06,Acinetobacter_D3M06,Arenibacter_D3M17	3-B2R04.mzML,5-B2R09.mzML,7-C2R07_2.mzML,8-C3M06.mzML,9-D3M06.mzML,10-D3M17.mzML,bkgrnd-marine-broth.mzML
681	11	1149.5494606711648	1	1149.5494606711648	0.0	419.82809090909086	11	0	0	0	2	0	2	0	2	2	1	2	0	0	0	0	2	0	2	0	2	2	1	2	0	0	G1	Phaeobacter_B2R04,Roseovarius_B2R09,Paracoccus_C2R07,Salipiger_C3M06,Acinetobacter_D3M06,Arenibacter_D3M17	3-B2R04.mzML,5-B2R09.mzML,7-C2R07_2.mzML,8-C3M06.mzML,9-D3M06.mzML,10-D3M17.mzML
682	13	1149.551729642428	1	1149.551729642428	0.0	419.9772307692307	11	2	0	0	2	0	2	0	2	2	1	2	0	0	0	0	2	0	2	0	2	2	1	2	0	2	G1,G2	Phaeobacter_B2R04,Roseovarius_B2R09,Paracoccus_C2R07,Salipiger_C3M06,Acinetobacter_D3M06,Arenibacter_D3M17	3-B2R04.mzML,5-B2R09.mzML,7-C2R07_2.mzML,8-C3M06.mzML,9-D3M06.mzML,10-D3M17.mzML,bkgrnd-marine-broth.mzML
683	2	1149.564208984375	1	1149.564208984375	0.0	419.5435	0	2	0	0	0	0	0	0	0	0	0	0	0	0	0	0	0	0	0	0	0	0	0	0	0	2	G2		bkgrnd-marine-broth.mzML
684	5	1150.541072591146	1	1150.541072591146	0.0	423.3502	4	1	0	0	1	0	0	0	1	0	1	1	0	0	0	0	1	0	0	0	1	0	1	1	0	1	G1,G2	Phaeobacter_B2R04,Paracoccus_C2R07,Acinetobacter_D3M06,Arenibacter_D3M17	3-B2R04.mzML,7-C2R07_2.mzML,9-D3M06.mzML,10-D3M17.mzML,bkgrnd-marine-broth.mzML
685	4	1150.5362040201826	1	1150.5362040201826	0.0	428.338	4	0	0	0	0	0	0	3	0	0	0	1	0	0	0	0	0	0	0	3	0	0	0	1	0	0	G1	Colwellia_C2M19,Arenibacter_D3M17	6-C2M19.mzML,10-D3M17.mzML
686	5	1150.5364827473963	1	1150.5364827473963	0.0	428.1936	5	0	0	0	0	0	0	3	1	0	0	1	0	0	0	0	0	0	0	3	1	0	0	1	0	0	G1	Colwellia_C2M19,Paracoccus_C2R07,Arenibacter_D3M17	6-C2M19.mzML,7-C2R07_2.mzML,10-D3M17.mzML
687	6	1150.5406222873269	1	1150.5406222873269	0.0	423.7671666666666	5	1	0	1	0	0	0	0	1	0	1	2	0	0	0	1	0	0	0	0	1	0	1	2	0	1	G1,G2	Vibrio_6D03,Paracoccus_C2R07,Acinetobacter_D3M06,Arenibacter_D3M17	2-6D03.mzML,7-C2R07_2.mzML,9-D3M06.mzML,10-D3M17.mzML,bkgrnd-marine-broth.mzML
688	2	1161.549377441406	1	1161.549377441406	0.0	412.4475	2	0	0	0	0	0	0	2	0	0	0	0	0	0	0	0	0	0	0	2	0	0	0	0	0	0	G1	Colwellia_C2M19	6-C2M19.mzML
689	2	1177.580444335938	1	1177.580444335938	0.0	441.7945	2	0	0	0	0	0	0	1	0	0	1	0	0	0	0	0	0	0	0	1	0	0	1	0	0	0	G1	Colwellia_C2M19,Acinetobacter_D3M06	6-C2M19.mzML,9-D3M06.mzML
690	6	1200.554158528646	1	1200.554158528646	0.0	452.1053333333333	4	2	0	0	1	0	1	0	1	1	0	0	0	0	0	0	1	0	1	0	1	1	0	0	0	2	G1,G2	Phaeobacter_B2R04,Roseovarius_B2R09,Paracoccus_C2R07,Salipiger_C3M06	3-B2R04.mzML,5-B2R09.mzML,7-C2R07_2.mzML,8-C3M06.mzML,bkgrnd-marine-broth.mzML
691	5	1200.5519531250002	1	1200.5519531250002	0.0	452.29300000000006	4	1	0	0	1	0	1	0	1	1	0	0	0	0	0	0	1	0	1	0	1	1	0	0	0	1	G1,G2	Phaeobacter_B2R04,Roseovarius_B2R09,Paracoccus_C2R07,Salipiger_C3M06	3-B2R04.mzML,5-B2R09.mzML,7-C2R07_2.mzML,8-C3M06.mzML,bkgrnd-marine-broth.mzML
692	6	1216.5492960611982	1	1216.5492960611982	0.0	448.2811666666668	4	2	0	0	1	0	1	0	1	0	1	0	0	0	0	0	1	0	1	0	1	0	1	0	0	2	G1,G2	Phaeobacter_B2R04,Roseovarius_B2R09,Paracoccus_C2R07,Acinetobacter_D3M06	3-B2R04.mzML,5-B2R09.mzML,7-C2R07_2.mzML,9-D3M06.mzML,bkgrnd-marine-broth.mzML
693	5	1216.5473876953129	1	1216.5473876953129	0.0	448.1810000000001	4	1	0	0	1	0	1	0	1	0	1	0	0	0	0	0	1	0	1	0	1	0	1	0	0	1	G1,G2	Phaeobacter_B2R04,Roseovarius_B2R09,Paracoccus_C2R07,Acinetobacter_D3M06	3-B2R04.mzML,5-B2R09.mzML,7-C2R07_2.mzML,9-D3M06.mzML,bkgrnd-marine-broth.mzML
694	2	1279.5751953125005	1	1279.5751953125005	0.0	433.095	2	0	0	0	0	0	0	1	0	0	0	1	0	0	0	0	0	0	0	1	0	0	0	1	0	0	G1	Colwellia_C2M19,Arenibacter_D3M17	6-C2M19.mzML,10-D3M17.mzML
695	2	1279.5751953125005	1	1279.5751953125005	0.0	433.288	2	0	0	0	0	0	0	1	0	0	0	1	0	0	0	0	0	0	0	1	0	0	0	1	0	0	G1	Colwellia_C2M19,Arenibacter_D3M17	6-C2M19.mzML,10-D3M17.mzML
