CLUSTERID1	CLUSTERID2	DeltaMZ	MinRatio	Cosine	AlignScore2	AlignScore3
1	2	-0.000	0.000	0.8864	0.7931	1
1	3	-2.016	0.000	0.8580	0.8228	1
1	30	-17.031	0.000	0.8776	0.7902	1
1	31	-17.027	0.000	0.8306	0.7314	1
1	32	-17.030	0.000	0.8746	0.7577	1
1	35	-17.029	0.000	0.7041	0.7267	1
1	38	-18.011	0.000	0.7777	0.7070	1
1	69	-27.995	0.000	0.7682	0.6995	1
1	99	-35.037	0.000	0.7615	0.5625	1
1	116	-46.005	0.000	0.7535	0.6679	1
2	3	-2.016	0.000	0.8020	0.7813	1
2	30	-17.031	0.000	0.7521	0.8226	1
2	31	-17.026	0.000	0.7559	0.7665	1
2	32	-17.030	0.000	0.7585	0.7872	1
2	44	-19.990	0.000	0.7314	0.6153	1
2	69	-27.995	0.000	0.7360	0.7139	1
3	30	-15.015	0.000	0.7897	0.8404	1
3	31	-15.011	0.000	0.7830	0.8023	1
3	32	-15.014	0.000	0.7927	0.7987	1
3	33	-15.017	0.000	0.7842	0.8075	1
3	34	-15.011	0.000	0.7773	0.7766	1
3	35	-15.013	0.000	0.7833	0.8194	1
3	38	-15.995	0.000	0.8268	0.7970	1
3	39	-17.028	0.000	0.7151	0.7329	1
3	40	-17.028	0.000	0.7612	0.7017	1
3	116	-43.990	0.000	0.8706	0.7293	1
3	204	-117.043	0.000	0.7560	0.6456	1
4	7	-3.955	0.000	0.7983	0.7911	1
4	43	-12.955	0.000	0.8004	0.7237	1
4	45	-15.978	0.000	0.7625	0.6667	1
4	55	-19.057	0.000	0.7265	0.6067	1
4	58	-20.041	0.000	0.7464	0.6944	1
4	60	-20.041	0.000	0.7692	0.6880	1
4	68	-21.040	0.000	0.7178	0.6996	1
4	71	-21.921	0.000	0.7537	0.7312	1
4	81	-22.093	0.000	0.7076	0.6039	1
4	86	-22.093	0.000	0.7093	0.6579	1
4	87	-22.094	0.000	0.7353	0.6084	1
5	7	-3.953	0.000	0.8447	0.6672	1
5	45	-15.976	0.000	0.8964	0.7188	1
5	46	-15.976	0.000	0.7270	0.6063	1
5	59	-20.039	0.000	0.7564	0.7532	1
5	60	-20.039	0.000	0.7013	0.6170	1
5	70	-21.919	0.000	0.7758	0.5476	1
5	71	-21.919	0.000	0.7785	0.5545	1
5	72	-21.919	0.000	0.7962	0.4297	1
5	85	-22.093	0.000	0.7115	0.7101	1
5	86	-22.092	0.000	0.7922	0.5387	1
5	87	-22.092	0.000	0.7397	0.4338	1
5	119	-41.024	0.000	0.9167	0.7539	1
5	120	-41.025	0.000	0.9609	0.8344	1
5	273	-185.010	0.000	0.7427	0.3874	1
5	284	-197.175	0.000	0.7288	0.4231	1
5	311	-241.201	0.000	0.7212	0.4694	1
5	319	-249.280	0.000	0.7609	0.3866	1
5	338	-285.228	0.000	0.7652	0.4615	1
5	344	-293.306	0.000	0.7896	0.5026	1
5	365	-321.200	0.000	0.8026	0.4812	1
5	374	-329.253	0.000	0.7798	0.4094	1
5	383	-334.278	0.000	0.7332	0.4631	1
5	389	-337.339	0.000	0.8087	0.5421	1
5	416	-367.322	0.000	0.7489	0.4032	1
5	424	-373.239	0.000	0.7225	0.3895	1
5	425	-373.279	0.000	0.7603	0.4424	1
5	432	-381.358	0.000	0.7844	0.5222	1
5	454	-407.229	0.000	0.7076	0.3728	1
5	455	-408.348	0.000	0.7718	0.5308	1
5	475	-420.369	0.000	0.7772	0.4449	1
5	482	-424.343	0.000	0.7738	0.4048	1
5	483	-425.385	0.000	0.8101	0.5513	1
5	488	-432.340	0.000	0.7233	0.4034	1
5	514	-461.332	0.000	0.7277	0.3866	1
5	520	-469.410	0.000	0.8022	0.4825	1
5	523	-475.265	0.000	0.7664	0.4344	1
5	536	-493.274	0.000	0.7366	0.3556	1
5	554	-513.436	0.000	0.7652	0.5008	1
5	576	-557.463	0.000	0.7960	0.4477	1
5	578	-561.302	0.000	0.7653	0.3626	1
5	594	-601.489	0.000	0.7469	0.5087	1
6	39	-9.064	0.000	0.7220	0.5416	1
6	40	-9.064	0.000	0.7193	0.6474	1
6	47	-14.016	0.000	0.7020	0.5516	1
6	51	-14.016	0.000	0.7400	0.5964	1
7	12	-3.109	0.000	0.7035	0.5488	1
7	13	-3.110	0.000	0.7261	0.6895	1
7	14	-3.110	0.000	0.7440	0.7497	1
7	15	-3.109	0.000	0.7144	0.6410	1
7	16	-3.110	0.000	0.7152	0.6391	1
7	17	-3.109	0.000	0.7340	0.5930	1
7	43	-9.001	0.000	0.7852	0.7012	1
7	45	-12.023	0.000	0.8060	0.5812	1
7	58	-16.086	0.000	0.7589	0.7398	1
7	62	-16.088	0.000	0.7165	0.7040	1
7	66	-16.159	0.000	0.7269	0.5714	1
7	70	-17.966	0.000	0.8891	0.6987	1
7	71	-17.966	0.000	0.8739	0.6678	1
7	72	-17.966	0.000	0.8808	0.5982	1
7	78	-18.138	0.000	0.7951	0.6047	1
7	79	-18.138	0.000	0.7893	0.6976	1
7	84	-18.138	0.000	0.7701	0.5987	1
7	85	-18.140	0.000	0.8266	0.6776	1
7	86	-18.139	0.000	0.8551	0.6524	1
7	87	-18.139	0.000	0.8875	0.6001	1
8	10	0.000	0.000	0.7070	0.5497	1
8	21	-2.016	0.000	0.7313	0.5807	1
8	44	-6.973	0.000	0.7380	0.5861	1
8	57	-13.979	0.000	0.7472	0.6325	1
8	63	-14.015	0.000	0.8485	0.7047	1
8	64	-14.015	0.000	0.7530	0.6790	1
8	65	-14.029	0.000	0.8614	0.7426	1
8	73	-15.995	0.000	0.7275	0.7322	1
8	75	-16.038	0.000	0.8150	0.5932	1
8	76	-16.031	0.000	0.7830	0.6024	1
8	77	-16.033	0.000	0.7620	0.6535	1
8	84	-16.031	0.000	0.7034	0.5936	1
8	85	-16.033	0.000	0.7152	0.6489	1
8	125	-39.011	0.000	0.7163	0.3841	1
8	126	-39.013	0.000	0.7223	0.4599	1
8	127	-39.011	0.000	0.7942	0.4143	1
8	128	-39.013	0.000	0.7893	0.5071	1
8	133	-42.022	0.000	0.8082	0.5700	1
8	145	-50.016	0.000	0.7041	0.3758	1
8	154	-57.021	0.000	0.8166	0.6228	1
8	160	-59.048	0.000	0.7751	0.5772	1
8	196	-95.073	0.000	0.7013	0.3276	1
8	199	-99.069	0.000	0.7418	0.5011	1
8	213	-113.047	0.000	0.8231	0.5973	1
8	237	-147.069	0.000	0.7255	0.4342	1
8	243	-154.073	0.000	0.7137	0.3830	1
8	257	-170.069	0.000	0.7795	0.4632	1
8	292	-204.090	0.000	0.8282	0.5645	1
8	330	-267.158	0.000	0.7206	0.3306	1
9	10	0.000	0.000	0.8824	0.7913	1
9	19	-2.016	0.000	0.7588	0.7893	1
9	20	-2.016	0.000	0.7052	0.7239	1
9	21	-2.016	0.000	0.9202	0.7831	1
9	25	-2.016	0.000	0.7484	0.5736	1
9	26	-2.016	0.000	0.7775	0.7232	1
9	59	-13.979	0.000	0.8262	0.8136	1
9	60	-13.979	0.000	0.7371	0.7556	1
9	65	-14.029	0.000	0.7047	0.6272	1
9	159	-59.040	0.000	0.7175	0.3976	1
10	19	-2.016	0.000	0.7472	0.7464	1
10	20	-2.016	0.000	0.8393	0.8026	1
10	21	-2.016	0.000	0.8830	0.7626	1
10	23	-2.016	0.000	0.7076	0.6947	1
10	24	-2.016	0.000	0.7055	0.7120	1
10	25	-2.016	0.000	0.8340	0.6863	1
10	26	-2.016	0.000	0.7631	0.7420	1
10	52	-12.995	0.000	0.7675	0.6744	1
10	58	-13.979	0.000	0.7704	0.8120	1
10	59	-13.979	0.000	0.7690	0.7818	1
10	60	-13.979	0.000	0.8002	0.8604	1
10	74	-16.039	0.000	0.7283	0.6132	1
10	81	-16.031	0.000	0.7218	0.7379	1
10	83	-16.037	0.000	0.7096	0.6611	1
10	109	-27.995	0.000	0.7107	0.7587	1
11	12	0.000	0.000	0.8524	0.5685	1
11	13	-0.000	0.000	0.8784	0.5801	1
11	14	0.000	0.000	0.8439	0.5754	1
11	15	0.000	0.000	0.9065	0.6106	1
11	16	0.000	0.000	0.9054	0.6779	1
11	17	0.000	0.000	0.8700	0.5641	1
11	18	-0.000	0.000	0.8827	0.5417	1
11	134	-41.027	0.000	0.7540	0.5397	1
11	259	-169.147	0.000	0.9006	0.5493	1
11	260	-169.147	0.000	0.7488	0.3964	1
11	261	-169.147	0.000	0.7585	0.4235	1
11	262	-169.147	0.000	0.8096	0.5016	1
11	263	-169.147	0.000	0.7514	0.4645	1
11	264	-169.147	0.000	0.7875	0.4911	1
11	265	-169.147	0.000	0.7529	0.4264	1
11	266	-169.147	0.000	0.8191	0.4931	1
11	267	-169.147	0.000	0.7040	0.3923	1
11	268	-169.147	0.000	0.7978	0.5413	1
11	279	-185.214	0.000	0.7070	0.3629	1
11	281	-187.157	0.000	0.8550	0.5368	1
11	294	-211.195	0.000	0.8566	0.6110	1
11	295	-211.195	0.000	0.8252	0.4941	1
11	296	-211.195	0.000	0.7514	0.4269	1
11	297	-211.200	0.000	0.8673	0.5336	1
11	299	-212.198	0.000	0.8547	0.4926	1
11	309	-229.204	0.000	0.8968	0.5581	1
11	310	-229.204	0.000	0.7454	0.4400	1
11	316	-241.168	0.000	0.7263	0.3368	1
11	317	-241.169	0.000	0.7360	0.3637	1
12	13	-0.000	0.000	0.8931	0.5023	1
12	14	-0.000	0.000	0.8906	0.5725	1
12	15	-0.000	0.000	0.9001	0.6521	1
12	16	-0.000	0.000	0.8648	0.6178	1
12	17	0.000	0.000	0.8845	0.5558	1
12	18	-0.000	0.000	0.8479	0.4810	1
12	46	-8.913	0.000	0.7119	0.5821	1
12	134	-41.027	0.000	0.7025	0.4141	1
12	259	-169.147	0.000	0.8343	0.4360	1
12	260	-169.147	0.000	0.7025	0.3371	1
12	262	-169.147	0.000	0.7583	0.4100	1
12	264	-169.147	0.000	0.7295	0.3497	1
12	266	-169.147	0.000	0.7494	0.3928	1
12	268	-169.147	0.000	0.7732	0.4025	1
12	281	-187.157	0.000	0.8122	0.4912	1
12	294	-211.195	0.000	0.8107	0.4904	1
12	295	-211.195	0.000	0.7892	0.4104	1
12	297	-211.201	0.000	0.8043	0.4196	1
12	299	-212.198	0.000	0.8267	0.4251	1
12	309	-229.204	0.000	0.8063	0.4166	1
12	310	-229.204	0.000	0.7056	0.3582	1
13	14	0.000	0.000	0.9243	0.7152	1
13	15	0.000	0.000	0.9146	0.5588	1
13	16	0.000	0.000	0.8858	0.5996	1
13	17	0.000	0.000	0.8948	0.5219	1
13	18	0.000	0.000	0.8679	0.6093	1
13	46	-8.913	0.000	0.7109	0.5812	1
13	134	-41.027	0.000	0.7814	0.6924	1
13	259	-169.147	0.000	0.8822	0.6629	1
13	260	-169.147	0.000	0.7231	0.4084	1
13	261	-169.147	0.000	0.7049	0.4336	1
13	262	-169.147	0.000	0.8085	0.5346	1
13	263	-169.147	0.000	0.7408	0.5099	1
13	264	-169.147	0.000	0.7547	0.4681	1
13	265	-169.147	0.000	0.7048	0.4194	1
13	266	-169.147	0.000	0.7954	0.5272	1
13	268	-169.147	0.000	0.8180	0.4894	1
13	279	-185.214	0.000	0.7248	0.4804	1
13	281	-187.157	0.000	0.8709	0.5944	1
13	294	-211.195	0.000	0.8538	0.6754	1
13	295	-211.195	0.000	0.8289	0.5510	1
13	296	-211.195	0.000	0.7355	0.4846	1
13	297	-211.200	0.000	0.8389	0.5947	1
13	299	-212.198	0.000	0.8407	0.5859	1
13	309	-229.204	0.000	0.8541	0.6032	1
13	310	-229.204	0.000	0.7474	0.5070	1
14	15	0.000	0.000	0.8861	0.5706	1
14	16	-0.000	0.000	0.8648	0.6099	1
14	17	0.000	0.000	0.8622	0.5419	1
14	18	-0.000	0.000	0.8495	0.6011	1
14	46	-8.913	0.000	0.7294	0.6096	1
14	134	-41.027	0.000	0.7884	0.6802	1
14	259	-169.147	0.000	0.8447	0.5871	1
14	262	-169.147	0.000	0.7600	0.4557	1
14	263	-169.147	0.000	0.7071	0.4398	1
14	264	-169.147	0.000	0.7103	0.3862	1
14	266	-169.147	0.000	0.7655	0.5288	1
14	268	-169.147	0.000	0.7727	0.4731	1
14	279	-185.214	0.000	0.7268	0.4775	1
14	281	-187.157	0.000	0.8474	0.6097	1
14	294	-211.195	0.000	0.8157	0.6379	1
14	295	-211.195	0.000	0.7807	0.4831	1
14	296	-211.196	0.000	0.7138	0.4544	1
14	297	-211.200	0.000	0.8210	0.5774	1
14	299	-212.198	0.000	0.8322	0.5618	1
14	309	-229.204	0.000	0.8053	0.5387	1
14	310	-229.204	0.000	0.7175	0.4894	1
15	16	-0.000	0.000	0.8855	0.6314	1
15	17	0.000	0.000	0.8988	0.5829	1
15	18	-0.000	0.000	0.8636	0.4931	1
15	134	-41.027	0.000	0.7288	0.4281	1
15	259	-169.147	0.000	0.8732	0.4746	1
15	260	-169.147	0.000	0.7172	0.3352	1
15	261	-169.147	0.000	0.7088	0.3586	1
15	262	-169.147	0.000	0.7758	0.3954	1
15	263	-169.147	0.000	0.7381	0.4155	1
15	264	-169.147	0.000	0.7373	0.3243	1
15	266	-169.147	0.000	0.8010	0.4604	1
15	268	-169.147	0.000	0.8002	0.4374	1
15	281	-187.157	0.000	0.8423	0.5077	1
15	294	-211.195	0.000	0.8241	0.5202	1
15	295	-211.195	0.000	0.8153	0.4489	1
15	296	-211.196	0.000	0.7068	0.3324	1
15	297	-211.200	0.000	0.8463	0.4676	1
15	299	-212.198	0.000	0.8276	0.4406	1
15	309	-229.204	0.000	0.8550	0.4778	1
15	310	-229.204	0.000	0.7471	0.4312	1
16	17	0.000	0.000	0.8439	0.5661	1
16	18	-0.000	0.000	0.9075	0.5324	1
16	46	-8.913	0.000	0.7055	0.6052	1
16	134	-41.027	0.000	0.7177	0.5301	1
16	259	-169.147	0.000	0.8856	0.5318	1
16	260	-169.147	0.000	0.7361	0.4043	1
16	261	-169.147	0.000	0.7239	0.3906	1
16	262	-169.147	0.000	0.8098	0.4573	1
16	263	-169.147	0.000	0.7348	0.4333	1
16	264	-169.147	0.000	0.7986	0.4394	1
16	265	-169.147	0.000	0.7338	0.3944	1
16	266	-169.147	0.000	0.7970	0.5367	1
16	268	-169.147	0.000	0.7803	0.4581	1
16	279	-185.214	0.000	0.7488	0.4302	1
16	281	-187.157	0.000	0.8772	0.6159	1
16	294	-211.195	0.000	0.9212	0.5976	1
16	295	-211.195	0.000	0.8122	0.4818	1
16	296	-211.196	0.000	0.7628	0.4161	1
16	297	-211.200	0.000	0.8592	0.5117	1
16	299	-212.198	0.000	0.8888	0.4983	1
16	309	-229.204	0.000	0.8782	0.5475	1
16	310	-229.204	0.000	0.7760	0.4956	1
16	317	-241.169	0.000	0.7002	0.3179	1
17	18	-0.000	0.000	0.8285	0.4557	1
17	46	-8.913	0.000	0.7037	0.5448	1
17	134	-41.027	0.000	0.7450	0.4406	1
17	259	-169.147	0.000	0.8372	0.4360	1
17	260	-169.147	0.000	0.7177	0.3731	1
17	262	-169.147	0.000	0.7517	0.3942	1
17	263	-169.147	0.000	0.7268	0.4365	1
17	264	-169.147	0.000	0.7173	0.3221	1
17	266	-169.147	0.000	0.7873	0.4427	1
17	268	-169.147	0.000	0.7866	0.4472	1
17	281	-187.157	0.000	0.8264	0.5087	1
17	294	-211.195	0.000	0.7904	0.4786	1
17	295	-211.195	0.000	0.7951	0.4075	1
17	297	-211.201	0.000	0.8188	0.4710	1
17	299	-212.198	0.000	0.8044	0.4196	1
17	309	-229.204	0.000	0.8202	0.4249	1
17	310	-229.204	0.000	0.7169	0.4041	1
18	46	-8.913	0.000	0.7021	0.5159	1
18	134	-41.027	0.000	0.7272	0.5659	1
18	259	-169.147	0.000	0.8683	0.5796	1
18	260	-169.147	0.000	0.7189	0.4380	1
18	261	-169.147	0.000	0.7104	0.4157	1
18	262	-169.147	0.000	0.7801	0.4347	1
18	263	-169.147	0.000	0.7188	0.4396	1
18	264	-169.147	0.000	0.7649	0.4375	1
18	265	-169.147	0.000	0.7271	0.4383	1
18	266	-169.147	0.000	0.7706	0.4540	1
18	268	-169.147	0.000	0.7690	0.4061	1
18	279	-185.214	0.000	0.7221	0.4520	1
18	281	-187.157	0.000	0.8500	0.5087	1
18	294	-211.195	0.000	0.8855	0.6213	1
18	295	-211.195	0.000	0.7802	0.4542	1
18	296	-211.195	0.000	0.7395	0.4513	1
18	297	-211.200	0.000	0.8423	0.5521	1
18	299	-212.198	0.000	0.8704	0.5517	1
18	309	-229.204	0.000	0.8583	0.5591	1
18	310	-229.204	0.000	0.7415	0.4731	1
18	317	-241.169	0.000	0.7092	0.3989	1
19	20	-0.000	0.000	0.8432	0.7578	1
19	21	0.000	0.000	0.8316	0.7971	1
19	26	-0.000	0.000	0.8032	0.7231	1
19	113	-28.006	0.000	0.7679	0.6485	1
20	21	0.000	0.000	0.7696	0.7553	1
20	24	0.000	0.000	0.7371	0.6157	1
20	26	-0.000	0.000	0.7403	0.6910	1
20	65	-12.013	0.000	0.8688	0.6383	1
20	113	-28.006	0.000	0.7969	0.6443	1
20	217	-112.162	0.000	0.7931	0.5562	1
20	230	-140.193	0.000	0.8006	0.5449	1
21	22	0.000	0.000	0.7133	0.6679	1
21	25	-0.000	0.000	0.7708	0.6096	1
21	26	-0.000	0.000	0.8228	0.7548	1
21	63	-12.000	0.000	0.7854	0.7511	1
21	64	-12.000	0.000	0.7450	0.6763	1
21	74	-14.023	0.000	0.7570	0.6501	1
21	76	-14.016	0.000	0.7656	0.7187	1
21	77	-14.018	0.000	0.7782	0.7156	1
21	80	-14.022	0.000	0.7397	0.6417	1
21	81	-14.016	0.000	0.7400	0.7205	1
21	83	-14.021	0.000	0.7322	0.6833	1
21	84	-14.016	0.000	0.7323	0.7718	1
21	88	-14.019	0.000	0.7345	0.6626	1
21	95	-18.961	0.000	0.7238	0.7019	1
21	108	-25.979	0.000	0.7141	0.6373	1
21	144	-48.005	0.000	0.7099	0.7628	1
21	145	-48.000	0.000	0.7246	0.6463	1
21	146	-48.004	0.000	0.7113	0.7322	1
22	23	0.000	0.000	0.8871	0.8297	1
22	24	-0.000	0.000	0.8171	0.7493	1
22	26	-0.000	0.000	0.8002	0.6697	1
22	31	-1.995	0.000	0.7133	0.6970	1
22	32	-1.998	0.000	0.7172	0.7344	1
22	38	-2.979	0.000	0.7408	0.7168	1
22	66	-12.037	0.000	0.7049	0.6916	1
22	68	-12.963	0.000	0.7914	0.7144	1
22	69	-12.963	0.000	0.7726	0.7059	1
22	70	-13.844	0.000	0.7046	0.5752	1
22	84	-14.016	0.000	0.7356	0.7351	1
22	86	-14.016	0.000	0.7114	0.5745	1
22	89	-17.976	0.000	0.7437	0.7559	1
22	90	-17.976	0.000	0.7917	0.8030	1
22	92	-17.990	0.000	0.7011	0.6901	1
22	95	-18.961	0.000	0.8293	0.6985	1
22	98	-20.005	0.000	0.7667	0.7476	1
22	99	-20.005	0.000	0.8299	0.7731	1
22	148	-48.001	0.000	0.7022	0.6590	1
22	163	-62.018	0.000	0.7109	0.6378	1
22	164	-63.995	0.000	0.7214	0.6281	1
23	24	-0.000	0.000	0.8995	0.8132	1
23	26	-0.000	0.000	0.7180	0.6245	1
23	31	-1.995	0.000	0.7124	0.7493	1
23	38	-2.979	0.000	0.7055	0.7077	1
23	44	-4.958	0.000	0.7168	0.5987	1
23	68	-12.963	0.000	0.7457	0.7405	1
23	69	-12.963	0.000	0.7826	0.7257	1
23	70	-13.844	0.000	0.7179	0.5938	1
23	78	-14.016	0.000	0.7032	0.6248	1
23	84	-14.016	0.000	0.7012	0.7259	1
23	86	-14.016	0.000	0.7121	0.5756	1
23	90	-17.976	0.000	0.7354	0.7634	1
23	92	-17.990	0.000	0.7011	0.7634	1
23	95	-18.961	0.000	0.8172	0.6747	1
23	98	-20.005	0.000	0.7028	0.7508	1
23	99	-20.005	0.000	0.8346	0.8380	1
23	141	-46.968	0.000	0.7174	0.7343	1
24	95	-18.961	0.000	0.7942	0.6657	1
24	99	-20.005	0.000	0.7616	0.7463	1
25	52	-10.980	0.000	0.7185	0.7342	1
25	63	-12.000	0.000	0.7066	0.6711	1
25	64	-12.000	0.000	0.7422	0.6910	1
25	74	-14.023	0.000	0.8604	0.5371	1
25	76	-14.016	0.000	0.7897	0.5379	1
25	77	-14.018	0.000	0.8101	0.6205	1
25	79	-14.016	0.000	0.7253	0.6565	1
25	80	-14.022	0.000	0.9229	0.5375	1
25	81	-14.016	0.000	0.8742	0.5977	1
25	82	-14.018	0.000	0.8160	0.6680	1
25	83	-14.021	0.000	0.8001	0.5649	1
25	88	-14.019	0.000	0.7978	0.5349	1
25	108	-25.979	0.000	0.7254	0.4445	1
25	109	-25.979	0.000	0.7084	0.4986	1
25	145	-48.000	0.000	0.7228	0.4319	1
25	201	-99.069	0.000	0.7942	0.5491	1
26	67	-12.880	0.000	0.7361	0.7477	1
26	71	-13.843	0.000	0.7123	0.6395	1
26	78	-14.015	0.000	0.7302	0.6829	1
26	79	-14.016	0.000	0.7327	0.6650	1
26	84	-14.015	0.000	0.7808	0.7459	1
26	85	-14.017	0.000	0.7371	0.7946	1
26	86	-14.016	0.000	0.7057	0.6067	1
26	87	-14.016	0.000	0.7235	0.5358	1
26	88	-14.019	0.000	0.7040	0.6141	1
26	95	-18.961	0.000	0.7112	0.6540	1
27	28	0.000	0.000	0.8472	0.7563	1
27	43	-2.919	0.000	0.7132	0.5610	1
27	97	-18.010	0.000	0.7499	0.6220	1
28	96	-18.010	0.000	0.7373	0.7117	1
28	97	-18.010	0.000	0.8199	0.6525	1
29	31	-0.000	0.000	0.7261	0.6864	1
29	33	-0.006	0.000	0.7716	0.7402	1
29	34	-0.000	0.000	0.8576	0.7065	1
29	35	-0.002	0.000	0.7956	0.7390	1
29	36	-0.002	0.000	0.8381	0.7637	1
29	37	0.000	0.000	0.7401	0.7202	1
29	38	-0.984	0.000	0.7546	0.7409	1
29	39	-2.017	0.000	0.8422	0.7555	1
29	40	-2.017	0.000	0.7592	0.6122	1
29	68	-10.968	0.000	0.7493	0.6474	1
29	89	-15.981	0.000	0.8138	0.8344	1
29	90	-15.981	0.000	0.7309	0.7633	1
29	91	-15.981	0.000	0.7330	0.7479	1
29	93	-16.965	0.000	0.7371	0.7718	1
29	98	-18.010	0.000	0.7392	0.7639	1
29	110	-24.995	0.000	0.7075	0.5910	1
29	143	-46.006	0.000	0.7701	0.6895	1
29	145	-46.005	0.000	0.7162	0.6997	1
29	147	-46.011	0.000	0.7596	0.7560	1
29	148	-46.006	0.000	0.7824	0.6829	1
29	149	-46.009	0.000	0.7806	0.7111	1
30	31	0.004	0.000	0.9359	0.8628	1
30	32	0.001	0.000	0.9783	0.8856	1
30	33	-0.002	0.000	0.8412	0.8064	1
30	34	0.004	0.000	0.8271	0.7641	1
30	35	0.002	0.000	0.8447	0.8221	1
30	36	0.002	0.000	0.7917	0.8160	1
30	38	-0.980	0.000	0.9035	0.8642	1
30	44	-2.959	0.000	0.7142	0.6219	1
30	68	-10.964	0.000	0.7957	0.7268	1
30	69	-10.964	0.000	0.8602	0.7055	1
30	90	-15.977	0.000	0.8267	0.8110	1
30	92	-15.991	0.000	0.7008	0.8233	1
30	95	-16.963	0.000	0.7876	0.6958	1
30	98	-18.006	0.000	0.7837	0.7997	1
30	99	-18.006	0.000	0.8900	0.7908	1
30	111	-25.975	0.000	0.7705	0.8189	1
30	116	-28.975	0.000	0.7455	0.7586	1
30	141	-44.969	0.000	0.7416	0.7485	1
30	143	-46.002	0.000	0.7301	0.7443	1
30	147	-46.007	0.000	0.8326	0.8283	1
30	148	-46.002	0.000	0.8318	0.7593	1
30	149	-46.005	0.000	0.8217	0.7885	1
31	32	-0.003	0.000	0.9471	0.8862	1
31	33	-0.006	0.000	0.8065	0.8306	1
31	34	0.000	0.000	0.8410	0.8179	1
31	35	-0.002	0.000	0.8185	0.8597	1
31	36	-0.002	0.000	0.8659	0.7558	1
31	38	-0.984	0.000	0.9401	0.8495	1
31	39	-2.017	0.000	0.7426	0.6866	1
31	40	-2.017	0.000	0.7767	0.6138	1
31	44	-2.963	0.000	0.7709	0.5732	1
31	47	-6.969	0.000	0.7120	0.6749	1
31	68	-10.968	0.000	0.8236	0.6768	1
31	69	-10.968	0.000	0.9030	0.6690	1
31	89	-15.981	0.000	0.7426	0.7421	1
31	90	-15.981	0.000	0.8794	0.7438	1
31	91	-15.981	0.000	0.7041	0.7039	1
31	92	-15.995	0.000	0.7306	0.8057	1
31	95	-16.967	0.000	0.8451	0.6454	1
31	98	-18.010	0.000	0.8225	0.7751	1
31	99	-18.010	0.000	0.9178	0.7533	1
31	110	-24.995	0.000	0.7393	0.6476	1
31	111	-25.979	0.000	0.7897	0.7553	1
31	116	-28.979	0.000	0.7809	0.7153	1
31	141	-44.974	0.000	0.7875	0.6921	1
31	143	-46.006	0.000	0.7643	0.8305	1
31	147	-46.011	0.000	0.7802	0.8477	1
31	148	-46.006	0.000	0.8162	0.8221	1
31	149	-46.009	0.000	0.8055	0.8426	1
31	163	-60.024	0.000	0.7002	0.6034	1
32	33	-0.003	0.000	0.8274	0.8238	1
32	34	0.003	0.000	0.8350	0.7784	1
32	35	0.001	0.000	0.8353	0.8333	1
32	36	0.002	0.000	0.8230	0.7674	1
32	38	-0.981	0.000	0.9074	0.8543	1
32	44	-2.960	0.000	0.7356	0.5694	1
32	68	-10.965	0.000	0.8095	0.6977	1
32	69	-10.965	0.000	0.8730	0.6869	1
32	90	-15.978	0.000	0.8536	0.7653	1
32	92	-15.992	0.000	0.7271	0.8516	1
32	95	-16.963	0.000	0.8081	0.6572	1
32	98	-18.007	0.000	0.8227	0.7731	1
32	99	-18.007	0.000	0.9070	0.7654	1
32	110	-24.992	0.000	0.7246	0.6612	1
32	111	-25.976	0.000	0.7883	0.7934	1
32	116	-28.975	0.000	0.7627	0.7332	1
32	141	-44.970	0.000	0.7581	0.7192	1
32	143	-46.003	0.000	0.7579	0.8296	1
32	147	-46.008	0.000	0.8183	0.8589	1
32	148	-46.003	0.000	0.8214	0.7945	1
32	149	-46.006	0.000	0.8130	0.8285	1
33	34	0.006	0.000	0.9513	0.8447	1
33	35	0.004	0.000	0.9864	0.8955	1
33	38	-0.978	0.000	0.8576	0.8238	1
33	68	-10.962	0.000	0.7681	0.6240	1
33	69	-10.962	0.000	0.7288	0.6406	1
33	89	-15.975	0.000	0.7620	0.7865	1
33	90	-15.975	0.000	0.7539	0.7403	1
33	91	-15.975	0.000	0.7937	0.6969	1
33	95	-16.961	0.000	0.7041	0.6292	1
33	98	-18.004	0.000	0.8003	0.7686	1
33	99	-18.005	0.000	0.7625	0.6646	1
33	110	-24.990	0.000	0.7834	0.6589	1
33	111	-25.973	0.000	0.7418	0.7786	1
33	143	-46.000	0.000	0.8522	0.7565	1
33	144	-46.005	0.000	0.8283	0.7867	1
33	145	-46.000	0.000	0.8171	0.8077	1
33	146	-46.003	0.000	0.8154	0.7929	1
33	147	-46.005	0.000	0.9569	0.9007	1
33	148	-46.000	0.000	0.9620	0.8283	1
33	149	-46.003	0.000	0.9657	0.8560	1
33	205	-103.021	0.000	0.7342	0.5204	1
34	35	-0.002	0.000	0.9610	0.8655	1
34	36	-0.002	0.000	0.8001	0.7018	1
34	38	-0.984	0.000	0.8735	0.8075	1
34	39	-2.017	0.000	0.7790	0.6592	1
34	68	-10.968	0.000	0.8151	0.6125	1
34	69	-10.968	0.000	0.7600	0.5924	1
34	89	-15.981	0.000	0.8132	0.7438	1
34	90	-15.981	0.000	0.8029	0.7068	1
34	91	-15.981	0.000	0.8164	0.6629	1
34	93	-16.965	0.000	0.7192	0.7582	1
34	95	-16.967	0.000	0.7366	0.5785	1
34	98	-18.010	0.000	0.8498	0.7182	1
34	99	-18.010	0.000	0.7854	0.6596	1
34	110	-24.995	0.000	0.7943	0.5776	1
34	111	-25.979	0.000	0.7368	0.6996	1
34	143	-46.006	0.000	0.8718	0.7868	1
34	144	-46.010	0.000	0.8006	0.7432	1
34	145	-46.005	0.000	0.7988	0.8248	1
34	146	-46.009	0.000	0.7951	0.7350	1
34	147	-46.011	0.000	0.9229	0.8350	1
34	148	-46.006	0.000	0.9348	0.8626	1
34	149	-46.009	0.000	0.9346	0.8802	1
34	205	-103.027	0.000	0.7032	0.4304	1
35	36	0.001	0.000	0.7231	0.7332	1
35	38	-0.982	0.000	0.8606	0.8419	1
35	39	-2.015	0.000	0.7028	0.6962	1
35	68	-10.966	0.000	0.7772	0.6280	1
35	69	-10.966	0.000	0.7365	0.6410	1
35	89	-15.979	0.000	0.7602	0.7751	1
35	90	-15.979	0.000	0.7640	0.7359	1
35	91	-15.979	0.000	0.8108	0.7046	1
35	95	-16.964	0.000	0.7181	0.6361	1
35	98	-18.008	0.000	0.8118	0.7688	1
35	99	-18.008	0.000	0.7658	0.6682	1
35	110	-24.993	0.000	0.7866	0.6283	1
35	111	-25.977	0.000	0.7449	0.7709	1
35	143	-46.004	0.000	0.8572	0.7770	1
35	144	-46.008	0.000	0.8239	0.7673	1
35	145	-46.003	0.000	0.8166	0.8202	1
35	146	-46.007	0.000	0.8096	0.7653	1
35	147	-46.009	0.000	0.9519	0.8911	1
35	148	-46.004	0.000	0.9589	0.8391	1
35	149	-46.007	0.000	0.9622	0.8717	1
35	205	-103.025	0.000	0.7266	0.4852	1
36	37	0.002	0.000	0.8019	0.7536	1
36	38	-0.982	0.000	0.8179	0.7539	1
36	39	-2.016	0.000	0.8226	0.7681	1
36	40	-2.016	0.000	0.8624	0.7140	1
36	44	-2.962	0.000	0.8068	0.6556	1
36	47	-6.968	0.000	0.7709	0.7447	1
36	49	-6.968	0.000	0.7088	0.6502	1
36	51	-6.968	0.000	0.7346	0.7175	1
36	68	-10.967	0.000	0.8042	0.7616	1
36	69	-10.967	0.000	0.8211	0.7273	1
36	89	-15.979	0.000	0.7266	0.7996	1
36	90	-15.979	0.000	0.8270	0.8095	1
36	95	-16.965	0.000	0.8053	0.6954	1
36	98	-18.009	0.000	0.7704	0.7877	1
36	99	-18.009	0.000	0.8209	0.8375	1
36	143	-46.005	0.000	0.7076	0.7015	1
36	148	-46.005	0.000	0.7104	0.6897	1
37	38	-0.984	0.000	0.7063	0.7295	1
37	39	-2.017	0.000	0.7078	0.7156	1
37	40	-2.017	0.000	0.7433	0.6842	1
37	44	-2.963	0.000	0.7023	0.6065	1
37	90	-15.981	0.000	0.7043	0.7542	1
38	40	-1.033	0.000	0.7020	0.5755	1
38	68	-9.984	0.000	0.7766	0.6674	1
38	69	-9.984	0.000	0.8487	0.6535	1
38	89	-14.997	0.000	0.7972	0.7723	1
38	90	-14.997	0.000	0.9103	0.7893	1
38	92	-15.011	0.000	0.7609	0.8338	1
38	95	-15.983	0.000	0.8532	0.6542	1
38	98	-17.026	0.000	0.8444	0.7816	1
38	99	-17.026	0.000	0.9254	0.7595	1
38	111	-24.995	0.000	0.8487	0.7741	1
38	116	-27.995	0.000	0.7539	0.6262	1
38	140	-43.990	0.000	0.7033	0.7621	1
38	141	-43.989	0.000	0.8102	0.6819	1
38	143	-45.022	0.000	0.7495	0.7311	1
38	147	-45.027	0.000	0.7626	0.8031	1
38	148	-45.022	0.000	0.7901	0.7392	1
38	149	-45.025	0.000	0.7871	0.7686	1
38	155	-52.990	0.000	0.7065	0.7079	1
38	156	-52.990	0.000	0.8134	0.6758	1
38	163	-59.040	0.000	0.7666	0.6379	1
39	40	0.000	0.000	0.8317	0.6987	1
39	47	-4.952	0.000	0.7118	0.6797	1
39	49	-4.952	0.000	0.7538	0.7398	1
39	204	-100.015	0.000	0.7532	0.5966	1
40	44	-0.946	0.000	0.8034	0.7014	1
40	68	-8.951	0.000	0.7556	0.7643	1
40	69	-8.951	0.000	0.7964	0.7748	1
40	90	-13.964	0.000	0.7803	0.6962	1
40	92	-13.978	0.000	0.7246	0.6574	1
40	99	-15.993	0.000	0.7255	0.7036	1
40	116	-26.961	0.000	0.7349	0.6766	1
41	42	0.000	0.000	0.7718	0.6095	1
42	93	-14.949	0.000	0.7074	0.5360	1
43	45	-3.022	0.000	0.8077	0.5867	1
43	71	-8.966	0.000	0.7390	0.6683	1
43	86	-9.138	0.000	0.7341	0.7174	1
43	87	-9.138	0.000	0.7288	0.6279	1
44	57	-7.006	0.000	0.7823	0.6935	1
44	61	-7.008	0.000	0.7634	0.6718	1
44	63	-7.042	0.000	0.7983	0.7280	1
44	64	-7.042	0.000	0.8001	0.6677	1
44	68	-8.005	0.000	0.7106	0.6925	1
44	69	-8.005	0.000	0.7875	0.7219	1
44	74	-9.065	0.000	0.7198	0.5379	1
44	75	-9.064	0.000	0.7209	0.6241	1
44	76	-9.058	0.000	0.7402	0.5995	1
44	77	-9.060	0.000	0.7355	0.6666	1
44	83	-9.063	0.000	0.7282	0.5556	1
44	84	-9.058	0.000	0.7325	0.6204	1
44	85	-9.060	0.000	0.7226	0.6674	1
44	88	-9.061	0.000	0.7418	0.6023	1
44	90	-13.018	0.000	0.7015	0.6081	1
44	97	-15.011	0.000	0.7525	0.7195	1
44	141	-42.010	0.000	0.7279	0.5673	1
45	46	0.000	0.000	0.7824	0.4890	1
45	70	-5.943	0.000	0.7750	0.4977	1
45	71	-5.943	0.000	0.8061	0.5947	1
45	72	-5.943	0.000	0.7502	0.3804	1
45	78	-6.115	0.000	0.7245	0.5584	1
45	79	-6.116	0.000	0.7163	0.5007	1
45	84	-6.116	0.000	0.7018	0.6907	1
45	85	-6.117	0.000	0.7210	0.6496	1
45	86	-6.116	0.000	0.7801	0.4799	1
45	87	-6.116	0.000	0.7514	0.4385	1
45	191	-72.954	0.000	0.8228	0.6381	1
45	223	-113.980	0.000	0.7564	0.4981	1
46	56	-3.152	0.000	0.7418	0.6356	1
46	63	-4.100	0.000	0.7427	0.6368	1
46	64	-4.100	0.000	0.7018	0.6284	1
47	48	0.000	0.000	0.8361	0.7125	1
47	49	0.000	0.000	0.8641	0.7513	1
47	50	0.000	0.000	0.8293	0.7392	1
47	51	-0.000	0.000	0.8477	0.7715	1
47	53	-2.015	0.000	0.7697	0.7008	1
47	54	-2.016	0.000	0.7544	0.5602	1
47	56	-2.089	0.000	0.7512	0.5544	1
47	57	-3.000	0.000	0.7568	0.7064	1
47	61	-3.001	0.000	0.7218	0.5300	1
47	63	-3.036	0.000	0.7543	0.6596	1
47	64	-3.036	0.000	0.7858	0.5850	1
47	93	-9.996	0.000	0.7064	0.7186	1
48	49	-0.000	0.000	0.7952	0.6531	1
48	50	-0.000	0.000	0.8895	0.7759	1
48	51	-0.000	0.000	0.7642	0.6919	1
48	52	-2.016	0.000	0.7214	0.5754	1
48	53	-2.016	0.000	0.7311	0.6555	1
48	54	-2.016	0.000	0.7492	0.6290	1
48	64	-3.036	0.000	0.7331	0.6277	1
49	50	0.000	0.000	0.8005	0.7023	1
49	51	-0.000	0.000	0.8435	0.7415	1
49	53	-2.016	0.000	0.7351	0.6648	1
49	56	-2.089	0.000	0.7060	0.5495	1
49	93	-9.996	0.000	0.7490	0.7173	1
49	123	-25.007	0.000	0.7080	0.7171	1
50	51	-0.000	0.000	0.8014	0.7550	1
50	52	-2.016	0.000	0.7310	0.5883	1
50	53	-2.016	0.000	0.7394	0.6903	1
50	54	-2.016	0.000	0.7342	0.6330	1
50	132	-30.047	0.000	0.7106	0.6975	1
51	53	-2.015	0.000	0.7434	0.6931	1
51	54	-2.016	0.000	0.7001	0.5741	1
51	56	-2.089	0.000	0.7124	0.6158	1
51	93	-9.996	0.000	0.7361	0.6655	1
52	54	0.000	0.000	0.8021	0.7442	1
52	55	-0.000	0.000	0.7396	0.7139	1
52	57	-0.984	0.000	0.7213	0.6142	1
52	58	-0.984	0.000	0.8357	0.7524	1
52	60	-0.984	0.000	0.7851	0.7051	1
52	61	-0.986	0.000	0.8302	0.7699	1
52	62	-0.986	0.000	0.8483	0.7968	1
52	63	-1.020	0.000	0.7367	0.6787	1
52	64	-1.020	0.000	0.7801	0.7169	1
52	65	-1.033	0.000	0.7397	0.6868	1
52	127	-26.016	0.000	0.7673	0.4986	1
52	128	-26.018	0.000	0.7624	0.5493	1
52	214	-100.052	0.000	0.7256	0.6281	1
53	57	-0.984	0.000	0.7318	0.7564	1
53	58	-0.984	0.000	0.8272	0.7766	1
53	59	-0.984	0.000	0.8344	0.7544	1
53	60	-0.984	0.000	0.8434	0.7579	1
53	62	-0.986	0.000	0.7753	0.6985	1
53	73	-3.000	0.000	0.7560	0.5495	1
53	83	-3.042	0.000	0.7098	0.5765	1
54	57	-0.984	0.000	0.8563	0.6459	1
54	58	-0.984	0.000	0.8702	0.7611	1
54	59	-0.984	0.000	0.7278	0.6221	1
54	60	-0.984	0.000	0.7925	0.7420	1
54	61	-0.986	0.000	0.9002	0.7688	1
54	62	-0.986	0.000	0.8553	0.7521	1
54	63	-1.020	0.000	0.8429	0.7276	1
54	64	-1.020	0.000	0.8809	0.7491	1
54	92	-7.010	0.000	0.7142	0.4890	1
54	214	-100.052	0.000	0.7282	0.6103	1
54	232	-131.134	0.000	0.7135	0.5438	1
55	58	-0.984	0.000	0.8211	0.6732	1
55	60	-0.984	0.000	0.7207	0.6040	1
55	61	-0.986	0.000	0.7047	0.7212	1
55	62	-0.986	0.000	0.7243	0.6665	1
55	66	-1.057	0.000	0.7073	0.4669	1
55	67	-1.900	0.000	0.8214	0.6560	1
55	70	-2.864	0.000	0.7065	0.5916	1
55	71	-2.864	0.000	0.7606	0.6761	1
55	86	-3.036	0.000	0.7057	0.6394	1
55	87	-3.036	0.000	0.7210	0.6282	1
55	92	-7.010	0.000	0.7016	0.4334	1
56	63	-0.947	0.000	0.7515	0.7162	1
56	92	-6.937	0.000	0.7548	0.4829	1
56	193	-74.087	0.000	0.8789	0.6964	1
57	58	0.000	0.000	0.8070	0.6889	1
57	59	0.000	0.000	0.7944	0.7331	1
57	60	0.000	0.000	0.7280	0.7228	1
57	61	-0.002	0.000	0.8477	0.6148	1
57	62	-0.002	0.000	0.8308	0.6559	1
57	63	-0.036	0.000	0.8295	0.6864	1
57	64	-0.036	0.000	0.8351	0.6606	1
57	74	-2.060	0.000	0.7713	0.5688	1
57	75	-2.058	0.000	0.8057	0.7952	1
57	76	-2.052	0.000	0.9035	0.8029	1
57	77	-2.054	0.000	0.8901	0.8340	1
57	78	-2.052	0.000	0.7424	0.6698	1
57	79	-2.052	0.000	0.7265	0.6228	1
57	80	-2.058	0.000	0.7061	0.5950	1
57	81	-2.052	0.000	0.7792	0.7257	1
57	82	-2.054	0.000	0.7168	0.7058	1
57	83	-2.058	0.000	0.8028	0.6081	1
57	84	-2.052	0.000	0.8365	0.7359	1
57	85	-2.054	0.000	0.8456	0.7662	1
57	88	-2.055	0.000	0.8056	0.6578	1
57	108	-14.016	0.000	0.7619	0.6481	1
57	114	-16.042	0.000	0.7036	0.6732	1
57	145	-36.036	0.000	0.7150	0.5485	1
57	224	-113.084	0.000	0.7419	0.5844	1
57	232	-130.150	0.000	0.8145	0.6801	1
58	59	0.000	0.000	0.7887	0.6799	1
58	60	-0.000	0.000	0.8898	0.7916	1
58	61	-0.002	0.000	0.8662	0.6917	1
58	62	-0.002	0.000	0.8536	0.6869	1
58	64	-0.036	0.000	0.7335	0.6409	1
58	70	-1.880	0.000	0.7494	0.7042	1
58	71	-1.880	0.000	0.7714	0.7048	1
58	72	-1.880	0.000	0.7277	0.6059	1
58	74	-2.060	0.000	0.7664	0.6357	1
58	76	-2.052	0.000	0.8089	0.7179	1
58	77	-2.054	0.000	0.7863	0.7511	1
58	78	-2.052	0.000	0.8328	0.7668	1
58	79	-2.052	0.000	0.8530	0.7626	1
58	80	-2.058	0.000	0.7475	0.6164	1
58	81	-2.052	0.000	0.8464	0.7672	1
58	82	-2.054	0.000	0.8242	0.7975	1
58	83	-2.058	0.000	0.8406	0.6687	1
58	84	-2.052	0.000	0.8182	0.6972	1
58	85	-2.054	0.000	0.8288	0.7374	1
58	86	-2.052	0.000	0.7672	0.6817	1
58	87	-2.053	0.000	0.7900	0.6142	1
58	88	-2.056	0.000	0.8443	0.6856	1
59	60	-0.000	0.000	0.8092	0.7375	1
59	62	-0.002	0.000	0.7699	0.6392	1
59	73	-2.016	0.000	0.7078	0.5415	1
59	74	-2.060	0.000	0.7896	0.6210	1
59	75	-2.058	0.000	0.7109	0.8378	1
59	76	-2.052	0.000	0.9162	0.8309	1
59	77	-2.054	0.000	0.9032	0.8058	1
59	78	-2.052	0.000	0.7483	0.6740	1
59	79	-2.052	0.000	0.7601	0.6472	1
59	80	-2.058	0.000	0.7487	0.6191	1
59	81	-2.052	0.000	0.8130	0.7643	1
59	82	-2.054	0.000	0.7611	0.6901	1
59	83	-2.058	0.000	0.8003	0.6660	1
59	84	-2.052	0.000	0.8521	0.7913	1
59	85	-2.054	0.000	0.8551	0.7944	1
59	88	-2.056	0.000	0.8138	0.6655	1
59	113	-16.042	0.000	0.7183	0.6948	1
59	187	-59.073	0.000	0.7503	0.7514	1
59	188	-59.073	0.000	0.7032	0.6189	1
59	224	-113.084	0.000	0.7567	0.5938	1
59	232	-130.150	0.000	0.7300	0.6758	1
60	61	-0.002	0.000	0.7551	0.6470	1
60	62	-0.002	0.000	0.7761	0.6668	1
60	74	-2.060	0.000	0.8290	0.6788	1
60	76	-2.052	0.000	0.8251	0.7610	1
60	77	-2.054	0.000	0.8209	0.7878	1
60	78	-2.052	0.000	0.8044	0.7402	1
60	79	-2.052	0.000	0.8654	0.7348	1
60	80	-2.058	0.000	0.8782	0.6794	1
60	81	-2.052	0.000	0.9350	0.8294	1
60	82	-2.054	0.000	0.9055	0.7840	1
60	83	-2.058	0.000	0.8492	0.7347	1
60	84	-2.052	0.000	0.7649	0.7144	1
60	85	-2.054	0.000	0.7592	0.7563	1
60	88	-2.055	0.000	0.8730	0.7275	1
60	99	-8.042	0.000	0.7138	0.7079	1
60	100	-11.909	0.000	0.7606	0.7280	1
60	102	-11.909	0.000	0.7165	0.7012	1
60	103	-11.909	0.000	0.7370	0.7576	1
60	104	-11.909	0.000	0.7048	0.6533	1
60	105	-11.909	0.000	0.7281	0.7099	1
60	107	-11.909	0.000	0.7380	0.7154	1
61	62	-0.000	0.000	0.8444	0.7211	1
61	63	-0.035	0.000	0.8118	0.6735	1
61	64	-0.035	0.000	0.8461	0.6847	1
61	74	-2.058	0.000	0.7444	0.5282	1
61	76	-2.050	0.000	0.7767	0.6176	1
61	77	-2.052	0.000	0.7635	0.6637	1
61	78	-2.050	0.000	0.7608	0.6948	1
61	79	-2.050	0.000	0.7530	0.7560	1
61	81	-2.050	0.000	0.7658	0.6418	1
61	82	-2.052	0.000	0.7209	0.6985	1
61	83	-2.056	0.000	0.7782	0.5654	1
61	84	-2.050	0.000	0.7421	0.5888	1
61	85	-2.052	0.000	0.7726	0.6394	1
61	87	-2.051	0.000	0.7062	0.6571	1
61	88	-2.054	0.000	0.7792	0.5898	1
61	108	-14.014	0.000	0.7317	0.5164	1
61	115	-16.114	0.000	0.7193	0.5557	1
62	63	-0.034	0.000	0.7551	0.6572	1
62	64	-0.034	0.000	0.7570	0.6844	1
62	70	-1.878	0.000	0.7440	0.7160	1
62	71	-1.878	0.000	0.7187	0.6126	1
62	73	-2.014	0.000	0.7023	0.6481	1
62	74	-2.058	0.000	0.7155	0.5110	1
62	76	-2.050	0.000	0.7958	0.6285	1
62	77	-2.052	0.000	0.7744	0.6877	1
62	78	-2.050	0.000	0.8042	0.6809	1
62	79	-2.050	0.000	0.7920	0.7437	1
62	81	-2.050	0.000	0.7658	0.6380	1
62	82	-2.052	0.000	0.7379	0.6888	1
62	83	-2.056	0.000	0.7822	0.5653	1
62	84	-2.050	0.000	0.7912	0.5898	1
62	85	-2.052	0.000	0.8127	0.6477	1
62	86	-2.050	0.000	0.7185	0.6721	1
62	87	-2.051	0.000	0.7803	0.6654	1
62	88	-2.053	0.000	0.8017	0.5746	1
62	108	-14.014	0.000	0.7249	0.5447	1
63	64	0.000	0.000	0.9134	0.7453	1
63	74	-2.023	0.000	0.7990	0.6195	1
63	75	-2.022	0.000	0.8268	0.7610	1
63	76	-2.016	0.000	0.8441	0.7470	1
63	77	-2.018	0.000	0.8476	0.8296	1
63	80	-2.022	0.000	0.7067	0.5935	1
63	81	-2.016	0.000	0.7106	0.7193	1
63	83	-2.021	0.000	0.7448	0.6302	1
63	84	-2.016	0.000	0.7334	0.6862	1
63	85	-2.018	0.000	0.7369	0.7490	1
63	88	-2.019	0.000	0.7483	0.6418	1
63	108	-13.979	0.000	0.8097	0.6659	1
63	114	-16.006	0.000	0.7535	0.7008	1
63	142	-36.000	0.000	0.7836	0.6070	1
63	144	-36.005	0.000	0.7187	0.6669	1
63	145	-36.000	0.000	0.7642	0.5586	1
63	146	-36.004	0.000	0.7201	0.6375	1
63	210	-97.016	0.000	0.7777	0.5877	1
63	232	-130.114	0.000	0.8359	0.6541	1
64	74	-2.023	0.000	0.8291	0.5911	1
64	75	-2.022	0.000	0.7665	0.6780	1
64	76	-2.016	0.000	0.8155	0.6609	1
64	77	-2.018	0.000	0.8320	0.7557	1
64	80	-2.022	0.000	0.7580	0.5552	1
64	81	-2.016	0.000	0.7604	0.6514	1
64	83	-2.021	0.000	0.7719	0.5757	1
64	88	-2.019	0.000	0.7651	0.5797	1
64	108	-13.979	0.000	0.8029	0.6144	1
64	114	-16.006	0.000	0.7025	0.6029	1
64	115	-16.079	0.000	0.7018	0.6003	1
64	142	-36.000	0.000	0.7243	0.5101	1
64	145	-36.000	0.000	0.7300	0.4818	1
64	210	-97.016	0.000	0.7024	0.5841	1
64	214	-99.032	0.000	0.7014	0.6423	1
64	232	-130.114	0.000	0.8061	0.6236	1
65	113	-15.993	0.000	0.7785	0.6092	1
65	125	-24.982	0.000	0.7124	0.4262	1
65	126	-24.984	0.000	0.7160	0.4851	1
65	127	-24.982	0.000	0.7855	0.4634	1
65	128	-24.984	0.000	0.7880	0.5336	1
65	130	-24.982	0.000	0.7248	0.5560	1
65	133	-27.993	0.000	0.8475	0.6216	1
65	151	-38.998	0.000	0.7642	0.5404	1
65	154	-42.993	0.000	0.8410	0.6656	1
65	160	-45.020	0.000	0.8160	0.5349	1
65	172	-54.993	0.000	0.7296	0.6394	1
65	173	-54.993	0.000	0.7317	0.5351	1
65	196	-81.045	0.000	0.7161	0.3873	1
65	199	-85.040	0.000	0.8130	0.5825	1
65	207	-96.056	0.000	0.7171	0.4743	1
65	210	-97.003	0.000	0.7360	0.5845	1
65	213	-99.019	0.000	0.8645	0.6205	1
65	215	-99.055	0.000	0.7496	0.5034	1
65	237	-133.040	0.000	0.7497	0.4635	1
65	243	-140.045	0.000	0.7607	0.4951	1
65	257	-156.040	0.000	0.7734	0.4626	1
65	292	-190.061	0.000	0.8490	0.5939	1
65	306	-213.097	0.000	0.7356	0.4725	1
65	315	-227.113	0.000	0.7872	0.4787	1
65	323	-241.056	0.000	0.7259	0.3746	1
65	326	-241.128	0.000	0.7620	0.4639	1
65	330	-253.130	0.000	0.7716	0.4395	1
65	347	-284.135	0.000	0.7088	0.3366	1
65	353	-289.129	0.000	0.7184	0.3582	1
66	67	-0.843	0.000	0.7482	0.6132	1
66	70	-1.807	0.000	0.7708	0.6115	1
66	71	-1.807	0.000	0.7544	0.5587	1
66	72	-1.807	0.000	0.7014	0.4272	1
66	84	-1.979	0.000	0.7163	0.6852	1
66	86	-1.979	0.000	0.7366	0.5128	1
66	87	-1.979	0.000	0.7191	0.4324	1
66	92	-5.953	0.000	0.7271	0.5959	1
67	70	-0.963	0.000	0.8755	0.7553	1
67	71	-0.964	0.000	0.8730	0.7703	1
67	72	-0.963	0.000	0.8801	0.6491	1
67	78	-1.135	0.000	0.7152	0.5921	1
67	79	-1.136	0.000	0.7344	0.6883	1
67	84	-1.136	0.000	0.7153	0.6348	1
67	85	-1.137	0.000	0.7229	0.6472	1
67	86	-1.136	0.000	0.8121	0.6388	1
67	87	-1.136	0.000	0.8612	0.6204	1
67	92	-5.109	0.000	0.7242	0.5543	1
68	69	-0.000	0.000	0.8783	0.7809	1
68	90	-5.013	0.000	0.7777	0.6875	1
68	95	-5.998	0.000	0.7200	0.6898	1
68	98	-7.042	0.000	0.7081	0.6139	1
68	99	-7.042	0.000	0.8075	0.7148	1
68	143	-35.038	0.000	0.7276	0.5733	1
68	147	-35.043	0.000	0.7307	0.6231	1
68	148	-35.038	0.000	0.7552	0.5590	1
68	149	-35.041	0.000	0.7500	0.5858	1
68	163	-49.055	0.000	0.7032	0.5575	1
69	90	-5.013	0.000	0.7834	0.6358	1
69	95	-5.998	0.000	0.7411	0.6677	1
69	99	-7.042	0.000	0.8627	0.6741	1
69	111	-15.011	0.000	0.7249	0.6183	1
69	116	-18.010	0.000	0.7079	0.5605	1
69	143	-35.038	0.000	0.7014	0.6011	1
69	148	-35.038	0.000	0.7329	0.5754	1
69	149	-35.041	0.000	0.7251	0.5970	1
69	163	-49.055	0.000	0.7224	0.5857	1
70	71	-0.000	0.000	0.8704	0.6618	1
70	72	0.000	0.000	0.9036	0.6336	1
70	78	-0.172	0.000	0.7849	0.5877	1
70	79	-0.172	0.000	0.7638	0.6511	1
70	84	-0.172	0.000	0.7640	0.5708	1
70	85	-0.174	0.000	0.7789	0.6130	1
70	86	-0.172	0.000	0.8755	0.6466	1
70	87	-0.173	0.000	0.8907	0.6330	1
71	72	0.000	0.000	0.8923	0.6010	1
71	78	-0.172	0.000	0.8041	0.6205	1
71	79	-0.172	0.000	0.8308	0.7067	1
71	84	-0.172	0.000	0.7452	0.5756	1
71	85	-0.174	0.000	0.7587	0.6158	1
71	86	-0.172	0.000	0.8949	0.7059	1
71	87	-0.172	0.000	0.8906	0.5918	1
71	92	-4.146	0.000	0.7190	0.5315	1
72	78	-0.172	0.000	0.7780	0.5361	1
72	79	-0.172	0.000	0.7831	0.6412	1
72	84	-0.172	0.000	0.7416	0.4878	1
72	85	-0.174	0.000	0.7824	0.5386	1
72	86	-0.172	0.000	0.8746	0.6383	1
72	87	-0.173	0.000	0.9064	0.7165	1
72	321	-230.996	0.000	0.7315	0.3761	1
73	184	-57.021	0.000	0.7060	0.3951	1
73	185	-57.021	0.000	0.8211	0.5577	1
73	186	-57.022	0.000	0.8136	0.5686	1
73	187	-57.058	0.000	0.7242	0.5044	1
73	188	-57.058	0.000	0.8579	0.6361	1
73	211	-95.074	0.000	0.7467	0.3486	1
73	212	-95.077	0.000	0.7102	0.3066	1
73	231	-128.059	0.000	0.8440	0.6098	1
73	278	-170.105	0.000	0.7128	0.4719	1
74	75	0.001	0.000	0.7403	0.5716	1
74	76	0.007	0.000	0.8108	0.6466	1
74	77	0.006	0.000	0.8245	0.5897	1
74	78	0.008	0.000	0.7192	0.5632	1
74	79	0.007	0.000	0.7286	0.5057	1
74	80	0.001	0.000	0.8646	0.6860	1
74	81	0.008	0.000	0.8351	0.6860	1
74	82	0.005	0.000	0.7609	0.5719	1
74	83	0.002	0.000	0.8595	0.6461	1
74	88	0.004	0.000	0.8326	0.6765	1
74	108	-11.956	0.000	0.7651	0.5988	1
74	113	-13.983	0.000	0.7391	0.5594	1
74	142	-33.977	0.000	0.7035	0.6270	1
74	144	-33.982	0.000	0.7238	0.6172	1
74	145	-33.977	0.000	0.7710	0.6366	1
74	146	-33.981	0.000	0.7240	0.5720	1
75	76	0.006	0.000	0.8137	0.7032	1
75	77	0.004	0.000	0.7893	0.7237	1
75	83	0.001	0.000	0.7201	0.5890	1
75	113	-13.984	0.000	0.7544	0.6615	1
75	142	-33.978	0.000	0.7139	0.6361	1
75	144	-33.983	0.000	0.9034	0.7590	1
75	145	-33.978	0.000	0.8880	0.6417	1
75	146	-33.982	0.000	0.9088	0.7321	1
75	187	-57.015	0.000	0.7461	0.7106	1
76	77	-0.002	0.000	0.9303	0.7388	1
76	78	0.000	0.000	0.7542	0.5871	1
76	79	0.000	0.000	0.7595	0.5591	1
76	80	-0.006	0.000	0.7916	0.6764	1
76	81	0.000	0.000	0.8457	0.7774	1
76	82	-0.002	0.000	0.7909	0.6536	1
76	83	-0.005	0.000	0.8205	0.6647	1
76	84	0.000	0.000	0.8423	0.6825	1
76	85	-0.002	0.000	0.8214	0.6595	1
76	88	-0.003	0.000	0.8469	0.6867	1
76	108	-11.963	0.000	0.7090	0.6898	1
76	113	-13.990	0.000	0.7653	0.6522	1
76	142	-33.984	0.000	0.8019	0.7505	1
76	143	-33.985	0.000	0.7557	0.7088	1
76	144	-33.989	0.000	0.8315	0.8228	1
76	145	-33.984	0.000	0.8715	0.7063	1
76	146	-33.988	0.000	0.8346	0.8033	1
76	147	-33.990	0.000	0.7507	0.7319	1
76	148	-33.985	0.000	0.7794	0.6730	1
76	149	-33.988	0.000	0.7873	0.7109	1
76	184	-56.984	0.000	0.7550	0.6059	1
76	185	-56.985	0.000	0.7245	0.5523	1
76	187	-57.021	0.000	0.8370	0.7414	1
76	188	-57.021	0.000	0.7865	0.6441	1
76	218	-99.068	0.000	0.7176	0.5442	1
76	231	-128.022	0.000	0.7131	0.4986	1
76	278	-170.068	0.000	0.7438	0.4731	1
77	78	0.002	0.000	0.7389	0.6938	1
77	79	0.002	0.000	0.7417	0.6237	1
77	80	-0.004	0.000	0.8035	0.5857	1
77	81	0.002	0.000	0.8469	0.7173	1
77	82	-0.000	0.000	0.7955	0.7545	1
77	83	-0.004	0.000	0.8030	0.5904	1
77	84	0.002	0.000	0.8047	0.6319	1
77	85	0.000	0.000	0.7691	0.6459	1
77	88	-0.001	0.000	0.8375	0.6203	1
77	113	-13.988	0.000	0.7647	0.6565	1
77	142	-33.982	0.000	0.7825	0.6065	1
77	143	-33.983	0.000	0.7262	0.5411	1
77	144	-33.988	0.000	0.8049	0.7011	1
77	145	-33.982	0.000	0.8464	0.5866	1
77	146	-33.986	0.000	0.8117	0.6770	1
77	147	-33.988	0.000	0.7044	0.5710	1
77	148	-33.983	0.000	0.7217	0.5080	1
77	149	-33.986	0.000	0.7293	0.5314	1
77	184	-56.983	0.000	0.7153	0.5312	1
77	185	-56.983	0.000	0.7071	0.6170	1
77	187	-57.019	0.000	0.8122	0.7308	1
77	188	-57.019	0.000	0.7841	0.7253	1
77	218	-99.066	0.000	0.7096	0.5287	1
77	278	-170.067	0.000	0.7221	0.5439	1
78	79	-0.000	0.000	0.8761	0.6647	1
78	81	0.000	0.000	0.7793	0.6669	1
78	82	-0.002	0.000	0.8137	0.7392	1
78	83	-0.006	0.000	0.8130	0.5799	1
78	84	-0.000	0.000	0.8013	0.5963	1
78	85	-0.002	0.000	0.7990	0.6168	1
78	86	-0.000	0.000	0.8301	0.6163	1
78	87	-0.001	0.000	0.8232	0.5522	1
78	88	-0.003	0.000	0.8331	0.6246	1
79	80	-0.006	0.000	0.7397	0.5191	1
79	81	0.000	0.000	0.8320	0.6448	1
79	82	-0.002	0.000	0.8415	0.6736	1
79	83	-0.005	0.000	0.8360	0.5723	1
79	84	0.000	0.000	0.8049	0.5622	1
79	85	-0.002	0.000	0.8012	0.6167	1
79	86	-0.000	0.000	0.8421	0.7085	1
79	87	-0.000	0.000	0.8030	0.6079	1
79	88	-0.003	0.000	0.8361	0.5766	1
80	81	0.006	0.000	0.9099	0.6937	1
80	82	0.004	0.000	0.8476	0.5808	1
80	83	0.001	0.000	0.7925	0.6391	1
80	88	0.003	0.000	0.8256	0.6603	1
80	143	-33.979	0.000	0.7543	0.7149	1
80	145	-33.978	0.000	0.7458	0.6754	1
80	146	-33.982	0.000	0.7030	0.5829	1
80	147	-33.984	0.000	0.7116	0.7128	1
80	148	-33.979	0.000	0.7201	0.7222	1
80	149	-33.982	0.000	0.7366	0.7501	1
81	82	-0.002	0.000	0.9043	0.7064	1
81	83	-0.006	0.000	0.8185	0.6896	1
81	84	-0.000	0.000	0.7123	0.6543	1
81	88	-0.003	0.000	0.8883	0.7462	1
81	100	-9.857	0.000	0.7280	0.6714	1
81	101	-9.857	0.000	0.7051	0.6239	1
81	105	-9.857	0.000	0.7027	0.6386	1
81	143	-33.985	0.000	0.7316	0.6846	1
81	145	-33.985	0.000	0.7042	0.6593	1
81	149	-33.988	0.000	0.7076	0.6755	1
81	185	-56.985	0.000	0.7147	0.5823	1
81	188	-57.021	0.000	0.7341	0.6432	1
82	83	-0.003	0.000	0.7895	0.6103	1
82	84	0.002	0.000	0.7117	0.5928	1
82	88	-0.001	0.000	0.8497	0.6557	1
82	143	-33.983	0.000	0.7098	0.5470	1
82	148	-33.983	0.000	0.7099	0.5269	1
82	149	-33.986	0.000	0.7133	0.5617	1
83	84	0.006	0.000	0.8073	0.6181	1
83	85	0.004	0.000	0.7910	0.5955	1
83	88	0.002	0.000	0.8486	0.6681	1
83	108	-11.958	0.000	0.7503	0.6281	1
83	144	-33.984	0.000	0.7023	0.6146	1
83	145	-33.979	0.000	0.7415	0.5760	1
84	85	-0.002	0.000	0.8947	0.6958	1
84	86	-0.000	0.000	0.7413	0.4776	1
84	87	-0.000	0.000	0.7607	0.4662	1
84	88	-0.003	0.000	0.7970	0.6346	1
84	142	-33.984	0.000	0.7137	0.6294	1
84	144	-33.989	0.000	0.7188	0.6993	1
84	145	-33.984	0.000	0.7689	0.5949	1
84	146	-33.988	0.000	0.7216	0.6752	1
84	164	-49.979	0.000	0.7466	0.6298	1
85	86	0.001	0.000	0.7648	0.5430	1
85	87	0.001	0.000	0.7780	0.5117	1
85	88	-0.002	0.000	0.7585	0.5951	1
85	144	-33.988	0.000	0.7067	0.6655	1
85	145	-33.983	0.000	0.7427	0.5440	1
85	146	-33.986	0.000	0.7035	0.6283	1
85	164	-49.978	0.000	0.7005	0.5471	1
86	87	-0.000	0.000	0.8792	0.6537	1
86	92	-3.974	0.000	0.7303	0.5129	1
86	321	-230.824	0.000	0.7120	0.4063	1
88	108	-11.960	0.000	0.7201	0.6502	1
88	142	-33.981	0.000	0.7343	0.6973	1
88	143	-33.982	0.000	0.7419	0.6983	1
88	145	-33.981	0.000	0.7409	0.6585	1
88	148	-33.982	0.000	0.7036	0.6396	1
88	149	-33.985	0.000	0.7096	0.6881	1
88	164	-49.976	0.000	0.7150	0.6664	1
88	185	-56.982	0.000	0.7380	0.5366	1
88	188	-57.018	0.000	0.7365	0.5736	1
89	90	0.000	0.000	0.8008	0.8010	1
89	93	-0.984	0.000	0.7728	0.7975	1
89	94	-0.984	0.000	0.7251	0.8264	1
89	95	-0.986	0.000	0.7427	0.6620	1
89	98	-2.029	0.000	0.8258	0.8067	1
89	99	-2.029	0.000	0.7058	0.6713	1
89	110	-9.014	0.000	0.7093	0.6656	1
89	162	-44.043	0.000	0.7168	0.6767	1
89	163	-44.043	0.000	0.7205	0.6663	1
90	92	-0.014	0.000	0.7015	0.6335	1
90	94	-0.984	0.000	0.7464	0.7975	1
90	95	-0.986	0.000	0.8977	0.7475	1
90	98	-2.029	0.000	0.8480	0.8020	1
90	99	-2.029	0.000	0.8778	0.8139	1
90	111	-9.998	0.000	0.7353	0.6528	1
90	140	-28.993	0.000	0.7465	0.7830	1
90	141	-28.992	0.000	0.7547	0.6886	1
90	148	-30.025	0.000	0.7058	0.6245	1
90	149	-30.028	0.000	0.7016	0.6584	1
90	162	-44.043	0.000	0.7080	0.6363	1
90	163	-44.043	0.000	0.7118	0.6239	1
90	164	-46.019	0.000	0.7179	0.6611	1
91	93	-0.984	0.000	0.7846	0.7714	1
91	94	-0.984	0.000	0.8268	0.8209	1
91	110	-9.014	0.000	0.7485	0.6646	1
91	121	-15.995	0.000	0.7714	0.6832	1
92	95	-0.972	0.000	0.7716	0.6433	1
92	99	-2.016	0.000	0.7136	0.7065	1
92	111	-9.984	0.000	0.7204	0.7466	1
92	164	-46.006	0.000	0.7375	0.6890	1
93	94	-0.000	0.000	0.8267	0.7693	1
93	112	-9.014	0.000	0.7098	0.5725	1
93	241	-131.094	0.000	0.7162	0.5882	1
93	242	-132.042	0.000	0.7560	0.6096	1
94	95	-0.002	0.000	0.7004	0.6593	1
94	96	-1.009	0.000	0.7107	0.7006	1
94	122	-15.011	0.000	0.7951	0.6115	1
94	123	-15.011	0.000	0.7352	0.6784	1
95	98	-1.044	0.000	0.7187	0.6525	1
95	99	-1.044	0.000	0.8015	0.6734	1
95	111	-9.012	0.000	0.7365	0.6001	1
95	116	-12.012	0.000	0.7605	0.6395	1
95	140	-28.007	0.000	0.7151	0.5879	1
95	141	-28.007	0.000	0.7784	0.5997	1
95	143	-29.040	0.000	0.7063	0.5811	1
95	148	-29.040	0.000	0.7052	0.5763	1
95	149	-29.043	0.000	0.7034	0.6024	1
95	156	-37.007	0.000	0.7255	0.6495	1
96	97	0.000	0.000	0.7712	0.6174	1
98	99	-0.000	0.000	0.8349	0.7507	1
98	110	-6.985	0.000	0.7015	0.6142	1
98	143	-27.996	0.000	0.7395	0.7384	1
98	147	-28.001	0.000	0.7595	0.7817	1
98	148	-27.996	0.000	0.7601	0.6822	1
98	149	-27.999	0.000	0.7572	0.7272	1
98	162	-42.013	0.000	0.7643	0.6985	1
98	163	-42.013	0.000	0.7606	0.6669	1
99	116	-10.968	0.000	0.7755	0.7568	1
99	141	-26.963	0.000	0.8359	0.8300	1
99	143	-27.996	0.000	0.7987	0.7499	1
99	147	-28.000	0.000	0.8080	0.7695	1
99	148	-27.996	0.000	0.8230	0.6834	1
99	149	-27.999	0.000	0.8168	0.7192	1
99	163	-42.013	0.000	0.7991	0.7309	1
100	101	0.000	0.000	0.8393	0.6379	1
100	102	0.000	0.000	0.8547	0.7082	1
100	103	0.000	0.000	0.8814	0.7656	1
100	104	0.000	0.000	0.7970	0.5783	1
100	105	0.000	0.000	0.8729	0.7387	1
100	106	0.000	0.000	0.8195	0.6356	1
100	107	0.000	0.000	0.9017	0.7786	1
100	119	-9.076	0.000	0.7029	0.6904	1
100	125	-13.123	0.000	0.7138	0.5098	1
100	126	-13.125	0.000	0.7102	0.5618	1
100	127	-13.123	0.000	0.7699	0.5473	1
100	128	-13.125	0.000	0.7698	0.5952	1
100	129	-13.123	0.000	0.7166	0.6320	1
100	130	-13.123	0.000	0.7481	0.6237	1
100	132	-15.139	0.000	0.7098	0.5919	1
100	180	-44.264	0.000	0.7041	0.4702	1
101	102	0.000	0.000	0.8572	0.6370	1
101	103	0.000	0.000	0.8452	0.6433	1
101	104	0.000	0.000	0.8829	0.7090	1
101	105	0.000	0.000	0.8327	0.6323	1
101	106	0.000	0.000	0.9172	0.7687	1
101	107	0.000	0.000	0.8509	0.6444	1
101	119	-9.076	0.000	0.7001	0.6509	1
101	125	-13.123	0.000	0.7360	0.4791	1
101	126	-13.125	0.000	0.7344	0.5497	1
101	127	-13.123	0.000	0.8350	0.5586	1
101	128	-13.125	0.000	0.8093	0.5897	1
101	129	-13.123	0.000	0.7145	0.6211	1
101	130	-13.123	0.000	0.8164	0.6715	1
101	131	-14.143	0.000	0.7268	0.6332	1
101	132	-15.139	0.000	0.7527	0.6309	1
101	180	-44.264	0.000	0.7698	0.5816	1
102	103	0.000	0.000	0.8847	0.7011	1
102	104	0.000	0.000	0.8247	0.6129	1
102	105	0.000	0.000	0.8541	0.6603	1
102	106	0.000	0.000	0.8411	0.6487	1
102	107	0.000	0.000	0.8454	0.6403	1
102	125	-13.123	0.000	0.7597	0.5085	1
102	126	-13.125	0.000	0.7450	0.5805	1
102	127	-13.123	0.000	0.8470	0.6014	1
102	128	-13.125	0.000	0.8381	0.6443	1
102	129	-13.123	0.000	0.7259	0.6312	1
102	130	-13.123	0.000	0.7683	0.6471	1
102	180	-44.264	0.000	0.7804	0.5463	1
103	104	0.000	0.000	0.8058	0.6219	1
103	105	0.000	0.000	0.9005	0.7511	1
103	106	0.000	0.000	0.8289	0.6508	1
103	107	0.000	0.000	0.8814	0.6980	1
103	125	-13.123	0.000	0.7578	0.5757	1
103	126	-13.125	0.000	0.7567	0.6668	1
103	127	-13.123	0.000	0.8249	0.6225	1
103	128	-13.125	0.000	0.8259	0.6790	1
103	129	-13.123	0.000	0.7395	0.7002	1
103	130	-13.123	0.000	0.7638	0.6743	1
103	180	-44.264	0.000	0.7303	0.4927	1
104	105	-0.000	0.000	0.7938	0.6092	1
104	106	-0.000	0.000	0.9008	0.7420	1
104	107	0.000	0.000	0.8119	0.5827	1
104	125	-13.123	0.000	0.7014	0.4472	1
104	126	-13.125	0.000	0.7246	0.5348	1
104	127	-13.123	0.000	0.8133	0.5293	1
104	128	-13.125	0.000	0.7908	0.5803	1
104	130	-13.123	0.000	0.8116	0.6579	1
104	131	-14.144	0.000	0.7338	0.6249	1
104	132	-15.139	0.000	0.7572	0.5771	1
104	158	-32.154	0.000	0.7112	0.5683	1
104	180	-44.264	0.000	0.7579	0.5522	1
105	106	0.000	0.000	0.8267	0.6681	1
105	107	0.000	0.000	0.8612	0.6916	1
105	119	-9.076	0.000	0.7269	0.6863	1
105	125	-13.123	0.000	0.7614	0.5597	1
105	126	-13.125	0.000	0.7589	0.6387	1
105	127	-13.123	0.000	0.8160	0.5851	1
105	128	-13.125	0.000	0.8160	0.6470	1
105	129	-13.123	0.000	0.7646	0.6843	1
105	130	-13.123	0.000	0.7880	0.6779	1
105	180	-44.264	0.000	0.7584	0.5404	1
106	107	0.000	0.000	0.8517	0.6376	1
106	125	-13.123	0.000	0.7047	0.4553	1
106	126	-13.125	0.000	0.7213	0.5388	1
106	127	-13.123	0.000	0.8200	0.5584	1
106	128	-13.125	0.000	0.7943	0.5976	1
106	130	-13.123	0.000	0.8185	0.7007	1
106	131	-14.143	0.000	0.7694	0.7265	1
106	132	-15.139	0.000	0.7657	0.6334	1
106	158	-32.154	0.000	0.7193	0.5911	1
106	170	-41.206	0.000	0.7173	0.3311	1
106	180	-44.264	0.000	0.7508	0.5424	1
107	125	-13.123	0.000	0.7244	0.4907	1
107	126	-13.125	0.000	0.7215	0.5449	1
107	127	-13.123	0.000	0.7801	0.5146	1
107	128	-13.125	0.000	0.7791	0.5823	1
107	129	-13.123	0.000	0.7169	0.6004	1
107	130	-13.123	0.000	0.7278	0.5493	1
107	180	-44.264	0.000	0.7078	0.4908	1
108	109	0.000	0.000	0.7771	0.6626	1
108	142	-22.021	0.000	0.7510	0.6684	1
108	143	-22.022	0.000	0.7154	0.6578	1
108	145	-22.021	0.000	0.7051	0.6532	1
108	269	-143.058	0.000	0.7515	0.6180	1
109	118	-5.995	0.000	0.7031	0.6291	1
110	111	-0.984	0.000	0.7884	0.6976	1
110	155	-28.978	0.000	0.7178	0.6625	1
110	156	-28.978	0.000	0.7262	0.7166	1
111	112	-0.000	0.000	0.7941	0.6663	1
111	156	-27.995	0.000	0.7429	0.6581	1
111	181	-42.011	0.000	0.7261	0.6747	1
111	221	-91.030	0.000	0.7194	0.5638	1
112	137	-14.015	0.000	0.7018	0.5461	1
112	220	-91.026	0.000	0.7069	0.5331	1
112	341	-255.230	0.000	0.7654	0.4626	1
112	342	-255.228	0.000	0.7459	0.3793	1
112	369	-291.175	0.000	0.7121	0.3377	1
112	385	-299.254	0.000	0.7105	0.3805	1
112	420	-335.201	0.000	0.7145	0.3342	1
112	429	-343.280	0.000	0.7331	0.4370	1
112	430	-343.279	0.000	0.7422	0.4120	1
113	114	-0.000	0.000	0.7879	0.6900	1
113	187	-43.031	0.000	0.7263	0.5880	1
114	232	-114.107	0.000	0.7008	0.6109	1
115	139	-14.016	0.000	0.9158	0.6644	1
115	159	-28.945	0.000	0.7113	0.3702	1
115	193	-57.060	0.000	0.7069	0.6683	1
115	300	-185.032	0.000	0.7270	0.5208	1
116	140	-15.995	0.000	0.8538	0.7683	1
116	141	-15.995	0.000	0.8665	0.7724	1
116	143	-17.028	0.000	0.7837	0.7261	1
116	147	-17.032	0.000	0.7932	0.7394	1
116	148	-17.028	0.000	0.8099	0.6485	1
116	149	-17.031	0.000	0.8058	0.6923	1
117	118	-0.002	0.000	0.8233	0.6485	1
119	120	-0.000	0.000	0.9356	0.7671	1
119	129	-4.046	0.000	0.7145	0.6933	1
119	130	-4.046	0.000	0.7571	0.6353	1
119	389	-296.315	0.000	0.7014	0.4216	1
119	483	-384.361	0.000	0.7108	0.4615	1
120	273	-143.986	0.000	0.7460	0.4259	1
120	284	-156.150	0.000	0.7151	0.4019	1
120	311	-200.177	0.000	0.7237	0.4675	1
120	319	-208.255	0.000	0.7542	0.3856	1
120	338	-244.203	0.000	0.7473	0.4679	1
120	344	-252.281	0.000	0.7726	0.4572	1
120	365	-280.175	0.000	0.7898	0.4432	1
120	374	-288.228	0.000	0.7582	0.3967	1
120	383	-293.253	0.000	0.7168	0.4208	1
120	389	-296.314	0.000	0.8023	0.5265	1
120	416	-326.297	0.000	0.7437	0.3846	1
120	424	-332.214	0.000	0.7137	0.3608	1
120	425	-332.255	0.000	0.7494	0.4343	1
120	432	-340.334	0.000	0.7688	0.4877	1
120	454	-366.204	0.000	0.7055	0.4024	1
120	455	-367.323	0.000	0.7586	0.5037	1
120	475	-379.345	0.000	0.7681	0.4216	1
120	482	-383.319	0.000	0.7688	0.3900	1
120	483	-384.360	0.000	0.8035	0.5511	1
120	488	-391.315	0.000	0.7147	0.3900	1
120	520	-428.386	0.000	0.7772	0.4364	1
120	523	-434.240	0.000	0.7593	0.4417	1
120	536	-452.249	0.000	0.7371	0.3653	1
120	554	-472.412	0.000	0.7613	0.4876	1
120	576	-516.438	0.000	0.7761	0.3974	1
120	578	-520.277	0.000	0.7611	0.3652	1
120	594	-560.464	0.000	0.7249	0.4454	1
121	256	-132.042	0.000	0.7273	0.4791	1
123	124	-0.986	0.000	0.9218	0.8008	1
123	125	-3.025	0.000	0.8594	0.7875	1
123	126	-3.027	0.000	0.8779	0.8602	1
123	127	-3.025	0.000	0.7908	0.7703	1
123	128	-3.027	0.000	0.8020	0.7401	1
123	129	-3.025	0.000	0.7956	0.6719	1
123	130	-3.025	0.000	0.7071	0.5596	1
124	125	-2.038	0.000	0.9385	0.8821	1
124	126	-2.041	0.000	0.9208	0.7720	1
124	127	-2.039	0.000	0.8555	0.8090	1
124	128	-2.041	0.000	0.8633	0.7039	1
124	129	-2.039	0.000	0.8279	0.6331	1
124	196	-58.101	0.000	0.7035	0.6390	1
125	126	-0.002	0.000	0.9461	0.7321	1
125	127	-0.000	0.000	0.8752	0.7513	1
125	128	-0.002	0.000	0.8758	0.6341	1
125	129	-0.000	0.000	0.8313	0.5945	1
125	130	-0.000	0.000	0.7197	0.4692	1
125	133	-3.011	0.000	0.7476	0.4934	1
125	151	-14.016	0.000	0.7092	0.4259	1
125	154	-18.011	0.000	0.7026	0.4172	1
125	196	-56.063	0.000	0.8135	0.6545	1
125	257	-131.058	0.000	0.7126	0.2848	1
125	298	-174.100	0.000	0.7238	0.4333	1
125	355	-271.152	0.000	0.7034	0.4927	1
125	494	-398.224	0.000	0.7237	0.4800	1
126	127	0.002	0.000	0.8705	0.7374	1
126	128	0.000	0.000	0.8688	0.7128	1
126	129	0.002	0.000	0.8427	0.6951	1
126	130	0.002	0.000	0.7738	0.6073	1
126	133	-3.009	0.000	0.7578	0.5894	1
126	151	-14.014	0.000	0.7356	0.5195	1
126	195	-56.024	0.000	0.7222	0.6505	1
126	196	-56.060	0.000	0.8208	0.7166	1
126	298	-174.098	0.000	0.7176	0.4966	1
126	494	-398.222	0.000	0.7115	0.3789	1
127	128	-0.002	0.000	0.9432	0.7436	1
127	129	0.000	0.000	0.7662	0.5856	1
127	130	0.000	0.000	0.8129	0.5789	1
127	132	-2.016	0.000	0.7227	0.6804	1
127	133	-3.011	0.000	0.8225	0.5692	1
127	151	-14.016	0.000	0.8229	0.5315	1
127	154	-18.010	0.000	0.7401	0.4359	1
127	173	-30.010	0.000	0.7788	0.5374	1
127	190	-40.031	0.000	0.7439	0.3954	1
127	195	-56.026	0.000	0.7067	0.6117	1
127	196	-56.062	0.000	0.8221	0.6581	1
127	199	-60.058	0.000	0.7430	0.3934	1
127	207	-71.073	0.000	0.7071	0.6011	1
127	213	-74.037	0.000	0.7688	0.3573	1
127	243	-115.062	0.000	0.7414	0.5028	1
127	292	-165.079	0.000	0.7113	0.3011	1
128	129	0.002	0.000	0.7761	0.6642	1
128	130	0.002	0.000	0.7821	0.5984	1
128	133	-3.009	0.000	0.8185	0.6214	1
128	151	-14.014	0.000	0.7813	0.5441	1
128	154	-18.009	0.000	0.7463	0.5189	1
128	173	-30.009	0.000	0.7704	0.5812	1
128	190	-40.029	0.000	0.7108	0.4326	1
128	196	-56.060	0.000	0.8076	0.6211	1
128	199	-60.056	0.000	0.7239	0.4266	1
128	207	-71.071	0.000	0.7010	0.6242	1
128	213	-74.035	0.000	0.7537	0.4068	1
128	243	-115.061	0.000	0.7270	0.5535	1
128	257	-131.056	0.000	0.7022	0.3008	1
128	292	-165.077	0.000	0.7306	0.4088	1
129	130	0.000	0.000	0.7497	0.5989	1
129	133	-3.011	0.000	0.7001	0.6038	1
129	151	-14.016	0.000	0.7032	0.5457	1
129	196	-56.062	0.000	0.7768	0.6074	1
130	132	-2.016	0.000	0.7947	0.6971	1
130	133	-3.011	0.000	0.7803	0.6972	1
130	151	-14.016	0.000	0.7722	0.6230	1
130	154	-18.011	0.000	0.7033	0.5642	1
130	173	-30.011	0.000	0.7477	0.5982	1
130	190	-40.031	0.000	0.7137	0.5508	1
130	196	-56.062	0.000	0.7106	0.5191	1
130	199	-60.058	0.000	0.7125	0.5219	1
131	132	-0.995	0.000	0.8175	0.7269	1
131	151	-12.995	0.000	0.7067	0.5978	1
131	152	-14.016	0.000	0.7943	0.6917	1
131	153	-14.016	0.000	0.7852	0.7320	1
131	157	-18.011	0.000	0.7945	0.6063	1
131	158	-18.011	0.000	0.8716	0.7089	1
131	183	-32.027	0.000	0.7454	0.7279	1
131	201	-61.053	0.000	0.7203	0.5051	1
132	135	-1.864	0.000	0.7335	0.4825	1
132	153	-13.021	0.000	0.7424	0.6034	1
132	158	-17.016	0.000	0.7256	0.7306	1
132	183	-31.032	0.000	0.7490	0.6652	1
132	201	-60.058	0.000	0.7479	0.5171	1
133	139	-2.089	0.000	0.7939	0.5639	1
133	141	-6.962	0.000	0.7670	0.5653	1
133	142	-7.994	0.000	0.7548	0.6075	1
133	151	-11.005	0.000	0.7992	0.6336	1
133	154	-15.000	0.000	0.7623	0.6014	1
133	160	-17.026	0.000	0.7891	0.5573	1
133	173	-27.000	0.000	0.7368	0.6307	1
133	190	-37.020	0.000	0.7010	0.5076	1
133	196	-53.052	0.000	0.7141	0.4313	1
133	199	-57.047	0.000	0.8056	0.5424	1
133	200	-58.005	0.000	0.7060	0.5155	1
133	207	-68.062	0.000	0.7148	0.5218	1
133	213	-71.026	0.000	0.7936	0.4466	1
133	216	-72.021	0.000	0.7404	0.5354	1
133	243	-112.052	0.000	0.7527	0.5798	1
133	257	-128.047	0.000	0.7361	0.3657	1
133	292	-162.068	0.000	0.7684	0.4058	1
133	330	-225.137	0.000	0.7239	0.4261	1
134	297	-170.174	0.000	0.7550	0.6051	1
134	299	-171.171	0.000	0.7083	0.6172	1
136	208	-67.987	0.000	0.7567	0.4125	1
136	321	-203.962	0.000	0.7328	0.3872	1
137	155	-13.979	0.000	0.7682	0.6506	1
138	160	-14.986	0.000	0.7906	0.6052	1
139	159	-14.929	0.000	0.7269	0.3776	1
139	182	-27.948	0.000	0.7320	0.4258	1
139	183	-27.948	0.000	0.7135	0.4527	1
139	300	-171.016	0.000	0.7294	0.3989	1
140	141	0.000	0.000	0.8199	0.7021	1
140	164	-17.027	0.000	0.8230	0.8033	1
140	181	-23.016	0.000	0.7950	0.7157	1
141	164	-17.027	0.000	0.7239	0.6894	1
142	143	-0.001	0.000	0.7845	0.7225	1
142	145	0.000	0.000	0.7750	0.7134	1
142	164	-15.995	0.000	0.7045	0.7623	1
142	205	-57.022	0.000	0.7914	0.5011	1
142	225	-79.042	0.000	0.7198	0.5363	1
142	236	-97.052	0.000	0.7270	0.4554	1
142	237	-97.053	0.000	0.7215	0.5037	1
142	251	-115.026	0.000	0.7042	0.5232	1
142	333	-226.094	0.000	0.7447	0.5877	1
143	144	-0.004	0.000	0.7593	0.6771	1
143	145	0.001	0.000	0.7864	0.7543	1
143	146	-0.003	0.000	0.7631	0.6882	1
143	147	-0.005	0.000	0.8668	0.8107	1
143	148	0.000	0.000	0.8728	0.7425	1
143	149	-0.003	0.000	0.8818	0.7949	1
143	164	-15.994	0.000	0.7849	0.8009	1
143	205	-57.021	0.000	0.7782	0.5144	1
144	145	0.005	0.000	0.9499	0.7583	1
144	146	0.001	0.000	0.9814	0.8777	1
144	147	-0.000	0.000	0.8719	0.8076	1
144	148	0.004	0.000	0.8525	0.7193	1
144	149	0.001	0.000	0.8592	0.7467	1
144	205	-57.017	0.000	0.7973	0.5893	1
144	251	-115.021	0.000	0.7263	0.6037	1
144	333	-226.089	0.000	0.7645	0.6280	1
145	146	-0.004	0.000	0.9577	0.7807	1
145	147	-0.005	0.000	0.8353	0.7970	1
145	148	-0.001	0.000	0.8369	0.7750	1
145	149	-0.004	0.000	0.8479	0.8179	1
145	164	-15.995	0.000	0.7069	0.7623	1
145	205	-57.022	0.000	0.8441	0.4963	1
145	236	-97.052	0.000	0.7057	0.4605	1
145	249	-113.047	0.000	0.7058	0.4750	1
145	251	-115.026	0.000	0.7725	0.5473	1
145	333	-226.094	0.000	0.8052	0.6459	1
146	147	-0.002	0.000	0.8563	0.8083	1
146	148	0.003	0.000	0.8365	0.7302	1
146	149	0.000	0.000	0.8443	0.7600	1
146	205	-57.018	0.000	0.8006	0.5582	1
146	251	-115.023	0.000	0.7305	0.5812	1
146	333	-226.091	0.000	0.7722	0.6310	1
147	148	0.005	0.000	0.9731	0.8280	1
147	149	0.002	0.000	0.9722	0.8534	1
147	164	-15.989	0.000	0.7134	0.7904	1
147	205	-57.016	0.000	0.7325	0.5473	1
148	149	-0.003	0.000	0.9860	0.8739	1
148	164	-15.994	0.000	0.7278	0.7234	1
148	205	-57.021	0.000	0.7464	0.4795	1
149	164	-15.991	0.000	0.7300	0.7472	1
149	205	-57.018	0.000	0.7579	0.5065	1
150	167	-14.015	0.000	0.8279	0.6370	1
151	154	-3.995	0.000	0.7114	0.5427	1
151	160	-6.022	0.000	0.7092	0.5175	1
151	173	-15.995	0.000	0.7324	0.6236	1
151	190	-26.015	0.000	0.7618	0.5596	1
151	195	-42.010	0.000	0.7452	0.5462	1
151	196	-42.047	0.000	0.7870	0.4447	1
151	199	-46.042	0.000	0.7840	0.5258	1
151	213	-60.021	0.000	0.7571	0.4632	1
151	216	-61.016	0.000	0.7011	0.5282	1
152	153	0.000	0.000	0.7815	0.5749	1
152	157	-3.994	0.000	0.7326	0.6290	1
152	158	-3.994	0.000	0.7033	0.6722	1
152	182	-18.010	0.000	0.9050	0.7367	1
152	183	-18.010	0.000	0.8551	0.6552	1
153	158	-3.994	0.000	0.7651	0.6615	1
153	159	-4.992	0.000	0.7070	0.3632	1
153	182	-18.010	0.000	0.7373	0.5626	1
153	183	-18.010	0.000	0.8817	0.7279	1
153	201	-47.036	0.000	0.7418	0.5229	1
154	159	-2.018	0.000	0.7683	0.4520	1
154	160	-2.027	0.000	0.8999	0.6225	1
154	184	-15.995	0.000	0.7351	0.5354	1
154	187	-16.031	0.000	0.7755	0.5477	1
154	196	-38.052	0.000	0.7582	0.4050	1
154	199	-42.047	0.000	0.7950	0.5215	1
154	213	-56.026	0.000	0.7892	0.5285	1
154	215	-56.063	0.000	0.7491	0.5037	1
154	216	-57.021	0.000	0.7032	0.5417	1
154	237	-90.047	0.000	0.7085	0.4376	1
154	243	-97.052	0.000	0.7208	0.5121	1
154	257	-113.047	0.000	0.7529	0.4047	1
154	292	-147.068	0.000	0.8234	0.5748	1
154	330	-210.137	0.000	0.7492	0.3867	1
154	353	-246.136	0.000	0.7181	0.3818	1
154	355	-253.141	0.000	0.7182	0.4042	1
155	156	-0.000	0.000	0.7693	0.6658	1
156	181	-14.016	0.000	0.7322	0.6351	1
157	158	0.000	0.000	0.8306	0.6130	1
157	182	-14.016	0.000	0.9280	0.7878	1
157	183	-14.016	0.000	0.7850	0.5776	1
158	182	-14.016	0.000	0.8115	0.6740	1
158	183	-14.016	0.000	0.8519	0.7028	1
158	201	-43.042	0.000	0.7026	0.4558	1
159	183	-13.019	0.000	0.7530	0.3851	1
159	184	-13.976	0.000	0.7229	0.3627	1
159	187	-14.013	0.000	0.8016	0.4407	1
159	201	-42.045	0.000	0.7953	0.4458	1
159	205	-47.998	0.000	0.8163	0.4618	1
159	300	-156.087	0.000	0.7162	0.3147	1
160	196	-36.025	0.000	0.7015	0.3512	1
160	199	-40.020	0.000	0.7771	0.6030	1
160	213	-53.999	0.000	0.8087	0.5382	1
160	216	-54.994	0.000	0.7166	0.5010	1
160	257	-111.020	0.000	0.7557	0.4665	1
160	292	-145.041	0.000	0.8242	0.5168	1
160	330	-208.110	0.000	0.7198	0.3359	1
160	353	-244.110	0.000	0.7111	0.3387	1
162	163	0.000	0.000	0.7388	0.6445	1
163	205	-43.003	0.000	0.7048	0.5181	1
164	203	-39.011	0.000	0.7025	0.5827	1
165	166	0.000	0.000	0.8701	0.6907	1
165	206	-41.026	0.000	0.9224	0.8264	1
165	238	-82.057	0.000	0.8176	0.7222	1
166	206	-41.027	0.000	0.7904	0.7160	1
167	169	-0.000	0.000	0.7101	0.6082	1
168	169	0.000	0.000	0.7633	0.6637	1
168	174	-2.019	0.000	0.7273	0.6668	1
170	180	-3.057	0.000	0.7023	0.3026	1
171	172	-0.000	0.000	0.7033	0.4716	1
171	195	-26.016	0.000	0.7680	0.6651	1
171	196	-26.052	0.000	0.7558	0.5933	1
171	211	-42.047	0.000	0.7385	0.6276	1
171	212	-42.051	0.000	0.7315	0.6037	1
172	173	-0.000	0.000	0.7530	0.6120	1
174	175	0.000	0.000	0.7973	0.6325	1
174	176	-0.000	0.000	0.8788	0.6856	1
174	177	0.000	0.000	0.7766	0.5865	1
174	178	-0.000	0.000	0.8608	0.6971	1
174	179	0.000	0.000	0.7817	0.5979	1
175	176	-0.000	0.000	0.8129	0.6927	1
175	177	-0.000	0.000	0.8692	0.7348	1
175	178	-0.000	0.000	0.7908	0.6434	1
175	179	0.000	0.000	0.8787	0.7573	1
176	177	0.000	0.000	0.7968	0.6822	1
176	178	0.000	0.000	0.8767	0.6892	1
176	179	0.000	0.000	0.7901	0.6549	1
177	178	-0.000	0.000	0.7723	0.6210	1
177	179	0.000	0.000	0.8871	0.7338	1
178	179	0.000	0.000	0.7631	0.6162	1
181	194	-17.027	0.000	0.8699	0.6493	1
182	183	0.000	0.000	0.8304	0.6097	1
183	201	-29.026	0.000	0.7424	0.5040	1
184	185	-0.000	0.000	0.7771	0.5462	1
184	186	-0.000	0.000	0.7170	0.4309	1
184	187	-0.037	0.000	0.7888	0.5785	1
184	188	-0.037	0.000	0.7773	0.5702	1
184	205	-34.021	0.000	0.7175	0.4768	1
184	211	-38.053	0.000	0.7806	0.5655	1
184	212	-38.056	0.000	0.7769	0.5513	1
184	226	-56.063	0.000	0.7800	0.6193	1
184	231	-71.038	0.000	0.7766	0.4786	1
184	278	-113.084	0.000	0.7537	0.4476	1
184	291	-129.043	0.000	0.7515	0.5369	1
184	318	-170.105	0.000	0.7354	0.4883	1
185	186	-0.000	0.000	0.8118	0.5667	1
185	187	-0.036	0.000	0.7158	0.5350	1
185	188	-0.036	0.000	0.8460	0.6911	1
185	211	-38.052	0.000	0.7615	0.4268	1
185	212	-38.056	0.000	0.7500	0.4019	1
185	231	-71.038	0.000	0.8386	0.6351	1
185	278	-113.084	0.000	0.7105	0.5203	1
185	291	-129.043	0.000	0.7151	0.4325	1
186	188	-0.036	0.000	0.8051	0.5947	1
186	211	-38.052	0.000	0.7245	0.3466	1
186	231	-71.037	0.000	0.8110	0.5723	1
187	188	0.000	0.000	0.8270	0.6103	1
187	205	-33.985	0.000	0.7710	0.5382	1
187	211	-38.016	0.000	0.7820	0.6149	1
187	212	-38.020	0.000	0.7823	0.6260	1
187	226	-56.026	0.000	0.8436	0.6620	1
187	231	-71.001	0.000	0.7959	0.5389	1
187	278	-113.047	0.000	0.7931	0.5109	1
187	290	-128.058	0.000	0.7179	0.4706	1
187	291	-129.006	0.000	0.7738	0.5907	1
187	318	-170.069	0.000	0.8450	0.5649	1
187	360	-241.105	0.000	0.7453	0.4130	1
187	402	-267.122	0.000	0.7357	0.4353	1
188	205	-33.985	0.000	0.7087	0.6301	1
188	211	-38.016	0.000	0.8308	0.5116	1
188	212	-38.020	0.000	0.8222	0.4959	1
188	226	-56.026	0.000	0.7632	0.5927	1
188	231	-71.001	0.000	0.8337	0.6365	1
188	278	-113.047	0.000	0.7650	0.5854	1
188	291	-129.006	0.000	0.7648	0.5437	1
190	195	-15.995	0.000	0.7474	0.5307	1
190	196	-16.031	0.000	0.7224	0.3873	1
190	213	-34.006	0.000	0.7923	0.6716	1
191	198	-15.977	0.000	0.8509	0.6357	1
191	223	-41.026	0.000	0.9203	0.7660	1
195	211	-16.032	0.000	0.7233	0.5992	1
195	212	-16.035	0.000	0.7059	0.5664	1
196	199	-3.995	0.000	0.7467	0.3513	1
196	213	-17.974	0.000	0.7791	0.4096	1
196	215	-18.011	0.000	0.7114	0.3711	1
196	225	-33.985	0.000	0.7757	0.6075	1
196	292	-109.016	0.000	0.7161	0.3766	1
196	326	-160.084	0.000	0.7217	0.4311	1
196	330	-172.085	0.000	0.7356	0.4918	1
196	353	-208.085	0.000	0.7189	0.4591	1
196	444	-300.143	0.000	0.7255	0.4576	1
199	201	-2.016	0.000	0.8411	0.6524	1
199	210	-11.963	0.000	0.7976	0.6198	1
199	213	-13.979	0.000	0.8825	0.6625	1
199	214	-13.979	0.000	0.7662	0.6693	1
199	215	-14.015	0.000	0.8406	0.5294	1
199	216	-14.974	0.000	0.7459	0.4792	1
199	237	-48.000	0.000	0.8834	0.5904	1
199	243	-55.005	0.000	0.7649	0.5045	1
199	257	-71.000	0.000	0.8165	0.5782	1
199	270	-72.979	0.000	0.7111	0.4474	1
199	292	-105.021	0.000	0.8119	0.5342	1
199	298	-114.042	0.000	0.7164	0.3691	1
199	306	-128.057	0.000	0.7390	0.3643	1
199	326	-156.088	0.000	0.7837	0.4172	1
199	330	-168.090	0.000	0.7632	0.3750	1
199	353	-204.089	0.000	0.7552	0.3414	1
200	216	-14.016	0.000	0.7362	0.5778	1
201	214	-11.963	0.000	0.7548	0.6056	1
201	218	-14.015	0.000	0.7364	0.5104	1
201	300	-114.042	0.000	0.7266	0.4372	1
205	236	-40.031	0.000	0.7291	0.5653	1
205	249	-56.026	0.000	0.7063	0.5119	1
205	251	-58.005	0.000	0.7609	0.4986	1
205	333	-169.073	0.000	0.7684	0.4936	1
206	238	-41.030	0.000	0.9165	0.7878	1
207	210	-0.947	0.000	0.7311	0.4879	1
207	225	-18.974	0.000	0.7189	0.5526	1
208	321	-135.975	0.000	0.8601	0.4401	1
208	364	-203.962	0.000	0.7856	0.3395	1
208	438	-271.949	0.000	0.7288	0.2885	1
210	213	-2.016	0.000	0.7566	0.5980	1
210	214	-2.016	0.000	0.7707	0.5509	1
210	215	-2.052	0.000	0.8251	0.5767	1
210	224	-16.032	0.000	0.8485	0.6087	1
210	236	-36.036	0.000	0.7964	0.6367	1
210	237	-36.037	0.000	0.7845	0.5606	1
210	243	-43.042	0.000	0.7353	0.5713	1
210	270	-61.016	0.000	0.7425	0.4998	1
211	212	-0.004	0.000	0.9079	0.7842	1
211	215	-2.015	0.000	0.7570	0.4408	1
211	224	-15.995	0.000	0.7473	0.4779	1
211	226	-18.010	0.000	0.8189	0.6187	1
211	231	-32.985	0.000	0.7498	0.3522	1
211	233	-33.984	0.000	0.8545	0.6603	1
211	234	-33.984	0.000	0.8094	0.6961	1
211	235	-33.988	0.000	0.8476	0.7209	1
211	249	-51.994	0.000	0.7049	0.4791	1
211	278	-75.031	0.000	0.7381	0.4108	1
211	291	-90.990	0.000	0.7653	0.5407	1
211	318	-132.053	0.000	0.7024	0.6030	1
212	215	-2.012	0.000	0.7570	0.4418	1
212	224	-15.991	0.000	0.7459	0.4725	1
212	226	-18.007	0.000	0.8166	0.6344	1
212	231	-32.982	0.000	0.7282	0.3491	1
212	233	-33.980	0.000	0.8724	0.6969	1
212	234	-33.981	0.000	0.8147	0.7231	1
212	235	-33.984	0.000	0.8630	0.7344	1
212	278	-75.028	0.000	0.7425	0.4030	1
212	291	-90.987	0.000	0.7716	0.5590	1
212	318	-132.049	0.000	0.7014	0.5995	1
213	215	-0.036	0.000	0.7554	0.4336	1
213	216	-0.995	0.000	0.7256	0.4725	1
213	224	-14.016	0.000	0.7666	0.5565	1
213	226	-16.031	0.000	0.7541	0.5116	1
213	237	-34.021	0.000	0.8643	0.5809	1
213	243	-41.026	0.000	0.7504	0.4823	1
213	249	-50.016	0.000	0.7543	0.4874	1
213	257	-57.021	0.000	0.8857	0.5965	1
213	292	-91.042	0.000	0.8797	0.5461	1
213	298	-100.063	0.000	0.7024	0.3708	1
213	306	-114.079	0.000	0.7352	0.4132	1
213	315	-128.094	0.000	0.7448	0.4142	1
213	326	-142.110	0.000	0.7245	0.3911	1
213	330	-154.111	0.000	0.8009	0.4104	1
213	347	-185.116	0.000	0.7125	0.3053	1
213	353	-190.110	0.000	0.7584	0.3749	1
213	368	-204.126	0.000	0.7152	0.3802	1
213	439	-270.095	0.000	0.7172	0.2717	1
213	443	-282.139	0.000	0.7352	0.3350	1
214	224	-14.016	0.000	0.8139	0.5608	1
215	224	-13.979	0.000	0.7789	0.5514	1
215	226	-15.995	0.000	0.7827	0.5012	1
215	237	-33.985	0.000	0.7867	0.4839	1
215	243	-40.989	0.000	0.7294	0.5284	1
215	258	-57.021	0.000	0.8091	0.6107	1
215	292	-91.006	0.000	0.7080	0.4031	1
215	315	-128.057	0.000	0.7127	0.4591	1
215	330	-154.075	0.000	0.7972	0.4592	1
216	257	-56.026	0.000	0.7962	0.4994	1
216	292	-90.047	0.000	0.7302	0.4918	1
217	230	-28.031	0.000	0.9037	0.6009	1
221	222	0.001	0.000	0.7025	0.5644	1
224	226	-2.015	0.000	0.7803	0.5569	1
224	232	-17.066	0.000	0.8016	0.6299	1
224	249	-36.000	0.000	0.7684	0.5377	1
225	233	-15.995	0.000	0.7190	0.6335	1
225	234	-15.995	0.000	0.8279	0.7110	1
225	235	-15.998	0.000	0.7453	0.6807	1
225	237	-18.011	0.000	0.7512	0.3821	1
226	249	-33.984	0.000	0.8146	0.6004	1
226	278	-57.021	0.000	0.7562	0.5166	1
226	318	-114.043	0.000	0.7278	0.5112	1
226	352	-172.054	0.000	0.7190	0.5106	1
227	251	-33.984	0.000	0.8212	0.6479	1
228	244	-16.028	0.000	0.7428	0.5243	1
229	367	-176.105	0.000	0.7300	0.2266	1
230	243	-11.865	0.000	0.7320	0.5003	1
231	278	-42.046	0.000	0.8076	0.5638	1
231	291	-58.005	0.000	0.7659	0.4046	1
233	234	-0.000	0.000	0.8366	0.7015	1
233	235	-0.004	0.000	0.8910	0.6601	1
233	236	-2.016	0.000	0.7404	0.3764	1
233	237	-2.016	0.000	0.7550	0.3844	1
233	249	-18.011	0.000	0.7767	0.4515	1
234	235	-0.003	0.000	0.8395	0.6780	1
234	236	-2.015	0.000	0.7036	0.3880	1
234	249	-18.010	0.000	0.8187	0.5009	1
234	305	-75.032	0.000	0.7504	0.4867	1
234	334	-132.054	0.000	0.7261	0.5249	1
235	236	-2.012	0.000	0.7054	0.4210	1
235	237	-2.013	0.000	0.7073	0.4057	1
235	249	-18.007	0.000	0.7507	0.5015	1
236	249	-15.995	0.000	0.8225	0.6034	1
236	333	-129.042	0.000	0.8081	0.5371	1
236	394	-186.063	0.000	0.7725	0.4563	1
237	243	-7.005	0.000	0.7184	0.4557	1
237	249	-15.994	0.000	0.7124	0.5250	1
237	257	-23.000	0.000	0.7795	0.4296	1
237	292	-57.021	0.000	0.8280	0.5972	1
237	330	-120.090	0.000	0.7275	0.4195	1
237	353	-156.089	0.000	0.7347	0.4043	1
239	240	-0.035	0.000	0.7511	0.6076	1
239	241	-0.036	0.000	0.7085	0.5909	1
239	242	-0.983	0.000	0.8587	0.6579	1
239	250	-11.030	0.000	0.8080	0.6198	1
239	254	-14.015	0.000	0.7510	0.6231	1
239	256	-15.994	0.000	0.8794	0.6749	1
240	241	-0.001	0.000	0.7728	0.6865	1
240	242	-0.948	0.000	0.7905	0.6928	1
240	254	-13.980	0.000	0.7472	0.6313	1
240	256	-15.959	0.000	0.7219	0.6267	1
241	242	-0.948	0.000	0.8362	0.6969	1
241	254	-13.979	0.000	0.7169	0.6147	1
241	256	-15.958	0.000	0.7395	0.6173	1
242	250	-10.046	0.000	0.7475	0.6185	1
242	254	-13.031	0.000	0.7424	0.5997	1
242	256	-15.011	0.000	0.7239	0.6255	1
243	257	-15.995	0.000	0.7650	0.4534	1
243	258	-16.032	0.000	0.7371	0.5843	1
243	270	-17.974	0.000	0.7739	0.5921	1
243	292	-50.016	0.000	0.7857	0.5445	1
243	298	-59.038	0.000	0.7116	0.5675	1
243	306	-73.053	0.000	0.7510	0.5804	1
243	315	-87.068	0.000	0.7009	0.5192	1
243	323	-101.011	0.000	0.7821	0.6091	1
243	330	-113.085	0.000	0.7844	0.5954	1
243	353	-149.085	0.000	0.7100	0.4887	1
243	355	-156.090	0.000	0.7112	0.4817	1
247	300	-57.021	0.000	0.7439	0.4858	1
247	359	-154.074	0.000	0.7151	0.4972	1
249	305	-57.021	0.000	0.7570	0.5505	1
250	254	-2.985	0.000	0.7562	0.5947	1
250	256	-4.964	0.000	0.7127	0.5997	1
251	333	-111.068	0.000	0.7188	0.5312	1
252	253	0.000	0.000	0.7758	0.6534	1
252	256	-1.979	0.000	0.7017	0.6663	1
254	256	-1.979	0.000	0.7190	0.5909	1
257	278	-16.031	0.000	0.7328	0.4439	1
257	292	-34.021	0.000	0.8939	0.5520	1
257	298	-43.042	0.000	0.7765	0.4272	1
257	323	-85.016	0.000	0.7029	0.3104	1
257	326	-85.088	0.000	0.7492	0.3989	1
257	330	-97.090	0.000	0.7514	0.3351	1
257	347	-128.095	0.000	0.7339	0.3218	1
257	353	-133.089	0.000	0.7810	0.3547	1
257	355	-140.094	0.000	0.7271	0.3375	1
257	382	-156.125	0.000	0.7097	0.2752	1
257	439	-213.074	0.000	0.7316	0.2737	1
257	443	-225.118	0.000	0.7951	0.3507	1
257	494	-267.166	0.000	0.7243	0.2225	1
257	566	-368.215	0.000	0.7262	0.1913	1
258	315	-71.036	0.000	0.7405	0.5192	1
258	330	-97.053	0.000	0.7759	0.5312	1
259	260	0.000	0.000	0.7727	0.4941	1
259	261	-0.000	0.000	0.8063	0.5126	1
259	262	-0.000	0.000	0.8675	0.5426	1
259	263	-0.000	0.000	0.7527	0.4653	1
259	264	-0.000	0.000	0.8062	0.4775	1
259	265	-0.000	0.000	0.7730	0.4636	1
259	266	-0.000	0.000	0.8234	0.4923	1
259	267	-0.000	0.000	0.7679	0.4878	1
259	268	-0.000	0.000	0.8306	0.4961	1
259	279	-16.067	0.000	0.8120	0.5614	1
259	281	-18.011	0.000	0.9115	0.5914	1
259	294	-42.049	0.000	0.9130	0.7244	1
259	295	-42.049	0.000	0.8510	0.5470	1
259	296	-42.049	0.000	0.7956	0.5644	1
259	297	-42.054	0.000	0.8878	0.6134	1
259	299	-43.051	0.000	0.8909	0.6819	1
259	309	-60.058	0.000	0.9221	0.6243	1
259	310	-60.058	0.000	0.8207	0.5772	1
259	316	-72.021	0.000	0.7263	0.4571	1
259	317	-72.022	0.000	0.7534	0.4751	1
260	262	-0.000	0.000	0.7128	0.4046	1
260	265	-0.000	0.000	0.7082	0.4784	1
260	268	-0.000	0.000	0.7257	0.4387	1
260	279	-16.067	0.000	0.7239	0.4936	1
260	281	-18.011	0.000	0.7493	0.4898	1
260	294	-42.049	0.000	0.7485	0.5117	1
260	295	-42.049	0.000	0.7441	0.4780	1
260	296	-42.049	0.000	0.7197	0.4736	1
260	297	-42.054	0.000	0.7512	0.4990	1
260	299	-43.051	0.000	0.7166	0.4683	1
260	309	-60.058	0.000	0.7682	0.4661	1
260	310	-60.058	0.000	0.7277	0.4807	1
261	262	-0.000	0.000	0.7892	0.5109	1
261	264	-0.000	0.000	0.7427	0.4656	1
261	265	-0.000	0.000	0.7315	0.5085	1
261	266	-0.000	0.000	0.7394	0.4425	1
261	267	-0.000	0.000	0.7553	0.5215	1
261	268	-0.000	0.000	0.7317	0.4380	1
261	279	-16.067	0.000	0.7244	0.4491	1
261	281	-18.011	0.000	0.8018	0.5489	1
261	294	-42.049	0.000	0.7693	0.5699	1
261	295	-42.049	0.000	0.7473	0.4778	1
261	296	-42.049	0.000	0.7206	0.4651	1
261	297	-42.054	0.000	0.7618	0.4919	1
261	299	-43.051	0.000	0.7549	0.5276	1
261	309	-60.057	0.000	0.8142	0.5317	1
261	310	-60.058	0.000	0.7612	0.5590	1
262	263	0.000	0.000	0.7171	0.4585	1
262	264	0.000	0.000	0.7977	0.5231	1
262	265	0.000	0.000	0.7650	0.4665	1
262	266	0.000	0.000	0.7353	0.4238	1
262	267	0.000	0.000	0.7448	0.4497	1
262	268	0.000	0.000	0.7875	0.5004	1
262	279	-16.067	0.000	0.7852	0.5182	1
262	281	-18.010	0.000	0.8416	0.5773	1
262	294	-42.048	0.000	0.8681	0.6173	1
262	295	-42.048	0.000	0.7700	0.4680	1
262	296	-42.049	0.000	0.7699	0.4550	1
262	297	-42.053	0.000	0.8427	0.5478	1
262	299	-43.051	0.000	0.8212	0.5129	1
262	309	-60.057	0.000	0.8738	0.6069	1
262	310	-60.057	0.000	0.7986	0.5696	1
263	279	-16.067	0.000	0.7423	0.5027	1
263	281	-18.010	0.000	0.7750	0.5481	1
263	294	-42.049	0.000	0.7345	0.5262	1
263	295	-42.049	0.000	0.7032	0.4464	1
263	297	-42.054	0.000	0.7325	0.4694	1
263	299	-43.051	0.000	0.7481	0.4741	1
263	309	-60.057	0.000	0.7737	0.5562	1
264	265	0.000	0.000	0.7585	0.4866	1
264	266	0.000	0.000	0.7089	0.4089	1
264	267	-0.000	0.000	0.7214	0.5028	1
264	268	0.000	0.000	0.7549	0.4360	1
264	279	-16.067	0.000	0.7495	0.5302	1
264	281	-18.010	0.000	0.8201	0.5285	1
264	294	-42.049	0.000	0.8280	0.5665	1
264	295	-42.048	0.000	0.7729	0.5002	1
264	296	-42.049	0.000	0.7665	0.4512	1
264	297	-42.054	0.000	0.8139	0.5290	1
264	299	-43.051	0.000	0.8013	0.4944	1
264	309	-60.057	0.000	0.8240	0.5519	1
264	310	-60.057	0.000	0.7713	0.5453	1
265	279	-16.067	0.000	0.7727	0.5278	1
265	281	-18.010	0.000	0.7858	0.4836	1
265	294	-42.049	0.000	0.7593	0.5472	1
265	295	-42.049	0.000	0.7629	0.5105	1
265	296	-42.049	0.000	0.8041	0.5813	1
265	297	-42.054	0.000	0.7873	0.5156	1
265	299	-43.051	0.000	0.7571	0.5314	1
265	309	-60.057	0.000	0.8053	0.5635	1
265	310	-60.057	0.000	0.7536	0.5103	1
265	316	-72.021	0.000	0.7238	0.4924	1
265	317	-72.022	0.000	0.7099	0.4843	1
266	268	-0.000	0.000	0.7531	0.4761	1
266	279	-16.067	0.000	0.7262	0.4810	1
266	281	-18.010	0.000	0.8338	0.5982	1
266	294	-42.049	0.000	0.7757	0.5677	1
266	295	-42.049	0.000	0.7847	0.5425	1
266	296	-42.049	0.000	0.7340	0.4746	1
266	297	-42.054	0.000	0.7791	0.4804	1
266	299	-43.051	0.000	0.7687	0.4632	1
266	309	-60.057	0.000	0.8314	0.5713	1
266	310	-60.057	0.000	0.7506	0.5051	1
267	268	0.000	0.000	0.7267	0.4864	1
267	279	-16.067	0.000	0.7670	0.5350	1
267	281	-18.010	0.000	0.7747	0.5412	1
267	294	-42.048	0.000	0.7261	0.4968	1
267	295	-42.048	0.000	0.7174	0.5043	1
267	297	-42.054	0.000	0.7339	0.5046	1
267	299	-43.051	0.000	0.7092	0.4740	1
267	309	-60.057	0.000	0.7633	0.4893	1
267	310	-60.057	0.000	0.7042	0.4759	1
268	279	-16.067	0.000	0.7445	0.4758	1
268	281	-18.010	0.000	0.8233	0.6088	1
268	294	-42.049	0.000	0.8147	0.5869	1
268	295	-42.048	0.000	0.7959	0.4906	1
268	297	-42.054	0.000	0.7951	0.4929	1
268	299	-43.051	0.000	0.7998	0.4789	1
268	309	-60.057	0.000	0.8289	0.5371	1
268	310	-60.057	0.000	0.7992	0.5517	1
270	271	-2.016	0.000	0.7916	0.6746	1
270	306	-55.078	0.000	0.7665	0.6108	1
270	323	-83.037	0.000	0.7300	0.5549	1
270	330	-95.111	0.000	0.7286	0.6023	1
272	285	-17.027	0.000	0.8345	0.5833	1
272	304	-44.027	0.000	0.8177	0.5450	1
272	312	-61.054	0.000	0.8088	0.5081	1
272	329	-88.053	0.000	0.7739	0.4846	1
272	339	-105.081	0.000	0.7434	0.3303	1
272	354	-132.079	0.000	0.7757	0.5742	1
272	379	-149.113	0.000	0.7729	0.3480	1
272	472	-237.158	0.000	0.7511	0.4258	1
273	284	-12.165	0.000	0.7859	0.3554	1
273	311	-56.191	0.000	0.7959	0.4922	1
273	319	-64.270	0.000	0.8242	0.3272	1
273	338	-100.217	0.000	0.8071	0.4480	1
273	344	-108.296	0.000	0.8548	0.4057	1
273	365	-136.190	0.000	0.8554	0.3691	1
273	374	-144.243	0.000	0.8005	0.4577	1
273	383	-149.268	0.000	0.7984	0.4157	1
273	384	-149.276	0.000	0.7439	0.5150	1
273	389	-152.329	0.000	0.8416	0.4148	1
273	416	-182.312	0.000	0.8352	0.4817	1
273	424	-188.229	0.000	0.8085	0.4552	1
273	425	-188.269	0.000	0.8314	0.4807	1
273	432	-196.348	0.000	0.8359	0.4039	1
273	454	-222.218	0.000	0.8013	0.4384	1
273	455	-223.338	0.000	0.8265	0.4353	1
273	475	-235.359	0.000	0.8164	0.3771	1
273	482	-239.333	0.000	0.8509	0.4776	1
273	483	-240.375	0.000	0.8250	0.3703	1
273	488	-247.330	0.000	0.7884	0.3797	1
273	514	-276.321	0.000	0.7468	0.4055	1
273	520	-284.400	0.000	0.8198	0.3472	1
273	523	-290.255	0.000	0.8507	0.4219	1
273	536	-308.264	0.000	0.8131	0.3767	1
273	554	-328.426	0.000	0.7939	0.3504	1
273	576	-372.452	0.000	0.8212	0.3136	1
273	578	-376.292	0.000	0.8079	0.2982	1
273	594	-416.479	0.000	0.7625	0.3510	1
275	293	-26.995	0.000	0.7146	0.4988	1
275	307	-44.022	0.000	0.7599	0.5102	1
275	325	-71.021	0.000	0.7354	0.5477	1
275	332	-88.048	0.000	0.7673	0.4357	1
275	349	-115.047	0.000	0.7185	0.4704	1
275	367	-132.074	0.000	0.7512	0.3663	1
275	414	-176.101	0.000	0.7028	0.3498	1
275	500	-262.089	0.000	0.7117	0.3496	1
275	501	-264.154	0.000	0.7005	0.3540	1
278	290	-15.011	0.000	0.7176	0.4724	1
278	291	-15.959	0.000	0.8180	0.5113	1
278	305	-33.985	0.000	0.7775	0.4830	1
278	318	-57.021	0.000	0.7752	0.4176	1
278	402	-154.074	0.000	0.7233	0.3783	1
279	281	-1.943	0.000	0.8303	0.5772	1
279	294	-25.981	0.000	0.7640	0.6020	1
279	296	-25.981	0.000	0.7496	0.5163	1
279	297	-25.986	0.000	0.8089	0.6075	1
279	299	-26.984	0.000	0.7678	0.5359	1
279	309	-43.990	0.000	0.7517	0.4708	1
279	310	-43.990	0.000	0.7162	0.4631	1
280	322	-66.082	0.000	0.7471	0.5976	1
280	340	-94.114	0.000	0.7630	0.6322	1
280	351	-112.124	0.000	0.7511	0.5597	1
281	294	-24.038	0.000	0.8732	0.6761	1
281	295	-24.038	0.000	0.8283	0.5437	1
281	296	-24.038	0.000	0.7646	0.4577	1
281	297	-24.043	0.000	0.8509	0.5573	1
281	299	-25.040	0.000	0.8787	0.5738	1
281	309	-42.047	0.000	0.8832	0.5920	1
281	310	-42.047	0.000	0.8097	0.6105	1
281	316	-54.010	0.000	0.7496	0.4307	1
281	317	-54.011	0.000	0.7487	0.4519	1
282	283	-1.004	0.000	0.9254	0.7674	1
282	301	-28.032	0.000	0.9325	0.7682	1
282	302	-28.037	0.000	0.9314	0.7289	1
282	303	-29.036	0.000	0.8889	0.6705	1
282	320	-56.063	0.000	0.9278	0.7183	1
282	321	-58.626	0.000	0.7104	0.2320	1
283	301	-27.027	0.000	0.9049	0.7386	1
283	302	-27.033	0.000	0.9031	0.7170	1
283	303	-28.031	0.000	0.9516	0.7984	1
283	320	-55.059	0.000	0.9126	0.7835	1
284	293	-20.015	0.000	0.7657	0.4350	1
284	311	-44.026	0.000	0.7555	0.3609	1
284	319	-52.105	0.000	0.8169	0.4207	1
284	338	-88.053	0.000	0.8078	0.3968	1
284	344	-96.131	0.000	0.8426	0.4832	1
284	365	-124.025	0.000	0.8479	0.4592	1
284	374	-132.078	0.000	0.7821	0.3322	1
284	383	-137.103	0.000	0.8005	0.4435	1
284	384	-137.111	0.000	0.7196	0.3446	1
284	389	-140.164	0.000	0.8479	0.4276	1
284	416	-170.147	0.000	0.8155	0.3980	1
284	424	-176.064	0.000	0.7966	0.3511	1
284	425	-176.104	0.000	0.8204	0.3554	1
284	432	-184.183	0.000	0.8283	0.4076	1
284	454	-210.054	0.000	0.7868	0.3527	1
284	455	-211.173	0.000	0.8471	0.4471	1
284	475	-223.194	0.000	0.8202	0.4470	1
284	482	-227.168	0.000	0.8287	0.3425	1
284	483	-228.210	0.000	0.8259	0.4250	1
284	488	-235.165	0.000	0.8030	0.4023	1
284	514	-264.157	0.000	0.7455	0.2950	1
284	520	-272.235	0.000	0.8134	0.4243	1
284	523	-278.090	0.000	0.8460	0.5031	1
284	536	-296.099	0.000	0.8004	0.4120	1
284	554	-316.261	0.000	0.8117	0.4252	1
284	576	-360.288	0.000	0.8421	0.4645	1
284	578	-364.127	0.000	0.8231	0.4329	1
284	594	-404.314	0.000	0.7648	0.3722	1
285	304	-27.001	0.000	0.9035	0.7176	1
285	312	-44.028	0.000	0.9149	0.6648	1
285	329	-71.026	0.000	0.8873	0.6738	1
285	339	-88.055	0.000	0.8903	0.4671	1
285	354	-115.052	0.000	0.8895	0.6680	1
285	378	-132.080	0.000	0.8368	0.4024	1
285	379	-132.086	0.000	0.8713	0.4360	1
285	410	-159.078	0.000	0.7859	0.5228	1
285	427	-176.105	0.000	0.7957	0.4106	1
285	445	-203.104	0.000	0.7574	0.5151	1
285	472	-220.131	0.000	0.8721	0.5676	1
285	515	-264.157	0.000	0.8045	0.4616	1
285	549	-308.184	0.000	0.7619	0.4707	1
285	572	-352.210	0.000	0.8454	0.5739	1
285	592	-396.236	0.000	0.8179	0.5711	1
285	604	-440.261	0.000	0.8152	0.5850	1
285	621	-484.288	0.000	0.7108	0.4138	1
290	291	-0.948	0.000	0.7225	0.5875	1
290	318	-42.011	0.000	0.7435	0.4799	1
290	360	-113.047	0.000	0.7453	0.4487	1
290	388	-129.042	0.000	0.7035	0.5071	1
290	406	-143.059	0.000	0.7048	0.4780	1
290	413	-155.094	0.000	0.7069	0.3945	1
290	428	-171.060	0.000	0.7272	0.3836	1
291	305	-18.025	0.000	0.7176	0.5432	1
291	318	-41.062	0.000	0.8045	0.5910	1
291	358	-109.100	0.000	0.7283	0.4092	1
291	360	-112.099	0.000	0.7910	0.5027	1
291	388	-128.094	0.000	0.7313	0.4992	1
291	402	-138.115	0.000	0.7301	0.4958	1
291	406	-142.111	0.000	0.7133	0.4864	1
291	428	-170.111	0.000	0.7565	0.4279	1
291	458	-204.096	0.000	0.7516	0.4727	1
292	298	-9.021	0.000	0.7628	0.4961	1
292	305	-15.995	0.000	0.7127	0.4397	1
292	306	-23.036	0.000	0.7461	0.4239	1
292	315	-37.052	0.000	0.7420	0.4792	1
292	323	-50.995	0.000	0.7410	0.4173	1
292	326	-51.068	0.000	0.7743	0.5414	1
292	330	-63.069	0.000	0.8170	0.4921	1
292	347	-94.074	0.000	0.7590	0.4269	1
292	353	-99.068	0.000	0.8079	0.4809	1
292	355	-106.073	0.000	0.7322	0.4372	1
292	368	-113.084	0.000	0.7266	0.3668	1
292	375	-120.053	0.000	0.7034	0.2763	1
292	382	-122.104	0.000	0.7102	0.3528	1
292	439	-179.053	0.000	0.7692	0.3397	1
292	443	-191.097	0.000	0.7542	0.3812	1
292	444	-191.126	0.000	0.7216	0.2890	1
292	566	-334.194	0.000	0.7106	0.2299	1
293	307	-17.027	0.000	0.7837	0.5406	1
293	325	-44.026	0.000	0.7329	0.4932	1
293	332	-61.053	0.000	0.7843	0.4770	1
293	367	-105.079	0.000	0.8070	0.4270	1
293	414	-149.107	0.000	0.7119	0.3875	1
293	456	-193.133	0.000	0.7744	0.3953	1
293	500	-235.094	0.000	0.7435	0.4332	1
293	501	-237.159	0.000	0.7736	0.4522	1
293	537	-281.183	0.000	0.7589	0.3196	1
293	565	-325.209	0.000	0.7150	0.3019	1
293	588	-369.235	0.000	0.7070	0.3123	1
293	619	-457.287	0.000	0.7173	0.4218	1
294	295	0.000	0.000	0.8084	0.5493	1
294	296	-0.000	0.000	0.7716	0.4790	1
294	297	-0.005	0.000	0.8712	0.6737	1
294	299	-1.002	0.000	0.9388	0.7594	1
294	309	-18.009	0.000	0.9261	0.7517	1
294	310	-18.009	0.000	0.8260	0.6708	1
294	316	-29.972	0.000	0.7081	0.4965	1
294	317	-29.973	0.000	0.7400	0.5687	1
295	296	-0.000	0.000	0.7160	0.4323	1
295	297	-0.005	0.000	0.7905	0.4773	1
295	299	-1.002	0.000	0.8440	0.5207	1
295	309	-18.009	0.000	0.8473	0.5925	1
295	310	-18.009	0.000	0.7614	0.5251	1
295	316	-29.972	0.000	0.7059	0.4043	1
295	317	-29.973	0.000	0.7188	0.4669	1
296	297	-0.005	0.000	0.7800	0.5023	1
296	299	-1.002	0.000	0.7601	0.5612	1
296	309	-18.009	0.000	0.7958	0.5161	1
296	310	-18.009	0.000	0.7294	0.4475	1
296	316	-29.972	0.000	0.7147	0.5157	1
296	317	-29.973	0.000	0.7072	0.4556	1
297	299	-0.997	0.000	0.8751	0.5928	1
297	309	-18.004	0.000	0.8803	0.6148	1
297	310	-18.004	0.000	0.8017	0.5871	1
297	316	-29.967	0.000	0.7286	0.4328	1
297	317	-29.968	0.000	0.7434	0.4799	1
298	300	-2.015	0.000	0.7112	0.5120	1
298	306	-14.015	0.000	0.7194	0.5233	1
298	315	-28.030	0.000	0.7002	0.4874	1
298	323	-41.973	0.000	0.7083	0.4783	1
298	326	-42.046	0.000	0.7659	0.5603	1
298	330	-54.048	0.000	0.7336	0.5407	1
298	331	-56.063	0.000	0.7126	0.4478	1
298	347	-85.052	0.000	0.7812	0.5668	1
298	353	-90.047	0.000	0.7790	0.5015	1
298	355	-97.052	0.000	0.7806	0.5243	1
298	368	-104.063	0.000	0.7053	0.5178	1
298	375	-111.032	0.000	0.7444	0.3659	1
298	377	-111.068	0.000	0.7623	0.3684	1
298	382	-113.083	0.000	0.7787	0.4459	1
298	435	-168.090	0.000	0.7179	0.3540	1
298	439	-170.032	0.000	0.7051	0.4417	1
298	443	-182.076	0.000	0.7643	0.4335	1
298	444	-182.105	0.000	0.7216	0.3614	1
298	465	-197.079	0.000	0.7280	0.4237	1
298	468	-198.100	0.000	0.7525	0.3698	1
298	485	-208.121	0.000	0.7091	0.3485	1
298	494	-224.124	0.000	0.7586	0.3267	1
298	495	-225.110	0.000	0.7774	0.5488	1
298	497	-228.110	0.000	0.7283	0.3679	1
298	528	-258.136	0.000	0.7155	0.3401	1
298	532	-267.157	0.000	0.7083	0.3500	1
298	566	-325.172	0.000	0.7043	0.2602	1
299	309	-17.006	0.000	0.9040	0.6188	1
299	310	-17.007	0.000	0.8197	0.5734	1
299	316	-28.970	0.000	0.7389	0.5317	1
299	317	-28.971	0.000	0.7356	0.4763	1
301	302	-0.006	0.000	0.9381	0.7290	1
301	303	-1.004	0.000	0.8919	0.7497	1
301	320	-28.031	0.000	0.9364	0.7354	1
302	303	-0.999	0.000	0.8879	0.7151	1
302	320	-28.026	0.000	0.9220	0.7282	1
303	320	-27.027	0.000	0.9319	0.7876	1
304	312	-17.027	0.000	0.9081	0.7075	1
304	329	-44.026	0.000	0.8901	0.7166	1
304	339	-61.054	0.000	0.8946	0.5005	1
304	354	-88.052	0.000	0.8685	0.6038	1
304	378	-105.079	0.000	0.8587	0.4657	1
304	379	-105.085	0.000	0.8999	0.5218	1
304	410	-132.077	0.000	0.7965	0.6057	1
304	427	-149.104	0.000	0.8192	0.4727	1
304	445	-176.104	0.000	0.7633	0.5514	1
304	472	-193.130	0.000	0.8986	0.6573	1
304	515	-237.156	0.000	0.8222	0.5185	1
304	549	-281.183	0.000	0.8025	0.5740	1
304	572	-325.209	0.000	0.8678	0.6437	1
304	592	-369.235	0.000	0.8642	0.7197	1
304	604	-413.261	0.000	0.8456	0.6840	1
304	621	-457.287	0.000	0.7331	0.4912	1
305	318	-23.037	0.000	0.7956	0.5591	1
305	334	-57.022	0.000	0.7994	0.5604	1
306	315	-14.015	0.000	0.7924	0.6192	1
306	318	-15.995	0.000	0.7426	0.5039	1
306	323	-27.958	0.000	0.7628	0.5835	1
306	326	-28.031	0.000	0.8094	0.6573	1
306	330	-40.032	0.000	0.8071	0.6119	1
306	331	-42.047	0.000	0.7408	0.5105	1
306	347	-71.037	0.000	0.7460	0.5611	1
306	353	-76.032	0.000	0.7672	0.5394	1
306	368	-90.048	0.000	0.7365	0.5403	1
306	375	-97.016	0.000	0.7074	0.3430	1
306	382	-99.067	0.000	0.7323	0.4677	1
306	439	-156.017	0.000	0.7066	0.4244	1
306	444	-168.090	0.000	0.7278	0.3754	1
307	325	-26.999	0.000	0.7680	0.5230	1
307	332	-44.026	0.000	0.7951	0.4096	1
307	349	-71.025	0.000	0.7091	0.4463	1
307	367	-88.052	0.000	0.7932	0.3243	1
307	405	-115.051	0.000	0.7071	0.3786	1
307	414	-132.080	0.000	0.7516	0.3581	1
307	456	-176.106	0.000	0.7631	0.3344	1
307	500	-218.067	0.000	0.7484	0.3532	1
307	501	-220.132	0.000	0.7821	0.3951	1
307	537	-264.156	0.000	0.7576	0.2704	1
307	565	-308.182	0.000	0.7473	0.2809	1
307	588	-352.208	0.000	0.7218	0.2833	1
307	619	-440.260	0.000	0.7140	0.3729	1
308	315	-11.963	0.000	0.7198	0.5493	1
309	310	-0.000	0.000	0.8226	0.6106	1
309	316	-11.964	0.000	0.7530	0.4620	1
309	317	-11.964	0.000	0.7642	0.4683	1
311	319	-8.079	0.000	0.7741	0.3113	1
311	325	-20.015	0.000	0.7261	0.4720	1
311	338	-44.027	0.000	0.7952	0.4911	1
311	344	-52.105	0.000	0.8204	0.4474	1
311	365	-79.999	0.000	0.7917	0.3363	1
311	374	-88.052	0.000	0.7912	0.4551	1
311	383	-93.077	0.000	0.7831	0.4984	1
311	389	-96.138	0.000	0.8053	0.4374	1
311	416	-126.121	0.000	0.7926	0.4696	1
311	424	-132.038	0.000	0.7564	0.3562	1
311	425	-132.078	0.000	0.8021	0.4450	1
311	432	-140.157	0.000	0.7891	0.3772	1
311	454	-166.027	0.000	0.7496	0.4053	1
311	455	-167.147	0.000	0.8026	0.4672	1
311	475	-179.168	0.000	0.7580	0.3420	1
311	482	-183.142	0.000	0.8033	0.4398	1
311	483	-184.184	0.000	0.7854	0.3686	1
311	488	-191.139	0.000	0.7347	0.3443	1
311	514	-220.130	0.000	0.7683	0.4105	1
311	520	-228.209	0.000	0.7744	0.3642	1
311	523	-234.064	0.000	0.7773	0.3489	1
311	536	-252.073	0.000	0.7697	0.3464	1
311	554	-272.235	0.000	0.7651	0.3624	1
311	576	-316.261	0.000	0.7702	0.2948	1
311	578	-320.101	0.000	0.7829	0.3393	1
311	594	-360.288	0.000	0.7547	0.4078	1
312	329	-26.999	0.000	0.9073	0.7294	1
312	339	-44.027	0.000	0.9181	0.5711	1
312	354	-71.025	0.000	0.8892	0.6068	1
312	378	-88.052	0.000	0.8794	0.5156	1
312	379	-88.058	0.000	0.9181	0.5775	1
312	410	-115.050	0.000	0.7776	0.5545	1
312	427	-132.077	0.000	0.8280	0.5284	1
312	445	-159.077	0.000	0.7652	0.5137	1
312	472	-176.104	0.000	0.8858	0.6735	1
312	515	-220.129	0.000	0.8330	0.5687	1
312	549	-264.156	0.000	0.7729	0.5250	1
312	572	-308.182	0.000	0.8505	0.6557	1
312	592	-352.208	0.000	0.8429	0.6753	1
312	604	-396.234	0.000	0.8478	0.7115	1
312	621	-440.260	0.000	0.7192	0.4909	1
313	314	-0.001	0.000	0.8125	0.6082	1
313	327	-18.011	0.000	0.8748	0.6700	1
313	328	-18.011	0.000	0.8113	0.5841	1
313	356	-71.059	0.000	0.7095	0.5538	1
313	357	-71.058	0.000	0.8228	0.7298	1
313	363	-75.032	0.000	0.7985	0.7647	1
313	390	-93.043	0.000	0.7249	0.6421	1
313	391	-93.043	0.000	0.8139	0.7196	1
313	392	-93.043	0.000	0.7023	0.6907	1
313	393	-93.043	0.000	0.7053	0.6399	1
313	395	-95.058	0.000	0.7798	0.6981	1
313	397	-95.058	0.000	0.7807	0.7409	1
313	407	-111.054	0.000	0.7711	0.5421	1
313	418	-125.014	0.000	0.7535	0.7562	1
313	437	-143.025	0.000	0.7324	0.6799	1
314	327	-18.010	0.000	0.9169	0.8794	1
314	328	-18.010	0.000	0.9371	0.8692	1
314	356	-71.058	0.000	0.8805	0.8416	1
314	357	-71.057	0.000	0.9168	0.8178	1
314	363	-75.031	0.000	0.8354	0.7116	1
314	390	-93.042	0.000	0.8392	0.8534	1
314	391	-93.042	0.000	0.8681	0.8268	1
314	392	-93.042	0.000	0.8112	0.7628	1
314	393	-93.042	0.000	0.8244	0.8571	1
314	395	-95.058	0.000	0.8295	0.7716	1
314	396	-95.058	0.000	0.8095	0.8367	1
314	397	-95.058	0.000	0.8432	0.7313	1
314	398	-95.064	0.000	0.7984	0.7610	1
314	407	-111.054	0.000	0.8794	0.7715	1
314	408	-111.053	0.000	0.8271	0.7633	1
314	417	-125.014	0.000	0.7513	0.6478	1
314	418	-125.014	0.000	0.8039	0.6362	1
314	436	-143.025	0.000	0.7696	0.8079	1
314	437	-143.025	0.000	0.8270	0.7634	1
314	441	-145.039	0.000	0.7561	0.5910	1
314	452	-161.035	0.000	0.7902	0.6604	1
314	453	-161.035	0.000	0.7120	0.6431	1
314	480	-178.062	0.000	0.7931	0.8124	1
315	323	-13.943	0.000	0.7636	0.6105	1
315	326	-14.016	0.000	0.7381	0.5531	1
315	330	-26.017	0.000	0.7945	0.6577	1
315	331	-28.032	0.000	0.7309	0.5165	1
315	347	-57.022	0.000	0.7906	0.6027	1
315	353	-62.017	0.000	0.7276	0.5276	1
315	355	-69.022	0.000	0.7060	0.4909	1
315	368	-76.033	0.000	0.7276	0.5046	1
315	375	-83.001	0.000	0.7287	0.3854	1
315	382	-85.052	0.000	0.7859	0.5258	1
315	443	-154.046	0.000	0.7144	0.4820	1
315	494	-196.094	0.000	0.7126	0.3592	1
316	317	-0.001	0.000	0.7846	0.5316	1
318	334	-33.985	0.000	0.8368	0.6766	1
318	360	-71.037	0.000	0.8753	0.6223	1
318	388	-87.032	0.000	0.7534	0.5764	1
318	402	-97.053	0.000	0.8225	0.5973	1
318	403	-99.069	0.000	0.7907	0.5366	1
318	406	-101.049	0.000	0.7051	0.5442	1
318	428	-129.049	0.000	0.8050	0.4954	1
319	338	-35.948	0.000	0.8478	0.3716	1
319	344	-44.026	0.000	0.8929	0.5069	1
319	365	-71.920	0.000	0.8954	0.5477	1
319	374	-79.973	0.000	0.8468	0.3568	1
319	383	-84.998	0.000	0.8661	0.4395	1
319	384	-85.006	0.000	0.7721	0.3523	1
319	389	-88.059	0.000	0.8881	0.4154	1
319	416	-118.042	0.000	0.8540	0.3666	1
319	424	-123.959	0.000	0.8350	0.3114	1
319	425	-123.999	0.000	0.8721	0.3574	1
319	432	-132.078	0.000	0.8896	0.4402	1
319	454	-157.949	0.000	0.7952	0.2750	1
319	455	-159.068	0.000	0.8723	0.3980	1
319	470	-168.026	0.000	0.7122	0.2659	1
319	475	-171.089	0.000	0.8912	0.5320	1
319	482	-175.063	0.000	0.8656	0.3116	1
319	483	-176.105	0.000	0.8785	0.4209	1
319	488	-183.060	0.000	0.8181	0.3383	1
319	514	-212.052	0.000	0.7845	0.2847	1
319	520	-220.131	0.000	0.8740	0.4677	1
319	523	-225.985	0.000	0.8707	0.4628	1
319	536	-243.994	0.000	0.8569	0.4299	1
319	554	-264.156	0.000	0.8539	0.4086	1
319	576	-308.183	0.000	0.8925	0.5754	1
319	578	-312.022	0.000	0.8659	0.4616	1
319	594	-352.209	0.000	0.8035	0.3393	1
320	321	-2.563	0.000	0.7204	0.2472	1
321	333	-29.255	0.000	0.7010	0.2769	1
321	364	-67.987	0.000	0.9245	0.6185	1
321	438	-135.974	0.000	0.8497	0.6108	1
322	340	-28.031	0.000	0.8198	0.6453	1
322	351	-46.042	0.000	0.7771	0.6222	1
323	330	-12.074	0.000	0.7785	0.6306	1
323	347	-43.079	0.000	0.7486	0.5400	1
323	353	-48.074	0.000	0.7161	0.5306	1
323	355	-55.079	0.000	0.7097	0.5259	1
323	368	-62.090	0.000	0.7225	0.5314	1
323	377	-69.095	0.000	0.7001	0.3871	1
323	382	-71.109	0.000	0.7450	0.4858	1
323	439	-128.058	0.000	0.7298	0.4617	1
323	443	-140.103	0.000	0.7002	0.4902	1
323	444	-140.132	0.000	0.7018	0.3952	1
323	485	-166.147	0.000	0.7038	0.4352	1
324	349	-44.025	0.000	0.7191	0.6174	1
324	350	-44.025	0.000	0.7257	0.5748	1
324	358	-56.002	0.000	0.7483	0.5357	1
324	402	-85.017	0.000	0.7397	0.5820	1
324	406	-89.013	0.000	0.7366	0.6201	1
325	332	-17.027	0.000	0.7898	0.4318	1
325	367	-61.053	0.000	0.7882	0.3512	1
325	414	-105.081	0.000	0.7556	0.4045	1
325	456	-149.107	0.000	0.7388	0.3297	1
325	500	-191.068	0.000	0.7164	0.3637	1
325	501	-193.133	0.000	0.7533	0.3856	1
325	537	-237.157	0.000	0.7268	0.2558	1
325	565	-281.183	0.000	0.7336	0.2913	1
326	330	-12.001	0.000	0.7781	0.5750	1
326	331	-14.016	0.000	0.8356	0.5865	1
326	347	-43.006	0.000	0.7559	0.5517	1
326	353	-48.001	0.000	0.8677	0.6318	1
326	355	-55.006	0.000	0.7930	0.5204	1
326	359	-57.022	0.000	0.7223	0.4980	1
326	368	-62.017	0.000	0.7392	0.5576	1
326	375	-68.985	0.000	0.7221	0.3896	1
326	377	-69.022	0.000	0.7115	0.3811	1
326	382	-71.036	0.000	0.8196	0.5380	1
326	439	-127.986	0.000	0.7138	0.4644	1
326	443	-140.030	0.000	0.7270	0.5013	1
326	444	-140.059	0.000	0.7219	0.3985	1
326	465	-155.033	0.000	0.7369	0.4392	1
326	468	-156.053	0.000	0.7410	0.3896	1
326	471	-157.001	0.000	0.7554	0.4759	1
326	485	-166.074	0.000	0.7050	0.4141	1
326	487	-168.062	0.000	0.7042	0.4132	1
326	494	-182.078	0.000	0.7075	0.3537	1
326	497	-186.064	0.000	0.8134	0.4274	1
327	328	0.000	0.000	0.8792	0.8224	1
327	356	-53.048	0.000	0.8128	0.8186	1
327	357	-53.047	0.000	0.9049	0.7884	1
327	363	-57.021	0.000	0.8619	0.7214	1
327	390	-75.032	0.000	0.8020	0.8262	1
327	391	-75.032	0.000	0.8839	0.8372	1
327	392	-75.032	0.000	0.7597	0.7216	1
327	393	-75.032	0.000	0.7798	0.8228	1
327	395	-77.047	0.000	0.8408	0.7896	1
327	396	-77.047	0.000	0.7546	0.8025	1
327	397	-77.047	0.000	0.8456	0.7312	1
327	398	-77.054	0.000	0.7351	0.7149	1
327	407	-93.043	0.000	0.8894	0.7973	1
327	408	-93.042	0.000	0.7946	0.7619	1
327	417	-107.004	0.000	0.7414	0.6532	1
327	418	-107.003	0.000	0.8116	0.6279	1
327	436	-125.014	0.000	0.7386	0.7984	1
327	437	-125.014	0.000	0.8375	0.7717	1
327	441	-127.029	0.000	0.7539	0.5887	1
327	452	-143.025	0.000	0.7812	0.6592	1
327	480	-160.051	0.000	0.7633	0.7832	1
328	356	-53.048	0.000	0.9146	0.9165	1
328	357	-53.047	0.000	0.9016	0.7410	1
328	363	-57.021	0.000	0.8102	0.6419	1
328	390	-75.032	0.000	0.8386	0.7893	1
328	391	-75.032	0.000	0.8559	0.7553	1
328	392	-75.032	0.000	0.7982	0.6990	1
328	393	-75.032	0.000	0.8166	0.7976	1
328	395	-77.047	0.000	0.8163	0.7214	1
328	396	-77.047	0.000	0.8016	0.7825	1
328	397	-77.047	0.000	0.8233	0.6699	1
328	398	-77.054	0.000	0.7751	0.6899	1
328	407	-93.043	0.000	0.8750	0.8250	1
328	408	-93.042	0.000	0.8367	0.8224	1
328	417	-107.004	0.000	0.7756	0.6188	1
328	418	-107.003	0.000	0.7664	0.5610	1
328	436	-125.014	0.000	0.7784	0.7602	1
328	437	-125.014	0.000	0.8227	0.7026	1
328	441	-127.029	0.000	0.7288	0.5307	1
328	442	-127.030	0.000	0.7006	0.6072	1
328	452	-143.025	0.000	0.7803	0.6172	1
328	480	-160.051	0.000	0.7683	0.7376	1
329	339	-17.029	0.000	0.9067	0.5187	1
329	354	-44.026	0.000	0.8668	0.6133	1
329	378	-61.053	0.000	0.8704	0.4663	1
329	379	-61.060	0.000	0.8830	0.5093	1
329	410	-88.051	0.000	0.7975	0.6036	1
329	427	-105.079	0.000	0.8427	0.4924	1
329	445	-132.078	0.000	0.7958	0.5902	1
329	472	-149.105	0.000	0.8872	0.6274	1
329	515	-193.131	0.000	0.8470	0.5303	1
329	549	-237.157	0.000	0.8094	0.5368	1
329	572	-281.183	0.000	0.8758	0.6309	1
329	592	-325.209	0.000	0.8685	0.6854	1
329	604	-369.235	0.000	0.8573	0.6725	1
329	621	-413.262	0.000	0.7701	0.5109	1
329	633	-457.287	0.000	0.7324	0.4547	1
330	331	-2.015	0.000	0.8020	0.6184	1
330	347	-31.005	0.000	0.7844	0.6429	1
330	353	-35.999	0.000	0.7854	0.5767	1
330	355	-43.004	0.000	0.7844	0.6176	1
330	358	-44.000	0.000	0.7038	0.4922	1
330	368	-50.015	0.000	0.7797	0.5550	1
330	375	-56.984	0.000	0.7925	0.4460	1
330	377	-57.020	0.000	0.8074	0.4683	1
330	382	-59.035	0.000	0.8025	0.5895	1
330	439	-115.984	0.000	0.7320	0.4661	1
330	443	-128.028	0.000	0.7087	0.5043	1
330	444	-128.057	0.000	0.8232	0.5057	1
330	485	-154.073	0.000	0.7368	0.4956	1
330	487	-156.061	0.000	0.7192	0.4665	1
330	566	-271.125	0.000	0.7236	0.3389	1
331	347	-28.990	0.000	0.7283	0.5047	1
331	353	-33.984	0.000	0.8194	0.6076	1
331	355	-40.989	0.000	0.7844	0.6092	1
331	358	-41.985	0.000	0.7250	0.5317	1
331	359	-43.006	0.000	0.7288	0.5649	1
331	368	-48.000	0.000	0.7305	0.5010	1
331	375	-54.969	0.000	0.7398	0.4623	1
331	376	-54.999	0.000	0.7072	0.4453	1
331	377	-55.005	0.000	0.7727	0.4800	1
331	382	-57.020	0.000	0.7953	0.5844	1
331	443	-126.013	0.000	0.7466	0.5899	1
331	444	-126.042	0.000	0.7583	0.5147	1
331	447	-127.026	0.000	0.7246	0.5296	1
331	468	-142.037	0.000	0.7014	0.4472	1
331	471	-142.984	0.000	0.7284	0.5309	1
331	485	-152.058	0.000	0.7257	0.5051	1
331	487	-154.046	0.000	0.7335	0.5367	1
331	494	-168.061	0.000	0.7480	0.4483	1
331	497	-172.047	0.000	0.7669	0.4815	1
331	504	-184.047	0.000	0.7159	0.4814	1
331	525	-200.044	0.000	0.7225	0.4476	1
331	532	-211.095	0.000	0.7176	0.4442	1
331	566	-269.110	0.000	0.7467	0.4031	1
332	367	-44.026	0.000	0.8717	0.5414	1
332	405	-71.025	0.000	0.7289	0.5407	1
332	414	-88.053	0.000	0.7744	0.5156	1
332	456	-132.080	0.000	0.8078	0.4696	1
332	467	-138.141	0.000	0.7161	0.3633	1
332	500	-174.041	0.000	0.7832	0.5297	1
332	501	-176.105	0.000	0.8268	0.5667	1
332	537	-220.130	0.000	0.7960	0.3922	1
332	565	-264.156	0.000	0.7953	0.4296	1
332	588	-308.182	0.000	0.7641	0.4083	1
332	598	-352.208	0.000	0.7380	0.4012	1
332	619	-396.233	0.000	0.7564	0.4707	1
332	640	-484.286	0.000	0.7040	0.3974	1
333	394	-57.021	0.000	0.8778	0.7615	1
334	402	-63.068	0.000	0.7127	0.5865	1
334	403	-65.083	0.000	0.7021	0.5008	1
334	458	-129.048	0.000	0.7446	0.5366	1
335	337	0.000	0.000	0.8333	0.6054	1
335	341	-8.081	0.000	0.7902	0.4291	1
335	342	-8.079	0.000	0.7813	0.4006	1
335	369	-44.026	0.000	0.8211	0.6156	1
335	370	-44.026	0.000	0.7442	0.4869	1
335	373	-44.026	0.000	0.8242	0.5820	1
335	385	-52.105	0.000	0.7695	0.4584	1
335	386	-52.105	0.000	0.7000	0.4407	1
335	419	-88.052	0.000	0.7404	0.5723	1
335	420	-88.052	0.000	0.8129	0.5723	1
335	429	-96.131	0.000	0.7551	0.3682	1
335	430	-96.130	0.000	0.7656	0.3959	1
335	431	-96.131	0.000	0.7686	0.4960	1
335	462	-132.078	0.000	0.8026	0.5043	1
335	463	-132.078	0.000	0.7441	0.5488	1
335	464	-132.078	0.000	0.7043	0.4986	1
335	478	-138.141	0.000	0.7351	0.3265	1
335	481	-140.165	0.000	0.7438	0.3613	1
335	506	-176.104	0.000	0.7757	0.5557	1
335	507	-176.104	0.000	0.7889	0.6243	1
335	543	-220.131	0.000	0.7516	0.5107	1
335	569	-264.156	0.000	0.7060	0.4760	1
337	341	-8.081	0.000	0.7421	0.5071	1
337	342	-8.079	0.000	0.7423	0.4805	1
337	369	-44.026	0.000	0.7674	0.5542	1
337	370	-44.026	0.000	0.7125	0.5063	1
337	373	-44.027	0.000	0.7885	0.5940	1
337	385	-52.105	0.000	0.7149	0.4450	1
337	419	-88.052	0.000	0.7153	0.5567	1
337	420	-88.052	0.000	0.7693	0.5184	1
337	429	-96.131	0.000	0.7097	0.4188	1
337	430	-96.131	0.000	0.7234	0.4099	1
337	431	-96.131	0.000	0.7398	0.5471	1
337	462	-132.078	0.000	0.7488	0.4479	1
337	463	-132.078	0.000	0.7083	0.4655	1
337	481	-140.165	0.000	0.7209	0.4171	1
337	506	-176.104	0.000	0.7588	0.5290	1
337	507	-176.104	0.000	0.7504	0.5653	1
337	543	-220.131	0.000	0.7217	0.4824	1
337	569	-264.156	0.000	0.7059	0.5066	1
338	344	-8.078	0.000	0.8821	0.4809	1
338	365	-35.972	0.000	0.8725	0.4158	1
338	374	-44.025	0.000	0.8617	0.5445	1
338	383	-49.050	0.000	0.8125	0.4579	1
338	384	-49.059	0.000	0.7425	0.4824	1
338	389	-52.111	0.000	0.8754	0.5261	1
338	416	-82.094	0.000	0.8510	0.5375	1
338	424	-88.011	0.000	0.8039	0.4514	1
338	425	-88.052	0.000	0.8643	0.5280	1
338	432	-96.131	0.000	0.8599	0.4648	1
338	454	-122.001	0.000	0.8228	0.5060	1
338	455	-123.120	0.000	0.8519	0.4796	1
338	470	-132.078	0.000	0.7047	0.3908	1
338	475	-135.141	0.000	0.8178	0.3798	1
338	482	-139.116	0.000	0.8579	0.4793	1
338	483	-140.157	0.000	0.8513	0.4357	1
338	488	-147.112	0.000	0.7985	0.4097	1
338	514	-176.104	0.000	0.7958	0.4405	1
338	520	-184.183	0.000	0.8649	0.4719	1
338	523	-190.037	0.000	0.8589	0.4523	1
338	536	-208.046	0.000	0.8282	0.3814	1
338	554	-228.209	0.000	0.8441	0.4726	1
338	576	-272.235	0.000	0.8583	0.4002	1
338	578	-276.074	0.000	0.8517	0.3864	1
338	594	-316.261	0.000	0.8155	0.4466	1
339	354	-26.997	0.000	0.8578	0.4114	1
339	378	-44.025	0.000	0.9548	0.7881	1
339	379	-44.031	0.000	0.9321	0.7506	1
339	410	-71.023	0.000	0.8130	0.4394	1
339	427	-88.050	0.000	0.8954	0.6862	1
339	445	-115.049	0.000	0.8010	0.4035	1
339	472	-132.076	0.000	0.9249	0.6335	1
339	515	-176.102	0.000	0.9186	0.7254	1
339	549	-220.129	0.000	0.8712	0.5752	1
339	572	-264.155	0.000	0.9224	0.6289	1
339	592	-308.181	0.000	0.8885	0.5226	1
339	604	-352.206	0.000	0.8939	0.5616	1
339	621	-396.233	0.000	0.8295	0.5803	1
339	633	-440.258	0.000	0.7899	0.4900	1
340	351	-18.010	0.000	0.8017	0.6454	1
341	342	0.001	0.000	0.9533	0.6683	1
341	369	-35.945	0.000	0.8964	0.4972	1
341	373	-35.946	0.000	0.8809	0.5524	1
341	385	-44.024	0.000	0.9183	0.6457	1
341	386	-44.024	0.000	0.8030	0.5900	1
341	420	-79.971	0.000	0.8953	0.5032	1
341	429	-88.050	0.000	0.9253	0.6518	1
341	430	-88.050	0.000	0.9301	0.6788	1
341	431	-88.050	0.000	0.8808	0.6071	1
341	462	-123.998	0.000	0.8582	0.4167	1
341	463	-123.997	0.000	0.7090	0.3555	1
341	478	-130.060	0.000	0.8452	0.5296	1
341	481	-132.084	0.000	0.8855	0.6066	1
341	506	-168.023	0.000	0.8455	0.4960	1
341	507	-168.023	0.000	0.7468	0.4410	1
341	519	-176.103	0.000	0.7056	0.4944	1
341	543	-212.050	0.000	0.7930	0.4629	1
341	574	-264.155	0.000	0.7267	0.5446	1
342	369	-35.947	0.000	0.8876	0.4580	1
342	373	-35.947	0.000	0.8801	0.5052	1
342	385	-44.026	0.000	0.9202	0.6091	1
342	386	-44.025	0.000	0.8327	0.5621	1
342	420	-79.973	0.000	0.8895	0.4534	1
342	429	-88.052	0.000	0.9205	0.6176	1
342	430	-88.051	0.000	0.9235	0.6357	1
342	431	-88.052	0.000	0.8903	0.5499	1
342	462	-123.999	0.000	0.8551	0.3811	1
342	463	-123.999	0.000	0.7231	0.3381	1
342	478	-130.062	0.000	0.8558	0.5608	1
342	481	-132.086	0.000	0.8903	0.6517	1
342	506	-168.025	0.000	0.8468	0.4536	1
342	507	-168.025	0.000	0.7620	0.4097	1
342	519	-176.104	0.000	0.7498	0.5709	1
342	543	-212.051	0.000	0.7981	0.3911	1
342	553	-220.130	0.000	0.7448	0.4892	1
342	574	-264.156	0.000	0.7642	0.6125	1
343	386	-44.022	0.000	0.7752	0.4998	1
343	519	-176.101	0.000	0.7321	0.4689	1
343	553	-220.127	0.000	0.7144	0.3940	1
343	574	-264.152	0.000	0.7298	0.4596	1
344	365	-27.894	0.000	0.9252	0.5749	1
344	374	-35.947	0.000	0.8320	0.3657	1
344	383	-40.972	0.000	0.8586	0.5114	1
344	384	-40.980	0.000	0.7662	0.4087	1
344	389	-44.033	0.000	0.9256	0.5122	1
344	416	-74.016	0.000	0.8908	0.4753	1
344	424	-79.933	0.000	0.8448	0.3537	1
344	425	-79.973	0.000	0.8880	0.4096	1
344	432	-88.052	0.000	0.9155	0.5279	1
344	454	-113.923	0.000	0.8360	0.3764	1
344	455	-115.042	0.000	0.8960	0.4861	1
344	475	-127.063	0.000	0.8730	0.5022	1
344	482	-131.037	0.000	0.9094	0.4082	1
344	483	-132.079	0.000	0.9082	0.5365	1
344	488	-139.034	0.000	0.8544	0.4456	1
344	514	-168.026	0.000	0.7913	0.3184	1
344	520	-176.104	0.000	0.9153	0.6142	1
344	523	-181.959	0.000	0.9014	0.5514	1
344	536	-199.968	0.000	0.8793	0.5094	1
344	554	-220.130	0.000	0.8727	0.4645	1
344	576	-264.157	0.000	0.9132	0.5473	1
344	578	-267.996	0.000	0.8852	0.4651	1
344	594	-308.183	0.000	0.8555	0.4874	1
347	353	-4.995	0.000	0.7473	0.5196	1
347	355	-12.000	0.000	0.7755	0.5899	1
347	360	-15.995	0.000	0.8187	0.5045	1
347	368	-19.011	0.000	0.7365	0.5341	1
347	375	-25.979	0.000	0.7336	0.3819	1
347	377	-26.016	0.000	0.7522	0.3944	1
347	382	-28.030	0.000	0.8214	0.5458	1
347	439	-84.979	0.000	0.7478	0.5300	1
347	443	-97.024	0.000	0.7802	0.5002	1
347	444	-97.053	0.000	0.7512	0.4161	1
347	449	-99.032	0.000	0.7397	0.4243	1
347	465	-112.027	0.000	0.7298	0.4816	1
347	468	-113.047	0.000	0.7435	0.4231	1
347	485	-123.068	0.000	0.7554	0.4469	1
347	491	-129.005	0.000	0.7318	0.5091	1
347	494	-139.072	0.000	0.7631	0.3717	1
347	495	-140.058	0.000	0.7453	0.5612	1
347	521	-170.069	0.000	0.7272	0.3726	1
347	525	-171.054	0.000	0.7006	0.3813	1
347	528	-173.084	0.000	0.7516	0.4077	1
347	529	-176.049	0.000	0.7023	0.3679	1
347	532	-182.105	0.000	0.7125	0.3893	1
347	566	-240.120	0.000	0.7094	0.3028	1
349	367	-17.027	0.000	0.7181	0.4663	1
349	414	-61.055	0.000	0.7149	0.4913	1
350	359	-12.997	0.000	0.7413	0.6157	1
350	366	-15.996	0.000	0.7314	0.6125	1
350	402	-40.992	0.000	0.7037	0.6594	1
350	413	-57.022	0.000	0.7124	0.5157	1
352	358	-10.026	0.000	0.7351	0.4715	1
352	402	-39.041	0.000	0.7353	0.5225	1
352	406	-43.037	0.000	0.7016	0.5461	1
353	355	-7.005	0.000	0.7751	0.5695	1
353	368	-14.016	0.000	0.7775	0.5353	1
353	375	-20.985	0.000	0.7481	0.4270	1
353	377	-21.021	0.000	0.7228	0.4138	1
353	382	-23.036	0.000	0.8245	0.5991	1
353	439	-79.985	0.000	0.7431	0.5051	1
353	443	-92.029	0.000	0.7774	0.5524	1
353	444	-92.058	0.000	0.7472	0.4461	1
353	465	-107.032	0.000	0.7146	0.4564	1
353	468	-108.053	0.000	0.7500	0.4374	1
353	487	-120.061	0.000	0.7094	0.4667	1
353	494	-134.077	0.000	0.7285	0.4011	1
353	497	-138.063	0.000	0.7772	0.4442	1
353	528	-168.089	0.000	0.7325	0.4677	1
353	566	-235.125	0.000	0.7018	0.3118	1
354	378	-17.027	0.000	0.8259	0.3850	1
354	379	-17.034	0.000	0.8543	0.4220	1
354	410	-44.025	0.000	0.7742	0.4982	1
354	427	-61.053	0.000	0.7822	0.3713	1
354	445	-88.052	0.000	0.7557	0.4940	1
354	472	-105.079	0.000	0.8641	0.5131	1
354	515	-149.104	0.000	0.7978	0.4295	1
354	549	-193.131	0.000	0.7615	0.4406	1
354	572	-237.157	0.000	0.8329	0.5010	1
354	592	-281.183	0.000	0.8022	0.5122	1
354	604	-325.209	0.000	0.8349	0.5450	1
354	621	-369.236	0.000	0.7010	0.3801	1
355	359	-2.016	0.000	0.8379	0.5610	1
355	375	-13.980	0.000	0.7590	0.4569	1
355	377	-14.016	0.000	0.7999	0.4625	1
355	382	-16.031	0.000	0.8033	0.5609	1
355	435	-71.038	0.000	0.7609	0.4459	1
355	439	-72.980	0.000	0.7197	0.5582	1
355	443	-85.024	0.000	0.7935	0.5870	1
355	444	-85.053	0.000	0.7951	0.5046	1
355	465	-100.027	0.000	0.7249	0.5078	1
355	468	-101.048	0.000	0.7797	0.4774	1
355	471	-101.995	0.000	0.7167	0.4825	1
355	485	-111.069	0.000	0.7853	0.5302	1
355	487	-113.056	0.000	0.7727	0.5170	1
355	494	-127.072	0.000	0.7679	0.4221	1
355	495	-128.058	0.000	0.7643	0.5977	1
355	497	-131.058	0.000	0.7362	0.4593	1
355	525	-159.054	0.000	0.7004	0.4217	1
355	528	-161.084	0.000	0.7040	0.4042	1
355	532	-170.105	0.000	0.7272	0.4471	1
356	357	0.001	0.000	0.8047	0.6584	1
356	363	-3.973	0.000	0.7404	0.6060	1
356	390	-21.984	0.000	0.8176	0.7886	1
356	391	-21.984	0.000	0.7864	0.7234	1
356	392	-21.984	0.000	0.7755	0.6833	1
356	393	-21.984	0.000	0.8093	0.7969	1
356	395	-24.000	0.000	0.7382	0.6622	1
356	396	-24.000	0.000	0.7590	0.7575	1
356	397	-24.000	0.000	0.7335	0.6012	1
356	398	-24.006	0.000	0.7304	0.6598	1
356	407	-39.996	0.000	0.7929	0.7856	1
356	408	-39.995	0.000	0.8038	0.8003	1
356	417	-53.956	0.000	0.7256	0.5706	1
356	436	-71.967	0.000	0.7506	0.7380	1
356	437	-71.967	0.000	0.7468	0.6583	1
356	451	-89.977	0.000	0.7225	0.6389	1
356	452	-89.977	0.000	0.7360	0.5876	1
356	453	-89.977	0.000	0.7274	0.5901	1
356	479	-107.004	0.000	0.8173	0.7924	1
356	480	-107.004	0.000	0.7940	0.7474	1
356	629	-391.260	0.000	0.7060	0.5223	1
357	363	-3.974	0.000	0.8346	0.7929	1
357	390	-21.985	0.000	0.8123	0.7738	1
357	391	-21.985	0.000	0.8718	0.8277	1
357	392	-21.985	0.000	0.7838	0.8110	1
357	393	-21.985	0.000	0.7979	0.7688	1
357	395	-24.000	0.000	0.8176	0.7927	1
357	396	-24.000	0.000	0.7767	0.7539	1
357	397	-24.001	0.000	0.8297	0.7933	1
357	398	-24.007	0.000	0.7700	0.7702	1
357	407	-39.996	0.000	0.8537	0.6522	1
357	408	-39.996	0.000	0.7997	0.6347	1
357	417	-53.957	0.000	0.7717	0.7157	1
357	418	-53.957	0.000	0.8092	0.6938	1
357	436	-71.967	0.000	0.7566	0.7786	1
357	437	-71.967	0.000	0.8401	0.8328	1
357	441	-73.982	0.000	0.7934	0.6819	1
357	442	-73.983	0.000	0.7071	0.7334	1
357	451	-89.978	0.000	0.7053	0.7562	1
357	452	-89.978	0.000	0.8044	0.7376	1
357	453	-89.978	0.000	0.7308	0.7239	1
357	480	-107.004	0.000	0.8034	0.7957	1
358	360	-2.999	0.000	0.7622	0.6597	1
358	376	-13.014	0.000	0.7387	0.6709	1
358	377	-13.020	0.000	0.7146	0.6898	1
358	382	-15.035	0.000	0.7670	0.6398	1
358	388	-18.994	0.000	0.7409	0.5040	1
358	401	-26.489	0.000	0.7160	0.6498	1
358	402	-29.015	0.000	0.7814	0.6372	1
358	403	-31.031	0.000	0.7341	0.7009	1
358	406	-33.011	0.000	0.7807	0.5330	1
358	413	-45.046	0.000	0.7650	0.6925	1
358	428	-61.011	0.000	0.7449	0.6488	1
358	444	-84.057	0.000	0.7096	0.6975	1
358	447	-85.041	0.000	0.7701	0.5771	1
358	449	-86.036	0.000	0.7358	0.6970	1
358	458	-94.996	0.000	0.7767	0.6433	1
358	469	-100.052	0.000	0.7308	0.6464	1
358	473	-102.031	0.000	0.7017	0.6886	1
358	477	-104.047	0.000	0.7693	0.6913	1
358	487	-112.060	0.000	0.7144	0.6079	1
358	491	-116.009	0.000	0.7430	0.5195	1
358	493	-126.060	0.000	0.7246	0.5483	1
358	499	-134.532	0.000	0.7484	0.6469	1
358	504	-142.062	0.000	0.7651	0.6744	1
358	517	-146.065	0.000	0.7211	0.6873	1
358	521	-157.073	0.000	0.7904	0.6449	1
358	525	-158.058	0.000	0.7251	0.6628	1
358	527	-159.089	0.000	0.7444	0.6227	1
358	531	-165.042	0.000	0.7030	0.6092	1
358	532	-169.109	0.000	0.7153	0.6777	1
358	535	-175.047	0.000	0.7196	0.6399	1
358	540	-185.104	0.000	0.7519	0.7036	1
358	547	-188.079	0.000	0.7732	0.6133	1
358	557	-199.083	0.000	0.7324	0.6664	1
358	562	-221.077	0.000	0.7258	0.5356	1
358	567	-228.110	0.000	0.7470	0.6138	1
359	366	-3.000	0.000	0.7337	0.5972	1
359	497	-129.042	0.000	0.8328	0.6892	1
359	542	-184.092	0.000	0.7159	0.5823	1
359	544	-186.100	0.000	0.7024	0.5608	1
360	388	-15.995	0.000	0.8380	0.5845	1
360	402	-26.016	0.000	0.7971	0.6521	1
360	406	-30.012	0.000	0.7631	0.5432	1
360	428	-58.012	0.000	0.9243	0.7219	1
360	458	-91.997	0.000	0.7066	0.6040	1
360	476	-101.048	0.000	0.7258	0.6452	1
360	477	-101.048	0.000	0.7421	0.6408	1
360	527	-156.090	0.000	0.7450	0.5766	1
360	535	-172.048	0.000	0.7118	0.5940	1
360	562	-218.078	0.000	0.7602	0.5153	1
363	390	-18.011	0.000	0.8456	0.7352	1
363	391	-18.011	0.000	0.9064	0.7988	1
363	392	-18.011	0.000	0.8217	0.7788	1
363	393	-18.011	0.000	0.8479	0.7494	1
363	395	-20.027	0.000	0.8722	0.7816	1
363	396	-20.027	0.000	0.8346	0.7304	1
363	397	-20.027	0.000	0.8561	0.8240	1
363	398	-20.033	0.000	0.8250	0.7475	1
363	407	-36.022	0.000	0.8912	0.6176	1
363	408	-36.022	0.000	0.8122	0.5862	1
363	417	-49.983	0.000	0.8000	0.7850	1
363	418	-49.983	0.000	0.8654	0.7854	1
363	436	-67.993	0.000	0.7564	0.7096	1
363	437	-67.993	0.000	0.8302	0.7848	1
363	441	-70.008	0.000	0.7595	0.6991	1
363	452	-86.004	0.000	0.7638	0.7728	1
363	480	-103.031	0.000	0.7694	0.7071	1
364	438	-67.987	0.000	0.9039	0.7414	1
365	374	-8.053	0.000	0.8526	0.3892	1
365	383	-13.078	0.000	0.8411	0.3837	1
365	384	-13.086	0.000	0.7430	0.3059	1
365	389	-16.139	0.000	0.9263	0.4711	1
365	416	-46.122	0.000	0.8842	0.4197	1
365	424	-52.039	0.000	0.8299	0.3002	1
365	425	-52.079	0.000	0.8867	0.3903	1
365	432	-60.158	0.000	0.9172	0.4939	1
365	454	-86.028	0.000	0.8412	0.3679	1
365	455	-87.148	0.000	0.9002	0.4545	1
365	470	-96.105	0.000	0.7096	0.3142	1
365	475	-99.169	0.000	0.8845	0.5051	1
365	482	-103.143	0.000	0.9013	0.3531	1
365	483	-104.185	0.000	0.9099	0.4923	1
365	488	-111.140	0.000	0.8587	0.4216	1
365	514	-140.131	0.000	0.8128	0.3414	1
365	520	-148.210	0.000	0.9084	0.5598	1
365	523	-154.065	0.000	0.9142	0.5660	1
365	536	-172.074	0.000	0.8865	0.5044	1
365	554	-192.236	0.000	0.8846	0.5028	1
365	576	-236.262	0.000	0.9137	0.5832	1
365	578	-240.102	0.000	0.8943	0.4936	1
365	594	-280.289	0.000	0.8490	0.4729	1
367	405	-26.999	0.000	0.7481	0.5144	1
367	414	-44.027	0.000	0.8242	0.5393	1
367	450	-82.078	0.000	0.7426	0.3912	1
367	456	-88.054	0.000	0.8593	0.6274	1
367	489	-110.109	0.000	0.7833	0.4159	1
367	500	-130.015	0.000	0.8324	0.5916	1
367	501	-132.080	0.000	0.8741	0.5604	1
367	511	-138.141	0.000	0.7657	0.4323	1
367	512	-138.141	0.000	0.7147	0.3829	1
367	534	-166.172	0.000	0.7249	0.3628	1
367	537	-176.104	0.000	0.8760	0.5870	1
367	565	-220.130	0.000	0.8667	0.6081	1
367	588	-264.156	0.000	0.8193	0.5575	1
367	598	-308.182	0.000	0.7916	0.5471	1
367	619	-352.208	0.000	0.8268	0.4756	1
367	621	-360.287	0.000	0.7084	0.4485	1
367	630	-396.233	0.000	0.7419	0.5409	1
367	640	-440.260	0.000	0.7609	0.5566	1
368	382	-9.020	0.000	0.7554	0.4727	1
368	439	-65.969	0.000	0.7185	0.4587	1
369	370	0.000	0.000	0.7177	0.4083	1
369	373	-0.001	0.000	0.8707	0.5410	1
369	385	-8.079	0.000	0.8845	0.5806	1
369	386	-8.079	0.000	0.8187	0.5735	1
369	419	-44.026	0.000	0.7215	0.5303	1
369	420	-44.026	0.000	0.8983	0.6275	1
369	429	-52.105	0.000	0.8823	0.4872	1
369	430	-52.105	0.000	0.8817	0.4956	1
369	431	-52.105	0.000	0.8743	0.5813	1
369	461	-88.059	0.000	0.7422	0.5712	1
369	462	-88.053	0.000	0.8806	0.5628	1
369	463	-88.052	0.000	0.7922	0.5913	1
369	464	-88.053	0.000	0.7573	0.5344	1
369	478	-94.115	0.000	0.8331	0.3959	1
369	481	-96.139	0.000	0.8488	0.4065	1
369	506	-132.078	0.000	0.8564	0.6060	1
369	507	-132.078	0.000	0.7835	0.5266	1
369	508	-132.080	0.000	0.7211	0.5518	1
369	519	-140.158	0.000	0.7366	0.4189	1
369	543	-176.105	0.000	0.7975	0.5056	1
369	553	-184.184	0.000	0.7049	0.3019	1
369	569	-220.130	0.000	0.7356	0.4788	1
369	574	-228.210	0.000	0.7443	0.4003	1
369	679	-669.324	0.000	0.7085	0.3103	1
370	373	-0.001	0.000	0.7456	0.4813	1
370	385	-8.079	0.000	0.7177	0.5038	1
370	386	-8.079	0.000	0.7457	0.5314	1
370	419	-44.026	0.000	0.7728	0.5382	1
370	420	-44.026	0.000	0.7458	0.4549	1
370	429	-52.105	0.000	0.7020	0.4767	1
370	431	-52.105	0.000	0.7626	0.5190	1
370	461	-88.059	0.000	0.7179	0.4486	1
370	462	-88.053	0.000	0.7619	0.4140	1
370	463	-88.052	0.000	0.7599	0.4471	1
370	464	-88.053	0.000	0.7542	0.4379	1
370	478	-94.115	0.000	0.7410	0.4152	1
370	481	-96.139	0.000	0.7015	0.3772	1
370	506	-132.078	0.000	0.7647	0.4900	1
370	507	-132.078	0.000	0.7733	0.5105	1
370	508	-132.080	0.000	0.7329	0.3978	1
370	519	-140.158	0.000	0.7324	0.4398	1
370	543	-176.105	0.000	0.7480	0.4036	1
370	553	-184.184	0.000	0.7169	0.3761	1
370	569	-220.130	0.000	0.7627	0.5726	1
370	574	-228.210	0.000	0.7340	0.3961	1
373	385	-8.079	0.000	0.8821	0.6371	1
373	386	-8.078	0.000	0.8329	0.6264	1
373	419	-44.026	0.000	0.7532	0.5696	1
373	420	-44.026	0.000	0.8916	0.5958	1
373	429	-52.104	0.000	0.8664	0.5280	1
373	430	-52.104	0.000	0.8820	0.5603	1
373	431	-52.104	0.000	0.8819	0.6483	1
373	461	-88.059	0.000	0.7404	0.5266	1
373	462	-88.052	0.000	0.8827	0.5384	1
373	463	-88.051	0.000	0.7693	0.4785	1
373	464	-88.052	0.000	0.7436	0.4611	1
373	478	-94.114	0.000	0.8411	0.4377	1
373	481	-96.139	0.000	0.8468	0.4447	1
373	506	-132.077	0.000	0.8634	0.5659	1
373	507	-132.078	0.000	0.8111	0.5621	1
373	508	-132.079	0.000	0.7203	0.4637	1
373	519	-140.157	0.000	0.7528	0.4423	1
373	543	-176.104	0.000	0.8101	0.4971	1
373	553	-184.183	0.000	0.7511	0.3651	1
373	569	-220.130	0.000	0.7205	0.4610	1
373	574	-228.209	0.000	0.7790	0.4556	1
373	679	-669.323	0.000	0.7024	0.2843	1
374	375	-0.950	0.000	0.7508	0.4401	1
374	377	-0.986	0.000	0.7174	0.4741	1
374	383	-5.025	0.000	0.8573	0.4782	1
374	384	-5.033	0.000	0.7355	0.4937	1
374	389	-8.086	0.000	0.8648	0.4881	1
374	402	-16.981	0.000	0.7531	0.5749	1
374	416	-38.069	0.000	0.8445	0.4849	1
374	424	-43.986	0.000	0.8124	0.5372	1
374	425	-44.026	0.000	0.8728	0.5932	1
374	432	-52.105	0.000	0.8494	0.4496	1
374	440	-59.973	0.000	0.7066	0.4279	1
374	454	-77.976	0.000	0.7825	0.4116	1
374	455	-79.095	0.000	0.8415	0.4497	1
374	470	-88.053	0.000	0.7694	0.5353	1
374	475	-91.116	0.000	0.8023	0.3479	1
374	482	-95.090	0.000	0.8463	0.5232	1
374	483	-96.132	0.000	0.8420	0.3775	1
374	488	-103.087	0.000	0.7807	0.3495	1
374	514	-132.079	0.000	0.7966	0.4891	1
374	520	-140.157	0.000	0.8250	0.3528	1
374	523	-146.012	0.000	0.8324	0.3917	1
374	536	-164.021	0.000	0.8191	0.3571	1
374	554	-184.183	0.000	0.8005	0.3625	1
374	576	-228.210	0.000	0.8195	0.2980	1
374	578	-232.049	0.000	0.8299	0.3347	1
374	594	-272.236	0.000	0.7929	0.3880	1
375	377	-0.036	0.000	0.7635	0.5740	1
375	382	-2.051	0.000	0.8019	0.5598	1
375	401	-13.506	0.000	0.7511	0.6125	1
375	402	-16.032	0.000	0.7247	0.5252	1
375	439	-59.000	0.000	0.7173	0.4555	1
375	443	-71.044	0.000	0.7712	0.5034	1
375	444	-71.073	0.000	0.8013	0.6183	1
375	447	-72.057	0.000	0.7191	0.5654	1
375	468	-87.068	0.000	0.7398	0.5884	1
375	471	-88.015	0.000	0.7056	0.5907	1
375	473	-89.047	0.000	0.7108	0.5932	1
375	484	-97.054	0.000	0.7777	0.6136	1
375	485	-97.089	0.000	0.7795	0.5873	1
375	487	-99.076	0.000	0.7257	0.5315	1
375	493	-113.076	0.000	0.7126	0.4414	1
375	494	-113.092	0.000	0.7608	0.5913	1
375	499	-121.548	0.000	0.7110	0.5058	1
375	502	-128.067	0.000	0.7389	0.6014	1
375	521	-144.090	0.000	0.7389	0.5733	1
375	528	-147.104	0.000	0.7373	0.5318	1
375	532	-156.126	0.000	0.7707	0.6258	1
375	540	-172.121	0.000	0.7597	0.6075	1
375	541	-172.121	0.000	0.7175	0.4800	1
375	559	-201.124	0.000	0.7228	0.5352	1
375	566	-214.141	0.000	0.7649	0.5290	1
375	567	-215.126	0.000	0.7088	0.5277	1
375	573	-225.147	0.000	0.7194	0.5728	1
375	575	-227.108	0.000	0.7231	0.5052	1
375	577	-229.105	0.000	0.7354	0.5416	1
375	582	-239.090	0.000	0.7432	0.5587	1
375	584	-243.132	0.000	0.7184	0.5701	1
375	587	-253.142	0.000	0.7843	0.5874	1
376	382	-2.021	0.000	0.7491	0.5053	1
376	401	-13.475	0.000	0.7375	0.6041	1
376	443	-71.014	0.000	0.7195	0.4828	1
376	444	-71.043	0.000	0.7087	0.5766	1
376	447	-72.027	0.000	0.7244	0.5097	1
376	449	-73.023	0.000	0.7303	0.6088	1
376	484	-97.023	0.000	0.7390	0.5950	1
376	485	-97.059	0.000	0.7398	0.5461	1
376	487	-99.046	0.000	0.7119	0.5296	1
376	494	-113.062	0.000	0.7193	0.5619	1
376	499	-121.518	0.000	0.7076	0.5167	1
376	502	-128.036	0.000	0.7038	0.5546	1
376	504	-129.048	0.000	0.7108	0.5935	1
376	513	-131.019	0.000	0.7126	0.5358	1
376	521	-144.060	0.000	0.7265	0.5567	1
376	528	-147.074	0.000	0.7010	0.5015	1
376	532	-156.096	0.000	0.7257	0.5772	1
376	540	-172.091	0.000	0.7035	0.5891	1
376	567	-215.096	0.000	0.7234	0.5233	1
376	584	-243.101	0.000	0.7051	0.5618	1
377	382	-2.015	0.000	0.8198	0.5592	1
377	401	-13.469	0.000	0.7445	0.6671	1
377	402	-15.995	0.000	0.7479	0.5565	1
377	435	-57.022	0.000	0.7728	0.6366	1
377	443	-71.008	0.000	0.8172	0.5247	1
377	444	-71.037	0.000	0.8243	0.6747	1
377	446	-72.021	0.000	0.7138	0.6491	1
377	447	-72.021	0.000	0.7272	0.5345	1
377	448	-73.016	0.000	0.7330	0.6544	1
377	449	-73.016	0.000	0.8006	0.6459	1
377	465	-86.011	0.000	0.7198	0.5615	1
377	468	-87.032	0.000	0.7767	0.6019	1
377	469	-87.032	0.000	0.7023	0.6097	1
377	471	-87.979	0.000	0.7595	0.5976	1
377	473	-89.011	0.000	0.7300	0.6254	1
377	484	-97.017	0.000	0.8261	0.7004	1
377	485	-97.052	0.000	0.8383	0.6287	1
377	487	-99.040	0.000	0.7595	0.5486	1
377	491	-102.989	0.000	0.7070	0.4467	1
377	493	-113.040	0.000	0.7339	0.5106	1
377	494	-113.056	0.000	0.8511	0.7029	1
377	495	-114.042	0.000	0.7430	0.3854	1
377	497	-117.042	0.000	0.7322	0.6415	1
377	499	-121.512	0.000	0.7181	0.5791	1
377	502	-128.030	0.000	0.8135	0.6765	1
377	504	-129.042	0.000	0.7705	0.6368	1
377	505	-129.042	0.000	0.7810	0.6852	1
377	513	-131.013	0.000	0.7924	0.6643	1
377	521	-144.053	0.000	0.7427	0.6183	1
377	525	-145.038	0.000	0.7431	0.6217	1
377	528	-147.068	0.000	0.8125	0.5621	1
377	529	-150.033	0.000	0.7219	0.6317	1
377	532	-156.089	0.000	0.8249	0.6659	1
377	533	-156.089	0.000	0.7768	0.6542	1
377	538	-170.032	0.000	0.7325	0.5591	1
377	540	-172.084	0.000	0.7669	0.6976	1
377	541	-172.084	0.000	0.7274	0.5546	1
377	559	-201.088	0.000	0.7067	0.5946	1
377	566	-214.104	0.000	0.7916	0.6181	1
377	567	-215.090	0.000	0.7563	0.6055	1
377	573	-225.111	0.000	0.7650	0.6894	1
377	575	-227.072	0.000	0.7542	0.5790	1
377	577	-229.068	0.000	0.7578	0.6082	1
377	582	-239.054	0.000	0.7109	0.6058	1
377	584	-243.095	0.000	0.7035	0.6078	1
377	587	-253.106	0.000	0.7641	0.6644	1
377	595	-284.122	0.000	0.7156	0.6294	1
377	596	-285.109	0.000	0.7310	0.6388	1
377	597	-296.110	0.000	0.7302	0.5832	1
377	611	-326.133	0.000	0.7073	0.5236	1
377	626	-368.167	0.000	0.7347	0.5616	1
377	632	-395.192	0.000	0.7393	0.5185	1
378	379	-0.006	0.000	0.8991	0.6786	1
378	410	-26.998	0.000	0.8010	0.4004	1
378	427	-44.025	0.000	0.9126	0.6931	1
378	445	-71.025	0.000	0.8088	0.3812	1
378	472	-88.051	0.000	0.9055	0.5931	1
378	515	-132.077	0.000	0.9385	0.6891	1
378	549	-176.104	0.000	0.8936	0.5522	1
378	572	-220.130	0.000	0.9181	0.5869	1
378	592	-264.156	0.000	0.8895	0.4914	1
378	604	-308.182	0.000	0.8929	0.5295	1
378	621	-352.208	0.000	0.8678	0.5785	1
378	633	-396.234	0.000	0.8020	0.4544	1
379	410	-26.992	0.000	0.8124	0.4571	1
379	427	-44.019	0.000	0.8800	0.6934	1
379	445	-71.018	0.000	0.7775	0.3955	1
379	472	-88.045	0.000	0.9066	0.6605	1
379	515	-132.071	0.000	0.8682	0.7032	1
379	549	-176.098	0.000	0.8158	0.5487	1
379	572	-220.124	0.000	0.8813	0.6311	1
379	592	-264.150	0.000	0.8652	0.5461	1
379	604	-308.175	0.000	0.8576	0.5762	1
379	621	-352.202	0.000	0.7698	0.5595	1
379	633	-396.227	0.000	0.7156	0.4434	1
380	381	0.001	0.000	0.8022	0.6766	1
382	401	-11.455	0.000	0.7208	0.4801	1
382	403	-15.996	0.000	0.7047	0.5450	1
382	404	-16.002	0.000	0.7025	0.5561	1
382	435	-55.007	0.000	0.7203	0.5023	1
382	439	-56.949	0.000	0.7269	0.5724	1
382	443	-68.993	0.000	0.8360	0.6469	1
382	444	-69.022	0.000	0.7742	0.5728	1
382	447	-70.006	0.000	0.7860	0.6414	1
382	449	-71.002	0.000	0.7806	0.5395	1
382	465	-83.997	0.000	0.7539	0.6242	1
382	468	-85.017	0.000	0.7810	0.5440	1
382	471	-85.964	0.000	0.7578	0.5737	1
382	473	-86.996	0.000	0.7642	0.5872	1
382	484	-95.003	0.000	0.7506	0.4860	1
382	485	-95.038	0.000	0.8166	0.6292	1
382	487	-97.025	0.000	0.7475	0.5452	1
382	490	-100.975	0.000	0.7251	0.5737	1
382	491	-100.975	0.000	0.7640	0.5796	1
382	493	-111.025	0.000	0.7386	0.3831	1
382	494	-111.041	0.000	0.8247	0.5367	1
382	495	-112.027	0.000	0.7796	0.5178	1
382	497	-115.027	0.000	0.7776	0.5652	1
382	502	-126.016	0.000	0.7009	0.4341	1
382	504	-127.027	0.000	0.7561	0.5287	1
382	513	-128.999	0.000	0.7101	0.4380	1
382	521	-142.039	0.000	0.7811	0.5156	1
382	525	-143.024	0.000	0.7698	0.5306	1
382	528	-145.053	0.000	0.7905	0.5514	1
382	529	-148.019	0.000	0.7137	0.4652	1
382	532	-154.075	0.000	0.7973	0.5640	1
382	540	-170.070	0.000	0.7909	0.5628	1
382	559	-199.073	0.000	0.7095	0.4676	1
382	566	-212.090	0.000	0.7688	0.4529	1
382	567	-213.075	0.000	0.7635	0.4753	1
382	575	-225.057	0.000	0.7096	0.3976	1
382	577	-227.054	0.000	0.7296	0.4364	1
382	587	-251.091	0.000	0.7648	0.4868	1
383	389	-3.061	0.000	0.8683	0.5442	1
383	416	-33.044	0.000	0.8395	0.4825	1
383	424	-38.961	0.000	0.8312	0.4661	1
383	425	-39.001	0.000	0.8404	0.4611	1
383	432	-47.080	0.000	0.8446	0.5021	1
383	454	-72.951	0.000	0.8031	0.4378	1
383	455	-74.070	0.000	0.8352	0.4796	1
383	475	-86.091	0.000	0.8684	0.5163	1
383	482	-90.065	0.000	0.8677	0.4874	1
383	483	-91.107	0.000	0.8385	0.4513	1
383	488	-98.062	0.000	0.7843	0.4013	1
383	514	-127.054	0.000	0.7518	0.3610	1
383	520	-135.132	0.000	0.8257	0.4322	1
383	523	-140.987	0.000	0.8285	0.4219	1
383	536	-158.996	0.000	0.8181	0.4605	1
383	554	-179.158	0.000	0.8155	0.4829	1
383	576	-223.185	0.000	0.8334	0.4051	1
383	578	-227.024	0.000	0.8222	0.3837	1
383	594	-267.211	0.000	0.7760	0.4440	1
384	389	-3.053	0.000	0.7532	0.4543	1
384	416	-33.035	0.000	0.7575	0.4632	1
384	424	-38.952	0.000	0.7249	0.4472	1
384	425	-38.993	0.000	0.7606	0.5275	1
384	432	-47.072	0.000	0.7718	0.4258	1
384	454	-72.942	0.000	0.7027	0.3849	1
384	455	-74.062	0.000	0.7224	0.3654	1
384	475	-86.083	0.000	0.7477	0.3362	1
384	482	-90.057	0.000	0.7536	0.4846	1
384	483	-91.099	0.000	0.7588	0.4199	1
384	520	-135.124	0.000	0.7153	0.3057	1
384	523	-140.978	0.000	0.7427	0.3445	1
384	536	-158.988	0.000	0.7143	0.3224	1
384	554	-179.150	0.000	0.7275	0.3561	1
384	576	-223.176	0.000	0.7445	0.3168	1
384	578	-227.016	0.000	0.7112	0.2803	1
385	386	0.000	0.000	0.8245	0.6411	1
385	420	-35.947	0.000	0.8879	0.5713	1
385	429	-44.026	0.000	0.8997	0.6074	1
385	430	-44.025	0.000	0.9209	0.6578	1
385	431	-44.026	0.000	0.8831	0.6657	1
385	462	-79.973	0.000	0.8457	0.4545	1
385	463	-79.973	0.000	0.7345	0.4375	1
385	478	-86.036	0.000	0.8404	0.4554	1
385	481	-88.060	0.000	0.8769	0.5156	1
385	506	-123.999	0.000	0.8419	0.5276	1
385	507	-123.999	0.000	0.7489	0.4267	1
385	519	-132.078	0.000	0.7383	0.4447	1
385	543	-168.025	0.000	0.7890	0.4474	1
385	553	-176.104	0.000	0.7238	0.3698	1
385	574	-220.130	0.000	0.7481	0.4641	1
386	419	-35.947	0.000	0.7481	0.5369	1
386	420	-35.948	0.000	0.8101	0.5477	1
386	429	-44.026	0.000	0.8175	0.5891	1
386	430	-44.026	0.000	0.8223	0.6465	1
386	431	-44.026	0.000	0.8835	0.6632	1
386	461	-79.980	0.000	0.7110	0.5002	1
386	462	-79.974	0.000	0.8174	0.4832	1
386	463	-79.973	0.000	0.7595	0.4375	1
386	464	-79.974	0.000	0.7303	0.4423	1
386	478	-86.036	0.000	0.8501	0.4860	1
386	481	-88.060	0.000	0.8438	0.5071	1
386	506	-123.999	0.000	0.7918	0.5113	1
386	507	-123.999	0.000	0.7779	0.4818	1
386	519	-132.079	0.000	0.8463	0.4786	1
386	543	-168.026	0.000	0.7990	0.4880	1
386	553	-176.105	0.000	0.8353	0.4045	1
386	569	-212.051	0.000	0.7347	0.4589	1
386	574	-220.131	0.000	0.8591	0.5016	1
388	402	-10.022	0.000	0.7455	0.5859	1
388	406	-14.017	0.000	0.7498	0.5979	1
388	428	-42.017	0.000	0.8220	0.5055	1
388	476	-85.053	0.000	0.7149	0.4801	1
388	477	-85.053	0.000	0.7181	0.4947	1
388	535	-156.053	0.000	0.7058	0.4477	1
389	416	-29.983	0.000	0.8921	0.4987	1
389	424	-35.900	0.000	0.8641	0.4916	1
389	425	-35.940	0.000	0.8940	0.4920	1
389	432	-44.019	0.000	0.9316	0.5757	1
389	454	-69.889	0.000	0.8307	0.3889	1
389	455	-71.009	0.000	0.9007	0.5371	1
389	470	-79.966	0.000	0.7154	0.3806	1
389	475	-83.030	0.000	0.8900	0.4792	1
389	482	-87.004	0.000	0.9283	0.5336	1
389	483	-88.046	0.000	0.9291	0.5922	1
389	488	-95.001	0.000	0.8485	0.4280	1
389	514	-123.992	0.000	0.8233	0.4180	1
389	520	-132.071	0.000	0.9121	0.5195	1
389	523	-137.926	0.000	0.9044	0.4899	1
389	536	-155.935	0.000	0.8801	0.4644	1
389	554	-176.097	0.000	0.8858	0.5108	1
389	576	-220.123	0.000	0.9231	0.4758	1
389	578	-223.963	0.000	0.9000	0.4391	1
389	594	-264.150	0.000	0.8545	0.5262	1
390	391	-0.000	0.000	0.8436	0.7823	1
390	392	0.000	0.000	0.8725	0.7590	1
390	393	-0.000	0.000	0.8946	0.8562	1
390	395	-2.016	0.000	0.8582	0.8101	1
390	396	-2.016	0.000	0.9235	0.9005	1
390	397	-2.016	0.000	0.8466	0.7658	1
390	398	-2.022	0.000	0.9046	0.8269	1
390	407	-18.011	0.000	0.8982	0.7406	1
390	408	-18.011	0.000	0.9262	0.7511	1
390	417	-31.972	0.000	0.7777	0.6739	1
390	418	-31.972	0.000	0.7508	0.6367	1
390	436	-49.982	0.000	0.8938	0.8633	1
390	437	-49.982	0.000	0.8715	0.8013	1
390	442	-51.998	0.000	0.7064	0.6757	1
390	451	-67.993	0.000	0.7396	0.7010	1
390	452	-67.993	0.000	0.7630	0.6751	1
390	453	-67.993	0.000	0.7348	0.6537	1
390	479	-85.020	0.000	0.7502	0.7794	1
390	480	-85.020	0.000	0.8191	0.8398	1
390	656	-483.318	0.000	0.8056	0.7487	1
391	392	0.000	0.000	0.8010	0.7246	1
391	393	0.000	0.000	0.8343	0.7810	1
391	395	-2.015	0.000	0.9200	0.8881	1
391	396	-2.015	0.000	0.8840	0.8482	1
391	397	-2.015	0.000	0.8959	0.8321	1
391	398	-2.022	0.000	0.8712	0.8324	1
391	407	-18.011	0.000	0.9304	0.7372	1
391	408	-18.010	0.000	0.8755	0.7118	1
391	417	-31.972	0.000	0.7847	0.7166	1
391	418	-31.971	0.000	0.8301	0.7025	1
391	436	-49.982	0.000	0.8331	0.8380	1
391	437	-49.982	0.000	0.9152	0.8586	1
391	441	-51.997	0.000	0.7685	0.6570	1
391	451	-67.993	0.000	0.7362	0.7492	1
391	452	-67.993	0.000	0.8048	0.7314	1
391	453	-67.993	0.000	0.7307	0.6912	1
391	480	-85.019	0.000	0.8236	0.8489	1
392	393	-0.000	0.000	0.8502	0.7522	1
392	395	-2.016	0.000	0.8323	0.8010	1
392	396	-2.016	0.000	0.9023	0.8104	1
392	397	-2.016	0.000	0.8142	0.8080	1
392	398	-2.022	0.000	0.8968	0.8528	1
392	407	-18.011	0.000	0.8576	0.6433	1
392	408	-18.011	0.000	0.8870	0.6499	1
392	417	-31.972	0.000	0.7535	0.7248	1
392	418	-31.972	0.000	0.7350	0.6732	1
392	436	-49.982	0.000	0.8806	0.8088	1
392	437	-49.982	0.000	0.8557	0.8282	1
392	451	-67.993	0.000	0.7383	0.7578	1
392	452	-67.993	0.000	0.7653	0.7274	1
392	453	-67.993	0.000	0.7517	0.7184	1
392	479	-85.020	0.000	0.7449	0.7008	1
392	480	-85.020	0.000	0.8018	0.7627	1
392	656	-483.318	0.000	0.7752	0.6498	1
393	395	-2.015	0.000	0.8505	0.8138	1
393	396	-2.015	0.000	0.9168	0.8980	1
393	397	-2.015	0.000	0.8449	0.7783	1
393	398	-2.022	0.000	0.9098	0.8441	1
393	407	-18.011	0.000	0.8936	0.7423	1
393	408	-18.010	0.000	0.9161	0.7541	1
393	417	-31.972	0.000	0.7584	0.6629	1
393	418	-31.971	0.000	0.7428	0.6369	1
393	436	-49.982	0.000	0.8918	0.8583	1
393	437	-49.982	0.000	0.8723	0.8072	1
393	451	-67.993	0.000	0.7400	0.7075	1
393	452	-67.993	0.000	0.7463	0.6650	1
393	453	-67.993	0.000	0.7359	0.6562	1
393	479	-85.019	0.000	0.7434	0.7697	1
393	480	-85.019	0.000	0.8058	0.8441	1
393	656	-483.318	0.000	0.8044	0.7512	1
395	396	0.000	0.000	0.8406	0.7695	1
395	397	-0.000	0.000	0.8788	0.7873	1
395	398	-0.006	0.000	0.8245	0.7923	1
395	407	-15.996	0.000	0.8770	0.6960	1
395	408	-15.995	0.000	0.8068	0.6677	1
395	418	-29.956	0.000	0.7819	0.6668	1
395	436	-47.967	0.000	0.7428	0.8109	1
395	437	-47.967	0.000	0.8353	0.8453	1
395	441	-49.982	0.000	0.8798	0.7063	1
395	442	-49.982	0.000	0.7771	0.7205	1
395	452	-65.977	0.000	0.7728	0.7130	1
395	480	-83.004	0.000	0.7496	0.7660	1
396	397	-0.000	0.000	0.8200	0.7163	1
396	398	-0.006	0.000	0.8864	0.7918	1
396	407	-15.996	0.000	0.8510	0.7406	1
396	408	-15.995	0.000	0.8621	0.7430	1
396	417	-29.956	0.000	0.7044	0.6302	1
396	436	-47.967	0.000	0.7620	0.8218	1
396	437	-47.967	0.000	0.7644	0.7598	1
396	441	-49.982	0.000	0.8128	0.6225	1
396	442	-49.982	0.000	0.8555	0.7292	1
396	480	-83.004	0.000	0.7276	0.7797	1
397	398	-0.006	0.000	0.7990	0.7345	1
397	407	-15.996	0.000	0.8583	0.6330	1
397	408	-15.995	0.000	0.7970	0.6069	1
397	417	-29.956	0.000	0.7285	0.7113	1
397	418	-29.956	0.000	0.7894	0.7113	1
397	436	-47.967	0.000	0.7432	0.7375	1
397	437	-47.967	0.000	0.8288	0.8234	1
397	441	-49.982	0.000	0.8465	0.7307	1
397	442	-49.982	0.000	0.7465	0.7506	1
397	452	-65.977	0.000	0.7878	0.7527	1
397	480	-83.004	0.000	0.7540	0.7253	1
398	407	-15.989	0.000	0.8189	0.6481	1
398	408	-15.989	0.000	0.8331	0.6536	1
398	417	-29.950	0.000	0.7030	0.6706	1
398	418	-29.950	0.000	0.7075	0.6217	1
398	436	-47.960	0.000	0.7495	0.7807	1
398	437	-47.960	0.000	0.7657	0.7787	1
398	441	-49.975	0.000	0.8017	0.6529	1
398	442	-49.976	0.000	0.8514	0.7713	1
398	480	-82.998	0.000	0.7107	0.7203	1
399	400	0.000	0.000	0.7087	0.5767	1
401	444	-57.568	0.000	0.7067	0.5298	1
401	468	-73.562	0.000	0.7054	0.5478	1
401	469	-73.562	0.000	0.7022	0.6552	1
401	473	-75.541	0.000	0.7143	0.5534	1
401	484	-83.548	0.000	0.7313	0.6640	1
401	485	-83.583	0.000	0.7007	0.5087	1
401	493	-99.570	0.000	0.7717	0.5407	1
401	499	-108.042	0.000	0.7644	0.6274	1
401	502	-114.561	0.000	0.7228	0.6826	1
401	513	-117.544	0.000	0.7024	0.6371	1
401	521	-130.584	0.000	0.7046	0.6038	1
401	529	-136.564	0.000	0.7267	0.5999	1
401	541	-158.615	0.000	0.7304	0.5502	1
401	559	-187.619	0.000	0.7277	0.6432	1
401	575	-213.602	0.000	0.7385	0.6146	1
401	577	-215.599	0.000	0.7293	0.6490	1
402	403	-2.015	0.000	0.8600	0.6304	1
402	404	-2.021	0.000	0.7375	0.5617	1
402	406	-3.996	0.000	0.7940	0.6420	1
402	413	-16.031	0.000	0.7148	0.6067	1
402	428	-31.996	0.000	0.7869	0.5964	1
402	447	-56.025	0.000	0.7063	0.6688	1
402	458	-65.980	0.000	0.7487	0.6409	1
402	477	-75.031	0.000	0.7329	0.6291	1
402	517	-117.050	0.000	0.7524	0.6157	1
402	527	-130.073	0.000	0.7087	0.5251	1
402	542	-156.097	0.000	0.7228	0.5707	1
402	544	-158.104	0.000	0.7536	0.5594	1
402	557	-170.067	0.000	0.7131	0.6250	1
403	406	-1.980	0.000	0.7008	0.4818	1
403	448	-55.006	0.000	0.7053	0.5956	1
403	449	-55.006	0.000	0.7321	0.6484	1
403	516	-115.035	0.000	0.7049	0.6061	1
403	517	-115.035	0.000	0.7381	0.6424	1
403	542	-154.081	0.000	0.7444	0.6299	1
403	544	-156.089	0.000	0.7685	0.6122	1
404	449	-55.000	0.000	0.7264	0.4404	1
405	414	-17.029	0.000	0.7075	0.5226	1
405	456	-61.055	0.000	0.7423	0.4997	1
405	500	-103.016	0.000	0.7279	0.5478	1
405	501	-105.081	0.000	0.7289	0.5480	1
405	537	-149.105	0.000	0.7156	0.4048	1
405	565	-193.131	0.000	0.7152	0.4326	1
406	413	-12.035	0.000	0.7307	0.5206	1
406	428	-28.000	0.000	0.7527	0.4926	1
406	458	-61.985	0.000	0.7744	0.5849	1
406	477	-71.036	0.000	0.7492	0.5152	1
406	517	-113.054	0.000	0.7102	0.4852	1
406	521	-124.062	0.000	0.7083	0.4557	1
406	527	-126.078	0.000	0.7129	0.4360	1
406	562	-188.066	0.000	0.7017	0.3563	1
407	408	0.001	0.000	0.8929	0.8809	1
407	417	-13.960	0.000	0.7824	0.5546	1
407	418	-13.960	0.000	0.8111	0.5379	1
407	436	-31.971	0.000	0.8053	0.7160	1
407	437	-31.971	0.000	0.8714	0.6909	1
407	441	-33.986	0.000	0.7700	0.5221	1
407	442	-33.986	0.000	0.7173	0.5711	1
407	451	-49.982	0.000	0.7763	0.6008	1
407	452	-49.982	0.000	0.8652	0.5908	1
407	453	-49.982	0.000	0.7926	0.5626	1
407	479	-67.008	0.000	0.7008	0.6944	1
407	480	-67.008	0.000	0.8330	0.7263	1
407	656	-465.306	0.000	0.7297	0.7120	1
408	417	-13.961	0.000	0.7707	0.5363	1
408	418	-13.961	0.000	0.7263	0.4947	1
408	436	-31.972	0.000	0.8269	0.7024	1
408	437	-31.972	0.000	0.8125	0.6554	1
408	442	-33.987	0.000	0.7063	0.5558	1
408	451	-49.982	0.000	0.8486	0.6130	1
408	452	-49.982	0.000	0.8184	0.5652	1
408	453	-49.982	0.000	0.8423	0.5697	1
408	479	-67.009	0.000	0.7571	0.6987	1
408	480	-67.009	0.000	0.8191	0.6915	1
408	656	-465.307	0.000	0.8641	0.7598	1
410	427	-17.027	0.000	0.7965	0.4358	1
410	445	-44.027	0.000	0.7650	0.5595	1
410	472	-61.054	0.000	0.8264	0.5569	1
410	515	-105.079	0.000	0.8159	0.5118	1
410	549	-149.106	0.000	0.7733	0.5205	1
410	572	-193.132	0.000	0.7979	0.5347	1
410	592	-237.158	0.000	0.7948	0.5773	1
410	604	-281.184	0.000	0.7953	0.5650	1
410	621	-325.210	0.000	0.7382	0.4733	1
410	633	-369.236	0.000	0.7079	0.4380	1
411	450	-44.026	0.000	0.7989	0.5512	1
411	466	-56.062	0.000	0.7991	0.5627	1
411	467	-56.062	0.000	0.7894	0.5893	1
411	498	-88.052	0.000	0.7975	0.5895	1
412	413	0.000	0.000	0.7757	0.5966	1
412	527	-114.043	0.000	0.7332	0.5321	1
413	428	-15.965	0.000	0.7030	0.6459	1
413	458	-49.950	0.000	0.7119	0.5931	1
413	477	-59.001	0.000	0.7430	0.6901	1
413	521	-112.027	0.000	0.7076	0.6696	1
413	527	-114.043	0.000	0.7954	0.6643	1
413	542	-140.066	0.000	0.7104	0.7079	1
413	544	-142.074	0.000	0.7160	0.6585	1
413	580	-201.075	0.000	0.7103	0.6234	1
414	456	-44.026	0.000	0.7996	0.5212	1
414	500	-85.987	0.000	0.7983	0.5945	1
414	501	-88.052	0.000	0.7960	0.5492	1
414	537	-132.077	0.000	0.7951	0.4471	1
414	545	-138.149	0.000	0.7304	0.4136	1
414	565	-176.103	0.000	0.8018	0.4856	1
414	588	-220.128	0.000	0.7714	0.4602	1
414	598	-264.155	0.000	0.7471	0.4374	1
414	619	-308.180	0.000	0.7531	0.4501	1
414	630	-352.206	0.000	0.7006	0.4305	1
415	457	-44.027	0.000	0.7017	0.5014	1
416	424	-5.917	0.000	0.8373	0.4850	1
416	425	-5.958	0.000	0.8758	0.5310	1
416	432	-14.037	0.000	0.8791	0.4578	1
416	438	-21.568	0.000	0.7749	0.3604	1
416	440	-21.904	0.000	0.7247	0.3695	1
416	454	-39.907	0.000	0.8280	0.4733	1
416	455	-41.026	0.000	0.8671	0.4827	1
416	470	-49.984	0.000	0.7290	0.4408	1
416	475	-53.047	0.000	0.8455	0.3980	1
416	482	-57.022	0.000	0.9098	0.5870	1
416	483	-58.063	0.000	0.8728	0.4558	1
416	488	-65.018	0.000	0.8146	0.4055	1
416	514	-94.010	0.000	0.7847	0.4135	1
416	520	-102.089	0.000	0.8534	0.4034	1
416	523	-107.943	0.000	0.8776	0.4420	1
416	536	-125.952	0.000	0.8424	0.4082	1
416	554	-146.115	0.000	0.8317	0.3958	1
416	576	-190.141	0.000	0.8537	0.3474	1
416	578	-193.980	0.000	0.8613	0.3862	1
416	594	-234.167	0.000	0.7921	0.3871	1
416	634	-362.232	0.000	0.7879	0.4643	1
417	418	0.000	0.000	0.7206	0.6667	1
417	436	-18.011	0.000	0.8427	0.7162	1
417	437	-18.011	0.000	0.8152	0.7306	1
417	441	-20.026	0.000	0.7490	0.6936	1
417	442	-20.026	0.000	0.7861	0.7492	1
417	451	-36.021	0.000	0.8018	0.7368	1
417	452	-36.021	0.000	0.8190	0.7854	1
417	453	-36.021	0.000	0.8216	0.7883	1
417	479	-53.048	0.000	0.7936	0.6578	1
417	480	-53.048	0.000	0.8466	0.7040	1
418	436	-18.011	0.000	0.7919	0.6665	1
418	437	-18.011	0.000	0.8946	0.7557	1
418	441	-20.026	0.000	0.8339	0.7922	1
418	442	-20.026	0.000	0.7553	0.6976	1
418	451	-36.021	0.000	0.7308	0.6664	1
418	452	-36.021	0.000	0.8433	0.7918	1
418	453	-36.021	0.000	0.7433	0.6926	1
418	480	-53.048	0.000	0.8331	0.6765	1
419	420	-0.000	0.000	0.7161	0.4846	1
419	431	-8.079	0.000	0.7109	0.4508	1
419	461	-44.033	0.000	0.7772	0.6070	1
419	462	-44.026	0.000	0.7654	0.4945	1
419	463	-44.026	0.000	0.7962	0.5720	1
419	464	-44.026	0.000	0.8042	0.5709	1
419	506	-88.052	0.000	0.7262	0.5141	1
419	507	-88.052	0.000	0.7805	0.5832	1
419	508	-88.054	0.000	0.7814	0.5049	1
419	519	-96.132	0.000	0.7053	0.3802	1
419	543	-132.078	0.000	0.7504	0.4724	1
419	553	-140.157	0.000	0.7220	0.3473	1
419	569	-176.104	0.000	0.7248	0.5001	1
419	574	-184.183	0.000	0.7244	0.3577	1
420	429	-8.079	0.000	0.8709	0.4720	1
420	430	-8.078	0.000	0.8804	0.5017	1
420	431	-8.079	0.000	0.8591	0.5570	1
420	461	-44.033	0.000	0.7417	0.5540	1
420	462	-44.026	0.000	0.8883	0.6170	1
420	463	-44.026	0.000	0.7778	0.5665	1
420	464	-44.026	0.000	0.7521	0.5583	1
420	478	-50.089	0.000	0.8170	0.3633	1
420	481	-52.113	0.000	0.8439	0.4023	1
420	506	-88.052	0.000	0.8570	0.6036	1
420	507	-88.052	0.000	0.7971	0.5458	1
420	519	-96.131	0.000	0.7113	0.3681	1
420	543	-132.078	0.000	0.8156	0.5710	1
420	553	-140.157	0.000	0.7126	0.3102	1
420	569	-176.104	0.000	0.7076	0.4196	1
420	574	-184.183	0.000	0.7344	0.3756	1
420	679	-625.297	0.000	0.7087	0.3207	1
421	422	-0.001	0.000	0.7440	0.5290	1
421	466	-44.026	0.000	0.7991	0.4927	1
421	467	-44.026	0.000	0.8024	0.4604	1
421	511	-88.052	0.000	0.8126	0.5193	1
421	512	-88.052	0.000	0.8066	0.4754	1
421	545	-132.088	0.000	0.8095	0.5167	1
421	546	-132.079	0.000	0.7876	0.4828	1
421	570	-176.104	0.000	0.7810	0.4822	1
421	571	-176.104	0.000	0.7539	0.4451	1
421	589	-220.129	0.000	0.7680	0.4264	1
421	590	-220.130	0.000	0.7666	0.4300	1
421	603	-264.157	0.000	0.7389	0.4083	1
422	466	-44.025	0.000	0.8373	0.5906	1
422	467	-44.025	0.000	0.7856	0.5497	1
422	511	-88.051	0.000	0.7629	0.5801	1
422	512	-88.052	0.000	0.7901	0.5324	1
422	545	-132.087	0.000	0.7300	0.5268	1
422	546	-132.078	0.000	0.8185	0.5642	1
422	570	-176.103	0.000	0.7288	0.5303	1
422	571	-176.103	0.000	0.7724	0.5576	1
422	589	-220.128	0.000	0.7044	0.4336	1
422	590	-220.129	0.000	0.7689	0.5224	1
424	425	-0.041	0.000	0.8097	0.4376	1
424	432	-8.120	0.000	0.8391	0.3808	1
424	440	-15.987	0.000	0.7337	0.4590	1
424	454	-33.990	0.000	0.7749	0.3727	1
424	455	-35.109	0.000	0.8219	0.4011	1
424	475	-47.130	0.000	0.8190	0.3427	1
424	482	-51.105	0.000	0.8604	0.5462	1
424	483	-52.146	0.000	0.8176	0.3428	1
424	488	-59.101	0.000	0.7621	0.2970	1
424	514	-88.093	0.000	0.8121	0.5553	1
424	520	-96.172	0.000	0.8052	0.3118	1
424	523	-102.026	0.000	0.8364	0.3837	1
424	536	-120.035	0.000	0.7933	0.3011	1
424	554	-140.198	0.000	0.7982	0.3456	1
424	576	-184.224	0.000	0.8160	0.2871	1
424	578	-188.063	0.000	0.8046	0.2799	1
424	594	-228.250	0.000	0.7471	0.2906	1
425	432	-8.079	0.000	0.8863	0.4487	1
425	440	-15.947	0.000	0.7034	0.3940	1
425	454	-33.949	0.000	0.8302	0.4481	1
425	455	-35.069	0.000	0.8917	0.5083	1
425	470	-44.026	0.000	0.7625	0.5262	1
425	475	-47.090	0.000	0.8533	0.3796	1
425	482	-51.064	0.000	0.8997	0.5896	1
425	483	-52.106	0.000	0.8737	0.4150	1
425	488	-59.061	0.000	0.8187	0.3881	1
425	514	-88.052	0.000	0.8193	0.4948	1
425	520	-96.131	0.000	0.8632	0.3811	1
425	523	-101.985	0.000	0.8819	0.4163	1
425	536	-119.995	0.000	0.8485	0.3593	1
425	554	-140.157	0.000	0.8545	0.4272	1
425	576	-184.183	0.000	0.8834	0.3791	1
425	578	-188.023	0.000	0.8688	0.3645	1
425	594	-228.210	0.000	0.8365	0.4192	1
427	445	-26.999	0.000	0.7672	0.3931	1
427	472	-44.026	0.000	0.8707	0.5876	1
427	515	-88.052	0.000	0.8987	0.6704	1
427	549	-132.079	0.000	0.8710	0.5925	1
427	572	-176.105	0.000	0.8805	0.6150	1
427	592	-220.131	0.000	0.8457	0.5041	1
427	604	-264.156	0.000	0.8583	0.5345	1
427	621	-308.183	0.000	0.8373	0.5860	1
427	633	-352.208	0.000	0.7906	0.4992	1
428	458	-33.984	0.000	0.8193	0.6285	1
428	476	-43.036	0.000	0.7473	0.6848	1
428	477	-43.036	0.000	0.7598	0.6241	1
428	517	-85.054	0.000	0.7342	0.6426	1
428	527	-98.077	0.000	0.7734	0.6820	1
428	535	-114.036	0.000	0.7343	0.6663	1
428	552	-131.076	0.000	0.7337	0.6502	1
428	562	-160.066	0.000	0.7228	0.5556	1
428	608	-267.114	0.000	0.7041	0.6301	1
429	430	0.000	0.000	0.9111	0.6282	1
429	431	0.000	0.000	0.8823	0.5895	1
429	462	-35.947	0.000	0.8618	0.4438	1
429	463	-35.947	0.000	0.7214	0.3761	1
429	478	-42.010	0.000	0.8384	0.5023	1
429	481	-44.034	0.000	0.8790	0.5644	1
429	506	-79.973	0.000	0.8497	0.5042	1
429	507	-79.973	0.000	0.7436	0.4047	1
429	519	-88.053	0.000	0.7222	0.4759	1
429	543	-124.000	0.000	0.8009	0.4508	1
429	553	-132.079	0.000	0.7338	0.4420	1
429	574	-176.104	0.000	0.7285	0.4772	1
430	431	-0.000	0.000	0.8834	0.5841	1
430	462	-35.948	0.000	0.8706	0.4572	1
430	463	-35.947	0.000	0.7229	0.3813	1
430	478	-42.010	0.000	0.8399	0.5146	1
430	481	-44.035	0.000	0.8834	0.5516	1
430	506	-79.974	0.000	0.8615	0.4769	1
430	507	-79.974	0.000	0.7532	0.4236	1
430	519	-88.053	0.000	0.7351	0.4959	1
430	543	-124.000	0.000	0.7924	0.4334	1
430	553	-132.079	0.000	0.7301	0.4343	1
430	574	-176.105	0.000	0.7453	0.5295	1
431	461	-35.954	0.000	0.7114	0.4738	1
431	462	-35.947	0.000	0.8726	0.5260	1
431	463	-35.947	0.000	0.7807	0.4561	1
431	464	-35.948	0.000	0.7182	0.4179	1
431	478	-42.010	0.000	0.8790	0.4823	1
431	481	-44.034	0.000	0.9043	0.5487	1
431	506	-79.973	0.000	0.8721	0.5961	1
431	507	-79.973	0.000	0.8121	0.5260	1
431	519	-88.053	0.000	0.8420	0.5006	1
431	543	-124.000	0.000	0.8386	0.5353	1
431	553	-132.079	0.000	0.8452	0.4388	1
431	569	-168.025	0.000	0.7494	0.4678	1
431	574	-176.104	0.000	0.8402	0.4937	1
432	454	-25.870	0.000	0.8310	0.4028	1
432	455	-26.990	0.000	0.8976	0.5388	1
432	470	-35.947	0.000	0.7088	0.3456	1
432	475	-39.011	0.000	0.8986	0.5527	1
432	482	-42.985	0.000	0.9038	0.4403	1
432	483	-44.027	0.000	0.9357	0.6728	1
432	488	-50.982	0.000	0.8538	0.4503	1
432	514	-79.973	0.000	0.8259	0.4258	1
432	520	-88.052	0.000	0.9115	0.5752	1
432	523	-93.906	0.000	0.9010	0.5345	1
432	536	-111.916	0.000	0.8629	0.4573	1
432	554	-132.078	0.000	0.9127	0.6401	1
432	576	-176.104	0.000	0.9248	0.5404	1
432	578	-179.944	0.000	0.8859	0.4233	1
432	594	-220.131	0.000	0.8559	0.5338	1
433	434	-0.000	0.000	0.7293	0.6277	1
435	443	-13.986	0.000	0.7877	0.5365	1
435	444	-14.015	0.000	0.7346	0.6245	1
435	449	-15.995	0.000	0.7466	0.6012	1
435	465	-28.990	0.000	0.7080	0.5881	1
435	468	-30.010	0.000	0.8094	0.6467	1
435	469	-30.010	0.000	0.7309	0.5870	1
435	473	-31.989	0.000	0.7030	0.6257	1
435	484	-39.996	0.000	0.7288	0.5983	1
435	485	-40.031	0.000	0.7488	0.5480	1
435	487	-42.018	0.000	0.7024	0.5336	1
435	494	-56.034	0.000	0.7503	0.5793	1
435	495	-57.020	0.000	0.7901	0.4401	1
435	497	-60.020	0.000	0.7176	0.6486	1
435	502	-71.008	0.000	0.7705	0.6219	1
435	510	-73.015	0.000	0.7329	0.6195	1
435	528	-90.046	0.000	0.7065	0.4967	1
435	532	-99.068	0.000	0.7481	0.6384	1
435	533	-99.067	0.000	0.7226	0.6108	1
435	575	-170.050	0.000	0.7367	0.5500	1
435	577	-172.047	0.000	0.7202	0.5731	1
435	587	-196.084	0.000	0.7111	0.5629	1
435	597	-239.088	0.000	0.7413	0.6290	1
435	609	-259.079	0.000	0.7215	0.4835	1
436	437	-0.000	0.000	0.8041	0.7495	1
436	441	-2.015	0.000	0.7640	0.6252	1
436	442	-2.015	0.000	0.8553	0.7326	1
436	451	-18.011	0.000	0.8578	0.7652	1
436	452	-18.011	0.000	0.8059	0.6873	1
436	453	-18.011	0.000	0.8448	0.7071	1
436	479	-35.037	0.000	0.8579	0.8046	1
436	480	-35.037	0.000	0.8929	0.8701	1
436	673	-533.300	0.000	0.7743	0.6744	1
437	441	-2.015	0.000	0.8535	0.7004	1
437	442	-2.015	0.000	0.7987	0.7379	1
437	451	-18.011	0.000	0.7845	0.7691	1
437	452	-18.011	0.000	0.8861	0.7826	1
437	453	-18.011	0.000	0.7863	0.7091	1
437	479	-35.037	0.000	0.7255	0.6995	1
437	480	-35.037	0.000	0.8839	0.8471	1
439	443	-12.044	0.000	0.7394	0.5768	1
439	444	-12.073	0.000	0.7617	0.5141	1
439	465	-27.048	0.000	0.7406	0.5621	1
439	468	-28.068	0.000	0.7208	0.5144	1
439	485	-38.089	0.000	0.7322	0.5593	1
439	494	-54.092	0.000	0.7025	0.4482	1
439	566	-155.140	0.000	0.7036	0.3798	1
440	442	-1.067	0.000	0.7085	0.7230	1
440	482	-35.117	0.000	0.7034	0.4217	1
441	451	-15.996	0.000	0.7031	0.6339	1
441	452	-15.996	0.000	0.8044	0.7426	1
441	453	-15.996	0.000	0.7152	0.6747	1
441	480	-33.022	0.000	0.7786	0.6312	1
442	451	-15.995	0.000	0.7185	0.6960	1
442	452	-15.995	0.000	0.7332	0.6702	1
442	453	-15.995	0.000	0.7403	0.7170	1
442	480	-33.022	0.000	0.7500	0.6759	1
443	444	-0.029	0.000	0.7469	0.4910	1
443	447	-1.013	0.000	0.7330	0.5665	1
443	449	-2.008	0.000	0.7641	0.5248	1
443	465	-15.003	0.000	0.7891	0.6298	1
443	468	-16.023	0.000	0.8291	0.5783	1
443	469	-16.023	0.000	0.7545	0.5025	1
443	471	-16.971	0.000	0.7934	0.6207	1
443	485	-26.044	0.000	0.8099	0.6176	1
443	487	-28.032	0.000	0.7220	0.5356	1
443	490	-31.981	0.000	0.7125	0.6048	1
443	491	-31.981	0.000	0.7588	0.6493	1
443	494	-42.048	0.000	0.8990	0.5698	1
443	495	-43.034	0.000	0.7807	0.5485	1
443	497	-46.034	0.000	0.7053	0.4977	1
443	502	-57.022	0.000	0.8087	0.5262	1
443	504	-58.034	0.000	0.7560	0.5524	1
443	505	-58.034	0.000	0.7008	0.4882	1
443	510	-59.029	0.000	0.7025	0.4860	1
443	513	-60.005	0.000	0.7154	0.4461	1
443	521	-73.045	0.000	0.7412	0.4926	1
443	524	-74.030	0.000	0.7081	0.4605	1
443	525	-74.030	0.000	0.7772	0.5203	1
443	528	-76.060	0.000	0.8038	0.5241	1
443	532	-85.081	0.000	0.7422	0.5101	1
443	538	-99.024	0.000	0.7087	0.4894	1
443	540	-101.076	0.000	0.7446	0.5269	1
443	566	-143.096	0.000	0.8122	0.4696	1
443	567	-144.082	0.000	0.7112	0.4373	1
443	575	-156.064	0.000	0.7605	0.4201	1
443	577	-158.060	0.000	0.7255	0.4240	1
443	587	-182.098	0.000	0.7160	0.4266	1
443	597	-225.102	0.000	0.7430	0.5126	1
443	611	-255.125	0.000	0.7031	0.4085	1
444	447	-0.984	0.000	0.7118	0.5873	1
444	449	-1.979	0.000	0.7280	0.6759	1
444	465	-14.974	0.000	0.7735	0.7141	1
444	468	-15.995	0.000	0.7965	0.7141	1
444	471	-16.942	0.000	0.7107	0.6514	1
444	473	-17.974	0.000	0.7549	0.7123	1
444	484	-25.980	0.000	0.7435	0.5733	1
444	485	-26.015	0.000	0.8611	0.7245	1
444	487	-28.003	0.000	0.7835	0.6460	1
444	491	-31.952	0.000	0.7360	0.5373	1
444	493	-42.003	0.000	0.7758	0.5249	1
444	494	-42.019	0.000	0.8154	0.7022	1
444	497	-46.005	0.000	0.7101	0.6294	1
444	499	-50.475	0.000	0.7385	0.5512	1
444	502	-56.993	0.000	0.7370	0.6063	1
444	504	-58.005	0.000	0.7205	0.6661	1
444	521	-73.016	0.000	0.7492	0.6145	1
444	525	-74.001	0.000	0.7548	0.6900	1
444	528	-76.031	0.000	0.7739	0.6267	1
444	529	-78.996	0.000	0.7257	0.6004	1
444	532	-85.052	0.000	0.7964	0.7152	1
444	533	-85.052	0.000	0.7081	0.5896	1
444	540	-101.047	0.000	0.7577	0.6519	1
444	541	-101.047	0.000	0.7170	0.4992	1
444	542	-101.055	0.000	0.7040	0.6453	1
444	559	-130.051	0.000	0.7646	0.6145	1
444	564	-141.041	0.000	0.7261	0.6200	1
444	566	-143.067	0.000	0.8201	0.6034	1
444	567	-144.053	0.000	0.7753	0.6185	1
444	573	-154.074	0.000	0.7574	0.6481	1
444	575	-156.035	0.000	0.7484	0.5608	1
444	577	-158.031	0.000	0.7365	0.5799	1
444	582	-168.017	0.000	0.7452	0.6159	1
444	584	-172.058	0.000	0.7160	0.5732	1
444	587	-182.069	0.000	0.7600	0.6436	1
444	596	-214.072	0.000	0.7116	0.6300	1
444	597	-225.073	0.000	0.7208	0.6397	1
445	472	-17.027	0.000	0.8268	0.5400	1
445	515	-61.052	0.000	0.7959	0.4628	1
445	549	-105.079	0.000	0.7681	0.4775	1
445	572	-149.105	0.000	0.7990	0.5155	1
445	592	-193.131	0.000	0.7944	0.5328	1
445	604	-237.157	0.000	0.7804	0.5219	1
445	621	-281.184	0.000	0.7389	0.4393	1
445	633	-325.209	0.000	0.7230	0.4151	1
446	447	0.000	0.000	0.7415	0.4985	1
446	469	-15.011	0.000	0.7334	0.6039	1
446	471	-15.958	0.000	0.8115	0.6666	1
446	494	-41.035	0.000	0.7251	0.6341	1
446	503	-57.021	0.000	0.8323	0.7047	1
446	524	-73.018	0.000	0.7717	0.6340	1
446	526	-73.026	0.000	0.7836	0.6446	1
446	541	-100.064	0.000	0.7306	0.5201	1
446	566	-142.083	0.000	0.7160	0.5790	1
447	449	-0.996	0.000	0.7354	0.5282	1
447	465	-13.991	0.000	0.7039	0.6605	1
447	468	-15.011	0.000	0.7065	0.5754	1
447	469	-15.011	0.000	0.7208	0.4828	1
447	471	-15.958	0.000	0.7746	0.6496	1
447	473	-16.990	0.000	0.7195	0.5955	1
447	485	-25.032	0.000	0.7259	0.6047	1
447	487	-27.019	0.000	0.7152	0.6289	1
447	491	-30.969	0.000	0.7233	0.5372	1
447	494	-41.035	0.000	0.8034	0.5777	1
447	499	-49.491	0.000	0.7122	0.4606	1
447	503	-57.021	0.000	0.7493	0.5592	1
447	504	-57.021	0.000	0.7792	0.5446	1
447	505	-57.021	0.000	0.7113	0.4984	1
447	521	-72.033	0.000	0.7657	0.5055	1
447	524	-73.018	0.000	0.7408	0.5164	1
447	525	-73.018	0.000	0.7863	0.5815	1
447	526	-73.026	0.000	0.7157	0.5570	1
447	528	-75.047	0.000	0.7081	0.5594	1
447	532	-84.069	0.000	0.7493	0.5692	1
447	540	-100.064	0.000	0.7643	0.5617	1
447	557	-114.042	0.000	0.7337	0.5283	1
447	566	-142.083	0.000	0.7536	0.4995	1
447	567	-143.069	0.000	0.7626	0.5012	1
447	585	-171.100	0.000	0.7152	0.4695	1
448	449	0.000	0.000	0.7784	0.5814	1
448	494	-40.040	0.000	0.7102	0.6410	1
448	502	-55.014	0.000	0.7452	0.6826	1
448	504	-56.025	0.000	0.7027	0.5953	1
448	505	-56.025	0.000	0.7574	0.6951	1
448	513	-57.997	0.000	0.7183	0.7015	1
448	516	-60.029	0.000	0.7630	0.6890	1
448	522	-71.037	0.000	0.7333	0.6950	1
448	533	-83.073	0.000	0.7251	0.6580	1
449	468	-14.015	0.000	0.7619	0.6693	1
449	471	-14.962	0.000	0.7658	0.6231	1
449	473	-15.994	0.000	0.7492	0.7040	1
449	484	-24.001	0.000	0.7081	0.5562	1
449	485	-24.036	0.000	0.7909	0.6431	1
449	487	-26.024	0.000	0.7279	0.5943	1
449	491	-29.973	0.000	0.7378	0.5248	1
449	494	-40.040	0.000	0.8463	0.7433	1
449	495	-41.026	0.000	0.8058	0.4630	1
449	499	-48.495	0.000	0.7055	0.6100	1
449	502	-55.014	0.000	0.7768	0.6259	1
449	504	-56.025	0.000	0.8263	0.7325	1
449	505	-56.025	0.000	0.7653	0.6361	1
449	513	-57.997	0.000	0.7469	0.6005	1
449	517	-60.029	0.000	0.7257	0.7120	1
449	521	-71.037	0.000	0.7985	0.6963	1
449	522	-71.037	0.000	0.7224	0.5943	1
449	524	-72.022	0.000	0.7087	0.6531	1
449	525	-72.022	0.000	0.7565	0.6810	1
449	528	-74.052	0.000	0.7879	0.5847	1
449	532	-83.073	0.000	0.8086	0.6796	1
449	533	-83.073	0.000	0.7272	0.5832	1
449	540	-99.068	0.000	0.7665	0.7060	1
449	547	-102.042	0.000	0.7135	0.6220	1
449	557	-113.046	0.000	0.7605	0.6882	1
449	559	-128.071	0.000	0.7121	0.6599	1
449	566	-141.088	0.000	0.7485	0.6513	1
449	567	-142.073	0.000	0.7730	0.6388	1
449	573	-152.094	0.000	0.7032	0.6319	1
449	575	-154.055	0.000	0.7216	0.6054	1
449	577	-156.052	0.000	0.7548	0.6534	1
449	632	-322.175	0.000	0.7126	0.5188	1
450	489	-28.031	0.000	0.7649	0.5005	1
450	498	-44.026	0.000	0.7908	0.5086	1
450	511	-56.063	0.000	0.8056	0.5222	1
450	512	-56.063	0.000	0.7781	0.4816	1
450	534	-84.094	0.000	0.7950	0.5415	1
451	452	0.000	0.000	0.7169	0.6368	1
451	453	0.000	0.000	0.7641	0.6605	1
451	479	-17.027	0.000	0.8573	0.7270	1
451	480	-17.027	0.000	0.8345	0.7424	1
451	673	-515.290	0.000	0.7393	0.6795	1
452	453	0.000	0.000	0.7342	0.6748	1
452	479	-17.027	0.000	0.7296	0.6197	1
452	480	-17.027	0.000	0.8727	0.7352	1
453	479	-17.027	0.000	0.8279	0.6690	1
453	480	-17.027	0.000	0.8280	0.6859	1
453	673	-515.290	0.000	0.7341	0.6700	1
454	455	-1.120	0.000	0.8324	0.4343	1
454	475	-13.141	0.000	0.8058	0.3616	1
454	482	-17.115	0.000	0.8375	0.4425	1
454	483	-18.156	0.000	0.8274	0.3792	1
454	488	-25.111	0.000	0.8003	0.4185	1
454	514	-54.103	0.000	0.7447	0.3569	1
454	520	-62.182	0.000	0.8133	0.3612	1
454	523	-68.036	0.000	0.8447	0.4142	1
454	536	-86.046	0.000	0.7952	0.3261	1
454	554	-106.208	0.000	0.8073	0.3877	1
454	576	-150.234	0.000	0.8239	0.3328	1
454	578	-154.073	0.000	0.8117	0.3150	1
454	594	-194.260	0.000	0.7615	0.3568	1
455	470	-8.958	0.000	0.7184	0.3910	1
455	475	-12.021	0.000	0.8621	0.4366	1
455	482	-15.995	0.000	0.8927	0.4636	1
455	483	-17.037	0.000	0.8950	0.5110	1
455	488	-23.992	0.000	0.8353	0.4482	1
455	514	-52.984	0.000	0.8175	0.4331	1
455	520	-61.062	0.000	0.8743	0.4519	1
455	523	-66.917	0.000	0.8761	0.4429	1
455	536	-84.926	0.000	0.8703	0.4733	1
455	554	-105.088	0.000	0.8580	0.4797	1
455	576	-149.115	0.000	0.8864	0.4388	1
455	578	-152.954	0.000	0.8658	0.3783	1
455	594	-193.141	0.000	0.8213	0.4590	1
456	500	-41.961	0.000	0.7809	0.5295	1
456	501	-44.026	0.000	0.8367	0.5151	1
456	537	-88.050	0.000	0.8685	0.5974	1
456	565	-132.076	0.000	0.8465	0.5994	1
456	570	-138.139	0.000	0.7175	0.3655	1
456	588	-176.102	0.000	0.8114	0.5762	1
456	598	-220.129	0.000	0.7816	0.5447	1
456	619	-264.154	0.000	0.7937	0.4403	1
456	630	-308.179	0.000	0.7364	0.5172	1
456	640	-352.206	0.000	0.7310	0.5093	1
458	477	-9.051	0.000	0.7318	0.6409	1
458	492	-22.545	0.000	0.7081	0.4285	1
458	504	-47.066	0.000	0.7027	0.5870	1
458	517	-51.070	0.000	0.7466	0.6016	1
458	518	-55.044	0.000	0.7259	0.6272	1
458	521	-62.078	0.000	0.7124	0.5721	1
458	527	-64.093	0.000	0.7319	0.5541	1
458	531	-70.046	0.000	0.7329	0.6318	1
458	547	-93.083	0.000	0.7446	0.5549	1
458	551	-96.098	0.000	0.7631	0.5752	1
458	552	-97.092	0.000	0.7042	0.5575	1
458	562	-126.081	0.000	0.7352	0.4687	1
459	460	0.000	0.000	0.8666	0.6695	1
461	462	0.007	0.000	0.7430	0.4721	1
461	463	0.007	0.000	0.7293	0.4815	1
461	464	0.006	0.000	0.7769	0.5363	1
461	478	-6.056	0.000	0.7047	0.3653	1
461	506	-44.019	0.000	0.7627	0.5764	1
461	507	-44.019	0.000	0.7532	0.5828	1
461	508	-44.021	0.000	0.7789	0.5304	1
461	543	-88.046	0.000	0.7381	0.5035	1
461	569	-132.071	0.000	0.7235	0.5035	1
462	463	0.000	0.000	0.7691	0.4906	1
462	464	-0.000	0.000	0.7568	0.5486	1
462	478	-6.062	0.000	0.8274	0.3394	1
462	481	-8.087	0.000	0.8538	0.3896	1
462	506	-44.026	0.000	0.8697	0.5750	1
462	507	-44.026	0.000	0.8100	0.5066	1
462	508	-44.027	0.000	0.7263	0.5585	1
462	519	-52.105	0.000	0.7540	0.3547	1
462	543	-88.052	0.000	0.8362	0.6099	1
462	553	-96.131	0.000	0.7389	0.2755	1
462	569	-132.078	0.000	0.7399	0.3923	1
462	574	-140.157	0.000	0.7585	0.3419	1
462	679	-581.271	0.000	0.7336	0.3923	1
463	464	-0.001	0.000	0.7673	0.5312	1
463	478	-6.063	0.000	0.7632	0.3409	1
463	481	-8.087	0.000	0.7476	0.3323	1
463	506	-44.026	0.000	0.7981	0.5751	1
463	507	-44.026	0.000	0.7956	0.5326	1
463	508	-44.028	0.000	0.7719	0.5631	1
463	519	-52.106	0.000	0.7278	0.3271	1
463	543	-88.053	0.000	0.7704	0.5212	1
463	553	-96.132	0.000	0.7212	0.2686	1
463	569	-132.078	0.000	0.7506	0.4483	1
463	574	-140.158	0.000	0.7335	0.3082	1
464	506	-44.025	0.000	0.7521	0.5287	1
464	507	-44.025	0.000	0.7807	0.5323	1
464	508	-44.027	0.000	0.8058	0.6411	1
464	543	-88.052	0.000	0.7472	0.5587	1
464	569	-132.078	0.000	0.7306	0.4356	1
465	468	-1.020	0.000	0.7801	0.6541	1
465	471	-1.967	0.000	0.7031	0.6362	1
465	473	-2.999	0.000	0.7251	0.6412	1
465	485	-11.041	0.000	0.7590	0.7114	1
465	487	-13.029	0.000	0.7046	0.6183	1
465	493	-27.028	0.000	0.7649	0.4376	1
465	494	-27.045	0.000	0.7322	0.5710	1
465	495	-28.031	0.000	0.7154	0.4921	1
465	497	-31.031	0.000	0.7922	0.6524	1
465	502	-42.019	0.000	0.7627	0.5738	1
465	521	-58.042	0.000	0.7419	0.5761	1
465	525	-59.027	0.000	0.7434	0.6141	1
465	529	-64.022	0.000	0.7150	0.5482	1
465	532	-70.078	0.000	0.7184	0.6062	1
465	540	-86.073	0.000	0.7029	0.6007	1
465	551	-92.062	0.000	0.7508	0.5701	1
465	559	-115.076	0.000	0.7073	0.5335	1
465	566	-128.093	0.000	0.7047	0.5163	1
465	575	-141.060	0.000	0.7855	0.5375	1
465	577	-143.057	0.000	0.7360	0.5302	1
465	587	-167.095	0.000	0.7042	0.5485	1
465	605	-225.111	0.000	0.7802	0.6171	1
465	613	-241.141	0.000	0.7185	0.5199	1
466	467	0.000	0.000	0.8662	0.6466	1
466	496	-28.031	0.000	0.8209	0.5970	1
466	511	-44.026	0.000	0.8524	0.6461	1
466	512	-44.026	0.000	0.9034	0.7207	1
466	545	-88.062	0.000	0.8037	0.5687	1
466	546	-88.053	0.000	0.9091	0.7272	1
466	570	-132.078	0.000	0.8078	0.6060	1
466	571	-132.078	0.000	0.8405	0.6037	1
466	589	-176.103	0.000	0.8113	0.6161	1
466	590	-176.104	0.000	0.8593	0.6663	1
466	603	-220.131	0.000	0.7172	0.5079	1
467	496	-28.031	0.000	0.8469	0.5915	1
467	511	-44.026	0.000	0.8928	0.6227	1
467	512	-44.026	0.000	0.8826	0.6703	1
467	545	-88.062	0.000	0.8802	0.6348	1
467	546	-88.053	0.000	0.8971	0.7314	1
467	570	-132.078	0.000	0.8418	0.5746	1
467	571	-132.078	0.000	0.8451	0.5833	1
467	589	-176.103	0.000	0.8603	0.6302	1
467	590	-176.104	0.000	0.8544	0.6699	1
467	602	-220.128	0.000	0.7306	0.4384	1
467	603	-220.131	0.000	0.7845	0.5120	1
468	471	-0.947	0.000	0.7015	0.6095	1
468	473	-1.979	0.000	0.8070	0.6979	1
468	484	-9.986	0.000	0.7142	0.5285	1
468	485	-10.021	0.000	0.7705	0.6314	1
468	487	-12.009	0.000	0.7323	0.5698	1
468	490	-15.958	0.000	0.7168	0.5679	1
468	491	-15.958	0.000	0.7888	0.5649	1
468	493	-26.008	0.000	0.7613	0.4916	1
468	494	-26.024	0.000	0.8065	0.6304	1
468	495	-27.011	0.000	0.8010	0.4797	1
468	497	-30.010	0.000	0.8109	0.6937	1
468	502	-40.999	0.000	0.7483	0.5750	1
468	504	-42.010	0.000	0.7347	0.6662	1
468	510	-43.005	0.000	0.7452	0.6359	1
468	521	-57.022	0.000	0.7499	0.5969	1
468	525	-58.007	0.000	0.7433	0.6510	1
468	528	-60.036	0.000	0.7712	0.6040	1
468	529	-63.002	0.000	0.7112	0.5820	1
468	532	-69.058	0.000	0.8006	0.6787	1
468	540	-85.053	0.000	0.7616	0.6513	1
468	557	-99.031	0.000	0.7279	0.6473	1
468	559	-114.056	0.000	0.7473	0.6089	1
468	566	-127.073	0.000	0.7861	0.5660	1
468	567	-128.058	0.000	0.7275	0.5735	1
468	573	-138.079	0.000	0.7237	0.6045	1
468	575	-140.040	0.000	0.7849	0.5751	1
468	577	-142.037	0.000	0.7603	0.5859	1
468	582	-152.022	0.000	0.7225	0.5826	1
468	584	-156.064	0.000	0.7167	0.6014	1
468	587	-166.075	0.000	0.7513	0.5768	1
468	597	-209.078	0.000	0.7491	0.6193	1
468	609	-229.069	0.000	0.7462	0.4861	1
468	611	-239.102	0.000	0.7101	0.5151	1
469	474	-2.016	0.000	0.7492	0.5480	1
469	476	-3.995	0.000	0.7574	0.6861	1
469	477	-3.995	0.000	0.7152	0.5600	1
469	490	-15.958	0.000	0.8380	0.5370	1
469	491	-15.958	0.000	0.7761	0.4681	1
469	502	-40.999	0.000	0.7355	0.6774	1
469	504	-42.010	0.000	0.7040	0.5689	1
469	505	-42.010	0.000	0.7282	0.6817	1
469	510	-43.005	0.000	0.7169	0.5429	1
469	521	-57.022	0.000	0.7962	0.6743	1
469	524	-58.007	0.000	0.7301	0.6419	1
469	525	-58.007	0.000	0.7064	0.5698	1
469	539	-85.053	0.000	0.8076	0.7284	1
469	540	-85.053	0.000	0.7420	0.6393	1
469	556	-99.031	0.000	0.7779	0.6492	1
469	557	-99.031	0.000	0.7585	0.6011	1
469	567	-128.058	0.000	0.7514	0.7206	1
469	568	-128.058	0.000	0.7942	0.6853	1
469	586	-156.090	0.000	0.7126	0.6484	1
469	607	-228.075	0.000	0.7695	0.6481	1
469	608	-228.074	0.000	0.7411	0.6467	1
469	622	-268.128	0.000	0.7009	0.6314	1
470	475	-3.064	0.000	0.7021	0.3004	1
470	482	-7.038	0.000	0.7235	0.4574	1
470	483	-8.079	0.000	0.7044	0.3057	1
470	514	-44.026	0.000	0.7861	0.5706	1
470	520	-52.105	0.000	0.7145	0.3004	1
471	484	-9.039	0.000	0.7072	0.5255	1
471	485	-9.074	0.000	0.7391	0.6367	1
471	487	-11.061	0.000	0.7602	0.6572	1
471	491	-15.010	0.000	0.7238	0.5768	1
471	494	-25.077	0.000	0.8302	0.6345	1
471	502	-40.051	0.000	0.7434	0.5842	1
471	504	-41.063	0.000	0.7155	0.5832	1
471	513	-43.034	0.000	0.7504	0.5338	1
471	524	-57.059	0.000	0.7779	0.5971	1
471	525	-57.059	0.000	0.7515	0.6010	1
471	526	-57.068	0.000	0.7283	0.6138	1
471	528	-59.089	0.000	0.7341	0.6054	1
471	532	-68.111	0.000	0.7318	0.6151	1
471	541	-84.106	0.000	0.7524	0.4866	1
471	557	-98.084	0.000	0.7014	0.6003	1
471	566	-126.125	0.000	0.7539	0.5367	1
471	567	-127.111	0.000	0.7121	0.5290	1
471	611	-238.155	0.000	0.7330	0.5208	1
472	515	-44.026	0.000	0.9209	0.7295	1
472	549	-88.052	0.000	0.8842	0.7167	1
472	572	-132.078	0.000	0.9318	0.7798	1
472	592	-176.104	0.000	0.9044	0.6895	1
472	604	-220.130	0.000	0.9033	0.7172	1
472	621	-264.157	0.000	0.8280	0.6307	1
472	633	-308.182	0.000	0.7759	0.5396	1
473	485	-8.042	0.000	0.7494	0.6492	1
473	487	-10.029	0.000	0.7155	0.5766	1
473	491	-13.979	0.000	0.7695	0.5266	1
473	493	-24.029	0.000	0.7918	0.5152	1
473	494	-24.045	0.000	0.7120	0.6360	1
473	497	-28.031	0.000	0.7541	0.6582	1
473	499	-32.501	0.000	0.7258	0.5701	1
473	521	-55.043	0.000	0.7768	0.6334	1
473	525	-56.028	0.000	0.7526	0.6918	1
473	532	-67.079	0.000	0.7791	0.6744	1
473	540	-83.074	0.000	0.7680	0.6713	1
473	541	-83.074	0.000	0.7183	0.4942	1
473	542	-83.082	0.000	0.7445	0.6439	1
473	547	-86.048	0.000	0.7066	0.5901	1
473	559	-112.077	0.000	0.7404	0.6318	1
473	566	-125.094	0.000	0.7335	0.5826	1
473	567	-126.079	0.000	0.7424	0.5987	1
473	573	-136.100	0.000	0.7156	0.6516	1
473	575	-138.061	0.000	0.7381	0.5727	1
473	577	-140.058	0.000	0.7393	0.5892	1
473	582	-150.043	0.000	0.7125	0.6016	1
473	584	-154.085	0.000	0.7294	0.6342	1
473	585	-154.110	0.000	0.7258	0.5782	1
473	587	-164.095	0.000	0.7279	0.6100	1
473	596	-196.098	0.000	0.7101	0.6260	1
473	609	-227.090	0.000	0.7137	0.4931	1
474	476	-1.980	0.000	0.7629	0.5630	1
474	477	-1.980	0.000	0.7455	0.6017	1
474	527	-57.021	0.000	0.8026	0.5350	1
474	531	-62.975	0.000	0.7063	0.5625	1
474	535	-72.980	0.000	0.7130	0.5444	1
474	579	-144.053	0.000	0.7109	0.4891	1
474	580	-144.054	0.000	0.7573	0.5149	1
475	482	-3.974	0.000	0.8744	0.3954	1
475	483	-5.016	0.000	0.8975	0.5426	1
475	488	-11.971	0.000	0.8366	0.4339	1
475	514	-40.962	0.000	0.7907	0.3427	1
475	520	-49.041	0.000	0.8660	0.5243	1
475	523	-54.896	0.000	0.8692	0.5256	1
475	536	-72.905	0.000	0.8594	0.5128	1
475	554	-93.067	0.000	0.8784	0.5470	1
475	576	-137.093	0.000	0.8874	0.5512	1
475	578	-140.933	0.000	0.8623	0.4974	1
475	594	-181.120	0.000	0.8343	0.4942	1
476	477	0.000	0.000	0.7535	0.5632	1
476	517	-42.018	0.000	0.7243	0.6036	1
476	527	-55.042	0.000	0.7031	0.6077	1
476	535	-71.000	0.000	0.7282	0.6056	1
477	504	-38.015	0.000	0.7109	0.6877	1
477	517	-42.018	0.000	0.7984	0.6902	1
477	518	-45.992	0.000	0.7352	0.5876	1
477	521	-53.026	0.000	0.7577	0.6216	1
477	527	-55.042	0.000	0.7553	0.5882	1
477	535	-71.000	0.000	0.7978	0.7100	1
477	540	-81.057	0.000	0.7154	0.6485	1
477	547	-84.032	0.000	0.7314	0.5953	1
477	562	-117.030	0.000	0.7434	0.5273	1
477	567	-124.063	0.000	0.7047	0.6038	1
477	580	-142.074	0.000	0.7143	0.6210	1
478	481	-2.024	0.000	0.8668	0.6085	1
478	506	-37.963	0.000	0.8234	0.4132	1
478	507	-37.963	0.000	0.7789	0.3815	1
478	519	-46.043	0.000	0.8117	0.5852	1
478	543	-81.990	0.000	0.8139	0.3722	1
478	553	-90.069	0.000	0.8025	0.5249	1
478	569	-126.015	0.000	0.7350	0.3993	1
478	574	-134.095	0.000	0.8192	0.5836	1
479	480	0.000	0.000	0.7974	0.7340	1
479	673	-498.263	0.000	0.8301	0.6754	1
480	673	-498.263	0.000	0.7364	0.6548	1
481	506	-35.939	0.000	0.8500	0.4356	1
481	507	-35.939	0.000	0.7917	0.4058	1
481	519	-44.018	0.000	0.8110	0.5786	1
481	543	-79.965	0.000	0.8295	0.4136	1
481	553	-88.044	0.000	0.7987	0.5032	1
481	569	-123.991	0.000	0.7231	0.3857	1
481	574	-132.070	0.000	0.8211	0.6099	1
482	483	-1.042	0.000	0.8872	0.4406	1
482	488	-7.997	0.000	0.8314	0.3798	1
482	514	-36.988	0.000	0.8007	0.4652	1
482	520	-45.067	0.000	0.8766	0.3840	1
482	523	-50.921	0.000	0.8921	0.3988	1
482	536	-68.931	0.000	0.8623	0.3832	1
482	554	-89.093	0.000	0.8648	0.4183	1
482	576	-133.119	0.000	0.8853	0.3478	1
482	578	-136.959	0.000	0.8781	0.3408	1
482	594	-177.146	0.000	0.8219	0.3865	1
482	666	-419.253	0.000	0.7396	0.4288	1
483	488	-6.955	0.000	0.8525	0.4486	1
483	514	-35.947	0.000	0.8255	0.4073	1
483	520	-44.025	0.000	0.9094	0.5529	1
483	523	-49.880	0.000	0.8888	0.5069	1
483	536	-67.889	0.000	0.8690	0.4857	1
483	554	-88.051	0.000	0.8998	0.5937	1
483	576	-132.078	0.000	0.9217	0.5303	1
483	578	-135.917	0.000	0.8843	0.4341	1
483	594	-176.104	0.000	0.8599	0.5370	1
484	493	-16.022	0.000	0.7242	0.5433	1
484	494	-16.039	0.000	0.7425	0.6024	1
484	502	-31.013	0.000	0.7461	0.6670	1
484	513	-33.996	0.000	0.7280	0.6289	1
484	528	-50.051	0.000	0.7432	0.5060	1
484	532	-59.072	0.000	0.7530	0.5812	1
484	533	-59.072	0.000	0.7568	0.6715	1
484	540	-75.067	0.000	0.7134	0.6157	1
484	541	-75.067	0.000	0.7282	0.5705	1
484	566	-117.087	0.000	0.7121	0.5841	1
484	567	-118.073	0.000	0.7003	0.5955	1
484	573	-128.093	0.000	0.7305	0.6162	1
484	575	-130.054	0.000	0.7127	0.5802	1
484	577	-132.051	0.000	0.7008	0.5920	1
484	582	-142.036	0.000	0.7181	0.6249	1
484	584	-146.078	0.000	0.7062	0.5892	1
484	587	-156.089	0.000	0.7819	0.6648	1
484	611	-229.116	0.000	0.7158	0.5858	1
484	632	-298.174	0.000	0.7269	0.5569	1
485	487	-1.988	0.000	0.7818	0.6881	1
485	491	-5.937	0.000	0.7243	0.5647	1
485	493	-15.987	0.000	0.7699	0.4815	1
485	494	-16.004	0.000	0.8602	0.6661	1
485	495	-16.990	0.000	0.7639	0.4715	1
485	497	-19.989	0.000	0.7208	0.6208	1
485	499	-24.459	0.000	0.7225	0.5224	1
485	502	-30.978	0.000	0.7343	0.5246	1
485	504	-31.989	0.000	0.7362	0.6294	1
485	513	-33.961	0.000	0.7152	0.5044	1
485	521	-47.001	0.000	0.7279	0.5553	1
485	525	-47.986	0.000	0.7462	0.6317	1
485	528	-50.015	0.000	0.8008	0.6480	1
485	529	-52.981	0.000	0.7086	0.5591	1
485	532	-59.037	0.000	0.8210	0.6742	1
485	533	-59.037	0.000	0.7259	0.5249	1
485	540	-75.032	0.000	0.7362	0.6104	1
485	541	-75.032	0.000	0.7274	0.4570	1
485	559	-104.035	0.000	0.7430	0.5639	1
485	564	-115.026	0.000	0.7263	0.6263	1
485	566	-117.052	0.000	0.8175	0.5692	1
485	567	-118.037	0.000	0.7522	0.5615	1
485	573	-128.058	0.000	0.7938	0.6261	1
485	575	-130.019	0.000	0.7731	0.5449	1
485	577	-132.016	0.000	0.7550	0.5450	1
485	582	-142.001	0.000	0.7313	0.5473	1
485	584	-146.043	0.000	0.7511	0.5910	1
485	587	-156.054	0.000	0.7795	0.5945	1
485	596	-188.056	0.000	0.7152	0.5905	1
485	597	-199.057	0.000	0.7283	0.5899	1
485	611	-229.081	0.000	0.7163	0.4907	1
485	632	-298.139	0.000	0.7300	0.4624	1
487	493	-14.000	0.000	0.7575	0.4288	1
487	494	-14.016	0.000	0.7668	0.5936	1
487	497	-18.002	0.000	0.7324	0.6005	1
487	499	-22.471	0.000	0.7298	0.4961	1
487	502	-28.990	0.000	0.7077	0.5098	1
487	504	-30.001	0.000	0.7201	0.5685	1
487	521	-45.013	0.000	0.7410	0.5233	1
487	524	-45.998	0.000	0.7015	0.5109	1
487	525	-45.998	0.000	0.7344	0.5694	1
487	528	-48.028	0.000	0.7124	0.5830	1
487	529	-50.993	0.000	0.7113	0.5241	1
487	532	-57.049	0.000	0.7644	0.6131	1
487	540	-73.044	0.000	0.7105	0.5529	1
487	542	-73.052	0.000	0.7116	0.5540	1
487	557	-87.023	0.000	0.7244	0.5954	1
487	564	-113.038	0.000	0.7329	0.6082	1
487	566	-115.064	0.000	0.7358	0.4866	1
487	567	-116.050	0.000	0.7506	0.5219	1
487	573	-126.071	0.000	0.7288	0.5657	1
487	575	-128.032	0.000	0.7521	0.5109	1
487	577	-130.028	0.000	0.7122	0.5134	1
487	582	-140.014	0.000	0.7033	0.4939	1
487	587	-154.066	0.000	0.7057	0.5274	1
487	595	-185.082	0.000	0.7199	0.5243	1
487	596	-186.069	0.000	0.7393	0.5349	1
487	624	-267.111	0.000	0.7465	0.4997	1
487	626	-269.127	0.000	0.7158	0.4456	1
488	514	-28.992	0.000	0.7702	0.3466	1
488	520	-37.070	0.000	0.8424	0.4236	1
488	523	-42.925	0.000	0.8383	0.4104	1
488	536	-60.934	0.000	0.8185	0.3931	1
488	554	-81.096	0.000	0.8225	0.4225	1
488	576	-125.123	0.000	0.8443	0.3907	1
488	578	-128.962	0.000	0.8227	0.3519	1
488	594	-169.149	0.000	0.7946	0.4518	1
489	511	-28.032	0.000	0.8074	0.5562	1
489	512	-28.032	0.000	0.7806	0.5350	1
489	534	-56.063	0.000	0.7631	0.4982	1
490	491	0.000	0.000	0.7174	0.5299	1
490	510	-27.048	0.000	0.7318	0.5819	1
490	524	-42.049	0.000	0.7447	0.5269	1
490	526	-42.057	0.000	0.7731	0.5718	1
491	500	-19.056	0.000	0.7033	0.5131	1
491	504	-26.052	0.000	0.7188	0.4906	1
491	513	-28.024	0.000	0.7041	0.4213	1
491	521	-41.064	0.000	0.7822	0.4800	1
491	524	-42.049	0.000	0.7382	0.4934	1
491	525	-42.049	0.000	0.7921	0.5606	1
491	526	-42.057	0.000	0.7039	0.4919	1
491	528	-44.079	0.000	0.7134	0.5111	1
491	532	-53.100	0.000	0.7375	0.5194	1
491	540	-69.095	0.000	0.7412	0.5182	1
491	557	-83.073	0.000	0.7262	0.5064	1
491	567	-112.101	0.000	0.7477	0.4549	1
492	493	-8.518	0.000	0.7059	0.7083	1
492	521	-39.532	0.000	0.7098	0.5534	1
492	527	-41.547	0.000	0.7143	0.5846	1
492	531	-47.501	0.000	0.7453	0.4752	1
492	547	-70.537	0.000	0.7185	0.6031	1
492	548	-70.537	0.000	0.7211	0.7024	1
492	550	-73.552	0.000	0.7327	0.6522	1
492	551	-73.552	0.000	0.7643	0.5984	1
492	562	-103.536	0.000	0.7162	0.6338	1
492	567	-110.569	0.000	0.7038	0.6150	1
492	676	-543.766	0.000	0.7113	0.6657	1
493	497	-4.002	0.000	0.7747	0.5431	1
493	499	-8.472	0.000	0.7658	0.6032	1
493	502	-14.991	0.000	0.7299	0.5785	1
493	504	-16.002	0.000	0.7078	0.4994	1
493	513	-17.974	0.000	0.7118	0.5845	1
493	521	-31.014	0.000	0.7797	0.5938	1
493	522	-31.014	0.000	0.7417	0.5951	1
493	524	-31.999	0.000	0.7051	0.5331	1
493	525	-31.999	0.000	0.7318	0.5055	1
493	529	-36.994	0.000	0.7181	0.4707	1
493	532	-43.050	0.000	0.7906	0.5084	1
493	533	-43.050	0.000	0.7248	0.5460	1
493	539	-59.045	0.000	0.7073	0.6758	1
493	540	-59.045	0.000	0.7642	0.5647	1
493	541	-59.045	0.000	0.7685	0.7463	1
493	542	-59.053	0.000	0.7965	0.6095	1
493	547	-62.019	0.000	0.7421	0.6529	1
493	551	-65.034	0.000	0.7447	0.5969	1
493	559	-88.048	0.000	0.7753	0.5792	1
493	564	-99.038	0.000	0.7049	0.3916	1
493	566	-101.065	0.000	0.7356	0.6240	1
493	567	-102.050	0.000	0.7793	0.6461	1
493	568	-102.050	0.000	0.7149	0.6787	1
493	573	-112.071	0.000	0.7502	0.5207	1
493	575	-114.032	0.000	0.7901	0.6380	1
493	577	-116.029	0.000	0.7750	0.5576	1
493	582	-126.014	0.000	0.7615	0.5417	1
493	584	-130.056	0.000	0.7670	0.5325	1
493	585	-130.081	0.000	0.7654	0.6196	1
493	587	-140.066	0.000	0.7531	0.5389	1
493	595	-171.083	0.000	0.7917	0.5870	1
493	596	-172.069	0.000	0.7662	0.5447	1
493	597	-183.070	0.000	0.7201	0.4807	1
493	609	-203.061	0.000	0.7506	0.7195	1
493	611	-213.094	0.000	0.7357	0.6103	1
493	613	-214.113	0.000	0.7455	0.6127	1
493	618	-230.144	0.000	0.7231	0.6547	1
493	622	-242.120	0.000	0.7428	0.5421	1
493	624	-253.112	0.000	0.7346	0.5834	1
493	626	-255.128	0.000	0.7068	0.5828	1
493	632	-282.152	0.000	0.7183	0.6783	1
493	636	-300.161	0.000	0.7337	0.6752	1
493	643	-326.190	0.000	0.7095	0.6672	1
493	650	-353.140	0.000	0.7061	0.5833	1
493	659	-383.186	0.000	0.7457	0.7211	1
494	495	-0.986	0.000	0.7835	0.3938	1
494	497	-3.986	0.000	0.7381	0.6656	1
494	502	-14.974	0.000	0.7702	0.6179	1
494	504	-15.986	0.000	0.8383	0.7390	1
494	505	-15.986	0.000	0.7665	0.6794	1
494	513	-17.957	0.000	0.7493	0.5995	1
494	521	-30.997	0.000	0.7568	0.7055	1
494	524	-31.982	0.000	0.7284	0.6353	1
494	525	-31.982	0.000	0.7833	0.6550	1
494	528	-34.012	0.000	0.8872	0.6443	1
494	529	-36.977	0.000	0.7039	0.5939	1
494	532	-43.033	0.000	0.8304	0.6886	1
494	538	-56.976	0.000	0.7492	0.5714	1
494	540	-59.028	0.000	0.7392	0.6951	1
494	541	-59.028	0.000	0.7200	0.5274	1
494	557	-73.007	0.000	0.7174	0.6506	1
494	559	-88.032	0.000	0.7314	0.6517	1
494	564	-99.022	0.000	0.7012	0.5265	1
494	566	-101.048	0.000	0.8708	0.7140	1
494	567	-102.034	0.000	0.7572	0.6554	1
494	573	-112.055	0.000	0.7612	0.6813	1
494	575	-114.016	0.000	0.7520	0.6175	1
494	577	-116.012	0.000	0.7665	0.6620	1
494	582	-125.998	0.000	0.7063	0.6130	1
494	584	-130.039	0.000	0.7256	0.6743	1
494	587	-140.050	0.000	0.7494	0.6513	1
494	597	-183.054	0.000	0.7496	0.6191	1
494	611	-213.077	0.000	0.7718	0.6402	1
494	626	-255.111	0.000	0.7047	0.5850	1
494	632	-282.136	0.000	0.7637	0.5902	1
495	497	-3.000	0.000	0.7369	0.4667	1
495	502	-13.988	0.000	0.7563	0.4088	1
495	528	-33.026	0.000	0.7520	0.4126	1
495	532	-42.047	0.000	0.7686	0.4664	1
495	566	-100.062	0.000	0.7053	0.3452	1
495	575	-113.030	0.000	0.7072	0.3441	1
495	577	-115.026	0.000	0.7019	0.3600	1
495	587	-139.064	0.000	0.7321	0.3776	1
496	534	-44.026	0.000	0.7888	0.5289	1
496	560	-88.052	0.000	0.7776	0.5129	1
497	521	-27.012	0.000	0.7139	0.6555	1
497	528	-30.026	0.000	0.7143	0.5908	1
497	532	-39.048	0.000	0.7455	0.6433	1
497	542	-55.050	0.000	0.7818	0.6861	1
497	575	-110.030	0.000	0.7136	0.5859	1
497	577	-112.027	0.000	0.7128	0.6178	1
497	587	-136.064	0.000	0.7172	0.6162	1
498	545	-56.072	0.000	0.8198	0.4966	1
498	546	-56.063	0.000	0.8019	0.5297	1
498	560	-84.093	0.000	0.7368	0.4312	1
499	504	-7.530	0.000	0.7314	0.5862	1
499	521	-22.542	0.000	0.7534	0.6374	1
499	525	-23.527	0.000	0.7239	0.5423	1
499	528	-25.556	0.000	0.7108	0.5055	1
499	529	-28.522	0.000	0.7406	0.5815	1
499	532	-34.578	0.000	0.7375	0.5487	1
499	540	-50.573	0.000	0.7213	0.6195	1
499	541	-50.573	0.000	0.7407	0.6269	1
499	547	-53.547	0.000	0.7231	0.6968	1
499	559	-79.576	0.000	0.7529	0.6274	1
499	566	-92.593	0.000	0.7348	0.6829	1
499	567	-93.578	0.000	0.7532	0.6870	1
499	573	-103.599	0.000	0.7061	0.5693	1
499	575	-105.560	0.000	0.7387	0.6838	1
499	577	-107.557	0.000	0.7381	0.6173	1
499	582	-117.542	0.000	0.7179	0.5811	1
499	584	-121.584	0.000	0.7409	0.5837	1
499	585	-121.609	0.000	0.7385	0.6848	1
499	609	-194.589	0.000	0.7098	0.6060	1
499	611	-204.622	0.000	0.7143	0.6635	1
499	624	-244.640	0.000	0.7110	0.6452	1
499	626	-246.656	0.000	0.7098	0.6380	1
499	636	-291.689	0.000	0.7052	0.6183	1
500	501	-2.065	0.000	0.8678	0.6694	1
500	537	-46.089	0.000	0.8052	0.5302	1
500	565	-90.115	0.000	0.8262	0.5682	1
500	588	-134.141	0.000	0.7791	0.5305	1
500	598	-178.168	0.000	0.7614	0.5265	1
500	619	-222.193	0.000	0.7435	0.4316	1
500	640	-310.245	0.000	0.7123	0.4663	1
501	515	-8.077	0.000	0.7081	0.6483	1
501	537	-44.025	0.000	0.8728	0.5087	1
501	565	-88.051	0.000	0.8399	0.5067	1
501	588	-132.076	0.000	0.8184	0.5051	1
501	589	-138.138	0.000	0.7791	0.5031	1
501	590	-138.139	0.000	0.7183	0.4352	1
501	598	-176.103	0.000	0.7850	0.4765	1
501	619	-220.128	0.000	0.8000	0.5116	1
501	621	-228.208	0.000	0.7202	0.5394	1
501	630	-264.154	0.000	0.7076	0.4025	1
501	640	-308.180	0.000	0.7339	0.4324	1
502	503	-1.011	0.000	0.7067	0.6060	1
502	504	-1.011	0.000	0.7050	0.5848	1
502	505	-1.011	0.000	0.7401	0.6747	1
502	510	-2.007	0.000	0.7005	0.5736	1
502	513	-2.983	0.000	0.8072	0.6818	1
502	521	-16.023	0.000	0.7647	0.6704	1
502	522	-16.023	0.000	0.7631	0.6628	1
502	524	-17.008	0.000	0.7118	0.6703	1
502	528	-19.038	0.000	0.7309	0.5091	1
502	532	-28.059	0.000	0.7371	0.5720	1
502	533	-28.059	0.000	0.7423	0.6766	1
502	538	-42.001	0.000	0.8210	0.6397	1
502	540	-44.054	0.000	0.7506	0.6509	1
502	541	-44.054	0.000	0.7257	0.5843	1
502	550	-50.043	0.000	0.7168	0.6035	1
502	551	-50.043	0.000	0.7074	0.6392	1
502	557	-58.033	0.000	0.7168	0.5888	1
502	566	-86.074	0.000	0.7061	0.6073	1
502	567	-87.060	0.000	0.7426	0.6427	1
502	575	-99.041	0.000	0.8063	0.6762	1
502	577	-101.038	0.000	0.7386	0.6455	1
502	582	-111.024	0.000	0.7469	0.6454	1
502	587	-125.076	0.000	0.7203	0.6139	1
502	597	-168.080	0.000	0.7675	0.5924	1
502	611	-198.103	0.000	0.7247	0.6057	1
502	632	-267.161	0.000	0.8063	0.6071	1
502	647	-327.116	0.000	0.7533	0.5501	1
502	650	-338.149	0.000	0.7518	0.6103	1
502	658	-366.179	0.000	0.7195	0.5714	1
502	659	-368.195	0.000	0.7042	0.4676	1
502	661	-368.210	0.000	0.7551	0.5401	1
503	513	-1.972	0.000	0.7006	0.5716	1
503	522	-15.013	0.000	0.7556	0.5759	1
503	538	-40.990	0.000	0.7505	0.6195	1
503	556	-57.022	0.000	0.7809	0.5840	1
503	557	-57.022	0.000	0.7629	0.6142	1
503	647	-326.105	0.000	0.7081	0.4760	1
504	505	0.000	0.000	0.7656	0.5509	1
504	513	-1.972	0.000	0.7143	0.5556	1
504	517	-4.004	0.000	0.7074	0.6637	1
504	521	-15.012	0.000	0.8179	0.6584	1
504	524	-15.997	0.000	0.7187	0.6110	1
504	525	-15.997	0.000	0.7999	0.6996	1
504	527	-17.027	0.000	0.7321	0.6102	1
504	528	-18.026	0.000	0.7601	0.6214	1
504	532	-27.048	0.000	0.7801	0.6615	1
504	540	-43.043	0.000	0.7952	0.6931	1
504	542	-43.051	0.000	0.7222	0.6714	1
504	547	-46.017	0.000	0.7428	0.6101	1
504	551	-49.032	0.000	0.7426	0.6150	1
504	552	-50.026	0.000	0.7827	0.6310	1
504	557	-57.021	0.000	0.7905	0.6670	1
504	559	-72.046	0.000	0.7056	0.6079	1
504	566	-85.063	0.000	0.7610	0.6185	1
504	567	-86.048	0.000	0.7928	0.6200	1
504	577	-100.027	0.000	0.7237	0.6405	1
504	585	-114.079	0.000	0.7221	0.5680	1
504	608	-186.064	0.000	0.7519	0.6123	1
504	611	-197.092	0.000	0.7016	0.5742	1
505	513	-1.972	0.000	0.7543	0.6675	1
505	521	-15.012	0.000	0.7488	0.6507	1
505	524	-15.997	0.000	0.7130	0.6732	1
505	532	-27.048	0.000	0.7002	0.5679	1
505	533	-27.048	0.000	0.7102	0.6510	1
505	538	-40.990	0.000	0.7434	0.5950	1
505	540	-43.043	0.000	0.7314	0.6132	1
505	552	-50.026	0.000	0.7357	0.6347	1
505	557	-57.021	0.000	0.7363	0.5889	1
505	567	-86.048	0.000	0.7395	0.6321	1
505	585	-114.079	0.000	0.7082	0.6236	1
505	608	-186.064	0.000	0.7280	0.6387	1
505	632	-266.150	0.000	0.7148	0.5632	1
506	507	-0.000	0.000	0.7854	0.5142	1
506	508	-0.002	0.000	0.7101	0.4440	1
506	519	-8.080	0.000	0.7576	0.3998	1
506	543	-44.027	0.000	0.8180	0.5558	1
506	553	-52.106	0.000	0.7615	0.3449	1
506	569	-88.052	0.000	0.7628	0.4908	1
506	574	-96.131	0.000	0.7739	0.4260	1
506	679	-537.245	0.000	0.7038	0.3124	1
507	508	-0.002	0.000	0.7046	0.4238	1
507	519	-8.080	0.000	0.7835	0.4181	1
507	543	-44.027	0.000	0.7949	0.5046	1
507	553	-52.105	0.000	0.7525	0.3326	1
507	569	-88.052	0.000	0.7629	0.4862	1
507	574	-96.131	0.000	0.7786	0.3860	1
508	543	-44.025	0.000	0.7273	0.5513	1
508	569	-88.051	0.000	0.7227	0.4264	1
510	541	-42.047	0.000	0.8025	0.5118	1
510	559	-71.051	0.000	0.7098	0.5741	1
510	575	-97.035	0.000	0.7210	0.5138	1
510	609	-186.064	0.000	0.7445	0.4663	1
510	610	-186.064	0.000	0.7205	0.4956	1
511	512	-0.000	0.000	0.8620	0.5942	1
511	534	-28.031	0.000	0.8385	0.5799	1
511	545	-44.036	0.000	0.8890	0.6792	1
511	546	-44.027	0.000	0.8753	0.6783	1
511	570	-88.052	0.000	0.8563	0.6469	1
511	571	-88.052	0.000	0.8510	0.6698	1
511	589	-132.077	0.000	0.8561	0.6215	1
511	590	-132.078	0.000	0.8556	0.6098	1
511	602	-176.102	0.000	0.7362	0.5192	1
511	603	-176.104	0.000	0.8091	0.5385	1
512	534	-28.031	0.000	0.8066	0.5479	1
512	545	-44.036	0.000	0.8630	0.6328	1
512	546	-44.026	0.000	0.9023	0.6920	1
512	570	-88.052	0.000	0.8186	0.5968	1
512	571	-88.052	0.000	0.8570	0.6532	1
512	589	-132.077	0.000	0.8474	0.6370	1
512	590	-132.078	0.000	0.8669	0.6491	1
512	603	-176.104	0.000	0.7497	0.4914	1
513	521	-13.040	0.000	0.7226	0.6215	1
513	522	-13.041	0.000	0.7160	0.6674	1
513	524	-14.025	0.000	0.7062	0.6127	1
513	526	-14.033	0.000	0.7057	0.5790	1
513	528	-16.055	0.000	0.7120	0.4876	1
513	532	-25.076	0.000	0.7119	0.5293	1
513	533	-25.076	0.000	0.7334	0.6700	1
513	538	-39.018	0.000	0.7555	0.5398	1
513	540	-41.071	0.000	0.7280	0.6096	1
513	541	-41.071	0.000	0.7481	0.6341	1
513	557	-55.050	0.000	0.7169	0.5390	1
513	567	-84.077	0.000	0.7513	0.6910	1
513	597	-165.097	0.000	0.7150	0.5382	1
513	611	-195.120	0.000	0.7114	0.6680	1
513	632	-264.179	0.000	0.7376	0.6146	1
513	647	-324.133	0.000	0.7106	0.5721	1
514	520	-8.079	0.000	0.8110	0.3469	1
514	523	-13.933	0.000	0.7963	0.3520	1
514	536	-31.943	0.000	0.7646	0.2906	1
514	554	-52.105	0.000	0.7973	0.3877	1
514	576	-96.131	0.000	0.8131	0.3298	1
514	578	-99.970	0.000	0.7864	0.2884	1
514	594	-140.157	0.000	0.8146	0.4554	1
515	537	-35.948	0.000	0.7108	0.4869	1
515	549	-44.027	0.000	0.9015	0.6577	1
515	572	-88.053	0.000	0.9223	0.7107	1
515	592	-132.079	0.000	0.9000	0.6108	1
515	604	-176.104	0.000	0.9026	0.6515	1
515	621	-220.131	0.000	0.8875	0.6947	1
515	633	-264.156	0.000	0.8232	0.5623	1
516	517	0.000	0.000	0.7049	0.5741	1
516	664	-374.151	0.000	0.7196	0.5143	1
517	521	-11.008	0.000	0.7040	0.6251	1
517	527	-13.023	0.000	0.7596	0.6412	1
517	535	-28.982	0.000	0.7340	0.6767	1
517	540	-39.039	0.000	0.7063	0.6944	1
517	547	-42.013	0.000	0.7255	0.6208	1
517	552	-46.022	0.000	0.7677	0.6546	1
517	557	-53.017	0.000	0.7473	0.6506	1
517	562	-75.012	0.000	0.7171	0.5296	1
517	567	-82.044	0.000	0.7233	0.6327	1
517	639	-298.154	0.000	0.7161	0.4575	1
517	664	-374.151	0.000	0.7054	0.4671	1
518	527	-9.049	0.000	0.7345	0.5272	1
518	531	-15.003	0.000	0.7062	0.5625	1
518	552	-42.048	0.000	0.7661	0.5662	1
518	561	-71.038	0.000	0.7073	0.3705	1
518	562	-71.038	0.000	0.7948	0.4724	1
519	543	-35.947	0.000	0.7772	0.3658	1
519	553	-44.026	0.000	0.8624	0.5857	1
519	569	-79.973	0.000	0.7685	0.4385	1
519	574	-88.052	0.000	0.8853	0.6782	1
520	523	-5.854	0.000	0.8897	0.5741	1
520	536	-23.864	0.000	0.8588	0.4907	1
520	554	-44.026	0.000	0.8852	0.5654	1
520	576	-88.052	0.000	0.9110	0.5626	1
520	578	-91.891	0.000	0.8684	0.4480	1
520	594	-132.079	0.000	0.8606	0.5357	1
521	524	-0.985	0.000	0.7411	0.6536	1
521	525	-0.985	0.000	0.7970	0.6463	1
521	527	-2.015	0.000	0.8364	0.7349	1
521	528	-3.015	0.000	0.7154	0.5193	1
521	529	-5.980	0.000	0.7086	0.6005	1
521	531	-7.969	0.000	0.7184	0.5771	1
521	532	-12.036	0.000	0.8150	0.6528	1
521	535	-17.974	0.000	0.7635	0.6710	1
521	539	-28.031	0.000	0.7701	0.6326	1
521	540	-28.031	0.000	0.8757	0.7388	1
521	542	-28.039	0.000	0.7494	0.7236	1
521	547	-31.005	0.000	0.8129	0.7291	1
521	548	-31.005	0.000	0.7276	0.6178	1
521	550	-34.020	0.000	0.7214	0.6015	1
521	551	-34.020	0.000	0.8435	0.7495	1
521	556	-42.009	0.000	0.7430	0.6297	1
521	557	-42.009	0.000	0.8147	0.6674	1
521	559	-57.034	0.000	0.7251	0.6635	1
521	564	-68.025	0.000	0.7146	0.5156	1
521	566	-70.051	0.000	0.7276	0.6619	1
521	567	-71.036	0.000	0.8630	0.7459	1
521	568	-71.036	0.000	0.7660	0.6306	1
521	573	-81.057	0.000	0.7257	0.6281	1
521	575	-83.018	0.000	0.7682	0.6870	1
521	577	-85.015	0.000	0.7549	0.6745	1
521	580	-89.047	0.000	0.7057	0.7028	1
521	582	-95.000	0.000	0.7897	0.6821	1
521	584	-99.042	0.000	0.7175	0.6269	1
521	585	-99.067	0.000	0.8127	0.7042	1
521	586	-99.069	0.000	0.7040	0.5718	1
521	587	-109.053	0.000	0.7288	0.6337	1
521	595	-140.069	0.000	0.7017	0.6719	1
521	596	-141.055	0.000	0.7183	0.6679	1
521	597	-152.056	0.000	0.7324	0.5781	1
521	608	-171.052	0.000	0.8100	0.7158	1
521	609	-172.047	0.000	0.7205	0.5907	1
521	611	-182.080	0.000	0.7091	0.6254	1
521	613	-183.099	0.000	0.7667	0.6958	1
521	618	-199.130	0.000	0.7564	0.6433	1
521	622	-211.106	0.000	0.7230	0.6554	1
521	632	-251.138	0.000	0.7463	0.6044	1
521	650	-322.126	0.000	0.7195	0.6069	1
522	538	-25.978	0.000	0.7130	0.5029	1
522	541	-28.031	0.000	0.7251	0.6104	1
522	551	-34.020	0.000	0.7007	0.6677	1
522	556	-42.009	0.000	0.7329	0.6126	1
522	557	-42.009	0.000	0.7512	0.5905	1
522	567	-71.036	0.000	0.8003	0.7387	1
522	568	-71.036	0.000	0.7490	0.6719	1
522	575	-83.018	0.000	0.7149	0.6936	1
522	582	-95.000	0.000	0.7033	0.6013	1
522	585	-99.067	0.000	0.7312	0.6959	1
522	613	-183.098	0.000	0.7255	0.6722	1
522	650	-322.126	0.000	0.7001	0.6150	1
523	536	-18.009	0.000	0.8690	0.5235	1
523	554	-38.172	0.000	0.8669	0.4866	1
523	576	-82.198	0.000	0.8919	0.5140	1
523	578	-86.037	0.000	0.8824	0.5036	1
523	594	-126.224	0.000	0.8243	0.4589	1
524	525	0.000	0.000	0.7127	0.5169	1
524	532	-11.051	0.000	0.7134	0.5989	1
524	540	-27.046	0.000	0.7018	0.6250	1
524	541	-27.046	0.000	0.7429	0.5433	1
524	564	-67.040	0.000	0.7190	0.5320	1
524	566	-69.066	0.000	0.7298	0.6150	1
524	567	-70.052	0.000	0.7263	0.6164	1
524	585	-98.082	0.000	0.7044	0.5915	1
525	528	-2.030	0.000	0.7491	0.6085	1
525	529	-4.995	0.000	0.7196	0.6114	1
525	532	-11.051	0.000	0.7876	0.6852	1
525	540	-27.046	0.000	0.7751	0.6705	1
525	541	-27.046	0.000	0.7086	0.4730	1
525	542	-27.054	0.000	0.7310	0.6814	1
525	547	-30.021	0.000	0.7067	0.5856	1
525	551	-33.035	0.000	0.7436	0.6534	1
525	557	-41.025	0.000	0.7058	0.6279	1
525	559	-56.050	0.000	0.7520	0.6079	1
525	564	-67.040	0.000	0.7080	0.5669	1
525	566	-69.066	0.000	0.8066	0.6175	1
525	567	-70.052	0.000	0.7843	0.6279	1
525	573	-80.073	0.000	0.7408	0.6631	1
525	575	-82.033	0.000	0.7582	0.5970	1
525	577	-84.030	0.000	0.7486	0.6141	1
525	582	-94.016	0.000	0.7373	0.6043	1
525	584	-98.057	0.000	0.7084	0.5802	1
525	585	-98.082	0.000	0.7387	0.5920	1
525	587	-108.068	0.000	0.7224	0.5841	1
525	611	-181.095	0.000	0.7281	0.5602	1
526	541	-27.038	0.000	0.7306	0.4926	1
527	531	-5.954	0.000	0.7861	0.5490	1
527	535	-15.959	0.000	0.7913	0.6299	1
527	539	-26.016	0.000	0.7025	0.6645	1
527	540	-26.016	0.000	0.8111	0.7112	1
527	542	-26.024	0.000	0.7820	0.7602	1
527	544	-28.031	0.000	0.7673	0.7747	1
527	547	-28.990	0.000	0.7978	0.7861	1
527	548	-28.990	0.000	0.7095	0.6955	1
527	552	-32.999	0.000	0.7816	0.7398	1
527	562	-61.989	0.000	0.7732	0.7271	1
527	567	-69.021	0.000	0.7769	0.7763	1
527	579	-87.032	0.000	0.7219	0.6485	1
527	580	-87.032	0.000	0.8602	0.7159	1
527	585	-97.052	0.000	0.8023	0.7474	1
527	600	-157.074	0.000	0.7153	0.6813	1
527	601	-157.074	0.000	0.8192	0.7708	1
527	608	-169.037	0.000	0.7377	0.6605	1
527	616	-187.063	0.000	0.7259	0.6390	1
528	529	-2.965	0.000	0.7182	0.5434	1
528	532	-9.021	0.000	0.7861	0.6128	1
528	540	-25.016	0.000	0.7101	0.5669	1
528	559	-54.020	0.000	0.7017	0.5051	1
528	566	-67.036	0.000	0.8054	0.5429	1
528	567	-68.022	0.000	0.7193	0.5095	1
528	573	-78.043	0.000	0.7224	0.5717	1
528	575	-80.004	0.000	0.7219	0.4785	1
528	577	-82.000	0.000	0.7510	0.5421	1
528	587	-106.038	0.000	0.7100	0.4883	1
528	611	-179.065	0.000	0.7190	0.4927	1
528	632	-248.124	0.000	0.7095	0.4333	1
529	551	-28.040	0.000	0.7068	0.5880	1
529	559	-51.055	0.000	0.7298	0.6037	1
529	566	-64.071	0.000	0.7232	0.5562	1
529	567	-65.057	0.000	0.7029	0.5729	1
529	575	-77.039	0.000	0.7617	0.6030	1
529	577	-79.035	0.000	0.7414	0.5976	1
529	582	-89.021	0.000	0.7025	0.5711	1
529	609	-166.067	0.000	0.7091	0.4985	1
531	535	-10.005	0.000	0.7920	0.6352	1
531	547	-23.037	0.000	0.7360	0.5539	1
531	551	-26.051	0.000	0.7304	0.5988	1
531	552	-27.045	0.000	0.7492	0.5620	1
531	562	-56.035	0.000	0.7662	0.4924	1
531	567	-63.068	0.000	0.7113	0.5520	1
531	580	-81.079	0.000	0.7381	0.5661	1
532	540	-15.995	0.000	0.8099	0.6690	1
532	541	-15.995	0.000	0.7198	0.4797	1
532	542	-16.003	0.000	0.7762	0.6843	1
532	547	-18.969	0.000	0.7584	0.6076	1
532	551	-21.984	0.000	0.7330	0.6110	1
532	557	-29.973	0.000	0.7286	0.6507	1
532	559	-44.998	0.000	0.7604	0.6071	1
532	564	-55.989	0.000	0.7181	0.5761	1
532	566	-58.015	0.000	0.7965	0.5970	1
532	567	-59.000	0.000	0.8016	0.6133	1
532	573	-69.021	0.000	0.7896	0.6869	1
532	575	-70.982	0.000	0.7921	0.6047	1
532	577	-72.979	0.000	0.7924	0.6337	1
532	582	-82.964	0.000	0.7570	0.6069	1
532	584	-87.006	0.000	0.7500	0.6253	1
532	585	-87.031	0.000	0.7859	0.6088	1
532	587	-97.017	0.000	0.7863	0.6202	1
532	596	-129.019	0.000	0.7027	0.5954	1
532	597	-140.020	0.000	0.7446	0.6199	1
532	609	-160.011	0.000	0.7076	0.4862	1
532	611	-170.044	0.000	0.7566	0.5804	1
532	613	-171.063	0.000	0.7001	0.5510	1
532	622	-199.070	0.000	0.7041	0.5781	1
532	624	-210.062	0.000	0.7030	0.5220	1
532	626	-212.078	0.000	0.7165	0.5129	1
532	632	-239.102	0.000	0.7524	0.5133	1
533	539	-15.995	0.000	0.7467	0.6612	1
533	540	-15.995	0.000	0.7243	0.6029	1
533	541	-15.995	0.000	0.7046	0.5731	1
533	573	-69.021	0.000	0.7386	0.6251	1
533	575	-70.982	0.000	0.7149	0.6343	1
533	587	-97.017	0.000	0.7247	0.6163	1
533	632	-239.102	0.000	0.7371	0.5832	1
534	560	-44.026	0.000	0.7698	0.4973	1
535	540	-10.057	0.000	0.7321	0.6865	1
535	547	-13.031	0.000	0.7712	0.6465	1
535	552	-17.040	0.000	0.7126	0.5866	1
535	557	-24.035	0.000	0.7110	0.6572	1
535	562	-46.030	0.000	0.7533	0.5582	1
535	567	-53.063	0.000	0.7515	0.6312	1
535	580	-71.074	0.000	0.7712	0.6590	1
535	585	-81.093	0.000	0.7248	0.5988	1
535	608	-153.078	0.000	0.7158	0.6243	1
536	554	-20.162	0.000	0.8370	0.4631	1
536	576	-64.188	0.000	0.8733	0.4717	1
536	578	-68.028	0.000	0.8772	0.4919	1
536	594	-108.215	0.000	0.8270	0.4516	1
537	565	-44.026	0.000	0.8906	0.6570	1
537	588	-88.052	0.000	0.8665	0.6131	1
537	598	-132.078	0.000	0.8236	0.5773	1
537	602	-138.139	0.000	0.7326	0.3552	1
537	603	-138.141	0.000	0.7621	0.3110	1
537	619	-176.103	0.000	0.8387	0.4097	1
537	621	-184.183	0.000	0.7032	0.3696	1
537	630	-220.129	0.000	0.7555	0.4873	1
537	640	-264.156	0.000	0.7637	0.4605	1
538	556	-16.031	0.000	0.7420	0.5581	1
538	557	-16.031	0.000	0.7145	0.5594	1
538	631	-225.160	0.000	0.7018	0.4721	1
538	632	-225.160	0.000	0.7310	0.4638	1
538	647	-285.115	0.000	0.7114	0.4248	1
539	540	0.000	0.000	0.7590	0.5587	1
539	556	-13.978	0.000	0.7697	0.6335	1
539	557	-13.978	0.000	0.7177	0.5668	1
539	567	-43.005	0.000	0.7029	0.6544	1
539	568	-43.005	0.000	0.8246	0.7613	1
539	585	-71.036	0.000	0.7498	0.6654	1
539	586	-71.037	0.000	0.7906	0.6890	1
539	607	-143.021	0.000	0.7410	0.6641	1
540	544	-2.015	0.000	0.8060	0.6988	1
540	547	-2.974	0.000	0.7464	0.6506	1
540	556	-13.978	0.000	0.7199	0.6137	1
540	557	-13.978	0.000	0.8058	0.7057	1
540	559	-29.003	0.000	0.7274	0.6628	1
540	564	-39.994	0.000	0.7292	0.5651	1
540	566	-42.020	0.000	0.7495	0.6691	1
540	567	-43.005	0.000	0.8348	0.6945	1
540	568	-43.005	0.000	0.7278	0.5804	1
540	573	-53.026	0.000	0.7317	0.7088	1
540	575	-54.987	0.000	0.7616	0.6542	1
540	577	-56.984	0.000	0.7349	0.6320	1
540	580	-61.016	0.000	0.7156	0.6965	1
540	582	-66.969	0.000	0.7188	0.6223	1
540	585	-71.036	0.000	0.8518	0.7060	1
540	587	-81.022	0.000	0.7842	0.6941	1
540	597	-124.025	0.000	0.7162	0.6117	1
540	608	-143.021	0.000	0.7854	0.7051	1
540	622	-183.075	0.000	0.7038	0.6604	1
541	559	-29.003	0.000	0.7437	0.5754	1
541	564	-39.994	0.000	0.7044	0.4056	1
541	566	-42.020	0.000	0.7642	0.6209	1
541	567	-43.005	0.000	0.7166	0.6054	1
541	568	-43.005	0.000	0.7109	0.7031	1
541	573	-53.026	0.000	0.7306	0.5297	1
541	575	-54.987	0.000	0.7579	0.6257	1
541	584	-71.011	0.000	0.7402	0.5433	1
541	585	-71.036	0.000	0.7108	0.6009	1
541	586	-71.038	0.000	0.7095	0.7324	1
541	587	-81.022	0.000	0.7158	0.5188	1
541	609	-144.016	0.000	0.7434	0.7260	1
541	610	-144.016	0.000	0.7043	0.7094	1
541	611	-154.049	0.000	0.8140	0.6580	1
541	612	-154.049	0.000	0.7019	0.6979	1
541	613	-155.068	0.000	0.7196	0.6172	1
541	625	-196.084	0.000	0.7089	0.7033	1
541	626	-196.083	0.000	0.7283	0.6092	1
541	627	-199.059	0.000	0.7337	0.6766	1
541	632	-223.107	0.000	0.7068	0.6788	1
541	647	-283.062	0.000	0.7139	0.6616	1
541	650	-294.095	0.000	0.7156	0.6265	1
541	659	-324.141	0.000	0.7252	0.6522	1
541	661	-324.156	0.000	0.7015	0.6833	1
541	663	-326.085	0.000	0.7087	0.6771	1
541	668	-379.184	0.000	0.7349	0.6553	1
541	669	-385.122	0.000	0.7054	0.6453	1
542	544	-2.008	0.000	0.8826	0.8046	1
542	547	-2.966	0.000	0.7707	0.7211	1
542	557	-13.970	0.000	0.7996	0.6549	1
542	564	-39.986	0.000	0.7013	0.5593	1
542	567	-42.998	0.000	0.7651	0.7375	1
542	575	-54.979	0.000	0.7663	0.6922	1
542	580	-61.009	0.000	0.7371	0.7602	1
542	585	-71.028	0.000	0.7661	0.6937	1
542	595	-112.030	0.000	0.7156	0.7225	1
542	596	-113.016	0.000	0.7050	0.6864	1
542	601	-131.050	0.000	0.8279	0.7329	1
542	611	-154.041	0.000	0.7090	0.6932	1
542	618	-171.091	0.000	0.7074	0.6829	1
542	624	-194.059	0.000	0.7113	0.6737	1
543	553	-8.079	0.000	0.7683	0.3238	1
543	569	-44.026	0.000	0.7496	0.4150	1
543	574	-52.105	0.000	0.7985	0.3814	1
544	547	-0.959	0.000	0.7119	0.7389	1
544	580	-59.001	0.000	0.7165	0.7168	1
544	600	-129.043	0.000	0.7705	0.6475	1
544	601	-129.043	0.000	0.8928	0.7678	1
545	546	0.009	0.000	0.8381	0.6274	1
545	560	-28.021	0.000	0.8377	0.6350	1
545	570	-44.016	0.000	0.8532	0.6236	1
545	571	-44.016	0.000	0.8336	0.6083	1
545	589	-88.041	0.000	0.8822	0.6305	1
545	590	-88.042	0.000	0.8535	0.5901	1
545	602	-132.066	0.000	0.7528	0.5238	1
545	603	-132.069	0.000	0.8411	0.5592	1
546	560	-28.030	0.000	0.7962	0.5782	1
546	570	-44.025	0.000	0.8496	0.6509	1
546	571	-44.025	0.000	0.9089	0.7297	1
546	589	-88.050	0.000	0.8559	0.6652	1
546	590	-88.051	0.000	0.8882	0.6914	1
546	602	-132.076	0.000	0.7388	0.5306	1
546	603	-132.078	0.000	0.7858	0.5990	1
547	548	0.000	0.000	0.7277	0.5799	1
547	551	-3.015	0.000	0.7512	0.7305	1
547	557	-11.004	0.000	0.7010	0.5757	1
547	559	-26.029	0.000	0.7202	0.6693	1
547	562	-32.998	0.000	0.7198	0.6774	1
547	567	-40.031	0.000	0.7924	0.7589	1
547	568	-40.031	0.000	0.7025	0.5952	1
547	575	-52.013	0.000	0.7007	0.7313	1
547	577	-54.010	0.000	0.7100	0.6535	1
547	580	-58.042	0.000	0.7367	0.6938	1
547	582	-63.995	0.000	0.7094	0.6321	1
547	585	-68.062	0.000	0.7872	0.7358	1
547	601	-128.084	0.000	0.7145	0.7142	1
547	608	-140.047	0.000	0.7168	0.6457	1
547	609	-141.042	0.000	0.7046	0.6753	1
547	613	-152.093	0.000	0.7012	0.6947	1
547	618	-168.125	0.000	0.8069	0.7296	1
548	567	-40.032	0.000	0.7067	0.6419	1
548	585	-68.062	0.000	0.7089	0.6233	1
548	586	-68.064	0.000	0.7060	0.6862	1
548	617	-168.127	0.000	0.7539	0.7171	1
548	618	-168.125	0.000	0.7903	0.7053	1
549	572	-44.026	0.000	0.8882	0.7165	1
549	592	-88.052	0.000	0.8731	0.6436	1
549	604	-132.078	0.000	0.8548	0.6346	1
549	621	-176.104	0.000	0.8630	0.6436	1
549	633	-220.130	0.000	0.7849	0.5460	1
550	551	0.000	0.000	0.7439	0.5480	1
550	617	-165.111	0.000	0.7613	0.6473	1
550	618	-165.110	0.000	0.7496	0.6527	1
551	562	-29.984	0.000	0.7203	0.6349	1
551	567	-37.016	0.000	0.7502	0.7405	1
551	575	-48.998	0.000	0.7269	0.7130	1
551	582	-60.980	0.000	0.7242	0.6620	1
551	613	-149.079	0.000	0.7339	0.6728	1
551	618	-165.110	0.000	0.7630	0.6590	1
552	562	-28.990	0.000	0.7411	0.6307	1
552	615	-154.064	0.000	0.7241	0.5806	1
552	616	-154.064	0.000	0.8357	0.6799	1
553	569	-35.947	0.000	0.7496	0.3767	1
553	574	-44.026	0.000	0.8630	0.5992	1
554	576	-44.026	0.000	0.8941	0.5033	1
554	578	-47.866	0.000	0.8673	0.4590	1
554	594	-88.053	0.000	0.8557	0.5610	1
555	563	-26.006	0.000	0.8595	0.7059	1
556	568	-29.027	0.000	0.7398	0.5853	1
556	607	-129.043	0.000	0.7667	0.6218	1
556	608	-129.043	0.000	0.7557	0.6038	1
557	567	-29.027	0.000	0.7856	0.6124	1
557	568	-29.027	0.000	0.7221	0.5562	1
557	577	-43.006	0.000	0.7048	0.6160	1
557	582	-52.991	0.000	0.7197	0.6414	1
557	585	-57.058	0.000	0.7437	0.6015	1
557	608	-129.043	0.000	0.8254	0.6736	1
558	565	-16.012	0.000	0.7095	0.5832	1
558	583	-44.026	0.000	0.7418	0.5858	1
558	591	-66.539	0.000	0.7215	0.6037	1
559	566	-13.016	0.000	0.7764	0.6712	1
559	567	-14.002	0.000	0.7520	0.6952	1
559	573	-24.023	0.000	0.7245	0.6228	1
559	575	-25.984	0.000	0.7945	0.6739	1
559	577	-27.981	0.000	0.7690	0.6871	1
559	582	-37.966	0.000	0.7509	0.6408	1
559	584	-42.008	0.000	0.7898	0.6653	1
559	585	-42.033	0.000	0.7378	0.6834	1
559	587	-52.018	0.000	0.7235	0.6322	1
559	597	-95.022	0.000	0.7198	0.5746	1
559	609	-115.013	0.000	0.7423	0.5930	1
559	611	-125.046	0.000	0.7579	0.6584	1
559	613	-126.064	0.000	0.7480	0.6676	1
559	627	-170.056	0.000	0.7573	0.5940	1
559	632	-194.104	0.000	0.7013	0.5759	1
559	636	-212.113	0.000	0.7169	0.6019	1
561	562	0.000	0.000	0.7773	0.5773	1
561	593	-57.013	0.000	0.7703	0.5602	1
562	567	-7.033	0.000	0.7428	0.6764	1
562	580	-25.044	0.000	0.7358	0.6135	1
562	593	-57.013	0.000	0.7171	0.5862	1
562	616	-125.075	0.000	0.7184	0.6977	1
564	566	-2.026	0.000	0.7199	0.4932	1
564	567	-3.012	0.000	0.7446	0.5150	1
564	585	-31.043	0.000	0.7099	0.4831	1
564	624	-154.073	0.000	0.7240	0.4959	1
565	583	-28.013	0.000	0.7053	0.5230	1
565	588	-44.026	0.000	0.8605	0.6424	1
565	598	-88.052	0.000	0.8310	0.6412	1
565	619	-132.077	0.000	0.8236	0.4256	1
565	630	-176.103	0.000	0.7613	0.5269	1
565	640	-220.130	0.000	0.7645	0.5046	1
566	567	-0.986	0.000	0.7605	0.7338	1
566	573	-11.007	0.000	0.7756	0.6367	1
566	575	-12.967	0.000	0.7912	0.7281	1
566	577	-14.964	0.000	0.7679	0.6694	1
566	582	-24.950	0.000	0.7528	0.6488	1
566	584	-28.991	0.000	0.7429	0.5999	1
566	587	-39.002	0.000	0.7532	0.6301	1
566	596	-71.005	0.000	0.7011	0.6645	1
566	597	-82.006	0.000	0.7357	0.5494	1
566	608	-101.001	0.000	0.7152	0.6771	1
566	609	-101.996	0.000	0.7222	0.6290	1
566	611	-112.029	0.000	0.8114	0.7570	1
566	624	-152.047	0.000	0.7001	0.6806	1
566	626	-154.063	0.000	0.7745	0.7204	1
566	632	-181.088	0.000	0.7269	0.6575	1
566	642	-225.114	0.000	0.7183	0.6041	1
566	647	-241.042	0.000	0.7238	0.6263	1
566	661	-282.136	0.000	0.7628	0.6400	1
567	568	0.000	0.000	0.7103	0.6049	1
567	573	-10.021	0.000	0.7412	0.6089	1
567	575	-11.982	0.000	0.7814	0.7470	1
567	577	-13.979	0.000	0.7843	0.6916	1
567	580	-18.011	0.000	0.7330	0.6877	1
567	582	-23.964	0.000	0.7663	0.6677	1
567	584	-28.005	0.000	0.7339	0.6229	1
567	585	-28.031	0.000	0.8321	0.7674	1
567	587	-38.016	0.000	0.7406	0.6499	1
567	595	-69.033	0.000	0.7258	0.6606	1
567	596	-70.019	0.000	0.7460	0.6590	1
567	597	-81.020	0.000	0.7387	0.5667	1
567	608	-100.016	0.000	0.7855	0.6897	1
567	609	-101.011	0.000	0.7972	0.6909	1
567	611	-111.044	0.000	0.7446	0.7067	1
567	613	-112.062	0.000	0.7989	0.7543	1
567	618	-128.094	0.000	0.7438	0.7093	1
567	622	-140.070	0.000	0.7356	0.6529	1
567	624	-151.062	0.000	0.7204	0.6711	1
567	626	-153.077	0.000	0.7410	0.6698	1
567	627	-156.054	0.000	0.7308	0.6641	1
567	632	-180.102	0.000	0.7612	0.6676	1
567	636	-198.111	0.000	0.7219	0.6679	1
567	645	-228.110	0.000	0.7268	0.6558	1
567	647	-240.057	0.000	0.7429	0.6265	1
567	650	-251.089	0.000	0.7750	0.7169	1
567	658	-279.120	0.000	0.7013	0.6334	1
567	659	-281.136	0.000	0.7297	0.5549	1
567	661	-281.150	0.000	0.7186	0.6132	1
567	663	-283.080	0.000	0.7255	0.6009	1
568	585	-28.031	0.000	0.7358	0.6441	1
568	586	-28.032	0.000	0.7963	0.7133	1
568	607	-100.016	0.000	0.7415	0.6432	1
568	608	-100.016	0.000	0.7108	0.5699	1
568	609	-101.011	0.000	0.7085	0.6727	1
568	613	-112.062	0.000	0.7386	0.6530	1
568	650	-251.089	0.000	0.7029	0.6414	1
568	659	-281.136	0.000	0.7085	0.5881	1
568	663	-283.080	0.000	0.7772	0.6563	1
569	574	-8.079	0.000	0.7670	0.4176	1
570	571	0.000	0.000	0.8300	0.5857	1
570	589	-44.025	0.000	0.8742	0.6451	1
570	590	-44.026	0.000	0.8470	0.5941	1
570	602	-88.050	0.000	0.7856	0.5446	1
570	603	-88.052	0.000	0.8183	0.5411	1
571	589	-44.025	0.000	0.8453	0.5722	1
571	590	-44.026	0.000	0.8522	0.5666	1
571	602	-88.050	0.000	0.7378	0.5019	1
571	603	-88.052	0.000	0.7717	0.4969	1
572	592	-44.026	0.000	0.9220	0.7103	1
572	604	-88.052	0.000	0.9182	0.7369	1
572	621	-132.078	0.000	0.8741	0.6956	1
572	633	-176.104	0.000	0.8050	0.5751	1
573	575	-1.961	0.000	0.7669	0.6277	1
573	577	-3.958	0.000	0.7561	0.6650	1
573	582	-13.943	0.000	0.7265	0.6398	1
573	584	-17.985	0.000	0.7006	0.6197	1
573	585	-18.010	0.000	0.7292	0.6138	1
573	587	-27.995	0.000	0.7244	0.6362	1
573	595	-59.012	0.000	0.7133	0.6426	1
573	596	-59.998	0.000	0.7471	0.6654	1
573	597	-70.999	0.000	0.7336	0.6105	1
573	609	-90.990	0.000	0.7036	0.5112	1
573	611	-101.023	0.000	0.7524	0.6026	1
573	613	-102.041	0.000	0.7169	0.5927	1
573	626	-143.056	0.000	0.7448	0.5729	1
573	627	-146.033	0.000	0.7079	0.5223	1
573	632	-170.081	0.000	0.7562	0.5650	1
573	650	-241.069	0.000	0.7010	0.5475	1
573	659	-271.115	0.000	0.7229	0.4569	1
573	661	-271.129	0.000	0.7169	0.4892	1
575	577	-1.997	0.000	0.8310	0.6974	1
575	582	-11.982	0.000	0.7733	0.6428	1
575	584	-16.024	0.000	0.7411	0.5943	1
575	585	-16.049	0.000	0.7852	0.7430	1
575	587	-26.034	0.000	0.7679	0.6308	1
575	595	-57.051	0.000	0.7359	0.6611	1
575	596	-58.037	0.000	0.7245	0.6272	1
575	597	-69.038	0.000	0.7336	0.5289	1
575	609	-89.029	0.000	0.8125	0.6842	1
575	611	-99.062	0.000	0.7794	0.7044	1
575	613	-100.081	0.000	0.7783	0.7263	1
575	618	-116.112	0.000	0.7065	0.6576	1
575	622	-128.088	0.000	0.7146	0.6169	1
575	624	-139.080	0.000	0.7492	0.7067	1
575	626	-141.096	0.000	0.7121	0.6551	1
575	627	-144.072	0.000	0.7963	0.6876	1
575	632	-168.120	0.000	0.8010	0.6927	1
575	637	-188.061	0.000	0.7190	0.6362	1
575	647	-228.075	0.000	0.7000	0.5817	1
575	650	-239.108	0.000	0.7308	0.6745	1
575	652	-255.103	0.000	0.7169	0.6613	1
575	658	-267.138	0.000	0.7173	0.6604	1
575	659	-269.154	0.000	0.7243	0.5491	1
575	661	-269.168	0.000	0.7592	0.6247	1
575	668	-324.196	0.000	0.7092	0.5402	1
576	578	-3.839	0.000	0.8848	0.4934	1
576	594	-44.026	0.000	0.8682	0.4847	1
577	582	-9.985	0.000	0.7509	0.6504	1
577	584	-14.027	0.000	0.7407	0.6175	1
577	585	-14.052	0.000	0.7718	0.6860	1
577	587	-24.038	0.000	0.7694	0.6457	1
577	595	-55.054	0.000	0.7158	0.6689	1
577	596	-56.040	0.000	0.7078	0.6516	1
577	597	-67.041	0.000	0.7133	0.5479	1
577	609	-87.032	0.000	0.7837	0.6097	1
577	611	-97.065	0.000	0.7683	0.6530	1
577	613	-98.084	0.000	0.7216	0.6268	1
577	622	-126.091	0.000	0.7009	0.6295	1
577	626	-139.099	0.000	0.7204	0.6099	1
577	627	-142.075	0.000	0.7493	0.6051	1
577	632	-166.123	0.000	0.7501	0.5898	1
577	637	-186.065	0.000	0.7106	0.6190	1
578	594	-40.187	0.000	0.8229	0.3874	1
580	585	-10.020	0.000	0.7478	0.6772	1
580	601	-70.042	0.000	0.7595	0.6761	1
580	608	-82.005	0.000	0.7042	0.6687	1
580	616	-100.031	0.000	0.7152	0.5576	1
580	645	-210.099	0.000	0.7128	0.5766	1
582	584	-4.042	0.000	0.7419	0.6516	1
582	585	-4.067	0.000	0.7392	0.6409	1
582	587	-14.052	0.000	0.7484	0.6382	1
582	595	-45.069	0.000	0.7264	0.6848	1
582	596	-46.055	0.000	0.7204	0.6636	1
582	597	-57.056	0.000	0.7411	0.5976	1
582	609	-77.047	0.000	0.7391	0.5625	1
582	611	-87.080	0.000	0.7575	0.6262	1
582	627	-132.090	0.000	0.7070	0.5428	1
582	632	-156.138	0.000	0.7405	0.5774	1
582	647	-216.093	0.000	0.7067	0.5108	1
582	650	-227.125	0.000	0.7240	0.5840	1
582	658	-255.156	0.000	0.7105	0.5812	1
582	661	-257.186	0.000	0.7004	0.5043	1
583	588	-16.012	0.000	0.7016	0.4927	1
583	591	-22.513	0.000	0.7288	0.5706	1
584	587	-10.011	0.000	0.7108	0.6121	1
584	609	-73.005	0.000	0.7378	0.5468	1
584	611	-83.038	0.000	0.7517	0.6245	1
584	613	-84.057	0.000	0.7220	0.6115	1
584	627	-128.048	0.000	0.7161	0.5326	1
584	636	-170.106	0.000	0.7166	0.5624	1
585	587	-9.985	0.000	0.7713	0.6672	1
585	595	-41.002	0.000	0.7483	0.6745	1
585	596	-41.988	0.000	0.7541	0.6597	1
585	597	-52.989	0.000	0.7211	0.5539	1
585	601	-60.022	0.000	0.7089	0.6970	1
585	608	-71.985	0.000	0.7629	0.6642	1
585	609	-72.980	0.000	0.7559	0.6579	1
585	611	-83.013	0.000	0.7398	0.6951	1
585	613	-84.032	0.000	0.7379	0.7124	1
585	618	-100.063	0.000	0.7404	0.6724	1
585	622	-112.039	0.000	0.7403	0.6435	1
585	624	-123.031	0.000	0.7142	0.6561	1
585	626	-125.047	0.000	0.7050	0.6480	1
585	627	-128.023	0.000	0.7106	0.6414	1
585	632	-152.071	0.000	0.7145	0.6371	1
585	636	-170.080	0.000	0.7248	0.6520	1
585	645	-200.080	0.000	0.7401	0.6452	1
585	647	-212.026	0.000	0.7006	0.5901	1
585	650	-223.059	0.000	0.7330	0.6832	1
585	652	-239.054	0.000	0.7030	0.6493	1
585	659	-253.105	0.000	0.7527	0.5482	1
585	661	-253.119	0.000	0.7194	0.6044	1
585	663	-255.049	0.000	0.7377	0.5935	1
585	671	-324.143	0.000	0.7014	0.5065	1
586	610	-72.979	0.000	0.7153	0.6888	1
586	659	-253.103	0.000	0.7328	0.6233	1
586	671	-324.142	0.000	0.7041	0.6028	1
587	595	-31.016	0.000	0.7100	0.6728	1
587	597	-43.004	0.000	0.7173	0.5666	1
587	611	-73.027	0.000	0.7366	0.6118	1
587	624	-113.045	0.000	0.7049	0.6370	1
587	632	-142.086	0.000	0.7247	0.5626	1
588	598	-44.027	0.000	0.8035	0.5875	1
588	619	-88.052	0.000	0.8260	0.4420	1
588	630	-132.078	0.000	0.7607	0.5443	1
588	640	-176.104	0.000	0.7520	0.5014	1
589	590	-0.001	0.000	0.8683	0.6111	1
589	602	-44.025	0.000	0.7813	0.5109	1
589	603	-44.028	0.000	0.8355	0.5835	1
590	602	-44.024	0.000	0.7417	0.4505	1
590	603	-44.026	0.000	0.7994	0.5318	1
592	604	-44.026	0.000	0.8926	0.7214	1
592	621	-88.052	0.000	0.8450	0.5784	1
592	633	-132.078	0.000	0.7995	0.5383	1
595	596	-0.986	0.000	0.8146	0.7195	1
595	597	-11.987	0.000	0.7047	0.6097	1
595	609	-31.978	0.000	0.7035	0.5580	1
595	611	-42.011	0.000	0.7261	0.6526	1
595	613	-43.030	0.000	0.7130	0.6442	1
595	618	-59.061	0.000	0.7209	0.6195	1
595	622	-71.037	0.000	0.7737	0.7075	1
595	624	-82.029	0.000	0.7536	0.6653	1
595	626	-84.045	0.000	0.7410	0.6102	1
595	632	-111.069	0.000	0.7510	0.6054	1
595	647	-171.024	0.000	0.7079	0.5428	1
595	659	-212.103	0.000	0.7091	0.4820	1
596	597	-11.001	0.000	0.7116	0.6149	1
596	608	-29.997	0.000	0.7143	0.6821	1
596	609	-30.992	0.000	0.7467	0.5977	1
596	611	-41.025	0.000	0.7272	0.6375	1
596	618	-58.075	0.000	0.7268	0.6077	1
596	622	-70.051	0.000	0.7560	0.6853	1
596	624	-81.043	0.000	0.7764	0.6572	1
596	626	-83.058	0.000	0.7900	0.6298	1
596	627	-86.035	0.000	0.7285	0.5935	1
596	632	-110.083	0.000	0.7258	0.5758	1
596	647	-170.038	0.000	0.7329	0.5499	1
596	659	-211.117	0.000	0.7028	0.4597	1
597	609	-19.991	0.000	0.7414	0.4885	1
597	611	-30.024	0.000	0.7592	0.5609	1
597	613	-31.042	0.000	0.7140	0.5488	1
597	622	-59.050	0.000	0.7266	0.6007	1
597	624	-70.042	0.000	0.7202	0.5674	1
597	626	-72.057	0.000	0.7072	0.5097	1
597	627	-75.034	0.000	0.7038	0.4841	1
597	632	-99.082	0.000	0.7603	0.5204	1
597	647	-159.037	0.000	0.7290	0.4724	1
597	650	-170.069	0.000	0.7267	0.5428	1
597	661	-200.130	0.000	0.7071	0.4436	1
598	619	-44.025	0.000	0.7768	0.4151	1
598	630	-88.051	0.000	0.7691	0.5561	1
598	640	-132.077	0.000	0.7366	0.5055	1
600	601	0.000	0.000	0.7820	0.6395	1
601	608	-11.963	0.000	0.7089	0.6630	1
601	616	-29.989	0.000	0.7031	0.6923	1
602	603	-0.002	0.000	0.7643	0.4566	1
604	621	-44.027	0.000	0.8746	0.6617	1
604	633	-88.052	0.000	0.8076	0.5842	1
605	613	-16.030	0.000	0.7518	0.4768	1
608	616	-18.026	0.000	0.7080	0.5688	1
608	626	-53.062	0.000	0.7132	0.6229	1
608	632	-80.086	0.000	0.7062	0.5867	1
608	645	-128.095	0.000	0.7075	0.5959	1
609	611	-10.033	0.000	0.7708	0.6560	1
609	613	-11.052	0.000	0.7689	0.6606	1
609	618	-27.083	0.000	0.7348	0.7007	1
609	622	-39.059	0.000	0.7370	0.5598	1
609	626	-52.067	0.000	0.7215	0.6524	1
609	627	-55.043	0.000	0.8268	0.7768	1
609	632	-79.091	0.000	0.7500	0.7248	1
609	637	-99.033	0.000	0.7312	0.5861	1
609	645	-127.100	0.000	0.7395	0.7641	1
609	647	-139.046	0.000	0.7454	0.7260	1
609	650	-150.079	0.000	0.7087	0.6303	1
609	652	-166.074	0.000	0.7004	0.6123	1
609	659	-180.125	0.000	0.7257	0.6571	1
609	661	-180.139	0.000	0.7367	0.7051	1
609	663	-182.069	0.000	0.7393	0.7090	1
609	668	-235.167	0.000	0.7629	0.6700	1
609	669	-241.106	0.000	0.7621	0.6766	1
609	671	-251.163	0.000	0.7097	0.6300	1
609	689	-421.231	0.000	0.7334	0.6024	1
610	689	-421.231	0.000	0.7211	0.5692	1
611	613	-1.019	0.000	0.7240	0.6872	1
611	624	-40.018	0.000	0.7027	0.6609	1
611	626	-42.034	0.000	0.7570	0.6954	1
611	627	-45.010	0.000	0.7948	0.6896	1
611	632	-69.058	0.000	0.7680	0.6680	1
611	637	-89.000	0.000	0.7048	0.6184	1
611	642	-113.084	0.000	0.7023	0.5818	1
611	647	-129.013	0.000	0.7520	0.6258	1
611	659	-170.092	0.000	0.7096	0.5305	1
611	661	-170.107	0.000	0.7583	0.6154	1
611	668	-225.135	0.000	0.7389	0.5527	1
611	669	-231.073	0.000	0.7114	0.5436	1
612	649	-140.046	0.000	0.7498	0.6717	1
612	651	-140.046	0.000	0.7316	0.6062	1
613	618	-16.031	0.000	0.7926	0.6900	1
613	622	-28.008	0.000	0.7206	0.6417	1
613	626	-41.015	0.000	0.7229	0.6923	1
613	627	-43.991	0.000	0.7414	0.6541	1
613	632	-68.040	0.000	0.7317	0.6374	1
613	636	-86.049	0.000	0.7182	0.6610	1
613	645	-116.048	0.000	0.7004	0.6360	1
613	650	-139.027	0.000	0.7437	0.6595	1
613	659	-169.073	0.000	0.7470	0.5596	1
613	661	-169.088	0.000	0.7187	0.5870	1
613	663	-171.018	0.000	0.7174	0.5890	1
613	668	-224.116	0.000	0.7148	0.5409	1
613	671	-240.112	0.000	0.7039	0.5283	1
615	616	0.000	0.000	0.8281	0.7077	1
616	664	-174.065	0.000	0.7174	0.7491	1
617	618	0.001	0.000	0.7319	0.6287	1
618	622	-11.976	0.000	0.7211	0.6139	1
618	626	-24.984	0.000	0.7176	0.6842	1
618	627	-27.960	0.000	0.7198	0.7194	1
618	632	-52.008	0.000	0.7585	0.7453	1
618	636	-70.017	0.000	0.7102	0.7170	1
618	645	-100.017	0.000	0.7258	0.7421	1
618	650	-122.996	0.000	0.7195	0.6862	1
618	652	-138.991	0.000	0.7041	0.6745	1
618	659	-153.042	0.000	0.7624	0.6376	1
618	661	-153.056	0.000	0.7340	0.6902	1
618	663	-154.986	0.000	0.7057	0.6333	1
618	668	-208.084	0.000	0.7113	0.6275	1
618	671	-224.080	0.000	0.7214	0.6238	1
619	621	-8.080	0.000	0.7337	0.5702	1
619	630	-44.026	0.000	0.7382	0.4078	1
619	640	-88.052	0.000	0.7496	0.4250	1
621	633	-44.025	0.000	0.8330	0.6191	1
622	627	-15.984	0.000	0.7109	0.5699	1
622	632	-40.032	0.000	0.7454	0.5957	1
622	642	-84.058	0.000	0.7381	0.6445	1
622	645	-88.041	0.000	0.7246	0.5861	1
622	647	-99.987	0.000	0.7132	0.5360	1
622	650	-111.020	0.000	0.7028	0.5933	1
622	652	-127.015	0.000	0.7178	0.6086	1
622	659	-141.066	0.000	0.7323	0.4849	1
622	663	-143.010	0.000	0.7064	0.5075	1
622	668	-196.108	0.000	0.7086	0.4699	1
622	671	-212.104	0.000	0.7269	0.4742	1
623	625	-2.017	0.000	0.7338	0.5701	1
623	657	-128.058	0.000	0.7831	0.6614	1
624	625	-2.017	0.000	0.7326	0.5451	1
624	626	-2.016	0.000	0.8008	0.6842	1
624	632	-29.040	0.000	0.7115	0.6229	1
624	647	-88.995	0.000	0.7546	0.6082	1
624	650	-100.028	0.000	0.7010	0.6393	1
624	658	-128.058	0.000	0.7813	0.6668	1
624	659	-130.074	0.000	0.7479	0.5412	1
624	661	-130.089	0.000	0.7249	0.5934	1
624	668	-185.117	0.000	0.7001	0.5223	1
624	671	-201.112	0.000	0.7039	0.5109	1
625	641	-71.037	0.000	0.8278	0.6618	1
625	642	-71.049	0.000	0.7242	0.4818	1
625	659	-128.057	0.000	0.7529	0.7243	1
625	660	-128.071	0.000	0.8328	0.7248	1
625	661	-128.071	0.000	0.7618	0.6911	1
626	627	-2.976	0.000	0.7012	0.6346	1
626	632	-27.025	0.000	0.7549	0.6801	1
626	642	-71.051	0.000	0.7672	0.5928	1
626	643	-71.062	0.000	0.7140	0.6351	1
626	647	-86.979	0.000	0.7632	0.6485	1
626	659	-128.058	0.000	0.7685	0.5718	1
626	661	-128.073	0.000	0.8096	0.6609	1
626	668	-183.101	0.000	0.7305	0.5583	1
627	632	-24.048	0.000	0.7359	0.7092	1
627	645	-72.057	0.000	0.7032	0.7244	1
627	647	-84.003	0.000	0.7207	0.6758	1
627	659	-125.082	0.000	0.7280	0.6171	1
627	661	-125.096	0.000	0.7432	0.6755	1
627	663	-127.026	0.000	0.7196	0.6526	1
627	668	-180.125	0.000	0.7643	0.6320	1
627	669	-186.063	0.000	0.8196	0.6851	1
627	689	-366.188	0.000	0.7221	0.5655	1
628	669	-186.064	0.000	0.7045	0.5702	1
630	640	-44.026	0.000	0.7094	0.5246	1
631	649	-70.987	0.000	0.7660	0.7231	1
631	650	-70.988	0.000	0.7055	0.6388	1
631	651	-70.988	0.000	0.7409	0.6673	1
631	652	-86.983	0.000	0.7018	0.6319	1
631	653	-86.982	0.000	0.7316	0.6247	1
631	654	-86.982	0.000	0.7348	0.6520	1
631	657	-99.018	0.000	0.7539	0.6954	1
631	658	-99.018	0.000	0.7163	0.6509	1
631	660	-101.048	0.000	0.8424	0.7627	1
631	661	-101.048	0.000	0.7429	0.6948	1
632	637	-19.941	0.000	0.7195	0.5900	1
632	642	-44.026	0.000	0.7620	0.5839	1
632	643	-44.038	0.000	0.7657	0.7326	1
632	647	-59.955	0.000	0.7893	0.7485	1
632	650	-70.988	0.000	0.8025	0.6907	1
632	652	-86.983	0.000	0.7980	0.7053	1
632	658	-99.018	0.000	0.8105	0.7092	1
632	659	-101.034	0.000	0.8294	0.6855	1
632	661	-101.048	0.000	0.8854	0.7861	1
632	663	-102.978	0.000	0.7436	0.6941	1
632	668	-156.076	0.000	0.7592	0.6684	1
632	669	-162.014	0.000	0.7070	0.6329	1
632	671	-172.072	0.000	0.7608	0.6566	1
632	675	-229.092	0.000	0.7019	0.6572	1
632	689	-342.140	0.000	0.7027	0.5741	1
635	679	-253.108	0.000	0.7224	0.5716	1
636	643	-26.028	0.000	0.7753	0.7155	1
636	645	-29.999	0.000	0.7591	0.7185	1
636	647	-41.945	0.000	0.7194	0.6889	1
636	650	-52.978	0.000	0.7184	0.6755	1
636	652	-68.974	0.000	0.7035	0.6522	1
636	659	-83.024	0.000	0.7557	0.6315	1
636	663	-84.969	0.000	0.7262	0.6669	1
636	664	-93.995	0.000	0.7042	0.6726	1
636	668	-138.067	0.000	0.7062	0.6129	1
636	671	-154.063	0.000	0.7367	0.6076	1
636	678	-252.120	0.000	0.7023	0.5197	1
636	680	-253.107	0.000	0.7121	0.5257	1
638	639	0.000	0.000	0.7315	0.6839	1
638	665	-75.996	0.000	0.7237	0.7682	1
639	645	-12.001	0.000	0.7450	0.6950	1
639	647	-23.947	0.000	0.7035	0.6678	1
639	659	-65.026	0.000	0.7219	0.7469	1
639	663	-66.970	0.000	0.7179	0.7101	1
639	664	-75.997	0.000	0.8033	0.7194	1
639	668	-120.068	0.000	0.7014	0.7641	1
639	669	-126.007	0.000	0.7148	0.7727	1
639	671	-136.064	0.000	0.7196	0.7331	1
639	676	-217.087	0.000	0.7020	0.6628	1
639	686	-279.087	0.000	0.7089	0.7463	1
639	687	-279.088	0.000	0.7022	0.6944	1
639	689	-306.132	0.000	0.7146	0.7151	1
639	691	-329.117	0.000	0.7160	0.6705	1
639	693	-345.097	0.000	0.7191	0.6756	1
641	660	-57.035	0.000	0.8027	0.6903	1
642	659	-57.008	0.000	0.7144	0.4405	1
642	661	-57.022	0.000	0.8043	0.5524	1
643	645	-3.971	0.000	0.7057	0.7007	1
643	647	-15.917	0.000	0.7152	0.6802	1
643	659	-56.996	0.000	0.7227	0.6016	1
643	661	-57.011	0.000	0.7026	0.6741	1
643	663	-58.940	0.000	0.7135	0.6564	1
643	668	-112.039	0.000	0.7238	0.6156	1
643	671	-128.034	0.000	0.7226	0.6019	1
643	678	-226.092	0.000	0.7322	0.5486	1
643	680	-227.079	0.000	0.7409	0.5572	1
644	645	-2.097	0.000	0.7025	0.6145	1
644	659	-55.122	0.000	0.7186	0.6603	1
644	671	-126.161	0.000	0.7011	0.6408	1
645	659	-53.025	0.000	0.7890	0.6868	1
645	661	-53.040	0.000	0.7054	0.7293	1
645	663	-54.969	0.000	0.7467	0.7123	1
645	664	-63.996	0.000	0.7076	0.7197	1
645	667	-84.031	0.000	0.7516	0.6088	1
645	668	-108.068	0.000	0.7086	0.6826	1
645	671	-124.063	0.000	0.7843	0.6594	1
645	675	-181.083	0.000	0.7473	0.6899	1
645	686	-267.087	0.000	0.7238	0.6654	1
645	687	-267.087	0.000	0.7066	0.5784	1
645	691	-317.116	0.000	0.7098	0.5772	1
647	652	-27.028	0.000	0.7004	0.6142	1
647	659	-41.079	0.000	0.7479	0.6420	1
647	661	-41.093	0.000	0.7379	0.6982	1
647	663	-43.023	0.000	0.7483	0.6994	1
647	668	-96.121	0.000	0.7299	0.6312	1
647	669	-102.060	0.000	0.7205	0.6460	1
647	671	-112.117	0.000	0.7248	0.6213	1
647	686	-255.140	0.000	0.7009	0.6109	1
649	651	-0.000	0.000	0.7730	0.6147	1
649	653	-15.994	0.000	0.8022	0.6714	1
649	654	-15.995	0.000	0.8020	0.6726	1
649	657	-28.031	0.000	0.8362	0.7333	1
649	660	-30.061	0.000	0.7801	0.7246	1
650	652	-15.995	0.000	0.7952	0.7185	1
650	658	-28.030	0.000	0.8151	0.7255	1
650	659	-30.046	0.000	0.7964	0.6005	1
650	660	-30.061	0.000	0.7010	0.6233	1
650	661	-30.061	0.000	0.8277	0.6807	1
650	663	-31.990	0.000	0.7441	0.6264	1
650	668	-85.089	0.000	0.7192	0.5608	1
650	671	-101.085	0.000	0.7295	0.5618	1
650	675	-158.104	0.000	0.7175	0.5895	1
650	688	-255.121	0.000	0.7204	0.5993	1
651	653	-15.994	0.000	0.7906	0.6893	1
651	654	-15.995	0.000	0.8030	0.7016	1
651	657	-28.030	0.000	0.8155	0.7067	1
651	660	-30.061	0.000	0.7550	0.6569	1
652	658	-12.035	0.000	0.7738	0.7006	1
652	659	-14.051	0.000	0.7574	0.5644	1
652	661	-14.065	0.000	0.7988	0.6475	1
652	663	-15.995	0.000	0.7318	0.6082	1
652	668	-69.093	0.000	0.7101	0.5463	1
652	669	-75.032	0.000	0.7004	0.5389	1
652	671	-85.089	0.000	0.7056	0.5341	1
653	654	-0.001	0.000	0.7499	0.6185	1
653	657	-12.036	0.000	0.7748	0.6610	1
653	660	-14.067	0.000	0.7584	0.6314	1
654	657	-12.036	0.000	0.7843	0.6787	1
654	660	-14.066	0.000	0.7705	0.6723	1
657	660	-2.030	0.000	0.7533	0.6579	1
657	670	-73.053	0.000	0.7312	0.5800	1
657	674	-130.076	0.000	0.7052	0.6159	1
658	659	-2.016	0.000	0.7935	0.5879	1
658	661	-2.030	0.000	0.7957	0.6470	1
658	663	-3.960	0.000	0.7200	0.5979	1
658	671	-73.054	0.000	0.7607	0.5781	1
658	675	-130.074	0.000	0.7183	0.5862	1
659	661	-0.014	0.000	0.7339	0.5902	1
659	663	-1.944	0.000	0.8155	0.7363	1
659	664	-10.971	0.000	0.7057	0.6555	1
659	667	-31.006	0.000	0.7213	0.5227	1
659	668	-55.043	0.000	0.8372	0.8215	1
659	669	-60.981	0.000	0.7658	0.7482	1
659	671	-71.038	0.000	0.8938	0.8453	1
659	675	-128.058	0.000	0.8652	0.7939	1
659	678	-169.096	0.000	0.7263	0.6815	1
659	680	-170.083	0.000	0.7238	0.6892	1
659	682	-213.075	0.000	0.7911	0.7321	1
659	686	-214.061	0.000	0.7871	0.7527	1
659	687	-214.062	0.000	0.7929	0.7498	1
659	688	-225.075	0.000	0.7283	0.6784	1
659	689	-241.106	0.000	0.7756	0.7520	1
659	691	-264.091	0.000	0.7004	0.7056	1
661	663	-1.930	0.000	0.7594	0.7287	1
661	668	-55.028	0.000	0.7888	0.7103	1
661	669	-60.966	0.000	0.7486	0.6931	1
661	671	-71.024	0.000	0.7387	0.6646	1
661	675	-128.044	0.000	0.7216	0.6814	1
661	682	-213.060	0.000	0.7170	0.6107	1
661	686	-214.047	0.000	0.7021	0.6764	1
661	687	-214.048	0.000	0.7077	0.6113	1
661	689	-241.092	0.000	0.7582	0.6501	1
663	668	-53.098	0.000	0.7657	0.7357	1
663	669	-59.036	0.000	0.7527	0.7309	1
663	671	-69.094	0.000	0.7900	0.7185	1
663	675	-126.114	0.000	0.7496	0.7226	1
663	682	-211.131	0.000	0.7162	0.6278	1
663	686	-212.117	0.000	0.7319	0.7007	1
663	687	-212.118	0.000	0.7269	0.6430	1
663	689	-239.162	0.000	0.7308	0.6591	1
664	693	-269.101	0.000	0.7588	0.6075	1
667	671	-40.033	0.000	0.7321	0.5095	1
668	669	-5.938	0.000	0.8082	0.7817	1
668	671	-15.996	0.000	0.8115	0.7950	1
668	675	-73.016	0.000	0.7711	0.7679	1
668	678	-114.053	0.000	0.7383	0.6816	1
668	680	-115.040	0.000	0.7384	0.6901	1
668	682	-158.032	0.000	0.7305	0.7051	1
668	686	-159.019	0.000	0.7620	0.7446	1
668	687	-159.020	0.000	0.7389	0.7378	1
668	688	-170.032	0.000	0.7500	0.6924	1
668	689	-186.064	0.000	0.8589	0.7895	1
669	671	-10.058	0.000	0.7283	0.7248	1
669	675	-67.077	0.000	0.7254	0.7540	1
669	678	-108.115	0.000	0.7000	0.6310	1
669	680	-109.102	0.000	0.7186	0.6530	1
669	682	-152.094	0.000	0.7132	0.6669	1
669	686	-153.081	0.000	0.7074	0.7374	1
669	687	-153.081	0.000	0.7095	0.6802	1
669	688	-164.094	0.000	0.7147	0.6838	1
669	689	-180.126	0.000	0.7819	0.7200	1
669	691	-203.110	0.000	0.7015	0.6558	1
669	693	-219.091	0.000	0.7203	0.6759	1
670	674	-57.023	0.000	0.8646	0.7322	1
670	675	-57.021	0.000	0.7256	0.6917	1
671	675	-57.020	0.000	0.8918	0.7942	1
671	678	-98.057	0.000	0.7132	0.7028	1
671	680	-99.044	0.000	0.7121	0.6990	1
671	682	-142.037	0.000	0.7814	0.7361	1
671	686	-143.023	0.000	0.7692	0.7370	1
671	687	-143.024	0.000	0.7844	0.7441	1
671	688	-154.036	0.000	0.7264	0.6733	1
671	689	-170.068	0.000	0.7516	0.7679	1
675	678	-41.037	0.000	0.7192	0.6543	1
675	680	-42.025	0.000	0.7006	0.6424	1
675	682	-85.017	0.000	0.7615	0.6691	1
675	686	-86.003	0.000	0.7350	0.7401	1
675	687	-86.004	0.000	0.7547	0.6755	1
675	689	-113.048	0.000	0.7496	0.7095	1
677	679	-0.987	0.000	0.8479	0.7461	1
677	680	-0.986	0.000	0.7251	0.5901	1
678	679	-0.988	0.000	0.7072	0.5964	1
678	680	-0.987	0.000	0.9074	0.8700	1
678	682	-43.979	0.000	0.7122	0.7542	1
678	687	-44.967	0.000	0.7001	0.7346	1
678	688	-55.979	0.000	0.7156	0.6085	1
678	689	-72.011	0.000	0.7446	0.7268	1
680	686	-43.979	0.000	0.7055	0.6510	1
680	688	-54.992	0.000	0.7187	0.6058	1
680	689	-71.024	0.000	0.7513	0.7350	1
681	683	-0.014	0.000	0.7863	0.5802	1
681	684	-0.986	0.000	0.8457	0.7521	1
682	684	-0.987	0.000	0.7170	0.6778	1
682	686	-0.987	0.000	0.7465	0.6650	1
682	687	-0.987	0.000	0.8900	0.8277	1
682	688	-12.000	0.000	0.7093	0.6209	1
682	689	-28.031	0.000	0.7267	0.7453	1
682	691	-51.016	0.000	0.7094	0.7715	1
683	684	-0.973	0.000	0.8121	0.6010	1
685	694	-129.037	0.000	0.7251	0.5270	1
686	688	-11.013	0.000	0.7260	0.6844	1
686	689	-27.045	0.000	0.7555	0.7215	1
686	695	-129.037	0.000	0.7784	0.6113	1
687	688	-11.013	0.000	0.7168	0.6408	1
687	689	-27.044	0.000	0.7512	0.7758	1
687	691	-50.028	0.000	0.7053	0.7470	1
688	689	-16.032	0.000	0.7429	0.6450	1
690	692	-15.979	0.000	0.8808	0.7795	1
690	693	-15.981	0.000	0.7016	0.6415	1
691	693	-15.981	0.000	0.9160	0.8822	1
