podp_id,genome_label,genome_type,metabolomics_file,gnps_massive_id,same_experiment,slice
017c0466-e5d3-4792-a445-973d9dbe1b8b.1,Salinispora sp. BRA172,genome,ftp://massive.ucsd.edu/MSV000079015/raw/Brazilian%20Salinispora/BRA-172.mzXML,MSV000079015,True,unvalidated_pairs
017c0466-e5d3-4792-a445-973d9dbe1b8b.1,Salinispora sp. BRA190,genome,ftp://massive.ucsd.edu/MSV000079015/raw/Brazilian%20Salinispora/BRA-190.mzXML,MSV000079015,True,unvalidated_pairs
017c0466-e5d3-4792-a445-973d9dbe1b8b.1,Salinispora sp. BRA258,genome,ftp://massive.ucsd.edu/MSV000079015/raw/Brazilian%20Salinispora/BRA258-mz300.mzXML,MSV000079015,True,unvalidated_pairs
03087dd9-2996-4bec-a3cc-88f71babc3a2.1,Streptomyces sp. CNB091,genome,ftp://massive.ucsd.edu/MSV000083081/peak/CNB091_1.mzXML,MSV000083081,True,unvalidated_pairs
03087dd9-2996-4bec-a3cc-88f71babc3a2.1,Streptomyces sp. CNB091,genome,ftp://massive.ucsd.edu/MSV000083081/peak/M1146-pKDB03.mzXML,MSV000083081,True,unvalidated_pairs
07be0785-0a06-49cc-b7a7-0bd82d8af58d.1,SC19_Healthy,genome,ftp://massive.ucsd.edu/MSV000081832/ccms_peak/Children%20Saliva/Plate2_C2_BC2_01_6314.mzXML,MSV000081832,True,unvalidated_pairs
08a05264-7f06-4821-b4ad-bfd4ecb3bd34.2,CNB091,genome,ftp://massive.ucsd.edu/MSV000078847/results/Extra%20media/CNB091_A1_B.mzXML,MSV000078847,True,unvalidated_pairs
08a05264-7f06-4821-b4ad-bfd4ecb3bd34.2,CNB091,genome,ftp://massive.ucsd.edu/MSV000078847/results/Extra%20media/CNB091_A1_M.mzXML,MSV000078847,True,unvalidated_pairs
08a05264-7f06-4821-b4ad-bfd4ecb3bd34.2,CNB091,genome,ftp://massive.ucsd.edu/MSV000078847/results/Extra%20media/CNB091_A1_E.mzXML,MSV000078847,True,unvalidated_pairs
08a05264-7f06-4821-b4ad-bfd4ecb3bd34.2,CNB091,genome,ftp://massive.ucsd.edu/MSV000078847/results/Extra%20media/CNB091_MS_B.mzXML,MSV000078847,True,unvalidated_pairs
08a05264-7f06-4821-b4ad-bfd4ecb3bd34.2,CNB091,genome,ftp://massive.ucsd.edu/MSV000078847/results/Extra%20media/CNB091_MS_M.mzXML,MSV000078847,True,unvalidated_pairs
08a05264-7f06-4821-b4ad-bfd4ecb3bd34.2,CNB091,genome,ftp://massive.ucsd.edu/MSV000078847/results/Extra%20media/CNB091_MS_E.mzXML,MSV000078847,True,unvalidated_pairs
08a05264-7f06-4821-b4ad-bfd4ecb3bd34.2,CNB091,genome,ftp://massive.ucsd.edu/MSV000078847/results/Extra%20media/CNB091_R5_B.mzXML,MSV000078847,True,unvalidated_pairs
08a05264-7f06-4821-b4ad-bfd4ecb3bd34.2,CNB091,genome,ftp://massive.ucsd.edu/MSV000078847/results/Extra%20media/CNB091_R5_M.mzXML,MSV000078847,True,unvalidated_pairs
08a05264-7f06-4821-b4ad-bfd4ecb3bd34.2,CNB091,genome,ftp://massive.ucsd.edu/MSV000078847/results/Extra%20media/CNB091_R5_E.mzXML,MSV000078847,True,unvalidated_pairs
08a05264-7f06-4821-b4ad-bfd4ecb3bd34.2,CNB091,genome,ftp://massive.ucsd.edu/MSV000078847/results/Extra%20media/CNB091_ISP2_B.mzXML,MSV000078847,True,unvalidated_pairs
08a05264-7f06-4821-b4ad-bfd4ecb3bd34.2,CNB091,genome,ftp://massive.ucsd.edu/MSV000078847/results/Extra%20media/CNB091_ISP2_M.mzXML,MSV000078847,True,unvalidated_pairs
08a05264-7f06-4821-b4ad-bfd4ecb3bd34.2,CNB091,genome,ftp://massive.ucsd.edu/MSV000078847/results/Extra%20media/CNB091_ISP2_E.mzXML,MSV000078847,True,unvalidated_pairs
08a05264-7f06-4821-b4ad-bfd4ecb3bd34.2,CNB091,genome,ftp://massive.ucsd.edu/MSV000078847/results/Extra%20media/CNB091_LB_B.mzXML,MSV000078847,True,unvalidated_pairs
08a05264-7f06-4821-b4ad-bfd4ecb3bd34.2,CNB091,genome,ftp://massive.ucsd.edu/MSV000078847/results/Extra%20media/CNB091_LB_M.mzXML,MSV000078847,True,unvalidated_pairs
08a05264-7f06-4821-b4ad-bfd4ecb3bd34.2,CNB091,genome,ftp://massive.ucsd.edu/MSV000078847/results/Extra%20media/CNB091_LB_E.mzXML,MSV000078847,True,unvalidated_pairs
08a05264-7f06-4821-b4ad-bfd4ecb3bd34.2,CNB091,genome,ftp://massive.ucsd.edu/MSV000078847/results/Extra%20media/CNB091_MA_B.mzXML,MSV000078847,True,unvalidated_pairs
08a05264-7f06-4821-b4ad-bfd4ecb3bd34.2,CNB091,genome,ftp://massive.ucsd.edu/MSV000078847/results/Extra%20media/CNB091_MA_M.mzXML,MSV000078847,True,unvalidated_pairs
08a05264-7f06-4821-b4ad-bfd4ecb3bd34.2,CNB091,genome,ftp://massive.ucsd.edu/MSV000078847/results/Extra%20media/CNB091_MA_E.mzXML,MSV000078847,True,unvalidated_pairs
08a05264-7f06-4821-b4ad-bfd4ecb3bd34.2,CNB091,genome,ftp://massive.ucsd.edu/MSV000078847/results/Extra%20media/CNB091_PDK_B.mzXML,MSV000078847,True,unvalidated_pairs
08a05264-7f06-4821-b4ad-bfd4ecb3bd34.2,CNB091,genome,ftp://massive.ucsd.edu/MSV000078847/results/Extra%20media/CNB091_PDK_M.mzXML,MSV000078847,True,unvalidated_pairs
08a05264-7f06-4821-b4ad-bfd4ecb3bd34.2,CNB091,genome,ftp://massive.ucsd.edu/MSV000078847/results/Extra%20media/CNB091_PDK_E.mzXML,MSV000078847,True,unvalidated_pairs
08a05264-7f06-4821-b4ad-bfd4ecb3bd34.2,CNB091,genome,ftp://massive.ucsd.edu/MSV000078847/results/Extra%20media/CNB091_YP_B.mzXML,MSV000078847,True,unvalidated_pairs
08a05264-7f06-4821-b4ad-bfd4ecb3bd34.2,CNB091,genome,ftp://massive.ucsd.edu/MSV000078847/results/Extra%20media/CNB091_YP_M.mzXML,MSV000078847,True,unvalidated_pairs
08a05264-7f06-4821-b4ad-bfd4ecb3bd34.2,CNB091,genome,ftp://massive.ucsd.edu/MSV000078847/results/Extra%20media/CNB091_YP_E.mzXML,MSV000078847,True,unvalidated_pairs
08a05264-7f06-4821-b4ad-bfd4ecb3bd34.2,CNS615,genome,ftp://massive.ucsd.edu/MSV000078847/results/Extra%20media/CNS615_A1_B.mzXML,MSV000078847,True,unvalidated_pairs
08a05264-7f06-4821-b4ad-bfd4ecb3bd34.2,CNS615,genome,ftp://massive.ucsd.edu/MSV000078847/results/Extra%20media/CNS615_A1_M.mzXML,MSV000078847,True,unvalidated_pairs
08a05264-7f06-4821-b4ad-bfd4ecb3bd34.2,CNS615,genome,ftp://massive.ucsd.edu/MSV000078847/results/Extra%20media/CNS615_A1_E.mzXML,MSV000078847,True,unvalidated_pairs
08a05264-7f06-4821-b4ad-bfd4ecb3bd34.2,CNS615,genome,ftp://massive.ucsd.edu/MSV000078847/results/Extra%20media/CNS615_MS_B.mzXML,MSV000078847,True,unvalidated_pairs
08a05264-7f06-4821-b4ad-bfd4ecb3bd34.2,CNS615,genome,ftp://massive.ucsd.edu/MSV000078847/results/Extra%20media/CNS615_MS_M.mzXML,MSV000078847,True,unvalidated_pairs
08a05264-7f06-4821-b4ad-bfd4ecb3bd34.2,CNS615,genome,ftp://massive.ucsd.edu/MSV000078847/results/Extra%20media/CNS615_MS_E.mzXML,MSV000078847,True,unvalidated_pairs
08a05264-7f06-4821-b4ad-bfd4ecb3bd34.2,CNS615,genome,ftp://massive.ucsd.edu/MSV000078847/results/Extra%20media/CNS615_R5_B.mzXML,MSV000078847,True,unvalidated_pairs
08a05264-7f06-4821-b4ad-bfd4ecb3bd34.2,CNS615,genome,ftp://massive.ucsd.edu/MSV000078847/results/Extra%20media/CNS615_R5_M.mzXML,MSV000078847,True,unvalidated_pairs
08a05264-7f06-4821-b4ad-bfd4ecb3bd34.2,CNS615,genome,ftp://massive.ucsd.edu/MSV000078847/results/Extra%20media/CNS615_R5_E.mzXML,MSV000078847,True,unvalidated_pairs
08a05264-7f06-4821-b4ad-bfd4ecb3bd34.2,CNS615,genome,ftp://massive.ucsd.edu/MSV000078847/results/Extra%20media/CNS615_ISP2_B.mzXML,MSV000078847,True,unvalidated_pairs
08a05264-7f06-4821-b4ad-bfd4ecb3bd34.2,CNS615,genome,ftp://massive.ucsd.edu/MSV000078847/results/Extra%20media/CNS615_ISP2_M.mzXML,MSV000078847,True,unvalidated_pairs
08a05264-7f06-4821-b4ad-bfd4ecb3bd34.2,CNS615,genome,ftp://massive.ucsd.edu/MSV000078847/results/Extra%20media/CNS615_ISP2_E.mzXML,MSV000078847,True,unvalidated_pairs
08a05264-7f06-4821-b4ad-bfd4ecb3bd34.2,CNS615,genome,ftp://massive.ucsd.edu/MSV000078847/results/Extra%20media/CNS615_LB_B.mzXML,MSV000078847,True,unvalidated_pairs
08a05264-7f06-4821-b4ad-bfd4ecb3bd34.2,CNS615,genome,ftp://massive.ucsd.edu/MSV000078847/results/Extra%20media/CNS615_LB_M.mzXML,MSV000078847,True,unvalidated_pairs
08a05264-7f06-4821-b4ad-bfd4ecb3bd34.2,CNS615,genome,ftp://massive.ucsd.edu/MSV000078847/results/Extra%20media/CNS615_LB_E.mzXML,MSV000078847,True,unvalidated_pairs
08a05264-7f06-4821-b4ad-bfd4ecb3bd34.2,CNS615,genome,ftp://massive.ucsd.edu/MSV000078847/results/Extra%20media/CNS615_MA_B.mzXML,MSV000078847,True,unvalidated_pairs
08a05264-7f06-4821-b4ad-bfd4ecb3bd34.2,CNS615,genome,ftp://massive.ucsd.edu/MSV000078847/results/Extra%20media/CNS615_MA_M.mzXML,MSV000078847,True,unvalidated_pairs
08a05264-7f06-4821-b4ad-bfd4ecb3bd34.2,CNS615,genome,ftp://massive.ucsd.edu/MSV000078847/results/Extra%20media/CNS615_MA_E.mzXML,MSV000078847,True,unvalidated_pairs
08a05264-7f06-4821-b4ad-bfd4ecb3bd34.2,CNS615,genome,ftp://massive.ucsd.edu/MSV000078847/results/Extra%20media/CNS615_PDK_B.mzXML,MSV000078847,True,unvalidated_pairs
08a05264-7f06-4821-b4ad-bfd4ecb3bd34.2,CNS615,genome,ftp://massive.ucsd.edu/MSV000078847/results/Extra%20media/CNS615_PDK_M.mzXML,MSV000078847,True,unvalidated_pairs
08a05264-7f06-4821-b4ad-bfd4ecb3bd34.2,CNS615,genome,ftp://massive.ucsd.edu/MSV000078847/results/Extra%20media/CNS615_PDK_E.mzXML,MSV000078847,True,unvalidated_pairs
08a05264-7f06-4821-b4ad-bfd4ecb3bd34.2,CNS615,genome,ftp://massive.ucsd.edu/MSV000078847/results/Extra%20media/CNS615_YP_B.mzXML,MSV000078847,True,unvalidated_pairs
08a05264-7f06-4821-b4ad-bfd4ecb3bd34.2,CNS615,genome,ftp://massive.ucsd.edu/MSV000078847/results/Extra%20media/CNS615_YP_M.mzXML,MSV000078847,True,unvalidated_pairs
08a05264-7f06-4821-b4ad-bfd4ecb3bd34.2,CNS615,genome,ftp://massive.ucsd.edu/MSV000078847/results/Extra%20media/CNS615_YP_E.mzXML,MSV000078847,True,unvalidated_pairs
08a05264-7f06-4821-b4ad-bfd4ecb3bd34.2,CNT302,genome,ftp://massive.ucsd.edu/MSV000078847/results/Extra%20media/CNT302_A1_B.mzXML,MSV000078847,True,unvalidated_pairs
08a05264-7f06-4821-b4ad-bfd4ecb3bd34.2,CNT302,genome,ftp://massive.ucsd.edu/MSV000078847/results/Extra%20media/CNT302_A1_M.mzXML,MSV000078847,True,unvalidated_pairs
08a05264-7f06-4821-b4ad-bfd4ecb3bd34.2,CNT302,genome,ftp://massive.ucsd.edu/MSV000078847/results/Extra%20media/CNT302_A1_E.mzXML,MSV000078847,True,unvalidated_pairs
08a05264-7f06-4821-b4ad-bfd4ecb3bd34.2,CNT302,genome,ftp://massive.ucsd.edu/MSV000078847/results/Extra%20media/CNT302_MS_B.mzXML,MSV000078847,True,unvalidated_pairs
08a05264-7f06-4821-b4ad-bfd4ecb3bd34.2,CNT302,genome,ftp://massive.ucsd.edu/MSV000078847/results/Extra%20media/CNT302_MS_M.mzXML,MSV000078847,True,unvalidated_pairs
08a05264-7f06-4821-b4ad-bfd4ecb3bd34.2,CNT302,genome,ftp://massive.ucsd.edu/MSV000078847/results/Extra%20media/CNT302_MS_E.mzXML,MSV000078847,True,unvalidated_pairs
08a05264-7f06-4821-b4ad-bfd4ecb3bd34.2,CNT302,genome,ftp://massive.ucsd.edu/MSV000078847/results/Extra%20media/CNT302_R5_B.mzXML,MSV000078847,True,unvalidated_pairs
08a05264-7f06-4821-b4ad-bfd4ecb3bd34.2,CNT302,genome,ftp://massive.ucsd.edu/MSV000078847/results/Extra%20media/CNT302_R5_M.mzXML,MSV000078847,True,unvalidated_pairs
08a05264-7f06-4821-b4ad-bfd4ecb3bd34.2,CNT302,genome,ftp://massive.ucsd.edu/MSV000078847/results/Extra%20media/CNT302_R5_E.mzXML,MSV000078847,True,unvalidated_pairs
08a05264-7f06-4821-b4ad-bfd4ecb3bd34.2,CNT302,genome,ftp://massive.ucsd.edu/MSV000078847/results/Extra%20media/CNT302_ISP2_B.mzXML,MSV000078847,True,unvalidated_pairs
08a05264-7f06-4821-b4ad-bfd4ecb3bd34.2,CNT302,genome,ftp://massive.ucsd.edu/MSV000078847/results/Extra%20media/CNT302_ISP2_M.mzXML,MSV000078847,True,unvalidated_pairs
08a05264-7f06-4821-b4ad-bfd4ecb3bd34.2,CNT302,genome,ftp://massive.ucsd.edu/MSV000078847/results/Extra%20media/CNT302_ISP2_E.mzXML,MSV000078847,True,unvalidated_pairs
08a05264-7f06-4821-b4ad-bfd4ecb3bd34.2,CNT302,genome,ftp://massive.ucsd.edu/MSV000078847/results/Extra%20media/CNT302_LB_B.mzXML,MSV000078847,True,unvalidated_pairs
08a05264-7f06-4821-b4ad-bfd4ecb3bd34.2,CNT302,genome,ftp://massive.ucsd.edu/MSV000078847/results/Extra%20media/CNT302_LB_M.mzXML,MSV000078847,True,unvalidated_pairs
08a05264-7f06-4821-b4ad-bfd4ecb3bd34.2,CNT302,genome,ftp://massive.ucsd.edu/MSV000078847/results/Extra%20media/CNT302_LB_E.mzXML,MSV000078847,True,unvalidated_pairs
08a05264-7f06-4821-b4ad-bfd4ecb3bd34.2,CNT302,genome,ftp://massive.ucsd.edu/MSV000078847/results/Extra%20media/CNT302_MA_B.mzXML,MSV000078847,True,unvalidated_pairs
08a05264-7f06-4821-b4ad-bfd4ecb3bd34.2,CNT302,genome,ftp://massive.ucsd.edu/MSV000078847/results/Extra%20media/CNT302_MA_M.mzXML,MSV000078847,True,unvalidated_pairs
08a05264-7f06-4821-b4ad-bfd4ecb3bd34.2,CNT302,genome,ftp://massive.ucsd.edu/MSV000078847/results/Extra%20media/CNT302_MA_E.mzXML,MSV000078847,True,unvalidated_pairs
08a05264-7f06-4821-b4ad-bfd4ecb3bd34.2,CNT302,genome,ftp://massive.ucsd.edu/MSV000078847/results/Extra%20media/CNT302_PDK_B.mzXML,MSV000078847,True,unvalidated_pairs
08a05264-7f06-4821-b4ad-bfd4ecb3bd34.2,CNT302,genome,ftp://massive.ucsd.edu/MSV000078847/results/Extra%20media/CNT302_PDK_M.mzXML,MSV000078847,True,unvalidated_pairs
08a05264-7f06-4821-b4ad-bfd4ecb3bd34.2,CNT302,genome,ftp://massive.ucsd.edu/MSV000078847/results/Extra%20media/CNT302_PDK_E.mzXML,MSV000078847,True,unvalidated_pairs
08a05264-7f06-4821-b4ad-bfd4ecb3bd34.2,CNT302,genome,ftp://massive.ucsd.edu/MSV000078847/results/Extra%20media/CNT302_YP_B.mzXML,MSV000078847,True,unvalidated_pairs
08a05264-7f06-4821-b4ad-bfd4ecb3bd34.2,CNT302,genome,ftp://massive.ucsd.edu/MSV000078847/results/Extra%20media/CNT302_YP_M.mzXML,MSV000078847,True,unvalidated_pairs
08a05264-7f06-4821-b4ad-bfd4ecb3bd34.2,CNT302,genome,ftp://massive.ucsd.edu/MSV000078847/results/Extra%20media/CNT302_YP_E.mzXML,MSV000078847,True,unvalidated_pairs
0fa2c5fc-d1ce-431a-8445-fa3b6573e240.1,Nonomuraea sp. ATCC39727 (gerenzaniensis),genome,ftp://massive.ucsd.edu/MSV000085123/peak/Nonomuraea_A40926.mzML,MSV000085123,True,validated_pairs
0fa2c5fc-d1ce-431a-8445-fa3b6573e240.1,Microbispora sp. ATCC PTA-5024,genome,ftp://massive.ucsd.edu/MSV000085123/peak/Microbispora_NAI107.mzML,MSV000085123,True,validated_pairs
0ff7a302-49af-4130-a440-59e284d4d365.4,Streptomyces sp. CNB091,genome,ftp://massive.ucsd.edu/MSV000078839/spectrum/A1//CNB091_A1_B.mzXML,MSV000078839,True,unvalidated_pairs
0ff7a302-49af-4130-a440-59e284d4d365.4,Streptomyces sp. CNB091,genome,ftp://massive.ucsd.edu/MSV000078839/spectrum/A1//CNB091_A1_M.mzXML,MSV000078839,True,unvalidated_pairs
0ff7a302-49af-4130-a440-59e284d4d365.4,Streptomyces sp. CNB091,genome,ftp://massive.ucsd.edu/MSV000078839/spectrum/A1//CNB091_A1_E.mzXML,MSV000078839,True,unvalidated_pairs
0ff7a302-49af-4130-a440-59e284d4d365.4,Streptomyces sp. CNB091,genome,ftp://massive.ucsd.edu/MSV000078839/spectrum/MS/CNB091_MS_B.mzXML,MSV000078839,True,unvalidated_pairs
0ff7a302-49af-4130-a440-59e284d4d365.4,Streptomyces sp. CNB091,genome,ftp://massive.ucsd.edu/MSV000078839/spectrum/MS/CNB091_MS_M.mzXML,MSV000078839,True,unvalidated_pairs
0ff7a302-49af-4130-a440-59e284d4d365.4,Streptomyces sp. CNB091,genome,ftp://massive.ucsd.edu/MSV000078839/spectrum/MS/CNB091_MS_E.mzXML,MSV000078839,True,unvalidated_pairs
0ff7a302-49af-4130-a440-59e284d4d365.4,Streptomyces sp. CNB091,genome,ftp://massive.ucsd.edu/MSV000078839/spectrum/R5/CNB091_R5_B.mzXML,MSV000078839,True,unvalidated_pairs
0ff7a302-49af-4130-a440-59e284d4d365.4,Streptomyces sp. CNB091,genome,ftp://massive.ucsd.edu/MSV000078839/spectrum/R5/CNB091_R5_M.mzXML,MSV000078839,True,unvalidated_pairs
0ff7a302-49af-4130-a440-59e284d4d365.4,Streptomyces sp. CNB091,genome,ftp://massive.ucsd.edu/MSV000078839/spectrum/R5/CNB091_R5_E.mzXML,MSV000078839,True,unvalidated_pairs
0ff7a302-49af-4130-a440-59e284d4d365.4,Streptomyces sp. CNS615,genome,ftp://massive.ucsd.edu/MSV000078839/spectrum/A1/CNS615_A1_B.mzXML,MSV000078839,True,unvalidated_pairs
0ff7a302-49af-4130-a440-59e284d4d365.4,Streptomyces sp. CNS615,genome,ftp://massive.ucsd.edu/MSV000078839/spectrum/A1//CNS615_A1_M.mzXML,MSV000078839,True,unvalidated_pairs
0ff7a302-49af-4130-a440-59e284d4d365.4,Streptomyces sp. CNS615,genome,ftp://massive.ucsd.edu/MSV000078839/spectrum/A1//CNS615_A1_E.mzXML,MSV000078839,True,unvalidated_pairs
0ff7a302-49af-4130-a440-59e284d4d365.4,Streptomyces sp. CNS615,genome,ftp://massive.ucsd.edu/MSV000078839/spectrum/MS/CNS615_MS_B.mzXML,MSV000078839,True,unvalidated_pairs
0ff7a302-49af-4130-a440-59e284d4d365.4,Streptomyces sp. CNS615,genome,ftp://massive.ucsd.edu/MSV000078839/spectrum/MS/CNS615_MS_M.mzXML,MSV000078839,True,unvalidated_pairs
0ff7a302-49af-4130-a440-59e284d4d365.4,Streptomyces sp. CNS615,genome,ftp://massive.ucsd.edu/MSV000078839/spectrum/MS/CNS615_MS_E.mzXML,MSV000078839,True,unvalidated_pairs
0ff7a302-49af-4130-a440-59e284d4d365.4,Streptomyces sp. CNS615,genome,ftp://massive.ucsd.edu/MSV000078839/spectrum/R5/CNS615_R5_B.mzXML,MSV000078839,True,unvalidated_pairs
0ff7a302-49af-4130-a440-59e284d4d365.4,Streptomyces sp. CNS615,genome,ftp://massive.ucsd.edu/MSV000078839/spectrum/R5/CNS615_R5_M.mzXML,MSV000078839,True,unvalidated_pairs
0ff7a302-49af-4130-a440-59e284d4d365.4,Streptomyces sp. CNS615,genome,ftp://massive.ucsd.edu/MSV000078839/spectrum/R5/CNS615_R5_E.mzXML,MSV000078839,True,unvalidated_pairs
0ff7a302-49af-4130-a440-59e284d4d365.4,Streptomyces sp. CNT302,genome,ftp://massive.ucsd.edu/MSV000078839/spectrum/A1/CNT302_A1_B.mzXML,MSV000078839,True,unvalidated_pairs
0ff7a302-49af-4130-a440-59e284d4d365.4,Streptomyces sp. CNT302,genome,ftp://massive.ucsd.edu/MSV000078839/spectrum/A1/CNT302_A1_M.mzXML,MSV000078839,True,unvalidated_pairs
0ff7a302-49af-4130-a440-59e284d4d365.4,Streptomyces sp. CNT302,genome,ftp://massive.ucsd.edu/MSV000078839/spectrum/A1//CNT302_A1_E.mzXML,MSV000078839,True,unvalidated_pairs
0ff7a302-49af-4130-a440-59e284d4d365.4,Streptomyces sp. CNT302,genome,ftp://massive.ucsd.edu/MSV000078839/spectrum/MS/CNT302_MS_B.mzXML,MSV000078839,True,unvalidated_pairs
0ff7a302-49af-4130-a440-59e284d4d365.4,Streptomyces sp. CNT302,genome,ftp://massive.ucsd.edu/MSV000078839/spectrum/MS/CNT302_MS_M.mzXML,MSV000078839,True,unvalidated_pairs
0ff7a302-49af-4130-a440-59e284d4d365.4,Streptomyces sp. CNT302,genome,ftp://massive.ucsd.edu/MSV000078839/spectrum/MS/CNT302_MS_E.mzXML,MSV000078839,True,unvalidated_pairs
0ff7a302-49af-4130-a440-59e284d4d365.4,Streptomyces sp. CNT302,genome,ftp://massive.ucsd.edu/MSV000078839/spectrum/R5/CNT302_R5_B.mzXML,MSV000078839,True,unvalidated_pairs
0ff7a302-49af-4130-a440-59e284d4d365.4,Streptomyces sp. CNT302,genome,ftp://massive.ucsd.edu/MSV000078839/spectrum/R5/CNT302_R5_M.mzXML,MSV000078839,True,unvalidated_pairs
0ff7a302-49af-4130-a440-59e284d4d365.4,Streptomyces sp. CNT302,genome,ftp://massive.ucsd.edu/MSV000078839/spectrum/R5/CNT302_R5_E.mzXML,MSV000078839,True,unvalidated_pairs
0ff7a302-49af-4130-a440-59e284d4d365.4,Streptomyces sp. CNH099,genome,ftp://massive.ucsd.edu/MSV000078839/spectrum/R5/CNH099_R5_B.mzXML,MSV000078839,True,unvalidated_pairs
0ff7a302-49af-4130-a440-59e284d4d365.4,Streptomyces sp. CNH099,genome,ftp://massive.ucsd.edu/MSV000078839/spectrum/R5/CNH099_R5_M.mzXML,MSV000078839,True,unvalidated_pairs
0ff7a302-49af-4130-a440-59e284d4d365.4,Streptomyces sp. CNH099,genome,ftp://massive.ucsd.edu/MSV000078839/spectrum/R5/CNH099_R5_E.mzXML,MSV000078839,True,unvalidated_pairs
0ff7a302-49af-4130-a440-59e284d4d365.4,Streptomyces sp. CNH189,genome,ftp://massive.ucsd.edu/MSV000078839/spectrum/R5/CNH189_R5_B.mzXML,MSV000078839,True,unvalidated_pairs
0ff7a302-49af-4130-a440-59e284d4d365.4,Streptomyces sp. CNH189,genome,ftp://massive.ucsd.edu/MSV000078839/spectrum/R5/CNH189_R5_M.mzXML,MSV000078839,True,unvalidated_pairs
0ff7a302-49af-4130-a440-59e284d4d365.4,Streptomyces sp. CNH189,genome,ftp://massive.ucsd.edu/MSV000078839/spectrum/R5/CNH189_R5_E.mzXML,MSV000078839,True,unvalidated_pairs
0ff7a302-49af-4130-a440-59e284d4d365.4,Streptomyces sp. CNH287,genome,ftp://massive.ucsd.edu/MSV000078839/spectrum/R5/CNH287_R5_B.mzXML,MSV000078839,True,unvalidated_pairs
0ff7a302-49af-4130-a440-59e284d4d365.4,Streptomyces sp. CNH287,genome,ftp://massive.ucsd.edu/MSV000078839/spectrum/R5/CNH287_R5_M.mzXML,MSV000078839,True,unvalidated_pairs
0ff7a302-49af-4130-a440-59e284d4d365.4,Streptomyces sp. CNH287,genome,ftp://massive.ucsd.edu/MSV000078839/spectrum/R5/CNH287_R5_E.mzXML,MSV000078839,True,unvalidated_pairs
0ff7a302-49af-4130-a440-59e284d4d365.4,Streptomyces sp. CNP082,genome,ftp://massive.ucsd.edu/MSV000078839/spectrum/R5/CNP082_R5_B.mzXML,MSV000078839,True,unvalidated_pairs
0ff7a302-49af-4130-a440-59e284d4d365.4,Streptomyces sp. CNP082,genome,ftp://massive.ucsd.edu/MSV000078839/spectrum/R5/CNP082_R5_M.mzXML,MSV000078839,True,unvalidated_pairs
0ff7a302-49af-4130-a440-59e284d4d365.4,Streptomyces sp. CNP082,genome,ftp://massive.ucsd.edu/MSV000078839/spectrum/R5/CNP082_R5_E.mzXML,MSV000078839,True,unvalidated_pairs
0ff7a302-49af-4130-a440-59e284d4d365.4,Streptomyces sp. CNQ329,genome,ftp://massive.ucsd.edu/MSV000078839/spectrum/R5/CNQ329_R5_B.mzXML,MSV000078839,True,unvalidated_pairs
0ff7a302-49af-4130-a440-59e284d4d365.4,Streptomyces sp. CNQ329,genome,ftp://massive.ucsd.edu/MSV000078839/spectrum/R5/CNQ329_R5_M.mzXML,MSV000078839,True,unvalidated_pairs
0ff7a302-49af-4130-a440-59e284d4d365.4,Streptomyces sp. CNQ329,genome,ftp://massive.ucsd.edu/MSV000078839/spectrum/R5/CNQ329_R5_E.mzXML,MSV000078839,True,unvalidated_pairs
0ff7a302-49af-4130-a440-59e284d4d365.4,Streptomyces sp. CNQ525,genome,ftp://massive.ucsd.edu/MSV000078839/spectrum/R5/CNQ525_R5_B.mzXML,MSV000078839,True,unvalidated_pairs
0ff7a302-49af-4130-a440-59e284d4d365.4,Streptomyces sp. CNQ525,genome,ftp://massive.ucsd.edu/MSV000078839/spectrum/R5/CNQ525_R5_M.mzXML,MSV000078839,True,unvalidated_pairs
0ff7a302-49af-4130-a440-59e284d4d365.4,Streptomyces sp. CNQ525,genome,ftp://massive.ucsd.edu/MSV000078839/spectrum/R5/CNQ525_R5_E.mzXML,MSV000078839,True,unvalidated_pairs
0ff7a302-49af-4130-a440-59e284d4d365.4,Streptomyces sp. CNQ766,genome,ftp://massive.ucsd.edu/MSV000078839/spectrum/R5/CNQ766_R5_B.mzXML,MSV000078839,True,unvalidated_pairs
0ff7a302-49af-4130-a440-59e284d4d365.4,Streptomyces sp. CNQ766,genome,ftp://massive.ucsd.edu/MSV000078839/spectrum/R5/CNQ766_R5_M.mzXML,MSV000078839,True,unvalidated_pairs
0ff7a302-49af-4130-a440-59e284d4d365.4,Streptomyces sp. CNQ766,genome,ftp://massive.ucsd.edu/MSV000078839/spectrum/R5/CNQ766_R5_E.mzXML,MSV000078839,True,unvalidated_pairs
0ff7a302-49af-4130-a440-59e284d4d365.4,Streptomyces sp. CNQ865,genome,ftp://massive.ucsd.edu/MSV000078839/spectrum/R5/CNQ865_R5_B.mzXML,MSV000078839,True,unvalidated_pairs
0ff7a302-49af-4130-a440-59e284d4d365.4,Streptomyces sp. CNQ865,genome,ftp://massive.ucsd.edu/MSV000078839/spectrum/R5/CNQ865_R5_M.mzXML,MSV000078839,True,unvalidated_pairs
0ff7a302-49af-4130-a440-59e284d4d365.4,Streptomyces sp. CNQ865,genome,ftp://massive.ucsd.edu/MSV000078839/spectrum/R5/CNQ865_R5_E.mzXML,MSV000078839,True,unvalidated_pairs
0ff7a302-49af-4130-a440-59e284d4d365.4,Streptomyces sp. CNR698,genome,ftp://massive.ucsd.edu/MSV000078839/spectrum/R5/CNR698_R5_B.mzXML,MSV000078839,True,unvalidated_pairs
0ff7a302-49af-4130-a440-59e284d4d365.4,Streptomyces sp. CNR698,genome,ftp://massive.ucsd.edu/MSV000078839/spectrum/R5/CNR698_R5_M.mzXML,MSV000078839,True,unvalidated_pairs
0ff7a302-49af-4130-a440-59e284d4d365.4,Streptomyces sp. CNR698,genome,ftp://massive.ucsd.edu/MSV000078839/spectrum/R5/CNR698_R5_E.mzXML,MSV000078839,True,unvalidated_pairs
0ff7a302-49af-4130-a440-59e284d4d365.4,Streptomyces sp. CNS335,genome,ftp://massive.ucsd.edu/MSV000078839/spectrum/R5/CNS335_R5_B.mzXML,MSV000078839,True,unvalidated_pairs
0ff7a302-49af-4130-a440-59e284d4d365.4,Streptomyces sp. CNS335,genome,ftp://massive.ucsd.edu/MSV000078839/spectrum/R5/CNS335_R5_M.mzXML,MSV000078839,True,unvalidated_pairs
0ff7a302-49af-4130-a440-59e284d4d365.4,Streptomyces sp. CNS335,genome,ftp://massive.ucsd.edu/MSV000078839/spectrum/R5/CNS335_R5_E.mzXML,MSV000078839,True,unvalidated_pairs
0ff7a302-49af-4130-a440-59e284d4d365.4,Streptomyces sp. CNS606,genome,ftp://massive.ucsd.edu/MSV000078839/spectrum/R5/CNS606_R5_B.mzXML,MSV000078839,True,unvalidated_pairs
0ff7a302-49af-4130-a440-59e284d4d365.4,Streptomyces sp. CNS606,genome,ftp://massive.ucsd.edu/MSV000078839/spectrum/R5/CNS606_R5_M.mzXML,MSV000078839,True,unvalidated_pairs
0ff7a302-49af-4130-a440-59e284d4d365.4,Streptomyces sp. CNS606,genome,ftp://massive.ucsd.edu/MSV000078839/spectrum/R5/CNS606_R5_E.mzXML,MSV000078839,True,unvalidated_pairs
0ff7a302-49af-4130-a440-59e284d4d365.4,Streptomyces sp. CNS654,genome,ftp://massive.ucsd.edu/MSV000078839/spectrum/R5/CNS654_R5_B.mzXML,MSV000078839,True,unvalidated_pairs
0ff7a302-49af-4130-a440-59e284d4d365.4,Streptomyces sp. CNS654,genome,ftp://massive.ucsd.edu/MSV000078839/spectrum/R5/CNS654_R5_M.mzXML,MSV000078839,True,unvalidated_pairs
0ff7a302-49af-4130-a440-59e284d4d365.4,Streptomyces sp. CNS654,genome,ftp://massive.ucsd.edu/MSV000078839/spectrum/R5/CNS654_R5_E.mzXML,MSV000078839,True,unvalidated_pairs
0ff7a302-49af-4130-a440-59e284d4d365.4,Streptomyces sp. CNT318,genome,ftp://massive.ucsd.edu/MSV000078839/spectrum/R5/CNT318_R5_B.mzXML,MSV000078839,True,unvalidated_pairs
0ff7a302-49af-4130-a440-59e284d4d365.4,Streptomyces sp. CNT318,genome,ftp://massive.ucsd.edu/MSV000078839/spectrum/R5/CNT318_R5_M.mzXML,MSV000078839,True,unvalidated_pairs
0ff7a302-49af-4130-a440-59e284d4d365.4,Streptomyces sp. CNT318,genome,ftp://massive.ucsd.edu/MSV000078839/spectrum/R5/CNT318_R5_E.mzXML,MSV000078839,True,unvalidated_pairs
0ff7a302-49af-4130-a440-59e284d4d365.4,Streptomyces sp. CNT360,genome,ftp://massive.ucsd.edu/MSV000078839/spectrum/R5/CNT360_R5_B.mzXML,MSV000078839,True,unvalidated_pairs
0ff7a302-49af-4130-a440-59e284d4d365.4,Streptomyces sp. CNT360,genome,ftp://massive.ucsd.edu/MSV000078839/spectrum/R5/CNT360_R5_M.mzXML,MSV000078839,True,unvalidated_pairs
0ff7a302-49af-4130-a440-59e284d4d365.4,Streptomyces sp. CNT360,genome,ftp://massive.ucsd.edu/MSV000078839/spectrum/R5/CNT360_R5_E.mzXML,MSV000078839,True,unvalidated_pairs
0ff7a302-49af-4130-a440-59e284d4d365.4,Streptomyces sp. CNT371,genome,ftp://massive.ucsd.edu/MSV000078839/spectrum/R5/CNT371_R5_B.mzXML,MSV000078839,True,unvalidated_pairs
0ff7a302-49af-4130-a440-59e284d4d365.4,Streptomyces sp. CNT371,genome,ftp://massive.ucsd.edu/MSV000078839/spectrum/R5/CNT371_R5_M.mzXML,MSV000078839,True,unvalidated_pairs
0ff7a302-49af-4130-a440-59e284d4d365.4,Streptomyces sp. CNT371,genome,ftp://massive.ucsd.edu/MSV000078839/spectrum/R5/CNT371_R5_E.mzXML,MSV000078839,True,unvalidated_pairs
0ff7a302-49af-4130-a440-59e284d4d365.4,Streptomyces sp. CNT372,genome,ftp://massive.ucsd.edu/MSV000078839/spectrum/R5/CNT372_R5_B.mzXML,MSV000078839,True,unvalidated_pairs
0ff7a302-49af-4130-a440-59e284d4d365.4,Streptomyces sp. CNT372,genome,ftp://massive.ucsd.edu/MSV000078839/spectrum/R5/CNT372_R5_M.mzXML,MSV000078839,True,unvalidated_pairs
0ff7a302-49af-4130-a440-59e284d4d365.4,Streptomyces sp. CNT372,genome,ftp://massive.ucsd.edu/MSV000078839/spectrum/R5/CNT372_R5_E.mzXML,MSV000078839,True,unvalidated_pairs
0ff7a302-49af-4130-a440-59e284d4d365.4,Streptomyces sp. CNX435,genome,ftp://massive.ucsd.edu/MSV000078839/spectrum/R5/CNX435_R5_B.mzXML,MSV000078839,True,unvalidated_pairs
0ff7a302-49af-4130-a440-59e284d4d365.4,Streptomyces sp. CNX435,genome,ftp://massive.ucsd.edu/MSV000078839/spectrum/R5/CNX435_R5_M.mzXML,MSV000078839,True,unvalidated_pairs
0ff7a302-49af-4130-a440-59e284d4d365.4,Streptomyces sp. CNX435,genome,ftp://massive.ucsd.edu/MSV000078839/spectrum/R5/CNX435_R5_E.mzXML,MSV000078839,True,unvalidated_pairs
0ff7a302-49af-4130-a440-59e284d4d365.4,Streptomyces sp. CNY228,genome,ftp://massive.ucsd.edu/MSV000078839/spectrum/R5/CNY228_R5_B.mzXML,MSV000078839,True,unvalidated_pairs
0ff7a302-49af-4130-a440-59e284d4d365.4,Streptomyces sp. CNY228,genome,ftp://massive.ucsd.edu/MSV000078839/spectrum/R5/CNY228_R5_M.mzXML,MSV000078839,True,unvalidated_pairs
0ff7a302-49af-4130-a440-59e284d4d365.4,Streptomyces sp. CNY228,genome,ftp://massive.ucsd.edu/MSV000078839/spectrum/R5/CNY228_R5_E.mzXML,MSV000078839,True,unvalidated_pairs
0ff7a302-49af-4130-a440-59e284d4d365.4,Streptomyces sp. CNY243,genome,ftp://massive.ucsd.edu/MSV000078839/spectrum/R5/CNY243_R5_B.mzXML,MSV000078839,True,unvalidated_pairs
0ff7a302-49af-4130-a440-59e284d4d365.4,Streptomyces sp. CNY243,genome,ftp://massive.ucsd.edu/MSV000078839/spectrum/R5/CNY243_R5_M.mzXML,MSV000078839,True,unvalidated_pairs
0ff7a302-49af-4130-a440-59e284d4d365.4,Streptomyces sp. CNY243,genome,ftp://massive.ucsd.edu/MSV000078839/spectrum/R5/CNY243_R5_E.mzXML,MSV000078839,True,unvalidated_pairs
0ff7a302-49af-4130-a440-59e284d4d365.4,Streptomyces sp. Tu6071,genome,ftp://massive.ucsd.edu/MSV000078839/spectrum/R5/S.Tu6071_R5_B.mzXML,MSV000078839,True,unvalidated_pairs
0ff7a302-49af-4130-a440-59e284d4d365.4,Streptomyces sp. Tu6071,genome,ftp://massive.ucsd.edu/MSV000078839/spectrum/R5/S.Tu6071_R5_M.mzXML,MSV000078839,True,unvalidated_pairs
0ff7a302-49af-4130-a440-59e284d4d365.4,Streptomyces sp. Tu6071,genome,ftp://massive.ucsd.edu/MSV000078839/spectrum/R5/S.Tu6071_R5_E.mzXML,MSV000078839,True,unvalidated_pairs
0ff7a302-49af-4130-a440-59e284d4d365.4,Streptomyces afghanensis,genome,ftp://massive.ucsd.edu/MSV000078839/spectrum/R5/S.afg_R5_B.mzXML,MSV000078839,True,unvalidated_pairs
0ff7a302-49af-4130-a440-59e284d4d365.4,Streptomyces afghanensis,genome,ftp://massive.ucsd.edu/MSV000078839/spectrum/R5/S.afg_R5_M.mzXML,MSV000078839,True,unvalidated_pairs
0ff7a302-49af-4130-a440-59e284d4d365.4,Streptomyces afghanensis,genome,ftp://massive.ucsd.edu/MSV000078839/spectrum/R5/S.afg_R5_E.mzXML,MSV000078839,True,unvalidated_pairs
0ff7a302-49af-4130-a440-59e284d4d365.4,Streptomyces albus,genome,ftp://massive.ucsd.edu/MSV000078839/spectrum/R5/S.alb_R5_B.mzXML,MSV000078839,True,unvalidated_pairs
0ff7a302-49af-4130-a440-59e284d4d365.4,Streptomyces albus,genome,ftp://massive.ucsd.edu/MSV000078839/spectrum/R5/S.alb_R5_M.mzXML,MSV000078839,True,unvalidated_pairs
0ff7a302-49af-4130-a440-59e284d4d365.4,Streptomyces albus,genome,ftp://massive.ucsd.edu/MSV000078839/spectrum/R5/S.alb_R5_E.mzXML,MSV000078839,True,unvalidated_pairs
0ff7a302-49af-4130-a440-59e284d4d365.4,Streptomyces cattleya,genome,ftp://massive.ucsd.edu/MSV000078839/spectrum/R5/S.cat_R5_B.mzXML,MSV000078839,True,unvalidated_pairs
0ff7a302-49af-4130-a440-59e284d4d365.4,Streptomyces cattleya,genome,ftp://massive.ucsd.edu/MSV000078839/spectrum/R5/S.cat_R5_M.mzXML,MSV000078839,True,unvalidated_pairs
0ff7a302-49af-4130-a440-59e284d4d365.4,Streptomyces cattleya,genome,ftp://massive.ucsd.edu/MSV000078839/spectrum/R5/S.cat_R5_E.mzXML,MSV000078839,True,unvalidated_pairs
0ff7a302-49af-4130-a440-59e284d4d365.4,Streptomyces coelicolor,genome,ftp://massive.ucsd.edu/MSV000078839/spectrum/R5/S.co_R5_B.mzXML,MSV000078839,True,unvalidated_pairs
0ff7a302-49af-4130-a440-59e284d4d365.4,Streptomyces coelicolor,genome,ftp://massive.ucsd.edu/MSV000078839/spectrum/R5/S.co_R5_M.mzXML,MSV000078839,True,unvalidated_pairs
0ff7a302-49af-4130-a440-59e284d4d365.4,Streptomyces coelicolor,genome,ftp://massive.ucsd.edu/MSV000078839/spectrum/R5/S.co_R5_E.mzXML,MSV000078839,True,unvalidated_pairs
0ff7a302-49af-4130-a440-59e284d4d365.4,Streptomyces ghanaensis,genome,ftp://massive.ucsd.edu/MSV000078839/spectrum/R5/S.gha_R5_B.mzXML,MSV000078839,True,unvalidated_pairs
0ff7a302-49af-4130-a440-59e284d4d365.4,Streptomyces ghanaensis,genome,ftp://massive.ucsd.edu/MSV000078839/spectrum/R5/S.gha_R5_M.mzXML,MSV000078839,True,unvalidated_pairs
0ff7a302-49af-4130-a440-59e284d4d365.4,Streptomyces ghanaensis,genome,ftp://massive.ucsd.edu/MSV000078839/spectrum/R5/S.gha_R5_E.mzXML,MSV000078839,True,unvalidated_pairs
0ff7a302-49af-4130-a440-59e284d4d365.4,Streptomyces griseoflavus Tu4000,genome,ftp://massive.ucsd.edu/MSV000078839/spectrum/R5/S.grif_R5_B.mzXML,MSV000078839,True,unvalidated_pairs
0ff7a302-49af-4130-a440-59e284d4d365.4,Streptomyces griseoflavus Tu4000,genome,ftp://massive.ucsd.edu/MSV000078839/spectrum/R5/S.grif_R5_M.mzXML,MSV000078839,True,unvalidated_pairs
0ff7a302-49af-4130-a440-59e284d4d365.4,Streptomyces griseoflavus Tu4000,genome,ftp://massive.ucsd.edu/MSV000078839/spectrum/R5/S.grif_R5_E.mzXML,MSV000078839,True,unvalidated_pairs
0ff7a302-49af-4130-a440-59e284d4d365.4,Streptomyces griseus,genome,ftp://massive.ucsd.edu/MSV000078839/spectrum/R5/S.gris_R5_B.mzXML,MSV000078839,True,unvalidated_pairs
0ff7a302-49af-4130-a440-59e284d4d365.4,Streptomyces griseus,genome,ftp://massive.ucsd.edu/MSV000078839/spectrum/R5/S.gris_R5_M.mzXML,MSV000078839,True,unvalidated_pairs
0ff7a302-49af-4130-a440-59e284d4d365.4,Streptomyces griseus,genome,ftp://massive.ucsd.edu/MSV000078839/spectrum/R5/S.gris_R5_E.mzXML,MSV000078839,True,unvalidated_pairs
0ff7a302-49af-4130-a440-59e284d4d365.4,Streptomyces hygroscopicus,genome,ftp://massive.ucsd.edu/MSV000078839/spectrum/R5/S.hyg_R5_B.mzXML,MSV000078839,True,unvalidated_pairs
0ff7a302-49af-4130-a440-59e284d4d365.4,Streptomyces hygroscopicus,genome,ftp://massive.ucsd.edu/MSV000078839/spectrum/R5/S.hyg_R5_M.mzXML,MSV000078839,True,unvalidated_pairs
0ff7a302-49af-4130-a440-59e284d4d365.4,Streptomyces hygroscopicus,genome,ftp://massive.ucsd.edu/MSV000078839/spectrum/R5/S.hyg_R5_E.mzXML,MSV000078839,True,unvalidated_pairs
0ff7a302-49af-4130-a440-59e284d4d365.4,Streptomyces lividans,genome,ftp://massive.ucsd.edu/MSV000078839/spectrum/R5/S.liv_R5_B.mzXML,MSV000078839,True,unvalidated_pairs
0ff7a302-49af-4130-a440-59e284d4d365.4,Streptomyces lividans,genome,ftp://massive.ucsd.edu/MSV000078839/spectrum/R5/S.liv_R5_M.mzXML,MSV000078839,True,unvalidated_pairs
0ff7a302-49af-4130-a440-59e284d4d365.4,Streptomyces lividans,genome,ftp://massive.ucsd.edu/MSV000078839/spectrum/R5/S.liv_R5_E.mzXML,MSV000078839,True,unvalidated_pairs
0ff7a302-49af-4130-a440-59e284d4d365.4,Streptomyces roseosporus,genome,ftp://massive.ucsd.edu/MSV000078839/spectrum/R5/S.ros_R5_B.mzXML,MSV000078839,True,unvalidated_pairs
0ff7a302-49af-4130-a440-59e284d4d365.4,Streptomyces roseosporus,genome,ftp://massive.ucsd.edu/MSV000078839/spectrum/R5/S.ros_R5_M.mzXML,MSV000078839,True,unvalidated_pairs
0ff7a302-49af-4130-a440-59e284d4d365.4,Streptomyces roseosporus,genome,ftp://massive.ucsd.edu/MSV000078839/spectrum/R5/S.ros_R5_E.mzXML,MSV000078839,True,unvalidated_pairs
0ff7a302-49af-4130-a440-59e284d4d365.4,Streptomyces sp. TAA040,genome,ftp://massive.ucsd.edu/MSV000078839/spectrum/R5/TAA040_R5_B.mzXML,MSV000078839,True,unvalidated_pairs
0ff7a302-49af-4130-a440-59e284d4d365.4,Streptomyces sp. TAA040,genome,ftp://massive.ucsd.edu/MSV000078839/spectrum/R5/TAA040_R5_M.mzXML,MSV000078839,True,unvalidated_pairs
0ff7a302-49af-4130-a440-59e284d4d365.4,Streptomyces sp. TAA040,genome,ftp://massive.ucsd.edu/MSV000078839/spectrum/R5/TAA040_R5_E.mzXML,MSV000078839,True,unvalidated_pairs
0ff7a302-49af-4130-a440-59e284d4d365.4,Streptomyces sp. TAA204,genome,ftp://massive.ucsd.edu/MSV000078839/spectrum/R5/TAA204_R5_B.mzXML,MSV000078839,True,unvalidated_pairs
0ff7a302-49af-4130-a440-59e284d4d365.4,Streptomyces sp. TAA204,genome,ftp://massive.ucsd.edu/MSV000078839/spectrum/R5/TAA204_R5_M.mzXML,MSV000078839,True,unvalidated_pairs
0ff7a302-49af-4130-a440-59e284d4d365.4,Streptomyces sp. TAA204,genome,ftp://massive.ucsd.edu/MSV000078839/spectrum/R5/TAA204_R5_E.mzXML,MSV000078839,True,unvalidated_pairs
0ff7a302-49af-4130-a440-59e284d4d365.4,Streptomyces sp. TAA486,genome,ftp://massive.ucsd.edu/MSV000078839/spectrum/R5/TAA486_R5_B.mzXML,MSV000078839,True,unvalidated_pairs
0ff7a302-49af-4130-a440-59e284d4d365.4,Streptomyces sp. TAA486,genome,ftp://massive.ucsd.edu/MSV000078839/spectrum/R5/TAA486_R5_M.mzXML,MSV000078839,True,unvalidated_pairs
0ff7a302-49af-4130-a440-59e284d4d365.4,Streptomyces sp. TAA486,genome,ftp://massive.ucsd.edu/MSV000078839/spectrum/R5/TAA486_R5_E.mzXML,MSV000078839,True,unvalidated_pairs
0ff7a302-49af-4130-a440-59e284d4d365.4,Streptomyces sp. CNH099,genome,ftp://massive.ucsd.edu/MSV000078839/spectrum/A1/CNH099_A1_B.mzXML,MSV000078839,True,unvalidated_pairs
0ff7a302-49af-4130-a440-59e284d4d365.4,Streptomyces sp. CNH099,genome,ftp://massive.ucsd.edu/MSV000078839/spectrum/A1/CNH099_A1_M.mzXML,MSV000078839,True,unvalidated_pairs
0ff7a302-49af-4130-a440-59e284d4d365.4,Streptomyces sp. CNH099,genome,ftp://massive.ucsd.edu/MSV000078839/spectrum/A1/CNH099_A1_E.mzXML,MSV000078839,True,unvalidated_pairs
0ff7a302-49af-4130-a440-59e284d4d365.4,Streptomyces sp. CNH189,genome,ftp://massive.ucsd.edu/MSV000078839/spectrum/A1/CNH189_A1_B.mzXML,MSV000078839,True,unvalidated_pairs
0ff7a302-49af-4130-a440-59e284d4d365.4,Streptomyces sp. CNH189,genome,ftp://massive.ucsd.edu/MSV000078839/spectrum/A1/CNH189_A1_M.mzXML,MSV000078839,True,unvalidated_pairs
0ff7a302-49af-4130-a440-59e284d4d365.4,Streptomyces sp. CNH189,genome,ftp://massive.ucsd.edu/MSV000078839/spectrum/A1/CNH189_A1_E.mzXML,MSV000078839,True,unvalidated_pairs
0ff7a302-49af-4130-a440-59e284d4d365.4,Streptomyces sp. CNH287,genome,ftp://massive.ucsd.edu/MSV000078839/spectrum/A1/CNH287_A1_B.mzXML,MSV000078839,True,unvalidated_pairs
0ff7a302-49af-4130-a440-59e284d4d365.4,Streptomyces sp. CNH287,genome,ftp://massive.ucsd.edu/MSV000078839/spectrum/A1/CNH287_A1_M.mzXML,MSV000078839,True,unvalidated_pairs
0ff7a302-49af-4130-a440-59e284d4d365.4,Streptomyces sp. CNH287,genome,ftp://massive.ucsd.edu/MSV000078839/spectrum/A1/CNH287_A1_E.mzXML,MSV000078839,True,unvalidated_pairs
0ff7a302-49af-4130-a440-59e284d4d365.4,Streptomyces sp. CNP082,genome,ftp://massive.ucsd.edu/MSV000078839/spectrum/A1/CNP082_A1_B.mzXML,MSV000078839,True,unvalidated_pairs
0ff7a302-49af-4130-a440-59e284d4d365.4,Streptomyces sp. CNP082,genome,ftp://massive.ucsd.edu/MSV000078839/spectrum/A1/CNP082_A1_M.mzXML,MSV000078839,True,unvalidated_pairs
0ff7a302-49af-4130-a440-59e284d4d365.4,Streptomyces sp. CNP082,genome,ftp://massive.ucsd.edu/MSV000078839/spectrum/A1/CNP082_A1_E.mzXML,MSV000078839,True,unvalidated_pairs
0ff7a302-49af-4130-a440-59e284d4d365.4,Streptomyces sp. CNQ329,genome,ftp://massive.ucsd.edu/MSV000078839/spectrum/A1/CNQ329_A1_B.mzXML,MSV000078839,True,unvalidated_pairs
0ff7a302-49af-4130-a440-59e284d4d365.4,Streptomyces sp. CNQ329,genome,ftp://massive.ucsd.edu/MSV000078839/spectrum/A1/CNQ329_A1_M.mzXML,MSV000078839,True,unvalidated_pairs
0ff7a302-49af-4130-a440-59e284d4d365.4,Streptomyces sp. CNQ329,genome,ftp://massive.ucsd.edu/MSV000078839/spectrum/A1/CNQ329_A1_E.mzXML,MSV000078839,True,unvalidated_pairs
0ff7a302-49af-4130-a440-59e284d4d365.4,Streptomyces sp. CNQ525,genome,ftp://massive.ucsd.edu/MSV000078839/spectrum/A1/CNQ525_A1_B.mzXML,MSV000078839,True,unvalidated_pairs
0ff7a302-49af-4130-a440-59e284d4d365.4,Streptomyces sp. CNQ525,genome,ftp://massive.ucsd.edu/MSV000078839/spectrum/A1/CNQ525_A1_M.mzXML,MSV000078839,True,unvalidated_pairs
0ff7a302-49af-4130-a440-59e284d4d365.4,Streptomyces sp. CNQ525,genome,ftp://massive.ucsd.edu/MSV000078839/spectrum/A1/CNQ525_A1_E.mzXML,MSV000078839,True,unvalidated_pairs
0ff7a302-49af-4130-a440-59e284d4d365.4,Streptomyces sp. CNQ766,genome,ftp://massive.ucsd.edu/MSV000078839/spectrum/A1/CNQ766_A1_B.mzXML,MSV000078839,True,unvalidated_pairs
0ff7a302-49af-4130-a440-59e284d4d365.4,Streptomyces sp. CNQ766,genome,ftp://massive.ucsd.edu/MSV000078839/spectrum/A1/CNQ766_A1_M.mzXML,MSV000078839,True,unvalidated_pairs
0ff7a302-49af-4130-a440-59e284d4d365.4,Streptomyces sp. CNQ766,genome,ftp://massive.ucsd.edu/MSV000078839/spectrum/A1/CNQ766_A1_E.mzXML,MSV000078839,True,unvalidated_pairs
0ff7a302-49af-4130-a440-59e284d4d365.4,Streptomyces sp. CNQ865,genome,ftp://massive.ucsd.edu/MSV000078839/spectrum/A1/CNQ865_A1_B.mzXML,MSV000078839,True,unvalidated_pairs
0ff7a302-49af-4130-a440-59e284d4d365.4,Streptomyces sp. CNQ865,genome,ftp://massive.ucsd.edu/MSV000078839/spectrum/A1/CNQ865_A1_M.mzXML,MSV000078839,True,unvalidated_pairs
0ff7a302-49af-4130-a440-59e284d4d365.4,Streptomyces sp. CNQ865,genome,ftp://massive.ucsd.edu/MSV000078839/spectrum/A1/CNQ865_A1_E.mzXML,MSV000078839,True,unvalidated_pairs
0ff7a302-49af-4130-a440-59e284d4d365.4,Streptomyces sp. CNR698,genome,ftp://massive.ucsd.edu/MSV000078839/spectrum/A1/CNR698_A1_B.mzXML,MSV000078839,True,unvalidated_pairs
0ff7a302-49af-4130-a440-59e284d4d365.4,Streptomyces sp. CNR698,genome,ftp://massive.ucsd.edu/MSV000078839/spectrum/A1/CNR698_A1_M.mzXML,MSV000078839,True,unvalidated_pairs
0ff7a302-49af-4130-a440-59e284d4d365.4,Streptomyces sp. CNR698,genome,ftp://massive.ucsd.edu/MSV000078839/spectrum/A1/CNR698_A1_E.mzXML,MSV000078839,True,unvalidated_pairs
0ff7a302-49af-4130-a440-59e284d4d365.4,Streptomyces sp. CNS335,genome,ftp://massive.ucsd.edu/MSV000078839/spectrum/A1/CNS335_A1_B.mzXML,MSV000078839,True,unvalidated_pairs
0ff7a302-49af-4130-a440-59e284d4d365.4,Streptomyces sp. CNS335,genome,ftp://massive.ucsd.edu/MSV000078839/spectrum/A1/CNS335_A1_M.mzXML,MSV000078839,True,unvalidated_pairs
0ff7a302-49af-4130-a440-59e284d4d365.4,Streptomyces sp. CNS335,genome,ftp://massive.ucsd.edu/MSV000078839/spectrum/A1/CNS335_A1_E.mzXML,MSV000078839,True,unvalidated_pairs
0ff7a302-49af-4130-a440-59e284d4d365.4,Streptomyces sp. CNS606,genome,ftp://massive.ucsd.edu/MSV000078839/spectrum/A1/CNS606_A1_B.mzXML,MSV000078839,True,unvalidated_pairs
0ff7a302-49af-4130-a440-59e284d4d365.4,Streptomyces sp. CNS606,genome,ftp://massive.ucsd.edu/MSV000078839/spectrum/A1/CNS606_A1_M.mzXML,MSV000078839,True,unvalidated_pairs
0ff7a302-49af-4130-a440-59e284d4d365.4,Streptomyces sp. CNS606,genome,ftp://massive.ucsd.edu/MSV000078839/spectrum/A1/CNS606_A1_E.mzXML,MSV000078839,True,unvalidated_pairs
0ff7a302-49af-4130-a440-59e284d4d365.4,Streptomyces sp. CNS654,genome,ftp://massive.ucsd.edu/MSV000078839/spectrum/A1/CNS654_A1_B.mzXML,MSV000078839,True,unvalidated_pairs
0ff7a302-49af-4130-a440-59e284d4d365.4,Streptomyces sp. CNS654,genome,ftp://massive.ucsd.edu/MSV000078839/spectrum/A1/CNS654_A1_M.mzXML,MSV000078839,True,unvalidated_pairs
0ff7a302-49af-4130-a440-59e284d4d365.4,Streptomyces sp. CNS654,genome,ftp://massive.ucsd.edu/MSV000078839/spectrum/A1/CNS654_A1_E.mzXML,MSV000078839,True,unvalidated_pairs
0ff7a302-49af-4130-a440-59e284d4d365.4,Streptomyces sp. CNT318,genome,ftp://massive.ucsd.edu/MSV000078839/spectrum/A1/CNT318_A1_B.mzXML,MSV000078839,True,unvalidated_pairs
0ff7a302-49af-4130-a440-59e284d4d365.4,Streptomyces sp. CNT318,genome,ftp://massive.ucsd.edu/MSV000078839/spectrum/A1/CNT318_A1_M.mzXML,MSV000078839,True,unvalidated_pairs
0ff7a302-49af-4130-a440-59e284d4d365.4,Streptomyces sp. CNT318,genome,ftp://massive.ucsd.edu/MSV000078839/spectrum/A1/CNT318_A1_E.mzXML,MSV000078839,True,unvalidated_pairs
0ff7a302-49af-4130-a440-59e284d4d365.4,Streptomyces sp. CNT360,genome,ftp://massive.ucsd.edu/MSV000078839/spectrum/A1/CNT360_A1_B.mzXML,MSV000078839,True,unvalidated_pairs
0ff7a302-49af-4130-a440-59e284d4d365.4,Streptomyces sp. CNT360,genome,ftp://massive.ucsd.edu/MSV000078839/spectrum/A1/CNT360_A1_M.mzXML,MSV000078839,True,unvalidated_pairs
0ff7a302-49af-4130-a440-59e284d4d365.4,Streptomyces sp. CNT360,genome,ftp://massive.ucsd.edu/MSV000078839/spectrum/A1/CNT360_A1_E.mzXML,MSV000078839,True,unvalidated_pairs
0ff7a302-49af-4130-a440-59e284d4d365.4,Streptomyces sp. CNT371,genome,ftp://massive.ucsd.edu/MSV000078839/spectrum/A1/CNT371_A1_B.mzXML,MSV000078839,True,unvalidated_pairs
0ff7a302-49af-4130-a440-59e284d4d365.4,Streptomyces sp. CNT371,genome,ftp://massive.ucsd.edu/MSV000078839/spectrum/A1/CNT371_A1_M.mzXML,MSV000078839,True,unvalidated_pairs
0ff7a302-49af-4130-a440-59e284d4d365.4,Streptomyces sp. CNT371,genome,ftp://massive.ucsd.edu/MSV000078839/spectrum/A1/CNT371_A1_E.mzXML,MSV000078839,True,unvalidated_pairs
0ff7a302-49af-4130-a440-59e284d4d365.4,Streptomyces sp. CNT372,genome,ftp://massive.ucsd.edu/MSV000078839/spectrum/A1/CNT372_A1_B.mzXML,MSV000078839,True,unvalidated_pairs
0ff7a302-49af-4130-a440-59e284d4d365.4,Streptomyces sp. CNT372,genome,ftp://massive.ucsd.edu/MSV000078839/spectrum/A1/CNT372_A1_M.mzXML,MSV000078839,True,unvalidated_pairs
0ff7a302-49af-4130-a440-59e284d4d365.4,Streptomyces sp. CNT372,genome,ftp://massive.ucsd.edu/MSV000078839/spectrum/A1/CNT372_A1_E.mzXML,MSV000078839,True,unvalidated_pairs
0ff7a302-49af-4130-a440-59e284d4d365.4,Streptomyces sp. CNX435,genome,ftp://massive.ucsd.edu/MSV000078839/spectrum/A1/CNX435_A1_B.mzXML,MSV000078839,True,unvalidated_pairs
0ff7a302-49af-4130-a440-59e284d4d365.4,Streptomyces sp. CNX435,genome,ftp://massive.ucsd.edu/MSV000078839/spectrum/A1/CNX435_A1_M.mzXML,MSV000078839,True,unvalidated_pairs
0ff7a302-49af-4130-a440-59e284d4d365.4,Streptomyces sp. CNX435,genome,ftp://massive.ucsd.edu/MSV000078839/spectrum/A1/CNX435_A1_E.mzXML,MSV000078839,True,unvalidated_pairs
0ff7a302-49af-4130-a440-59e284d4d365.4,Streptomyces sp. CNY228,genome,ftp://massive.ucsd.edu/MSV000078839/spectrum/A1/CNY228_A1_B.mzXML,MSV000078839,True,unvalidated_pairs
0ff7a302-49af-4130-a440-59e284d4d365.4,Streptomyces sp. CNY228,genome,ftp://massive.ucsd.edu/MSV000078839/spectrum/A1/CNY228_A1_M.mzXML,MSV000078839,True,unvalidated_pairs
0ff7a302-49af-4130-a440-59e284d4d365.4,Streptomyces sp. CNY228,genome,ftp://massive.ucsd.edu/MSV000078839/spectrum/A1/CNY228_A1_E.mzXML,MSV000078839,True,unvalidated_pairs
0ff7a302-49af-4130-a440-59e284d4d365.4,Streptomyces sp. CNY243,genome,ftp://massive.ucsd.edu/MSV000078839/spectrum/A1/CNY243_A1_B.mzXML,MSV000078839,True,unvalidated_pairs
0ff7a302-49af-4130-a440-59e284d4d365.4,Streptomyces sp. CNY243,genome,ftp://massive.ucsd.edu/MSV000078839/spectrum/A1/CNY243_A1_M.mzXML,MSV000078839,True,unvalidated_pairs
0ff7a302-49af-4130-a440-59e284d4d365.4,Streptomyces sp. CNY243,genome,ftp://massive.ucsd.edu/MSV000078839/spectrum/A1/CNY243_A1_E.mzXML,MSV000078839,True,unvalidated_pairs
0ff7a302-49af-4130-a440-59e284d4d365.4,Streptomyces sp. Tu6071,genome,ftp://massive.ucsd.edu/MSV000078839/spectrum/A1/S.Tu6071_A1_B.mzXML,MSV000078839,True,unvalidated_pairs
0ff7a302-49af-4130-a440-59e284d4d365.4,Streptomyces sp. Tu6071,genome,ftp://massive.ucsd.edu/MSV000078839/spectrum/A1/S.Tu6071_A1_M.mzXML,MSV000078839,True,unvalidated_pairs
0ff7a302-49af-4130-a440-59e284d4d365.4,Streptomyces sp. Tu6071,genome,ftp://massive.ucsd.edu/MSV000078839/spectrum/A1/S.Tu6071_A1_E.mzXML,MSV000078839,True,unvalidated_pairs
0ff7a302-49af-4130-a440-59e284d4d365.4,Streptomyces afghanensis,genome,ftp://massive.ucsd.edu/MSV000078839/spectrum/A1/S.afg_A1_B.mzXML,MSV000078839,True,unvalidated_pairs
0ff7a302-49af-4130-a440-59e284d4d365.4,Streptomyces afghanensis,genome,ftp://massive.ucsd.edu/MSV000078839/spectrum/A1/S.afg_A1_M.mzXML,MSV000078839,True,unvalidated_pairs
0ff7a302-49af-4130-a440-59e284d4d365.4,Streptomyces afghanensis,genome,ftp://massive.ucsd.edu/MSV000078839/spectrum/A1/S.afg_A1_E.mzXML,MSV000078839,True,unvalidated_pairs
0ff7a302-49af-4130-a440-59e284d4d365.4,Streptomyces albus,genome,ftp://massive.ucsd.edu/MSV000078839/spectrum/A1/S.alb_A1_B.mzXML,MSV000078839,True,unvalidated_pairs
0ff7a302-49af-4130-a440-59e284d4d365.4,Streptomyces albus,genome,ftp://massive.ucsd.edu/MSV000078839/spectrum/A1/S.alb_A1_M.mzXML,MSV000078839,True,unvalidated_pairs
0ff7a302-49af-4130-a440-59e284d4d365.4,Streptomyces albus,genome,ftp://massive.ucsd.edu/MSV000078839/spectrum/A1/S.alb_A1_E.mzXML,MSV000078839,True,unvalidated_pairs
0ff7a302-49af-4130-a440-59e284d4d365.4,Streptomyces cattleya,genome,ftp://massive.ucsd.edu/MSV000078839/spectrum/A1/S.cat_A1_B.mzXML,MSV000078839,True,unvalidated_pairs
0ff7a302-49af-4130-a440-59e284d4d365.4,Streptomyces cattleya,genome,ftp://massive.ucsd.edu/MSV000078839/spectrum/A1/S.cat_A1_M.mzXML,MSV000078839,True,unvalidated_pairs
0ff7a302-49af-4130-a440-59e284d4d365.4,Streptomyces cattleya,genome,ftp://massive.ucsd.edu/MSV000078839/spectrum/A1/S.cat_A1_E.mzXML,MSV000078839,True,unvalidated_pairs
0ff7a302-49af-4130-a440-59e284d4d365.4,Streptomyces coelicolor,genome,ftp://massive.ucsd.edu/MSV000078839/spectrum/A1/S.co_A1_B.mzXML,MSV000078839,True,unvalidated_pairs
0ff7a302-49af-4130-a440-59e284d4d365.4,Streptomyces coelicolor,genome,ftp://massive.ucsd.edu/MSV000078839/spectrum/A1/S.co_A1_M.mzXML,MSV000078839,True,unvalidated_pairs
0ff7a302-49af-4130-a440-59e284d4d365.4,Streptomyces coelicolor,genome,ftp://massive.ucsd.edu/MSV000078839/spectrum/A1/S.co_A1_E.mzXML,MSV000078839,True,unvalidated_pairs
0ff7a302-49af-4130-a440-59e284d4d365.4,Streptomyces ghanaensis,genome,ftp://massive.ucsd.edu/MSV000078839/spectrum/A1/S.gha_A1_B.mzXML,MSV000078839,True,unvalidated_pairs
0ff7a302-49af-4130-a440-59e284d4d365.4,Streptomyces ghanaensis,genome,ftp://massive.ucsd.edu/MSV000078839/spectrum/A1/S.gha_A1_M.mzXML,MSV000078839,True,unvalidated_pairs
0ff7a302-49af-4130-a440-59e284d4d365.4,Streptomyces ghanaensis,genome,ftp://massive.ucsd.edu/MSV000078839/spectrum/A1/S.gha_A1_E.mzXML,MSV000078839,True,unvalidated_pairs
0ff7a302-49af-4130-a440-59e284d4d365.4,Streptomyces griseoflavus Tu4000,genome,ftp://massive.ucsd.edu/MSV000078839/spectrum/A1/S.grif_A1_B.mzXML,MSV000078839,True,unvalidated_pairs
0ff7a302-49af-4130-a440-59e284d4d365.4,Streptomyces griseoflavus Tu4000,genome,ftp://massive.ucsd.edu/MSV000078839/spectrum/A1/S.grif_A1_M.mzXML,MSV000078839,True,unvalidated_pairs
0ff7a302-49af-4130-a440-59e284d4d365.4,Streptomyces griseoflavus Tu4000,genome,ftp://massive.ucsd.edu/MSV000078839/spectrum/A1/S.grif_A1_E.mzXML,MSV000078839,True,unvalidated_pairs
0ff7a302-49af-4130-a440-59e284d4d365.4,Streptomyces griseus,genome,ftp://massive.ucsd.edu/MSV000078839/spectrum/A1/S.gris_A1_B.mzXML,MSV000078839,True,unvalidated_pairs
0ff7a302-49af-4130-a440-59e284d4d365.4,Streptomyces griseus,genome,ftp://massive.ucsd.edu/MSV000078839/spectrum/A1/S.gris_A1_M.mzXML,MSV000078839,True,unvalidated_pairs
0ff7a302-49af-4130-a440-59e284d4d365.4,Streptomyces griseus,genome,ftp://massive.ucsd.edu/MSV000078839/spectrum/A1/S.gris_A1_E.mzXML,MSV000078839,True,unvalidated_pairs
0ff7a302-49af-4130-a440-59e284d4d365.4,Streptomyces hygroscopicus,genome,ftp://massive.ucsd.edu/MSV000078839/spectrum/A1/S.hyg_A1_B.mzXML,MSV000078839,True,unvalidated_pairs
0ff7a302-49af-4130-a440-59e284d4d365.4,Streptomyces hygroscopicus,genome,ftp://massive.ucsd.edu/MSV000078839/spectrum/A1/S.hyg_A1_M.mzXML,MSV000078839,True,unvalidated_pairs
0ff7a302-49af-4130-a440-59e284d4d365.4,Streptomyces hygroscopicus,genome,ftp://massive.ucsd.edu/MSV000078839/spectrum/A1/S.hyg_A1_E.mzXML,MSV000078839,True,unvalidated_pairs
0ff7a302-49af-4130-a440-59e284d4d365.4,Streptomyces lividans,genome,ftp://massive.ucsd.edu/MSV000078839/spectrum/A1/S.liv_A1_B.mzXML,MSV000078839,True,unvalidated_pairs
0ff7a302-49af-4130-a440-59e284d4d365.4,Streptomyces lividans,genome,ftp://massive.ucsd.edu/MSV000078839/spectrum/A1/S.liv_A1_M.mzXML,MSV000078839,True,unvalidated_pairs
0ff7a302-49af-4130-a440-59e284d4d365.4,Streptomyces lividans,genome,ftp://massive.ucsd.edu/MSV000078839/spectrum/A1/S.liv_A1_E.mzXML,MSV000078839,True,unvalidated_pairs
0ff7a302-49af-4130-a440-59e284d4d365.4,Streptomyces roseosporus,genome,ftp://massive.ucsd.edu/MSV000078839/spectrum/A1//S.ros_A1_B.mzXML,MSV000078839,True,unvalidated_pairs
0ff7a302-49af-4130-a440-59e284d4d365.4,Streptomyces roseosporus,genome,ftp://massive.ucsd.edu/MSV000078839/spectrum/A1/S.ros_A1_M.mzXML,MSV000078839,True,unvalidated_pairs
0ff7a302-49af-4130-a440-59e284d4d365.4,Streptomyces roseosporus,genome,ftp://massive.ucsd.edu/MSV000078839/spectrum/A1/S.ros_A1_E.mzXML,MSV000078839,True,unvalidated_pairs
0ff7a302-49af-4130-a440-59e284d4d365.4,Streptomyces sp. TAA040,genome,ftp://massive.ucsd.edu/MSV000078839/spectrum/A1/TAA040_A1_B.mzXML,MSV000078839,True,unvalidated_pairs
0ff7a302-49af-4130-a440-59e284d4d365.4,Streptomyces sp. TAA040,genome,ftp://massive.ucsd.edu/MSV000078839/spectrum/A1/TAA040_A1_M.mzXML,MSV000078839,True,unvalidated_pairs
0ff7a302-49af-4130-a440-59e284d4d365.4,Streptomyces sp. TAA040,genome,ftp://massive.ucsd.edu/MSV000078839/spectrum/A1/TAA040_A1_E.mzXML,MSV000078839,True,unvalidated_pairs
0ff7a302-49af-4130-a440-59e284d4d365.4,Streptomyces sp. TAA204,genome,ftp://massive.ucsd.edu/MSV000078839/spectrum/A1/TAA204_A1_B.mzXML,MSV000078839,True,unvalidated_pairs
0ff7a302-49af-4130-a440-59e284d4d365.4,Streptomyces sp. TAA204,genome,ftp://massive.ucsd.edu/MSV000078839/spectrum/A1/TAA204_A1_M.mzXML,MSV000078839,True,unvalidated_pairs
0ff7a302-49af-4130-a440-59e284d4d365.4,Streptomyces sp. TAA204,genome,ftp://massive.ucsd.edu/MSV000078839/spectrum/A1/TAA204_A1_E.mzXML,MSV000078839,True,unvalidated_pairs
0ff7a302-49af-4130-a440-59e284d4d365.4,Streptomyces sp. TAA486,genome,ftp://massive.ucsd.edu/MSV000078839/spectrum/A1/TAA486_A1_B.mzXML,MSV000078839,True,unvalidated_pairs
0ff7a302-49af-4130-a440-59e284d4d365.4,Streptomyces sp. TAA486,genome,ftp://massive.ucsd.edu/MSV000078839/spectrum/A1/TAA486_A1_M.mzXML,MSV000078839,True,unvalidated_pairs
0ff7a302-49af-4130-a440-59e284d4d365.4,Streptomyces sp. TAA486,genome,ftp://massive.ucsd.edu/MSV000078839/spectrum/A1/TAA486_A1_E.mzXML,MSV000078839,True,unvalidated_pairs
0ff7a302-49af-4130-a440-59e284d4d365.4,Streptomyces sp. CNH099,genome,ftp://massive.ucsd.edu/MSV000078839/spectrum/MS/CNH099_MS_B.mzXML,MSV000078839,True,unvalidated_pairs
0ff7a302-49af-4130-a440-59e284d4d365.4,Streptomyces sp. CNH099,genome,ftp://massive.ucsd.edu/MSV000078839/spectrum/MS/CNH099_MS_M.mzXML,MSV000078839,True,unvalidated_pairs
0ff7a302-49af-4130-a440-59e284d4d365.4,Streptomyces sp. CNH099,genome,ftp://massive.ucsd.edu/MSV000078839/spectrum/MS/CNH099_MS_E.mzXML,MSV000078839,True,unvalidated_pairs
0ff7a302-49af-4130-a440-59e284d4d365.4,Streptomyces sp. CNH189,genome,ftp://massive.ucsd.edu/MSV000078839/spectrum/MS/CNH189_MS_B.mzXML,MSV000078839,True,unvalidated_pairs
0ff7a302-49af-4130-a440-59e284d4d365.4,Streptomyces sp. CNH189,genome,ftp://massive.ucsd.edu/MSV000078839/spectrum/MS/CNH189_MS_M.mzXML,MSV000078839,True,unvalidated_pairs
0ff7a302-49af-4130-a440-59e284d4d365.4,Streptomyces sp. CNH189,genome,ftp://massive.ucsd.edu/MSV000078839/spectrum/MS/CNH189_MS_E.mzXML,MSV000078839,True,unvalidated_pairs
0ff7a302-49af-4130-a440-59e284d4d365.4,Streptomyces sp. CNH287,genome,ftp://massive.ucsd.edu/MSV000078839/spectrum/MS/CNH287_MS_B.mzXML,MSV000078839,True,unvalidated_pairs
0ff7a302-49af-4130-a440-59e284d4d365.4,Streptomyces sp. CNH287,genome,ftp://massive.ucsd.edu/MSV000078839/spectrum/MS/CNH287_MS_M.mzXML,MSV000078839,True,unvalidated_pairs
0ff7a302-49af-4130-a440-59e284d4d365.4,Streptomyces sp. CNH287,genome,ftp://massive.ucsd.edu/MSV000078839/spectrum/MS/CNH287_MS_E.mzXML,MSV000078839,True,unvalidated_pairs
0ff7a302-49af-4130-a440-59e284d4d365.4,Streptomyces sp. CNP082,genome,ftp://massive.ucsd.edu/MSV000078839/spectrum/MS/CNP082_MS_B.mzXML,MSV000078839,True,unvalidated_pairs
0ff7a302-49af-4130-a440-59e284d4d365.4,Streptomyces sp. CNP082,genome,ftp://massive.ucsd.edu/MSV000078839/spectrum/MS/CNP082_MS_M.mzXML,MSV000078839,True,unvalidated_pairs
0ff7a302-49af-4130-a440-59e284d4d365.4,Streptomyces sp. CNP082,genome,ftp://massive.ucsd.edu/MSV000078839/spectrum/MS/CNP082_MS_E.mzXML,MSV000078839,True,unvalidated_pairs
0ff7a302-49af-4130-a440-59e284d4d365.4,Streptomyces sp. CNQ329,genome,ftp://massive.ucsd.edu/MSV000078839/spectrum/MS/CNQ329_MS_B.mzXML,MSV000078839,True,unvalidated_pairs
0ff7a302-49af-4130-a440-59e284d4d365.4,Streptomyces sp. CNQ329,genome,ftp://massive.ucsd.edu/MSV000078839/spectrum/MS/CNQ329_MS_M.mzXML,MSV000078839,True,unvalidated_pairs
0ff7a302-49af-4130-a440-59e284d4d365.4,Streptomyces sp. CNQ329,genome,ftp://massive.ucsd.edu/MSV000078839/spectrum/MS/CNQ329_MS_E.mzXML,MSV000078839,True,unvalidated_pairs
0ff7a302-49af-4130-a440-59e284d4d365.4,Streptomyces sp. CNQ525,genome,ftp://massive.ucsd.edu/MSV000078839/spectrum/MS/CNQ525_MS_B.mzXML,MSV000078839,True,unvalidated_pairs
0ff7a302-49af-4130-a440-59e284d4d365.4,Streptomyces sp. CNQ525,genome,ftp://massive.ucsd.edu/MSV000078839/spectrum/MS/CNQ525_MS_M.mzXML,MSV000078839,True,unvalidated_pairs
0ff7a302-49af-4130-a440-59e284d4d365.4,Streptomyces sp. CNQ525,genome,ftp://massive.ucsd.edu/MSV000078839/spectrum/MS/CNQ525_MS_E.mzXML,MSV000078839,True,unvalidated_pairs
0ff7a302-49af-4130-a440-59e284d4d365.4,Streptomyces sp. CNQ766,genome,ftp://massive.ucsd.edu/MSV000078839/spectrum/MS/CNQ766_MS_B.mzXML,MSV000078839,True,unvalidated_pairs
0ff7a302-49af-4130-a440-59e284d4d365.4,Streptomyces sp. CNQ766,genome,ftp://massive.ucsd.edu/MSV000078839/spectrum/MS/CNQ766_MS_M.mzXML,MSV000078839,True,unvalidated_pairs
0ff7a302-49af-4130-a440-59e284d4d365.4,Streptomyces sp. CNQ766,genome,ftp://massive.ucsd.edu/MSV000078839/spectrum/MS/CNQ766_MS_E.mzXML,MSV000078839,True,unvalidated_pairs
0ff7a302-49af-4130-a440-59e284d4d365.4,Streptomyces sp. CNQ865,genome,ftp://massive.ucsd.edu/MSV000078839/spectrum/MS/CNQ865_MS_B.mzXML,MSV000078839,True,unvalidated_pairs
0ff7a302-49af-4130-a440-59e284d4d365.4,Streptomyces sp. CNQ865,genome,ftp://massive.ucsd.edu/MSV000078839/spectrum/MS/CNQ865_MS_M.mzXML,MSV000078839,True,unvalidated_pairs
0ff7a302-49af-4130-a440-59e284d4d365.4,Streptomyces sp. CNQ865,genome,ftp://massive.ucsd.edu/MSV000078839/spectrum/MS/CNQ865_MS_E.mzXML,MSV000078839,True,unvalidated_pairs
0ff7a302-49af-4130-a440-59e284d4d365.4,Streptomyces sp. CNR698,genome,ftp://massive.ucsd.edu/MSV000078839/spectrum/MS/CNR698_MS_B.mzXML,MSV000078839,True,unvalidated_pairs
0ff7a302-49af-4130-a440-59e284d4d365.4,Streptomyces sp. CNR698,genome,ftp://massive.ucsd.edu/MSV000078839/spectrum/MS/CNR698_MS_M.mzXML,MSV000078839,True,unvalidated_pairs
0ff7a302-49af-4130-a440-59e284d4d365.4,Streptomyces sp. CNR698,genome,ftp://massive.ucsd.edu/MSV000078839/spectrum/MS/CNR698_MS_E.mzXML,MSV000078839,True,unvalidated_pairs
0ff7a302-49af-4130-a440-59e284d4d365.4,Streptomyces sp. CNS335,genome,ftp://massive.ucsd.edu/MSV000078839/spectrum/MS/CNS335_MS_B.mzXML,MSV000078839,True,unvalidated_pairs
0ff7a302-49af-4130-a440-59e284d4d365.4,Streptomyces sp. CNS335,genome,ftp://massive.ucsd.edu/MSV000078839/spectrum/MS/CNS335_MS_M.mzXML,MSV000078839,True,unvalidated_pairs
0ff7a302-49af-4130-a440-59e284d4d365.4,Streptomyces sp. CNS335,genome,ftp://massive.ucsd.edu/MSV000078839/spectrum/MS/CNS335_MS_E.mzXML,MSV000078839,True,unvalidated_pairs
0ff7a302-49af-4130-a440-59e284d4d365.4,Streptomyces sp. CNS606,genome,ftp://massive.ucsd.edu/MSV000078839/spectrum/MS/CNS606_MS_B.mzXML,MSV000078839,True,unvalidated_pairs
0ff7a302-49af-4130-a440-59e284d4d365.4,Streptomyces sp. CNS606,genome,ftp://massive.ucsd.edu/MSV000078839/spectrum/MS/CNS606_MS_M.mzXML,MSV000078839,True,unvalidated_pairs
0ff7a302-49af-4130-a440-59e284d4d365.4,Streptomyces sp. CNS606,genome,ftp://massive.ucsd.edu/MSV000078839/spectrum/MS/CNS606_MS_E.mzXML,MSV000078839,True,unvalidated_pairs
0ff7a302-49af-4130-a440-59e284d4d365.4,Streptomyces sp. CNS654,genome,ftp://massive.ucsd.edu/MSV000078839/spectrum/MS/CNS654_MS_B.mzXML,MSV000078839,True,unvalidated_pairs
0ff7a302-49af-4130-a440-59e284d4d365.4,Streptomyces sp. CNS654,genome,ftp://massive.ucsd.edu/MSV000078839/spectrum/MS/CNS654_MS_M.mzXML,MSV000078839,True,unvalidated_pairs
0ff7a302-49af-4130-a440-59e284d4d365.4,Streptomyces sp. CNS654,genome,ftp://massive.ucsd.edu/MSV000078839/spectrum/MS/CNS654_MS_E.mzXML,MSV000078839,True,unvalidated_pairs
0ff7a302-49af-4130-a440-59e284d4d365.4,Streptomyces sp. CNT318,genome,ftp://massive.ucsd.edu/MSV000078839/spectrum/MS/CNT318_MS_B.mzXML,MSV000078839,True,unvalidated_pairs
0ff7a302-49af-4130-a440-59e284d4d365.4,Streptomyces sp. CNT318,genome,ftp://massive.ucsd.edu/MSV000078839/spectrum/MS/CNT318_MS_M.mzXML,MSV000078839,True,unvalidated_pairs
0ff7a302-49af-4130-a440-59e284d4d365.4,Streptomyces sp. CNT318,genome,ftp://massive.ucsd.edu/MSV000078839/spectrum/MS/CNT318_MS_E.mzXML,MSV000078839,True,unvalidated_pairs
0ff7a302-49af-4130-a440-59e284d4d365.4,Streptomyces sp. CNT360,genome,ftp://massive.ucsd.edu/MSV000078839/spectrum/MS/CNT360_MS_B.mzXML,MSV000078839,True,unvalidated_pairs
0ff7a302-49af-4130-a440-59e284d4d365.4,Streptomyces sp. CNT360,genome,ftp://massive.ucsd.edu/MSV000078839/spectrum/MS/CNT360_MS_M.mzXML,MSV000078839,True,unvalidated_pairs
0ff7a302-49af-4130-a440-59e284d4d365.4,Streptomyces sp. CNT360,genome,ftp://massive.ucsd.edu/MSV000078839/spectrum/MS/CNT360_MS_E.mzXML,MSV000078839,True,unvalidated_pairs
0ff7a302-49af-4130-a440-59e284d4d365.4,Streptomyces sp. CNT371,genome,ftp://massive.ucsd.edu/MSV000078839/spectrum/MS/CNT371_MS_B.mzXML,MSV000078839,True,unvalidated_pairs
0ff7a302-49af-4130-a440-59e284d4d365.4,Streptomyces sp. CNT371,genome,ftp://massive.ucsd.edu/MSV000078839/spectrum/MS/CNT371_MS_M.mzXML,MSV000078839,True,unvalidated_pairs
0ff7a302-49af-4130-a440-59e284d4d365.4,Streptomyces sp. CNT371,genome,ftp://massive.ucsd.edu/MSV000078839/spectrum/MS/CNT371_MS_E.mzXML,MSV000078839,True,unvalidated_pairs
0ff7a302-49af-4130-a440-59e284d4d365.4,Streptomyces sp. CNT372,genome,ftp://massive.ucsd.edu/MSV000078839/spectrum/MS/CNT372_MS_B.mzXML,MSV000078839,True,unvalidated_pairs
0ff7a302-49af-4130-a440-59e284d4d365.4,Streptomyces sp. CNT372,genome,ftp://massive.ucsd.edu/MSV000078839/spectrum/MS/CNT372_MS_M.mzXML,MSV000078839,True,unvalidated_pairs
0ff7a302-49af-4130-a440-59e284d4d365.4,Streptomyces sp. CNT372,genome,ftp://massive.ucsd.edu/MSV000078839/spectrum/MS/CNT372_MS_E.mzXML,MSV000078839,True,unvalidated_pairs
0ff7a302-49af-4130-a440-59e284d4d365.4,Streptomyces sp. CNX435,genome,ftp://massive.ucsd.edu/MSV000078839/spectrum/MS/CNX435_MS_B.mzXML,MSV000078839,True,unvalidated_pairs
0ff7a302-49af-4130-a440-59e284d4d365.4,Streptomyces sp. CNX435,genome,ftp://massive.ucsd.edu/MSV000078839/spectrum/MS/CNX435_MS_M.mzXML,MSV000078839,True,unvalidated_pairs
0ff7a302-49af-4130-a440-59e284d4d365.4,Streptomyces sp. CNX435,genome,ftp://massive.ucsd.edu/MSV000078839/spectrum/MS/CNX435_MS_E.mzXML,MSV000078839,True,unvalidated_pairs
0ff7a302-49af-4130-a440-59e284d4d365.4,Streptomyces sp. CNY228,genome,ftp://massive.ucsd.edu/MSV000078839/spectrum/MS/CNY228_MS_B.mzXML,MSV000078839,True,unvalidated_pairs
0ff7a302-49af-4130-a440-59e284d4d365.4,Streptomyces sp. CNY228,genome,ftp://massive.ucsd.edu/MSV000078839/spectrum/MS/CNY228_MS_M.mzXML,MSV000078839,True,unvalidated_pairs
0ff7a302-49af-4130-a440-59e284d4d365.4,Streptomyces sp. CNY228,genome,ftp://massive.ucsd.edu/MSV000078839/spectrum/MS/CNY228_MS_E.mzXML,MSV000078839,True,unvalidated_pairs
0ff7a302-49af-4130-a440-59e284d4d365.4,Streptomyces sp. CNY243,genome,ftp://massive.ucsd.edu/MSV000078839/spectrum/MS/CNY243_MS_B.mzXML,MSV000078839,True,unvalidated_pairs
0ff7a302-49af-4130-a440-59e284d4d365.4,Streptomyces sp. CNY243,genome,ftp://massive.ucsd.edu/MSV000078839/spectrum/MS/CNY243_MS_M.mzXML,MSV000078839,True,unvalidated_pairs
0ff7a302-49af-4130-a440-59e284d4d365.4,Streptomyces sp. CNY243,genome,ftp://massive.ucsd.edu/MSV000078839/spectrum/MS/CNY243_MS_E.mzXML,MSV000078839,True,unvalidated_pairs
0ff7a302-49af-4130-a440-59e284d4d365.4,Streptomyces sp. Tu6071,genome,ftp://massive.ucsd.edu/MSV000078839/spectrum/MS/S.Tu6071_MS_B.mzXML,MSV000078839,True,unvalidated_pairs
0ff7a302-49af-4130-a440-59e284d4d365.4,Streptomyces sp. Tu6071,genome,ftp://massive.ucsd.edu/MSV000078839/spectrum/MS/S.Tu6071_MS_M.mzXML,MSV000078839,True,unvalidated_pairs
0ff7a302-49af-4130-a440-59e284d4d365.4,Streptomyces sp. Tu6071,genome,ftp://massive.ucsd.edu/MSV000078839/spectrum/MS/S.Tu6071_MS_E.mzXML,MSV000078839,True,unvalidated_pairs
0ff7a302-49af-4130-a440-59e284d4d365.4,Streptomyces afghanensis,genome,ftp://massive.ucsd.edu/MSV000078839/spectrum/MS/S.afg_MS_B.mzXML,MSV000078839,True,unvalidated_pairs
0ff7a302-49af-4130-a440-59e284d4d365.4,Streptomyces afghanensis,genome,ftp://massive.ucsd.edu/MSV000078839/spectrum/MS/S.afg_MS_M.mzXML,MSV000078839,True,unvalidated_pairs
0ff7a302-49af-4130-a440-59e284d4d365.4,Streptomyces afghanensis,genome,ftp://massive.ucsd.edu/MSV000078839/spectrum/MS/S.afg_MS_E.mzXML,MSV000078839,True,unvalidated_pairs
0ff7a302-49af-4130-a440-59e284d4d365.4,Streptomyces albus,genome,ftp://massive.ucsd.edu/MSV000078839/spectrum/MS//S.alb_MS_B.mzXML,MSV000078839,True,unvalidated_pairs
0ff7a302-49af-4130-a440-59e284d4d365.4,Streptomyces albus,genome,ftp://massive.ucsd.edu/MSV000078839/spectrum/MS/S.alb_MS_M.mzXML,MSV000078839,True,unvalidated_pairs
0ff7a302-49af-4130-a440-59e284d4d365.4,Streptomyces albus,genome,ftp://massive.ucsd.edu/MSV000078839/spectrum/MS/S.alb_MS_E.mzXML,MSV000078839,True,unvalidated_pairs
0ff7a302-49af-4130-a440-59e284d4d365.4,Streptomyces cattleya,genome,ftp://massive.ucsd.edu/MSV000078839/spectrum/MS/S.cat_MS_B.mzXML,MSV000078839,True,unvalidated_pairs
0ff7a302-49af-4130-a440-59e284d4d365.4,Streptomyces cattleya,genome,ftp://massive.ucsd.edu/MSV000078839/spectrum/MS/S.cat_MS_M.mzXML,MSV000078839,True,unvalidated_pairs
0ff7a302-49af-4130-a440-59e284d4d365.4,Streptomyces cattleya,genome,ftp://massive.ucsd.edu/MSV000078839/spectrum/MS/S.cat_MS_E.mzXML,MSV000078839,True,unvalidated_pairs
0ff7a302-49af-4130-a440-59e284d4d365.4,Streptomyces coelicolor,genome,ftp://massive.ucsd.edu/MSV000078839/spectrum/MS/S.co_MS_B.mzXML,MSV000078839,True,unvalidated_pairs
0ff7a302-49af-4130-a440-59e284d4d365.4,Streptomyces coelicolor,genome,ftp://massive.ucsd.edu/MSV000078839/spectrum/MS/S.co_MS_M.mzXML,MSV000078839,True,unvalidated_pairs
0ff7a302-49af-4130-a440-59e284d4d365.4,Streptomyces coelicolor,genome,ftp://massive.ucsd.edu/MSV000078839/spectrum/MS/S.co_MS_E.mzXML,MSV000078839,True,unvalidated_pairs
0ff7a302-49af-4130-a440-59e284d4d365.4,Streptomyces ghanaensis,genome,ftp://massive.ucsd.edu/MSV000078839/spectrum/MS/S.gha_MS_B.mzXML,MSV000078839,True,unvalidated_pairs
0ff7a302-49af-4130-a440-59e284d4d365.4,Streptomyces ghanaensis,genome,ftp://massive.ucsd.edu/MSV000078839/spectrum/MS/S.gha_MS_M.mzXML,MSV000078839,True,unvalidated_pairs
0ff7a302-49af-4130-a440-59e284d4d365.4,Streptomyces ghanaensis,genome,ftp://massive.ucsd.edu/MSV000078839/spectrum/MS/S.gha_MS_E.mzXML,MSV000078839,True,unvalidated_pairs
0ff7a302-49af-4130-a440-59e284d4d365.4,Streptomyces griseoflavus Tu4000,genome,ftp://massive.ucsd.edu/MSV000078839/spectrum/MS/S.grif_MS_B.mzXML,MSV000078839,True,unvalidated_pairs
0ff7a302-49af-4130-a440-59e284d4d365.4,Streptomyces griseoflavus Tu4000,genome,ftp://massive.ucsd.edu/MSV000078839/spectrum/MS/S.grif_MS_M.mzXML,MSV000078839,True,unvalidated_pairs
0ff7a302-49af-4130-a440-59e284d4d365.4,Streptomyces griseoflavus Tu4000,genome,ftp://massive.ucsd.edu/MSV000078839/spectrum/MS/S.grif_MS_E.mzXML,MSV000078839,True,unvalidated_pairs
0ff7a302-49af-4130-a440-59e284d4d365.4,Streptomyces griseus,genome,ftp://massive.ucsd.edu/MSV000078839/spectrum/MS/S.gris_MS_B.mzXML,MSV000078839,True,unvalidated_pairs
0ff7a302-49af-4130-a440-59e284d4d365.4,Streptomyces griseus,genome,ftp://massive.ucsd.edu/MSV000078839/spectrum/MS/.gris_MS_M.mzXML,MSV000078839,True,unvalidated_pairs
0ff7a302-49af-4130-a440-59e284d4d365.4,Streptomyces griseus,genome,ftp://massive.ucsd.edu/MSV000078839/spectrum/MS/S.gris_MS_E.mzXML,MSV000078839,True,unvalidated_pairs
0ff7a302-49af-4130-a440-59e284d4d365.4,Streptomyces hygroscopicus,genome,ftp://massive.ucsd.edu/MSV000078839/spectrum/MS/S.hyg_MS_B.mzXML,MSV000078839,True,unvalidated_pairs
0ff7a302-49af-4130-a440-59e284d4d365.4,Streptomyces hygroscopicus,genome,ftp://massive.ucsd.edu/MSV000078839/spectrum/MS/S.hyg_MS_M.mzXML,MSV000078839,True,unvalidated_pairs
0ff7a302-49af-4130-a440-59e284d4d365.4,Streptomyces hygroscopicus,genome,ftp://massive.ucsd.edu/MSV000078839/spectrum/MS/S.hyg_MS_E.mzXML,MSV000078839,True,unvalidated_pairs
0ff7a302-49af-4130-a440-59e284d4d365.4,Streptomyces lividans,genome,ftp://massive.ucsd.edu/MSV000078839/spectrum/MS/S.liv_MS_B.mzXML,MSV000078839,True,unvalidated_pairs
0ff7a302-49af-4130-a440-59e284d4d365.4,Streptomyces lividans,genome,ftp://massive.ucsd.edu/MSV000078839/spectrum/MS/S.liv_MS_M.mzXML,MSV000078839,True,unvalidated_pairs
0ff7a302-49af-4130-a440-59e284d4d365.4,Streptomyces lividans,genome,ftp://massive.ucsd.edu/MSV000078839/spectrum/MS/S.liv_MS_E.mzXML,MSV000078839,True,unvalidated_pairs
0ff7a302-49af-4130-a440-59e284d4d365.4,Streptomyces roseosporus,genome,ftp://massive.ucsd.edu/MSV000078839/spectrum/MS/S.ros_MS_B.mzXML,MSV000078839,True,unvalidated_pairs
0ff7a302-49af-4130-a440-59e284d4d365.4,Streptomyces roseosporus,genome,ftp://massive.ucsd.edu/MSV000078839/spectrum/MS/S.ros_MS_M.mzXML,MSV000078839,True,unvalidated_pairs
0ff7a302-49af-4130-a440-59e284d4d365.4,Streptomyces roseosporus,genome,ftp://massive.ucsd.edu/MSV000078839/spectrum/MS/S.ros_MS_E.mzXML,MSV000078839,True,unvalidated_pairs
0ff7a302-49af-4130-a440-59e284d4d365.4,Streptomyces sp. TAA040,genome,ftp://massive.ucsd.edu/MSV000078839/spectrum/MS/TAA040_MS_B.mzXML,MSV000078839,True,unvalidated_pairs
0ff7a302-49af-4130-a440-59e284d4d365.4,Streptomyces sp. TAA040,genome,ftp://massive.ucsd.edu/MSV000078839/spectrum/MS/TAA040_MS_M.mzXML,MSV000078839,True,unvalidated_pairs
0ff7a302-49af-4130-a440-59e284d4d365.4,Streptomyces sp. TAA040,genome,ftp://massive.ucsd.edu/MSV000078839/spectrum/MS/TAA040_MS_E.mzXML,MSV000078839,True,unvalidated_pairs
0ff7a302-49af-4130-a440-59e284d4d365.4,Streptomyces sp. TAA204,genome,ftp://massive.ucsd.edu/MSV000078839/spectrum/MS/TAA204_MS_B.mzXML,MSV000078839,True,unvalidated_pairs
0ff7a302-49af-4130-a440-59e284d4d365.4,Streptomyces sp. TAA204,genome,ftp://massive.ucsd.edu/MSV000078839/spectrum/MS/TAA204_MS_M.mzXML,MSV000078839,True,unvalidated_pairs
0ff7a302-49af-4130-a440-59e284d4d365.4,Streptomyces sp. TAA204,genome,ftp://massive.ucsd.edu/MSV000078839/spectrum/MS/TAA204_MS_E.mzXML,MSV000078839,True,unvalidated_pairs
0ff7a302-49af-4130-a440-59e284d4d365.4,Streptomyces sp. TAA486,genome,ftp://massive.ucsd.edu/MSV000078839/spectrum/MS/TAA486_MS_B.mzXML,MSV000078839,True,unvalidated_pairs
0ff7a302-49af-4130-a440-59e284d4d365.4,Streptomyces sp. TAA486,genome,ftp://massive.ucsd.edu/MSV000078839/spectrum/MS/TAA486_MS_M.mzXML,MSV000078839,True,unvalidated_pairs
0ff7a302-49af-4130-a440-59e284d4d365.4,Streptomyces sp. TAA486,genome,ftp://massive.ucsd.edu/MSV000078839/spectrum/MS/TAA486_MS_E.mzXML,MSV000078839,True,unvalidated_pairs
0ff7a302-49af-4130-a440-59e284d4d365.4,Streptomyces sp.MG1,genome,ftp://massive.ucsd.edu/MSV000078839/spectrum/MS/S.MG1_A1_M.mzXML,MSV000078839,True,unvalidated_pairs
0ff7a302-49af-4130-a440-59e284d4d365.4,Streptomyces sp.MG1,genome,ftp://massive.ucsd.edu/MSV000078839/spectrum/MS/S.MG1_A1_B.mzXML,MSV000078839,True,unvalidated_pairs
0ff7a302-49af-4130-a440-59e284d4d365.4,Streptomyces sp.MG1,genome,ftp://massive.ucsd.edu/MSV000078839/spectrum/MS/S.MG1_A1_E.mzXML,MSV000078839,True,unvalidated_pairs
0ff7a302-49af-4130-a440-59e284d4d365.4,Streptomyces sp.MG1,genome,ftp://massive.ucsd.edu/MSV000078839/spectrum/MS/S.MG1_MS_M.mzXML,MSV000078839,True,unvalidated_pairs
0ff7a302-49af-4130-a440-59e284d4d365.4,Streptomyces sp.MG1,genome,ftp://massive.ucsd.edu/MSV000078839/spectrum/MS/S.MG1_MS_B.mzXML,MSV000078839,True,unvalidated_pairs
0ff7a302-49af-4130-a440-59e284d4d365.4,Streptomyces sp.MG1,genome,ftp://massive.ucsd.edu/MSV000078839/spectrum/MS/S.MG1_MS_E.mzXML,MSV000078839,True,unvalidated_pairs
0ff7a302-49af-4130-a440-59e284d4d365.4,Streptomyces sp.MG1,genome,ftp://massive.ucsd.edu/MSV000078839/spectrum/MS/S.MG1_R5_M.mzXML,MSV000078839,True,unvalidated_pairs
0ff7a302-49af-4130-a440-59e284d4d365.4,Streptomyces sp.MG1,genome,ftp://massive.ucsd.edu/MSV000078839/spectrum/MS/S.MG1_R5_B.mzXML,MSV000078839,True,unvalidated_pairs
0ff7a302-49af-4130-a440-59e284d4d365.4,Streptomyces sp.MG1,genome,ftp://massive.ucsd.edu/MSV000078839/spectrum/MS/S.MG1_R5_E.mzXML,MSV000078839,True,unvalidated_pairs
10195edf-d501-48fc-a69f-f556f6f531cf.1,Salinispora mooreana CNS237,genome,ftp://massive.ucsd.edu/MSV000085159/raw/SIRENAS%20DATA%20POST_NEG/S-237-1.mzXML,MSV000085159,True,unvalidated_pairs
10195edf-d501-48fc-a69f-f556f6f531cf.1,Salinispora mooreana CNS237,genome,ftp://massive.ucsd.edu/MSV000085159/raw/SIRENAS%20DATA%20POST_NEG/S-237-1_neg.mzXML,MSV000085159,True,unvalidated_pairs
10195edf-d501-48fc-a69f-f556f6f531cf.1,Salinispora mooreana CNS237,genome,ftp://massive.ucsd.edu/MSV000085159/raw/SIRENAS%20DATA%20POST_NEG/S-237-2.mzXML,MSV000085159,True,unvalidated_pairs
10195edf-d501-48fc-a69f-f556f6f531cf.1,Salinispora mooreana CNS237,genome,ftp://massive.ucsd.edu/MSV000085159/raw/SIRENAS%20DATA%20POST_NEG/S-237-2_neg.mzXML,MSV000085159,True,unvalidated_pairs
10195edf-d501-48fc-a69f-f556f6f531cf.1,Salinispora mooreana CNS237,genome,ftp://massive.ucsd.edu/MSV000085159/raw/SIRENAS%20DATA%20POST_NEG/S-237-3.mzXML,MSV000085159,True,unvalidated_pairs
10195edf-d501-48fc-a69f-f556f6f531cf.1,Salinispora mooreana CNS237,genome,ftp://massive.ucsd.edu/MSV000085159/raw/SIRENAS%20DATA%20POST_NEG/S-237-3_neg.mzXML,MSV000085159,True,unvalidated_pairs
10195edf-d501-48fc-a69f-f556f6f531cf.1,Salinispora mooreana CNS237,genome,ftp://massive.ucsd.edu/MSV000085159/raw/SIRENAS%20DATA%20POST_NEG/S-237-4.mzXML,MSV000085159,True,unvalidated_pairs
10195edf-d501-48fc-a69f-f556f6f531cf.1,Salinispora mooreana CNS237,genome,ftp://massive.ucsd.edu/MSV000085159/raw/SIRENAS%20DATA%20POST_NEG/S-237-4_neg.mzXML,MSV000085159,True,unvalidated_pairs
10195edf-d501-48fc-a69f-f556f6f531cf.1,Salinispora mooreana CNS237,genome,ftp://massive.ucsd.edu/MSV000085159/raw/SIRENAS%20DATA%20POST_NEG/S-237-5.mzXML,MSV000085159,True,unvalidated_pairs
10195edf-d501-48fc-a69f-f556f6f531cf.1,Salinispora mooreana CNS237,genome,ftp://massive.ucsd.edu/MSV000085159/raw/SIRENAS%20DATA%20POST_NEG/S-237-5_neg.mzXML,MSV000085159,True,unvalidated_pairs
10195edf-d501-48fc-a69f-f556f6f531cf.1,Salinispora mooreana CNS237,genome,ftp://massive.ucsd.edu/MSV000085159/raw/SIRENAS%20DATA%20POST_NEG/S-237-6.mzXML,MSV000085159,True,unvalidated_pairs
10195edf-d501-48fc-a69f-f556f6f531cf.1,Salinispora mooreana CNS237,genome,ftp://massive.ucsd.edu/MSV000085159/raw/SIRENAS%20DATA%20POST_NEG/S-237-6_neg.mzXML,MSV000085159,True,unvalidated_pairs
10195edf-d501-48fc-a69f-f556f6f531cf.1,Salinispora mooreana CNY646,genome,ftp://massive.ucsd.edu/MSV000085159/raw/SIRENAS%20DATA%20POST_NEG/Y-646-1.mzXML,MSV000085159,True,unvalidated_pairs
10195edf-d501-48fc-a69f-f556f6f531cf.1,Salinispora mooreana CNY646,genome,ftp://massive.ucsd.edu/MSV000085159/raw/SIRENAS%20DATA%20POST_NEG/Y-646-1_neg.mzXML,MSV000085159,True,unvalidated_pairs
10195edf-d501-48fc-a69f-f556f6f531cf.1,Salinispora mooreana CNY646,genome,ftp://massive.ucsd.edu/MSV000085159/raw/SIRENAS%20DATA%20POST_NEG/Y-646-2.mzXML,MSV000085159,True,unvalidated_pairs
10195edf-d501-48fc-a69f-f556f6f531cf.1,Salinispora mooreana CNY646,genome,ftp://massive.ucsd.edu/MSV000085159/raw/SIRENAS%20DATA%20POST_NEG/Y-646-2_neg.mzXML,MSV000085159,True,unvalidated_pairs
10195edf-d501-48fc-a69f-f556f6f531cf.1,Salinispora mooreana CNY646,genome,ftp://massive.ucsd.edu/MSV000085159/raw/SIRENAS%20DATA%20POST_NEG/Y-646-3.mzXML,MSV000085159,True,unvalidated_pairs
10195edf-d501-48fc-a69f-f556f6f531cf.1,Salinispora mooreana CNY646,genome,ftp://massive.ucsd.edu/MSV000085159/raw/SIRENAS%20DATA%20POST_NEG/Y-646-3_neg.mzXML,MSV000085159,True,unvalidated_pairs
10195edf-d501-48fc-a69f-f556f6f531cf.1,Salinispora mooreana CNY646,genome,ftp://massive.ucsd.edu/MSV000085159/raw/SIRENAS%20DATA%20POST_NEG/Y-646-4.mzXML,MSV000085159,True,unvalidated_pairs
10195edf-d501-48fc-a69f-f556f6f531cf.1,Salinispora mooreana CNY646,genome,ftp://massive.ucsd.edu/MSV000085159/raw/SIRENAS%20DATA%20POST_NEG/Y-646-4_neg.mzXML,MSV000085159,True,unvalidated_pairs
10195edf-d501-48fc-a69f-f556f6f531cf.1,Salinispora mooreana CNY646,genome,ftp://massive.ucsd.edu/MSV000085159/raw/SIRENAS%20DATA%20POST_NEG/Y-646-5.mzXML,MSV000085159,True,unvalidated_pairs
10195edf-d501-48fc-a69f-f556f6f531cf.1,Salinispora mooreana CNY646,genome,ftp://massive.ucsd.edu/MSV000085159/raw/SIRENAS%20DATA%20POST_NEG/Y-646-5_neg.mzXML,MSV000085159,True,unvalidated_pairs
10195edf-d501-48fc-a69f-f556f6f531cf.1,Salinispora mooreana CNY646,genome,ftp://massive.ucsd.edu/MSV000085159/raw/SIRENAS%20DATA%20POST_NEG/Y-646-6.mzXML,MSV000085159,True,unvalidated_pairs
10195edf-d501-48fc-a69f-f556f6f531cf.1,Salinispora mooreana CNY646,genome,ftp://massive.ucsd.edu/MSV000085159/raw/SIRENAS%20DATA%20POST_NEG/Y-646-6_neg.mzXML,MSV000085159,True,unvalidated_pairs
10195edf-d501-48fc-a69f-f556f6f531cf.1,Salinispora mooreana CNT150,genome,ftp://massive.ucsd.edu/MSV000085159/raw/SIRENAS%20DATA%20POST_NEG/T-150-1.mzXML,MSV000085159,True,unvalidated_pairs
10195edf-d501-48fc-a69f-f556f6f531cf.1,Salinispora mooreana CNT150,genome,ftp://massive.ucsd.edu/MSV000085159/raw/SIRENAS%20DATA%20POST_NEG/T-150-1_neg.mzXML,MSV000085159,True,unvalidated_pairs
10195edf-d501-48fc-a69f-f556f6f531cf.1,Salinispora mooreana CNT150,genome,ftp://massive.ucsd.edu/MSV000085159/raw/SIRENAS%20DATA%20POST_NEG/T-150-2.mzXML,MSV000085159,True,unvalidated_pairs
10195edf-d501-48fc-a69f-f556f6f531cf.1,Salinispora mooreana CNT150,genome,ftp://massive.ucsd.edu/MSV000085159/raw/SIRENAS%20DATA%20POST_NEG/T-150-2_neg.mzXML,MSV000085159,True,unvalidated_pairs
10195edf-d501-48fc-a69f-f556f6f531cf.1,Salinispora mooreana CNT150,genome,ftp://massive.ucsd.edu/MSV000085159/raw/SIRENAS%20DATA%20POST_NEG/T-150-3.mzXML,MSV000085159,True,unvalidated_pairs
10195edf-d501-48fc-a69f-f556f6f531cf.1,Salinispora mooreana CNT150,genome,ftp://massive.ucsd.edu/MSV000085159/raw/SIRENAS%20DATA%20POST_NEG/T-150-3_neg.mzXML,MSV000085159,True,unvalidated_pairs
10195edf-d501-48fc-a69f-f556f6f531cf.1,Salinispora mooreana CNT150,genome,ftp://massive.ucsd.edu/MSV000085159/raw/SIRENAS%20DATA%20POST_NEG/T-150-4.mzXML,MSV000085159,True,unvalidated_pairs
10195edf-d501-48fc-a69f-f556f6f531cf.1,Salinispora mooreana CNT150,genome,ftp://massive.ucsd.edu/MSV000085159/raw/SIRENAS%20DATA%20POST_NEG/T-150-4_neg.mzXML,MSV000085159,True,unvalidated_pairs
10195edf-d501-48fc-a69f-f556f6f531cf.1,Salinispora mooreana CNT150,genome,ftp://massive.ucsd.edu/MSV000085159/raw/SIRENAS%20DATA%20POST_NEG/T-150-5.mzXML,MSV000085159,True,unvalidated_pairs
10195edf-d501-48fc-a69f-f556f6f531cf.1,Salinispora mooreana CNT150,genome,ftp://massive.ucsd.edu/MSV000085159/raw/SIRENAS%20DATA%20POST_NEG/T-150-5_neg.mzXML,MSV000085159,True,unvalidated_pairs
10195edf-d501-48fc-a69f-f556f6f531cf.1,Salinispora mooreana CNT150,genome,ftp://massive.ucsd.edu/MSV000085159/raw/SIRENAS%20DATA%20POST_NEG/T-150-6.mzXML,MSV000085159,True,unvalidated_pairs
10195edf-d501-48fc-a69f-f556f6f531cf.1,Salinispora mooreana CNT150,genome,ftp://massive.ucsd.edu/MSV000085159/raw/SIRENAS%20DATA%20POST_NEG/T-150-6_neg.mzXML,MSV000085159,True,unvalidated_pairs
10195edf-d501-48fc-a69f-f556f6f531cf.1,Salinispora cortesiana CNY202,genome,ftp://massive.ucsd.edu/MSV000085159/raw/SIRENAS%20DATA%20POST_NEG/Y-202-1.mzXML,MSV000085159,True,unvalidated_pairs
10195edf-d501-48fc-a69f-f556f6f531cf.1,Salinispora cortesiana CNY202,genome,ftp://massive.ucsd.edu/MSV000085159/raw/SIRENAS%20DATA%20POST_NEG/Y-202-1_neg.mzXML,MSV000085159,True,unvalidated_pairs
10195edf-d501-48fc-a69f-f556f6f531cf.1,Salinispora cortesiana CNY202,genome,ftp://massive.ucsd.edu/MSV000085159/raw/SIRENAS%20DATA%20POST_NEG/Y-202-2.mzXML,MSV000085159,True,unvalidated_pairs
10195edf-d501-48fc-a69f-f556f6f531cf.1,Salinispora cortesiana CNY202,genome,ftp://massive.ucsd.edu/MSV000085159/raw/SIRENAS%20DATA%20POST_NEG/Y-202-2_neg.mzXML,MSV000085159,True,unvalidated_pairs
10195edf-d501-48fc-a69f-f556f6f531cf.1,Salinispora cortesiana CNY202,genome,ftp://massive.ucsd.edu/MSV000085159/raw/SIRENAS%20DATA%20POST_NEG/Y-202-3.mzXML,MSV000085159,True,unvalidated_pairs
10195edf-d501-48fc-a69f-f556f6f531cf.1,Salinispora cortesiana CNY202,genome,ftp://massive.ucsd.edu/MSV000085159/raw/SIRENAS%20DATA%20POST_NEG/Y-202-3_neg.mzXML,MSV000085159,True,unvalidated_pairs
10195edf-d501-48fc-a69f-f556f6f531cf.1,Salinispora cortesiana CNY202,genome,ftp://massive.ucsd.edu/MSV000085159/raw/SIRENAS%20DATA%20POST_NEG/Y-202-4.mzXML,MSV000085159,True,unvalidated_pairs
10195edf-d501-48fc-a69f-f556f6f531cf.1,Salinispora cortesiana CNY202,genome,ftp://massive.ucsd.edu/MSV000085159/raw/SIRENAS%20DATA%20POST_NEG/Y-202-4_neg.mzXML,MSV000085159,True,unvalidated_pairs
10195edf-d501-48fc-a69f-f556f6f531cf.1,Salinispora cortesiana CNY202,genome,ftp://massive.ucsd.edu/MSV000085159/raw/SIRENAS%20DATA%20POST_NEG/Y-202-5.mzXML,MSV000085159,True,unvalidated_pairs
10195edf-d501-48fc-a69f-f556f6f531cf.1,Salinispora cortesiana CNY202,genome,ftp://massive.ucsd.edu/MSV000085159/raw/SIRENAS%20DATA%20POST_NEG/Y-202-5_neg.mzXML,MSV000085159,True,unvalidated_pairs
10195edf-d501-48fc-a69f-f556f6f531cf.1,Salinispora cortesiana CNY202,genome,ftp://massive.ucsd.edu/MSV000085159/raw/SIRENAS%20DATA%20POST_NEG/Y-202-6.mzXML,MSV000085159,True,unvalidated_pairs
10195edf-d501-48fc-a69f-f556f6f531cf.1,Salinispora cortesiana CNY202,genome,ftp://massive.ucsd.edu/MSV000085159/raw/SIRENAS%20DATA%20POST_NEG/Y-202-6_neg.mzXML,MSV000085159,True,unvalidated_pairs
10195edf-d501-48fc-a69f-f556f6f531cf.1,Salinispora fenicalii CNT569,genome,ftp://massive.ucsd.edu/MSV000085159/raw/SIRENAS%20DATA%20POST_NEG/T-569-1.mzXML,MSV000085159,True,unvalidated_pairs
10195edf-d501-48fc-a69f-f556f6f531cf.1,Salinispora fenicalii CNT569,genome,ftp://massive.ucsd.edu/MSV000085159/raw/SIRENAS%20DATA%20POST_NEG/T-569-1_neg.mzXML,MSV000085159,True,unvalidated_pairs
10195edf-d501-48fc-a69f-f556f6f531cf.1,Salinispora fenicalii CNT569,genome,ftp://massive.ucsd.edu/MSV000085159/raw/SIRENAS%20DATA%20POST_NEG/T-569-2.mzXML,MSV000085159,True,unvalidated_pairs
10195edf-d501-48fc-a69f-f556f6f531cf.1,Salinispora fenicalii CNT569,genome,ftp://massive.ucsd.edu/MSV000085159/raw/SIRENAS%20DATA%20POST_NEG/T-569-2_neg.mzXML,MSV000085159,True,unvalidated_pairs
10195edf-d501-48fc-a69f-f556f6f531cf.1,Salinispora fenicalii CNT569,genome,ftp://massive.ucsd.edu/MSV000085159/raw/SIRENAS%20DATA%20POST_NEG/T-569-3.mzXML,MSV000085159,True,unvalidated_pairs
10195edf-d501-48fc-a69f-f556f6f531cf.1,Salinispora fenicalii CNT569,genome,ftp://massive.ucsd.edu/MSV000085159/raw/SIRENAS%20DATA%20POST_NEG/T-569-3_neg.mzXML,MSV000085159,True,unvalidated_pairs
10195edf-d501-48fc-a69f-f556f6f531cf.1,Salinispora fenicalii CNT569,genome,ftp://massive.ucsd.edu/MSV000085159/raw/SIRENAS%20DATA%20POST_NEG/T-569-4.mzXML,MSV000085159,True,unvalidated_pairs
10195edf-d501-48fc-a69f-f556f6f531cf.1,Salinispora fenicalii CNT569,genome,ftp://massive.ucsd.edu/MSV000085159/raw/SIRENAS%20DATA%20POST_NEG/T-569-4_neg.mzXML,MSV000085159,True,unvalidated_pairs
10195edf-d501-48fc-a69f-f556f6f531cf.1,Salinispora fenicalii CNT569,genome,ftp://massive.ucsd.edu/MSV000085159/raw/SIRENAS%20DATA%20POST_NEG/T-569-5.mzXML,MSV000085159,True,unvalidated_pairs
10195edf-d501-48fc-a69f-f556f6f531cf.1,Salinispora fenicalii CNT569,genome,ftp://massive.ucsd.edu/MSV000085159/raw/SIRENAS%20DATA%20POST_NEG/T-569-5_neg.mzXML,MSV000085159,True,unvalidated_pairs
10195edf-d501-48fc-a69f-f556f6f531cf.1,Salinispora fenicalii CNT569,genome,ftp://massive.ucsd.edu/MSV000085159/raw/SIRENAS%20DATA%20POST_NEG/T-569-6.mzXML,MSV000085159,True,unvalidated_pairs
10195edf-d501-48fc-a69f-f556f6f531cf.1,Salinispora fenicalii CNT569,genome,ftp://massive.ucsd.edu/MSV000085159/raw/SIRENAS%20DATA%20POST_NEG/T-569-6_neg.mzXML,MSV000085159,True,unvalidated_pairs
10195edf-d501-48fc-a69f-f556f6f531cf.1,Salinispora fenicalii CNR942,genome,ftp://massive.ucsd.edu/MSV000085159/raw/SIRENAS%20DATA%20POST_NEG/R-942-1.mzXML,MSV000085159,True,unvalidated_pairs
10195edf-d501-48fc-a69f-f556f6f531cf.1,Salinispora fenicalii CNR942,genome,ftp://massive.ucsd.edu/MSV000085159/raw/SIRENAS%20DATA%20POST_NEG/R-942-1_neg.mzXML,MSV000085159,True,unvalidated_pairs
10195edf-d501-48fc-a69f-f556f6f531cf.1,Salinispora fenicalii CNR942,genome,ftp://massive.ucsd.edu/MSV000085159/raw/SIRENAS%20DATA%20POST_NEG/R-942-2.mzXML,MSV000085159,True,unvalidated_pairs
10195edf-d501-48fc-a69f-f556f6f531cf.1,Salinispora fenicalii CNR942,genome,ftp://massive.ucsd.edu/MSV000085159/raw/SIRENAS%20DATA%20POST_NEG/R-942-2_neg.mzXML,MSV000085159,True,unvalidated_pairs
10195edf-d501-48fc-a69f-f556f6f531cf.1,Salinispora fenicalii CNR942,genome,ftp://massive.ucsd.edu/MSV000085159/raw/SIRENAS%20DATA%20POST_NEG/R-942-3.mzXML,MSV000085159,True,unvalidated_pairs
10195edf-d501-48fc-a69f-f556f6f531cf.1,Salinispora fenicalii CNR942,genome,ftp://massive.ucsd.edu/MSV000085159/raw/SIRENAS%20DATA%20POST_NEG/R-942-3_neg.mzXML,MSV000085159,True,unvalidated_pairs
10195edf-d501-48fc-a69f-f556f6f531cf.1,Salinispora fenicalii CNR942,genome,ftp://massive.ucsd.edu/MSV000085159/raw/SIRENAS%20DATA%20POST_NEG/R-942-4.mzXML,MSV000085159,True,unvalidated_pairs
10195edf-d501-48fc-a69f-f556f6f531cf.1,Salinispora fenicalii CNR942,genome,ftp://massive.ucsd.edu/MSV000085159/raw/SIRENAS%20DATA%20POST_NEG/R-942-4_neg.mzXML,MSV000085159,True,unvalidated_pairs
10195edf-d501-48fc-a69f-f556f6f531cf.1,Salinispora fenicalii CNR942,genome,ftp://massive.ucsd.edu/MSV000085159/raw/SIRENAS%20DATA%20POST_NEG/R-942-5.mzXML,MSV000085159,True,unvalidated_pairs
10195edf-d501-48fc-a69f-f556f6f531cf.1,Salinispora fenicalii CNR942,genome,ftp://massive.ucsd.edu/MSV000085159/raw/SIRENAS%20DATA%20POST_NEG/R-942-5_neg.mzXML,MSV000085159,True,unvalidated_pairs
10195edf-d501-48fc-a69f-f556f6f531cf.1,Salinispora fenicalii CNR942,genome,ftp://massive.ucsd.edu/MSV000085159/raw/SIRENAS%20DATA%20POST_NEG/R-942-6.mzXML,MSV000085159,True,unvalidated_pairs
10195edf-d501-48fc-a69f-f556f6f531cf.1,Salinispora fenicalii CNR942,genome,ftp://massive.ucsd.edu/MSV000085159/raw/SIRENAS%20DATA%20POST_NEG/R-942-6_neg.mzXML,MSV000085159,True,unvalidated_pairs
10195edf-d501-48fc-a69f-f556f6f531cf.1,Salinispora vitiensis CNS801,genome,ftp://massive.ucsd.edu/MSV000085159/raw/SIRENAS%20DATA%20POST_NEG/S-801-1.mzXML,MSV000085159,True,unvalidated_pairs
10195edf-d501-48fc-a69f-f556f6f531cf.1,Salinispora vitiensis CNS801,genome,ftp://massive.ucsd.edu/MSV000085159/raw/SIRENAS%20DATA%20POST_NEG/S-801-1_neg.mzXML,MSV000085159,True,unvalidated_pairs
10195edf-d501-48fc-a69f-f556f6f531cf.1,Salinispora vitiensis CNS801,genome,ftp://massive.ucsd.edu/MSV000085159/raw/SIRENAS%20DATA%20POST_NEG/S-801-2.mzXML,MSV000085159,True,unvalidated_pairs
10195edf-d501-48fc-a69f-f556f6f531cf.1,Salinispora vitiensis CNS801,genome,ftp://massive.ucsd.edu/MSV000085159/raw/SIRENAS%20DATA%20POST_NEG/S-801-2_neg.mzXML,MSV000085159,True,unvalidated_pairs
10195edf-d501-48fc-a69f-f556f6f531cf.1,Salinispora vitiensis CNS801,genome,ftp://massive.ucsd.edu/MSV000085159/raw/SIRENAS%20DATA%20POST_NEG/S-801-3.mzXML,MSV000085159,True,unvalidated_pairs
10195edf-d501-48fc-a69f-f556f6f531cf.1,Salinispora vitiensis CNS801,genome,ftp://massive.ucsd.edu/MSV000085159/raw/SIRENAS%20DATA%20POST_NEG/S-801-3_neg.mzXML,MSV000085159,True,unvalidated_pairs
10195edf-d501-48fc-a69f-f556f6f531cf.1,Salinispora vitiensis CNS801,genome,ftp://massive.ucsd.edu/MSV000085159/raw/SIRENAS%20DATA%20POST_NEG/S-801-4.mzXML,MSV000085159,True,unvalidated_pairs
10195edf-d501-48fc-a69f-f556f6f531cf.1,Salinispora vitiensis CNS801,genome,ftp://massive.ucsd.edu/MSV000085159/raw/SIRENAS%20DATA%20POST_NEG/S-801-4_neg.mzXML,MSV000085159,True,unvalidated_pairs
10195edf-d501-48fc-a69f-f556f6f531cf.1,Salinispora vitiensis CNS801,genome,ftp://massive.ucsd.edu/MSV000085159/raw/SIRENAS%20DATA%20POST_NEG/S-801-5.mzXML,MSV000085159,True,unvalidated_pairs
10195edf-d501-48fc-a69f-f556f6f531cf.1,Salinispora vitiensis CNS801,genome,ftp://massive.ucsd.edu/MSV000085159/raw/SIRENAS%20DATA%20POST_NEG/S-801-5_neg.mzXML,MSV000085159,True,unvalidated_pairs
10195edf-d501-48fc-a69f-f556f6f531cf.1,Salinispora vitiensis CNS801,genome,ftp://massive.ucsd.edu/MSV000085159/raw/SIRENAS%20DATA%20POST_NEG/S-801-6.mzXML,MSV000085159,True,unvalidated_pairs
10195edf-d501-48fc-a69f-f556f6f531cf.1,Salinispora vitiensis CNS801,genome,ftp://massive.ucsd.edu/MSV000085159/raw/SIRENAS%20DATA%20POST_NEG/S-801-6_neg.mzXML,MSV000085159,True,unvalidated_pairs
10195edf-d501-48fc-a69f-f556f6f531cf.1,Salinispora vitiensis CNS055,genome,ftp://massive.ucsd.edu/MSV000085159/raw/SIRENAS%20DATA%20POST_NEG/S-055-1.mzXML,MSV000085159,True,unvalidated_pairs
10195edf-d501-48fc-a69f-f556f6f531cf.1,Salinispora vitiensis CNS055,genome,ftp://massive.ucsd.edu/MSV000085159/raw/SIRENAS%20DATA%20POST_NEG/S-055-1_neg.mzXML,MSV000085159,True,unvalidated_pairs
10195edf-d501-48fc-a69f-f556f6f531cf.1,Salinispora vitiensis CNS055,genome,ftp://massive.ucsd.edu/MSV000085159/raw/SIRENAS%20DATA%20POST_NEG/S-055-2.mzXML,MSV000085159,True,unvalidated_pairs
10195edf-d501-48fc-a69f-f556f6f531cf.1,Salinispora vitiensis CNS055,genome,ftp://massive.ucsd.edu/MSV000085159/raw/SIRENAS%20DATA%20POST_NEG/S-055-2_neg.mzXML,MSV000085159,True,unvalidated_pairs
10195edf-d501-48fc-a69f-f556f6f531cf.1,Salinispora vitiensis CNS055,genome,ftp://massive.ucsd.edu/MSV000085159/raw/SIRENAS%20DATA%20POST_NEG/S-055-3.mzXML,MSV000085159,True,unvalidated_pairs
10195edf-d501-48fc-a69f-f556f6f531cf.1,Salinispora vitiensis CNS055,genome,ftp://massive.ucsd.edu/MSV000085159/raw/SIRENAS%20DATA%20POST_NEG/S-055-3_neg.mzXML,MSV000085159,True,unvalidated_pairs
10195edf-d501-48fc-a69f-f556f6f531cf.1,Salinispora vitiensis CNS055,genome,ftp://massive.ucsd.edu/MSV000085159/raw/SIRENAS%20DATA%20POST_NEG/S-055-4.mzXML,MSV000085159,True,unvalidated_pairs
10195edf-d501-48fc-a69f-f556f6f531cf.1,Salinispora vitiensis CNS055,genome,ftp://massive.ucsd.edu/MSV000085159/raw/SIRENAS%20DATA%20POST_NEG/S-055-4_neg.mzXML,MSV000085159,True,unvalidated_pairs
10195edf-d501-48fc-a69f-f556f6f531cf.1,Salinispora vitiensis CNS055,genome,ftp://massive.ucsd.edu/MSV000085159/raw/SIRENAS%20DATA%20POST_NEG/S-055-5.mzXML,MSV000085159,True,unvalidated_pairs
10195edf-d501-48fc-a69f-f556f6f531cf.1,Salinispora vitiensis CNS055,genome,ftp://massive.ucsd.edu/MSV000085159/raw/SIRENAS%20DATA%20POST_NEG/S-055-5_neg.mzXML,MSV000085159,True,unvalidated_pairs
10195edf-d501-48fc-a69f-f556f6f531cf.1,Salinispora vitiensis CNS055,genome,ftp://massive.ucsd.edu/MSV000085159/raw/SIRENAS%20DATA%20POST_NEG/S-055-6.mzXML,MSV000085159,True,unvalidated_pairs
10195edf-d501-48fc-a69f-f556f6f531cf.1,Salinispora vitiensis CNS055,genome,ftp://massive.ucsd.edu/MSV000085159/raw/SIRENAS%20DATA%20POST_NEG/S-055-6_neg.mzXML,MSV000085159,True,unvalidated_pairs
10195edf-d501-48fc-a69f-f556f6f531cf.1,Salinispora vitiensis CNT148,genome,ftp://massive.ucsd.edu/MSV000085159/raw/SIRENAS%20DATA%20POST_NEG/T-148-1.mzXML,MSV000085159,True,unvalidated_pairs
10195edf-d501-48fc-a69f-f556f6f531cf.1,Salinispora vitiensis CNT148,genome,ftp://massive.ucsd.edu/MSV000085159/raw/SIRENAS%20DATA%20POST_NEG/T-148-1_neg.mzXML,MSV000085159,True,unvalidated_pairs
10195edf-d501-48fc-a69f-f556f6f531cf.1,Salinispora vitiensis CNT148,genome,ftp://massive.ucsd.edu/MSV000085159/raw/SIRENAS%20DATA%20POST_NEG/T-148-2.mzXML,MSV000085159,True,unvalidated_pairs
10195edf-d501-48fc-a69f-f556f6f531cf.1,Salinispora vitiensis CNT148,genome,ftp://massive.ucsd.edu/MSV000085159/raw/SIRENAS%20DATA%20POST_NEG/T-148-2_neg.mzXML,MSV000085159,True,unvalidated_pairs
10195edf-d501-48fc-a69f-f556f6f531cf.1,Salinispora vitiensis CNT148,genome,ftp://massive.ucsd.edu/MSV000085159/raw/SIRENAS%20DATA%20POST_NEG/T-148-3.mzXML,MSV000085159,True,unvalidated_pairs
10195edf-d501-48fc-a69f-f556f6f531cf.1,Salinispora vitiensis CNT148,genome,ftp://massive.ucsd.edu/MSV000085159/raw/SIRENAS%20DATA%20POST_NEG/T-148-3_neg.mzXML,MSV000085159,True,unvalidated_pairs
10195edf-d501-48fc-a69f-f556f6f531cf.1,Salinispora vitiensis CNT148,genome,ftp://massive.ucsd.edu/MSV000085159/raw/SIRENAS%20DATA%20POST_NEG/T-148-4.mzXML,MSV000085159,True,unvalidated_pairs
10195edf-d501-48fc-a69f-f556f6f531cf.1,Salinispora vitiensis CNT148,genome,ftp://massive.ucsd.edu/MSV000085159/raw/SIRENAS%20DATA%20POST_NEG/T-148-4_neg.mzXML,MSV000085159,True,unvalidated_pairs
10195edf-d501-48fc-a69f-f556f6f531cf.1,Salinispora vitiensis CNT148,genome,ftp://massive.ucsd.edu/MSV000085159/raw/SIRENAS%20DATA%20POST_NEG/T-148-5.mzXML,MSV000085159,True,unvalidated_pairs
10195edf-d501-48fc-a69f-f556f6f531cf.1,Salinispora vitiensis CNT148,genome,ftp://massive.ucsd.edu/MSV000085159/raw/SIRENAS%20DATA%20POST_NEG/T-148-5_neg.mzXML,MSV000085159,True,unvalidated_pairs
10195edf-d501-48fc-a69f-f556f6f531cf.1,Salinispora vitiensis CNT148,genome,ftp://massive.ucsd.edu/MSV000085159/raw/SIRENAS%20DATA%20POST_NEG/T-148-6.mzXML,MSV000085159,True,unvalidated_pairs
10195edf-d501-48fc-a69f-f556f6f531cf.1,Salinispora vitiensis CNT148,genome,ftp://massive.ucsd.edu/MSV000085159/raw/SIRENAS%20DATA%20POST_NEG/T-148-6_neg.mzXML,MSV000085159,True,unvalidated_pairs
10195edf-d501-48fc-a69f-f556f6f531cf.1,Salinispora goodfellowii CNY666,genome,ftp://massive.ucsd.edu/MSV000085159/raw/SIRENAS%20DATA%20POST_NEG/Y-666-1.mzXML,MSV000085159,True,unvalidated_pairs
10195edf-d501-48fc-a69f-f556f6f531cf.1,Salinispora goodfellowii CNY666,genome,ftp://massive.ucsd.edu/MSV000085159/raw/SIRENAS%20DATA%20POST_NEG/Y-666-1_neg.mzXML,MSV000085159,True,unvalidated_pairs
10195edf-d501-48fc-a69f-f556f6f531cf.1,Salinispora goodfellowii CNY666,genome,ftp://massive.ucsd.edu/MSV000085159/raw/SIRENAS%20DATA%20POST_NEG/Y-666-2.mzXML,MSV000085159,True,unvalidated_pairs
10195edf-d501-48fc-a69f-f556f6f531cf.1,Salinispora goodfellowii CNY666,genome,ftp://massive.ucsd.edu/MSV000085159/raw/SIRENAS%20DATA%20POST_NEG/Y-666-2_neg.mzXML,MSV000085159,True,unvalidated_pairs
10195edf-d501-48fc-a69f-f556f6f531cf.1,Salinispora goodfellowii CNY666,genome,ftp://massive.ucsd.edu/MSV000085159/raw/SIRENAS%20DATA%20POST_NEG/Y-666-3.mzXML,MSV000085159,True,unvalidated_pairs
10195edf-d501-48fc-a69f-f556f6f531cf.1,Salinispora goodfellowii CNY666,genome,ftp://massive.ucsd.edu/MSV000085159/raw/SIRENAS%20DATA%20POST_NEG/Y-666-3_neg.mzXML,MSV000085159,True,unvalidated_pairs
10195edf-d501-48fc-a69f-f556f6f531cf.1,Salinispora goodfellowii CNY666,genome,ftp://massive.ucsd.edu/MSV000085159/raw/SIRENAS%20DATA%20POST_NEG/Y-666-4.mzXML,MSV000085159,True,unvalidated_pairs
10195edf-d501-48fc-a69f-f556f6f531cf.1,Salinispora goodfellowii CNY666,genome,ftp://massive.ucsd.edu/MSV000085159/raw/SIRENAS%20DATA%20POST_NEG/Y-666-4_neg.mzXML,MSV000085159,True,unvalidated_pairs
10195edf-d501-48fc-a69f-f556f6f531cf.1,Salinispora goodfellowii CNY666,genome,ftp://massive.ucsd.edu/MSV000085159/raw/SIRENAS%20DATA%20POST_NEG/Y-666-5.mzXML,MSV000085159,True,unvalidated_pairs
10195edf-d501-48fc-a69f-f556f6f531cf.1,Salinispora goodfellowii CNY666,genome,ftp://massive.ucsd.edu/MSV000085159/raw/SIRENAS%20DATA%20POST_NEG/Y-666-5_neg.mzXML,MSV000085159,True,unvalidated_pairs
10195edf-d501-48fc-a69f-f556f6f531cf.1,Salinispora goodfellowii CNY666,genome,ftp://massive.ucsd.edu/MSV000085159/raw/SIRENAS%20DATA%20POST_NEG/Y-666-6.mzXML,MSV000085159,True,unvalidated_pairs
10195edf-d501-48fc-a69f-f556f6f531cf.1,Salinispora goodfellowii CNY666,genome,ftp://massive.ucsd.edu/MSV000085159/raw/SIRENAS%20DATA%20POST_NEG/Y-666-6_neg.mzXML,MSV000085159,True,unvalidated_pairs
10195edf-d501-48fc-a69f-f556f6f531cf.1,Salinispora pacifica CNR114,genome,ftp://massive.ucsd.edu/MSV000085159/raw/SIRENAS%20DATA%20POST_NEG/R-114-1.mzXML,MSV000085159,True,unvalidated_pairs
10195edf-d501-48fc-a69f-f556f6f531cf.1,Salinispora pacifica CNR114,genome,ftp://massive.ucsd.edu/MSV000085159/raw/SIRENAS%20DATA%20POST_NEG/R-114-1_neg.mzXML,MSV000085159,True,unvalidated_pairs
10195edf-d501-48fc-a69f-f556f6f531cf.1,Salinispora pacifica CNR114,genome,ftp://massive.ucsd.edu/MSV000085159/raw/SIRENAS%20DATA%20POST_NEG/R-114-2.mzXML,MSV000085159,True,unvalidated_pairs
10195edf-d501-48fc-a69f-f556f6f531cf.1,Salinispora pacifica CNR114,genome,ftp://massive.ucsd.edu/MSV000085159/raw/SIRENAS%20DATA%20POST_NEG/R-114-2_neg.mzXML,MSV000085159,True,unvalidated_pairs
10195edf-d501-48fc-a69f-f556f6f531cf.1,Salinispora pacifica CNR114,genome,ftp://massive.ucsd.edu/MSV000085159/raw/SIRENAS%20DATA%20POST_NEG/R-114-3.mzXML,MSV000085159,True,unvalidated_pairs
10195edf-d501-48fc-a69f-f556f6f531cf.1,Salinispora pacifica CNR114,genome,ftp://massive.ucsd.edu/MSV000085159/raw/SIRENAS%20DATA%20POST_NEG/R-114-3_neg.mzXML,MSV000085159,True,unvalidated_pairs
10195edf-d501-48fc-a69f-f556f6f531cf.1,Salinispora pacifica CNR114,genome,ftp://massive.ucsd.edu/MSV000085159/raw/SIRENAS%20DATA%20POST_NEG/R-114-4.mzXML,MSV000085159,True,unvalidated_pairs
10195edf-d501-48fc-a69f-f556f6f531cf.1,Salinispora pacifica CNR114,genome,ftp://massive.ucsd.edu/MSV000085159/raw/SIRENAS%20DATA%20POST_NEG/R-114-4_neg.mzXML,MSV000085159,True,unvalidated_pairs
10195edf-d501-48fc-a69f-f556f6f531cf.1,Salinispora pacifica CNR114,genome,ftp://massive.ucsd.edu/MSV000085159/raw/SIRENAS%20DATA%20POST_NEG/R-114-5.mzXML,MSV000085159,True,unvalidated_pairs
10195edf-d501-48fc-a69f-f556f6f531cf.1,Salinispora pacifica CNR114,genome,ftp://massive.ucsd.edu/MSV000085159/raw/SIRENAS%20DATA%20POST_NEG/R-114-5_neg.mzXML,MSV000085159,True,unvalidated_pairs
10195edf-d501-48fc-a69f-f556f6f531cf.1,Salinispora pacifica CNR114,genome,ftp://massive.ucsd.edu/MSV000085159/raw/SIRENAS%20DATA%20POST_NEG/R-114-6.mzXML,MSV000085159,True,unvalidated_pairs
10195edf-d501-48fc-a69f-f556f6f531cf.1,Salinispora pacifica CNR114,genome,ftp://massive.ucsd.edu/MSV000085159/raw/SIRENAS%20DATA%20POST_NEG/R-114-6_neg.mzXML,MSV000085159,True,unvalidated_pairs
10195edf-d501-48fc-a69f-f556f6f531cf.1,Salinispora pacifica CNT855,genome,ftp://massive.ucsd.edu/MSV000085159/raw/SIRENAS%20DATA%20POST_NEG/T-855-1.mzXML,MSV000085159,True,unvalidated_pairs
10195edf-d501-48fc-a69f-f556f6f531cf.1,Salinispora pacifica CNT855,genome,ftp://massive.ucsd.edu/MSV000085159/raw/SIRENAS%20DATA%20POST_NEG/T-855-1_neg.mzXML,MSV000085159,True,unvalidated_pairs
10195edf-d501-48fc-a69f-f556f6f531cf.1,Salinispora pacifica CNT855,genome,ftp://massive.ucsd.edu/MSV000085159/raw/SIRENAS%20DATA%20POST_NEG/T-855-2.mzXML,MSV000085159,True,unvalidated_pairs
10195edf-d501-48fc-a69f-f556f6f531cf.1,Salinispora pacifica CNT855,genome,ftp://massive.ucsd.edu/MSV000085159/raw/SIRENAS%20DATA%20POST_NEG/T-855-2_neg.mzXML,MSV000085159,True,unvalidated_pairs
10195edf-d501-48fc-a69f-f556f6f531cf.1,Salinispora pacifica CNT855,genome,ftp://massive.ucsd.edu/MSV000085159/raw/SIRENAS%20DATA%20POST_NEG/T-855-3.mzXML,MSV000085159,True,unvalidated_pairs
10195edf-d501-48fc-a69f-f556f6f531cf.1,Salinispora pacifica CNT855,genome,ftp://massive.ucsd.edu/MSV000085159/raw/SIRENAS%20DATA%20POST_NEG/T-855-3_neg.mzXML,MSV000085159,True,unvalidated_pairs
10195edf-d501-48fc-a69f-f556f6f531cf.1,Salinispora pacifica CNT855,genome,ftp://massive.ucsd.edu/MSV000085159/raw/SIRENAS%20DATA%20POST_NEG/T-855-4.mzXML,MSV000085159,True,unvalidated_pairs
10195edf-d501-48fc-a69f-f556f6f531cf.1,Salinispora pacifica CNT855,genome,ftp://massive.ucsd.edu/MSV000085159/raw/SIRENAS%20DATA%20POST_NEG/T-855-4_neg.mzXML,MSV000085159,True,unvalidated_pairs
10195edf-d501-48fc-a69f-f556f6f531cf.1,Salinispora pacifica CNT855,genome,ftp://massive.ucsd.edu/MSV000085159/raw/SIRENAS%20DATA%20POST_NEG/T-855-5.mzXML,MSV000085159,True,unvalidated_pairs
10195edf-d501-48fc-a69f-f556f6f531cf.1,Salinispora pacifica CNT855,genome,ftp://massive.ucsd.edu/MSV000085159/raw/SIRENAS%20DATA%20POST_NEG/T-855-5_neg.mzXML,MSV000085159,True,unvalidated_pairs
10195edf-d501-48fc-a69f-f556f6f531cf.1,Salinispora pacifica CNT855,genome,ftp://massive.ucsd.edu/MSV000085159/raw/SIRENAS%20DATA%20POST_NEG/T-855-6.mzXML,MSV000085159,True,unvalidated_pairs
10195edf-d501-48fc-a69f-f556f6f531cf.1,Salinispora pacifica CNT855,genome,ftp://massive.ucsd.edu/MSV000085159/raw/SIRENAS%20DATA%20POST_NEG/T-855-6_neg.mzXML,MSV000085159,True,unvalidated_pairs
10195edf-d501-48fc-a69f-f556f6f531cf.1,Salinispora pacifica CNY498,genome,ftp://massive.ucsd.edu/MSV000085159/raw/SIRENAS%20DATA%20POST_NEG/Y-498-1.mzXML,MSV000085159,True,unvalidated_pairs
10195edf-d501-48fc-a69f-f556f6f531cf.1,Salinispora pacifica CNY498,genome,ftp://massive.ucsd.edu/MSV000085159/raw/SIRENAS%20DATA%20POST_NEG/Y-498-1_neg.mzXML,MSV000085159,True,unvalidated_pairs
10195edf-d501-48fc-a69f-f556f6f531cf.1,Salinispora pacifica CNY498,genome,ftp://massive.ucsd.edu/MSV000085159/raw/SIRENAS%20DATA%20POST_NEG/Y-498-2.mzXML,MSV000085159,True,unvalidated_pairs
10195edf-d501-48fc-a69f-f556f6f531cf.1,Salinispora pacifica CNY498,genome,ftp://massive.ucsd.edu/MSV000085159/raw/SIRENAS%20DATA%20POST_NEG/Y-498-2_neg.mzXML,MSV000085159,True,unvalidated_pairs
10195edf-d501-48fc-a69f-f556f6f531cf.1,Salinispora pacifica CNY498,genome,ftp://massive.ucsd.edu/MSV000085159/raw/SIRENAS%20DATA%20POST_NEG/Y-498-3.mzXML,MSV000085159,True,unvalidated_pairs
10195edf-d501-48fc-a69f-f556f6f531cf.1,Salinispora pacifica CNY498,genome,ftp://massive.ucsd.edu/MSV000085159/raw/SIRENAS%20DATA%20POST_NEG/Y-498-3_neg.mzXML,MSV000085159,True,unvalidated_pairs
10195edf-d501-48fc-a69f-f556f6f531cf.1,Salinispora pacifica CNY498,genome,ftp://massive.ucsd.edu/MSV000085159/raw/SIRENAS%20DATA%20POST_NEG/Y-498-4.mzXML,MSV000085159,True,unvalidated_pairs
10195edf-d501-48fc-a69f-f556f6f531cf.1,Salinispora pacifica CNY498,genome,ftp://massive.ucsd.edu/MSV000085159/raw/SIRENAS%20DATA%20POST_NEG/Y-498-4_neg.mzXML,MSV000085159,True,unvalidated_pairs
10195edf-d501-48fc-a69f-f556f6f531cf.1,Salinispora pacifica CNY498,genome,ftp://massive.ucsd.edu/MSV000085159/raw/SIRENAS%20DATA%20POST_NEG/Y-498-5.mzXML,MSV000085159,True,unvalidated_pairs
10195edf-d501-48fc-a69f-f556f6f531cf.1,Salinispora pacifica CNY498,genome,ftp://massive.ucsd.edu/MSV000085159/raw/SIRENAS%20DATA%20POST_NEG/Y-498-5_neg.mzXML,MSV000085159,True,unvalidated_pairs
10195edf-d501-48fc-a69f-f556f6f531cf.1,Salinispora pacifica CNY498,genome,ftp://massive.ucsd.edu/MSV000085159/raw/SIRENAS%20DATA%20POST_NEG/Y-498-6.mzXML,MSV000085159,True,unvalidated_pairs
10195edf-d501-48fc-a69f-f556f6f531cf.1,Salinispora pacifica CNY498,genome,ftp://massive.ucsd.edu/MSV000085159/raw/SIRENAS%20DATA%20POST_NEG/Y-498-6_neg.mzXML,MSV000085159,True,unvalidated_pairs
10195edf-d501-48fc-a69f-f556f6f531cf.1,Salinispora pacifica CNT851,genome,ftp://massive.ucsd.edu/MSV000085159/raw/SIRENAS%20DATA%20POST_NEG/T-851-1.mzXML,MSV000085159,True,unvalidated_pairs
10195edf-d501-48fc-a69f-f556f6f531cf.1,Salinispora pacifica CNT851,genome,ftp://massive.ucsd.edu/MSV000085159/raw/SIRENAS%20DATA%20POST_NEG/T-851-1_neg.mzXML,MSV000085159,True,unvalidated_pairs
10195edf-d501-48fc-a69f-f556f6f531cf.1,Salinispora pacifica CNT851,genome,ftp://massive.ucsd.edu/MSV000085159/raw/SIRENAS%20DATA%20POST_NEG/T-851-2.mzXML,MSV000085159,True,unvalidated_pairs
10195edf-d501-48fc-a69f-f556f6f531cf.1,Salinispora pacifica CNT851,genome,ftp://massive.ucsd.edu/MSV000085159/raw/SIRENAS%20DATA%20POST_NEG/T-851-2_neg.mzXML,MSV000085159,True,unvalidated_pairs
10195edf-d501-48fc-a69f-f556f6f531cf.1,Salinispora pacifica CNT851,genome,ftp://massive.ucsd.edu/MSV000085159/raw/SIRENAS%20DATA%20POST_NEG/T-851-3.mzXML,MSV000085159,True,unvalidated_pairs
10195edf-d501-48fc-a69f-f556f6f531cf.1,Salinispora pacifica CNT851,genome,ftp://massive.ucsd.edu/MSV000085159/raw/SIRENAS%20DATA%20POST_NEG/T-851-3_neg.mzXML,MSV000085159,True,unvalidated_pairs
10195edf-d501-48fc-a69f-f556f6f531cf.1,Salinispora pacifica CNT851,genome,ftp://massive.ucsd.edu/MSV000085159/raw/SIRENAS%20DATA%20POST_NEG/T-851-4.mzXML,MSV000085159,True,unvalidated_pairs
10195edf-d501-48fc-a69f-f556f6f531cf.1,Salinispora pacifica CNT851,genome,ftp://massive.ucsd.edu/MSV000085159/raw/SIRENAS%20DATA%20POST_NEG/T-851-4_neg.mzXML,MSV000085159,True,unvalidated_pairs
10195edf-d501-48fc-a69f-f556f6f531cf.1,Salinispora pacifica CNT851,genome,ftp://massive.ucsd.edu/MSV000085159/raw/SIRENAS%20DATA%20POST_NEG/T-851-5.mzXML,MSV000085159,True,unvalidated_pairs
10195edf-d501-48fc-a69f-f556f6f531cf.1,Salinispora pacifica CNT851,genome,ftp://massive.ucsd.edu/MSV000085159/raw/SIRENAS%20DATA%20POST_NEG/T-851-5_neg.mzXML,MSV000085159,True,unvalidated_pairs
10195edf-d501-48fc-a69f-f556f6f531cf.1,Salinispora pacifica CNT851,genome,ftp://massive.ucsd.edu/MSV000085159/raw/SIRENAS%20DATA%20POST_NEG/T-851-6.mzXML,MSV000085159,True,unvalidated_pairs
10195edf-d501-48fc-a69f-f556f6f531cf.1,Salinispora pacifica CNT851,genome,ftp://massive.ucsd.edu/MSV000085159/raw/SIRENAS%20DATA%20POST_NEG/T-851-6_neg.mzXML,MSV000085159,True,unvalidated_pairs
10195edf-d501-48fc-a69f-f556f6f531cf.1,Salinispora oceanensis CNT029,genome,ftp://massive.ucsd.edu/MSV000085159/raw/SIRENAS%20DATA%20POST_NEG/T-029-1.mzXML,MSV000085159,True,unvalidated_pairs
10195edf-d501-48fc-a69f-f556f6f531cf.1,Salinispora oceanensis CNT029,genome,ftp://massive.ucsd.edu/MSV000085159/raw/SIRENAS%20DATA%20POST_NEG/T-029-1_neg.mzXML,MSV000085159,True,unvalidated_pairs
10195edf-d501-48fc-a69f-f556f6f531cf.1,Salinispora oceanensis CNT029,genome,ftp://massive.ucsd.edu/MSV000085159/raw/SIRENAS%20DATA%20POST_NEG/T-029-2.mzXML,MSV000085159,True,unvalidated_pairs
10195edf-d501-48fc-a69f-f556f6f531cf.1,Salinispora oceanensis CNT029,genome,ftp://massive.ucsd.edu/MSV000085159/raw/SIRENAS%20DATA%20POST_NEG/T-029-2_neg.mzXML,MSV000085159,True,unvalidated_pairs
10195edf-d501-48fc-a69f-f556f6f531cf.1,Salinispora oceanensis CNT029,genome,ftp://massive.ucsd.edu/MSV000085159/raw/SIRENAS%20DATA%20POST_NEG/T-029-3.mzXML,MSV000085159,True,unvalidated_pairs
10195edf-d501-48fc-a69f-f556f6f531cf.1,Salinispora oceanensis CNT029,genome,ftp://massive.ucsd.edu/MSV000085159/raw/SIRENAS%20DATA%20POST_NEG/T-029-3_neg.mzXML,MSV000085159,True,unvalidated_pairs
10195edf-d501-48fc-a69f-f556f6f531cf.1,Salinispora oceanensis CNT029,genome,ftp://massive.ucsd.edu/MSV000085159/raw/SIRENAS%20DATA%20POST_NEG/T-029-4.mzXML,MSV000085159,True,unvalidated_pairs
10195edf-d501-48fc-a69f-f556f6f531cf.1,Salinispora oceanensis CNT029,genome,ftp://massive.ucsd.edu/MSV000085159/raw/SIRENAS%20DATA%20POST_NEG/T-029-4_neg.mzXML,MSV000085159,True,unvalidated_pairs
10195edf-d501-48fc-a69f-f556f6f531cf.1,Salinispora oceanensis CNT029,genome,ftp://massive.ucsd.edu/MSV000085159/raw/SIRENAS%20DATA%20POST_NEG/T-029-5.mzXML,MSV000085159,True,unvalidated_pairs
10195edf-d501-48fc-a69f-f556f6f531cf.1,Salinispora oceanensis CNT029,genome,ftp://massive.ucsd.edu/MSV000085159/raw/SIRENAS%20DATA%20POST_NEG/T-029-5_neg.mzXML,MSV000085159,True,unvalidated_pairs
10195edf-d501-48fc-a69f-f556f6f531cf.1,Salinispora oceanensis CNT029,genome,ftp://massive.ucsd.edu/MSV000085159/raw/SIRENAS%20DATA%20POST_NEG/T-029-6.mzXML,MSV000085159,True,unvalidated_pairs
10195edf-d501-48fc-a69f-f556f6f531cf.1,Salinispora oceanensis CNT029,genome,ftp://massive.ucsd.edu/MSV000085159/raw/SIRENAS%20DATA%20POST_NEG/T-029-6_neg.mzXML,MSV000085159,True,unvalidated_pairs
10195edf-d501-48fc-a69f-f556f6f531cf.1,Salinispora oceanensis CNY673,genome,ftp://massive.ucsd.edu/MSV000085159/raw/SIRENAS%20DATA%20POST_NEG/Y-673-1.mzXML,MSV000085159,True,unvalidated_pairs
10195edf-d501-48fc-a69f-f556f6f531cf.1,Salinispora oceanensis CNY673,genome,ftp://massive.ucsd.edu/MSV000085159/raw/SIRENAS%20DATA%20POST_NEG/Y-673-1_neg.mzXML,MSV000085159,True,unvalidated_pairs
10195edf-d501-48fc-a69f-f556f6f531cf.1,Salinispora oceanensis CNY673,genome,ftp://massive.ucsd.edu/MSV000085159/raw/SIRENAS%20DATA%20POST_NEG/Y-673-2.mzXML,MSV000085159,True,unvalidated_pairs
10195edf-d501-48fc-a69f-f556f6f531cf.1,Salinispora oceanensis CNY673,genome,ftp://massive.ucsd.edu/MSV000085159/raw/SIRENAS%20DATA%20POST_NEG/Y-673-2_neg.mzXML,MSV000085159,True,unvalidated_pairs
10195edf-d501-48fc-a69f-f556f6f531cf.1,Salinispora oceanensis CNY673,genome,ftp://massive.ucsd.edu/MSV000085159/raw/SIRENAS%20DATA%20POST_NEG/Y-673-3.mzXML,MSV000085159,True,unvalidated_pairs
10195edf-d501-48fc-a69f-f556f6f531cf.1,Salinispora oceanensis CNY673,genome,ftp://massive.ucsd.edu/MSV000085159/raw/SIRENAS%20DATA%20POST_NEG/Y-673-3_neg.mzXML,MSV000085159,True,unvalidated_pairs
10195edf-d501-48fc-a69f-f556f6f531cf.1,Salinispora oceanensis CNY673,genome,ftp://massive.ucsd.edu/MSV000085159/raw/SIRENAS%20DATA%20POST_NEG/Y-673-4.mzXML,MSV000085159,True,unvalidated_pairs
10195edf-d501-48fc-a69f-f556f6f531cf.1,Salinispora oceanensis CNY673,genome,ftp://massive.ucsd.edu/MSV000085159/raw/SIRENAS%20DATA%20POST_NEG/Y-673-4_neg.mzXML,MSV000085159,True,unvalidated_pairs
10195edf-d501-48fc-a69f-f556f6f531cf.1,Salinispora oceanensis CNY673,genome,ftp://massive.ucsd.edu/MSV000085159/raw/SIRENAS%20DATA%20POST_NEG/Y-673-5.mzXML,MSV000085159,True,unvalidated_pairs
10195edf-d501-48fc-a69f-f556f6f531cf.1,Salinispora oceanensis CNY673,genome,ftp://massive.ucsd.edu/MSV000085159/raw/SIRENAS%20DATA%20POST_NEG/Y-673-5_neg.mzXML,MSV000085159,True,unvalidated_pairs
10195edf-d501-48fc-a69f-f556f6f531cf.1,Salinispora oceanensis CNY673,genome,ftp://massive.ucsd.edu/MSV000085159/raw/SIRENAS%20DATA%20POST_NEG/Y-673-6.mzXML,MSV000085159,True,unvalidated_pairs
10195edf-d501-48fc-a69f-f556f6f531cf.1,Salinispora oceanensis CNY673,genome,ftp://massive.ucsd.edu/MSV000085159/raw/SIRENAS%20DATA%20POST_NEG/Y-673-6_neg.mzXML,MSV000085159,True,unvalidated_pairs
10195edf-d501-48fc-a69f-f556f6f531cf.1,Salinispora oceanensis CNY703,genome,ftp://massive.ucsd.edu/MSV000085159/raw/SIRENAS%20DATA%20POST_NEG/Y-703-1.mzXML,MSV000085159,True,unvalidated_pairs
10195edf-d501-48fc-a69f-f556f6f531cf.1,Salinispora oceanensis CNY703,genome,ftp://massive.ucsd.edu/MSV000085159/raw/SIRENAS%20DATA%20POST_NEG/Y-703-1_neg.mzXML,MSV000085159,True,unvalidated_pairs
10195edf-d501-48fc-a69f-f556f6f531cf.1,Salinispora oceanensis CNY703,genome,ftp://massive.ucsd.edu/MSV000085159/raw/SIRENAS%20DATA%20POST_NEG/Y-703-2.mzXML,MSV000085159,True,unvalidated_pairs
10195edf-d501-48fc-a69f-f556f6f531cf.1,Salinispora oceanensis CNY703,genome,ftp://massive.ucsd.edu/MSV000085159/raw/SIRENAS%20DATA%20POST_NEG/Y-703-2_neg.mzXML,MSV000085159,True,unvalidated_pairs
10195edf-d501-48fc-a69f-f556f6f531cf.1,Salinispora oceanensis CNY703,genome,ftp://massive.ucsd.edu/MSV000085159/raw/SIRENAS%20DATA%20POST_NEG/Y-703-3.mzXML,MSV000085159,True,unvalidated_pairs
10195edf-d501-48fc-a69f-f556f6f531cf.1,Salinispora oceanensis CNY703,genome,ftp://massive.ucsd.edu/MSV000085159/raw/SIRENAS%20DATA%20POST_NEG/Y-703-3_neg.mzXML,MSV000085159,True,unvalidated_pairs
10195edf-d501-48fc-a69f-f556f6f531cf.1,Salinispora oceanensis CNY703,genome,ftp://massive.ucsd.edu/MSV000085159/raw/SIRENAS%20DATA%20POST_NEG/Y-703-4.mzXML,MSV000085159,True,unvalidated_pairs
10195edf-d501-48fc-a69f-f556f6f531cf.1,Salinispora oceanensis CNY703,genome,ftp://massive.ucsd.edu/MSV000085159/raw/SIRENAS%20DATA%20POST_NEG/Y-703-4_neg.mzXML,MSV000085159,True,unvalidated_pairs
10195edf-d501-48fc-a69f-f556f6f531cf.1,Salinispora oceanensis CNY703,genome,ftp://massive.ucsd.edu/MSV000085159/raw/SIRENAS%20DATA%20POST_NEG/Y-703-5.mzXML,MSV000085159,True,unvalidated_pairs
10195edf-d501-48fc-a69f-f556f6f531cf.1,Salinispora oceanensis CNY703,genome,ftp://massive.ucsd.edu/MSV000085159/raw/SIRENAS%20DATA%20POST_NEG/Y-703-5_neg.mzXML,MSV000085159,True,unvalidated_pairs
10195edf-d501-48fc-a69f-f556f6f531cf.1,Salinispora oceanensis CNY703,genome,ftp://massive.ucsd.edu/MSV000085159/raw/SIRENAS%20DATA%20POST_NEG/Y-703-6.mzXML,MSV000085159,True,unvalidated_pairs
10195edf-d501-48fc-a69f-f556f6f531cf.1,Salinispora oceanensis CNY703,genome,ftp://massive.ucsd.edu/MSV000085159/raw/SIRENAS%20DATA%20POST_NEG/Y-703-6_neg.mzXML,MSV000085159,True,unvalidated_pairs
10195edf-d501-48fc-a69f-f556f6f531cf.1,Salinispora oceanensis CNT403,genome,ftp://massive.ucsd.edu/MSV000085159/raw/SIRENAS%20DATA%20POST_NEG/T-403-1.mzXML,MSV000085159,True,unvalidated_pairs
10195edf-d501-48fc-a69f-f556f6f531cf.1,Salinispora oceanensis CNT403,genome,ftp://massive.ucsd.edu/MSV000085159/raw/SIRENAS%20DATA%20POST_NEG/T-403-1_neg.mzXML,MSV000085159,True,unvalidated_pairs
10195edf-d501-48fc-a69f-f556f6f531cf.1,Salinispora oceanensis CNT403,genome,ftp://massive.ucsd.edu/MSV000085159/raw/SIRENAS%20DATA%20POST_NEG/T-403-2.mzXML,MSV000085159,True,unvalidated_pairs
10195edf-d501-48fc-a69f-f556f6f531cf.1,Salinispora oceanensis CNT403,genome,ftp://massive.ucsd.edu/MSV000085159/raw/SIRENAS%20DATA%20POST_NEG/T-403-2_neg.mzXML,MSV000085159,True,unvalidated_pairs
10195edf-d501-48fc-a69f-f556f6f531cf.1,Salinispora oceanensis CNT403,genome,ftp://massive.ucsd.edu/MSV000085159/raw/SIRENAS%20DATA%20POST_NEG/T-403-3.mzXML,MSV000085159,True,unvalidated_pairs
10195edf-d501-48fc-a69f-f556f6f531cf.1,Salinispora oceanensis CNT403,genome,ftp://massive.ucsd.edu/MSV000085159/raw/SIRENAS%20DATA%20POST_NEG/T-403-3_neg.mzXML,MSV000085159,True,unvalidated_pairs
10195edf-d501-48fc-a69f-f556f6f531cf.1,Salinispora oceanensis CNT403,genome,ftp://massive.ucsd.edu/MSV000085159/raw/SIRENAS%20DATA%20POST_NEG/T-403-4.mzXML,MSV000085159,True,unvalidated_pairs
10195edf-d501-48fc-a69f-f556f6f531cf.1,Salinispora oceanensis CNT403,genome,ftp://massive.ucsd.edu/MSV000085159/raw/SIRENAS%20DATA%20POST_NEG/T-403-4_neg.mzXML,MSV000085159,True,unvalidated_pairs
10195edf-d501-48fc-a69f-f556f6f531cf.1,Salinispora oceanensis CNT403,genome,ftp://massive.ucsd.edu/MSV000085159/raw/SIRENAS%20DATA%20POST_NEG/T-403-5.mzXML,MSV000085159,True,unvalidated_pairs
10195edf-d501-48fc-a69f-f556f6f531cf.1,Salinispora oceanensis CNT403,genome,ftp://massive.ucsd.edu/MSV000085159/raw/SIRENAS%20DATA%20POST_NEG/T-403-5_neg.mzXML,MSV000085159,True,unvalidated_pairs
10195edf-d501-48fc-a69f-f556f6f531cf.1,Salinispora oceanensis CNT403,genome,ftp://massive.ucsd.edu/MSV000085159/raw/SIRENAS%20DATA%20POST_NEG/T-403-6.mzXML,MSV000085159,True,unvalidated_pairs
10195edf-d501-48fc-a69f-f556f6f531cf.1,Salinispora oceanensis CNT403,genome,ftp://massive.ucsd.edu/MSV000085159/raw/SIRENAS%20DATA%20POST_NEG/T-403-6_neg.mzXML,MSV000085159,True,unvalidated_pairs
10195edf-d501-48fc-a69f-f556f6f531cf.1,Salinispora arenicola CNH643,genome,ftp://massive.ucsd.edu/MSV000085159/raw/SIRENAS%20DATA%20POST_NEG/H-643-1.mzXML,MSV000085159,True,unvalidated_pairs
10195edf-d501-48fc-a69f-f556f6f531cf.1,Salinispora arenicola CNH643,genome,ftp://massive.ucsd.edu/MSV000085159/raw/SIRENAS%20DATA%20POST_NEG/H-643-1_neg.mzXML,MSV000085159,True,unvalidated_pairs
10195edf-d501-48fc-a69f-f556f6f531cf.1,Salinispora arenicola CNH643,genome,ftp://massive.ucsd.edu/MSV000085159/raw/SIRENAS%20DATA%20POST_NEG/H-643-2.mzXML,MSV000085159,True,unvalidated_pairs
10195edf-d501-48fc-a69f-f556f6f531cf.1,Salinispora arenicola CNH643,genome,ftp://massive.ucsd.edu/MSV000085159/raw/SIRENAS%20DATA%20POST_NEG/H-643-2_neg.mzXML,MSV000085159,True,unvalidated_pairs
10195edf-d501-48fc-a69f-f556f6f531cf.1,Salinispora arenicola CNH643,genome,ftp://massive.ucsd.edu/MSV000085159/raw/SIRENAS%20DATA%20POST_NEG/H-643-3.mzXML,MSV000085159,True,unvalidated_pairs
10195edf-d501-48fc-a69f-f556f6f531cf.1,Salinispora arenicola CNH643,genome,ftp://massive.ucsd.edu/MSV000085159/raw/SIRENAS%20DATA%20POST_NEG/H-643-3_neg.mzXML,MSV000085159,True,unvalidated_pairs
10195edf-d501-48fc-a69f-f556f6f531cf.1,Salinispora arenicola CNH643,genome,ftp://massive.ucsd.edu/MSV000085159/raw/SIRENAS%20DATA%20POST_NEG/H-643-4.mzXML,MSV000085159,True,unvalidated_pairs
10195edf-d501-48fc-a69f-f556f6f531cf.1,Salinispora arenicola CNH643,genome,ftp://massive.ucsd.edu/MSV000085159/raw/SIRENAS%20DATA%20POST_NEG/H-643-4_neg.mzXML,MSV000085159,True,unvalidated_pairs
10195edf-d501-48fc-a69f-f556f6f531cf.1,Salinispora arenicola CNH643,genome,ftp://massive.ucsd.edu/MSV000085159/raw/SIRENAS%20DATA%20POST_NEG/H-643-5.mzXML,MSV000085159,True,unvalidated_pairs
10195edf-d501-48fc-a69f-f556f6f531cf.1,Salinispora arenicola CNH643,genome,ftp://massive.ucsd.edu/MSV000085159/raw/SIRENAS%20DATA%20POST_NEG/H-643-5_neg.mzXML,MSV000085159,True,unvalidated_pairs
10195edf-d501-48fc-a69f-f556f6f531cf.1,Salinispora arenicola CNH643,genome,ftp://massive.ucsd.edu/MSV000085159/raw/SIRENAS%20DATA%20POST_NEG/H-643-6.mzXML,MSV000085159,True,unvalidated_pairs
10195edf-d501-48fc-a69f-f556f6f531cf.1,Salinispora arenicola CNH643,genome,ftp://massive.ucsd.edu/MSV000085159/raw/SIRENAS%20DATA%20POST_NEG/H-643-6_neg.mzXML,MSV000085159,True,unvalidated_pairs
10195edf-d501-48fc-a69f-f556f6f531cf.1,Salinispora tropica CNB440,genome,ftp://massive.ucsd.edu/MSV000085159/raw/SIRENAS%20DATA%20POST_NEG/B-440-1.mzXML,MSV000085159,True,unvalidated_pairs
10195edf-d501-48fc-a69f-f556f6f531cf.1,Salinispora tropica CNB440,genome,ftp://massive.ucsd.edu/MSV000085159/raw/SIRENAS%20DATA%20POST_NEG/B-440-1_neg.mzXML,MSV000085159,True,unvalidated_pairs
10195edf-d501-48fc-a69f-f556f6f531cf.1,Salinispora tropica CNB440,genome,ftp://massive.ucsd.edu/MSV000085159/raw/SIRENAS%20DATA%20POST_NEG/B-440-2.mzXML,MSV000085159,True,unvalidated_pairs
10195edf-d501-48fc-a69f-f556f6f531cf.1,Salinispora tropica CNB440,genome,ftp://massive.ucsd.edu/MSV000085159/raw/SIRENAS%20DATA%20POST_NEG/B-440-2_neg.mzXML,MSV000085159,True,unvalidated_pairs
10195edf-d501-48fc-a69f-f556f6f531cf.1,Salinispora tropica CNB440,genome,ftp://massive.ucsd.edu/MSV000085159/raw/SIRENAS%20DATA%20POST_NEG/B-440-3.mzXML,MSV000085159,True,unvalidated_pairs
10195edf-d501-48fc-a69f-f556f6f531cf.1,Salinispora tropica CNB440,genome,ftp://massive.ucsd.edu/MSV000085159/raw/SIRENAS%20DATA%20POST_NEG/B-440-3_neg.mzXML,MSV000085159,True,unvalidated_pairs
10195edf-d501-48fc-a69f-f556f6f531cf.1,Salinispora tropica CNB440,genome,ftp://massive.ucsd.edu/MSV000085159/raw/SIRENAS%20DATA%20POST_NEG/B-440-4.mzXML,MSV000085159,True,unvalidated_pairs
10195edf-d501-48fc-a69f-f556f6f531cf.1,Salinispora tropica CNB440,genome,ftp://massive.ucsd.edu/MSV000085159/raw/SIRENAS%20DATA%20POST_NEG/B-440-4_neg.mzXML,MSV000085159,True,unvalidated_pairs
10195edf-d501-48fc-a69f-f556f6f531cf.1,Salinispora tropica CNB440,genome,ftp://massive.ucsd.edu/MSV000085159/raw/SIRENAS%20DATA%20POST_NEG/B-440-5.mzXML,MSV000085159,True,unvalidated_pairs
10195edf-d501-48fc-a69f-f556f6f531cf.1,Salinispora tropica CNB440,genome,ftp://massive.ucsd.edu/MSV000085159/raw/SIRENAS%20DATA%20POST_NEG/B-440-5_neg.mzXML,MSV000085159,True,unvalidated_pairs
10195edf-d501-48fc-a69f-f556f6f531cf.1,Salinispora tropica CNB440,genome,ftp://massive.ucsd.edu/MSV000085159/raw/SIRENAS%20DATA%20POST_NEG/B-440-6.mzXML,MSV000085159,True,unvalidated_pairs
10195edf-d501-48fc-a69f-f556f6f531cf.1,Salinispora tropica CNB440,genome,ftp://massive.ucsd.edu/MSV000085159/raw/SIRENAS%20DATA%20POST_NEG/B-440-6_neg.mzXML,MSV000085159,True,unvalidated_pairs
1af59f37-c518-448c-9536-734b663eb21b.5,Escherichia coli IHE3034,genome,ftp://massive.ucsd.edu/MSV000078995/ccms_peak/P4_Peptide.mzXML,MSV000078995,True,unvalidated_pairs
1af59f37-c518-448c-9536-734b663eb21b.5,Escherichia coli IHE3034,genome,ftp://massive.ucsd.edu/MSV000078995/ccms_peak/P4_Peptide2.mzXML,MSV000078995,True,unvalidated_pairs
1af59f37-c518-448c-9536-734b663eb21b.5,Escherichia coli IHE3034,genome,ftp://massive.ucsd.edu/MSV000078995/ccms_peak/P4_UnbiasedExclude.mzXML,MSV000078995,True,validated_pairs
1af59f37-c518-448c-9536-734b663eb21b.5,Escherichia coli IHE3034,genome,ftp://massive.ucsd.edu/MSV000078995/ccms_peak/P4_UnbiasedExclude_2.mzXML,MSV000078995,True,unvalidated_pairs
1af59f37-c518-448c-9536-734b663eb21b.5,Escherichia coli IHE3034,genome,ftp://massive.ucsd.edu/MSV000078995/ccms_peak/WT3_Peptide.mzXML,MSV000078995,True,unvalidated_pairs
1af59f37-c518-448c-9536-734b663eb21b.5,Escherichia coli IHE3034,genome,ftp://massive.ucsd.edu/MSV000078995/ccms_peak/WT3_Unbiased.mzXML,MSV000078995,True,unvalidated_pairs
1af59f37-c518-448c-9536-734b663eb21b.5,Escherichia coli IHE3034,genome,ftp://massive.ucsd.edu/MSV000078995/ccms_peak/WT3_Unbiased2.mzXML,MSV000078995,True,unvalidated_pairs
1af59f37-c518-448c-9536-734b663eb21b.5,Escherichia coli IHE3034,genome,ftp://massive.ucsd.edu/MSV000078995/peak/P4_Peptide.mzXML,MSV000078995,True,unvalidated_pairs
1af59f37-c518-448c-9536-734b663eb21b.5,Escherichia coli IHE3034,genome,ftp://massive.ucsd.edu/MSV000078995/peak/P4_Peptide2.mzXML,MSV000078995,True,unvalidated_pairs
1af59f37-c518-448c-9536-734b663eb21b.5,Escherichia coli IHE3034,genome,ftp://massive.ucsd.edu/MSV000078995/peak/P4_UnbiasedExclude.mzXML,MSV000078995,True,validated_pairs
1af59f37-c518-448c-9536-734b663eb21b.5,Escherichia coli IHE3034,genome,ftp://massive.ucsd.edu/MSV000078995/peak/P4_UnbiasedExclude_2.mzXML,MSV000078995,True,unvalidated_pairs
1af59f37-c518-448c-9536-734b663eb21b.5,Escherichia coli IHE3034,genome,ftp://massive.ucsd.edu/MSV000078995/peak/WT3_Peptide.mzXML,MSV000078995,True,unvalidated_pairs
1af59f37-c518-448c-9536-734b663eb21b.5,Escherichia coli IHE3034,genome,ftp://massive.ucsd.edu/MSV000078995/peak/WT3_Unbiased.mzXML,MSV000078995,True,unvalidated_pairs
1af59f37-c518-448c-9536-734b663eb21b.5,Escherichia coli IHE3034,genome,ftp://massive.ucsd.edu/MSV000078995/peak/WT3_Unbiased2.mzXML,MSV000078995,True,unvalidated_pairs
1b0dccac-5212-4dfd-a9f2-6fa953ab16bd.5,Pseudomonas aurantiaca PB-St2,genome,ftp://massive.ucsd.edu/MSV000085018/peak/P_aurantiaca_PB-St2_GD4_01_38292.mzXML,MSV000085018,True,unvalidated_pairs
1b0dccac-5212-4dfd-a9f2-6fa953ab16bd.5,Pseudomonas aurantiaca PB-St2,genome,ftp://massive.ucsd.edu/MSV000085018/peak/P_aurantiaca_PB-St2_KsB_GE2_01_38299.mzXML,MSV000085018,True,unvalidated_pairs
1b0dccac-5212-4dfd-a9f2-6fa953ab16bd.5,Pseudomonas protegens Pf-5,genome,ftp://massive.ucsd.edu/MSV000085018/peak/Protegens_Pf5_GD1_01_38288.mzXML,MSV000085018,True,unvalidated_pairs
1b0dccac-5212-4dfd-a9f2-6fa953ab16bd.5,Pseudomonas aeruginosa TUEPA7472,genome,ftp://massive.ucsd.edu/MSV000085018/peak/P_aeruginosa_TUEPA_GC8_01_38287.mzXML,MSV000085018,True,unvalidated_pairs
1b0dccac-5212-4dfd-a9f2-6fa953ab16bd.5,Pseudomonas fluorescens Pf0-1 LK194 gacA+ mutant,genome,ftp://massive.ucsd.edu/MSV000085018/peak/P_fluorescens_Pf0-1_LK194_Gac+_GD3_01_38290.mzXML,MSV000085018,True,unvalidated_pairs
1b0dccac-5212-4dfd-a9f2-6fa953ab16bd.5,Pseudomonas putida BW11M1,genome,ftp://massive.ucsd.edu/MSV000085018/peak/P_putida_BW11M1_GD2_01_38289.mzXML,MSV000085018,True,validated_pairs
1b0dccac-5212-4dfd-a9f2-6fa953ab16bd.5,Streptomyces sp. DH12,genome,ftp://massive.ucsd.edu/MSV000085018/peak/Streptomyces_DH12_R4_GE1_01_38298.mzXML,MSV000085018,True,unvalidated_pairs
1b0dccac-5212-4dfd-a9f2-6fa953ab16bd.5,Streptomyces sp. SW 4,genome,ftp://massive.ucsd.edu/MSV000085018/peak/Streptomyces_SW4_R4_GD8_01_38296.mzXML,MSV000085018,True,unvalidated_pairs
1b0dccac-5212-4dfd-a9f2-6fa953ab16bd.5,Nocardia terpenica IFM-0406,genome,ftp://massive.ucsd.edu/MSV000085018/peak/Noc_IFM0406_SN_MM9_GA7_01_31071.mzXML,MSV000085018,True,unvalidated_pairs
1b0dccac-5212-4dfd-a9f2-6fa953ab16bd.5,Nocardia terpenica IFM-0406,genome,ftp://massive.ucsd.edu/MSV000085018/peak/Noc_IFM0406_GE3_01_17769.mzXML,MSV000085018,True,unvalidated_pairs
1c86772a-2cb9-4164-bfc5-e0e3ac9520ea.1,Planomonospora sp. ID82291,genome,ftp://massive.ucsd.edu/MSV000085376/peak/mod-mzXML/6134_6138_mod.mzXML,MSV000085376,True,unvalidated_pairs
1c86772a-2cb9-4164-bfc5-e0e3ac9520ea.1,Planomonospora sp. ID82291,genome,ftp://massive.ucsd.edu/MSV000085376/peak/mod-mzXML/6133_6137_mod.mzXML,MSV000085376,True,unvalidated_pairs
1c86772a-2cb9-4164-bfc5-e0e3ac9520ea.1,Planomonospora sp. ID82291,genome,ftp://massive.ucsd.edu/MSV000085376/peak/mod-mzXML/6132_6136_mod.mzXML,MSV000085376,True,unvalidated_pairs
1c86772a-2cb9-4164-bfc5-e0e3ac9520ea.1,Planomonospora sp. ID91781,genome,ftp://massive.ucsd.edu/MSV000085376/peak/mod-mzXML/7366_7369_mod.mzXML,MSV000085376,True,unvalidated_pairs
1c86772a-2cb9-4164-bfc5-e0e3ac9520ea.1,Planomonospora sp. ID91781,genome,ftp://massive.ucsd.edu/MSV000085376/peak/mod-mzXML/7367_7370_mod.mzXML,MSV000085376,True,unvalidated_pairs
1c86772a-2cb9-4164-bfc5-e0e3ac9520ea.1,Planomonospora sp. ID91781,genome,ftp://massive.ucsd.edu/MSV000085376/peak/mod-mzXML/7368_7371_mod.mzXML,MSV000085376,True,unvalidated_pairs
1c86772a-2cb9-4164-bfc5-e0e3ac9520ea.1,Planomonospora sp. ID91781,genome,ftp://massive.ucsd.edu/MSV000085376/peak/mod-mzXML/5456_5455_mod.mzXML,MSV000085376,True,unvalidated_pairs
1c86772a-2cb9-4164-bfc5-e0e3ac9520ea.1,Planomonospora sp. ID67723,genome,ftp://massive.ucsd.edu/MSV000085376/peak/mod-mzXML/6030_6034_mod.mzXML,MSV000085376,True,unvalidated_pairs
1c86772a-2cb9-4164-bfc5-e0e3ac9520ea.1,Planomonospora sp. ID67723,genome,ftp://massive.ucsd.edu/MSV000085376/peak/mod-mzXML/6029_6033_mod.mzXML,MSV000085376,True,unvalidated_pairs
1c86772a-2cb9-4164-bfc5-e0e3ac9520ea.1,Planomonospora sp. ID67723,genome,ftp://massive.ucsd.edu/MSV000085376/peak/mod-mzXML/6031_6035_mod.mzXML,MSV000085376,True,unvalidated_pairs
1c86772a-2cb9-4164-bfc5-e0e3ac9520ea.1,Planomonospora sp. ID67723,genome,ftp://massive.ucsd.edu/MSV000085376/peak/mod-mzXML/6028_6032_mod.mzXML,MSV000085376,True,unvalidated_pairs
1e1986e8-f4d5-4d17-91be-2159f9c62b13.2,Maribacter_15366,genome,ftp://massive.ucsd.edu/MSV000084884/updates/2020-02-03_jamirimoghaddam_67410a78/raw/w20_15366.mzML,MSV000084884,True,unvalidated_pairs
1e1986e8-f4d5-4d17-91be-2159f9c62b13.2,Maribacter_15366,genome,ftp://massive.ucsd.edu/MSV000084884/updates/2020-02-03_jamirimoghaddam_67410a78/raw/w20_15366n.mzML,MSV000084884,True,unvalidated_pairs
1e1986e8-f4d5-4d17-91be-2159f9c62b13.2,Maribacter_15366,genome,ftp://massive.ucsd.edu/MSV000084884/updates/2020-02-03_jamirimoghaddam_67410a78/raw/w50_15366.mzML,MSV000084884,True,unvalidated_pairs
1e1986e8-f4d5-4d17-91be-2159f9c62b13.2,Maribacter_15366,genome,ftp://massive.ucsd.edu/MSV000084884/updates/2020-02-03_jamirimoghaddam_67410a78/raw/w50_15366n.mzML,MSV000084884,True,unvalidated_pairs
1e1986e8-f4d5-4d17-91be-2159f9c62b13.2,Maribacter_15366,genome,ftp://massive.ucsd.edu/MSV000084884/updates/2020-02-03_jamirimoghaddam_67410a78/raw/w100_15366.mzML,MSV000084884,True,unvalidated_pairs
1e1986e8-f4d5-4d17-91be-2159f9c62b13.2,Maribacter_15366,genome,ftp://massive.ucsd.edu/MSV000084884/updates/2020-02-03_jamirimoghaddam_67410a78/raw/w100_15366n.mzML,MSV000084884,True,unvalidated_pairs
1e1986e8-f4d5-4d17-91be-2159f9c62b13.2,Algoriphagus ,genome,ftp://massive.ucsd.edu/MSV000084884/updates/2020-02-03_jamirimoghaddam_67410a78/raw/w20_Alg.mzML,MSV000084884,True,unvalidated_pairs
1e1986e8-f4d5-4d17-91be-2159f9c62b13.2,Algoriphagus ,genome,ftp://massive.ucsd.edu/MSV000084884/updates/2020-02-03_jamirimoghaddam_67410a78/raw/w20_Algn.mzML,MSV000084884,True,unvalidated_pairs
1e1986e8-f4d5-4d17-91be-2159f9c62b13.2,Algoriphagus ,genome,ftp://massive.ucsd.edu/MSV000084884/updates/2020-02-03_jamirimoghaddam_67410a78/raw/w50_Alg.mzML,MSV000084884,True,unvalidated_pairs
1e1986e8-f4d5-4d17-91be-2159f9c62b13.2,Algoriphagus ,genome,ftp://massive.ucsd.edu/MSV000084884/updates/2020-02-03_jamirimoghaddam_67410a78/raw/w50_Algn.mzML,MSV000084884,True,unvalidated_pairs
1e1986e8-f4d5-4d17-91be-2159f9c62b13.2,Algoriphagus ,genome,ftp://massive.ucsd.edu/MSV000084884/updates/2020-02-03_jamirimoghaddam_67410a78/raw/w100_Alg.mzML,MSV000084884,True,unvalidated_pairs
1e1986e8-f4d5-4d17-91be-2159f9c62b13.2,Algoriphagus ,genome,ftp://massive.ucsd.edu/MSV000084884/updates/2020-02-03_jamirimoghaddam_67410a78/raw/w100_Algn.mzML,MSV000084884,True,unvalidated_pairs
1e1986e8-f4d5-4d17-91be-2159f9c62b13.2,Zobellia ,genome,ftp://massive.ucsd.edu/MSV000084884/updates/2020-02-03_jamirimoghaddam_67410a78/raw/w20_zob.mzML,MSV000084884,True,unvalidated_pairs
1e1986e8-f4d5-4d17-91be-2159f9c62b13.2,Zobellia ,genome,ftp://massive.ucsd.edu/MSV000084884/updates/2020-02-03_jamirimoghaddam_67410a78/raw/w20_zobn.mzML,MSV000084884,True,unvalidated_pairs
1e1986e8-f4d5-4d17-91be-2159f9c62b13.2,Zobellia ,genome,ftp://massive.ucsd.edu/MSV000084884/updates/2020-02-03_jamirimoghaddam_67410a78/raw/w50_zob.mzML,MSV000084884,True,unvalidated_pairs
1e1986e8-f4d5-4d17-91be-2159f9c62b13.2,Zobellia ,genome,ftp://massive.ucsd.edu/MSV000084884/updates/2020-02-03_jamirimoghaddam_67410a78/raw/w50_zobn.mzML,MSV000084884,True,unvalidated_pairs
1e1986e8-f4d5-4d17-91be-2159f9c62b13.2,Zobellia ,genome,ftp://massive.ucsd.edu/MSV000084884/updates/2020-02-03_jamirimoghaddam_67410a78/raw/w100_zob.mzML,MSV000084884,True,unvalidated_pairs
1e1986e8-f4d5-4d17-91be-2159f9c62b13.2,Zobellia ,genome,ftp://massive.ucsd.edu/MSV000084884/updates/2020-02-03_jamirimoghaddam_67410a78/raw/w100_zobn.mzML,MSV000084884,True,unvalidated_pairs
1e1986e8-f4d5-4d17-91be-2159f9c62b13.2,Labrenzia,genome,ftp://massive.ucsd.edu/MSV000084884/updates/2020-02-03_jamirimoghaddam_67410a78/raw/w20_Lab.mzML,MSV000084884,True,unvalidated_pairs
1e1986e8-f4d5-4d17-91be-2159f9c62b13.2,Labrenzia,genome,ftp://massive.ucsd.edu/MSV000084884/updates/2020-02-03_jamirimoghaddam_67410a78/raw/w20_Labn.mzML,MSV000084884,True,unvalidated_pairs
1e1986e8-f4d5-4d17-91be-2159f9c62b13.2,Labrenzia,genome,ftp://massive.ucsd.edu/MSV000084884/updates/2020-02-03_jamirimoghaddam_67410a78/raw/w50_Lab.mzML,MSV000084884,True,unvalidated_pairs
1e1986e8-f4d5-4d17-91be-2159f9c62b13.2,Labrenzia,genome,ftp://massive.ucsd.edu/MSV000084884/updates/2020-02-03_jamirimoghaddam_67410a78/raw/w50_Labn.mzML,MSV000084884,True,unvalidated_pairs
1e1986e8-f4d5-4d17-91be-2159f9c62b13.2,Labrenzia,genome,ftp://massive.ucsd.edu/MSV000084884/updates/2020-02-03_jamirimoghaddam_67410a78/raw/w100_Lab.mzML,MSV000084884,True,unvalidated_pairs
1e1986e8-f4d5-4d17-91be-2159f9c62b13.2,Labrenzia,genome,ftp://massive.ucsd.edu/MSV000084884/updates/2020-02-03_jamirimoghaddam_67410a78/raw/w100_Labn.mzML,MSV000084884,True,unvalidated_pairs
1e1986e8-f4d5-4d17-91be-2159f9c62b13.2,Saccharomonospora,genome,ftp://massive.ucsd.edu/MSV000084884/updates/2020-02-03_jamirimoghaddam_67410a78/raw/Sacch00196_MS2.mzML,MSV000084884,True,unvalidated_pairs
2356a1c6-6e22-469c-9a52-64dae92f3e0b.2,Pseudomonas psychrophila sp. JB418,genome,ftp://massive.ucsd.edu/MSV000085085/peak/JB418_alone.mzXML,MSV000085085,True,unvalidated_pairs
2356a1c6-6e22-469c-9a52-64dae92f3e0b.2,Pseudomonas psychrophila sp. JB418,genome,ftp://massive.ucsd.edu/MSV000085085/peak/JB418_1.mzXML,MSV000085085,True,unvalidated_pairs
2356a1c6-6e22-469c-9a52-64dae92f3e0b.2,Pseudomonas psychrophila sp. JB418,genome,ftp://massive.ucsd.edu/MSV000085085/peak/JB418_2.mzXML,MSV000085085,True,unvalidated_pairs
2356a1c6-6e22-469c-9a52-64dae92f3e0b.2,Pseudomonas psychrophila sp. JB418,genome,ftp://massive.ucsd.edu/MSV000085085/peak/JB418_3.mzXML,MSV000085085,True,unvalidated_pairs
297c364c-b154-4edd-a7d5-68decf9effa2.4,Salinispora arenicola CNT005,genome,ftp://massive.ucsd.edu/MSV000078836/ccms_peak/Screening/T005-3-EA.mzXML,MSV000078836,True,unvalidated_pairs
297c364c-b154-4edd-a7d5-68decf9effa2.4,Salinispora arenicola CNT005,genome,ftp://massive.ucsd.edu/MSV000078836/ccms_peak/Screening/T005-3-Bu.mzXML,MSV000078836,True,unvalidated_pairs
297c364c-b154-4edd-a7d5-68decf9effa2.4,Salinispora arenicola CNT005,genome,ftp://massive.ucsd.edu/MSV000078836/ccms_peak/Screening/T005-3-Me.mzXML,MSV000078836,True,unvalidated_pairs
297c364c-b154-4edd-a7d5-68decf9effa2.4,Salinispora arenicola CNR107,genome,ftp://massive.ucsd.edu/MSV000078836/ccms_peak/Screening/R107-3-EA.mzXML,MSV000078836,True,unvalidated_pairs
297c364c-b154-4edd-a7d5-68decf9effa2.4,Salinispora arenicola CNR107,genome,ftp://massive.ucsd.edu/MSV000078836/ccms_peak/Screening/R107-3-Bu.mzXML,MSV000078836,True,unvalidated_pairs
297c364c-b154-4edd-a7d5-68decf9effa2.4,Salinispora arenicola CNR107,genome,ftp://massive.ucsd.edu/MSV000078836/ccms_peak/Screening/R107-3-Me.mzXML,MSV000078836,True,unvalidated_pairs
297c364c-b154-4edd-a7d5-68decf9effa2.4,Salinispora pacifica CNS801,genome,ftp://massive.ucsd.edu/MSV000078836/ccms_peak/Screening/S801-3-EA.mzXML,MSV000078836,True,unvalidated_pairs
297c364c-b154-4edd-a7d5-68decf9effa2.4,Salinispora pacifica CNS801,genome,ftp://massive.ucsd.edu/MSV000078836/ccms_peak/Screening/S801-3-Bu.mzXML,MSV000078836,True,unvalidated_pairs
297c364c-b154-4edd-a7d5-68decf9effa2.4,Salinispora pacifica CNS801,genome,ftp://massive.ucsd.edu/MSV000078836/ccms_peak/Screening/S801-3-Me.mzXML,MSV000078836,True,unvalidated_pairs
297c364c-b154-4edd-a7d5-68decf9effa2.4,Salinispora arenicola CNY011,genome,ftp://massive.ucsd.edu/MSV000078836/ccms_peak/Screening/Y011-3-EA.mzXML,MSV000078836,True,unvalidated_pairs
297c364c-b154-4edd-a7d5-68decf9effa2.4,Salinispora arenicola CNY011,genome,ftp://massive.ucsd.edu/MSV000078836/ccms_peak/Screening/Y011-3-Bu.mzXML,MSV000078836,True,unvalidated_pairs
297c364c-b154-4edd-a7d5-68decf9effa2.4,Salinispora arenicola CNY011,genome,ftp://massive.ucsd.edu/MSV000078836/ccms_peak/Screening/Y011-3-Me.mzXML,MSV000078836,True,unvalidated_pairs
297c364c-b154-4edd-a7d5-68decf9effa2.4,Salinispora arenicola CNX508,genome,ftp://massive.ucsd.edu/MSV000078836/ccms_peak/Screening/X508-3-EA.mzXML,MSV000078836,True,unvalidated_pairs
297c364c-b154-4edd-a7d5-68decf9effa2.4,Salinispora arenicola CNX508,genome,ftp://massive.ucsd.edu/MSV000078836/ccms_peak/Screening/X508-3-Bu.mzXML,MSV000078836,True,unvalidated_pairs
297c364c-b154-4edd-a7d5-68decf9effa2.4,Salinispora arenicola CNX508,genome,ftp://massive.ucsd.edu/MSV000078836/ccms_peak/Screening/X508-3-Me.mzXML,MSV000078836,True,unvalidated_pairs
297c364c-b154-4edd-a7d5-68decf9effa2.4,Salinispora arenicola CNY237,genome,ftp://massive.ucsd.edu/MSV000078836/ccms_peak/Screening/Y237-3-EA.mzXML,MSV000078836,True,unvalidated_pairs
297c364c-b154-4edd-a7d5-68decf9effa2.4,Salinispora arenicola CNY237,genome,ftp://massive.ucsd.edu/MSV000078836/ccms_peak/Screening/Y237-3-Bu.mzXML,MSV000078836,True,unvalidated_pairs
297c364c-b154-4edd-a7d5-68decf9effa2.4,Salinispora arenicola CNY237,genome,ftp://massive.ucsd.edu/MSV000078836/ccms_peak/Screening/Y237-3-Me.mzXML,MSV000078836,True,unvalidated_pairs
297c364c-b154-4edd-a7d5-68decf9effa2.4,Salinispora tropica CNS416,genome,ftp://massive.ucsd.edu/MSV000078836/ccms_peak/Screening/S416-3-EA.mzXML,MSV000078836,True,unvalidated_pairs
297c364c-b154-4edd-a7d5-68decf9effa2.4,Salinispora tropica CNS416,genome,ftp://massive.ucsd.edu/MSV000078836/ccms_peak/Screening/S416-3-Bu.mzXML,MSV000078836,True,unvalidated_pairs
297c364c-b154-4edd-a7d5-68decf9effa2.4,Salinispora tropica CNS416,genome,ftp://massive.ucsd.edu/MSV000078836/ccms_peak/Screening/S416-3-Me.mzXML,MSV000078836,True,unvalidated_pairs
297c364c-b154-4edd-a7d5-68decf9effa2.4,Salinispora arenicola CNH996,genome,ftp://massive.ucsd.edu/MSV000078836/ccms_peak/Screening/H996-3-EA.mzXML,MSV000078836,True,unvalidated_pairs
297c364c-b154-4edd-a7d5-68decf9effa2.4,Salinispora arenicola CNH996,genome,ftp://massive.ucsd.edu/MSV000078836/ccms_peak/Screening/H996-3-Bu.mzXML,MSV000078836,True,unvalidated_pairs
297c364c-b154-4edd-a7d5-68decf9effa2.4,Salinispora arenicola CNH996,genome,ftp://massive.ucsd.edu/MSV000078836/ccms_peak/Screening/H996-3-Me.mzXML,MSV000078836,True,unvalidated_pairs
297c364c-b154-4edd-a7d5-68decf9effa2.4,Salinispora pacifica CNT138,genome,ftp://massive.ucsd.edu/MSV000078836/ccms_peak/Screening/T138-3-EA.mzXML,MSV000078836,True,unvalidated_pairs
297c364c-b154-4edd-a7d5-68decf9effa2.4,Salinispora pacifica CNT138,genome,ftp://massive.ucsd.edu/MSV000078836/ccms_peak/Screening/T138-3-Bu.mzXML,MSV000078836,True,unvalidated_pairs
297c364c-b154-4edd-a7d5-68decf9effa2.4,Salinispora pacifica CNT138,genome,ftp://massive.ucsd.edu/MSV000078836/ccms_peak/Screening/T138-3-Me.mzXML,MSV000078836,True,unvalidated_pairs
297c364c-b154-4edd-a7d5-68decf9effa2.4,Salinispora pacifica CNT001,genome,ftp://massive.ucsd.edu/MSV000078836/ccms_peak/Screening/T001-3-EA.mzXML,MSV000078836,True,unvalidated_pairs
297c364c-b154-4edd-a7d5-68decf9effa2.4,Salinispora pacifica CNT001,genome,ftp://massive.ucsd.edu/MSV000078836/ccms_peak/Screening/T001-3-Bu.mzXML,MSV000078836,True,unvalidated_pairs
297c364c-b154-4edd-a7d5-68decf9effa2.4,Salinispora pacifica CNT001,genome,ftp://massive.ucsd.edu/MSV000078836/ccms_peak/Screening/T001-3-Me.mzXML,MSV000078836,True,unvalidated_pairs
297c364c-b154-4edd-a7d5-68decf9effa2.4,Salinispora arenicola CNY685,genome,ftp://massive.ucsd.edu/MSV000078836/ccms_peak/Screening/Y685-3-EA.mzXML,MSV000078836,True,unvalidated_pairs
297c364c-b154-4edd-a7d5-68decf9effa2.4,Salinispora arenicola CNY685,genome,ftp://massive.ucsd.edu/MSV000078836/ccms_peak/Screening/Y685-3-Bu.mzXML,MSV000078836,True,unvalidated_pairs
297c364c-b154-4edd-a7d5-68decf9effa2.4,Salinispora arenicola CNY685,genome,ftp://massive.ucsd.edu/MSV000078836/ccms_peak/Screening/Y685-3-Me.mzXML,MSV000078836,True,unvalidated_pairs
297c364c-b154-4edd-a7d5-68decf9effa2.4,Salinispora arenicola CNY230,genome,ftp://massive.ucsd.edu/MSV000078836/ccms_peak/Screening/Y230-3-EA.mzXML,MSV000078836,True,unvalidated_pairs
297c364c-b154-4edd-a7d5-68decf9effa2.4,Salinispora arenicola CNY230,genome,ftp://massive.ucsd.edu/MSV000078836/ccms_peak/Screening/Y230-3-Bu.mzXML,MSV000078836,True,unvalidated_pairs
297c364c-b154-4edd-a7d5-68decf9effa2.4,Salinispora arenicola CNY230,genome,ftp://massive.ucsd.edu/MSV000078836/ccms_peak/Screening/Y230-3-Me.mzXML,MSV000078836,True,unvalidated_pairs
297c364c-b154-4edd-a7d5-68decf9effa2.4,Salinispora arenicola CNQ884,genome,ftp://massive.ucsd.edu/MSV000078836/ccms_peak/Screening/Q884-3-EA.mzXML,MSV000078836,True,unvalidated_pairs
297c364c-b154-4edd-a7d5-68decf9effa2.4,Salinispora arenicola CNQ884,genome,ftp://massive.ucsd.edu/MSV000078836/ccms_peak/Screening/Q884-3-Bu.mzXML,MSV000078836,True,unvalidated_pairs
297c364c-b154-4edd-a7d5-68decf9effa2.4,Salinispora arenicola CNQ884,genome,ftp://massive.ucsd.edu/MSV000078836/ccms_peak/Screening/Q884-3-Me.mzXML,MSV000078836,True,unvalidated_pairs
297c364c-b154-4edd-a7d5-68decf9effa2.4,Salinispora arenicola CNT849,genome,ftp://massive.ucsd.edu/MSV000078836/ccms_peak/Screening/T849-3-EA.mzXML,MSV000078836,True,unvalidated_pairs
297c364c-b154-4edd-a7d5-68decf9effa2.4,Salinispora arenicola CNT849,genome,ftp://massive.ucsd.edu/MSV000078836/ccms_peak/Screening/T849-3-Bu.mzXML,MSV000078836,True,unvalidated_pairs
297c364c-b154-4edd-a7d5-68decf9effa2.4,Salinispora arenicola CNT849,genome,ftp://massive.ucsd.edu/MSV000078836/ccms_peak/Screening/T849-3-Me.mzXML,MSV000078836,True,unvalidated_pairs
297c364c-b154-4edd-a7d5-68decf9effa2.4,Salinispora pacifica CNH732,genome,ftp://massive.ucsd.edu/MSV000078836/ccms_peak/Screening/H732-3-EA.mzXML,MSV000078836,True,unvalidated_pairs
297c364c-b154-4edd-a7d5-68decf9effa2.4,Salinispora pacifica CNH732,genome,ftp://massive.ucsd.edu/MSV000078836/ccms_peak/Screening/H732-3-Bu.mzXML,MSV000078836,True,unvalidated_pairs
297c364c-b154-4edd-a7d5-68decf9effa2.4,Salinispora pacifica CNH732,genome,ftp://massive.ucsd.edu/MSV000078836/ccms_peak/Screening/H732-3-Me.mzXML,MSV000078836,True,unvalidated_pairs
297c364c-b154-4edd-a7d5-68decf9effa2.4,Salinispora tropica CNH898,genome,ftp://massive.ucsd.edu/MSV000078836/ccms_peak/Screening/H898-3-EA.mzXML,MSV000078836,True,unvalidated_pairs
297c364c-b154-4edd-a7d5-68decf9effa2.4,Salinispora tropica CNH898,genome,ftp://massive.ucsd.edu/MSV000078836/ccms_peak/Screening/H898-3-Bu.mzXML,MSV000078836,True,unvalidated_pairs
297c364c-b154-4edd-a7d5-68decf9effa2.4,Salinispora tropica CNH898,genome,ftp://massive.ucsd.edu/MSV000078836/ccms_peak/Screening/H898-3-Me.mzXML,MSV000078836,True,unvalidated_pairs
297c364c-b154-4edd-a7d5-68decf9effa2.4,Salinispora pacifica CNY498,genome,ftp://massive.ucsd.edu/MSV000078836/ccms_peak/Screening/Y498-3-EA.mzXML,MSV000078836,True,unvalidated_pairs
297c364c-b154-4edd-a7d5-68decf9effa2.4,Salinispora pacifica CNY498,genome,ftp://massive.ucsd.edu/MSV000078836/ccms_peak/Screening/Y498-3-Bu.mzXML,MSV000078836,True,unvalidated_pairs
297c364c-b154-4edd-a7d5-68decf9effa2.4,Salinispora pacifica CNY498,genome,ftp://massive.ucsd.edu/MSV000078836/ccms_peak/Screening/Y498-3-Me.mzXML,MSV000078836,True,unvalidated_pairs
297c364c-b154-4edd-a7d5-68decf9effa2.4,Salinispora pacifica CNT584,genome,ftp://massive.ucsd.edu/MSV000078836/ccms_peak/Screening/T584-3-EA.mzXML,MSV000078836,True,unvalidated_pairs
297c364c-b154-4edd-a7d5-68decf9effa2.4,Salinispora pacifica CNT584,genome,ftp://massive.ucsd.edu/MSV000078836/ccms_peak/Screening/T584-3-Bu.mzXML,MSV000078836,True,unvalidated_pairs
297c364c-b154-4edd-a7d5-68decf9effa2.4,Salinispora pacifica CNT584,genome,ftp://massive.ucsd.edu/MSV000078836/ccms_peak/Screening/T584-3-Me.mzXML,MSV000078836,True,unvalidated_pairs
297c364c-b154-4edd-a7d5-68decf9effa2.4,Salinispora pacifica CNY703,genome,ftp://massive.ucsd.edu/MSV000078836/ccms_peak/Screening/Y703-3-EA.mzXML,MSV000078836,True,unvalidated_pairs
297c364c-b154-4edd-a7d5-68decf9effa2.4,Salinispora pacifica CNY703,genome,ftp://massive.ucsd.edu/MSV000078836/ccms_peak/Screening/Y703-3-Bu.mzXML,MSV000078836,True,unvalidated_pairs
297c364c-b154-4edd-a7d5-68decf9effa2.4,Salinispora pacifica CNY703,genome,ftp://massive.ucsd.edu/MSV000078836/ccms_peak/Screening/Y703-3-Me.mzXML,MSV000078836,True,unvalidated_pairs
297c364c-b154-4edd-a7d5-68decf9effa2.4,Salinispora pacifica CNS237,genome,ftp://massive.ucsd.edu/MSV000078836/ccms_peak/Screening/S237-3-EA.mzXML,MSV000078836,True,unvalidated_pairs
297c364c-b154-4edd-a7d5-68decf9effa2.4,Salinispora pacifica CNS237,genome,ftp://massive.ucsd.edu/MSV000078836/ccms_peak/Screening/S237-3-Bu.mzXML,MSV000078836,True,unvalidated_pairs
297c364c-b154-4edd-a7d5-68decf9effa2.4,Salinispora pacifica CNS237,genome,ftp://massive.ucsd.edu/MSV000078836/ccms_peak/Screening/S237-3-Me.mzXML,MSV000078836,True,unvalidated_pairs
297c364c-b154-4edd-a7d5-68decf9effa2.4,Salinispora pacifica CNT045,genome,ftp://massive.ucsd.edu/MSV000078836/ccms_peak/Screening/T045-3-EA.mzXML,MSV000078836,True,unvalidated_pairs
297c364c-b154-4edd-a7d5-68decf9effa2.4,Salinispora pacifica CNT045,genome,ftp://massive.ucsd.edu/MSV000078836/ccms_peak/Screening/T045-3-Bu.mzXML,MSV000078836,True,unvalidated_pairs
297c364c-b154-4edd-a7d5-68decf9effa2.4,Salinispora pacifica CNT045,genome,ftp://massive.ucsd.edu/MSV000078836/ccms_peak/Screening/T045-3-Me.mzXML,MSV000078836,True,unvalidated_pairs
297c364c-b154-4edd-a7d5-68decf9effa2.4,Salinispora pacifica CNY330,genome,ftp://massive.ucsd.edu/MSV000078836/ccms_peak/Screening/Y330-3-EA.mzXML,MSV000078836,True,unvalidated_pairs
297c364c-b154-4edd-a7d5-68decf9effa2.4,Salinispora pacifica CNY330,genome,ftp://massive.ucsd.edu/MSV000078836/ccms_peak/Screening/Y330-3-Bu.mzXML,MSV000078836,True,unvalidated_pairs
297c364c-b154-4edd-a7d5-68decf9effa2.4,Salinispora pacifica CNY330,genome,ftp://massive.ucsd.edu/MSV000078836/ccms_peak/Screening/Y330-3-Me.mzXML,MSV000078836,True,unvalidated_pairs
297c364c-b154-4edd-a7d5-68decf9effa2.4,Salinispora arenicola CNR921,genome,ftp://massive.ucsd.edu/MSV000078836/ccms_peak/Screening/R921-3-EA.mzXML,MSV000078836,True,unvalidated_pairs
297c364c-b154-4edd-a7d5-68decf9effa2.4,Salinispora arenicola CNR921,genome,ftp://massive.ucsd.edu/MSV000078836/ccms_peak/Screening/R921-3-Bu.mzXML,MSV000078836,True,unvalidated_pairs
297c364c-b154-4edd-a7d5-68decf9effa2.4,Salinispora arenicola CNR921,genome,ftp://massive.ucsd.edu/MSV000078836/ccms_peak/Screening/R921-3-Me.mzXML,MSV000078836,True,unvalidated_pairs
297c364c-b154-4edd-a7d5-68decf9effa2.4,Salinispora arenicola CNH964,genome,ftp://massive.ucsd.edu/MSV000078836/ccms_peak/Screening/H964-3-EA.mzXML,MSV000078836,True,unvalidated_pairs
297c364c-b154-4edd-a7d5-68decf9effa2.4,Salinispora arenicola CNH964,genome,ftp://massive.ucsd.edu/MSV000078836/ccms_peak/Screening/H964-3-Bu.mzXML,MSV000078836,True,unvalidated_pairs
297c364c-b154-4edd-a7d5-68decf9effa2.4,Salinispora arenicola CNH964,genome,ftp://massive.ucsd.edu/MSV000078836/ccms_peak/Screening/H964-3-Me.mzXML,MSV000078836,True,unvalidated_pairs
297c364c-b154-4edd-a7d5-68decf9effa2.4,Salinispora pacifica CNT403,genome,ftp://massive.ucsd.edu/MSV000078836/ccms_peak/Screening/T403-3-EA.mzXML,MSV000078836,True,unvalidated_pairs
297c364c-b154-4edd-a7d5-68decf9effa2.4,Salinispora pacifica CNT403,genome,ftp://massive.ucsd.edu/MSV000078836/ccms_peak/Screening/T403-3-Bu.mzXML,MSV000078836,True,unvalidated_pairs
297c364c-b154-4edd-a7d5-68decf9effa2.4,Salinispora pacifica CNT403,genome,ftp://massive.ucsd.edu/MSV000078836/ccms_peak/Screening/T403-3-Me.mzXML,MSV000078836,True,unvalidated_pairs
297c364c-b154-4edd-a7d5-68decf9effa2.4,Salinispora pacifica CNT133,genome,ftp://massive.ucsd.edu/MSV000078836/ccms_peak/Screening/T133-3-EA.mzXML,MSV000078836,True,unvalidated_pairs
297c364c-b154-4edd-a7d5-68decf9effa2.4,Salinispora pacifica CNT133,genome,ftp://massive.ucsd.edu/MSV000078836/ccms_peak/Screening/T133-3-Bu.mzXML,MSV000078836,True,unvalidated_pairs
297c364c-b154-4edd-a7d5-68decf9effa2.4,Salinispora pacifica CNT133,genome,ftp://massive.ucsd.edu/MSV000078836/ccms_peak/Screening/T133-3-Me.mzXML,MSV000078836,True,unvalidated_pairs
297c364c-b154-4edd-a7d5-68decf9effa2.4,Salinispora pacifica CNQ768,genome,ftp://massive.ucsd.edu/MSV000078836/ccms_peak/Screening/Q768-3-EA.mzXML,MSV000078836,True,unvalidated_pairs
297c364c-b154-4edd-a7d5-68decf9effa2.4,Salinispora pacifica CNQ768,genome,ftp://massive.ucsd.edu/MSV000078836/ccms_peak/Screening/Q768-3-Bu.mzXML,MSV000078836,True,unvalidated_pairs
297c364c-b154-4edd-a7d5-68decf9effa2.4,Salinispora pacifica CNQ768,genome,ftp://massive.ucsd.edu/MSV000078836/ccms_peak/Screening/Q768-3-Me.mzXML,MSV000078836,True,unvalidated_pairs
297c364c-b154-4edd-a7d5-68decf9effa2.4,Salinispora arenicola CNS325,genome,ftp://massive.ucsd.edu/MSV000078836/ccms_peak/Screening/S325-3-EA.mzXML,MSV000078836,True,unvalidated_pairs
297c364c-b154-4edd-a7d5-68decf9effa2.4,Salinispora arenicola CNS325,genome,ftp://massive.ucsd.edu/MSV000078836/ccms_peak/Screening/S325-3-Bu.mzXML,MSV000078836,True,unvalidated_pairs
297c364c-b154-4edd-a7d5-68decf9effa2.4,Salinispora arenicola CNS325,genome,ftp://massive.ucsd.edu/MSV000078836/ccms_peak/Screening/S325-3-Me.mzXML,MSV000078836,True,unvalidated_pairs
297c364c-b154-4edd-a7d5-68decf9effa2.4,Salinispora arenicola CNS296,genome,ftp://massive.ucsd.edu/MSV000078836/ccms_peak/Screening/S296-3-EA.mzXML,MSV000078836,True,unvalidated_pairs
297c364c-b154-4edd-a7d5-68decf9effa2.4,Salinispora arenicola CNS296,genome,ftp://massive.ucsd.edu/MSV000078836/ccms_peak/Screening/S296-3-Bu.mzXML,MSV000078836,True,unvalidated_pairs
297c364c-b154-4edd-a7d5-68decf9effa2.4,Salinispora arenicola CNS296,genome,ftp://massive.ucsd.edu/MSV000078836/ccms_peak/Screening/S296-3-Me.mzXML,MSV000078836,True,unvalidated_pairs
297c364c-b154-4edd-a7d5-68decf9effa2.4,Salinispora pacifica CNT851,genome,ftp://massive.ucsd.edu/MSV000078836/ccms_peak/Screening/T851-3-EA.mzXML,MSV000078836,True,unvalidated_pairs
297c364c-b154-4edd-a7d5-68decf9effa2.4,Salinispora pacifica CNT851,genome,ftp://massive.ucsd.edu/MSV000078836/ccms_peak/Screening/T851-3-Bu.mzXML,MSV000078836,True,unvalidated_pairs
297c364c-b154-4edd-a7d5-68decf9effa2.4,Salinispora pacifica CNT851,genome,ftp://massive.ucsd.edu/MSV000078836/ccms_peak/Screening/T851-3-Me.mzXML,MSV000078836,True,unvalidated_pairs
297c364c-b154-4edd-a7d5-68decf9effa2.4,Salinispora pacifica CNT124,genome,ftp://massive.ucsd.edu/MSV000078836/ccms_peak/Screening/T124-3-EA.mzXML,MSV000078836,True,unvalidated_pairs
297c364c-b154-4edd-a7d5-68decf9effa2.4,Salinispora pacifica CNT124,genome,ftp://massive.ucsd.edu/MSV000078836/ccms_peak/Screening/T124-3-Bu.mzXML,MSV000078836,True,unvalidated_pairs
297c364c-b154-4edd-a7d5-68decf9effa2.4,Salinispora pacifica CNT124,genome,ftp://massive.ucsd.edu/MSV000078836/ccms_peak/Screening/T124-3-Me.mzXML,MSV000078836,True,unvalidated_pairs
297c364c-b154-4edd-a7d5-68decf9effa2.4,Salinispora arenicola CNY231,genome,ftp://massive.ucsd.edu/MSV000078836/ccms_peak/Screening/Y231-3-EA.mzXML,MSV000078836,True,unvalidated_pairs
297c364c-b154-4edd-a7d5-68decf9effa2.4,Salinispora arenicola CNY231,genome,ftp://massive.ucsd.edu/MSV000078836/ccms_peak/Screening/Y231-3-Bu.mzXML,MSV000078836,True,unvalidated_pairs
297c364c-b154-4edd-a7d5-68decf9effa2.4,Salinispora arenicola CNY231,genome,ftp://massive.ucsd.edu/MSV000078836/ccms_peak/Screening/Y231-3-Me.mzXML,MSV000078836,True,unvalidated_pairs
297c364c-b154-4edd-a7d5-68decf9effa2.4,Salinispora arenicola CNS744,genome,ftp://massive.ucsd.edu/MSV000078836/ccms_peak/Screening/S744-3-EA.mzXML,MSV000078836,True,unvalidated_pairs
297c364c-b154-4edd-a7d5-68decf9effa2.4,Salinispora arenicola CNS744,genome,ftp://massive.ucsd.edu/MSV000078836/ccms_peak/Screening/S744-3-Bu.mzXML,MSV000078836,True,unvalidated_pairs
297c364c-b154-4edd-a7d5-68decf9effa2.4,Salinispora arenicola CNS744,genome,ftp://massive.ucsd.edu/MSV000078836/ccms_peak/Screening/S744-3-Me.mzXML,MSV000078836,True,unvalidated_pairs
297c364c-b154-4edd-a7d5-68decf9effa2.4,Salinispora arenicola CNS342,genome,ftp://massive.ucsd.edu/MSV000078836/ccms_peak/Screening/S342-3-EA.mzXML,MSV000078836,True,unvalidated_pairs
297c364c-b154-4edd-a7d5-68decf9effa2.4,Salinispora arenicola CNS342,genome,ftp://massive.ucsd.edu/MSV000078836/ccms_peak/Screening/S342-3-Bu.mzXML,MSV000078836,True,unvalidated_pairs
297c364c-b154-4edd-a7d5-68decf9effa2.4,Salinispora arenicola CNS342,genome,ftp://massive.ucsd.edu/MSV000078836/ccms_peak/Screening/S342-3-Me.mzXML,MSV000078836,True,unvalidated_pairs
297c364c-b154-4edd-a7d5-68decf9effa2.4,Salinispora pacifica CNT796,genome,ftp://massive.ucsd.edu/MSV000078836/ccms_peak/Screening/T796-3-EA.mzXML,MSV000078836,True,unvalidated_pairs
297c364c-b154-4edd-a7d5-68decf9effa2.4,Salinispora pacifica CNT796,genome,ftp://massive.ucsd.edu/MSV000078836/ccms_peak/Screening/T796-3-Bu.mzXML,MSV000078836,True,unvalidated_pairs
297c364c-b154-4edd-a7d5-68decf9effa2.4,Salinispora pacifica CNT796,genome,ftp://massive.ucsd.edu/MSV000078836/ccms_peak/Screening/T796-3-Me.mzXML,MSV000078836,True,unvalidated_pairs
297c364c-b154-4edd-a7d5-68decf9effa2.4,Salinispora pacifica CNR114,genome,ftp://massive.ucsd.edu/MSV000078836/ccms_peak/Screening/R114-3-EA.mzXML,MSV000078836,True,unvalidated_pairs
297c364c-b154-4edd-a7d5-68decf9effa2.4,Salinispora pacifica CNR114,genome,ftp://massive.ucsd.edu/MSV000078836/ccms_peak/Screening/R114-3-Bu.mzXML,MSV000078836,True,unvalidated_pairs
297c364c-b154-4edd-a7d5-68decf9effa2.4,Salinispora pacifica CNR114,genome,ftp://massive.ucsd.edu/MSV000078836/ccms_peak/Screening/R114-3-Me.mzXML,MSV000078836,True,unvalidated_pairs
297c364c-b154-4edd-a7d5-68decf9effa2.4,Salinispora arenicola CNY282,genome,ftp://massive.ucsd.edu/MSV000078836/ccms_peak/Screening/Y282-3-EA.mzXML,MSV000078836,True,unvalidated_pairs
297c364c-b154-4edd-a7d5-68decf9effa2.4,Salinispora arenicola CNY282,genome,ftp://massive.ucsd.edu/MSV000078836/ccms_peak/Screening/Y282-3-Bu.mzXML,MSV000078836,True,unvalidated_pairs
297c364c-b154-4edd-a7d5-68decf9effa2.4,Salinispora arenicola CNY282,genome,ftp://massive.ucsd.edu/MSV000078836/ccms_peak/Screening/Y282-3-Me.mzXML,MSV000078836,True,unvalidated_pairs
297c364c-b154-4edd-a7d5-68decf9effa2.4,Salinispora arenicola CNT798,genome,ftp://massive.ucsd.edu/MSV000078836/ccms_peak/Screening/T798-3-EA.mzXML,MSV000078836,True,unvalidated_pairs
297c364c-b154-4edd-a7d5-68decf9effa2.4,Salinispora arenicola CNT798,genome,ftp://massive.ucsd.edu/MSV000078836/ccms_peak/Screening/T798-3-Bu.mzXML,MSV000078836,True,unvalidated_pairs
297c364c-b154-4edd-a7d5-68decf9effa2.4,Salinispora arenicola CNT798,genome,ftp://massive.ucsd.edu/MSV000078836/ccms_peak/Screening/T798-3-Me.mzXML,MSV000078836,True,unvalidated_pairs
297c364c-b154-4edd-a7d5-68decf9effa2.4,Salinispora pacifica CNS860,genome,ftp://massive.ucsd.edu/MSV000078836/ccms_peak/Screening/S860-3-EA.mzXML,MSV000078836,True,unvalidated_pairs
297c364c-b154-4edd-a7d5-68decf9effa2.4,Salinispora pacifica CNS860,genome,ftp://massive.ucsd.edu/MSV000078836/ccms_peak/Screening/S860-3-Bu.mzXML,MSV000078836,True,unvalidated_pairs
297c364c-b154-4edd-a7d5-68decf9effa2.4,Salinispora pacifica CNS860,genome,ftp://massive.ucsd.edu/MSV000078836/ccms_peak/Screening/S860-3-Me.mzXML,MSV000078836,True,unvalidated_pairs
297c364c-b154-4edd-a7d5-68decf9effa2.4,Salinispora arenicola CNY694,genome,ftp://massive.ucsd.edu/MSV000078836/ccms_peak/Screening/Y694-3-EA.mzXML,MSV000078836,True,unvalidated_pairs
297c364c-b154-4edd-a7d5-68decf9effa2.4,Salinispora arenicola CNY694,genome,ftp://massive.ucsd.edu/MSV000078836/ccms_peak/Screening/Y694-3-Bu.mzXML,MSV000078836,True,unvalidated_pairs
297c364c-b154-4edd-a7d5-68decf9effa2.4,Salinispora arenicola CNY694,genome,ftp://massive.ucsd.edu/MSV000078836/ccms_peak/Screening/Y694-3-Me.mzXML,MSV000078836,True,unvalidated_pairs
297c364c-b154-4edd-a7d5-68decf9effa2.4,Salinispora arenicola CNP193,genome,ftp://massive.ucsd.edu/MSV000078836/ccms_peak/Screening/P193-3-EA.mzXML,MSV000078836,True,unvalidated_pairs
297c364c-b154-4edd-a7d5-68decf9effa2.4,Salinispora arenicola CNP193,genome,ftp://massive.ucsd.edu/MSV000078836/ccms_peak/Screening/P193-3-Bu.mzXML,MSV000078836,True,unvalidated_pairs
297c364c-b154-4edd-a7d5-68decf9effa2.4,Salinispora arenicola CNP193,genome,ftp://massive.ucsd.edu/MSV000078836/ccms_peak/Screening/P193-3-Me.mzXML,MSV000078836,True,unvalidated_pairs
297c364c-b154-4edd-a7d5-68decf9effa2.4,Salinispora pacifica CNS103,genome,ftp://massive.ucsd.edu/MSV000078836/ccms_peak/Screening/S103-3-EA.mzXML,MSV000078836,True,unvalidated_pairs
297c364c-b154-4edd-a7d5-68decf9effa2.4,Salinispora pacifica CNS103,genome,ftp://massive.ucsd.edu/MSV000078836/ccms_peak/Screening/S103-3-Bu.mzXML,MSV000078836,True,unvalidated_pairs
297c364c-b154-4edd-a7d5-68decf9effa2.4,Salinispora pacifica CNS103,genome,ftp://massive.ucsd.edu/MSV000078836/ccms_peak/Screening/S103-3-Me.mzXML,MSV000078836,True,unvalidated_pairs
297c364c-b154-4edd-a7d5-68decf9effa2.4,Salinispora arenicola CNP105,genome,ftp://massive.ucsd.edu/MSV000078836/ccms_peak/Screening/P105-3-EA.mzXML,MSV000078836,True,unvalidated_pairs
297c364c-b154-4edd-a7d5-68decf9effa2.4,Salinispora arenicola CNP105,genome,ftp://massive.ucsd.edu/MSV000078836/ccms_peak/Screening/P105-3-Bu.mzXML,MSV000078836,True,unvalidated_pairs
297c364c-b154-4edd-a7d5-68decf9effa2.4,Salinispora arenicola CNP105,genome,ftp://massive.ucsd.edu/MSV000078836/ccms_peak/Screening/P105-3-Me.mzXML,MSV000078836,True,unvalidated_pairs
297c364c-b154-4edd-a7d5-68decf9effa2.4,Salinispora arenicola CNX482,genome,ftp://massive.ucsd.edu/MSV000078836/ccms_peak/Screening/X482-3-EA.mzXML,MSV000078836,True,unvalidated_pairs
297c364c-b154-4edd-a7d5-68decf9effa2.4,Salinispora arenicola CNX482,genome,ftp://massive.ucsd.edu/MSV000078836/ccms_peak/Screening/X482-3-Bu.mzXML,MSV000078836,True,unvalidated_pairs
297c364c-b154-4edd-a7d5-68decf9effa2.4,Salinispora arenicola CNX482,genome,ftp://massive.ucsd.edu/MSV000078836/ccms_peak/Screening/X482-3-Me.mzXML,MSV000078836,True,unvalidated_pairs
297c364c-b154-4edd-a7d5-68decf9effa2.4,Salinispora pacifica CNY646,genome,ftp://massive.ucsd.edu/MSV000078836/ccms_peak/Screening/Y646-3-EA.mzXML,MSV000078836,True,unvalidated_pairs
297c364c-b154-4edd-a7d5-68decf9effa2.4,Salinispora pacifica CNY646,genome,ftp://massive.ucsd.edu/MSV000078836/ccms_peak/Screening/Y646-3-Bu.mzXML,MSV000078836,True,unvalidated_pairs
297c364c-b154-4edd-a7d5-68decf9effa2.4,Salinispora pacifica CNY646,genome,ftp://massive.ucsd.edu/MSV000078836/ccms_peak/Screening/Y646-3-Me.mzXML,MSV000078836,True,unvalidated_pairs
297c364c-b154-4edd-a7d5-68decf9effa2.4,Salinispora arenicola CNS299,genome,ftp://massive.ucsd.edu/MSV000078836/ccms_peak/Screening/S299-3-EA.mzXML,MSV000078836,True,unvalidated_pairs
297c364c-b154-4edd-a7d5-68decf9effa2.4,Salinispora arenicola CNS299,genome,ftp://massive.ucsd.edu/MSV000078836/ccms_peak/Screening/S299-3-Bu.mzXML,MSV000078836,True,unvalidated_pairs
297c364c-b154-4edd-a7d5-68decf9effa2.4,Salinispora arenicola CNS299,genome,ftp://massive.ucsd.edu/MSV000078836/ccms_peak/Screening/S299-3-Me.mzXML,MSV000078836,True,unvalidated_pairs
297c364c-b154-4edd-a7d5-68decf9effa2.4,Salinispora pacifica CNY673,genome,ftp://massive.ucsd.edu/MSV000078836/ccms_peak/Screening/Y673-3-EA.mzXML,MSV000078836,True,unvalidated_pairs
297c364c-b154-4edd-a7d5-68decf9effa2.4,Salinispora pacifica CNY673,genome,ftp://massive.ucsd.edu/MSV000078836/ccms_peak/Screening/Y673-3-Bu.mzXML,MSV000078836,True,unvalidated_pairs
297c364c-b154-4edd-a7d5-68decf9effa2.4,Salinispora pacifica CNY673,genome,ftp://massive.ucsd.edu/MSV000078836/ccms_peak/Screening/Y673-3-Me.mzXML,MSV000078836,True,unvalidated_pairs
297c364c-b154-4edd-a7d5-68decf9effa2.4,Salinispora arenicola CNY281,genome,ftp://massive.ucsd.edu/MSV000078836/ccms_peak/Screening/Y281-3-EA.mzXML,MSV000078836,True,unvalidated_pairs
297c364c-b154-4edd-a7d5-68decf9effa2.4,Salinispora arenicola CNY281,genome,ftp://massive.ucsd.edu/MSV000078836/ccms_peak/Screening/Y281-3-Bu.mzXML,MSV000078836,True,unvalidated_pairs
297c364c-b154-4edd-a7d5-68decf9effa2.4,Salinispora arenicola CNY281,genome,ftp://massive.ucsd.edu/MSV000078836/ccms_peak/Screening/Y281-3-Me.mzXML,MSV000078836,True,unvalidated_pairs
297c364c-b154-4edd-a7d5-68decf9effa2.4,Salinispora pacifica CNT003,genome,ftp://massive.ucsd.edu/MSV000078836/ccms_peak/Screening/T003-3-EA.mzXML,MSV000078836,True,unvalidated_pairs
297c364c-b154-4edd-a7d5-68decf9effa2.4,Salinispora pacifica CNT003,genome,ftp://massive.ucsd.edu/MSV000078836/ccms_peak/Screening/T003-3-Bu.mzXML,MSV000078836,True,unvalidated_pairs
297c364c-b154-4edd-a7d5-68decf9effa2.4,Salinispora pacifica CNT003,genome,ftp://massive.ucsd.edu/MSV000078836/ccms_peak/Screening/T003-3-Me.mzXML,MSV000078836,True,unvalidated_pairs
297c364c-b154-4edd-a7d5-68decf9effa2.4,Salinispora pacifica CNT569,genome,ftp://massive.ucsd.edu/MSV000078836/ccms_peak/Screening/T569-3-EA.mzXML,MSV000078836,True,unvalidated_pairs
297c364c-b154-4edd-a7d5-68decf9effa2.4,Salinispora pacifica CNT569,genome,ftp://massive.ucsd.edu/MSV000078836/ccms_peak/Screening/T569-3-Bu.mzXML,MSV000078836,True,unvalidated_pairs
297c364c-b154-4edd-a7d5-68decf9effa2.4,Salinispora pacifica CNT569,genome,ftp://massive.ucsd.edu/MSV000078836/ccms_peak/Screening/T569-3-Me.mzXML,MSV000078836,True,unvalidated_pairs
297c364c-b154-4edd-a7d5-68decf9effa2.4,Salinispora arenicola CNH643,genome,ftp://massive.ucsd.edu/MSV000078836/ccms_peak/Screening/H643-3-EA.mzXML,MSV000078836,True,unvalidated_pairs
297c364c-b154-4edd-a7d5-68decf9effa2.4,Salinispora arenicola CNH643,genome,ftp://massive.ucsd.edu/MSV000078836/ccms_peak/Screening/H643-3-Bu.mzXML,MSV000078836,True,unvalidated_pairs
297c364c-b154-4edd-a7d5-68decf9effa2.4,Salinispora arenicola CNH643,genome,ftp://massive.ucsd.edu/MSV000078836/ccms_peak/Screening/H643-3-Me.mzXML,MSV000078836,True,unvalidated_pairs
297c364c-b154-4edd-a7d5-68decf9effa2.4,Salinispora arenicola CNH962,genome,ftp://massive.ucsd.edu/MSV000078836/ccms_peak/Screening/H962-3-EA.mzXML,MSV000078836,True,unvalidated_pairs
297c364c-b154-4edd-a7d5-68decf9effa2.4,Salinispora arenicola CNH962,genome,ftp://massive.ucsd.edu/MSV000078836/ccms_peak/Screening/H962-3-Bu.mzXML,MSV000078836,True,unvalidated_pairs
297c364c-b154-4edd-a7d5-68decf9effa2.4,Salinispora arenicola CNH962,genome,ftp://massive.ucsd.edu/MSV000078836/ccms_peak/Screening/H962-3-Me.mzXML,MSV000078836,True,unvalidated_pairs
297c364c-b154-4edd-a7d5-68decf9effa2.4,Salinispora pacifica CNR909,genome,ftp://massive.ucsd.edu/MSV000078836/ccms_peak/Screening/R909-3-EA.mzXML,MSV000078836,True,unvalidated_pairs
297c364c-b154-4edd-a7d5-68decf9effa2.4,Salinispora pacifica CNR909,genome,ftp://massive.ucsd.edu/MSV000078836/ccms_peak/Screening/R909-3-Bu.mzXML,MSV000078836,True,unvalidated_pairs
297c364c-b154-4edd-a7d5-68decf9effa2.4,Salinispora pacifica CNR909,genome,ftp://massive.ucsd.edu/MSV000078836/ccms_peak/Screening/R909-3-Me.mzXML,MSV000078836,True,unvalidated_pairs
297c364c-b154-4edd-a7d5-68decf9effa2.4,Salinispora arenicola CNX481,genome,ftp://massive.ucsd.edu/MSV000078836/ccms_peak/Screening/X481-3-EA.mzXML,MSV000078836,True,unvalidated_pairs
297c364c-b154-4edd-a7d5-68decf9effa2.4,Salinispora arenicola CNX481,genome,ftp://massive.ucsd.edu/MSV000078836/ccms_peak/Screening/X481-3-Bu.mzXML,MSV000078836,True,unvalidated_pairs
297c364c-b154-4edd-a7d5-68decf9effa2.4,Salinispora arenicola CNX481,genome,ftp://massive.ucsd.edu/MSV000078836/ccms_peak/Screening/X481-3-Me.mzXML,MSV000078836,True,unvalidated_pairs
297c364c-b154-4edd-a7d5-68decf9effa2.4,Salinispora pacifica CNT148,genome,ftp://massive.ucsd.edu/MSV000078836/ccms_peak/Screening/T148-3-EA.mzXML,MSV000078836,True,unvalidated_pairs
297c364c-b154-4edd-a7d5-68decf9effa2.4,Salinispora pacifica CNT148,genome,ftp://massive.ucsd.edu/MSV000078836/ccms_peak/Screening/T148-3-Bu.mzXML,MSV000078836,True,unvalidated_pairs
297c364c-b154-4edd-a7d5-68decf9effa2.4,Salinispora pacifica CNT148,genome,ftp://massive.ucsd.edu/MSV000078836/ccms_peak/Screening/T148-3-Me.mzXML,MSV000078836,True,unvalidated_pairs
297c364c-b154-4edd-a7d5-68decf9effa2.4,Salinispora arenicola CNH713,genome,ftp://massive.ucsd.edu/MSV000078836/ccms_peak/Screening/H713-3-EA.mzXML,MSV000078836,True,unvalidated_pairs
297c364c-b154-4edd-a7d5-68decf9effa2.4,Salinispora arenicola CNH713,genome,ftp://massive.ucsd.edu/MSV000078836/ccms_peak/Screening/H713-3-Bu.mzXML,MSV000078836,True,unvalidated_pairs
297c364c-b154-4edd-a7d5-68decf9effa2.4,Salinispora arenicola CNH713,genome,ftp://massive.ucsd.edu/MSV000078836/ccms_peak/Screening/H713-3-Me.mzXML,MSV000078836,True,unvalidated_pairs
297c364c-b154-4edd-a7d5-68decf9effa2.4,Salinispora arenicola CNH963,genome,ftp://massive.ucsd.edu/MSV000078836/ccms_peak/Screening/H963-3-EA.mzXML,MSV000078836,True,unvalidated_pairs
297c364c-b154-4edd-a7d5-68decf9effa2.4,Salinispora arenicola CNH963,genome,ftp://massive.ucsd.edu/MSV000078836/ccms_peak/Screening/H963-3-Bu.mzXML,MSV000078836,True,unvalidated_pairs
297c364c-b154-4edd-a7d5-68decf9effa2.4,Salinispora arenicola CNH963,genome,ftp://massive.ucsd.edu/MSV000078836/ccms_peak/Screening/H963-3-Me.mzXML,MSV000078836,True,unvalidated_pairs
297c364c-b154-4edd-a7d5-68decf9effa2.4,Salinispora pacifica CNS863,genome,ftp://massive.ucsd.edu/MSV000078836/ccms_peak/Screening/S863-3-EA.mzXML,MSV000078836,True,unvalidated_pairs
297c364c-b154-4edd-a7d5-68decf9effa2.4,Salinispora pacifica CNS863,genome,ftp://massive.ucsd.edu/MSV000078836/ccms_peak/Screening/S863-3-Bu.mzXML,MSV000078836,True,unvalidated_pairs
297c364c-b154-4edd-a7d5-68decf9effa2.4,Salinispora pacifica CNS863,genome,ftp://massive.ucsd.edu/MSV000078836/ccms_peak/Screening/S863-3-Me.mzXML,MSV000078836,True,unvalidated_pairs
297c364c-b154-4edd-a7d5-68decf9effa2.4,Salinispora tropica CNB476,genome,ftp://massive.ucsd.edu/MSV000078836/ccms_peak/Screening/B476-3-EA.mzXML,MSV000078836,True,unvalidated_pairs
297c364c-b154-4edd-a7d5-68decf9effa2.4,Salinispora tropica CNB476,genome,ftp://massive.ucsd.edu/MSV000078836/ccms_peak/Screening/B476-3-Bu.mzXML,MSV000078836,True,unvalidated_pairs
297c364c-b154-4edd-a7d5-68decf9effa2.4,Salinispora tropica CNB476,genome,ftp://massive.ucsd.edu/MSV000078836/ccms_peak/Screening/B476-3-Me.mzXML,MSV000078836,True,unvalidated_pairs
297c364c-b154-4edd-a7d5-68decf9effa2.4,Salinispora tropica CNT261,genome,ftp://massive.ucsd.edu/MSV000078836/ccms_peak/Screening/T261-3-EA.mzXML,MSV000078836,True,unvalidated_pairs
297c364c-b154-4edd-a7d5-68decf9effa2.4,Salinispora tropica CNT261,genome,ftp://massive.ucsd.edu/MSV000078836/ccms_peak/Screening/T261-3-Bu.mzXML,MSV000078836,True,unvalidated_pairs
297c364c-b154-4edd-a7d5-68decf9effa2.4,Salinispora tropica CNT261,genome,ftp://massive.ucsd.edu/MSV000078836/ccms_peak/Screening/T261-3-Me.mzXML,MSV000078836,True,unvalidated_pairs
297c364c-b154-4edd-a7d5-68decf9effa2.4,Salinispora tropica CNR699,genome,ftp://massive.ucsd.edu/MSV000078836/ccms_peak/Screening/R699-3-EA.mzXML,MSV000078836,True,unvalidated_pairs
297c364c-b154-4edd-a7d5-68decf9effa2.4,Salinispora tropica CNR699,genome,ftp://massive.ucsd.edu/MSV000078836/ccms_peak/Screening/R699-3-Bu.mzXML,MSV000078836,True,unvalidated_pairs
297c364c-b154-4edd-a7d5-68decf9effa2.4,Salinispora tropica CNR699,genome,ftp://massive.ucsd.edu/MSV000078836/ccms_peak/Screening/R699-3-Me.mzXML,MSV000078836,True,unvalidated_pairs
297c364c-b154-4edd-a7d5-68decf9effa2.4,Salinispora arenicola CNQ748,genome,ftp://massive.ucsd.edu/MSV000078836/ccms_peak/Screening/Q748-3-EA.mzXML,MSV000078836,True,unvalidated_pairs
297c364c-b154-4edd-a7d5-68decf9effa2.4,Salinispora arenicola CNQ748,genome,ftp://massive.ucsd.edu/MSV000078836/ccms_peak/Screening/Q748-3-Bu.mzXML,MSV000078836,True,unvalidated_pairs
297c364c-b154-4edd-a7d5-68decf9effa2.4,Salinispora arenicola CNQ748,genome,ftp://massive.ucsd.edu/MSV000078836/ccms_peak/Screening/Q748-3-Me.mzXML,MSV000078836,True,unvalidated_pairs
297c364c-b154-4edd-a7d5-68decf9effa2.4,Salinispora arenicola CNS991,genome,ftp://massive.ucsd.edu/MSV000078836/ccms_peak/Screening/S991-3-EA.mzXML,MSV000078836,True,unvalidated_pairs
297c364c-b154-4edd-a7d5-68decf9effa2.4,Salinispora arenicola CNS991,genome,ftp://massive.ucsd.edu/MSV000078836/ccms_peak/Screening/S991-3-Bu.mzXML,MSV000078836,True,unvalidated_pairs
297c364c-b154-4edd-a7d5-68decf9effa2.4,Salinispora arenicola CNS991,genome,ftp://massive.ucsd.edu/MSV000078836/ccms_peak/Screening/S991-3-Me.mzXML,MSV000078836,True,unvalidated_pairs
297c364c-b154-4edd-a7d5-68decf9effa2.4,Salinispora arenicola CNY244,genome,ftp://massive.ucsd.edu/MSV000078836/ccms_peak/Screening/Y244-3-EA.mzXML,MSV000078836,True,unvalidated_pairs
297c364c-b154-4edd-a7d5-68decf9effa2.4,Salinispora arenicola CNY244,genome,ftp://massive.ucsd.edu/MSV000078836/ccms_peak/Screening/Y244-3-Bu.mzXML,MSV000078836,True,unvalidated_pairs
297c364c-b154-4edd-a7d5-68decf9effa2.4,Salinispora arenicola CNY244,genome,ftp://massive.ucsd.edu/MSV000078836/ccms_peak/Screening/Y244-3-Me.mzXML,MSV000078836,True,unvalidated_pairs
297c364c-b154-4edd-a7d5-68decf9effa2.4,Salinispora pacifica CNT854,genome,ftp://massive.ucsd.edu/MSV000078836/ccms_peak/Screening/T854-3-EA.mzXML,MSV000078836,True,unvalidated_pairs
297c364c-b154-4edd-a7d5-68decf9effa2.4,Salinispora pacifica CNT854,genome,ftp://massive.ucsd.edu/MSV000078836/ccms_peak/Screening/T854-3-Bu.mzXML,MSV000078836,True,unvalidated_pairs
297c364c-b154-4edd-a7d5-68decf9effa2.4,Salinispora pacifica CNT854,genome,ftp://massive.ucsd.edu/MSV000078836/ccms_peak/Screening/T854-3-Me.mzXML,MSV000078836,True,unvalidated_pairs
297c364c-b154-4edd-a7d5-68decf9effa2.4,Salinispora tropica CNY681,genome,ftp://massive.ucsd.edu/MSV000078836/ccms_peak/Screening/Y681-3-EA.mzXML,MSV000078836,True,unvalidated_pairs
297c364c-b154-4edd-a7d5-68decf9effa2.4,Salinispora tropica CNY681,genome,ftp://massive.ucsd.edu/MSV000078836/ccms_peak/Screening/Y681-3-Bu.mzXML,MSV000078836,True,unvalidated_pairs
297c364c-b154-4edd-a7d5-68decf9effa2.4,Salinispora tropica CNY681,genome,ftp://massive.ucsd.edu/MSV000078836/ccms_peak/Screening/Y681-3-Me.mzXML,MSV000078836,True,unvalidated_pairs
297c364c-b154-4edd-a7d5-68decf9effa2.4,Salinispora arenicola CNY260,genome,ftp://massive.ucsd.edu/MSV000078836/ccms_peak/Screening/Y260-3-EA.mzXML,MSV000078836,True,unvalidated_pairs
297c364c-b154-4edd-a7d5-68decf9effa2.4,Salinispora arenicola CNY260,genome,ftp://massive.ucsd.edu/MSV000078836/ccms_peak/Screening/Y260-3-Bu.mzXML,MSV000078836,True,unvalidated_pairs
297c364c-b154-4edd-a7d5-68decf9effa2.4,Salinispora arenicola CNY260,genome,ftp://massive.ucsd.edu/MSV000078836/ccms_peak/Screening/Y260-3-Me.mzXML,MSV000078836,True,unvalidated_pairs
297c364c-b154-4edd-a7d5-68decf9effa2.4,Salinispora arenicola CNT799,genome,ftp://massive.ucsd.edu/MSV000078836/ccms_peak/Screening/T799-3-EA.mzXML,MSV000078836,True,unvalidated_pairs
297c364c-b154-4edd-a7d5-68decf9effa2.4,Salinispora arenicola CNT799,genome,ftp://massive.ucsd.edu/MSV000078836/ccms_peak/Screening/T799-3-Bu.mzXML,MSV000078836,True,unvalidated_pairs
297c364c-b154-4edd-a7d5-68decf9effa2.4,Salinispora arenicola CNT799,genome,ftp://massive.ucsd.edu/MSV000078836/ccms_peak/Screening/T799-3-Me.mzXML,MSV000078836,True,unvalidated_pairs
297c364c-b154-4edd-a7d5-68decf9effa2.4,Salinispora arenicola CNH718,genome,ftp://massive.ucsd.edu/MSV000078836/ccms_peak/Screening/H718-3-EA.mzXML,MSV000078836,True,unvalidated_pairs
297c364c-b154-4edd-a7d5-68decf9effa2.4,Salinispora arenicola CNH718,genome,ftp://massive.ucsd.edu/MSV000078836/ccms_peak/Screening/H718-3-Bu.mzXML,MSV000078836,True,unvalidated_pairs
297c364c-b154-4edd-a7d5-68decf9effa2.4,Salinispora arenicola CNH718,genome,ftp://massive.ucsd.edu/MSV000078836/ccms_peak/Screening/H718-3-Me.mzXML,MSV000078836,True,unvalidated_pairs
297c364c-b154-4edd-a7d5-68decf9effa2.4,Salinispora arenicola CNH646,genome,ftp://massive.ucsd.edu/MSV000078836/ccms_peak/Screening/H646-3-EA.mzXML,MSV000078836,True,unvalidated_pairs
297c364c-b154-4edd-a7d5-68decf9effa2.4,Salinispora arenicola CNH646,genome,ftp://massive.ucsd.edu/MSV000078836/ccms_peak/Screening/H646-3-Bu.mzXML,MSV000078836,True,unvalidated_pairs
297c364c-b154-4edd-a7d5-68decf9effa2.4,Salinispora arenicola CNH646,genome,ftp://massive.ucsd.edu/MSV000078836/ccms_peak/Screening/H646-3-Me.mzXML,MSV000078836,True,unvalidated_pairs
297c364c-b154-4edd-a7d5-68decf9effa2.4,Salinispora arenicola CNY280,genome,ftp://massive.ucsd.edu/MSV000078836/ccms_peak/Screening/Y280-3-EA.mzXML,MSV000078836,True,unvalidated_pairs
297c364c-b154-4edd-a7d5-68decf9effa2.4,Salinispora arenicola CNY280,genome,ftp://massive.ucsd.edu/MSV000078836/ccms_peak/Screening/Y280-3-Bu.mzXML,MSV000078836,True,unvalidated_pairs
297c364c-b154-4edd-a7d5-68decf9effa2.4,Salinispora arenicola CNY280,genome,ftp://massive.ucsd.edu/MSV000078836/ccms_peak/Screening/Y280-3-Me.mzXML,MSV000078836,True,unvalidated_pairs
297c364c-b154-4edd-a7d5-68decf9effa2.4,Salinispora pacifica CNY202,genome,ftp://massive.ucsd.edu/MSV000078836/ccms_peak/Screening/Y202-3-EA.mzXML,MSV000078836,True,unvalidated_pairs
297c364c-b154-4edd-a7d5-68decf9effa2.4,Salinispora pacifica CNY202,genome,ftp://massive.ucsd.edu/MSV000078836/ccms_peak/Screening/Y202-3-Bu.mzXML,MSV000078836,True,unvalidated_pairs
297c364c-b154-4edd-a7d5-68decf9effa2.4,Salinispora pacifica CNY202,genome,ftp://massive.ucsd.edu/MSV000078836/ccms_peak/Screening/Y202-3-Me.mzXML,MSV000078836,True,unvalidated_pairs
297c364c-b154-4edd-a7d5-68decf9effa2.4,Salinispora arenicola CNY679,genome,ftp://massive.ucsd.edu/MSV000078836/ccms_peak/Screening/Y679-3-EA.mzXML,MSV000078836,True,unvalidated_pairs
297c364c-b154-4edd-a7d5-68decf9effa2.4,Salinispora arenicola CNY679,genome,ftp://massive.ucsd.edu/MSV000078836/ccms_peak/Screening/Y679-3-Bu.mzXML,MSV000078836,True,unvalidated_pairs
297c364c-b154-4edd-a7d5-68decf9effa2.4,Salinispora arenicola CNY679,genome,ftp://massive.ucsd.edu/MSV000078836/ccms_peak/Screening/Y679-3-Me.mzXML,MSV000078836,True,unvalidated_pairs
297c364c-b154-4edd-a7d5-68decf9effa2.4,Salinispora arenicola CNX891,genome,ftp://massive.ucsd.edu/MSV000078836/ccms_peak/Screening/X891-3-EA.mzXML,MSV000078836,True,unvalidated_pairs
297c364c-b154-4edd-a7d5-68decf9effa2.4,Salinispora arenicola CNX891,genome,ftp://massive.ucsd.edu/MSV000078836/ccms_peak/Screening/X891-3-Bu.mzXML,MSV000078836,True,unvalidated_pairs
297c364c-b154-4edd-a7d5-68decf9effa2.4,Salinispora arenicola CNX891,genome,ftp://massive.ucsd.edu/MSV000078836/ccms_peak/Screening/X891-3-Me.mzXML,MSV000078836,True,unvalidated_pairs
297c364c-b154-4edd-a7d5-68decf9effa2.4,Salinispora pacifica CNT855,genome,ftp://massive.ucsd.edu/MSV000078836/ccms_peak/Screening/T855-3-EA.mzXML,MSV000078836,True,unvalidated_pairs
297c364c-b154-4edd-a7d5-68decf9effa2.4,Salinispora pacifica CNT855,genome,ftp://massive.ucsd.edu/MSV000078836/ccms_peak/Screening/T855-3-Bu.mzXML,MSV000078836,True,unvalidated_pairs
297c364c-b154-4edd-a7d5-68decf9effa2.4,Salinispora pacifica CNT855,genome,ftp://massive.ucsd.edu/MSV000078836/ccms_peak/Screening/T855-3-Me.mzXML,MSV000078836,True,unvalidated_pairs
297c364c-b154-4edd-a7d5-68decf9effa2.4,Salinispora pacifica CNS996,genome,ftp://massive.ucsd.edu/MSV000078836/ccms_peak/Screening/S996-3-EA.mzXML,MSV000078836,True,unvalidated_pairs
297c364c-b154-4edd-a7d5-68decf9effa2.4,Salinispora pacifica CNS996,genome,ftp://massive.ucsd.edu/MSV000078836/ccms_peak/Screening/S996-3-Bu.mzXML,MSV000078836,True,unvalidated_pairs
297c364c-b154-4edd-a7d5-68decf9effa2.4,Salinispora pacifica CNS996,genome,ftp://massive.ucsd.edu/MSV000078836/ccms_peak/Screening/S996-3-Me.mzXML,MSV000078836,True,unvalidated_pairs
297c364c-b154-4edd-a7d5-68decf9effa2.4,Salinispora arenicola CNT850,genome,ftp://massive.ucsd.edu/MSV000078836/ccms_peak/Screening/T850-3-EA.mzXML,MSV000078836,True,unvalidated_pairs
297c364c-b154-4edd-a7d5-68decf9effa2.4,Salinispora arenicola CNT850,genome,ftp://massive.ucsd.edu/MSV000078836/ccms_peak/Screening/T850-3-Bu.mzXML,MSV000078836,True,unvalidated_pairs
297c364c-b154-4edd-a7d5-68decf9effa2.4,Salinispora arenicola CNT850,genome,ftp://massive.ucsd.edu/MSV000078836/ccms_peak/Screening/T850-3-Me.mzXML,MSV000078836,True,unvalidated_pairs
297c364c-b154-4edd-a7d5-68decf9effa2.4,Salinispora pacifica CNS143,genome,ftp://massive.ucsd.edu/MSV000078836/ccms_peak/Screening/S143-3-EA.mzXML,MSV000078836,True,unvalidated_pairs
297c364c-b154-4edd-a7d5-68decf9effa2.4,Salinispora pacifica CNS143,genome,ftp://massive.ucsd.edu/MSV000078836/ccms_peak/Screening/S143-3-Bu.mzXML,MSV000078836,True,unvalidated_pairs
297c364c-b154-4edd-a7d5-68decf9effa2.4,Salinispora pacifica CNS143,genome,ftp://massive.ucsd.edu/MSV000078836/ccms_peak/Screening/S143-3-Me.mzXML,MSV000078836,True,unvalidated_pairs
297c364c-b154-4edd-a7d5-68decf9effa2.4,Salinispora arenicola CNT088,genome,ftp://massive.ucsd.edu/MSV000078836/ccms_peak/Screening/T088-3-EA.mzXML,MSV000078836,True,unvalidated_pairs
297c364c-b154-4edd-a7d5-68decf9effa2.4,Salinispora arenicola CNT088,genome,ftp://massive.ucsd.edu/MSV000078836/ccms_peak/Screening/T088-3-Bu.mzXML,MSV000078836,True,unvalidated_pairs
297c364c-b154-4edd-a7d5-68decf9effa2.4,Salinispora arenicola CNT088,genome,ftp://massive.ucsd.edu/MSV000078836/ccms_peak/Screening/T088-3-Me.mzXML,MSV000078836,True,unvalidated_pairs
297c364c-b154-4edd-a7d5-68decf9effa2.4,Salinispora pacifica CNY666,genome,ftp://massive.ucsd.edu/MSV000078836/ccms_peak/Screening/Y666-3-EA.mzXML,MSV000078836,True,unvalidated_pairs
297c364c-b154-4edd-a7d5-68decf9effa2.4,Salinispora pacifica CNY666,genome,ftp://massive.ucsd.edu/MSV000078836/ccms_peak/Screening/Y666-3-Bu.mzXML,MSV000078836,True,unvalidated_pairs
297c364c-b154-4edd-a7d5-68decf9effa2.4,Salinispora pacifica CNY666,genome,ftp://massive.ucsd.edu/MSV000078836/ccms_peak/Screening/Y666-3-Me.mzXML,MSV000078836,True,unvalidated_pairs
297c364c-b154-4edd-a7d5-68decf9effa2.4,Salinispora arenicola CNH941,genome,ftp://massive.ucsd.edu/MSV000078836/ccms_peak/Screening/H941-3-EA.mzXML,MSV000078836,True,unvalidated_pairs
297c364c-b154-4edd-a7d5-68decf9effa2.4,Salinispora arenicola CNH941,genome,ftp://massive.ucsd.edu/MSV000078836/ccms_peak/Screening/H941-3-Bu.mzXML,MSV000078836,True,unvalidated_pairs
297c364c-b154-4edd-a7d5-68decf9effa2.4,Salinispora arenicola CNH941,genome,ftp://massive.ucsd.edu/MSV000078836/ccms_peak/Screening/H941-3-Me.mzXML,MSV000078836,True,unvalidated_pairs
297c364c-b154-4edd-a7d5-68decf9effa2.4,Salinispora pacifica CNY239,genome,ftp://massive.ucsd.edu/MSV000078836/ccms_peak/Screening/Y239-3-EA.mzXML,MSV000078836,True,unvalidated_pairs
297c364c-b154-4edd-a7d5-68decf9effa2.4,Salinispora pacifica CNY239,genome,ftp://massive.ucsd.edu/MSV000078836/ccms_peak/Screening/Y239-3-Bu.mzXML,MSV000078836,True,unvalidated_pairs
297c364c-b154-4edd-a7d5-68decf9effa2.4,Salinispora pacifica CNY239,genome,ftp://massive.ucsd.edu/MSV000078836/ccms_peak/Screening/Y239-3-Me.mzXML,MSV000078836,True,unvalidated_pairs
297c364c-b154-4edd-a7d5-68decf9effa2.4,Salinispora arenicola CNR425,genome,ftp://massive.ucsd.edu/MSV000078836/ccms_peak/Screening/R425-3-EA.mzXML,MSV000078836,True,unvalidated_pairs
297c364c-b154-4edd-a7d5-68decf9effa2.4,Salinispora arenicola CNR425,genome,ftp://massive.ucsd.edu/MSV000078836/ccms_peak/Screening/R425-3-Bu.mzXML,MSV000078836,True,unvalidated_pairs
297c364c-b154-4edd-a7d5-68decf9effa2.4,Salinispora arenicola CNR425,genome,ftp://massive.ucsd.edu/MSV000078836/ccms_peak/Screening/R425-3-Me.mzXML,MSV000078836,True,unvalidated_pairs
297c364c-b154-4edd-a7d5-68decf9effa2.4,Salinispora pacifica CNR942,genome,ftp://massive.ucsd.edu/MSV000078836/ccms_peak/Screening/R942-3-EA.mzXML,MSV000078836,True,unvalidated_pairs
297c364c-b154-4edd-a7d5-68decf9effa2.4,Salinispora pacifica CNR942,genome,ftp://massive.ucsd.edu/MSV000078836/ccms_peak/Screening/R942-3-Bu.mzXML,MSV000078836,True,unvalidated_pairs
297c364c-b154-4edd-a7d5-68decf9effa2.4,Salinispora pacifica CNR942,genome,ftp://massive.ucsd.edu/MSV000078836/ccms_peak/Screening/R942-3-Me.mzXML,MSV000078836,True,unvalidated_pairs
297c364c-b154-4edd-a7d5-68decf9effa2.4,Salinispora arenicola CNX814,genome,ftp://massive.ucsd.edu/MSV000078836/ccms_peak/Screening/X814-3-EA.mzXML,MSV000078836,True,unvalidated_pairs
297c364c-b154-4edd-a7d5-68decf9effa2.4,Salinispora arenicola CNX814,genome,ftp://massive.ucsd.edu/MSV000078836/ccms_peak/Screening/X814-3-Bu.mzXML,MSV000078836,True,unvalidated_pairs
297c364c-b154-4edd-a7d5-68decf9effa2.4,Salinispora arenicola CNX814,genome,ftp://massive.ucsd.edu/MSV000078836/ccms_peak/Screening/X814-3-Me.mzXML,MSV000078836,True,unvalidated_pairs
297c364c-b154-4edd-a7d5-68decf9effa2.4,Salinispora pacifica CNT029,genome,ftp://massive.ucsd.edu/MSV000078836/ccms_peak/Screening/T029-3-EA.mzXML,MSV000078836,True,unvalidated_pairs
297c364c-b154-4edd-a7d5-68decf9effa2.4,Salinispora pacifica CNT029,genome,ftp://massive.ucsd.edu/MSV000078836/ccms_peak/Screening/T029-3-Bu.mzXML,MSV000078836,True,unvalidated_pairs
297c364c-b154-4edd-a7d5-68decf9effa2.4,Salinispora pacifica CNT029,genome,ftp://massive.ucsd.edu/MSV000078836/ccms_peak/Screening/T029-3-Me.mzXML,MSV000078836,True,unvalidated_pairs
297c364c-b154-4edd-a7d5-68decf9effa2.4,Salinispora pacifica CNR894,genome,ftp://massive.ucsd.edu/MSV000078836/ccms_peak/Screening/R894-3-EA.mzXML,MSV000078836,True,unvalidated_pairs
297c364c-b154-4edd-a7d5-68decf9effa2.4,Salinispora pacifica CNR894,genome,ftp://massive.ucsd.edu/MSV000078836/ccms_peak/Screening/R894-3-Bu.mzXML,MSV000078836,True,unvalidated_pairs
297c364c-b154-4edd-a7d5-68decf9effa2.4,Salinispora pacifica CNR894,genome,ftp://massive.ucsd.edu/MSV000078836/ccms_peak/Screening/R894-3-Me.mzXML,MSV000078836,True,unvalidated_pairs
297c364c-b154-4edd-a7d5-68decf9effa2.4,Salinispora pacifica CNT150,genome,ftp://massive.ucsd.edu/MSV000078836/ccms_peak/Screening/T150-3-EA.mzXML,MSV000078836,True,unvalidated_pairs
297c364c-b154-4edd-a7d5-68decf9effa2.4,Salinispora pacifica CNT150,genome,ftp://massive.ucsd.edu/MSV000078836/ccms_peak/Screening/T150-3-Bu.mzXML,MSV000078836,True,unvalidated_pairs
297c364c-b154-4edd-a7d5-68decf9effa2.4,Salinispora pacifica CNT150,genome,ftp://massive.ucsd.edu/MSV000078836/ccms_peak/Screening/T150-3-Me.mzXML,MSV000078836,True,unvalidated_pairs
297c364c-b154-4edd-a7d5-68decf9effa2.4,Salinispora tropica CNS197,genome,ftp://massive.ucsd.edu/MSV000078836/ccms_peak/Screening/S197-3-EA.mzXML,MSV000078836,True,unvalidated_pairs
297c364c-b154-4edd-a7d5-68decf9effa2.4,Salinispora tropica CNS197,genome,ftp://massive.ucsd.edu/MSV000078836/ccms_peak/Screening/S197-3-Bu.mzXML,MSV000078836,True,unvalidated_pairs
297c364c-b154-4edd-a7d5-68decf9effa2.4,Salinispora tropica CNS197,genome,ftp://massive.ucsd.edu/MSV000078836/ccms_peak/Screening/S197-3-Me.mzXML,MSV000078836,True,unvalidated_pairs
297c364c-b154-4edd-a7d5-68decf9effa2.4,Salinispora arenicola CNS848,genome,ftp://massive.ucsd.edu/MSV000078836/ccms_peak/Screening/S848-3-EA.mzXML,MSV000078836,True,unvalidated_pairs
297c364c-b154-4edd-a7d5-68decf9effa2.4,Salinispora arenicola CNS848,genome,ftp://massive.ucsd.edu/MSV000078836/ccms_peak/Screening/S848-3-Bu.mzXML,MSV000078836,True,unvalidated_pairs
297c364c-b154-4edd-a7d5-68decf9effa2.4,Salinispora arenicola CNS848,genome,ftp://massive.ucsd.edu/MSV000078836/ccms_peak/Screening/S848-3-Me.mzXML,MSV000078836,True,unvalidated_pairs
297c364c-b154-4edd-a7d5-68decf9effa2.4,Salinispora tropica CNY678,genome,ftp://massive.ucsd.edu/MSV000078836/ccms_peak/Screening/Y678-3-EA.mzXML,MSV000078836,True,unvalidated_pairs
297c364c-b154-4edd-a7d5-68decf9effa2.4,Salinispora tropica CNY678,genome,ftp://massive.ucsd.edu/MSV000078836/ccms_peak/Screening/Y678-3-Bu.mzXML,MSV000078836,True,unvalidated_pairs
297c364c-b154-4edd-a7d5-68decf9effa2.4,Salinispora tropica CNY678,genome,ftp://massive.ucsd.edu/MSV000078836/ccms_peak/Screening/Y678-3-Me.mzXML,MSV000078836,True,unvalidated_pairs
297c364c-b154-4edd-a7d5-68decf9effa2.4,Salinispora arenicola CNH905,genome,ftp://massive.ucsd.edu/MSV000078836/ccms_peak/Screening/H905-3-EA.mzXML,MSV000078836,True,unvalidated_pairs
297c364c-b154-4edd-a7d5-68decf9effa2.4,Salinispora arenicola CNH905,genome,ftp://massive.ucsd.edu/MSV000078836/ccms_peak/Screening/H905-3-Bu.mzXML,MSV000078836,True,unvalidated_pairs
297c364c-b154-4edd-a7d5-68decf9effa2.4,Salinispora arenicola CNH905,genome,ftp://massive.ucsd.edu/MSV000078836/ccms_peak/Screening/H905-3-Me.mzXML,MSV000078836,True,unvalidated_pairs
297c364c-b154-4edd-a7d5-68decf9effa2.4,Salinispora pacifica CNY363,genome,ftp://massive.ucsd.edu/MSV000078836/ccms_peak/Screening/Y363-3-EA.mzXML,MSV000078836,True,unvalidated_pairs
297c364c-b154-4edd-a7d5-68decf9effa2.4,Salinispora pacifica CNY363,genome,ftp://massive.ucsd.edu/MSV000078836/ccms_peak/Screening/Y363-3-Bu.mzXML,MSV000078836,True,unvalidated_pairs
297c364c-b154-4edd-a7d5-68decf9effa2.4,Salinispora pacifica CNY363,genome,ftp://massive.ucsd.edu/MSV000078836/ccms_peak/Screening/Y363-3-Me.mzXML,MSV000078836,True,unvalidated_pairs
297c364c-b154-4edd-a7d5-68decf9effa2.4,Salinispora arenicola CNY256,genome,ftp://massive.ucsd.edu/MSV000078836/ccms_peak/Screening/Y256-3-EA.mzXML,MSV000078836,True,unvalidated_pairs
297c364c-b154-4edd-a7d5-68decf9effa2.4,Salinispora arenicola CNY256,genome,ftp://massive.ucsd.edu/MSV000078836/ccms_peak/Screening/Y256-3-Bu.mzXML,MSV000078836,True,unvalidated_pairs
297c364c-b154-4edd-a7d5-68decf9effa2.4,Salinispora arenicola CNY256,genome,ftp://massive.ucsd.edu/MSV000078836/ccms_peak/Screening/Y256-3-Me.mzXML,MSV000078836,True,unvalidated_pairs
297c364c-b154-4edd-a7d5-68decf9effa2.4,Salinispora arenicola CNS820,genome,ftp://massive.ucsd.edu/MSV000078836/ccms_peak/Screening/S820-3-EA.mzXML,MSV000078836,True,unvalidated_pairs
297c364c-b154-4edd-a7d5-68decf9effa2.4,Salinispora arenicola CNS820,genome,ftp://massive.ucsd.edu/MSV000078836/ccms_peak/Screening/S820-3-Bu.mzXML,MSV000078836,True,unvalidated_pairs
297c364c-b154-4edd-a7d5-68decf9effa2.4,Salinispora arenicola CNS820,genome,ftp://massive.ucsd.edu/MSV000078836/ccms_peak/Screening/S820-3-Me.mzXML,MSV000078836,True,unvalidated_pairs
297c364c-b154-4edd-a7d5-68decf9effa2.4,Salinispora arenicola CNS243,genome,ftp://massive.ucsd.edu/MSV000078836/ccms_peak/Screening/S243-3-EA.mzXML,MSV000078836,True,unvalidated_pairs
297c364c-b154-4edd-a7d5-68decf9effa2.4,Salinispora arenicola CNS243,genome,ftp://massive.ucsd.edu/MSV000078836/ccms_peak/Screening/S243-3-Bu.mzXML,MSV000078836,True,unvalidated_pairs
297c364c-b154-4edd-a7d5-68decf9effa2.4,Salinispora arenicola CNS243,genome,ftp://massive.ucsd.edu/MSV000078836/ccms_peak/Screening/S243-3-Me.mzXML,MSV000078836,True,unvalidated_pairs
297c364c-b154-4edd-a7d5-68decf9effa2.4,Salinispora tropica CNB536,genome,ftp://massive.ucsd.edu/MSV000078836/ccms_peak/Screening/B536-3-EA.mzXML,MSV000078836,True,unvalidated_pairs
297c364c-b154-4edd-a7d5-68decf9effa2.4,Salinispora tropica CNB536,genome,ftp://massive.ucsd.edu/MSV000078836/ccms_peak/Screening/B536-3-Bu.mzXML,MSV000078836,True,unvalidated_pairs
297c364c-b154-4edd-a7d5-68decf9effa2.4,Salinispora tropica CNB536,genome,ftp://massive.ucsd.edu/MSV000078836/ccms_peak/Screening/B536-3-Me.mzXML,MSV000078836,True,unvalidated_pairs
297c364c-b154-4edd-a7d5-68decf9effa2.4,Salinispora pacifica CNT084,genome,ftp://massive.ucsd.edu/MSV000078836/ccms_peak/Screening/T084-3-EA.mzXML,MSV000078836,True,unvalidated_pairs
297c364c-b154-4edd-a7d5-68decf9effa2.4,Salinispora pacifica CNT084,genome,ftp://massive.ucsd.edu/MSV000078836/ccms_peak/Screening/T084-3-Bu.mzXML,MSV000078836,True,unvalidated_pairs
297c364c-b154-4edd-a7d5-68decf9effa2.4,Salinispora pacifica CNT084,genome,ftp://massive.ucsd.edu/MSV000078836/ccms_peak/Screening/T084-3-Me.mzXML,MSV000078836,True,unvalidated_pairs
297c364c-b154-4edd-a7d5-68decf9effa2.4,Salinispora arenicola CNT857,genome,ftp://massive.ucsd.edu/MSV000078836/ccms_peak/Screening/T857-3-EA.mzXML,MSV000078836,True,unvalidated_pairs
297c364c-b154-4edd-a7d5-68decf9effa2.4,Salinispora arenicola CNT857,genome,ftp://massive.ucsd.edu/MSV000078836/ccms_peak/Screening/T857-3-Bu.mzXML,MSV000078836,True,unvalidated_pairs
297c364c-b154-4edd-a7d5-68decf9effa2.4,Salinispora arenicola CNT857,genome,ftp://massive.ucsd.edu/MSV000078836/ccms_peak/Screening/T857-3-Me.mzXML,MSV000078836,True,unvalidated_pairs
297c364c-b154-4edd-a7d5-68decf9effa2.4,Salinispora tropica CNY012,genome,ftp://massive.ucsd.edu/MSV000078836/ccms_peak/Screening/Y012-3-EA.mzXML,MSV000078836,True,unvalidated_pairs
297c364c-b154-4edd-a7d5-68decf9effa2.4,Salinispora tropica CNY012,genome,ftp://massive.ucsd.edu/MSV000078836/ccms_peak/Screening/Y012-3-Bu.mzXML,MSV000078836,True,unvalidated_pairs
297c364c-b154-4edd-a7d5-68decf9effa2.4,Salinispora tropica CNY012,genome,ftp://massive.ucsd.edu/MSV000078836/ccms_peak/Screening/Y012-3-Me.mzXML,MSV000078836,True,unvalidated_pairs
297c364c-b154-4edd-a7d5-68decf9effa2.4,Salinispora arenicola CNY234,genome,ftp://massive.ucsd.edu/MSV000078836/ccms_peak/Screening/Y234-3-EA.mzXML,MSV000078836,True,unvalidated_pairs
297c364c-b154-4edd-a7d5-68decf9effa2.4,Salinispora arenicola CNY234,genome,ftp://massive.ucsd.edu/MSV000078836/ccms_peak/Screening/Y234-3-Bu.mzXML,MSV000078836,True,unvalidated_pairs
297c364c-b154-4edd-a7d5-68decf9effa2.4,Salinispora arenicola CNY234,genome,ftp://massive.ucsd.edu/MSV000078836/ccms_peak/Screening/Y234-3-Me.mzXML,MSV000078836,True,unvalidated_pairs
297c364c-b154-4edd-a7d5-68decf9effa2.4,Salinispora tropica CNT250,genome,ftp://massive.ucsd.edu/MSV000078836/ccms_peak/Screening/T250-3-EA.mzXML,MSV000078836,True,unvalidated_pairs
297c364c-b154-4edd-a7d5-68decf9effa2.4,Salinispora tropica CNT250,genome,ftp://massive.ucsd.edu/MSV000078836/ccms_peak/Screening/T250-3-Bu.mzXML,MSV000078836,True,unvalidated_pairs
297c364c-b154-4edd-a7d5-68decf9effa2.4,Salinispora tropica CNT250,genome,ftp://massive.ucsd.edu/MSV000078836/ccms_peak/Screening/T250-3-Me.mzXML,MSV000078836,True,unvalidated_pairs
297c364c-b154-4edd-a7d5-68decf9effa2.4,Salinispora pacifica CNR510,genome,ftp://massive.ucsd.edu/MSV000078836/ccms_peak/Screening/R510-3-EA.mzXML,MSV000078836,True,unvalidated_pairs
297c364c-b154-4edd-a7d5-68decf9effa2.4,Salinispora pacifica CNR510,genome,ftp://massive.ucsd.edu/MSV000078836/ccms_peak/Screening/R510-3-Bu.mzXML,MSV000078836,True,unvalidated_pairs
297c364c-b154-4edd-a7d5-68decf9effa2.4,Salinispora pacifica CNR510,genome,ftp://massive.ucsd.edu/MSV000078836/ccms_peak/Screening/R510-3-Me.mzXML,MSV000078836,True,unvalidated_pairs
297c364c-b154-4edd-a7d5-68decf9effa2.4,Salinispora arenicola CNT800,genome,ftp://massive.ucsd.edu/MSV000078836/ccms_peak/Screening/T800-3-EA.mzXML,MSV000078836,True,unvalidated_pairs
297c364c-b154-4edd-a7d5-68decf9effa2.4,Salinispora arenicola CNT800,genome,ftp://massive.ucsd.edu/MSV000078836/ccms_peak/Screening/T800-3-Bu.mzXML,MSV000078836,True,unvalidated_pairs
297c364c-b154-4edd-a7d5-68decf9effa2.4,Salinispora arenicola CNT800,genome,ftp://massive.ucsd.edu/MSV000078836/ccms_peak/Screening/T800-3-Me.mzXML,MSV000078836,True,unvalidated_pairs
297c364c-b154-4edd-a7d5-68decf9effa2.4,Salinispora pacifica CNS055,genome,ftp://massive.ucsd.edu/MSV000078836/ccms_peak/Screening/S055-3-EA.mzXML,MSV000078836,True,unvalidated_pairs
297c364c-b154-4edd-a7d5-68decf9effa2.4,Salinispora pacifica CNS055,genome,ftp://massive.ucsd.edu/MSV000078836/ccms_peak/Screening/S055-3-Bu.mzXML,MSV000078836,True,unvalidated_pairs
297c364c-b154-4edd-a7d5-68decf9effa2.4,Salinispora pacifica CNS055,genome,ftp://massive.ucsd.edu/MSV000078836/ccms_peak/Screening/S055-3-Me.mzXML,MSV000078836,True,unvalidated_pairs
297c364c-b154-4edd-a7d5-68decf9effa2.4,Salinispora arenicola CNS051,genome,ftp://massive.ucsd.edu/MSV000078836/ccms_peak/Screening/S051-3-EA.mzXML,MSV000078836,True,unvalidated_pairs
297c364c-b154-4edd-a7d5-68decf9effa2.4,Salinispora arenicola CNS051,genome,ftp://massive.ucsd.edu/MSV000078836/ccms_peak/Screening/S051-3-Bu.mzXML,MSV000078836,True,unvalidated_pairs
297c364c-b154-4edd-a7d5-68decf9effa2.4,Salinispora arenicola CNS051,genome,ftp://massive.ucsd.edu/MSV000078836/ccms_peak/Screening/S051-3-Me.mzXML,MSV000078836,True,unvalidated_pairs
297c364c-b154-4edd-a7d5-68decf9effa2.4,Salinispora arenicola CNY486,genome,ftp://massive.ucsd.edu/MSV000078836/ccms_peak/Screening/Y486-3-EA.mzXML,MSV000078836,True,unvalidated_pairs
297c364c-b154-4edd-a7d5-68decf9effa2.4,Salinispora arenicola CNY486,genome,ftp://massive.ucsd.edu/MSV000078836/ccms_peak/Screening/Y486-3-Bu.mzXML,MSV000078836,True,unvalidated_pairs
297c364c-b154-4edd-a7d5-68decf9effa2.4,Salinispora arenicola CNY486,genome,ftp://massive.ucsd.edu/MSV000078836/ccms_peak/Screening/Y486-3-Me.mzXML,MSV000078836,True,unvalidated_pairs
297c364c-b154-4edd-a7d5-68decf9effa2.4,Salinispora arenicola CNB527,genome,ftp://massive.ucsd.edu/MSV000078836/ccms_peak/Screening/B527-3-EA.mzXML,MSV000078836,True,unvalidated_pairs
297c364c-b154-4edd-a7d5-68decf9effa2.4,Salinispora arenicola CNB527,genome,ftp://massive.ucsd.edu/MSV000078836/ccms_peak/Screening/B527-3-Bu.mzXML,MSV000078836,True,unvalidated_pairs
297c364c-b154-4edd-a7d5-68decf9effa2.4,Salinispora arenicola CNB527,genome,ftp://massive.ucsd.edu/MSV000078836/ccms_peak/Screening/B527-3-Me.mzXML,MSV000078836,True,unvalidated_pairs
297c364c-b154-4edd-a7d5-68decf9effa2.4,Salinispora arenicola CNS205,genome,ftp://massive.ucsd.edu/MSV000078836/ccms_peak/Screening/S205-3-EA.mzXML,MSV000078836,True,unvalidated_pairs
297c364c-b154-4edd-a7d5-68decf9effa2.4,Salinispora arenicola CNS205,genome,ftp://massive.ucsd.edu/MSV000078836/ccms_peak/Screening/S205-3-Bu.mzXML,MSV000078836,True,unvalidated_pairs
297c364c-b154-4edd-a7d5-68decf9effa2.4,Salinispora arenicola CNS205,genome,ftp://massive.ucsd.edu/MSV000078836/ccms_peak/Screening/S205-3-Me.mzXML,MSV000078836,True,unvalidated_pairs
297c364c-b154-4edd-a7d5-68decf9effa2.4,Salinispora pacifica CNT131,genome,ftp://massive.ucsd.edu/MSV000078836/ccms_peak/Screening/T131-3-EA.mzXML,MSV000078836,True,unvalidated_pairs
297c364c-b154-4edd-a7d5-68decf9effa2.4,Salinispora pacifica CNT131,genome,ftp://massive.ucsd.edu/MSV000078836/ccms_peak/Screening/T131-3-Bu.mzXML,MSV000078836,True,unvalidated_pairs
297c364c-b154-4edd-a7d5-68decf9effa2.4,Salinispora pacifica CNT131,genome,ftp://massive.ucsd.edu/MSV000078836/ccms_peak/Screening/T131-3-Me.mzXML,MSV000078836,True,unvalidated_pairs
297c364c-b154-4edd-a7d5-68decf9effa2.4,Salinispora pacifica CNT609,genome,ftp://massive.ucsd.edu/MSV000078836/ccms_peak/Screening/T609-3-EA.mzXML,MSV000078836,True,unvalidated_pairs
297c364c-b154-4edd-a7d5-68decf9effa2.4,Salinispora pacifica CNT609,genome,ftp://massive.ucsd.edu/MSV000078836/ccms_peak/Screening/T609-3-Bu.mzXML,MSV000078836,True,unvalidated_pairs
297c364c-b154-4edd-a7d5-68decf9effa2.4,Salinispora pacifica CNT609,genome,ftp://massive.ucsd.edu/MSV000078836/ccms_peak/Screening/T609-3-Me.mzXML,MSV000078836,True,unvalidated_pairs
297c364c-b154-4edd-a7d5-68decf9effa2.4,Salinispora tropica CNB440,genome,ftp://massive.ucsd.edu/MSV000078836/ccms_peak/Screening/B440-3-EA.mzXML,MSV000078836,True,unvalidated_pairs
297c364c-b154-4edd-a7d5-68decf9effa2.4,Salinispora tropica CNB440,genome,ftp://massive.ucsd.edu/MSV000078836/ccms_peak/Screening/B440-3-Bu.mzXML,MSV000078836,True,unvalidated_pairs
297c364c-b154-4edd-a7d5-68decf9effa2.4,Salinispora tropica CNB440,genome,ftp://massive.ucsd.edu/MSV000078836/ccms_peak/Screening/B440-3-Me.mzXML,MSV000078836,True,unvalidated_pairs
297c364c-b154-4edd-a7d5-68decf9effa2.4,Salinispora arenicola CNY690,genome,ftp://massive.ucsd.edu/MSV000078836/ccms_peak/Screening/Y690-3-EA.mzXML,MSV000078836,True,unvalidated_pairs
297c364c-b154-4edd-a7d5-68decf9effa2.4,Salinispora arenicola CNY690,genome,ftp://massive.ucsd.edu/MSV000078836/ccms_peak/Screening/Y690-3-Bu.mzXML,MSV000078836,True,unvalidated_pairs
297c364c-b154-4edd-a7d5-68decf9effa2.4,Salinispora arenicola CNY690,genome,ftp://massive.ucsd.edu/MSV000078836/ccms_peak/Screening/Y690-3-Me.mzXML,MSV000078836,True,unvalidated_pairs
297c364c-b154-4edd-a7d5-68decf9effa2.4,Salinispora pacifica CNT603,genome,ftp://massive.ucsd.edu/MSV000078836/ccms_peak/Screening/T603-3-EA.mzXML,MSV000078836,True,unvalidated_pairs
297c364c-b154-4edd-a7d5-68decf9effa2.4,Salinispora pacifica CNT603,genome,ftp://massive.ucsd.edu/MSV000078836/ccms_peak/Screening/T603-3-Bu.mzXML,MSV000078836,True,unvalidated_pairs
297c364c-b154-4edd-a7d5-68decf9effa2.4,Salinispora pacifica CNT603,genome,ftp://massive.ucsd.edu/MSV000078836/ccms_peak/Screening/T603-3-Me.mzXML,MSV000078836,True,unvalidated_pairs
297c364c-b154-4edd-a7d5-68decf9effa2.4,Salinispora pacifica CNY331,genome,ftp://massive.ucsd.edu/MSV000078836/ccms_peak/Screening/Y331-3-EA.mzXML,MSV000078836,True,unvalidated_pairs
297c364c-b154-4edd-a7d5-68decf9effa2.4,Salinispora pacifica CNY331,genome,ftp://massive.ucsd.edu/MSV000078836/ccms_peak/Screening/Y331-3-Bu.mzXML,MSV000078836,True,unvalidated_pairs
297c364c-b154-4edd-a7d5-68decf9effa2.4,Salinispora pacifica CNY331,genome,ftp://massive.ucsd.edu/MSV000078836/ccms_peak/Screening/Y331-3-Me.mzXML,MSV000078836,True,unvalidated_pairs
297c364c-b154-4edd-a7d5-68decf9effa2.4,Salinispora arenicola CNT859,genome,ftp://massive.ucsd.edu/MSV000078836/ccms_peak/Screening/T859-3-EA.mzXML,MSV000078836,True,unvalidated_pairs
297c364c-b154-4edd-a7d5-68decf9effa2.4,Salinispora arenicola CNT859,genome,ftp://massive.ucsd.edu/MSV000078836/ccms_peak/Screening/T859-3-Bu.mzXML,MSV000078836,True,unvalidated_pairs
297c364c-b154-4edd-a7d5-68decf9effa2.4,Salinispora arenicola CNT859,genome,ftp://massive.ucsd.edu/MSV000078836/ccms_peak/Screening/T859-3-Me.mzXML,MSV000078836,True,unvalidated_pairs
297c364c-b154-4edd-a7d5-68decf9effa2.4,Salinispora arenicola CNB458,genome,ftp://massive.ucsd.edu/MSV000078836/ccms_peak/Screening/B458-3-EA.mzXML,MSV000078836,True,unvalidated_pairs
297c364c-b154-4edd-a7d5-68decf9effa2.4,Salinispora arenicola CNB458,genome,ftp://massive.ucsd.edu/MSV000078836/ccms_peak/Screening/B458-3-Bu.mzXML,MSV000078836,True,unvalidated_pairs
297c364c-b154-4edd-a7d5-68decf9effa2.4,Salinispora arenicola CNB458,genome,ftp://massive.ucsd.edu/MSV000078836/ccms_peak/Screening/B458-3-Me.mzXML,MSV000078836,True,unvalidated_pairs
297c364c-b154-4edd-a7d5-68decf9effa2.4,Salinispora arenicola CNH877,genome,ftp://massive.ucsd.edu/MSV000078836/ccms_peak/Screening/H877-3-EA.mzXML,MSV000078836,True,unvalidated_pairs
297c364c-b154-4edd-a7d5-68decf9effa2.4,Salinispora arenicola CNH877,genome,ftp://massive.ucsd.edu/MSV000078836/ccms_peak/Screening/H877-3-Bu.mzXML,MSV000078836,True,unvalidated_pairs
297c364c-b154-4edd-a7d5-68decf9effa2.4,Salinispora arenicola CNH877,genome,ftp://massive.ucsd.edu/MSV000078836/ccms_peak/Screening/H877-3-Me.mzXML,MSV000078836,True,unvalidated_pairs
297c364c-b154-4edd-a7d5-68decf9effa2.4,Salinispora arenicola CNS673,genome,ftp://massive.ucsd.edu/MSV000078836/ccms_peak/Screening/S673-3-EA.mzXML,MSV000078836,True,unvalidated_pairs
297c364c-b154-4edd-a7d5-68decf9effa2.4,Salinispora arenicola CNS673,genome,ftp://massive.ucsd.edu/MSV000078836/ccms_peak/Screening/S673-3-Bu.mzXML,MSV000078836,True,unvalidated_pairs
297c364c-b154-4edd-a7d5-68decf9effa2.4,Salinispora arenicola CNS673,genome,ftp://massive.ucsd.edu/MSV000078836/ccms_peak/Screening/S673-3-Me.mzXML,MSV000078836,True,unvalidated_pairs
297c364c-b154-4edd-a7d5-68decf9effa2.4,Salinispora pacifica CNS960,genome,ftp://massive.ucsd.edu/MSV000078836/ccms_peak/Screening/S960-3-EA.mzXML,MSV000078836,True,unvalidated_pairs
297c364c-b154-4edd-a7d5-68decf9effa2.4,Salinispora pacifica CNS960,genome,ftp://massive.ucsd.edu/MSV000078836/ccms_peak/Screening/S960-3-Bu.mzXML,MSV000078836,True,unvalidated_pairs
297c364c-b154-4edd-a7d5-68decf9effa2.4,Salinispora pacifica CNS960,genome,ftp://massive.ucsd.edu/MSV000078836/ccms_peak/Screening/S960-3-Me.mzXML,MSV000078836,True,unvalidated_pairs
32e5d89b-6d9d-44f5-a718-d6235e93dd16.1,Umbilicaria muehlenbergii KoLRILF000956,genome,ftp://massive.ucsd.edu/MSV000084781/raw/KoLRI027771_neg.mzXML,MSV000084781,True,unvalidated_pairs
32e5d89b-6d9d-44f5-a718-d6235e93dd16.1,Endocarpon pusillum KoLRILF000583,genome,ftp://massive.ucsd.edu/MSV000084781/raw/KoLRI027238_neg.mzXML,MSV000084781,True,unvalidated_pairs
32e5d89b-6d9d-44f5-a718-d6235e93dd16.1,Cladonia metacorallifera KoLRI002260,genome,ftp://massive.ucsd.edu/MSV000084781/raw/KoLRI027184_neg.mzXML,MSV000084781,True,unvalidated_pairs
3df07918-3913-4169-bb88-cbd88b2fcbc4.1,Photorhabdus luminescens subsp. namnaoensis PB45.5,genome,ftp://massive.ucsd.edu/MSV000081063/peak/XenoPhoto_Screen/P455_1787.mzXML,MSV000081063,True,unvalidated_pairs
3df07918-3913-4169-bb88-cbd88b2fcbc4.1,Photorhabdus asymbiotica subsp. Australis PB68.1,genome,ftp://massive.ucsd.edu/MSV000081063/peak/XenoPhoto_Screen/P681_1805.mzXML,MSV000081063,True,unvalidated_pairs
3df07918-3913-4169-bb88-cbd88b2fcbc4.1,Photorhabdus laumondii TTO1,genome,ftp://massive.ucsd.edu/MSV000081063/peak/XenoPhoto_Screen/PTT_1793.mzXML,MSV000081063,True,unvalidated_pairs
3df07918-3913-4169-bb88-cbd88b2fcbc4.1,Photorhabdus asymbiotica,genome,ftp://massive.ucsd.edu/MSV000081063/peak/XenoPhoto_Screen/Pas_1871.mzXML,MSV000081063,True,unvalidated_pairs
3df07918-3913-4169-bb88-cbd88b2fcbc4.1,Photorhabdus thracensis DSM 15199,genome,ftp://massive.ucsd.edu/MSV000081063/peak/XenoPhoto_Screen/Pte_1865.mzXML,MSV000081063,True,unvalidated_pairs
3df07918-3913-4169-bb88-cbd88b2fcbc4.1,Xenorhabdus sp. KJ12.1,genome,ftp://massive.ucsd.edu/MSV000081063/peak/XenoPhoto_Screen/X121_1877.mzXML,MSV000081063,True,unvalidated_pairs
3df07918-3913-4169-bb88-cbd88b2fcbc4.1,Xenorhabdus thuongxuanensis,genome,ftp://massive.ucsd.edu/MSV000081063/peak/XenoPhoto_Screen/X30_1907.mzXML,MSV000081063,True,unvalidated_pairs
3df07918-3913-4169-bb88-cbd88b2fcbc4.1,Xenorhabdus sp. PB62.4,genome,ftp://massive.ucsd.edu/MSV000081063/peak/XenoPhoto_Screen/X624_1847.mzXML,MSV000081063,True,unvalidated_pairs
3df07918-3913-4169-bb88-cbd88b2fcbc4.1,Xenorhabdus sp. KK7.4,genome,ftp://massive.ucsd.edu/MSV000081063/peak/XenoPhoto_Screen/X74_1901.mzXML,MSV000081063,True,unvalidated_pairs
3df07918-3913-4169-bb88-cbd88b2fcbc4.1,Xenorhabdus eapokensis,genome,ftp://massive.ucsd.edu/MSV000081063/peak/XenoPhoto_Screen/XDL_1823.mzXML,MSV000081063,True,unvalidated_pairs
3df07918-3913-4169-bb88-cbd88b2fcbc4.1,Xenorhabdus sp. TS4,genome,ftp://massive.ucsd.edu/MSV000081063/peak/XenoPhoto_Screen/XTS_1769.mzXML,MSV000081063,True,unvalidated_pairs
3df07918-3913-4169-bb88-cbd88b2fcbc4.1,Xenorhabdus bedingii DSM4764,genome,ftp://massive.ucsd.edu/MSV000081063/peak/XenoPhoto_Screen/Xbe_1829.mzXML,MSV000081063,True,unvalidated_pairs
3df07918-3913-4169-bb88-cbd88b2fcbc4.1,Xenorhabdus bovienii SS-2004,genome,ftp://massive.ucsd.edu/MSV000081063/peak/XenoPhoto_Screen/Xbo_1835.mzXML,MSV000081063,True,unvalidated_pairs
3df07918-3913-4169-bb88-cbd88b2fcbc4.1,Xenorhabdus budapestensis DSM 16342,genome,ftp://massive.ucsd.edu/MSV000081063/peak/XenoPhoto_Screen/Xbu_1853.mzXML,MSV000081063,True,unvalidated_pairs
3df07918-3913-4169-bb88-cbd88b2fcbc4.1,Xenorhabdus cabanillasii JSM26,genome,ftp://massive.ucsd.edu/MSV000081063/peak/XenoPhoto_Screen/Xca_1799.mzXML,MSV000081063,True,unvalidated_pairs
3df07918-3913-4169-bb88-cbd88b2fcbc4.1,Xenorhabdus doucetiae FRM,genome,ftp://massive.ucsd.edu/MSV000081063/peak/XenoPhoto_Screen/Xdo_1883.mzXML,MSV000081063,True,unvalidated_pairs
3df07918-3913-4169-bb88-cbd88b2fcbc4.1,Xenorhabdus ehlersii DSM16337,genome,ftp://massive.ucsd.edu/MSV000081063/peak/XenoPhoto_Screen/Xeh_1775.mzXML,MSV000081063,True,unvalidated_pairs
3df07918-3913-4169-bb88-cbd88b2fcbc4.1,Xenorhabdus hominickii DSM17903,genome,ftp://massive.ucsd.edu/MSV000081063/peak/XenoPhoto_Screen/Xho_1751.mzXML,MSV000081063,True,unvalidated_pairs
3df07918-3913-4169-bb88-cbd88b2fcbc4.1,Xenorhabdus indica DSM 17382,genome,ftp://massive.ucsd.edu/MSV000081063/peak/XenoPhoto_Screen/Xind_1841.mzXML,MSV000081063,True,unvalidated_pairs
3df07918-3913-4169-bb88-cbd88b2fcbc4.1,Xenorhabdus innexii DSM 16336,genome,ftp://massive.ucsd.edu/MSV000081063/peak/XenoPhoto_Screen/Xinn_1889.mzXML,MSV000081063,True,unvalidated_pairs
3df07918-3913-4169-bb88-cbd88b2fcbc4.1,Xenorhabdus kozodoii DSM 17907,genome,ftp://massive.ucsd.edu/MSV000081063/peak/XenoPhoto_Screen/Xko_1757.mzXML,MSV000081063,True,unvalidated_pairs
3df07918-3913-4169-bb88-cbd88b2fcbc4.1,Xenorhabdus mauleonii DSM 17908,genome,ftp://massive.ucsd.edu/MSV000081063/peak/XenoPhoto_Screen/Xma_1811.mzXML,MSV000081063,True,unvalidated_pairs
3df07918-3913-4169-bb88-cbd88b2fcbc4.1,Xenorhabdus mirianensis DSM17902,genome,ftp://massive.ucsd.edu/MSV000081063/peak/XenoPhoto_Screen/Xmi_1817.mzXML,MSV000081063,True,unvalidated_pairs
3df07918-3913-4169-bb88-cbd88b2fcbc4.1,Xenorhabdus nematophila ATCC 19061,genome,ftp://massive.ucsd.edu/MSV000081063/peak/XenoPhoto_Screen/Xne_1859.mzXML,MSV000081063,True,unvalidated_pairs
3df07918-3913-4169-bb88-cbd88b2fcbc4.1,Xenorhabdus poinarii G6,genome,ftp://massive.ucsd.edu/MSV000081063/peak/XenoPhoto_Screen/Xpo_1763.mzXML,MSV000081063,True,unvalidated_pairs
3df07918-3913-4169-bb88-cbd88b2fcbc4.1,Xenorhabdus stockiae DSM 17904,genome,ftp://massive.ucsd.edu/MSV000081063/peak/XenoPhoto_Screen/Xst_1895.mzXML,MSV000081063,True,unvalidated_pairs
3df07918-3913-4169-bb88-cbd88b2fcbc4.1,Xenorhabdus szentirmaii DSM 16338,genome,ftp://massive.ucsd.edu/MSV000081063/peak/XenoPhoto_Screen/Xsz_1745.mzXML,MSV000081063,True,unvalidated_pairs
3df07918-3913-4169-bb88-cbd88b2fcbc4.1,Xenorhabdus vietnamensis DSM 22392,genome,ftp://massive.ucsd.edu/MSV000081063/peak/XenoPhoto_Screen/Xvie_1913.mzXML,MSV000081063,True,unvalidated_pairs
472fea93-f603-40cc-beb1-ec2dbb24fb10.2,Pseudoalteromonas rubra,genome,ftp://massive.ucsd.edu/MSV000085003/updates/2020-02-23_tderond_43f8379d/peak/Prubra-MA-EtOAc-ACNH2O.mzXML,MSV000085003,True,unvalidated_pairs
472fea93-f603-40cc-beb1-ec2dbb24fb10.2,Pseudoalteromonas rubra,genome,ftp://massive.ucsd.edu/MSV000085003/updates/2020-02-23_tderond_43f8379d/peak/Prubra-MAchlor-EtOAc-ACNH2O.mzXML,MSV000085003,True,unvalidated_pairs
472fea93-f603-40cc-beb1-ec2dbb24fb10.2,Colwellia chukchiensis,genome,ftp://massive.ucsd.edu/MSV000085003/updates/2020-02-23_tderond_43f8379d/peak/Colwellia-MA-EtOAc-ACNH2O.mzXML,MSV000085003,True,unvalidated_pairs
472fea93-f603-40cc-beb1-ec2dbb24fb10.2,Colwellia chukchiensis,genome,ftp://massive.ucsd.edu/MSV000085003/updates/2020-02-23_tderond_43f8379d/peak/Colwellia-MAchlor-EtOAc-ACNH2O.mzXML,MSV000085003,True,unvalidated_pairs
4b29ddc3-26d0-40d7-80c5-44fb6631dbf9.4,Salinispora arenicola CNB527,genome,ftp://massive.ucsd.edu/MSV000079284//raw/Duncan%20et%20al.%2030%20Salinispora/42b.mzXML,MSV000079284,True,unvalidated_pairs
4b29ddc3-26d0-40d7-80c5-44fb6631dbf9.4,Salinispora arenicola CNT005,genome,ftp://massive.ucsd.edu/MSV000079284//raw/Duncan%20et%20al.%2030%20Salinispora/12b.mzXML,MSV000079284,True,unvalidated_pairs
4b29ddc3-26d0-40d7-80c5-44fb6631dbf9.4,Salinispora arenicola CNT005,genome,ftp://massive.ucsd.edu/MSV000079284//raw/Duncan%20et%20al.%2030%20Salinispora/12c.mzXML,MSV000079284,True,unvalidated_pairs
4b29ddc3-26d0-40d7-80c5-44fb6631dbf9.4,Salinispora arenicola CNS205,genome,ftp://massive.ucsd.edu/MSV000079284//raw/Duncan%20et%20al.%2030%20Salinispora/13a.mzXML,MSV000079284,True,unvalidated_pairs
4b29ddc3-26d0-40d7-80c5-44fb6631dbf9.4,Salinispora arenicola CNS205,genome,ftp://massive.ucsd.edu/MSV000079284//raw/Duncan%20et%20al.%2030%20Salinispora/13b.mzXML,MSV000079284,True,unvalidated_pairs
4b29ddc3-26d0-40d7-80c5-44fb6631dbf9.4,Salinispora arenicola CNH646,genome,ftp://massive.ucsd.edu/MSV000079284//raw/Duncan%20et%20al.%2030%20Salinispora/15a.mzXML,MSV000079284,True,unvalidated_pairs
4b29ddc3-26d0-40d7-80c5-44fb6631dbf9.4,Salinispora arenicola CNH646,genome,ftp://massive.ucsd.edu/MSV000079284//raw/Duncan%20et%20al.%2030%20Salinispora/15b.mzXML,MSV000079284,True,unvalidated_pairs
4b29ddc3-26d0-40d7-80c5-44fb6631dbf9.4,Salinispora arenicola CNQ748,genome,ftp://massive.ucsd.edu/MSV000079284//raw/Duncan%20et%20al.%2030%20Salinispora/16a.mzXML,MSV000079284,True,unvalidated_pairs
4b29ddc3-26d0-40d7-80c5-44fb6631dbf9.4,Salinispora arenicola CNQ748,genome,ftp://massive.ucsd.edu/MSV000079284//raw/Duncan%20et%20al.%2030%20Salinispora/16b.mzXML,MSV000079284,True,unvalidated_pairs
4b29ddc3-26d0-40d7-80c5-44fb6631dbf9.4,Salinispora arenicola CNT849,genome,ftp://massive.ucsd.edu/MSV000079284//raw/Duncan%20et%20al.%2030%20Salinispora/17a.mzXML,MSV000079284,True,unvalidated_pairs
4b29ddc3-26d0-40d7-80c5-44fb6631dbf9.4,Salinispora arenicola CNT849,genome,ftp://massive.ucsd.edu/MSV000079284//raw/Duncan%20et%20al.%2030%20Salinispora/17b.mzXML,MSV000079284,True,unvalidated_pairs
4b29ddc3-26d0-40d7-80c5-44fb6631dbf9.4,Salinispora arenicola CNP193,genome,ftp://massive.ucsd.edu/MSV000079284//raw/Duncan%20et%20al.%2030%20Salinispora/18a.mzXML,MSV000079284,True,unvalidated_pairs
4b29ddc3-26d0-40d7-80c5-44fb6631dbf9.4,Salinispora arenicola CNP193,genome,ftp://massive.ucsd.edu/MSV000079284//raw/Duncan%20et%20al.%2030%20Salinispora/18b.mzXML,MSV000079284,True,unvalidated_pairs
4b29ddc3-26d0-40d7-80c5-44fb6631dbf9.4,Salinispora arenicola CNX508,genome,ftp://massive.ucsd.edu/MSV000079284//raw/Duncan%20et%20al.%2030%20Salinispora/20a.mzXML,MSV000079284,True,unvalidated_pairs
4b29ddc3-26d0-40d7-80c5-44fb6631dbf9.4,Salinispora pacifica CNR114,genome,ftp://massive.ucsd.edu/MSV000079284//raw/Duncan%20et%20al.%2030%20Salinispora/9a.mzXML,MSV000079284,True,unvalidated_pairs
4b29ddc3-26d0-40d7-80c5-44fb6631dbf9.4,Salinispora pacifica CNR114,genome,ftp://massive.ucsd.edu/MSV000079284//raw/Duncan%20et%20al.%2030%20Salinispora/9b.mzXML,MSV000079284,True,unvalidated_pairs
4b29ddc3-26d0-40d7-80c5-44fb6631dbf9.4,Salinispora pacifica CNR894,genome,ftp://massive.ucsd.edu/MSV000079284//raw/Duncan%20et%20al.%2030%20Salinispora/41a.mzXML,MSV000079284,True,unvalidated_pairs
4b29ddc3-26d0-40d7-80c5-44fb6631dbf9.4,Salinispora pacifica CNR942,genome,ftp://massive.ucsd.edu/MSV000079284//raw/Duncan%20et%20al.%2030%20Salinispora/34b.mzXML,MSV000079284,True,unvalidated_pairs
4b29ddc3-26d0-40d7-80c5-44fb6631dbf9.4,Salinispora pacifica CNR942,genome,ftp://massive.ucsd.edu/MSV000079284//raw/Duncan%20et%20al.%2030%20Salinispora/34c.mzXML,MSV000079284,True,unvalidated_pairs
4b29ddc3-26d0-40d7-80c5-44fb6631dbf9.4,Salinispora pacifica CNS055,genome,ftp://massive.ucsd.edu/MSV000079284//raw/Duncan%20et%20al.%2030%20Salinispora/11a.mzXML,MSV000079284,True,unvalidated_pairs
4b29ddc3-26d0-40d7-80c5-44fb6631dbf9.4,Salinispora pacifica CNS055,genome,ftp://massive.ucsd.edu/MSV000079284//raw/Duncan%20et%20al.%2030%20Salinispora/11c.mzXML,MSV000079284,True,unvalidated_pairs
4b29ddc3-26d0-40d7-80c5-44fb6631dbf9.4,Salinispora pacifica CNS237,genome,ftp://massive.ucsd.edu/MSV000079284//raw/Duncan%20et%20al.%2030%20Salinispora/8a.mzXML,MSV000079284,True,unvalidated_pairs
4b29ddc3-26d0-40d7-80c5-44fb6631dbf9.4,Salinispora pacifica CNS237,genome,ftp://massive.ucsd.edu/MSV000079284//raw/Duncan%20et%20al.%2030%20Salinispora/8b.mzXML,MSV000079284,True,unvalidated_pairs
4b29ddc3-26d0-40d7-80c5-44fb6631dbf9.4,Salinispora pacifica CNS863,genome,ftp://massive.ucsd.edu/MSV000079284//raw/Duncan%20et%20al.%2030%20Salinispora/22a.mzXML,MSV000079284,True,unvalidated_pairs
4b29ddc3-26d0-40d7-80c5-44fb6631dbf9.4,Salinispora pacifica CNS863,genome,ftp://massive.ucsd.edu/MSV000079284//raw/Duncan%20et%20al.%2030%20Salinispora/22b.mzXML,MSV000079284,True,unvalidated_pairs
4b29ddc3-26d0-40d7-80c5-44fb6631dbf9.4,Salinispora pacifica CNT003,genome,ftp://massive.ucsd.edu/MSV000079284//raw/Duncan%20et%20al.%2030%20Salinispora/26a.mzXML,MSV000079284,True,unvalidated_pairs
4b29ddc3-26d0-40d7-80c5-44fb6631dbf9.4,Salinispora pacifica CNT003,genome,ftp://massive.ucsd.edu/MSV000079284//raw/Duncan%20et%20al.%2030%20Salinispora/26c.mzXML,MSV000079284,True,unvalidated_pairs
4b29ddc3-26d0-40d7-80c5-44fb6631dbf9.4,Salinispora pacifica CNT029,genome,ftp://massive.ucsd.edu/MSV000079284//raw/Duncan%20et%20al.%2030%20Salinispora/27a.mzXML,MSV000079284,True,unvalidated_pairs
4b29ddc3-26d0-40d7-80c5-44fb6631dbf9.4,Salinispora pacifica CNT029,genome,ftp://massive.ucsd.edu/MSV000079284//raw/Duncan%20et%20al.%2030%20Salinispora/27b.mzXML,MSV000079284,True,unvalidated_pairs
4b29ddc3-26d0-40d7-80c5-44fb6631dbf9.4,Salinispora pacifica CNT138,genome,ftp://massive.ucsd.edu/MSV000079284//raw/Duncan%20et%20al.%2030%20Salinispora/19a.mzXML,MSV000079284,True,unvalidated_pairs
4b29ddc3-26d0-40d7-80c5-44fb6631dbf9.4,Salinispora pacifica CNT138,genome,ftp://massive.ucsd.edu/MSV000079284//raw/Duncan%20et%20al.%2030%20Salinispora/19c.mzXML,MSV000079284,True,unvalidated_pairs
4b29ddc3-26d0-40d7-80c5-44fb6631dbf9.4,Salinispora pacifica CNT148,genome,ftp://massive.ucsd.edu/MSV000079284//raw/Duncan%20et%20al.%2030%20Salinispora/25b.mzXML,MSV000079284,True,unvalidated_pairs
4b29ddc3-26d0-40d7-80c5-44fb6631dbf9.4,Salinispora pacifica CNT148,genome,ftp://massive.ucsd.edu/MSV000079284//raw/Duncan%20et%20al.%2030%20Salinispora/25c.mzXML,MSV000079284,True,unvalidated_pairs
4b29ddc3-26d0-40d7-80c5-44fb6631dbf9.4,Salinispora pacifica CNT150,genome,ftp://massive.ucsd.edu/MSV000079284//raw/Duncan%20et%20al.%2030%20Salinispora/23a.mzXML,MSV000079284,True,unvalidated_pairs
4b29ddc3-26d0-40d7-80c5-44fb6631dbf9.4,Salinispora pacifica CNT851,genome,ftp://massive.ucsd.edu/MSV000079284//raw/Duncan%20et%20al.%2030%20Salinispora/35a.mzXML,MSV000079284,True,unvalidated_pairs
4b29ddc3-26d0-40d7-80c5-44fb6631dbf9.4,Salinispora pacifica CNT851,genome,ftp://massive.ucsd.edu/MSV000079284//raw/Duncan%20et%20al.%2030%20Salinispora/35b.mzXML,MSV000079284,True,unvalidated_pairs
4b29ddc3-26d0-40d7-80c5-44fb6631dbf9.4,Salinispora pacifica CNT855,genome,ftp://massive.ucsd.edu/MSV000079284//raw/Duncan%20et%20al.%2030%20Salinispora/29a.mzXML,MSV000079284,True,unvalidated_pairs
4b29ddc3-26d0-40d7-80c5-44fb6631dbf9.4,Salinispora pacifica CNY202,genome,ftp://massive.ucsd.edu/MSV000079284//raw/Duncan%20et%20al.%2030%20Salinispora/7a.mzXML,MSV000079284,True,unvalidated_pairs
4b29ddc3-26d0-40d7-80c5-44fb6631dbf9.4,Salinispora pacifica CNY202,genome,ftp://massive.ucsd.edu/MSV000079284//raw/Duncan%20et%20al.%2030%20Salinispora/7b.mzXML,MSV000079284,True,unvalidated_pairs
4b29ddc3-26d0-40d7-80c5-44fb6631dbf9.4,Salinispora pacifica CNY330,genome,ftp://massive.ucsd.edu/MSV000079284//raw/Duncan%20et%20al.%2030%20Salinispora/10b.mzXML,MSV000079284,True,unvalidated_pairs
4b29ddc3-26d0-40d7-80c5-44fb6631dbf9.4,Salinispora tropica CNB536,genome,ftp://massive.ucsd.edu/MSV000079284//raw/Duncan%20et%20al.%2030%20Salinispora/2a.mzXML,MSV000079284,True,unvalidated_pairs
4b29ddc3-26d0-40d7-80c5-44fb6631dbf9.4,Salinispora tropica CNB536,genome,ftp://massive.ucsd.edu/MSV000079284//raw/Duncan%20et%20al.%2030%20Salinispora/2b.mzXML,MSV000079284,True,unvalidated_pairs
4b29ddc3-26d0-40d7-80c5-44fb6631dbf9.4,Salinispora tropica CNY012,genome,ftp://massive.ucsd.edu/MSV000079284//raw/Duncan%20et%20al.%2030%20Salinispora/5a.mzXML,MSV000079284,True,unvalidated_pairs
4b29ddc3-26d0-40d7-80c5-44fb6631dbf9.4,Salinispora tropica CNY012,genome,ftp://massive.ucsd.edu/MSV000079284//raw/Duncan%20et%20al.%2030%20Salinispora/5b.mzXML,MSV000079284,True,unvalidated_pairs
4b29ddc3-26d0-40d7-80c5-44fb6631dbf9.4,Salinispora tropica CNS197,genome,ftp://massive.ucsd.edu/MSV000079284//raw/Duncan%20et%20al.%2030%20Salinispora/36a.mzXML,MSV000079284,True,unvalidated_pairs
4b29ddc3-26d0-40d7-80c5-44fb6631dbf9.4,Salinispora tropica CNS197,genome,ftp://massive.ucsd.edu/MSV000079284//raw/Duncan%20et%20al.%2030%20Salinispora/36b.mzXML,MSV000079284,True,unvalidated_pairs
4b29ddc3-26d0-40d7-80c5-44fb6631dbf9.4,Salinispora tropica CNB440,genome,ftp://massive.ucsd.edu/MSV000079284//raw/Duncan%20et%20al.%2030%20Salinispora/38a.mzXML,MSV000079284,True,unvalidated_pairs
4b29ddc3-26d0-40d7-80c5-44fb6631dbf9.4,Salinispora tropica CNB440,genome,ftp://massive.ucsd.edu/MSV000079284//raw/Duncan%20et%20al.%2030%20Salinispora/38b.mzXML,MSV000079284,True,unvalidated_pairs
577a750e-50ac-4866-8881-3ad018f4848e.2,Candidatus Burkholderia crenata,genome,ftp://massive.ucsd.edu/MSV000085192/peak/Ardisia/AC83b.mzXML,MSV000085192,True,unvalidated_pairs
5d2fc076-f941-4793-b732-99df8e2260f0.1,CNB-091,genome,ftp://massive.ucsd.edu/MSV000085180/peak/B091-4.mzXML,MSV000085180,True,unvalidated_pairs
5d2fc076-f941-4793-b732-99df8e2260f0.1,CNH-898,genome,ftp://massive.ucsd.edu/MSV000085180/peak/CNH898-3.mzXML,MSV000085180,True,unvalidated_pairs
5d2fc076-f941-4793-b732-99df8e2260f0.1,CNJ-954,genome,ftp://massive.ucsd.edu/MSV000085180/peak/CNJ954-2.mzXML,MSV000085180,True,unvalidated_pairs
5d2fc076-f941-4793-b732-99df8e2260f0.1,CNQ-525,genome,ftp://massive.ucsd.edu/MSV000085180/peak/Q525-3.mzXML,MSV000085180,True,unvalidated_pairs
5d2fc076-f941-4793-b732-99df8e2260f0.1,CNZ-320,genome,ftp://massive.ucsd.edu/MSV000085180/peak/CNZ320-2.mzXML,MSV000085180,True,unvalidated_pairs
5d2fc076-f941-4793-b732-99df8e2260f0.1,CUA-874,genome,ftp://massive.ucsd.edu/MSV000085180/peak/CUA874-4.mzXML,MSV000085180,True,unvalidated_pairs
5e920f02-2ae7-4d58-a4b9-fc76740958cd.4,ASM22033v1,genome,ftp://massive.ucsd.edu/MSV000082045/peak/HMP/Samples/Aerobic_BHI_331_BD6_01_22716.mzXML,MSV000082045,True,unvalidated_pairs
5e920f02-2ae7-4d58-a4b9-fc76740958cd.4,ASM17999v1,genome,ftp://massive.ucsd.edu/MSV000082045/peak/HMP/Samples/Aerobic_RCM_708_RD4_01_22805.mzXML,MSV000082045,True,unvalidated_pairs
5e920f02-2ae7-4d58-a4b9-fc76740958cd.4,ASM17999v1,genome,ftp://massive.ucsd.edu/MSV000082045/peak/HMP/Samples/Aerobic_BHI_708_BD1_01_22711.mzXML,MSV000082045,True,unvalidated_pairs
5e920f02-2ae7-4d58-a4b9-fc76740958cd.4,Bifi_brev_HPH0326_V1,genome,ftp://massive.ucsd.edu/MSV000082045/peak/HMP/Samples/Anaerobic_RCM_856_RE1_01_22152.mzXML,MSV000082045,True,unvalidated_pairs
5e920f02-2ae7-4d58-a4b9-fc76740958cd.4,Bifi_brev_HPH0326_V1,genome,ftp://massive.ucsd.edu/MSV000082045/peak/HMP/Samples/Anaerobic_TSB_856_RE4_01_22493.mzXML,MSV000082045,True,unvalidated_pairs
5e920f02-2ae7-4d58-a4b9-fc76740958cd.4,Bifi_brev_HPH0326_V1,genome,ftp://massive.ucsd.edu/MSV000082045/peak/HMP/Samples/Anaerobic_BHI_856_BE1_01_23067.mzXML,MSV000082045,True,unvalidated_pairs
5e920f02-2ae7-4d58-a4b9-fc76740958cd.4,Rumi_lact_CC59_002D_V1,genome,ftp://massive.ucsd.edu/MSV000082045/peak/HMP/Samples/Anaerobic_BHI_1057_RC3_01_24957.mzXML,MSV000082045,True,unvalidated_pairs
5e920f02-2ae7-4d58-a4b9-fc76740958cd.4,ASM16051v1,genome,ftp://massive.ucsd.edu/MSV000082045/peak/HMP/Samples/Aerobic_RCM_103_RD6_01_22561.mzXML,MSV000082045,True,unvalidated_pairs
5e920f02-2ae7-4d58-a4b9-fc76740958cd.4,ASM16051v1,genome,ftp://massive.ucsd.edu/MSV000082045/peak/HMP/Samples/Aerobic_TSB_103_RD10_01_22225.mzXML,MSV000082045,True,unvalidated_pairs
5e920f02-2ae7-4d58-a4b9-fc76740958cd.4,ASM16023v1,genome,ftp://massive.ucsd.edu/MSV000082045/peak/HMP/Samples/Aerobic_RCM_142_RE7_01_22821.mzXML,MSV000082045,True,unvalidated_pairs
5e920f02-2ae7-4d58-a4b9-fc76740958cd.4,ASM16023v1,genome,ftp://massive.ucsd.edu/MSV000082045/peak/HMP/Samples/Aerobic_TSB_142_BD6_01_22901.mzXML,MSV000082045,True,unvalidated_pairs
5e920f02-2ae7-4d58-a4b9-fc76740958cd.4,ASM16023v1,genome,ftp://massive.ucsd.edu/MSV000082045/peak/HMP/Samples/Aerobic_BHI_142_BE2_01_22725.mzXML,MSV000082045,True,unvalidated_pairs
5e920f02-2ae7-4d58-a4b9-fc76740958cd.4,ASM17413v1,genome,ftp://massive.ucsd.edu/MSV000082045/peak/HMP/Samples/Aerobic_RCM_117_RE4_01_22818.mzXML,MSV000082045,True,unvalidated_pairs
5e920f02-2ae7-4d58-a4b9-fc76740958cd.4,ASM17413v1,genome,ftp://massive.ucsd.edu/MSV000082045/peak/HMP/Samples/Aerobic_TSB_117_BD3_01_22898.mzXML,MSV000082045,True,unvalidated_pairs
5e920f02-2ae7-4d58-a4b9-fc76740958cd.4,ASM17413v1,genome,ftp://massive.ucsd.edu/MSV000082045/peak/HMP/Samples/Aerobic_BHI_117_BD11_01_22721.mzXML,MSV000082045,True,unvalidated_pairs
5e920f02-2ae7-4d58-a4b9-fc76740958cd.4,ASM17471v1,genome,ftp://massive.ucsd.edu/MSV000082045/peak/HMP/Samples/Aerobic_RCM_121_RF5_01_22832.mzXML,MSV000082045,True,unvalidated_pairs
5e920f02-2ae7-4d58-a4b9-fc76740958cd.4,ASM17471v1,genome,ftp://massive.ucsd.edu/MSV000082045/peak/HMP/Samples/Aerobic_TSB_121_BE3_01_22911.mzXML,MSV000082045,True,unvalidated_pairs
5e920f02-2ae7-4d58-a4b9-fc76740958cd.4,ASM17471v1,genome,ftp://massive.ucsd.edu/MSV000082045/peak/HMP/Samples/Aerobic_BHI_121_BE12_01_22735.mzXML,MSV000082045,True,unvalidated_pairs
5e920f02-2ae7-4d58-a4b9-fc76740958cd.4,ASM16231v1,genome,ftp://massive.ucsd.edu/MSV000082045/peak/HMP/Samples/Aerobic_RCM_636_RC12_01_22800.mzXML,MSV000082045,True,unvalidated_pairs
5e920f02-2ae7-4d58-a4b9-fc76740958cd.4,ASM16231v1,genome,ftp://massive.ucsd.edu/MSV000082045/peak/HMP/Samples/Aerobic_BHI_636_BC10_01_22707.mzXML,MSV000082045,True,unvalidated_pairs
5e920f02-2ae7-4d58-a4b9-fc76740958cd.4,ASM16225v1,genome,ftp://massive.ucsd.edu/MSV000082045/peak/HMP/Samples/Aerobic_RCM_638_RD5_01_22560.mzXML,MSV000082045,True,unvalidated_pairs
5e920f02-2ae7-4d58-a4b9-fc76740958cd.4,ASM16225v1,genome,ftp://massive.ucsd.edu/MSV000082045/peak/HMP/Samples/Aerobic_TSB_638_RD9_01_22224.mzXML,MSV000082045,True,unvalidated_pairs
5e920f02-2ae7-4d58-a4b9-fc76740958cd.4,ASM17703v2,genome,ftp://massive.ucsd.edu/MSV000082045/peak/HMP/Samples/Aerobic_TSB_642_RD12_01_22227.mzXML,MSV000082045,True,unvalidated_pairs
5e920f02-2ae7-4d58-a4b9-fc76740958cd.4,ASM17503v1,genome,ftp://massive.ucsd.edu/MSV000082045/peak/HMP/Samples/Aerobic_RCM_645_RD8_01_22563.mzXML,MSV000082045,True,unvalidated_pairs
5e920f02-2ae7-4d58-a4b9-fc76740958cd.4,ASM17503v1,genome,ftp://massive.ucsd.edu/MSV000082045/peak/HMP/Samples/Aerobic_TSB_645_RE1_01_22229.mzXML,MSV000082045,True,unvalidated_pairs
5e920f02-2ae7-4d58-a4b9-fc76740958cd.4,ASM27630v1,genome,ftp://massive.ucsd.edu/MSV000082045/peak/HMP/Samples/Aerobic_RCM_906_RD3_01_22558.mzXML,MSV000082045,True,unvalidated_pairs
5e920f02-2ae7-4d58-a4b9-fc76740958cd.4,ASM27630v1,genome,ftp://massive.ucsd.edu/MSV000082045/peak/HMP/Samples/Aerobic_TSB_906_RD5_01_22220.mzXML,MSV000082045,True,unvalidated_pairs
5e920f02-2ae7-4d58-a4b9-fc76740958cd.4,04_NF40_HMP1647v01,genome,ftp://massive.ucsd.edu/MSV000082045/peak/HMP/Samples/Anaerobic_BHI_1084_BA2_01_23016.mzXML,MSV000082045,True,unvalidated_pairs
5e920f02-2ae7-4d58-a4b9-fc76740958cd.4,ASM16063v1,genome,ftp://massive.ucsd.edu/MSV000082045/peak/HMP/Samples/Anaerobic_RCM_13_RA8_01_22107.mzXML,MSV000082045,True,unvalidated_pairs
5e920f02-2ae7-4d58-a4b9-fc76740958cd.4,ASM16063v1,genome,ftp://massive.ucsd.edu/MSV000082045/peak/HMP/Samples/Anaerobic_TSB_13_RA10_01_22447.mzXML,MSV000082045,True,unvalidated_pairs
5e920f02-2ae7-4d58-a4b9-fc76740958cd.4,ASM16063v1,genome,ftp://massive.ucsd.edu/MSV000082045/peak/HMP/Samples/Anaerobic_BHI_13_BA12_01_23026.mzXML,MSV000082045,True,unvalidated_pairs
5e920f02-2ae7-4d58-a4b9-fc76740958cd.4,ASM14430v1,genome,ftp://massive.ucsd.edu/MSV000082045/peak/HMP/Samples/Anaerobic_RCM_492_RC2_01_22298.mzXML,MSV000082045,True,unvalidated_pairs
5e920f02-2ae7-4d58-a4b9-fc76740958cd.4,StaphepE13Av01,genome,ftp://massive.ucsd.edu/MSV000082045/peak/HMP/Samples/Aerobic_RCM_799_RC5_01_22547.mzXML,MSV000082045,True,unvalidated_pairs
5e920f02-2ae7-4d58-a4b9-fc76740958cd.4,StaphepE13Av01,genome,ftp://massive.ucsd.edu/MSV000082045/peak/HMP/Samples/Aerobic_TSB_799_RC7_01_22209.mzXML,MSV000082045,True,unvalidated_pairs
5e920f02-2ae7-4d58-a4b9-fc76740958cd.4,StaphepE13Av01,genome,ftp://massive.ucsd.edu/MSV000082045/peak/HMP/Samples/Aerobic_BHI_799_RC6_01_22960.mzXML,MSV000082045,True,unvalidated_pairs
5e920f02-2ae7-4d58-a4b9-fc76740958cd.4,ASM14400v1,genome,ftp://massive.ucsd.edu/MSV000082045/peak/HMP/Samples/Anaerobic_RCM_488_RB10_01_22293.mzXML,MSV000082045,True,unvalidated_pairs
5e920f02-2ae7-4d58-a4b9-fc76740958cd.4,ASM14402v1,genome,ftp://massive.ucsd.edu/MSV000082045/peak/HMP/Samples/Anaerobic_RCM_489_RB11_01_22294.mzXML,MSV000082045,True,unvalidated_pairs
5e920f02-2ae7-4d58-a4b9-fc76740958cd.4,ASM14412v1,genome,ftp://massive.ucsd.edu/MSV000082045/peak/HMP/Samples/Anaerobic_RCM_490_RB12_01_22295.mzXML,MSV000082045,True,unvalidated_pairs
5e920f02-2ae7-4d58-a4b9-fc76740958cd.4,ASM14477v1,genome,ftp://massive.ucsd.edu/MSV000082045/peak/HMP/Samples/Anaerobic_RCM_491_RC1_01_22297.mzXML,MSV000082045,True,unvalidated_pairs
5e920f02-2ae7-4d58-a4b9-fc76740958cd.4,ASM14438v1,genome,ftp://massive.ucsd.edu/MSV000082045/peak/HMP/Samples/Anaerobic_RCM_493_RC3_01_22299.mzXML,MSV000082045,True,unvalidated_pairs
5e920f02-2ae7-4d58-a4b9-fc76740958cd.4,ASM14434v1,genome,ftp://massive.ucsd.edu/MSV000082045/peak/HMP/Samples/Anaerobic_RCM_494_RC4_01_22300.mzXML,MSV000082045,True,unvalidated_pairs
5e920f02-2ae7-4d58-a4b9-fc76740958cd.4,ASM14434v1,genome,ftp://massive.ucsd.edu/MSV000082045/peak/HMP/Samples/Anaerobic_TSB_494_RD10_01_24972.mzXML,MSV000082045,True,unvalidated_pairs
5e920f02-2ae7-4d58-a4b9-fc76740958cd.4,ASM14406v1,genome,ftp://massive.ucsd.edu/MSV000082045/peak/HMP/Samples/Anaerobic_RCM_495_RC5_01_22301.mzXML,MSV000082045,True,unvalidated_pairs
5e920f02-2ae7-4d58-a4b9-fc76740958cd.4,ASM14517v1,genome,ftp://massive.ucsd.edu/MSV000082045/peak/HMP/Samples/Anaerobic_RCM_496_RC6_01_22302.mzXML,MSV000082045,True,unvalidated_pairs
5e920f02-2ae7-4d58-a4b9-fc76740958cd.4,ASM14557v1,genome,ftp://massive.ucsd.edu/MSV000082045/peak/HMP/Samples/Anaerobic_RCM_497_RC7_01_22303.mzXML,MSV000082045,True,unvalidated_pairs
5e920f02-2ae7-4d58-a4b9-fc76740958cd.4,ASM14452v1,genome,ftp://massive.ucsd.edu/MSV000082045/peak/HMP/Samples/Anaerobic_RCM_498_RC8_01_22304.mzXML,MSV000082045,True,unvalidated_pairs
5e920f02-2ae7-4d58-a4b9-fc76740958cd.4,ASM14450v1,genome,ftp://massive.ucsd.edu/MSV000082045/peak/HMP/Samples/Anaerobic_RCM_499_RC9_01_22305.mzXML,MSV000082045,True,unvalidated_pairs
5e920f02-2ae7-4d58-a4b9-fc76740958cd.4,ASM14479v1,genome,ftp://massive.ucsd.edu/MSV000082045/peak/HMP/Samples/Anaerobic_RCM_500_RC10_01_22306.mzXML,MSV000082045,True,unvalidated_pairs
5e920f02-2ae7-4d58-a4b9-fc76740958cd.4,ASM14479v1,genome,ftp://massive.ucsd.edu/MSV000082045/peak/HMP/Samples/Anaerobic_TSB_500_RD11_01_24973.mzXML,MSV000082045,True,unvalidated_pairs
5e920f02-2ae7-4d58-a4b9-fc76740958cd.4,ASM14414v1,genome,ftp://massive.ucsd.edu/MSV000082045/peak/HMP/Samples/Anaerobic_RCM_501_RC11_01_22307.mzXML,MSV000082045,True,unvalidated_pairs
5e920f02-2ae7-4d58-a4b9-fc76740958cd.4,ASM14414v1,genome,ftp://massive.ucsd.edu/MSV000082045/peak/HMP/Samples/Anaerobic_TSB_501_RD12_01_24974.mzXML,MSV000082045,True,unvalidated_pairs
5e920f02-2ae7-4d58-a4b9-fc76740958cd.4,ASM14545v1,genome,ftp://massive.ucsd.edu/MSV000082045/peak/HMP/Samples/Anaerobic_RCM_502_RC12_01_22308.mzXML,MSV000082045,True,unvalidated_pairs
5e920f02-2ae7-4d58-a4b9-fc76740958cd.4,ASM14471v1,genome,ftp://massive.ucsd.edu/MSV000082045/peak/HMP/Samples/Anaerobic_RCM_503_RD1_01_22310.mzXML,MSV000082045,True,unvalidated_pairs
5e920f02-2ae7-4d58-a4b9-fc76740958cd.4,ASM14471v1,genome,ftp://massive.ucsd.edu/MSV000082045/peak/HMP/Samples/Anaerobic_TSB_503_RE1_01_24976.mzXML,MSV000082045,True,unvalidated_pairs
5e920f02-2ae7-4d58-a4b9-fc76740958cd.4,ASM14511v1,genome,ftp://massive.ucsd.edu/MSV000082045/peak/HMP/Samples/Anaerobic_RCM_504_RD2_01_22311.mzXML,MSV000082045,True,unvalidated_pairs
5e920f02-2ae7-4d58-a4b9-fc76740958cd.4,ASM14551v1,genome,ftp://massive.ucsd.edu/MSV000082045/peak/HMP/Samples/Anaerobic_RCM_505_RD3_01_22312.mzXML,MSV000082045,True,unvalidated_pairs
5e920f02-2ae7-4d58-a4b9-fc76740958cd.4,ASM14456v1,genome,ftp://massive.ucsd.edu/MSV000082045/peak/HMP/Samples/Anaerobic_RCM_506_RD4_01_22313.mzXML,MSV000082045,True,unvalidated_pairs
5e920f02-2ae7-4d58-a4b9-fc76740958cd.4,ASM14458v1,genome,ftp://massive.ucsd.edu/MSV000082045/peak/HMP/Samples/Anaerobic_RCM_507_RD5_01_22314.mzXML,MSV000082045,True,unvalidated_pairs
5e920f02-2ae7-4d58-a4b9-fc76740958cd.4,ASM14549v1,genome,ftp://massive.ucsd.edu/MSV000082045/peak/HMP/Samples/Anaerobic_RCM_508_RD6_01_22315.mzXML,MSV000082045,True,unvalidated_pairs
5e920f02-2ae7-4d58-a4b9-fc76740958cd.4,ASM14549v1,genome,ftp://massive.ucsd.edu/MSV000082045/peak/HMP/Samples/Anaerobic_BHI_508_RB7_01_24946.mzXML,MSV000082045,True,unvalidated_pairs
5e920f02-2ae7-4d58-a4b9-fc76740958cd.4,ASM14555v1,genome,ftp://massive.ucsd.edu/MSV000082045/peak/HMP/Samples/Anaerobic_RCM_509_RD7_01_22316.mzXML,MSV000082045,True,unvalidated_pairs
5e920f02-2ae7-4d58-a4b9-fc76740958cd.4,ASM14507v1,genome,ftp://massive.ucsd.edu/MSV000082045/peak/HMP/Samples/Anaerobic_RCM_510_RD8_01_22317.mzXML,MSV000082045,True,unvalidated_pairs
5e920f02-2ae7-4d58-a4b9-fc76740958cd.4,ASM14444v1,genome,ftp://massive.ucsd.edu/MSV000082045/peak/HMP/Samples/Anaerobic_RCM_512_RD9_01_22318.mzXML,MSV000082045,True,unvalidated_pairs
5e920f02-2ae7-4d58-a4b9-fc76740958cd.4,ASM14444v1,genome,ftp://massive.ucsd.edu/MSV000082045/peak/HMP/Samples/Anaerobic_TSB_512_RE2_01_24977.mzXML,MSV000082045,True,unvalidated_pairs
5e920f02-2ae7-4d58-a4b9-fc76740958cd.4,ASM14444v1,genome,ftp://massive.ucsd.edu/MSV000082045/peak/HMP/Samples/Anaerobic_BHI_512_RB8_01_24949.mzXML,MSV000082045,True,unvalidated_pairs
5e920f02-2ae7-4d58-a4b9-fc76740958cd.4,ASM14519v1,genome,ftp://massive.ucsd.edu/MSV000082045/peak/HMP/Samples/Anaerobic_RCM_513_RD10_01_22319.mzXML,MSV000082045,True,unvalidated_pairs
5e920f02-2ae7-4d58-a4b9-fc76740958cd.4,ASM14475v1,genome,ftp://massive.ucsd.edu/MSV000082045/peak/HMP/Samples/Anaerobic_RCM_514_RD11_01_22320.mzXML,MSV000082045,True,unvalidated_pairs
5e920f02-2ae7-4d58-a4b9-fc76740958cd.4,ASM14408v1,genome,ftp://massive.ucsd.edu/MSV000082045/peak/HMP/Samples/Anaerobic_RCM_515_RD12_01_22321.mzXML,MSV000082045,True,unvalidated_pairs
5e920f02-2ae7-4d58-a4b9-fc76740958cd.4,ASM14436v1,genome,ftp://massive.ucsd.edu/MSV000082045/peak/HMP/Samples/Anaerobic_RCM_516_RE1_01_22323.mzXML,MSV000082045,True,unvalidated_pairs
5e920f02-2ae7-4d58-a4b9-fc76740958cd.4,ASM14487v1,genome,ftp://massive.ucsd.edu/MSV000082045/peak/HMP/Samples/Anaerobic_RCM_518_RE2_01_22324.mzXML,MSV000082045,True,unvalidated_pairs
5e920f02-2ae7-4d58-a4b9-fc76740958cd.4,ASM14426v1,genome,ftp://massive.ucsd.edu/MSV000082045/peak/HMP/Samples/Anaerobic_RCM_519_RE3_01_22325.mzXML,MSV000082045,True,unvalidated_pairs
5e920f02-2ae7-4d58-a4b9-fc76740958cd.4,ASM14446v1,genome,ftp://massive.ucsd.edu/MSV000082045/peak/HMP/Samples/Anaerobic_RCM_520_RE4_01_22326.mzXML,MSV000082045,True,unvalidated_pairs
5e920f02-2ae7-4d58-a4b9-fc76740958cd.4,ASM14446v1,genome,ftp://massive.ucsd.edu/MSV000082045/peak/HMP/Samples/Anaerobic_BHI_520_RB9_01_24950.mzXML,MSV000082045,True,unvalidated_pairs
5e920f02-2ae7-4d58-a4b9-fc76740958cd.4,ASM14432v1,genome,ftp://massive.ucsd.edu/MSV000082045/peak/HMP/Samples/Anaerobic_RCM_521_RE5_01_22327.mzXML,MSV000082045,True,unvalidated_pairs
5e920f02-2ae7-4d58-a4b9-fc76740958cd.4,ASM14418v1,genome,ftp://massive.ucsd.edu/MSV000082045/peak/HMP/Samples/Anaerobic_RCM_522_RE6_01_22328.mzXML,MSV000082045,True,unvalidated_pairs
5e920f02-2ae7-4d58-a4b9-fc76740958cd.4,ASM14509v1,genome,ftp://massive.ucsd.edu/MSV000082045/peak/HMP/Samples/Anaerobic_RCM_524_RE8_01_22330.mzXML,MSV000082045,True,unvalidated_pairs
5e920f02-2ae7-4d58-a4b9-fc76740958cd.4,ASM14485v1,genome,ftp://massive.ucsd.edu/MSV000082045/peak/HMP/Samples/Anaerobic_RCM_525_RE9_01_22331.mzXML,MSV000082045,True,unvalidated_pairs
5e920f02-2ae7-4d58-a4b9-fc76740958cd.4,ASM14485v1,genome,ftp://massive.ucsd.edu/MSV000082045/peak/HMP/Samples/Anaerobic_BHI_525_RB10_01_24951.mzXML,MSV000082045,True,unvalidated_pairs
5e920f02-2ae7-4d58-a4b9-fc76740958cd.4,ASM14547v1,genome,ftp://massive.ucsd.edu/MSV000082045/peak/HMP/Samples/Anaerobic_RCM_526_RE10_01_22332.mzXML,MSV000082045,True,unvalidated_pairs
5e920f02-2ae7-4d58-a4b9-fc76740958cd.4,ASM14547v1,genome,ftp://massive.ucsd.edu/MSV000082045/peak/HMP/Samples/Anaerobic_BHI_526_RB11_01_24952.mzXML,MSV000082045,True,unvalidated_pairs
5e920f02-2ae7-4d58-a4b9-fc76740958cd.4,ASM14535v1,genome,ftp://massive.ucsd.edu/MSV000082045/peak/HMP/Samples/Anaerobic_RCM_527_RE11_01_22333.mzXML,MSV000082045,True,unvalidated_pairs
5e920f02-2ae7-4d58-a4b9-fc76740958cd.4,ASM14454v1,genome,ftp://massive.ucsd.edu/MSV000082045/peak/HMP/Samples/Anaerobic_RCM_528_RE12_01_22334.mzXML,MSV000082045,True,unvalidated_pairs
5e920f02-2ae7-4d58-a4b9-fc76740958cd.4,ASM14473v1,genome,ftp://massive.ucsd.edu/MSV000082045/peak/HMP/Samples/Anaerobic_RCM_529_RF1_01_22336.mzXML,MSV000082045,True,unvalidated_pairs
5e920f02-2ae7-4d58-a4b9-fc76740958cd.4,ASM14404v1,genome,ftp://massive.ucsd.edu/MSV000082045/peak/HMP/Samples/Anaerobic_RCM_530_RF2_01_22337.mzXML,MSV000082045,True,unvalidated_pairs
5e920f02-2ae7-4d58-a4b9-fc76740958cd.4,ASM14424v1,genome,ftp://massive.ucsd.edu/MSV000082045/peak/HMP/Samples/Anaerobic_RCM_531_RF3_01_22338.mzXML,MSV000082045,True,unvalidated_pairs
5e920f02-2ae7-4d58-a4b9-fc76740958cd.4,ASM14424v1,genome,ftp://massive.ucsd.edu/MSV000082045/peak/HMP/Samples/Anaerobic_BHI_531_RB12_01_24953.mzXML,MSV000082045,True,unvalidated_pairs
5e920f02-2ae7-4d58-a4b9-fc76740958cd.4,ASM14410v1,genome,ftp://massive.ucsd.edu/MSV000082045/peak/HMP/Samples/Anaerobic_RCM_536_RF5_01_22340.mzXML,MSV000082045,True,unvalidated_pairs
5e920f02-2ae7-4d58-a4b9-fc76740958cd.4,ASM14442v1,genome,ftp://massive.ucsd.edu/MSV000082045/peak/HMP/Samples/Anaerobic_RCM_539_RF6_01_22341.mzXML,MSV000082045,True,unvalidated_pairs
5e920f02-2ae7-4d58-a4b9-fc76740958cd.4,ASM14420v1,genome,ftp://massive.ucsd.edu/MSV000082045/peak/HMP/Samples/Anaerobic_RCM_552_RF7_01_22342.mzXML,MSV000082045,True,unvalidated_pairs
5e920f02-2ae7-4d58-a4b9-fc76740958cd.4,ASM14505v1,genome,ftp://massive.ucsd.edu/MSV000082045/peak/HMP/Samples/Anaerobic_RCM_554_RF8_01_22343.mzXML,MSV000082045,True,unvalidated_pairs
5e920f02-2ae7-4d58-a4b9-fc76740958cd.4,ASM14489v1,genome,ftp://massive.ucsd.edu/MSV000082045/peak/HMP/Samples/Anaerobic_RCM_555_RF9_01_22344.mzXML,MSV000082045,True,unvalidated_pairs
5e920f02-2ae7-4d58-a4b9-fc76740958cd.4,ASM14489v1,genome,ftp://massive.ucsd.edu/MSV000082045/peak/HMP/Samples/Anaerobic_TSB_555_RE3_01_24978.mzXML,MSV000082045,True,unvalidated_pairs
5e920f02-2ae7-4d58-a4b9-fc76740958cd.4,ASM14489v1,genome,ftp://massive.ucsd.edu/MSV000082045/peak/HMP/Samples/Anaerobic_BHI_555_RC1_01_24955.mzXML,MSV000082045,True,unvalidated_pairs
5e920f02-2ae7-4d58-a4b9-fc76740958cd.4,ASM18007v1,genome,ftp://massive.ucsd.edu/MSV000082045/peak/HMP/Samples/Aerobic_RCM_561_RE2_01_22570.mzXML,MSV000082045,True,unvalidated_pairs
5e920f02-2ae7-4d58-a4b9-fc76740958cd.4,ASM18007v1,genome,ftp://massive.ucsd.edu/MSV000082045/peak/HMP/Samples/Aerobic_TSB_561_RE9_01_22237.mzXML,MSV000082045,True,unvalidated_pairs
5e920f02-2ae7-4d58-a4b9-fc76740958cd.4,ASM18007v1,genome,ftp://massive.ucsd.edu/MSV000082045/peak/HMP/Samples/Aerobic_BHI_561_RE2_01_22982.mzXML,MSV000082045,True,unvalidated_pairs
5e920f02-2ae7-4d58-a4b9-fc76740958cd.4,ASM16017v1,genome,ftp://massive.ucsd.edu/MSV000082045/peak/HMP/Samples/Aerobic_RCM_106_RD9_01_22810.mzXML,MSV000082045,True,unvalidated_pairs
5e920f02-2ae7-4d58-a4b9-fc76740958cd.4,ASM16017v1,genome,ftp://massive.ucsd.edu/MSV000082045/peak/HMP/Samples/Aerobic_TSB_106_BC7_01_22889.mzXML,MSV000082045,True,unvalidated_pairs
5e920f02-2ae7-4d58-a4b9-fc76740958cd.4,ASM16017v1,genome,ftp://massive.ucsd.edu/MSV000082045/peak/HMP/Samples/Aerobic_BHI_106_BD3_01_22713.mzXML,MSV000082045,True,unvalidated_pairs
5e920f02-2ae7-4d58-a4b9-fc76740958cd.4,ASM14416v1,genome,ftp://massive.ucsd.edu/MSV000082045/peak/HMP/Samples/Anaerobic_RCM_523_RE7_01_22329.mzXML,MSV000082045,True,unvalidated_pairs
5e920f02-2ae7-4d58-a4b9-fc76740958cd.4,ASM14553v1,genome,ftp://massive.ucsd.edu/MSV000082045/peak/HMP/Samples/Anaerobic_RCM_534_RF4_01_22339.mzXML,MSV000082045,True,unvalidated_pairs
5e920f02-2ae7-4d58-a4b9-fc76740958cd.4,Trep_dent_US-Trep_V1,genome,ftp://massive.ucsd.edu/MSV000082045/peak/HMP/Samples/Anaerobic_TSB_573_RB3_01_22453.mzXML,MSV000082045,True,unvalidated_pairs
5e920f02-2ae7-4d58-a4b9-fc76740958cd.4,Trep_dent_ASLM_V1,genome,ftp://massive.ucsd.edu/MSV000082045/peak/HMP/Samples/Anaerobic_RCM_574_RB1_01_22113.mzXML,MSV000082045,True,unvalidated_pairs
5e920f02-2ae7-4d58-a4b9-fc76740958cd.4,Bact_dore_CL02T00C15_V1,genome,ftp://massive.ucsd.edu/MSV000082045/peak/HMP/Samples/Anaerobic_RCM_717_RB8_01_22120.mzXML,MSV000082045,True,unvalidated_pairs
5e920f02-2ae7-4d58-a4b9-fc76740958cd.4,Bact_dore_CL02T00C15_V1,genome,ftp://massive.ucsd.edu/MSV000082045/peak/HMP/Samples/Anaerobic_TSB_717_RB11_01_22461.mzXML,MSV000082045,True,unvalidated_pairs
5e920f02-2ae7-4d58-a4b9-fc76740958cd.4,Bact_dore_CL02T00C15_V1,genome,ftp://massive.ucsd.edu/MSV000082045/peak/HMP/Samples/Anaerobic_BHI_717_BB11_01_23038.mzXML,MSV000082045,True,unvalidated_pairs
5e920f02-2ae7-4d58-a4b9-fc76740958cd.4,Bact_dore_CL02T12C06_V1,genome,ftp://massive.ucsd.edu/MSV000082045/peak/HMP/Samples/Anaerobic_RCM_719_RB9_01_22121.mzXML,MSV000082045,True,unvalidated_pairs
5e920f02-2ae7-4d58-a4b9-fc76740958cd.4,Bact_dore_CL02T12C06_V1,genome,ftp://massive.ucsd.edu/MSV000082045/peak/HMP/Samples/Anaerobic_TSB_719_RB12_01_22462.mzXML,MSV000082045,True,unvalidated_pairs
5e920f02-2ae7-4d58-a4b9-fc76740958cd.4,Bact_dore_CL02T12C06_V1,genome,ftp://massive.ucsd.edu/MSV000082045/peak/HMP/Samples/Anaerobic_BHI_719_BB12_01_23039.mzXML,MSV000082045,True,unvalidated_pairs
5e920f02-2ae7-4d58-a4b9-fc76740958cd.4,Bact_cell_CL02T12C19_V1,genome,ftp://massive.ucsd.edu/MSV000082045/peak/HMP/Samples/Anaerobic_RCM_726_RB6_01_22118.mzXML,MSV000082045,True,unvalidated_pairs
5e920f02-2ae7-4d58-a4b9-fc76740958cd.4,Bact_cell_CL02T12C19_V1,genome,ftp://massive.ucsd.edu/MSV000082045/peak/HMP/Samples/Anaerobic_TSB_726_RB9_01_22459.mzXML,MSV000082045,True,unvalidated_pairs
5e920f02-2ae7-4d58-a4b9-fc76740958cd.4,Bact_cell_CL02T12C19_V1,genome,ftp://massive.ucsd.edu/MSV000082045/peak/HMP/Samples/Anaerobic_BHI_726_BB9_01_23036.mzXML,MSV000082045,True,unvalidated_pairs
5e920f02-2ae7-4d58-a4b9-fc76740958cd.4,Bact_thet_CL09T03C10_V1,genome,ftp://massive.ucsd.edu/MSV000082045/peak/HMP/Samples/Anaerobic_RCM_727_RC2_01_22127.mzXML,MSV000082045,True,unvalidated_pairs
5e920f02-2ae7-4d58-a4b9-fc76740958cd.4,Bact_thet_CL09T03C10_V1,genome,ftp://massive.ucsd.edu/MSV000082045/peak/HMP/Samples/Anaerobic_TSB_727_RC5_01_22468.mzXML,MSV000082045,True,unvalidated_pairs
5e920f02-2ae7-4d58-a4b9-fc76740958cd.4,Bact_thet_CL09T03C10_V1,genome,ftp://massive.ucsd.edu/MSV000082045/peak/HMP/Samples/Anaerobic_BHI_727_BC5_01_23045.mzXML,MSV000082045,True,unvalidated_pairs
5e920f02-2ae7-4d58-a4b9-fc76740958cd.4,Para_john_CL02T12C29_V1,genome,ftp://massive.ucsd.edu/MSV000082045/peak/HMP/Samples/Anaerobic_TSB_731_RA12_01_22449.mzXML,MSV000082045,True,unvalidated_pairs
5e920f02-2ae7-4d58-a4b9-fc76740958cd.4,Blongum44Bv1,genome,ftp://massive.ucsd.edu/MSV000082045/peak/HMP/Samples/Anaerobic_RCM_845_RE5_01_22156.mzXML,MSV000082045,True,unvalidated_pairs
5e920f02-2ae7-4d58-a4b9-fc76740958cd.4,Blongum44Bv1,genome,ftp://massive.ucsd.edu/MSV000082045/peak/HMP/Samples/Anaerobic_TSB_845_RE9_01_22498.mzXML,MSV000082045,True,unvalidated_pairs
5e920f02-2ae7-4d58-a4b9-fc76740958cd.4,Blongum44Bv1,genome,ftp://massive.ucsd.edu/MSV000082045/peak/HMP/Samples/Anaerobic_BHI_845_BE6_01_23072.mzXML,MSV000082045,True,unvalidated_pairs
5e920f02-2ae7-4d58-a4b9-fc76740958cd.4,Blongum35Bv1,genome,ftp://massive.ucsd.edu/MSV000082045/peak/HMP/Samples/Anaerobic_RCM_847_RE4_01_22155.mzXML,MSV000082045,True,unvalidated_pairs
5e920f02-2ae7-4d58-a4b9-fc76740958cd.4,Blongum35Bv1,genome,ftp://massive.ucsd.edu/MSV000082045/peak/HMP/Samples/Anaerobic_TSB_847_RE8_01_22497.mzXML,MSV000082045,True,unvalidated_pairs
5e920f02-2ae7-4d58-a4b9-fc76740958cd.4,Blongum35Bv1,genome,ftp://massive.ucsd.edu/MSV000082045/peak/HMP/Samples/Anaerobic_BHI_847_BE5_01_23071.mzXML,MSV000082045,True,unvalidated_pairs
5e920f02-2ae7-4d58-a4b9-fc76740958cd.4,Blongum22Bv1,genome,ftp://massive.ucsd.edu/MSV000082045/peak/HMP/Samples/Anaerobic_TSB_848_RE7_01_22496.mzXML,MSV000082045,True,unvalidated_pairs
5e920f02-2ae7-4d58-a4b9-fc76740958cd.4,Blongum22Bv1,genome,ftp://massive.ucsd.edu/MSV000082045/peak/HMP/Samples/Anaerobic_BHI_848_BE4_01_23070.mzXML,MSV000082045,True,unvalidated_pairs
5e920f02-2ae7-4d58-a4b9-fc76740958cd.4,OulMSTE5v1,genome,ftp://massive.ucsd.edu/MSV000082045/peak/HMP/Samples/Anaerobic_BHI877_RE5_01_22658.mzXML,MSV000082045,True,unvalidated_pairs
5e920f02-2ae7-4d58-a4b9-fc76740958cd.4,ASM17567v1,genome,ftp://massive.ucsd.edu/MSV000082045/peak/HMP/Samples/Aerobic_RCM_107_RA3_01_22519.mzXML,MSV000082045,True,unvalidated_pairs
5e920f02-2ae7-4d58-a4b9-fc76740958cd.4,ASM17567v1,genome,ftp://massive.ucsd.edu/MSV000082045/peak/HMP/Samples/Aerobic_TSB_107_RA3_01_22180.mzXML,MSV000082045,True,unvalidated_pairs
5e920f02-2ae7-4d58-a4b9-fc76740958cd.4,ASM17567v1,genome,ftp://massive.ucsd.edu/MSV000082045/peak/HMP/Samples/Aerobic_BHI_107_RA3_01_22931.mzXML,MSV000082045,True,unvalidated_pairs
5e920f02-2ae7-4d58-a4b9-fc76740958cd.4,ASM17687v1,genome,ftp://massive.ucsd.edu/MSV000082045/peak/HMP/Samples/Aerobic_RCM_114_RA12_01_22528.mzXML,MSV000082045,True,unvalidated_pairs
5e920f02-2ae7-4d58-a4b9-fc76740958cd.4,ASM17687v1,genome,ftp://massive.ucsd.edu/MSV000082045/peak/HMP/Samples/Aerobic_TSB_114_RB1_01_22190.mzXML,MSV000082045,True,unvalidated_pairs
5e920f02-2ae7-4d58-a4b9-fc76740958cd.4,ASM17687v1,genome,ftp://massive.ucsd.edu/MSV000082045/peak/HMP/Samples/Aerobic_BHI_114_RA12_01_22940.mzXML,MSV000082045,True,unvalidated_pairs
5e920f02-2ae7-4d58-a4b9-fc76740958cd.4,ASM17483v1,genome,ftp://massive.ucsd.edu/MSV000082045/peak/HMP/Samples/Aerobic_RCM_116_RB11_01_22540.mzXML,MSV000082045,True,unvalidated_pairs
5e920f02-2ae7-4d58-a4b9-fc76740958cd.4,ASM17483v1,genome,ftp://massive.ucsd.edu/MSV000082045/peak/HMP/Samples/Aerobic_TSB_116_RC1_01_22203.mzXML,MSV000082045,True,unvalidated_pairs
5e920f02-2ae7-4d58-a4b9-fc76740958cd.4,ASM14358v1,genome,ftp://massive.ucsd.edu/MSV000082045/peak/HMP/Samples/Aerobic_RCM_245_RC1_01_22543.mzXML,MSV000082045,True,unvalidated_pairs
5e920f02-2ae7-4d58-a4b9-fc76740958cd.4,ASM14358v1,genome,ftp://massive.ucsd.edu/MSV000082045/peak/HMP/Samples/Aerobic_TSB_245_RC3_01_22205.mzXML,MSV000082045,True,unvalidated_pairs
5e920f02-2ae7-4d58-a4b9-fc76740958cd.4,ASM14358v1,genome,ftp://massive.ucsd.edu/MSV000082045/peak/HMP/Samples/Aerobic_BHI_245_RC3_01_22957.mzXML,MSV000082045,True,unvalidated_pairs
5e920f02-2ae7-4d58-a4b9-fc76740958cd.4,Sele_noxi_F0398_V1,genome,ftp://massive.ucsd.edu/MSV000082045/peak/HMP/Samples/Anaerobic_RCM_270_RG1_01_22349.mzXML,MSV000082045,True,unvalidated_pairs
5e920f02-2ae7-4d58-a4b9-fc76740958cd.4,Sele_noxi_F0398_V1,genome,ftp://massive.ucsd.edu/MSV000082045/peak/HMP/Samples/Anaerobic_TSB_270_RE4_01_24979.mzXML,MSV000082045,True,unvalidated_pairs
5e920f02-2ae7-4d58-a4b9-fc76740958cd.4,Clos_orbi_1_3_50AFAA_V1,genome,ftp://massive.ucsd.edu/MSV000082045/peak/HMP/Samples/Anaerobic_RCM_303_RA3_01_22102.mzXML,MSV000082045,True,unvalidated_pairs
5e920f02-2ae7-4d58-a4b9-fc76740958cd.4,Clos_orbi_1_3_50AFAA_V1,genome,ftp://massive.ucsd.edu/MSV000082045/peak/HMP/Samples/Anaerobic_TSB_303_RA5_01_22442.mzXML,MSV000082045,True,unvalidated_pairs
5e920f02-2ae7-4d58-a4b9-fc76740958cd.4,Clos_orbi_1_3_50AFAA_V1,genome,ftp://massive.ucsd.edu/MSV000082045/peak/HMP/Samples/Anaerobic_BHI_303_BA7_01_23021.mzXML,MSV000082045,True,unvalidated_pairs
5e920f02-2ae7-4d58-a4b9-fc76740958cd.4,Clos_clos_2_1_49FAA_V1,genome,ftp://massive.ucsd.edu/MSV000082045/peak/HMP/Samples/Anaerobic_TSB_306_RA2_01_22439.mzXML,MSV000082045,True,unvalidated_pairs
5e920f02-2ae7-4d58-a4b9-fc76740958cd.4,Clos_clos_2_1_49FAA_V1,genome,ftp://massive.ucsd.edu/MSV000082045/peak/HMP/Samples/Anaerobic_RCM__306_RA1_01_22100.mzXML,MSV000082045,True,unvalidated_pairs
5e920f02-2ae7-4d58-a4b9-fc76740958cd.4,Clos_clos_2_1_49FAA_V1,genome,ftp://massive.ucsd.edu/MSV000082045/peak/HMP/Samples/Anaerobic_BHI_306_BA4_01_23018.mzXML,MSV000082045,True,unvalidated_pairs
5e920f02-2ae7-4d58-a4b9-fc76740958cd.4,Clos_clos_WAL_7855_v11,genome,ftp://massive.ucsd.edu/MSV000082045/peak/HMP/Samples/Anaerobic_RCM_317_RA2_01_22101.mzXML,MSV000082045,True,unvalidated_pairs
5e920f02-2ae7-4d58-a4b9-fc76740958cd.4,Clos_clos_WAL_7855_v11,genome,ftp://massive.ucsd.edu/MSV000082045/peak/HMP/Samples/Anaerobic_TSB_317_RA3_01_22440.mzXML,MSV000082045,True,unvalidated_pairs
5e920f02-2ae7-4d58-a4b9-fc76740958cd.4,Clos_clos_WAL_7855_v11,genome,ftp://massive.ucsd.edu/MSV000082045/peak/HMP/Samples/Anaerobic_BHI_317_BA5_01_23019.mzXML,MSV000082045,True,unvalidated_pairs
5e920f02-2ae7-4d58-a4b9-fc76740958cd.4,Clos_symb_WAL_14673_V2,genome,ftp://massive.ucsd.edu/MSV000082045/peak/HMP/Samples/Anaerobic_RCM_319_RA5_01_22104.mzXML,MSV000082045,True,unvalidated_pairs
5e920f02-2ae7-4d58-a4b9-fc76740958cd.4,Clos_symb_WAL_14673_V2,genome,ftp://massive.ucsd.edu/MSV000082045/peak/HMP/Samples/Anaerobic_TSB_319_RA8_01_22445.mzXML,MSV000082045,True,unvalidated_pairs
5e920f02-2ae7-4d58-a4b9-fc76740958cd.4,Clos_symb_WAL_14673_V2,genome,ftp://massive.ucsd.edu/MSV000082045/peak/HMP/Samples/Anaerobic_BHI_319_BA10_01_23024.mzXML,MSV000082045,True,unvalidated_pairs
5e920f02-2ae7-4d58-a4b9-fc76740958cd.4,Euba_infi_F0142_V1,genome,ftp://massive.ucsd.edu/MSV000082045/peak/HMP/Samples/Aerobic_TSB_369_RE3_01_22231.mzXML,MSV000082045,True,unvalidated_pairs
5e920f02-2ae7-4d58-a4b9-fc76740958cd.4,ASM16243v1,genome,ftp://massive.ucsd.edu/MSV000082045/peak/HMP/Samples/Aerobic_TSB_640_BC6_01_22888.mzXML,MSV000082045,True,unvalidated_pairs
5e920f02-2ae7-4d58-a4b9-fc76740958cd.4,ASM16243v1,genome,ftp://massive.ucsd.edu/MSV000082045/peak/HMP/Samples/Aerobic_BHI_640_BD2_01_22712.mzXML,MSV000082045,True,unvalidated_pairs
5e920f02-2ae7-4d58-a4b9-fc76740958cd.4,ASM27614v1,genome,ftp://massive.ucsd.edu/MSV000082045/peak/HMP/Samples/Aerobic_RCM_896_RC9_01_22551.mzXML,MSV000082045,True,unvalidated_pairs
5e920f02-2ae7-4d58-a4b9-fc76740958cd.4,ASM27614v1,genome,ftp://massive.ucsd.edu/MSV000082045/peak/HMP/Samples/Aerobic_TSB_896_RC11_01_22213.mzXML,MSV000082045,True,unvalidated_pairs
5e920f02-2ae7-4d58-a4b9-fc76740958cd.4,ASM27614v1,genome,ftp://massive.ucsd.edu/MSV000082045/peak/HMP/Samples/Aerobic_BHI_896_RC10_01_22964.mzXML,MSV000082045,True,unvalidated_pairs
5e920f02-2ae7-4d58-a4b9-fc76740958cd.4,ASM27616v1,genome,ftp://massive.ucsd.edu/MSV000082045/peak/HMP/Samples/Aerobic_RCM_897_RC10_01_22552.mzXML,MSV000082045,True,unvalidated_pairs
5e920f02-2ae7-4d58-a4b9-fc76740958cd.4,ASM27616v1,genome,ftp://massive.ucsd.edu/MSV000082045/peak/HMP/Samples/Aerobic_TSB_897_RC12_01_22214.mzXML,MSV000082045,True,unvalidated_pairs
5e920f02-2ae7-4d58-a4b9-fc76740958cd.4,ASM27616v1,genome,ftp://massive.ucsd.edu/MSV000082045/peak/HMP/Samples/Aerobic_BHI_897_RC11_01_22965.mzXML,MSV000082045,True,unvalidated_pairs
5e920f02-2ae7-4d58-a4b9-fc76740958cd.4,ASM27646v1,genome,ftp://massive.ucsd.edu/MSV000082045/peak/HMP/Samples/Aerobic_RCM_898_RB4_01_22533.mzXML,MSV000082045,True,unvalidated_pairs
5e920f02-2ae7-4d58-a4b9-fc76740958cd.4,ASM27646v1,genome,ftp://massive.ucsd.edu/MSV000082045/peak/HMP/Samples/Aerobic_TSB_898_RB5_01_22194.mzXML,MSV000082045,True,unvalidated_pairs
5e920f02-2ae7-4d58-a4b9-fc76740958cd.4,ASM27618v1,genome,ftp://massive.ucsd.edu/MSV000082045/peak/HMP/Samples/Aerobic_RCM_900_RC11_01_22553.mzXML,MSV000082045,True,unvalidated_pairs
5e920f02-2ae7-4d58-a4b9-fc76740958cd.4,ASM27618v1,genome,ftp://massive.ucsd.edu/MSV000082045/peak/HMP/Samples/Aerobic_TSB_900_RD1_01_22216.mzXML,MSV000082045,True,unvalidated_pairs
5e920f02-2ae7-4d58-a4b9-fc76740958cd.4,ASM27618v1,genome,ftp://massive.ucsd.edu/MSV000082045/peak/HMP/Samples/Aerobic_BHI_900_RC12_01_22966.mzXML,MSV000082045,True,unvalidated_pairs
5e920f02-2ae7-4d58-a4b9-fc76740958cd.4,ASM27620v1,genome,ftp://massive.ucsd.edu/MSV000082045/peak/HMP/Samples/Aerobic_RCM_901_RC12_01_22554.mzXML,MSV000082045,True,unvalidated_pairs
5e920f02-2ae7-4d58-a4b9-fc76740958cd.4,ASM27620v1,genome,ftp://massive.ucsd.edu/MSV000082045/peak/HMP/Samples/Aerobic_TSB_901_RD2_01_22217.mzXML,MSV000082045,True,unvalidated_pairs
5e920f02-2ae7-4d58-a4b9-fc76740958cd.4,ASM27620v1,genome,ftp://massive.ucsd.edu/MSV000082045/peak/HMP/Samples/Aerobic_BHI_901_RD1_01_22968.mzXML,MSV000082045,True,unvalidated_pairs
5e920f02-2ae7-4d58-a4b9-fc76740958cd.4,ASM27622v1,genome,ftp://massive.ucsd.edu/MSV000082045/peak/HMP/Samples/Aerobic_RCM_902_RD1_01_22556.mzXML,MSV000082045,True,unvalidated_pairs
5e920f02-2ae7-4d58-a4b9-fc76740958cd.4,ASM27622v1,genome,ftp://massive.ucsd.edu/MSV000082045/peak/HMP/Samples/Aerobic_TSB_902_RD3_01_22218.mzXML,MSV000082045,True,unvalidated_pairs
5e920f02-2ae7-4d58-a4b9-fc76740958cd.4,ASM27622v1,genome,ftp://massive.ucsd.edu/MSV000082045/peak/HMP/Samples/Aerobic_BHI_902_RD2_01_22969.mzXML,MSV000082045,True,unvalidated_pairs
5e920f02-2ae7-4d58-a4b9-fc76740958cd.4,ASM27624v1,genome,ftp://massive.ucsd.edu/MSV000082045/peak/HMP/Samples/Aerobic_RCM_903_RA5_01_22521.mzXML,MSV000082045,True,unvalidated_pairs
5e920f02-2ae7-4d58-a4b9-fc76740958cd.4,ASM27624v1,genome,ftp://massive.ucsd.edu/MSV000082045/peak/HMP/Samples/Aerobic_TSB_903_RA5_01_22181.mzXML,MSV000082045,True,unvalidated_pairs
5e920f02-2ae7-4d58-a4b9-fc76740958cd.4,ASM27624v1,genome,ftp://massive.ucsd.edu/MSV000082045/peak/HMP/Samples/Aerobic_BHI_903_RA6_01_22934.mzXML,MSV000082045,True,unvalidated_pairs
5e920f02-2ae7-4d58-a4b9-fc76740958cd.4,ASM27626v1,genome,ftp://massive.ucsd.edu/MSV000082045/peak/HMP/Samples/Aerobic_RCM_904_RD2_01_22557.mzXML,MSV000082045,True,unvalidated_pairs
5e920f02-2ae7-4d58-a4b9-fc76740958cd.4,ASM27626v1,genome,ftp://massive.ucsd.edu/MSV000082045/peak/HMP/Samples/Aerobic_TSB_904_RD4_01_22219.mzXML,MSV000082045,True,unvalidated_pairs
5e920f02-2ae7-4d58-a4b9-fc76740958cd.4,ASM27626v1,genome,ftp://massive.ucsd.edu/MSV000082045/peak/HMP/Samples/Aerobic_BHI_904_RD3_01_22970.mzXML,MSV000082045,True,unvalidated_pairs
5e920f02-2ae7-4d58-a4b9-fc76740958cd.4,ASM15961v1,genome,ftp://massive.ucsd.edu/MSV000082045/peak/HMP/Samples/Aerobic_RCM_102_RD9_01_22564.mzXML,MSV000082045,True,unvalidated_pairs
5e920f02-2ae7-4d58-a4b9-fc76740958cd.4,ASM15961v1,genome,ftp://massive.ucsd.edu/MSV000082045/peak/HMP/Samples/Aerobic_TSB_102_RE4_01_22232.mzXML,MSV000082045,True,unvalidated_pairs
5e920f02-2ae7-4d58-a4b9-fc76740958cd.4,ASM15961v1,genome,ftp://massive.ucsd.edu/MSV000082045/peak/HMP/Samples/Aerobic_BHI_102_RD8_01_22975.mzXML,MSV000082045,True,unvalidated_pairs
5e920f02-2ae7-4d58-a4b9-fc76740958cd.4,ASM17711v1,genome,ftp://massive.ucsd.edu/MSV000082045/peak/HMP/Samples/Aerobic_RCM_118_RE6_01_22820.mzXML,MSV000082045,True,unvalidated_pairs
5e920f02-2ae7-4d58-a4b9-fc76740958cd.4,ASM17711v1,genome,ftp://massive.ucsd.edu/MSV000082045/peak/HMP/Samples/Aerobic_TSB_118_BD5_01_22900.mzXML,MSV000082045,True,unvalidated_pairs
5e920f02-2ae7-4d58-a4b9-fc76740958cd.4,ASM17711v1,genome,ftp://massive.ucsd.edu/MSV000082045/peak/HMP/Samples/Aerobic_BHI_118_BE1_01_22724.mzXML,MSV000082045,True,unvalidated_pairs
5e920f02-2ae7-4d58-a4b9-fc76740958cd.4,Aggr_aphr_F0387_V1,genome,ftp://massive.ucsd.edu/MSV000082045/peak/HMP/Samples/Aerobic_RCM_206_RE9_01_22577.mzXML,MSV000082045,True,unvalidated_pairs
5e920f02-2ae7-4d58-a4b9-fc76740958cd.4,Aggr_aphr_F0387_V1,genome,ftp://massive.ucsd.edu/MSV000082045/peak/HMP/Samples/Aerobic_TSB_206_RF4_01_22245.mzXML,MSV000082045,True,unvalidated_pairs
5e920f02-2ae7-4d58-a4b9-fc76740958cd.4,Aggr_aphr_F0387_V1,genome,ftp://massive.ucsd.edu/MSV000082045/peak/HMP/Samples/Aerobic_BHI_206_RE9_01_22989.mzXML,MSV000082045,True,unvalidated_pairs
5e920f02-2ae7-4d58-a4b9-fc76740958cd.4,Geme_haem_M341_V1,genome,ftp://massive.ucsd.edu/MSV000082045/peak/HMP/Samples/Aerobic_RCM_239_RA11_01_22773.mzXML,MSV000082045,True,unvalidated_pairs
5e920f02-2ae7-4d58-a4b9-fc76740958cd.4,ASM18370v1,genome,ftp://massive.ucsd.edu/MSV000082045/peak/HMP/Samples/Aerobic_RCM_246_RE5_01_22819.mzXML,MSV000082045,True,unvalidated_pairs
5e920f02-2ae7-4d58-a4b9-fc76740958cd.4,ASM18370v1,genome,ftp://massive.ucsd.edu/MSV000082045/peak/HMP/Samples/Aerobic_TSB_246_BD4_01_22899.mzXML,MSV000082045,True,unvalidated_pairs
5e920f02-2ae7-4d58-a4b9-fc76740958cd.4,ASM18370v1,genome,ftp://massive.ucsd.edu/MSV000082045/peak/HMP/Samples/Aerobic_BHI_246_BD12_01_22722.mzXML,MSV000082045,True,unvalidated_pairs
5e920f02-2ae7-4d58-a4b9-fc76740958cd.4,Clos_symb_WAL_14163_V1,genome,ftp://massive.ucsd.edu/MSV000082045/peak/HMP/Samples/Anaerobic_TSB_309_RA7_01_22444.mzXML,MSV000082045,True,unvalidated_pairs
5e920f02-2ae7-4d58-a4b9-fc76740958cd.4,Clos_symb_WAL_14163_V1,genome,ftp://massive.ucsd.edu/MSV000082045/peak/HMP/Samples/Anaerobic_BHI_309_BA9_01_23023.mzXML,MSV000082045,True,unvalidated_pairs
5e920f02-2ae7-4d58-a4b9-fc76740958cd.4,ASM15408v1,genome,ftp://massive.ucsd.edu/MSV000082045/peak/HMP/Samples/Anaerobic_RCM_633_RD9_01_22147.mzXML,MSV000082045,True,unvalidated_pairs
5e920f02-2ae7-4d58-a4b9-fc76740958cd.4,ASM15408v1,genome,ftp://massive.ucsd.edu/MSV000082045/peak/HMP/Samples/Anaerobic_TSB_633_RD12_01_22488.mzXML,MSV000082045,True,unvalidated_pairs
5e920f02-2ae7-4d58-a4b9-fc76740958cd.4,ASM15408v1,genome,ftp://massive.ucsd.edu/MSV000082045/peak/HMP/Samples/Anaerobic_BHI_633_BD10_01_23063.mzXML,MSV000082045,True,unvalidated_pairs
5e920f02-2ae7-4d58-a4b9-fc76740958cd.4,Lacto_cris_MV-1A-US_V2,genome,ftp://massive.ucsd.edu/MSV000082045/peak/HMP/Samples/Aerobic_RCM_637_RC11_01_22799.mzXML,MSV000082045,True,unvalidated_pairs
5e920f02-2ae7-4d58-a4b9-fc76740958cd.4,Lacto_cris_MV-1A-US_V2,genome,ftp://massive.ucsd.edu/MSV000082045/peak/HMP/Samples/Aerobic_BHI_637_BC9_01_22706.mzXML,MSV000082045,True,unvalidated_pairs
5e920f02-2ae7-4d58-a4b9-fc76740958cd.4,ASM16233v1,genome,ftp://massive.ucsd.edu/MSV000082045/peak/HMP/Samples/Aerobic_RCM_639_RG10_01_22850.mzXML,MSV000082045,True,unvalidated_pairs
5e920f02-2ae7-4d58-a4b9-fc76740958cd.4,ASM16233v1,genome,ftp://massive.ucsd.edu/MSV000082045/peak/HMP/Samples/Aerobic_TSB_639_RH9_01_23100.mzXML,MSV000082045,True,unvalidated_pairs
5e920f02-2ae7-4d58-a4b9-fc76740958cd.4,ASM16233v1,genome,ftp://massive.ucsd.edu/MSV000082045/peak/HMP/Samples/Aerobic_BHI_639_BG5_01_22754.mzXML,MSV000082045,True,unvalidated_pairs
5e920f02-2ae7-4d58-a4b9-fc76740958cd.4,ASM17699v2,genome,ftp://massive.ucsd.edu/MSV000082045/peak/HMP/Samples/Aerobic_RCM_641_RD2_01_22803.mzXML,MSV000082045,True,unvalidated_pairs
5e920f02-2ae7-4d58-a4b9-fc76740958cd.4,ASM17699v2,genome,ftp://massive.ucsd.edu/MSV000082045/peak/HMP/Samples/Aerobic_BHI_641_BC12_01_22709.mzXML,MSV000082045,True,unvalidated_pairs
5e920f02-2ae7-4d58-a4b9-fc76740958cd.4,Fuso_nucl_OT_420_V1,genome,ftp://massive.ucsd.edu/MSV000082045/peak/HMP/Samples/Anaerobic_RCM_758_RB8_01_22380.mzXML,MSV000082045,True,unvalidated_pairs
5e920f02-2ae7-4d58-a4b9-fc76740958cd.4,Fuso_nucl_OT_420_V1,genome,ftp://massive.ucsd.edu/MSV000082045/peak/HMP/Samples/Anaerobic_TSB_758_RB10_01_25833.mzXML,MSV000082045,True,unvalidated_pairs
5e920f02-2ae7-4d58-a4b9-fc76740958cd.4,Fuso_nucl_OT_420_V1,genome,ftp://massive.ucsd.edu/MSV000082045/peak/HMP/Samples/Anaerobic_BHI758_RB11_01_22625.mzXML,MSV000082045,True,unvalidated_pairs
5e920f02-2ae7-4d58-a4b9-fc76740958cd.4,RaeriaF0474v1,genome,ftp://massive.ucsd.edu/MSV000082045/peak/HMP/Samples/Aerobic_RCM_818_RB12_01_22541.mzXML,MSV000082045,True,unvalidated_pairs
5e920f02-2ae7-4d58-a4b9-fc76740958cd.4,RaeriaF0474v1,genome,ftp://massive.ucsd.edu/MSV000082045/peak/HMP/Samples/Aerobic_TSB_818_RC2_01_22204.mzXML,MSV000082045,True,unvalidated_pairs
5e920f02-2ae7-4d58-a4b9-fc76740958cd.4,RaeriaF0474v1,genome,ftp://massive.ucsd.edu/MSV000082045/peak/HMP/Samples/Aerobic_BHI_818_RC2_01_22956.mzXML,MSV000082045,True,unvalidated_pairs
5e920f02-2ae7-4d58-a4b9-fc76740958cd.4,ASM27608v1,genome,ftp://massive.ucsd.edu/MSV000082045/peak/HMP/Samples/Aerobic_RCM_917_RC7_01_22549.mzXML,MSV000082045,True,unvalidated_pairs
5e920f02-2ae7-4d58-a4b9-fc76740958cd.4,ASM27608v1,genome,ftp://massive.ucsd.edu/MSV000082045/peak/HMP/Samples/Aerobic_TSB_917_RC9_01_22211.mzXML,MSV000082045,True,unvalidated_pairs
5e920f02-2ae7-4d58-a4b9-fc76740958cd.4,ASM27610v1,genome,ftp://massive.ucsd.edu/MSV000082045/peak/HMP/Samples/Aerobic_RCM_918_RC8_01_22550.mzXML,MSV000082045,True,unvalidated_pairs
5e920f02-2ae7-4d58-a4b9-fc76740958cd.4,ASM27610v1,genome,ftp://massive.ucsd.edu/MSV000082045/peak/HMP/Samples/Aerobic_TSB_918_RC10_01_22212.mzXML,MSV000082045,True,unvalidated_pairs
5e920f02-2ae7-4d58-a4b9-fc76740958cd.4,ASM24227v1,genome,ftp://massive.ucsd.edu/MSV000082045/peak/HMP/Samples/Aerobic_TSB_479_BC8_01_22890.mzXML,MSV000082045,True,unvalidated_pairs
5e920f02-2ae7-4d58-a4b9-fc76740958cd.4,Pseu_sp_HPB0071_V1,genome,ftp://massive.ucsd.edu/MSV000082045/peak/HMP/Samples/Aerobic_TSB_860_RB11_01_22200.mzXML,MSV000082045,True,unvalidated_pairs
5e920f02-2ae7-4d58-a4b9-fc76740958cd.4,Pseu_sp_HPB0071_V1,genome,ftp://massive.ucsd.edu/MSV000082045/peak/HMP/Samples/Aerobic_BHI_860_RB11_01_22952.mzXML,MSV000082045,True,unvalidated_pairs
5e920f02-2ae7-4d58-a4b9-fc76740958cd.4,ASM46791v2,genome,ftp://massive.ucsd.edu/MSV000082045/peak/HMP/Samples/Aerobic_RCM_1063_RF8_01_22835.mzXML,MSV000082045,True,unvalidated_pairs
5e920f02-2ae7-4d58-a4b9-fc76740958cd.4,ASM46791v2,genome,ftp://massive.ucsd.edu/MSV000082045/peak/HMP/Samples/Aerobic_TSB_1063_BE6_01_22914.mzXML,MSV000082045,True,unvalidated_pairs
5e920f02-2ae7-4d58-a4b9-fc76740958cd.4,ASM46791v2,genome,ftp://massive.ucsd.edu/MSV000082045/peak/HMP/Samples/Aerobic_BHI_1063_BF3_01_22739.mzXML,MSV000082045,True,unvalidated_pairs
5e920f02-2ae7-4d58-a4b9-fc76740958cd.4,ASM46620v2,genome,ftp://massive.ucsd.edu/MSV000082045/peak/HMP/Samples/Aerobic_RCM_1070_RE4_01_22572.mzXML,MSV000082045,True,unvalidated_pairs
5e920f02-2ae7-4d58-a4b9-fc76740958cd.4,ASM46620v2,genome,ftp://massive.ucsd.edu/MSV000082045/peak/HMP/Samples/Aerobic_BHI_1070_RE3_01_22983.mzXML,MSV000082045,True,unvalidated_pairs
5e920f02-2ae7-4d58-a4b9-fc76740958cd.4,ASM29517v2,genome,ftp://massive.ucsd.edu/MSV000082045/peak/HMP/Samples/Anaerobic_RCM_975_RB1_01_22373.mzXML,MSV000082045,True,unvalidated_pairs
5e920f02-2ae7-4d58-a4b9-fc76740958cd.4,ASM29517v2,genome,ftp://massive.ucsd.edu/MSV000082045/peak/HMP/Samples/Anaerobic_TSB_975_RB2_01_25825.mzXML,MSV000082045,True,unvalidated_pairs
5e920f02-2ae7-4d58-a4b9-fc76740958cd.4,ASM29517v2,genome,ftp://massive.ucsd.edu/MSV000082045/peak/HMP/Samples/Anaerobic_BHI975_RA12_01_22613.mzXML,MSV000082045,True,unvalidated_pairs
5e920f02-2ae7-4d58-a4b9-fc76740958cd.4,ASM14723v1,genome,ftp://massive.ucsd.edu/MSV000082045/peak/HMP/Samples/Anaerobic_RCM_463_RB2_01_22374.mzXML,MSV000082045,True,unvalidated_pairs
5e920f02-2ae7-4d58-a4b9-fc76740958cd.4,ASM14723v1,genome,ftp://massive.ucsd.edu/MSV000082045/peak/HMP/Samples/Anaerobic_TSB_463_RB3_01_25826.mzXML,MSV000082045,True,unvalidated_pairs
5e920f02-2ae7-4d58-a4b9-fc76740958cd.4,ASM14723v1,genome,ftp://massive.ucsd.edu/MSV000082045/peak/HMP/Samples/Anaerobic_BHI463_RB1_01_22615.mzXML,MSV000082045,True,unvalidated_pairs
5e920f02-2ae7-4d58-a4b9-fc76740958cd.4,ASM23883v1,genome,ftp://massive.ucsd.edu/MSV000082045/peak/HMP/Samples/Aerobic_RCM_478_RD8_01_22809.mzXML,MSV000082045,True,unvalidated_pairs
5e920f02-2ae7-4d58-a4b9-fc76740958cd.4,ASM16381v1,genome,ftp://massive.ucsd.edu/MSV000082045/peak/HMP/Samples/Aerobic_RCM_335_RF4_01_22585.mzXML,MSV000082045,True,unvalidated_pairs
5e920f02-2ae7-4d58-a4b9-fc76740958cd.4,ASM16381v1,genome,ftp://massive.ucsd.edu/MSV000082045/peak/HMP/Samples/Aerobic_TSB_335_RF10_01_22251.mzXML,MSV000082045,True,unvalidated_pairs
5e920f02-2ae7-4d58-a4b9-fc76740958cd.4,ASM16381v1,genome,ftp://massive.ucsd.edu/MSV000082045/peak/HMP/Samples/Aerobic_BHI_335_RF4_01_22997.mzXML,MSV000082045,True,unvalidated_pairs
5e920f02-2ae7-4d58-a4b9-fc76740958cd.4,ASM16441v1,genome,ftp://massive.ucsd.edu/MSV000082045/peak/HMP/Samples/Aerobic_RCM_343_RF10_01_22591.mzXML,MSV000082045,True,unvalidated_pairs
5e920f02-2ae7-4d58-a4b9-fc76740958cd.4,ASM16441v1,genome,ftp://massive.ucsd.edu/MSV000082045/peak/HMP/Samples/Aerobic_TSB_343_RG4_01_22258.mzXML,MSV000082045,True,unvalidated_pairs
5e920f02-2ae7-4d58-a4b9-fc76740958cd.4,ASM16441v1,genome,ftp://massive.ucsd.edu/MSV000082045/peak/HMP/Samples/Aerobic_BHI_343_RF10_01_23004.mzXML,MSV000082045,True,unvalidated_pairs
5e920f02-2ae7-4d58-a4b9-fc76740958cd.4,ASM18714v1,genome,ftp://massive.ucsd.edu/MSV000082045/peak/HMP/Samples/Aerobic_RCM_466_RE1_01_22815.mzXML,MSV000082045,True,unvalidated_pairs
5e920f02-2ae7-4d58-a4b9-fc76740958cd.4,ASM18714v1,genome,ftp://massive.ucsd.edu/MSV000082045/peak/HMP/Samples/Aerobic_TSB_466_BC12_01_22894.mzXML,MSV000082045,True,unvalidated_pairs
5e920f02-2ae7-4d58-a4b9-fc76740958cd.4,ASM18714v1,genome,ftp://massive.ucsd.edu/MSV000082045/peak/HMP/Samples/Aerobic_BHI_466_BD8_01_22718.mzXML,MSV000082045,True,unvalidated_pairs
5e920f02-2ae7-4d58-a4b9-fc76740958cd.4,ASM18716v1,genome,ftp://massive.ucsd.edu/MSV000082045/peak/HMP/Samples/Aerobic_RCM_467_RE2_01_22816.mzXML,MSV000082045,True,unvalidated_pairs
5e920f02-2ae7-4d58-a4b9-fc76740958cd.4,ASM18716v1,genome,ftp://massive.ucsd.edu/MSV000082045/peak/HMP/Samples/Aerobic_TSB_467_BD1_01_22896.mzXML,MSV000082045,True,unvalidated_pairs
5e920f02-2ae7-4d58-a4b9-fc76740958cd.4,ASM18716v1,genome,ftp://massive.ucsd.edu/MSV000082045/peak/HMP/Samples/Aerobic_BHI_467_BD9_01_22719.mzXML,MSV000082045,True,unvalidated_pairs
5e920f02-2ae7-4d58-a4b9-fc76740958cd.4,Prev_nigr_F0103_V1,genome,ftp://massive.ucsd.edu/MSV000082045/peak/HMP/Samples/Anaerobic_RCM_271_RB3_01_22286.mzXML,MSV000082045,True,unvalidated_pairs
5e920f02-2ae7-4d58-a4b9-fc76740958cd.4,Prev_nigr_F0103_V1,genome,ftp://massive.ucsd.edu/MSV000082045/peak/HMP/Samples/Anaerobic_TSB_271_RD8_01_24970.mzXML,MSV000082045,True,unvalidated_pairs
5e920f02-2ae7-4d58-a4b9-fc76740958cd.4,Kleb_oxyt_10-5242_V1,genome,ftp://massive.ucsd.edu/MSV000082045/peak/HMP/Samples/Aerobic_RCM_623_RB3_01_22778.mzXML,MSV000082045,True,unvalidated_pairs
5e920f02-2ae7-4d58-a4b9-fc76740958cd.4,Kleb_oxyt_10-5242_V1,genome,ftp://massive.ucsd.edu/MSV000082045/peak/HMP/Samples/Aerobic_TSB_623_BB1_01_22870.mzXML,MSV000082045,True,unvalidated_pairs
5e920f02-2ae7-4d58-a4b9-fc76740958cd.4,Kleb_oxyt_10-5242_V1,genome,ftp://massive.ucsd.edu/MSV000082045/peak/HMP/Samples/Aerobic_BHI_623_BB1_01_22685.mzXML,MSV000082045,True,unvalidated_pairs
5e920f02-2ae7-4d58-a4b9-fc76740958cd.4,Kleb_oxyt_10-5243_V1,genome,ftp://massive.ucsd.edu/MSV000082045/peak/HMP/Samples/Aerobic_RCM_624_RB4_01_22779.mzXML,MSV000082045,True,unvalidated_pairs
5e920f02-2ae7-4d58-a4b9-fc76740958cd.4,Kleb_oxyt_10-5243_V1,genome,ftp://massive.ucsd.edu/MSV000082045/peak/HMP/Samples/Aerobic_TSB_624_BB2_01_22871.mzXML,MSV000082045,True,unvalidated_pairs
5e920f02-2ae7-4d58-a4b9-fc76740958cd.4,Kleb_oxyt_10-5243_V1,genome,ftp://massive.ucsd.edu/MSV000082045/peak/HMP/Samples/Aerobic_BHI_624_BB2_01_22686.mzXML,MSV000082045,True,unvalidated_pairs
5e920f02-2ae7-4d58-a4b9-fc76740958cd.4,Kleb_oxyt_10-5246_V1,genome,ftp://massive.ucsd.edu/MSV000082045/peak/HMP/Samples/Aerobic_RCM_627_RB7_01_22782.mzXML,MSV000082045,True,unvalidated_pairs
5e920f02-2ae7-4d58-a4b9-fc76740958cd.4,Kleb_oxyt_10-5246_V1,genome,ftp://massive.ucsd.edu/MSV000082045/peak/HMP/Samples/Aerobic_TSB_627_BB5_01_22874.mzXML,MSV000082045,True,unvalidated_pairs
5e920f02-2ae7-4d58-a4b9-fc76740958cd.4,Kleb_oxyt_10-5246_V1,genome,ftp://massive.ucsd.edu/MSV000082045/peak/HMP/Samples/Aerobic_BHI_627_BB5_01_22689.mzXML,MSV000082045,True,unvalidated_pairs
5e920f02-2ae7-4d58-a4b9-fc76740958cd.4,Kleb_oxyt_10-5249_V1,genome,ftp://massive.ucsd.edu/MSV000082045/peak/HMP/Samples/Aerobic_RCM_629_RB9_01_22784.mzXML,MSV000082045,True,unvalidated_pairs
5e920f02-2ae7-4d58-a4b9-fc76740958cd.4,Kleb_oxyt_10-5249_V1,genome,ftp://massive.ucsd.edu/MSV000082045/peak/HMP/Samples/Aerobic_TSB_629_BB7_01_22876.mzXML,MSV000082045,True,unvalidated_pairs
5e920f02-2ae7-4d58-a4b9-fc76740958cd.4,Kleb_oxyt_10-5249_V1,genome,ftp://massive.ucsd.edu/MSV000082045/peak/HMP/Samples/Aerobic_BHI_629_BB7_01_22691.mzXML,MSV000082045,True,unvalidated_pairs
5e920f02-2ae7-4d58-a4b9-fc76740958cd.4,Cory_sp_HFH0082_V1,genome,ftp://massive.ucsd.edu/MSV000082045/peak/HMP/Samples/Aerobic_RCM_784_RA6_01_22522.mzXML,MSV000082045,True,unvalidated_pairs
5e920f02-2ae7-4d58-a4b9-fc76740958cd.4,Cory_sp_HFH0082_V1,genome,ftp://massive.ucsd.edu/MSV000082045/peak/HMP/Samples/Aerobic_TSB_784_RA6_01_22182.mzXML,MSV000082045,True,unvalidated_pairs
5e920f02-2ae7-4d58-a4b9-fc76740958cd.4,Cory_sp_HFH0082_V1,genome,ftp://massive.ucsd.edu/MSV000082045/peak/HMP/Samples/Aerobic_BHI_784_RA7_01_22935.mzXML,MSV000082045,True,unvalidated_pairs
5e920f02-2ae7-4d58-a4b9-fc76740958cd.4,Paen_sp_HGH0030_V1,genome,ftp://massive.ucsd.edu/MSV000082045/peak/HMP/Samples/Aerobic_BHI_788_RB5_01_22946.mzXML,MSV000082045,True,unvalidated_pairs
5e920f02-2ae7-4d58-a4b9-fc76740958cd.4,Micr_sp_oral_taxon_186_F0373_V1,genome,ftp://massive.ucsd.edu/MSV000082045/peak/HMP/Samples/Aerobic_RCM_841_RA11_01_22527.mzXML,MSV000082045,True,unvalidated_pairs
5e920f02-2ae7-4d58-a4b9-fc76740958cd.4,Micr_sp_oral_taxon_186_F0373_V1,genome,ftp://massive.ucsd.edu/MSV000082045/peak/HMP/Samples/Aerobic_TSB_841_RA12_01_22188.mzXML,MSV000082045,True,unvalidated_pairs
5e920f02-2ae7-4d58-a4b9-fc76740958cd.4,Micr_sp_oral_taxon_186_F0373_V1,genome,ftp://massive.ucsd.edu/MSV000082045/peak/HMP/Samples/Aerobic_BHI_841_RA11_01_22939.mzXML,MSV000082045,True,unvalidated_pairs
5e920f02-2ae7-4d58-a4b9-fc76740958cd.4,Prev_oral_HGA0225_V1,genome,ftp://massive.ucsd.edu/MSV000082045/peak/HMP/Samples/Anaerobic_RCM_849_RB4_01_22287.mzXML,MSV000082045,True,unvalidated_pairs
5e920f02-2ae7-4d58-a4b9-fc76740958cd.4,Bact_ster_CC31F_V1,genome,ftp://massive.ucsd.edu/MSV000082045/peak/HMP/Samples/Anaerobic_RCM_1036_RD7_01_22145.mzXML,MSV000082045,True,unvalidated_pairs
5e920f02-2ae7-4d58-a4b9-fc76740958cd.4,Bact_ster_CC31F_V1,genome,ftp://massive.ucsd.edu/MSV000082045/peak/HMP/Samples/Anaerobic_TSB_1036_RD10_01_22486.mzXML,MSV000082045,True,unvalidated_pairs
5e920f02-2ae7-4d58-a4b9-fc76740958cd.4,Bact_ster_CC31F_V1,genome,ftp://massive.ucsd.edu/MSV000082045/peak/HMP/Samples/Anaerobic_BHI_1036_BD8_01_23061.mzXML,MSV000082045,True,unvalidated_pairs
5e920f02-2ae7-4d58-a4b9-fc76740958cd.4,Stre_para_CC87K_V1,genome,ftp://massive.ucsd.edu/MSV000082045/peak/HMP/Samples/Aerobic_RCM_1060_RF1_01_22828.mzXML,MSV000082045,True,unvalidated_pairs
5e920f02-2ae7-4d58-a4b9-fc76740958cd.4,Stre_para_CC87K_V1,genome,ftp://massive.ucsd.edu/MSV000082045/peak/HMP/Samples/Aerobic_TSB_1060_BD11_01_22906.mzXML,MSV000082045,True,unvalidated_pairs
5e920f02-2ae7-4d58-a4b9-fc76740958cd.4,Stre_para_CC87K_V1,genome,ftp://massive.ucsd.edu/MSV000082045/peak/HMP/Samples/Aerobic_BHI_1060_BE8_01_22731.mzXML,MSV000082045,True,unvalidated_pairs
5e920f02-2ae7-4d58-a4b9-fc76740958cd.4,Stre_sang_CC94A_V1,genome,ftp://massive.ucsd.edu/MSV000082045/peak/HMP/Samples/Aerobic_RCM_1061_RF6_01_22833.mzXML,MSV000082045,True,unvalidated_pairs
5e920f02-2ae7-4d58-a4b9-fc76740958cd.4,Stre_sang_CC94A_V1,genome,ftp://massive.ucsd.edu/MSV000082045/peak/HMP/Samples/Aerobic_TSB_1061_BE4_01_22912.mzXML,MSV000082045,True,unvalidated_pairs
5e920f02-2ae7-4d58-a4b9-fc76740958cd.4,Stre_sang_CC94A_V1,genome,ftp://massive.ucsd.edu/MSV000082045/peak/HMP/Samples/Aerobic_BHI_1061_BF1_01_22737.mzXML,MSV000082045,True,unvalidated_pairs
5e920f02-2ae7-4d58-a4b9-fc76740958cd.4,Kleb_oxyt_09-7231_V1,genome,ftp://massive.ucsd.edu/MSV000082045/peak/HMP/Samples/Aerobic_RCM_622_RB2_01_22777.mzXML,MSV000082045,True,unvalidated_pairs
5e920f02-2ae7-4d58-a4b9-fc76740958cd.4,Kleb_oxyt_09-7231_V1,genome,ftp://massive.ucsd.edu/MSV000082045/peak/HMP/Samples/Aerobic_TSB_622_BA12_01_22868.mzXML,MSV000082045,True,unvalidated_pairs
5e920f02-2ae7-4d58-a4b9-fc76740958cd.4,Kleb_oxyt_09-7231_V1,genome,ftp://massive.ucsd.edu/MSV000082045/peak/HMP/Samples/Aerobic_BHI_622_BA12_01_22683.mzXML,MSV000082045,True,unvalidated_pairs
5e920f02-2ae7-4d58-a4b9-fc76740958cd.4,ASM18398v1,genome,ftp://massive.ucsd.edu/MSV000082045/peak/HMP/Samples/Aerobic_RCM_15_RE12_01_22580.mzXML,MSV000082045,True,unvalidated_pairs
5e920f02-2ae7-4d58-a4b9-fc76740958cd.4,ASM18398v1,genome,ftp://massive.ucsd.edu/MSV000082045/peak/HMP/Samples/Aerobic_BHI_15_RE12_01_22992.mzXML,MSV000082045,True,unvalidated_pairs
5e920f02-2ae7-4d58-a4b9-fc76740958cd.4,ASM14683v1,genome,ftp://massive.ucsd.edu/MSV000082045/peak/HMP/Samples/Aerobic_RCM_296_RD4_01_22559.mzXML,MSV000082045,True,unvalidated_pairs
5e920f02-2ae7-4d58-a4b9-fc76740958cd.4,ASM14683v1,genome,ftp://massive.ucsd.edu/MSV000082045/peak/HMP/Samples/Aerobic_TSB_296_RD6_01_22221.mzXML,MSV000082045,True,unvalidated_pairs
5e920f02-2ae7-4d58-a4b9-fc76740958cd.4,ASM18534v1,genome,ftp://massive.ucsd.edu/MSV000082045/peak/HMP/Samples/Aerobic_TSB_297_RD7_01_22222.mzXML,MSV000082045,True,unvalidated_pairs
5e920f02-2ae7-4d58-a4b9-fc76740958cd.4,ASM24507v1,genome,ftp://massive.ucsd.edu/MSV000082045/peak/HMP/Samples/Aerobic_RCM__648_RA1_01_22517.mzXML,MSV000082045,True,unvalidated_pairs
5e920f02-2ae7-4d58-a4b9-fc76740958cd.4,ASM24507v1,genome,ftp://massive.ucsd.edu/MSV000082045/peak/HMP/Samples/Aerobic_TSB__648_RA1_01_22174.mzXML,MSV000082045,True,unvalidated_pairs
5e920f02-2ae7-4d58-a4b9-fc76740958cd.4,ASM24507v1,genome,ftp://massive.ucsd.edu/MSV000082045/peak/HMP/Samples/Aerobic_BHI_648_RA1_01_22929.mzXML,MSV000082045,True,unvalidated_pairs
5e920f02-2ae7-4d58-a4b9-fc76740958cd.4,ASM29400v2,genome,ftp://massive.ucsd.edu/MSV000082045/peak/HMP/Samples/Anaerobic_RCM_934_RA7_01_22366.mzXML,MSV000082045,True,unvalidated_pairs
5e920f02-2ae7-4d58-a4b9-fc76740958cd.4,ASM29400v2,genome,ftp://massive.ucsd.edu/MSV000082045/peak/HMP/Samples/Anaerobic_TSB_934_RA8_01_25818.mzXML,MSV000082045,True,unvalidated_pairs
5e920f02-2ae7-4d58-a4b9-fc76740958cd.4,ASM29400v2,genome,ftp://massive.ucsd.edu/MSV000082045/peak/HMP/Samples/Anaerobic_BHI934_RA6_01_22607.mzXML,MSV000082045,True,unvalidated_pairs
5e920f02-2ae7-4d58-a4b9-fc76740958cd.4,ASM29505v2,genome,ftp://massive.ucsd.edu/MSV000082045/peak/HMP/Samples/Anaerobic_RCM_952_RA8_01_22367.mzXML,MSV000082045,True,unvalidated_pairs
5e920f02-2ae7-4d58-a4b9-fc76740958cd.4,ASM29505v2,genome,ftp://massive.ucsd.edu/MSV000082045/peak/HMP/Samples/Anaerobic_TSB_952_RA9_01_25819.mzXML,MSV000082045,True,unvalidated_pairs
5e920f02-2ae7-4d58-a4b9-fc76740958cd.4,ASM29505v2,genome,ftp://massive.ucsd.edu/MSV000082045/peak/HMP/Samples/Anaerobic_BHI952_RA7_01_22608.mzXML,MSV000082045,True,unvalidated_pairs
5e920f02-2ae7-4d58-a4b9-fc76740958cd.4,ASM29557v2,genome,ftp://massive.ucsd.edu/MSV000082045/peak/HMP/Samples/Anaerobic_RCM_959_RA9_01_22368.mzXML,MSV000082045,True,unvalidated_pairs
5e920f02-2ae7-4d58-a4b9-fc76740958cd.4,ASM29557v2,genome,ftp://massive.ucsd.edu/MSV000082045/peak/HMP/Samples/Anaerobic_TSB_959_RA10_01_25820.mzXML,MSV000082045,True,unvalidated_pairs
5e920f02-2ae7-4d58-a4b9-fc76740958cd.4,ASM29557v2,genome,ftp://massive.ucsd.edu/MSV000082045/peak/HMP/Samples/Anaerobic_BHI959_RA8_01_22609.mzXML,MSV000082045,True,unvalidated_pairs
5e920f02-2ae7-4d58-a4b9-fc76740958cd.4,ASM29541v2,genome,ftp://massive.ucsd.edu/MSV000082045/peak/HMP/Samples/Anaerobic_RCM_965_RA10_01_22369.mzXML,MSV000082045,True,unvalidated_pairs
5e920f02-2ae7-4d58-a4b9-fc76740958cd.4,ASM29541v2,genome,ftp://massive.ucsd.edu/MSV000082045/peak/HMP/Samples/Anaerobic_TSB_965_RA11_01_25821.mzXML,MSV000082045,True,unvalidated_pairs
5e920f02-2ae7-4d58-a4b9-fc76740958cd.4,ASM29541v2,genome,ftp://massive.ucsd.edu/MSV000082045/peak/HMP/Samples/Anaerobic_BHI965_RA9_01_22610.mzXML,MSV000082045,True,unvalidated_pairs
5e920f02-2ae7-4d58-a4b9-fc76740958cd.4,ASM29535v2,genome,ftp://massive.ucsd.edu/MSV000082045/peak/HMP/Samples/Anaerobic_RCM_968_RA11_01_22370.mzXML,MSV000082045,True,unvalidated_pairs
5e920f02-2ae7-4d58-a4b9-fc76740958cd.4,ASM29535v2,genome,ftp://massive.ucsd.edu/MSV000082045/peak/HMP/Samples/Anaerobic_TSB_968_RA12_01_25822.mzXML,MSV000082045,True,unvalidated_pairs
5e920f02-2ae7-4d58-a4b9-fc76740958cd.4,ASM29535v2,genome,ftp://massive.ucsd.edu/MSV000082045/peak/HMP/Samples/Anaerobic_BHI968_RA10_01_22611.mzXML,MSV000082045,True,unvalidated_pairs
5e920f02-2ae7-4d58-a4b9-fc76740958cd.4,ASM29523v2,genome,ftp://massive.ucsd.edu/MSV000082045/peak/HMP/Samples/Anaerobic_RCM_970_RA12_01_22371.mzXML,MSV000082045,True,unvalidated_pairs
5e920f02-2ae7-4d58-a4b9-fc76740958cd.4,ASM29523v2,genome,ftp://massive.ucsd.edu/MSV000082045/peak/HMP/Samples/Anaerobic_TSB_970_RB1_01_25824.mzXML,MSV000082045,True,unvalidated_pairs
5e920f02-2ae7-4d58-a4b9-fc76740958cd.4,ASM29523v2,genome,ftp://massive.ucsd.edu/MSV000082045/peak/HMP/Samples/Anaerobic_BHI970_RA11_01_22612.mzXML,MSV000082045,True,unvalidated_pairs
5e920f02-2ae7-4d58-a4b9-fc76740958cd.4,ASM46785v2,genome,ftp://massive.ucsd.edu/MSV000082045/peak/HMP/Samples/Anaerobic_RCM_1064_RA5_01_22275.mzXML,MSV000082045,True,unvalidated_pairs
5e920f02-2ae7-4d58-a4b9-fc76740958cd.4,ASM46785v2,genome,ftp://massive.ucsd.edu/MSV000082045/peak/HMP/Samples/Anaerobic_TSB_1064_RD4_01_24966.mzXML,MSV000082045,True,unvalidated_pairs
5e920f02-2ae7-4d58-a4b9-fc76740958cd.4,ASM46785v2,genome,ftp://massive.ucsd.edu/MSV000082045/peak/HMP/Samples/Anaerobic_BHI_1064_RA3_01_24944.mzXML,MSV000082045,True,unvalidated_pairs
5e920f02-2ae7-4d58-a4b9-fc76740958cd.4,ASM16461v1,genome,ftp://massive.ucsd.edu/MSV000082045/peak/HMP/Samples/Aerobic_RCM_342_RA6_01_22768.mzXML,MSV000082045,True,unvalidated_pairs
5e920f02-2ae7-4d58-a4b9-fc76740958cd.4,ASM16461v1,genome,ftp://massive.ucsd.edu/MSV000082045/peak/HMP/Samples/Aerobic_TSB_342_BA6_01_22862.mzXML,MSV000082045,True,unvalidated_pairs
5e920f02-2ae7-4d58-a4b9-fc76740958cd.4,ASM16461v1,genome,ftp://massive.ucsd.edu/MSV000082045/peak/HMP/Samples/Aerobic_BHI_342_BA6_01_22677.mzXML,MSV000082045,True,unvalidated_pairs
5e920f02-2ae7-4d58-a4b9-fc76740958cd.4,ASM16423v1,genome,ftp://massive.ucsd.edu/MSV000082045/peak/HMP/Samples/Aerobic_RCM_344_RF11_01_22592.mzXML,MSV000082045,True,unvalidated_pairs
5e920f02-2ae7-4d58-a4b9-fc76740958cd.4,ASM16423v1,genome,ftp://massive.ucsd.edu/MSV000082045/peak/HMP/Samples/Aerobic_TSB_344_RG5_01_22259.mzXML,MSV000082045,True,unvalidated_pairs
5e920f02-2ae7-4d58-a4b9-fc76740958cd.4,ASM16423v1,genome,ftp://massive.ucsd.edu/MSV000082045/peak/HMP/Samples/Aerobic_BHI_344_RF11_01_23005.mzXML,MSV000082045,True,unvalidated_pairs
5e920f02-2ae7-4d58-a4b9-fc76740958cd.4,ASM16449v1,genome,ftp://massive.ucsd.edu/MSV000082045/peak/HMP/Samples/Aerobic_RCM__345_RA1_01_22763.mzXML,MSV000082045,True,unvalidated_pairs
5e920f02-2ae7-4d58-a4b9-fc76740958cd.4,ASM16449v1,genome,ftp://massive.ucsd.edu/MSV000082045/peak/HMP/Samples/Aerobic_TSB__345_BA1_01_22857.mzXML,MSV000082045,True,unvalidated_pairs
5e920f02-2ae7-4d58-a4b9-fc76740958cd.4,ASM16449v1,genome,ftp://massive.ucsd.edu/MSV000082045/peak/HMP/Samples/Aerobic_BHI_345_BA1_01_22672.mzXML,MSV000082045,True,unvalidated_pairs
5e920f02-2ae7-4d58-a4b9-fc76740958cd.4,ASM16435v1,genome,ftp://massive.ucsd.edu/MSV000082045/peak/HMP/Samples/Aerobic_RCM_346_RA5_01_22767.mzXML,MSV000082045,True,unvalidated_pairs
5e920f02-2ae7-4d58-a4b9-fc76740958cd.4,ASM16435v1,genome,ftp://massive.ucsd.edu/MSV000082045/peak/HMP/Samples/Aerobic_TSB_346_BA5_01_22861.mzXML,MSV000082045,True,unvalidated_pairs
5e920f02-2ae7-4d58-a4b9-fc76740958cd.4,ASM16435v1,genome,ftp://massive.ucsd.edu/MSV000082045/peak/HMP/Samples/Aerobic_BHI_346_BA5_01_22676.mzXML,MSV000082045,True,unvalidated_pairs
5e920f02-2ae7-4d58-a4b9-fc76740958cd.4,ASM16431v1,genome,ftp://massive.ucsd.edu/MSV000082045/peak/HMP/Samples/Aerobic_RCM_347_RA7_01_22769.mzXML,MSV000082045,True,unvalidated_pairs
5e920f02-2ae7-4d58-a4b9-fc76740958cd.4,ASM16431v1,genome,ftp://massive.ucsd.edu/MSV000082045/peak/HMP/Samples/Aerobic_TSB_347_BA7_01_22863.mzXML,MSV000082045,True,unvalidated_pairs
5e920f02-2ae7-4d58-a4b9-fc76740958cd.4,ASM16431v1,genome,ftp://massive.ucsd.edu/MSV000082045/peak/HMP/Samples/Aerobic_BHI_347_BA7_01_22678.mzXML,MSV000082045,True,unvalidated_pairs
5e920f02-2ae7-4d58-a4b9-fc76740958cd.4,ASM16453v1,genome,ftp://massive.ucsd.edu/MSV000082045/peak/HMP/Samples/Aerobic_RCM_356_RA4_01_22766.mzXML,MSV000082045,True,unvalidated_pairs
5e920f02-2ae7-4d58-a4b9-fc76740958cd.4,ASM16453v1,genome,ftp://massive.ucsd.edu/MSV000082045/peak/HMP/Samples/Aerobic_TSB_356_BA4_01_22860.mzXML,MSV000082045,True,unvalidated_pairs
5e920f02-2ae7-4d58-a4b9-fc76740958cd.4,ASM16453v1,genome,ftp://massive.ucsd.edu/MSV000082045/peak/HMP/Samples/Aerobic_BHI_356_BA4_01_22675.mzXML,MSV000082045,True,unvalidated_pairs
5e920f02-2ae7-4d58-a4b9-fc76740958cd.4,ASM16455v1,genome,ftp://massive.ucsd.edu/MSV000082045/peak/HMP/Samples/Aerobic_RCM_365_RA2_01_22764.mzXML,MSV000082045,True,unvalidated_pairs
5e920f02-2ae7-4d58-a4b9-fc76740958cd.4,ASM16455v1,genome,ftp://massive.ucsd.edu/MSV000082045/peak/HMP/Samples/Aerobic_TSB_365_BA2_01_22858.mzXML,MSV000082045,True,unvalidated_pairs
5e920f02-2ae7-4d58-a4b9-fc76740958cd.4,ASM16455v1,genome,ftp://massive.ucsd.edu/MSV000082045/peak/HMP/Samples/Aerobic_BHI_365_BA2_01_22673.mzXML,MSV000082045,True,unvalidated_pairs
5e920f02-2ae7-4d58-a4b9-fc76740958cd.4,ASM16419v1,genome,ftp://massive.ucsd.edu/MSV000082045/peak/HMP/Samples/Aerobic_RCM_366_RA3_01_22765.mzXML,MSV000082045,True,unvalidated_pairs
5e920f02-2ae7-4d58-a4b9-fc76740958cd.4,ASM16419v1,genome,ftp://massive.ucsd.edu/MSV000082045/peak/HMP/Samples/Aerobic_TSB_366_BA3_01_22859.mzXML,MSV000082045,True,unvalidated_pairs
5e920f02-2ae7-4d58-a4b9-fc76740958cd.4,ASM16419v1,genome,ftp://massive.ucsd.edu/MSV000082045/peak/HMP/Samples/Aerobic_BHI_366_BA3_01_22674.mzXML,MSV000082045,True,unvalidated_pairs
5e920f02-2ae7-4d58-a4b9-fc76740958cd.4,ASM16379v1,genome,ftp://massive.ucsd.edu/MSV000082045/peak/HMP/Samples/Aerobic_RCM_334_RF5_01_22586.mzXML,MSV000082045,True,unvalidated_pairs
5e920f02-2ae7-4d58-a4b9-fc76740958cd.4,ASM16379v1,genome,ftp://massive.ucsd.edu/MSV000082045/peak/HMP/Samples/Aerobic_TSB_334_RF11_01_22252.mzXML,MSV000082045,True,unvalidated_pairs
5e920f02-2ae7-4d58-a4b9-fc76740958cd.4,ASM16379v1,genome,ftp://massive.ucsd.edu/MSV000082045/peak/HMP/Samples/Aerobic_BHI_334_RF5_01_22998.mzXML,MSV000082045,True,unvalidated_pairs
5e920f02-2ae7-4d58-a4b9-fc76740958cd.4,ASM23935v1,genome,ftp://massive.ucsd.edu/MSV000082045/peak/HMP/Samples/Aerobic_RCM_477_RA4_01_22520.mzXML,MSV000082045,True,unvalidated_pairs
5e920f02-2ae7-4d58-a4b9-fc76740958cd.4,ASM23935v1,genome,ftp://massive.ucsd.edu/MSV000082045/peak/HMP/Samples/Aerobic_BHI_477_RA5_01_22933.mzXML,MSV000082045,True,unvalidated_pairs
5e920f02-2ae7-4d58-a4b9-fc76740958cd.4,ASM29438v2,genome,ftp://massive.ucsd.edu/MSV000082045/peak/HMP/Samples/Aerobic_RCM_991_RD12_01_22813.mzXML,MSV000082045,True,unvalidated_pairs
5e920f02-2ae7-4d58-a4b9-fc76740958cd.4,ASM29438v2,genome,ftp://massive.ucsd.edu/MSV000082045/peak/HMP/Samples/Aerobic_TSB_991_BC11_01_22893.mzXML,MSV000082045,True,unvalidated_pairs
5e920f02-2ae7-4d58-a4b9-fc76740958cd.4,ASM29438v2,genome,ftp://massive.ucsd.edu/MSV000082045/peak/HMP/Samples/Aerobic_BHI_991_BD7_01_22717.mzXML,MSV000082045,True,unvalidated_pairs
5e920f02-2ae7-4d58-a4b9-fc76740958cd.4,ASM41470v1,genome,ftp://massive.ucsd.edu/MSV000082045/peak/HMP/Samples/Anaerobic_RCM_1105_RC1_01_22386.mzXML,MSV000082045,True,unvalidated_pairs
5e920f02-2ae7-4d58-a4b9-fc76740958cd.4,ASM41470v1,genome,ftp://massive.ucsd.edu/MSV000082045/peak/HMP/Samples/Anaerobic_BHI1105_RC6_01_22633.mzXML,MSV000082045,True,unvalidated_pairs
5e920f02-2ae7-4d58-a4b9-fc76740958cd.4,ASM41468v1,genome,ftp://massive.ucsd.edu/MSV000082045/peak/HMP/Samples/Anaerobic_RCM_1106_RC2_01_22387.mzXML,MSV000082045,True,unvalidated_pairs
5e920f02-2ae7-4d58-a4b9-fc76740958cd.4,ASM41468v1,genome,ftp://massive.ucsd.edu/MSV000082045/peak/HMP/Samples/Anaerobic_TSB_1106_RC2_01_25838.mzXML,MSV000082045,True,unvalidated_pairs
5e920f02-2ae7-4d58-a4b9-fc76740958cd.4,ASM41468v1,genome,ftp://massive.ucsd.edu/MSV000082045/peak/HMP/Samples/Anaerobic_BHI1106_RC7_01_22634.mzXML,MSV000082045,True,unvalidated_pairs
5e920f02-2ae7-4d58-a4b9-fc76740958cd.4,ASM41466v1,genome,ftp://massive.ucsd.edu/MSV000082045/peak/HMP/Samples/Anaerobic_RCM_1107_RC3_01_22388.mzXML,MSV000082045,True,unvalidated_pairs
5e920f02-2ae7-4d58-a4b9-fc76740958cd.4,ASM41466v1,genome,ftp://massive.ucsd.edu/MSV000082045/peak/HMP/Samples/Anaerobic_TSB_1107_RC3_01_25839.mzXML,MSV000082045,True,unvalidated_pairs
5e920f02-2ae7-4d58-a4b9-fc76740958cd.4,ASM41460v1,genome,ftp://massive.ucsd.edu/MSV000082045/peak/HMP/Samples/Anaerobic_RCM_1110_RC5_01_22390.mzXML,MSV000082045,True,unvalidated_pairs
5e920f02-2ae7-4d58-a4b9-fc76740958cd.4,ASM41460v1,genome,ftp://massive.ucsd.edu/MSV000082045/peak/HMP/Samples/Anaerobic_TSB_1110_RC5_01_25841.mzXML,MSV000082045,True,unvalidated_pairs
5e920f02-2ae7-4d58-a4b9-fc76740958cd.4,ASM41460v1,genome,ftp://massive.ucsd.edu/MSV000082045/peak/HMP/Samples/Anaerobic_BHI1110_RC9_01_22636.mzXML,MSV000082045,True,unvalidated_pairs
5e920f02-2ae7-4d58-a4b9-fc76740958cd.4,ASM41458v1,genome,ftp://massive.ucsd.edu/MSV000082045/peak/HMP/Samples/Anaerobic_RCM_1111_RC6_01_22391.mzXML,MSV000082045,True,unvalidated_pairs
5e920f02-2ae7-4d58-a4b9-fc76740958cd.4,ASM41458v1,genome,ftp://massive.ucsd.edu/MSV000082045/peak/HMP/Samples/Anaerobic_BHI1111_RC10_01_22637.mzXML,MSV000082045,True,unvalidated_pairs
5e920f02-2ae7-4d58-a4b9-fc76740958cd.4,ASM41456v1,genome,ftp://massive.ucsd.edu/MSV000082045/peak/HMP/Samples/Anaerobic_RCM_1112_RC7_01_22392.mzXML,MSV000082045,True,unvalidated_pairs
5e920f02-2ae7-4d58-a4b9-fc76740958cd.4,ASM41456v1,genome,ftp://massive.ucsd.edu/MSV000082045/peak/HMP/Samples/Anaerobic_BHI1112_RC11_01_22638.mzXML,MSV000082045,True,unvalidated_pairs
5e920f02-2ae7-4d58-a4b9-fc76740958cd.4,ASM41454v1,genome,ftp://massive.ucsd.edu/MSV000082045/peak/HMP/Samples/Anaerobic_RCM_1113_RC8_01_22393.mzXML,MSV000082045,True,unvalidated_pairs
5e920f02-2ae7-4d58-a4b9-fc76740958cd.4,ASM41452v1,genome,ftp://massive.ucsd.edu/MSV000082045/peak/HMP/Samples/Anaerobic_RCM_1114_RB3_01_22375.mzXML,MSV000082045,True,unvalidated_pairs
5e920f02-2ae7-4d58-a4b9-fc76740958cd.4,ASM41452v1,genome,ftp://massive.ucsd.edu/MSV000082045/peak/HMP/Samples/Anaerobic_BHI1114_RB2_01_22616.mzXML,MSV000082045,True,unvalidated_pairs
5e920f02-2ae7-4d58-a4b9-fc76740958cd.4,ASM41450v1,genome,ftp://massive.ucsd.edu/MSV000082045/peak/HMP/Samples/Anaerobic_RCM_1115_RC10_01_22395.mzXML,MSV000082045,True,unvalidated_pairs
5e920f02-2ae7-4d58-a4b9-fc76740958cd.4,ASM41450v1,genome,ftp://massive.ucsd.edu/MSV000082045/peak/HMP/Samples/Anaerobic_TSB_1115_RC6_01_25842.mzXML,MSV000082045,True,unvalidated_pairs
5e920f02-2ae7-4d58-a4b9-fc76740958cd.4,ASM41450v1,genome,ftp://massive.ucsd.edu/MSV000082045/peak/HMP/Samples/Anaerobic_BHI1115_RC12_01_22639.mzXML,MSV000082045,True,unvalidated_pairs
5e920f02-2ae7-4d58-a4b9-fc76740958cd.4,ASM41448v1,genome,ftp://massive.ucsd.edu/MSV000082045/peak/HMP/Samples/Anaerobic_RCM_1116_RC11_01_22396.mzXML,MSV000082045,True,unvalidated_pairs
5e920f02-2ae7-4d58-a4b9-fc76740958cd.4,ASM41448v1,genome,ftp://massive.ucsd.edu/MSV000082045/peak/HMP/Samples/Anaerobic_BHI1116_RD1_01_22641.mzXML,MSV000082045,True,unvalidated_pairs
5e920f02-2ae7-4d58-a4b9-fc76740958cd.4,ASM41442v1,genome,ftp://massive.ucsd.edu/MSV000082045/peak/HMP/Samples/Anaerobic_RCM_1119_RC12_01_22397.mzXML,MSV000082045,True,unvalidated_pairs
5e920f02-2ae7-4d58-a4b9-fc76740958cd.4,ASM41442v1,genome,ftp://massive.ucsd.edu/MSV000082045/peak/HMP/Samples/Anaerobic_TSB_1119_RC7_01_25843.mzXML,MSV000082045,True,unvalidated_pairs
5e920f02-2ae7-4d58-a4b9-fc76740958cd.4,ASM41442v1,genome,ftp://massive.ucsd.edu/MSV000082045/peak/HMP/Samples/Anaerobic_BHI1119_RD2_01_22642.mzXML,MSV000082045,True,unvalidated_pairs
5e920f02-2ae7-4d58-a4b9-fc76740958cd.4,ASM46658v1,genome,ftp://massive.ucsd.edu/MSV000082045/peak/HMP/Samples/Anaerobic_RCM_1139_RE11_01_22162.mzXML,MSV000082045,True,unvalidated_pairs
5e920f02-2ae7-4d58-a4b9-fc76740958cd.4,ASM46658v1,genome,ftp://massive.ucsd.edu/MSV000082045/peak/HMP/Samples/Anaerobic_BHI_1139_BE11_01_23077.mzXML,MSV000082045,True,unvalidated_pairs
5e920f02-2ae7-4d58-a4b9-fc76740958cd.4,ASM16349v1,genome,ftp://massive.ucsd.edu/MSV000082045/peak/HMP/Samples/Anaerobic_RCM_16_RB7_01_22290.mzXML,MSV000082045,True,unvalidated_pairs
5e920f02-2ae7-4d58-a4b9-fc76740958cd.4,SspAC15v1,genome,ftp://massive.ucsd.edu/MSV000082045/peak/HMP/Samples/Aerobic_RCM_883_RF9_01_22836.mzXML,MSV000082045,True,unvalidated_pairs
5e920f02-2ae7-4d58-a4b9-fc76740958cd.4,SspAC15v1,genome,ftp://massive.ucsd.edu/MSV000082045/peak/HMP/Samples/Aerobic_TSB_883_BE7_01_22915.mzXML,MSV000082045,True,unvalidated_pairs
5e920f02-2ae7-4d58-a4b9-fc76740958cd.4,SspAC15v1,genome,ftp://massive.ucsd.edu/MSV000082045/peak/HMP/Samples/Aerobic_BHI_883_BF4_01_22740.mzXML,MSV000082045,True,unvalidated_pairs
5e920f02-2ae7-4d58-a4b9-fc76740958cd.4,SspACC21v1,genome,ftp://massive.ucsd.edu/MSV000082045/peak/HMP/Samples/Aerobic_RCM_884_RF10_01_22837.mzXML,MSV000082045,True,unvalidated_pairs
5e920f02-2ae7-4d58-a4b9-fc76740958cd.4,SspACC21v1,genome,ftp://massive.ucsd.edu/MSV000082045/peak/HMP/Samples/Aerobic_TSB_884_BE8_01_22916.mzXML,MSV000082045,True,unvalidated_pairs
5e920f02-2ae7-4d58-a4b9-fc76740958cd.4,SspACC21v1,genome,ftp://massive.ucsd.edu/MSV000082045/peak/HMP/Samples/Aerobic_BHI_884_BF5_01_22741.mzXML,MSV000082045,True,unvalidated_pairs
5e920f02-2ae7-4d58-a4b9-fc76740958cd.4,SspCM7v1,genome,ftp://massive.ucsd.edu/MSV000082045/peak/HMP/Samples/Aerobic_RCM_885_RG5_01_22845.mzXML,MSV000082045,True,unvalidated_pairs
5e920f02-2ae7-4d58-a4b9-fc76740958cd.4,SspCM7v1,genome,ftp://massive.ucsd.edu/MSV000082045/peak/HMP/Samples/Aerobic_TSB_885_RH4_01_23095.mzXML,MSV000082045,True,unvalidated_pairs
5e920f02-2ae7-4d58-a4b9-fc76740958cd.4,SspCM7v1,genome,ftp://massive.ucsd.edu/MSV000082045/peak/HMP/Samples/Aerobic_BHI_885_BF12_01_22748.mzXML,MSV000082045,True,unvalidated_pairs
5e920f02-2ae7-4d58-a4b9-fc76740958cd.4,SspOBRC6v1,genome,ftp://massive.ucsd.edu/MSV000082045/peak/HMP/Samples/Aerobic_RCM_886_RG6_01_22846.mzXML,MSV000082045,True,unvalidated_pairs
5e920f02-2ae7-4d58-a4b9-fc76740958cd.4,SspOBRC6v1,genome,ftp://massive.ucsd.edu/MSV000082045/peak/HMP/Samples/Aerobic_TSB_886_RH5_01_23096.mzXML,MSV000082045,True,unvalidated_pairs
5e920f02-2ae7-4d58-a4b9-fc76740958cd.4,SspOBRC6v1,genome,ftp://massive.ucsd.edu/MSV000082045/peak/HMP/Samples/Aerobic_BHI_886_BG1_01_22750.mzXML,MSV000082045,True,unvalidated_pairs
5e920f02-2ae7-4d58-a4b9-fc76740958cd.4,SspBS21v1,genome,ftp://massive.ucsd.edu/MSV000082045/peak/HMP/Samples/Aerobic_RCM_889_RG1_01_22841.mzXML,MSV000082045,True,unvalidated_pairs
5e920f02-2ae7-4d58-a4b9-fc76740958cd.4,SspBS21v1,genome,ftp://massive.ucsd.edu/MSV000082045/peak/HMP/Samples/Aerobic_TSB_889_BE11_01_22919.mzXML,MSV000082045,True,unvalidated_pairs
5e920f02-2ae7-4d58-a4b9-fc76740958cd.4,SspBS21v1,genome,ftp://massive.ucsd.edu/MSV000082045/peak/HMP/Samples/Aerobic_BHI_889_BF8_01_22744.mzXML,MSV000082045,True,unvalidated_pairs
5e920f02-2ae7-4d58-a4b9-fc76740958cd.4,ASM17695v1,genome,ftp://massive.ucsd.edu/MSV000082045/peak/HMP/Samples/Anaerobic_TSB_134_RE2_01_25864.mzXML,MSV000082045,True,unvalidated_pairs
5e920f02-2ae7-4d58-a4b9-fc76740958cd.4,ASM18548v1,genome,ftp://massive.ucsd.edu/MSV000082045/peak/HMP/Samples/Aerobic_RCM_141_RE10_01_22824.mzXML,MSV000082045,True,unvalidated_pairs
5e920f02-2ae7-4d58-a4b9-fc76740958cd.4,ASM18548v1,genome,ftp://massive.ucsd.edu/MSV000082045/peak/HMP/Samples/Aerobic_TSB_141_BD8_01_22903.mzXML,MSV000082045,True,unvalidated_pairs
5e920f02-2ae7-4d58-a4b9-fc76740958cd.4,ASM18548v1,genome,ftp://massive.ucsd.edu/MSV000082045/peak/HMP/Samples/Aerobic_BHI_141_BE5_01_22728.mzXML,MSV000082045,True,unvalidated_pairs
5e920f02-2ae7-4d58-a4b9-fc76740958cd.4,VspACP1v1,genome,ftp://massive.ucsd.edu/MSV000082045/peak/HMP/Samples/Anaerobic_RCM__778_RG2_01_24994.mzXML,MSV000082045,True,unvalidated_pairs
5e920f02-2ae7-4d58-a4b9-fc76740958cd.4,CspBV3AC2v1,genome,ftp://massive.ucsd.edu/MSV000082045/peak/HMP/Samples/Anaerobic_RCM_825_RE9_01_22420.mzXML,MSV000082045,True,unvalidated_pairs
5e920f02-2ae7-4d58-a4b9-fc76740958cd.4,CspBV3AC2v1,genome,ftp://massive.ucsd.edu/MSV000082045/peak/HMP/Samples/Anaerobic_TSB_825_RE3_01_25865.mzXML,MSV000082045,True,unvalidated_pairs
5e920f02-2ae7-4d58-a4b9-fc76740958cd.4,CspBV3AC2v1,genome,ftp://massive.ucsd.edu/MSV000082045/peak/HMP/Samples/Anaerobic_BHI825_RE11_01_22664.mzXML,MSV000082045,True,unvalidated_pairs
5e920f02-2ae7-4d58-a4b9-fc76740958cd.4,BspMSTE12v1,genome,ftp://massive.ucsd.edu/MSV000082045/peak/HMP/Samples/Anaerobic_RCM_868_RE7_01_22158.mzXML,MSV000082045,True,unvalidated_pairs
5e920f02-2ae7-4d58-a4b9-fc76740958cd.4,BspMSTE12v1,genome,ftp://massive.ucsd.edu/MSV000082045/peak/HMP/Samples/Anaerobic_TSB_868_RE11_01_22500.mzXML,MSV000082045,True,unvalidated_pairs
5e920f02-2ae7-4d58-a4b9-fc76740958cd.4,BspMSTE12v1,genome,ftp://massive.ucsd.edu/MSV000082045/peak/HMP/Samples/Anaerobic_BHI_868_BE7_01_23073.mzXML,MSV000082045,True,unvalidated_pairs
5e920f02-2ae7-4d58-a4b9-fc76740958cd.4,FspCM21v1,genome,ftp://massive.ucsd.edu/MSV000082045/peak/HMP/Samples/Anaerobic_RCM_871_RB10_01_22382.mzXML,MSV000082045,True,unvalidated_pairs
5e920f02-2ae7-4d58-a4b9-fc76740958cd.4,FspCM21v1,genome,ftp://massive.ucsd.edu/MSV000082045/peak/HMP/Samples/Anaerobic_TSB_871_RC1_01_25837.mzXML,MSV000082045,True,unvalidated_pairs
5e920f02-2ae7-4d58-a4b9-fc76740958cd.4,FspCM21v1,genome,ftp://massive.ucsd.edu/MSV000082045/peak/HMP/Samples/Anaerobic_BHI871_RC3_01_22630.mzXML,MSV000082045,True,unvalidated_pairs
5e920f02-2ae7-4d58-a4b9-fc76740958cd.4,FspCM22v1,genome,ftp://massive.ucsd.edu/MSV000082045/peak/HMP/Samples/Anaerobic_RCM_874_RB11_01_22383.mzXML,MSV000082045,True,unvalidated_pairs
5e920f02-2ae7-4d58-a4b9-fc76740958cd.4,FspCM22v1,genome,ftp://massive.ucsd.edu/MSV000082045/peak/HMP/Samples/Anaerobic_BHI874_RC4_01_22631.mzXML,MSV000082045,True,unvalidated_pairs
5e920f02-2ae7-4d58-a4b9-fc76740958cd.4,FspOBRC1v1,genome,ftp://massive.ucsd.edu/MSV000082045/peak/HMP/Samples/Anaerobic_RCM_875_RB12_01_22384.mzXML,MSV000082045,True,unvalidated_pairs
5e920f02-2ae7-4d58-a4b9-fc76740958cd.4,FspOBRC1v1,genome,ftp://massive.ucsd.edu/MSV000082045/peak/HMP/Samples/Anaerobic_BHI875_RC5_01_22632.mzXML,MSV000082045,True,unvalidated_pairs
5e920f02-2ae7-4d58-a4b9-fc76740958cd.4,SspBS29av1,genome,ftp://massive.ucsd.edu/MSV000082045/peak/HMP/Samples/Aerobic_RCM_887_RG2_01_22842.mzXML,MSV000082045,True,unvalidated_pairs
5e920f02-2ae7-4d58-a4b9-fc76740958cd.4,SspBS29av1,genome,ftp://massive.ucsd.edu/MSV000082045/peak/HMP/Samples/Aerobic_TSB_887_RH1_01_23092.mzXML,MSV000082045,True,unvalidated_pairs
5e920f02-2ae7-4d58-a4b9-fc76740958cd.4,SspBS29av1,genome,ftp://massive.ucsd.edu/MSV000082045/peak/HMP/Samples/Aerobic_BHI_887_BF9_01_22745.mzXML,MSV000082045,True,unvalidated_pairs
5e920f02-2ae7-4d58-a4b9-fc76740958cd.4,SspAS20v1,genome,ftp://massive.ucsd.edu/MSV000082045/peak/HMP/Samples/Aerobic_RCM_888_RF12_01_22839.mzXML,MSV000082045,True,unvalidated_pairs
5e920f02-2ae7-4d58-a4b9-fc76740958cd.4,SspAS20v1,genome,ftp://massive.ucsd.edu/MSV000082045/peak/HMP/Samples/Aerobic_TSB_888_BE10_01_22918.mzXML,MSV000082045,True,unvalidated_pairs
5e920f02-2ae7-4d58-a4b9-fc76740958cd.4,SspAS20v1,genome,ftp://massive.ucsd.edu/MSV000082045/peak/HMP/Samples/Aerobic_BHI_888_BF7_01_22743.mzXML,MSV000082045,True,unvalidated_pairs
5e920f02-2ae7-4d58-a4b9-fc76740958cd.4,SspCM6v1,genome,ftp://massive.ucsd.edu/MSV000082045/peak/HMP/Samples/Aerobic_RCM_890_RG4_01_22844.mzXML,MSV000082045,True,unvalidated_pairs
5e920f02-2ae7-4d58-a4b9-fc76740958cd.4,SspCM6v1,genome,ftp://massive.ucsd.edu/MSV000082045/peak/HMP/Samples/Aerobic_TSB_890_RH3_01_23094.mzXML,MSV000082045,True,unvalidated_pairs
5e920f02-2ae7-4d58-a4b9-fc76740958cd.4,SspCM6v1,genome,ftp://massive.ucsd.edu/MSV000082045/peak/HMP/Samples/Aerobic_BHI_890_BF11_01_22747.mzXML,MSV000082045,True,unvalidated_pairs
5e920f02-2ae7-4d58-a4b9-fc76740958cd.4,SspACS2v1,genome,ftp://massive.ucsd.edu/MSV000082045/peak/HMP/Samples/Aerobic_RCM_891_RF11_01_22838.mzXML,MSV000082045,True,unvalidated_pairs
5e920f02-2ae7-4d58-a4b9-fc76740958cd.4,SspACS2v1,genome,ftp://massive.ucsd.edu/MSV000082045/peak/HMP/Samples/Aerobic_TSB_891_BE9_01_22917.mzXML,MSV000082045,True,unvalidated_pairs
5e920f02-2ae7-4d58-a4b9-fc76740958cd.4,SspACS2v1,genome,ftp://massive.ucsd.edu/MSV000082045/peak/HMP/Samples/Aerobic_BHI_891_BF6_01_22742.mzXML,MSV000082045,True,unvalidated_pairs
5e920f02-2ae7-4d58-a4b9-fc76740958cd.4,SspSR1v1,genome,ftp://massive.ucsd.edu/MSV000082045/peak/HMP/Samples/Aerobic_RCM_892_RG7_01_22847.mzXML,MSV000082045,True,unvalidated_pairs
5e920f02-2ae7-4d58-a4b9-fc76740958cd.4,SspSR1v1,genome,ftp://massive.ucsd.edu/MSV000082045/peak/HMP/Samples/Aerobic_TSB_892_RH6_01_23097.mzXML,MSV000082045,True,unvalidated_pairs
5e920f02-2ae7-4d58-a4b9-fc76740958cd.4,SspSR1v1,genome,ftp://massive.ucsd.edu/MSV000082045/peak/HMP/Samples/Aerobic_BHI_892_BG2_01_22751.mzXML,MSV000082045,True,unvalidated_pairs
5e920f02-2ae7-4d58-a4b9-fc76740958cd.4,VspAS16v1,genome,ftp://massive.ucsd.edu/MSV000082045/peak/HMP/Samples/Anaerobic_RCM__895_RG3_01_24995.mzXML,MSV000082045,True,unvalidated_pairs
5e920f02-2ae7-4d58-a4b9-fc76740958cd.4,VspAS16v1,genome,ftp://massive.ucsd.edu/MSV000082045/peak/HMP/Samples/Anaerobic_BHI_895_RF1_01_24985.mzXML,MSV000082045,True,unvalidated_pairs
5e920f02-2ae7-4d58-a4b9-fc76740958cd.4,Bact_sp_D2_V2,genome,ftp://massive.ucsd.edu/MSV000082045/peak/HMP/Samples/Anaerobic_RCM_28_RD5_01_22143.mzXML,MSV000082045,True,unvalidated_pairs
5e920f02-2ae7-4d58-a4b9-fc76740958cd.4,Bact_sp_D2_V2,genome,ftp://massive.ucsd.edu/MSV000082045/peak/HMP/Samples/Anaerobic_TSB_28_RD8_01_22484.mzXML,MSV000082045,True,unvalidated_pairs
5e920f02-2ae7-4d58-a4b9-fc76740958cd.4,Bact_sp_D2_V2,genome,ftp://massive.ucsd.edu/MSV000082045/peak/HMP/Samples/Anaerobic_BHI_28_BD7_01_23060.mzXML,MSV000082045,True,unvalidated_pairs
5e920f02-2ae7-4d58-a4b9-fc76740958cd.4,04_NF_x40_HMP1651v01,genome,ftp://massive.ucsd.edu/MSV000082045/peak/HMP/Samples/Anaerobic_RCM_1088_RA7_01_22277.mzXML,MSV000082045,True,unvalidated_pairs
5e920f02-2ae7-4d58-a4b9-fc76740958cd.4,ASM18668v1,genome,ftp://massive.ucsd.edu/MSV000082045/peak/HMP/Samples/Aerobic_BHI_146_RE7_01_22987.mzXML,MSV000082045,True,unvalidated_pairs
5e920f02-2ae7-4d58-a4b9-fc76740958cd.4,ASM36486v1,genome,ftp://massive.ucsd.edu/MSV000082045/peak/HMP/Samples/Aerobic_RCM_147_RE3_01_22571.mzXML,MSV000082045,True,unvalidated_pairs
5e920f02-2ae7-4d58-a4b9-fc76740958cd.4,ASM36486v1,genome,ftp://massive.ucsd.edu/MSV000082045/peak/HMP/Samples/Aerobic_TSB_147_RE10_01_22238.mzXML,MSV000082045,True,unvalidated_pairs
5e920f02-2ae7-4d58-a4b9-fc76740958cd.4,ASM16015v1,genome,ftp://massive.ucsd.edu/MSV000082045/peak/HMP/Samples/Aerobic_RCM_200_RF3_01_22584.mzXML,MSV000082045,True,unvalidated_pairs
5e920f02-2ae7-4d58-a4b9-fc76740958cd.4,ASM16015v1,genome,ftp://massive.ucsd.edu/MSV000082045/peak/HMP/Samples/Aerobic_TSB_200_RF9_01_22250.mzXML,MSV000082045,True,unvalidated_pairs
5e920f02-2ae7-4d58-a4b9-fc76740958cd.4,ASM16015v1,genome,ftp://massive.ucsd.edu/MSV000082045/peak/HMP/Samples/Aerobic_BHI_200_RF3_01_22996.mzXML,MSV000082045,True,unvalidated_pairs
5e920f02-2ae7-4d58-a4b9-fc76740958cd.4,ASM15927v1,genome,ftp://massive.ucsd.edu/MSV000082045/peak/HMP/Samples/Aerobic_RCM_202_RA9_01_22525.mzXML,MSV000082045,True,unvalidated_pairs
5e920f02-2ae7-4d58-a4b9-fc76740958cd.4,ASM15927v1,genome,ftp://massive.ucsd.edu/MSV000082045/peak/HMP/Samples/Aerobic_TSB_202_RA9_01_22185.mzXML,MSV000082045,True,unvalidated_pairs
5e920f02-2ae7-4d58-a4b9-fc76740958cd.4,ASM15927v1,genome,ftp://massive.ucsd.edu/MSV000082045/peak/HMP/Samples/Aerobic_BHI_202_RA10_01_22938.mzXML,MSV000082045,True,unvalidated_pairs
5e920f02-2ae7-4d58-a4b9-fc76740958cd.4,ASM15967v1,genome,ftp://massive.ucsd.edu/MSV000082045/peak/HMP/Samples/Aerobic_RCM_204_RF8_01_22589.mzXML,MSV000082045,True,unvalidated_pairs
5e920f02-2ae7-4d58-a4b9-fc76740958cd.4,ASM15967v1,genome,ftp://massive.ucsd.edu/MSV000082045/peak/HMP/Samples/Aerobic_TSB_204_RG2_01_22256.mzXML,MSV000082045,True,unvalidated_pairs
5e920f02-2ae7-4d58-a4b9-fc76740958cd.4,ASM15967v1,genome,ftp://massive.ucsd.edu/MSV000082045/peak/HMP/Samples/Aerobic_BHI_204_RF8_01_23002.mzXML,MSV000082045,True,unvalidated_pairs
5e920f02-2ae7-4d58-a4b9-fc76740958cd.4,ASM18827v1,genome,ftp://massive.ucsd.edu/MSV000082045/peak/HMP/Samples/Aerobic_RCM_275_RF7_01_22834.mzXML,MSV000082045,True,unvalidated_pairs
5e920f02-2ae7-4d58-a4b9-fc76740958cd.4,ASM18827v1,genome,ftp://massive.ucsd.edu/MSV000082045/peak/HMP/Samples/Aerobic_TSB_275_BE5_01_22913.mzXML,MSV000082045,True,unvalidated_pairs
5e920f02-2ae7-4d58-a4b9-fc76740958cd.4,ASM18827v1,genome,ftp://massive.ucsd.edu/MSV000082045/peak/HMP/Samples/Aerobic_BHI_275_BF2_01_22738.mzXML,MSV000082045,True,unvalidated_pairs
5e920f02-2ae7-4d58-a4b9-fc76740958cd.4,ASM15925v1,genome,ftp://massive.ucsd.edu/MSV000082045/peak/HMP/Samples/Aerobic_RCM_201_RA8_01_22524.mzXML,MSV000082045,True,unvalidated_pairs
5e920f02-2ae7-4d58-a4b9-fc76740958cd.4,ASM15925v1,genome,ftp://massive.ucsd.edu/MSV000082045/peak/HMP/Samples/Aerobic_TSB_201_RA8_01_22184.mzXML,MSV000082045,True,unvalidated_pairs
5e920f02-2ae7-4d58-a4b9-fc76740958cd.4,ASM14652v1,genome,ftp://massive.ucsd.edu/MSV000082045/peak/HMP/Samples/Aerobic_RCM_272_RC3_01_22545.mzXML,MSV000082045,True,unvalidated_pairs
5e920f02-2ae7-4d58-a4b9-fc76740958cd.4,ASM14652v1,genome,ftp://massive.ucsd.edu/MSV000082045/peak/HMP/Samples/Aerobic_TSB_272_RC5_01_22207.mzXML,MSV000082045,True,unvalidated_pairs
5e920f02-2ae7-4d58-a4b9-fc76740958cd.4,ASM14652v1,genome,ftp://massive.ucsd.edu/MSV000082045/peak/HMP/Samples/Aerobic_BHI_272_RC4_01_22958.mzXML,MSV000082045,True,unvalidated_pairs
5e920f02-2ae7-4d58-a4b9-fc76740958cd.4,CspMSTE9v1,genome,ftp://massive.ucsd.edu/MSV000082045/peak/HMP/Samples/Anaerobic_RCM_764_RA4_01_22363.mzXML,MSV000082045,True,unvalidated_pairs
5e920f02-2ae7-4d58-a4b9-fc76740958cd.4,CspMSTE9v1,genome,ftp://massive.ucsd.edu/MSV000082045/peak/HMP/Samples/Anaerobic_TSB_764_RA5_01_25815.mzXML,MSV000082045,True,unvalidated_pairs
5e920f02-2ae7-4d58-a4b9-fc76740958cd.4,CspMSTE9v1,genome,ftp://massive.ucsd.edu/MSV000082045/peak/HMP/Samples/Anaerobic_BHI764_RA3_01_22604.mzXML,MSV000082045,True,unvalidated_pairs
5e920f02-2ae7-4d58-a4b9-fc76740958cd.4,ASM19559v1,genome,ftp://massive.ucsd.edu/MSV000082045/peak/HMP/Samples/Aerobic_RCM_468_RE8_01_22576.mzXML,MSV000082045,True,unvalidated_pairs
5e920f02-2ae7-4d58-a4b9-fc76740958cd.4,ASM19559v1,genome,ftp://massive.ucsd.edu/MSV000082045/peak/HMP/Samples/Aerobic_TSB_468_RF3_01_22244.mzXML,MSV000082045,True,unvalidated_pairs
5e920f02-2ae7-4d58-a4b9-fc76740958cd.4,ASM19559v1,genome,ftp://massive.ucsd.edu/MSV000082045/peak/HMP/Samples/Aerobic_BHI_468_RE8_01_22988.mzXML,MSV000082045,True,unvalidated_pairs
5e920f02-2ae7-4d58-a4b9-fc76740958cd.4,Lach_bact_F0167_V1,genome,ftp://massive.ucsd.edu/MSV000082045/peak/HMP/Samples/Anaerobic_RCM_7_RD3_01_22401.mzXML,MSV000082045,True,unvalidated_pairs
5e920f02-2ae7-4d58-a4b9-fc76740958cd.4,Lach_bact_F0167_V1,genome,ftp://massive.ucsd.edu/MSV000082045/peak/HMP/Samples/Anaerobic_TSB_7_RC10_01_25846.mzXML,MSV000082045,True,unvalidated_pairs
5e920f02-2ae7-4d58-a4b9-fc76740958cd.4,Lach_bact_F0167_V1,genome,ftp://massive.ucsd.edu/MSV000082045/peak/HMP/Samples/Anaerobic_BHI7_RD4_01_22644.mzXML,MSV000082045,True,unvalidated_pairs
5e920f02-2ae7-4d58-a4b9-fc76740958cd.4,KspOBRC7v1,genome,ftp://massive.ucsd.edu/MSV000082045/peak/HMP/Samples/Aerobic_RCM_767_RC5_01_22793.mzXML,MSV000082045,True,unvalidated_pairs
5e920f02-2ae7-4d58-a4b9-fc76740958cd.4,KspOBRC7v1,genome,ftp://massive.ucsd.edu/MSV000082045/peak/HMP/Samples/Aerobic_TSB_767_BC3_01_22885.mzXML,MSV000082045,True,unvalidated_pairs
5e920f02-2ae7-4d58-a4b9-fc76740958cd.4,KspOBRC7v1,genome,ftp://massive.ucsd.edu/MSV000082045/peak/HMP/Samples/Aerobic_BHI_767_BC3_01_22700.mzXML,MSV000082045,True,unvalidated_pairs
5e920f02-2ae7-4d58-a4b9-fc76740958cd.4,LspICM7v1,genome,ftp://massive.ucsd.edu/MSV000082045/peak/HMP/Samples/Anaerobic_BHI768_RD5_01_22645.mzXML,MSV000082045,True,unvalidated_pairs
5e920f02-2ae7-4d58-a4b9-fc76740958cd.4,ASM16341v1,genome,ftp://massive.ucsd.edu/MSV000082045/peak/HMP/Samples/Aerobic_RCM_94_RE6_01_22574.mzXML,MSV000082045,True,unvalidated_pairs
5e920f02-2ae7-4d58-a4b9-fc76740958cd.4,ASM16341v1,genome,ftp://massive.ucsd.edu/MSV000082045/peak/HMP/Samples/Aerobic_TSB_94_RF1_01_22242.mzXML,MSV000082045,True,unvalidated_pairs
5e920f02-2ae7-4d58-a4b9-fc76740958cd.4,ASM16341v1,genome,ftp://massive.ucsd.edu/MSV000082045/peak/HMP/Samples/Aerobic_BHI_94_RE5_01_22985.mzXML,MSV000082045,True,unvalidated_pairs
5e920f02-2ae7-4d58-a4b9-fc76740958cd.4,ASM17477v1,genome,ftp://massive.ucsd.edu/MSV000082045/peak/HMP/Samples/Aerobic_BHI_130_RB6_01_22947.mzXML,MSV000082045,True,unvalidated_pairs
5e920f02-2ae7-4d58-a4b9-fc76740958cd.4,ASM17705v1,genome,ftp://massive.ucsd.edu/MSV000082045/peak/HMP/Samples/Anaerobic_RCM_136_RB8_01_22291.mzXML,MSV000082045,True,unvalidated_pairs
5e920f02-2ae7-4d58-a4b9-fc76740958cd.4,ASM17735v1,genome,ftp://massive.ucsd.edu/MSV000082045/peak/HMP/Samples/Anaerobic_RCM_138_RA6_01_22276.mzXML,MSV000082045,True,unvalidated_pairs
5e920f02-2ae7-4d58-a4b9-fc76740958cd.4,ASM17735v1,genome,ftp://massive.ucsd.edu/MSV000082045/peak/HMP/Samples/Anaerobic_TSB_138_RD5_01_24967.mzXML,MSV000082045,True,unvalidated_pairs
5e920f02-2ae7-4d58-a4b9-fc76740958cd.4,ASM17735v1,genome,ftp://massive.ucsd.edu/MSV000082045/peak/HMP/Samples/Anaerobic_BHI_138_RA4_01_24945.mzXML,MSV000082045,True,unvalidated_pairs
5e920f02-2ae7-4d58-a4b9-fc76740958cd.4,Olsenella_sp_F0356_V1,genome,ftp://massive.ucsd.edu/MSV000082045/peak/HMP/Samples/Anaerobic_TSB_198_RD10_01_25859.mzXML,MSV000082045,True,unvalidated_pairs
5e920f02-2ae7-4d58-a4b9-fc76740958cd.4,Olsenella_sp_F0356_V1,genome,ftp://massive.ucsd.edu/MSV000082045/peak/HMP/Samples/Anaerobic_BHI198_RE4_01_22657.mzXML,MSV000082045,True,unvalidated_pairs
5e920f02-2ae7-4d58-a4b9-fc76740958cd.4,ASM19565v1,genome,ftp://massive.ucsd.edu/MSV000082045/peak/HMP/Samples/Aerobic_RCM_354_RC4_01_22792.mzXML,MSV000082045,True,unvalidated_pairs
5e920f02-2ae7-4d58-a4b9-fc76740958cd.4,ASM19565v1,genome,ftp://massive.ucsd.edu/MSV000082045/peak/HMP/Samples/Aerobic_TSB_354_BC2_01_22884.mzXML,MSV000082045,True,unvalidated_pairs
5e920f02-2ae7-4d58-a4b9-fc76740958cd.4,ASM19565v1,genome,ftp://massive.ucsd.edu/MSV000082045/peak/HMP/Samples/Aerobic_BHI_354_BC2_01_22699.mzXML,MSV000082045,True,unvalidated_pairs
5e920f02-2ae7-4d58-a4b9-fc76740958cd.4,ASM24229v1,genome,ftp://massive.ucsd.edu/MSV000082045/peak/HMP/Samples/Aerobic_RCM_469_RB1_01_22776.mzXML,MSV000082045,True,unvalidated_pairs
5e920f02-2ae7-4d58-a4b9-fc76740958cd.4,ASM24229v1,genome,ftp://massive.ucsd.edu/MSV000082045/peak/HMP/Samples/Aerobic_BHI_469_BA11_01_22682.mzXML,MSV000082045,True,unvalidated_pairs
5e920f02-2ae7-4d58-a4b9-fc76740958cd.4,Kleb_oxyt_10-5244_V1,genome,ftp://massive.ucsd.edu/MSV000082045/peak/HMP/Samples/Aerobic_RCM_625_RB5_01_22780.mzXML,MSV000082045,True,unvalidated_pairs
5e920f02-2ae7-4d58-a4b9-fc76740958cd.4,Kleb_oxyt_10-5244_V1,genome,ftp://massive.ucsd.edu/MSV000082045/peak/HMP/Samples/Aerobic_TSB_625_BB3_01_22872.mzXML,MSV000082045,True,unvalidated_pairs
5e920f02-2ae7-4d58-a4b9-fc76740958cd.4,Kleb_oxyt_10-5244_V1,genome,ftp://massive.ucsd.edu/MSV000082045/peak/HMP/Samples/Aerobic_BHI_625_BB3_01_22687.mzXML,MSV000082045,True,unvalidated_pairs
5e920f02-2ae7-4d58-a4b9-fc76740958cd.4,Kleb_oxyt_10-5245_V1,genome,ftp://massive.ucsd.edu/MSV000082045/peak/HMP/Samples/Aerobic_RCM_626_RB6_01_22781.mzXML,MSV000082045,True,unvalidated_pairs
5e920f02-2ae7-4d58-a4b9-fc76740958cd.4,Kleb_oxyt_10-5245_V1,genome,ftp://massive.ucsd.edu/MSV000082045/peak/HMP/Samples/Aerobic_TSB_626_BB4_01_22873.mzXML,MSV000082045,True,unvalidated_pairs
5e920f02-2ae7-4d58-a4b9-fc76740958cd.4,Kleb_oxyt_10-5245_V1,genome,ftp://massive.ucsd.edu/MSV000082045/peak/HMP/Samples/Aerobic_BHI_626_BB4_01_22688.mzXML,MSV000082045,True,unvalidated_pairs
5e920f02-2ae7-4d58-a4b9-fc76740958cd.4,Kleb_oxyt_10-5249_V1,genome,ftp://massive.ucsd.edu/MSV000082045/peak/HMP/Samples/Aerobic_RCM_628_RB8_01_22783.mzXML,MSV000082045,True,unvalidated_pairs
5e920f02-2ae7-4d58-a4b9-fc76740958cd.4,Kleb_oxyt_10-5249_V1,genome,ftp://massive.ucsd.edu/MSV000082045/peak/HMP/Samples/Aerobic_TSB_628_BB6_01_22875.mzXML,MSV000082045,True,unvalidated_pairs
5e920f02-2ae7-4d58-a4b9-fc76740958cd.4,Kleb_oxyt_10-5249_V1,genome,ftp://massive.ucsd.edu/MSV000082045/peak/HMP/Samples/Aerobic_BHI_628_BB6_01_22690.mzXML,MSV000082045,True,unvalidated_pairs
5e920f02-2ae7-4d58-a4b9-fc76740958cd.4,Kleb_oxyt_10-5250_V1,genome,ftp://massive.ucsd.edu/MSV000082045/peak/HMP/Samples/Aerobic_RCM_630_RB10_01_22785.mzXML,MSV000082045,True,unvalidated_pairs
5e920f02-2ae7-4d58-a4b9-fc76740958cd.4,Kleb_oxyt_10-5250_V1,genome,ftp://massive.ucsd.edu/MSV000082045/peak/HMP/Samples/Aerobic_TSB_630_BB8_01_22877.mzXML,MSV000082045,True,unvalidated_pairs
5e920f02-2ae7-4d58-a4b9-fc76740958cd.4,Kleb_oxyt_10-5250_V1,genome,ftp://massive.ucsd.edu/MSV000082045/peak/HMP/Samples/Aerobic_BHI_630_BB8_01_22692.mzXML,MSV000082045,True,unvalidated_pairs
5e920f02-2ae7-4d58-a4b9-fc76740958cd.4,ASM17993v1,genome,ftp://massive.ucsd.edu/MSV000082045/peak/HMP/Samples/Aerobic_RCM_705_RD3_01_22804.mzXML,MSV000082045,True,unvalidated_pairs
5e920f02-2ae7-4d58-a4b9-fc76740958cd.4,Bact_cacc_CL03T12C61_V1,genome,ftp://massive.ucsd.edu/MSV000082045/peak/HMP/Samples/Anaerobic_RCM_728_RB5_01_22117.mzXML,MSV000082045,True,unvalidated_pairs
5e920f02-2ae7-4d58-a4b9-fc76740958cd.4,Bact_cacc_CL03T12C61_V1,genome,ftp://massive.ucsd.edu/MSV000082045/peak/HMP/Samples/Anaerobic_TSB_728_RB8_01_22458.mzXML,MSV000082045,True,unvalidated_pairs
5e920f02-2ae7-4d58-a4b9-fc76740958cd.4,Bact_cacc_CL03T12C61_V1,genome,ftp://massive.ucsd.edu/MSV000082045/peak/HMP/Samples/Anaerobic_BHI_728_BB8_01_23035.mzXML,MSV000082045,True,unvalidated_pairs
5e920f02-2ae7-4d58-a4b9-fc76740958cd.4,ASM21359v1,genome,ftp://massive.ucsd.edu/MSV000082045/peak/HMP/Samples/Aerobic_TSB_333_RA11_01_22187.mzXML,MSV000082045,True,unvalidated_pairs
5e920f02-2ae7-4d58-a4b9-fc76740958cd.4,Collinsella_sp_4_8_47FAA_V1,genome,ftp://massive.ucsd.edu/MSV000082045/peak/HMP/Samples/Anaerobic_RCM_304_RA5_01_22364.mzXML,MSV000082045,True,unvalidated_pairs
5e920f02-2ae7-4d58-a4b9-fc76740958cd.4,Collinsella_sp_4_8_47FAA_V1,genome,ftp://massive.ucsd.edu/MSV000082045/peak/HMP/Samples/Anaerobic_TSB_304_RA6_01_25816.mzXML,MSV000082045,True,unvalidated_pairs
5e920f02-2ae7-4d58-a4b9-fc76740958cd.4,Collinsella_sp_4_8_47FAA_V1,genome,ftp://massive.ucsd.edu/MSV000082045/peak/HMP/Samples/Anaerobic_BHI304_RA4_01_22605.mzXML,MSV000082045,True,unvalidated_pairs
5e920f02-2ae7-4d58-a4b9-fc76740958cd.4,Clos_bolt_WAL_14578_V1,genome,ftp://massive.ucsd.edu/MSV000082045/peak/HMP/Samples/Anaerobic_BHI_318_BA3_01_23017.mzXML,MSV000082045,True,unvalidated_pairs
5e920f02-2ae7-4d58-a4b9-fc76740958cd.4,Clos_perf_WAL_14572_V2,genome,ftp://massive.ucsd.edu/MSV000082045/peak/HMP/Samples/Anaerobic_RCM_310_RA4_01_22103.mzXML,MSV000082045,True,unvalidated_pairs
5e920f02-2ae7-4d58-a4b9-fc76740958cd.4,Clos_perf_WAL_14572_V2,genome,ftp://massive.ucsd.edu/MSV000082045/peak/HMP/Samples/Anaerobic_TSB_310_RA6_01_22443.mzXML,MSV000082045,True,unvalidated_pairs
5e920f02-2ae7-4d58-a4b9-fc76740958cd.4,Clos_perf_WAL_14572_V2,genome,ftp://massive.ucsd.edu/MSV000082045/peak/HMP/Samples/Anaerobic_BHI_310_BA8_01_23022.mzXML,MSV000082045,True,unvalidated_pairs
5e920f02-2ae7-4d58-a4b9-fc76740958cd.4,ASM14759v1,genome,ftp://massive.ucsd.edu/MSV000082045/peak/HMP/Samples/Aerobic_RCM_432_RF7_01_22588.mzXML,MSV000082045,True,unvalidated_pairs
5e920f02-2ae7-4d58-a4b9-fc76740958cd.4,ASM14759v1,genome,ftp://massive.ucsd.edu/MSV000082045/peak/HMP/Samples/Aerobic_TSB_432_RG1_01_22255.mzXML,MSV000082045,True,unvalidated_pairs
5e920f02-2ae7-4d58-a4b9-fc76740958cd.4,ASM14759v1,genome,ftp://massive.ucsd.edu/MSV000082045/peak/HMP/Samples/Aerobic_BHI_432_RF7_01_23001.mzXML,MSV000082045,True,unvalidated_pairs
5e920f02-2ae7-4d58-a4b9-fc76740958cd.4,Bact_frag_CL07T12C05_V1,genome,ftp://massive.ucsd.edu/MSV000082045/peak/HMP/Samples/Anaerobic_RCM_710_RC8_01_22133.mzXML,MSV000082045,True,unvalidated_pairs
5e920f02-2ae7-4d58-a4b9-fc76740958cd.4,Bact_frag_CL07T12C05_V1,genome,ftp://massive.ucsd.edu/MSV000082045/peak/HMP/Samples/Anaerobic_TSB_710_RC11_01_22474.mzXML,MSV000082045,True,unvalidated_pairs
5e920f02-2ae7-4d58-a4b9-fc76740958cd.4,Bact_frag_CL07T12C05_V1,genome,ftp://massive.ucsd.edu/MSV000082045/peak/HMP/Samples/Anaerobic_BHI_710_BC11_01_23051.mzXML,MSV000082045,True,unvalidated_pairs
5e920f02-2ae7-4d58-a4b9-fc76740958cd.4,Bact_frag_CL03T12C07_V1,genome,ftp://massive.ucsd.edu/MSV000082045/peak/HMP/Samples/Anaerobic_RCM_714_RC5_01_22130.mzXML,MSV000082045,True,unvalidated_pairs
5e920f02-2ae7-4d58-a4b9-fc76740958cd.4,Bact_frag_CL03T12C07_V1,genome,ftp://massive.ucsd.edu/MSV000082045/peak/HMP/Samples/Anaerobic_TSB_714_RC8_01_22471.mzXML,MSV000082045,True,unvalidated_pairs
5e920f02-2ae7-4d58-a4b9-fc76740958cd.4,Bact_frag_CL03T12C07_V1,genome,ftp://massive.ucsd.edu/MSV000082045/peak/HMP/Samples/Anaerobic_BHI_714_BC8_01_23048.mzXML,MSV000082045,True,unvalidated_pairs
5e920f02-2ae7-4d58-a4b9-fc76740958cd.4,Bact_vulg_CL09T03C04_V1,genome,ftp://massive.ucsd.edu/MSV000082045/peak/HMP/Samples/Anaerobic_RCM_720_RD8_01_22146.mzXML,MSV000082045,True,unvalidated_pairs
5e920f02-2ae7-4d58-a4b9-fc76740958cd.4,Bact_vulg_CL09T03C04_V1,genome,ftp://massive.ucsd.edu/MSV000082045/peak/HMP/Samples/Anaerobic_TSB_720_RD11_01_22487.mzXML,MSV000082045,True,unvalidated_pairs
5e920f02-2ae7-4d58-a4b9-fc76740958cd.4,Bact_vulg_CL09T03C04_V1,genome,ftp://massive.ucsd.edu/MSV000082045/peak/HMP/Samples/Anaerobic_BHI_720_BD9_01_23062.mzXML,MSV000082045,True,unvalidated_pairs
5e920f02-2ae7-4d58-a4b9-fc76740958cd.4,Bact_saly_CL02T12C01_V1,genome,ftp://massive.ucsd.edu/MSV000082045/peak/HMP/Samples/Anaerobic_RCM_725_RC10_01_22135.mzXML,MSV000082045,True,unvalidated_pairs
5e920f02-2ae7-4d58-a4b9-fc76740958cd.4,Bact_saly_CL02T12C01_V1,genome,ftp://massive.ucsd.edu/MSV000082045/peak/HMP/Samples/Anaerobic_TSB_725_RD1_01_22477.mzXML,MSV000082045,True,unvalidated_pairs
5e920f02-2ae7-4d58-a4b9-fc76740958cd.4,Para_merd_CL09T00C40_V1,genome,ftp://massive.ucsd.edu/MSV000082045/peak/HMP/Samples/Anaerobic_RCM_729_RA11_01_22110.mzXML,MSV000082045,True,unvalidated_pairs
5e920f02-2ae7-4d58-a4b9-fc76740958cd.4,Para_merd_CL09T00C40_V1,genome,ftp://massive.ucsd.edu/MSV000082045/peak/HMP/Samples/Anaerobic_TSB_729_RB2_01_22452.mzXML,MSV000082045,True,unvalidated_pairs
5e920f02-2ae7-4d58-a4b9-fc76740958cd.4,Para_merd_CL09T00C40_V1,genome,ftp://massive.ucsd.edu/MSV000082045/peak/HMP/Samples/Anaerobic_BHI_729_BB3_01_23030.mzXML,MSV000082045,True,unvalidated_pairs
5e920f02-2ae7-4d58-a4b9-fc76740958cd.4,Para_merd_CL03T12C32_V1,genome,ftp://massive.ucsd.edu/MSV000082045/peak/HMP/Samples/Anaerobic_RCM_730_RA10_01_22109.mzXML,MSV000082045,True,unvalidated_pairs
5e920f02-2ae7-4d58-a4b9-fc76740958cd.4,Para_merd_CL03T12C32_V1,genome,ftp://massive.ucsd.edu/MSV000082045/peak/HMP/Samples/Anaerobic_TSB_730_RB1_01_22451.mzXML,MSV000082045,True,unvalidated_pairs
5e920f02-2ae7-4d58-a4b9-fc76740958cd.4,Para_merd_CL03T12C32_V1,genome,ftp://massive.ucsd.edu/MSV000082045/peak/HMP/Samples/Anaerobic_BHI_730_BB2_01_23029.mzXML,MSV000082045,True,unvalidated_pairs
5e920f02-2ae7-4d58-a4b9-fc76740958cd.4,Kleb_pneu_WGLW3_V1,genome,ftp://massive.ucsd.edu/MSV000082045/peak/HMP/Samples/Aerobic_RCM_748_RC1_01_22789.mzXML,MSV000082045,True,unvalidated_pairs
5e920f02-2ae7-4d58-a4b9-fc76740958cd.4,Kleb_pneu_WGLW3_V1,genome,ftp://massive.ucsd.edu/MSV000082045/peak/HMP/Samples/Aerobic_TSB_748_BB11_01_22880.mzXML,MSV000082045,True,unvalidated_pairs
5e920f02-2ae7-4d58-a4b9-fc76740958cd.4,Kleb_pneu_WGLW3_V1,genome,ftp://massive.ucsd.edu/MSV000082045/peak/HMP/Samples/Aerobic_BHI_748_BB11_01_22695.mzXML,MSV000082045,True,unvalidated_pairs
5e920f02-2ae7-4d58-a4b9-fc76740958cd.4,Kleb_pneu_WGLW1_V1,genome,ftp://massive.ucsd.edu/MSV000082045/peak/HMP/Samples/Aerobic_RCM_750_RB11_01_22786.mzXML,MSV000082045,True,unvalidated_pairs
5e920f02-2ae7-4d58-a4b9-fc76740958cd.4,Kleb_pneu_WGLW1_V1,genome,ftp://massive.ucsd.edu/MSV000082045/peak/HMP/Samples/Aerobic_TSB_750_BB9_01_22878.mzXML,MSV000082045,True,unvalidated_pairs
5e920f02-2ae7-4d58-a4b9-fc76740958cd.4,Kleb_pneu_WGLW1_V1,genome,ftp://massive.ucsd.edu/MSV000082045/peak/HMP/Samples/Aerobic_BHI_750_BB9_01_22693.mzXML,MSV000082045,True,unvalidated_pairs
5e920f02-2ae7-4d58-a4b9-fc76740958cd.4,Kleb_pneu_WGLW2_V1,genome,ftp://massive.ucsd.edu/MSV000082045/peak/HMP/Samples/Aerobic_RCM_751_RB12_01_22787.mzXML,MSV000082045,True,unvalidated_pairs
5e920f02-2ae7-4d58-a4b9-fc76740958cd.4,Kleb_pneu_WGLW2_V1,genome,ftp://massive.ucsd.edu/MSV000082045/peak/HMP/Samples/Aerobic_TSB_751_BB10_01_22879.mzXML,MSV000082045,True,unvalidated_pairs
5e920f02-2ae7-4d58-a4b9-fc76740958cd.4,Kleb_pneu_WGLW2_V1,genome,ftp://massive.ucsd.edu/MSV000082045/peak/HMP/Samples/Aerobic_BHI_751_BB10_01_22694.mzXML,MSV000082045,True,unvalidated_pairs
5e920f02-2ae7-4d58-a4b9-fc76740958cd.4,Prot_mira_WGLW4_V1,genome,ftp://massive.ucsd.edu/MSV000082045/peak/HMP/Samples/Aerobic_RCM_752_RB6_01_22535.mzXML,MSV000082045,True,unvalidated_pairs
5e920f02-2ae7-4d58-a4b9-fc76740958cd.4,Prot_mira_WGLW4_V1,genome,ftp://massive.ucsd.edu/MSV000082045/peak/HMP/Samples/Aerobic_TSB_752_RB7_01_22196.mzXML,MSV000082045,True,unvalidated_pairs
5e920f02-2ae7-4d58-a4b9-fc76740958cd.4,CspBV3C26v1,genome,ftp://massive.ucsd.edu/MSV000082045/peak/HMP/Samples/Anaerobic_TSB_826_RE4_01_25866.mzXML,MSV000082045,True,unvalidated_pairs
5e920f02-2ae7-4d58-a4b9-fc76740958cd.4,ASM16241v1,genome,ftp://massive.ucsd.edu/MSV000082045/peak/HMP/Samples/Anaerobic_RCM_5_RB6_01_22289.mzXML,MSV000082045,True,unvalidated_pairs
5e920f02-2ae7-4d58-a4b9-fc76740958cd.4,ASM16241v1,genome,ftp://massive.ucsd.edu/MSV000082045/peak/HMP/Samples/Anaerobic_TSB_5_RD9_01_24971.mzXML,MSV000082045,True,unvalidated_pairs
5e920f02-2ae7-4d58-a4b9-fc76740958cd.4,ASM16215v1,genome,ftp://massive.ucsd.edu/MSV000082045/peak/HMP/Samples/Anaerobic_RCM_18_RD2_01_22140.mzXML,MSV000082045,True,unvalidated_pairs
5e920f02-2ae7-4d58-a4b9-fc76740958cd.4,ASM16215v1,genome,ftp://massive.ucsd.edu/MSV000082045/peak/HMP/Samples/Anaerobic_TSB_18_RD5_01_22481.mzXML,MSV000082045,True,unvalidated_pairs
5e920f02-2ae7-4d58-a4b9-fc76740958cd.4,ASM16215v1,genome,ftp://massive.ucsd.edu/MSV000082045/peak/HMP/Samples/Anaerobic_BHI_18_BD4_01_23057.mzXML,MSV000082045,True,unvalidated_pairs
5e920f02-2ae7-4d58-a4b9-fc76740958cd.4,ASM16365v1,genome,ftp://massive.ucsd.edu/MSV000082045/peak/HMP/Samples/Aerobic_RCM_19_RE11_01_22579.mzXML,MSV000082045,True,unvalidated_pairs
5e920f02-2ae7-4d58-a4b9-fc76740958cd.4,ASM16365v1,genome,ftp://massive.ucsd.edu/MSV000082045/peak/HMP/Samples/Aerobic_TSB_19_RF6_01_22247.mzXML,MSV000082045,True,unvalidated_pairs
5e920f02-2ae7-4d58-a4b9-fc76740958cd.4,ASM16365v1,genome,ftp://massive.ucsd.edu/MSV000082045/peak/HMP/Samples/Aerobic_BHI_19_RE11_01_22991.mzXML,MSV000082045,True,unvalidated_pairs
5e920f02-2ae7-4d58-a4b9-fc76740958cd.4,Bacteroides_sp_1_1_30_V1,genome,ftp://massive.ucsd.edu/MSV000082045/peak/HMP/Samples/Anaerobic_RCM_22_RC11_01_22136.mzXML,MSV000082045,True,unvalidated_pairs
5e920f02-2ae7-4d58-a4b9-fc76740958cd.4,Bacteroides_sp_1_1_30_V1,genome,ftp://massive.ucsd.edu/MSV000082045/peak/HMP/Samples/Anaerobic_TSB_22_RD2_01_22478.mzXML,MSV000082045,True,unvalidated_pairs
5e920f02-2ae7-4d58-a4b9-fc76740958cd.4,Bacteroides_sp_1_1_30_V1,genome,ftp://massive.ucsd.edu/MSV000082045/peak/HMP/Samples/Anaerobic_BHI_22_BD1_01_23054.mzXML,MSV000082045,True,unvalidated_pairs
5e920f02-2ae7-4d58-a4b9-fc76740958cd.4,ASM16245v1,genome,ftp://massive.ucsd.edu/MSV000082045/peak/HMP/Samples/Anaerobic_RCM_45_RA9_01_22279.mzXML,MSV000082045,True,unvalidated_pairs
5e920f02-2ae7-4d58-a4b9-fc76740958cd.4,ASM16373v1,genome,ftp://massive.ucsd.edu/MSV000082045/peak/HMP/Samples/Anaerobic_RCM__49_RG1_01_24993.mzXML,MSV000082045,True,unvalidated_pairs
5e920f02-2ae7-4d58-a4b9-fc76740958cd.4,ASM16227v1,genome,ftp://massive.ucsd.edu/MSV000082045/peak/HMP/Samples/Anaerobic_RCM_77_RE5_01_22416.mzXML,MSV000082045,True,unvalidated_pairs
5e920f02-2ae7-4d58-a4b9-fc76740958cd.4,ASM16227v1,genome,ftp://massive.ucsd.edu/MSV000082045/peak/HMP/Samples/Anaerobic_TSB_77_RD12_01_25861.mzXML,MSV000082045,True,unvalidated_pairs
5e920f02-2ae7-4d58-a4b9-fc76740958cd.4,ASM16227v1,genome,ftp://massive.ucsd.edu/MSV000082045/peak/HMP/Samples/Anaerobic_BHI77_RE7_01_22660.mzXML,MSV000082045,True,unvalidated_pairs
5e920f02-2ae7-4d58-a4b9-fc76740958cd.4,ASM16303v1,genome,ftp://massive.ucsd.edu/MSV000082045/peak/HMP/Samples/Anaerobic_RCM_80_RB2_01_22285.mzXML,MSV000082045,True,unvalidated_pairs
5e920f02-2ae7-4d58-a4b9-fc76740958cd.4,ASM15839v1,genome,ftp://massive.ucsd.edu/MSV000082045/peak/HMP/Samples/Aerobic_RCM_87_RD11_01_22812.mzXML,MSV000082045,True,unvalidated_pairs
5e920f02-2ae7-4d58-a4b9-fc76740958cd.4,ASM15839v1,genome,ftp://massive.ucsd.edu/MSV000082045/peak/HMP/Samples/Aerobic_TSB_87_BC10_01_22892.mzXML,MSV000082045,True,unvalidated_pairs
5e920f02-2ae7-4d58-a4b9-fc76740958cd.4,ASM15839v1,genome,ftp://massive.ucsd.edu/MSV000082045/peak/HMP/Samples/Aerobic_BHI_87_BD5_01_22715.mzXML,MSV000082045,True,unvalidated_pairs
5e920f02-2ae7-4d58-a4b9-fc76740958cd.4,ASM16289v1,genome,ftp://massive.ucsd.edu/MSV000082045/peak/HMP/Samples/Aerobic_RCM_90_RE7_01_22575.mzXML,MSV000082045,True,unvalidated_pairs
5e920f02-2ae7-4d58-a4b9-fc76740958cd.4,ASM16289v1,genome,ftp://massive.ucsd.edu/MSV000082045/peak/HMP/Samples/Aerobic_TSB_90_RF2_01_22243.mzXML,MSV000082045,True,unvalidated_pairs
5e920f02-2ae7-4d58-a4b9-fc76740958cd.4,ASM16289v1,genome,ftp://massive.ucsd.edu/MSV000082045/peak/HMP/Samples/Aerobic_BHI_90_RE6_01_22986.mzXML,MSV000082045,True,unvalidated_pairs
5e920f02-2ae7-4d58-a4b9-fc76740958cd.4,ASM9087v1,genome,ftp://massive.ucsd.edu/MSV000082045/peak/HMP/Samples/Aerobic_RCM_91_RB5_01_22534.mzXML,MSV000082045,True,unvalidated_pairs
5e920f02-2ae7-4d58-a4b9-fc76740958cd.4,ASM9087v1,genome,ftp://massive.ucsd.edu/MSV000082045/peak/HMP/Samples/Aerobic_TSB_91_RB6_01_22195.mzXML,MSV000082045,True,unvalidated_pairs
5e920f02-2ae7-4d58-a4b9-fc76740958cd.4,ASM9087v1,genome,ftp://massive.ucsd.edu/MSV000082045/peak/HMP/Samples/Aerobic_BHI_91_RB4_01_22945.mzXML,MSV000082045,True,unvalidated_pairs
5e920f02-2ae7-4d58-a4b9-fc76740958cd.4,ASM16291v1,genome,ftp://massive.ucsd.edu/MSV000082045/peak/HMP/Samples/Anaerobic_RCM_93_RB5_01_22288.mzXML,MSV000082045,True,unvalidated_pairs
5e920f02-2ae7-4d58-a4b9-fc76740958cd.4,ASM17527v1,genome,ftp://massive.ucsd.edu/MSV000082045/peak/HMP/Samples/Aerobic_RCM_115_RB2_01_22531.mzXML,MSV000082045,True,unvalidated_pairs
5e920f02-2ae7-4d58-a4b9-fc76740958cd.4,ASM17527v1,genome,ftp://massive.ucsd.edu/MSV000082045/peak/HMP/Samples/Aerobic_TSB_115_RB3_01_22192.mzXML,MSV000082045,True,unvalidated_pairs
5e920f02-2ae7-4d58-a4b9-fc76740958cd.4,ASM17527v1,genome,ftp://massive.ucsd.edu/MSV000082045/peak/HMP/Samples/Aerobic_BHI_115_RB1_01_22942.mzXML,MSV000082045,True,unvalidated_pairs
5e920f02-2ae7-4d58-a4b9-fc76740958cd.4,Lach_bact_7_1_58FAA_V1,genome,ftp://massive.ucsd.edu/MSV000082045/peak/HMP/Samples/Anaerobic_TSB_153_RC9_01_25845.mzXML,MSV000082045,True,unvalidated_pairs
5e920f02-2ae7-4d58-a4b9-fc76740958cd.4,Lach_bact_2_1_58FAA_V1,genome,ftp://massive.ucsd.edu/MSV000082045/peak/HMP/Samples/Anaerobic_RCM_154_RD1_01_22399.mzXML,MSV000082045,True,unvalidated_pairs
5e920f02-2ae7-4d58-a4b9-fc76740958cd.4,ASM18560v1,genome,ftp://massive.ucsd.edu/MSV000082045/peak/HMP/Samples/Anaerobic_RCM_210_RB11_01_22123.mzXML,MSV000082045,True,unvalidated_pairs
5e920f02-2ae7-4d58-a4b9-fc76740958cd.4,ASM18560v1,genome,ftp://massive.ucsd.edu/MSV000082045/peak/HMP/Samples/Anaerobic_TSB_210_RC2_01_22465.mzXML,MSV000082045,True,unvalidated_pairs
5e920f02-2ae7-4d58-a4b9-fc76740958cd.4,Pseudomonas_sp_2_1_26_V1,genome,ftp://massive.ucsd.edu/MSV000082045/peak/HMP/Samples/Aerobic_RCM_214_RB9_01_22538.mzXML,MSV000082045,True,unvalidated_pairs
5e920f02-2ae7-4d58-a4b9-fc76740958cd.4,Pseudomonas_sp_2_1_26_V1,genome,ftp://massive.ucsd.edu/MSV000082045/peak/HMP/Samples/Aerobic_TSB_214_RB10_01_22199.mzXML,MSV000082045,True,unvalidated_pairs
5e920f02-2ae7-4d58-a4b9-fc76740958cd.4,Achr_xylo_C54_V2,genome,ftp://massive.ucsd.edu/MSV000082045/peak/HMP/Samples/Aerobic_RCM_235_RA2_01_22518.mzXML,MSV000082045,True,unvalidated_pairs
5e920f02-2ae7-4d58-a4b9-fc76740958cd.4,Achr_xylo_C54_V2,genome,ftp://massive.ucsd.edu/MSV000082045/peak/HMP/Samples/Aerobic_TSB_235_RA2_01_22179.mzXML,MSV000082045,True,unvalidated_pairs
5e920f02-2ae7-4d58-a4b9-fc76740958cd.4,Achr_xylo_C54_V2,genome,ftp://massive.ucsd.edu/MSV000082045/peak/HMP/Samples/Aerobic_BHI_235_RA2_01_22930.mzXML,MSV000082045,True,unvalidated_pairs
5e920f02-2ae7-4d58-a4b9-fc76740958cd.4,Acti,genome,ftp://massive.ucsd.edu/MSV000082045/peak/HMP/Samples/Anaerobic_RCM_236_RB3_01_22115.mzXML,MSV000082045,True,unvalidated_pairs
5e920f02-2ae7-4d58-a4b9-fc76740958cd.4,Acti,genome,ftp://massive.ucsd.edu/MSV000082045/peak/HMP/Samples/Anaerobic_TSB_236_RB5_01_22455.mzXML,MSV000082045,True,unvalidated_pairs
5e920f02-2ae7-4d58-a4b9-fc76740958cd.4,Acti,genome,ftp://massive.ucsd.edu/MSV000082045/peak/HMP/Samples/Anaerobic_BHI_236_BB5_01_23032.mzXML,MSV000082045,True,unvalidated_pairs
5e920f02-2ae7-4d58-a4b9-fc76740958cd.4,Acti_vis_C505_V3,genome,ftp://massive.ucsd.edu/MSV000082045/peak/HMP/Samples/Anaerobic_RCM_238_RB4_01_22116.mzXML,MSV000082045,True,unvalidated_pairs
5e920f02-2ae7-4d58-a4b9-fc76740958cd.4,Acti_vis_C505_V3,genome,ftp://massive.ucsd.edu/MSV000082045/peak/HMP/Samples/Anaerobic_TSB_238_RB6_01_22456.mzXML,MSV000082045,True,unvalidated_pairs
5e920f02-2ae7-4d58-a4b9-fc76740958cd.4,Acti_vis_C505_V3,genome,ftp://massive.ucsd.edu/MSV000082045/peak/HMP/Samples/Anaerobic_BHI_238_BB6_01_23033.mzXML,MSV000082045,True,unvalidated_pairs
5e920f02-2ae7-4d58-a4b9-fc76740958cd.4,Geme_sang_M325_V2,genome,ftp://massive.ucsd.edu/MSV000082045/peak/HMP/Samples/Aerobic_RCM_241_RA12_01_22774.mzXML,MSV000082045,True,unvalidated_pairs
5e920f02-2ae7-4d58-a4b9-fc76740958cd.4,Geme_sang_M325_V2,genome,ftp://massive.ucsd.edu/MSV000082045/peak/HMP/Samples/Aerobic_TSB_241_BA11_01_22867.mzXML,MSV000082045,True,unvalidated_pairs
5e920f02-2ae7-4d58-a4b9-fc76740958cd.4,Neis_muco_C102_V1,genome,ftp://massive.ucsd.edu/MSV000082045/peak/HMP/Samples/Aerobic_RCM_242_RB3_01_22532.mzXML,MSV000082045,True,unvalidated_pairs
5e920f02-2ae7-4d58-a4b9-fc76740958cd.4,Neis_muco_C102_V1,genome,ftp://massive.ucsd.edu/MSV000082045/peak/HMP/Samples/Aerobic_TSB_242_RB4_01_22193.mzXML,MSV000082045,True,unvalidated_pairs
5e920f02-2ae7-4d58-a4b9-fc76740958cd.4,Neis_muco_C102_V1,genome,ftp://massive.ucsd.edu/MSV000082045/peak/HMP/Samples/Aerobic_BHI_242_RB2_01_22943.mzXML,MSV000082045,True,unvalidated_pairs
5e920f02-2ae7-4d58-a4b9-fc76740958cd.4,ASM18744v1,genome,ftp://massive.ucsd.edu/MSV000082045/peak/HMP/Samples/Aerobic_RCM_248_RG3_01_22843.mzXML,MSV000082045,True,unvalidated_pairs
5e920f02-2ae7-4d58-a4b9-fc76740958cd.4,ASM18744v1,genome,ftp://massive.ucsd.edu/MSV000082045/peak/HMP/Samples/Aerobic_TSB_248_RH2_01_23093.mzXML,MSV000082045,True,unvalidated_pairs
5e920f02-2ae7-4d58-a4b9-fc76740958cd.4,ASM18744v1,genome,ftp://massive.ucsd.edu/MSV000082045/peak/HMP/Samples/Aerobic_BHI_248_BF10_01_22746.mzXML,MSV000082045,True,unvalidated_pairs
5e920f02-2ae7-4d58-a4b9-fc76740958cd.4,Clos_hath_WAL_18680_V1,genome,ftp://massive.ucsd.edu/MSV000082045/peak/HMP/Samples/Anaerobic_TSB_308_RA4_01_22441.mzXML,MSV000082045,True,unvalidated_pairs
5e920f02-2ae7-4d58-a4b9-fc76740958cd.4,Clos_hath_WAL_18680_V1,genome,ftp://massive.ucsd.edu/MSV000082045/peak/HMP/Samples/Anaerobic_BHI_308_BA6_01_23020.mzXML,MSV000082045,True,unvalidated_pairs
5e920f02-2ae7-4d58-a4b9-fc76740958cd.4,Stre_inte_F0413_V1,genome,ftp://massive.ucsd.edu/MSV000082045/peak/HMP/Samples/Aerobic_RCM_368_RD12_01_22567.mzXML,MSV000082045,True,unvalidated_pairs
5e920f02-2ae7-4d58-a4b9-fc76740958cd.4,Stre_inte_F0413_V1,genome,ftp://massive.ucsd.edu/MSV000082045/peak/HMP/Samples/Aerobic_TSB_368_RE7_01_22235.mzXML,MSV000082045,True,unvalidated_pairs
5e920f02-2ae7-4d58-a4b9-fc76740958cd.4,Stre_inte_F0413_V1,genome,ftp://massive.ucsd.edu/MSV000082045/peak/HMP/Samples/Aerobic_BHI_368_RD12_01_22979.mzXML,MSV000082045,True,unvalidated_pairs
5e920f02-2ae7-4d58-a4b9-fc76740958cd.4,Prev_hist_F0411_V1,genome,ftp://massive.ucsd.edu/MSV000082045/peak/HMP/Samples/Anaerobic_RCM_471_RB1_01_22284.mzXML,MSV000082045,True,unvalidated_pairs
5e920f02-2ae7-4d58-a4b9-fc76740958cd.4,ASM15905v1,genome,ftp://massive.ucsd.edu/MSV000082045/peak/HMP/Samples/Anaerobic_TSB_635_RA4_01_25814.mzXML,MSV000082045,True,unvalidated_pairs
5e920f02-2ae7-4d58-a4b9-fc76740958cd.4,ASM17995v1,genome,ftp://massive.ucsd.edu/MSV000082045/peak/HMP/Samples/Aerobic_TSB_706_BC5_01_22887.mzXML,MSV000082045,True,unvalidated_pairs
5e920f02-2ae7-4d58-a4b9-fc76740958cd.4,Bact_frag_CL07T00C01_V1,genome,ftp://massive.ucsd.edu/MSV000082045/peak/HMP/Samples/Anaerobic_RCM_709_RC6_01_22131.mzXML,MSV000082045,True,unvalidated_pairs
5e920f02-2ae7-4d58-a4b9-fc76740958cd.4,Bact_frag_CL07T00C01_V1,genome,ftp://massive.ucsd.edu/MSV000082045/peak/HMP/Samples/Anaerobic_TSB_709_RC9_01_22472.mzXML,MSV000082045,True,unvalidated_pairs
5e920f02-2ae7-4d58-a4b9-fc76740958cd.4,Bact_frag_CL07T00C01_V1,genome,ftp://massive.ucsd.edu/MSV000082045/peak/HMP/Samples/Anaerobic_BHI_709_BC9_01_23049.mzXML,MSV000082045,True,unvalidated_pairs
5e920f02-2ae7-4d58-a4b9-fc76740958cd.4,ASM9094v1,genome,ftp://massive.ucsd.edu/MSV000082045/peak/HMP/Samples/Anaerobic_RCM_6_RE10_01_22421.mzXML,MSV000082045,True,unvalidated_pairs
5e920f02-2ae7-4d58-a4b9-fc76740958cd.4,ASM9094v1,genome,ftp://massive.ucsd.edu/MSV000082045/peak/HMP/Samples/Anaerobic_TSB_6_RE5_01_25867.mzXML,MSV000082045,True,unvalidated_pairs
5e920f02-2ae7-4d58-a4b9-fc76740958cd.4,ASM9094v1,genome,ftp://massive.ucsd.edu/MSV000082045/peak/HMP/Samples/Anaerobic_BHI6_RE12_01_22665.mzXML,MSV000082045,True,unvalidated_pairs
5e920f02-2ae7-4d58-a4b9-fc76740958cd.4,ASM15701v1,genome,ftp://massive.ucsd.edu/MSV000082045/peak/HMP/Samples/Anaerobic_RCM_20_RC3_01_22128.mzXML,MSV000082045,True,unvalidated_pairs
5e920f02-2ae7-4d58-a4b9-fc76740958cd.4,ASM15701v1,genome,ftp://massive.ucsd.edu/MSV000082045/peak/HMP/Samples/Anaerobic_TSB_20_RC6_01_22469.mzXML,MSV000082045,True,unvalidated_pairs
5e920f02-2ae7-4d58-a4b9-fc76740958cd.4,ASM15701v1,genome,ftp://massive.ucsd.edu/MSV000082045/peak/HMP/Samples/Anaerobic_BHI_20_BC6_01_23046.mzXML,MSV000082045,True,unvalidated_pairs
5e920f02-2ae7-4d58-a4b9-fc76740958cd.4,Bact_sp_1_1_6_V2,genome,ftp://massive.ucsd.edu/MSV000082045/peak/HMP/Samples/Anaerobic_RCM_23_RC12_01_22137.mzXML,MSV000082045,True,unvalidated_pairs
5e920f02-2ae7-4d58-a4b9-fc76740958cd.4,Bact_sp_1_1_6_V2,genome,ftp://massive.ucsd.edu/MSV000082045/peak/HMP/Samples/Anaerobic_TSB_23_RD3_01_22479.mzXML,MSV000082045,True,unvalidated_pairs
5e920f02-2ae7-4d58-a4b9-fc76740958cd.4,Bact_sp_1_1_6_V2,genome,ftp://massive.ucsd.edu/MSV000082045/peak/HMP/Samples/Anaerobic_BHI_23_BD2_01_23055.mzXML,MSV000082045,True,unvalidated_pairs
5e920f02-2ae7-4d58-a4b9-fc76740958cd.4,Bact_sp_9_1_42FAA_V2,genome,ftp://massive.ucsd.edu/MSV000082045/peak/HMP/Samples/Anaerobic_RCM_27_RD4_01_22142.mzXML,MSV000082045,True,unvalidated_pairs
5e920f02-2ae7-4d58-a4b9-fc76740958cd.4,Bact_sp_9_1_42FAA_V2,genome,ftp://massive.ucsd.edu/MSV000082045/peak/HMP/Samples/Anaerobic_TSB_27_RD7_01_22483.mzXML,MSV000082045,True,unvalidated_pairs
5e920f02-2ae7-4d58-a4b9-fc76740958cd.4,Bact_sp_9_1_42FAA_V2,genome,ftp://massive.ucsd.edu/MSV000082045/peak/HMP/Samples/Anaerobic_BHI_27_BD6_01_23059.mzXML,MSV000082045,True,unvalidated_pairs
5e920f02-2ae7-4d58-a4b9-fc76740958cd.4,ASM17501v1,genome,ftp://massive.ucsd.edu/MSV000082045/peak/HMP/Samples/Aerobic_RCM_51_RF6_01_22587.mzXML,MSV000082045,True,unvalidated_pairs
5e920f02-2ae7-4d58-a4b9-fc76740958cd.4,ASM17501v1,genome,ftp://massive.ucsd.edu/MSV000082045/peak/HMP/Samples/Aerobic_TSB_51_RF12_01_22254.mzXML,MSV000082045,True,unvalidated_pairs
5e920f02-2ae7-4d58-a4b9-fc76740958cd.4,ASM16213v1,genome,ftp://massive.ucsd.edu/MSV000082045/peak/HMP/Samples/Anaerobic_RCM_58_RD1_01_22139.mzXML,MSV000082045,True,unvalidated_pairs
5e920f02-2ae7-4d58-a4b9-fc76740958cd.4,ASM16213v1,genome,ftp://massive.ucsd.edu/MSV000082045/peak/HMP/Samples/Anaerobic_TSB_58_RD4_01_22480.mzXML,MSV000082045,True,unvalidated_pairs
5e920f02-2ae7-4d58-a4b9-fc76740958cd.4,ASM16213v1,genome,ftp://massive.ucsd.edu/MSV000082045/peak/HMP/Samples/Anaerobic_BHI_58_BD3_01_23056.mzXML,MSV000082045,True,unvalidated_pairs
5e920f02-2ae7-4d58-a4b9-fc76740958cd.4,ASM16293v1,genome,ftp://massive.ucsd.edu/MSV000082045/peak/HMP/Samples/Anaerobic_RCM_92_RB9_01_22292.mzXML,MSV000082045,True,unvalidated_pairs
5e920f02-2ae7-4d58-a4b9-fc76740958cd.4,ASM17473v1,genome,ftp://massive.ucsd.edu/MSV000082045/peak/HMP/Samples/Aerobic_RCM_119_RE8_01_22822.mzXML,MSV000082045,True,unvalidated_pairs
5e920f02-2ae7-4d58-a4b9-fc76740958cd.4,ASM17473v1,genome,ftp://massive.ucsd.edu/MSV000082045/peak/HMP/Samples/Aerobic_TSB_119_BD7_01_22902.mzXML,MSV000082045,True,unvalidated_pairs
5e920f02-2ae7-4d58-a4b9-fc76740958cd.4,ASM17473v1,genome,ftp://massive.ucsd.edu/MSV000082045/peak/HMP/Samples/Aerobic_BHI_119_BE3_01_22726.mzXML,MSV000082045,True,unvalidated_pairs
5e920f02-2ae7-4d58-a4b9-fc76740958cd.4,Fuso_nucl_F0401_V2,genome,ftp://massive.ucsd.edu/MSV000082045/peak/HMP/Samples/Anaerobic_TSB_260_RB11_01_25834.mzXML,MSV000082045,True,unvalidated_pairs
5e920f02-2ae7-4d58-a4b9-fc76740958cd.4,Fuso_nucl_F0401_V2,genome,ftp://massive.ucsd.edu/MSV000082045/peak/HMP/Samples/Anaerobic_BHI260_RB12_01_22626.mzXML,MSV000082045,True,unvalidated_pairs
5e920f02-2ae7-4d58-a4b9-fc76740958cd.4,ASM17933v1,genome,ftp://massive.ucsd.edu/MSV000082045/peak/HMP/Samples/Anaerobic_RCM__263_RA1_01_22271.mzXML,MSV000082045,True,unvalidated_pairs
5e920f02-2ae7-4d58-a4b9-fc76740958cd.4,Prot_mira_WGLW6_V1,genome,ftp://massive.ucsd.edu/MSV000082045/peak/HMP/Samples/Aerobic_RCM_753_RB7_01_22536.mzXML,MSV000082045,True,unvalidated_pairs
5e920f02-2ae7-4d58-a4b9-fc76740958cd.4,Prot_mira_WGLW6_V1,genome,ftp://massive.ucsd.edu/MSV000082045/peak/HMP/Samples/Aerobic_TSB_753_RB8_01_22197.mzXML,MSV000082045,True,unvalidated_pairs
5e920f02-2ae7-4d58-a4b9-fc76740958cd.4,Prot_mira_WGLW6_V1,genome,ftp://massive.ucsd.edu/MSV000082045/peak/HMP/Samples/Aerobic_BHI_753_RB8_01_22949.mzXML,MSV000082045,True,unvalidated_pairs
5e920f02-2ae7-4d58-a4b9-fc76740958cd.4,EspAS15v1,genome,ftp://massive.ucsd.edu/MSV000082045/peak/HMP/Samples/Anaerobic_RCM_766_RA2_01_22272.mzXML,MSV000082045,True,unvalidated_pairs
5e920f02-2ae7-4d58-a4b9-fc76740958cd.4,EspAS15v1,genome,ftp://massive.ucsd.edu/MSV000082045/peak/HMP/Samples/Anaerobic_TSB_766_RD1_01_24963.mzXML,MSV000082045,True,unvalidated_pairs
5e920f02-2ae7-4d58-a4b9-fc76740958cd.4,Clos_bact_OBRC5-5_V1,genome,ftp://massive.ucsd.edu/MSV000082045/peak/HMP/Samples/Anaerobic_RCM_780_RE12_01_22163.mzXML,MSV000082045,True,unvalidated_pairs
5e920f02-2ae7-4d58-a4b9-fc76740958cd.4,Clos_bact_OBRC5-5_V1,genome,ftp://massive.ucsd.edu/MSV000082045/peak/HMP/Samples/Anaerobic_BHI_780_BE12_01_23078.mzXML,MSV000082045,True,unvalidated_pairs
5e920f02-2ae7-4d58-a4b9-fc76740958cd.4,SparasanguinisF0449v1,genome,ftp://massive.ucsd.edu/MSV000082045/peak/HMP/Samples/Aerobic_RCM_808_RF2_01_22829.mzXML,MSV000082045,True,unvalidated_pairs
5e920f02-2ae7-4d58-a4b9-fc76740958cd.4,SparasanguinisF0449v1,genome,ftp://massive.ucsd.edu/MSV000082045/peak/HMP/Samples/Aerobic_TSB_808_BD12_01_22907.mzXML,MSV000082045,True,unvalidated_pairs
5e920f02-2ae7-4d58-a4b9-fc76740958cd.4,SparasanguinisF0449v1,genome,ftp://massive.ucsd.edu/MSV000082045/peak/HMP/Samples/Aerobic_BHI_808_BE9_01_22732.mzXML,MSV000082045,True,unvalidated_pairs
5e920f02-2ae7-4d58-a4b9-fc76740958cd.4,AmassiliensisF0489v1,genome,ftp://massive.ucsd.edu/MSV000082045/peak/HMP/Samples/Aerobic_RCM_814_RE5_01_22573.mzXML,MSV000082045,True,unvalidated_pairs
5e920f02-2ae7-4d58-a4b9-fc76740958cd.4,AmassiliensisF0489v1,genome,ftp://massive.ucsd.edu/MSV000082045/peak/HMP/Samples/Aerobic_TSB_814_RE12_01_22240.mzXML,MSV000082045,True,unvalidated_pairs
5e920f02-2ae7-4d58-a4b9-fc76740958cd.4,AmassiliensisF0489v1,genome,ftp://massive.ucsd.edu/MSV000082045/peak/HMP/Samples/Aerobic_BHI_814_RE4_01_22984.mzXML,MSV000082045,True,unvalidated_pairs
673176da-1f92-40b4-a301-bc4d6278a1dd.1,Salinispora arenicola BRA172,genome,ftp://massive.ucsd.edu/MSV000085589/peak/LCMSMS_BRA-172A_POS_B_1-7_01_9827.mzXML,MSV000085589,True,unvalidated_pairs
673176da-1f92-40b4-a301-bc4d6278a1dd.1,Salinispora arenicola BRA190,genome,ftp://massive.ucsd.edu/MSV000085589/peak/LCMSMS_BRA-190A_POS_B_1-17_01_9837.mzXML,MSV000085589,True,unvalidated_pairs
6a06ddea-d393-48fc-9314-dbb31e6e0fa1.2,Whole Genome,genome,"ftp://massive.ucsd.edu/MSV000090193/peak/MSMS_B482_ASWA_1-F,5_01_20040.mzML",MSV000090193,True,unvalidated_pairs
6ad1d8ed-40e4-4417-9ca2-c9274efb5f9c.2,Streptomyces clavuligerus,genome,ftp://massive.ucsd.edu/MSV000083835/peak/MeOH_Pos_mzML/39.mzML,MSV000083835,True,unvalidated_pairs
6ad1d8ed-40e4-4417-9ca2-c9274efb5f9c.2,Streptomyces clavuligerus,genome,ftp://massive.ucsd.edu/MSV000083835/peak/MeOH_Pos_mzML/42.mzML,MSV000083835,True,validated_pairs
6ad1d8ed-40e4-4417-9ca2-c9274efb5f9c.2,Streptomyces clavuligerus,genome,ftp://massive.ucsd.edu/MSV000083835/peak/EtOAc_Pos_mzML/63.mzML,MSV000083835,True,unvalidated_pairs
6ad1d8ed-40e4-4417-9ca2-c9274efb5f9c.2,Streptomyces clavuligerus,genome,ftp://massive.ucsd.edu/MSV000083835/peak/EtOAc_Pos_mzML/60.mzML,MSV000083835,True,validated_pairs
6ad1d8ed-40e4-4417-9ca2-c9274efb5f9c.2,Streptomyces clavuligerus,genome,ftp://massive.ucsd.edu/MSV000083835/peak/MeOH_Neg_mzML/39.mzML,MSV000083835,True,unvalidated_pairs
6ad1d8ed-40e4-4417-9ca2-c9274efb5f9c.2,Streptomyces clavuligerus,genome,ftp://massive.ucsd.edu/MSV000083835/peak/MeOH_Neg_mzML/42.mzML,MSV000083835,True,validated_pairs
6ad1d8ed-40e4-4417-9ca2-c9274efb5f9c.2,Streptomyces clavuligerus,genome,ftp://massive.ucsd.edu/MSV000083835/peak/EtOAc_Neg_mzML/63.mzML,MSV000083835,True,unvalidated_pairs
6ad1d8ed-40e4-4417-9ca2-c9274efb5f9c.2,Streptomyces clavuligerus,genome,ftp://massive.ucsd.edu/MSV000083835/peak/EtOAc_Neg_mzML/60.mzML,MSV000083835,True,validated_pairs
6ad1d8ed-40e4-4417-9ca2-c9274efb5f9c.2,Streptomyces clavuligerus,genome,ftp://massive.ucsd.edu/MSV000083835/peak/MeOH_Pos_mzML/54.mzML,MSV000083835,True,validated_pairs
6ad1d8ed-40e4-4417-9ca2-c9274efb5f9c.2,Streptomyces clavuligerus,genome,ftp://massive.ucsd.edu/MSV000083835/peak/MeOH_Pos_mzML/51.mzML,MSV000083835,True,validated_pairs
6ad1d8ed-40e4-4417-9ca2-c9274efb5f9c.2,Streptomyces clavuligerus,genome,ftp://massive.ucsd.edu/MSV000083835/peak/EtOAc_Pos_mzML/75.mzML,MSV000083835,True,unvalidated_pairs
6ad1d8ed-40e4-4417-9ca2-c9274efb5f9c.2,Streptomyces clavuligerus,genome,ftp://massive.ucsd.edu/MSV000083835/peak/EtOAc_Pos_mzML/72.mzML,MSV000083835,True,unvalidated_pairs
6ad1d8ed-40e4-4417-9ca2-c9274efb5f9c.2,Streptomyces clavuligerus,genome,ftp://massive.ucsd.edu/MSV000083835/peak/MeOH_Neg_mzML/54.mzML,MSV000083835,True,validated_pairs
6ad1d8ed-40e4-4417-9ca2-c9274efb5f9c.2,Streptomyces clavuligerus,genome,ftp://massive.ucsd.edu/MSV000083835/peak/MeOH_Neg_mzML/51.mzML,MSV000083835,True,validated_pairs
6ad1d8ed-40e4-4417-9ca2-c9274efb5f9c.2,Streptomyces clavuligerus,genome,ftp://massive.ucsd.edu/MSV000083835/peak/EtOAc_Neg_mzML/75.mzML,MSV000083835,True,unvalidated_pairs
6ad1d8ed-40e4-4417-9ca2-c9274efb5f9c.2,Streptomyces clavuligerus,genome,ftp://massive.ucsd.edu/MSV000083835/peak/EtOAc_Neg_mzML/72.mzML,MSV000083835,True,unvalidated_pairs
6ad1d8ed-40e4-4417-9ca2-c9274efb5f9c.2,Streptomyces clavuligerus,genome,ftp://massive.ucsd.edu/MSV000083835/peak/MeOH_Pos_mzML/48.mzML,MSV000083835,True,unvalidated_pairs
6ad1d8ed-40e4-4417-9ca2-c9274efb5f9c.2,Streptomyces clavuligerus,genome,ftp://massive.ucsd.edu/MSV000083835/peak/MeOH_Pos_mzML/45.mzML,MSV000083835,True,unvalidated_pairs
6ad1d8ed-40e4-4417-9ca2-c9274efb5f9c.2,Streptomyces clavuligerus,genome,ftp://massive.ucsd.edu/MSV000083835/peak/EtOAc_Pos_mzML/69.mzML,MSV000083835,True,unvalidated_pairs
6ad1d8ed-40e4-4417-9ca2-c9274efb5f9c.2,Streptomyces clavuligerus,genome,ftp://massive.ucsd.edu/MSV000083835/peak/EtOAc_Pos_mzML/66.mzML,MSV000083835,True,unvalidated_pairs
6ad1d8ed-40e4-4417-9ca2-c9274efb5f9c.2,Streptomyces clavuligerus,genome,ftp://massive.ucsd.edu/MSV000083835/peak/MeOH_Neg_mzML/48.mzML,MSV000083835,True,unvalidated_pairs
6ad1d8ed-40e4-4417-9ca2-c9274efb5f9c.2,Streptomyces clavuligerus,genome,ftp://massive.ucsd.edu/MSV000083835/peak/MeOH_Neg_mzML/45.mzML,MSV000083835,True,unvalidated_pairs
6ad1d8ed-40e4-4417-9ca2-c9274efb5f9c.2,Streptomyces clavuligerus,genome,ftp://massive.ucsd.edu/MSV000083835/peak/EtOAc_Neg_mzML/69.mzML,MSV000083835,True,unvalidated_pairs
6ad1d8ed-40e4-4417-9ca2-c9274efb5f9c.2,Streptomyces clavuligerus,genome,ftp://massive.ucsd.edu/MSV000083835/peak/EtOAc_Neg_mzML/66.mzML,MSV000083835,True,unvalidated_pairs
6ce1fe58-acae-4c43-aaa6-0b5b359af571.3,A.prim,genome,ftp://massive.ucsd.edu/MSV000088226/peak/Fraction-6-1.mzML,MSV000088226,True,unvalidated_pairs
6ce1fe58-acae-4c43-aaa6-0b5b359af571.3,A.prim,genome,ftp://massive.ucsd.edu/MSV000088226/peak/Fraction-6-2.mzML,MSV000088226,True,unvalidated_pairs
6ce1fe58-acae-4c43-aaa6-0b5b359af571.3,A.prim,genome,ftp://massive.ucsd.edu/MSV000088226/peak/Fraction-6-3.mzML,MSV000088226,True,unvalidated_pairs
6ce1fe58-acae-4c43-aaa6-0b5b359af571.3,A.prim,genome,ftp://massive.ucsd.edu/MSV000088226/peak/Fraction-6-4.mzML,MSV000088226,True,unvalidated_pairs
6ce1fe58-acae-4c43-aaa6-0b5b359af571.3,A.prim,genome,ftp://massive.ucsd.edu/MSV000088226/peak/Fraction-6-5.mzML,MSV000088226,True,unvalidated_pairs
6ce1fe58-acae-4c43-aaa6-0b5b359af571.3,A.prim,genome,ftp://massive.ucsd.edu/MSV000088226/peak/Fraction-6-6.mzML,MSV000088226,True,unvalidated_pairs
6ea72318-a62e-49e5-a335-074a20fe51cf.3,Xalbi_1,genome,ftp://massive.ucsd.edu/MSV000080427/peak/XA_Frac_1.mzXML,MSV000080427,True,unvalidated_pairs
6ea72318-a62e-49e5-a335-074a20fe51cf.3,Xalbi_1,genome,ftp://massive.ucsd.edu/MSV000080427/peak/XA_Frac_2.mzXML,MSV000080427,True,unvalidated_pairs
6ea72318-a62e-49e5-a335-074a20fe51cf.3,Xalbi_1,genome,ftp://massive.ucsd.edu/MSV000080427/peak/XA_Frac_3.mzXML,MSV000080427,True,unvalidated_pairs
6ea72318-a62e-49e5-a335-074a20fe51cf.3,Xalbi_1,genome,ftp://massive.ucsd.edu/MSV000080427/peak/XA_Frac_4.mzXML,MSV000080427,True,unvalidated_pairs
6ea72318-a62e-49e5-a335-074a20fe51cf.3,Xalbi_1,genome,ftp://massive.ucsd.edu/MSV000080427/peak/XA_Frac_5.mzXML,MSV000080427,True,unvalidated_pairs
6ea72318-a62e-49e5-a335-074a20fe51cf.3,Xalbi_1,genome,ftp://massive.ucsd.edu/MSV000080427/peak/XA_Frac_6.mzXML,MSV000080427,True,unvalidated_pairs
6ea72318-a62e-49e5-a335-074a20fe51cf.3,Xalbi_1,genome,ftp://massive.ucsd.edu/MSV000080427/peak/XA_Frac_7.mzXML,MSV000080427,True,unvalidated_pairs
6ea72318-a62e-49e5-a335-074a20fe51cf.3,Xalbi_1,genome,ftp://massive.ucsd.edu/MSV000080427/peak/XA_Frac_8.mzXML,MSV000080427,True,unvalidated_pairs
6ea72318-a62e-49e5-a335-074a20fe51cf.3,Xalbi_1,genome,ftp://massive.ucsd.edu/MSV000080427/peak/XA_Frac_9.mzXML,MSV000080427,True,unvalidated_pairs
6ea72318-a62e-49e5-a335-074a20fe51cf.3,Xalbi_1,genome,ftp://massive.ucsd.edu/MSV000080427/peak/XA_Frac_10.mzXML,MSV000080427,True,unvalidated_pairs
707bce6a-5000-43e0-95bf-ddb41cb2ccfa.3,SAMN02463797,genome,ftp://massive.ucsd.edu/MSV000083734/peak/mzxml/PTJ0087_E_lenta_1356FAA_RA1_01_40141.mzXML,MSV000083734,True,unvalidated_pairs
707bce6a-5000-43e0-95bf-ddb41cb2ccfa.3,SAMN02463797,genome,ftp://massive.ucsd.edu/MSV000083734/peak/mzxml/PTJ0087_E_lenta_1356FAA_RB1_01_40154.mzXML,MSV000083734,True,unvalidated_pairs
707bce6a-5000-43e0-95bf-ddb41cb2ccfa.3,SAMN02463797,genome,ftp://massive.ucsd.edu/MSV000083734/peak/mzxml/PTJ0087_E_lenta_1356FAA_RC1_01_40167.mzXML,MSV000083734,True,unvalidated_pairs
707bce6a-5000-43e0-95bf-ddb41cb2ccfa.3,SAMN08365986,genome,ftp://massive.ucsd.edu/MSV000083734/peak/mzxml/PTJ0088_G_pamelaeae_3C_RE1_01_40193.mzXML,MSV000083734,True,unvalidated_pairs
707bce6a-5000-43e0-95bf-ddb41cb2ccfa.3,SAMN08365986,genome,ftp://massive.ucsd.edu/MSV000083734/peak/mzxml/PTJ0088_G_pamelaeae_3C_RF1_01_40206.mzXML,MSV000083734,True,unvalidated_pairs
707bce6a-5000-43e0-95bf-ddb41cb2ccfa.3,SAMN08365986,genome,ftp://massive.ucsd.edu/MSV000083734/peak/mzxml/PTJ0088_G_pamelaeae_3C_RG1_01_40219.mzXML,MSV000083734,True,unvalidated_pairs
707bce6a-5000-43e0-95bf-ddb41cb2ccfa.3,SAMN08365960,genome,ftp://massive.ucsd.edu/MSV000083734/peak/mzxml/PTJ0089_E_lenta_11C_RA2_01_40142.mzXML,MSV000083734,True,unvalidated_pairs
707bce6a-5000-43e0-95bf-ddb41cb2ccfa.3,SAMN08365960,genome,ftp://massive.ucsd.edu/MSV000083734/peak/mzxml/PTJ0089_E_lenta_11C_RB2_01_40155.mzXML,MSV000083734,True,unvalidated_pairs
707bce6a-5000-43e0-95bf-ddb41cb2ccfa.3,SAMN08365960,genome,ftp://massive.ucsd.edu/MSV000083734/peak/mzxml/PTJ0089_E_lenta_11C_RH1_01_40232.mzXML,MSV000083734,True,unvalidated_pairs
707bce6a-5000-43e0-95bf-ddb41cb2ccfa.3,SAMN08365961,genome,ftp://massive.ucsd.edu/MSV000083734/peak/mzxml/PTJ0090_E_lenta_14A_RC2_01_40168.mzXML,MSV000083734,True,unvalidated_pairs
707bce6a-5000-43e0-95bf-ddb41cb2ccfa.3,SAMN08365961,genome,ftp://massive.ucsd.edu/MSV000083734/peak/mzxml/PTJ0090_E_lenta_14A_RD2_01_40181.mzXML,MSV000083734,True,unvalidated_pairs
707bce6a-5000-43e0-95bf-ddb41cb2ccfa.3,SAMN08365961,genome,ftp://massive.ucsd.edu/MSV000083734/peak/mzxml/PTJ0090_E_lenta_14A_RE2_01_40194.mzXML,MSV000083734,True,unvalidated_pairs
707bce6a-5000-43e0-95bf-ddb41cb2ccfa.3,SAMN08365962,genome,ftp://massive.ucsd.edu/MSV000083734/peak/mzxml/PTJ0091_E_lenta_16A_RF2_01_40207.mzXML,MSV000083734,True,unvalidated_pairs
707bce6a-5000-43e0-95bf-ddb41cb2ccfa.3,SAMN08365962,genome,ftp://massive.ucsd.edu/MSV000083734/peak/mzxml/PTJ0091_E_lenta_16A_RG2_01_40220.mzXML,MSV000083734,True,unvalidated_pairs
707bce6a-5000-43e0-95bf-ddb41cb2ccfa.3,SAMN08365962,genome,ftp://massive.ucsd.edu/MSV000083734/peak/mzxml/PTJ0091_E_lenta_16A_RH2_01_40233.mzXML,MSV000083734,True,unvalidated_pairs
707bce6a-5000-43e0-95bf-ddb41cb2ccfa.3,SAMN08365964,genome,ftp://massive.ucsd.edu/MSV000083734/peak/mzxml/PTJ0092_E_lenta_22C_RA3_01_40143.mzXML,MSV000083734,True,unvalidated_pairs
707bce6a-5000-43e0-95bf-ddb41cb2ccfa.3,SAMN08365964,genome,ftp://massive.ucsd.edu/MSV000083734/peak/mzxml/PTJ0092_E_lenta_22C_RB3_01_40156.mzXML,MSV000083734,True,unvalidated_pairs
707bce6a-5000-43e0-95bf-ddb41cb2ccfa.3,SAMN08365964,genome,ftp://massive.ucsd.edu/MSV000083734/peak/mzxml/PTJ0092_E_lenta_22C_RC3_01_40169.mzXML,MSV000083734,True,unvalidated_pairs
707bce6a-5000-43e0-95bf-ddb41cb2ccfa.3,SAMN08365965,genome,ftp://massive.ucsd.edu/MSV000083734/peak/mzxml/PTJ0093_E_lenta_28B_RE3_01_40195.mzXML,MSV000083734,True,unvalidated_pairs
707bce6a-5000-43e0-95bf-ddb41cb2ccfa.3,SAMN08365965,genome,ftp://massive.ucsd.edu/MSV000083734/peak/mzxml/PTJ0093_E_lenta_28B_RF3_01_40208.mzXML,MSV000083734,True,unvalidated_pairs
707bce6a-5000-43e0-95bf-ddb41cb2ccfa.3,SAMN08365965,genome,ftp://massive.ucsd.edu/MSV000083734/peak/mzxml/PTJ0093_E_lenta_28B_RG3_01_40221.mzXML,MSV000083734,True,unvalidated_pairs
707bce6a-5000-43e0-95bf-ddb41cb2ccfa.3,SAMN08365987,genome,ftp://massive.ucsd.edu/MSV000083734/peak/mzxml/PTJ0094_G_spp_28C_RA4_01_40144.mzXML,MSV000083734,True,unvalidated_pairs
707bce6a-5000-43e0-95bf-ddb41cb2ccfa.3,SAMN08365987,genome,ftp://massive.ucsd.edu/MSV000083734/peak/mzxml/PTJ0094_G_spp_28C_RB4_01_40157.mzXML,MSV000083734,True,unvalidated_pairs
707bce6a-5000-43e0-95bf-ddb41cb2ccfa.3,SAMN08365987,genome,ftp://massive.ucsd.edu/MSV000083734/peak/mzxml/PTJ0094_G_spp_28C_RH3_01_40234.mzXML,MSV000083734,True,unvalidated_pairs
707bce6a-5000-43e0-95bf-ddb41cb2ccfa.3,SAMN08365975,genome,ftp://massive.ucsd.edu/MSV000083734/peak/mzxml/PTJ0109_E_lenta_DSM11767_RC4_01_40170.mzXML,MSV000083734,True,unvalidated_pairs
707bce6a-5000-43e0-95bf-ddb41cb2ccfa.3,SAMN08365975,genome,ftp://massive.ucsd.edu/MSV000083734/peak/mzxml/PTJ0109_E_lenta_DSM11767_RD4_01_40183.mzXML,MSV000083734,True,unvalidated_pairs
707bce6a-5000-43e0-95bf-ddb41cb2ccfa.3,SAMN08365975,genome,ftp://massive.ucsd.edu/MSV000083734/peak/mzxml/PTJ0109_E_lenta_DSM11767_RE4_01_40196.mzXML,MSV000083734,True,unvalidated_pairs
707bce6a-5000-43e0-95bf-ddb41cb2ccfa.3,SAMN08365976,genome,ftp://massive.ucsd.edu/MSV000083734/peak/mzxml/PTJ0110_E_lenta_DSM11863_RF4_01_40209.mzXML,MSV000083734,True,unvalidated_pairs
707bce6a-5000-43e0-95bf-ddb41cb2ccfa.3,SAMN08365976,genome,ftp://massive.ucsd.edu/MSV000083734/peak/mzxml/PTJ0110_E_lenta_DSM11863_RG4_01_40222.mzXML,MSV000083734,True,unvalidated_pairs
707bce6a-5000-43e0-95bf-ddb41cb2ccfa.3,SAMN08365976,genome,ftp://massive.ucsd.edu/MSV000083734/peak/mzxml/PTJ0110_E_lenta_DSM11863_RH4_01_40235.mzXML,MSV000083734,True,unvalidated_pairs
707bce6a-5000-43e0-95bf-ddb41cb2ccfa.3,SAMN08365977,genome,ftp://massive.ucsd.edu/MSV000083734/peak/mzxml/PTJ0111_E_lenta_DSM15644_RA5_01_40145.mzXML,MSV000083734,True,unvalidated_pairs
707bce6a-5000-43e0-95bf-ddb41cb2ccfa.3,SAMN08365977,genome,ftp://massive.ucsd.edu/MSV000083734/peak/mzxml/PTJ0111_E_lenta_DSM15644_RB5_01_40158.mzXML,MSV000083734,True,unvalidated_pairs
707bce6a-5000-43e0-95bf-ddb41cb2ccfa.3,SAMN08365977,genome,ftp://massive.ucsd.edu/MSV000083734/peak/mzxml/PTJ0111_E_lenta_DSM15644_RC5_01_40171.mzXML,MSV000083734,True,unvalidated_pairs
707bce6a-5000-43e0-95bf-ddb41cb2ccfa.3,SAMN08365985,genome,ftp://massive.ucsd.edu/MSV000083734/peak/mzxml/PTJ0112_E_sinensis_DSM16107_RE5_01_40197.mzXML,MSV000083734,True,unvalidated_pairs
707bce6a-5000-43e0-95bf-ddb41cb2ccfa.3,SAMN08365985,genome,ftp://massive.ucsd.edu/MSV000083734/peak/mzxml/PTJ0112_E_sinensis_DSM16107_RF5_01_40210.mzXML,MSV000083734,True,unvalidated_pairs
707bce6a-5000-43e0-95bf-ddb41cb2ccfa.3,SAMN08365985,genome,ftp://massive.ucsd.edu/MSV000083734/peak/mzxml/PTJ0112_E_sinensis_DSM16107_RG5_01_40223.mzXML,MSV000083734,True,unvalidated_pairs
707bce6a-5000-43e0-95bf-ddb41cb2ccfa.3,SAMN08365979,genome,ftp://massive.ucsd.edu/MSV000083734/peak/mzxml/PTJ0166_E_lenta_DSM2243UCSF_RA6_01_40146.mzXML,MSV000083734,True,unvalidated_pairs
707bce6a-5000-43e0-95bf-ddb41cb2ccfa.3,SAMN08365979,genome,ftp://massive.ucsd.edu/MSV000083734/peak/mzxml/PTJ0166_E_lenta_DSM2243UCSF_RB6_01_40159.mzXML,MSV000083734,True,unvalidated_pairs
707bce6a-5000-43e0-95bf-ddb41cb2ccfa.3,SAMN08365979,genome,ftp://massive.ucsd.edu/MSV000083734/peak/mzxml/PTJ0166_E_lenta_DSM2243UCSF_RH5_01_40236.mzXML,MSV000083734,True,unvalidated_pairs
707bce6a-5000-43e0-95bf-ddb41cb2ccfa.3,SAMN08365983,genome,ftp://massive.ucsd.edu/MSV000083734/peak/mzxml/PTJ0169_E_lenta_Valencia_RC6_01_40172.mzXML,MSV000083734,True,unvalidated_pairs
707bce6a-5000-43e0-95bf-ddb41cb2ccfa.3,SAMN08365983,genome,ftp://massive.ucsd.edu/MSV000083734/peak/mzxml/PTJ0169_E_lenta_Valencia_RD6_01_40185.mzXML,MSV000083734,True,unvalidated_pairs
707bce6a-5000-43e0-95bf-ddb41cb2ccfa.3,SAMN08365983,genome,ftp://massive.ucsd.edu/MSV000083734/peak/mzxml/PTJ0169_E_lenta_Valencia_RE6_01_40198.mzXML,MSV000083734,True,unvalidated_pairs
707bce6a-5000-43e0-95bf-ddb41cb2ccfa.3,SAMN08365970,genome,ftp://massive.ucsd.edu/MSV000083734/peak/mzxml/PTJ0170_E_lenta_AN51LG_RF6_01_40211.mzXML,MSV000083734,True,unvalidated_pairs
707bce6a-5000-43e0-95bf-ddb41cb2ccfa.3,SAMN08365970,genome,ftp://massive.ucsd.edu/MSV000083734/peak/mzxml/PTJ0170_E_lenta_AN51LG_RG6_01_40224.mzXML,MSV000083734,True,unvalidated_pairs
707bce6a-5000-43e0-95bf-ddb41cb2ccfa.3,SAMN08365970,genome,ftp://massive.ucsd.edu/MSV000083734/peak/mzxml/PTJ0170_E_lenta_AN51LG_RH6_01_40237.mzXML,MSV000083734,True,unvalidated_pairs
707bce6a-5000-43e0-95bf-ddb41cb2ccfa.3,SAMN08365981,genome,ftp://massive.ucsd.edu/MSV000083734/peak/mzxml/PTJ0171_E_lenta_MR1n12_RA7_01_40147.mzXML,MSV000083734,True,unvalidated_pairs
707bce6a-5000-43e0-95bf-ddb41cb2ccfa.3,SAMN08365981,genome,ftp://massive.ucsd.edu/MSV000083734/peak/mzxml/PTJ0171_E_lenta_MR1n12_RB7_01_40160.mzXML,MSV000083734,True,unvalidated_pairs
707bce6a-5000-43e0-95bf-ddb41cb2ccfa.3,SAMN08365981,genome,ftp://massive.ucsd.edu/MSV000083734/peak/mzxml/PTJ0171_E_lenta_MR1n12_RC7_01_40173.mzXML,MSV000083734,True,unvalidated_pairs
707bce6a-5000-43e0-95bf-ddb41cb2ccfa.3,SAMN08365980,genome,ftp://massive.ucsd.edu/MSV000083734/peak/mzxml/PTJ0172_E_lenta_1160AFAAUCSF_RE7_01_40199.mzXML,MSV000083734,True,unvalidated_pairs
707bce6a-5000-43e0-95bf-ddb41cb2ccfa.3,SAMN08365980,genome,ftp://massive.ucsd.edu/MSV000083734/peak/mzxml/PTJ0172_E_lenta_1160AFAAUCSF_RF7_01_40212.mzXML,MSV000083734,True,unvalidated_pairs
707bce6a-5000-43e0-95bf-ddb41cb2ccfa.3,SAMN08365980,genome,ftp://massive.ucsd.edu/MSV000083734/peak/mzxml/PTJ0172_E_lenta_1160AFAAUCSF_RG7_01_40225.mzXML,MSV000083734,True,unvalidated_pairs
707bce6a-5000-43e0-95bf-ddb41cb2ccfa.3,SAMN08365966,genome,ftp://massive.ucsd.edu/MSV000083734/peak/mzxml/PTJ0173_E_lenta_326I6NA_RA8_01_40148.mzXML,MSV000083734,True,unvalidated_pairs
707bce6a-5000-43e0-95bf-ddb41cb2ccfa.3,SAMN08365966,genome,ftp://massive.ucsd.edu/MSV000083734/peak/mzxml/PTJ0173_E_lenta_326I6NA_RB8_01_40161.mzXML,MSV000083734,True,unvalidated_pairs
707bce6a-5000-43e0-95bf-ddb41cb2ccfa.3,SAMN08365966,genome,ftp://massive.ucsd.edu/MSV000083734/peak/mzxml/PTJ0173_E_lenta_326I6NA_RH7_01_40238.mzXML,MSV000083734,True,unvalidated_pairs
707bce6a-5000-43e0-95bf-ddb41cb2ccfa.3,SAMN08365969,genome,ftp://massive.ucsd.edu/MSV000083734/peak/mzxml/PTJ0174_E_lenta_AB8n2_RC8_01_40174.mzXML,MSV000083734,True,unvalidated_pairs
707bce6a-5000-43e0-95bf-ddb41cb2ccfa.3,SAMN08365969,genome,ftp://massive.ucsd.edu/MSV000083734/peak/mzxml/PTJ0174_E_lenta_AB8n2_RD8_01_40187.mzXML,MSV000083734,True,unvalidated_pairs
707bce6a-5000-43e0-95bf-ddb41cb2ccfa.3,SAMN08365969,genome,ftp://massive.ucsd.edu/MSV000083734/peak/mzxml/PTJ0174_E_lenta_AB8n2_RE8_01_40200.mzXML,MSV000083734,True,unvalidated_pairs
707bce6a-5000-43e0-95bf-ddb41cb2ccfa.3,SAMN08365968,genome,ftp://massive.ucsd.edu/MSV000083734/peak/mzxml/PTJ0175_E_lenta_AB12n2_RF8_01_40213.mzXML,MSV000083734,True,unvalidated_pairs
707bce6a-5000-43e0-95bf-ddb41cb2ccfa.3,SAMN08365968,genome,ftp://massive.ucsd.edu/MSV000083734/peak/mzxml/PTJ0175_E_lenta_AB12n2_RG8_01_40226.mzXML,MSV000083734,True,unvalidated_pairs
707bce6a-5000-43e0-95bf-ddb41cb2ccfa.3,SAMN08365968,genome,ftp://massive.ucsd.edu/MSV000083734/peak/mzxml/PTJ0175_E_lenta_AB12n2_RH8_01_40239.mzXML,MSV000083734,True,unvalidated_pairs
707bce6a-5000-43e0-95bf-ddb41cb2ccfa.3,SAMN08365973,genome,ftp://massive.ucsd.edu/MSV000083734/peak/mzxml/PTJ0176_E_lenta_CC82BHI2_RA9_01_40149.mzXML,MSV000083734,True,unvalidated_pairs
707bce6a-5000-43e0-95bf-ddb41cb2ccfa.3,SAMN08365973,genome,ftp://massive.ucsd.edu/MSV000083734/peak/mzxml/PTJ0176_E_lenta_CC82BHI2_RB9_01_40162.mzXML,MSV000083734,True,unvalidated_pairs
707bce6a-5000-43e0-95bf-ddb41cb2ccfa.3,SAMN08365973,genome,ftp://massive.ucsd.edu/MSV000083734/peak/mzxml/PTJ0176_E_lenta_CC82BHI2_RC9_01_40175.mzXML,MSV000083734,True,unvalidated_pairs
707bce6a-5000-43e0-95bf-ddb41cb2ccfa.3,SAMN08365982,genome,ftp://massive.ucsd.edu/MSV000083734/peak/mzxml/PTJ0177_E_lenta_RC46F_RE9_01_40201.mzXML,MSV000083734,True,unvalidated_pairs
707bce6a-5000-43e0-95bf-ddb41cb2ccfa.3,SAMN08365982,genome,ftp://massive.ucsd.edu/MSV000083734/peak/mzxml/PTJ0177_E_lenta_RC46F_RF9_01_40214.mzXML,MSV000083734,True,unvalidated_pairs
707bce6a-5000-43e0-95bf-ddb41cb2ccfa.3,SAMN08365982,genome,ftp://massive.ucsd.edu/MSV000083734/peak/mzxml/PTJ0177_E_lenta_RC46F_RG9_01_40227.mzXML,MSV000083734,True,unvalidated_pairs
707bce6a-5000-43e0-95bf-ddb41cb2ccfa.3,SAMN08365972,genome,ftp://massive.ucsd.edu/MSV000083734/peak/mzxml/PTJ0178_E_lenta_CC75D52_RA10_01_40150.mzXML,MSV000083734,True,unvalidated_pairs
707bce6a-5000-43e0-95bf-ddb41cb2ccfa.3,SAMN08365972,genome,ftp://massive.ucsd.edu/MSV000083734/peak/mzxml/PTJ0178_E_lenta_CC75D52_RB10_01_40163.mzXML,MSV000083734,True,unvalidated_pairs
707bce6a-5000-43e0-95bf-ddb41cb2ccfa.3,SAMN08365972,genome,ftp://massive.ucsd.edu/MSV000083734/peak/mzxml/PTJ0178_E_lenta_CC75D52_RH9_01_40240.mzXML,MSV000083734,True,unvalidated_pairs
707bce6a-5000-43e0-95bf-ddb41cb2ccfa.3,SAMN08365974,genome,ftp://massive.ucsd.edu/MSV000083734/peak/mzxml/PTJ0179_E_lenta_CC86D54_RC10_01_40176.mzXML,MSV000083734,True,unvalidated_pairs
707bce6a-5000-43e0-95bf-ddb41cb2ccfa.3,SAMN08365974,genome,ftp://massive.ucsd.edu/MSV000083734/peak/mzxml/PTJ0179_E_lenta_CC86D54_RD10_01_40189.mzXML,MSV000083734,True,unvalidated_pairs
707bce6a-5000-43e0-95bf-ddb41cb2ccfa.3,SAMN08365974,genome,ftp://massive.ucsd.edu/MSV000083734/peak/mzxml/PTJ0179_E_lenta_CC86D54_RE10_01_40202.mzXML,MSV000083734,True,unvalidated_pairs
707bce6a-5000-43e0-95bf-ddb41cb2ccfa.3,SAMN08365984,genome,ftp://massive.ucsd.edu/MSV000083734/peak/mzxml/PTJ0180_E_lenta_W1BHI6_RF10_01_40215.mzXML,MSV000083734,True,unvalidated_pairs
707bce6a-5000-43e0-95bf-ddb41cb2ccfa.3,SAMN08365984,genome,ftp://massive.ucsd.edu/MSV000083734/peak/mzxml/PTJ0180_E_lenta_W1BHI6_RG10_01_40228.mzXML,MSV000083734,True,unvalidated_pairs
707bce6a-5000-43e0-95bf-ddb41cb2ccfa.3,SAMN08365984,genome,ftp://massive.ucsd.edu/MSV000083734/peak/mzxml/PTJ0180_E_lenta_W1BHI6_RH10_01_40241.mzXML,MSV000083734,True,unvalidated_pairs
707bce6a-5000-43e0-95bf-ddb41cb2ccfa.3,SAMN08365988,genome,ftp://massive.ucsd.edu/MSV000083734/peak/mzxml/PTJ0183_ParaE_hk_RC22A_RA11_01_40151.mzXML,MSV000083734,True,unvalidated_pairs
707bce6a-5000-43e0-95bf-ddb41cb2ccfa.3,SAMN08365988,genome,ftp://massive.ucsd.edu/MSV000083734/peak/mzxml/PTJ0183_ParaE_hk_RC22A_RB11_01_40164.mzXML,MSV000083734,True,unvalidated_pairs
707bce6a-5000-43e0-95bf-ddb41cb2ccfa.3,SAMN08365988,genome,ftp://massive.ucsd.edu/MSV000083734/peak/mzxml/PTJ0183_ParaE_hk_RC22A_RC11_01_40177.mzXML,MSV000083734,True,unvalidated_pairs
707bce6a-5000-43e0-95bf-ddb41cb2ccfa.3,SAMN08365990,genome,ftp://massive.ucsd.edu/MSV000083734/peak/mzxml/PTJ0185_Slackia_isc_OB21GAM31_RE11_01_40203.mzXML,MSV000083734,True,unvalidated_pairs
707bce6a-5000-43e0-95bf-ddb41cb2ccfa.3,SAMN08365990,genome,ftp://massive.ucsd.edu/MSV000083734/peak/mzxml/PTJ0185_Slackia_isc_OB21GAM31_RF11_01_40216.mzXML,MSV000083734,True,unvalidated_pairs
707bce6a-5000-43e0-95bf-ddb41cb2ccfa.3,SAMN08365990,genome,ftp://massive.ucsd.edu/MSV000083734/peak/mzxml/PTJ0185_Slackia_isc_OB21GAM31_RG11_01_40229.mzXML,MSV000083734,True,unvalidated_pairs
707bce6a-5000-43e0-95bf-ddb41cb2ccfa.3,SAMN08365967,genome,ftp://massive.ucsd.edu/MSV000083734/peak/mzxml/PTJ0237_E_lenta_A2_RA12_01_40152.mzXML,MSV000083734,True,unvalidated_pairs
707bce6a-5000-43e0-95bf-ddb41cb2ccfa.3,SAMN08365967,genome,ftp://massive.ucsd.edu/MSV000083734/peak/mzxml/PTJ0237_E_lenta_A2_RB12_01_40165.mzXML,MSV000083734,True,unvalidated_pairs
707bce6a-5000-43e0-95bf-ddb41cb2ccfa.3,SAMN08365967,genome,ftp://massive.ucsd.edu/MSV000083734/peak/mzxml/PTJ0237_E_lenta_A2_RH11_01_40242.mzXML,MSV000083734,True,unvalidated_pairs
707bce6a-5000-43e0-95bf-ddb41cb2ccfa.3,SAMN08365971,genome,ftp://massive.ucsd.edu/MSV000083734/peak/mzxml/PTJ0240_E_lenta_ATCC25559_RC12_01_40178.mzXML,MSV000083734,True,unvalidated_pairs
707bce6a-5000-43e0-95bf-ddb41cb2ccfa.3,SAMN08365971,genome,ftp://massive.ucsd.edu/MSV000083734/peak/mzxml/PTJ0240_E_lenta_ATCC25559_RD12_01_40191.mzXML,MSV000083734,True,unvalidated_pairs
707bce6a-5000-43e0-95bf-ddb41cb2ccfa.3,SAMN08365971,genome,ftp://massive.ucsd.edu/MSV000083734/peak/mzxml/PTJ0240_E_lenta_ATCC25559_RE12_01_40204.mzXML,MSV000083734,True,unvalidated_pairs
707bce6a-5000-43e0-95bf-ddb41cb2ccfa.3,SAMN08365978,genome,ftp://massive.ucsd.edu/MSV000083734/peak/mzxml/PTJ0261_E_lenta_DSM2243DSMZ_RF12_01_40217.mzXML,MSV000083734,True,unvalidated_pairs
707bce6a-5000-43e0-95bf-ddb41cb2ccfa.3,SAMN08365978,genome,ftp://massive.ucsd.edu/MSV000083734/peak/mzxml/PTJ0261_E_lenta_DSM2243DSMZ_RG12_01_40230.mzXML,MSV000083734,True,unvalidated_pairs
707bce6a-5000-43e0-95bf-ddb41cb2ccfa.3,SAMN08365978,genome,ftp://massive.ucsd.edu/MSV000083734/peak/mzxml/PTJ0261_E_lenta_DSM2243DSMZ_RH12_01_40243.mzXML,MSV000083734,True,unvalidated_pairs
7280022c-c9df-43a3-9440-1653f9eaff84.3,Streptomyces sp. MBT84,genome,ftp://massive.ucsd.edu/MSV000087784/peak/20200129_DVB172.mzML,MSV000087784,True,unvalidated_pairs
7280022c-c9df-43a3-9440-1653f9eaff84.3,Streptomyces sp. MBT84,genome,ftp://massive.ucsd.edu/MSV000087784/peak/20200129_DVB173.mzML,MSV000087784,True,unvalidated_pairs
7280022c-c9df-43a3-9440-1653f9eaff84.3,Streptomyces sp. MBT84,genome,ftp://massive.ucsd.edu/MSV000087784/peak/20200129_DVB174.mzML,MSV000087784,True,unvalidated_pairs
7280022c-c9df-43a3-9440-1653f9eaff84.3,Streptomyces sp. MBT84,genome,ftp://massive.ucsd.edu/MSV000087784/peak/20200129_DVB175.mzML,MSV000087784,True,unvalidated_pairs
7280022c-c9df-43a3-9440-1653f9eaff84.3,Streptomyces sp. MBT84,genome,ftp://massive.ucsd.edu/MSV000087784/peak/20200129_DVB176.mzML,MSV000087784,True,unvalidated_pairs
7280022c-c9df-43a3-9440-1653f9eaff84.3,Streptomyces sp. MBT84,genome,ftp://massive.ucsd.edu/MSV000087784/peak/20200129_DVB177.mzML,MSV000087784,True,unvalidated_pairs
7280022c-c9df-43a3-9440-1653f9eaff84.3,Streptomyces sp. MBT84,genome,ftp://massive.ucsd.edu/MSV000087784/peak/20200129_DVB178.mzML,MSV000087784,True,unvalidated_pairs
7280022c-c9df-43a3-9440-1653f9eaff84.3,Streptomyces sp. MBT84,genome,ftp://massive.ucsd.edu/MSV000087784/peak/20200129_DVB179.mzML,MSV000087784,True,unvalidated_pairs
7280022c-c9df-43a3-9440-1653f9eaff84.3,Streptomyces sp. MBT84,genome,ftp://massive.ucsd.edu/MSV000087784/peak/20200129_DVB180.mzML,MSV000087784,True,unvalidated_pairs
7280022c-c9df-43a3-9440-1653f9eaff84.3,Streptomyces sp. MBT84,genome,ftp://massive.ucsd.edu/MSV000087784/peak/20200129_DVB181.mzML,MSV000087784,True,unvalidated_pairs
7280022c-c9df-43a3-9440-1653f9eaff84.3,Streptomyces sp. MBT84,genome,ftp://massive.ucsd.edu/MSV000087784/peak/20200129_DVB182.mzML,MSV000087784,True,unvalidated_pairs
7280022c-c9df-43a3-9440-1653f9eaff84.3,Streptomyces sp. MBT84,genome,ftp://massive.ucsd.edu/MSV000087784/peak/20200129_DVB183.mzML,MSV000087784,True,unvalidated_pairs
770b2ed8-198b-4a53-8699-2083916b412a.1,CNZ-279,genome,ftp://massive.ucsd.edu/MSV000085214/peak/CNZ-279.mzXML,MSV000085214,True,unvalidated_pairs
770b2ed8-198b-4a53-8699-2083916b412a.1,CNZ-286,genome,ftp://massive.ucsd.edu/MSV000085214/peak/CNZ-286.mzXML,MSV000085214,True,unvalidated_pairs
770b2ed8-198b-4a53-8699-2083916b412a.1,CNZ-288,genome,ftp://massive.ucsd.edu/MSV000085214/peak/CNZ-288.mzXML,MSV000085214,True,unvalidated_pairs
770b2ed8-198b-4a53-8699-2083916b412a.1,CNZ-295,genome,ftp://massive.ucsd.edu/MSV000085214/peak/CNZ-295.mzXML,MSV000085214,True,unvalidated_pairs
79eae50e-004d-42ba-8a81-f6d620e7052a.2,Xanthomonas citri pv. mangiferaeindicae,genome,ftp://massive.ucsd.edu/MSV000085023/peak/XaMa_SILAC/XM_d0_SPE_40.mzXML,MSV000085023,True,unvalidated_pairs
79eae50e-004d-42ba-8a81-f6d620e7052a.2,Xanthomonas citri pv. mangiferaeindicae,genome,ftp://massive.ucsd.edu/MSV000085023/peak/XaMa_SILAC/XM_d4_SPE_40.mzXML,MSV000085023,True,unvalidated_pairs
79eae50e-004d-42ba-8a81-f6d620e7052a.2,Xanthomonas citri pv. mangiferaeindicae,genome,ftp://massive.ucsd.edu/MSV000085023/peak/XaMa_SILAC/XanMangi_XAD_crude_D0_1.mzXML,MSV000085023,True,validated_pairs
79eae50e-004d-42ba-8a81-f6d620e7052a.2,Xanthomonas citri pv. mangiferaeindicae,genome,ftp://massive.ucsd.edu/MSV000085023/peak/XaMa_SILAC/XanMangi_XAD_crude_D4_1.mzXML,MSV000085023,True,unvalidated_pairs
7ac37e93-a737-4746-b121-0993adccf178.2,‘Candidatus Entotheonella factor’,metagenome-assembled genome,ftp://massive.ucsd.edu/MSV000078667/spectrum/EH_Ento_Alex_targeted.mzXML,MSV000078667,True,validated_pairs
7ac37e93-a737-4746-b121-0993adccf178.2,‘Candidatus Entotheonella factor’,metagenome-assembled genome,ftp://massive.ucsd.edu/MSV000078667/spectrum/EH_Ento_Eric_130913212942.mzXML,MSV000078667,True,validated_pairs
7ac37e93-a737-4746-b121-0993adccf178.2,‘Candidatus Entotheonella factor’,metagenome-assembled genome,ftp://massive.ucsd.edu/MSV000078667/spectrum/EH_11092013_Ento_Alex.mzXML,MSV000078667,True,unvalidated_pairs
7ac37e93-a737-4746-b121-0993adccf178.2,‘Candidatus Entotheonella factor’,metagenome-assembled genome,ftp://massive.ucsd.edu/MSV000078667/spectrum/EH_11092013_Ento_Eric.mzXML,MSV000078667,True,unvalidated_pairs
7ac37e93-a737-4746-b121-0993adccf178.2,‘Candidatus Entotheonella factor’,metagenome-assembled genome,ftp://massive.ucsd.edu/MSV000078667/spectrum/EH_11092013_Ento_Sponge.mzXML,MSV000078667,True,unvalidated_pairs
7ac37e93-a737-4746-b121-0993adccf178.2,‘Candidatus Entotheonella factor’,metagenome-assembled genome,ftp://massive.ucsd.edu/MSV000078667/spectrum/EH_2013_10_15_Targeted_Entotheonella.mzXML,MSV000078667,True,unvalidated_pairs
7ac37e93-a737-4746-b121-0993adccf178.2,‘Candidatus Entotheonella factor’,metagenome-assembled genome,ftp://massive.ucsd.edu/MSV000078667/spectrum/EH_2013_10_17_Targeted_Entotheonella.mzXML,MSV000078667,True,unvalidated_pairs
7ac37e93-a737-4746-b121-0993adccf178.2,‘Candidatus Entotheonella factor’,metagenome-assembled genome,ftp://massive.ucsd.edu/MSV000078667/spectrum/EH_2013_10_22_Alex_Ento2.mzXML,MSV000078667,True,unvalidated_pairs
7ac37e93-a737-4746-b121-0993adccf178.2,‘Candidatus Entotheonella factor’,metagenome-assembled genome,ftp://massive.ucsd.edu/MSV000078667/spectrum/EH_2013_10_22_EntoAlex_131022170549.mzXML,MSV000078667,True,unvalidated_pairs
7ac37e93-a737-4746-b121-0993adccf178.2,‘Candidatus Entotheonella factor’,metagenome-assembled genome,ftp://massive.ucsd.edu/MSV000078667/spectrum/EH_2013_10_22_MixEnto2.mzXML,MSV000078667,True,unvalidated_pairs
7ac37e93-a737-4746-b121-0993adccf178.2,‘Candidatus Entotheonella factor’,metagenome-assembled genome,ftp://massive.ucsd.edu/MSV000078667/spectrum/EH_2013_10_22_Spong2.mzXML,MSV000078667,True,unvalidated_pairs
7ac37e93-a737-4746-b121-0993adccf178.2,‘Candidatus Entotheonella factor’,metagenome-assembled genome,ftp://massive.ucsd.edu/MSV000078667/spectrum/EH_2013_10_22_Spong_131022163851.mzXML,MSV000078667,True,unvalidated_pairs
7ac37e93-a737-4746-b121-0993adccf178.2,‘Candidatus Entotheonella factor’,metagenome-assembled genome,ftp://massive.ucsd.edu/MSV000078667/spectrum/EH_Ento_Alex_130913232338.mzXML,MSV000078667,True,unvalidated_pairs
7ac37e93-a737-4746-b121-0993adccf178.2,‘Candidatus Entotheonella factor’,metagenome-assembled genome,ftp://massive.ucsd.edu/MSV000078667/spectrum/EH_Entotheonella_enriched_combined.mzXML,MSV000078667,True,unvalidated_pairs
7ac37e93-a737-4746-b121-0993adccf178.2,‘Candidatus Entotheonella factor’,metagenome-assembled genome,ftp://massive.ucsd.edu/MSV000078667/spectrum/EH_Sponge.mzXML,MSV000078667,True,unvalidated_pairs
84b56cd3-218b-4e57-906f-a9003615ed07.2,Microcystis viridis NIES-102,genome,ftp://massive.ucsd.edu/MSV000084950/peak/040220001.mzML,MSV000084950,True,validated_pairs
84b56cd3-218b-4e57-906f-a9003615ed07.2,Microcystis aeruginosa NIES-298,genome,ftp://massive.ucsd.edu/MSV000084950/peak/040220002.mzML,MSV000084950,True,validated_pairs
84b56cd3-218b-4e57-906f-a9003615ed07.2,Microcystis aeruginosa NIES-843,genome,ftp://massive.ucsd.edu/MSV000084950/peak/040220003.mzML,MSV000084950,True,unvalidated_pairs
84b56cd3-218b-4e57-906f-a9003615ed07.2,Nodularia spumigena UHCC 0039,genome,ftp://massive.ucsd.edu/MSV000084950/peak/040220004.mzML,MSV000084950,True,unvalidated_pairs
84b56cd3-218b-4e57-906f-a9003615ed07.2,Anabaena sp. UHCC 0204,genome,ftp://massive.ucsd.edu/MSV000084950/peak/040220005.mzML,MSV000084950,True,unvalidated_pairs
84b56cd3-218b-4e57-906f-a9003615ed07.2,Anabaena sp. UHCC 0253,genome,ftp://massive.ucsd.edu/MSV000084950/peak/040220006.mzML,MSV000084950,True,unvalidated_pairs
84b56cd3-218b-4e57-906f-a9003615ed07.2,Dolichospermum planctonicum UHCC 0167,genome,ftp://massive.ucsd.edu/MSV000084950/peak/040220007.mzML,MSV000084950,True,unvalidated_pairs
84b56cd3-218b-4e57-906f-a9003615ed07.2,Dolichospermum flos-aquae UHCC 0037,genome,ftp://massive.ucsd.edu/MSV000084950/peak/040220008.mzML,MSV000084950,True,unvalidated_pairs
84b56cd3-218b-4e57-906f-a9003615ed07.2,Dolichospermum sp. UHCC 0090,genome,ftp://massive.ucsd.edu/MSV000084950/peak/040220009.mzML,MSV000084950,True,unvalidated_pairs
84b56cd3-218b-4e57-906f-a9003615ed07.2,Dolichospermum sp. UHCC 0315A,genome,ftp://massive.ucsd.edu/MSV000084950/peak/040220010.mzML,MSV000084950,True,unvalidated_pairs
84b56cd3-218b-4e57-906f-a9003615ed07.2,Dolichospermum sp. UHCC 0259,genome,ftp://massive.ucsd.edu/MSV000084950/peak/040220011.mzML,MSV000084950,True,unvalidated_pairs
84b56cd3-218b-4e57-906f-a9003615ed07.2,Dolichospermum sp. UHCC 0260,genome,ftp://massive.ucsd.edu/MSV000084950/peak/040220012.mzML,MSV000084950,True,unvalidated_pairs
84b56cd3-218b-4e57-906f-a9003615ed07.2,Dolichospermum sp. UHCC 0299,genome,ftp://massive.ucsd.edu/MSV000084950/peak/040220013.mzML,MSV000084950,True,unvalidated_pairs
84b56cd3-218b-4e57-906f-a9003615ed07.2,Dolichospermum sp. UHCC 0352,genome,ftp://massive.ucsd.edu/MSV000084950/peak/040220014.mzML,MSV000084950,True,unvalidated_pairs
84b56cd3-218b-4e57-906f-a9003615ed07.2,Dolichospermum sp. UHCC 0406,genome,ftp://massive.ucsd.edu/MSV000084950/peak/040220015.mzML,MSV000084950,True,unvalidated_pairs
84b56cd3-218b-4e57-906f-a9003615ed07.2,Aphanizomenon sp. UHCC 0183,genome,ftp://massive.ucsd.edu/MSV000084950/peak/040220016.mzML,MSV000084950,True,unvalidated_pairs
84b56cd3-218b-4e57-906f-a9003615ed07.2,Trichormus variabilis ATCC 29413,genome,ftp://massive.ucsd.edu/MSV000084950/peak/040220017.mzML,MSV000084950,True,unvalidated_pairs
84b56cd3-218b-4e57-906f-a9003615ed07.2,Cylindrospermopsis raciborskii CS-505,genome,ftp://massive.ucsd.edu/MSV000084950/peak/040220018.mzML,MSV000084950,True,unvalidated_pairs
84b56cd3-218b-4e57-906f-a9003615ed07.2,Nostoc minutum NIES-26,genome,ftp://massive.ucsd.edu/MSV000084950/peak/040220019.mzML,MSV000084950,True,unvalidated_pairs
84b56cd3-218b-4e57-906f-a9003615ed07.2,Calothrix sp. UHCC 336/3,genome,ftp://massive.ucsd.edu/MSV000084950/peak/040220020.mzML,MSV000084950,True,unvalidated_pairs
84b56cd3-218b-4e57-906f-a9003615ed07.2,Anabaena sp. UHCC 0187,genome,ftp://massive.ucsd.edu/MSV000084950/peak/040220021.mzML,MSV000084950,True,unvalidated_pairs
84b56cd3-218b-4e57-906f-a9003615ed07.2,Microcystis aeruginosa NIES-88,genome,ftp://massive.ucsd.edu/MSV000084950/peak/040220022.mzML,MSV000084950,True,validated_pairs
84b56cd3-218b-4e57-906f-a9003615ed07.2,Sphaerospermopsis kisseleviana NIES-73,genome,ftp://massive.ucsd.edu/MSV000084950/peak/040220023.mzML,MSV000084950,True,unvalidated_pairs
84b56cd3-218b-4e57-906f-a9003615ed07.2,Aphanizomenon flos-aquae NIES-81,genome,ftp://massive.ucsd.edu/MSV000084950/peak/040220024.mzML,MSV000084950,True,unvalidated_pairs
864909ec-e716-4c5a-bfe3-ce3a169b8844.2,Symploca sp. SIO1B1,metagenome-assembled genome,ftp://massive.ucsd.edu/MSV000085210/raw/iomega/2248%20cr_GC6_01_37750.mzXML,MSV000085210,True,unvalidated_pairs
864909ec-e716-4c5a-bfe3-ce3a169b8844.2,Cyanothece sp. SIO1E1,metagenome-assembled genome,ftp://massive.ucsd.edu/MSV000085210/raw/iomega/PAB18MAY11_9_C_GA10_01_37730.mzXML,MSV000085210,True,unvalidated_pairs
864909ec-e716-4c5a-bfe3-ce3a169b8844.2,Moorea sp. SIO1F2,metagenome-assembled genome,ftp://massive.ucsd.edu/MSV000085210/raw/iomega/2239%20cr_GG1_01_37793.mzXML,MSV000085210,True,unvalidated_pairs
864909ec-e716-4c5a-bfe3-ce3a169b8844.2,Okeania sp. SIO1F9,metagenome-assembled genome,ftp://massive.ucsd.edu/MSV000085210/raw/iomega/2058%20D_GD8_01_37764.mzXML,MSV000085210,True,unvalidated_pairs
864909ec-e716-4c5a-bfe3-ce3a169b8844.2,Okeania sp. SIO1F9,metagenome-assembled genome,ftp://massive.ucsd.edu/MSV000085210/raw/iomega/2058%20H_GD9_01_37765.mzXML,MSV000085210,True,unvalidated_pairs
864909ec-e716-4c5a-bfe3-ce3a169b8844.2,Moorea sp. SIO1G6,metagenome-assembled genome,ftp://massive.ucsd.edu/MSV000085210/raw/iomega/2035%20cr_GD1_01_37757.mzXML,MSV000085210,True,unvalidated_pairs
864909ec-e716-4c5a-bfe3-ce3a169b8844.2,Okeania sp. SIO1H4,metagenome-assembled genome,ftp://massive.ucsd.edu/MSV000085210/raw/iomega/A1765_015E11_RE11_01_13970.mzXML,MSV000085210,True,unvalidated_pairs
864909ec-e716-4c5a-bfe3-ce3a169b8844.2,Okeania sp. SIO1H4,metagenome-assembled genome,ftp://massive.ucsd.edu/MSV000085210/raw/iomega/A1766_015F11_RF11_01_13982.mzXML,MSV000085210,True,unvalidated_pairs
864909ec-e716-4c5a-bfe3-ce3a169b8844.2,Okeania sp. SIO1H4,metagenome-assembled genome,ftp://massive.ucsd.edu/MSV000085210/raw/iomega/A1765_015F2_RF2_01_13972.mzXML,MSV000085210,True,unvalidated_pairs
864909ec-e716-4c5a-bfe3-ce3a169b8844.2,Okeania sp. SIO1H4,metagenome-assembled genome,ftp://massive.ucsd.edu/MSV000085210/raw/iomega/A1765_015F3_RF3_01_13973.mzXML,MSV000085210,True,unvalidated_pairs
864909ec-e716-4c5a-bfe3-ce3a169b8844.2,Okeania sp. SIO1H4,metagenome-assembled genome,ftp://massive.ucsd.edu/MSV000085210/raw/iomega/A1765_015F4_RF4_01_13974.mzXML,MSV000085210,True,unvalidated_pairs
864909ec-e716-4c5a-bfe3-ce3a169b8844.2,Okeania sp. SIO1H4,metagenome-assembled genome,ftp://massive.ucsd.edu/MSV000085210/raw/iomega/A1765_015F5_RF5_01_13975.mzXML,MSV000085210,True,unvalidated_pairs
864909ec-e716-4c5a-bfe3-ce3a169b8844.2,Okeania sp. SIO1H4,metagenome-assembled genome,ftp://massive.ucsd.edu/MSV000085210/raw/iomega/A1765_015F6_RF6_01_13976.mzXML,MSV000085210,True,unvalidated_pairs
864909ec-e716-4c5a-bfe3-ce3a169b8844.2,Okeania sp. SIO1H4,metagenome-assembled genome,ftp://massive.ucsd.edu/MSV000085210/raw/iomega/A1765_015F7_RF7_01_13977.mzXML,MSV000085210,True,unvalidated_pairs
864909ec-e716-4c5a-bfe3-ce3a169b8844.2,Okeania sp. SIO1H4,metagenome-assembled genome,ftp://massive.ucsd.edu/MSV000085210/raw/iomega/A1765_015F8_RF8_01_13978.mzXML,MSV000085210,True,unvalidated_pairs
864909ec-e716-4c5a-bfe3-ce3a169b8844.2,Okeania sp. SIO1H4,metagenome-assembled genome,ftp://massive.ucsd.edu/MSV000085210/raw/iomega/A1765_015F9_RF9_01_13979.mzXML,MSV000085210,True,unvalidated_pairs
864909ec-e716-4c5a-bfe3-ce3a169b8844.2,Symploca sp. SIO2B6,metagenome-assembled genome,ftp://massive.ucsd.edu/MSV000085210/raw/iomega/2046%20cr_GD7_01_37763.mzXML,MSV000085210,True,unvalidated_pairs
864909ec-e716-4c5a-bfe3-ce3a169b8844.2,Okeania sp. SIO2B9,metagenome-assembled genome,ftp://massive.ucsd.edu/MSV000085210/raw/iomega/A1736_013F2_RF2_01_13801.mzXML,MSV000085210,True,unvalidated_pairs
864909ec-e716-4c5a-bfe3-ce3a169b8844.2,Okeania sp. SIO2B9,metagenome-assembled genome,ftp://massive.ucsd.edu/MSV000085210/raw/iomega/A1736_013F3_RF3_01_13805.mzXML,MSV000085210,True,unvalidated_pairs
864909ec-e716-4c5a-bfe3-ce3a169b8844.2,Okeania sp. SIO2B9,metagenome-assembled genome,ftp://massive.ucsd.edu/MSV000085210/raw/iomega/A1736_013F4_RF4_01_13806.mzXML,MSV000085210,True,unvalidated_pairs
864909ec-e716-4c5a-bfe3-ce3a169b8844.2,Okeania sp. SIO2B9,metagenome-assembled genome,ftp://massive.ucsd.edu/MSV000085210/raw/iomega/A1736_013F5_RF5_01_13807.mzXML,MSV000085210,True,unvalidated_pairs
864909ec-e716-4c5a-bfe3-ce3a169b8844.2,Okeania sp. SIO2B9,metagenome-assembled genome,ftp://massive.ucsd.edu/MSV000085210/raw/iomega/A1736_013F6_RF6_01_13808.mzXML,MSV000085210,True,unvalidated_pairs
864909ec-e716-4c5a-bfe3-ce3a169b8844.2,Okeania sp. SIO2B9,metagenome-assembled genome,ftp://massive.ucsd.edu/MSV000085210/raw/iomega/A1736_013F7_RF7_01_13809.mzXML,MSV000085210,True,unvalidated_pairs
864909ec-e716-4c5a-bfe3-ce3a169b8844.2,Okeania sp. SIO2B9,metagenome-assembled genome,ftp://massive.ucsd.edu/MSV000085210/raw/iomega/A1736_013F8_RF8_01_13810.mzXML,MSV000085210,True,unvalidated_pairs
864909ec-e716-4c5a-bfe3-ce3a169b8844.2,Okeania sp. SIO2B9,metagenome-assembled genome,ftp://massive.ucsd.edu/MSV000085210/raw/iomega/A1736_013F10_RF10_01_13812.mzXML,MSV000085210,True,unvalidated_pairs
864909ec-e716-4c5a-bfe3-ce3a169b8844.2,Symploca sp. SIO2C1,metagenome-assembled genome,ftp://massive.ucsd.edu/MSV000085210/raw/iomega/2080%20cr_GE2_01_37770.mzXML,MSV000085210,True,unvalidated_pairs
864909ec-e716-4c5a-bfe3-ce3a169b8844.2,Moorea sp. SIO2C4,metagenome-assembled genome,ftp://massive.ucsd.edu/MSV000085210/raw/iomega/2093%20cr_GE5_01_37773.mzXML,MSV000085210,True,unvalidated_pairs
864909ec-e716-4c5a-bfe3-ce3a169b8844.2,Okeania sp. SIO2C9,metagenome-assembled genome,ftp://massive.ucsd.edu/MSV000085210/raw/iomega/1952_028A5_GA5_01_15275.mzXML,MSV000085210,True,unvalidated_pairs
864909ec-e716-4c5a-bfe3-ce3a169b8844.2,Okeania sp. SIO2C9,metagenome-assembled genome,ftp://massive.ucsd.edu/MSV000085210/raw/iomega/1952_028A6_GA6_01_15276.mzXML,MSV000085210,True,unvalidated_pairs
864909ec-e716-4c5a-bfe3-ce3a169b8844.2,Okeania sp. SIO2C9,metagenome-assembled genome,ftp://massive.ucsd.edu/MSV000085210/raw/iomega/1952_028A7_2_GA7_01_15279.mzXML,MSV000085210,True,unvalidated_pairs
864909ec-e716-4c5a-bfe3-ce3a169b8844.2,Okeania sp. SIO2C9,metagenome-assembled genome,ftp://massive.ucsd.edu/MSV000085210/raw/iomega/1952_028A8_GA8_01_15278.mzXML,MSV000085210,True,unvalidated_pairs
864909ec-e716-4c5a-bfe3-ce3a169b8844.2,Okeania sp. SIO2C9,metagenome-assembled genome,ftp://massive.ucsd.edu/MSV000085210/raw/iomega/1952_028A9_GA9_01_15281.mzXML,MSV000085210,True,unvalidated_pairs
864909ec-e716-4c5a-bfe3-ce3a169b8844.2,Okeania sp. SIO2C9,metagenome-assembled genome,ftp://massive.ucsd.edu/MSV000085210/raw/iomega/1952_028A10_GA10_01_15282.mzXML,MSV000085210,True,unvalidated_pairs
864909ec-e716-4c5a-bfe3-ce3a169b8844.2,Okeania sp. SIO2C9,metagenome-assembled genome,ftp://massive.ucsd.edu/MSV000085210/raw/iomega/1952_028A11_GA11_01_15283.mzXML,MSV000085210,True,unvalidated_pairs
864909ec-e716-4c5a-bfe3-ce3a169b8844.2,Symploca sp. SIO2D2,metagenome-assembled genome,ftp://massive.ucsd.edu/MSV000085210/raw/iomega/A1831_018A6_GA6_01_14226.mzXML,MSV000085210,True,unvalidated_pairs
864909ec-e716-4c5a-bfe3-ce3a169b8844.2,Symploca sp. SIO2E9,metagenome-assembled genome,ftp://massive.ucsd.edu/MSV000085210/raw/iomega/1716_012E3_GE3_01_13654.mzXML,MSV000085210,True,unvalidated_pairs
864909ec-e716-4c5a-bfe3-ce3a169b8844.2,Okeania sp. SIO2F4,metagenome-assembled genome,ftp://massive.ucsd.edu/MSV000085210/raw/iomega/1943_027E8_RE8_01_15222.mzXML,MSV000085210,True,unvalidated_pairs
864909ec-e716-4c5a-bfe3-ce3a169b8844.2,Okeania sp. SIO2F4,metagenome-assembled genome,ftp://massive.ucsd.edu/MSV000085210/raw/iomega/1943_027E9_RE9_01_15223.mzXML,MSV000085210,True,unvalidated_pairs
864909ec-e716-4c5a-bfe3-ce3a169b8844.2,Okeania sp. SIO2F4,metagenome-assembled genome,ftp://massive.ucsd.edu/MSV000085210/raw/iomega/1943_027E10_RE10_01_15224.mzXML,MSV000085210,True,unvalidated_pairs
864909ec-e716-4c5a-bfe3-ce3a169b8844.2,Okeania sp. SIO2F4,metagenome-assembled genome,ftp://massive.ucsd.edu/MSV000085210/raw/iomega/1943_027E11_RE11_01_15225.mzXML,MSV000085210,True,unvalidated_pairs
864909ec-e716-4c5a-bfe3-ce3a169b8844.2,Okeania sp. SIO2F4,metagenome-assembled genome,ftp://massive.ucsd.edu/MSV000085210/raw/iomega/1944_027F10_RF10_01_15236.mzXML,MSV000085210,True,unvalidated_pairs
864909ec-e716-4c5a-bfe3-ce3a169b8844.2,Okeania sp. SIO2F4,metagenome-assembled genome,ftp://massive.ucsd.edu/MSV000085210/raw/iomega/1943_027F2_RF2_01_15227.mzXML,MSV000085210,True,unvalidated_pairs
864909ec-e716-4c5a-bfe3-ce3a169b8844.2,Okeania sp. SIO2F4,metagenome-assembled genome,ftp://massive.ucsd.edu/MSV000085210/raw/iomega/1943_027F3_RF3_01_15228.mzXML,MSV000085210,True,unvalidated_pairs
864909ec-e716-4c5a-bfe3-ce3a169b8844.2,Okeania sp. SIO2F4,metagenome-assembled genome,ftp://massive.ucsd.edu/MSV000085210/raw/iomega/1943_027F4_RF4_01_15229.mzXML,MSV000085210,True,unvalidated_pairs
864909ec-e716-4c5a-bfe3-ce3a169b8844.2,Okeania sp. SIO2F4,metagenome-assembled genome,ftp://massive.ucsd.edu/MSV000085210/raw/iomega/1943_027F5_RF5_01_15230.mzXML,MSV000085210,True,unvalidated_pairs
864909ec-e716-4c5a-bfe3-ce3a169b8844.2,Okeania sp. SIO2F4,metagenome-assembled genome,ftp://massive.ucsd.edu/MSV000085210/raw/iomega/1943_027F6_RF6_01_15231.mzXML,MSV000085210,True,unvalidated_pairs
864909ec-e716-4c5a-bfe3-ce3a169b8844.2,Okeania sp. SIO2F5,metagenome-assembled genome,ftp://massive.ucsd.edu/MSV000085210/raw/iomega/1942_027D9_RD9_01_15211.mzXML,MSV000085210,True,unvalidated_pairs
864909ec-e716-4c5a-bfe3-ce3a169b8844.2,Okeania sp. SIO2F5,metagenome-assembled genome,ftp://massive.ucsd.edu/MSV000085210/raw/iomega/1942_027D10_RD10_01_15212.mzXML,MSV000085210,True,unvalidated_pairs
864909ec-e716-4c5a-bfe3-ce3a169b8844.2,Okeania sp. SIO2F5,metagenome-assembled genome,ftp://massive.ucsd.edu/MSV000085210/raw/iomega/1942_027D11_RD11_01_15213.mzXML,MSV000085210,True,unvalidated_pairs
864909ec-e716-4c5a-bfe3-ce3a169b8844.2,Okeania sp. SIO2F5,metagenome-assembled genome,ftp://massive.ucsd.edu/MSV000085210/raw/iomega/1942_027E2_RE2_01_15215.mzXML,MSV000085210,True,unvalidated_pairs
864909ec-e716-4c5a-bfe3-ce3a169b8844.2,Okeania sp. SIO2F5,metagenome-assembled genome,ftp://massive.ucsd.edu/MSV000085210/raw/iomega/1942_027E3_RE3_01_15216.mzXML,MSV000085210,True,unvalidated_pairs
864909ec-e716-4c5a-bfe3-ce3a169b8844.2,Okeania sp. SIO2F5,metagenome-assembled genome,ftp://massive.ucsd.edu/MSV000085210/raw/iomega/1942_027E4_RE4_01_15217.mzXML,MSV000085210,True,unvalidated_pairs
864909ec-e716-4c5a-bfe3-ce3a169b8844.2,Okeania sp. SIO2F5,metagenome-assembled genome,ftp://massive.ucsd.edu/MSV000085210/raw/iomega/1942_027E5_RE5_01_15218.mzXML,MSV000085210,True,unvalidated_pairs
864909ec-e716-4c5a-bfe3-ce3a169b8844.2,Okeania sp. SIO2F5,metagenome-assembled genome,ftp://massive.ucsd.edu/MSV000085210/raw/iomega/1942_027E6_RE6_01_15219.mzXML,MSV000085210,True,unvalidated_pairs
864909ec-e716-4c5a-bfe3-ce3a169b8844.2,Okeania sp. SIO2F5,metagenome-assembled genome,ftp://massive.ucsd.edu/MSV000085210/raw/iomega/1942_027E7_RE7_01_15220.mzXML,MSV000085210,True,unvalidated_pairs
864909ec-e716-4c5a-bfe3-ce3a169b8844.2,Microcoleus sp. SIO2G3,metagenome-assembled genome,ftp://massive.ucsd.edu/MSV000085210/raw/iomega/1891_024A5_GA5_01_14839.mzXML,MSV000085210,True,unvalidated_pairs
864909ec-e716-4c5a-bfe3-ce3a169b8844.2,Microcoleus sp. SIO2G3,metagenome-assembled genome,ftp://massive.ucsd.edu/MSV000085210/raw/iomega/1891_024A6_GA6_01_14840.mzXML,MSV000085210,True,unvalidated_pairs
864909ec-e716-4c5a-bfe3-ce3a169b8844.2,Microcoleus sp. SIO2G3,metagenome-assembled genome,ftp://massive.ucsd.edu/MSV000085210/raw/iomega/1891_024A7_GA7_01_14841.mzXML,MSV000085210,True,unvalidated_pairs
864909ec-e716-4c5a-bfe3-ce3a169b8844.2,Microcoleus sp. SIO2G3,metagenome-assembled genome,ftp://massive.ucsd.edu/MSV000085210/raw/iomega/1891_024A8_GA8_01_14842.mzXML,MSV000085210,True,unvalidated_pairs
864909ec-e716-4c5a-bfe3-ce3a169b8844.2,Microcoleus sp. SIO2G3,metagenome-assembled genome,ftp://massive.ucsd.edu/MSV000085210/raw/iomega/1891_024A9_GA9_01_14843.mzXML,MSV000085210,True,unvalidated_pairs
864909ec-e716-4c5a-bfe3-ce3a169b8844.2,Microcoleus sp. SIO2G3,metagenome-assembled genome,ftp://massive.ucsd.edu/MSV000085210/raw/iomega/1891_024A10_GA10_01_14844.mzXML,MSV000085210,True,unvalidated_pairs
864909ec-e716-4c5a-bfe3-ce3a169b8844.2,Microcoleus sp. SIO2G3,metagenome-assembled genome,ftp://massive.ucsd.edu/MSV000085210/raw/iomega/1891_024A11_GA11_01_14845.mzXML,MSV000085210,True,unvalidated_pairs
864909ec-e716-4c5a-bfe3-ce3a169b8844.2,Microcoleus sp. SIO2G3,metagenome-assembled genome,ftp://massive.ucsd.edu/MSV000085210/raw/iomega/DMSO_1893_024B12_GB12_01_14852.mzXML,MSV000085210,True,unvalidated_pairs
864909ec-e716-4c5a-bfe3-ce3a169b8844.2,Microcoleus sp. SIO2G3,metagenome-assembled genome,ftp://massive.ucsd.edu/MSV000085210/raw/iomega/1891_024B2_GB2_01_14847.mzXML,MSV000085210,True,unvalidated_pairs
864909ec-e716-4c5a-bfe3-ce3a169b8844.2,Microcoleus sp. SIO2G3,metagenome-assembled genome,ftp://massive.ucsd.edu/MSV000085210/raw/iomega/1891_024B3_GB3_01_14848.mzXML,MSV000085210,True,unvalidated_pairs
864909ec-e716-4c5a-bfe3-ce3a169b8844.2,Okeania sp. SIO2G5,metagenome-assembled genome,ftp://massive.ucsd.edu/MSV000085210/raw/iomega/1872_022F2_GF2_01_14710.mzXML,MSV000085210,True,unvalidated_pairs
864909ec-e716-4c5a-bfe3-ce3a169b8844.2,Okeania sp. SIO2G5,metagenome-assembled genome,ftp://massive.ucsd.edu/MSV000085210/raw/iomega/1872_022F3_GF3_01_14711.mzXML,MSV000085210,True,unvalidated_pairs
864909ec-e716-4c5a-bfe3-ce3a169b8844.2,Okeania sp. SIO2G5,metagenome-assembled genome,ftp://massive.ucsd.edu/MSV000085210/raw/iomega/1872_022F4_GF4_01_14712.mzXML,MSV000085210,True,unvalidated_pairs
864909ec-e716-4c5a-bfe3-ce3a169b8844.2,Okeania sp. SIO2G5,metagenome-assembled genome,ftp://massive.ucsd.edu/MSV000085210/raw/iomega/1872_022F5_GF5_01_14713.mzXML,MSV000085210,True,unvalidated_pairs
864909ec-e716-4c5a-bfe3-ce3a169b8844.2,Okeania sp. SIO2G5,metagenome-assembled genome,ftp://massive.ucsd.edu/MSV000085210/raw/iomega/1872_022F6_GF6_01_14714.mzXML,MSV000085210,True,unvalidated_pairs
864909ec-e716-4c5a-bfe3-ce3a169b8844.2,Okeania sp. SIO2G5,metagenome-assembled genome,ftp://massive.ucsd.edu/MSV000085210/raw/iomega/1872_022F7_GF7_01_14715.mzXML,MSV000085210,True,unvalidated_pairs
864909ec-e716-4c5a-bfe3-ce3a169b8844.2,Okeania sp. SIO2G5,metagenome-assembled genome,ftp://massive.ucsd.edu/MSV000085210/raw/iomega/1872_022F9_GF9_01_14717.mzXML,MSV000085210,True,unvalidated_pairs
864909ec-e716-4c5a-bfe3-ce3a169b8844.2,Okeania sp. SIO2G5,metagenome-assembled genome,ftp://massive.ucsd.edu/MSV000085210/raw/iomega/1872_022F10_GF10_01_14718.mzXML,MSV000085210,True,unvalidated_pairs
864909ec-e716-4c5a-bfe3-ce3a169b8844.2,Cyanothece sp. SIO2G6,metagenome-assembled genome,ftp://massive.ucsd.edu/MSV000085210/raw/iomega/1889_024A3_GA3_01_14835.mzXML,MSV000085210,True,unvalidated_pairs
864909ec-e716-4c5a-bfe3-ce3a169b8844.2,Symploca sp. SIO2G7,metagenome-assembled genome,ftp://massive.ucsd.edu/MSV000085210/raw/iomega/1894_024C4_GC4_01_14864.mzXML,MSV000085210,True,unvalidated_pairs
864909ec-e716-4c5a-bfe3-ce3a169b8844.2,Okeania sp. SIO2H7,metagenome-assembled genome,ftp://massive.ucsd.edu/MSV000085210/raw/iomega/PAL24MAY13_5_C_GB5_01_37737.mzXML,MSV000085210,True,unvalidated_pairs
864909ec-e716-4c5a-bfe3-ce3a169b8844.2,Moorea sp. SIO3A5,metagenome-assembled genome,ftp://massive.ucsd.edu/MSV000085210/raw/iomega/1902_024H11_GH11_01_14948.mzXML,MSV000085210,True,unvalidated_pairs
864909ec-e716-4c5a-bfe3-ce3a169b8844.2,Moorea sp. SIO3A5,metagenome-assembled genome,ftp://massive.ucsd.edu/MSV000085210/raw/iomega/1901_024H2_GH2_01_14937.mzXML,MSV000085210,True,unvalidated_pairs
864909ec-e716-4c5a-bfe3-ce3a169b8844.2,Moorea sp. SIO3A5,metagenome-assembled genome,ftp://massive.ucsd.edu/MSV000085210/raw/iomega/1901_024H3_GH3_01_14938.mzXML,MSV000085210,True,unvalidated_pairs
864909ec-e716-4c5a-bfe3-ce3a169b8844.2,Moorea sp. SIO3A5,metagenome-assembled genome,ftp://massive.ucsd.edu/MSV000085210/raw/iomega/1901_024H4_GH4_01_14939.mzXML,MSV000085210,True,unvalidated_pairs
864909ec-e716-4c5a-bfe3-ce3a169b8844.2,Moorea sp. SIO3A5,metagenome-assembled genome,ftp://massive.ucsd.edu/MSV000085210/raw/iomega/1901_024H5_GH5_01_14940.mzXML,MSV000085210,True,unvalidated_pairs
864909ec-e716-4c5a-bfe3-ce3a169b8844.2,Moorea sp. SIO3A5,metagenome-assembled genome,ftp://massive.ucsd.edu/MSV000085210/raw/iomega/1901_024H6_GH6_01_14941.mzXML,MSV000085210,True,unvalidated_pairs
864909ec-e716-4c5a-bfe3-ce3a169b8844.2,Moorea sp. SIO3A5,metagenome-assembled genome,ftp://massive.ucsd.edu/MSV000085210/raw/iomega/1901_024H7_GH7_01_14942.mzXML,MSV000085210,True,unvalidated_pairs
864909ec-e716-4c5a-bfe3-ce3a169b8844.2,Moorea sp. SIO3A5,metagenome-assembled genome,ftp://massive.ucsd.edu/MSV000085210/raw/iomega/1901_024H8_GH8_01_14944.mzXML,MSV000085210,True,unvalidated_pairs
864909ec-e716-4c5a-bfe3-ce3a169b8844.2,Moorea sp. SIO3A5,metagenome-assembled genome,ftp://massive.ucsd.edu/MSV000085210/raw/iomega/1901_024H9_GH9_01_14945.mzXML,MSV000085210,True,unvalidated_pairs
864909ec-e716-4c5a-bfe3-ce3a169b8844.2,Moorea sp. SIO3A5,metagenome-assembled genome,ftp://massive.ucsd.edu/MSV000085210/raw/iomega/1901_024H10_GH10_01_14946.mzXML,MSV000085210,True,unvalidated_pairs
864909ec-e716-4c5a-bfe3-ce3a169b8844.2,Moorea sp. SIO3B2,metagenome-assembled genome,ftp://massive.ucsd.edu/MSV000085210/raw/iomega/A1849_020H9_GH9_01_14532.mzXML,MSV000085210,True,unvalidated_pairs
864909ec-e716-4c5a-bfe3-ce3a169b8844.2,Okeania sp. SIO3B3,metagenome-assembled genome,ftp://massive.ucsd.edu/MSV000085210/raw/iomega/2098%20cr_GE6_01_37774.mzXML,MSV000085210,True,unvalidated_pairs
864909ec-e716-4c5a-bfe3-ce3a169b8844.2,Okeania sp. SIO3B5,metagenome-assembled genome,ftp://massive.ucsd.edu/MSV000085210/raw/iomega/DMSO_1752_014B12_GB12_01_13869.mzXML,MSV000085210,True,unvalidated_pairs
864909ec-e716-4c5a-bfe3-ce3a169b8844.2,Moorea sp. SIO3C2,metagenome-assembled genome,ftp://massive.ucsd.edu/MSV000085210/raw/iomega/2070%20E_GD11_01_37767.mzXML,MSV000085210,True,unvalidated_pairs
864909ec-e716-4c5a-bfe3-ce3a169b8844.2,Okeania sp. SIO3C4,metagenome-assembled genome,ftp://massive.ucsd.edu/MSV000085210/raw/iomega/2079%20cr_GE1_01_37769.mzXML,MSV000085210,True,unvalidated_pairs
864909ec-e716-4c5a-bfe3-ce3a169b8844.2,Symploca sp. SIO3C6,metagenome-assembled genome,ftp://massive.ucsd.edu/MSV000085210/raw/iomega/A1837_020A11_GA11_01_14445.mzXML,MSV000085210,True,unvalidated_pairs
864909ec-e716-4c5a-bfe3-ce3a169b8844.2,Symploca sp. SIO3C6,metagenome-assembled genome,ftp://massive.ucsd.edu/MSV000085210/raw/iomega/A1833_020A2_GA2_01_14435.mzXML,MSV000085210,True,unvalidated_pairs
864909ec-e716-4c5a-bfe3-ce3a169b8844.2,Symploca sp. SIO3C6,metagenome-assembled genome,ftp://massive.ucsd.edu/MSV000085210/raw/iomega/A1833_020A3_GA3_01_14436.mzXML,MSV000085210,True,unvalidated_pairs
864909ec-e716-4c5a-bfe3-ce3a169b8844.2,Symploca sp. SIO3C6,metagenome-assembled genome,ftp://massive.ucsd.edu/MSV000085210/raw/iomega/A1833_020A4_GA4_01_14437.mzXML,MSV000085210,True,unvalidated_pairs
864909ec-e716-4c5a-bfe3-ce3a169b8844.2,Symploca sp. SIO3C6,metagenome-assembled genome,ftp://massive.ucsd.edu/MSV000085210/raw/iomega/A1833_020A5_GA5_01_14438.mzXML,MSV000085210,True,unvalidated_pairs
864909ec-e716-4c5a-bfe3-ce3a169b8844.2,Symploca sp. SIO3C6,metagenome-assembled genome,ftp://massive.ucsd.edu/MSV000085210/raw/iomega/A1833_020A6_GA6_01_14439.mzXML,MSV000085210,True,unvalidated_pairs
864909ec-e716-4c5a-bfe3-ce3a169b8844.2,Symploca sp. SIO3C6,metagenome-assembled genome,ftp://massive.ucsd.edu/MSV000085210/raw/iomega/A1833_020A7_GA7_01_14440.mzXML,MSV000085210,True,unvalidated_pairs
864909ec-e716-4c5a-bfe3-ce3a169b8844.2,Symploca sp. SIO3C6,metagenome-assembled genome,ftp://massive.ucsd.edu/MSV000085210/raw/iomega/A1833_020A8_GA8_01_14441.mzXML,MSV000085210,True,unvalidated_pairs
864909ec-e716-4c5a-bfe3-ce3a169b8844.2,Symploca sp. SIO3C6,metagenome-assembled genome,ftp://massive.ucsd.edu/MSV000085210/raw/iomega/A1833_020A9_GA9_01_14442.mzXML,MSV000085210,True,unvalidated_pairs
864909ec-e716-4c5a-bfe3-ce3a169b8844.2,Symploca sp. SIO3C6,metagenome-assembled genome,ftp://massive.ucsd.edu/MSV000085210/raw/iomega/A1833_020A10_GA10_01_14443.mzXML,MSV000085210,True,unvalidated_pairs
864909ec-e716-4c5a-bfe3-ce3a169b8844.2,Moorea sp. SIO3E2,metagenome-assembled genome,ftp://massive.ucsd.edu/MSV000085210/raw/iomega/A1688_010E7_GE7_01_13470.mzXML,MSV000085210,True,unvalidated_pairs
864909ec-e716-4c5a-bfe3-ce3a169b8844.2,Moorea sp. SIO3E2,metagenome-assembled genome,ftp://massive.ucsd.edu/MSV000085210/raw/iomega/A1688_010E8_GE8_01_13471.mzXML,MSV000085210,True,unvalidated_pairs
864909ec-e716-4c5a-bfe3-ce3a169b8844.2,Moorea sp. SIO3E2,metagenome-assembled genome,ftp://massive.ucsd.edu/MSV000085210/raw/iomega/A1688_010E9_GE9_01_13472.mzXML,MSV000085210,True,unvalidated_pairs
864909ec-e716-4c5a-bfe3-ce3a169b8844.2,Moorea sp. SIO3E2,metagenome-assembled genome,ftp://massive.ucsd.edu/MSV000085210/raw/iomega/A1688_010E10_GE10_01_13473.mzXML,MSV000085210,True,unvalidated_pairs
864909ec-e716-4c5a-bfe3-ce3a169b8844.2,Moorea sp. SIO3E2,metagenome-assembled genome,ftp://massive.ucsd.edu/MSV000085210/raw/iomega/A1688_010E11_GE11_01_13474.mzXML,MSV000085210,True,unvalidated_pairs
864909ec-e716-4c5a-bfe3-ce3a169b8844.2,Moorea sp. SIO3E8,metagenome-assembled genome,ftp://massive.ucsd.edu/MSV000085210/raw/iomega/2103%20cr_GE7_01_37775.mzXML,MSV000085210,True,unvalidated_pairs
864909ec-e716-4c5a-bfe3-ce3a169b8844.2,Leptolyngbya sp. SIO4C1,metagenome-assembled genome,ftp://massive.ucsd.edu/MSV000085210/raw/iomega/Cobble%20down%20cr_GG6_01_37798.mzXML,MSV000085210,True,unvalidated_pairs
864909ec-e716-4c5a-bfe3-ce3a169b8844.2,Kamptonema sp. SIO4C4,metagenome-assembled genome,ftp://massive.ucsd.edu/MSV000085210/raw/iomega/numC_11_C_GC2_01_37746.mzXML,MSV000085210,True,unvalidated_pairs
864909ec-e716-4c5a-bfe3-ce3a169b8844.2,Leptolyngbya sp. SIO4C5,metagenome-assembled genome,ftp://massive.ucsd.edu/MSV000085210/raw/iomega/C15-B%20cr_GG7_01_37799.mzXML,MSV000085210,True,unvalidated_pairs
864909ec-e716-4c5a-bfe3-ce3a169b8844.2,Moorea sp. SIO4G2,metagenome-assembled genome,ftp://massive.ucsd.edu/MSV000085210/raw/iomega/2246%20cr_GG3_01_37795.mzXML,MSV000085210,True,unvalidated_pairs
864909ec-e716-4c5a-bfe3-ce3a169b8844.2,Moorea sp. SIO4G3,metagenome-assembled genome,ftp://massive.ucsd.edu/MSV000085210/raw/iomega/2247%20cr_GG4_01_37796.mzXML,MSV000085210,True,unvalidated_pairs
864909ec-e716-4c5a-bfe3-ce3a169b8844.2,Moorea sp. SIOASIH,metagenome-assembled genome,ftp://massive.ucsd.edu/MSV000085210/raw/iomega/ASI16JUL14_2_C_GA3_01_37723.mzXML,MSV000085210,True,unvalidated_pairs
864909ec-e716-4c5a-bfe3-ce3a169b8844.2,Leptolyngbya sp. SIOISBB,metagenome-assembled genome,ftp://massive.ucsd.edu/MSV000085210/raw/iomega/ISB03NOV94_8_C_GA6_01_37726.mzXML,MSV000085210,True,unvalidated_pairs
86d4fbeb-ac2d-4286-aa3e-65c593eec3d0.1,E. salina SWB005,genome,ftp://massive.ucsd.edu/MSV000082831/raw/swb005_BA5_01_12046.mzXML,MSV000082831,True,unvalidated_pairs
86d4fbeb-ac2d-4286-aa3e-65c593eec3d0.1,E. salina SWB005,genome,ftp://massive.ucsd.edu/MSV000082831/raw/swb005_BB1_01_12484.mzXML,MSV000082831,True,unvalidated_pairs
86d4fbeb-ac2d-4286-aa3e-65c593eec3d0.1,E. salina SWB005,genome,ftp://massive.ucsd.edu/MSV000082831/raw/SWB005Pe_RA3_01_16888.mzXML,MSV000082831,True,unvalidated_pairs
86d4fbeb-ac2d-4286-aa3e-65c593eec3d0.1,E. salina SWB005,genome,ftp://massive.ucsd.edu/MSV000082831/raw/SWB005DCM_RB2_01_16895.mzXML,MSV000082831,True,unvalidated_pairs
86d4fbeb-ac2d-4286-aa3e-65c593eec3d0.1,E. salina SWB005,genome,ftp://massive.ucsd.edu/MSV000082831/raw/SWB005Aceton_RA5_01_16890.mzXML,MSV000082831,True,unvalidated_pairs
86d4fbeb-ac2d-4286-aa3e-65c593eec3d0.1,E. salina SWB005,genome,ftp://massive.ucsd.edu/MSV000082831/raw/SWB005EtOAc_RA8_01_16893.mzXML,MSV000082831,True,unvalidated_pairs
86d4fbeb-ac2d-4286-aa3e-65c593eec3d0.1,E. salina SWB005,genome,ftp://massive.ucsd.edu/MSV000082831/raw/SWB005MeOH_RA1_01_16886.mzXML,MSV000082831,True,unvalidated_pairs
86d4fbeb-ac2d-4286-aa3e-65c593eec3d0.1,E. salina SWB007,genome,ftp://massive.ucsd.edu/MSV000082831/raw/swb007_BA6_01_12047.mzXML,MSV000082831,True,unvalidated_pairs
86d4fbeb-ac2d-4286-aa3e-65c593eec3d0.1,E. salina SWB007,genome,ftp://massive.ucsd.edu/MSV000082831/raw/swb007_BB3_01_12486.mzXML,MSV000082831,True,unvalidated_pairs
86d4fbeb-ac2d-4286-aa3e-65c593eec3d0.1,E. salina SWB007,genome,ftp://massive.ucsd.edu/MSV000082831/raw/SWB007_PE_BA5_01_21027.mzXML,MSV000082831,True,unvalidated_pairs
86d4fbeb-ac2d-4286-aa3e-65c593eec3d0.1,E. salina SWB007,genome,ftp://massive.ucsd.edu/MSV000082831/raw/SWB007_DCM_BA3_01_21025.mzXML,MSV000082831,True,unvalidated_pairs
86d4fbeb-ac2d-4286-aa3e-65c593eec3d0.1,E. salina SWB007,genome,ftp://massive.ucsd.edu/MSV000082831/raw/SWB007_Aceton_BA7_01_21030.mzXML,MSV000082831,True,unvalidated_pairs
86d4fbeb-ac2d-4286-aa3e-65c593eec3d0.1,E. salina SWB007,genome,ftp://massive.ucsd.edu/MSV000082831/raw/SWB007_EtOAc_BA4_01_21026.mzXML,MSV000082831,True,unvalidated_pairs
86d4fbeb-ac2d-4286-aa3e-65c593eec3d0.1,E. salina SWB007,genome,ftp://massive.ucsd.edu/MSV000082831/raw/SWB007_MeOH_BA6_01_21028.mzXML,MSV000082831,True,unvalidated_pairs
86d4fbeb-ac2d-4286-aa3e-65c593eec3d0.1,E. salina DSM 15201,genome,ftp://massive.ucsd.edu/MSV000082831/raw/ESALINADSM_RB7_01_15860.mzXML,MSV000082831,True,unvalidated_pairs
86d4fbeb-ac2d-4286-aa3e-65c593eec3d0.1,E. salina DSM 15201,genome,ftp://massive.ucsd.edu/MSV000082831/raw/ES%20PE_RB8_01_16901.mzXML,MSV000082831,True,unvalidated_pairs
86d4fbeb-ac2d-4286-aa3e-65c593eec3d0.1,E. salina DSM 15201,genome,ftp://massive.ucsd.edu/MSV000082831/raw/ES%20DCM_RB7_01_16900.mzXML,MSV000082831,True,unvalidated_pairs
86d4fbeb-ac2d-4286-aa3e-65c593eec3d0.1,E. salina DSM 15201,genome,ftp://massive.ucsd.edu/MSV000082831/raw/ES%20Acetone_RB6_01_16899.mzXML,MSV000082831,True,unvalidated_pairs
86d4fbeb-ac2d-4286-aa3e-65c593eec3d0.1,E. salina DSM 15201,genome,ftp://massive.ucsd.edu/MSV000082831/raw/ES%20EtOAc_RB5_01_16898.mzXML,MSV000082831,True,unvalidated_pairs
86d4fbeb-ac2d-4286-aa3e-65c593eec3d0.1,E. salina DSM 15201,genome,ftp://massive.ucsd.edu/MSV000082831/raw/ES%20MeOH_RB4_01_16897.mzXML,MSV000082831,True,unvalidated_pairs
86d4fbeb-ac2d-4286-aa3e-65c593eec3d0.1,P. pacifica DSM 14875,genome,ftp://massive.ucsd.edu/MSV000082831/raw/PPACIFICA_RB6_01_15858.mzXML,MSV000082831,True,unvalidated_pairs
86d4fbeb-ac2d-4286-aa3e-65c593eec3d0.1,P. pacifica DSM 14875,genome,ftp://massive.ucsd.edu/MSV000082831/raw/Pacifica%20PE_RB3_01_16896.mzXML,MSV000082831,True,unvalidated_pairs
86d4fbeb-ac2d-4286-aa3e-65c593eec3d0.1,P. pacifica DSM 14875,genome,ftp://massive.ucsd.edu/MSV000082831/raw/Pacifica%20DCM_RA4_01_16889.mzXML,MSV000082831,True,unvalidated_pairs
86d4fbeb-ac2d-4286-aa3e-65c593eec3d0.1,P. pacifica DSM 14875,genome,ftp://massive.ucsd.edu/MSV000082831/raw/Pacifica%20Aceton_RA6_01_16891.mzXML,MSV000082831,True,unvalidated_pairs
86d4fbeb-ac2d-4286-aa3e-65c593eec3d0.1,P. pacifica DSM 14875,genome,ftp://massive.ucsd.edu/MSV000082831/raw/Pacifica%20EtOAc_RA7_01_16892.mzXML,MSV000082831,True,unvalidated_pairs
86d4fbeb-ac2d-4286-aa3e-65c593eec3d0.1,P. pacifica DSM 14875,genome,ftp://massive.ucsd.edu/MSV000082831/raw/Pacifica%20MeOH_RB1_01_16894.mzXML,MSV000082831,True,unvalidated_pairs
93f8edd3-c00d-4acf-b359-879b02850b46.1,Candidatus Entotheonella serta,genome,ftp://massive.ucsd.edu/MSV000081318/updates/2017-07-13_eriche_ecca281c/raw/TSWJapanSponge.mzXML,MSV000081318,True,validated_pairs
944b1725-47e2-4f4f-8d57-40fbf9dc4282.5,Bacillus subtilis subsp. subtilis str. 168,genome,ftp://massive.ucsd.edu/MSV000084117/peak/mzxml/Bsub_wt_1.mzXML,MSV000084117,True,validated_pairs
944b1725-47e2-4f4f-8d57-40fbf9dc4282.5,Bacillus subtilis subsp. subtilis str. 168,genome,ftp://massive.ucsd.edu/MSV000084117/peak/mzxml/Bsub_wt_2.mzXML,MSV000084117,True,validated_pairs
944b1725-47e2-4f4f-8d57-40fbf9dc4282.5,Bacillus subtilis subsp. subtilis str. 168,genome,ftp://massive.ucsd.edu/MSV000084117/peak/mzxml/Bsub_wt_3.mzXML,MSV000084117,True,validated_pairs
944b1725-47e2-4f4f-8d57-40fbf9dc4282.5,Bacillus subtilis subsp. subtilis str. 168,genome,ftp://massive.ucsd.edu/MSV000084117/peak/mzxml/KO_srf_1.mzXML,MSV000084117,True,unvalidated_pairs
944b1725-47e2-4f4f-8d57-40fbf9dc4282.5,Bacillus subtilis subsp. subtilis str. 168,genome,ftp://massive.ucsd.edu/MSV000084117/peak/mzxml/KO_srf_2.mzXML,MSV000084117,True,unvalidated_pairs
944b1725-47e2-4f4f-8d57-40fbf9dc4282.5,Bacillus subtilis subsp. subtilis str. 168,genome,ftp://massive.ucsd.edu/MSV000084117/peak/mzxml/KO_srf_3.mzXML,MSV000084117,True,unvalidated_pairs
9d51cc01-cdb7-4981-8841-30dad6b798a4.1,CNB-632,genome,ftp://massive.ucsd.edu/MSV000085179/peak/B632-2_26_01_10126.mzXML,MSV000085179,True,unvalidated_pairs
9d51cc01-cdb7-4981-8841-30dad6b798a4.1,CNP-082,genome,ftp://massive.ucsd.edu/MSV000085179/peak/P082_1_21_01_9386.mzXML,MSV000085179,True,unvalidated_pairs
9d51cc01-cdb7-4981-8841-30dad6b798a4.1,CNQ-329,genome,ftp://massive.ucsd.edu/MSV000085179/peak/Q329-2_21_01_10119.mzXML,MSV000085179,True,unvalidated_pairs
9d51cc01-cdb7-4981-8841-30dad6b798a4.1,CNQ-509,genome,ftp://massive.ucsd.edu/MSV000085179/peak/Q509-2_35_01_10137.mzXML,MSV000085179,True,unvalidated_pairs
9d51cc01-cdb7-4981-8841-30dad6b798a4.1,CNQ-865,genome,ftp://massive.ucsd.edu/MSV000085179/peak/Paired_Omics/Q865-1_42_01_10363.mzXML,MSV000085179,True,unvalidated_pairs
9d51cc01-cdb7-4981-8841-30dad6b798a4.1,CNT-371,genome,ftp://massive.ucsd.edu/MSV000085179/peak/T371-1_26_01_10343.mzXML,MSV000085179,True,unvalidated_pairs
9d51cc01-cdb7-4981-8841-30dad6b798a4.1,CNX-435,genome,ftp://massive.ucsd.edu/MSV000085179/peak/X435_2_29_01_9396.mzXML,MSV000085179,True,unvalidated_pairs
9d51cc01-cdb7-4981-8841-30dad6b798a4.1,CNY-243,genome,ftp://massive.ucsd.edu/MSV000085179/peak/Y243_2_14_01_9377.mzXML,MSV000085179,True,unvalidated_pairs
9d51cc01-cdb7-4981-8841-30dad6b798a4.1,CNZ-306,genome,ftp://massive.ucsd.edu/MSV000085179/peak/Z306_8_8_01_9369.mzXML,MSV000085179,True,unvalidated_pairs
a4837d37-1df1-4153-b365-c06841574235.3,Nocardia araoensis NBRC 100135,genome,ftp://massive.ucsd.edu/MSV000084771/raw/3-FeMeOHGa.mzXML,MSV000084771,True,validated_pairs
a4837d37-1df1-4153-b365-c06841574235.3,Nocardia takedensis NBRC 100417,genome,ftp://massive.ucsd.edu/MSV000084771/raw/29RE(rerun).mzXML,MSV000084771,True,validated_pairs
a4837d37-1df1-4153-b365-c06841574235.3,Nocardia sp. Root136,genome,ftp://massive.ucsd.edu/MSV000084771/raw/38RE(rerun).mzXML,MSV000084771,True,unvalidated_pairs
a4837d37-1df1-4153-b365-c06841574235.3,Nocardia cyriacigeorgica GUH-2,genome,ftp://massive.ucsd.edu/MSV000084771/raw/GUH-2.mzXML,MSV000084771,True,unvalidated_pairs
a4837d37-1df1-4153-b365-c06841574235.3,Nocardia jejuensis NBRC 103114,genome,ftp://massive.ucsd.edu/MSV000084771/raw/52-FeMeOHGa.mzXML,MSV000084771,True,validated_pairs
a4837d37-1df1-4153-b365-c06841574235.3,Nocardia fusca NBRC 14340,genome,ftp://massive.ucsd.edu/MSV000084771/raw/55-FeMeOHGa.mzXML,MSV000084771,True,validated_pairs
a4837d37-1df1-4153-b365-c06841574235.3,Nocardia rhamnosiphila NBRC 108938,genome,ftp://massive.ucsd.edu/MSV000084771/raw/57-FeMeOHGa.mzXML,MSV000084771,True,validated_pairs
a4837d37-1df1-4153-b365-c06841574235.3,Nocardia vermiculata NBRC 100427,genome,ftp://massive.ucsd.edu/MSV000084771/raw/62-FeMeOHGa.mzXML,MSV000084771,True,validated_pairs
a4837d37-1df1-4153-b365-c06841574235.3,Nocardia gamkensis NBRC 108242,genome,ftp://massive.ucsd.edu/MSV000084771/raw/70-FeMeOHGa(rerun).mzXML,MSV000084771,True,validated_pairs
a4837d37-1df1-4153-b365-c06841574235.3,Nocardia elegans NBRC 108235,genome,ftp://massive.ucsd.edu/MSV000084771/raw/74RE.mzXML,MSV000084771,True,unvalidated_pairs
a4837d37-1df1-4153-b365-c06841574235.3,Nocardia alba NBRC 108234,genome,ftp://massive.ucsd.edu/MSV000084771/raw/79-FeMeOHGa.mzXML,MSV000084771,True,validated_pairs
a5381231-e90f-477c-b192-3e1d12891d7b.5,Rippkae orientalis PCC 8801,genome,ftp://massive.ucsd.edu/MSV000084954/peak/040220025.mzML,MSV000084954,True,unvalidated_pairs
a5381231-e90f-477c-b192-3e1d12891d7b.5,Prochlorothrix hollandica PCC 9006,genome,ftp://massive.ucsd.edu/MSV000084954/peak/040220026.mzML,MSV000084954,True,unvalidated_pairs
a5381231-e90f-477c-b192-3e1d12891d7b.5,Pseudanabaena biceps PCC 7429,genome,ftp://massive.ucsd.edu/MSV000084954/peak/040220027.mzML,MSV000084954,True,unvalidated_pairs
a5381231-e90f-477c-b192-3e1d12891d7b.5,Pseudanabaena sp. PCC 6802,genome,ftp://massive.ucsd.edu/MSV000084954/peak/040220028.mzML,MSV000084954,True,unvalidated_pairs
a5381231-e90f-477c-b192-3e1d12891d7b.5,Chamaesiphon minutus PCC 6605,genome,ftp://massive.ucsd.edu/MSV000084954/peak/040220029.mzML,MSV000084954,True,unvalidated_pairs
a5381231-e90f-477c-b192-3e1d12891d7b.5,Halothece sp. PCC 7418,genome,ftp://massive.ucsd.edu/MSV000084954/peak/040220030.mzML,MSV000084954,True,unvalidated_pairs
a5381231-e90f-477c-b192-3e1d12891d7b.5,Spirulina major  PCC 6313,genome,ftp://massive.ucsd.edu/MSV000084954/peak/040220031.mzML,MSV000084954,True,unvalidated_pairs
a5381231-e90f-477c-b192-3e1d12891d7b.5,Calothrix sp. PCC 6303,genome,ftp://massive.ucsd.edu/MSV000084954/peak/040220033.mzML,MSV000084954,True,unvalidated_pairs
a5381231-e90f-477c-b192-3e1d12891d7b.5,Fortiea contorta PCC 7126,genome,ftp://massive.ucsd.edu/MSV000084954/peak/040220034.mzML,MSV000084954,True,unvalidated_pairs
a5381231-e90f-477c-b192-3e1d12891d7b.5,Oscillatoria sp. PCC 10802,genome,ftp://massive.ucsd.edu/MSV000084954/peak/040220035.mzML,MSV000084954,True,unvalidated_pairs
a5381231-e90f-477c-b192-3e1d12891d7b.5,Pleurocapsa sp. PCC 7327,genome,ftp://massive.ucsd.edu/MSV000084954/peak/040220036.mzML,MSV000084954,True,unvalidated_pairs
a5381231-e90f-477c-b192-3e1d12891d7b.5,Nostoc punctiforme PCC 73102,genome,ftp://massive.ucsd.edu/MSV000084954/peak/040220037.mzML,MSV000084954,True,unvalidated_pairs
a5381231-e90f-477c-b192-3e1d12891d7b.5,Leptolyngbya sp. PCC 6406,genome,ftp://massive.ucsd.edu/MSV000084954/peak/040220038.mzML,MSV000084954,True,unvalidated_pairs
a5381231-e90f-477c-b192-3e1d12891d7b.5,Leptolyngbya sp. PCC 7376,genome,ftp://massive.ucsd.edu/MSV000084954/peak/040220039.mzML,MSV000084954,True,unvalidated_pairs
a5381231-e90f-477c-b192-3e1d12891d7b.5,Cylindrospermum stagnale PCC 7417 ,genome,ftp://massive.ucsd.edu/MSV000084954/peak/040220040.mzML,MSV000084954,True,unvalidated_pairs
a5381231-e90f-477c-b192-3e1d12891d7b.5,Xenococcus sp. PCC 7305,genome,ftp://massive.ucsd.edu/MSV000084954/peak/040220041.mzML,MSV000084954,True,unvalidated_pairs
a5381231-e90f-477c-b192-3e1d12891d7b.5,Cyanothece sp. PCC 7425,genome,ftp://massive.ucsd.edu/MSV000084954/peak/040220042.mzML,MSV000084954,True,unvalidated_pairs
a5381231-e90f-477c-b192-3e1d12891d7b.5,Chroococcidiopsis sp. PCC 6712,genome,ftp://massive.ucsd.edu/MSV000084954/peak/040220043.mzML,MSV000084954,True,unvalidated_pairs
a5381231-e90f-477c-b192-3e1d12891d7b.5,Chroococcidiopsis thermalis PCC 7203,genome,ftp://massive.ucsd.edu/MSV000084954/peak/040220044.mzML,MSV000084954,True,unvalidated_pairs
a5381231-e90f-477c-b192-3e1d12891d7b.5,Microcystis aeruginosa NIES-843,genome,ftp://massive.ucsd.edu/MSV000084954/peak/040220046.mzML,MSV000084954,True,unvalidated_pairs
a5381231-e90f-477c-b192-3e1d12891d7b.5,Microcystis aeruginosa PCC 7806,genome,ftp://massive.ucsd.edu/MSV000084954/peak/040220047.mzML,MSV000084954,True,unvalidated_pairs
a5381231-e90f-477c-b192-3e1d12891d7b.5,Pleurocapsa sp. PCC 7319,genome,ftp://massive.ucsd.edu/MSV000084954/peak/040220048.mzML,MSV000084954,True,unvalidated_pairs
a5381231-e90f-477c-b192-3e1d12891d7b.5,Trichormus variabilis ATCC 29413,genome,ftp://massive.ucsd.edu/MSV000084954/peak/040220049.mzML,MSV000084954,True,unvalidated_pairs
a5381231-e90f-477c-b192-3e1d12891d7b.5,Leptolyngbya sp. PCC 7375,genome,ftp://massive.ucsd.edu/MSV000084954/peak/040220050.mzML,MSV000084954,True,unvalidated_pairs
a5381231-e90f-477c-b192-3e1d12891d7b.5,Kamptonema sp. PCC 6506,genome,ftp://massive.ucsd.edu/MSV000084954/peak/040220051.mzML,MSV000084954,True,unvalidated_pairs
a5381231-e90f-477c-b192-3e1d12891d7b.5,Rivularia sp. PCC 7116,genome,ftp://massive.ucsd.edu/MSV000084954/peak/040220052.mzML,MSV000084954,True,unvalidated_pairs
a5381231-e90f-477c-b192-3e1d12891d7b.5,Microcoleus sp. PCC 7113,genome,ftp://massive.ucsd.edu/MSV000084954/peak/040220053.mzML,MSV000084954,True,unvalidated_pairs
a5381231-e90f-477c-b192-3e1d12891d7b.5,Calothrix sp. PCC 7507,genome,ftp://massive.ucsd.edu/MSV000084954/peak/040220054.mzML,MSV000084954,True,unvalidated_pairs
a5381231-e90f-477c-b192-3e1d12891d7b.5,Synechococcus sp. PCC 7502,genome,ftp://massive.ucsd.edu/MSV000084954/peak/040220055.mzML,MSV000084954,True,unvalidated_pairs
a5381231-e90f-477c-b192-3e1d12891d7b.5,Synechocystis sp. PCC 7509,genome,ftp://massive.ucsd.edu/MSV000084954/peak/040220056.mzML,MSV000084954,True,unvalidated_pairs
a5381231-e90f-477c-b192-3e1d12891d7b.5,Nodosilinea nodulosa PCC 7104,genome,ftp://massive.ucsd.edu/MSV000084954/peak/040220057.mzML,MSV000084954,True,unvalidated_pairs
a5381231-e90f-477c-b192-3e1d12891d7b.5,Gloeocapsa sp. PCC 7428,genome,ftp://massive.ucsd.edu/MSV000084954/peak/040220058.mzML,MSV000084954,True,unvalidated_pairs
a5381231-e90f-477c-b192-3e1d12891d7b.5,Cyanothece sp. PCC 7822,genome,ftp://massive.ucsd.edu/MSV000084954/peak/040220059.mzML,MSV000084954,True,unvalidated_pairs
a5381231-e90f-477c-b192-3e1d12891d7b.5,Dactylococcopsis salina PCC 8305,genome,ftp://massive.ucsd.edu/MSV000084954/peak/040220060.mzML,MSV000084954,True,unvalidated_pairs
a5381231-e90f-477c-b192-3e1d12891d7b.5,Spirulina subsalsa PCC 9445,genome,ftp://massive.ucsd.edu/MSV000084954/peak/040220061.mzML,MSV000084954,True,unvalidated_pairs
a5381231-e90f-477c-b192-3e1d12891d7b.5,Calothrix sp. PCC 7103,genome,ftp://massive.ucsd.edu/MSV000084954/peak/040220062.mzML,MSV000084954,True,unvalidated_pairs
a5381231-e90f-477c-b192-3e1d12891d7b.5,Fischerella sp. PCC 9339,genome,ftp://massive.ucsd.edu/MSV000084954/peak/040220063.mzML,MSV000084954,True,unvalidated_pairs
a5381231-e90f-477c-b192-3e1d12891d7b.5,Fischerella sp. PCC 9605,genome,ftp://massive.ucsd.edu/MSV000084954/peak/040220064.mzML,MSV000084954,True,unvalidated_pairs
a5381231-e90f-477c-b192-3e1d12891d7b.5,Mastigocladopsis repens PCC 10914,genome,ftp://massive.ucsd.edu/MSV000084954/peak/040220065.mzML,MSV000084954,True,unvalidated_pairs
a5381231-e90f-477c-b192-3e1d12891d7b.5,Geminocystis herdmanii PCC 6308,genome,ftp://massive.ucsd.edu/MSV000084954/peak/040220066.mzML,MSV000084954,True,unvalidated_pairs
a5381231-e90f-477c-b192-3e1d12891d7b.5,Synechococcus elongatus PCC 6301,genome,ftp://massive.ucsd.edu/MSV000084954/peak/040220067.mzML,MSV000084954,True,unvalidated_pairs
a5381231-e90f-477c-b192-3e1d12891d7b.5,Nostoc sp. PCC 7120,genome,ftp://massive.ucsd.edu/MSV000084954/peak/040220068.mzML,MSV000084954,True,unvalidated_pairs
a94f229d-501d-4073-acc2-24a26ba85791.1,Microcystis viridis NIES-102,genome,ftp://massive.ucsd.edu/MSV000084950/peak/040220001.mzML,MSV000084950,True,unvalidated_pairs
a94f229d-501d-4073-acc2-24a26ba85791.1,Microcystis aeruginosa NIES-298,genome,ftp://massive.ucsd.edu/MSV000084950/peak/040220002.mzML,MSV000084950,True,unvalidated_pairs
a94f229d-501d-4073-acc2-24a26ba85791.1,Microcystis aeruginosa NIES-843,genome,ftp://massive.ucsd.edu/MSV000084950/peak/040220003.mzML,MSV000084950,True,unvalidated_pairs
a94f229d-501d-4073-acc2-24a26ba85791.1,Nodularia spumigena UHCC 0039,genome,ftp://massive.ucsd.edu/MSV000084950/peak/040220004.mzML,MSV000084950,True,unvalidated_pairs
a94f229d-501d-4073-acc2-24a26ba85791.1,Anabaena sp. UHCC 0204,genome,ftp://massive.ucsd.edu/MSV000084950/peak/040220005.mzML,MSV000084950,True,unvalidated_pairs
a94f229d-501d-4073-acc2-24a26ba85791.1,Anabaena sp. UHCC 0253,genome,ftp://massive.ucsd.edu/MSV000084950/peak/040220006.mzML,MSV000084950,True,unvalidated_pairs
a94f229d-501d-4073-acc2-24a26ba85791.1,Dolichospermum planctonicum UHCC 0167,genome,ftp://massive.ucsd.edu/MSV000084950/peak/040220007.mzML,MSV000084950,True,unvalidated_pairs
a94f229d-501d-4073-acc2-24a26ba85791.1,Dolichospermum flos-aquae UHCC 0037,genome,ftp://massive.ucsd.edu/MSV000084950/peak/040220008.mzML,MSV000084950,True,unvalidated_pairs
a94f229d-501d-4073-acc2-24a26ba85791.1,Dolichospermum sp. UHCC 0090,genome,ftp://massive.ucsd.edu/MSV000084950/peak/040220009.mzML,MSV000084950,True,unvalidated_pairs
a94f229d-501d-4073-acc2-24a26ba85791.1,Dolichospermum sp. UHCC 0315A,genome,ftp://massive.ucsd.edu/MSV000084950/peak/040220010.mzML,MSV000084950,True,unvalidated_pairs
a94f229d-501d-4073-acc2-24a26ba85791.1,Dolichospermum sp. UHCC 0259,genome,ftp://massive.ucsd.edu/MSV000084950/peak/040220011.mzML,MSV000084950,True,unvalidated_pairs
a94f229d-501d-4073-acc2-24a26ba85791.1,Dolichospermum sp. UHCC 0260,genome,ftp://massive.ucsd.edu/MSV000084950/peak/040220012.mzML,MSV000084950,True,unvalidated_pairs
a94f229d-501d-4073-acc2-24a26ba85791.1,Dolichospermum sp. UHCC 0299,genome,ftp://massive.ucsd.edu/MSV000084950/peak/040220013.mzML,MSV000084950,True,unvalidated_pairs
a94f229d-501d-4073-acc2-24a26ba85791.1,Dolichospermum sp. UHCC 0352,genome,ftp://massive.ucsd.edu/MSV000084950/peak/040220014.mzML,MSV000084950,True,unvalidated_pairs
a94f229d-501d-4073-acc2-24a26ba85791.1,Dolichospermum sp. UHCC 0406,genome,ftp://massive.ucsd.edu/MSV000084950/peak/040220015.mzML,MSV000084950,True,unvalidated_pairs
a94f229d-501d-4073-acc2-24a26ba85791.1,Aphanizomenon sp. UHCC 0183,genome,ftp://massive.ucsd.edu/MSV000084950/peak/040220016.mzML,MSV000084950,True,unvalidated_pairs
a94f229d-501d-4073-acc2-24a26ba85791.1,Trichormus variabilis ATCC 29413,genome,ftp://massive.ucsd.edu/MSV000084950/peak/040220017.mzML,MSV000084950,True,unvalidated_pairs
a94f229d-501d-4073-acc2-24a26ba85791.1,Cylindrospermopsis raciborskii CS-505,genome,ftp://massive.ucsd.edu/MSV000084950/peak/040220018.mzML,MSV000084950,True,unvalidated_pairs
a94f229d-501d-4073-acc2-24a26ba85791.1,Nostoc minutum NIES-26,genome,ftp://massive.ucsd.edu/MSV000084950/peak/040220019.mzML,MSV000084950,True,unvalidated_pairs
a94f229d-501d-4073-acc2-24a26ba85791.1,Calothrix sp. UHCC 336/3,genome,ftp://massive.ucsd.edu/MSV000084950/peak/040220020.mzML,MSV000084950,True,unvalidated_pairs
a94f229d-501d-4073-acc2-24a26ba85791.1,Anabaena sp. UHCC 0187,genome,ftp://massive.ucsd.edu/MSV000084950/peak/040220021.mzML,MSV000084950,True,unvalidated_pairs
a94f229d-501d-4073-acc2-24a26ba85791.1,Microcystis aeruginosa NIES-88,genome,ftp://massive.ucsd.edu/MSV000084950/peak/040220022.mzML,MSV000084950,True,unvalidated_pairs
a94f229d-501d-4073-acc2-24a26ba85791.1,Sphaerospermopsis kisseleviana NIES-73,genome,ftp://massive.ucsd.edu/MSV000084950/peak/040220023.mzML,MSV000084950,True,unvalidated_pairs
a94f229d-501d-4073-acc2-24a26ba85791.1,Aphanizomenon flos-aquae NIES-81,genome,ftp://massive.ucsd.edu/MSV000084950/peak/040220024.mzML,MSV000084950,True,unvalidated_pairs
aa13b370-2bff-43aa-b0b1-5671716bdb5c.2,Paenibacillus larvae subsp. larvae DSM 25430,genome,ftp://massive.ucsd.edu/MSV000085032/peak/PL_RT128_200-600.mzXML,MSV000085032,True,unvalidated_pairs
aa13b370-2bff-43aa-b0b1-5671716bdb5c.2,Paenibacillus larvae subsp. larvae DSM 25430,genome,ftp://massive.ucsd.edu/MSV000085032/peak/PL_RT128_600-2000.mzXML,MSV000085032,True,unvalidated_pairs
aa13b370-2bff-43aa-b0b1-5671716bdb5c.2,Paenibacillus larvae subsp. larvae DSM 25430,genome,ftp://massive.ucsd.edu/MSV000085032/peak/PL_RT134-161_200-600.mzXML,MSV000085032,True,unvalidated_pairs
aa13b370-2bff-43aa-b0b1-5671716bdb5c.2,Paenibacillus larvae subsp. larvae DSM 25430,genome,ftp://massive.ucsd.edu/MSV000085032/peak/PL_RT134-161_600-2000.mzXML,MSV000085032,True,unvalidated_pairs
aa13b370-2bff-43aa-b0b1-5671716bdb5c.2,Paenibacillus larvae subsp. larvae DSM 25430,genome,ftp://massive.ucsd.edu/MSV000085032/updates/2020-02-28_tamhdang_dd576258/peak/Sevadicin_HCD.mzXML,MSV000085032,True,validated_pairs
aa886b1a-320f-4567-bf22-b45c3d24a4cc.2,N. punctiforme PCC 73102,genome,ftp://massive.ucsd.edu/MSV000078891/spectrum/massive_cyanos/EH_2014_06_18_WT_colony2.mzXML,MSV000078891,True,validated_pairs
aa886b1a-320f-4567-bf22-b45c3d24a4cc.2,N. punctiforme PCC 73102 pks2-,genome,ftp://massive.ucsd.edu/MSV000078891/spectrum/massive_cyanos/2014_10_06_KO.mzXML,MSV000078891,True,unvalidated_pairs
aa886b1a-320f-4567-bf22-b45c3d24a4cc.2,N. punctiforme PCC 73102,genome,ftp://massive.ucsd.edu/MSV000078891/spectrum/massive_cyanos/2014_10_06_WT.mzXML,MSV000078891,True,unvalidated_pairs
aa886b1a-320f-4567-bf22-b45c3d24a4cc.2,N. punctiforme PCC 73102 pks2-,genome,ftp://massive.ucsd.edu/MSV000078891/spectrum/massive_cyanos/2014_10_07_KO_colony.mzXML,MSV000078891,True,unvalidated_pairs
aa886b1a-320f-4567-bf22-b45c3d24a4cc.2,N. punctiforme PCC 73102 pks2-,genome,ftp://massive.ucsd.edu/MSV000078891/spectrum/massive_cyanos/EH_2014_05_17_KOminusN_high.mzXML,MSV000078891,True,unvalidated_pairs
aa886b1a-320f-4567-bf22-b45c3d24a4cc.2,N. punctiforme PCC 73102 pks2-,genome,ftp://massive.ucsd.edu/MSV000078891/spectrum/massive_cyanos/EH_2014_05_17_KOminusN_low.mzXML,MSV000078891,True,unvalidated_pairs
aa886b1a-320f-4567-bf22-b45c3d24a4cc.2,N. punctiforme PCC 73102 pks2-,genome,ftp://massive.ucsd.edu/MSV000078891/spectrum/massive_cyanos/EH_2014_05_17_KOplusN_low.mzXML,MSV000078891,True,unvalidated_pairs
aa886b1a-320f-4567-bf22-b45c3d24a4cc.2,N. punctiforme PCC 73102,genome,ftp://massive.ucsd.edu/MSV000078891/spectrum/massive_cyanos/EH_2014_05_17_WTminusN_high.mzXML,MSV000078891,True,unvalidated_pairs
aa886b1a-320f-4567-bf22-b45c3d24a4cc.2,N. punctiforme PCC 73102,genome,ftp://massive.ucsd.edu/MSV000078891/spectrum/massive_cyanos/EH_2014_05_17_WTminusN_low.mzXML,MSV000078891,True,unvalidated_pairs
aa886b1a-320f-4567-bf22-b45c3d24a4cc.2,N. punctiforme PCC 73102,genome,ftp://massive.ucsd.edu/MSV000078891/spectrum/massive_cyanos/EH_2014_05_17_WTplusN_high.mzXML,MSV000078891,True,unvalidated_pairs
aa886b1a-320f-4567-bf22-b45c3d24a4cc.2,N. punctiforme PCC 73102,genome,ftp://massive.ucsd.edu/MSV000078891/spectrum/massive_cyanos/EH_2014_05_17_WTplusN_low.mzXML,MSV000078891,True,unvalidated_pairs
aa886b1a-320f-4567-bf22-b45c3d24a4cc.2,N. punctiforme PCC 73102 pks2-,genome,ftp://massive.ucsd.edu/MSV000078891/spectrum/massive_cyanos/EH_2014_05_18_KOminusN_high.mzXML,MSV000078891,True,unvalidated_pairs
aa886b1a-320f-4567-bf22-b45c3d24a4cc.2,N. punctiforme PCC 73102 pks2-,genome,ftp://massive.ucsd.edu/MSV000078891/spectrum/massive_cyanos/EH_2014_05_18_KOminusN_low.mzXML,MSV000078891,True,unvalidated_pairs
aa886b1a-320f-4567-bf22-b45c3d24a4cc.2,N. punctiforme PCC 73102 pks2-,genome,ftp://massive.ucsd.edu/MSV000078891/spectrum/massive_cyanos/EH_2014_05_18_KOplusN_high.mzXML,MSV000078891,True,unvalidated_pairs
aa886b1a-320f-4567-bf22-b45c3d24a4cc.2,N. punctiforme PCC 73102 pks2-,genome,ftp://massive.ucsd.edu/MSV000078891/spectrum/massive_cyanos/EH_2014_05_18_KOplusN_low.mzXML,MSV000078891,True,unvalidated_pairs
aa886b1a-320f-4567-bf22-b45c3d24a4cc.2,N. punctiforme PCC 73102,genome,ftp://massive.ucsd.edu/MSV000078891/spectrum/massive_cyanos/EH_2014_05_18_WTminusN_high.mzXML,MSV000078891,True,unvalidated_pairs
aa886b1a-320f-4567-bf22-b45c3d24a4cc.2,N. punctiforme PCC 73102,genome,ftp://massive.ucsd.edu/MSV000078891/spectrum/massive_cyanos/EH_2014_05_18_WTminusN_low.mzXML,MSV000078891,True,unvalidated_pairs
aa886b1a-320f-4567-bf22-b45c3d24a4cc.2,N. punctiforme PCC 73102,genome,ftp://massive.ucsd.edu/MSV000078891/spectrum/massive_cyanos/EH_2014_05_18_WTplusN_high.mzXML,MSV000078891,True,unvalidated_pairs
aa886b1a-320f-4567-bf22-b45c3d24a4cc.2,N. punctiforme PCC 73102,genome,ftp://massive.ucsd.edu/MSV000078891/spectrum/massive_cyanos/EH_2014_05_18_WTplusN_low.mzXML,MSV000078891,True,unvalidated_pairs
aa886b1a-320f-4567-bf22-b45c3d24a4cc.2,N. punctiforme PCC 73102 pks2-,genome,ftp://massive.ucsd.edu/MSV000078891/spectrum/massive_cyanos/EH_2014_05_19_KO+N_colony.mzXML,MSV000078891,True,unvalidated_pairs
aa886b1a-320f-4567-bf22-b45c3d24a4cc.2,N. punctiforme PCC 73102 pks2-,genome,ftp://massive.ucsd.edu/MSV000078891/spectrum/massive_cyanos/EH_2014_05_19_KO+N_secreted.mzXML,MSV000078891,True,unvalidated_pairs
aa886b1a-320f-4567-bf22-b45c3d24a4cc.2,N. punctiforme PCC 73102 pks2-,genome,ftp://massive.ucsd.edu/MSV000078891/spectrum/massive_cyanos/EH_2014_05_19_KO-N_colony.mzXML,MSV000078891,True,unvalidated_pairs
aa886b1a-320f-4567-bf22-b45c3d24a4cc.2,N. punctiforme PCC 73102 pks2-,genome,ftp://massive.ucsd.edu/MSV000078891/spectrum/massive_cyanos/EH_2014_05_19_KO-N_secreted.mzXML,MSV000078891,True,unvalidated_pairs
aa886b1a-320f-4567-bf22-b45c3d24a4cc.2,N. punctiforme PCC 73102,genome,ftp://massive.ucsd.edu/MSV000078891/spectrum/massive_cyanos/EH_2014_05_19_WT+N_colony.mzXML,MSV000078891,True,unvalidated_pairs
aa886b1a-320f-4567-bf22-b45c3d24a4cc.2,N. punctiforme PCC 73102,genome,ftp://massive.ucsd.edu/MSV000078891/spectrum/massive_cyanos/EH_2014_05_19_WT+N_secreted.mzXML,MSV000078891,True,unvalidated_pairs
aa886b1a-320f-4567-bf22-b45c3d24a4cc.2,N. punctiforme PCC 73102,genome,ftp://massive.ucsd.edu/MSV000078891/spectrum/massive_cyanos/EH_2014_05_19_WT-N_colony.mzXML,MSV000078891,True,unvalidated_pairs
aa886b1a-320f-4567-bf22-b45c3d24a4cc.2,N. punctiforme PCC 73102,genome,ftp://massive.ucsd.edu/MSV000078891/spectrum/massive_cyanos/EH_2014_05_19_WT-N_secreted.mzXML,MSV000078891,True,unvalidated_pairs
aa886b1a-320f-4567-bf22-b45c3d24a4cc.2,N. punctiforme PCC 73102 pks2-,genome,ftp://massive.ucsd.edu/MSV000078891/spectrum/massive_cyanos/EH_2014_06_18_KO_colony.mzXML,MSV000078891,True,unvalidated_pairs
aa886b1a-320f-4567-bf22-b45c3d24a4cc.2,N. punctiforme PCC 73102 pks2-,genome,ftp://massive.ucsd.edu/MSV000078891/spectrum/massive_cyanos/EH_2014_06_18_KO_colony2.mzXML,MSV000078891,True,unvalidated_pairs
aa886b1a-320f-4567-bf22-b45c3d24a4cc.2,N. punctiforme PCC 73102 pks2-,genome,ftp://massive.ucsd.edu/MSV000078891/spectrum/massive_cyanos/EH_2014_06_18_KO_colony2N.mzXML,MSV000078891,True,unvalidated_pairs
aa886b1a-320f-4567-bf22-b45c3d24a4cc.2,N. punctiforme PCC 73102 pks2-,genome,ftp://massive.ucsd.edu/MSV000078891/spectrum/massive_cyanos/EH_2014_06_18_KO_colonyN.mzXML,MSV000078891,True,unvalidated_pairs
aa886b1a-320f-4567-bf22-b45c3d24a4cc.2,N. punctiforme PCC 73102,genome,ftp://massive.ucsd.edu/MSV000078891/spectrum/massive_cyanos/EH_2014_06_18_WT_colony.mzXML,MSV000078891,True,unvalidated_pairs
aa886b1a-320f-4567-bf22-b45c3d24a4cc.2,N. punctiforme PCC 73102,genome,ftp://massive.ucsd.edu/MSV000078891/spectrum/massive_cyanos/EH_2014_06_18_WT_colony2N.mzXML,MSV000078891,True,unvalidated_pairs
aa886b1a-320f-4567-bf22-b45c3d24a4cc.2,N. punctiforme PCC 73102,genome,ftp://massive.ucsd.edu/MSV000078891/spectrum/massive_cyanos/EH_2014_06_18_WT_colonyN.mzXML,MSV000078891,True,unvalidated_pairs
aa886b1a-320f-4567-bf22-b45c3d24a4cc.2,N. punctiforme PCC 73102,genome,ftp://massive.ucsd.edu/MSV000078891/spectrum/massive_cyanos/EH_2014_06_18_WT_secreted.mzXML,MSV000078891,True,unvalidated_pairs
aa886b1a-320f-4567-bf22-b45c3d24a4cc.2,N. punctiforme PCC 73102,genome,ftp://massive.ucsd.edu/MSV000078891/spectrum/massive_cyanos/EH_2014_06_18_WT_secreted2.mzXML,MSV000078891,True,unvalidated_pairs
aa886b1a-320f-4567-bf22-b45c3d24a4cc.2,N. punctiforme PCC 73102,genome,ftp://massive.ucsd.edu/MSV000078891/spectrum/massive_cyanos/EH_2014_06_18_WT_secreted2N.mzXML,MSV000078891,True,unvalidated_pairs
aa886b1a-320f-4567-bf22-b45c3d24a4cc.2,N. punctiforme PCC 73102,genome,ftp://massive.ucsd.edu/MSV000078891/spectrum/massive_cyanos/EH_2014_06_18_WT_secretedN.mzXML,MSV000078891,True,unvalidated_pairs
aa886b1a-320f-4567-bf22-b45c3d24a4cc.2,N. punctiforme PCC 73102 pks2-,genome,ftp://massive.ucsd.edu/MSV000078891/spectrum/massive_cyanos/EH_2014_07_14_KO+N.mzXML,MSV000078891,True,unvalidated_pairs
aa886b1a-320f-4567-bf22-b45c3d24a4cc.2,N. punctiforme PCC 73102 pks2-,genome,ftp://massive.ucsd.edu/MSV000078891/spectrum/massive_cyanos/EH_2014_07_14_KO+N2.mzXML,MSV000078891,True,unvalidated_pairs
aa886b1a-320f-4567-bf22-b45c3d24a4cc.2,N. punctiforme PCC 73102 pks2-,genome,ftp://massive.ucsd.edu/MSV000078891/spectrum/massive_cyanos/EH_2014_07_14_KO_N.mzXML,MSV000078891,True,unvalidated_pairs
aa886b1a-320f-4567-bf22-b45c3d24a4cc.2,N. punctiforme PCC 73102,genome,ftp://massive.ucsd.edu/MSV000078891/spectrum/massive_cyanos/EH_2014_07_14_WT+N.mzXML,MSV000078891,True,unvalidated_pairs
aa886b1a-320f-4567-bf22-b45c3d24a4cc.2,N. punctiforme PCC 73102,genome,ftp://massive.ucsd.edu/MSV000078891/spectrum/massive_cyanos/EH_2014_07_14_WT+N2.mzXML,MSV000078891,True,unvalidated_pairs
aa886b1a-320f-4567-bf22-b45c3d24a4cc.2,N. punctiforme PCC 73102,genome,ftp://massive.ucsd.edu/MSV000078891/spectrum/massive_cyanos/EH_2014_07_14_WT_N.mzXML,MSV000078891,True,unvalidated_pairs
ab50a484-e007-483b-8376-63f121a8d728.1,WMMB235,genome,ftp://massive.ucsd.edu/MSV000085021/peak/DA2-85-D5-M1.mzXML,MSV000085021,True,unvalidated_pairs
b11e7516-d407-4c28-987f-4f8f86a16c55.3,Streptomyces sp. QL37,genome,ftp://massive.ucsd.edu/MSV000082285/ccms_peak/MM-WT_1-10_P1-G-2_01_35627.mzML,MSV000082285,True,validated_pairs
b14413c8-329b-47b5-9a08-cbead882187e.2,wmmb499,genome,"ftp://massive.ucsd.edu/MSV000085027/peak/B499_MSMS_1-A,2_01_17362.mzML",MSV000085027,True,unvalidated_pairs
b78b5817-86e2-4e5e-a087-a6b0d9710fce.5,SID1034,genome,"ftp://massive.ucsd.edu/MSV000084723/raw/chevrette_et_al_msms/CST_20151012_SID1034_1-B,5_01_4616.mzXML",MSV000084723,True,unvalidated_pairs
b78b5817-86e2-4e5e-a087-a6b0d9710fce.5,SID1046,genome,"ftp://massive.ucsd.edu/MSV000084723/raw/chevrette_et_al_msms/CST_20151012_SID1046_1-B,6_01_4618.mzXML",MSV000084723,True,unvalidated_pairs
b78b5817-86e2-4e5e-a087-a6b0d9710fce.5,SID1328,genome,"ftp://massive.ucsd.edu/MSV000084723/raw/chevrette_et_al_msms/CST_20151012_SID1328_1-B,7_01_4619.mzXML",MSV000084723,True,unvalidated_pairs
b78b5817-86e2-4e5e-a087-a6b0d9710fce.5,SID161,genome,"ftp://massive.ucsd.edu/MSV000084723/raw/chevrette_et_al_msms/CST_20151012_SID161_1-A,5_01_4609.mzXML",MSV000084723,True,unvalidated_pairs
b78b5817-86e2-4e5e-a087-a6b0d9710fce.5,SID1,genome,"ftp://massive.ucsd.edu/MSV000084723/raw/chevrette_et_al_msms/CST_20151012_SID1_MSMS01_1-A,2_01_4598.mzXML",MSV000084723,True,unvalidated_pairs
b78b5817-86e2-4e5e-a087-a6b0d9710fce.5,SID2119,genome,"ftp://massive.ucsd.edu/MSV000084723/raw/chevrette_et_al_msms/CST_20151012_SID2119_1-B,8_01_4620.mzXML",MSV000084723,True,unvalidated_pairs
b78b5817-86e2-4e5e-a087-a6b0d9710fce.5,SID2131,genome,"ftp://massive.ucsd.edu/MSV000084723/raw/chevrette_et_al_msms/CST_20151012_SID2131_1-C,1_01_4621.mzXML",MSV000084723,True,unvalidated_pairs
b78b5817-86e2-4e5e-a087-a6b0d9710fce.5,SID2563,genome,"ftp://massive.ucsd.edu/MSV000084723/raw/chevrette_et_al_msms/CST_20151012_SID2563_1-C,2_01_4622.mzXML",MSV000084723,True,unvalidated_pairs
b78b5817-86e2-4e5e-a087-a6b0d9710fce.5,SID2888,genome,"ftp://massive.ucsd.edu/MSV000084723/raw/chevrette_et_al_msms/CST_20151012_SID2888_1-C,3_01_4623.mzXML",MSV000084723,True,unvalidated_pairs
b78b5817-86e2-4e5e-a087-a6b0d9710fce.5,SID2955,genome,"ftp://massive.ucsd.edu/MSV000084723/raw/chevrette_et_al_msms/CST_20151012_SID2955_1-C,4_01_4624.mzXML",MSV000084723,True,unvalidated_pairs
b78b5817-86e2-4e5e-a087-a6b0d9710fce.5,SID2999,genome,"ftp://massive.ucsd.edu/MSV000084723/raw/chevrette_et_al_msms/CST_20151012_SID2999_1-C,5_01_4625.mzXML",MSV000084723,True,unvalidated_pairs
b78b5817-86e2-4e5e-a087-a6b0d9710fce.5,SID3212,genome,"ftp://massive.ucsd.edu/MSV000084723/raw/chevrette_et_al_msms/CST_20151012_SID3212_1-C,6_01_4627.mzXML",MSV000084723,True,unvalidated_pairs
b78b5817-86e2-4e5e-a087-a6b0d9710fce.5,SID3343,genome,"ftp://massive.ucsd.edu/MSV000084723/raw/chevrette_et_al_msms/CST_20151012_SID3343_1-C,7_01_4628.mzXML",MSV000084723,True,unvalidated_pairs
b78b5817-86e2-4e5e-a087-a6b0d9710fce.5,SID335,genome,"ftp://massive.ucsd.edu/MSV000084723/raw/chevrette_et_al_msms/CST_20151012_SID335_1-A,6_01_4610.mzXML",MSV000084723,True,unvalidated_pairs
b78b5817-86e2-4e5e-a087-a6b0d9710fce.5,SID337,genome,"ftp://massive.ucsd.edu/MSV000084723/raw/chevrette_et_al_msms/CST_20151012_SID337_1-A,7_01_4611.mzXML",MSV000084723,True,unvalidated_pairs
b78b5817-86e2-4e5e-a087-a6b0d9710fce.5,SID3915,genome,"ftp://massive.ucsd.edu/MSV000084723/raw/chevrette_et_al_msms/CST_20151012_SID3915_1-C,8_01_4629.mzXML",MSV000084723,True,unvalidated_pairs
b78b5817-86e2-4e5e-a087-a6b0d9710fce.5,SID486,genome,"ftp://massive.ucsd.edu/MSV000084723/raw/chevrette_et_al_msms/CST_20151012_SID486_1-B,1_01_4612.mzXML",MSV000084723,True,unvalidated_pairs
b78b5817-86e2-4e5e-a087-a6b0d9710fce.5,SID486,genome,"ftp://massive.ucsd.edu/MSV000084723/raw/chevrette_et_al_msms/CST_20151012_SID486_2-A,7_01_4665.mzXML",MSV000084723,True,unvalidated_pairs
b78b5817-86e2-4e5e-a087-a6b0d9710fce.5,SID4912,genome,"ftp://massive.ucsd.edu/MSV000084723/raw/chevrette_et_al_msms/CST_20151012_SID4912_1-D,1_01_4630.mzXML",MSV000084723,True,unvalidated_pairs
b78b5817-86e2-4e5e-a087-a6b0d9710fce.5,SID4913,genome,"ftp://massive.ucsd.edu/MSV000084723/raw/chevrette_et_al_msms/CST_20151012_SID4913_1-D,2_01_4631.mzXML",MSV000084723,True,unvalidated_pairs
b78b5817-86e2-4e5e-a087-a6b0d9710fce.5,SID4914,genome,"ftp://massive.ucsd.edu/MSV000084723/raw/chevrette_et_al_msms/CST_20151012_SID4914_1-D,3_01_4632.mzXML",MSV000084723,True,unvalidated_pairs
b78b5817-86e2-4e5e-a087-a6b0d9710fce.5,SID4915,genome,"ftp://massive.ucsd.edu/MSV000084723/raw/chevrette_et_al_msms/CST_20151012_SID4915_1-D,4_01_4633.mzXML",MSV000084723,True,unvalidated_pairs
b78b5817-86e2-4e5e-a087-a6b0d9710fce.5,SID4917,genome,"ftp://massive.ucsd.edu/MSV000084723/raw/chevrette_et_al_msms/CST_20151012_SID4917_1-D,5_01_4634.mzXML",MSV000084723,True,unvalidated_pairs
b78b5817-86e2-4e5e-a087-a6b0d9710fce.5,SID4919,genome,"ftp://massive.ucsd.edu/MSV000084723/raw/chevrette_et_al_msms/CST_20151012_SID4919_1-D,6_01_4636.mzXML",MSV000084723,True,unvalidated_pairs
b78b5817-86e2-4e5e-a087-a6b0d9710fce.5,SID4920,genome,"ftp://massive.ucsd.edu/MSV000084723/raw/chevrette_et_al_msms/CST_20151012_SID4920_1-D,7_01_4637.mzXML",MSV000084723,True,unvalidated_pairs
b78b5817-86e2-4e5e-a087-a6b0d9710fce.5,SID4921,genome,"ftp://massive.ucsd.edu/MSV000084723/raw/chevrette_et_al_msms/CST_20151012_SID4921_1-D,8_01_4638.mzXML",MSV000084723,True,unvalidated_pairs
b78b5817-86e2-4e5e-a087-a6b0d9710fce.5,SID4923,genome,"ftp://massive.ucsd.edu/MSV000084723/raw/chevrette_et_al_msms/CST_20151012_SID4923_1-E,1_01_4639.mzXML",MSV000084723,True,unvalidated_pairs
b78b5817-86e2-4e5e-a087-a6b0d9710fce.5,SID4925,genome,"ftp://massive.ucsd.edu/MSV000084723/raw/chevrette_et_al_msms/CST_20151012_SID4925_1-E,2_01_4640.mzXML",MSV000084723,True,unvalidated_pairs
b78b5817-86e2-4e5e-a087-a6b0d9710fce.5,SID4926,genome,"ftp://massive.ucsd.edu/MSV000084723/raw/chevrette_et_al_msms/CST_20151012_SID4926_1-E,3_01_4641.mzXML",MSV000084723,True,unvalidated_pairs
b78b5817-86e2-4e5e-a087-a6b0d9710fce.5,SID4928,genome,"ftp://massive.ucsd.edu/MSV000084723/raw/chevrette_et_al_msms/CST_20151012_SID4928_1-E,4_01_4642.mzXML",MSV000084723,True,unvalidated_pairs
b78b5817-86e2-4e5e-a087-a6b0d9710fce.5,SID4931,genome,"ftp://massive.ucsd.edu/MSV000084723/raw/chevrette_et_al_msms/CST_20151012_SID4931_1-E,5_01_4643.mzXML",MSV000084723,True,unvalidated_pairs
b78b5817-86e2-4e5e-a087-a6b0d9710fce.5,SID4934,genome,"ftp://massive.ucsd.edu/MSV000084723/raw/chevrette_et_al_msms/CST_20151012_SID4934_1-E,6_01_4645.mzXML",MSV000084723,True,unvalidated_pairs
b78b5817-86e2-4e5e-a087-a6b0d9710fce.5,SID4936,genome,"ftp://massive.ucsd.edu/MSV000084723/raw/chevrette_et_al_msms/CST_20151012_SID4936_1-E,7_01_4646.mzXML",MSV000084723,True,unvalidated_pairs
b78b5817-86e2-4e5e-a087-a6b0d9710fce.5,SID4937,genome,"ftp://massive.ucsd.edu/MSV000084723/raw/chevrette_et_al_msms/CST_20151012_SID4937_1-E,8_01_4647.mzXML",MSV000084723,True,unvalidated_pairs
b78b5817-86e2-4e5e-a087-a6b0d9710fce.5,SID4939,genome,"ftp://massive.ucsd.edu/MSV000084723/raw/chevrette_et_al_msms/CST_20151012_SID4939_1-F,1_01_4648.mzXML",MSV000084723,True,unvalidated_pairs
b78b5817-86e2-4e5e-a087-a6b0d9710fce.5,SID4940,genome,"ftp://massive.ucsd.edu/MSV000084723/raw/chevrette_et_al_msms/CST_20151012_SID4940_1-F,2_01_4649.mzXML",MSV000084723,True,unvalidated_pairs
b78b5817-86e2-4e5e-a087-a6b0d9710fce.5,SID4941,genome,"ftp://massive.ucsd.edu/MSV000084723/raw/chevrette_et_al_msms/CST_20151012_SID4941_1-F,3_01_4650.mzXML",MSV000084723,True,unvalidated_pairs
b78b5817-86e2-4e5e-a087-a6b0d9710fce.5,SID4944,genome,"ftp://massive.ucsd.edu/MSV000084723/raw/chevrette_et_al_msms/CST_20151012_SID4944_1-F,4_01_4651.mzXML",MSV000084723,True,unvalidated_pairs
b78b5817-86e2-4e5e-a087-a6b0d9710fce.5,SID4945,genome,"ftp://massive.ucsd.edu/MSV000084723/raw/chevrette_et_al_msms/CST_20151012_SID4945_1-F,5_01_4652.mzXML",MSV000084723,True,unvalidated_pairs
b78b5817-86e2-4e5e-a087-a6b0d9710fce.5,SID4946,genome,"ftp://massive.ucsd.edu/MSV000084723/raw/chevrette_et_al_msms/CST_20151012_SID4946_1-F,6_01_4654.mzXML",MSV000084723,True,unvalidated_pairs
b78b5817-86e2-4e5e-a087-a6b0d9710fce.5,SID4948,genome,"ftp://massive.ucsd.edu/MSV000084723/raw/chevrette_et_al_msms/CST_20151012_SID4948_1-F,7_01_4655.mzXML",MSV000084723,True,unvalidated_pairs
b78b5817-86e2-4e5e-a087-a6b0d9710fce.5,SID4950,genome,"ftp://massive.ucsd.edu/MSV000084723/raw/chevrette_et_al_msms/CST_20151012_SID4950_1-F,8_01_4656.mzXML",MSV000084723,True,unvalidated_pairs
b78b5817-86e2-4e5e-a087-a6b0d9710fce.5,SID4951,genome,"ftp://massive.ucsd.edu/MSV000084723/raw/chevrette_et_al_msms/CST_20151012_SID4951_2-A,1_01_4657.mzXML",MSV000084723,True,unvalidated_pairs
b78b5817-86e2-4e5e-a087-a6b0d9710fce.5,SID4956,genome,"ftp://massive.ucsd.edu/MSV000084723/raw/chevrette_et_al_msms/CST_20151012_SID4956_2-A,2_01_4658.mzXML",MSV000084723,True,unvalidated_pairs
b78b5817-86e2-4e5e-a087-a6b0d9710fce.5,SID4982,genome,"ftp://massive.ucsd.edu/MSV000084723/raw/chevrette_et_al_msms/CST_20151012_SID4982_2-A,3_01_4659.mzXML",MSV000084723,True,unvalidated_pairs
b78b5817-86e2-4e5e-a087-a6b0d9710fce.5,SID4985,genome,"ftp://massive.ucsd.edu/MSV000084723/raw/chevrette_et_al_msms/CST_20151012_SID4985_2-A,4_01_4660.mzXML",MSV000084723,True,unvalidated_pairs
b78b5817-86e2-4e5e-a087-a6b0d9710fce.5,SID5464,genome,"ftp://massive.ucsd.edu/MSV000084723/raw/chevrette_et_al_msms/CST_20151012_SID5464_2-A,5_01_4661.mzXML",MSV000084723,True,unvalidated_pairs
b78b5817-86e2-4e5e-a087-a6b0d9710fce.5,SID5466,genome,"ftp://massive.ucsd.edu/MSV000084723/raw/chevrette_et_al_msms/CST_20151012_SID5466_2-A,6_01_4663.mzXML",MSV000084723,True,unvalidated_pairs
b78b5817-86e2-4e5e-a087-a6b0d9710fce.5,SID5468,genome,"ftp://massive.ucsd.edu/MSV000084723/raw/chevrette_et_al_msms/CST_20151012_SID5468_2-A,7_01_4664.mzXML",MSV000084723,True,unvalidated_pairs
b78b5817-86e2-4e5e-a087-a6b0d9710fce.5,SID5469,genome,"ftp://massive.ucsd.edu/MSV000084723/raw/chevrette_et_al_msms/CST_20151012_SID5469_2-A,8_01_4666.mzXML",MSV000084723,True,unvalidated_pairs
b78b5817-86e2-4e5e-a087-a6b0d9710fce.5,SID5470,genome,"ftp://massive.ucsd.edu/MSV000084723/raw/chevrette_et_al_msms/CST_20151012_SID5470_2-B,1_01_4667.mzXML",MSV000084723,True,unvalidated_pairs
b78b5817-86e2-4e5e-a087-a6b0d9710fce.5,SID5471,genome,"ftp://massive.ucsd.edu/MSV000084723/raw/chevrette_et_al_msms/CST_20151012_SID5471_2-B,2_01_4668.mzXML",MSV000084723,True,unvalidated_pairs
b78b5817-86e2-4e5e-a087-a6b0d9710fce.5,SID5473,genome,"ftp://massive.ucsd.edu/MSV000084723/raw/chevrette_et_al_msms/CST_20151012_SID5473_2-B,3_01_4669.mzXML",MSV000084723,True,unvalidated_pairs
b78b5817-86e2-4e5e-a087-a6b0d9710fce.5,SID5474,genome,"ftp://massive.ucsd.edu/MSV000084723/raw/chevrette_et_al_msms/CST_20151012_SID5474_2-B,4_01_4670.mzXML",MSV000084723,True,unvalidated_pairs
b78b5817-86e2-4e5e-a087-a6b0d9710fce.5,SID5475,genome,"ftp://massive.ucsd.edu/MSV000084723/raw/chevrette_et_al_msms/CST_20151012_SID5475_2-B,5_01_4671.mzXML",MSV000084723,True,unvalidated_pairs
b78b5817-86e2-4e5e-a087-a6b0d9710fce.5,SID5476,genome,"ftp://massive.ucsd.edu/MSV000084723/raw/chevrette_et_al_msms/CST_20151012_SID5476_2-B,6_01_4673.mzXML",MSV000084723,True,unvalidated_pairs
b78b5817-86e2-4e5e-a087-a6b0d9710fce.5,SID5477,genome,"ftp://massive.ucsd.edu/MSV000084723/raw/chevrette_et_al_msms/CST_20151012_SID5477_2-B,7_01_4674.mzXML",MSV000084723,True,unvalidated_pairs
b78b5817-86e2-4e5e-a087-a6b0d9710fce.5,SID5594,genome,"ftp://massive.ucsd.edu/MSV000084723/raw/chevrette_et_al_msms/CST_20151012_SID5594_2-B,8_01_4675.mzXML",MSV000084723,True,unvalidated_pairs
b78b5817-86e2-4e5e-a087-a6b0d9710fce.5,SID5606,genome,"ftp://massive.ucsd.edu/MSV000084723/raw/chevrette_et_al_msms/CST_20151012_SID5606_2-C,1_01_4676.mzXML",MSV000084723,True,unvalidated_pairs
b78b5817-86e2-4e5e-a087-a6b0d9710fce.5,SID5614,genome,"ftp://massive.ucsd.edu/MSV000084723/raw/chevrette_et_al_msms/CST_20151012_SID5614_2-C,2_01_4677.mzXML",MSV000084723,True,unvalidated_pairs
b78b5817-86e2-4e5e-a087-a6b0d9710fce.5,SID5643,genome,"ftp://massive.ucsd.edu/MSV000084723/raw/chevrette_et_al_msms/CST_20151012_SID5643_2-C,3_01_4678.mzXML",MSV000084723,True,unvalidated_pairs
b78b5817-86e2-4e5e-a087-a6b0d9710fce.5,SID5770,genome,"ftp://massive.ucsd.edu/MSV000084723/raw/chevrette_et_al_msms/CST_20151012_SID5770_2-C,4_01_4679.mzXML",MSV000084723,True,unvalidated_pairs
b78b5817-86e2-4e5e-a087-a6b0d9710fce.5,SID5785,genome,"ftp://massive.ucsd.edu/MSV000084723/raw/chevrette_et_al_msms/CST_20151012_SID5785_2-C,5_01_4680.mzXML",MSV000084723,True,unvalidated_pairs
b78b5817-86e2-4e5e-a087-a6b0d9710fce.5,SID5789,genome,"ftp://massive.ucsd.edu/MSV000084723/raw/chevrette_et_al_msms/CST_20151012_SID5789_2-C,6_01_4682.mzXML",MSV000084723,True,unvalidated_pairs
b78b5817-86e2-4e5e-a087-a6b0d9710fce.5,SID5840,genome,"ftp://massive.ucsd.edu/MSV000084723/raw/chevrette_et_al_msms/CST_20151012_SID5840_2-C,7_01_4683.mzXML",MSV000084723,True,unvalidated_pairs
b78b5817-86e2-4e5e-a087-a6b0d9710fce.5,SID5910,genome,"ftp://massive.ucsd.edu/MSV000084723/raw/chevrette_et_al_msms/CST_20151012_SID5910_2-C,8_01_4684.mzXML",MSV000084723,True,unvalidated_pairs
b78b5817-86e2-4e5e-a087-a6b0d9710fce.5,SID5914,genome,"ftp://massive.ucsd.edu/MSV000084723/raw/chevrette_et_al_msms/CST_20151012_SID5914_2-D,1_01_4685.mzXML",MSV000084723,True,unvalidated_pairs
b78b5817-86e2-4e5e-a087-a6b0d9710fce.5,SID5926,genome,"ftp://massive.ucsd.edu/MSV000084723/raw/chevrette_et_al_msms/CST_20151012_SID5926_2-D,2_01_4686.mzXML",MSV000084723,True,unvalidated_pairs
b78b5817-86e2-4e5e-a087-a6b0d9710fce.5,SID5947,genome,"ftp://massive.ucsd.edu/MSV000084723/raw/chevrette_et_al_msms/CST_20151012_SID5947_2-D,3_01_4687.mzXML",MSV000084723,True,unvalidated_pairs
b78b5817-86e2-4e5e-a087-a6b0d9710fce.5,SID5998,genome,"ftp://massive.ucsd.edu/MSV000084723/raw/chevrette_et_al_msms/CST_20151012_SID5998_2-D,4_01_4688.mzXML",MSV000084723,True,unvalidated_pairs
b78b5817-86e2-4e5e-a087-a6b0d9710fce.5,SID6013,genome,"ftp://massive.ucsd.edu/MSV000084723/raw/chevrette_et_al_msms/CST_20151012_SID6013_2-D,5_01_4689.mzXML",MSV000084723,True,unvalidated_pairs
b78b5817-86e2-4e5e-a087-a6b0d9710fce.5,SID6041,genome,"ftp://massive.ucsd.edu/MSV000084723/raw/chevrette_et_al_msms/CST_20151012_SID6041_2-D,6_01_4691.mzXML",MSV000084723,True,unvalidated_pairs
b78b5817-86e2-4e5e-a087-a6b0d9710fce.5,SID6137,genome,"ftp://massive.ucsd.edu/MSV000084723/raw/chevrette_et_al_msms/CST_20151012_SID6137_2-D,7_01_4692.mzXML",MSV000084723,True,unvalidated_pairs
b78b5817-86e2-4e5e-a087-a6b0d9710fce.5,SID6139,genome,"ftp://massive.ucsd.edu/MSV000084723/raw/chevrette_et_al_msms/CST_20151012_SID6139_2-D,8_01_4693.mzXML",MSV000084723,True,unvalidated_pairs
b78b5817-86e2-4e5e-a087-a6b0d9710fce.5,SID625,genome,"ftp://massive.ucsd.edu/MSV000084723/raw/chevrette_et_al_msms/CST_20151012_SID625_1-B,2_01_4613.mzXML",MSV000084723,True,unvalidated_pairs
b78b5817-86e2-4e5e-a087-a6b0d9710fce.5,SID685,genome,"ftp://massive.ucsd.edu/MSV000084723/raw/chevrette_et_al_msms/CST_20151012_SID685_1-B,3_01_4614.mzXML",MSV000084723,True,unvalidated_pairs
b78b5817-86e2-4e5e-a087-a6b0d9710fce.5,SID69,genome,"ftp://massive.ucsd.edu/MSV000084723/raw/chevrette_et_al_msms/CST_20151012_SID69_MSMS03_1-A,3_01_4605.mzXML",MSV000084723,True,unvalidated_pairs
b78b5817-86e2-4e5e-a087-a6b0d9710fce.5,SID724,genome,"ftp://massive.ucsd.edu/MSV000084723/raw/chevrette_et_al_msms/CST_20151012_SID724_1-B,4_01_4615.mzXML",MSV000084723,True,unvalidated_pairs
b78b5817-86e2-4e5e-a087-a6b0d9710fce.5,SID7760,genome,"ftp://massive.ucsd.edu/MSV000084723/raw/chevrette_et_al_msms/CST_20151012_SID7760_2-E,1_01_4694.mzXML",MSV000084723,True,unvalidated_pairs
b78b5817-86e2-4e5e-a087-a6b0d9710fce.5,SID7803,genome,"ftp://massive.ucsd.edu/MSV000084723/raw/chevrette_et_al_msms/CST_20151012_SID7803_2-E,2_01_4695.mzXML",MSV000084723,True,unvalidated_pairs
b78b5817-86e2-4e5e-a087-a6b0d9710fce.5,SID7804,genome,"ftp://massive.ucsd.edu/MSV000084723/raw/chevrette_et_al_msms/CST_20151012_SID7804_2-E,3_01_4696.mzXML",MSV000084723,True,unvalidated_pairs
b78b5817-86e2-4e5e-a087-a6b0d9710fce.5,SID7805,genome,"ftp://massive.ucsd.edu/MSV000084723/raw/chevrette_et_al_msms/CST_20151012_SID7805_2-E,4_01_4697.mzXML",MSV000084723,True,unvalidated_pairs
b78b5817-86e2-4e5e-a087-a6b0d9710fce.5,SID7810,genome,"ftp://massive.ucsd.edu/MSV000084723/raw/chevrette_et_al_msms/CST_20151012_SID7810_2-E,5_01_4698.mzXML",MSV000084723,True,unvalidated_pairs
b78b5817-86e2-4e5e-a087-a6b0d9710fce.5,SID7813,genome,"ftp://massive.ucsd.edu/MSV000084723/raw/chevrette_et_al_msms/CST_20151012_SID7813_2-E,6_01_4700.mzXML",MSV000084723,True,unvalidated_pairs
b78b5817-86e2-4e5e-a087-a6b0d9710fce.5,SID7814,genome,"ftp://massive.ucsd.edu/MSV000084723/raw/chevrette_et_al_msms/CST_20151012_SID7814_2-E,7_01_4701.mzXML",MSV000084723,True,unvalidated_pairs
b78b5817-86e2-4e5e-a087-a6b0d9710fce.5,SID7815,genome,"ftp://massive.ucsd.edu/MSV000084723/raw/chevrette_et_al_msms/CST_20151012_SID7815_2-E,8_01_4702.mzXML",MSV000084723,True,unvalidated_pairs
b78b5817-86e2-4e5e-a087-a6b0d9710fce.5,SID7816,genome,"ftp://massive.ucsd.edu/MSV000084723/raw/chevrette_et_al_msms/CST_20151012_SID7816_2-F,1_01_4703.mzXML",MSV000084723,True,unvalidated_pairs
b78b5817-86e2-4e5e-a087-a6b0d9710fce.5,SID7817,genome,"ftp://massive.ucsd.edu/MSV000084723/raw/chevrette_et_al_msms/CST_20151012_SID7817_2-F,2_01_4704.mzXML",MSV000084723,True,unvalidated_pairs
b78b5817-86e2-4e5e-a087-a6b0d9710fce.5,SID7827,genome,"ftp://massive.ucsd.edu/MSV000084723/raw/chevrette_et_al_msms/CST_20151012_SID7827_2-F,3_01_4705.mzXML",MSV000084723,True,unvalidated_pairs
b78b5817-86e2-4e5e-a087-a6b0d9710fce.5,SID7834,genome,"ftp://massive.ucsd.edu/MSV000084723/raw/chevrette_et_al_msms/CST_20151012_SID7834_2-F,4_01_4706.mzXML",MSV000084723,True,unvalidated_pairs
b78b5817-86e2-4e5e-a087-a6b0d9710fce.5,SID8350,genome,"ftp://massive.ucsd.edu/MSV000084723/raw/chevrette_et_al_msms/CST_20151012_SID8350_2-F,5_01_4707.mzXML",MSV000084723,True,unvalidated_pairs
b78b5817-86e2-4e5e-a087-a6b0d9710fce.5,SID8352,genome,"ftp://massive.ucsd.edu/MSV000084723/raw/chevrette_et_al_msms/CST_20151012_SID8352_2-F,6_01_4709.mzXML",MSV000084723,True,unvalidated_pairs
b78b5817-86e2-4e5e-a087-a6b0d9710fce.5,SID8354,genome,"ftp://massive.ucsd.edu/MSV000084723/raw/chevrette_et_al_msms/CST_20151012_SID8354_2-F,7_01_4710.mzXML",MSV000084723,True,unvalidated_pairs
b78b5817-86e2-4e5e-a087-a6b0d9710fce.5,SID8356,genome,"ftp://massive.ucsd.edu/MSV000084723/raw/chevrette_et_al_msms/CST_20151012_SID8356_2-F,8_01_4711.mzXML",MSV000084723,True,unvalidated_pairs
b78b5817-86e2-4e5e-a087-a6b0d9710fce.5,SID8357,genome,"ftp://massive.ucsd.edu/MSV000084723/raw/chevrette_et_al_msms/CST_20151012_SID8357_1-A,2_01_4712.mzXML",MSV000084723,True,unvalidated_pairs
b78b5817-86e2-4e5e-a087-a6b0d9710fce.5,SID8358,genome,"ftp://massive.ucsd.edu/MSV000084723/raw/chevrette_et_al_msms/CST_20151012_SID8358_1-A,3_01_4713.mzXML",MSV000084723,True,unvalidated_pairs
b78b5817-86e2-4e5e-a087-a6b0d9710fce.5,SID8359,genome,"ftp://massive.ucsd.edu/MSV000084723/raw/chevrette_et_al_msms/CST_20151012_SID8359_1-A,4_01_4714.mzXML",MSV000084723,True,unvalidated_pairs
b78b5817-86e2-4e5e-a087-a6b0d9710fce.5,SID8360,genome,"ftp://massive.ucsd.edu/MSV000084723/raw/chevrette_et_al_msms/CST_20151012_SID8360_1-A,5_01_4715.mzXML",MSV000084723,True,unvalidated_pairs
b78b5817-86e2-4e5e-a087-a6b0d9710fce.5,SID8361,genome,"ftp://massive.ucsd.edu/MSV000084723/raw/chevrette_et_al_msms/CST_20151012_SID8361_1-A,6_01_4716.mzXML",MSV000084723,True,unvalidated_pairs
b78b5817-86e2-4e5e-a087-a6b0d9710fce.5,SID8362,genome,"ftp://massive.ucsd.edu/MSV000084723/raw/chevrette_et_al_msms/CST_20151012_SID8362_1-A,7_01_4718.mzXML",MSV000084723,True,unvalidated_pairs
b78b5817-86e2-4e5e-a087-a6b0d9710fce.5,SID8364,genome,"ftp://massive.ucsd.edu/MSV000084723/raw/chevrette_et_al_msms/CST_20151012_SID8364_1-A,8_01_4719.mzXML",MSV000084723,True,unvalidated_pairs
b78b5817-86e2-4e5e-a087-a6b0d9710fce.5,SID8366,genome,"ftp://massive.ucsd.edu/MSV000084723/raw/chevrette_et_al_msms/CST_20151012_SID8366_1-B,1_01_4720.mzXML",MSV000084723,True,unvalidated_pairs
b78b5817-86e2-4e5e-a087-a6b0d9710fce.5,SID8367,genome,"ftp://massive.ucsd.edu/MSV000084723/raw/chevrette_et_al_msms/CST_20151012_SID8367_1-B,2_01_4721.mzXML",MSV000084723,True,unvalidated_pairs
b78b5817-86e2-4e5e-a087-a6b0d9710fce.5,SID8369,genome,"ftp://massive.ucsd.edu/MSV000084723/raw/chevrette_et_al_msms/CST_20151012_SID8369_1-B,3_01_4722.mzXML",MSV000084723,True,unvalidated_pairs
b78b5817-86e2-4e5e-a087-a6b0d9710fce.5,SID8370,genome,"ftp://massive.ucsd.edu/MSV000084723/raw/chevrette_et_al_msms/CST_20151012_SID8370_1-B,4_01_4723.mzXML",MSV000084723,True,unvalidated_pairs
b78b5817-86e2-4e5e-a087-a6b0d9710fce.5,SID8371,genome,"ftp://massive.ucsd.edu/MSV000084723/raw/chevrette_et_al_msms/CST_20151012_SID8371_1-B,5_01_4724.mzXML",MSV000084723,True,unvalidated_pairs
b78b5817-86e2-4e5e-a087-a6b0d9710fce.5,SID8373,genome,"ftp://massive.ucsd.edu/MSV000084723/raw/chevrette_et_al_msms/CST_20151012_SID8373_1-B,6_01_4725.mzXML",MSV000084723,True,unvalidated_pairs
b78b5817-86e2-4e5e-a087-a6b0d9710fce.5,SID8374,genome,"ftp://massive.ucsd.edu/MSV000084723/raw/chevrette_et_al_msms/CST_20151012_SID8374_1-B,7_01_4727.mzXML",MSV000084723,True,unvalidated_pairs
b78b5817-86e2-4e5e-a087-a6b0d9710fce.5,SID8375,genome,"ftp://massive.ucsd.edu/MSV000084723/raw/chevrette_et_al_msms/CST_20151012_SID8375_1-B,8_01_4728.mzXML",MSV000084723,True,unvalidated_pairs
b78b5817-86e2-4e5e-a087-a6b0d9710fce.5,SID8376,genome,"ftp://massive.ucsd.edu/MSV000084723/raw/chevrette_et_al_msms/CST_20151012_SID8376_1-C,1_01_4729.mzXML",MSV000084723,True,unvalidated_pairs
b78b5817-86e2-4e5e-a087-a6b0d9710fce.5,SID8377,genome,"ftp://massive.ucsd.edu/MSV000084723/raw/chevrette_et_al_msms/CST_20151012_SID8377_1-C,2_01_4730.mzXML",MSV000084723,True,unvalidated_pairs
b78b5817-86e2-4e5e-a087-a6b0d9710fce.5,SID8378,genome,"ftp://massive.ucsd.edu/MSV000084723/raw/chevrette_et_al_msms/CST_20151012_SID8378_1-C,3_01_4731.mzXML",MSV000084723,True,unvalidated_pairs
b78b5817-86e2-4e5e-a087-a6b0d9710fce.5,SID8379,genome,"ftp://massive.ucsd.edu/MSV000084723/raw/chevrette_et_al_msms/CST_20151012_SID8379_1-C,4_01_4732.mzXML",MSV000084723,True,unvalidated_pairs
b78b5817-86e2-4e5e-a087-a6b0d9710fce.5,SID8380,genome,"ftp://massive.ucsd.edu/MSV000084723/raw/chevrette_et_al_msms/CST_20151012_SID8380_1-C,5_01_4733.mzXML",MSV000084723,True,unvalidated_pairs
b78b5817-86e2-4e5e-a087-a6b0d9710fce.5,SID8381,genome,"ftp://massive.ucsd.edu/MSV000084723/raw/chevrette_et_al_msms/CST_20151012_SID8381_1-C,6_01_4734.mzXML",MSV000084723,True,unvalidated_pairs
b78b5817-86e2-4e5e-a087-a6b0d9710fce.5,SID8382,genome,"ftp://massive.ucsd.edu/MSV000084723/raw/chevrette_et_al_msms/CST_20151012_SID8382_1-C,7_01_4736.mzXML",MSV000084723,True,unvalidated_pairs
b78b5817-86e2-4e5e-a087-a6b0d9710fce.5,SID8383,genome,"ftp://massive.ucsd.edu/MSV000084723/raw/chevrette_et_al_msms/CST_20151012_SID8383_1-C,8_01_4737.mzXML",MSV000084723,True,unvalidated_pairs
b78b5817-86e2-4e5e-a087-a6b0d9710fce.5,SID8385,genome,"ftp://massive.ucsd.edu/MSV000084723/raw/chevrette_et_al_msms/CST_20151012_SID8385_1-D,1_01_4738.mzXML",MSV000084723,True,unvalidated_pairs
b78b5817-86e2-4e5e-a087-a6b0d9710fce.5,SID8386,genome,"ftp://massive.ucsd.edu/MSV000084723/raw/chevrette_et_al_msms/CST_20151012_SID8386_1-D,2_01_4739.mzXML",MSV000084723,True,unvalidated_pairs
b78b5817-86e2-4e5e-a087-a6b0d9710fce.5,SID89,genome,"ftp://massive.ucsd.edu/MSV000084723/raw/chevrette_et_al_msms/CST_20151012_SID89_MSMS01_1-A,4_01_4600.mzXML",MSV000084723,True,unvalidated_pairs
b78b5817-86e2-4e5e-a087-a6b0d9710fce.5,SID89,genome,"ftp://massive.ucsd.edu/MSV000084723/raw/chevrette_et_al_msms/CST_20151012_SID89_MSMS02_1-A,4_01_4603.mzXML",MSV000084723,True,unvalidated_pairs
b78b5817-86e2-4e5e-a087-a6b0d9710fce.5,SID89,genome,"ftp://massive.ucsd.edu/MSV000084723/raw/chevrette_et_al_msms/CST_20151012_SID89_MSMS03_1-A,4_01_4606.mzXML",MSV000084723,True,unvalidated_pairs
bf191db5-8b66-433c-b167-767884ab5810.3,SAMN02415141,genome,ftp://massive.ucsd.edu/MSV000080251/peak/CFStrains/Strains/VVP011_TH_GA11_01_27002.mzXML,MSV000080251,True,unvalidated_pairs
bf191db5-8b66-433c-b167-767884ab5810.3,SAMN02415141,genome,ftp://massive.ucsd.edu/MSV000080251/peak/CFStrains/Strains/VVP032_TH_GC8_01_27027.mzXML,MSV000080251,True,unvalidated_pairs
bf191db5-8b66-433c-b167-767884ab5810.3,SAMN02415141,genome,ftp://massive.ucsd.edu/MSV000080251/peak/CFStrains/Strains/VVP039_TH_GD3_01_27036.mzXML,MSV000080251,True,unvalidated_pairs
bf191db5-8b66-433c-b167-767884ab5810.3,SAMN02415141,genome,ftp://massive.ucsd.edu/MSV000080251/peak/CFStrains/Strains/VVP042_TH_GD6_01_27039.mzXML,MSV000080251,True,unvalidated_pairs
bf191db5-8b66-433c-b167-767884ab5810.3,SAMN02415141,genome,ftp://massive.ucsd.edu/MSV000080251/peak/CFStrains/Strains/VVP046_TH_GD10_01_27043.mzXML,MSV000080251,True,unvalidated_pairs
bf191db5-8b66-433c-b167-767884ab5810.3,SAMN02415141,genome,ftp://massive.ucsd.edu/MSV000080251/peak/CFStrains/Strains/VVP047_TH_GD11_01_27044.mzXML,MSV000080251,True,unvalidated_pairs
bf191db5-8b66-433c-b167-767884ab5810.3,SAMN02415141,genome,ftp://massive.ucsd.edu/MSV000080251/peak/CFStrains/Strains/VVP051_TH_GE3_01_27050.mzXML,MSV000080251,True,unvalidated_pairs
bf191db5-8b66-433c-b167-767884ab5810.3,SAMN02415141,genome,ftp://massive.ucsd.edu/MSV000080251/peak/CFStrains/Strains/VVP058_TH_GE10_01_27057.mzXML,MSV000080251,True,unvalidated_pairs
bf191db5-8b66-433c-b167-767884ab5810.3,SAMN02415141,genome,ftp://massive.ucsd.edu/MSV000080251/peak/CFStrains/Strains/VVP060_TH_GE12_01_27059.mzXML,MSV000080251,True,unvalidated_pairs
bf191db5-8b66-433c-b167-767884ab5810.3,SAMN02415141,genome,ftp://massive.ucsd.edu/MSV000080251/peak/CFStrains/Strains/VVP077_TH_GG5_01_27080.mzXML,MSV000080251,True,unvalidated_pairs
bf191db5-8b66-433c-b167-767884ab5810.3,SAMN02415141,genome,ftp://massive.ucsd.edu/MSV000080251/peak/CFStrains/Strains/VVP08_TH_GA8_01_26999.mzXML,MSV000080251,True,unvalidated_pairs
bf191db5-8b66-433c-b167-767884ab5810.3,SAMN02415141,genome,ftp://massive.ucsd.edu/MSV000080251/peak/CFStrains/Strains/VVP081_TH_GG9_01_27084.mzXML,MSV000080251,True,unvalidated_pairs
bf191db5-8b66-433c-b167-767884ab5810.3,SAMN02415141,genome,ftp://massive.ucsd.edu/MSV000080251/peak/CFStrains/Strains/VVP084_TH_BA3_01_27096.mzXML,MSV000080251,True,unvalidated_pairs
bf191db5-8b66-433c-b167-767884ab5810.3,SAMN02415141,genome,ftp://massive.ucsd.edu/MSV000080251/peak/CFStrains/Strains/VVP086_TH_BA5_01_27098.mzXML,MSV000080251,True,unvalidated_pairs
bf191db5-8b66-433c-b167-767884ab5810.3,SAMN02415141,genome,ftp://massive.ucsd.edu/MSV000080251/peak/CFStrains/Strains/VVP089_TH_BA8_01_27101.mzXML,MSV000080251,True,unvalidated_pairs
bf191db5-8b66-433c-b167-767884ab5810.3,SAMN02415141,genome,ftp://massive.ucsd.edu/MSV000080251/peak/CFStrains/Strains/VVP093_TH_BA12_01_27105.mzXML,MSV000080251,True,unvalidated_pairs
bf191db5-8b66-433c-b167-767884ab5810.3,SAMN02415141,genome,ftp://massive.ucsd.edu/MSV000080251/peak/CFStrains/Strains/VVP094_TH_BB1_01_27108.mzXML,MSV000080251,True,unvalidated_pairs
bf191db5-8b66-433c-b167-767884ab5810.3,SAMN02415141,genome,ftp://massive.ucsd.edu/MSV000080251/peak/CFStrains/Strains/VVP095_TH_BB2_01_27109.mzXML,MSV000080251,True,unvalidated_pairs
bf191db5-8b66-433c-b167-767884ab5810.3,SAMN02415141,genome,ftp://massive.ucsd.edu/MSV000080251/peak/CFStrains/Strains/VVP096_TH_BB3_01_27110.mzXML,MSV000080251,True,unvalidated_pairs
bf191db5-8b66-433c-b167-767884ab5810.3,SAMN02415141,genome,ftp://massive.ucsd.edu/MSV000080251/peak/CFStrains/Strains/VVP098_TH_BB5_01_27112.mzXML,MSV000080251,True,unvalidated_pairs
bf191db5-8b66-433c-b167-767884ab5810.3,SAMN02415141,genome,ftp://massive.ucsd.edu/MSV000080251/peak/CFStrains/Strains/VVP102_TH_BB9_01_27116.mzXML,MSV000080251,True,unvalidated_pairs
bf191db5-8b66-433c-b167-767884ab5810.3,SAMN02415141,genome,ftp://massive.ucsd.edu/MSV000080251/peak/CFStrains/Strains/VVP104_TH_BB11_01_27118.mzXML,MSV000080251,True,unvalidated_pairs
bf191db5-8b66-433c-b167-767884ab5810.3,SAMN02415141,genome,ftp://massive.ucsd.edu/MSV000080251/peak/CFStrains/Strains/VVP105_TH_BB12_01_27119.mzXML,MSV000080251,True,unvalidated_pairs
bf191db5-8b66-433c-b167-767884ab5810.3,SAMN02415141,genome,ftp://massive.ucsd.edu/MSV000080251/peak/CFStrains/Strains/VVP106_TH_BC1_01_27122.mzXML,MSV000080251,True,unvalidated_pairs
bf191db5-8b66-433c-b167-767884ab5810.3,SAMN02415141,genome,ftp://massive.ucsd.edu/MSV000080251/peak/CFStrains/Strains/VVP108_TH_BC3_01_27124.mzXML,MSV000080251,True,unvalidated_pairs
bf191db5-8b66-433c-b167-767884ab5810.3,SAMN02415141,genome,ftp://massive.ucsd.edu/MSV000080251/peak/CFStrains/Strains/VVP111_TH_BC6_01_27127.mzXML,MSV000080251,True,unvalidated_pairs
bf191db5-8b66-433c-b167-767884ab5810.3,SAMN02415141,genome,ftp://massive.ucsd.edu/MSV000080251/peak/CFStrains/Strains/VVP112_TH_BC7_01_27128.mzXML,MSV000080251,True,unvalidated_pairs
bf191db5-8b66-433c-b167-767884ab5810.3,SAMN02415141,genome,ftp://massive.ucsd.edu/MSV000080251/peak/CFStrains/Strains/VVP115_TH_BC10_01_27131.mzXML,MSV000080251,True,unvalidated_pairs
bf191db5-8b66-433c-b167-767884ab5810.3,SAMN02415141,genome,ftp://massive.ucsd.edu/MSV000080251/peak/CFStrains/Strains/VVP117_TH_BC12_01_27133.mzXML,MSV000080251,True,unvalidated_pairs
bf191db5-8b66-433c-b167-767884ab5810.3,SAMN02415141,genome,ftp://massive.ucsd.edu/MSV000080251/peak/CFStrains/Strains/VVP121_TH_BD4_01_27139.mzXML,MSV000080251,True,unvalidated_pairs
bf191db5-8b66-433c-b167-767884ab5810.3,SAMN02415141,genome,ftp://massive.ucsd.edu/MSV000080251/peak/CFStrains/Strains/VVP124_TH_BD7_01_27142.mzXML,MSV000080251,True,unvalidated_pairs
bf191db5-8b66-433c-b167-767884ab5810.3,SAMN02415141,genome,ftp://massive.ucsd.edu/MSV000080251/peak/CFStrains/Strains/VVP126_TH_BD9_01_27144.mzXML,MSV000080251,True,unvalidated_pairs
bf191db5-8b66-433c-b167-767884ab5810.3,SAMN02415141,genome,ftp://massive.ucsd.edu/MSV000080251/peak/CFStrains/Strains/VVP132_TH_BE3_01_27152.mzXML,MSV000080251,True,unvalidated_pairs
bf191db5-8b66-433c-b167-767884ab5810.3,SAMN02415141,genome,ftp://massive.ucsd.edu/MSV000080251/peak/CFStrains/Strains/VVP133_TH_BE4_01_27153.mzXML,MSV000080251,True,unvalidated_pairs
bf191db5-8b66-433c-b167-767884ab5810.3,SAMN02415141,genome,ftp://massive.ucsd.edu/MSV000080251/peak/CFStrains/Strains/VVP136_TH_BE7_01_27156.mzXML,MSV000080251,True,unvalidated_pairs
bf191db5-8b66-433c-b167-767884ab5810.3,SAMN02415141,genome,ftp://massive.ucsd.edu/MSV000080251/peak/CFStrains/Strains/VVP138_TH_BE9_01_27158.mzXML,MSV000080251,True,unvalidated_pairs
bf191db5-8b66-433c-b167-767884ab5810.3,SAMN02415141,genome,ftp://massive.ucsd.edu/MSV000080251/peak/CFStrains/Strains/VVP140_TH_BE11_01_27160.mzXML,MSV000080251,True,unvalidated_pairs
bf191db5-8b66-433c-b167-767884ab5810.3,SAMN02415141,genome,ftp://massive.ucsd.edu/MSV000080251/peak/CFStrains/Strains/VVP142_TH_BF1_01_27164.mzXML,MSV000080251,True,unvalidated_pairs
bf191db5-8b66-433c-b167-767884ab5810.3,SAMN02415141,genome,ftp://massive.ucsd.edu/MSV000080251/peak/CFStrains/Strains/VVP144_TH_BF3_01_27166.mzXML,MSV000080251,True,unvalidated_pairs
bf191db5-8b66-433c-b167-767884ab5810.3,SAMN02415141,genome,ftp://massive.ucsd.edu/MSV000080251/peak/CFStrains/Strains/VVP148_TH_BF7_01_27170.mzXML,MSV000080251,True,unvalidated_pairs
bf191db5-8b66-433c-b167-767884ab5810.3,SAMN02415141,genome,ftp://massive.ucsd.edu/MSV000080251/peak/CFStrains/Strains/VVP151_TH_BF10_01_27173.mzXML,MSV000080251,True,unvalidated_pairs
bf191db5-8b66-433c-b167-767884ab5810.3,SAMN02415141,genome,ftp://massive.ucsd.edu/MSV000080251/peak/CFStrains/Strains/VVP153_TH_BF12_01_27175.mzXML,MSV000080251,True,unvalidated_pairs
bf191db5-8b66-433c-b167-767884ab5810.3,SAMN02415141,genome,ftp://massive.ucsd.edu/MSV000080251/peak/CFStrains/Strains/VVP154_TH_BG1_01_27178.mzXML,MSV000080251,True,unvalidated_pairs
bf191db5-8b66-433c-b167-767884ab5810.3,SAMN02415141,genome,ftp://massive.ucsd.edu/MSV000080251/peak/CFStrains/Strains/VVP157_TH_BG4_01_27181.mzXML,MSV000080251,True,unvalidated_pairs
bf191db5-8b66-433c-b167-767884ab5810.3,SAMN02415141,genome,ftp://massive.ucsd.edu/MSV000080251/peak/CFStrains/Strains/VVP161_TH_BG8_01_27185.mzXML,MSV000080251,True,unvalidated_pairs
bf191db5-8b66-433c-b167-767884ab5810.3,SAMN02415141,genome,ftp://massive.ucsd.edu/MSV000080251/peak/CFStrains/Strains/VVP172_TH_GA10_01_27205.mzXML,MSV000080251,True,unvalidated_pairs
bf191db5-8b66-433c-b167-767884ab5810.3,SAMN02415141,genome,ftp://massive.ucsd.edu/MSV000080251/peak/CFStrains/Strains/VVP173_TH_GA11_01_27206.mzXML,MSV000080251,True,unvalidated_pairs
bf191db5-8b66-433c-b167-767884ab5810.3,SAMN02415141,genome,ftp://massive.ucsd.edu/MSV000080251/peak/CFStrains/Strains/VVP174_TH_GA12_01_27207.mzXML,MSV000080251,True,unvalidated_pairs
bf191db5-8b66-433c-b167-767884ab5810.3,SAMN02415141,genome,ftp://massive.ucsd.edu/MSV000080251/peak/CFStrains/Strains/VVP293_TH_BE2_01_27355.mzXML,MSV000080251,True,unvalidated_pairs
bf191db5-8b66-433c-b167-767884ab5810.3,SAMN02415141,genome,ftp://massive.ucsd.edu/MSV000080251/peak/CFStrains/Strains/VVP308_TH_BF5_01_27372.mzXML,MSV000080251,True,unvalidated_pairs
bf191db5-8b66-433c-b167-767884ab5810.3,SAMN02415141,genome,ftp://massive.ucsd.edu/MSV000080251/peak/CFStrains/Strains/VVP310_TH_BF7_01_27374.mzXML,MSV000080251,True,unvalidated_pairs
bf191db5-8b66-433c-b167-767884ab5810.3,SAMN02415141,genome,ftp://massive.ucsd.edu/MSV000080251/peak/CFStrains/Strains/VVP317_TH_BG2_01_27383.mzXML,MSV000080251,True,unvalidated_pairs
bf191db5-8b66-433c-b167-767884ab5810.3,SAMN02415141,genome,ftp://massive.ucsd.edu/MSV000080251/peak/CFStrains/Strains/VVP319_TH_BG4_01_27385.mzXML,MSV000080251,True,unvalidated_pairs
bf191db5-8b66-433c-b167-767884ab5810.3,SAMN02415141,genome,ftp://massive.ucsd.edu/MSV000080251/peak/CFStrains/Strains/VVP321_TH_BG6_01_27387.mzXML,MSV000080251,True,unvalidated_pairs
bf191db5-8b66-433c-b167-767884ab5810.3,SAMN02415141,genome,ftp://massive.ucsd.edu/MSV000080251/peak/CFStrains/Strains/VVP328_TH_GA4_01_27400.mzXML,MSV000080251,True,unvalidated_pairs
bf191db5-8b66-433c-b167-767884ab5810.3,SAMN02415141,genome,ftp://massive.ucsd.edu/MSV000080251/peak/CFStrains/Strains/VVP329_TH_GA5_01_27401.mzXML,MSV000080251,True,unvalidated_pairs
bf191db5-8b66-433c-b167-767884ab5810.3,SAMN02415141,genome,ftp://massive.ucsd.edu/MSV000080251/peak/CFStrains/Strains/VVP332_TH_GA8_01_27404.mzXML,MSV000080251,True,unvalidated_pairs
bf191db5-8b66-433c-b167-767884ab5810.3,SAMN02415141,genome,ftp://massive.ucsd.edu/MSV000080251/peak/CFStrains/Strains/VVP334_TH_GA10_01_27406.mzXML,MSV000080251,True,unvalidated_pairs
bf191db5-8b66-433c-b167-767884ab5810.3,SAMN02415141,genome,ftp://massive.ucsd.edu/MSV000080251/peak/CFStrains/Strains/VVP336_TH_GA12_01_27408.mzXML,MSV000080251,True,unvalidated_pairs
bf191db5-8b66-433c-b167-767884ab5810.3,SAMN02415141,genome,ftp://massive.ucsd.edu/MSV000080251/peak/CFStrains/Strains/VVP340_TH_GB4_01_27414.mzXML,MSV000080251,True,unvalidated_pairs
bf191db5-8b66-433c-b167-767884ab5810.3,SAMN02415141,genome,ftp://massive.ucsd.edu/MSV000080251/peak/CFStrains/Strains/VVP341_TH_GB5_01_27415.mzXML,MSV000080251,True,unvalidated_pairs
bf191db5-8b66-433c-b167-767884ab5810.3,SAMN02415141,genome,ftp://massive.ucsd.edu/MSV000080251/peak/CFStrains/Strains/VVP345_TH_GB9_01_27419.mzXML,MSV000080251,True,unvalidated_pairs
bf191db5-8b66-433c-b167-767884ab5810.3,SAMN02415141,genome,ftp://massive.ucsd.edu/MSV000080251/peak/CFStrains/Strains/VVP348_TH_GB12_01_27422.mzXML,MSV000080251,True,unvalidated_pairs
bf191db5-8b66-433c-b167-767884ab5810.3,SAMN02415141,genome,ftp://massive.ucsd.edu/MSV000080251/peak/CFStrains/Strains/VVP353_TH_GC5_01_27429.mzXML,MSV000080251,True,unvalidated_pairs
bf191db5-8b66-433c-b167-767884ab5810.3,SAMN02415141,genome,ftp://massive.ucsd.edu/MSV000080251/peak/CFStrains/Strains/VVP364_TH_GD4_01_27442.mzXML,MSV000080251,True,unvalidated_pairs
bf191db5-8b66-433c-b167-767884ab5810.3,SAMN02603849,genome,ftp://massive.ucsd.edu/MSV000080251/peak/CFStrains/Strains/VVP012_TH_GA12_01_27003.mzXML,MSV000080251,True,unvalidated_pairs
bf191db5-8b66-433c-b167-767884ab5810.3,SAMN02603849,genome,ftp://massive.ucsd.edu/MSV000080251/peak/CFStrains/Strains/VVP101_TH_BB8_01_27115.mzXML,MSV000080251,True,unvalidated_pairs
bf191db5-8b66-433c-b167-767884ab5810.3,SAMN02603849,genome,ftp://massive.ucsd.edu/MSV000080251/peak/CFStrains/Strains/VVP143_TH_BF2_01_27165.mzXML,MSV000080251,True,unvalidated_pairs
bf191db5-8b66-433c-b167-767884ab5810.3,SAMN02603849,genome,ftp://massive.ucsd.edu/MSV000080251/peak/CFStrains/Strains/VVP166_TH_GA4_01_27199.mzXML,MSV000080251,True,unvalidated_pairs
bf191db5-8b66-433c-b167-767884ab5810.3,SAMN02603849,genome,ftp://massive.ucsd.edu/MSV000080251/peak/CFStrains/Strains/VVP288_TH_BD9_01_27348.mzXML,MSV000080251,True,unvalidated_pairs
bf191db5-8b66-433c-b167-767884ab5810.3,SAMN02603849,genome,ftp://massive.ucsd.edu/MSV000080251/peak/CFStrains/Strains/VVP289_TH_BD10_01_27349.mzXML,MSV000080251,True,unvalidated_pairs
bf191db5-8b66-433c-b167-767884ab5810.3,SAMN02603849,genome,ftp://massive.ucsd.edu/MSV000080251/peak/CFStrains/Strains/VVP301_TH_BE10_01_27363.mzXML,MSV000080251,True,unvalidated_pairs
bf191db5-8b66-433c-b167-767884ab5810.3,SAMN02603849,genome,ftp://massive.ucsd.edu/MSV000080251/peak/CFStrains/Strains/VVP313_TH_BF10_01_27377.mzXML,MSV000080251,True,unvalidated_pairs
bf191db5-8b66-433c-b167-767884ab5810.3,SAMN02603849,genome,ftp://massive.ucsd.edu/MSV000080251/peak/CFStrains/Strains/VVP318_TH_BG3_01_27384.mzXML,MSV000080251,True,unvalidated_pairs
bf191db5-8b66-433c-b167-767884ab5810.3,SAMN02603849,genome,ftp://massive.ucsd.edu/MSV000080251/peak/CFStrains/Strains/VVP331_TH_GA7_01_27403.mzXML,MSV000080251,True,unvalidated_pairs
bf191db5-8b66-433c-b167-767884ab5810.3,SAMN02603849,genome,ftp://massive.ucsd.edu/MSV000080251/peak/CFStrains/Strains/VVP365_TH_GD5_01_27443.mzXML,MSV000080251,True,unvalidated_pairs
bf191db5-8b66-433c-b167-767884ab5810.3,SAMN02603849,genome,ftp://massive.ucsd.edu/MSV000080251/peak/CFStrains/Strains/VVP366_TH_GD6_01_27444.mzXML,MSV000080251,True,unvalidated_pairs
bf191db5-8b66-433c-b167-767884ab5810.3,SAMEA3138432,genome,ftp://massive.ucsd.edu/MSV000080251/peak/CFStrains/Strains/VVP016_TH_GB4_01_27009.mzXML,MSV000080251,True,unvalidated_pairs
bf191db5-8b66-433c-b167-767884ab5810.3,SAMEA3138432,genome,ftp://massive.ucsd.edu/MSV000080251/peak/CFStrains/Strains/VVP064_TH_GF4_01_27065.mzXML,MSV000080251,True,unvalidated_pairs
bf191db5-8b66-433c-b167-767884ab5810.3,SAMEA3138432,genome,ftp://massive.ucsd.edu/MSV000080251/peak/CFStrains/Strains/VVP068_TH_GF8_01_27069.mzXML,MSV000080251,True,unvalidated_pairs
bf191db5-8b66-433c-b167-767884ab5810.3,SAMEA3138432,genome,ftp://massive.ucsd.edu/MSV000080251/peak/CFStrains/Strains/VVP069_TH_GF9_01_27070.mzXML,MSV000080251,True,unvalidated_pairs
bf191db5-8b66-433c-b167-767884ab5810.3,SAMEA3138432,genome,ftp://massive.ucsd.edu/MSV000080251/peak/CFStrains/Strains/VVP071_TH_GF11_01_27072.mzXML,MSV000080251,True,unvalidated_pairs
bf191db5-8b66-433c-b167-767884ab5810.3,SAMEA1705934,genome,ftp://massive.ucsd.edu/MSV000080251/peak/CFStrains/Strains/VVP017_TH_GB5_01_27010.mzXML,MSV000080251,True,unvalidated_pairs
bf191db5-8b66-433c-b167-767884ab5810.3,SAMEA1705934,genome,ftp://massive.ucsd.edu/MSV000080251/peak/CFStrains/Strains/VVP036_TH_GC12_01_27031.mzXML,MSV000080251,True,unvalidated_pairs
bf191db5-8b66-433c-b167-767884ab5810.3,SAMEA1705934,genome,ftp://massive.ucsd.edu/MSV000080251/peak/CFStrains/Strains/VVP311_TH_BF8_01_27375.mzXML,MSV000080251,True,unvalidated_pairs
bf191db5-8b66-433c-b167-767884ab5810.3,SAMEA1705934,genome,ftp://massive.ucsd.edu/MSV000080251/peak/CFStrains/Strains/VVP312_TH_BF9_01_27376.mzXML,MSV000080251,True,unvalidated_pairs
bf191db5-8b66-433c-b167-767884ab5810.3,SAMEA1705934,genome,ftp://massive.ucsd.edu/MSV000080251/peak/CFStrains/Strains/VVP325_TH_GA1_01_27397.mzXML,MSV000080251,True,unvalidated_pairs
bf191db5-8b66-433c-b167-767884ab5810.3,SAMEA1705934,genome,ftp://massive.ucsd.edu/MSV000080251/peak/CFStrains/Strains/VVP351_TH_GC3_01_27427.mzXML,MSV000080251,True,unvalidated_pairs
bf191db5-8b66-433c-b167-767884ab5810.3,SAMEA1705934,genome,ftp://massive.ucsd.edu/MSV000080251/peak/CFStrains/Strains/VVP361_TH_GD1_01_27439.mzXML,MSV000080251,True,unvalidated_pairs
bf191db5-8b66-433c-b167-767884ab5810.3,SAMEA1705916,genome,ftp://massive.ucsd.edu/MSV000080251/peak/CFStrains/Strains/VVP022_TH_GB10_01_27015.mzXML,MSV000080251,True,unvalidated_pairs
bf191db5-8b66-433c-b167-767884ab5810.3,SAMEA1705916,genome,ftp://massive.ucsd.edu/MSV000080251/peak/CFStrains/Strains/VVP024_TH_GB12_01_27017.mzXML,MSV000080251,True,unvalidated_pairs
bf191db5-8b66-433c-b167-767884ab5810.3,SAMEA1705916,genome,ftp://massive.ucsd.edu/MSV000080251/peak/CFStrains/Strains/VVP026_TH_GC2_01_27021.mzXML,MSV000080251,True,unvalidated_pairs
bf191db5-8b66-433c-b167-767884ab5810.3,SAMEA1705916,genome,ftp://massive.ucsd.edu/MSV000080251/peak/CFStrains/Strains/VVP03_TH_GA3_01_26993.mzXML,MSV000080251,True,unvalidated_pairs
bf191db5-8b66-433c-b167-767884ab5810.3,SAMEA1705916,genome,ftp://massive.ucsd.edu/MSV000080251/peak/CFStrains/Strains/VVP041_TH_GD5_01_27038.mzXML,MSV000080251,True,unvalidated_pairs
bf191db5-8b66-433c-b167-767884ab5810.3,SAMEA1705916,genome,ftp://massive.ucsd.edu/MSV000080251/peak/CFStrains/Strains/VVP043_TH_GD7_01_27040.mzXML,MSV000080251,True,unvalidated_pairs
bf191db5-8b66-433c-b167-767884ab5810.3,SAMEA1705916,genome,ftp://massive.ucsd.edu/MSV000080251/peak/CFStrains/Strains/VVP097_TH_BB4_01_27111.mzXML,MSV000080251,True,unvalidated_pairs
bf191db5-8b66-433c-b167-767884ab5810.3,SAMEA1705916,genome,ftp://massive.ucsd.edu/MSV000080251/peak/CFStrains/Strains/VVP107_TH_BC2_01_27123.mzXML,MSV000080251,True,unvalidated_pairs
bf191db5-8b66-433c-b167-767884ab5810.3,SAMEA1705916,genome,ftp://massive.ucsd.edu/MSV000080251/peak/CFStrains/Strains/VVP109_TH_BC4_01_27125.mzXML,MSV000080251,True,unvalidated_pairs
bf191db5-8b66-433c-b167-767884ab5810.3,SAMEA1705916,genome,ftp://massive.ucsd.edu/MSV000080251/peak/CFStrains/Strains/VVP119_TH_BD2_01_27137.mzXML,MSV000080251,True,unvalidated_pairs
bf191db5-8b66-433c-b167-767884ab5810.3,SAMEA1705916,genome,ftp://massive.ucsd.edu/MSV000080251/peak/CFStrains/Strains/VVP120_TH_BD3_01_27138.mzXML,MSV000080251,True,unvalidated_pairs
bf191db5-8b66-433c-b167-767884ab5810.3,SAMEA1705916,genome,ftp://massive.ucsd.edu/MSV000080251/peak/CFStrains/Strains/VVP128_TH_BD11_01_27146.mzXML,MSV000080251,True,unvalidated_pairs
bf191db5-8b66-433c-b167-767884ab5810.3,SAMEA1705916,genome,ftp://massive.ucsd.edu/MSV000080251/peak/CFStrains/Strains/VVP146_TH_BF5_01_27168.mzXML,MSV000080251,True,unvalidated_pairs
bf191db5-8b66-433c-b167-767884ab5810.3,SAMEA1705916,genome,ftp://massive.ucsd.edu/MSV000080251/peak/CFStrains/Strains/VVP156_TH_BG3_01_27180.mzXML,MSV000080251,True,unvalidated_pairs
bf191db5-8b66-433c-b167-767884ab5810.3,SAMEA1705916,genome,ftp://massive.ucsd.edu/MSV000080251/peak/CFStrains/Strains/VVP159_TH_BG6_01_27183.mzXML,MSV000080251,True,unvalidated_pairs
bf191db5-8b66-433c-b167-767884ab5810.3,SAMEA1705916,genome,ftp://massive.ucsd.edu/MSV000080251/peak/CFStrains/Strains/VVP160_TH_BG7_01_27184.mzXML,MSV000080251,True,unvalidated_pairs
bf191db5-8b66-433c-b167-767884ab5810.3,SAMEA1705916,genome,ftp://massive.ucsd.edu/MSV000080251/peak/CFStrains/Strains/VVP162_TH_BG9_01_27186.mzXML,MSV000080251,True,unvalidated_pairs
bf191db5-8b66-433c-b167-767884ab5810.3,SAMEA1705916,genome,ftp://massive.ucsd.edu/MSV000080251/peak/CFStrains/Strains/VVP163_TH_GA1_01_27196.mzXML,MSV000080251,True,unvalidated_pairs
bf191db5-8b66-433c-b167-767884ab5810.3,SAMEA1705916,genome,ftp://massive.ucsd.edu/MSV000080251/peak/CFStrains/Strains/VVP167_TH_GA5_01_27200.mzXML,MSV000080251,True,unvalidated_pairs
bf191db5-8b66-433c-b167-767884ab5810.3,SAMEA1705916,genome,ftp://massive.ucsd.edu/MSV000080251/peak/CFStrains/Strains/VVP168_TH_GA6_01_27201.mzXML,MSV000080251,True,unvalidated_pairs
bf191db5-8b66-433c-b167-767884ab5810.3,SAMEA1705916,genome,ftp://massive.ucsd.edu/MSV000080251/peak/CFStrains/Strains/VVP169_TH_GA7_01_27202.mzXML,MSV000080251,True,unvalidated_pairs
bf191db5-8b66-433c-b167-767884ab5810.3,SAMEA1705916,genome,ftp://massive.ucsd.edu/MSV000080251/peak/CFStrains/Strains/VVP302_TH_BE11_01_27364.mzXML,MSV000080251,True,unvalidated_pairs
bf191db5-8b66-433c-b167-767884ab5810.3,SAMEA1705916,genome,ftp://massive.ucsd.edu/MSV000080251/peak/CFStrains/Strains/VVP322_TH_BG7_01_27388.mzXML,MSV000080251,True,unvalidated_pairs
bf191db5-8b66-433c-b167-767884ab5810.3,SAMEA1705916,genome,ftp://massive.ucsd.edu/MSV000080251/peak/CFStrains/Strains/VVP326_TH_GA2_01_27398.mzXML,MSV000080251,True,unvalidated_pairs
bf191db5-8b66-433c-b167-767884ab5810.3,SAMEA1705916,genome,ftp://massive.ucsd.edu/MSV000080251/peak/CFStrains/Strains/VVP330_TH_GA6_01_27402.mzXML,MSV000080251,True,unvalidated_pairs
bf191db5-8b66-433c-b167-767884ab5810.3,SAMEA1705916,genome,ftp://massive.ucsd.edu/MSV000080251/peak/CFStrains/Strains/VVP335_TH_GA11_01_27407.mzXML,MSV000080251,True,unvalidated_pairs
bf191db5-8b66-433c-b167-767884ab5810.3,SAMEA1705916,genome,ftp://massive.ucsd.edu/MSV000080251/peak/CFStrains/Strains/VVP338_TH_GB2_01_27412.mzXML,MSV000080251,True,unvalidated_pairs
bf191db5-8b66-433c-b167-767884ab5810.3,SAMEA1705916,genome,ftp://massive.ucsd.edu/MSV000080251/peak/CFStrains/Strains/VVP352_TH_GC4_01_27428.mzXML,MSV000080251,True,unvalidated_pairs
bf191db5-8b66-433c-b167-767884ab5810.3,SAMEA1705916,genome,ftp://massive.ucsd.edu/MSV000080251/peak/CFStrains/Strains/VVP355_TH_GC7_01_27431.mzXML,MSV000080251,True,unvalidated_pairs
bf191db5-8b66-433c-b167-767884ab5810.3,SAMEA1705916,genome,ftp://massive.ucsd.edu/MSV000080251/peak/CFStrains/Strains/VVP360_TH_GC12_01_27436.mzXML,MSV000080251,True,unvalidated_pairs
bf191db5-8b66-433c-b167-767884ab5810.3,SAMEA1705916,genome,ftp://massive.ucsd.edu/MSV000080251/peak/CFStrains/Strains/VVP363_TH_GD3_01_27441.mzXML,MSV000080251,True,unvalidated_pairs
bf191db5-8b66-433c-b167-767884ab5810.3,SAMEA1705916,genome,ftp://massive.ucsd.edu/MSV000080251/peak/CFStrains/Strains/VVP368_TH_GD8_01_27446.mzXML,MSV000080251,True,unvalidated_pairs
bf191db5-8b66-433c-b167-767884ab5810.3,SAMEA1705916,genome,ftp://massive.ucsd.edu/MSV000080251/peak/CFStrains/Strains/VVP369_TH_GD9_01_27447.mzXML,MSV000080251,True,unvalidated_pairs
bf191db5-8b66-433c-b167-767884ab5810.3,SAMN02603591,genome,ftp://massive.ucsd.edu/MSV000080251/peak/CFStrains/Strains/VVP023_TH_GB11_01_27016.mzXML,MSV000080251,True,unvalidated_pairs
bf191db5-8b66-433c-b167-767884ab5810.3,SAMN02603591,genome,ftp://massive.ucsd.edu/MSV000080251/peak/CFStrains/Strains/VVP027_TH_GC3_01_27022.mzXML,MSV000080251,True,unvalidated_pairs
bf191db5-8b66-433c-b167-767884ab5810.3,SAMN02603591,genome,ftp://massive.ucsd.edu/MSV000080251/peak/CFStrains/Strains/VVP137_TH_BE8_01_27157.mzXML,MSV000080251,True,unvalidated_pairs
bf191db5-8b66-433c-b167-767884ab5810.3,SAMN02603591,genome,ftp://massive.ucsd.edu/MSV000080251/peak/CFStrains/Strains/VVP165_TH_GA3_01_27198.mzXML,MSV000080251,True,unvalidated_pairs
bf191db5-8b66-433c-b167-767884ab5810.3,SAMN02603591,genome,ftp://massive.ucsd.edu/MSV000080251/peak/CFStrains/Strains/VVP171_TH_GA9_01_27204.mzXML,MSV000080251,True,unvalidated_pairs
bf191db5-8b66-433c-b167-767884ab5810.3,SAMN02603591,genome,ftp://massive.ucsd.edu/MSV000080251/peak/CFStrains/Strains/VVP286_TH_BD7_01_27346.mzXML,MSV000080251,True,unvalidated_pairs
bf191db5-8b66-433c-b167-767884ab5810.3,SAMN02603591,genome,ftp://massive.ucsd.edu/MSV000080251/peak/CFStrains/Strains/VVP287_TH_BD8_01_27347.mzXML,MSV000080251,True,unvalidated_pairs
bf191db5-8b66-433c-b167-767884ab5810.3,SAMN02603591,genome,ftp://massive.ucsd.edu/MSV000080251/peak/CFStrains/Strains/VVP339_TH_GB3_01_27413.mzXML,MSV000080251,True,unvalidated_pairs
bf191db5-8b66-433c-b167-767884ab5810.3,SAMN02603591,genome,ftp://massive.ucsd.edu/MSV000080251/peak/CFStrains/Strains/VVP344_TH_GB8_01_27418.mzXML,MSV000080251,True,unvalidated_pairs
bf191db5-8b66-433c-b167-767884ab5810.3,SAMEA3283131,genome,ftp://massive.ucsd.edu/MSV000080251/peak/CFStrains/Strains/VVP030_TH_GC6_01_27025.mzXML,MSV000080251,True,unvalidated_pairs
bf191db5-8b66-433c-b167-767884ab5810.3,SAMEA3283131,genome,ftp://massive.ucsd.edu/MSV000080251/peak/CFStrains/Strains/VVP04_TH_GA4_01_26994.mzXML,MSV000080251,True,unvalidated_pairs
bf191db5-8b66-433c-b167-767884ab5810.3,SAMEA3283131,genome,ftp://massive.ucsd.edu/MSV000080251/peak/CFStrains/Strains/VVP05_TH_GA5_01_26998.mzXML,MSV000080251,True,unvalidated_pairs
bf191db5-8b66-433c-b167-767884ab5810.3,SAMEA3283131,genome,ftp://massive.ucsd.edu/MSV000080251/peak/CFStrains/Strains/VVP056_TH_GE8_01_27055.mzXML,MSV000080251,True,unvalidated_pairs
bf191db5-8b66-433c-b167-767884ab5810.3,SAMEA3283131,genome,ftp://massive.ucsd.edu/MSV000080251/peak/CFStrains/Strains/VVP059_TH_GE11_01_27058.mzXML,MSV000080251,True,unvalidated_pairs
bf191db5-8b66-433c-b167-767884ab5810.3,SAMEA3283131,genome,ftp://massive.ucsd.edu/MSV000080251/peak/CFStrains/Strains/VVP075_TH_GG3_01_27078.mzXML,MSV000080251,True,unvalidated_pairs
bf191db5-8b66-433c-b167-767884ab5810.3,SAMEA3283131,genome,ftp://massive.ucsd.edu/MSV000080251/peak/CFStrains/Strains/VVP079_TH_GG7_01_27082.mzXML,MSV000080251,True,unvalidated_pairs
bf191db5-8b66-433c-b167-767884ab5810.3,SAMEA3283131,genome,ftp://massive.ucsd.edu/MSV000080251/peak/CFStrains/Strains/VVP082_TH_BA1_01_27094.mzXML,MSV000080251,True,unvalidated_pairs
bf191db5-8b66-433c-b167-767884ab5810.3,SAMEA3283131,genome,ftp://massive.ucsd.edu/MSV000080251/peak/CFStrains/Strains/VVP083_TH_BA2_01_27095.mzXML,MSV000080251,True,unvalidated_pairs
bf191db5-8b66-433c-b167-767884ab5810.3,SAMEA3283131,genome,ftp://massive.ucsd.edu/MSV000080251/peak/CFStrains/Strains/VVP110_TH_BC5_01_27126.mzXML,MSV000080251,True,unvalidated_pairs
bf191db5-8b66-433c-b167-767884ab5810.3,SAMEA3283131,genome,ftp://massive.ucsd.edu/MSV000080251/peak/CFStrains/Strains/VVP113_TH_BC8_01_27129.mzXML,MSV000080251,True,unvalidated_pairs
bf191db5-8b66-433c-b167-767884ab5810.3,SAMEA3283131,genome,ftp://massive.ucsd.edu/MSV000080251/peak/CFStrains/Strains/VVP127_TH_BD10_01_27145.mzXML,MSV000080251,True,unvalidated_pairs
bf191db5-8b66-433c-b167-767884ab5810.3,SAMEA3283131,genome,ftp://massive.ucsd.edu/MSV000080251/peak/CFStrains/Strains/VVP183_TH_GB9_01_27218.mzXML,MSV000080251,True,unvalidated_pairs
bf191db5-8b66-433c-b167-767884ab5810.3,SAMEA3283131,genome,ftp://massive.ucsd.edu/MSV000080251/peak/CFStrains/Strains/VVP295_TH_BE4_01_27357.mzXML,MSV000080251,True,unvalidated_pairs
bf191db5-8b66-433c-b167-767884ab5810.3,SAMEA3283131,genome,ftp://massive.ucsd.edu/MSV000080251/peak/CFStrains/Strains/VVP298_TH_BE7_01_27360.mzXML,MSV000080251,True,unvalidated_pairs
bf191db5-8b66-433c-b167-767884ab5810.3,SAMEA3283131,genome,ftp://massive.ucsd.edu/MSV000080251/peak/CFStrains/Strains/VVP324_TH_BG9_01_27390.mzXML,MSV000080251,True,unvalidated_pairs
bf191db5-8b66-433c-b167-767884ab5810.3,SAMEA3283131,genome,ftp://massive.ucsd.edu/MSV000080251/peak/CFStrains/Strains/VVP347_TH_GB11_01_27421.mzXML,MSV000080251,True,unvalidated_pairs
bf191db5-8b66-433c-b167-767884ab5810.3,SAMN02603887,genome,ftp://massive.ucsd.edu/MSV000080251/peak/CFStrains/Strains/VVP031_TH_GC7_01_27026.mzXML,MSV000080251,True,unvalidated_pairs
bf191db5-8b66-433c-b167-767884ab5810.3,SAMN02603887,genome,ftp://massive.ucsd.edu/MSV000080251/peak/CFStrains/Strains/VVP034_TH_GC10_01_27029.mzXML,MSV000080251,True,unvalidated_pairs
bf191db5-8b66-433c-b167-767884ab5810.3,SAMN02603887,genome,ftp://massive.ucsd.edu/MSV000080251/peak/CFStrains/Strains/VVP035_TH_GC11_01_27030.mzXML,MSV000080251,True,unvalidated_pairs
bf191db5-8b66-433c-b167-767884ab5810.3,SAMN02603887,genome,ftp://massive.ucsd.edu/MSV000080251/peak/CFStrains/Strains/VVP037_TH_GD1_01_27034.mzXML,MSV000080251,True,unvalidated_pairs
bf191db5-8b66-433c-b167-767884ab5810.3,SAMN02603887,genome,ftp://massive.ucsd.edu/MSV000080251/peak/CFStrains/Strains/VVP038_TH_GD2_01_27035.mzXML,MSV000080251,True,unvalidated_pairs
bf191db5-8b66-433c-b167-767884ab5810.3,SAMN02603887,genome,ftp://massive.ucsd.edu/MSV000080251/peak/CFStrains/Strains/VVP054_TH_GE6_01_27053.mzXML,MSV000080251,True,unvalidated_pairs
bf191db5-8b66-433c-b167-767884ab5810.3,SAMN02603887,genome,ftp://massive.ucsd.edu/MSV000080251/peak/CFStrains/Strains/VVP055_TH_GE7_01_27054.mzXML,MSV000080251,True,unvalidated_pairs
bf191db5-8b66-433c-b167-767884ab5810.3,SAMN02603887,genome,ftp://massive.ucsd.edu/MSV000080251/peak/CFStrains/Strains/VVP057_TH_GE9_01_27056.mzXML,MSV000080251,True,unvalidated_pairs
bf191db5-8b66-433c-b167-767884ab5810.3,SAMN02603887,genome,ftp://massive.ucsd.edu/MSV000080251/peak/CFStrains/Strains/VVP061_TH_GF1_01_27062.mzXML,MSV000080251,True,unvalidated_pairs
bf191db5-8b66-433c-b167-767884ab5810.3,SAMN02603887,genome,ftp://massive.ucsd.edu/MSV000080251/peak/CFStrains/Strains/VVP062_TH_GF2_01_27063.mzXML,MSV000080251,True,unvalidated_pairs
bf191db5-8b66-433c-b167-767884ab5810.3,SAMN02603887,genome,ftp://massive.ucsd.edu/MSV000080251/peak/CFStrains/Strains/VVP063_TH_GF3_01_27064.mzXML,MSV000080251,True,unvalidated_pairs
bf191db5-8b66-433c-b167-767884ab5810.3,SAMN02603887,genome,ftp://massive.ucsd.edu/MSV000080251/peak/CFStrains/Strains/VVP065_TH_GF5_01_27066.mzXML,MSV000080251,True,unvalidated_pairs
bf191db5-8b66-433c-b167-767884ab5810.3,SAMN02603887,genome,ftp://massive.ucsd.edu/MSV000080251/peak/CFStrains/Strains/VVP066_TH_GF6_01_27067.mzXML,MSV000080251,True,unvalidated_pairs
bf191db5-8b66-433c-b167-767884ab5810.3,SAMN02603887,genome,ftp://massive.ucsd.edu/MSV000080251/peak/CFStrains/Strains/VVP07_TH_GA7_01_26991.mzXML,MSV000080251,True,unvalidated_pairs
bf191db5-8b66-433c-b167-767884ab5810.3,SAMN02603887,genome,ftp://massive.ucsd.edu/MSV000080251/peak/CFStrains/Strains/VVP070_TH_GF10_01_27071.mzXML,MSV000080251,True,unvalidated_pairs
bf191db5-8b66-433c-b167-767884ab5810.3,SAMN02603887,genome,ftp://massive.ucsd.edu/MSV000080251/peak/CFStrains/Strains/VVP073_TH_GG1_01_27076.mzXML,MSV000080251,True,unvalidated_pairs
bf191db5-8b66-433c-b167-767884ab5810.3,SAMN02603887,genome,ftp://massive.ucsd.edu/MSV000080251/peak/CFStrains/Strains/VVP076_TH_GG4_01_27079.mzXML,MSV000080251,True,unvalidated_pairs
bf191db5-8b66-433c-b167-767884ab5810.3,SAMN02603887,genome,ftp://massive.ucsd.edu/MSV000080251/peak/CFStrains/Strains/VVP080_TH_GG8_01_27083.mzXML,MSV000080251,True,unvalidated_pairs
bf191db5-8b66-433c-b167-767884ab5810.3,SAMN02603887,genome,ftp://massive.ucsd.edu/MSV000080251/peak/CFStrains/Strains/VVP09_TH_GA9_01_27000.mzXML,MSV000080251,True,unvalidated_pairs
bf191db5-8b66-433c-b167-767884ab5810.3,SAMN02603887,genome,ftp://massive.ucsd.edu/MSV000080251/peak/CFStrains/Strains/VVP141_TH_BE12_01_27161.mzXML,MSV000080251,True,unvalidated_pairs
bf191db5-8b66-433c-b167-767884ab5810.3,SAMN02603887,genome,ftp://massive.ucsd.edu/MSV000080251/peak/CFStrains/Strains/VVP290_TH_BD11_01_27350.mzXML,MSV000080251,True,unvalidated_pairs
bf191db5-8b66-433c-b167-767884ab5810.3,SAMN02603887,genome,ftp://massive.ucsd.edu/MSV000080251/peak/CFStrains/Strains/VVP358_TH_GC10_01_27434.mzXML,MSV000080251,True,unvalidated_pairs
bf191db5-8b66-433c-b167-767884ab5810.3,SAMN02604150,genome,ftp://massive.ucsd.edu/MSV000080251/peak/CFStrains/Strains/VVP033_TH_GC9_01_27028.mzXML,MSV000080251,True,unvalidated_pairs
bf191db5-8b66-433c-b167-767884ab5810.3,SAMN02604150,genome,ftp://massive.ucsd.edu/MSV000080251/peak/CFStrains/Strains/VVP044_TH_GD8_01_27041.mzXML,MSV000080251,True,unvalidated_pairs
bf191db5-8b66-433c-b167-767884ab5810.3,SAMN02604150,genome,ftp://massive.ucsd.edu/MSV000080251/peak/CFStrains/Strains/VVP049_TH_GE1_01_27048.mzXML,MSV000080251,True,unvalidated_pairs
bf191db5-8b66-433c-b167-767884ab5810.3,SAMN02604150,genome,ftp://massive.ucsd.edu/MSV000080251/peak/CFStrains/Strains/VVP134_TH_BE5_01_27154.mzXML,MSV000080251,True,unvalidated_pairs
bf191db5-8b66-433c-b167-767884ab5810.3,SAMN02604150,genome,ftp://massive.ucsd.edu/MSV000080251/peak/CFStrains/Strains/VVP135_TH_BE6_01_27155.mzXML,MSV000080251,True,unvalidated_pairs
bf191db5-8b66-433c-b167-767884ab5810.3,SAMN02604150,genome,ftp://massive.ucsd.edu/MSV000080251/peak/CFStrains/Strains/VVP164_TH_GA2_01_27197.mzXML,MSV000080251,True,unvalidated_pairs
bf191db5-8b66-433c-b167-767884ab5810.3,SAMN02604150,genome,ftp://massive.ucsd.edu/MSV000080251/peak/CFStrains/Strains/VVP179_TH_GB5_01_27214.mzXML,MSV000080251,True,unvalidated_pairs
bf191db5-8b66-433c-b167-767884ab5810.3,SAMN02604150,genome,ftp://massive.ucsd.edu/MSV000080251/peak/CFStrains/Strains/VVP294_TH_BE3_01_27356.mzXML,MSV000080251,True,unvalidated_pairs
bf191db5-8b66-433c-b167-767884ab5810.3,SAMN02604150,genome,ftp://massive.ucsd.edu/MSV000080251/peak/CFStrains/Strains/VVP303_TH_BE12_01_27365.mzXML,MSV000080251,True,unvalidated_pairs
bf191db5-8b66-433c-b167-767884ab5810.3,SAMN02604150,genome,ftp://massive.ucsd.edu/MSV000080251/peak/CFStrains/Strains/VVP306_TH_BF3_01_27370.mzXML,MSV000080251,True,unvalidated_pairs
bf191db5-8b66-433c-b167-767884ab5810.3,SAMN02604150,genome,ftp://massive.ucsd.edu/MSV000080251/peak/CFStrains/Strains/VVP316_TH_BG1_01_27382.mzXML,MSV000080251,True,unvalidated_pairs
bf191db5-8b66-433c-b167-767884ab5810.3,SAMN02604150,genome,ftp://massive.ucsd.edu/MSV000080251/peak/CFStrains/Strains/VVP320_TH_BG5_01_27386.mzXML,MSV000080251,True,unvalidated_pairs
bf191db5-8b66-433c-b167-767884ab5810.3,SAMN02604150,genome,ftp://massive.ucsd.edu/MSV000080251/peak/CFStrains/Strains/VVP333_TH_GA9_01_27405.mzXML,MSV000080251,True,unvalidated_pairs
bf191db5-8b66-433c-b167-767884ab5810.3,SAMN02604150,genome,ftp://massive.ucsd.edu/MSV000080251/peak/CFStrains/Strains/VVP350_TH_GC2_01_27426.mzXML,MSV000080251,True,unvalidated_pairs
bf191db5-8b66-433c-b167-767884ab5810.3,SAMD00060910,genome,ftp://massive.ucsd.edu/MSV000080251/peak/CFStrains/Strains/VVP045_TH_GD9_01_27042.mzXML,MSV000080251,True,unvalidated_pairs
bf191db5-8b66-433c-b167-767884ab5810.3,SAMD00060910,genome,ftp://massive.ucsd.edu/MSV000080251/peak/CFStrains/Strains/VVP053_TH_GE5_01_27052.mzXML,MSV000080251,True,unvalidated_pairs
bf191db5-8b66-433c-b167-767884ab5810.3,SAMN02604011,genome,ftp://massive.ucsd.edu/MSV000080251/peak/CFStrains/Strains/VVP048_TH_GD12_01_27045.mzXML,MSV000080251,True,unvalidated_pairs
bf191db5-8b66-433c-b167-767884ab5810.3,SAMN00996491,genome,ftp://massive.ucsd.edu/MSV000080251/peak/CFStrains/Strains/VVP050_TH_GE2_01_27049.mzXML,MSV000080251,True,unvalidated_pairs
bf191db5-8b66-433c-b167-767884ab5810.3,SAMN02598344,genome,ftp://massive.ucsd.edu/MSV000080251/peak/CFStrains/Strains/VVP052_TH_GE4_01_27051.mzXML,MSV000080251,True,unvalidated_pairs
bf191db5-8b66-433c-b167-767884ab5810.3,SAMN02598344,genome,ftp://massive.ucsd.edu/MSV000080251/peak/CFStrains/Strains/VVP087_TH_BA6_01_27099.mzXML,MSV000080251,True,unvalidated_pairs
bf191db5-8b66-433c-b167-767884ab5810.3,SAMN02598344,genome,ftp://massive.ucsd.edu/MSV000080251/peak/CFStrains/Strains/VVP088_TH_BA7_01_27100.mzXML,MSV000080251,True,unvalidated_pairs
bf191db5-8b66-433c-b167-767884ab5810.3,SAMN02598344,genome,ftp://massive.ucsd.edu/MSV000080251/peak/CFStrains/Strains/VVP090_TH_BA9_01_27102.mzXML,MSV000080251,True,unvalidated_pairs
bf191db5-8b66-433c-b167-767884ab5810.3,SAMN02598344,genome,ftp://massive.ucsd.edu/MSV000080251/peak/CFStrains/Strains/VVP092_TH_BA11_01_27104.mzXML,MSV000080251,True,unvalidated_pairs
bf191db5-8b66-433c-b167-767884ab5810.3,SAMN02598344,genome,ftp://massive.ucsd.edu/MSV000080251/peak/CFStrains/Strains/VVP114_TH_BC9_01_27130.mzXML,MSV000080251,True,unvalidated_pairs
bf191db5-8b66-433c-b167-767884ab5810.3,SAMN02598344,genome,ftp://massive.ucsd.edu/MSV000080251/peak/CFStrains/Strains/VVP147_TH_BF6_01_27169.mzXML,MSV000080251,True,unvalidated_pairs
bf191db5-8b66-433c-b167-767884ab5810.3,SAMN02598344,genome,ftp://massive.ucsd.edu/MSV000080251/peak/CFStrains/Strains/VVP300_TH_BE9_01_27362.mzXML,MSV000080251,True,unvalidated_pairs
bf191db5-8b66-433c-b167-767884ab5810.3,SAMN02598344,genome,ftp://massive.ucsd.edu/MSV000080251/peak/CFStrains/Strains/VVP342_TH_GB6_01_27416.mzXML,MSV000080251,True,unvalidated_pairs
bf191db5-8b66-433c-b167-767884ab5810.3,SAMN02598344,genome,ftp://massive.ucsd.edu/MSV000080251/peak/CFStrains/Strains/VVP354_TH_GC6_01_27430.mzXML,MSV000080251,True,unvalidated_pairs
bf191db5-8b66-433c-b167-767884ab5810.3,SAMN02641592,genome,ftp://massive.ucsd.edu/MSV000080251/peak/CFStrains/Strains/VVP06_TH_GA6_01_26995.mzXML,MSV000080251,True,unvalidated_pairs
bf191db5-8b66-433c-b167-767884ab5810.3,SAMN02641592,genome,ftp://massive.ucsd.edu/MSV000080251/peak/CFStrains/Strains/VVP343_TH_GB7_01_27417.mzXML,MSV000080251,True,unvalidated_pairs
bf191db5-8b66-433c-b167-767884ab5810.3,SAMD00061003,genome,ftp://massive.ucsd.edu/MSV000080251/peak/CFStrains/Strains/VVP072_TH_GF12_01_27073.mzXML,MSV000080251,True,unvalidated_pairs
bf191db5-8b66-433c-b167-767884ab5810.3,SAMD00061003,genome,ftp://massive.ucsd.edu/MSV000080251/peak/CFStrains/Strains/VVP116_TH_BC11_01_27132.mzXML,MSV000080251,True,unvalidated_pairs
bf191db5-8b66-433c-b167-767884ab5810.3,SAMD00061003,genome,ftp://massive.ucsd.edu/MSV000080251/peak/CFStrains/Strains/VVP118_TH_BD1_01_27136.mzXML,MSV000080251,True,unvalidated_pairs
bf191db5-8b66-433c-b167-767884ab5810.3,SAMD00061003,genome,ftp://massive.ucsd.edu/MSV000080251/peak/CFStrains/Strains/VVP123_TH_BD6_01_27141.mzXML,MSV000080251,True,unvalidated_pairs
bf191db5-8b66-433c-b167-767884ab5810.3,SAMD00061003,genome,ftp://massive.ucsd.edu/MSV000080251/peak/CFStrains/Strains/VVP125_TH_BD8_01_27143.mzXML,MSV000080251,True,unvalidated_pairs
bf191db5-8b66-433c-b167-767884ab5810.3,SAMD00061003,genome,ftp://massive.ucsd.edu/MSV000080251/peak/CFStrains/Strains/VVP130_TH_BE1_01_27150.mzXML,MSV000080251,True,unvalidated_pairs
bf191db5-8b66-433c-b167-767884ab5810.3,SAMD00061003,genome,ftp://massive.ucsd.edu/MSV000080251/peak/CFStrains/Strains/VVP178_TH_GB4_01_27213.mzXML,MSV000080251,True,unvalidated_pairs
bf191db5-8b66-433c-b167-767884ab5810.3,SAMD00061003,genome,ftp://massive.ucsd.edu/MSV000080251/peak/CFStrains/Strains/VVP283_TH_BD4_01_27343.mzXML,MSV000080251,True,unvalidated_pairs
bf191db5-8b66-433c-b167-767884ab5810.3,SAMD00061003,genome,ftp://massive.ucsd.edu/MSV000080251/peak/CFStrains/Strains/VVP284_TH_BD5_01_27344.mzXML,MSV000080251,True,unvalidated_pairs
bf191db5-8b66-433c-b167-767884ab5810.3,SAMD00061003,genome,ftp://massive.ucsd.edu/MSV000080251/peak/CFStrains/Strains/VVP314_TH_BF11_01_27378.mzXML,MSV000080251,True,unvalidated_pairs
bf191db5-8b66-433c-b167-767884ab5810.3,SAMEA1705935,genome,ftp://massive.ucsd.edu/MSV000080251/peak/CFStrains/Strains/VVP074_TH_GG2_01_27077.mzXML,MSV000080251,True,unvalidated_pairs
bf191db5-8b66-433c-b167-767884ab5810.3,SAMEA1705935,genome,ftp://massive.ucsd.edu/MSV000080251/peak/CFStrains/Strains/VVP292_TH_BE1_01_27354.mzXML,MSV000080251,True,unvalidated_pairs
bf191db5-8b66-433c-b167-767884ab5810.3,PRJNA57945,genome,ftp://massive.ucsd.edu/MSV000080251/peak/CFStrains/Strains/VVP078_TH_GG6_01_27081.mzXML,MSV000080251,True,unvalidated_pairs
bf191db5-8b66-433c-b167-767884ab5810.3,PRJNA57945,genome,ftp://massive.ucsd.edu/MSV000080251/peak/CFStrains/Strains/VVP158_TH_BG5_01_27182.mzXML,MSV000080251,True,unvalidated_pairs
bf191db5-8b66-433c-b167-767884ab5810.3,PRJNA57945,genome,ftp://massive.ucsd.edu/MSV000080251/peak/CFStrains/Strains/VVP175_TH_GB1_01_27210.mzXML,MSV000080251,True,unvalidated_pairs
bf191db5-8b66-433c-b167-767884ab5810.3,PRJNA57945,genome,ftp://massive.ucsd.edu/MSV000080251/peak/CFStrains/Strains/VVP176_TH_GB2_01_27211.mzXML,MSV000080251,True,unvalidated_pairs
bf191db5-8b66-433c-b167-767884ab5810.3,PRJNA57945,genome,ftp://massive.ucsd.edu/MSV000080251/peak/CFStrains/Strains/VVP184_TH_GB10_01_27219.mzXML,MSV000080251,True,unvalidated_pairs
bf191db5-8b66-433c-b167-767884ab5810.3,PRJNA57945,genome,ftp://massive.ucsd.edu/MSV000080251/peak/CFStrains/Strains/VVP185_TH_GB11_01_27220.mzXML,MSV000080251,True,unvalidated_pairs
bf191db5-8b66-433c-b167-767884ab5810.3,PRJNA57945,genome,ftp://massive.ucsd.edu/MSV000080251/peak/CFStrains/Strains/VVP349_TH_GC1_01_27425.mzXML,MSV000080251,True,unvalidated_pairs
bf191db5-8b66-433c-b167-767884ab5810.3,SAMN02389526,genome,ftp://massive.ucsd.edu/MSV000080251/peak/CFStrains/Strains/VVP085_TH_BA4_01_27097.mzXML,MSV000080251,True,unvalidated_pairs
bf191db5-8b66-433c-b167-767884ab5810.3,SAMN02389526,genome,ftp://massive.ucsd.edu/MSV000080251/peak/CFStrains/Strains/VVP099_TH_BB6_01_27113.mzXML,MSV000080251,True,unvalidated_pairs
bf191db5-8b66-433c-b167-767884ab5810.3,SAMN02603764,genome,ftp://massive.ucsd.edu/MSV000080251/peak/CFStrains/Strains/VVP091_TH_BA10_01_27103.mzXML,MSV000080251,True,unvalidated_pairs
bf191db5-8b66-433c-b167-767884ab5810.3,SAMN02603764,genome,ftp://massive.ucsd.edu/MSV000080251/peak/CFStrains/Strains/VVP285_TH_BD6_01_27345.mzXML,MSV000080251,True,unvalidated_pairs
bf191db5-8b66-433c-b167-767884ab5810.3,SAMN02603764,genome,ftp://massive.ucsd.edu/MSV000080251/peak/CFStrains/Strains/VVP304_TH_BF1_01_27368.mzXML,MSV000080251,True,unvalidated_pairs
bf191db5-8b66-433c-b167-767884ab5810.3,SAMN02603764,genome,ftp://massive.ucsd.edu/MSV000080251/peak/CFStrains/Strains/VVP307_TH_BF4_01_27371.mzXML,MSV000080251,True,unvalidated_pairs
bf191db5-8b66-433c-b167-767884ab5810.3,SAMN02603764,genome,ftp://massive.ucsd.edu/MSV000080251/peak/CFStrains/Strains/VVP309_TH_BF6_01_27373.mzXML,MSV000080251,True,unvalidated_pairs
bf191db5-8b66-433c-b167-767884ab5810.3,SAMN02603764,genome,ftp://massive.ucsd.edu/MSV000080251/peak/CFStrains/Strains/VVP356_TH_GC8_01_27432.mzXML,MSV000080251,True,unvalidated_pairs
bf191db5-8b66-433c-b167-767884ab5810.3,SAMN02603191,genome,ftp://massive.ucsd.edu/MSV000080251/peak/CFStrains/Strains/VVP122_TH_BD5_01_27140.mzXML,MSV000080251,True,unvalidated_pairs
bf191db5-8b66-433c-b167-767884ab5810.3,SAMN02603191,genome,ftp://massive.ucsd.edu/MSV000080251/peak/CFStrains/Strains/VVP129_TH_BD12_01_27147.mzXML,MSV000080251,True,unvalidated_pairs
bf191db5-8b66-433c-b167-767884ab5810.3,SAMN02603191,genome,ftp://massive.ucsd.edu/MSV000080251/peak/CFStrains/Strains/VVP152_TH_BF11_01_27174.mzXML,MSV000080251,True,unvalidated_pairs
bf191db5-8b66-433c-b167-767884ab5810.3,SAMN02603191,genome,ftp://massive.ucsd.edu/MSV000080251/peak/CFStrains/Strains/VVP177_TH_GB3_01_27212.mzXML,MSV000080251,True,unvalidated_pairs
bf191db5-8b66-433c-b167-767884ab5810.3,SAMN02603191,genome,ftp://massive.ucsd.edu/MSV000080251/peak/CFStrains/Strains/VVP278_TH_BC11_01_27336.mzXML,MSV000080251,True,unvalidated_pairs
bf191db5-8b66-433c-b167-767884ab5810.3,SAMN02603191,genome,ftp://massive.ucsd.edu/MSV000080251/peak/CFStrains/Strains/VVP279_TH_BC12_01_27337.mzXML,MSV000080251,True,unvalidated_pairs
bf191db5-8b66-433c-b167-767884ab5810.3,SAMN02603191,genome,ftp://massive.ucsd.edu/MSV000080251/peak/CFStrains/Strains/VVP280_TH_BD1_01_27340.mzXML,MSV000080251,True,unvalidated_pairs
bf191db5-8b66-433c-b167-767884ab5810.3,SAMN02603191,genome,ftp://massive.ucsd.edu/MSV000080251/peak/CFStrains/Strains/VVP281_TH_BD2_01_27341.mzXML,MSV000080251,True,unvalidated_pairs
bf191db5-8b66-433c-b167-767884ab5810.3,SAMN02603191,genome,ftp://massive.ucsd.edu/MSV000080251/peak/CFStrains/Strains/VVP282_TH_BD3_01_27342.mzXML,MSV000080251,True,unvalidated_pairs
bf191db5-8b66-433c-b167-767884ab5810.3,SAMN02603424,genome,ftp://massive.ucsd.edu/MSV000080251/peak/CFStrains/Strains/VVP131_TH_BE2_01_27151.mzXML,MSV000080251,True,unvalidated_pairs
bf191db5-8b66-433c-b167-767884ab5810.3,SAMN02603895,genome,ftp://massive.ucsd.edu/MSV000080251/peak/CFStrains/Strains/VVP139_TH_BE10_01_27159.mzXML,MSV000080251,True,unvalidated_pairs
bf191db5-8b66-433c-b167-767884ab5810.3,SAMN02603895,genome,ftp://massive.ucsd.edu/MSV000080251/peak/CFStrains/Strains/VVP149_TH_BF8_01_27171.mzXML,MSV000080251,True,unvalidated_pairs
bf191db5-8b66-433c-b167-767884ab5810.3,SAMN02603895,genome,ftp://massive.ucsd.edu/MSV000080251/peak/CFStrains/Strains/VVP150_TH_BF9_01_27172.mzXML,MSV000080251,True,unvalidated_pairs
bf191db5-8b66-433c-b167-767884ab5810.3,PRJNA57795,genome,ftp://massive.ucsd.edu/MSV000080251/peak/CFStrains/Strains/VVP145_TH_BF4_01_27167.mzXML,MSV000080251,True,unvalidated_pairs
bf191db5-8b66-433c-b167-767884ab5810.3,SAMN02603042,genome,ftp://massive.ucsd.edu/MSV000080251/peak/CFStrains/Strains/VVP170_TH_GA8_01_27203.mzXML,MSV000080251,True,unvalidated_pairs
bf191db5-8b66-433c-b167-767884ab5810.3,SAMD00061104,genome,ftp://massive.ucsd.edu/MSV000080251/peak/CFStrains/Strains/VVP291_TH_BD12_01_27351.mzXML,MSV000080251,True,unvalidated_pairs
bf191db5-8b66-433c-b167-767884ab5810.3,SAMN02598326,genome,ftp://massive.ucsd.edu/MSV000080251/peak/CFStrains/Strains/VVP327_TH_GA3_01_27399.mzXML,MSV000080251,True,unvalidated_pairs
bf191db5-8b66-433c-b167-767884ab5810.3,SAMN02603435,genome,ftp://massive.ucsd.edu/MSV000080251/peak/CFStrains/Strains/VVP346_TH_GB10_01_27420.mzXML,MSV000080251,True,unvalidated_pairs
bf191db5-8b66-433c-b167-767884ab5810.3,PRJNA84387,genome,ftp://massive.ucsd.edu/MSV000080251/peak/CFStrains/Strains/VVP357_TH_GC9_01_27433.mzXML,MSV000080251,True,unvalidated_pairs
bf191db5-8b66-433c-b167-767884ab5810.3,SAMN02603419,genome,ftp://massive.ucsd.edu/MSV000080251/peak/CFStrains/Strains/VVP367_TH_GD7_01_27445.mzXML,MSV000080251,True,unvalidated_pairs
c66bdb4d-ddad-4684-8dc4-12cf225930c5.2,Streptomyces albus J1074,genome,ftp://massive.ucsd.edu/MSV000079519/raw/Unlabelled/ISP2_unlab_J1074.mzXML,MSV000079519,True,unvalidated_pairs
c66bdb4d-ddad-4684-8dc4-12cf225930c5.2,Streptomyces albus J1074,genome,ftp://massive.ucsd.edu/MSV000079519/raw/Unlabelled/ISP2_unlab_J1074_10uL.mzXML,MSV000079519,True,unvalidated_pairs
c66bdb4d-ddad-4684-8dc4-12cf225930c5.2,Streptomyces albus J1074,genome,ftp://massive.ucsd.edu/MSV000079519/raw/Unlabelled/A1_unlab_J1074.mzXML,MSV000079519,True,validated_pairs
c66bdb4d-ddad-4684-8dc4-12cf225930c5.2,Streptomyces albus J1074,genome,ftp://massive.ucsd.edu/MSV000079519/raw/Unlabelled/A1_unlab_J1074_pre.mzXML,MSV000079519,True,unvalidated_pairs
c66bdb4d-ddad-4684-8dc4-12cf225930c5.2,Streptomyces albus J1074,genome,ftp://massive.ucsd.edu/MSV000079519/raw/Unlabelled/R5_unlab_J1074.mzXML,MSV000079519,True,unvalidated_pairs
c66bdb4d-ddad-4684-8dc4-12cf225930c5.2,Streptomyces albus J1074,genome,ftp://massive.ucsd.edu/MSV000079519/raw/Unlabelled/R5_unlab_J1074_pre.mzXML,MSV000079519,True,validated_pairs
c66bdb4d-ddad-4684-8dc4-12cf225930c5.2,Streptomyces albus J1074,genome,ftp://massive.ucsd.edu/MSV000079519/raw/Unlabelled/ISP2_unlab_J1074_pre.mzXML,MSV000079519,True,validated_pairs
c86fdc82-0d18-45d0-aa30-1f877c1cd3fc.2,Streptomyces sp. ID38640,genome,ftp://massive.ucsd.edu/MSV000085026/peak/38640_FE_72h_M8.mzXML,MSV000085026,True,validated_pairs
c86fdc82-0d18-45d0-aa30-1f877c1cd3fc.2,Streptomyces sp. ID38640,genome,ftp://massive.ucsd.edu/MSV000085026/peak/38640_SN_72h_M8.mzXML,MSV000085026,True,validated_pairs
c86fdc82-0d18-45d0-aa30-1f877c1cd3fc.2,Streptomyces sp. ID38640,genome,ftp://massive.ucsd.edu/MSV000085026/updates/2020-02-27_SoniaMaffioli_d7f9a65c/peak/38640_FE_24h_M8.mzXML,MSV000085026,True,validated_pairs
c89fb2c9-125b-49b2-a604-3e5bdfd800a6.2,Bacteroides stercoris CC31F,genome,ftp://massive.ucsd.edu/MSV000084475/peak/mzXML%20files/RCM%20plates/Plate%201A/HM_1036_BD4_01_46387.mzXML,MSV000084475,True,unvalidated_pairs
c89fb2c9-125b-49b2-a604-3e5bdfd800a6.2,Bifidobacterium breve JCP7499,genome,ftp://massive.ucsd.edu/MSV000084475/peak/mzXML%20files/RCM%20plates/Plate%201A/HM_1120_BD11_01_46396.mzXML,MSV000084475,True,unvalidated_pairs
c89fb2c9-125b-49b2-a604-3e5bdfd800a6.2,Clostridiales sp. F0540,genome,ftp://massive.ucsd.edu/MSV000084475/peak/mzXML%20files/RCM%20plates/Plate%201A/HM_1139_BE8_01_46409.mzXML,MSV000084475,True,unvalidated_pairs
c89fb2c9-125b-49b2-a604-3e5bdfd800a6.2,Oribacterium sinus F0268,genome,ftp://massive.ucsd.edu/MSV000084475/peak/mzXML%20files/RCM%20plates/Plate%201A/HM_13_BA5_01_46337.mzXML,MSV000084475,True,unvalidated_pairs
c89fb2c9-125b-49b2-a604-3e5bdfd800a6.2,Gardnerella vaginalis UPII 315-A,genome,ftp://massive.ucsd.edu/MSV000084475/peak/mzXML%20files/RCM%20plates/Plate%201A/HM_133_BA4_01_46336.mzXML,MSV000084475,True,unvalidated_pairs
c89fb2c9-125b-49b2-a604-3e5bdfd800a6.2,Bacteroides sp. 2_1_22,genome,ftp://massive.ucsd.edu/MSV000084475/peak/mzXML%20files/RCM%20plates/Plate%201A/HM_18_BC11_01_46378.mzXML,MSV000084475,True,unvalidated_pairs
c89fb2c9-125b-49b2-a604-3e5bdfd800a6.2,Bacteroides sp. D20,genome,ftp://massive.ucsd.edu/MSV000084475/peak/mzXML%20files/RCM%20plates/Plate%201A/HM_189_BD3_01_46386.mzXML,MSV000084475,True,unvalidated_pairs
c89fb2c9-125b-49b2-a604-3e5bdfd800a6.2,Bacteroides fragilis 3_1_12,genome,ftp://massive.ucsd.edu/MSV000084475/peak/mzXML%20files/RCM%20plates/Plate%201A/HM_20_BC1_01_46366.mzXML,MSV000084475,True,unvalidated_pairs
c89fb2c9-125b-49b2-a604-3e5bdfd800a6.2,Bacteroides eggerthii 1_2_48FAA,genome,ftp://massive.ucsd.edu/MSV000084475/peak/mzXML%20files/RCM%20plates/Plate%201A/HM_210_BB9_01_46360.mzXML,MSV000084475,True,unvalidated_pairs
c89fb2c9-125b-49b2-a604-3e5bdfd800a6.2,Bacteroides ovatus 3_8_47FAA,genome,ftp://massive.ucsd.edu/MSV000084475/peak/mzXML%20files/RCM%20plates/Plate%201A/HM_222_BC6_01_46371.mzXML,MSV000084475,True,unvalidated_pairs
c89fb2c9-125b-49b2-a604-3e5bdfd800a6.2,Bacteroides sp. 1_1_6,genome,ftp://massive.ucsd.edu/MSV000084475/peak/mzXML%20files/RCM%20plates/Plate%201A/HM_23_BC9_01_46376.mzXML,MSV000084475,True,unvalidated_pairs
c89fb2c9-125b-49b2-a604-3e5bdfd800a6.2,Actinomyces viscosus C505,genome,ftp://massive.ucsd.edu/MSV000084475/peak/mzXML%20files/RCM%20plates/Plate%201A/HM_238_BB2_01_46351.mzXML,MSV000084475,True,unvalidated_pairs
c89fb2c9-125b-49b2-a604-3e5bdfd800a6.2,Bacteroides sp. 4_1_36,genome,ftp://massive.ucsd.edu/MSV000084475/peak/mzXML%20files/RCM%20plates/Plate%201A/HM_258_BC12_01_46379.mzXML,MSV000084475,True,unvalidated_pairs
c89fb2c9-125b-49b2-a604-3e5bdfd800a6.2,Bacteroides sp. 9_1_42FAA,genome,ftp://massive.ucsd.edu/MSV000084475/peak/mzXML%20files/RCM%20plates/Plate%201A/HM_27_BD1_01_46384.mzXML,MSV000084475,True,unvalidated_pairs
c89fb2c9-125b-49b2-a604-3e5bdfd800a6.2,Bacteroides sp. D2,genome,ftp://massive.ucsd.edu/MSV000084475/peak/mzXML%20files/RCM%20plates/Plate%201A/HM_28_BD2_01_46385.mzXML,MSV000084475,True,unvalidated_pairs
c89fb2c9-125b-49b2-a604-3e5bdfd800a6.2,Bacteroides dorei 5_1_36/D4,genome,ftp://massive.ucsd.edu/MSV000084475/peak/mzXML%20files/RCM%20plates/Plate%201A/HM_29_BB5_01_46354.mzXML,MSV000084475,True,unvalidated_pairs
c89fb2c9-125b-49b2-a604-3e5bdfd800a6.2,Bifidobacterium sp. 12_1_47BFAA,genome,ftp://massive.ucsd.edu/MSV000084475/peak/mzXML%20files/RCM%20plates/Plate%201A/HM_30_BE4_01_46403.mzXML,MSV000084475,True,unvalidated_pairs
c89fb2c9-125b-49b2-a604-3e5bdfd800a6.2,Clostridium orbiscindens 1_3_50AFAA,genome,ftp://massive.ucsd.edu/MSV000084475/peak/mzXML%20files/RCM%20plates/Plate%201A/HM_303_BA1_01_46333.mzXML,MSV000084475,True,unvalidated_pairs
c89fb2c9-125b-49b2-a604-3e5bdfd800a6.2,Clostridium symbiosum WAL-14673,genome,ftp://massive.ucsd.edu/MSV000084475/peak/mzXML%20files/RCM%20plates/Plate%201A/HM_319_BA2_01_46334.mzXML,MSV000084475,True,unvalidated_pairs
c89fb2c9-125b-49b2-a604-3e5bdfd800a6.2,Treponema denticola ASLM,genome,ftp://massive.ucsd.edu/MSV000084475/peak/mzXML%20files/RCM%20plates/Plate%201A/HM_574_BA12_01_46346.mzXML,MSV000084475,True,unvalidated_pairs
c89fb2c9-125b-49b2-a604-3e5bdfd800a6.2,Treponema denticola AL-2,genome,ftp://massive.ucsd.edu/MSV000084475/peak/mzXML%20files/RCM%20plates/Plate%201A/HM_575_BA11_01_46345.mzXML,MSV000084475,True,unvalidated_pairs
c89fb2c9-125b-49b2-a604-3e5bdfd800a6.2,Bacteroides sp. 2_1_16,genome,ftp://massive.ucsd.edu/MSV000084475/peak/mzXML%20files/RCM%20plates/Plate%201A/HM_58_BC10_01_46377.mzXML,MSV000084475,True,unvalidated_pairs
c89fb2c9-125b-49b2-a604-3e5bdfd800a6.2,Bifidobacterium adolescentis L2-32,genome,ftp://massive.ucsd.edu/MSV000084475/peak/mzXML%20files/RCM%20plates/Plate%201A/HM_633_BD6_01_46389.mzXML,MSV000084475,True,unvalidated_pairs
c89fb2c9-125b-49b2-a604-3e5bdfd800a6.2,Bacteroides fragilis CL07T00C01,genome,ftp://massive.ucsd.edu/MSV000084475/peak/mzXML%20files/RCM%20plates/Plate%201A/HM_709_BC4_01_46369.mzXML,MSV000084475,True,unvalidated_pairs
c89fb2c9-125b-49b2-a604-3e5bdfd800a6.2,Bacteroides fragilis CL07T12C05,genome,ftp://massive.ucsd.edu/MSV000084475/peak/mzXML%20files/RCM%20plates/Plate%201A/HM_710_BC5_01_46370.mzXML,MSV000084475,True,unvalidated_pairs
c89fb2c9-125b-49b2-a604-3e5bdfd800a6.2,Bacteroides fragilis CL03T12C07,genome,ftp://massive.ucsd.edu/MSV000084475/peak/mzXML%20files/RCM%20plates/Plate%201A/HM_714_BC3_01_46368.mzXML,MSV000084475,True,unvalidated_pairs
c89fb2c9-125b-49b2-a604-3e5bdfd800a6.2,Bacteroides dorei CL02T00C15,genome,ftp://massive.ucsd.edu/MSV000084475/peak/mzXML%20files/RCM%20plates/Plate%201A/HM_717_BB6_01_46355.mzXML,MSV000084475,True,unvalidated_pairs
c89fb2c9-125b-49b2-a604-3e5bdfd800a6.2,Bacteroides dorei CL02T12C06,genome,ftp://massive.ucsd.edu/MSV000084475/peak/mzXML%20files/RCM%20plates/Plate%201A/HM_719_BB7_01_46358.mzXML,MSV000084475,True,unvalidated_pairs
c89fb2c9-125b-49b2-a604-3e5bdfd800a6.2,Bacteroides vulgatus CL09T03C04,genome,ftp://massive.ucsd.edu/MSV000084475/peak/mzXML%20files/RCM%20plates/Plate%201A/HM_720_BD5_01_46388.mzXML,MSV000084475,True,unvalidated_pairs
c89fb2c9-125b-49b2-a604-3e5bdfd800a6.2,Bacteroides salyersiae CL02T12C01,genome,ftp://massive.ucsd.edu/MSV000084475/peak/mzXML%20files/RCM%20plates/Plate%201A/HM_725_BC7_01_46374.mzXML,MSV000084475,True,unvalidated_pairs
c89fb2c9-125b-49b2-a604-3e5bdfd800a6.2,Bacteroides cellulosilyticus CL02T12C19,genome,ftp://massive.ucsd.edu/MSV000084475/peak/mzXML%20files/RCM%20plates/Plate%201A/HM_726_BB4_01_46353.mzXML,MSV000084475,True,unvalidated_pairs
c89fb2c9-125b-49b2-a604-3e5bdfd800a6.2,Bacteroides finegoldii CL09T03C10,genome,ftp://massive.ucsd.edu/MSV000084475/peak/mzXML%20files/RCM%20plates/Plate%201A/HM_727_BB12_01_46363.mzXML,MSV000084475,True,unvalidated_pairs
c89fb2c9-125b-49b2-a604-3e5bdfd800a6.2,Bacteroides caccae CL03T12C61,genome,ftp://massive.ucsd.edu/MSV000084475/peak/mzXML%20files/RCM%20plates/Plate%201A/HM_728_BB3_01_46352.mzXML,MSV000084475,True,unvalidated_pairs
c89fb2c9-125b-49b2-a604-3e5bdfd800a6.2,Parabacteroides merdae CL09T00C40,genome,ftp://massive.ucsd.edu/MSV000084475/peak/mzXML%20files/RCM%20plates/Plate%201A/HM_729_BA9_01_46343.mzXML,MSV000084475,True,unvalidated_pairs
c89fb2c9-125b-49b2-a604-3e5bdfd800a6.2,Parabacteroides merdae CL03T12C32,genome,ftp://massive.ucsd.edu/MSV000084475/peak/mzXML%20files/RCM%20plates/Plate%201A/HM_730_BA8_01_46342.mzXML,MSV000084475,True,unvalidated_pairs
c89fb2c9-125b-49b2-a604-3e5bdfd800a6.2,Parabacteroides johnsonii CL02T12C29,genome,ftp://massive.ucsd.edu/MSV000084475/peak/mzXML%20files/RCM%20plates/Plate%201A/HM_731_BA7_01_46341.mzXML,MSV000084475,True,unvalidated_pairs
c89fb2c9-125b-49b2-a604-3e5bdfd800a6.2,Clostridiales sp. OBRC5-5,genome,ftp://massive.ucsd.edu/MSV000084475/peak/mzXML%20files/RCM%20plates/Plate%201A/HM_780_BE9_01_46410.mzXML,MSV000084475,True,unvalidated_pairs
c89fb2c9-125b-49b2-a604-3e5bdfd800a6.2,Acidaminococcus sp. D21,genome,ftp://massive.ucsd.edu/MSV000084475/peak/mzXML%20files/RCM%20plates/Plate%201A/HM_81_BB1_01_46349.mzXML,MSV000084475,True,unvalidated_pairs
c89fb2c9-125b-49b2-a604-3e5bdfd800a6.2,Bifidobacterium longum subsp. longum 44B,genome,ftp://massive.ucsd.edu/MSV000084475/peak/mzXML%20files/RCM%20plates/Plate%201A/HM_845_BE3_01_46402.mzXML,MSV000084475,True,unvalidated_pairs
c89fb2c9-125b-49b2-a604-3e5bdfd800a6.2,Bifidobacterium longum subsp. longum 35B,genome,ftp://massive.ucsd.edu/MSV000084475/peak/mzXML%20files/RCM%20plates/Plate%201A/HM_847_BE2_01_46401.mzXML,MSV000084475,True,unvalidated_pairs
c89fb2c9-125b-49b2-a604-3e5bdfd800a6.2,Bifidobacterium longum subsp. longum 2-2B,genome,ftp://massive.ucsd.edu/MSV000084475/peak/mzXML%20files/RCM%20plates/Plate%201A/HM_848_BE1_01_46400.mzXML,MSV000084475,True,unvalidated_pairs
c89fb2c9-125b-49b2-a604-3e5bdfd800a6.2,Bifidobacterium breve HPH0326,genome,ftp://massive.ucsd.edu/MSV000084475/peak/mzXML%20files/RCM%20plates/Plate%201A/HM_856_BD10_01_46395.mzXML,MSV000084475,True,unvalidated_pairs
c89fb2c9-125b-49b2-a604-3e5bdfd800a6.2,Bifidobacterium sp. MSTE12,genome,ftp://massive.ucsd.edu/MSV000084475/peak/mzXML%20files/RCM%20plates/Plate%201A/HM_868_BE5_01_46404.mzXML,MSV000084475,True,unvalidated_pairs
c89fb2c9-125b-49b2-a604-3e5bdfd800a6.2,Clostridium sp. KLE 1755,genome,ftp://massive.ucsd.edu/MSV000084475/peak/mzXML%20files/RCM%20plates/Plate%202A/HM_1033_BA4_01_46529.mzXML,MSV000084475,True,unvalidated_pairs
c89fb2c9-125b-49b2-a604-3e5bdfd800a6.2,Gardnerella vaginalis JCP7275,genome,ftp://massive.ucsd.edu/MSV000084475/peak/mzXML%20files/RCM%20plates/Plate%202A/HM_1105_BC2_01_46559.mzXML,MSV000084475,True,unvalidated_pairs
c89fb2c9-125b-49b2-a604-3e5bdfd800a6.2,Gardnerella vaginalis JCP7276,genome,ftp://massive.ucsd.edu/MSV000084475/peak/mzXML%20files/RCM%20plates/Plate%202A/HM_1106_BC3_01_46560.mzXML,MSV000084475,True,unvalidated_pairs
c89fb2c9-125b-49b2-a604-3e5bdfd800a6.2,Gardnerella vaginalis JCP7659,genome,ftp://massive.ucsd.edu/MSV000084475/peak/mzXML%20files/RCM%20plates/Plate%202A/HM_1107_BC4_01_46561.mzXML,MSV000084475,True,unvalidated_pairs
c89fb2c9-125b-49b2-a604-3e5bdfd800a6.2,Gardnerella vaginalis JCP7672,genome,ftp://massive.ucsd.edu/MSV000084475/peak/mzXML%20files/RCM%20plates/Plate%202A/HM_1108_BC5_01_46562.mzXML,MSV000084475,True,unvalidated_pairs
c89fb2c9-125b-49b2-a604-3e5bdfd800a6.2,Gardnerella vaginalis JCP7719,genome,ftp://massive.ucsd.edu/MSV000084475/peak/mzXML%20files/RCM%20plates/Plate%202A/HM_1109_BC6_01_46563.mzXML,MSV000084475,True,unvalidated_pairs
c89fb2c9-125b-49b2-a604-3e5bdfd800a6.2,Gardnerella vaginalis JCP8017A,genome,ftp://massive.ucsd.edu/MSV000084475/peak/mzXML%20files/RCM%20plates/Plate%202A/HM_1110_BC7_01_46566.mzXML,MSV000084475,True,unvalidated_pairs
c89fb2c9-125b-49b2-a604-3e5bdfd800a6.2,Gardnerella vaginalis JCP8017B,genome,ftp://massive.ucsd.edu/MSV000084475/peak/mzXML%20files/RCM%20plates/Plate%202A/HM_1111_BC8_01_46567.mzXML,MSV000084475,True,unvalidated_pairs
c89fb2c9-125b-49b2-a604-3e5bdfd800a6.2,Gardnerella vaginalis JCP8066,genome,ftp://massive.ucsd.edu/MSV000084475/peak/mzXML%20files/RCM%20plates/Plate%202A/HM_1112_BC9_01_46568.mzXML,MSV000084475,True,unvalidated_pairs
c89fb2c9-125b-49b2-a604-3e5bdfd800a6.2,Gardnerella vaginalis JCP8108,genome,ftp://massive.ucsd.edu/MSV000084475/peak/mzXML%20files/RCM%20plates/Plate%202A/HM_1114_BC10_01_46569.mzXML,MSV000084475,True,unvalidated_pairs
c89fb2c9-125b-49b2-a604-3e5bdfd800a6.2,Gardnerella vaginalis JCP8151A,genome,ftp://massive.ucsd.edu/MSV000084475/peak/mzXML%20files/RCM%20plates/Plate%202A/HM_1115_BC11_01_46570.mzXML,MSV000084475,True,unvalidated_pairs
c89fb2c9-125b-49b2-a604-3e5bdfd800a6.2,Gardnerella vaginalis JCP8151B,genome,ftp://massive.ucsd.edu/MSV000084475/peak/mzXML%20files/RCM%20plates/Plate%202A/HM_1116_BC12_01_46571.mzXML,MSV000084475,True,unvalidated_pairs
c89fb2c9-125b-49b2-a604-3e5bdfd800a6.2,Gardnerella vaginalis JCP8481B,genome,ftp://massive.ucsd.edu/MSV000084475/peak/mzXML%20files/RCM%20plates/Plate%202A/HM_1118_BD1_01_46576.mzXML,MSV000084475,True,unvalidated_pairs
c89fb2c9-125b-49b2-a604-3e5bdfd800a6.2,Gardnerella vaginalis JCP8522,genome,ftp://massive.ucsd.edu/MSV000084475/peak/mzXML%20files/RCM%20plates/Plate%202A/HM_1119_BD2_01_46577.mzXML,MSV000084475,True,unvalidated_pairs
c89fb2c9-125b-49b2-a604-3e5bdfd800a6.2,Lachnospiraceae sp. 2_1_58FAA,genome,ftp://massive.ucsd.edu/MSV000084475/peak/mzXML%20files/RCM%20plates/Plate%202A/HM_154_BD3_01_46578.mzXML,MSV000084475,True,unvalidated_pairs
c89fb2c9-125b-49b2-a604-3e5bdfd800a6.2,Parabacteroides sp. 31_2,genome,ftp://massive.ucsd.edu/MSV000084475/peak/mzXML%20files/RCM%20plates/Plate%202A/HM_169_BE9_01_46602.mzXML,MSV000084475,True,unvalidated_pairs
c89fb2c9-125b-49b2-a604-3e5bdfd800a6.2,Coprobacillus sp. 8_2_54BFAA,genome,ftp://massive.ucsd.edu/MSV000084475/peak/mzXML%20files/RCM%20plates/Plate%202A/HM_176_BA7_01_46534.mzXML,MSV000084475,True,unvalidated_pairs
c89fb2c9-125b-49b2-a604-3e5bdfd800a6.2,Olsenella sp. F0356,genome,ftp://massive.ucsd.edu/MSV000084475/peak/mzXML%20files/RCM%20plates/Plate%202A/HM_198_BE8_01_46601.mzXML,MSV000084475,True,unvalidated_pairs
c89fb2c9-125b-49b2-a604-3e5bdfd800a6.2,Parvimonas sp. F0139,genome,ftp://massive.ucsd.edu/MSV000084475/peak/mzXML%20files/RCM%20plates/Plate%202A/HM_207_BE12_01_46605.mzXML,MSV000084475,True,unvalidated_pairs
c89fb2c9-125b-49b2-a604-3e5bdfd800a6.2,Fusobacterium nucleatum subsp. polymorphum F0401,genome,ftp://massive.ucsd.edu/MSV000084475/peak/mzXML%20files/RCM%20plates/Plate%202A/HM_260_BB10_01_46553.mzXML,MSV000084475,True,unvalidated_pairs
c89fb2c9-125b-49b2-a604-3e5bdfd800a6.2,Clostridium sp. HGF2,genome,ftp://massive.ucsd.edu/MSV000084475/peak/mzXML%20files/RCM%20plates/Plate%202A/HM_287_BA3_01_46528.mzXML,MSV000084475,True,unvalidated_pairs
c89fb2c9-125b-49b2-a604-3e5bdfd800a6.2,Collinsella sp. 4_8_47FAA,genome,ftp://massive.ucsd.edu/MSV000084475/peak/mzXML%20files/RCM%20plates/Plate%202A/HM_304_BA6_01_46531.mzXML,MSV000084475,True,unvalidated_pairs
c89fb2c9-125b-49b2-a604-3e5bdfd800a6.2,Clostridium sp. 7_2_43FAA,genome,ftp://massive.ucsd.edu/MSV000084475/peak/mzXML%20files/RCM%20plates/Plate%202A/HM_36_BA2_01_46527.mzXML,MSV000084475,True,unvalidated_pairs
c89fb2c9-125b-49b2-a604-3e5bdfd800a6.2,Enterococcus faecium TX0133a04,genome,ftp://massive.ucsd.edu/MSV000084475/peak/mzXML%20files/RCM%20plates/Plate%202A/HM_463_BB3_01_46544.mzXML,MSV000084475,True,unvalidated_pairs
c89fb2c9-125b-49b2-a604-3e5bdfd800a6.2,Peptoniphilus sp. F0131,genome,ftp://massive.ucsd.edu/MSV000084475/peak/mzXML%20files/RCM%20plates/Plate%202A/HM_6_BF3_01_46610.mzXML,MSV000084475,True,unvalidated_pairs
c89fb2c9-125b-49b2-a604-3e5bdfd800a6.2,Lachnospiraceae sp. F0167,genome,ftp://massive.ucsd.edu/MSV000084475/peak/mzXML%20files/RCM%20plates/Plate%202A/HM_7_BD5_01_46580.mzXML,MSV000084475,True,unvalidated_pairs
c89fb2c9-125b-49b2-a604-3e5bdfd800a6.2,Fusobacterium nucleatum subsp. animalis F0419,genome,ftp://massive.ucsd.edu/MSV000084475/peak/mzXML%20files/RCM%20plates/Plate%202A/HM_758_BB9_01_46552.mzXML,MSV000084475,True,unvalidated_pairs
c89fb2c9-125b-49b2-a604-3e5bdfd800a6.2,Clostridium sp. MSTE9,genome,ftp://massive.ucsd.edu/MSV000084475/peak/mzXML%20files/RCM%20plates/Plate%202A/HM_764_BA5_01_46530.mzXML,MSV000084475,True,unvalidated_pairs
c89fb2c9-125b-49b2-a604-3e5bdfd800a6.2,Lachnospiraceae sp. ICM7,genome,ftp://massive.ucsd.edu/MSV000084475/peak/mzXML%20files/RCM%20plates/Plate%202A/HM_768_BD6_01_46581.mzXML,MSV000084475,True,unvalidated_pairs
c89fb2c9-125b-49b2-a604-3e5bdfd800a6.2,Parabacteroides sp. D13,genome,ftp://massive.ucsd.edu/MSV000084475/peak/mzXML%20files/RCM%20plates/Plate%202A/HM_77_BE10_01_46603.mzXML,MSV000084475,True,unvalidated_pairs
c89fb2c9-125b-49b2-a604-3e5bdfd800a6.2,Peptoniphilus sp. BV3AC2,genome,ftp://massive.ucsd.edu/MSV000084475/peak/mzXML%20files/RCM%20plates/Plate%202A/HM_825_BF2_01_46609.mzXML,MSV000084475,True,unvalidated_pairs
c89fb2c9-125b-49b2-a604-3e5bdfd800a6.2,Fusobacterium sp. CM21,genome,ftp://massive.ucsd.edu/MSV000084475/peak/mzXML%20files/RCM%20plates/Plate%202A/HM_871_BB12_01_46555.mzXML,MSV000084475,True,unvalidated_pairs
c89fb2c9-125b-49b2-a604-3e5bdfd800a6.2,Fusobacterium sp. CM22,genome,ftp://massive.ucsd.edu/MSV000084475/peak/mzXML%20files/RCM%20plates/Plate%202A/HM_874_BC1_01_46558.mzXML,MSV000084475,True,unvalidated_pairs
c89fb2c9-125b-49b2-a604-3e5bdfd800a6.2,Enterococcus faecalis ERV103,genome,ftp://massive.ucsd.edu/MSV000084475/peak/mzXML%20files/RCM%20plates/Plate%202A/HM_934_BA8_01_46535.mzXML,MSV000084475,True,unvalidated_pairs
c89fb2c9-125b-49b2-a604-3e5bdfd800a6.2,Enterococcus faecium 503,genome,ftp://massive.ucsd.edu/MSV000084475/peak/mzXML%20files/RCM%20plates/Plate%202A/HM_952_BA9_01_46536.mzXML,MSV000084475,True,unvalidated_pairs
c89fb2c9-125b-49b2-a604-3e5bdfd800a6.2,Enterococcus faecium 513,genome,ftp://massive.ucsd.edu/MSV000084475/peak/mzXML%20files/RCM%20plates/Plate%202A/HM_959_BA10_01_46537.mzXML,MSV000084475,True,unvalidated_pairs
c89fb2c9-125b-49b2-a604-3e5bdfd800a6.2,Enterococcus faecium E417,genome,ftp://massive.ucsd.edu/MSV000084475/peak/mzXML%20files/RCM%20plates/Plate%202A/HM_965_BA11_01_46538.mzXML,MSV000084475,True,unvalidated_pairs
c89fb2c9-125b-49b2-a604-3e5bdfd800a6.2,Enterococcus faecium ERV102,genome,ftp://massive.ucsd.edu/MSV000084475/peak/mzXML%20files/RCM%20plates/Plate%202A/HM_968_BA12_01_46539.mzXML,MSV000084475,True,unvalidated_pairs
c89fb2c9-125b-49b2-a604-3e5bdfd800a6.2,Enterococcus faecium ERV165,genome,ftp://massive.ucsd.edu/MSV000084475/peak/mzXML%20files/RCM%20plates/Plate%202A/HM_970_BB1_01_46542.mzXML,MSV000084475,True,unvalidated_pairs
c89fb2c9-125b-49b2-a604-3e5bdfd800a6.2,Enterococcus faecium ERV99,genome,ftp://massive.ucsd.edu/MSV000084475/peak/mzXML%20files/RCM%20plates/Plate%202A/HM_975_BB2_01_46543.mzXML,MSV000084475,True,unvalidated_pairs
c89fb2c9-125b-49b2-a604-3e5bdfd800a6.2,Prevotella nigrescens CC14M,genome,ftp://massive.ucsd.edu/MSV000084475/peak/mzXML%20files/RCM%20plates/Plate%203A/HM_1053_BB3_01_46891.mzXML,MSV000084475,True,unvalidated_pairs
c89fb2c9-125b-49b2-a604-3e5bdfd800a6.2,Porphyromonas sp. W7784,genome,ftp://massive.ucsd.edu/MSV000084475/peak/mzXML%20files/RCM%20plates/Plate%203A/HM_1064_BA5_01_46877.mzXML,MSV000084475,True,unvalidated_pairs
c89fb2c9-125b-49b2-a604-3e5bdfd800a6.2,Prevotella bivia DNF00188,genome,ftp://massive.ucsd.edu/MSV000084475/peak/mzXML%20files/RCM%20plates/Plate%203A/HM_1088_BA7_01_46881.mzXML,MSV000084475,True,unvalidated_pairs
c89fb2c9-125b-49b2-a604-3e5bdfd800a6.2,Propionibacterium acnes SK137,genome,ftp://massive.ucsd.edu/MSV000084475/peak/mzXML%20files/RCM%20plates/Plate%203A/HM_122_BF12_01_46968.mzXML,MSV000084475,True,unvalidated_pairs
c89fb2c9-125b-49b2-a604-3e5bdfd800a6.2,Prevotella timonensis CRIS 5C-B1,genome,ftp://massive.ucsd.edu/MSV000084475/peak/mzXML%20files/RCM%20plates/Plate%203A/HM_136_BB9_01_46899.mzXML,MSV000084475,True,unvalidated_pairs
c89fb2c9-125b-49b2-a604-3e5bdfd800a6.2,Prevotella amnii CRIS 21A-A,genome,ftp://massive.ucsd.edu/MSV000084475/peak/mzXML%20files/RCM%20plates/Plate%203A/HM_138_BA6_01_46878.mzXML,MSV000084475,True,unvalidated_pairs
c89fb2c9-125b-49b2-a604-3e5bdfd800a6.2,Prevotella sp. F0295,genome,ftp://massive.ucsd.edu/MSV000084475/peak/mzXML%20files/RCM%20plates/Plate%203A/HM_16_BB8_01_46898.mzXML,MSV000084475,True,unvalidated_pairs
c89fb2c9-125b-49b2-a604-3e5bdfd800a6.2,Propionibacterium acnes SK182,genome,ftp://massive.ucsd.edu/MSV000084475/peak/mzXML%20files/RCM%20plates/Plate%203A/HM_253_BG1_01_46971.mzXML,MSV000084475,True,unvalidated_pairs
c89fb2c9-125b-49b2-a604-3e5bdfd800a6.2,Peptoniphilus sp. F0141,genome,ftp://massive.ucsd.edu/MSV000084475/peak/mzXML%20files/RCM%20plates/Plate%203A/HM_263_BA1_01_46873.mzXML,MSV000084475,True,unvalidated_pairs
c89fb2c9-125b-49b2-a604-3e5bdfd800a6.2,Selenomonas noxia F0398,genome,ftp://massive.ucsd.edu/MSV000084475/peak/mzXML%20files/RCM%20plates/Plate%203A/HM_270_BG4_01_46974.mzXML,MSV000084475,True,unvalidated_pairs
c89fb2c9-125b-49b2-a604-3e5bdfd800a6.2,Prevotella nigrescens F0103,genome,ftp://massive.ucsd.edu/MSV000084475/peak/mzXML%20files/RCM%20plates/Plate%203A/HM_271_BB4_01_46892.mzXML,MSV000084475,True,unvalidated_pairs
c89fb2c9-125b-49b2-a604-3e5bdfd800a6.2,Prevotella buccae D17,genome,ftp://massive.ucsd.edu/MSV000084475/peak/mzXML%20files/RCM%20plates/Plate%203A/HM_45_BA9_01_46883.mzXML,MSV000084475,True,unvalidated_pairs
c89fb2c9-125b-49b2-a604-3e5bdfd800a6.2,Prevotella histicola F0411,genome,ftp://massive.ucsd.edu/MSV000084475/peak/mzXML%20files/RCM%20plates/Plate%203A/HM_471_BB1_01_46889.mzXML,MSV000084475,True,unvalidated_pairs
c89fb2c9-125b-49b2-a604-3e5bdfd800a6.2,Propionibacterium acnes HL001PA1,genome,ftp://massive.ucsd.edu/MSV000084475/peak/mzXML%20files/RCM%20plates/Plate%203A/HM_488_BB12_01_46902.mzXML,MSV000084475,True,unvalidated_pairs
c89fb2c9-125b-49b2-a604-3e5bdfd800a6.2,Propionibacterium acnes HL002PA1,genome,ftp://massive.ucsd.edu/MSV000084475/peak/mzXML%20files/RCM%20plates/Plate%203A/HM_489_BC1_01_46905.mzXML,MSV000084475,True,unvalidated_pairs
c89fb2c9-125b-49b2-a604-3e5bdfd800a6.2,Propionibacterium acnes HL002PA2,genome,ftp://massive.ucsd.edu/MSV000084475/peak/mzXML%20files/RCM%20plates/Plate%203A/HM_490_BC2_01_46906.mzXML,MSV000084475,True,unvalidated_pairs
c89fb2c9-125b-49b2-a604-3e5bdfd800a6.2,Propionibacterium acnes HL002PA3,genome,ftp://massive.ucsd.edu/MSV000084475/peak/mzXML%20files/RCM%20plates/Plate%203A/HM_491_BC3_01_46907.mzXML,MSV000084475,True,unvalidated_pairs
c89fb2c9-125b-49b2-a604-3e5bdfd800a6.2,Propionibacterium acnes HL005PA1,genome,ftp://massive.ucsd.edu/MSV000084475/peak/mzXML%20files/RCM%20plates/Plate%203A/HM_492_BC4_01_46908.mzXML,MSV000084475,True,unvalidated_pairs
c89fb2c9-125b-49b2-a604-3e5bdfd800a6.2,Propionibacterium acnes HL005PA2,genome,ftp://massive.ucsd.edu/MSV000084475/peak/mzXML%20files/RCM%20plates/Plate%203A/HM_493_BC5_01_46909.mzXML,MSV000084475,True,unvalidated_pairs
c89fb2c9-125b-49b2-a604-3e5bdfd800a6.2,Propionibacterium acnes HL005PA3,genome,ftp://massive.ucsd.edu/MSV000084475/peak/mzXML%20files/RCM%20plates/Plate%203A/HM_494_BC6_01_46910.mzXML,MSV000084475,True,unvalidated_pairs
c89fb2c9-125b-49b2-a604-3e5bdfd800a6.2,Propionibacterium acnes HL005PA4,genome,ftp://massive.ucsd.edu/MSV000084475/peak/mzXML%20files/RCM%20plates/Plate%203A/HM_495_BC7_01_46913.mzXML,MSV000084475,True,unvalidated_pairs
c89fb2c9-125b-49b2-a604-3e5bdfd800a6.2,Propionibacterium acnes HL007PA1,genome,ftp://massive.ucsd.edu/MSV000084475/peak/mzXML%20files/RCM%20plates/Plate%203A/HM_496_BC8_01_46914.mzXML,MSV000084475,True,unvalidated_pairs
c89fb2c9-125b-49b2-a604-3e5bdfd800a6.2,Propionibacterium acnes HL013PA1,genome,ftp://massive.ucsd.edu/MSV000084475/peak/mzXML%20files/RCM%20plates/Plate%203A/HM_497_BC9_01_46915.mzXML,MSV000084475,True,unvalidated_pairs
c89fb2c9-125b-49b2-a604-3e5bdfd800a6.2,Propionibacterium acnes HL013PA2,genome,ftp://massive.ucsd.edu/MSV000084475/peak/mzXML%20files/RCM%20plates/Plate%203A/HM_498_BC10_01_46916.mzXML,MSV000084475,True,unvalidated_pairs
c89fb2c9-125b-49b2-a604-3e5bdfd800a6.2,Propionibacterium acnes HL020PA1,genome,ftp://massive.ucsd.edu/MSV000084475/peak/mzXML%20files/RCM%20plates/Plate%203A/HM_499_BC11_01_46917.mzXML,MSV000084475,True,unvalidated_pairs
c89fb2c9-125b-49b2-a604-3e5bdfd800a6.2,Prevotella sp. F0108,genome,ftp://massive.ucsd.edu/MSV000084475/peak/mzXML%20files/RCM%20plates/Plate%203A/HM_500_BC12_01_46918.mzXML,MSV000084475,True,unvalidated_pairs
c89fb2c9-125b-49b2-a604-3e5bdfd800a6.2,Propionibacterium acnes HL025PA1,genome,ftp://massive.ucsd.edu/MSV000084475/peak/mzXML%20files/RCM%20plates/Plate%203A/HM_501_BD1_01_46921.mzXML,MSV000084475,True,unvalidated_pairs
c89fb2c9-125b-49b2-a604-3e5bdfd800a6.2,Propionibacterium acnes HL025PA2,genome,ftp://massive.ucsd.edu/MSV000084475/peak/mzXML%20files/RCM%20plates/Plate%203A/HM_502_BD2_01_46922.mzXML,MSV000084475,True,unvalidated_pairs
c89fb2c9-125b-49b2-a604-3e5bdfd800a6.2,Propionibacterium acnes HL027PA1,genome,ftp://massive.ucsd.edu/MSV000084475/peak/mzXML%20files/RCM%20plates/Plate%203A/HM_503_BD3_01_46923.mzXML,MSV000084475,True,unvalidated_pairs
c89fb2c9-125b-49b2-a604-3e5bdfd800a6.2,Propionibacterium acnes HL027PA2,genome,ftp://massive.ucsd.edu/MSV000084475/peak/mzXML%20files/RCM%20plates/Plate%203A/HM_504_BD4_01_46924.mzXML,MSV000084475,True,unvalidated_pairs
c89fb2c9-125b-49b2-a604-3e5bdfd800a6.2,Propionibacterium acnes HL030PA1,genome,ftp://massive.ucsd.edu/MSV000084475/peak/mzXML%20files/RCM%20plates/Plate%203A/HM_505_BD5_01_46925.mzXML,MSV000084475,True,unvalidated_pairs
c89fb2c9-125b-49b2-a604-3e5bdfd800a6.2,Propionibacterium acnes HL030PA2,genome,ftp://massive.ucsd.edu/MSV000084475/peak/mzXML%20files/RCM%20plates/Plate%203A/HM_506_BD6_01_46926.mzXML,MSV000084475,True,unvalidated_pairs
c89fb2c9-125b-49b2-a604-3e5bdfd800a6.2,Propionibacterium acnes HL036PA1,genome,ftp://massive.ucsd.edu/MSV000084475/peak/mzXML%20files/RCM%20plates/Plate%203A/HM_507_BD7_01_46929.mzXML,MSV000084475,True,unvalidated_pairs
c89fb2c9-125b-49b2-a604-3e5bdfd800a6.2,Propionibacterium acnes HL036PA2,genome,ftp://massive.ucsd.edu/MSV000084475/peak/mzXML%20files/RCM%20plates/Plate%203A/HM_508_BD8_01_46930.mzXML,MSV000084475,True,unvalidated_pairs
c89fb2c9-125b-49b2-a604-3e5bdfd800a6.2,Propionibacterium acnes HL036PA3,genome,ftp://massive.ucsd.edu/MSV000084475/peak/mzXML%20files/RCM%20plates/Plate%203A/HM_509_BD9_01_46931.mzXML,MSV000084475,True,unvalidated_pairs
c89fb2c9-125b-49b2-a604-3e5bdfd800a6.2,Propionibacterium acnes HL037PA1,genome,ftp://massive.ucsd.edu/MSV000084475/peak/mzXML%20files/RCM%20plates/Plate%203A/HM_510_BD10_01_46932.mzXML,MSV000084475,True,unvalidated_pairs
c89fb2c9-125b-49b2-a604-3e5bdfd800a6.2,Propionibacterium acnes HL037PA2,genome,ftp://massive.ucsd.edu/MSV000084475/peak/mzXML%20files/RCM%20plates/Plate%203A/HM_512_BD11_01_46933.mzXML,MSV000084475,True,unvalidated_pairs
c89fb2c9-125b-49b2-a604-3e5bdfd800a6.2,Propionibacterium acnes HL038PA1,genome,ftp://massive.ucsd.edu/MSV000084475/peak/mzXML%20files/RCM%20plates/Plate%203A/HM_513_BD12_01_46934.mzXML,MSV000084475,True,unvalidated_pairs
c89fb2c9-125b-49b2-a604-3e5bdfd800a6.2,Propionibacterium acnes HL043PA1,genome,ftp://massive.ucsd.edu/MSV000084475/peak/mzXML%20files/RCM%20plates/Plate%203A/HM_514_BE1_01_46939.mzXML,MSV000084475,True,unvalidated_pairs
c89fb2c9-125b-49b2-a604-3e5bdfd800a6.2,Propionibacterium acnes HL043PA2,genome,ftp://massive.ucsd.edu/MSV000084475/peak/mzXML%20files/RCM%20plates/Plate%203A/HM_515_BE2_01_46940.mzXML,MSV000084475,True,unvalidated_pairs
c89fb2c9-125b-49b2-a604-3e5bdfd800a6.2,Propionibacterium acnes HL044PA1,genome,ftp://massive.ucsd.edu/MSV000084475/peak/mzXML%20files/RCM%20plates/Plate%203A/HM_516_BE3_01_46941.mzXML,MSV000084475,True,unvalidated_pairs
c89fb2c9-125b-49b2-a604-3e5bdfd800a6.2,Propionibacterium acnes HL045PA1,genome,ftp://massive.ucsd.edu/MSV000084475/peak/mzXML%20files/RCM%20plates/Plate%203A/HM_518_BE4_01_46942.mzXML,MSV000084475,True,unvalidated_pairs
c89fb2c9-125b-49b2-a604-3e5bdfd800a6.2,Propionibacterium acnes HL046PA2,genome,ftp://massive.ucsd.edu/MSV000084475/peak/mzXML%20files/RCM%20plates/Plate%203A/HM_519_BE5_01_46943.mzXML,MSV000084475,True,unvalidated_pairs
c89fb2c9-125b-49b2-a604-3e5bdfd800a6.2,Propionibacterium acnes HL050PA1,genome,ftp://massive.ucsd.edu/MSV000084475/peak/mzXML%20files/RCM%20plates/Plate%203A/HM_520_BE6_01_46944.mzXML,MSV000084475,True,unvalidated_pairs
c89fb2c9-125b-49b2-a604-3e5bdfd800a6.2,Propionibacterium acnes HL050PA2,genome,ftp://massive.ucsd.edu/MSV000084475/peak/mzXML%20files/RCM%20plates/Plate%203A/HM_521_BE7_01_46947.mzXML,MSV000084475,True,unvalidated_pairs
c89fb2c9-125b-49b2-a604-3e5bdfd800a6.2,Propionibacterium acnes HL050PA3,genome,ftp://massive.ucsd.edu/MSV000084475/peak/mzXML%20files/RCM%20plates/Plate%203A/HM_522_BE8_01_46948.mzXML,MSV000084475,True,unvalidated_pairs
c89fb2c9-125b-49b2-a604-3e5bdfd800a6.2,Propionibacterium acnes HL053PA1,genome,ftp://massive.ucsd.edu/MSV000084475/peak/mzXML%20files/RCM%20plates/Plate%203A/HM_523_BE9_01_46949.mzXML,MSV000084475,True,unvalidated_pairs
c89fb2c9-125b-49b2-a604-3e5bdfd800a6.2,Propionibacterium acnes HL053PA2,genome,ftp://massive.ucsd.edu/MSV000084475/peak/mzXML%20files/RCM%20plates/Plate%203A/HM_524_BE10_01_46950.mzXML,MSV000084475,True,unvalidated_pairs
c89fb2c9-125b-49b2-a604-3e5bdfd800a6.2,Propionibacterium acnes HL056PA1,genome,ftp://massive.ucsd.edu/MSV000084475/peak/mzXML%20files/RCM%20plates/Plate%203A/HM_525_BE11_01_46951.mzXML,MSV000084475,True,unvalidated_pairs
c89fb2c9-125b-49b2-a604-3e5bdfd800a6.2,Propionibacterium acnes HL059PA1,genome,ftp://massive.ucsd.edu/MSV000084475/peak/mzXML%20files/RCM%20plates/Plate%203A/HM_526_BE12_01_46952.mzXML,MSV000084475,True,unvalidated_pairs
c89fb2c9-125b-49b2-a604-3e5bdfd800a6.2,Propionibacterium acnes HL059PA2,genome,ftp://massive.ucsd.edu/MSV000084475/peak/mzXML%20files/RCM%20plates/Plate%203A/HM_527_BF1_01_46955.mzXML,MSV000084475,True,unvalidated_pairs
c89fb2c9-125b-49b2-a604-3e5bdfd800a6.2,Propionibacterium acnes HL060PA1,genome,ftp://massive.ucsd.edu/MSV000084475/peak/mzXML%20files/RCM%20plates/Plate%203A/HM_528_BF2_01_46956.mzXML,MSV000084475,True,unvalidated_pairs
c89fb2c9-125b-49b2-a604-3e5bdfd800a6.2,Propionibacterium acnes HL063PA1,genome,ftp://massive.ucsd.edu/MSV000084475/peak/mzXML%20files/RCM%20plates/Plate%203A/HM_529_BF3_01_46957.mzXML,MSV000084475,True,unvalidated_pairs
c89fb2c9-125b-49b2-a604-3e5bdfd800a6.2,Propionibacterium acnes HL063PA2,genome,ftp://massive.ucsd.edu/MSV000084475/peak/mzXML%20files/RCM%20plates/Plate%203A/HM_530_BF4_01_46958.mzXML,MSV000084475,True,unvalidated_pairs
c89fb2c9-125b-49b2-a604-3e5bdfd800a6.2,Propionibacterium acnes HL067PA1,genome,ftp://massive.ucsd.edu/MSV000084475/peak/mzXML%20files/RCM%20plates/Plate%203A/HM_531_BF5_01_46959.mzXML,MSV000084475,True,unvalidated_pairs
c89fb2c9-125b-49b2-a604-3e5bdfd800a6.2,Propionibacterium acnes HL072PA1,genome,ftp://massive.ucsd.edu/MSV000084475/peak/mzXML%20files/RCM%20plates/Plate%203A/HM_534_BF6_01_46960.mzXML,MSV000084475,True,unvalidated_pairs
c89fb2c9-125b-49b2-a604-3e5bdfd800a6.2,Propionibacterium acnes HL078PA1,genome,ftp://massive.ucsd.edu/MSV000084475/peak/mzXML%20files/RCM%20plates/Plate%203A/HM_536_BF7_01_46963.mzXML,MSV000084475,True,unvalidated_pairs
c89fb2c9-125b-49b2-a604-3e5bdfd800a6.2,Propionibacterium acnes HL082PA2,genome,ftp://massive.ucsd.edu/MSV000084475/peak/mzXML%20files/RCM%20plates/Plate%203A/HM_539_BF8_01_46964.mzXML,MSV000084475,True,unvalidated_pairs
c89fb2c9-125b-49b2-a604-3e5bdfd800a6.2,Propionibacterium acnes HL086PA1,genome,ftp://massive.ucsd.edu/MSV000084475/peak/mzXML%20files/RCM%20plates/Plate%203A/HM_552_BF9_01_46965.mzXML,MSV000084475,True,unvalidated_pairs
c89fb2c9-125b-49b2-a604-3e5bdfd800a6.2,Propionibacterium acnes HL110PA1,genome,ftp://massive.ucsd.edu/MSV000084475/peak/mzXML%20files/RCM%20plates/Plate%203A/HM_554_BF10_01_46966.mzXML,MSV000084475,True,unvalidated_pairs
c89fb2c9-125b-49b2-a604-3e5bdfd800a6.2,Propionibacterium acnes HL110PA3,genome,ftp://massive.ucsd.edu/MSV000084475/peak/mzXML%20files/RCM%20plates/Plate%203A/HM_555_BF11_01_46967.mzXML,MSV000084475,True,unvalidated_pairs
c89fb2c9-125b-49b2-a604-3e5bdfd800a6.2,Propionibacterium acnes HL110PA4,genome,ftp://massive.ucsd.edu/MSV000084475/peak/mzXML%20files/RCM%20plates/Plate%203A/HM_5_BB7_01_46897.mzXML,MSV000084475,True,unvalidated_pairs
c89fb2c9-125b-49b2-a604-3e5bdfd800a6.2,Veillonella sp. 3_1_44,genome,ftp://massive.ucsd.edu/MSV000084475/peak/mzXML%20files/RCM%20plates/Plate%203A/HM_64_BG7_01_46977.mzXML,MSV000084475,True,unvalidated_pairs
c89fb2c9-125b-49b2-a604-3e5bdfd800a6.2,Peptostreptococcaceae sp. AS15,genome,ftp://massive.ucsd.edu/MSV000084475/peak/mzXML%20files/RCM%20plates/Plate%203A/HM_766_BA2_01_46874.mzXML,MSV000084475,True,unvalidated_pairs
c89fb2c9-125b-49b2-a604-3e5bdfd800a6.2,Propionibacterium acidifaciens F0233,genome,ftp://massive.ucsd.edu/MSV000084475/peak/mzXML%20files/RCM%20plates/Plate%203A/HM_80_BB2_01_46890.mzXML,MSV000084475,True,unvalidated_pairs
c89fb2c9-125b-49b2-a604-3e5bdfd800a6.2,Prevotella melaninogenica D18,genome,ftp://massive.ucsd.edu/MSV000084475/peak/mzXML%20files/RCM%20plates/Plate%203A/HM_849_BB5_01_46893.mzXML,MSV000084475,True,unvalidated_pairs
c89fb2c9-125b-49b2-a604-3e5bdfd800a6.2,Prevotella oralis HGA0225,genome,ftp://massive.ucsd.edu/MSV000084475/peak/mzXML%20files/RCM%20plates/Plate%203A/HM_852_BG5_01_46975.mzXML,MSV000084475,True,unvalidated_pairs
c89fb2c9-125b-49b2-a604-3e5bdfd800a6.2,Sutterella wadsworthensis HGA0223,genome,ftp://massive.ucsd.edu/MSV000084475/peak/mzXML%20files/RCM%20plates/Plate%203A/HM_8_BB11_01_46901.mzXML,MSV000084475,True,unvalidated_pairs
c89fb2c9-125b-49b2-a604-3e5bdfd800a6.2,Prevotella veroralis F0319,genome,ftp://massive.ucsd.edu/MSV000084475/peak/mzXML%20files/RCM%20plates/Plate%203A/HM_92_BB10_01_46900.mzXML,MSV000084475,True,unvalidated_pairs
c89fb2c9-125b-49b2-a604-3e5bdfd800a6.2,Prevotella oris F0302,genome,ftp://massive.ucsd.edu/MSV000084475/peak/mzXML%20files/RCM%20plates/Plate%203A/HM_93_BB6_01_46894.mzXML,MSV000084475,True,unvalidated_pairs
c89fb2c9-125b-49b2-a604-3e5bdfd800a6.2,Bacteroides stercoris CC31F,genome,ftp://massive.ucsd.edu/MSV000084475/peak/mzXML%20files/RCM%20plates/Plate%201B/mzXML/HM_1036_GD4_01_46487.mzXML,MSV000084475,True,unvalidated_pairs
c89fb2c9-125b-49b2-a604-3e5bdfd800a6.2,Bifidobacterium breve JCP7499,genome,ftp://massive.ucsd.edu/MSV000084475/peak/mzXML%20files/RCM%20plates/Plate%201B/mzXML/HM_1120_GD11_01_46496.mzXML,MSV000084475,True,unvalidated_pairs
c89fb2c9-125b-49b2-a604-3e5bdfd800a6.2,Clostridiales sp. F0540,genome,ftp://massive.ucsd.edu/MSV000084475/peak/mzXML%20files/RCM%20plates/Plate%201B/mzXML/HM_1139_GE8_01_46509.mzXML,MSV000084475,True,unvalidated_pairs
c89fb2c9-125b-49b2-a604-3e5bdfd800a6.2,Oribacterium sinus F0268,genome,ftp://massive.ucsd.edu/MSV000084475/peak/mzXML%20files/RCM%20plates/Plate%201B/mzXML/HM_13_GA5_01_46434.mzXML,MSV000084475,True,unvalidated_pairs
c89fb2c9-125b-49b2-a604-3e5bdfd800a6.2,Gardnerella vaginalis UPII 315-A,genome,ftp://massive.ucsd.edu/MSV000084475/peak/mzXML%20files/RCM%20plates/Plate%201B/mzXML/HM_133_GA4_01_46433.mzXML,MSV000084475,True,unvalidated_pairs
c89fb2c9-125b-49b2-a604-3e5bdfd800a6.2,Bacteroides sp. 2_1_22,genome,ftp://massive.ucsd.edu/MSV000084475/peak/mzXML%20files/RCM%20plates/Plate%201B/mzXML/HM_18_GC11_01_46478.mzXML,MSV000084475,True,unvalidated_pairs
c89fb2c9-125b-49b2-a604-3e5bdfd800a6.2,Bacteroides sp. D20,genome,ftp://massive.ucsd.edu/MSV000084475/peak/mzXML%20files/RCM%20plates/Plate%201B/mzXML/HM_189_GD3_01_46486.mzXML,MSV000084475,True,unvalidated_pairs
c89fb2c9-125b-49b2-a604-3e5bdfd800a6.2,Bacteroides fragilis 3_1_12,genome,ftp://massive.ucsd.edu/MSV000084475/peak/mzXML%20files/RCM%20plates/Plate%201B/mzXML/HM_20_GC1_01_46466.mzXML,MSV000084475,True,unvalidated_pairs
c89fb2c9-125b-49b2-a604-3e5bdfd800a6.2,Bacteroides eggerthii 1_2_48FAA,genome,ftp://massive.ucsd.edu/MSV000084475/peak/mzXML%20files/RCM%20plates/Plate%201B/mzXML/HM_210_GB9_01_46460.mzXML,MSV000084475,True,unvalidated_pairs
c89fb2c9-125b-49b2-a604-3e5bdfd800a6.2,Bacteroides ovatus 3_8_47FAA,genome,ftp://massive.ucsd.edu/MSV000084475/peak/mzXML%20files/RCM%20plates/Plate%201B/mzXML/HM_222_GC6_01_46471.mzXML,MSV000084475,True,unvalidated_pairs
c89fb2c9-125b-49b2-a604-3e5bdfd800a6.2,Bacteroides sp. 1_1_6,genome,ftp://massive.ucsd.edu/MSV000084475/peak/mzXML%20files/RCM%20plates/Plate%201B/mzXML/HM_23_GC9_01_46476.mzXML,MSV000084475,True,unvalidated_pairs
c89fb2c9-125b-49b2-a604-3e5bdfd800a6.2,Actinomyces viscosus C505,genome,ftp://massive.ucsd.edu/MSV000084475/peak/mzXML%20files/RCM%20plates/Plate%201B/mzXML/HM_238_GB2_01_46451.mzXML,MSV000084475,True,unvalidated_pairs
c89fb2c9-125b-49b2-a604-3e5bdfd800a6.2,Bacteroides sp. 4_1_36,genome,ftp://massive.ucsd.edu/MSV000084475/peak/mzXML%20files/RCM%20plates/Plate%201B/mzXML/HM_258_GC12_01_46479.mzXML,MSV000084475,True,unvalidated_pairs
c89fb2c9-125b-49b2-a604-3e5bdfd800a6.2,Bacteroides sp. 9_1_42FAA,genome,ftp://massive.ucsd.edu/MSV000084475/peak/mzXML%20files/RCM%20plates/Plate%201B/mzXML/HM_27_GD1_01_46484.mzXML,MSV000084475,True,unvalidated_pairs
c89fb2c9-125b-49b2-a604-3e5bdfd800a6.2,Bacteroides sp. D2,genome,ftp://massive.ucsd.edu/MSV000084475/peak/mzXML%20files/RCM%20plates/Plate%201B/mzXML/HM_28_GD2_01_46485.mzXML,MSV000084475,True,unvalidated_pairs
c89fb2c9-125b-49b2-a604-3e5bdfd800a6.2,Bacteroides dorei 5_1_36/D4,genome,ftp://massive.ucsd.edu/MSV000084475/peak/mzXML%20files/RCM%20plates/Plate%201B/mzXML/HM_29_GB5_01_46454.mzXML,MSV000084475,True,unvalidated_pairs
c89fb2c9-125b-49b2-a604-3e5bdfd800a6.2,Bifidobacterium sp. 12_1_47BFAA,genome,ftp://massive.ucsd.edu/MSV000084475/peak/mzXML%20files/RCM%20plates/Plate%201B/mzXML/HM_30_GE4_01_46503.mzXML,MSV000084475,True,unvalidated_pairs
c89fb2c9-125b-49b2-a604-3e5bdfd800a6.2,Clostridium orbiscindens 1_3_50AFAA,genome,ftp://massive.ucsd.edu/MSV000084475/peak/mzXML%20files/RCM%20plates/Plate%201B/mzXML/HM_303_GA1_01_46430.mzXML,MSV000084475,True,unvalidated_pairs
c89fb2c9-125b-49b2-a604-3e5bdfd800a6.2,Clostridium symbiosum WAL-14673,genome,ftp://massive.ucsd.edu/MSV000084475/peak/mzXML%20files/RCM%20plates/Plate%201B/mzXML/HM_319_GA2_01_46431.mzXML,MSV000084475,True,unvalidated_pairs
c89fb2c9-125b-49b2-a604-3e5bdfd800a6.2,Treponema denticola ASLM,genome,ftp://massive.ucsd.edu/MSV000084475/peak/mzXML%20files/RCM%20plates/Plate%201B/mzXML/HM_574_GA12_01_46443.mzXML,MSV000084475,True,unvalidated_pairs
c89fb2c9-125b-49b2-a604-3e5bdfd800a6.2,Treponema denticola AL-2,genome,ftp://massive.ucsd.edu/MSV000084475/peak/mzXML%20files/RCM%20plates/Plate%201B/mzXML/HM_575_GA11_01_46442.mzXML,MSV000084475,True,unvalidated_pairs
c89fb2c9-125b-49b2-a604-3e5bdfd800a6.2,Bacteroides sp. 2_1_16,genome,ftp://massive.ucsd.edu/MSV000084475/peak/mzXML%20files/RCM%20plates/Plate%201B/mzXML/HM_58_GC10_01_46477.mzXML,MSV000084475,True,unvalidated_pairs
c89fb2c9-125b-49b2-a604-3e5bdfd800a6.2,Bifidobacterium adolescentis L2-32,genome,ftp://massive.ucsd.edu/MSV000084475/peak/mzXML%20files/RCM%20plates/Plate%201B/mzXML/HM_633_GD6_01_46489.mzXML,MSV000084475,True,unvalidated_pairs
c89fb2c9-125b-49b2-a604-3e5bdfd800a6.2,Bacteroides fragilis CL07T00C01,genome,ftp://massive.ucsd.edu/MSV000084475/peak/mzXML%20files/RCM%20plates/Plate%201B/mzXML/HM_709_GC4_01_46469.mzXML,MSV000084475,True,unvalidated_pairs
c89fb2c9-125b-49b2-a604-3e5bdfd800a6.2,Bacteroides fragilis CL07T12C05,genome,ftp://massive.ucsd.edu/MSV000084475/peak/mzXML%20files/RCM%20plates/Plate%201B/mzXML/HM_710_GC5_01_46470.mzXML,MSV000084475,True,unvalidated_pairs
c89fb2c9-125b-49b2-a604-3e5bdfd800a6.2,Bacteroides fragilis CL03T12C07,genome,ftp://massive.ucsd.edu/MSV000084475/peak/mzXML%20files/RCM%20plates/Plate%201B/mzXML/HM_714_GC3_01_46468.mzXML,MSV000084475,True,unvalidated_pairs
c89fb2c9-125b-49b2-a604-3e5bdfd800a6.2,Bacteroides dorei CL02T00C15,genome,ftp://massive.ucsd.edu/MSV000084475/peak/mzXML%20files/RCM%20plates/Plate%201B/mzXML/HM_717_GB6_01_46455.mzXML,MSV000084475,True,unvalidated_pairs
c89fb2c9-125b-49b2-a604-3e5bdfd800a6.2,Bacteroides dorei CL02T12C06,genome,ftp://massive.ucsd.edu/MSV000084475/peak/mzXML%20files/RCM%20plates/Plate%201B/mzXML/HM_719_GB7_01_46458.mzXML,MSV000084475,True,unvalidated_pairs
c89fb2c9-125b-49b2-a604-3e5bdfd800a6.2,Bacteroides vulgatus CL09T03C04,genome,ftp://massive.ucsd.edu/MSV000084475/peak/mzXML%20files/RCM%20plates/Plate%201B/mzXML/HM_720_GD5_01_46488.mzXML,MSV000084475,True,unvalidated_pairs
c89fb2c9-125b-49b2-a604-3e5bdfd800a6.2,Bacteroides salyersiae CL02T12C01,genome,ftp://massive.ucsd.edu/MSV000084475/peak/mzXML%20files/RCM%20plates/Plate%201B/mzXML/HM_725_GC7_01_46474.mzXML,MSV000084475,True,unvalidated_pairs
c89fb2c9-125b-49b2-a604-3e5bdfd800a6.2,Bacteroides cellulosilyticus CL02T12C19,genome,ftp://massive.ucsd.edu/MSV000084475/peak/mzXML%20files/RCM%20plates/Plate%201B/mzXML/HM_726_GB4_01_46453.mzXML,MSV000084475,True,unvalidated_pairs
c89fb2c9-125b-49b2-a604-3e5bdfd800a6.2,Bacteroides finegoldii CL09T03C10,genome,ftp://massive.ucsd.edu/MSV000084475/peak/mzXML%20files/RCM%20plates/Plate%201B/mzXML/HM_727_GB12_01_46463.mzXML,MSV000084475,True,unvalidated_pairs
c89fb2c9-125b-49b2-a604-3e5bdfd800a6.2,Bacteroides caccae CL03T12C61,genome,ftp://massive.ucsd.edu/MSV000084475/peak/mzXML%20files/RCM%20plates/Plate%201B/mzXML/HM_728_GB3_01_46452.mzXML,MSV000084475,True,unvalidated_pairs
c89fb2c9-125b-49b2-a604-3e5bdfd800a6.2,Parabacteroides merdae CL09T00C40,genome,ftp://massive.ucsd.edu/MSV000084475/peak/mzXML%20files/RCM%20plates/Plate%201B/mzXML/HM_729_GA9_01_46440.mzXML,MSV000084475,True,unvalidated_pairs
c89fb2c9-125b-49b2-a604-3e5bdfd800a6.2,Parabacteroides merdae CL03T12C32,genome,ftp://massive.ucsd.edu/MSV000084475/peak/mzXML%20files/RCM%20plates/Plate%201B/mzXML/HM_730_GA8_01_46439.mzXML,MSV000084475,True,unvalidated_pairs
c89fb2c9-125b-49b2-a604-3e5bdfd800a6.2,Parabacteroides johnsonii CL02T12C29,genome,ftp://massive.ucsd.edu/MSV000084475/peak/mzXML%20files/RCM%20plates/Plate%201B/mzXML/HM_731_GA7_01_46438.mzXML,MSV000084475,True,unvalidated_pairs
c89fb2c9-125b-49b2-a604-3e5bdfd800a6.2,Clostridiales sp. OBRC5-5,genome,ftp://massive.ucsd.edu/MSV000084475/peak/mzXML%20files/RCM%20plates/Plate%201B/mzXML/HM_780_GE9_01_46510.mzXML,MSV000084475,True,unvalidated_pairs
c89fb2c9-125b-49b2-a604-3e5bdfd800a6.2,Acidaminococcus sp. D21,genome,ftp://massive.ucsd.edu/MSV000084475/peak/mzXML%20files/RCM%20plates/Plate%201B/mzXML/HM_81_GB1_01_46446.mzXML,MSV000084475,True,unvalidated_pairs
c89fb2c9-125b-49b2-a604-3e5bdfd800a6.2,Bifidobacterium longum subsp. longum 44B,genome,ftp://massive.ucsd.edu/MSV000084475/peak/mzXML%20files/RCM%20plates/Plate%201B/mzXML/HM_845_GE3_01_46502.mzXML,MSV000084475,True,unvalidated_pairs
c89fb2c9-125b-49b2-a604-3e5bdfd800a6.2,Bifidobacterium longum subsp. longum 35B,genome,ftp://massive.ucsd.edu/MSV000084475/peak/mzXML%20files/RCM%20plates/Plate%201B/mzXML/HM_847_GE2_01_46501.mzXML,MSV000084475,True,unvalidated_pairs
c89fb2c9-125b-49b2-a604-3e5bdfd800a6.2,Bifidobacterium longum subsp. longum 2-2B,genome,ftp://massive.ucsd.edu/MSV000084475/peak/mzXML%20files/RCM%20plates/Plate%201B/mzXML/HM_848_GE1_01_46500.mzXML,MSV000084475,True,unvalidated_pairs
c89fb2c9-125b-49b2-a604-3e5bdfd800a6.2,Bifidobacterium breve HPH0326,genome,ftp://massive.ucsd.edu/MSV000084475/peak/mzXML%20files/RCM%20plates/Plate%201B/mzXML/HM_856_GD10_01_46495.mzXML,MSV000084475,True,unvalidated_pairs
c89fb2c9-125b-49b2-a604-3e5bdfd800a6.2,Bifidobacterium sp. MSTE12,genome,ftp://massive.ucsd.edu/MSV000084475/peak/mzXML%20files/RCM%20plates/Plate%201B/mzXML/HM_868_GE5_01_46504.mzXML,MSV000084475,True,unvalidated_pairs
c89fb2c9-125b-49b2-a604-3e5bdfd800a6.2,Clostridium sp. KLE 1755,genome,ftp://massive.ucsd.edu/MSV000084475/peak/mzXML%20files/RCM%20plates/Plate%202B/HM_1033_GA4_01_46626.mzXML,MSV000084475,True,unvalidated_pairs
c89fb2c9-125b-49b2-a604-3e5bdfd800a6.2,Gardnerella vaginalis JCP7275,genome,ftp://massive.ucsd.edu/MSV000084475/peak/mzXML%20files/RCM%20plates/Plate%202B/HM_1105_GC2_01_46656.mzXML,MSV000084475,True,unvalidated_pairs
c89fb2c9-125b-49b2-a604-3e5bdfd800a6.2,Gardnerella vaginalis JCP7276,genome,ftp://massive.ucsd.edu/MSV000084475/peak/mzXML%20files/RCM%20plates/Plate%202B/HM_1106_GC3_01_46657.mzXML,MSV000084475,True,unvalidated_pairs
c89fb2c9-125b-49b2-a604-3e5bdfd800a6.2,Gardnerella vaginalis JCP7659,genome,ftp://massive.ucsd.edu/MSV000084475/peak/mzXML%20files/RCM%20plates/Plate%202B/HM_1107_GC4_01_46658.mzXML,MSV000084475,True,unvalidated_pairs
c89fb2c9-125b-49b2-a604-3e5bdfd800a6.2,Gardnerella vaginalis JCP7672,genome,ftp://massive.ucsd.edu/MSV000084475/peak/mzXML%20files/RCM%20plates/Plate%202B/HM_1108_GC5_01_46659.mzXML,MSV000084475,True,unvalidated_pairs
c89fb2c9-125b-49b2-a604-3e5bdfd800a6.2,Gardnerella vaginalis JCP7719,genome,ftp://massive.ucsd.edu/MSV000084475/peak/mzXML%20files/RCM%20plates/Plate%202B/HM_1109_GC6_01_46660.mzXML,MSV000084475,True,unvalidated_pairs
c89fb2c9-125b-49b2-a604-3e5bdfd800a6.2,Gardnerella vaginalis JCP8017A,genome,ftp://massive.ucsd.edu/MSV000084475/peak/mzXML%20files/RCM%20plates/Plate%202B/HM_1110_GC7_01_46663.mzXML,MSV000084475,True,unvalidated_pairs
c89fb2c9-125b-49b2-a604-3e5bdfd800a6.2,Gardnerella vaginalis JCP8017B,genome,ftp://massive.ucsd.edu/MSV000084475/peak/mzXML%20files/RCM%20plates/Plate%202B/HM_1111_GC8_01_46664.mzXML,MSV000084475,True,unvalidated_pairs
c89fb2c9-125b-49b2-a604-3e5bdfd800a6.2,Gardnerella vaginalis JCP8066,genome,ftp://massive.ucsd.edu/MSV000084475/peak/mzXML%20files/RCM%20plates/Plate%202B/HM_1112_GC9_01_46665.mzXML,MSV000084475,True,unvalidated_pairs
c89fb2c9-125b-49b2-a604-3e5bdfd800a6.2,Gardnerella vaginalis JCP8108,genome,ftp://massive.ucsd.edu/MSV000084475/peak/mzXML%20files/RCM%20plates/Plate%202B/HM_1114_GC10_01_46666.mzXML,MSV000084475,True,unvalidated_pairs
c89fb2c9-125b-49b2-a604-3e5bdfd800a6.2,Gardnerella vaginalis JCP8151A,genome,ftp://massive.ucsd.edu/MSV000084475/peak/mzXML%20files/RCM%20plates/Plate%202B/HM_1115_GC11_01_46667.mzXML,MSV000084475,True,unvalidated_pairs
c89fb2c9-125b-49b2-a604-3e5bdfd800a6.2,Gardnerella vaginalis JCP8151B,genome,ftp://massive.ucsd.edu/MSV000084475/peak/mzXML%20files/RCM%20plates/Plate%202B/HM_1116_GC12_01_46668.mzXML,MSV000084475,True,unvalidated_pairs
c89fb2c9-125b-49b2-a604-3e5bdfd800a6.2,Gardnerella vaginalis JCP8481B,genome,ftp://massive.ucsd.edu/MSV000084475/peak/mzXML%20files/RCM%20plates/Plate%202B/HM_1118_GD1_01_46673.mzXML,MSV000084475,True,unvalidated_pairs
c89fb2c9-125b-49b2-a604-3e5bdfd800a6.2,Gardnerella vaginalis JCP8522,genome,ftp://massive.ucsd.edu/MSV000084475/peak/mzXML%20files/RCM%20plates/Plate%202B/HM_1119_GD2_01_46674.mzXML,MSV000084475,True,unvalidated_pairs
c89fb2c9-125b-49b2-a604-3e5bdfd800a6.2,Lachnospiraceae sp. 2_1_58FAA,genome,ftp://massive.ucsd.edu/MSV000084475/peak/mzXML%20files/RCM%20plates/Plate%202B/HM_154_GD3_01_46675.mzXML,MSV000084475,True,unvalidated_pairs
c89fb2c9-125b-49b2-a604-3e5bdfd800a6.2,Parabacteroides sp. 31_2,genome,ftp://massive.ucsd.edu/MSV000084475/peak/mzXML%20files/RCM%20plates/Plate%202B/HM_169_GE9_01_46699.mzXML,MSV000084475,True,unvalidated_pairs
c89fb2c9-125b-49b2-a604-3e5bdfd800a6.2,Coprobacillus sp. 8_2_54BFAA,genome,ftp://massive.ucsd.edu/MSV000084475/peak/mzXML%20files/RCM%20plates/Plate%202B/HM_176_GA7_01_46631.mzXML,MSV000084475,True,unvalidated_pairs
c89fb2c9-125b-49b2-a604-3e5bdfd800a6.2,Olsenella sp. F0356,genome,ftp://massive.ucsd.edu/MSV000084475/peak/mzXML%20files/RCM%20plates/Plate%202B/HM_198_GE8_01_46698.mzXML,MSV000084475,True,unvalidated_pairs
c89fb2c9-125b-49b2-a604-3e5bdfd800a6.2,Parvimonas sp. F0139,genome,ftp://massive.ucsd.edu/MSV000084475/peak/mzXML%20files/RCM%20plates/Plate%202B/HM_207_GE12_01_46702.mzXML,MSV000084475,True,unvalidated_pairs
c89fb2c9-125b-49b2-a604-3e5bdfd800a6.2,Fusobacterium nucleatum subsp. polymorphum F0401,genome,ftp://massive.ucsd.edu/MSV000084475/peak/mzXML%20files/RCM%20plates/Plate%202B/HM_260_GB10_01_46650.mzXML,MSV000084475,True,unvalidated_pairs
c89fb2c9-125b-49b2-a604-3e5bdfd800a6.2,Clostridium sp. HGF2,genome,ftp://massive.ucsd.edu/MSV000084475/peak/mzXML%20files/RCM%20plates/Plate%202B/HM_287_GA3_01_46625.mzXML,MSV000084475,True,unvalidated_pairs
c89fb2c9-125b-49b2-a604-3e5bdfd800a6.2,Collinsella sp. 4_8_47FAA,genome,ftp://massive.ucsd.edu/MSV000084475/peak/mzXML%20files/RCM%20plates/Plate%202B/HM_304_GA6_01_46628.mzXML,MSV000084475,True,unvalidated_pairs
c89fb2c9-125b-49b2-a604-3e5bdfd800a6.2,Clostridium sp. 7_2_43FAA,genome,ftp://massive.ucsd.edu/MSV000084475/peak/mzXML%20files/RCM%20plates/Plate%202B/HM_36_GA2_01_46624.mzXML,MSV000084475,True,unvalidated_pairs
c89fb2c9-125b-49b2-a604-3e5bdfd800a6.2,Enterococcus faecium TX0133a04,genome,ftp://massive.ucsd.edu/MSV000084475/peak/mzXML%20files/RCM%20plates/Plate%202B/HM_463_GB3_01_46641.mzXML,MSV000084475,True,unvalidated_pairs
c89fb2c9-125b-49b2-a604-3e5bdfd800a6.2,Peptoniphilus sp. F0131,genome,ftp://massive.ucsd.edu/MSV000084475/peak/mzXML%20files/RCM%20plates/Plate%202B/HM_6_GF3_01_46707.mzXML,MSV000084475,True,unvalidated_pairs
c89fb2c9-125b-49b2-a604-3e5bdfd800a6.2,Lachnospiraceae sp. F0167,genome,ftp://massive.ucsd.edu/MSV000084475/peak/mzXML%20files/RCM%20plates/Plate%202B/HM_7_GD5_01_46677.mzXML,MSV000084475,True,unvalidated_pairs
c89fb2c9-125b-49b2-a604-3e5bdfd800a6.2,Fusobacterium nucleatum subsp. animalis F0419,genome,ftp://massive.ucsd.edu/MSV000084475/peak/mzXML%20files/RCM%20plates/Plate%202B/HM_758_GB9_01_46649.mzXML,MSV000084475,True,unvalidated_pairs
c89fb2c9-125b-49b2-a604-3e5bdfd800a6.2,Clostridium sp. MSTE9,genome,ftp://massive.ucsd.edu/MSV000084475/peak/mzXML%20files/RCM%20plates/Plate%202B/HM_764_GA5_01_46627.mzXML,MSV000084475,True,unvalidated_pairs
c89fb2c9-125b-49b2-a604-3e5bdfd800a6.2,Lachnospiraceae sp. ICM7,genome,ftp://massive.ucsd.edu/MSV000084475/peak/mzXML%20files/RCM%20plates/Plate%202B/HM_768_GD6_01_46678.mzXML,MSV000084475,True,unvalidated_pairs
c89fb2c9-125b-49b2-a604-3e5bdfd800a6.2,Parabacteroides sp. D13,genome,ftp://massive.ucsd.edu/MSV000084475/peak/mzXML%20files/RCM%20plates/Plate%202B/HM_77_GE10_01_46700.mzXML,MSV000084475,True,unvalidated_pairs
c89fb2c9-125b-49b2-a604-3e5bdfd800a6.2,Peptoniphilus sp. BV3AC2,genome,ftp://massive.ucsd.edu/MSV000084475/peak/mzXML%20files/RCM%20plates/Plate%202B/HM_825_GF2_01_46706.mzXML,MSV000084475,True,unvalidated_pairs
c89fb2c9-125b-49b2-a604-3e5bdfd800a6.2,Fusobacterium sp. CM21,genome,ftp://massive.ucsd.edu/MSV000084475/peak/mzXML%20files/RCM%20plates/Plate%202B/HM_871_GB12_01_46652.mzXML,MSV000084475,True,unvalidated_pairs
c89fb2c9-125b-49b2-a604-3e5bdfd800a6.2,Fusobacterium sp. CM22,genome,ftp://massive.ucsd.edu/MSV000084475/peak/mzXML%20files/RCM%20plates/Plate%202B/HM_874_GC1_01_46655.mzXML,MSV000084475,True,unvalidated_pairs
c89fb2c9-125b-49b2-a604-3e5bdfd800a6.2,Enterococcus faecalis ERV103,genome,ftp://massive.ucsd.edu/MSV000084475/peak/mzXML%20files/RCM%20plates/Plate%202B/HM_934_GA8_01_46632.mzXML,MSV000084475,True,unvalidated_pairs
c89fb2c9-125b-49b2-a604-3e5bdfd800a6.2,Enterococcus faecium 503,genome,ftp://massive.ucsd.edu/MSV000084475/peak/mzXML%20files/RCM%20plates/Plate%202B/HM_952_GA9_01_46633.mzXML,MSV000084475,True,unvalidated_pairs
c89fb2c9-125b-49b2-a604-3e5bdfd800a6.2,Enterococcus faecium 513,genome,ftp://massive.ucsd.edu/MSV000084475/peak/mzXML%20files/RCM%20plates/Plate%202B/HM_959_GA10_01_46634.mzXML,MSV000084475,True,unvalidated_pairs
c89fb2c9-125b-49b2-a604-3e5bdfd800a6.2,Enterococcus faecium E417,genome,ftp://massive.ucsd.edu/MSV000084475/peak/mzXML%20files/RCM%20plates/Plate%202B/HM_965_GA11_01_46635.mzXML,MSV000084475,True,unvalidated_pairs
c89fb2c9-125b-49b2-a604-3e5bdfd800a6.2,Enterococcus faecium ERV102,genome,ftp://massive.ucsd.edu/MSV000084475/peak/mzXML%20files/RCM%20plates/Plate%202B/HM_968_GA12_01_46636.mzXML,MSV000084475,True,unvalidated_pairs
c89fb2c9-125b-49b2-a604-3e5bdfd800a6.2,Enterococcus faecium ERV165,genome,ftp://massive.ucsd.edu/MSV000084475/peak/mzXML%20files/RCM%20plates/Plate%202B/HM_970_GB1_01_46639.mzXML,MSV000084475,True,unvalidated_pairs
c89fb2c9-125b-49b2-a604-3e5bdfd800a6.2,Enterococcus faecium ERV99,genome,ftp://massive.ucsd.edu/MSV000084475/peak/mzXML%20files/RCM%20plates/Plate%202B/HM_975_GB2_01_46640.mzXML,MSV000084475,True,unvalidated_pairs
c89fb2c9-125b-49b2-a604-3e5bdfd800a6.2,Prevotella nigrescens CC14M,genome,ftp://massive.ucsd.edu/MSV000084475/peak/mzXML%20files/RCM%20plates/Plate%203B/HM_1053_GB3_01_46772.mzXML,MSV000084475,True,unvalidated_pairs
c89fb2c9-125b-49b2-a604-3e5bdfd800a6.2,Porphyromonas sp. W7784,genome,ftp://massive.ucsd.edu/MSV000084475/peak/mzXML%20files/RCM%20plates/Plate%203B/HM_1064_GA5_01_46758.mzXML,MSV000084475,True,unvalidated_pairs
c89fb2c9-125b-49b2-a604-3e5bdfd800a6.2,Prevotella bivia DNF00188,genome,ftp://massive.ucsd.edu/MSV000084475/peak/mzXML%20files/RCM%20plates/Plate%203B/HM_1088_GA7_01_46762.mzXML,MSV000084475,True,unvalidated_pairs
c89fb2c9-125b-49b2-a604-3e5bdfd800a6.2,Propionibacterium acnes SK137,genome,ftp://massive.ucsd.edu/MSV000084475/peak/mzXML%20files/RCM%20plates/Plate%203B/HM_122_GF12_01_46850.mzXML,MSV000084475,True,unvalidated_pairs
c89fb2c9-125b-49b2-a604-3e5bdfd800a6.2,Prevotella timonensis CRIS 5C-B1,genome,ftp://massive.ucsd.edu/MSV000084475/peak/mzXML%20files/RCM%20plates/Plate%203B/HM_136_GB9_01_46780.mzXML,MSV000084475,True,unvalidated_pairs
c89fb2c9-125b-49b2-a604-3e5bdfd800a6.2,Prevotella amnii CRIS 21A-A,genome,ftp://massive.ucsd.edu/MSV000084475/peak/mzXML%20files/RCM%20plates/Plate%203B/HM_138_GA6_01_46759.mzXML,MSV000084475,True,unvalidated_pairs
c89fb2c9-125b-49b2-a604-3e5bdfd800a6.2,Prevotella sp. F0295,genome,ftp://massive.ucsd.edu/MSV000084475/peak/mzXML%20files/RCM%20plates/Plate%203B/HM_16_GB8_01_46779.mzXML,MSV000084475,True,unvalidated_pairs
c89fb2c9-125b-49b2-a604-3e5bdfd800a6.2,Propionibacterium acnes SK182,genome,ftp://massive.ucsd.edu/MSV000084475/peak/mzXML%20files/RCM%20plates/Plate%203B/HM_253_GG1_01_46853.mzXML,MSV000084475,True,unvalidated_pairs
c89fb2c9-125b-49b2-a604-3e5bdfd800a6.2,Peptoniphilus sp. F0141,genome,ftp://massive.ucsd.edu/MSV000084475/peak/mzXML%20files/RCM%20plates/Plate%203B/HM_263_GA1_01_46754.mzXML,MSV000084475,True,unvalidated_pairs
c89fb2c9-125b-49b2-a604-3e5bdfd800a6.2,Selenomonas noxia F0398,genome,ftp://massive.ucsd.edu/MSV000084475/peak/mzXML%20files/RCM%20plates/Plate%203B/HM_270_GG4_01_46856.mzXML,MSV000084475,True,unvalidated_pairs
c89fb2c9-125b-49b2-a604-3e5bdfd800a6.2,Prevotella nigrescens F0103,genome,ftp://massive.ucsd.edu/MSV000084475/peak/mzXML%20files/RCM%20plates/Plate%203B/HM_271_GB4_01_46773.mzXML,MSV000084475,True,unvalidated_pairs
c89fb2c9-125b-49b2-a604-3e5bdfd800a6.2,Prevotella buccae D17,genome,ftp://massive.ucsd.edu/MSV000084475/peak/mzXML%20files/RCM%20plates/Plate%203B/HM_45_GA9_01_46764.mzXML,MSV000084475,True,unvalidated_pairs
c89fb2c9-125b-49b2-a604-3e5bdfd800a6.2,Prevotella histicola F0411,genome,ftp://massive.ucsd.edu/MSV000084475/peak/mzXML%20files/RCM%20plates/Plate%203B/HM_471_GB1_01_46770.mzXML,MSV000084475,True,unvalidated_pairs
c89fb2c9-125b-49b2-a604-3e5bdfd800a6.2,Propionibacterium acnes HL001PA1,genome,ftp://massive.ucsd.edu/MSV000084475/peak/mzXML%20files/RCM%20plates/Plate%203B/HM_488_GB12_01_46783.mzXML,MSV000084475,True,unvalidated_pairs
c89fb2c9-125b-49b2-a604-3e5bdfd800a6.2,Propionibacterium acnes HL002PA1,genome,ftp://massive.ucsd.edu/MSV000084475/peak/mzXML%20files/RCM%20plates/Plate%203B/HM_489_GC1_01_46787.mzXML,MSV000084475,True,unvalidated_pairs
c89fb2c9-125b-49b2-a604-3e5bdfd800a6.2,Propionibacterium acnes HL002PA2,genome,ftp://massive.ucsd.edu/MSV000084475/peak/mzXML%20files/RCM%20plates/Plate%203B/HM_490_GC2_01_46788.mzXML,MSV000084475,True,unvalidated_pairs
c89fb2c9-125b-49b2-a604-3e5bdfd800a6.2,Propionibacterium acnes HL002PA3,genome,ftp://massive.ucsd.edu/MSV000084475/peak/mzXML%20files/RCM%20plates/Plate%203B/HM_491_GC3_01_46789.mzXML,MSV000084475,True,unvalidated_pairs
c89fb2c9-125b-49b2-a604-3e5bdfd800a6.2,Propionibacterium acnes HL005PA1,genome,ftp://massive.ucsd.edu/MSV000084475/peak/mzXML%20files/RCM%20plates/Plate%203B/HM_492_GC4_01_46790.mzXML,MSV000084475,True,unvalidated_pairs
c89fb2c9-125b-49b2-a604-3e5bdfd800a6.2,Propionibacterium acnes HL005PA2,genome,ftp://massive.ucsd.edu/MSV000084475/peak/mzXML%20files/RCM%20plates/Plate%203B/HM_493_GC5_01_46791.mzXML,MSV000084475,True,unvalidated_pairs
c89fb2c9-125b-49b2-a604-3e5bdfd800a6.2,Propionibacterium acnes HL005PA3,genome,ftp://massive.ucsd.edu/MSV000084475/peak/mzXML%20files/RCM%20plates/Plate%203B/HM_494_GC6_01_46792.mzXML,MSV000084475,True,unvalidated_pairs
c89fb2c9-125b-49b2-a604-3e5bdfd800a6.2,Propionibacterium acnes HL005PA4,genome,ftp://massive.ucsd.edu/MSV000084475/peak/mzXML%20files/RCM%20plates/Plate%203B/HM_495_GC7_01_46795.mzXML,MSV000084475,True,unvalidated_pairs
c89fb2c9-125b-49b2-a604-3e5bdfd800a6.2,Propionibacterium acnes HL007PA1,genome,ftp://massive.ucsd.edu/MSV000084475/peak/mzXML%20files/RCM%20plates/Plate%203B/HM_496_GC8_01_46796.mzXML,MSV000084475,True,unvalidated_pairs
c89fb2c9-125b-49b2-a604-3e5bdfd800a6.2,Propionibacterium acnes HL013PA1,genome,ftp://massive.ucsd.edu/MSV000084475/peak/mzXML%20files/RCM%20plates/Plate%203B/HM_497_GC9_01_46797.mzXML,MSV000084475,True,unvalidated_pairs
c89fb2c9-125b-49b2-a604-3e5bdfd800a6.2,Propionibacterium acnes HL013PA2,genome,ftp://massive.ucsd.edu/MSV000084475/peak/mzXML%20files/RCM%20plates/Plate%203B/HM_498_GC10_01_46798.mzXML,MSV000084475,True,unvalidated_pairs
c89fb2c9-125b-49b2-a604-3e5bdfd800a6.2,Propionibacterium acnes HL020PA1,genome,ftp://massive.ucsd.edu/MSV000084475/peak/mzXML%20files/RCM%20plates/Plate%203B/HM_499_GC11_01_46799.mzXML,MSV000084475,True,unvalidated_pairs
c89fb2c9-125b-49b2-a604-3e5bdfd800a6.2,Prevotella sp. F0108,genome,ftp://massive.ucsd.edu/MSV000084475/peak/mzXML%20files/RCM%20plates/Plate%203B/HM_5_GB7_01_46778.mzXML,MSV000084475,True,unvalidated_pairs
c89fb2c9-125b-49b2-a604-3e5bdfd800a6.2,Propionibacterium acnes HL025PA1,genome,ftp://massive.ucsd.edu/MSV000084475/peak/mzXML%20files/RCM%20plates/Plate%203B/HM_500_GC12_01_46800.mzXML,MSV000084475,True,unvalidated_pairs
c89fb2c9-125b-49b2-a604-3e5bdfd800a6.2,Propionibacterium acnes HL025PA2,genome,ftp://massive.ucsd.edu/MSV000084475/peak/mzXML%20files/RCM%20plates/Plate%203B/HM_501_GD1_01_46803.mzXML,MSV000084475,True,unvalidated_pairs
c89fb2c9-125b-49b2-a604-3e5bdfd800a6.2,Propionibacterium acnes HL027PA1,genome,ftp://massive.ucsd.edu/MSV000084475/peak/mzXML%20files/RCM%20plates/Plate%203B/HM_502_GD2_01_46804.mzXML,MSV000084475,True,unvalidated_pairs
c89fb2c9-125b-49b2-a604-3e5bdfd800a6.2,Propionibacterium acnes HL027PA2,genome,ftp://massive.ucsd.edu/MSV000084475/peak/mzXML%20files/RCM%20plates/Plate%203B/HM_503_GD3_01_46805.mzXML,MSV000084475,True,unvalidated_pairs
c89fb2c9-125b-49b2-a604-3e5bdfd800a6.2,Propionibacterium acnes HL030PA1,genome,ftp://massive.ucsd.edu/MSV000084475/peak/mzXML%20files/RCM%20plates/Plate%203B/HM_504_GD4_01_46806.mzXML,MSV000084475,True,unvalidated_pairs
c89fb2c9-125b-49b2-a604-3e5bdfd800a6.2,Propionibacterium acnes HL030PA2,genome,ftp://massive.ucsd.edu/MSV000084475/peak/mzXML%20files/RCM%20plates/Plate%203B/HM_505_GD5_01_46807.mzXML,MSV000084475,True,unvalidated_pairs
c89fb2c9-125b-49b2-a604-3e5bdfd800a6.2,Propionibacterium acnes HL036PA1,genome,ftp://massive.ucsd.edu/MSV000084475/peak/mzXML%20files/RCM%20plates/Plate%203B/HM_506_GD6_01_46808.mzXML,MSV000084475,True,unvalidated_pairs
c89fb2c9-125b-49b2-a604-3e5bdfd800a6.2,Propionibacterium acnes HL036PA2,genome,ftp://massive.ucsd.edu/MSV000084475/peak/mzXML%20files/RCM%20plates/Plate%203B/HM_507_GD7_01_46811.mzXML,MSV000084475,True,unvalidated_pairs
c89fb2c9-125b-49b2-a604-3e5bdfd800a6.2,Propionibacterium acnes HL036PA3,genome,ftp://massive.ucsd.edu/MSV000084475/peak/mzXML%20files/RCM%20plates/Plate%203B/HM_508_GD8_01_46812.mzXML,MSV000084475,True,unvalidated_pairs
c89fb2c9-125b-49b2-a604-3e5bdfd800a6.2,Propionibacterium acnes HL037PA1,genome,ftp://massive.ucsd.edu/MSV000084475/peak/mzXML%20files/RCM%20plates/Plate%203B/HM_509_GD9_01_46813.mzXML,MSV000084475,True,unvalidated_pairs
c89fb2c9-125b-49b2-a604-3e5bdfd800a6.2,Propionibacterium acnes HL037PA2,genome,ftp://massive.ucsd.edu/MSV000084475/peak/mzXML%20files/RCM%20plates/Plate%203B/HM_510_GD10_01_46814.mzXML,MSV000084475,True,unvalidated_pairs
c89fb2c9-125b-49b2-a604-3e5bdfd800a6.2,Propionibacterium acnes HL038PA1,genome,ftp://massive.ucsd.edu/MSV000084475/peak/mzXML%20files/RCM%20plates/Plate%203B/HM_512_GD11_01_46815.mzXML,MSV000084475,True,unvalidated_pairs
c89fb2c9-125b-49b2-a604-3e5bdfd800a6.2,Propionibacterium acnes HL043PA1,genome,ftp://massive.ucsd.edu/MSV000084475/peak/mzXML%20files/RCM%20plates/Plate%203B/HM_513_GD12_01_46816.mzXML,MSV000084475,True,unvalidated_pairs
c89fb2c9-125b-49b2-a604-3e5bdfd800a6.2,Propionibacterium acnes HL043PA2,genome,ftp://massive.ucsd.edu/MSV000084475/peak/mzXML%20files/RCM%20plates/Plate%203B/HM_514_GE1_01_46821.mzXML,MSV000084475,True,unvalidated_pairs
c89fb2c9-125b-49b2-a604-3e5bdfd800a6.2,Propionibacterium acnes HL044PA1,genome,ftp://massive.ucsd.edu/MSV000084475/peak/mzXML%20files/RCM%20plates/Plate%203B/HM_515_GE2_01_46822.mzXML,MSV000084475,True,unvalidated_pairs
c89fb2c9-125b-49b2-a604-3e5bdfd800a6.2,Propionibacterium acnes HL045PA1,genome,ftp://massive.ucsd.edu/MSV000084475/peak/mzXML%20files/RCM%20plates/Plate%203B/HM_516_GE3_01_46823.mzXML,MSV000084475,True,unvalidated_pairs
c89fb2c9-125b-49b2-a604-3e5bdfd800a6.2,Propionibacterium acnes HL046PA2,genome,ftp://massive.ucsd.edu/MSV000084475/peak/mzXML%20files/RCM%20plates/Plate%203B/HM_518_GE4_01_46824.mzXML,MSV000084475,True,unvalidated_pairs
c89fb2c9-125b-49b2-a604-3e5bdfd800a6.2,Propionibacterium acnes HL050PA1,genome,ftp://massive.ucsd.edu/MSV000084475/peak/mzXML%20files/RCM%20plates/Plate%203B/HM_519_GE5_01_46825.mzXML,MSV000084475,True,unvalidated_pairs
c89fb2c9-125b-49b2-a604-3e5bdfd800a6.2,Propionibacterium acnes HL050PA2,genome,ftp://massive.ucsd.edu/MSV000084475/peak/mzXML%20files/RCM%20plates/Plate%203B/HM_520_GE6_01_46826.mzXML,MSV000084475,True,unvalidated_pairs
c89fb2c9-125b-49b2-a604-3e5bdfd800a6.2,Propionibacterium acnes HL050PA3,genome,ftp://massive.ucsd.edu/MSV000084475/peak/mzXML%20files/RCM%20plates/Plate%203B/HM_521_GE7_01_46829.mzXML,MSV000084475,True,unvalidated_pairs
c89fb2c9-125b-49b2-a604-3e5bdfd800a6.2,Propionibacterium acnes HL053PA1,genome,ftp://massive.ucsd.edu/MSV000084475/peak/mzXML%20files/RCM%20plates/Plate%203B/HM_522_GE8_01_46830.mzXML,MSV000084475,True,unvalidated_pairs
c89fb2c9-125b-49b2-a604-3e5bdfd800a6.2,Propionibacterium acnes HL053PA2,genome,ftp://massive.ucsd.edu/MSV000084475/peak/mzXML%20files/RCM%20plates/Plate%203B/HM_523_GE9_01_46831.mzXML,MSV000084475,True,unvalidated_pairs
c89fb2c9-125b-49b2-a604-3e5bdfd800a6.2,Propionibacterium acnes HL056PA1,genome,ftp://massive.ucsd.edu/MSV000084475/peak/mzXML%20files/RCM%20plates/Plate%203B/HM_524_GE10_01_46832.mzXML,MSV000084475,True,unvalidated_pairs
c89fb2c9-125b-49b2-a604-3e5bdfd800a6.2,Propionibacterium acnes HL059PA1,genome,ftp://massive.ucsd.edu/MSV000084475/peak/mzXML%20files/RCM%20plates/Plate%203B/HM_525_GE11_01_46833.mzXML,MSV000084475,True,unvalidated_pairs
c89fb2c9-125b-49b2-a604-3e5bdfd800a6.2,Propionibacterium acnes HL059PA2,genome,ftp://massive.ucsd.edu/MSV000084475/peak/mzXML%20files/RCM%20plates/Plate%203B/HM_526_GE12_01_46834.mzXML,MSV000084475,True,unvalidated_pairs
c89fb2c9-125b-49b2-a604-3e5bdfd800a6.2,Propionibacterium acnes HL060PA1,genome,ftp://massive.ucsd.edu/MSV000084475/peak/mzXML%20files/RCM%20plates/Plate%203B/HM_527_GF1_01_46837.mzXML,MSV000084475,True,unvalidated_pairs
c89fb2c9-125b-49b2-a604-3e5bdfd800a6.2,Propionibacterium acnes HL063PA1,genome,ftp://massive.ucsd.edu/MSV000084475/peak/mzXML%20files/RCM%20plates/Plate%203B/HM_528_GF2_01_46838.mzXML,MSV000084475,True,unvalidated_pairs
c89fb2c9-125b-49b2-a604-3e5bdfd800a6.2,Propionibacterium acnes HL063PA2,genome,ftp://massive.ucsd.edu/MSV000084475/peak/mzXML%20files/RCM%20plates/Plate%203B/HM_529_GF3_01_46839.mzXML,MSV000084475,True,unvalidated_pairs
c89fb2c9-125b-49b2-a604-3e5bdfd800a6.2,Propionibacterium acnes HL067PA1,genome,ftp://massive.ucsd.edu/MSV000084475/peak/mzXML%20files/RCM%20plates/Plate%203B/HM_530_GF4_01_46840.mzXML,MSV000084475,True,unvalidated_pairs
c89fb2c9-125b-49b2-a604-3e5bdfd800a6.2,Propionibacterium acnes HL072PA1,genome,ftp://massive.ucsd.edu/MSV000084475/peak/mzXML%20files/RCM%20plates/Plate%203B/HM_531_GF5_01_46841.mzXML,MSV000084475,True,unvalidated_pairs
c89fb2c9-125b-49b2-a604-3e5bdfd800a6.2,Propionibacterium acnes HL078PA1,genome,ftp://massive.ucsd.edu/MSV000084475/peak/mzXML%20files/RCM%20plates/Plate%203B/HM_534_GF6_01_46842.mzXML,MSV000084475,True,unvalidated_pairs
c89fb2c9-125b-49b2-a604-3e5bdfd800a6.2,Propionibacterium acnes HL082PA2,genome,ftp://massive.ucsd.edu/MSV000084475/peak/mzXML%20files/RCM%20plates/Plate%203B/HM_536_GF7_01_46845.mzXML,MSV000084475,True,unvalidated_pairs
c89fb2c9-125b-49b2-a604-3e5bdfd800a6.2,Propionibacterium acnes HL086PA1,genome,ftp://massive.ucsd.edu/MSV000084475/peak/mzXML%20files/RCM%20plates/Plate%203B/HM_539_GF8_01_46846.mzXML,MSV000084475,True,unvalidated_pairs
c89fb2c9-125b-49b2-a604-3e5bdfd800a6.2,Propionibacterium acnes HL110PA1,genome,ftp://massive.ucsd.edu/MSV000084475/peak/mzXML%20files/RCM%20plates/Plate%203B/HM_552_GF9_01_46847.mzXML,MSV000084475,True,unvalidated_pairs
c89fb2c9-125b-49b2-a604-3e5bdfd800a6.2,Propionibacterium acnes HL110PA3,genome,ftp://massive.ucsd.edu/MSV000084475/peak/mzXML%20files/RCM%20plates/Plate%203B/HM_554_GF10_01_46848.mzXML,MSV000084475,True,unvalidated_pairs
c89fb2c9-125b-49b2-a604-3e5bdfd800a6.2,Propionibacterium acnes HL110PA4,genome,ftp://massive.ucsd.edu/MSV000084475/peak/mzXML%20files/RCM%20plates/Plate%203B/HM_555_GF11_01_46849.mzXML,MSV000084475,True,unvalidated_pairs
c89fb2c9-125b-49b2-a604-3e5bdfd800a6.2,Veillonella sp. 3_1_44,genome,ftp://massive.ucsd.edu/MSV000084475/peak/mzXML%20files/RCM%20plates/Plate%203B/HM_64_GG7_01_46859.mzXML,MSV000084475,True,unvalidated_pairs
c89fb2c9-125b-49b2-a604-3e5bdfd800a6.2,Peptostreptococcaceae sp. AS15,genome,ftp://massive.ucsd.edu/MSV000084475/peak/mzXML%20files/RCM%20plates/Plate%203B/HM_766_GA2_01_46755.mzXML,MSV000084475,True,unvalidated_pairs
c89fb2c9-125b-49b2-a604-3e5bdfd800a6.2,Propionibacterium acidifaciens F0233,genome,ftp://massive.ucsd.edu/MSV000084475/peak/mzXML%20files/RCM%20plates/Plate%203B/HM_8_GB11_01_46782.mzXML,MSV000084475,True,unvalidated_pairs
c89fb2c9-125b-49b2-a604-3e5bdfd800a6.2,Prevotella melaninogenica D18,genome,ftp://massive.ucsd.edu/MSV000084475/peak/mzXML%20files/RCM%20plates/Plate%203B/HM_80_GB2_01_46771.mzXML,MSV000084475,True,unvalidated_pairs
c89fb2c9-125b-49b2-a604-3e5bdfd800a6.2,Prevotella oralis HGA0225,genome,ftp://massive.ucsd.edu/MSV000084475/peak/mzXML%20files/RCM%20plates/Plate%203B/HM_849_GB5_01_46774.mzXML,MSV000084475,True,unvalidated_pairs
c89fb2c9-125b-49b2-a604-3e5bdfd800a6.2,Sutterella wadsworthensis HGA0223,genome,ftp://massive.ucsd.edu/MSV000084475/peak/mzXML%20files/RCM%20plates/Plate%203B/HM_852_GG5_01_46857.mzXML,MSV000084475,True,unvalidated_pairs
c89fb2c9-125b-49b2-a604-3e5bdfd800a6.2,Prevotella veroralis F0319,genome,ftp://massive.ucsd.edu/MSV000084475/peak/mzXML%20files/RCM%20plates/Plate%203B/HM_92_GB10_01_46781.mzXML,MSV000084475,True,unvalidated_pairs
c89fb2c9-125b-49b2-a604-3e5bdfd800a6.2,Prevotella oris F0302,genome,ftp://massive.ucsd.edu/MSV000084475/peak/mzXML%20files/RCM%20plates/Plate%203B/HM_93_GB6_01_46775.mzXML,MSV000084475,True,unvalidated_pairs
cc996566-f00b-4175-95d2-e684371c5f59.4,Moorea producens PAL,metagenome-assembled genome,ftp://massive.ucsd.edu/MSV000085038/raw/PAL_15AUG08-1.mzXML,MSV000085038,True,unvalidated_pairs
cc996566-f00b-4175-95d2-e684371c5f59.4,Moorea producens JHB,metagenome-assembled genome,ftp://massive.ucsd.edu/MSV000085038/raw/JHB_22AUG96-1.mzXML,MSV000085038,True,validated_pairs
cc996566-f00b-4175-95d2-e684371c5f59.4,Moorea producens 3L,metagenome-assembled genome,ftp://massive.ucsd.edu/MSV000085038/raw/3L.mzXML,MSV000085038,True,validated_pairs
cc996566-f00b-4175-95d2-e684371c5f59.4,Moorea bouillonii PNG,metagenome-assembled genome,ftp://massive.ucsd.edu/MSV000085038/raw/PNG_19MAY05-8.mzXML,MSV000085038,True,unvalidated_pairs
d0f1add5-5b16-4f78-9b93-0d1d9c9bcb59.1,GUM007,metagenome-assembled genome,ftp://massive.ucsd.edu/MSV000086050/updates/2020-09-01_mschorn_d7c0b04e/peak/GUM007_RNAL.mzXML,MSV000086050,True,unvalidated_pairs
d5b4a1b9-5bae-4616-9aa9-ead696276903.2,Bacteroides stercoris CC31F,genome,ftp://massive.ucsd.edu/MSV000084475/peak/mzXML%20files/FCM%20Plates/FCM%20Plate%201A/HM_1036_BD4_01_45766.mzXML,MSV000084475,True,unvalidated_pairs
d5b4a1b9-5bae-4616-9aa9-ead696276903.2,Bifidobacterium breve JCP7499,genome,ftp://massive.ucsd.edu/MSV000084475/peak/mzXML%20files/FCM%20Plates/FCM%20Plate%201A/HM_1120_BD11_01_45775.mzXML,MSV000084475,True,unvalidated_pairs
d5b4a1b9-5bae-4616-9aa9-ead696276903.2,Clostridiales sp. F0540,genome,ftp://massive.ucsd.edu/MSV000084475/peak/mzXML%20files/FCM%20Plates/FCM%20Plate%201A/HM_1139_BE8_01_45788.mzXML,MSV000084475,True,unvalidated_pairs
d5b4a1b9-5bae-4616-9aa9-ead696276903.2,Oribacterium sinus F0268,genome,ftp://massive.ucsd.edu/MSV000084475/peak/mzXML%20files/FCM%20Plates/FCM%20Plate%201A/HM_13_BA5_01_45717.mzXML,MSV000084475,True,unvalidated_pairs
d5b4a1b9-5bae-4616-9aa9-ead696276903.2,Gardnerella vaginalis UPII 315-A,genome,ftp://massive.ucsd.edu/MSV000084475/peak/mzXML%20files/FCM%20Plates/FCM%20Plate%201A/HM_133_BA4_01_45716.mzXML,MSV000084475,True,unvalidated_pairs
d5b4a1b9-5bae-4616-9aa9-ead696276903.2,Bacteroides sp. 2_1_22,genome,ftp://massive.ucsd.edu/MSV000084475/peak/mzXML%20files/FCM%20Plates/FCM%20Plate%201A/HM_18_BC11_01_45757.mzXML,MSV000084475,True,unvalidated_pairs
d5b4a1b9-5bae-4616-9aa9-ead696276903.2,Bacteroides sp. D20,genome,ftp://massive.ucsd.edu/MSV000084475/peak/mzXML%20files/FCM%20Plates/FCM%20Plate%201A/HM_189_BD3_01_45765.mzXML,MSV000084475,True,unvalidated_pairs
d5b4a1b9-5bae-4616-9aa9-ead696276903.2,Bacteroides fragilis 3_1_12,genome,ftp://massive.ucsd.edu/MSV000084475/peak/mzXML%20files/FCM%20Plates/FCM%20Plate%201A/HM_20_BC1_01_45745.mzXML,MSV000084475,True,unvalidated_pairs
d5b4a1b9-5bae-4616-9aa9-ead696276903.2,Bacteroides eggerthii 1_2_48FAA,genome,ftp://massive.ucsd.edu/MSV000084475/peak/mzXML%20files/FCM%20Plates/FCM%20Plate%201A/HM_210_BB9_01_45739.mzXML,MSV000084475,True,unvalidated_pairs
d5b4a1b9-5bae-4616-9aa9-ead696276903.2,Bacteroides ovatus 3_8_47FAA,genome,ftp://massive.ucsd.edu/MSV000084475/peak/mzXML%20files/FCM%20Plates/FCM%20Plate%201A/HM_222_BC6_01_45750.mzXML,MSV000084475,True,unvalidated_pairs
d5b4a1b9-5bae-4616-9aa9-ead696276903.2,Bacteroides sp. 1_1_6,genome,ftp://massive.ucsd.edu/MSV000084475/peak/mzXML%20files/FCM%20Plates/FCM%20Plate%201A/HM_23_BC9_01_45755.mzXML,MSV000084475,True,unvalidated_pairs
d5b4a1b9-5bae-4616-9aa9-ead696276903.2,Actinomyces viscosus C505,genome,ftp://massive.ucsd.edu/MSV000084475/peak/mzXML%20files/FCM%20Plates/FCM%20Plate%201A/HM_238_BB2_01_45730.mzXML,MSV000084475,True,unvalidated_pairs
d5b4a1b9-5bae-4616-9aa9-ead696276903.2,Bacteroides sp. 4_1_36,genome,ftp://massive.ucsd.edu/MSV000084475/peak/mzXML%20files/FCM%20Plates/FCM%20Plate%201A/HM_258_BC12_01_45758.mzXML,MSV000084475,True,unvalidated_pairs
d5b4a1b9-5bae-4616-9aa9-ead696276903.2,Bacteroides sp. 9_1_42FAA,genome,ftp://massive.ucsd.edu/MSV000084475/peak/mzXML%20files/FCM%20Plates/FCM%20Plate%201A/HM_27_BD1_01_45763.mzXML,MSV000084475,True,unvalidated_pairs
d5b4a1b9-5bae-4616-9aa9-ead696276903.2,Bacteroides sp. D2,genome,ftp://massive.ucsd.edu/MSV000084475/peak/mzXML%20files/FCM%20Plates/FCM%20Plate%201A/HM_28_BD2_01_45764.mzXML,MSV000084475,True,unvalidated_pairs
d5b4a1b9-5bae-4616-9aa9-ead696276903.2,Bacteroides dorei 5_1_36/D4,genome,ftp://massive.ucsd.edu/MSV000084475/peak/mzXML%20files/FCM%20Plates/FCM%20Plate%201A/HM_29_BB5_01_45733.mzXML,MSV000084475,True,unvalidated_pairs
d5b4a1b9-5bae-4616-9aa9-ead696276903.2,Bifidobacterium sp. 12_1_47BFAA,genome,ftp://massive.ucsd.edu/MSV000084475/peak/mzXML%20files/FCM%20Plates/FCM%20Plate%201A/HM_30_BE4_01_45782.mzXML,MSV000084475,True,unvalidated_pairs
d5b4a1b9-5bae-4616-9aa9-ead696276903.2,Clostridium orbiscindens 1_3_50AFAA,genome,ftp://massive.ucsd.edu/MSV000084475/peak/mzXML%20files/FCM%20Plates/FCM%20Plate%201A/HM_303_BA1_01_45713.mzXML,MSV000084475,True,unvalidated_pairs
d5b4a1b9-5bae-4616-9aa9-ead696276903.2,Clostridium symbiosum WAL-14673,genome,ftp://massive.ucsd.edu/MSV000084475/peak/mzXML%20files/FCM%20Plates/FCM%20Plate%201A/HM_319_BA2_01_45714.mzXML,MSV000084475,True,unvalidated_pairs
d5b4a1b9-5bae-4616-9aa9-ead696276903.2,Treponema denticola ASLM,genome,ftp://massive.ucsd.edu/MSV000084475/peak/mzXML%20files/FCM%20Plates/FCM%20Plate%201A/HM_574_BA12_01_45726.mzXML,MSV000084475,True,unvalidated_pairs
d5b4a1b9-5bae-4616-9aa9-ead696276903.2,Treponema denticola AL-2,genome,ftp://massive.ucsd.edu/MSV000084475/peak/mzXML%20files/FCM%20Plates/FCM%20Plate%201A/HM_575_BA11_01_45725.mzXML,MSV000084475,True,unvalidated_pairs
d5b4a1b9-5bae-4616-9aa9-ead696276903.2,Bacteroides sp. 2_1_16,genome,ftp://massive.ucsd.edu/MSV000084475/peak/mzXML%20files/FCM%20Plates/FCM%20Plate%201A/HM_58_BC10_01_45756.mzXML,MSV000084475,True,unvalidated_pairs
d5b4a1b9-5bae-4616-9aa9-ead696276903.2,Bifidobacterium adolescentis L2-32,genome,ftp://massive.ucsd.edu/MSV000084475/peak/mzXML%20files/FCM%20Plates/FCM%20Plate%201A/HM_633_BD6_01_45768.mzXML,MSV000084475,True,unvalidated_pairs
d5b4a1b9-5bae-4616-9aa9-ead696276903.2,Bacteroides fragilis CL07T00C01,genome,ftp://massive.ucsd.edu/MSV000084475/peak/mzXML%20files/FCM%20Plates/FCM%20Plate%201A/HM_709_BC4_01_45748.mzXML,MSV000084475,True,unvalidated_pairs
d5b4a1b9-5bae-4616-9aa9-ead696276903.2,Bacteroides fragilis CL07T12C05,genome,ftp://massive.ucsd.edu/MSV000084475/peak/mzXML%20files/FCM%20Plates/FCM%20Plate%201A/HM_710_BC5_01_45749.mzXML,MSV000084475,True,unvalidated_pairs
d5b4a1b9-5bae-4616-9aa9-ead696276903.2,Bacteroides fragilis CL03T12C07,genome,ftp://massive.ucsd.edu/MSV000084475/peak/mzXML%20files/FCM%20Plates/FCM%20Plate%201A/HM_714_BC3_01_45747.mzXML,MSV000084475,True,unvalidated_pairs
d5b4a1b9-5bae-4616-9aa9-ead696276903.2,Bacteroides dorei CL02T00C15,genome,ftp://massive.ucsd.edu/MSV000084475/peak/mzXML%20files/FCM%20Plates/FCM%20Plate%201A/HM_717_BB6_01_45734.mzXML,MSV000084475,True,unvalidated_pairs
d5b4a1b9-5bae-4616-9aa9-ead696276903.2,Bacteroides dorei CL02T12C06,genome,ftp://massive.ucsd.edu/MSV000084475/peak/mzXML%20files/FCM%20Plates/FCM%20Plate%201A/HM_719_BB7_01_45737.mzXML,MSV000084475,True,unvalidated_pairs
d5b4a1b9-5bae-4616-9aa9-ead696276903.2,Bacteroides vulgatus CL09T03C04,genome,ftp://massive.ucsd.edu/MSV000084475/peak/mzXML%20files/FCM%20Plates/FCM%20Plate%201A/HM_720_BD5_01_45767.mzXML,MSV000084475,True,unvalidated_pairs
d5b4a1b9-5bae-4616-9aa9-ead696276903.2,Bacteroides salyersiae CL02T12C01,genome,ftp://massive.ucsd.edu/MSV000084475/peak/mzXML%20files/FCM%20Plates/FCM%20Plate%201A/HM_725_BC7_01_45753.mzXML,MSV000084475,True,unvalidated_pairs
d5b4a1b9-5bae-4616-9aa9-ead696276903.2,Bacteroides cellulosilyticus CL02T12C19,genome,ftp://massive.ucsd.edu/MSV000084475/peak/mzXML%20files/FCM%20Plates/FCM%20Plate%201A/HM_726_BB4_01_45732.mzXML,MSV000084475,True,unvalidated_pairs
d5b4a1b9-5bae-4616-9aa9-ead696276903.2,Bacteroides finegoldii CL09T03C10,genome,ftp://massive.ucsd.edu/MSV000084475/peak/mzXML%20files/FCM%20Plates/FCM%20Plate%201A/HM_727_BB12_01_45742.mzXML,MSV000084475,True,unvalidated_pairs
d5b4a1b9-5bae-4616-9aa9-ead696276903.2,Bacteroides caccae CL03T12C61,genome,ftp://massive.ucsd.edu/MSV000084475/peak/mzXML%20files/FCM%20Plates/FCM%20Plate%201A/HM_728_BB3_01_45731.mzXML,MSV000084475,True,unvalidated_pairs
d5b4a1b9-5bae-4616-9aa9-ead696276903.2,Parabacteroides merdae CL09T00C40,genome,ftp://massive.ucsd.edu/MSV000084475/peak/mzXML%20files/FCM%20Plates/FCM%20Plate%201A/HM_729_BA9_01_45723.mzXML,MSV000084475,True,unvalidated_pairs
d5b4a1b9-5bae-4616-9aa9-ead696276903.2,Parabacteroides merdae CL03T12C32,genome,ftp://massive.ucsd.edu/MSV000084475/peak/mzXML%20files/FCM%20Plates/FCM%20Plate%201A/HM_730_BA8_01_45722.mzXML,MSV000084475,True,unvalidated_pairs
d5b4a1b9-5bae-4616-9aa9-ead696276903.2,Parabacteroides johnsonii CL02T12C29,genome,ftp://massive.ucsd.edu/MSV000084475/peak/mzXML%20files/FCM%20Plates/FCM%20Plate%201A/HM_731_BA7_01_45721.mzXML,MSV000084475,True,unvalidated_pairs
d5b4a1b9-5bae-4616-9aa9-ead696276903.2,Clostridiales sp. OBRC5-5,genome,ftp://massive.ucsd.edu/MSV000084475/peak/mzXML%20files/FCM%20Plates/FCM%20Plate%201A/HM_780_BE9_01_45789.mzXML,MSV000084475,True,unvalidated_pairs
d5b4a1b9-5bae-4616-9aa9-ead696276903.2,Acidaminococcus sp. D21,genome,ftp://massive.ucsd.edu/MSV000084475/peak/mzXML%20files/FCM%20Plates/FCM%20Plate%201A/HM_81_BB1_01_45729.mzXML,MSV000084475,True,unvalidated_pairs
d5b4a1b9-5bae-4616-9aa9-ead696276903.2,Bifidobacterium longum subsp. longum 44B,genome,ftp://massive.ucsd.edu/MSV000084475/peak/mzXML%20files/FCM%20Plates/FCM%20Plate%201A/HM_845_BE3_01_45781.mzXML,MSV000084475,True,unvalidated_pairs
d5b4a1b9-5bae-4616-9aa9-ead696276903.2,Bifidobacterium longum subsp. longum 35B,genome,ftp://massive.ucsd.edu/MSV000084475/peak/mzXML%20files/FCM%20Plates/FCM%20Plate%201A/HM_847_BE2_01_45780.mzXML,MSV000084475,True,unvalidated_pairs
d5b4a1b9-5bae-4616-9aa9-ead696276903.2,Bifidobacterium longum subsp. longum 2-2B,genome,ftp://massive.ucsd.edu/MSV000084475/peak/mzXML%20files/FCM%20Plates/FCM%20Plate%201A/HM_848_BE1_01_45779.mzXML,MSV000084475,True,unvalidated_pairs
d5b4a1b9-5bae-4616-9aa9-ead696276903.2,Bifidobacterium breve HPH0326,genome,ftp://massive.ucsd.edu/MSV000084475/peak/mzXML%20files/FCM%20Plates/FCM%20Plate%201A/HM_856_BD10_01_45774.mzXML,MSV000084475,True,unvalidated_pairs
d5b4a1b9-5bae-4616-9aa9-ead696276903.2,Bifidobacterium sp. MSTE12,genome,ftp://massive.ucsd.edu/MSV000084475/peak/mzXML%20files/FCM%20Plates/FCM%20Plate%201A/HM_868_BE5_01_45783.mzXML,MSV000084475,True,unvalidated_pairs
d5b4a1b9-5bae-4616-9aa9-ead696276903.2,Clostridium sp. KLE 1755,genome,ftp://massive.ucsd.edu/MSV000084475/peak/mzXML%20files/FCM%20Plates/FCM%20Plate%202A/HM_1033_redo_BA4_01_45980.mzXML,MSV000084475,True,unvalidated_pairs
d5b4a1b9-5bae-4616-9aa9-ead696276903.2,Gardnerella vaginalis JCP7275,genome,ftp://massive.ucsd.edu/MSV000084475/peak/mzXML%20files/FCM%20Plates/FCM%20Plate%202A/HM_1105_BC2_01_45933.mzXML,MSV000084475,True,unvalidated_pairs
d5b4a1b9-5bae-4616-9aa9-ead696276903.2,Gardnerella vaginalis JCP7276,genome,ftp://massive.ucsd.edu/MSV000084475/peak/mzXML%20files/FCM%20Plates/FCM%20Plate%202A/HM_1106_BC3_01_45934.mzXML,MSV000084475,True,unvalidated_pairs
d5b4a1b9-5bae-4616-9aa9-ead696276903.2,Gardnerella vaginalis JCP7659,genome,ftp://massive.ucsd.edu/MSV000084475/peak/mzXML%20files/FCM%20Plates/FCM%20Plate%202A/HM_1107_BC4_01_45935.mzXML,MSV000084475,True,unvalidated_pairs
d5b4a1b9-5bae-4616-9aa9-ead696276903.2,Gardnerella vaginalis JCP7672,genome,ftp://massive.ucsd.edu/MSV000084475/peak/mzXML%20files/FCM%20Plates/FCM%20Plate%202A/HM_1108_BC5_01_45936.mzXML,MSV000084475,True,unvalidated_pairs
d5b4a1b9-5bae-4616-9aa9-ead696276903.2,Gardnerella vaginalis JCP7719,genome,ftp://massive.ucsd.edu/MSV000084475/peak/mzXML%20files/FCM%20Plates/FCM%20Plate%202A/HM_1109_BC6_01_45937.mzXML,MSV000084475,True,unvalidated_pairs
d5b4a1b9-5bae-4616-9aa9-ead696276903.2,Gardnerella vaginalis JCP8017A,genome,ftp://massive.ucsd.edu/MSV000084475/peak/mzXML%20files/FCM%20Plates/FCM%20Plate%202A/HM_1110_BC7_01_45940.mzXML,MSV000084475,True,unvalidated_pairs
d5b4a1b9-5bae-4616-9aa9-ead696276903.2,Gardnerella vaginalis JCP8017B,genome,ftp://massive.ucsd.edu/MSV000084475/peak/mzXML%20files/FCM%20Plates/FCM%20Plate%202A/HM_1111_BC8_01_45941.mzXML,MSV000084475,True,unvalidated_pairs
d5b4a1b9-5bae-4616-9aa9-ead696276903.2,Gardnerella vaginalis JCP8066,genome,ftp://massive.ucsd.edu/MSV000084475/peak/mzXML%20files/FCM%20Plates/FCM%20Plate%202A/HM_1112_BC9_01_45942.mzXML,MSV000084475,True,unvalidated_pairs
d5b4a1b9-5bae-4616-9aa9-ead696276903.2,Gardnerella vaginalis JCP8108,genome,ftp://massive.ucsd.edu/MSV000084475/peak/mzXML%20files/FCM%20Plates/FCM%20Plate%202A/HM_1114_BC10_01_45943.mzXML,MSV000084475,True,unvalidated_pairs
d5b4a1b9-5bae-4616-9aa9-ead696276903.2,Gardnerella vaginalis JCP8151A,genome,ftp://massive.ucsd.edu/MSV000084475/peak/mzXML%20files/FCM%20Plates/FCM%20Plate%202A/HM_1115_BC11_01_45944.mzXML,MSV000084475,True,unvalidated_pairs
d5b4a1b9-5bae-4616-9aa9-ead696276903.2,Gardnerella vaginalis JCP8151B,genome,ftp://massive.ucsd.edu/MSV000084475/peak/mzXML%20files/FCM%20Plates/FCM%20Plate%202A/HM_1116_BC12_01_45945.mzXML,MSV000084475,True,unvalidated_pairs
d5b4a1b9-5bae-4616-9aa9-ead696276903.2,Gardnerella vaginalis JCP8481B,genome,ftp://massive.ucsd.edu/MSV000084475/peak/mzXML%20files/FCM%20Plates/FCM%20Plate%202A/HM_1118_BD1_01_45948.mzXML,MSV000084475,True,unvalidated_pairs
d5b4a1b9-5bae-4616-9aa9-ead696276903.2,Gardnerella vaginalis JCP8522,genome,ftp://massive.ucsd.edu/MSV000084475/peak/mzXML%20files/FCM%20Plates/FCM%20Plate%202A/HM_1119_BD2_01_45949.mzXML,MSV000084475,True,unvalidated_pairs
d5b4a1b9-5bae-4616-9aa9-ead696276903.2,Lachnospiraceae sp. 2_1_58FAA,genome,ftp://massive.ucsd.edu/MSV000084475/peak/mzXML%20files/FCM%20Plates/FCM%20Plate%202A/HM_154_BD3_01_45950.mzXML,MSV000084475,True,unvalidated_pairs
d5b4a1b9-5bae-4616-9aa9-ead696276903.2,Parabacteroides sp. 31_2,genome,ftp://massive.ucsd.edu/MSV000084475/peak/mzXML%20files/FCM%20Plates/FCM%20Plate%202A/HM_169_BE9_01_45974.mzXML,MSV000084475,True,unvalidated_pairs
d5b4a1b9-5bae-4616-9aa9-ead696276903.2,Coprobacillus sp. 8_2_54BFAA,genome,ftp://massive.ucsd.edu/MSV000084475/peak/mzXML%20files/FCM%20Plates/FCM%20Plate%202A/HM_176_BA7_01_45908.mzXML,MSV000084475,True,unvalidated_pairs
d5b4a1b9-5bae-4616-9aa9-ead696276903.2,Olsenella sp. F0356,genome,ftp://massive.ucsd.edu/MSV000084475/peak/mzXML%20files/FCM%20Plates/FCM%20Plate%202A/HM_198_BE8_01_45973.mzXML,MSV000084475,True,unvalidated_pairs
d5b4a1b9-5bae-4616-9aa9-ead696276903.2,Parvimonas sp. F0139,genome,ftp://massive.ucsd.edu/MSV000084475/peak/mzXML%20files/FCM%20Plates/FCM%20Plate%202A/HM_207_BE12_01_45977.mzXML,MSV000084475,True,unvalidated_pairs
d5b4a1b9-5bae-4616-9aa9-ead696276903.2,Fusobacterium nucleatum subsp. polymorphum F0401,genome,ftp://massive.ucsd.edu/MSV000084475/peak/mzXML%20files/FCM%20Plates/FCM%20Plate%202A/HM_260_BB10_01_45927.mzXML,MSV000084475,True,unvalidated_pairs
d5b4a1b9-5bae-4616-9aa9-ead696276903.2,Clostridium sp. HGF2,genome,ftp://massive.ucsd.edu/MSV000084475/peak/mzXML%20files/FCM%20Plates/FCM%20Plate%202A/HM_287_BA3_01_45902.mzXML,MSV000084475,True,unvalidated_pairs
d5b4a1b9-5bae-4616-9aa9-ead696276903.2,Collinsella sp. 4_8_47FAA,genome,ftp://massive.ucsd.edu/MSV000084475/peak/mzXML%20files/FCM%20Plates/FCM%20Plate%202A/HM_304_BA6_01_45905.mzXML,MSV000084475,True,unvalidated_pairs
d5b4a1b9-5bae-4616-9aa9-ead696276903.2,Clostridium sp. 7_2_43FAA,genome,ftp://massive.ucsd.edu/MSV000084475/peak/mzXML%20files/FCM%20Plates/FCM%20Plate%202A/HM_36_BA2_01_45901.mzXML,MSV000084475,True,unvalidated_pairs
d5b4a1b9-5bae-4616-9aa9-ead696276903.2,Enterococcus faecium TX0133a04,genome,ftp://massive.ucsd.edu/MSV000084475/peak/mzXML%20files/FCM%20Plates/FCM%20Plate%202A/HM_463_BB3_01_45918.mzXML,MSV000084475,True,unvalidated_pairs
d5b4a1b9-5bae-4616-9aa9-ead696276903.2,Peptoniphilus sp. F0131,genome,ftp://massive.ucsd.edu/MSV000084475/peak/mzXML%20files/FCM%20Plates/FCM%20Plate%202A/HM_6_BF3_01_45983.mzXML,MSV000084475,True,unvalidated_pairs
d5b4a1b9-5bae-4616-9aa9-ead696276903.2,Lachnospiraceae sp. F0167,genome,ftp://massive.ucsd.edu/MSV000084475/peak/mzXML%20files/FCM%20Plates/FCM%20Plate%202A/HM_7_BD5_01_45952.mzXML,MSV000084475,True,unvalidated_pairs
d5b4a1b9-5bae-4616-9aa9-ead696276903.2,Fusobacterium nucleatum subsp. animalis F0419,genome,ftp://massive.ucsd.edu/MSV000084475/peak/mzXML%20files/FCM%20Plates/FCM%20Plate%202A/HM_758_BB9_01_45926.mzXML,MSV000084475,True,unvalidated_pairs
d5b4a1b9-5bae-4616-9aa9-ead696276903.2,Clostridium sp. MSTE9,genome,ftp://massive.ucsd.edu/MSV000084475/peak/mzXML%20files/FCM%20Plates/FCM%20Plate%202A/HM_764_BA5_01_45904.mzXML,MSV000084475,True,unvalidated_pairs
d5b4a1b9-5bae-4616-9aa9-ead696276903.2,Lachnospiraceae sp. ICM7,genome,ftp://massive.ucsd.edu/MSV000084475/peak/mzXML%20files/FCM%20Plates/FCM%20Plate%202A/HM_768_BD6_01_45953.mzXML,MSV000084475,True,unvalidated_pairs
d5b4a1b9-5bae-4616-9aa9-ead696276903.2,Parabacteroides sp. D13,genome,ftp://massive.ucsd.edu/MSV000084475/peak/mzXML%20files/FCM%20Plates/FCM%20Plate%202A/HM_77_BE10_01_45975.mzXML,MSV000084475,True,unvalidated_pairs
d5b4a1b9-5bae-4616-9aa9-ead696276903.2,Peptoniphilus sp. BV3AC2,genome,ftp://massive.ucsd.edu/MSV000084475/peak/mzXML%20files/FCM%20Plates/FCM%20Plate%202A/HM_825_BF2_01_45982.mzXML,MSV000084475,True,unvalidated_pairs
d5b4a1b9-5bae-4616-9aa9-ead696276903.2,Fusobacterium sp. CM21,genome,ftp://massive.ucsd.edu/MSV000084475/peak/mzXML%20files/FCM%20Plates/FCM%20Plate%202A/HM_871_BB12_01_45929.mzXML,MSV000084475,True,unvalidated_pairs
d5b4a1b9-5bae-4616-9aa9-ead696276903.2,Fusobacterium sp. CM22,genome,ftp://massive.ucsd.edu/MSV000084475/peak/mzXML%20files/FCM%20Plates/FCM%20Plate%202A/HM_874_BC1_01_45932.mzXML,MSV000084475,True,unvalidated_pairs
d5b4a1b9-5bae-4616-9aa9-ead696276903.2,Enterococcus faecalis ERV103,genome,ftp://massive.ucsd.edu/MSV000084475/peak/mzXML%20files/FCM%20Plates/FCM%20Plate%202A/HM_934_BA8_01_45909.mzXML,MSV000084475,True,unvalidated_pairs
d5b4a1b9-5bae-4616-9aa9-ead696276903.2,Enterococcus faecium 503,genome,ftp://massive.ucsd.edu/MSV000084475/peak/mzXML%20files/FCM%20Plates/FCM%20Plate%202A/HM_952_BA9_01_45910.mzXML,MSV000084475,True,unvalidated_pairs
d5b4a1b9-5bae-4616-9aa9-ead696276903.2,Enterococcus faecium 513,genome,ftp://massive.ucsd.edu/MSV000084475/peak/mzXML%20files/FCM%20Plates/FCM%20Plate%202A/HM_959_BA10_01_45911.mzXML,MSV000084475,True,unvalidated_pairs
d5b4a1b9-5bae-4616-9aa9-ead696276903.2,Enterococcus faecium E417,genome,ftp://massive.ucsd.edu/MSV000084475/peak/mzXML%20files/FCM%20Plates/FCM%20Plate%202A/HM_965_BA11_01_45912.mzXML,MSV000084475,True,unvalidated_pairs
d5b4a1b9-5bae-4616-9aa9-ead696276903.2,Enterococcus faecium ERV102,genome,ftp://massive.ucsd.edu/MSV000084475/peak/mzXML%20files/FCM%20Plates/FCM%20Plate%202A/HM_968_BA12_01_45913.mzXML,MSV000084475,True,unvalidated_pairs
d5b4a1b9-5bae-4616-9aa9-ead696276903.2,Enterococcus faecium ERV165,genome,ftp://massive.ucsd.edu/MSV000084475/peak/mzXML%20files/FCM%20Plates/FCM%20Plate%202A/HM_970_BB1_01_45916.mzXML,MSV000084475,True,unvalidated_pairs
d5b4a1b9-5bae-4616-9aa9-ead696276903.2,Enterococcus faecium ERV99,genome,ftp://massive.ucsd.edu/MSV000084475/peak/mzXML%20files/FCM%20Plates/FCM%20Plate%202A/HM_975_BB2_01_45917.mzXML,MSV000084475,True,unvalidated_pairs
d5b4a1b9-5bae-4616-9aa9-ead696276903.2,Prevotella nigrescens CC14M,genome,ftp://massive.ucsd.edu/MSV000084475/peak/mzXML%20files/FCM%20Plates/FCM%20Plate%203A/HM_1053_BB3_01_46107.mzXML,MSV000084475,True,unvalidated_pairs
d5b4a1b9-5bae-4616-9aa9-ead696276903.2,Porphyromonas sp. W7784,genome,ftp://massive.ucsd.edu/MSV000084475/peak/mzXML%20files/FCM%20Plates/FCM%20Plate%203A/HM_1064_BA5_01_46093.mzXML,MSV000084475,True,unvalidated_pairs
d5b4a1b9-5bae-4616-9aa9-ead696276903.2,Prevotella bivia DNF00188,genome,ftp://massive.ucsd.edu/MSV000084475/peak/mzXML%20files/FCM%20Plates/FCM%20Plate%203A/HM_1088_BA7_01_46097.mzXML,MSV000084475,True,unvalidated_pairs
d5b4a1b9-5bae-4616-9aa9-ead696276903.2,Propionibacterium acnes SK137,genome,ftp://massive.ucsd.edu/MSV000084475/peak/mzXML%20files/FCM%20Plates/FCM%20Plate%203A/HM_122_BF12_01_46184.mzXML,MSV000084475,True,unvalidated_pairs
d5b4a1b9-5bae-4616-9aa9-ead696276903.2,Prevotella timonensis CRIS 5C-B1,genome,ftp://massive.ucsd.edu/MSV000084475/peak/mzXML%20files/FCM%20Plates/FCM%20Plate%203A/HM_136_BB9_01_46115.mzXML,MSV000084475,True,unvalidated_pairs
d5b4a1b9-5bae-4616-9aa9-ead696276903.2,Prevotella amnii CRIS 21A-A,genome,ftp://massive.ucsd.edu/MSV000084475/peak/mzXML%20files/FCM%20Plates/FCM%20Plate%203A/HM_138_BA6_01_46094.mzXML,MSV000084475,True,unvalidated_pairs
d5b4a1b9-5bae-4616-9aa9-ead696276903.2,Prevotella sp. F0295,genome,ftp://massive.ucsd.edu/MSV000084475/peak/mzXML%20files/FCM%20Plates/FCM%20Plate%203A/HM_16_BB8_01_46114.mzXML,MSV000084475,True,unvalidated_pairs
d5b4a1b9-5bae-4616-9aa9-ead696276903.2,Propionibacterium acnes SK182,genome,ftp://massive.ucsd.edu/MSV000084475/peak/mzXML%20files/FCM%20Plates/FCM%20Plate%203A/HM_253_BG1_01_46188.mzXML,MSV000084475,True,unvalidated_pairs
d5b4a1b9-5bae-4616-9aa9-ead696276903.2,Peptoniphilus sp. F0141,genome,ftp://massive.ucsd.edu/MSV000084475/peak/mzXML%20files/FCM%20Plates/FCM%20Plate%203A/HM_263_BA1_01_46089.mzXML,MSV000084475,True,unvalidated_pairs
d5b4a1b9-5bae-4616-9aa9-ead696276903.2,Selenomonas noxia F0398,genome,ftp://massive.ucsd.edu/MSV000084475/peak/mzXML%20files/FCM%20Plates/FCM%20Plate%203A/HM_270_BG4_01_46191.mzXML,MSV000084475,True,unvalidated_pairs
d5b4a1b9-5bae-4616-9aa9-ead696276903.2,Prevotella nigrescens F0103,genome,ftp://massive.ucsd.edu/MSV000084475/peak/mzXML%20files/FCM%20Plates/FCM%20Plate%203A/HM_271_BB4_01_46108.mzXML,MSV000084475,True,unvalidated_pairs
d5b4a1b9-5bae-4616-9aa9-ead696276903.2,Prevotella buccae D17,genome,ftp://massive.ucsd.edu/MSV000084475/peak/mzXML%20files/FCM%20Plates/FCM%20Plate%203A/HM_45_BA9_01_46099.mzXML,MSV000084475,True,unvalidated_pairs
d5b4a1b9-5bae-4616-9aa9-ead696276903.2,Prevotella histicola F0411,genome,ftp://massive.ucsd.edu/MSV000084475/peak/mzXML%20files/FCM%20Plates/FCM%20Plate%203A/HM_471_BB1_01_46105.mzXML,MSV000084475,True,unvalidated_pairs
d5b4a1b9-5bae-4616-9aa9-ead696276903.2,Propionibacterium acnes HL001PA1,genome,ftp://massive.ucsd.edu/MSV000084475/peak/mzXML%20files/FCM%20Plates/FCM%20Plate%203A/HM_488_BB12_01_46118.mzXML,MSV000084475,True,unvalidated_pairs
d5b4a1b9-5bae-4616-9aa9-ead696276903.2,Propionibacterium acnes HL002PA1,genome,ftp://massive.ucsd.edu/MSV000084475/peak/mzXML%20files/FCM%20Plates/FCM%20Plate%203A/HM_489_BC1_01_46121.mzXML,MSV000084475,True,unvalidated_pairs
d5b4a1b9-5bae-4616-9aa9-ead696276903.2,Propionibacterium acnes HL002PA2,genome,ftp://massive.ucsd.edu/MSV000084475/peak/mzXML%20files/FCM%20Plates/FCM%20Plate%203A/HM_490_BC2_01_46122.mzXML,MSV000084475,True,unvalidated_pairs
d5b4a1b9-5bae-4616-9aa9-ead696276903.2,Propionibacterium acnes HL002PA3,genome,ftp://massive.ucsd.edu/MSV000084475/peak/mzXML%20files/FCM%20Plates/FCM%20Plate%203A/HM_491_BC3_01_46123.mzXML,MSV000084475,True,unvalidated_pairs
d5b4a1b9-5bae-4616-9aa9-ead696276903.2,Propionibacterium acnes HL005PA1,genome,ftp://massive.ucsd.edu/MSV000084475/peak/mzXML%20files/FCM%20Plates/FCM%20Plate%203A/HM_492_BC4_01_46124.mzXML,MSV000084475,True,unvalidated_pairs
d5b4a1b9-5bae-4616-9aa9-ead696276903.2,Propionibacterium acnes HL005PA2,genome,ftp://massive.ucsd.edu/MSV000084475/peak/mzXML%20files/FCM%20Plates/FCM%20Plate%203A/HM_493_BC5_01_46125.mzXML,MSV000084475,True,unvalidated_pairs
d5b4a1b9-5bae-4616-9aa9-ead696276903.2,Propionibacterium acnes HL005PA3,genome,ftp://massive.ucsd.edu/MSV000084475/peak/mzXML%20files/FCM%20Plates/FCM%20Plate%203A/HM_494_BC6_01_46126.mzXML,MSV000084475,True,unvalidated_pairs
d5b4a1b9-5bae-4616-9aa9-ead696276903.2,Propionibacterium acnes HL005PA4,genome,ftp://massive.ucsd.edu/MSV000084475/peak/mzXML%20files/FCM%20Plates/FCM%20Plate%203A/HM_495_BC7_01_46129.mzXML,MSV000084475,True,unvalidated_pairs
d5b4a1b9-5bae-4616-9aa9-ead696276903.2,Propionibacterium acnes HL007PA1,genome,ftp://massive.ucsd.edu/MSV000084475/peak/mzXML%20files/FCM%20Plates/FCM%20Plate%203A/HM_496_BC8_01_46130.mzXML,MSV000084475,True,unvalidated_pairs
d5b4a1b9-5bae-4616-9aa9-ead696276903.2,Propionibacterium acnes HL013PA1,genome,ftp://massive.ucsd.edu/MSV000084475/peak/mzXML%20files/FCM%20Plates/FCM%20Plate%203A/HM_497_BC9_01_46131.mzXML,MSV000084475,True,unvalidated_pairs
d5b4a1b9-5bae-4616-9aa9-ead696276903.2,Propionibacterium acnes HL013PA2,genome,ftp://massive.ucsd.edu/MSV000084475/peak/mzXML%20files/FCM%20Plates/FCM%20Plate%203A/HM_498_BC10_01_46132.mzXML,MSV000084475,True,unvalidated_pairs
d5b4a1b9-5bae-4616-9aa9-ead696276903.2,Propionibacterium acnes HL020PA1,genome,ftp://massive.ucsd.edu/MSV000084475/peak/mzXML%20files/FCM%20Plates/FCM%20Plate%203A/HM_499_BC11_01_46133.mzXML,MSV000084475,True,unvalidated_pairs
d5b4a1b9-5bae-4616-9aa9-ead696276903.2,Prevotella sp. F0108,genome,ftp://massive.ucsd.edu/MSV000084475/peak/mzXML%20files/FCM%20Plates/FCM%20Plate%203A/HM_5_BB7_01_46113.mzXML,MSV000084475,True,unvalidated_pairs
d5b4a1b9-5bae-4616-9aa9-ead696276903.2,Propionibacterium acnes HL025PA1,genome,ftp://massive.ucsd.edu/MSV000084475/peak/mzXML%20files/FCM%20Plates/FCM%20Plate%203A/HM_500_BC12_01_46134.mzXML,MSV000084475,True,unvalidated_pairs
d5b4a1b9-5bae-4616-9aa9-ead696276903.2,Propionibacterium acnes HL025PA2,genome,ftp://massive.ucsd.edu/MSV000084475/peak/mzXML%20files/FCM%20Plates/FCM%20Plate%203A/HM_501_BD1_01_46137.mzXML,MSV000084475,True,unvalidated_pairs
d5b4a1b9-5bae-4616-9aa9-ead696276903.2,Propionibacterium acnes HL027PA1,genome,ftp://massive.ucsd.edu/MSV000084475/peak/mzXML%20files/FCM%20Plates/FCM%20Plate%203A/HM_502_BD2_01_46138.mzXML,MSV000084475,True,unvalidated_pairs
d5b4a1b9-5bae-4616-9aa9-ead696276903.2,Propionibacterium acnes HL027PA2,genome,ftp://massive.ucsd.edu/MSV000084475/peak/mzXML%20files/FCM%20Plates/FCM%20Plate%203A/HM_503_BD3_01_46139.mzXML,MSV000084475,True,unvalidated_pairs
d5b4a1b9-5bae-4616-9aa9-ead696276903.2,Propionibacterium acnes HL030PA1,genome,ftp://massive.ucsd.edu/MSV000084475/peak/mzXML%20files/FCM%20Plates/FCM%20Plate%203A/HM_504_BD4_01_46140.mzXML,MSV000084475,True,unvalidated_pairs
d5b4a1b9-5bae-4616-9aa9-ead696276903.2,Propionibacterium acnes HL030PA2,genome,ftp://massive.ucsd.edu/MSV000084475/peak/mzXML%20files/FCM%20Plates/FCM%20Plate%203A/HM_505_BD5_01_46141.mzXML,MSV000084475,True,unvalidated_pairs
d5b4a1b9-5bae-4616-9aa9-ead696276903.2,Propionibacterium acnes HL036PA1,genome,ftp://massive.ucsd.edu/MSV000084475/peak/mzXML%20files/FCM%20Plates/FCM%20Plate%203A/HM_506_BD6_01_46142.mzXML,MSV000084475,True,unvalidated_pairs
d5b4a1b9-5bae-4616-9aa9-ead696276903.2,Propionibacterium acnes HL036PA2,genome,ftp://massive.ucsd.edu/MSV000084475/peak/mzXML%20files/FCM%20Plates/FCM%20Plate%203A/HM_507_BD7_01_46145.mzXML,MSV000084475,True,unvalidated_pairs
d5b4a1b9-5bae-4616-9aa9-ead696276903.2,Propionibacterium acnes HL036PA3,genome,ftp://massive.ucsd.edu/MSV000084475/peak/mzXML%20files/FCM%20Plates/FCM%20Plate%203A/HM_508_BD8_01_46146.mzXML,MSV000084475,True,unvalidated_pairs
d5b4a1b9-5bae-4616-9aa9-ead696276903.2,Propionibacterium acnes HL037PA1,genome,ftp://massive.ucsd.edu/MSV000084475/peak/mzXML%20files/FCM%20Plates/FCM%20Plate%203A/HM_509_BD9_01_46147.mzXML,MSV000084475,True,unvalidated_pairs
d5b4a1b9-5bae-4616-9aa9-ead696276903.2,Propionibacterium acnes HL037PA2,genome,ftp://massive.ucsd.edu/MSV000084475/peak/mzXML%20files/FCM%20Plates/FCM%20Plate%203A/HM_510_BD10_01_46148.mzXML,MSV000084475,True,unvalidated_pairs
d5b4a1b9-5bae-4616-9aa9-ead696276903.2,Propionibacterium acnes HL038PA1,genome,ftp://massive.ucsd.edu/MSV000084475/peak/mzXML%20files/FCM%20Plates/FCM%20Plate%203A/HM_512_BD11_01_46149.mzXML,MSV000084475,True,unvalidated_pairs
d5b4a1b9-5bae-4616-9aa9-ead696276903.2,Propionibacterium acnes HL043PA1,genome,ftp://massive.ucsd.edu/MSV000084475/peak/mzXML%20files/FCM%20Plates/FCM%20Plate%203A/HM_513_BD12_01_46150.mzXML,MSV000084475,True,unvalidated_pairs
d5b4a1b9-5bae-4616-9aa9-ead696276903.2,Propionibacterium acnes HL043PA2,genome,ftp://massive.ucsd.edu/MSV000084475/peak/mzXML%20files/FCM%20Plates/FCM%20Plate%203A/HM_514_BE1_01_46155.mzXML,MSV000084475,True,unvalidated_pairs
d5b4a1b9-5bae-4616-9aa9-ead696276903.2,Propionibacterium acnes HL044PA1,genome,ftp://massive.ucsd.edu/MSV000084475/peak/mzXML%20files/FCM%20Plates/FCM%20Plate%203A/HM_515_BE2_01_46156.mzXML,MSV000084475,True,unvalidated_pairs
d5b4a1b9-5bae-4616-9aa9-ead696276903.2,Propionibacterium acnes HL045PA1,genome,ftp://massive.ucsd.edu/MSV000084475/peak/mzXML%20files/FCM%20Plates/FCM%20Plate%203A/HM_516_BE3_01_46157.mzXML,MSV000084475,True,unvalidated_pairs
d5b4a1b9-5bae-4616-9aa9-ead696276903.2,Propionibacterium acnes HL046PA2,genome,ftp://massive.ucsd.edu/MSV000084475/peak/mzXML%20files/FCM%20Plates/FCM%20Plate%203A/HM_518_BE4_01_46158.mzXML,MSV000084475,True,unvalidated_pairs
d5b4a1b9-5bae-4616-9aa9-ead696276903.2,Propionibacterium acnes HL050PA1,genome,ftp://massive.ucsd.edu/MSV000084475/peak/mzXML%20files/FCM%20Plates/FCM%20Plate%203A/HM_519_BE5_01_46159.mzXML,MSV000084475,True,unvalidated_pairs
d5b4a1b9-5bae-4616-9aa9-ead696276903.2,Propionibacterium acnes HL050PA2,genome,ftp://massive.ucsd.edu/MSV000084475/peak/mzXML%20files/FCM%20Plates/FCM%20Plate%203A/HM_520_BE6_01_46160.mzXML,MSV000084475,True,unvalidated_pairs
d5b4a1b9-5bae-4616-9aa9-ead696276903.2,Propionibacterium acnes HL050PA3,genome,ftp://massive.ucsd.edu/MSV000084475/peak/mzXML%20files/FCM%20Plates/FCM%20Plate%203A/HM_521_BE7_01_46163.mzXML,MSV000084475,True,unvalidated_pairs
d5b4a1b9-5bae-4616-9aa9-ead696276903.2,Propionibacterium acnes HL053PA1,genome,ftp://massive.ucsd.edu/MSV000084475/peak/mzXML%20files/FCM%20Plates/FCM%20Plate%203A/HM_522_BE8_01_46164.mzXML,MSV000084475,True,unvalidated_pairs
d5b4a1b9-5bae-4616-9aa9-ead696276903.2,Propionibacterium acnes HL053PA2,genome,ftp://massive.ucsd.edu/MSV000084475/peak/mzXML%20files/FCM%20Plates/FCM%20Plate%203A/HM_523_BE9_01_46165.mzXML,MSV000084475,True,unvalidated_pairs
d5b4a1b9-5bae-4616-9aa9-ead696276903.2,Propionibacterium acnes HL056PA1,genome,ftp://massive.ucsd.edu/MSV000084475/peak/mzXML%20files/FCM%20Plates/FCM%20Plate%203A/HM_524_BE10_01_46166.mzXML,MSV000084475,True,unvalidated_pairs
d5b4a1b9-5bae-4616-9aa9-ead696276903.2,Propionibacterium acnes HL059PA1,genome,ftp://massive.ucsd.edu/MSV000084475/peak/mzXML%20files/FCM%20Plates/FCM%20Plate%203A/HM_525_BE11_01_46167.mzXML,MSV000084475,True,unvalidated_pairs
d5b4a1b9-5bae-4616-9aa9-ead696276903.2,Propionibacterium acnes HL059PA2,genome,ftp://massive.ucsd.edu/MSV000084475/peak/mzXML%20files/FCM%20Plates/FCM%20Plate%203A/HM_526_BE12_01_46168.mzXML,MSV000084475,True,unvalidated_pairs
d5b4a1b9-5bae-4616-9aa9-ead696276903.2,Propionibacterium acnes HL060PA1,genome,ftp://massive.ucsd.edu/MSV000084475/peak/mzXML%20files/FCM%20Plates/FCM%20Plate%203A/HM_527_BF1_01_46171.mzXML,MSV000084475,True,unvalidated_pairs
d5b4a1b9-5bae-4616-9aa9-ead696276903.2,Propionibacterium acnes HL063PA1,genome,ftp://massive.ucsd.edu/MSV000084475/peak/mzXML%20files/FCM%20Plates/FCM%20Plate%203A/HM_528_BF2_01_46172.mzXML,MSV000084475,True,unvalidated_pairs
d5b4a1b9-5bae-4616-9aa9-ead696276903.2,Propionibacterium acnes HL063PA2,genome,ftp://massive.ucsd.edu/MSV000084475/peak/mzXML%20files/FCM%20Plates/FCM%20Plate%203A/HM_529_BF3_01_46173.mzXML,MSV000084475,True,unvalidated_pairs
d5b4a1b9-5bae-4616-9aa9-ead696276903.2,Propionibacterium acnes HL067PA1,genome,ftp://massive.ucsd.edu/MSV000084475/peak/mzXML%20files/FCM%20Plates/FCM%20Plate%203A/HM_530_BF4_01_46174.mzXML,MSV000084475,True,unvalidated_pairs
d5b4a1b9-5bae-4616-9aa9-ead696276903.2,Propionibacterium acnes HL072PA1,genome,ftp://massive.ucsd.edu/MSV000084475/peak/mzXML%20files/FCM%20Plates/FCM%20Plate%203A/HM_531_BF5_01_46175.mzXML,MSV000084475,True,unvalidated_pairs
d5b4a1b9-5bae-4616-9aa9-ead696276903.2,Propionibacterium acnes HL078PA1,genome,ftp://massive.ucsd.edu/MSV000084475/peak/mzXML%20files/FCM%20Plates/FCM%20Plate%203A/HM_534_BF6_01_46176.mzXML,MSV000084475,True,unvalidated_pairs
d5b4a1b9-5bae-4616-9aa9-ead696276903.2,Propionibacterium acnes HL082PA2,genome,ftp://massive.ucsd.edu/MSV000084475/peak/mzXML%20files/FCM%20Plates/FCM%20Plate%203A/HM_536_BF7_01_46179.mzXML,MSV000084475,True,unvalidated_pairs
d5b4a1b9-5bae-4616-9aa9-ead696276903.2,Propionibacterium acnes HL086PA1,genome,ftp://massive.ucsd.edu/MSV000084475/peak/mzXML%20files/FCM%20Plates/FCM%20Plate%203A/HM_539_BF8_01_46180.mzXML,MSV000084475,True,unvalidated_pairs
d5b4a1b9-5bae-4616-9aa9-ead696276903.2,Propionibacterium acnes HL110PA1,genome,ftp://massive.ucsd.edu/MSV000084475/peak/mzXML%20files/FCM%20Plates/FCM%20Plate%203A/HM_552_BF9_01_46181.mzXML,MSV000084475,True,unvalidated_pairs
d5b4a1b9-5bae-4616-9aa9-ead696276903.2,Propionibacterium acnes HL110PA3,genome,ftp://massive.ucsd.edu/MSV000084475/peak/mzXML%20files/FCM%20Plates/FCM%20Plate%203A/HM_554_BF10_01_46182.mzXML,MSV000084475,True,unvalidated_pairs
d5b4a1b9-5bae-4616-9aa9-ead696276903.2,Propionibacterium acnes HL110PA4,genome,ftp://massive.ucsd.edu/MSV000084475/peak/mzXML%20files/FCM%20Plates/FCM%20Plate%203A/HM_555_BF11_01_46183.mzXML,MSV000084475,True,unvalidated_pairs
d5b4a1b9-5bae-4616-9aa9-ead696276903.2,Veillonella sp. 3_1_44,genome,ftp://massive.ucsd.edu/MSV000084475/peak/mzXML%20files/FCM%20Plates/FCM%20Plate%203A/HM_64_BG7_01_46194.mzXML,MSV000084475,True,unvalidated_pairs
d5b4a1b9-5bae-4616-9aa9-ead696276903.2,Peptostreptococcaceae sp. AS15,genome,ftp://massive.ucsd.edu/MSV000084475/peak/mzXML%20files/FCM%20Plates/FCM%20Plate%203A/HM_766_BA2_01_46090.mzXML,MSV000084475,True,unvalidated_pairs
d5b4a1b9-5bae-4616-9aa9-ead696276903.2,Propionibacterium acidifaciens F0233,genome,ftp://massive.ucsd.edu/MSV000084475/peak/mzXML%20files/FCM%20Plates/FCM%20Plate%203A/HM_8_BB11_01_46117.mzXML,MSV000084475,True,unvalidated_pairs
d5b4a1b9-5bae-4616-9aa9-ead696276903.2,Prevotella melaninogenica D18,genome,ftp://massive.ucsd.edu/MSV000084475/peak/mzXML%20files/FCM%20Plates/FCM%20Plate%203A/HM_80_BB2_01_46106.mzXML,MSV000084475,True,unvalidated_pairs
d5b4a1b9-5bae-4616-9aa9-ead696276903.2,Prevotella oralis HGA0225,genome,ftp://massive.ucsd.edu/MSV000084475/peak/mzXML%20files/FCM%20Plates/FCM%20Plate%203A/HM_849_BB5_01_46109.mzXML,MSV000084475,True,unvalidated_pairs
d5b4a1b9-5bae-4616-9aa9-ead696276903.2,Sutterella wadsworthensis HGA0223,genome,ftp://massive.ucsd.edu/MSV000084475/peak/mzXML%20files/FCM%20Plates/FCM%20Plate%203A/HM_852_BG5_01_46192.mzXML,MSV000084475,True,unvalidated_pairs
d5b4a1b9-5bae-4616-9aa9-ead696276903.2,Prevotella veroralis F0319,genome,ftp://massive.ucsd.edu/MSV000084475/peak/mzXML%20files/FCM%20Plates/FCM%20Plate%203A/HM_92_BB10_01_46116.mzXML,MSV000084475,True,unvalidated_pairs
d5b4a1b9-5bae-4616-9aa9-ead696276903.2,Prevotella oris F0302,genome,ftp://massive.ucsd.edu/MSV000084475/peak/mzXML%20files/FCM%20Plates/FCM%20Plate%203A/HM_93_BB6_01_46110.mzXML,MSV000084475,True,unvalidated_pairs
d5b4a1b9-5bae-4616-9aa9-ead696276903.2,Bacteroides stercoris CC31F,genome,ftp://massive.ucsd.edu/MSV000084475/peak/mzXML%20files/FCM%20Plates/FCM%20Plate%201B/HM_1036_GD4_01_45861.mzXML,MSV000084475,True,unvalidated_pairs
d5b4a1b9-5bae-4616-9aa9-ead696276903.2,Bifidobacterium breve JCP7499,genome,ftp://massive.ucsd.edu/MSV000084475/peak/mzXML%20files/FCM%20Plates/FCM%20Plate%201B/HM_1120_GD11_01_45870.mzXML,MSV000084475,True,unvalidated_pairs
d5b4a1b9-5bae-4616-9aa9-ead696276903.2,Clostridiales sp. F0540,genome,ftp://massive.ucsd.edu/MSV000084475/peak/mzXML%20files/FCM%20Plates/FCM%20Plate%201B/HM_1139_GE8_01_45883.mzXML,MSV000084475,True,unvalidated_pairs
d5b4a1b9-5bae-4616-9aa9-ead696276903.2,Oribacterium sinus F0268,genome,ftp://massive.ucsd.edu/MSV000084475/peak/mzXML%20files/FCM%20Plates/FCM%20Plate%201B/HM_13_GA5_01_45812.mzXML,MSV000084475,True,unvalidated_pairs
d5b4a1b9-5bae-4616-9aa9-ead696276903.2,Gardnerella vaginalis UPII 315-A,genome,ftp://massive.ucsd.edu/MSV000084475/peak/mzXML%20files/FCM%20Plates/FCM%20Plate%201B/HM_133_GA4_01_45811.mzXML,MSV000084475,True,unvalidated_pairs
d5b4a1b9-5bae-4616-9aa9-ead696276903.2,Bacteroides sp. 2_1_22,genome,ftp://massive.ucsd.edu/MSV000084475/peak/mzXML%20files/FCM%20Plates/FCM%20Plate%201B/HM_18_GC11_01_45852.mzXML,MSV000084475,True,unvalidated_pairs
d5b4a1b9-5bae-4616-9aa9-ead696276903.2,Bacteroides sp. D20,genome,ftp://massive.ucsd.edu/MSV000084475/peak/mzXML%20files/FCM%20Plates/FCM%20Plate%201B/HM_189_GD3_01_45860.mzXML,MSV000084475,True,unvalidated_pairs
d5b4a1b9-5bae-4616-9aa9-ead696276903.2,Bacteroides fragilis 3_1_12,genome,ftp://massive.ucsd.edu/MSV000084475/peak/mzXML%20files/FCM%20Plates/FCM%20Plate%201B/HM_20_GC1_01_45840.mzXML,MSV000084475,True,unvalidated_pairs
d5b4a1b9-5bae-4616-9aa9-ead696276903.2,Bacteroides eggerthii 1_2_48FAA,genome,ftp://massive.ucsd.edu/MSV000084475/peak/mzXML%20files/FCM%20Plates/FCM%20Plate%201B/HM_210_GB9_01_45834.mzXML,MSV000084475,True,unvalidated_pairs
d5b4a1b9-5bae-4616-9aa9-ead696276903.2,Bacteroides ovatus 3_8_47FAA,genome,ftp://massive.ucsd.edu/MSV000084475/peak/mzXML%20files/FCM%20Plates/FCM%20Plate%201B/HM_222_GC6_01_45845.mzXML,MSV000084475,True,unvalidated_pairs
d5b4a1b9-5bae-4616-9aa9-ead696276903.2,Bacteroides sp. 1_1_6,genome,ftp://massive.ucsd.edu/MSV000084475/peak/mzXML%20files/FCM%20Plates/FCM%20Plate%201B/HM_23_GC9_01_45850.mzXML,MSV000084475,True,unvalidated_pairs
d5b4a1b9-5bae-4616-9aa9-ead696276903.2,Actinomyces viscosus C505,genome,ftp://massive.ucsd.edu/MSV000084475/peak/mzXML%20files/FCM%20Plates/FCM%20Plate%201B/HM_238_GB2_01_45825.mzXML,MSV000084475,True,unvalidated_pairs
d5b4a1b9-5bae-4616-9aa9-ead696276903.2,Bacteroides sp. 4_1_36,genome,ftp://massive.ucsd.edu/MSV000084475/peak/mzXML%20files/FCM%20Plates/FCM%20Plate%201B/HM_258_GC12_01_45853.mzXML,MSV000084475,True,unvalidated_pairs
d5b4a1b9-5bae-4616-9aa9-ead696276903.2,Bacteroides sp. 9_1_42FAA,genome,ftp://massive.ucsd.edu/MSV000084475/peak/mzXML%20files/FCM%20Plates/FCM%20Plate%201B/HM_27_GD1_01_45858.mzXML,MSV000084475,True,unvalidated_pairs
d5b4a1b9-5bae-4616-9aa9-ead696276903.2,Bacteroides sp. D2,genome,ftp://massive.ucsd.edu/MSV000084475/peak/mzXML%20files/FCM%20Plates/FCM%20Plate%201B/HM_28_GD2_01_45859.mzXML,MSV000084475,True,unvalidated_pairs
d5b4a1b9-5bae-4616-9aa9-ead696276903.2,Bacteroides dorei 5_1_36/D4,genome,ftp://massive.ucsd.edu/MSV000084475/peak/mzXML%20files/FCM%20Plates/FCM%20Plate%201B/HM_29_GB5_01_45828.mzXML,MSV000084475,True,unvalidated_pairs
d5b4a1b9-5bae-4616-9aa9-ead696276903.2,Bifidobacterium sp. 12_1_47BFAA,genome,ftp://massive.ucsd.edu/MSV000084475/peak/mzXML%20files/FCM%20Plates/FCM%20Plate%201B/HM_30_GE4_01_45877.mzXML,MSV000084475,True,unvalidated_pairs
d5b4a1b9-5bae-4616-9aa9-ead696276903.2,Clostridium orbiscindens 1_3_50AFAA,genome,ftp://massive.ucsd.edu/MSV000084475/peak/mzXML%20files/FCM%20Plates/FCM%20Plate%201B/HM_303_GA1_01_45808.mzXML,MSV000084475,True,unvalidated_pairs
d5b4a1b9-5bae-4616-9aa9-ead696276903.2,Clostridium symbiosum WAL-14673,genome,ftp://massive.ucsd.edu/MSV000084475/peak/mzXML%20files/FCM%20Plates/FCM%20Plate%201B/HM_319_GA2_01_45809.mzXML,MSV000084475,True,unvalidated_pairs
d5b4a1b9-5bae-4616-9aa9-ead696276903.2,Treponema denticola ASLM,genome,ftp://massive.ucsd.edu/MSV000084475/peak/mzXML%20files/FCM%20Plates/FCM%20Plate%201B/HM_574_GA12_01_45821.mzXML,MSV000084475,True,unvalidated_pairs
d5b4a1b9-5bae-4616-9aa9-ead696276903.2,Treponema denticola AL-2,genome,ftp://massive.ucsd.edu/MSV000084475/peak/mzXML%20files/FCM%20Plates/FCM%20Plate%201B/HM_575_GA11_01_45820.mzXML,MSV000084475,True,unvalidated_pairs
d5b4a1b9-5bae-4616-9aa9-ead696276903.2,Bacteroides sp. 2_1_16,genome,ftp://massive.ucsd.edu/MSV000084475/peak/mzXML%20files/FCM%20Plates/FCM%20Plate%201B/HM_58_GC10_01_45851.mzXML,MSV000084475,True,unvalidated_pairs
d5b4a1b9-5bae-4616-9aa9-ead696276903.2,Bifidobacterium adolescentis L2-32,genome,ftp://massive.ucsd.edu/MSV000084475/peak/mzXML%20files/FCM%20Plates/FCM%20Plate%201B/HM_633_GD6_01_45863.mzXML,MSV000084475,True,unvalidated_pairs
d5b4a1b9-5bae-4616-9aa9-ead696276903.2,Bacteroides fragilis CL07T00C01,genome,ftp://massive.ucsd.edu/MSV000084475/peak/mzXML%20files/FCM%20Plates/FCM%20Plate%201B/HM_709_GC4_01_45843.mzXML,MSV000084475,True,unvalidated_pairs
d5b4a1b9-5bae-4616-9aa9-ead696276903.2,Bacteroides fragilis CL07T12C05,genome,ftp://massive.ucsd.edu/MSV000084475/peak/mzXML%20files/FCM%20Plates/FCM%20Plate%201B/HM_710_GC5_01_45844.mzXML,MSV000084475,True,unvalidated_pairs
d5b4a1b9-5bae-4616-9aa9-ead696276903.2,Bacteroides fragilis CL03T12C07,genome,ftp://massive.ucsd.edu/MSV000084475/peak/mzXML%20files/FCM%20Plates/FCM%20Plate%201B/HM_714_GC3_01_45842.mzXML,MSV000084475,True,unvalidated_pairs
d5b4a1b9-5bae-4616-9aa9-ead696276903.2,Bacteroides dorei CL02T00C15,genome,ftp://massive.ucsd.edu/MSV000084475/peak/mzXML%20files/FCM%20Plates/FCM%20Plate%201B/HM_717_GB6_01_45829.mzXML,MSV000084475,True,unvalidated_pairs
d5b4a1b9-5bae-4616-9aa9-ead696276903.2,Bacteroides dorei CL02T12C06,genome,ftp://massive.ucsd.edu/MSV000084475/peak/mzXML%20files/FCM%20Plates/FCM%20Plate%201B/HM_719_GB7_01_45832.mzXML,MSV000084475,True,unvalidated_pairs
d5b4a1b9-5bae-4616-9aa9-ead696276903.2,Bacteroides vulgatus CL09T03C04,genome,ftp://massive.ucsd.edu/MSV000084475/peak/mzXML%20files/FCM%20Plates/FCM%20Plate%201B/HM_720_GD5_01_45862.mzXML,MSV000084475,True,unvalidated_pairs
d5b4a1b9-5bae-4616-9aa9-ead696276903.2,Bacteroides salyersiae CL02T12C01,genome,ftp://massive.ucsd.edu/MSV000084475/peak/mzXML%20files/FCM%20Plates/FCM%20Plate%201B/HM_725_GC7_01_45848.mzXML,MSV000084475,True,unvalidated_pairs
d5b4a1b9-5bae-4616-9aa9-ead696276903.2,Bacteroides cellulosilyticus CL02T12C19,genome,ftp://massive.ucsd.edu/MSV000084475/peak/mzXML%20files/FCM%20Plates/FCM%20Plate%201B/HM_726_GB4_01_45827.mzXML,MSV000084475,True,unvalidated_pairs
d5b4a1b9-5bae-4616-9aa9-ead696276903.2,Bacteroides finegoldii CL09T03C10,genome,ftp://massive.ucsd.edu/MSV000084475/peak/mzXML%20files/FCM%20Plates/FCM%20Plate%201B/HM_727_GB12_01_45837.mzXML,MSV000084475,True,unvalidated_pairs
d5b4a1b9-5bae-4616-9aa9-ead696276903.2,Bacteroides caccae CL03T12C61,genome,ftp://massive.ucsd.edu/MSV000084475/peak/mzXML%20files/FCM%20Plates/FCM%20Plate%201B/HM_728_GB3_01_45826.mzXML,MSV000084475,True,unvalidated_pairs
d5b4a1b9-5bae-4616-9aa9-ead696276903.2,Parabacteroides merdae CL09T00C40,genome,ftp://massive.ucsd.edu/MSV000084475/peak/mzXML%20files/FCM%20Plates/FCM%20Plate%201B/HM_729_GA9_01_45818.mzXML,MSV000084475,True,unvalidated_pairs
d5b4a1b9-5bae-4616-9aa9-ead696276903.2,Parabacteroides merdae CL03T12C32,genome,ftp://massive.ucsd.edu/MSV000084475/peak/mzXML%20files/FCM%20Plates/FCM%20Plate%201B/HM_730_GA8_01_45817.mzXML,MSV000084475,True,unvalidated_pairs
d5b4a1b9-5bae-4616-9aa9-ead696276903.2,Parabacteroides johnsonii CL02T12C29,genome,ftp://massive.ucsd.edu/MSV000084475/peak/mzXML%20files/FCM%20Plates/FCM%20Plate%201B/HM_731_GA7_01_45816.mzXML,MSV000084475,True,unvalidated_pairs
d5b4a1b9-5bae-4616-9aa9-ead696276903.2,Clostridiales sp. OBRC5-5,genome,ftp://massive.ucsd.edu/MSV000084475/peak/mzXML%20files/FCM%20Plates/FCM%20Plate%201B/HM_780_GE9_01_45884.mzXML,MSV000084475,True,unvalidated_pairs
d5b4a1b9-5bae-4616-9aa9-ead696276903.2,Acidaminococcus sp. D21,genome,ftp://massive.ucsd.edu/MSV000084475/peak/mzXML%20files/FCM%20Plates/FCM%20Plate%201B/HM_81_GB1_01_45824.mzXML,MSV000084475,True,unvalidated_pairs
d5b4a1b9-5bae-4616-9aa9-ead696276903.2,Bifidobacterium longum subsp. longum 44B,genome,ftp://massive.ucsd.edu/MSV000084475/peak/mzXML%20files/FCM%20Plates/FCM%20Plate%201B/HM_845_GE3_01_45876.mzXML,MSV000084475,True,unvalidated_pairs
d5b4a1b9-5bae-4616-9aa9-ead696276903.2,Bifidobacterium longum subsp. longum 35B,genome,ftp://massive.ucsd.edu/MSV000084475/peak/mzXML%20files/FCM%20Plates/FCM%20Plate%201B/HM_847_GE2_01_45875.mzXML,MSV000084475,True,unvalidated_pairs
d5b4a1b9-5bae-4616-9aa9-ead696276903.2,Bifidobacterium longum subsp. longum 2-2B,genome,ftp://massive.ucsd.edu/MSV000084475/peak/mzXML%20files/FCM%20Plates/FCM%20Plate%201B/HM_848_GE1_01_45874.mzXML,MSV000084475,True,unvalidated_pairs
d5b4a1b9-5bae-4616-9aa9-ead696276903.2,Bifidobacterium breve HPH0326,genome,ftp://massive.ucsd.edu/MSV000084475/peak/mzXML%20files/FCM%20Plates/FCM%20Plate%201B/HM_856_GD10_01_45869.mzXML,MSV000084475,True,unvalidated_pairs
d5b4a1b9-5bae-4616-9aa9-ead696276903.2,Bifidobacterium sp. MSTE12,genome,ftp://massive.ucsd.edu/MSV000084475/peak/mzXML%20files/FCM%20Plates/FCM%20Plate%201B/HM_868_GE5_01_45878.mzXML,MSV000084475,True,unvalidated_pairs
d5b4a1b9-5bae-4616-9aa9-ead696276903.2,Clostridium sp. KLE 1755,genome,ftp://massive.ucsd.edu/MSV000084475/peak/mzXML%20files/FCM%20Plates/FCM%20Plate%202B/HM_1033_BA4_01_45999.mzXML,MSV000084475,True,unvalidated_pairs
d5b4a1b9-5bae-4616-9aa9-ead696276903.2,Gardnerella vaginalis JCP7275,genome,ftp://massive.ucsd.edu/MSV000084475/peak/mzXML%20files/FCM%20Plates/FCM%20Plate%202B/HM_1105_BC2_01_46029.mzXML,MSV000084475,True,unvalidated_pairs
d5b4a1b9-5bae-4616-9aa9-ead696276903.2,Gardnerella vaginalis JCP7276,genome,ftp://massive.ucsd.edu/MSV000084475/peak/mzXML%20files/FCM%20Plates/FCM%20Plate%202B/HM_1106_BC3_01_46030.mzXML,MSV000084475,True,unvalidated_pairs
d5b4a1b9-5bae-4616-9aa9-ead696276903.2,Gardnerella vaginalis JCP7659,genome,ftp://massive.ucsd.edu/MSV000084475/peak/mzXML%20files/FCM%20Plates/FCM%20Plate%202B/HM_1107_BC4_01_46031.mzXML,MSV000084475,True,unvalidated_pairs
d5b4a1b9-5bae-4616-9aa9-ead696276903.2,Gardnerella vaginalis JCP7672,genome,ftp://massive.ucsd.edu/MSV000084475/peak/mzXML%20files/FCM%20Plates/FCM%20Plate%202B/HM_1108_BC5_01_46032.mzXML,MSV000084475,True,unvalidated_pairs
d5b4a1b9-5bae-4616-9aa9-ead696276903.2,Gardnerella vaginalis JCP7719,genome,ftp://massive.ucsd.edu/MSV000084475/peak/mzXML%20files/FCM%20Plates/FCM%20Plate%202B/HM_1109_BC6_01_46033.mzXML,MSV000084475,True,unvalidated_pairs
d5b4a1b9-5bae-4616-9aa9-ead696276903.2,Gardnerella vaginalis JCP8017A,genome,ftp://massive.ucsd.edu/MSV000084475/peak/mzXML%20files/FCM%20Plates/FCM%20Plate%202B/HM_1110_BC7_01_46036.mzXML,MSV000084475,True,unvalidated_pairs
d5b4a1b9-5bae-4616-9aa9-ead696276903.2,Gardnerella vaginalis JCP8017B,genome,ftp://massive.ucsd.edu/MSV000084475/peak/mzXML%20files/FCM%20Plates/FCM%20Plate%202B/HM_1111_BC8_01_46037.mzXML,MSV000084475,True,unvalidated_pairs
d5b4a1b9-5bae-4616-9aa9-ead696276903.2,Gardnerella vaginalis JCP8066,genome,ftp://massive.ucsd.edu/MSV000084475/peak/mzXML%20files/FCM%20Plates/FCM%20Plate%202B/HM_1112_BC9_01_46038.mzXML,MSV000084475,True,unvalidated_pairs
d5b4a1b9-5bae-4616-9aa9-ead696276903.2,Gardnerella vaginalis JCP8108,genome,ftp://massive.ucsd.edu/MSV000084475/peak/mzXML%20files/FCM%20Plates/FCM%20Plate%202B/HM_1114_BC10_01_46039.mzXML,MSV000084475,True,unvalidated_pairs
d5b4a1b9-5bae-4616-9aa9-ead696276903.2,Gardnerella vaginalis JCP8151A,genome,ftp://massive.ucsd.edu/MSV000084475/peak/mzXML%20files/FCM%20Plates/FCM%20Plate%202B/HM_1115_BC11_01_46040.mzXML,MSV000084475,True,unvalidated_pairs
d5b4a1b9-5bae-4616-9aa9-ead696276903.2,Gardnerella vaginalis JCP8151B,genome,ftp://massive.ucsd.edu/MSV000084475/peak/mzXML%20files/FCM%20Plates/FCM%20Plate%202B/HM_1116_BC12_01_46041.mzXML,MSV000084475,True,unvalidated_pairs
d5b4a1b9-5bae-4616-9aa9-ead696276903.2,Gardnerella vaginalis JCP8481B,genome,ftp://massive.ucsd.edu/MSV000084475/peak/mzXML%20files/FCM%20Plates/FCM%20Plate%202B/HM_1118_BD1_01_46044.mzXML,MSV000084475,True,unvalidated_pairs
d5b4a1b9-5bae-4616-9aa9-ead696276903.2,Gardnerella vaginalis JCP8522,genome,ftp://massive.ucsd.edu/MSV000084475/peak/mzXML%20files/FCM%20Plates/FCM%20Plate%202B/HM_1119_BD2_01_46045.mzXML,MSV000084475,True,unvalidated_pairs
d5b4a1b9-5bae-4616-9aa9-ead696276903.2,Lachnospiraceae sp. 2_1_58FAA,genome,ftp://massive.ucsd.edu/MSV000084475/peak/mzXML%20files/FCM%20Plates/FCM%20Plate%202B/HM_154_BD3_01_46046.mzXML,MSV000084475,True,unvalidated_pairs
d5b4a1b9-5bae-4616-9aa9-ead696276903.2,Parabacteroides sp. 31_2,genome,ftp://massive.ucsd.edu/MSV000084475/peak/mzXML%20files/FCM%20Plates/FCM%20Plate%202B/HM_169_BE9_01_46070.mzXML,MSV000084475,True,unvalidated_pairs
d5b4a1b9-5bae-4616-9aa9-ead696276903.2,Coprobacillus sp. 8_2_54BFAA,genome,ftp://massive.ucsd.edu/MSV000084475/peak/mzXML%20files/FCM%20Plates/FCM%20Plate%202B/HM_176_BA7_01_46004.mzXML,MSV000084475,True,unvalidated_pairs
d5b4a1b9-5bae-4616-9aa9-ead696276903.2,Olsenella sp. F0356,genome,ftp://massive.ucsd.edu/MSV000084475/peak/mzXML%20files/FCM%20Plates/FCM%20Plate%202B/HM_198_BE8_01_46069.mzXML,MSV000084475,True,unvalidated_pairs
d5b4a1b9-5bae-4616-9aa9-ead696276903.2,Parvimonas sp. F0139,genome,ftp://massive.ucsd.edu/MSV000084475/peak/mzXML%20files/FCM%20Plates/FCM%20Plate%202B/HM_207_BE12_01_46073.mzXML,MSV000084475,True,unvalidated_pairs
d5b4a1b9-5bae-4616-9aa9-ead696276903.2,Fusobacterium nucleatum subsp. polymorphum F0401,genome,ftp://massive.ucsd.edu/MSV000084475/peak/mzXML%20files/FCM%20Plates/FCM%20Plate%202B/HM_260_BB10_01_46023.mzXML,MSV000084475,True,unvalidated_pairs
d5b4a1b9-5bae-4616-9aa9-ead696276903.2,Clostridium sp. HGF2,genome,ftp://massive.ucsd.edu/MSV000084475/peak/mzXML%20files/FCM%20Plates/FCM%20Plate%202B/HM_287_BA3_01_45998.mzXML,MSV000084475,True,unvalidated_pairs
d5b4a1b9-5bae-4616-9aa9-ead696276903.2,Collinsella sp. 4_8_47FAA,genome,ftp://massive.ucsd.edu/MSV000084475/peak/mzXML%20files/FCM%20Plates/FCM%20Plate%202B/HM_304_BA6_01_46001.mzXML,MSV000084475,True,unvalidated_pairs
d5b4a1b9-5bae-4616-9aa9-ead696276903.2,Clostridium sp. 7_2_43FAA,genome,ftp://massive.ucsd.edu/MSV000084475/peak/mzXML%20files/FCM%20Plates/FCM%20Plate%202B/HM_36_BA2_01_45997.mzXML,MSV000084475,True,unvalidated_pairs
d5b4a1b9-5bae-4616-9aa9-ead696276903.2,Enterococcus faecium TX0133a04,genome,ftp://massive.ucsd.edu/MSV000084475/peak/mzXML%20files/FCM%20Plates/FCM%20Plate%202B/HM_463_BB3_01_46014.mzXML,MSV000084475,True,unvalidated_pairs
d5b4a1b9-5bae-4616-9aa9-ead696276903.2,Peptoniphilus sp. F0131,genome,ftp://massive.ucsd.edu/MSV000084475/peak/mzXML%20files/FCM%20Plates/FCM%20Plate%202B/HM_6_BF3_01_46078.mzXML,MSV000084475,True,unvalidated_pairs
d5b4a1b9-5bae-4616-9aa9-ead696276903.2,Lachnospiraceae sp. F0167,genome,ftp://massive.ucsd.edu/MSV000084475/peak/mzXML%20files/FCM%20Plates/FCM%20Plate%202B/HM_7_BD5_01_46048.mzXML,MSV000084475,True,unvalidated_pairs
d5b4a1b9-5bae-4616-9aa9-ead696276903.2,Fusobacterium nucleatum subsp. animalis F0419,genome,ftp://massive.ucsd.edu/MSV000084475/peak/mzXML%20files/FCM%20Plates/FCM%20Plate%202B/HM_758_BB9_01_46022.mzXML,MSV000084475,True,unvalidated_pairs
d5b4a1b9-5bae-4616-9aa9-ead696276903.2,Clostridium sp. MSTE9,genome,ftp://massive.ucsd.edu/MSV000084475/peak/mzXML%20files/FCM%20Plates/FCM%20Plate%202B/HM_764_BA5_01_46000.mzXML,MSV000084475,True,unvalidated_pairs
d5b4a1b9-5bae-4616-9aa9-ead696276903.2,Lachnospiraceae sp. ICM7,genome,ftp://massive.ucsd.edu/MSV000084475/peak/mzXML%20files/FCM%20Plates/FCM%20Plate%202B/HM_768_BD6_01_46049.mzXML,MSV000084475,True,unvalidated_pairs
d5b4a1b9-5bae-4616-9aa9-ead696276903.2,Parabacteroides sp. D13,genome,ftp://massive.ucsd.edu/MSV000084475/peak/mzXML%20files/FCM%20Plates/FCM%20Plate%202B/HM_77_BE10_01_46071.mzXML,MSV000084475,True,unvalidated_pairs
d5b4a1b9-5bae-4616-9aa9-ead696276903.2,Peptoniphilus sp. BV3AC2,genome,ftp://massive.ucsd.edu/MSV000084475/peak/mzXML%20files/FCM%20Plates/FCM%20Plate%202B/HM_825_BF2_01_46077.mzXML,MSV000084475,True,unvalidated_pairs
d5b4a1b9-5bae-4616-9aa9-ead696276903.2,Fusobacterium sp. CM21,genome,ftp://massive.ucsd.edu/MSV000084475/peak/mzXML%20files/FCM%20Plates/FCM%20Plate%202B/HM_871_BB12_01_46025.mzXML,MSV000084475,True,unvalidated_pairs
d5b4a1b9-5bae-4616-9aa9-ead696276903.2,Fusobacterium sp. CM22,genome,ftp://massive.ucsd.edu/MSV000084475/peak/mzXML%20files/FCM%20Plates/FCM%20Plate%202B/HM_874_BC1_01_46028.mzXML,MSV000084475,True,unvalidated_pairs
d5b4a1b9-5bae-4616-9aa9-ead696276903.2,Enterococcus faecalis ERV103,genome,ftp://massive.ucsd.edu/MSV000084475/peak/mzXML%20files/FCM%20Plates/FCM%20Plate%202B/HM_934_BA8_01_46005.mzXML,MSV000084475,True,unvalidated_pairs
d5b4a1b9-5bae-4616-9aa9-ead696276903.2,Enterococcus faecium 503,genome,ftp://massive.ucsd.edu/MSV000084475/peak/mzXML%20files/FCM%20Plates/FCM%20Plate%202B/HM_952_BA9_01_46006.mzXML,MSV000084475,True,unvalidated_pairs
d5b4a1b9-5bae-4616-9aa9-ead696276903.2,Enterococcus faecium 513,genome,ftp://massive.ucsd.edu/MSV000084475/peak/mzXML%20files/FCM%20Plates/FCM%20Plate%202B/HM_959_BA10_01_46007.mzXML,MSV000084475,True,unvalidated_pairs
d5b4a1b9-5bae-4616-9aa9-ead696276903.2,Enterococcus faecium E417,genome,ftp://massive.ucsd.edu/MSV000084475/peak/mzXML%20files/FCM%20Plates/FCM%20Plate%202B/HM_965_BA11_01_46008.mzXML,MSV000084475,True,unvalidated_pairs
d5b4a1b9-5bae-4616-9aa9-ead696276903.2,Enterococcus faecium ERV102,genome,ftp://massive.ucsd.edu/MSV000084475/peak/mzXML%20files/FCM%20Plates/FCM%20Plate%202B/HM_968_BA12_01_46009.mzXML,MSV000084475,True,unvalidated_pairs
d5b4a1b9-5bae-4616-9aa9-ead696276903.2,Enterococcus faecium ERV165,genome,ftp://massive.ucsd.edu/MSV000084475/peak/mzXML%20files/FCM%20Plates/FCM%20Plate%202B/HM_970_BB1_01_46012.mzXML,MSV000084475,True,unvalidated_pairs
d5b4a1b9-5bae-4616-9aa9-ead696276903.2,Enterococcus faecium ERV99,genome,ftp://massive.ucsd.edu/MSV000084475/peak/mzXML%20files/FCM%20Plates/FCM%20Plate%202B/HM_975_BB2_01_46013.mzXML,MSV000084475,True,unvalidated_pairs
d5b4a1b9-5bae-4616-9aa9-ead696276903.2,Prevotella nigrescens CC14M,genome,ftp://massive.ucsd.edu/MSV000084475/peak/mzXML%20files/FCM%20Plates/FCM%20Plate%203B/HM_1053_GB3_01_46220.mzXML,MSV000084475,True,unvalidated_pairs
d5b4a1b9-5bae-4616-9aa9-ead696276903.2,Porphyromonas sp. W7784,genome,ftp://massive.ucsd.edu/MSV000084475/peak/mzXML%20files/FCM%20Plates/FCM%20Plate%203B/HM_1064_GA5_01_46206.mzXML,MSV000084475,True,unvalidated_pairs
d5b4a1b9-5bae-4616-9aa9-ead696276903.2,Prevotella bivia DNF00188,genome,ftp://massive.ucsd.edu/MSV000084475/peak/mzXML%20files/FCM%20Plates/FCM%20Plate%203B/HM_1088_GA7_01_46210.mzXML,MSV000084475,True,unvalidated_pairs
d5b4a1b9-5bae-4616-9aa9-ead696276903.2,Propionibacterium acnes SK137,genome,ftp://massive.ucsd.edu/MSV000084475/peak/mzXML%20files/FCM%20Plates/FCM%20Plate%203B/HM_122_GF12_01_46298.mzXML,MSV000084475,True,unvalidated_pairs
d5b4a1b9-5bae-4616-9aa9-ead696276903.2,Prevotella timonensis CRIS 5C-B1,genome,ftp://massive.ucsd.edu/MSV000084475/peak/mzXML%20files/FCM%20Plates/FCM%20Plate%203B/HM_136_GB9_01_46229.mzXML,MSV000084475,True,unvalidated_pairs
d5b4a1b9-5bae-4616-9aa9-ead696276903.2,Prevotella amnii CRIS 21A-A,genome,ftp://massive.ucsd.edu/MSV000084475/peak/mzXML%20files/FCM%20Plates/FCM%20Plate%203B/HM_138_GA6_01_46207.mzXML,MSV000084475,True,unvalidated_pairs
d5b4a1b9-5bae-4616-9aa9-ead696276903.2,Prevotella sp. F0295,genome,ftp://massive.ucsd.edu/MSV000084475/peak/mzXML%20files/FCM%20Plates/FCM%20Plate%203B/HM_16_GB8_01_46228.mzXML,MSV000084475,True,unvalidated_pairs
d5b4a1b9-5bae-4616-9aa9-ead696276903.2,Propionibacterium acnes SK182,genome,ftp://massive.ucsd.edu/MSV000084475/peak/mzXML%20files/FCM%20Plates/FCM%20Plate%203B/HM_253_GG1_01_46301.mzXML,MSV000084475,True,unvalidated_pairs
d5b4a1b9-5bae-4616-9aa9-ead696276903.2,Peptoniphilus sp. F0141,genome,ftp://massive.ucsd.edu/MSV000084475/peak/mzXML%20files/FCM%20Plates/FCM%20Plate%203B/HM_263_GA1_01_46202.mzXML,MSV000084475,True,unvalidated_pairs
d5b4a1b9-5bae-4616-9aa9-ead696276903.2,Selenomonas noxia F0398,genome,ftp://massive.ucsd.edu/MSV000084475/peak/mzXML%20files/FCM%20Plates/FCM%20Plate%203B/HM_270_GG4_01_46304.mzXML,MSV000084475,True,unvalidated_pairs
d5b4a1b9-5bae-4616-9aa9-ead696276903.2,Prevotella nigrescens F0103,genome,ftp://massive.ucsd.edu/MSV000084475/peak/mzXML%20files/FCM%20Plates/FCM%20Plate%203B/HM_271_GB4_01_46222.mzXML,MSV000084475,True,unvalidated_pairs
d5b4a1b9-5bae-4616-9aa9-ead696276903.2,Prevotella buccae D17,genome,ftp://massive.ucsd.edu/MSV000084475/peak/mzXML%20files/FCM%20Plates/FCM%20Plate%203B/HM_45_GA9_01_46212.mzXML,MSV000084475,True,unvalidated_pairs
d5b4a1b9-5bae-4616-9aa9-ead696276903.2,Prevotella histicola F0411,genome,ftp://massive.ucsd.edu/MSV000084475/peak/mzXML%20files/FCM%20Plates/FCM%20Plate%203B/HM_471_GB1_01_46218.mzXML,MSV000084475,True,unvalidated_pairs
d5b4a1b9-5bae-4616-9aa9-ead696276903.2,Propionibacterium acnes HL001PA1,genome,ftp://massive.ucsd.edu/MSV000084475/peak/mzXML%20files/FCM%20Plates/FCM%20Plate%203B/HM_488_GB12_01_46232.mzXML,MSV000084475,True,unvalidated_pairs
d5b4a1b9-5bae-4616-9aa9-ead696276903.2,Propionibacterium acnes HL002PA1,genome,ftp://massive.ucsd.edu/MSV000084475/peak/mzXML%20files/FCM%20Plates/FCM%20Plate%203B/HM_489_GC1_01_46235.mzXML,MSV000084475,True,unvalidated_pairs
d5b4a1b9-5bae-4616-9aa9-ead696276903.2,Propionibacterium acnes HL002PA2,genome,ftp://massive.ucsd.edu/MSV000084475/peak/mzXML%20files/FCM%20Plates/FCM%20Plate%203B/HM_490_GC2_01_46236.mzXML,MSV000084475,True,unvalidated_pairs
d5b4a1b9-5bae-4616-9aa9-ead696276903.2,Propionibacterium acnes HL002PA3,genome,ftp://massive.ucsd.edu/MSV000084475/peak/mzXML%20files/FCM%20Plates/FCM%20Plate%203B/HM_491_GC3_01_46237.mzXML,MSV000084475,True,unvalidated_pairs
d5b4a1b9-5bae-4616-9aa9-ead696276903.2,Propionibacterium acnes HL005PA1,genome,ftp://massive.ucsd.edu/MSV000084475/peak/mzXML%20files/FCM%20Plates/FCM%20Plate%203B/HM_492_GC4_01_46238.mzXML,MSV000084475,True,unvalidated_pairs
d5b4a1b9-5bae-4616-9aa9-ead696276903.2,Propionibacterium acnes HL005PA2,genome,ftp://massive.ucsd.edu/MSV000084475/peak/mzXML%20files/FCM%20Plates/FCM%20Plate%203B/HM_493_GC5_01_46239.mzXML,MSV000084475,True,unvalidated_pairs
d5b4a1b9-5bae-4616-9aa9-ead696276903.2,Propionibacterium acnes HL005PA3,genome,ftp://massive.ucsd.edu/MSV000084475/peak/mzXML%20files/FCM%20Plates/FCM%20Plate%203B/HM_494_GC6_01_46240.mzXML,MSV000084475,True,unvalidated_pairs
d5b4a1b9-5bae-4616-9aa9-ead696276903.2,Propionibacterium acnes HL005PA4,genome,ftp://massive.ucsd.edu/MSV000084475/peak/mzXML%20files/FCM%20Plates/FCM%20Plate%203B/HM_495_GC7_01_46243.mzXML,MSV000084475,True,unvalidated_pairs
d5b4a1b9-5bae-4616-9aa9-ead696276903.2,Propionibacterium acnes HL007PA1,genome,ftp://massive.ucsd.edu/MSV000084475/peak/mzXML%20files/FCM%20Plates/FCM%20Plate%203B/HM_496_GC8_01_46244.mzXML,MSV000084475,True,unvalidated_pairs
d5b4a1b9-5bae-4616-9aa9-ead696276903.2,Propionibacterium acnes HL013PA1,genome,ftp://massive.ucsd.edu/MSV000084475/peak/mzXML%20files/FCM%20Plates/FCM%20Plate%203B/HM_497_GC9_01_46245.mzXML,MSV000084475,True,unvalidated_pairs
d5b4a1b9-5bae-4616-9aa9-ead696276903.2,Propionibacterium acnes HL013PA2,genome,ftp://massive.ucsd.edu/MSV000084475/peak/mzXML%20files/FCM%20Plates/FCM%20Plate%203B/HM_498_GC10_01_46246.mzXML,MSV000084475,True,unvalidated_pairs
d5b4a1b9-5bae-4616-9aa9-ead696276903.2,Propionibacterium acnes HL020PA1,genome,ftp://massive.ucsd.edu/MSV000084475/peak/mzXML%20files/FCM%20Plates/FCM%20Plate%203B/HM_499_GC11_01_46247.mzXML,MSV000084475,True,unvalidated_pairs
d5b4a1b9-5bae-4616-9aa9-ead696276903.2,Prevotella sp. F0108,genome,ftp://massive.ucsd.edu/MSV000084475/peak/mzXML%20files/FCM%20Plates/FCM%20Plate%203B/HM_5_GB7_01_46227.mzXML,MSV000084475,True,unvalidated_pairs
d5b4a1b9-5bae-4616-9aa9-ead696276903.2,Propionibacterium acnes HL025PA1,genome,ftp://massive.ucsd.edu/MSV000084475/peak/mzXML%20files/FCM%20Plates/FCM%20Plate%203B/HM_500_GC12_01_46248.mzXML,MSV000084475,True,unvalidated_pairs
d5b4a1b9-5bae-4616-9aa9-ead696276903.2,Propionibacterium acnes HL025PA2,genome,ftp://massive.ucsd.edu/MSV000084475/peak/mzXML%20files/FCM%20Plates/FCM%20Plate%203B/HM_501_GD1_01_46251.mzXML,MSV000084475,True,unvalidated_pairs
d5b4a1b9-5bae-4616-9aa9-ead696276903.2,Propionibacterium acnes HL027PA1,genome,ftp://massive.ucsd.edu/MSV000084475/peak/mzXML%20files/FCM%20Plates/FCM%20Plate%203B/HM_502_GD2_01_46252.mzXML,MSV000084475,True,unvalidated_pairs
d5b4a1b9-5bae-4616-9aa9-ead696276903.2,Propionibacterium acnes HL027PA2,genome,ftp://massive.ucsd.edu/MSV000084475/peak/mzXML%20files/FCM%20Plates/FCM%20Plate%203B/HM_503_GD3_01_46253.mzXML,MSV000084475,True,unvalidated_pairs
d5b4a1b9-5bae-4616-9aa9-ead696276903.2,Propionibacterium acnes HL030PA1,genome,ftp://massive.ucsd.edu/MSV000084475/peak/mzXML%20files/FCM%20Plates/FCM%20Plate%203B/HM_504_GD4_01_46254.mzXML,MSV000084475,True,unvalidated_pairs
d5b4a1b9-5bae-4616-9aa9-ead696276903.2,Propionibacterium acnes HL030PA2,genome,ftp://massive.ucsd.edu/MSV000084475/peak/mzXML%20files/FCM%20Plates/FCM%20Plate%203B/HM_505_GD5_01_46255.mzXML,MSV000084475,True,unvalidated_pairs
d5b4a1b9-5bae-4616-9aa9-ead696276903.2,Propionibacterium acnes HL036PA1,genome,ftp://massive.ucsd.edu/MSV000084475/peak/mzXML%20files/FCM%20Plates/FCM%20Plate%203B/HM_506_GD6_01_46256.mzXML,MSV000084475,True,unvalidated_pairs
d5b4a1b9-5bae-4616-9aa9-ead696276903.2,Propionibacterium acnes HL036PA2,genome,ftp://massive.ucsd.edu/MSV000084475/peak/mzXML%20files/FCM%20Plates/FCM%20Plate%203B/HM_507_GD7_01_46259.mzXML,MSV000084475,True,unvalidated_pairs
d5b4a1b9-5bae-4616-9aa9-ead696276903.2,Propionibacterium acnes HL036PA3,genome,ftp://massive.ucsd.edu/MSV000084475/peak/mzXML%20files/FCM%20Plates/FCM%20Plate%203B/HM_508_GD8_01_46260.mzXML,MSV000084475,True,unvalidated_pairs
d5b4a1b9-5bae-4616-9aa9-ead696276903.2,Propionibacterium acnes HL037PA1,genome,ftp://massive.ucsd.edu/MSV000084475/peak/mzXML%20files/FCM%20Plates/FCM%20Plate%203B/HM_509_GD9_01_46261.mzXML,MSV000084475,True,unvalidated_pairs
d5b4a1b9-5bae-4616-9aa9-ead696276903.2,Propionibacterium acnes HL037PA2,genome,ftp://massive.ucsd.edu/MSV000084475/peak/mzXML%20files/FCM%20Plates/FCM%20Plate%203B/HM_510_GD10_01_46262.mzXML,MSV000084475,True,unvalidated_pairs
d5b4a1b9-5bae-4616-9aa9-ead696276903.2,Propionibacterium acnes HL038PA1,genome,ftp://massive.ucsd.edu/MSV000084475/peak/mzXML%20files/FCM%20Plates/FCM%20Plate%203B/HM_512_GD11_01_46263.mzXML,MSV000084475,True,unvalidated_pairs
d5b4a1b9-5bae-4616-9aa9-ead696276903.2,Propionibacterium acnes HL043PA1,genome,ftp://massive.ucsd.edu/MSV000084475/peak/mzXML%20files/FCM%20Plates/FCM%20Plate%203B/HM_513_GD12_01_46264.mzXML,MSV000084475,True,unvalidated_pairs
d5b4a1b9-5bae-4616-9aa9-ead696276903.2,Propionibacterium acnes HL043PA2,genome,ftp://massive.ucsd.edu/MSV000084475/peak/mzXML%20files/FCM%20Plates/FCM%20Plate%203B/HM_514_GE1_01_46269.mzXML,MSV000084475,True,unvalidated_pairs
d5b4a1b9-5bae-4616-9aa9-ead696276903.2,Propionibacterium acnes HL044PA1,genome,ftp://massive.ucsd.edu/MSV000084475/peak/mzXML%20files/FCM%20Plates/FCM%20Plate%203B/HM_515_GE2_01_46270.mzXML,MSV000084475,True,unvalidated_pairs
d5b4a1b9-5bae-4616-9aa9-ead696276903.2,Propionibacterium acnes HL045PA1,genome,ftp://massive.ucsd.edu/MSV000084475/peak/mzXML%20files/FCM%20Plates/FCM%20Plate%203B/HM_516_GE3_01_46271.mzXML,MSV000084475,True,unvalidated_pairs
d5b4a1b9-5bae-4616-9aa9-ead696276903.2,Propionibacterium acnes HL046PA2,genome,ftp://massive.ucsd.edu/MSV000084475/peak/mzXML%20files/FCM%20Plates/FCM%20Plate%203B/HM_518_GE4_01_46272.mzXML,MSV000084475,True,unvalidated_pairs
d5b4a1b9-5bae-4616-9aa9-ead696276903.2,Propionibacterium acnes HL050PA1,genome,ftp://massive.ucsd.edu/MSV000084475/peak/mzXML%20files/FCM%20Plates/FCM%20Plate%203B/HM_519_GE5_01_46273.mzXML,MSV000084475,True,unvalidated_pairs
d5b4a1b9-5bae-4616-9aa9-ead696276903.2,Propionibacterium acnes HL050PA2,genome,ftp://massive.ucsd.edu/MSV000084475/peak/mzXML%20files/FCM%20Plates/FCM%20Plate%203B/HM_520_GE6_01_46274.mzXML,MSV000084475,True,unvalidated_pairs
d5b4a1b9-5bae-4616-9aa9-ead696276903.2,Propionibacterium acnes HL050PA3,genome,ftp://massive.ucsd.edu/MSV000084475/peak/mzXML%20files/FCM%20Plates/FCM%20Plate%203B/HM_521_GE7_01_46277.mzXML,MSV000084475,True,unvalidated_pairs
d5b4a1b9-5bae-4616-9aa9-ead696276903.2,Propionibacterium acnes HL053PA1,genome,ftp://massive.ucsd.edu/MSV000084475/peak/mzXML%20files/FCM%20Plates/FCM%20Plate%203B/HM_522_GE8_01_46278.mzXML,MSV000084475,True,unvalidated_pairs
d5b4a1b9-5bae-4616-9aa9-ead696276903.2,Propionibacterium acnes HL053PA2,genome,ftp://massive.ucsd.edu/MSV000084475/peak/mzXML%20files/FCM%20Plates/FCM%20Plate%203B/HM_523_GE9_01_46279.mzXML,MSV000084475,True,unvalidated_pairs
d5b4a1b9-5bae-4616-9aa9-ead696276903.2,Propionibacterium acnes HL056PA1,genome,ftp://massive.ucsd.edu/MSV000084475/peak/mzXML%20files/FCM%20Plates/FCM%20Plate%203B/HM_524_GE10_01_46280.mzXML,MSV000084475,True,unvalidated_pairs
d5b4a1b9-5bae-4616-9aa9-ead696276903.2,Propionibacterium acnes HL059PA1,genome,ftp://massive.ucsd.edu/MSV000084475/peak/mzXML%20files/FCM%20Plates/FCM%20Plate%203B/HM_525_GE11_01_46281.mzXML,MSV000084475,True,unvalidated_pairs
d5b4a1b9-5bae-4616-9aa9-ead696276903.2,Propionibacterium acnes HL059PA2,genome,ftp://massive.ucsd.edu/MSV000084475/peak/mzXML%20files/FCM%20Plates/FCM%20Plate%203B/HM_526_GE12_01_46282.mzXML,MSV000084475,True,unvalidated_pairs
d5b4a1b9-5bae-4616-9aa9-ead696276903.2,Propionibacterium acnes HL060PA1,genome,ftp://massive.ucsd.edu/MSV000084475/peak/mzXML%20files/FCM%20Plates/FCM%20Plate%203B/HM_527_GF1_01_46285.mzXML,MSV000084475,True,unvalidated_pairs
d5b4a1b9-5bae-4616-9aa9-ead696276903.2,Propionibacterium acnes HL063PA1,genome,ftp://massive.ucsd.edu/MSV000084475/peak/mzXML%20files/FCM%20Plates/FCM%20Plate%203B/HM_528_GF2_01_46286.mzXML,MSV000084475,True,unvalidated_pairs
d5b4a1b9-5bae-4616-9aa9-ead696276903.2,Propionibacterium acnes HL063PA2,genome,ftp://massive.ucsd.edu/MSV000084475/peak/mzXML%20files/FCM%20Plates/FCM%20Plate%203B/HM_529_GF3_01_46287.mzXML,MSV000084475,True,unvalidated_pairs
d5b4a1b9-5bae-4616-9aa9-ead696276903.2,Propionibacterium acnes HL067PA1,genome,ftp://massive.ucsd.edu/MSV000084475/peak/mzXML%20files/FCM%20Plates/FCM%20Plate%203B/HM_530_GF4_01_46288.mzXML,MSV000084475,True,unvalidated_pairs
d5b4a1b9-5bae-4616-9aa9-ead696276903.2,Propionibacterium acnes HL072PA1,genome,ftp://massive.ucsd.edu/MSV000084475/peak/mzXML%20files/FCM%20Plates/FCM%20Plate%203B/HM_531_GF5_01_46289.mzXML,MSV000084475,True,unvalidated_pairs
d5b4a1b9-5bae-4616-9aa9-ead696276903.2,Propionibacterium acnes HL078PA1,genome,ftp://massive.ucsd.edu/MSV000084475/peak/mzXML%20files/FCM%20Plates/FCM%20Plate%203B/HM_534_GF6_01_46290.mzXML,MSV000084475,True,unvalidated_pairs
d5b4a1b9-5bae-4616-9aa9-ead696276903.2,Propionibacterium acnes HL082PA2,genome,ftp://massive.ucsd.edu/MSV000084475/peak/mzXML%20files/FCM%20Plates/FCM%20Plate%203B/HM_536_GF7_01_46293.mzXML,MSV000084475,True,unvalidated_pairs
d5b4a1b9-5bae-4616-9aa9-ead696276903.2,Propionibacterium acnes HL086PA1,genome,ftp://massive.ucsd.edu/MSV000084475/peak/mzXML%20files/FCM%20Plates/FCM%20Plate%203B/HM_539_GF8_01_46294.mzXML,MSV000084475,True,unvalidated_pairs
d5b4a1b9-5bae-4616-9aa9-ead696276903.2,Propionibacterium acnes HL110PA1,genome,ftp://massive.ucsd.edu/MSV000084475/peak/mzXML%20files/FCM%20Plates/FCM%20Plate%203B/HM_552_GF9_01_46295.mzXML,MSV000084475,True,unvalidated_pairs
d5b4a1b9-5bae-4616-9aa9-ead696276903.2,Propionibacterium acnes HL110PA3,genome,ftp://massive.ucsd.edu/MSV000084475/peak/mzXML%20files/FCM%20Plates/FCM%20Plate%203B/HM_554_GF10_01_46296.mzXML,MSV000084475,True,unvalidated_pairs
d5b4a1b9-5bae-4616-9aa9-ead696276903.2,Propionibacterium acnes HL110PA4,genome,ftp://massive.ucsd.edu/MSV000084475/peak/mzXML%20files/FCM%20Plates/FCM%20Plate%203B/HM_555_GF11_01_46297.mzXML,MSV000084475,True,unvalidated_pairs
d5b4a1b9-5bae-4616-9aa9-ead696276903.2,Veillonella sp. 3_1_44,genome,ftp://massive.ucsd.edu/MSV000084475/peak/mzXML%20files/FCM%20Plates/FCM%20Plate%203B/HM_64_GG7_01_46307.mzXML,MSV000084475,True,unvalidated_pairs
d5b4a1b9-5bae-4616-9aa9-ead696276903.2,Peptostreptococcaceae sp. AS15,genome,ftp://massive.ucsd.edu/MSV000084475/peak/mzXML%20files/FCM%20Plates/FCM%20Plate%203B/HM_766_GA2_01_46203.mzXML,MSV000084475,True,unvalidated_pairs
d5b4a1b9-5bae-4616-9aa9-ead696276903.2,Propionibacterium acidifaciens F0233,genome,ftp://massive.ucsd.edu/MSV000084475/peak/mzXML%20files/FCM%20Plates/FCM%20Plate%203B/HM_8_GB11_01_46231.mzXML,MSV000084475,True,unvalidated_pairs
d5b4a1b9-5bae-4616-9aa9-ead696276903.2,Prevotella melaninogenica D18,genome,ftp://massive.ucsd.edu/MSV000084475/peak/mzXML%20files/FCM%20Plates/FCM%20Plate%203B/HM_80_GB2_01_46219.mzXML,MSV000084475,True,unvalidated_pairs
d5b4a1b9-5bae-4616-9aa9-ead696276903.2,Prevotella oralis HGA0225,genome,ftp://massive.ucsd.edu/MSV000084475/peak/mzXML%20files/FCM%20Plates/FCM%20Plate%203B/HM_849_GB5_01_46223.mzXML,MSV000084475,True,unvalidated_pairs
d5b4a1b9-5bae-4616-9aa9-ead696276903.2,Sutterella wadsworthensis HGA0223,genome,ftp://massive.ucsd.edu/MSV000084475/peak/mzXML%20files/FCM%20Plates/FCM%20Plate%203B/HM_852_GG5_01_46305.mzXML,MSV000084475,True,unvalidated_pairs
d5b4a1b9-5bae-4616-9aa9-ead696276903.2,Prevotella veroralis F0319,genome,ftp://massive.ucsd.edu/MSV000084475/peak/mzXML%20files/FCM%20Plates/FCM%20Plate%203B/HM_92_GB10_01_46230.mzXML,MSV000084475,True,unvalidated_pairs
d5b4a1b9-5bae-4616-9aa9-ead696276903.2,Prevotella oris F0302,genome,ftp://massive.ucsd.edu/MSV000084475/peak/mzXML%20files/FCM%20Plates/FCM%20Plate%203B/HM_93_GB6_01_46224.mzXML,MSV000084475,True,unvalidated_pairs
d66f55bf-edc3-4441-ac4f-d540b37e56be.2,C. ferrugineus,genome,ftp://massive.ucsd.edu/MSV000087996//peak/20191112_C_fe_20%DMSO-1.mzML,MSV000087996,True,unvalidated_pairs
d66f55bf-edc3-4441-ac4f-d540b37e56be.2,A. sp. CbG35,genome,ftp://massive.ucsd.edu/MSV000087996//peak/20190210-AspCg35_DMSO-1.mzML,MSV000087996,True,unvalidated_pairs
d66f55bf-edc3-4441-ac4f-d540b37e56be.2,A. primigenium,genome,ftp://massive.ucsd.edu/MSV000087996//peak/20190819_A_prim_only_VY2-1.mzML,MSV000087996,True,unvalidated_pairs
d66f55bf-edc3-4441-ac4f-d540b37e56be.2,C. macrosporus,genome,ftp://massive.ucsd.edu/MSV000087996//peak/9-13-2020-Condrococcus_macrosporus_Con-1.mzXML,MSV000087996,True,unvalidated_pairs
d66f55bf-edc3-4441-ac4f-d540b37e56be.2,C. sp. NCSPR001,genome,ftp://massive.ucsd.edu/MSV000087996//peak/01-08-2021-Spy-Spruce1-1.mzXML,MSV000087996,True,unvalidated_pairs
d66f55bf-edc3-4441-ac4f-d540b37e56be.2,C. exiguus NCCRE002,genome,ftp://massive.ucsd.edu/MSV000087996//peak/01-08-2021-NCCrepe2-1.mzXML,MSV000087996,True,unvalidated_pairs
d66f55bf-edc3-4441-ac4f-d540b37e56be.2,P. sp. SCPEA002,genome,ftp://massive.ucsd.edu/MSV000087996//peak/01-08-2021-SCPeach2-1.mzXML,MSV000087996,True,unvalidated_pairs
d66f55bf-edc3-4441-ac4f-d540b37e56be.2,M. sp. SCHIC003,genome,ftp://massive.ucsd.edu/MSV000087996//peak/01-08-2021-SCHickory3-1.mzXML,MSV000087996,True,unvalidated_pairs
db003578-dbfb-4e77-b40d-5e8060445351.1,Salinispora mooreana CNS237,genome,ftp://massive.ucsd.edu/MSV000085158/raw/Salinispora_NEP_GNPS_DG/S-237.mzXML,MSV000085158,True,unvalidated_pairs
db003578-dbfb-4e77-b40d-5e8060445351.1,Salinispora mooreana CNY646,genome,ftp://massive.ucsd.edu/MSV000085158/raw/Salinispora_NEP_GNPS_DG/Y-646.mzXML,MSV000085158,True,unvalidated_pairs
db003578-dbfb-4e77-b40d-5e8060445351.1,Salinispora mooreana CNT150,genome,ftp://massive.ucsd.edu/MSV000085158/raw/Salinispora_NEP_GNPS_DG/T-150.mzXML,MSV000085158,True,unvalidated_pairs
db003578-dbfb-4e77-b40d-5e8060445351.1,Salinispora cortesiana CNY202,genome,ftp://massive.ucsd.edu/MSV000085158/raw/Salinispora_NEP_GNPS_DG/Y-202.mzXML,MSV000085158,True,unvalidated_pairs
db003578-dbfb-4e77-b40d-5e8060445351.1,Salinispora fenicalii CNT569,genome,ftp://massive.ucsd.edu/MSV000085158/raw/Salinispora_NEP_GNPS_DG/T-569.mzXML,MSV000085158,True,unvalidated_pairs
db003578-dbfb-4e77-b40d-5e8060445351.1,Salinispora fenicalii CNR942,genome,ftp://massive.ucsd.edu/MSV000085158/raw/Salinispora_NEP_GNPS_DG/R-942.mzXML,MSV000085158,True,unvalidated_pairs
db003578-dbfb-4e77-b40d-5e8060445351.1,Salinispora vitiensis CNS801,genome,ftp://massive.ucsd.edu/MSV000085158/raw/Salinispora_NEP_GNPS_DG/S-801.mzXML,MSV000085158,True,unvalidated_pairs
db003578-dbfb-4e77-b40d-5e8060445351.1,Salinispora vitiensis CNS055,genome,ftp://massive.ucsd.edu/MSV000085158/raw/Salinispora_NEP_GNPS_DG/S-055.mzXML,MSV000085158,True,unvalidated_pairs
db003578-dbfb-4e77-b40d-5e8060445351.1,Salinispora vitiensis CNT148,genome,ftp://massive.ucsd.edu/MSV000085158/raw/Salinispora_NEP_GNPS_DG/T-148.mzXML,MSV000085158,True,unvalidated_pairs
db003578-dbfb-4e77-b40d-5e8060445351.1,Salinispora goodfellowii CNY666,genome,ftp://massive.ucsd.edu/MSV000085158/raw/Salinispora_NEP_GNPS_DG/Y-666.mzXML,MSV000085158,True,unvalidated_pairs
db003578-dbfb-4e77-b40d-5e8060445351.1,Salinispora pacifica CNT855,genome,ftp://massive.ucsd.edu/MSV000085158/raw/Salinispora_NEP_GNPS_DG/T-855.mzXML,MSV000085158,True,unvalidated_pairs
db003578-dbfb-4e77-b40d-5e8060445351.1,Salinispora pacifica CNY498,genome,ftp://massive.ucsd.edu/MSV000085158/raw/Salinispora_NEP_GNPS_DG/Y-498.mzXML,MSV000085158,True,unvalidated_pairs
db003578-dbfb-4e77-b40d-5e8060445351.1,Salinispora pacifica CNT133A,genome,ftp://massive.ucsd.edu/MSV000085158/raw/Salinispora_NEP_GNPS_DG/T-133.mzXML,MSV000085158,True,unvalidated_pairs
db003578-dbfb-4e77-b40d-5e8060445351.1,Salinispora pacifica CNT609,genome,ftp://massive.ucsd.edu/MSV000085158/raw/Salinispora_NEP_GNPS_DG/T-609.mzXML,MSV000085158,True,unvalidated_pairs
db003578-dbfb-4e77-b40d-5e8060445351.1,Salinispora pacifica CNY331,genome,ftp://massive.ucsd.edu/MSV000085158/raw/Salinispora_NEP_GNPS_DG/Y-331.mzXML,MSV000085158,True,unvalidated_pairs
db003578-dbfb-4e77-b40d-5e8060445351.1,Salinispora oceanensis CNS996,genome,ftp://massive.ucsd.edu/MSV000085158/raw/Salinispora_NEP_GNPS_DG/S-996.mzXML,MSV000085158,True,unvalidated_pairs
db003578-dbfb-4e77-b40d-5e8060445351.1,Salinispora oceanensis CNT029,genome,ftp://massive.ucsd.edu/MSV000085158/raw/Salinispora_NEP_GNPS_DG/T-029.mzXML,MSV000085158,True,unvalidated_pairs
db003578-dbfb-4e77-b40d-5e8060445351.1,Salinispora oceanensis CNY673,genome,ftp://massive.ucsd.edu/MSV000085158/raw/Salinispora_NEP_GNPS_DG/Y-673.mzXML,MSV000085158,True,unvalidated_pairs
db003578-dbfb-4e77-b40d-5e8060445351.1,Salinispora oceanensis CNT403,genome,ftp://massive.ucsd.edu/MSV000085158/raw/Salinispora_NEP_GNPS_DG/T-403.mzXML,MSV000085158,True,unvalidated_pairs
db003578-dbfb-4e77-b40d-5e8060445351.1,Salinispora arenicola CNH643,genome,ftp://massive.ucsd.edu/MSV000085158/raw/Salinispora_NEP_GNPS_DG/H-643.mzXML,MSV000085158,True,unvalidated_pairs
db003578-dbfb-4e77-b40d-5e8060445351.1,Salinispora arenicola CNP193,genome,ftp://massive.ucsd.edu/MSV000085158/raw/Salinispora_NEP_GNPS_DG/P-193.mzXML,MSV000085158,True,unvalidated_pairs
db003578-dbfb-4e77-b40d-5e8060445351.1,Salinispora arenicola CNS848,genome,ftp://massive.ucsd.edu/MSV000085158/raw/Salinispora_NEP_GNPS_DG/S-848.mzXML,MSV000085158,True,unvalidated_pairs
db003578-dbfb-4e77-b40d-5e8060445351.1,Salinispora arenicola CNX482,genome,ftp://massive.ucsd.edu/MSV000085158/raw/Salinispora_NEP_GNPS_DG/X-482.mzXML,MSV000085158,True,unvalidated_pairs
db003578-dbfb-4e77-b40d-5e8060445351.1,Salinispora arenicola CNX508,genome,ftp://massive.ucsd.edu/MSV000085158/raw/Salinispora_NEP_GNPS_DG/X-508.mzXML,MSV000085158,True,unvalidated_pairs
db003578-dbfb-4e77-b40d-5e8060445351.1,Salinispora tropica CNB440,genome,ftp://massive.ucsd.edu/MSV000085158/raw/Salinispora_NEP_GNPS_DG/B-440.mzXML,MSV000085158,True,unvalidated_pairs
db003578-dbfb-4e77-b40d-5e8060445351.1,Salinispora tropica CNS416,genome,ftp://massive.ucsd.edu/MSV000085158/raw/Salinispora_NEP_GNPS_DG/S-416.mzXML,MSV000085158,True,unvalidated_pairs
db003578-dbfb-4e77-b40d-5e8060445351.1,Salinispora tropica CNY681,genome,ftp://massive.ucsd.edu/MSV000085158/raw/Salinispora_NEP_GNPS_DG/Y-681.mzXML,MSV000085158,True,unvalidated_pairs
db830284-7b69-4eab-8185-76fc2554dd7e.1,Pseudoalteromonas piscicida strain DE1-A,genome,ftp://massive.ucsd.edu/MSV000083295/raw/CO348.mzXML,MSV000083295,True,unvalidated_pairs
e26c5e21-e3de-4448-9623-a085cb71eca6.2,Burkholderia cenocepacia J2315,genome,ftp://massive.ucsd.edu/MSV000084945/ccms_peak/Dataset1_1/B.cenocepacia_J2315_MarvinLab/No_trimethoprim/J2315_EA_24_P1-B-1_01_2650.mzML,MSV000084945,True,unvalidated_pairs
e26c5e21-e3de-4448-9623-a085cb71eca6.2,Burkholderia cenocepacia J2315,genome,ftp://massive.ucsd.edu/MSV000084945/ccms_peak/Dataset1_1/B.cenocepacia_J2315_MarvinLab/No_trimethoprim/J2315_EA_48_P1-B-2_01_2651.mzML,MSV000084945,True,unvalidated_pairs
e26c5e21-e3de-4448-9623-a085cb71eca6.2,Burkholderia cenocepacia J2315,genome,ftp://massive.ucsd.edu/MSV000084945/ccms_peak/Dataset1_1/B.cenocepacia_J2315_MarvinLab/No_trimethoprim/J2315_SPE_24_P1-B-3_01_2652.mzML,MSV000084945,True,unvalidated_pairs
e26c5e21-e3de-4448-9623-a085cb71eca6.2,Burkholderia cenocepacia J2315,genome,ftp://massive.ucsd.edu/MSV000084945/ccms_peak/Dataset1_1/B.cenocepacia_J2315_MarvinLab/No_trimethoprim/J2315_SPE_48_P1-B-4_01_2653.mzML,MSV000084945,True,unvalidated_pairs
e26c5e21-e3de-4448-9623-a085cb71eca6.2,Burkholderia cenocepacia J2315,genome,ftp://massive.ucsd.edu/MSV000084945/ccms_peak/Dataset1_1/B.cenocepacia_J2315_MarvinLab/Trimethoprim/J2315_EA_24_TMP_P1-B-5_01_2654.mzML,MSV000084945,True,unvalidated_pairs
e26c5e21-e3de-4448-9623-a085cb71eca6.2,Burkholderia cenocepacia J2315,genome,ftp://massive.ucsd.edu/MSV000084945/ccms_peak/Dataset1_1/B.cenocepacia_J2315_MarvinLab/Trimethoprim/J2315_EA_48_TMP_P1-B-6_01_2655.mzML,MSV000084945,True,unvalidated_pairs
e26c5e21-e3de-4448-9623-a085cb71eca6.2,Burkholderia cenocepacia J2315,genome,ftp://massive.ucsd.edu/MSV000084945/ccms_peak/Dataset1_1/B.cenocepacia_J2315_MarvinLab/Trimethoprim/J2315_SPE_24_TMP_P1-B-7_01_2656.mzML,MSV000084945,True,unvalidated_pairs
e26c5e21-e3de-4448-9623-a085cb71eca6.2,Burkholderia cenocepacia J2315,genome,ftp://massive.ucsd.edu/MSV000084945/ccms_peak/Dataset1_1/B.cenocepacia_J2315_MarvinLab/Trimethoprim/J2315_SPE_48_TMP_P1-B-8_01_2657.mzML,MSV000084945,True,unvalidated_pairs
e26c5e21-e3de-4448-9623-a085cb71eca6.2,Burkholderia cenocepacia K56-2,genome,ftp://massive.ucsd.edu/MSV000084945/ccms_peak/Dataset1_1/B.cenocepacia_K-56-2_JoannaGoldbergLab/No_trimethoprim/BcK562_EA_24_2_P1-E-1_01_2802.mzML,MSV000084945,True,unvalidated_pairs
e26c5e21-e3de-4448-9623-a085cb71eca6.2,Burkholderia cenocepacia K56-2,genome,ftp://massive.ucsd.edu/MSV000084945/ccms_peak/Dataset1_1/B.cenocepacia_K-56-2_JoannaGoldbergLab/No_trimethoprim/BcK562_EA_48_2_P1-E-2_01_2803.mzML,MSV000084945,True,unvalidated_pairs
e26c5e21-e3de-4448-9623-a085cb71eca6.2,Burkholderia cenocepacia K56-2,genome,ftp://massive.ucsd.edu/MSV000084945/ccms_peak/Dataset1_1/B.cenocepacia_K-56-2_JoannaGoldbergLab/No_trimethoprim/BcK562_SPE_24_3_P1-E-3_01_2808.mzML,MSV000084945,True,unvalidated_pairs
e26c5e21-e3de-4448-9623-a085cb71eca6.2,Burkholderia cenocepacia K56-2,genome,ftp://massive.ucsd.edu/MSV000084945/ccms_peak/Dataset1_1/B.cenocepacia_K-56-2_JoannaGoldbergLab/No_trimethoprim/BcK562_SPE_48_3_P1-E-4_01_2809.mzML,MSV000084945,True,unvalidated_pairs
e26c5e21-e3de-4448-9623-a085cb71eca6.2,Burkholderia cenocepacia K56-2,genome,ftp://massive.ucsd.edu/MSV000084945/ccms_peak/Dataset1_1/B.cenocepacia_K-56-2_JoannaGoldbergLab/Trimethoprim/BcK562_EA_24_TMP_3_P1-E-5_01_2810.mzML,MSV000084945,True,unvalidated_pairs
e26c5e21-e3de-4448-9623-a085cb71eca6.2,Burkholderia cenocepacia K56-2,genome,ftp://massive.ucsd.edu/MSV000084945/ccms_peak/Dataset1_1/B.cenocepacia_K-56-2_JoannaGoldbergLab/Trimethoprim/BcK562_EA_48_TMP_3_P1-E-6_01_2811.mzML,MSV000084945,True,unvalidated_pairs
e26c5e21-e3de-4448-9623-a085cb71eca6.2,Burkholderia cenocepacia K56-2,genome,ftp://massive.ucsd.edu/MSV000084945/ccms_peak/Dataset1_1/B.cenocepacia_K-56-2_JoannaGoldbergLab/Trimethoprim/BcK562_SPE_24_TMP_3_P1-E-7_01_2829.mzML,MSV000084945,True,unvalidated_pairs
e26c5e21-e3de-4448-9623-a085cb71eca6.2,Burkholderia cenocepacia K56-2,genome,ftp://massive.ucsd.edu/MSV000084945/ccms_peak/Dataset1_1/B.cenocepacia_K-56-2_JoannaGoldbergLab/Trimethoprim/BcK562_SPE_48_TMP_3_P1-E-8_01_2831.mzML,MSV000084945,True,unvalidated_pairs
e26c5e21-e3de-4448-9623-a085cb71eca6.2,Burkholderia dolosa AU0158,genome,ftp://massive.ucsd.edu/MSV000084945/ccms_peak/Dataset1_1/B.dolosa_AU1058/No_trimethoprim/Bdolosa_EA_24_2_P1-A-1_01_2846.mzML,MSV000084945,True,unvalidated_pairs
e26c5e21-e3de-4448-9623-a085cb71eca6.2,Burkholderia dolosa AU0158,genome,ftp://massive.ucsd.edu/MSV000084945/ccms_peak/Dataset1_1/B.dolosa_AU1058/No_trimethoprim/Bdolosa_EA_48_2_P1-A-2_01_2847.mzML,MSV000084945,True,unvalidated_pairs
e26c5e21-e3de-4448-9623-a085cb71eca6.2,Burkholderia dolosa AU0158,genome,ftp://massive.ucsd.edu/MSV000084945/ccms_peak/Dataset1_1/B.dolosa_AU1058/No_trimethoprim/Bdolosa_SPE_24_3_P1-A-3_01_2849.mzML,MSV000084945,True,unvalidated_pairs
e26c5e21-e3de-4448-9623-a085cb71eca6.2,Burkholderia dolosa AU0158,genome,ftp://massive.ucsd.edu/MSV000084945/ccms_peak/Dataset1_1/B.dolosa_AU1058/No_trimethoprim/Bdolosa_SPE_48_2_P1-A-4_01_2850.mzML,MSV000084945,True,unvalidated_pairs
e26c5e21-e3de-4448-9623-a085cb71eca6.2,Burkholderia dolosa AU0158,genome,ftp://massive.ucsd.edu/MSV000084945/ccms_peak/Dataset1_1/B.dolosa_AU1058/Trimethoprim/Bdolosa_EA_24_TMP_2_P1-A-5_01_2851.mzML,MSV000084945,True,unvalidated_pairs
e26c5e21-e3de-4448-9623-a085cb71eca6.2,Burkholderia dolosa AU0158,genome,ftp://massive.ucsd.edu/MSV000084945/ccms_peak/Dataset1_1/B.dolosa_AU1058/Trimethoprim/Bdolosa_EA_48_TMP_2_P1-A-6_01_2852.mzML,MSV000084945,True,unvalidated_pairs
e26c5e21-e3de-4448-9623-a085cb71eca6.2,Burkholderia dolosa AU0158,genome,ftp://massive.ucsd.edu/MSV000084945/ccms_peak/Dataset1_1/B.dolosa_AU1058/Trimethoprim/Bdolosa_SPE_24_TMP_2_P1-A-7_01_2853.mzML,MSV000084945,True,unvalidated_pairs
e26c5e21-e3de-4448-9623-a085cb71eca6.2,Burkholderia dolosa AU0158,genome,ftp://massive.ucsd.edu/MSV000084945/ccms_peak/Dataset1_1/B.dolosa_AU1058/Trimethoprim/Bdolosa_SPE_48_TMP_2_P1-A-8_01_2854.mzML,MSV000084945,True,unvalidated_pairs
e26c5e21-e3de-4448-9623-a085cb71eca6.2,Burkholderia multivorans ATCC 17616,genome,ftp://massive.ucsd.edu/MSV000084945/ccms_peak/Dataset1_1/B.multivorans_ATCC_17616/No_Trimethoprim/BmvATCC17016_EA_24_P1-A-1_01_2762.mzML,MSV000084945,True,unvalidated_pairs
e26c5e21-e3de-4448-9623-a085cb71eca6.2,Burkholderia multivorans ATCC 17616,genome,ftp://massive.ucsd.edu/MSV000084945/ccms_peak/Dataset1_1/B.multivorans_ATCC_17616/No_Trimethoprim/BmvATCC17016_EA_48_P1-A-2_01_2763.mzML,MSV000084945,True,unvalidated_pairs
e26c5e21-e3de-4448-9623-a085cb71eca6.2,Burkholderia multivorans ATCC 17616,genome,ftp://massive.ucsd.edu/MSV000084945/ccms_peak/Dataset1_1/B.multivorans_ATCC_17616/No_Trimethoprim/BmvATCC17016_SPE_24_P1-A-3_01_2764.mzML,MSV000084945,True,unvalidated_pairs
e26c5e21-e3de-4448-9623-a085cb71eca6.2,Burkholderia multivorans ATCC 17616,genome,ftp://massive.ucsd.edu/MSV000084945/ccms_peak/Dataset1_1/B.multivorans_ATCC_17616/No_Trimethoprim/BmvATCC17016_SPE_48_P1-A-4_01_2765.mzML,MSV000084945,True,unvalidated_pairs
e26c5e21-e3de-4448-9623-a085cb71eca6.2,Burkholderia multivorans ATCC 17616,genome,ftp://massive.ucsd.edu/MSV000084945/ccms_peak/Dataset1_1/B.multivorans_ATCC_17616/Trimethoprim/BmvATCC17016_EA_24_TMP_P1-A-5_01_2766.mzML,MSV000084945,True,unvalidated_pairs
e26c5e21-e3de-4448-9623-a085cb71eca6.2,Burkholderia multivorans ATCC 17616,genome,ftp://massive.ucsd.edu/MSV000084945/ccms_peak/Dataset1_1/B.multivorans_ATCC_17616/Trimethoprim/BmvATCC17016_EA_48_TMP_P1-A-6_01_2767.mzML,MSV000084945,True,unvalidated_pairs
e26c5e21-e3de-4448-9623-a085cb71eca6.2,Burkholderia multivorans ATCC 17616,genome,ftp://massive.ucsd.edu/MSV000084945/ccms_peak/Dataset1_1/B.multivorans_ATCC_17616/Trimethoprim/BmvATCC17016_SPE_24_TMP_P1-A-7_01_2768.mzML,MSV000084945,True,unvalidated_pairs
e26c5e21-e3de-4448-9623-a085cb71eca6.2,Burkholderia multivorans CF1 (a.k.a ATCC BAA-247),genome,ftp://massive.ucsd.edu/MSV000084945/ccms_peak/Dataset1_1/B.multivorans_CF1_BrownLab/No_trimethoprim/BtE265_EA_24_P1-E-1_01_2751.mzML,MSV000084945,True,unvalidated_pairs
e26c5e21-e3de-4448-9623-a085cb71eca6.2,Burkholderia multivorans CF1 (a.k.a ATCC BAA-247),genome,ftp://massive.ucsd.edu/MSV000084945/ccms_peak/Dataset1_1/B.multivorans_CF1_BrownLab/No_trimethoprim/BtE265_EA_48_P1-E-2_01_2752.mzML,MSV000084945,True,unvalidated_pairs
e26c5e21-e3de-4448-9623-a085cb71eca6.2,Burkholderia multivorans CF1 (a.k.a ATCC BAA-247),genome,ftp://massive.ucsd.edu/MSV000084945/ccms_peak/Dataset1_1/B.multivorans_CF1_BrownLab/No_trimethoprim/BtE265_SPE_24_P1-E-3_01_2753.mzML,MSV000084945,True,unvalidated_pairs
e26c5e21-e3de-4448-9623-a085cb71eca6.2,Burkholderia multivorans CF1 (a.k.a ATCC BAA-247),genome,ftp://massive.ucsd.edu/MSV000084945/ccms_peak/Dataset1_1/B.multivorans_CF1_BrownLab/No_trimethoprim/BtE265_SPE_48_P1-E-4_01_2754.mzML,MSV000084945,True,unvalidated_pairs
e26c5e21-e3de-4448-9623-a085cb71eca6.2,Burkholderia multivorans CF1 (a.k.a ATCC BAA-247),genome,ftp://massive.ucsd.edu/MSV000084945/ccms_peak/Dataset1_1/B.multivorans_CF1_BrownLab/Trimethoprim/BtE265_EA_24_TMP_P1-E-5_01_2755.mzML,MSV000084945,True,unvalidated_pairs
e26c5e21-e3de-4448-9623-a085cb71eca6.2,Burkholderia multivorans CF1 (a.k.a ATCC BAA-247),genome,ftp://massive.ucsd.edu/MSV000084945/ccms_peak/Dataset1_1/B.multivorans_CF1_BrownLab/Trimethoprim/BtE265_EA_48_TMP_P1-E-6_01_2756.mzML,MSV000084945,True,unvalidated_pairs
e26c5e21-e3de-4448-9623-a085cb71eca6.2,Burkholderia multivorans CF1 (a.k.a ATCC BAA-247),genome,ftp://massive.ucsd.edu/MSV000084945/ccms_peak/Dataset1_1/B.multivorans_CF1_BrownLab/Trimethoprim/BtE265_SPE_24_TMP_P1-E-7_01_2757.mzML,MSV000084945,True,unvalidated_pairs
e26c5e21-e3de-4448-9623-a085cb71eca6.2,Burkholderia multivorans CF1 (a.k.a ATCC BAA-247),genome,ftp://massive.ucsd.edu/MSV000084945/ccms_peak/Dataset1_1/B.multivorans_CF1_BrownLab/Trimethoprim/BtE265_SPE_48_TMP_P1-E-8_01_2758.mzML,MSV000084945,True,unvalidated_pairs
e26c5e21-e3de-4448-9623-a085cb71eca6.2,Burkholderia multivorans CF2,genome,ftp://massive.ucsd.edu/MSV000084945/ccms_peak/Dataset1_1/B.multivorans_CF2_BrownLab/No_Trimethoprim/BmvCF2_EA_24_P1-B-1_01_2729.mzML,MSV000084945,True,unvalidated_pairs
e26c5e21-e3de-4448-9623-a085cb71eca6.2,Burkholderia multivorans CF2,genome,ftp://massive.ucsd.edu/MSV000084945/ccms_peak/Dataset1_1/B.multivorans_CF2_BrownLab/No_Trimethoprim/BmvCF2_EA_48_P1-B-2_01_2730.mzML,MSV000084945,True,unvalidated_pairs
e26c5e21-e3de-4448-9623-a085cb71eca6.2,Burkholderia multivorans CF2,genome,ftp://massive.ucsd.edu/MSV000084945/ccms_peak/Dataset1_1/B.multivorans_CF2_BrownLab/No_Trimethoprim/BmvCF2_SPE_24_P1-B-3_01_2731.mzML,MSV000084945,True,unvalidated_pairs
e26c5e21-e3de-4448-9623-a085cb71eca6.2,Burkholderia multivorans CF2,genome,ftp://massive.ucsd.edu/MSV000084945/ccms_peak/Dataset1_1/B.multivorans_CF2_BrownLab/No_Trimethoprim/BmvCF2_SPE_48_P1-B-4_01_2732.mzML,MSV000084945,True,unvalidated_pairs
e26c5e21-e3de-4448-9623-a085cb71eca6.2,Burkholderia multivorans CF2,genome,ftp://massive.ucsd.edu/MSV000084945/ccms_peak/Dataset1_1/B.multivorans_CF2_BrownLab/Trimethoprim/BmvCF2_EA_24_TMP_P1-B-5_01_2733.mzML,MSV000084945,True,unvalidated_pairs
e26c5e21-e3de-4448-9623-a085cb71eca6.2,Burkholderia multivorans CF2,genome,ftp://massive.ucsd.edu/MSV000084945/ccms_peak/Dataset1_1/B.multivorans_CF2_BrownLab/Trimethoprim/BmvCF2_EA_48_TMP_P1-B-6_01_2734.mzML,MSV000084945,True,unvalidated_pairs
e26c5e21-e3de-4448-9623-a085cb71eca6.2,Burkholderia multivorans CF2,genome,ftp://massive.ucsd.edu/MSV000084945/ccms_peak/Dataset1_1/B.multivorans_CF2_BrownLab/Trimethoprim/BmvCF2_SPE_24_TMP_P1-B-7_01_2735.mzML,MSV000084945,True,unvalidated_pairs
e26c5e21-e3de-4448-9623-a085cb71eca6.2,Burkholderia multivorans CF2,genome,ftp://massive.ucsd.edu/MSV000084945/ccms_peak/Dataset1_1/B.multivorans_CF2_BrownLab/Trimethoprim/BmvCF2_SPE_48_TMP_P1-B-8_01_2736.mzML,MSV000084945,True,unvalidated_pairs
e26c5e21-e3de-4448-9623-a085cb71eca6.2,Burkholderia thailandensis E264,genome,ftp://massive.ucsd.edu/MSV000084945/ccms_peak/Dataset1_1/B.thailandensis_E264/No_trimethoprim/BmvCF1_EA_24_P1-A-1_01_2718.mzML,MSV000084945,True,unvalidated_pairs
e26c5e21-e3de-4448-9623-a085cb71eca6.2,Burkholderia thailandensis E264,genome,ftp://massive.ucsd.edu/MSV000084945/ccms_peak/Dataset1_1/B.thailandensis_E264/No_trimethoprim/BmvCF1_EA_48_P1-A-2_01_2719.mzML,MSV000084945,True,unvalidated_pairs
e26c5e21-e3de-4448-9623-a085cb71eca6.2,Burkholderia thailandensis E264,genome,ftp://massive.ucsd.edu/MSV000084945/ccms_peak/Dataset1_1/B.thailandensis_E264/No_trimethoprim/BmvCF1_SPE_24_P1-A-3_01_2720.mzML,MSV000084945,True,unvalidated_pairs
e26c5e21-e3de-4448-9623-a085cb71eca6.2,Burkholderia thailandensis E264,genome,ftp://massive.ucsd.edu/MSV000084945/ccms_peak/Dataset1_1/B.thailandensis_E264/No_trimethoprim/BmvCF1_SPE_48_P1-A-4_01_2721.mzML,MSV000084945,True,unvalidated_pairs
e26c5e21-e3de-4448-9623-a085cb71eca6.2,Burkholderia thailandensis E264,genome,ftp://massive.ucsd.edu/MSV000084945/ccms_peak/Dataset1_1/B.thailandensis_E264/Trimethoprim/BmvCF1_EA_24_TMP_P1-A-5_01_2722.mzML,MSV000084945,True,unvalidated_pairs
e26c5e21-e3de-4448-9623-a085cb71eca6.2,Burkholderia thailandensis E264,genome,ftp://massive.ucsd.edu/MSV000084945/ccms_peak/Dataset1_1/B.thailandensis_E264/Trimethoprim/BmvCF1_EA_48_TMP_P1-A-6_01_2723.mzML,MSV000084945,True,unvalidated_pairs
e26c5e21-e3de-4448-9623-a085cb71eca6.2,Burkholderia thailandensis E264,genome,ftp://massive.ucsd.edu/MSV000084945/ccms_peak/Dataset1_1/B.thailandensis_E264/Trimethoprim/BmvCF1_SPE_24_TMP_P1-A-7_01_2724.mzML,MSV000084945,True,unvalidated_pairs
e26c5e21-e3de-4448-9623-a085cb71eca6.2,Burkholderia thailandensis E264,genome,ftp://massive.ucsd.edu/MSV000084945/ccms_peak/Dataset1_1/B.thailandensis_E264/Trimethoprim/BmvCF1_SPE_48_TMP_P1-A-8_01_2725.mzML,MSV000084945,True,unvalidated_pairs
e26c5e21-e3de-4448-9623-a085cb71eca6.2,Burkholderia cenocepacia J2315,genome,ftp://massive.ucsd.edu/MSV000084945/ccms_peak/Dataset2_2/B.cenocepacia_J2315/No_trimethoprim/BcJ2315_LB_EA_24_1_rerun_P1-A-1_01_3956.mzML,MSV000084945,True,unvalidated_pairs
e26c5e21-e3de-4448-9623-a085cb71eca6.2,Burkholderia cenocepacia J2315,genome,ftp://massive.ucsd.edu/MSV000084945/ccms_peak/Dataset2_2/B.cenocepacia_J2315/No_trimethoprim/BcJ2315_LB_EA_24_2_rerun_P1-A-1_01_3957.mzML,MSV000084945,True,unvalidated_pairs
e26c5e21-e3de-4448-9623-a085cb71eca6.2,Burkholderia cenocepacia J2315,genome,ftp://massive.ucsd.edu/MSV000084945/ccms_peak/Dataset2_2/B.cenocepacia_J2315/No_trimethoprim/BcJ2315_LB_EA_48_1_rerun_P1-A-2_01_3958.mzML,MSV000084945,True,unvalidated_pairs
e26c5e21-e3de-4448-9623-a085cb71eca6.2,Burkholderia cenocepacia J2315,genome,ftp://massive.ucsd.edu/MSV000084945/ccms_peak/Dataset2_2/B.cenocepacia_J2315/No_trimethoprim/BcJ2315_LB_EA_48_2_rerun_P1-A-2_01_3959.mzML,MSV000084945,True,unvalidated_pairs
e26c5e21-e3de-4448-9623-a085cb71eca6.2,Burkholderia cenocepacia J2315,genome,ftp://massive.ucsd.edu/MSV000084945/ccms_peak/Dataset2_2/B.cenocepacia_J2315/No_trimethoprim/BcJ2315_LB_SPE_24_1_rerun_P1-A-3_01_3963.mzML,MSV000084945,True,unvalidated_pairs
e26c5e21-e3de-4448-9623-a085cb71eca6.2,Burkholderia cenocepacia J2315,genome,ftp://massive.ucsd.edu/MSV000084945/ccms_peak/Dataset2_2/B.cenocepacia_J2315/No_trimethoprim/BcJ2315_LB_SPE_24_2_rerun_P1-A-3_01_3964.mzML,MSV000084945,True,unvalidated_pairs
e26c5e21-e3de-4448-9623-a085cb71eca6.2,Burkholderia cenocepacia J2315,genome,ftp://massive.ucsd.edu/MSV000084945/ccms_peak/Dataset2_2/B.cenocepacia_J2315/No_trimethoprim/BcJ2315_LB_SPE_48_1_rerun_P1-A-4_01_3965.mzML,MSV000084945,True,unvalidated_pairs
e26c5e21-e3de-4448-9623-a085cb71eca6.2,Burkholderia cenocepacia J2315,genome,ftp://massive.ucsd.edu/MSV000084945/ccms_peak/Dataset2_2/B.cenocepacia_J2315/No_trimethoprim/BcJ2315_LB_SPE_48_2_rerun_P1-A-4_01_3966.mzML,MSV000084945,True,unvalidated_pairs
e26c5e21-e3de-4448-9623-a085cb71eca6.2,Burkholderia cenocepacia J2315,genome,ftp://massive.ucsd.edu/MSV000084945/ccms_peak/Dataset2_2/B.cenocepacia_J2315/No_trimethoprim/J2315_EA_24_noTri_1_P2-D-1_01_6343.mzML,MSV000084945,True,unvalidated_pairs
e26c5e21-e3de-4448-9623-a085cb71eca6.2,Burkholderia cenocepacia J2315,genome,ftp://massive.ucsd.edu/MSV000084945/ccms_peak/Dataset2_2/B.cenocepacia_J2315/No_trimethoprim/J2315_EA_24_noTri_2_P2-D-1_01_6344.mzML,MSV000084945,True,unvalidated_pairs
e26c5e21-e3de-4448-9623-a085cb71eca6.2,Burkholderia cenocepacia J2315,genome,ftp://massive.ucsd.edu/MSV000084945/ccms_peak/Dataset2_2/B.cenocepacia_J2315/No_trimethoprim/J2315_EA_24_noTri_3_P2-D-1_01_6345.mzML,MSV000084945,True,unvalidated_pairs
e26c5e21-e3de-4448-9623-a085cb71eca6.2,Burkholderia cenocepacia J2315,genome,ftp://massive.ucsd.edu/MSV000084945/ccms_peak/Dataset2_2/B.cenocepacia_J2315/No_trimethoprim/J2315_EA_48_noTri_1_P2-D-2_01_6346.mzML,MSV000084945,True,unvalidated_pairs
e26c5e21-e3de-4448-9623-a085cb71eca6.2,Burkholderia cenocepacia J2315,genome,ftp://massive.ucsd.edu/MSV000084945/ccms_peak/Dataset2_2/B.cenocepacia_J2315/No_trimethoprim/J2315_EA_48_noTri_2_P2-D-2_01_6347.mzML,MSV000084945,True,unvalidated_pairs
e26c5e21-e3de-4448-9623-a085cb71eca6.2,Burkholderia cenocepacia J2315,genome,ftp://massive.ucsd.edu/MSV000084945/ccms_peak/Dataset2_2/B.cenocepacia_J2315/No_trimethoprim/J2315_EA_48_noTri_3_P2-D-2_01_6348.mzML,MSV000084945,True,unvalidated_pairs
e26c5e21-e3de-4448-9623-a085cb71eca6.2,Burkholderia cenocepacia J2315,genome,ftp://massive.ucsd.edu/MSV000084945/ccms_peak/Dataset2_2/B.cenocepacia_J2315/No_trimethoprim/J2315_SPE_24_noTri_1_P2-D-5_01_6357.mzML,MSV000084945,True,unvalidated_pairs
e26c5e21-e3de-4448-9623-a085cb71eca6.2,Burkholderia cenocepacia J2315,genome,ftp://massive.ucsd.edu/MSV000084945/ccms_peak/Dataset2_2/B.cenocepacia_J2315/No_trimethoprim/J2315_SPE_24_noTri_2_P2-D-5_01_6358.mzML,MSV000084945,True,unvalidated_pairs
e26c5e21-e3de-4448-9623-a085cb71eca6.2,Burkholderia cenocepacia J2315,genome,ftp://massive.ucsd.edu/MSV000084945/ccms_peak/Dataset2_2/B.cenocepacia_J2315/No_trimethoprim/J2315_SPE_24_noTri_3_P2-D-5_01_6359.mzML,MSV000084945,True,unvalidated_pairs
e26c5e21-e3de-4448-9623-a085cb71eca6.2,Burkholderia cenocepacia J2315,genome,ftp://massive.ucsd.edu/MSV000084945/ccms_peak/Dataset2_2/B.cenocepacia_J2315/Trimethoprim/BcJ2315_LB_EA_24_Tri_1_rerun_P1-A-5_01_3967.mzML,MSV000084945,True,unvalidated_pairs
e26c5e21-e3de-4448-9623-a085cb71eca6.2,Burkholderia cenocepacia J2315,genome,ftp://massive.ucsd.edu/MSV000084945/ccms_peak/Dataset2_2/B.cenocepacia_J2315/Trimethoprim/BcJ2315_LB_EA_24_Tri_2_rerun_P1-A-5_01_3968.mzML,MSV000084945,True,unvalidated_pairs
e26c5e21-e3de-4448-9623-a085cb71eca6.2,Burkholderia cenocepacia J2315,genome,ftp://massive.ucsd.edu/MSV000084945/ccms_peak/Dataset2_2/B.cenocepacia_J2315/Trimethoprim/BcJ2315_LB_EA_48_Tri_1_rerun_P1-A-6_01_3969.mzML,MSV000084945,True,unvalidated_pairs
e26c5e21-e3de-4448-9623-a085cb71eca6.2,Burkholderia cenocepacia J2315,genome,ftp://massive.ucsd.edu/MSV000084945/ccms_peak/Dataset2_2/B.cenocepacia_J2315/Trimethoprim/BcJ2315_LB_EA_48_Tri_2_rerun_P1-A-6_01_3970.mzML,MSV000084945,True,unvalidated_pairs
e26c5e21-e3de-4448-9623-a085cb71eca6.2,Burkholderia cenocepacia J2315,genome,ftp://massive.ucsd.edu/MSV000084945/ccms_peak/Dataset2_2/B.cenocepacia_J2315/Trimethoprim/BcJ2315_LB_SPE_24_Tri_1_rerun_P1-A-7_01_3971.mzML,MSV000084945,True,unvalidated_pairs
e26c5e21-e3de-4448-9623-a085cb71eca6.2,Burkholderia cenocepacia J2315,genome,ftp://massive.ucsd.edu/MSV000084945/ccms_peak/Dataset2_2/B.cenocepacia_J2315/Trimethoprim/BcJ2315_LB_SPE_24_Tri_2_rerun_P1-A-7_01_3972.mzML,MSV000084945,True,unvalidated_pairs
e26c5e21-e3de-4448-9623-a085cb71eca6.2,Burkholderia cenocepacia J2315,genome,ftp://massive.ucsd.edu/MSV000084945/ccms_peak/Dataset2_2/B.cenocepacia_J2315/Trimethoprim/BcJ2315_LB_SPE_48_Tri_1_rerun_P1-A-8_01_3973.mzML,MSV000084945,True,unvalidated_pairs
e26c5e21-e3de-4448-9623-a085cb71eca6.2,Burkholderia cenocepacia J2315,genome,ftp://massive.ucsd.edu/MSV000084945/ccms_peak/Dataset2_2/B.cenocepacia_J2315/Trimethoprim/BcJ2315_LB_SPE_48_Tri_2_rerun_P1-A-8_01_3974.mzML,MSV000084945,True,unvalidated_pairs
e26c5e21-e3de-4448-9623-a085cb71eca6.2,Burkholderia cenocepacia J2315,genome,ftp://massive.ucsd.edu/MSV000084945/ccms_peak/Dataset2_2/B.cenocepacia_J2315/Trimethoprim/J2315_EA_24_Tri_1_P2-D-3_01_6349.mzML,MSV000084945,True,unvalidated_pairs
e26c5e21-e3de-4448-9623-a085cb71eca6.2,Burkholderia cenocepacia J2315,genome,ftp://massive.ucsd.edu/MSV000084945/ccms_peak/Dataset2_2/B.cenocepacia_J2315/Trimethoprim/J2315_EA_24_Tri_2_P2-D-3_01_6350.mzML,MSV000084945,True,unvalidated_pairs
e26c5e21-e3de-4448-9623-a085cb71eca6.2,Burkholderia cenocepacia J2315,genome,ftp://massive.ucsd.edu/MSV000084945/ccms_peak/Dataset2_2/B.cenocepacia_J2315/Trimethoprim/J2315_EA_24_Tri_3_P2-D-3_01_6351.mzML,MSV000084945,True,unvalidated_pairs
e26c5e21-e3de-4448-9623-a085cb71eca6.2,Burkholderia cenocepacia J2315,genome,ftp://massive.ucsd.edu/MSV000084945/ccms_peak/Dataset2_2/B.cenocepacia_J2315/Trimethoprim/J2315_EA_48_Tri_1_P2-D-3_01_6354.mzML,MSV000084945,True,unvalidated_pairs
e26c5e21-e3de-4448-9623-a085cb71eca6.2,Burkholderia cenocepacia J2315,genome,ftp://massive.ucsd.edu/MSV000084945/ccms_peak/Dataset2_2/B.cenocepacia_J2315/Trimethoprim/J2315_EA_48_Tri_2_P2-D-3_01_6355.mzML,MSV000084945,True,unvalidated_pairs
e26c5e21-e3de-4448-9623-a085cb71eca6.2,Burkholderia cenocepacia J2315,genome,ftp://massive.ucsd.edu/MSV000084945/ccms_peak/Dataset2_2/B.cenocepacia_J2315/Trimethoprim/J2315_EA_48_Tri_3_P2-D-3_01_6356.mzML,MSV000084945,True,unvalidated_pairs
e26c5e21-e3de-4448-9623-a085cb71eca6.2,Burkholderia cenocepacia J2315,genome,ftp://massive.ucsd.edu/MSV000084945/ccms_peak/Dataset2_2/B.cenocepacia_J2315/Trimethoprim/J2315_SPE_24_Tri_1_P2-D-6_01_6360.mzML,MSV000084945,True,unvalidated_pairs
e26c5e21-e3de-4448-9623-a085cb71eca6.2,Burkholderia cenocepacia J2315,genome,ftp://massive.ucsd.edu/MSV000084945/ccms_peak/Dataset2_2/B.cenocepacia_J2315/Trimethoprim/J2315_SPE_24_Tri_2_P2-D-6_01_6361.mzML,MSV000084945,True,unvalidated_pairs
e26c5e21-e3de-4448-9623-a085cb71eca6.2,Burkholderia cenocepacia J2315,genome,ftp://massive.ucsd.edu/MSV000084945/ccms_peak/Dataset2_2/B.cenocepacia_J2315/Trimethoprim/J2315_SPE_24_Tri_3_P2-D-6_01_6362.mzML,MSV000084945,True,unvalidated_pairs
e26c5e21-e3de-4448-9623-a085cb71eca6.2,Burkholderia cenocepacia K56-2,genome,ftp://massive.ucsd.edu/MSV000084945/ccms_peak/Dataset2_2/B.cenocepacia_K56-2/No_trimethoprim/BcK562_LB_EA_24_1_P1-A-1_01_4039.mzML,MSV000084945,True,unvalidated_pairs
e26c5e21-e3de-4448-9623-a085cb71eca6.2,Burkholderia cenocepacia K56-2,genome,ftp://massive.ucsd.edu/MSV000084945/ccms_peak/Dataset2_2/B.cenocepacia_K56-2/No_trimethoprim/BcK562_LB_EA_24_2_P1-A-1_01_4040.mzML,MSV000084945,True,unvalidated_pairs
e26c5e21-e3de-4448-9623-a085cb71eca6.2,Burkholderia cenocepacia K56-2,genome,ftp://massive.ucsd.edu/MSV000084945/ccms_peak/Dataset2_2/B.cenocepacia_K56-2/No_trimethoprim/BcK562_LB_EA_48_1_P1-A-2_01_4041.mzML,MSV000084945,True,unvalidated_pairs
e26c5e21-e3de-4448-9623-a085cb71eca6.2,Burkholderia cenocepacia K56-2,genome,ftp://massive.ucsd.edu/MSV000084945/ccms_peak/Dataset2_2/B.cenocepacia_K56-2/No_trimethoprim/BcK562_LB_EA_48_2_P1-A-2_01_4042.mzML,MSV000084945,True,unvalidated_pairs
e26c5e21-e3de-4448-9623-a085cb71eca6.2,Burkholderia cenocepacia K56-2,genome,ftp://massive.ucsd.edu/MSV000084945/ccms_peak/Dataset2_2/B.cenocepacia_K56-2/No_trimethoprim/BcK562_LB_SPE_24_1_P1-A-3_01_4043.mzML,MSV000084945,True,unvalidated_pairs
e26c5e21-e3de-4448-9623-a085cb71eca6.2,Burkholderia cenocepacia K56-2,genome,ftp://massive.ucsd.edu/MSV000084945/ccms_peak/Dataset2_2/B.cenocepacia_K56-2/No_trimethoprim/BcK562_LB_SPE_24_2_P1-A-3_01_4044.mzML,MSV000084945,True,unvalidated_pairs
e26c5e21-e3de-4448-9623-a085cb71eca6.2,Burkholderia cenocepacia K56-2,genome,ftp://massive.ucsd.edu/MSV000084945/ccms_peak/Dataset2_2/B.cenocepacia_K56-2/No_trimethoprim/BcK562_LB_SPE_48_1_P1-A-4_01_4045.mzML,MSV000084945,True,unvalidated_pairs
e26c5e21-e3de-4448-9623-a085cb71eca6.2,Burkholderia cenocepacia K56-2,genome,ftp://massive.ucsd.edu/MSV000084945/ccms_peak/Dataset2_2/B.cenocepacia_K56-2/No_trimethoprim/BcK562_LB_SPE_48_2_P1-A-4_01_4046.mzML,MSV000084945,True,unvalidated_pairs
e26c5e21-e3de-4448-9623-a085cb71eca6.2,Burkholderia cenocepacia K56-2,genome,ftp://massive.ucsd.edu/MSV000084945/ccms_peak/Dataset2_2/B.cenocepacia_K56-2/Trimethoprim/BcK562_LB_EA_24_Tri_1_P1-A-5_01_4047.mzXML,MSV000084945,True,unvalidated_pairs
e26c5e21-e3de-4448-9623-a085cb71eca6.2,Burkholderia cenocepacia K56-2,genome,ftp://massive.ucsd.edu/MSV000084945/ccms_peak/Dataset2_2/B.cenocepacia_K56-2/Trimethoprim/BcK562_LB_EA_24_Tri_2_P1-A-5_01_4048.mzXML,MSV000084945,True,unvalidated_pairs
e26c5e21-e3de-4448-9623-a085cb71eca6.2,Burkholderia cenocepacia K56-2,genome,ftp://massive.ucsd.edu/MSV000084945/ccms_peak/Dataset2_2/B.cenocepacia_K56-2/Trimethoprim/BcK562_LB_EA_48_Tri_1_P1-A-6_01_4049.mzXML,MSV000084945,True,unvalidated_pairs
e26c5e21-e3de-4448-9623-a085cb71eca6.2,Burkholderia cenocepacia K56-2,genome,ftp://massive.ucsd.edu/MSV000084945/ccms_peak/Dataset2_2/B.cenocepacia_K56-2/Trimethoprim/BcK562_LB_EA_48_Tri_2_P1-A-6_01_4050.mzXML,MSV000084945,True,unvalidated_pairs
e26c5e21-e3de-4448-9623-a085cb71eca6.2,Burkholderia cenocepacia K56-2,genome,ftp://massive.ucsd.edu/MSV000084945/ccms_peak/Dataset2_2/B.cenocepacia_K56-2/Trimethoprim/BcK562_LB_SPE_24_Tri_1_P1-A-7_01_4051.mzXML,MSV000084945,True,unvalidated_pairs
e26c5e21-e3de-4448-9623-a085cb71eca6.2,Burkholderia cenocepacia K56-2,genome,ftp://massive.ucsd.edu/MSV000084945/ccms_peak/Dataset2_2/B.cenocepacia_K56-2/Trimethoprim/BcK562_LB_SPE_24_Tri_2_P1-A-7_01_4052.mzXML,MSV000084945,True,unvalidated_pairs
e26c5e21-e3de-4448-9623-a085cb71eca6.2,Burkholderia cenocepacia K56-2,genome,ftp://massive.ucsd.edu/MSV000084945/ccms_peak/Dataset2_2/B.cenocepacia_K56-2/Trimethoprim/BcK562_LB_SPE_48_Tri_1_P1-A-8_01_4053.mzXML,MSV000084945,True,unvalidated_pairs
e26c5e21-e3de-4448-9623-a085cb71eca6.2,Burkholderia cenocepacia K56-2,genome,ftp://massive.ucsd.edu/MSV000084945/ccms_peak/Dataset2_2/B.cenocepacia_K56-2/Trimethoprim/BcK562_LB_SPE_48_Tri_2_P1-A-8_01_4054.mzXML,MSV000084945,True,unvalidated_pairs
e26c5e21-e3de-4448-9623-a085cb71eca6.2,Burkholderia multivorans ATCC 17616,genome,ftp://massive.ucsd.edu/MSV000084945/ccms_peak/Dataset2_2/B.mulitvorans_ATCC_17616/No_trimethoprim/BmvATCC17616_LB_EA_24_1_P1-B-1_01_3864.mzML,MSV000084945,True,unvalidated_pairs
e26c5e21-e3de-4448-9623-a085cb71eca6.2,Burkholderia multivorans ATCC 17616,genome,ftp://massive.ucsd.edu/MSV000084945/ccms_peak/Dataset2_2/B.mulitvorans_ATCC_17616/No_trimethoprim/BmvATCC17616_LB_EA_24_2_P1-B-1_01_3865.mzML,MSV000084945,True,unvalidated_pairs
e26c5e21-e3de-4448-9623-a085cb71eca6.2,Burkholderia multivorans ATCC 17616,genome,ftp://massive.ucsd.edu/MSV000084945/ccms_peak/Dataset2_2/B.mulitvorans_ATCC_17616/No_trimethoprim/BmvATCC17616_LB_EA_48_1_P1-B-2_01_3866.mzML,MSV000084945,True,unvalidated_pairs
e26c5e21-e3de-4448-9623-a085cb71eca6.2,Burkholderia multivorans ATCC 17616,genome,ftp://massive.ucsd.edu/MSV000084945/ccms_peak/Dataset2_2/B.mulitvorans_ATCC_17616/No_trimethoprim/BmvATCC17616_LB_EA_48_2_P1-B-2_01_3867.mzML,MSV000084945,True,unvalidated_pairs
e26c5e21-e3de-4448-9623-a085cb71eca6.2,Burkholderia multivorans ATCC 17616,genome,ftp://massive.ucsd.edu/MSV000084945/ccms_peak/Dataset2_2/B.mulitvorans_ATCC_17616/No_trimethoprim/BmvATCC17616_LB_SPE_24_1_P1-B-3_01_3868.mzML,MSV000084945,True,unvalidated_pairs
e26c5e21-e3de-4448-9623-a085cb71eca6.2,Burkholderia multivorans ATCC 17616,genome,ftp://massive.ucsd.edu/MSV000084945/ccms_peak/Dataset2_2/B.mulitvorans_ATCC_17616/No_trimethoprim/BmvATCC17616_LB_SPE_24_2_P1-B-3_01_3869.mzML,MSV000084945,True,unvalidated_pairs
e26c5e21-e3de-4448-9623-a085cb71eca6.2,Burkholderia multivorans ATCC 17616,genome,ftp://massive.ucsd.edu/MSV000084945/ccms_peak/Dataset2_2/B.mulitvorans_ATCC_17616/No_trimethoprim/BmvATCC17616_LB_SPE_48_1_P1-B-4_01_3870.mzML,MSV000084945,True,unvalidated_pairs
e26c5e21-e3de-4448-9623-a085cb71eca6.2,Burkholderia multivorans ATCC 17616,genome,ftp://massive.ucsd.edu/MSV000084945/ccms_peak/Dataset2_2/B.mulitvorans_ATCC_17616/No_trimethoprim/BmvATCC17616_LB_SPE_48_2_P1-B-4_01_3871.mzML,MSV000084945,True,unvalidated_pairs
e26c5e21-e3de-4448-9623-a085cb71eca6.2,Burkholderia multivorans ATCC 17616,genome,ftp://massive.ucsd.edu/MSV000084945/ccms_peak/Dataset2_2/B.mulitvorans_ATCC_17616/Trimethoprim/BmvATCC17616_LB_EA_24_Tri_1_P1-B-5_01_3872.mzML,MSV000084945,True,unvalidated_pairs
e26c5e21-e3de-4448-9623-a085cb71eca6.2,Burkholderia multivorans ATCC 17616,genome,ftp://massive.ucsd.edu/MSV000084945/ccms_peak/Dataset2_2/B.mulitvorans_ATCC_17616/Trimethoprim/BmvATCC17616_LB_EA_24_Tri_2_P1-B-5_01_3873.mzML,MSV000084945,True,unvalidated_pairs
e26c5e21-e3de-4448-9623-a085cb71eca6.2,Burkholderia multivorans ATCC 17616,genome,ftp://massive.ucsd.edu/MSV000084945/ccms_peak/Dataset2_2/B.mulitvorans_ATCC_17616/Trimethoprim/BmvATCC17616_LB_EA_48_Tri_1_P1-B-6_01_3874.mzML,MSV000084945,True,unvalidated_pairs
e26c5e21-e3de-4448-9623-a085cb71eca6.2,Burkholderia multivorans ATCC 17616,genome,ftp://massive.ucsd.edu/MSV000084945/ccms_peak/Dataset2_2/B.mulitvorans_ATCC_17616/Trimethoprim/BmvATCC17616_LB_EA_48_Tri_2_P1-B-6_01_3875.mzML,MSV000084945,True,unvalidated_pairs
e26c5e21-e3de-4448-9623-a085cb71eca6.2,Burkholderia multivorans ATCC 17616,genome,ftp://massive.ucsd.edu/MSV000084945/ccms_peak/Dataset2_2/B.mulitvorans_ATCC_17616/Trimethoprim/BmvATCC17616_LB_SPE_24_Tri_1_P1-B-7_01_3876.mzML,MSV000084945,True,unvalidated_pairs
e26c5e21-e3de-4448-9623-a085cb71eca6.2,Burkholderia multivorans ATCC 17616,genome,ftp://massive.ucsd.edu/MSV000084945/ccms_peak/Dataset2_2/B.mulitvorans_ATCC_17616/Trimethoprim/BmvATCC17616_LB_SPE_24_Tri_2_P1-B-7_01_3877.mzML,MSV000084945,True,unvalidated_pairs
e26c5e21-e3de-4448-9623-a085cb71eca6.2,Burkholderia multivorans CF1 (a.k.a ATCC BAA-247),genome,ftp://massive.ucsd.edu/MSV000084945/ccms_peak/Dataset2_2/B.multivorans_CF1/No_trimethoprim/BtE265_LB_EA_24_1_rerun_P1-E-1_01_3978.mzML,MSV000084945,True,unvalidated_pairs
e26c5e21-e3de-4448-9623-a085cb71eca6.2,Burkholderia multivorans CF1 (a.k.a ATCC BAA-247),genome,ftp://massive.ucsd.edu/MSV000084945/ccms_peak/Dataset2_2/B.multivorans_CF1/No_trimethoprim/BtE265_LB_EA_24_2_rerun_P1-E-1_01_3979.mzML,MSV000084945,True,unvalidated_pairs
e26c5e21-e3de-4448-9623-a085cb71eca6.2,Burkholderia multivorans CF1 (a.k.a ATCC BAA-247),genome,ftp://massive.ucsd.edu/MSV000084945/ccms_peak/Dataset2_2/B.multivorans_CF1/No_trimethoprim/BtE265_LB_EA_48_1_rerun_P1-E-2_01_3980.mzML,MSV000084945,True,unvalidated_pairs
e26c5e21-e3de-4448-9623-a085cb71eca6.2,Burkholderia multivorans CF1 (a.k.a ATCC BAA-247),genome,ftp://massive.ucsd.edu/MSV000084945/ccms_peak/Dataset2_2/B.multivorans_CF1/No_trimethoprim/BtE265_LB_EA_48_2_rerun_P1-E-2_01_3981.mzML,MSV000084945,True,unvalidated_pairs
e26c5e21-e3de-4448-9623-a085cb71eca6.2,Burkholderia multivorans CF1 (a.k.a ATCC BAA-247),genome,ftp://massive.ucsd.edu/MSV000084945/ccms_peak/Dataset2_2/B.multivorans_CF1/No_trimethoprim/BtE265_LB_SPE_24_1_rerun_P1-E-3_01_3987.mzML,MSV000084945,True,unvalidated_pairs
e26c5e21-e3de-4448-9623-a085cb71eca6.2,Burkholderia multivorans CF1 (a.k.a ATCC BAA-247),genome,ftp://massive.ucsd.edu/MSV000084945/ccms_peak/Dataset2_2/B.multivorans_CF1/No_trimethoprim/BtE265_LB_SPE_24_2_rerun_P1-E-3_01_3988.mzML,MSV000084945,True,unvalidated_pairs
e26c5e21-e3de-4448-9623-a085cb71eca6.2,Burkholderia multivorans CF1 (a.k.a ATCC BAA-247),genome,ftp://massive.ucsd.edu/MSV000084945/ccms_peak/Dataset2_2/B.multivorans_CF1/No_trimethoprim/BtE265_LB_SPE_48_1_rerun_P1-E-4_01_3989.mzML,MSV000084945,True,unvalidated_pairs
e26c5e21-e3de-4448-9623-a085cb71eca6.2,Burkholderia multivorans CF1 (a.k.a ATCC BAA-247),genome,ftp://massive.ucsd.edu/MSV000084945/ccms_peak/Dataset2_2/B.multivorans_CF1/No_trimethoprim/BtE265_LB_SPE_48_2_rerun_P1-E-4_01_3990.mzML,MSV000084945,True,unvalidated_pairs
e26c5e21-e3de-4448-9623-a085cb71eca6.2,Burkholderia multivorans CF1 (a.k.a ATCC BAA-247),genome,ftp://massive.ucsd.edu/MSV000084945/ccms_peak/Dataset2_2/B.multivorans_CF1/Trimethoprim/BtE265_LB_EA_24_Tri_1_rerun_P1-E-5_01_3991.mzML,MSV000084945,True,unvalidated_pairs
e26c5e21-e3de-4448-9623-a085cb71eca6.2,Burkholderia multivorans CF1 (a.k.a ATCC BAA-247),genome,ftp://massive.ucsd.edu/MSV000084945/ccms_peak/Dataset2_2/B.multivorans_CF1/Trimethoprim/BtE265_LB_EA_24_Tri_2_rerun_P1-E-5_01_3992.mzML,MSV000084945,True,unvalidated_pairs
e26c5e21-e3de-4448-9623-a085cb71eca6.2,Burkholderia multivorans CF1 (a.k.a ATCC BAA-247),genome,ftp://massive.ucsd.edu/MSV000084945/ccms_peak/Dataset2_2/B.multivorans_CF1/Trimethoprim/BtE265_LB_EA_48_Tri_1_rerun_P1-E-6_01_4032.mzML,MSV000084945,True,unvalidated_pairs
e26c5e21-e3de-4448-9623-a085cb71eca6.2,Burkholderia multivorans CF1 (a.k.a ATCC BAA-247),genome,ftp://massive.ucsd.edu/MSV000084945/ccms_peak/Dataset2_2/B.multivorans_CF1/Trimethoprim/BtE265_LB_EA_48_Tri_2_rerun_P1-E-6_01_4030.mzML,MSV000084945,True,unvalidated_pairs
e26c5e21-e3de-4448-9623-a085cb71eca6.2,Burkholderia multivorans CF1 (a.k.a ATCC BAA-247),genome,ftp://massive.ucsd.edu/MSV000084945/ccms_peak/Dataset2_2/B.multivorans_CF1/Trimethoprim/BtE265_LB_SPE_24_Tri_1_rerun_P1-E-7_01_4031.mzML,MSV000084945,True,unvalidated_pairs
e26c5e21-e3de-4448-9623-a085cb71eca6.2,Burkholderia multivorans CF1 (a.k.a ATCC BAA-247),genome,ftp://massive.ucsd.edu/MSV000084945/ccms_peak/Dataset2_2/B.multivorans_CF1/Trimethoprim/BtE265_LB_SPE_24_Tri_2_rerun_P1-E-7_01_4033.mzML,MSV000084945,True,unvalidated_pairs
e26c5e21-e3de-4448-9623-a085cb71eca6.2,Burkholderia multivorans CF1 (a.k.a ATCC BAA-247),genome,ftp://massive.ucsd.edu/MSV000084945/ccms_peak/Dataset2_2/B.multivorans_CF1/Trimethoprim/BtE265_LB_SPE_48_Tri_1_rerun_P1-E-8_01_4034.mzML,MSV000084945,True,unvalidated_pairs
e26c5e21-e3de-4448-9623-a085cb71eca6.2,Burkholderia multivorans CF1 (a.k.a ATCC BAA-247),genome,ftp://massive.ucsd.edu/MSV000084945/ccms_peak/Dataset2_2/B.multivorans_CF1/Trimethoprim/BtE265_LB_SPE_48_Tri_2_rerun_P1-E-8_01_4035.mzML,MSV000084945,True,unvalidated_pairs
e26c5e21-e3de-4448-9623-a085cb71eca6.2,Burkholderia multivorans CF2,genome,ftp://massive.ucsd.edu/MSV000084945/ccms_peak/Dataset2_2/B.mulitvorans_CF2/No_trimethoprim/BmvCF2_LB_EA_24_1_P1-B-1_01_3831.mzML,MSV000084945,True,unvalidated_pairs
e26c5e21-e3de-4448-9623-a085cb71eca6.2,Burkholderia multivorans CF2,genome,ftp://massive.ucsd.edu/MSV000084945/ccms_peak/Dataset2_2/B.mulitvorans_CF2/No_trimethoprim/BmvCF2_LB_EA_24_2_P1-B-1_01_3832.mzML,MSV000084945,True,unvalidated_pairs
e26c5e21-e3de-4448-9623-a085cb71eca6.2,Burkholderia multivorans CF2,genome,ftp://massive.ucsd.edu/MSV000084945/ccms_peak/Dataset2_2/B.mulitvorans_CF2/No_trimethoprim/BmvCF2_LB_EA_48_1_P1-B-2_01_3833.mzML,MSV000084945,True,unvalidated_pairs
e26c5e21-e3de-4448-9623-a085cb71eca6.2,Burkholderia multivorans CF2,genome,ftp://massive.ucsd.edu/MSV000084945/ccms_peak/Dataset2_2/B.mulitvorans_CF2/No_trimethoprim/BmvCF2_LB_EA_48_2_P1-B-2_01_3834.mzML,MSV000084945,True,unvalidated_pairs
e26c5e21-e3de-4448-9623-a085cb71eca6.2,Burkholderia multivorans CF2,genome,ftp://massive.ucsd.edu/MSV000084945/ccms_peak/Dataset2_2/B.mulitvorans_CF2/No_trimethoprim/BmvCF2_LB_SPE_24_1_P1-B-3_01_3835.mzML,MSV000084945,True,unvalidated_pairs
e26c5e21-e3de-4448-9623-a085cb71eca6.2,Burkholderia multivorans CF2,genome,ftp://massive.ucsd.edu/MSV000084945/ccms_peak/Dataset2_2/B.mulitvorans_CF2/No_trimethoprim/BmvCF2_LB_SPE_24_2_P1-B-3_01_3836.mzML,MSV000084945,True,unvalidated_pairs
e26c5e21-e3de-4448-9623-a085cb71eca6.2,Burkholderia multivorans CF2,genome,ftp://massive.ucsd.edu/MSV000084945/ccms_peak/Dataset2_2/B.mulitvorans_CF2/No_trimethoprim/BmvCF2_LB_SPE_48_1_P1-B-4_01_3837.mzML,MSV000084945,True,unvalidated_pairs
e26c5e21-e3de-4448-9623-a085cb71eca6.2,Burkholderia multivorans CF2,genome,ftp://massive.ucsd.edu/MSV000084945/ccms_peak/Dataset2_2/B.mulitvorans_CF2/No_trimethoprim/BmvCF2_LB_SPE_48_2_P1-B-4_01_3838.mzML,MSV000084945,True,unvalidated_pairs
e26c5e21-e3de-4448-9623-a085cb71eca6.2,Burkholderia multivorans CF2,genome,ftp://massive.ucsd.edu/MSV000084945/ccms_peak/Dataset2_2/B.mulitvorans_CF2/Trimethoprim/BmvCF2_LB_EA_24_Tri_1_P1-B-5_01_3839.mzML,MSV000084945,True,unvalidated_pairs
e26c5e21-e3de-4448-9623-a085cb71eca6.2,Burkholderia multivorans CF2,genome,ftp://massive.ucsd.edu/MSV000084945/ccms_peak/Dataset2_2/B.mulitvorans_CF2/Trimethoprim/BmvCF2_LB_EA_24_Tri_2_P1-B-5_01_3840.mzML,MSV000084945,True,unvalidated_pairs
e26c5e21-e3de-4448-9623-a085cb71eca6.2,Burkholderia multivorans CF2,genome,ftp://massive.ucsd.edu/MSV000084945/ccms_peak/Dataset2_2/B.mulitvorans_CF2/Trimethoprim/BmvCF2_LB_EA_48_Tri_1_P1-B-6_01_3841.mzML,MSV000084945,True,unvalidated_pairs
e26c5e21-e3de-4448-9623-a085cb71eca6.2,Burkholderia multivorans CF2,genome,ftp://massive.ucsd.edu/MSV000084945/ccms_peak/Dataset2_2/B.mulitvorans_CF2/Trimethoprim/BmvCF2_LB_EA_48_Tri_2_P1-B-6_01_3842.mzML,MSV000084945,True,unvalidated_pairs
e26c5e21-e3de-4448-9623-a085cb71eca6.2,Burkholderia multivorans CF2,genome,ftp://massive.ucsd.edu/MSV000084945/ccms_peak/Dataset2_2/B.mulitvorans_CF2/Trimethoprim/BmvCF2_LB_SPE_24_Tri_1_P1-B-7_01_3843.mzML,MSV000084945,True,unvalidated_pairs
e26c5e21-e3de-4448-9623-a085cb71eca6.2,Burkholderia multivorans CF2,genome,ftp://massive.ucsd.edu/MSV000084945/ccms_peak/Dataset2_2/B.mulitvorans_CF2/Trimethoprim/BmvCF2_LB_SPE_24_Tri_2_P1-B-7_01_3844.mzML,MSV000084945,True,unvalidated_pairs
e26c5e21-e3de-4448-9623-a085cb71eca6.2,Burkholderia multivorans CF2,genome,ftp://massive.ucsd.edu/MSV000084945/ccms_peak/Dataset2_2/B.mulitvorans_CF2/Trimethoprim/BmvCF2_LB_SPE_48_Tri_1_P1-B-8_01_3845.mzML,MSV000084945,True,unvalidated_pairs
e26c5e21-e3de-4448-9623-a085cb71eca6.2,Burkholderia multivorans CF2,genome,ftp://massive.ucsd.edu/MSV000084945/ccms_peak/Dataset2_2/B.mulitvorans_CF2/Trimethoprim/BmvCF2_LB_SPE_48_Tri_2_P1-B-8_01_3846.mzML,MSV000084945,True,unvalidated_pairs
e26c5e21-e3de-4448-9623-a085cb71eca6.2,Burkholderia dolosa AU0158,genome,ftp://massive.ucsd.edu/MSV000084945/ccms_peak/Dataset2_2/B.dolosa_AU1058/No_trimethoprim/BdAU1058_LB_EA_24_1_P1-D-1_01_3900.mzML,MSV000084945,True,unvalidated_pairs
e26c5e21-e3de-4448-9623-a085cb71eca6.2,Burkholderia dolosa AU0158,genome,ftp://massive.ucsd.edu/MSV000084945/ccms_peak/Dataset2_2/B.dolosa_AU1058/No_trimethoprim/BdAU1058_LB_EA_24_2_P1-D-1_01_3901.mzML,MSV000084945,True,unvalidated_pairs
e26c5e21-e3de-4448-9623-a085cb71eca6.2,Burkholderia dolosa AU0158,genome,ftp://massive.ucsd.edu/MSV000084945/ccms_peak/Dataset2_2/B.dolosa_AU1058/No_trimethoprim/BdAU1058_LB_EA_48_1_P1-D-2_01_3902.mzML,MSV000084945,True,unvalidated_pairs
e26c5e21-e3de-4448-9623-a085cb71eca6.2,Burkholderia dolosa AU0158,genome,ftp://massive.ucsd.edu/MSV000084945/ccms_peak/Dataset2_2/B.dolosa_AU1058/No_trimethoprim/BdAU1058_LB_EA_48_2_P1-D-2_01_3903.mzML,MSV000084945,True,unvalidated_pairs
e26c5e21-e3de-4448-9623-a085cb71eca6.2,Burkholderia dolosa AU0158,genome,ftp://massive.ucsd.edu/MSV000084945/ccms_peak/Dataset2_2/B.dolosa_AU1058/No_trimethoprim/BdAU1058_LB_SPE_24_1_P1-D-3_01_3904.mzML,MSV000084945,True,unvalidated_pairs
e26c5e21-e3de-4448-9623-a085cb71eca6.2,Burkholderia dolosa AU0158,genome,ftp://massive.ucsd.edu/MSV000084945/ccms_peak/Dataset2_2/B.dolosa_AU1058/No_trimethoprim/BdAU1058_LB_SPE_24_2_P1-D-3_01_3905.mzML,MSV000084945,True,unvalidated_pairs
e26c5e21-e3de-4448-9623-a085cb71eca6.2,Burkholderia dolosa AU0158,genome,ftp://massive.ucsd.edu/MSV000084945/ccms_peak/Dataset2_2/B.dolosa_AU1058/No_trimethoprim/BdAU1058_LB_SPE_48_1_P1-D-4_01_3906.mzML,MSV000084945,True,unvalidated_pairs
e26c5e21-e3de-4448-9623-a085cb71eca6.2,Burkholderia dolosa AU0158,genome,ftp://massive.ucsd.edu/MSV000084945/ccms_peak/Dataset2_2/B.dolosa_AU1058/No_trimethoprim/BdAU1058_LB_SPE_48_2_P1-D-4_01_3907.mzML,MSV000084945,True,unvalidated_pairs
e26c5e21-e3de-4448-9623-a085cb71eca6.2,Burkholderia dolosa AU0158,genome,ftp://massive.ucsd.edu/MSV000084945/ccms_peak/Dataset2_2/B.dolosa_AU1058/Trimethoprim/BdAU1058_LB_EA_24_Tri_1_P1-D-5_01_3908.mzML,MSV000084945,True,unvalidated_pairs
e26c5e21-e3de-4448-9623-a085cb71eca6.2,Burkholderia dolosa AU0158,genome,ftp://massive.ucsd.edu/MSV000084945/ccms_peak/Dataset2_2/B.dolosa_AU1058/Trimethoprim/BdAU1058_LB_EA_24_Tri_2_P1-D-5_01_3909.mzML,MSV000084945,True,unvalidated_pairs
e26c5e21-e3de-4448-9623-a085cb71eca6.2,Burkholderia dolosa AU0158,genome,ftp://massive.ucsd.edu/MSV000084945/ccms_peak/Dataset2_2/B.dolosa_AU1058/Trimethoprim/BdAU1058_LB_EA_48_Tri_1_P1-D-6_01_3910.mzML,MSV000084945,True,unvalidated_pairs
e26c5e21-e3de-4448-9623-a085cb71eca6.2,Burkholderia dolosa AU0158,genome,ftp://massive.ucsd.edu/MSV000084945/ccms_peak/Dataset2_2/B.dolosa_AU1058/Trimethoprim/BdAU1058_LB_EA_48_Tri_2_P1-D-6_01_3911.mzML,MSV000084945,True,unvalidated_pairs
e26c5e21-e3de-4448-9623-a085cb71eca6.2,Burkholderia dolosa AU0158,genome,ftp://massive.ucsd.edu/MSV000084945/ccms_peak/Dataset2_2/B.dolosa_AU1058/Trimethoprim/BdAU1058_LB_SPE_24_Tri_1_P1-D-7_01_3912.mzML,MSV000084945,True,unvalidated_pairs
e26c5e21-e3de-4448-9623-a085cb71eca6.2,Burkholderia dolosa AU0158,genome,ftp://maftp://massive.ucsd.edu/MSV000084945/ccms_peak/Dataset2_2/B.dolosa_AU1058/Trimethoprim/BdAU1058_LB_SPE_24_Tri_2_P1-D-7_01_3913.mzML,MSV000084945,True,unvalidated_pairs
e26c5e21-e3de-4448-9623-a085cb71eca6.2,Burkholderia dolosa AU0158,genome,ftp://massive.ucsd.edu/MSV000084945/ccms_peak/Dataset2_2/B.dolosa_AU1058/Trimethoprim/BdAU1058_LB_SPE_48_Tri_1_P1-D-8_01_3914.mzML,MSV000084945,True,unvalidated_pairs
e26c5e21-e3de-4448-9623-a085cb71eca6.2,Burkholderia dolosa AU0158,genome,ftp://massive.ucsd.edu/MSV000084945/ccms_peak/Dataset2_2/B.dolosa_AU1058/Trimethoprim/BdAU1058_LB_SPE_48_Tri_2_P1-D-8_01_3915.mzML,MSV000084945,True,unvalidated_pairs
e26c5e21-e3de-4448-9623-a085cb71eca6.2,Burkholderia thailandensis E264,genome,ftp://massive.ucsd.edu/MSV000084945/ccms_peak/Dataset2_2/B.thailandensis_E264/No_trimethoprim/BmvCF1_LB_EA_24_1_P1-A-1_01_3812.mzML,MSV000084945,True,unvalidated_pairs
e26c5e21-e3de-4448-9623-a085cb71eca6.2,Burkholderia thailandensis E264,genome,ftp://massive.ucsd.edu/MSV000084945/ccms_peak/Dataset2_2/B.thailandensis_E264/No_trimethoprim/BmvCF1_LB_EA_24_2_P1-A-1_01_3813.mzML,MSV000084945,True,unvalidated_pairs
e26c5e21-e3de-4448-9623-a085cb71eca6.2,Burkholderia thailandensis E264,genome,ftp://massive.ucsd.edu/MSV000084945/ccms_peak/Dataset2_2/B.thailandensis_E264/No_trimethoprim/BmvCF1_LB_EA_48_1_P1-A-2_01_3814.mzML,MSV000084945,True,unvalidated_pairs
e26c5e21-e3de-4448-9623-a085cb71eca6.2,Burkholderia thailandensis E264,genome,ftp://massive.ucsd.edu/MSV000084945/ccms_peak/Dataset2_2/B.thailandensis_E264/No_trimethoprim/BmvCF1_LB_EA_48_2_P1-A-2_01_3815.mzML,MSV000084945,True,unvalidated_pairs
e26c5e21-e3de-4448-9623-a085cb71eca6.2,Burkholderia thailandensis E264,genome,ftp://massive.ucsd.edu/MSV000084945/ccms_peak/Dataset2_2/B.thailandensis_E264/No_trimethoprim/BmvCF1_LB_SPE_24_1_P1-A-3_01_3816.mzML,MSV000084945,True,unvalidated_pairs
e26c5e21-e3de-4448-9623-a085cb71eca6.2,Burkholderia thailandensis E264,genome,ftp://massive.ucsd.edu/MSV000084945/ccms_peak/Dataset2_2/B.thailandensis_E264/No_trimethoprim/BmvCF1_LB_SPE_24_2_P1-A-3_01_3817.mzML,MSV000084945,True,unvalidated_pairs
e26c5e21-e3de-4448-9623-a085cb71eca6.2,Burkholderia thailandensis E264,genome,ftp://massive.ucsd.edu/MSV000084945/ccms_peak/Dataset2_2/B.thailandensis_E264/No_trimethoprim/BmvCF1_LB_SPE_48_1_P1-A-4_01_3818.mzML,MSV000084945,True,unvalidated_pairs
e26c5e21-e3de-4448-9623-a085cb71eca6.2,Burkholderia thailandensis E264,genome,ftp://massive.ucsd.edu/MSV000084945/ccms_peak/Dataset2_2/B.thailandensis_E264/No_trimethoprim/BmvCF1_LB_SPE_48_2_P1-A-4_01_3819.mzML,MSV000084945,True,unvalidated_pairs
e26c5e21-e3de-4448-9623-a085cb71eca6.2,Burkholderia thailandensis E264,genome,ftp://massive.ucsd.edu/MSV000084945/ccms_peak/Dataset2_2/B.thailandensis_E264/Trimethoprim/BmvCF1_LB_EA_24_Tri_1_P1-A-5_01_3820.mzML,MSV000084945,True,unvalidated_pairs
e26c5e21-e3de-4448-9623-a085cb71eca6.2,Burkholderia thailandensis E264,genome,ftp://massive.ucsd.edu/MSV000084945/ccms_peak/Dataset2_2/B.thailandensis_E264/Trimethoprim/BmvCF1_LB_EA_24_Tri_2_P1-A-5_01_3821.mzML,MSV000084945,True,unvalidated_pairs
e26c5e21-e3de-4448-9623-a085cb71eca6.2,Burkholderia thailandensis E264,genome,ftp://massive.ucsd.edu/MSV000084945/ccms_peak/Dataset2_2/B.thailandensis_E264/Trimethoprim/BmvCF1_LB_EA_48_Tri_1_P1-A-6_01_3822.mzML,MSV000084945,True,unvalidated_pairs
e26c5e21-e3de-4448-9623-a085cb71eca6.2,Burkholderia thailandensis E264,genome,ftp://massive.ucsd.edu/MSV000084945/ccms_peak/Dataset2_2/B.thailandensis_E264/Trimethoprim/BmvCF1_LB_EA_48_Tri_2_P1-A-6_01_3823.mzML,MSV000084945,True,unvalidated_pairs
e26c5e21-e3de-4448-9623-a085cb71eca6.2,Burkholderia thailandensis E264,genome,ftp://massive.ucsd.edu/MSV000084945/ccms_peak/Dataset2_2/B.thailandensis_E264/Trimethoprim/BmvCF1_LB_SPE_24_Tri_1_P1-A-7_01_3824.mzML,MSV000084945,True,unvalidated_pairs
e26c5e21-e3de-4448-9623-a085cb71eca6.2,Burkholderia thailandensis E264,genome,ftp://massive.ucsd.edu/MSV000084945/ccms_peak/Dataset2_2/B.thailandensis_E264/Trimethoprim/BmvCF1_LB_SPE_24_Tri_2_P1-A-7_01_3825.mzML,MSV000084945,True,unvalidated_pairs
e26c5e21-e3de-4448-9623-a085cb71eca6.2,Burkholderia thailandensis E264,genome,ftp://massive.ucsd.edu/MSV000084945/ccms_peak/Dataset2_2/B.thailandensis_E264/Trimethoprim/BmvCF1_LB_SPE_48_Tri_1_P1-A-8_01_3826.mzML,MSV000084945,True,unvalidated_pairs
e26c5e21-e3de-4448-9623-a085cb71eca6.2,Burkholderia thailandensis E264,genome,ftp://massive.ucsd.edu/MSV000084945/ccms_peak/Dataset2_2/B.thailandensis_E264/Trimethoprim/BmvCF1_LB_SPE_48_Tri_2_P1-A-8_01_3827.mzML,MSV000084945,True,unvalidated_pairs
e26c5e21-e3de-4448-9623-a085cb71eca6.2,Burkholderia cenocepacia J2315,genome,ftp://massive.ucsd.edu/MSV000084945/ccms_peak/Acidified_EA_2/Wildtype_strains/B.cenocepacia_J2315/BcJ2315_EA+acid_48_P1-B-5_01_4989.mzML,MSV000084945,True,unvalidated_pairs
e26c5e21-e3de-4448-9623-a085cb71eca6.2,Burkholderia cenocepacia J2315,genome,ftp://massive.ucsd.edu/MSV000084945/ccms_peak/Acidified_EA_2/Wildtype_strains/B.cenocepacia_J2315/BcJ2315_EA+acid_48_Tri_P1-B-6_01_4990.mzML,MSV000084945,True,unvalidated_pairs
e26c5e21-e3de-4448-9623-a085cb71eca6.2,Burkholderia cenocepacia K56-2,genome,ftp://massive.ucsd.edu/MSV000084945/ccms_peak/Acidified_EA_2/Wildtype_strains/B.cenocepacia_K56-2/BcK562_EA+acid_48_P1-B-7_01_5468.mzML,MSV000084945,True,unvalidated_pairs
e26c5e21-e3de-4448-9623-a085cb71eca6.2,Burkholderia cenocepacia K56-2,genome,ftp://massive.ucsd.edu/MSV000084945/ccms_peak/Acidified_EA_2/Wildtype_strains/B.cenocepacia_K56-2/BcK562_EA+acid_48_Tri_P1-B-8_01_5469.mzML,MSV000084945,True,unvalidated_pairs
e26c5e21-e3de-4448-9623-a085cb71eca6.2,Burkholderia multivorans ATCC 17616,genome,ftp://massive.ucsd.edu/MSV000084945/ccms_peak/Acidified_EA_2/Wildtype_strains/B.%20multivorans_ATCC17616/BmvATCC17616_EA+acid_48_P1-B-7_01_4994.mzML,MSV000084945,True,unvalidated_pairs
e26c5e21-e3de-4448-9623-a085cb71eca6.2,Burkholderia multivorans ATCC 17616,genome,ftp://massive.ucsd.edu/MSV000084945/ccms_peak/Acidified_EA_2/Wildtype_strains/B.%20multivorans_ATCC17616/BmvATCC17616_EA+acid_48_Tri_P1-B-8_01_4995.mzML,MSV000084945,True,unvalidated_pairs
e26c5e21-e3de-4448-9623-a085cb71eca6.2,Burkholderia multivorans CF1 (a.k.a ATCC BAA-247),genome,ftp://massive.ucsd.edu/MSV000084945/ccms_peak/Acidified_EA_2/Wildtype_strains/B.%20multivorans_CF1/BmvCF-1_EA+acid_48_P1-B-3_01_5458.mzML,MSV000084945,True,unvalidated_pairs
e26c5e21-e3de-4448-9623-a085cb71eca6.2,Burkholderia multivorans CF1 (a.k.a ATCC BAA-247),genome,ftp://massive.ucsd.edu/MSV000084945/ccms_peak/Acidified_EA_2/Wildtype_strains/B.%20multivorans_CF1/BmvCF-1_EA+acid_48_Tri_P1-B-4_01_5459.mzML,MSV000084945,True,unvalidated_pairs
e26c5e21-e3de-4448-9623-a085cb71eca6.2,Burkholderia multivorans CF2,genome,ftp://massive.ucsd.edu/MSV000084945/ccms_peak/Acidified_EA_2/Wildtype_strains/B.%20multivorans_CF2/BmvCF-2_EA+acid_48_P1-B-5_01_5463.mzML,MSV000084945,True,unvalidated_pairs
e26c5e21-e3de-4448-9623-a085cb71eca6.2,Burkholderia multivorans CF2,genome,ftp://massive.ucsd.edu/MSV000084945/ccms_peak/Acidified_EA_2/Wildtype_strains/B.%20multivorans_CF2/BmvCF-2_EA+acid_48_Tri_P1-B-6_01_5464.mzML,MSV000084945,True,unvalidated_pairs
e26c5e21-e3de-4448-9623-a085cb71eca6.2,Burkholderia dolosa AU0158,genome,ftp://massive.ucsd.edu/MSV000084945/ccms_peak/Acidified_EA_2/Wildtype_strains/B.dolosa_AU1058/BdAU1058_EA+acid_48_P1-B-3_01_4984.mzML,MSV000084945,True,unvalidated_pairs
e26c5e21-e3de-4448-9623-a085cb71eca6.2,Burkholderia dolosa AU0158,genome,ftp://massive.ucsd.edu/MSV000084945/ccms_peak/Acidified_EA_2/Wildtype_strains/B.dolosa_AU1058/BdAU1058_EA+acid_48_Tri_P1-B-4_01_4985.mzML,MSV000084945,True,unvalidated_pairs
e26c5e21-e3de-4448-9623-a085cb71eca6.2,Burkholderia thailandensis E264,genome,ftp://massive.ucsd.edu/MSV000084945/ccms_peak/Acidified_EA_2/Wildtype_strains/B.thailandensis_E264/BtE264_EA+acid_48_P1-C-1_01_4999.mzML,MSV000084945,True,unvalidated_pairs
e26c5e21-e3de-4448-9623-a085cb71eca6.2,Burkholderia thailandensis E264,genome,ftp://massive.ucsd.edu/MSV000084945/ccms_peak/Acidified_EA_2/Wildtype_strains/B.thailandensis_E264/BtE264_EA+acid_48_Tri_P1-C-2_01_5000.mzML,MSV000084945,True,unvalidated_pairs
eaebc14f-4288-44e1-971a-b29ccb8a504f.3,Kitasatospora sp. MBT66,genome,ftp://massive.ucsd.edu/MSV000079139/peak/Himalaya%20strains/007_Hm125_1_01_240.mzXML,MSV000079139,True,validated_pairs
f05276c1-3c19-4fc4-95ee-412817ec35bd.2,Ecoli_Nissle_genome,genome,ftp://massive.ucsd.edu/MSV000083387/peak/mzXML/S_N1.mzXML,MSV000083387,True,validated_pairs
f05276c1-3c19-4fc4-95ee-412817ec35bd.2,Ecoli_Nissle_genome,genome,ftp://massive.ucsd.edu/MSV000083387/peak/mzXML/S_N2.mzXML,MSV000083387,True,unvalidated_pairs
f05276c1-3c19-4fc4-95ee-412817ec35bd.2,Ecoli_Nissle_genome,genome,ftp://massive.ucsd.edu/MSV000083387/peak/mzXML/S_N3.mzXML,MSV000083387,True,unvalidated_pairs
f2ebd0cc-bcd4-4e6e-920e-b6f943f84d3a.6,ASM205596v1,genome,ftp://massive.ucsd.edu/MSV000078556/ccms_peak/Microbe%20Extraction/44_Bsub_3610_LB_RD1_01_5571.mzXML,MSV000078556,True,unvalidated_pairs
f2ebd0cc-bcd4-4e6e-920e-b6f943f84d3a.6,ASM764v1,genome,ftp://massive.ucsd.edu/MSV000078556/ccms_peak/Microbe%20Extraction/13_SE12228_LB_RA7_01_5443.mzXML,MSV000078556,True,unvalidated_pairs
f2ebd0cc-bcd4-4e6e-920e-b6f943f84d3a.6,Wild_Type_454AllContigs,genome,ftp://massive.ucsd.edu/MSV000078556/ccms_peak/Microbe%20Extraction/47_Paer_PA01_LB_RD3_01_5579.mzXML,MSV000078556,True,unvalidated_pairs
f2ebd0cc-bcd4-4e6e-920e-b6f943f84d3a.6,SE1457,genome,ftp://massive.ucsd.edu/MSV000078556/ccms_peak/Microbe%20Extraction/16_SE1457_NA_RB8_01_5481.mzXML,MSV000078556,True,unvalidated_pairs
f2ebd0cc-bcd4-4e6e-920e-b6f943f84d3a.6,ASM23121v1,genome,ftp://massive.ucsd.edu/MSV000078556/ccms_peak/Microbe%20Extraction/17_Pacne_11827_BHI_RA9_01_5543.mzXML,MSV000078556,True,unvalidated_pairs
f2ebd0cc-bcd4-4e6e-920e-b6f943f84d3a.6,ASM23121v1,genome,ftp://massive.ucsd.edu/MSV000078556/ccms_peak/Microbe%20Extraction/18_PropA11827_TSA_RA10_01_5450.mzXML,MSV000078556,True,unvalidated_pairs
f2ebd0cc-bcd4-4e6e-920e-b6f943f84d3a.6,ASM73048v1,genome,ftp://massive.ucsd.edu/MSV000078556/ccms_peak/Microbe%20Extraction/19_PropA6919_LB_RA11_01_5461.mzXML,MSV000078556,True,unvalidated_pairs
f2ebd0cc-bcd4-4e6e-920e-b6f943f84d3a.6,12625_2_11,genome,ftp://massive.ucsd.edu/MSV000078556/ccms_peak/Microbe%20Extraction/50_Sa_MSSA_LB_RD6_01_5588.mzXML,MSV000078556,True,unvalidated_pairs
f2ebd0cc-bcd4-4e6e-920e-b6f943f84d3a.6,ASM1342v1,genome,ftp://massive.ucsd.edu/MSV000078556/ccms_peak/Microbe%20Extraction/1_SA113_TSA_BB3_01_5743.mzXML,MSV000078556,True,unvalidated_pairs
f2ebd0cc-bcd4-4e6e-920e-b6f943f84d3a.6,ASM73048v1,genome,ftp://massive.ucsd.edu/MSV000078556/ccms_peak/Microbe%20Extraction/20_PropA6919_BHI_RA12_01_5453.mzXML,MSV000078556,True,unvalidated_pairs
f2ebd0cc-bcd4-4e6e-920e-b6f943f84d3a.6,ASM187869v1,genome,ftp://massive.ucsd.edu/MSV000078556/ccms_peak/Microbe%20Extraction/55_Ecoli_LB_BB1_01_6059.mzXML,MSV000078556,True,unvalidated_pairs
f2ebd0cc-bcd4-4e6e-920e-b6f943f84d3a.6,ASM146933v1,genome,ftp://massive.ucsd.edu/MSV000078556/ccms_peak/Microbe%20Extraction/21_SE_FS1_LB_RB9_01_5484.mzXML,MSV000078556,True,unvalidated_pairs
f2ebd0cc-bcd4-4e6e-920e-b6f943f84d3a.6,ASM80567v1,genome,ftp://massive.ucsd.edu/MSV000078556/ccms_peak/Microbe%20Extraction/56_Cm23348_LB_RB2_01_5464.mzXML,MSV000078556,True,unvalidated_pairs
f2ebd0cc-bcd4-4e6e-920e-b6f943f84d3a.6,ASM23951v2,genome,ftp://massive.ucsd.edu/MSV000078556/ccms_peak/Microbe%20Extraction/25_SE_14.1.R1.SE_LB_BA3_01_5723.mzXML,MSV000078556,True,unvalidated_pairs
f2ebd0cc-bcd4-4e6e-920e-b6f943f84d3a.6,ASM22729v1,genome,ftp://massive.ucsd.edu/MSV000078556/ccms_peak/Microbe%20Extraction/26_Pavidum_LB_RB1_01_5646.mzXML,MSV000078556,True,unvalidated_pairs
f2ebd0cc-bcd4-4e6e-920e-b6f943f84d3a.6,ASM746v2,genome,ftp://massive.ucsd.edu/MSV000078556/ccms_peak/Microbe%20Extraction/61_Smutans_UAI-59_BHI_BB8_01_5757.mzXML,MSV000078556,True,unvalidated_pairs
f2ebd0cc-bcd4-4e6e-920e-b6f943f84d3a.6,ASM146959v1,genome,ftp://massive.ucsd.edu/MSV000078556/ccms_peak/Microbe%20Extraction/34_Pacne_12.1.L1_LB_RC4_01_5639.mzXML,MSV000078556,True,unvalidated_pairs
f2f2d52e-72e5-4271-893e-97bca12d6eff.2,Amycolatopsis jejuensis NRRL B-24427,genome,ftp://massive.ucsd.edu/MSV000083648/raw/detoxins/DetoxinP1-MS2.mzXML,MSV000083648,True,validated_pairs
f2f2d52e-72e5-4271-893e-97bca12d6eff.2,Amycolatopsis jejuensis NRRL B-24427,genome,ftp://massive.ucsd.edu/MSV000083648/raw/detoxins/DetoxinP2-MS2.mzXML,MSV000083648,True,validated_pairs
f2f2d52e-72e5-4271-893e-97bca12d6eff.2,Amycolatopsis jejuensis NRRL B-24427,genome,ftp://massive.ucsd.edu/MSV000083648/raw/detoxins/DetoxinP3-MS2.mzXML,MSV000083648,True,validated_pairs
f2f2d52e-72e5-4271-893e-97bca12d6eff.2,Streptomyces spectabilis Dietz NRRL 2792 (ATCC 27741),genome,ftp://massive.ucsd.edu/MSV000083648/raw/detoxins/DetoxinN1-MS2.mzXML,MSV000083648,True,validated_pairs
f2f2d52e-72e5-4271-893e-97bca12d6eff.2,Streptomyces spectabilis Dietz NRRL 2792 (ATCC 27741),genome,ftp://massive.ucsd.edu/MSV000083648/raw/detoxins/DetoxinN2-MS2.mzXML,MSV000083648,True,validated_pairs
f2f2d52e-72e5-4271-893e-97bca12d6eff.2,Streptomyces spectabilis Dietz NRRL 2792 (ATCC 27741),genome,ftp://massive.ucsd.edu/MSV000083648/raw/detoxins/DetoxinN3-MS2.mzXML,MSV000083648,True,validated_pairs
f2f2d52e-72e5-4271-893e-97bca12d6eff.2,Streptomyces sp. NRRL S-325,genome,ftp://massive.ucsd.edu/MSV000083648/raw/detoxins/DetoxinS1-MS2.mzXML,MSV000083648,True,validated_pairs
f4fad10b-ce77-41ac-b218-319d4532b241.1,Melon,genome,ftp://massive.ucsd.edu/MSV000084674/ccms_peak/Control_seed_3_5_days_inicio_raiz.mzML,MSV000084674,True,unvalidated_pairs
f4fad10b-ce77-41ac-b218-319d4532b241.1,Melon,genome,ftp://massive.ucsd.edu/MSV000084674/ccms_peak/tasA_seed_1_5_days_inicio_raiz.mzML,MSV000084674,True,unvalidated_pairs
f4fad10b-ce77-41ac-b218-319d4532b241.1,Melon,genome,ftp://massive.ucsd.edu/MSV000084674/ccms_peak/3610_seed_1_5_days_inicio_raiz.mzML,MSV000084674,True,unvalidated_pairs
f4fad10b-ce77-41ac-b218-319d4532b241.1,Melon,genome,ftp://massive.ucsd.edu/MSV000084674/ccms_peak/eps_seed_1_5_days_inicio_raiz.mzML,MSV000084674,True,unvalidated_pairs
f4fad10b-ce77-41ac-b218-319d4532b241.1,Melon,genome,ftp://massive.ucsd.edu/MSV000084674/ccms_peak/bslA_seed_1_5_days_inicio_raiz.mzML,MSV000084674,True,unvalidated_pairs
f4fad10b-ce77-41ac-b218-319d4532b241.1,Melon,genome,ftp://massive.ucsd.edu/MSV000084674/ccms_peak/JC81_seed_1_5_days_inicio_raiz.mzML,MSV000084674,True,unvalidated_pairs
f4fad10b-ce77-41ac-b218-319d4532b241.1,Melon,genome,ftp://massive.ucsd.edu/MSV000084674/ccms_peak/pks_seed_1_5_days_inicio_raiz.mzML,MSV000084674,True,unvalidated_pairs
f4fad10b-ce77-41ac-b218-319d4532b241.1,Melon,genome,ftp://massive.ucsd.edu/MSV000084674/ccms_peak/pps_seed_1_5_days_inicio_raiz.mzML,MSV000084674,True,unvalidated_pairs
f4fad10b-ce77-41ac-b218-319d4532b241.1,Melon,genome,ftp://massive.ucsd.edu/MSV000084674/ccms_peak/Control_seed_4_5_days_extremo_raiz.mzML,MSV000084674,True,unvalidated_pairs
f4fad10b-ce77-41ac-b218-319d4532b241.1,Melon,genome,ftp://massive.ucsd.edu/MSV000084674/ccms_peak/3610_seed_2_5_days_inicio_raiz.mzML,MSV000084674,True,unvalidated_pairs
f4fad10b-ce77-41ac-b218-319d4532b241.1,Melon,genome,ftp://massive.ucsd.edu/MSV000084674/ccms_peak/tasA_seed_2_5_days_inicio_raiz.mzML,MSV000084674,True,unvalidated_pairs
f4fad10b-ce77-41ac-b218-319d4532b241.1,Melon,genome,ftp://massive.ucsd.edu/MSV000084674/ccms_peak/eps_seed_2_5_days_inicio_raiz.mzML,MSV000084674,True,unvalidated_pairs
f4fad10b-ce77-41ac-b218-319d4532b241.1,Melon,genome,ftp://massive.ucsd.edu/MSV000084674/ccms_peak/bslA_seed_2_5_days_inicio_raiz.mzML,MSV000084674,True,unvalidated_pairs
f4fad10b-ce77-41ac-b218-319d4532b241.1,Melon,genome,ftp://massive.ucsd.edu/MSV000084674/ccms_peak/JC81_seed_2_5_days_inicio_raiz.mzML,MSV000084674,True,unvalidated_pairs
f4fad10b-ce77-41ac-b218-319d4532b241.1,Melon,genome,ftp://massive.ucsd.edu/MSV000084674/ccms_peak/pks_seed_2_5_days_inicio_raiz.mzML,MSV000084674,True,unvalidated_pairs
f4fad10b-ce77-41ac-b218-319d4532b241.1,Melon,genome,ftp://massive.ucsd.edu/MSV000084674/ccms_peak/pps_seed_2_5_days_inicio_raiz.mzML,MSV000084674,True,unvalidated_pairs
f70ba2fa-d0ac-4e32-883c-575cc387437f.2,Epicoccum nigrum cf0051,genome,ftp://massive.ucsd.edu/MSV000085000/ccms_peak/KM_EN-dark.mzML,MSV000085000,True,unvalidated_pairs
f70ba2fa-d0ac-4e32-883c-575cc387437f.2,Epicoccum nigrum cf0051,genome,ftp://massive.ucsd.edu/MSV000085000/ccms_peak/KM_EN-light.mzML,MSV000085000,True,unvalidated_pairs
faafed8f-bcdc-4c56-b3b2-676e4d2ddcc6.3,Streptomyces sp. MBT27,genome,ftp://massive.ucsd.edu/MSV000082988/ccms_peak/20170919_NM6_glyc2.1.mzXML,MSV000082988,True,validated_pairs
ff49073b-5f8d-4153-8414-9f8f01b24585.3,Streptomyces sp. MBT76,genome,ftp://massive.ucsd.edu/MSV000081504/raw/JG_QL109_DDA_03.mzXML,MSV000081504,True,validated_pairs
ffce9eb6-3f66-49af-9392-aded2a9d5370.1,S. cattleya,genome,ftp://massive.ucsd.edu/MSV000078850/results/S.cattleya/S.cat_A1_B.mzXML,MSV000078850,True,unvalidated_pairs
ffce9eb6-3f66-49af-9392-aded2a9d5370.1,S. cattleya,genome,ftp://massive.ucsd.edu/MSV000078850/results/S.cattleya/S.cat_A1_E.mzXML,MSV000078850,True,unvalidated_pairs
ffce9eb6-3f66-49af-9392-aded2a9d5370.1,S. cattleya,genome,ftp://massive.ucsd.edu/MSV000078850/results/S.cattleya/S.cat_A1_M.mzXML,MSV000078850,True,unvalidated_pairs
ffce9eb6-3f66-49af-9392-aded2a9d5370.1,S. cattleya,genome,ftp://massive.ucsd.edu/MSV000078850/results/S.cattleya/S.cat_MS_B.mzXML,MSV000078850,True,unvalidated_pairs
ffce9eb6-3f66-49af-9392-aded2a9d5370.1,S. cattleya,genome,ftp://massive.ucsd.edu/MSV000078850/results/S.cattleya/S.cat_MS_E.mzXML,MSV000078850,True,unvalidated_pairs
ffce9eb6-3f66-49af-9392-aded2a9d5370.1,S. cattleya,genome,ftp://massive.ucsd.edu/MSV000078850/results/S.cattleya/S.cat_MS_M.mzXML,MSV000078850,True,unvalidated_pairs
ffce9eb6-3f66-49af-9392-aded2a9d5370.1,S. cattleya,genome,ftp://massive.ucsd.edu/MSV000078850/results/S.cattleya/S.cat_R5_B.mzXML,MSV000078850,True,unvalidated_pairs
ffce9eb6-3f66-49af-9392-aded2a9d5370.1,S. cattleya,genome,ftp://massive.ucsd.edu/MSV000078850/results/S.cattleya/S.cat_R5_E.mzXML,MSV000078850,True,unvalidated_pairs
ffce9eb6-3f66-49af-9392-aded2a9d5370.1,S. cattleya,genome,ftp://massive.ucsd.edu/MSV000078850/results/S.cattleya/S.cat_R5_M.mzXML,MSV000078850,True,unvalidated_pairs
ffce9eb6-3f66-49af-9392-aded2a9d5370.1,S. cattleya,genome,ftp://massive.ucsd.edu/MSV000078850/results/S.cattleya/S.cat_ISP2_B.mzXML,MSV000078850,True,unvalidated_pairs
ffce9eb6-3f66-49af-9392-aded2a9d5370.1,S. cattleya,genome,ftp://massive.ucsd.edu/MSV000078850/results/S.cattleya/S.cat_ISP2_E.mzXML,MSV000078850,True,unvalidated_pairs
ffce9eb6-3f66-49af-9392-aded2a9d5370.1,S. cattleya,genome,ftp://massive.ucsd.edu/MSV000078850/results/S.cattleya/S.cat_ISP2_M.mzXML,MSV000078850,True,unvalidated_pairs
ffce9eb6-3f66-49af-9392-aded2a9d5370.1,S. cattleya,genome,ftp://massive.ucsd.edu/MSV000078850/results/S.cattleya/S.cat_LB_B.mzXML,MSV000078850,True,unvalidated_pairs
ffce9eb6-3f66-49af-9392-aded2a9d5370.1,S. cattleya,genome,ftp://massive.ucsd.edu/MSV000078850/results/S.cattleya/S.cat_LB_E.mzXML,MSV000078850,True,unvalidated_pairs
ffce9eb6-3f66-49af-9392-aded2a9d5370.1,S. cattleya,genome,ftp://massive.ucsd.edu/MSV000078850/results/S.cattleya/S.cat_LB_M.mzXML,MSV000078850,True,unvalidated_pairs
ffce9eb6-3f66-49af-9392-aded2a9d5370.1,S. cattleya,genome,ftp://massive.ucsd.edu/MSV000078850/results/S.cattleya/S.cat_MA_B.mzXML,MSV000078850,True,unvalidated_pairs
ffce9eb6-3f66-49af-9392-aded2a9d5370.1,S. cattleya,genome,ftp://massive.ucsd.edu/MSV000078850/results/S.cattleya/S.cat_MA_E.mzXML,MSV000078850,True,unvalidated_pairs
ffce9eb6-3f66-49af-9392-aded2a9d5370.1,S. cattleya,genome,ftp://massive.ucsd.edu/MSV000078850/results/S.cattleya/S.cat_MA_M.mzXML,MSV000078850,True,unvalidated_pairs
ffce9eb6-3f66-49af-9392-aded2a9d5370.1,S. cattleya,genome,ftp://massive.ucsd.edu/MSV000078850/results/S.cattleya/S.cat_PDK_B.mzXML,MSV000078850,True,unvalidated_pairs
ffce9eb6-3f66-49af-9392-aded2a9d5370.1,S. cattleya,genome,ftp://massive.ucsd.edu/MSV000078850/results/S.cattleya/S.cat_PDK_E.mzXML,MSV000078850,True,unvalidated_pairs
ffce9eb6-3f66-49af-9392-aded2a9d5370.1,S. cattleya,genome,ftp://massive.ucsd.edu/MSV000078850/results/S.cattleya/S.cat_PDK_M.mzXML,MSV000078850,True,unvalidated_pairs
ffce9eb6-3f66-49af-9392-aded2a9d5370.1,S. cattleya,genome,ftp://massive.ucsd.edu/MSV000078850/results/S.cattleya/S.cat_A1_lq_7_B.mzXML,MSV000078850,True,unvalidated_pairs
ffce9eb6-3f66-49af-9392-aded2a9d5370.1,S. cattleya,genome,ftp://massive.ucsd.edu/MSV000078850/results/S.cattleya/S.cat_A1_lq_7_E.mzXML,MSV000078850,True,unvalidated_pairs
ffce9eb6-3f66-49af-9392-aded2a9d5370.1,S. cattleya,genome,ftp://massive.ucsd.edu/MSV000078850/results/S.cattleya/S.cat_A1_lq_14_B.mzXML,MSV000078850,True,unvalidated_pairs
ffce9eb6-3f66-49af-9392-aded2a9d5370.1,S. cattleya,genome,ftp://massive.ucsd.edu/MSV000078850/results/S.cattleya/S.cat_A1_lq_14_E.mzXML,MSV000078850,True,unvalidated_pairs
ffce9eb6-3f66-49af-9392-aded2a9d5370.1,S. cattleya,genome,ftp://massive.ucsd.edu/MSV000078850/results/S.cattleya/S.cat_ISP2_lq_7_B.mzXML,MSV000078850,True,unvalidated_pairs
ffce9eb6-3f66-49af-9392-aded2a9d5370.1,S. cattleya,genome,ftp://massive.ucsd.edu/MSV000078850/results/S.cattleya/S.cat_ISP2_lq_7_E.mzXML,MSV000078850,True,unvalidated_pairs
ffce9eb6-3f66-49af-9392-aded2a9d5370.1,S. cattleya,genome,ftp://massive.ucsd.edu/MSV000078850/results/S.cattleya/S.cat_ISP2_lq_14_B.mzXML,MSV000078850,True,unvalidated_pairs
ffce9eb6-3f66-49af-9392-aded2a9d5370.1,S. cattleya,genome,ftp://massive.ucsd.edu/MSV000078850/results/S.cattleya/S.cat_ISP2_lq_14_E.mzXML,MSV000078850,True,unvalidated_pairs
ffce9eb6-3f66-49af-9392-aded2a9d5370.1,S. cattleya,genome,ftp://massive.ucsd.edu/MSV000078850/results/S.cattleya/S.cat_LB_lq_7_B.mzXML,MSV000078850,True,unvalidated_pairs
ffce9eb6-3f66-49af-9392-aded2a9d5370.1,S. cattleya,genome,ftp://massive.ucsd.edu/MSV000078850/results/S.cattleya/S.cat_LB_lq_7_E.mzXML,MSV000078850,True,unvalidated_pairs
ffce9eb6-3f66-49af-9392-aded2a9d5370.1,S. cattleya,genome,ftp://massive.ucsd.edu/MSV000078850/results/S.cattleya/S.cat_LB_lq_14_B.mzXML,MSV000078850,True,unvalidated_pairs
ffce9eb6-3f66-49af-9392-aded2a9d5370.1,S. cattleya,genome,ftp://massive.ucsd.edu/MSV000078850/results/S.cattleya/S.cat_LB_lq_14_E.mzXML,MSV000078850,True,unvalidated_pairs
ffce9eb6-3f66-49af-9392-aded2a9d5370.1,S. cattleya,genome,ftp://massive.ucsd.edu/MSV000078850/results/S.cattleya/S.cat_MB_lq_7_B.mzXML,MSV000078850,True,unvalidated_pairs
ffce9eb6-3f66-49af-9392-aded2a9d5370.1,S. cattleya,genome,ftp://massive.ucsd.edu/MSV000078850/results/S.cattleya/S.cat_MB_lq_7_E.mzXML,MSV000078850,True,unvalidated_pairs
ffce9eb6-3f66-49af-9392-aded2a9d5370.1,S. cattleya,genome,ftp://massive.ucsd.edu/MSV000078850/results/S.cattleya/S.cat_MB_lq_14_B.mzXML,MSV000078850,True,unvalidated_pairs
ffce9eb6-3f66-49af-9392-aded2a9d5370.1,S. cattleya,genome,ftp://massive.ucsd.edu/MSV000078850/results/S.cattleya/S.cat_MB_lq_14_E.mzXML,MSV000078850,True,unvalidated_pairs
ffce9eb6-3f66-49af-9392-aded2a9d5370.1,S. cattleya,genome,ftp://massive.ucsd.edu/MSV000078850/results/S.cattleya/S.cat_Prod_lq_7_B.mzXML,MSV000078850,True,unvalidated_pairs
ffce9eb6-3f66-49af-9392-aded2a9d5370.1,S. cattleya,genome,ftp://massive.ucsd.edu/MSV000078850/results/S.cattleya/S.cat_Prod_lq_7_E.mzXML,MSV000078850,True,unvalidated_pairs
ffce9eb6-3f66-49af-9392-aded2a9d5370.1,S. cattleya,genome,ftp://massive.ucsd.edu/MSV000078850/results/S.cattleya/S.cat_Prod_lq_14_B.mzXML,MSV000078850,True,unvalidated_pairs
ffce9eb6-3f66-49af-9392-aded2a9d5370.1,S. cattleya,genome,ftp://massive.ucsd.edu/MSV000078850/results/S.cattleya/S.cat_Prod_lq_14_E.mzXML,MSV000078850,True,unvalidated_pairs
ffce9eb6-3f66-49af-9392-aded2a9d5370.1,S. cattleya,genome,ftp://massive.ucsd.edu/MSV000078850/results/S.cattleya/S.cat_YP_M.mzXML,MSV000078850,True,unvalidated_pairs
ffce9eb6-3f66-49af-9392-aded2a9d5370.1,S. cattleya,genome,ftp://massive.ucsd.edu/MSV000078850/results/S.cattleya/S.cat_YP_B.mzXML,MSV000078850,True,unvalidated_pairs
ffce9eb6-3f66-49af-9392-aded2a9d5370.1,S. cattleya,genome,ftp://massive.ucsd.edu/MSV000078850/results/S.cattleya/S.cat_YP_E.mzXML,MSV000078850,True,unvalidated_pairs
